,Location,Date,End Date (if bulk sample),Time,Replicate,Collecter,Type,Project,Comment,"This cell checks to make sure the ID and the Sample Name match - If its blank, its good!",Analyzed on Machine,Sample Name,Processed Delta 2H,Processed Delta 2H StDev,Processed Delta 18O,Processed Delta 18O StDev,Processed Delta 17O,Processed Delta 17O StDev,Comments,,
1,Tan Brook Up,6/3/21,,10:45:00 AM,1,CO,Surface,Other,,,7/7/2022,1,-55.558532,1.24E-01,-8.533444,6.73E-02,-4.49E+00,3.92E-02,,,
2,Tan Brook Up,6/3/21,,11:00:00 AM,2,CO,Surface,Other,,,7/7/2022,2,-53.819837,2.70E+00,-8.286339,2.35E-01,-4.32E+00,1.19E-01,,,
3,Campus Pond Down,6/3/21,,11:05:00 AM,3,CO,Surface,Other,,,7/7/2022,3,-54.137338,1.30E-01,-8.058242,3.01E-02,-4.22E+00,1.82E-02,,,
4,Tan Brook Up,6/8/21,,-,1,CO,Surface,Other,,,7/7/2022,4,-25.959682,1.10E-01,-3.479024,3.53E-02,-1.81E+00,3.15E-02,,,
5,Campus Pond Up,6/8/21,,-,2,CO,Surface,Other,,,7/7/2022,5,-21.929366,1.01E-01,-2.82195,3.08E-02,-1.48E+00,1.39E-02,,,
6,Campus Pond Down,6/8/21,,-,3,CO,Surface,Other,,,7/7/2022,6,-36.742311,3.30E-01,-5.623128,3.77E-02,-2.97E+00,2.81E-02,,,
7,Tan Brook Down,6/8/21,,-,4,CO,Surface,Other,,,7/7/2022,7,-28.287628,8.84E-02,-4.360612,3.43E-02,-2.36E+00,2.43E-02,,,
8,Tan Brook Up,6/10/21,,-,1,CO,Surface,Other,,,7/19/2022,8,-53.330502,8.55E-01,-8.329719,1.11E-01,-4.40E+00,4.64E-02,"3-2Hchk warnings, 1 rejected (svol). 2 samples redone on 7/20/2022 as '8 perforated' and '8 redo'. '8 perforated' is the same sample in the same vial analyzed on 7/19/2022. '8 redo' is in a new vial.",,
9,Campus Pond Up,6/10/21,,-,2,CO,Surface,Other,,,7/19/2022,9,-45.701345,1.76E-01,-6.962477,2.59E-02,-3.67E+00,5.43E-03,,,
10,Campus Pond Down,6/10/21,,-,3,CO,Surface,Other,,,7/19/2022,10,-35.981319,1.62E-01,-5.302409,5.50E-02,-2.83E+00,4.06E-02,,,
11,Tan Brook Up,6/15/21,,-,1,CO,Surface,Other,,,7/19/2022,11,-52.358986,1.21E-01,-8.030864,1.65E-02,-4.18E+00,2.78E-02,,,
12,Campus Pond Up,6/15/21,,-,2,CO,Surface,Other,,,7/19/2022,12,-51.155694,7.65E-01,-8.210866,7.27E-02,-4.23E+00,5.33E-02,,,
13,Campus Pond Down ,6/15/21,,-,3,CO,Surface,Other,,,7/19/2022,13,-45.945958,1.13E-01,-7.522774,2.96E-02,-3.89E+00,5.85E-02,,,
14,Tan Brook Down ,6/15/21,,-,4,CO,Surface,Other,,,7/19/2022,14,-47.671271,1.31E-01,-7.706817,3.13E-02,-4.04E+00,3.06E-02,,,
15,Tan Brook Up,6/16/21,,-,1,CO,Surface,Other,,,7/20/2022,15,-54.051883,1.44E-01,-8.268682,5.47E-02,-4.40E+00,4.31E-02,,,
16,Campus Pond Up,6/16/21,,-,2,CO,Surface,Other,,,7/20/2022,16,-52.648788,4.87E-01,-8.202828,3.23E-02,-4.41E+00,3.82E-02,,,
17,Campus Pond Down,6/16/21,,-,3,CO,Surface,Other,,,7/20/2022,17,-49.202761,1.04E+00,-7.812868,1.17E-01,-4.24E+00,5.46E-02,4-2Hchk warnings,,
18,Tan Brook Down,6/16/21,,-,4,CO,Surface,Other,,,7/20/2022,18,-48.564548,1.21E+00,-7.838693,1.19E-01,-4.28E+00,7.14E-02,4-2Hchk warnings,,
19,Tan Brook Down,6/20/21,,-,4,CO,Surface,Other,,,7/20/2022,19,-38.218347,6.35E-01,-5.75202,4.65E-02,-3.15E+00,6.64E-02,,,
20,Tan Brook Up,6/22/21,,-,1,CO,Surface,Other,,,7/20/2022,20,-56.122052,3.46E-01,-8.577256,3.30E-02,-4.45E+00,6.78E-02,,,
21,Campus Pond Up,6/22/21,,-,2,CO,Surface,Other,,,7/20/2022,21,-54.468353,1.55E-01,-8.236579,2.86E-02,-4.29E+00,1.94E-02,2-2Hchk warnings,,
22,Campus Pond Down,6/22/21,,-,3,CO,Surface,Other,,,7/20/2022,22,-51.527363,1.84E+00,-7.741633,1.81E-01,-4.07E+00,9.65E-02,,,
23,Tan Brook Down,6/22/21,,-,4,CO,Surface,Other,,,7/20/2022,23,-58.730681,6.00E-01,-8.815087,1.02E-01,-4.64E+00,2.78E-02,,,
24,Tan Brook Up,6/23/21,,-,1,CO,Surface,Other,,,7/20/2022,24,-57.055905,7.88E-01,-8.750808,9.95E-02,-4.59E+00,3.47E-02,,,
25,Campus Pond Up,6/23/21,,-,2,CO,Surface,Other,,,7/25/2022,25,-58.140125,1.51E-01,-8.679235,1.55E-02,-4.64E+00,2.31E-02,,,
26,Campus Pond Down,6/23/21,,-,3,CO,Surface,Other,,,7/25/2022,26,-54.463581,2.04E-01,-8.073305,7.05E-03,-4.27E+00,8.37E-02,,,
27,Tan Brook Down,6/23/21,,-,4,CO,Surface,Other,,,7/25/2022,27,-53.767402,1.27E+00,-8.023894,9.33E-02,-4.12E+00,2.45E-02,4-2Hchk warnings,,
28,Tan Brook Up,6/24/21,,-,1,CO,Surface,Other,,,7/25/2022,28,-55.847788,1.08E-01,-8.46989,4.50E-02,-4.35E+00,1.95E-02,,,
29,Campus Pond Up,6/24/21,,-,2,CO,Surface,Other,,,7/25/2022,29,-57.21406,1.23E-01,-8.42178,2.91E-02,-4.30E+00,3.06E-02,,,
30,Campus Pond Down,6/24/21,,-,3,CO,Surface,Other,,,7/25/2022,30,-55.342642,2.30E-01,-8.077243,1.88E-02,-4.26E+00,3.85E-02,,,
31,Tan Brook Down,6/24/21,,-,4,CO,Surface,Other,,,7/25/2022,31,-54.305468,8.92E-02,-8.304854,1.43E-02,-4.41E+00,4.35E-02,,,
32,Tan Brook Up,6/29/21,,-,1,CO,Surface,Other,,,8/8/2022,32,-54.177302,6.47E-01,-8.42584,7.72E-02,-4.40E+00,4.57E-02,,,
33,Campus Pond Up,6/29/21,,-,2,CO,Surface,Other,,,8/8/2022,33,-50.646487,1.09E-01,-7.601719,2.82E-02,-3.94E+00,7.63E-02,,,
34,Campus Pond Down,6/29/21,,-,3,CO,Surface,Other,,,8/8/2022,34,-53.785727,7.54E-01,-8.214734,1.14E-01,-4.24E+00,8.03E-02,,,
35,Tan Brook Down,6/29/21,,-,4,CO,Surface,Other,,,8/8/2022,35,-44.56007,7.37E-02,-7.466161,8.64E-03,-3.90E+00,2.32E-02,,,
36,Tan Brook Up,6/30/21,,-,1,CO,Surface,Other,,,8/8/2022,36,-52.278396,1.33E-01,-8.107372,3.80E-02,-4.27E+00,2.70E-02,,,
37,Campus Pond Up,6/30/21,,-,2,CO,Surface,Other,,,8/8/2022,37,-52.592515,4.80E-01,-7.964455,3.30E-02,-4.21E+00,1.75E-02,,,
38,Campus Pond Down,6/30/21,,-,3,CO,Surface,Other,,,8/8/2022,38,-49.704096,1.14E-01,-7.355277,3.06E-02,-3.85E+00,3.78E-02,,,
39,Tan Brook Down,6/30/21,,-,4,CO,Surface,Other,"Original bottle broke, exposed to air for 2 minutes",,8/10/2022,39,-50.422635,1.50E-01,-7.624948,5.85E-02,-4.01E+00,1.43E-02,,,
40,Tan Brook Up,7/7/21,,-,1,CO,Surface,Other,,,8/10/2022,40,-53.776106,1.22E+00,-8.068654,9.95E-02,-4.30E+00,5.16E-02,,,
41,Campus Pond Up,7/7/21,,-,2,CO,Surface,Other,,,8/10/2022,41,-53.870621,3.72E-01,-8.058343,2.12E-02,-4.34E+00,4.65E-02,,,
42,Campus Pond Down,7/7/21,,-,3,CO,Surface,Other,,,8/10/2022,42,-57.033557,2.27E-02,-8.364619,4.23E-02,-4.47E+00,4.09E-02,,,
43,Tan Brook Down,7/7/21,,-,4,CO,Surface,Other,,,8/10/2022,43,-56.450904,7.66E-01,-8.429737,4.10E-02,-4.46E+00,4.73E-02,,,
44,Tan Brook Up,7/8/21,,-,1,CO,Surface,Other,,,8/10/2022,44,-54.451433,4.37E-01,-7.834692,6.88E-02,-4.17E+00,4.10E-02,,,
45,Campus Pond Up,7/8/21,,-,2,CO,Surface,Other,,,8/10/2022,45,-53.186359,3.01E-01,-7.766539,5.57E-02,-4.11E+00,3.03E-02,,,
46,Campus Pond Down,7/8/21,,-,3,CO,Surface,Other,,,10/25/2022,46,-52.566627,0.00E+00,-8.030097,0.00E+00,-4.22E+00,0.00E+00,,,
47,Tan Brook Down,7/8/21,,-,4,CO,Surface,Other,,,10/25/2022,47,-45.03737,2.02E-01,-8.105828,3.48E-02,-4.24E+00,2.70E-02,,,
48,Tan Brook Up,7/13/21,,-,1,CO,Surface,Other,,,10/25/2022,48,-52.151009,5.89E-02,-8.13745,4.58E-02,-4.25E+00,5.02E-02,,,
49,Campus Pond Up,7/13/21,,-,2,CO,Surface,Other,,,10/25/2022,49,-52.132512,1.08E-01,-8.214721,1.55E-02,-4.24E+00,1.56E-02,,,
50,Campus Pond Down,7/13/21,,-,3,CO,Surface,Other,,,10/25/2022,50,-45.189934,2.86E-01,-7.654078,1.41E-02,-3.97E+00,2.42E-02,,,
51,Tan Brook Down,7/13/21,,-,4,CO,Surface,Other,,,10/25/2022,51,-48.18462,2.27E-02,-7.902294,0.00E+00,-4.17E+00,5.77E-02,,,
52,Tan Brook Up,7/14/21,,-,1,CO,Surface,Other,,,10/25/2022,52,-49.99155,1.86E-01,-7.735789,1.76E-02,-4.06E+00,7.44E-03,2 spectral contamination,,
53,Campus Pond Up,7/14/21,,-,2,CO,Surface,Other,,,11/1/2022,53,-46.426088,1.11E+00,-7.546329,1.08E-01,-3.84E+00,6.95E-02,"Linear Spline Fit , 4 spectral contamination warnings, 1 pressure rejection",,
54,Campus Pond Down,7/14/21,,-,3,CO,Surface,Other,,,11/1/2022,54,-47.861891,1.28E+00,-7.61541,1.51E-01,-3.99E+00,9.54E-02,"Linear Spline Fit , 4 2Hck, 1 pressure rejection",,
55,Tan Brook Down,7/14/21,,-,4,CO,Surface,Other,,,11/1/2022,55,-46.161796,1.64E+00,-7.316642,1.45E-01,-3.63E+00,8.06E-02,"Linear Spline Fit , 4 spectral contamination warnings, 1 svol rejection",,
56,Tan Brook Up,7/22/21,,-,1,CO,Surface,Other,,,11/1/2022,56,-52.589545,6.90E-01,-8.244792,8.28E-02,-4.29E+00,7.64E-02,"Linear Spline Fit , 1 pressurre rejection",,
57,Campus Pond Up,7/22/21,,-,2,CO,Surface,Other,,,11/1/2022,57,-52.520104,1.50E+00,-8.13503,8.65E-02,-4.35E+00,5.82E-02,"Linear Spline Fit , 4 2Hck, 1 pressure rejection",,
58,Tan Brook Down,7/22/21,,-,4,CO,Surface,Other,,,11/1/2022,58,-52.746891,1.12E+00,-8.18855,1.13E-01,-4.37E+00,6.95E-02,"Linear Spline Fit , 4 2Hck, 1 pressure rejection",,
59,Campus Pond Down,7/22/21,,-,3,CO,Surface,Other,,,11/1/2022,59,-49.486475,1.24E+00,-8.023178,1.03E-01,-4.32E+00,6.85E-02,"Linear Spline Fit , 4 2Hck, 1 pressure rejection",,
60,Tan Brook Up,7/27/21,,-,1,CO,Surface,Other,,,3/12/2024,60,20.046835,1.45E+00,-7.924908,1.17E-01,-3.74E+00,8.61E-02,4 2Hck,,
61,Campus Pond Up,7/27/21,,-,2,CO,Surface,Other,,,3/12/2024,61,51.797677,8.25E-02,-8.187322,3.11E-02,-3.91E+00,5.05E-02,,,
62,Campus Pond Down,7/27/21,,-,3,CO,Surface,Other,,,3/12/2024,62,15.012381,0.00E+00,-7.813936,0.00E+00,-3.68E+00,0.00E+00,"1 pres, 1 aftr, 1 svol",,
63,Tan Brook Down,7/27/21,,-,4,CO,Surface,Other,,,2/22/2024,63,-1.358321,2.52E-01,-8.386729,3.02E-02,-4.68E+00,5.73E-02,,,
64,Tan Brook Up,7/28/21,,-,1,CO,Surface,Other,,,3/12/2024,64,155.957312,5.56E-01,-7.612883,6.53E-02,-3.65E+00,1.18E-02,,,
65,Campus Pond Up,7/28/21,,-,2,CO,Surface,Other,,,3/12/2024,65,101.73023,2.52E-01,-7.850492,3.23E-02,-3.79E+00,3.92E-02,,,
66,Campus Pond Down,7/28/21,,-,3,CO,Surface,Other,,,2/22/2024,66,-1.231709,7.53E-01,-8.455701,6.83E-02,-4.67E+00,1.20E-02,,,
67,Tan Brook Down,7/28/21,,-,4,CO,Surface,Other,,,2/22/2024,67,-50.411533,8.71E-01,-8.653838,1.07E-01,-4.72E+00,1.80E-02,4 2Hck,,
68,Tan Brook Up,7/29/21,,-,1,CO,Surface,Other,,,2/22/2024,68,-24.298163,1.44E-01,-8.50837,4.99E-02,-4.68E+00,4.06E-02,,,
69,Campus Pond Up,7/29/21,,-,2,CO,Surface,Other,,,3/12/2024,69,79.310019,5.22E-01,-7.779992,7.34E-02,-3.80E+00,3.95E-02,,,
70,Campus Pond Down,7/29/21,,-,3,CO,Surface,Other,,,11/10/2022,70,-54.002102,1.78E-01,-8.451684,5.25E-02,-4.41E+00,3.54E-02,Double check data file or rerurn,,
71,Tan Brook Down,7/29/21,,-,4,CO,Surface,Other,,,11/10/2022,71,-55.982778,1.08E+00,-8.600534,8.76E-02,-4.53E+00,3.81E-02,"Linear Spline Fit , 4 2Hck",,
72,Tan Brook,7/1/21,,-,1,JW,Surface,Other,,,11/10/2022,72,-37.499635,1.23E+00,-6.466276,1.05E-01,-3.38E+00,6.90E-02,"Linear Spline Fit , 3 2Hck",,
73,Tan Brook,7/1/21,,-,2,JW,Surface,Other,,,11/10/2022,73,-33.027191,1.08E+00,-5.850569,1.06E-01,-3.08E+00,4.36E-02,"Linear Spline Fit , 4 2Hck",,
74,Tan Brook,7/1/21,,-,3,JW,Surface,Other,,,11/10/2022,74,-31.482761,1.23E+00,-5.938196,1.63E-01,-3.14E+00,8.71E-02,"Linear Spline Fit , 4 2Hck",,
75,Tan Brook,7/1/21,,-,4,JW,Surface,Other,,,11/10/2022,75,-29.718964,8.70E-01,-5.12226,7.17E-02,-2.73E+00,7.90E-02,"Linear Spline Fit , 4 2Hck",,
76,Tan Brook,7/1/21,,-,5,JW,Surface,Other,,,11/10/2022,76,-44.344313,1.53E+00,-7.287045,1.59E-01,-3.88E+00,9.68E-02,"Linear Spline Fit , 4 2Hck",,
77,Tan Brook,7/1/21,,-,6,JW,Surface,Other,,,11/10/2022,77,-47.103979,8.98E-01,-7.689427,1.25E-01,-4.11E+00,4.99E-02,"Linear Spline Fit , 4 2Hck",,
78,Tan Brook,7/1/21,,-,7,JW,Surface,Other,,,11/10/2022,78,-37.915938,5.20E-01,-5.296294,4.44E-02,-2.84E+00,3.37E-02,"Linear Spline Fit , 1 density flag",,
79,Tan Brook,7/22/21,,9:30:00 AM,1,JW,Surface,Other,,,11/10/2022,79,-49.501934,2.54E-01,-7.982278,3.53E-03,-4.25E+00,2.42E-02,"Linear Spline Fit , 4 2Hck",,
80,Tan Brook,7/22/21,,-,2,JW,Surface,Other,,,11/15/2022,80,-50.625954,1.09E+00,-8.13979,1.01E-01,-4.18E+00,9.52E-02,"Linear Spline Fit , 1 pressure flag",,
81,Tan Brook,7/22/21,,-,3,JW,Surface,Other,,,11/15/2022,81,-51.504529,5.55E-01,-8.159312,1.13E-01,-4.15E+00,5.16E-02,"Linear Spline Fit , 3 2Hck",,
82,Tan Brook,7/22/21,,-,4,JW,Surface,Other,,,11/15/2022,82,-55.95087,1.34E-01,-8.642367,3.79E-02,-4.26E+00,2.00E-02,"Linear Spline Fit , 4 2Hck",,
83,Tan Brook,7/22/21,,8:45:00 AM,5,JW,Surface,Other,,,11/15/2022,83,-54.375382,5.15E-01,-8.589356,6.70E-02,-4.19E+00,5.26E-02,"Linear Spline Fit , 1 density flag",,
84,Tan Brook,7/22/21,,9:00:00 AM,6,JW,Surface,Other,,,11/15/2022,84,-52.010422,2.12E+00,-8.438801,2.47E-01,-4.48E+00,1.10E-01,"Linear Spline Fit , 4 2Hck",,
85,Tan Brook,7/22/21,,9:15:00 AM,7,JW,Surface,Other,,,11/15/2022,85,-44.919131,7.07E-01,-7.038533,1.07E-01,-3.87E+00,3.42E-02,"Linear Spline Fit , 1 pressure flag",,
86,Tan Brook,8/23/21,,-,1,JW,Surface,Other,,,11/15/2022,86,-41.228382,3.28E+00,-7.194692,4.13E-01,-4.01E+00,1.12E-01,"Linear Spline Fit , 1 density flag, and 3 2Hck",,
87,Tan Brook,8/24/21,,-,1,JW,Surface,Other,,,11/15/2022,87,-35.477483,1.00E+00,-6.918865,1.23E-01,-3.73E+00,3.33E-02,"Linear Spline Fit , 1 pressure, and 3 2Hck",,
88,Tan Brook,8/23/21,,-,3,JW,Surface,Other,,,11/15/2022,88,-43.840896,0.00E+00,-6.998859,0.00E+00,-3.51E+00,0.00E+00,"Linear Spline Fit ,3 pressure flags",,
89,Tan Brook,8/23/21,,-,4,JW,Surface,Other,,,11/17/2022,89,-43.17146,1.29E+00,-7.528145,1.16E-01,-4.00E+00,3.21E-02,Linear Spline Fit,,
90,Tan Brook,8/23/21,,-,5,JW,Surface,Other,,,11/17/2022,90,-51.750248,7.30E-01,-7.934867,1.33E-01,-4.12E+00,8.99E-02,Linear Spline Fit,,
91,Tan Brook,8/23/21,,-,6,JW,Surface,Other,,,11/17/2022,91,-33.276284,1.28E+00,-7.426179,1.82E-01,-3.91E+00,6.62E-02,"Linear Spline Fit , 1 pressur flag, and 2Hck",,
92,Tan Brook,8/23/21,,-,7,JW,Surface,Other,,,11/17/2022,92,-45.845487,6.12E-01,-6.841388,9.02E-02,-3.64E+00,3.44E-02,"Linear Spline Fit , 3 2Hck",,
93,Woodside,7/17/21,,11:00:00 AM,1,CDG,Precipitation,Precipitation,,,11/17/2022,93,-31.581936,1.80E+00,-4.430436,1.88E-01,-2.33E+00,8.34E-02,"Linear Spline Fit , 4 2Hck",,
94,Woodside,7/17/21,,11:59:00 PM,1,CDG,Precipitation,Precipitation,,,11/17/2022,94,-24.331174,8.32E-01,-4.974011,7.01E-02,-2.61E+00,3.67E-02,"Linear Spline Fit , 4 2Hck",,
95,Woodside,7/17/21,,11:59:00 PM,2,CDG,Precipitation,Precipitation,,,11/17/2022,95,-23.467877,1.59E+00,-4.930431,1.85E-01,-2.55E+00,8.48E-02,"Linear Spline Fit , 4 2Hck",,
96,Woodside,7/18/21,,5:30:00 AM,2,CDG,Precipitation,Precipitation,,,11/17/2022,96,-24.74263,9.36E-01,-5.107275,1.21E-01,-2.65E+00,6.40E-02,"Linear Spline Fit , 4 2Hck",,
97,Woodside,7/18/21,,5:30:00 AM,1,CDG,Precipitation,Precipitation,,,11/17/2022,97,-24.814004,1.76E+00,-5.113293,1.57E-01,-2.65E+00,1.18E-01,"Linear Spline Fit , 4 2Hck",,
98,Woodside,7/19/21,,8:00:00 AM,1,CDG,Precipitation,Precipitation,,,11/17/2022,98,-34.804342,1.38E-01,-6.188285,8.64E-03,-3.29E+00,2.11E-02,"Linear Spline Fit , 1 svol",,
99,Woodside,7/19/21,,8:00:00 AM,2,CDG,Precipitation,Precipitation,,,11/17/2022,99,-30.939432,6.43E-01,-6.041757,8.84E-02,-3.24E+00,6.16E-02,"Linear Spline Fit , 4 2Hck",,
100,Woodside,7/25/21,,10:00:00 AM,1,CDG,Precipitation,Precipitation,,,3/12/2024,100,4.04E+01,4.72E-01,-2.73E+00,3.44E-02,-8.69E-01,2.39E-02,,,
101,Woodside,7/25/21,,10:00:00 AM,2,CDG,Precipitation,Precipitation,,,11/29/2022,101,-8.09E+00,0.00E+00,-2.97E+00,0.00E+00,-1.48E+00,0.00E+00,"Linear Spline Fit , 1 svol, 1 fvol, and 2 pressure flags",,
102,Woodside,7/28/21,,7:00:00 PM,1,CDG,Precipitation,Precipitation,,,11/29/2022,102,-3.17E+01,5.60E-01,-7.69E+00,6.19E-02,-4.06E+00,5.87E-02,Linear Spline Fit,,
103,Woodside,7/28/21,,7:00:00 PM,2,CDG,Precipitation,Precipitation,,,11/29/2022,103,-9.84E+00,1.84E+00,-7.59E+00,1.77E-01,-3.97E+00,7.64E-02,"Linear Spline Fit , 1 pressure , and 3 2Hck",,
104,Woodside,7/30/21,,9:00:00 AM,1,CDG,Precipitation,Precipitation,,,11/29/2022,104,-3.45E+01,8.22E-01,-5.98E+00,8.56E-02,-3.13E+00,5.71E-02,"Linear Spline Fit , 4 2Hck",,
105,Woodside,7/30/21,,9:00:00 AM,2,CDG,Precipitation,Precipitation,,,11/29/2022,105,-3.58E+01,1.34E+00,-5.84E+00,1.58E-01,-3.08E+00,1.01E-01,"Linear Spline Fit , 4 2Hck",,
106,Woodside,8/12/21,,11:59:00 PM,1,CDG,Precipitation,Precipitation,,,11/29/2022,106,-1.19E+01,1.15E+00,-2.50E+00,1.69E-01,-1.25E+00,1.12E-01,"Linear Spline Fit , 1 desnity, 1 pressure, and 2Hck",,
107,Woodside,8/12/21,,11:59:00 PM,2,CDG,Precipitation,Precipitation,,,11/29/2022,107,-1.30E+01,1.15E+00,-2.60E+00,1.26E-01,-1.31E+00,9.77E-02,"Linear Spline Fit , 1 avol, and 3 2Hck",,
108,Woodside,8/23/21,,11:59:00 PM,1,CDG,Precipitation,Precipitation,,,3/12/2024,108,1.16E+02,2.66E-01,-4.61E+00,2.19E-02,-1.95E+00,2.27E-02,,,
109,Woodside,8/23/21,,11:59:00 PM,2,CDG,Precipitation,Precipitation,,,11/29/2022,109,-4.28E+01,4.50E-01,-6.38E+00,6.82E-02,-3.34E+00,2.11E-02,Linear Spline Fit,,
110,Woodside,9/1/21,,11:59:00 PM,1,CDG,Precipitation,Precipitation,,,12/13/2022,110,-34.125647,1.04E+00,-10.089555,1.25E-01,-5.25E+00,4.44E-02,"Block Standardization (due to too few measurements for spline fitting), 2Hck",,
111,Woodside,9/1/21,,11:59:00 PM,2,CDG,Precipitation,Precipitation,,,12/13/2022,111,-78.358994,3.12E-01,-11.907383,3.76E-02,-6.21E+00,1.45E-02,Block Standardization,,
112,Woodside,9/9/21,,11:59:00 PM,1,CDG,Precipitation,Precipitation,,,3/12/2024,112,121.640629,4.06E-01,-3.202757,2.79E-02,-1.15E+00,3.67E-02,,,
113,Woodside,9/15/21,,11:59:00 PM,1,CDG,Precipitation,Precipitation,,,12/13/2022,113,-16.643175,9.71E-01,-4.153901,1.10E-01,-2.33E+00,2.91E-02,"Block Standardization, 2Hck",,
114,Woodside,9/9/21,,11:59:00 PM,2,CDG,Precipitation,Precipitation,,,12/13/2022,114,-16.806142,1.81E+00,-4.183577,2.02E-01,-2.46E+00,8.77E-02,"Block Standardization, 2Hck",,
115,Campus Pond Up,5/27/21,,-,1,-,Surface,13_sites,,,12/13/2022,115,-50.265215,1.42E+00,-8.082719,1.78E-01,-4.38E+00,5.63E-02,"Block Standardization, 2Hck, 2 pres",,
116,Lake Warner Out,5/27/21,,10:12:00 AM,1,-,Surface,13_sites,,,12/13/2022,116,-52.39758,1.98E-01,-8.221548,2.58E-02,-4.34E+00,1.79E-02,Block Standardization,,
117,Tan Brook Down,5/27/21,,-,1,-,Surface,13_sites,,,12/13/2022,117,-39.966832,1.40E-01,-6.538207,1.67E-02,-3.43E+00,2.51E-02,Block Standardization,,
118,Mill Site,5/27/21,,10:50:00 AM,-,-,Surface,13_sites,,,12/13/2022,118,-53.908256,3.39E-01,-8.408813,4.00E-02,-4.25E+00,4.25E-02,Block Standardization,,
119,Horse Down,5/27/21,,-,1,-,Surface,13_sites,,,12/13/2022,119,-48.558806,3.64E-01,-7.271919,7.44E-02,-3.55E+00,2.72E-02,Block Standardization,,
120,Roaring,5/27/21,,-,1,-,Surface,13_sites,,,9/15/2023,120,-22.180936,6.17E-01,-8.871446,3.75E-02,-4.72E+00,1.40E-02,"Block Standardization,",,
121,Horse Up,5/27/21,,-,-,-,Surface,13_sites,,,9/15/2023,121,-19.551244,7.02E-01,-6.695608,7.04E-02,-3.61E+00,3.23E-02,Block Standardization,,
122,Doolittle,5/27/21,,1:00:00 PM,1,-,Surface,13_sites,,,9/15/2023,122,-31.734368,2.41E-01,-8.208019,3.49E-02,-4.38E+00,4.86E-02,Block Standardization,,
123,Eastman Up,5/27/21,,-,1,-,Surface,13_sites,,,9/15/2023,123,-49.823714,1.29E-01,-7.794965,3.76E-02,-4.11E+00,1.89E-02,Block Standardization,,
124,Eastman Down,5/27/21,,-,1,-,Surface,13_sites,,,9/15/2023,124,-39.606214,7.14E-01,-7.919093,8.08E-02,-4.15E+00,3.83E-02,Block Standardization,,
125,Knightly,5/27/21,,10:40:00 AM,1,-,Surface,13_sites,,,9/15/2023,125,-11.826586,7.43E-01,-8.11397,9.82E-02,-4.29E+00,7.60E-03,Block Standardization,,
126,Eastman Down,6/16/21,,-,1,-,Surface,13_sites,,,9/16/2023,126,-55.769319,1.15E+00,-8.52321,1.73E-01,-4.47E+00,6.97E-02,Block Standardization,,
127,Knightly,6/16/21,,1:40:00 PM,1,-,Surface,13_sites,,,9/15/2023,127,-57.937264,3.76E-01,-8.337654,4.23E-02,-4.38E+00,2.61E-02,Block Standardization,,
128,Eastman Up,6/16/21,,-,1,-,Surface,13_sites,,,9/15/2023,128,-19.175644,1.01E+00,-7.545862,9.63E-02,-3.99E+00,2.58E-02,Block Standardization,,
129,Roaring,6/16/21,,10:00:00 AM,1,-,Surface,13_sites,,,9/15/2023,129,-63.522529,5.10E-01,-9.147239,4.06E-02,-4.81E+00,2.85E-02,Block Standardization,,
130,Horse Up,6/16/21,,-,1,,Surface,13_sites,,,9/18/2023,130,-29.525069,8.70E-01,-7.415097,4.58E-02,-4.17E+00,1.23E-01,Block Standardization,,
131,Horse Down,6/16/21,,-,1,,Surface,13_sites,,,9/18/2023,131,-45.108322,2.86E-01,-7.389658,3.88E-02,-4.03E+00,1.49E-02,Block Standardization,,
132,Doolittle,6/16/21,,10:15:00 AM,1,,Surface,13_sites,,,9/18/2023,132,-51.267303,3.43E-01,-9.022824,3.19E-02,-4.82E+00,4.03E-02,Block Standardization,,
133,Eastman Down,7/1/21,,-,1,CDG,Stream,13_sites,,,9/18/2023,133,-41.901234,3.55E-01,-6.810927,5.88E-02,-3.70E+00,3.20E-02,Block Standardization,,
134,Horse Down,7/1/21,,-,1,CDG,Stream,13_sites,,,9/18/2023,134,-3.708685,3.83E-01,-6.092283,2.06E-02,-3.29E+00,2.82E-02,Block Standardization,,
135,Eastman Up,7/1/21,,-,1,CDG,Stream,13_sites,,,9/18/2023,135,-14.799925,1.66E-01,-6.236012,1.11E-02,-3.34E+00,1.20E-02,Block Standardization,,
136,Doolittle,7/1/21,,-,1,CDG,Stream,13_sites,,,9/18/2023,136,-38.897108,1.20E+00,-7.796678,1.38E-01,-4.11E+00,8.62E-02,Block Standardization,,
137,Knightly,7/1/21,,-,1,CDG,Stream,13_sites,,,9/18/2023,137,-3.681822,4.50E-01,-7.164526,8.70E-02,-3.80E+00,6.51E-02,Block Standardization,,
138,Roaring,7/1/21,,-,1,CDG,Stream,13_sites,,,9/18/2023,138,-58.33961,5.10E-01,-7.804309,9.24E-02,-4.03E+00,5.01E-02,Block Standardization,,
139,Horse Up,7/1/21,,-,1,CDG,Stream,13_sites,,,9/18/2023,139,-53.055153,4.90E-01,-6.411539,6.02E-02,-3.37E+00,4.11E-02,Block Standardization,,
140,Mill River Main Stem,7/1/21,,7:40:00 AM,1,JJ,Stream,13_sites,,,9/19/2023,140,-6.96296,7.91E-01,-7.008671,7.47E-02,-3.74E+00,3.74E-02,Block Standardization,,
141,Mill Rt. 116,7/1/21,,8:00:00 AM,1,JJ,Stream,13_sites,,,9/19/2023,141,-13.657583,2.31E-01,-7.371756,3.17E-02,-3.91E+00,1.12E-02,Block Standardization,,
142,Lake Warner Out,7/1/21,,7:10:00 AM,1,JJ,Stream,13_sites,,,3/12/2024,142,97.218173,6.17E-01,-7.149415,2.39E-02,-3.32E+00,5.04E-02,,,
143,Knightly ,7/1/21,,7:30:00 AM,1,JJ,Stream,13_sites,,,3/12/2024,143,48.595731,2.82E-01,-7.008416,6.48E-02,-3.32E+00,4.62E-02,,,
144,Mill Site,7/22/21,,-,1,CDG,Surface,13_sites,,,9/19/2023,144,-62.488954,1.53E-01,-8.100509,6.12E-02,-4.28E+00,2.64E-02,Block Standardization,,
145,Campus Pond Down,7/22/21,,-,1,CDG,Surface,13_sites,,,9/19/2023,145,-34.907941,1.60E-01,-8.132811,4.94E-02,-4.30E+00,4.79E-02,Block Standardization,,
146,Campus Pond Up,7/22/21,,-,1,CDG,Surface,13_sites,,,9/19/2023,146,-29.136662,3.17E-01,-8.159946,2.67E-02,-4.33E+00,3.55E-02,Block Standardization,,
147,Eastman Down,7/22/21,,-,1,CDG,Surface,13_sites,,,9/19/2023,147,-34.602148,2.71E-01,-7.884725,4.88E-02,-4.14E+00,3.80E-02,Block Standardization,,
148,Doolittle,7/22/21,,-,1,CDG,Surface,13_sites,,,9/19/2023,148,-61.268766,4.62E-01,-7.58237,4.26E-02,-4.02E+00,2.33E-02,Block Standardization,,
149,Roaring,7/22/21,,-,1,CDG,Surface,13_sites,,,9/19/2023,149,-36.753139,5.11E-02,-8.20517,3.34E-02,-4.37E+00,2.04E-02,Block Standardization,,
150,Horse Up,7/22/21,,-,1,CDG,Surface,13_sites,,,9/20/2023,150,-58.754605,2.87E-01,-7.472953,8.52E-03,-4.14E+00,3.19E-02,Block Standardization,,
151,Horse Down,7/22/21,,-,1,CDG,Surface,13_sites,,,9/20/2023,151,-19.666511,2.63E-01,-6.883259,4.02E-02,-3.79E+00,2.42E-02,Block Standardization,,
152,Lake Warner Out,7/22/21,,-,1,CDG,Surface,13_sites,,,9/20/2023,152,-46.74384,3.94E-01,-7.818233,2.17E-02,-4.19E+00,2.82E-02,Block Standardization,,
153,Knightly,7/22/21,,-,1,CDG,Surface,13_sites,,,9/20/2023,153,-8.050905,2.11E-01,-8.13765,6.72E-02,-4.33E+00,2.55E-02,Block Standardization,,
154,Tan Brook Down,7/22/21,,-,1,CDG,Surface,13_sites,,,9/20/2023,154,-33.427267,2.37E-01,-8.193257,6.70E-02,-4.35E+00,2.54E-02,Block Standardization,,
155,Tan Brook Up,7/22/21,,-,1,CDG,Surface,13_sites,,,9/20/2023,155,-65.455973,4.98E-01,-8.647166,1.11E-02,-4.54E+00,3.49E-02,Block Standardization,,
156,Eastman Up,7/22/21,,-,1,CDG,Surface,13_sites,,,9/20/2023,156,-57.477022,2.48E-01,-7.893238,2.70E-02,-4.10E+00,1.19E-02,Block Standardization,,
157,Horse Up,8/24/21,,9:15:00 AM,1,-,-,13_sites,,,3/12/2024,157,22.245186,4.29E-01,-6.467921,3.83E-02,-2.95E+00,2.11E-02,,,
158,Horse Down,8/24/21,,9:30:00 AM,1,-,-,13_sites,,,9/20/2023,158,-35.043558,2.96E-01,-6.805668,4.72E-02,-3.49E+00,6.80E-02,Block Standardization,,
159,Mill River Main Stem,8/24/21,,9:40:00 AM,-,-,-,13_sites,,,9/20/2023,159,-57.156141,5.18E-02,-7.669517,3.46E-02,-3.91E+00,1.20E-02,Block Standardization,,
160,Knightly,8/24/21,,9:55:00 AM,-,-,-,13_sites,,,9/21/2023,160,-21.709979,4.33E-01,-7.728313,1.93E-02,-4.03E+00,1.37E-02,Block Standardization,,
161,Doolittle,8/24/21,,7:35:00 AM,1,-,-,13_sites,,,9/21/2023,161,-49.579393,3.41E-01,-7.690992,2.42E-02,-4.04E+00,4.09E-02,Block Standardization,,
162,Lake Warner Out,8/24/21,,10:10:00 AM,-,-,-,13_sites,,,3/12/2024,162,45.471239,8.58E-01,-7.204248,1.27E-01,-3.34E+00,8.42E-02,4 2 Hck,,
163,Eastman Up,8/24/21,,9:15:00 AM,-,-,-,13_sites,,,9/21/2023,163,-54.739844,4.07E-01,-7.680696,6.03E-02,-4.05E+00,3.91E-02,Block Standardization,,
164,Roaring,8/24/21,,7:45:00 AM,-,-,-,13_sites,,,9/21/2023,164,-6.746905,2.82E-01,-7.733461,3.22E-02,-4.06E+00,3.79E-02,Block Standardization,,
165,Eastman Down,8/24/21,,8:30:00 AM,-,-,-,13_sites,,,3/12/2024,165,195.082681,1.00E+00,-5.599735,1.13E-01,-2.47E+00,6.70E-02,,,
166,Mill Rt. 116,8/24/21,,10:55:00 AM,-,-,-,13_sites,,,9/21/2023,166,-45.388482,2.37E-01,-7.977983,3.67E-02,-4.18E+00,1.52E-02,Block Standardization,,
167,Horse Down,11/20/21,,-,1,AKS,Stream,13_sites,,,9/21/2023,167,-8.851297,2.09E-01,-7.658818,3.80E-02,-4.05E+00,3.13E-02,Block Standardization,,
168,Lake Warner Out,11/20/21,,-,1,AKS,Stream,13_sites,,,3/12/2024,168,123.443475,3.89E-01,-7.384413,4.39E-02,-3.46E+00,5.24E-02,,,
169,Eastman Up,11/20/21,,-,1,AKS,Stream,13_sites,,,9/21/2023,169,-38.521284,4.64E-01,-8.2032,2.49E-02,-4.29E+00,2.78E-02,Block Standardization,,
170,Tan Brook Up,11/20/21,,-,1,AKS,Stream,13_sites,,,9/25/2023,170,-10.516604,8.40E-01,-8.116796,1.13E-01,-4.22E+00,8.46E-02,Block Standardization,,
171,Mill Site,11/20/21,,-,1,AKS,Stream,13_sites,,,3/12/2024,171,92.170535,3.66E-01,-7.723854,3.96E-02,-3.69E+00,4.67E-02,,,
172,Doolittle,11/20/21,,-,1,AKS,Stream,13_sites,,,9/25/2023,172,-32.058736,3.79E-01,-8.337674,5.06E-02,-4.32E+00,2.18E-02,Block Standardization,,
173,Eastman Down,11/20/21,,-,1,AKS,Stream,13_sites,,,9/25/2023,173,-27.665364,7.57E-01,-7.985045,6.14E-02,-4.16E+00,3.08E-02,Block Standardization,,
174,Knightly,11/20/21,,-,1,AKS,Stream,13_sites,,,9/25/2023,174,-52.603811,2.68E-01,-8.295048,3.06E-02,-4.35E+00,2.24E-02,Block Standardization,,
175,Campus Pond Up,11/20/21,,-,1,AKS,Stream,13_sites,,,9/25/2023,175,-45.583754,1.36E+00,-8.207214,1.46E-01,-4.29E+00,7.42E-02,Block Standardization,,
176,Roaring,11/20/21,,-,1,AKS,Stream,13_sites,,,9/25/2023,176,-32.126511,2.04E-01,-8.302798,3.85E-02,-4.39E+00,5.27E-02,Block Standardization,,
177,Tan Brook Down,11/20/21,,-,1,AKS,Stream,13_sites,,,9/25/2023,177,-63.08796,4.58E-01,-8.386757,7.61E-02,-4.45E+00,2.74E-02,Block Standardization,,
178,Horse Up,11/20/21,,-,1,AKS,Stream,13_sites,,,9/25/2023,178,-25.070307,1.04E-01,-7.518749,1.41E-02,-4.01E+00,9.30E-03,Block Standardization,,
179,Campus Pond Down,11/20/21,,-,1,AKS,Stream,13_sites,,,9/25/2023,179,-53.61141,8.68E-01,-8.337674,7.43E-02,-4.48E+00,3.22E-02,Block Standardization,,
180,Tan Brook Down,12/4/21,,1:05:00 PM,1,TN,Stream,13_sites,,,9/25/2023,180,-44.018639,6.08E-01,-8.550217,6.89E-02,-4.43E+00,4.18E-02,Block Standardization,,
181,Mill Site,12/4/21,,2:30:00 PM,1,TN,Stream,13_sites,,,9/25/2023,181,-55.503397,2.35E-01,-8.612116,3.14E-02,-4.48E+00,3.30E-02,Block Standardization,,
182,Knightly,12/4/21,,3:30:00 PM,1,TN,Stream,13_sites,,,9/25/2023,182,-56.669232,1.12E-01,-8.636117,8.64E-03,-4.48E+00,2.56E-02,Block Standardization,,
183,Campus Pond Down,12/4/21,,5:50:00 PM,1,TN,Stream,13_sites,,,9/25/2023,183,-52.220335,4.41E-01,-8.663909,1.12E-01,-4.52E+00,6.56E-02,Block Standardization,,
184,Campus Pond Up,12/4/21,,5:15:00 PM,1,TN,Stream,13_sites,,,9/25/2023,184,-48.908341,9.38E-01,-8.764968,1.97E-01,-4.61E+00,2.79E-02,Block Standardization,,
185,Eastman Down,12/4/21,,11:50:00 AM,1,TN,Stream,13_sites,,,9/28/2023,185,-41.668713,2.13E-01,-8.133128,9.28E-02,-4.30E+00,7.64E-02,Block Standardization,,
186,Eastman Up,12/4/21,,11:55:00 AM,1,TN,Stream,13_sites,,,9/28/2023,186,-31.633596,2.68E-01,-7.93518,5.09E-02,-4.24E+00,5.94E-02,Block Standardization,,
187,Lake Warner Out,12/4/21,,4:00:00 PM,1,TN,Stream,13_sites,,,9/28/2023,187,-39.37769,1.56E-01,-8.174872,2.59E-02,-4.37E+00,1.58E-02,Block Standardization,,
188,Horse Up,12/4/21,,4:40:00 PM,1,TN,Stream,13_sites,,,9/28/2023,188,-25.73754,2.18E-01,-7.682021,7.27E-02,-4.06E+00,6.23E-02,Block Standardization,,
189,Doolittle,12/4/21,,10:10:00 AM,1,TN,Stream,13_sites,,,9/28/2023,189,-24.821674,4.33E-01,-7.610652,5.01E-02,-4.06E+00,5.11E-02,Block Standardization,,
190,Roaring,12/4/21,,9:05:00 AM,1,TN,Stream,13_sites,,,3/12/2024,190,53.285766,2.87E-01,-8.227794,3.74E-02,-3.97E+00,2.69E-02,,,
191,Tan Brook Up,12/4/21,,5:15:00 PM,1,TN,Stream,13_sites,,,3/12/2024,191,53.824642,1.82E-01,-8.089406,3.03E-02,-3.85E+00,4.67E-02,,,
192,Horse Down,12/4/21,,1:50:00 PM,1,TN,Stream,13_sites,,,9/28/2023,192,-27.99731,2.90E-01,-7.976924,5.88E-02,-4.21E+00,2.11E-02,Block Standardization,,
193,Woodside,7/9/21,,12:00:00 AM,1,CDG,Precipitation,Precipitation,12:00 AM -> 10:00 AM,,9/28/2023,193,-58.628536,2.50E-01,-8.344542,8.09E-02,-4.42E+00,4.49E-02,Block Standardization,,
194,Woodside,5/30/21,,11:00:00 PM,1,CDG,Precipitation,Precipitation,,,9/28/2023,194,-49.524233,3.14E-01,-7.672595,6.99E-02,-3.99E+00,2.66E-02,Block Standardization,,
195,Woodside,5/30/21,,11:00:00 PM,2,CDG,Precipitation,Precipitation,,,9/28/2023,195,-58.972326,4.17E-01,-7.87593,4.10E-02,-4.09E+00,4.70E-02,Block Standardization,,
196,Woodside,5/28/21,,7:00:00 PM,1,CDG,Precipitation,Precipitation,7:00 PM -> 8:00 AM,,9/26/2023,196,-82.411152,4.10E-01,-11.953396,6.22E-02,-6.21E+00,3.13E-02,Block Standardization,,
197,Woodside,5/28/21,,7:00:00 PM,1,CDG,Precipitation,Precipitation,,,9/28/2023,197,-71.890925,2.60E-01,-11.273369,2.56E-02,-5.85E+00,5.27E-02,Block Standardization,,
198,Elab 2,11/15/21,,-,1,AKS,DI,Other,,,9/28/2023,198,-20.761426,4.21E-01,-7.069324,3.89E-02,-3.64E+00,2.81E-02,Block Standardization,,
199,Elab 2,11/15/21,,9:48:00 AM,1,TN,Precipitation,Precipitation,,,3/12/2024,199,77.111668,6.66E-01,-6.973166,5.00E-02,-3.24E+00,2.34E-02,,,
200,No Label,-,,-,-,-,-,Other,,,3/12/2024,200,21.655224,3.60E-01,-7.044971,5.19E-02,-3.26E+00,4.84E-02,4 intf,,
201,No Location,5/27/21,,-,-,-,Rain  / Ice,Other,,,9/29/2023,201,-26.6061,5.67E-01,-6.91851,8.11E-02,-3.75E+00,9.41E-02,Block Standardization,,
202,No Location,5/27/21,,-,-,-,Rain  / Ice,Other,,,9/29/2023,202,-20.04,1.13E-01,-6.92531,8.65E-02,-3.71E+00,4.87E-02,Block Standardization,,
203,Woodside,5/29/21,,5:00:00 PM,1,CDG,Precipitation,Precipitation,,,9/29/2023,203,-42.0864,8.90E-01,-12.9804,5.47E-02,-6.92E+00,5.48E-03,Block Standardization,,
204,Woodside,5/31/23,,5:00:00 PM,1,CDG,Precipitation,Precipitation,,,9/29/2023,204,-39.3201,1.99E+00,-5.76545,1.69E-01,-3.17E+00,1.09E-01,Block Standardization,,
205,Woodside,5/31/23,,5:00:00 PM,1,CDG,Precipitation,Precipitation,,,9/29/2023,205,-41.7678,4.28E-01,-5.76927,7.19E-02,-3.20E+00,3.86E-02,Block Standardization,,
206,Woodside,6/4/21,,8:00:00 AM,1,CDG,Precipitation,Precipitation,,,3/12/2024,206,227.525657,2.66E-01,-1.018583,3.44E-02,4.20E-02,1.33E-02,,,
207,Woodside,6/8/21,,11:00:00 PM,1,CDG,Precipitation,Precipitation,,,3/12/2024,207,26.022262,5.49E-01,-2.168766,6.01E-02,-5.81E-01,1.35E-02,,,
208,Woodside,6/8/21,,11:00:00 PM,2,CDG,Precipitation,Precipitation,,,3/12/2024,208,19.074551,8.01E-01,-2.159628,5.30E-02,-6.47E-01,2.32E-02,4 2Hck,,
209,Woodside,6/12/21,,1:00:00 PM,1,CDG,Precipitation,Precipitation,,,9/29/2023,209,-7.02785,7.12E-01,-1.56192,9.17E-02,-9.49E-01,6.33E-02,Block Standardization,,
210,Woodside,6/22/21,,11:00:00 PM,2,CDG,Precipitation,Precipitation,,,9/29/2023,210,-67.4809,1.39E+00,-9.20764,2.05E-01,-5.00E+00,1.21E-01,Block Standardization,,
211,Woodside,6/22/21,,11:00:00 PM,1,CDG,Precipitation,Precipitation,,,9/29/2023,211,-46.371,3.20E-02,-8.98374,4.69E-02,-4.84E+00,2.75E-02,Block Standardization,,
212,Woodside,6/25/21,,11:00:00 AM,1,CDG,Precipitation,Precipitation,,,3/12/2024,212,16.485639,4.95E-01,-2.228821,8.28E-02,-8.18E-01,8.04E-02,,,
213,Woodside,6/30/21,,11:30:00 PM,2,CDG,Precipitation,Precipitation,,,9/29/2023,213,-14.2914,1.60E-01,-3.86379,4.62E-02,-2.02E+00,3.66E-02,Block Standardization,,
214,Woodside,6/30/21,,11:30:00 PM,1,CDG,Precipitation,Precipitation,,,3/12/2024,214,2.537483,1.10E+00,-3.512171,2.74E-01,-1.54E+00,1.30E-01,,,
215,Woodside,7/1/21,,11:59:00 PM,2,CDG,Precipitation,Precipitation,,,9/29/2023,215,-64.628,3.90E-01,-11.0626,6.75E-02,-5.84E+00,3.01E-02,Block Standardization,,
216,Woodside,7/2/21,,11:59:00 PM,2,CDG,Precipitation,Precipitation,,,2/22/24,216,-56.858893,8.24E-01,-11.416481,1.26E-01,-6.25E+00,7.57E-02,4 2Hck,,
217,Woodside,7/2/21,,11:59:00 PM,1,CDG,Precipitation,Precipitation,,,9/29/2023,217,-82.7048,1.05E-01,-11.4743,2.92E-02,-5.98E+00,2.76E-02,Block Standardization,,
218,Woodside,7/3/21,,11:59:00 PM,2,CDG,Precipitation,Precipitation,,,9/29/2023,218,-13.6648,2.53E-01,-5.71064,9.03E-02,-2.95E+00,3.92E-02,Block Standardization,,
219,Woodside,7/9/21,,12:00:00 PM,1,CDG,Precipitation,Precipitation,Empty 12:00 PM -> 4:00 PM,,9/29/2023,219,-63.5291,1.35E-01,-7.26817,3.81E-02,-3.77E+00,2.42E-02,Block Standardization,,
220,Woodside,7/1/21,,11:59:00 PM,1,CDG,Precipitation,Precipitation,,,10/2/2023,220,-47.061005,2.23E-01,-11.102957,3.74E-02,2.58E-02,3.24E-02,Block Standardization,,
221,Woodside,7/3/21,,11:59:00 PM,1,CDG,Precipitation,Precipitation,,,10/2/2023,221,-46.101951,3.12E-01,-5.86064,5.72E-02,3.87E-02,3.08E-02,Block Standardization,,
222,Woodside,7/4/21,,11:00:00 AM,1,CDG,Precipitation,Precipitation,,,10/2/2023,222,-55.8379,2.33E-01,-10.705655,2.72E-02,6.98E-02,2.97E-02,Block Standardization,,
223,Woodside,7/4/21,,11:00:00 AM,2,CDG,Precipitation,Precipitation,,,10/2/2023,223,-56.687488,2.66E-01,-10.536673,2.28E-02,6.35E-02,2.80E-02,Block Standardization,,
224,Woodside,7/6/21,,11:00:00 PM,1,CDG,Precipitation,Precipitation,,,10/2/2023,224,-21.393652,7.86E-02,-4.621008,2.65E-02,2.68E-02,3.06E-02,Block Standardization,,
225,Woodside,7/7/21,,9:00:00 PM,1,CDG,Precipitation,Precipitation,,,10/2/2023,225,-36.163953,1.69E-01,-4.99982,2.51E-02,2.54E-02,2.59E-02,"Block Standardization, fvol",,
226,Woodside,7/8/21,,11:50:00 PM,2,CDG,Precipitation,Precipitation,,,10/2/2023,226,-17.754039,2.05E-01,-6.09197,8.38E-02,3.05E-02,2.67E-02,"Block Standardization, fvol",,
227,Woodside,7/8/21,,11:50:00 PM,1,CDG,Precipitation,Precipitation,,,10/2/2023,227,-39.725141,5.17E-01,-6.234723,3.62E-02,8.84E-02,2.78E-02,Block Standardization,,
228,Woodside,7/8/21,,8:00:00 AM,1,CDG,Precipitation,Precipitation,,,10/2/2023,228,-46.146064,2.25E-01,-6.212794,3.08E-02,2.33E-02,2.75E-02,Block Standardization,,
229,Woodside,7/9/21,,10:00:00 AM,1,CDG,Precipitation,Precipitation,10:00 AM -> 12:00 PM,,10/2/2023,229,-87.217098,3.39E-01,-11.849832,4.28E-02,5.99E-02,2.66E-02,Block Standardization,,
230,Woodside,7/9/21,,10:00:00 AM,2,CDG,Precipitation,Precipitation,10:00 AM -> 12:00 PM,,10/2/2023,230,-71.548739,2.56E-01,-11.776306,4.23E-02,2.72E-02,2.75E-02,Block Standardization,,
231,Woodside,7/9/21,,12:00:00 AM,1,CDG,Precipitation,Precipitation,"Bulk, 12:00 AM -> 4:00 PM",,10/2/2023,231,-54.320079,1.54E-01,-9.729171,3.19E-02,4.14E-02,2.68E-02,Block Standardization,,
232,Woodside,7/9/21,,12:00:00 AM,2,CDG,Precipitation,Precipitation,"Bulk, 12:00 AM -> 4:00 PM",,10/2/2023,232,-76.023779,4.89E-01,-9.938141,4.98E-02,2.51E-02,2.64E-02,Block Standardization,,
233,Woodside,7/10/21,,10:00:00 AM,1,CDG,Precipitation,Precipitation,,,10/2/2023,233,-42.83594,2.48E-01,-7.396959,6.09E-02,3.00E-02,2.69E-02,Block Standardization,,
234,Woodside,7/10/21,,10:00:00 AM,2,CDG,Precipitation,Precipitation,,,10/2/2023,234,-45.129827,2.46E-01,-7.405989,7.14E-02,4.39E-02,2.75E-02,Block Standardization,,
235,Woodside,7/11/21,,11:59:00 PM,1,CDG,Precipitation,Precipitation,,,10/2/2023,235,-15.904008,4.94E-01,-5.686498,5.99E-02,3.60E-02,2.70E-02,Block Standardization,,
236,Woodside,7/11/21,,11:59:00 PM,2,CDG,Precipitation,Precipitation,,,10/2/2023,236,-29.0138,4.76E-01,-5.735516,4.86E-02,5.41E-02,2.67E-02,Block Standardization,,
237,Woodside,7/12/21,,12:00:00 PM,1,CDG,Precipitation,Precipitation,,,10/2/2023,237,-28.26551,1.91E-01,-6.653953,8.16E-02,5.38E-02,2.66E-02,Block Standardization,,
238,Woodside,7/12/21,,12:00:00 PM,2,CDG,Precipitation,Precipitation,,,10/2/2023,238,-40.533884,2.75E-01,-6.717161,7.44E-02,5.45E-02,2.60E-02,Block Standardization,,
239,Woodside,7/12/21,,10:50:00 PM,1,CDG,Precipitation,Precipitation,,,10/2/2023,239,-35.174945,8.49E-02,-7.341492,3.47E-02,8.15E-03,2.67E-02,Block Standardization,,
240,Woodside,7/13/21,,10:50:00 PM,1,CDG,Precipitation,Precipitation,,,10/3/2023,240,-36.8258,3.30E-01,-6.08882,,-3.067302,4.71E-02,"Block Standardization, fvol",,
241,Woodside,7/13/21,,10:50:00 PM,2,CDG,Precipitation,Precipitation,,,10/3/2023,241,-37.5309,2.97E-01,-5.95738,5.18E-02,-2.96E+00,3.09E-02,Block Standardization,,
242,,,,,,,,,,Not Equal,DNE,,,,,,,,,,
243,Tan Brook,9/22/21,,11:31:00 AM,-,-,-,Other,,,10/3/2023,243,-47.8077,2.13E-01,-7.51431,4.12E-02,-3.78E+00,5.04E-02,Block Standardization,,
244,Tan Brook,9/22/21,,12:15:00 PM,-,-,-,Other,,,10/3/2023,244,-48.9059,1.18E-01,-7.56026,2.92E-02,-3.76E+00,3.70E-02,Block Standardization,,
245,Tan Brook,9/22/21,,10:49:00 AM,-,-,-,Other,,,10/3/2023,245,-45.5046,3.13E-01,-7.58323,6.73E-02,-3.78E+00,2.20E-02,Block Standardization,,
246,Tan Brook,9/22/21,,11:09:00 AM,-,-,-,Other,,,10/3/2023,246,-52.3607,4.24E-02,-8.2864,5.96E-02,-4.18E+00,4.23E-02,Block Standardization,,
247,Tan Brook,9/22/21,,11:52:00 AM,-,-,-,Other,,,10/3/2023,247,-47.7754,1.86E-01,-7.75296,3.18E-02,-3.95E+00,4.27E-02,Block Standardization,,
248,Tan Brook,9/22/21,,12:48:00 PM,-,-,-,Other,,,10/3/2023,248,-54.8112,1.13E-01,-8.62842,4.76E-02,-4.44E+00,6.44E-02,Block Standardization,,
249,Tan Brook,9/22/21,,12:56:00 PM,-,-,-,Other,,,10/3/2023,249,-51.0617,1.00E-01,-7.25142,3.39E-02,-3.73E+00,2.13E-02,Block Standardization,,
250,,,,,,,,,,Not Equal,DNE,,,,,,,,,,
251,,,,,,,,,,Not Equal,DNE,,,,,,,,,,
252,Fiji,-,,-,-,-,-,Other,,,2/22/2024,252,-44.687672,4.90E-01,-6.975937,6.06E-02,-4.04E+00,3.23E-02,,,
253,Lab Tap,-,,-,-,-,-,Other,,,2/22/2024,253,-52.172595,5.34E-01,-8.35496,2.25E-02,-4.73E+00,1.54E-02,1 fvol,,
254,Evian,-,,-,-,-,-,Other,,,2/22/2024,254,-72.524284,1.66E+00,-10.405728,1.62E-01,-5.67E+00,8.34E-02,4 2Hck,,
255,Iceland,-,,-,-,-,-,Other,,,3/12/2024,255,-56.491694,5.11E-01,-8.233016,5.19E-02,-4.28E+00,5.48E-02,,,
256,Roaring,9/22/21,,5:05:00 PM,1,JJ,Stream,13_sites,,,3/12/2024,256,144.624435,9.11E-01,-7.914463,3.24E-02,-4.22E+00,2.16E-02,4 2Hck,,
257,Doolittle,9/22/21,,4:55:00 PM,1,JJ,Stream,13_sites,,,10/3/2023,257,-19.0261,5.19E-01,-7.68532,9.44E-03,-4.02E+00,4.44E-02,Block Standardization,,
258,Eastman Up,9/22/21,,5:20:00 PM,1,JJ,Stream,13_sites,,,10/3/2023,258,-43.6873,3.33E-01,-8.13581,9.11E-03,-4.28E+00,4.49E-02,Block Standardization,,
259,Eastman Down,9/22/21,,5:35:00 PM,1,JJ,Stream,13_sites,,,10/3/2023,259,-39.5166,1.95E-01,-8.38594,4.40E-02,-4.49E+00,7.25E-02,Block Standardization,,
260,Horse Up,9/22/21,,4:25:00 PM,1,JJ,Stream,13_sites,,,10/3/2023,260,-47.8304,9.13E-02,-7.50538,3.17E-02,-4.12E+00,3.35E-02,Block Standardization,,
261,Horse Down,9/22/21,,-,1,JJ,Stream,13_sites,,,10/3/2023,261,-45.4495,1.90E-01,-7.38925,5.21E-02,-4.04E+00,3.39E-02,Block Standardization,,
262,Knightly,9/22/21,,3:30:00 PM,1,JJ,Stream,13_sites,,,10/3/2023,262,-0.89711,1.73E-01,-8.16517,3.44E-02,-4.51E+00,8.34E-02,Block Standardization,,
263,Lake Warner Out,9/22/21,,3:10:00 PM,1,JJ,Stream,13_sites,,,10/3/2023,263,-4.12351,2.31E-01,-7.92907,3.59E-02,-4.50E+00,6.49E-02,Block Standardization,,
264,Mill Main Stem,9/22/21,,3:05:00 PM,1,JJ,Stream,13_sites,,,3/12/2024,264,62.547732,3.09E-01,-7.766937,3.90E-02,-4.26E+00,4.85E-02,1 svol,,
265,No Location,9/22/21,,-,1,JJ,Stream,13_sites,,,10/3/2023,265,-52.649,4.39E-01,-8.43954,1.93E-02,-4.74E+00,1.22E-02,Block Standardization,,
266,Roaring,2/12/22,,8:15:00 AM,1,"AKS, TN",Stream,13_sites,,,11/3/2023,266,-12.298077,2.82E-01,-8.166198,6.65E-02,-4.39E+00,5.76E-02,Block Standardization,,
267,Doolittle,2/12/22,,9:03:00 AM,1,"AKS, TN",Stream,13_sites,,,11/3/2023,267,-32.394169,5.17E-01,-8.194429,3.87E-02,-4.37E+00,3.45E-02,Block Standardization,,
268,Eastman Up,2/12/22,,10:00:00 AM,1,"AKS, TN",Stream,13_sites,,,11/3/2023,268,-24.193536,2.64E-01,-8.134942,7.40E-02,-4.33E+00,1.89E-02,Block Standardization,,
269,Eastman Down,2/12/22,,10:41:00 AM,1,"AKS, TN",Stream,13_sites,,,11/3/2023,269,-33.875373,1.87E-01,-8.261983,9.13E-02,-4.38E+00,5.44E-02,Block Standardization,,
270,Horse Down,2/12/22,,11:20:00 AM,1,"AKS, TN",Stream,13_sites,,,2/22/2024,270,-29.946386,9.52E-01,-9.188058,1.52E-01,-4.99E+00,8.75E-02,4 2Hck,,
271,Horse Up,2/12/22,,12:06:00 PM,1,"AKS, TN",Stream,13_sites,,,11/3/2023,271,-27.624765,2.83E-01,-8.833668,3.46E-02,-4.63E+00,8.76E-02,"Block Standardization, 1 fvol",,
272,Mill Site,2/12/22,,2:15:00 PM,1,"AKS, TN",Stream,13_sites,,,11/3/2023,272,-32.421447,3.18E-01,-8.550346,4.30E-02,-4.48E+00,4.65E-02,Block Standardization,,
273,Knightly,2/12/22,,2:52:00 PM,1,"AKS, TN",Stream,13_sites,,,3/12/2024,273,218.651505,4.81E-01,-7.742132,7.21E-02,-4.33E+00,8.40E-02,,,
274,Lake Warner Out,2/12/22,,3:23:00 PM,1,"AKS, TN",Stream,13_sites,,,11/3/2023,274,-26.707491,5.20E-01,-8.446495,3.11E-02,-4.45E+00,7.97E-02,"Block Standardization, 3 intf, 1 fvol",,
275,Tan Brook Down,2/12/22,,4:06:00 PM,1,"AKS, TN",Stream,13_sites,,,11/3/2023,275,-12.122405,3.93E-01,-8.277107,4.26E-02,-4.39E+00,6.58E-02,"Block Standardization, 1 fvol",,
276,Tan Brook Up,2/12/22,,4:36:00 PM,1,"AKS, TN",Stream,13_sites,,,11/3/2023,276,-21.057366,2.59E-01,-8.89618,3.74E-02,-4.68E+00,7.23E-02,"Block Standardization, 4 intf",,
277,Campus Pond Up,2/12/22,,5:16:00 PM,1,"AKS, TN",Stream,13_sites,,,11/3/2023,277,-24.79011,2.73E-01,-8.708643,4.37E-02,-4.56E+00,1.94E-02,"Block Standardization, 4 intf",,
278,Roaring,3/5/22,,8:32:00 AM,1,"AKS, TN",Stream,13_sites,,,11/3/2023,278,-23.942213,5.52E-01,-8.46666,4.08E-02,-4.48E+00,4.51E-02,"Block Standardization, 3 intf, 1 fvol",,
279,Doolittle,3/5/22,,9:09:00 AM,1,"AKS, TN",Stream,13_sites,,,11/3/2023,279,-33.894377,4.58E-01,-8.371212,3.25E-02,-4.41E+00,6.08E-03,"Block Standardization, 3 intf, 1 fvol",,
280,Eastman Up,3/5/22,,9:47:00 AM,1,"AKS, TN",Stream,13_sites,,,11/3/2023,280,-17.782078,0.00E+00,-8.220644,0.00E+00,-4.28E+00,0.00E+00,"Block Standardization, 1 intf, 3 fvol",,
281,Eastman Down,3/5/22,,10:34:00 AM,1,"AKS, TN",Stream,13_sites,,,11/3/2023,281,-34.452306,9.74E-01,-8.447503,7.19E-02,-4.42E+00,1.63E-02,"Block Standardization, 4 intf",,
282,Horse Down,3/5/22,,11:05:00 AM,1,"AKS, TN",Stream,13_sites,,,11/3/2023,282,-22.075933,2.84E-01,-8.476743,6.18E-02,-4.41E+00,2.12E-02,Block Standardization,,
283,Horse Up,3/5/22,,11:49:00 AM,1,"AKS, TN",Stream,13_sites,,,11/3/2023,283,-18.760273,1.31E-01,-8.256942,7.09E-02,-4.32E+00,4.29E-02,"Block Standardization, 4 intf",,
284,Mill Site,3/5/22,,2:02:00 PM,1,"AKS, TN",Stream,13_sites,,,11/3/2023,284,-19.345662,0.00E+00,-8.184347,0.00E+00,-4.16E+00,0.00E+00,"Block Standardization, 3 fvol",,
285,Knightly,3/5/22,,2:42:00 PM,1,"AKS, TN",Stream,13_sites,,,11/3/2023,285,-21.162933,4.41E-01,-8.166198,7.58E-02,-4.20E+00,4.47E-02,Block Standardization,,
286,Lake Warner Out,3/5/22,,3:16:00 PM,1,"AKS, TN",Stream,13_sites,,,3/12/2024,286,20.303914,6.34E-01,-8.478458,3.49E-02,-4.74E+00,4.14E-02,,,
287,Tan Brook Down,3/5/22,,4:06:00 PM,1,"AKS, TN",Stream,13_sites,,,3/12/2024,287,1.278457,2.97E-01,-8.752622,3.19E-02,-4.92E+00,4.28E-02,,,
288,Tan Brook Up,3/5/22,,4:49:00 PM,1,"AKS, TN",Stream,13_sites,,,3/12/2024,288,-2.266259,8.58E-01,-8.576374,7.81E-02,-4.82E+00,5.17E-02,4 2Hck,,
289,Campus Pond Up,3/5/22,,5:28:00 PM,1,"AKS, TN",Stream,13_sites,,,3/12/2024,289,7.97733,1.19E+00,-8.481069,1.09E-01,-4.76E+00,5.09E-02,,,
290,Campus Pond Down,3/5/22,,5:45:00 PM,1,"AKS, TN",Stream,13_sites,,,11/10/2023,290,-38.980941,3.05E-01,-9.111873,1.49E-02,-4.85E+00,2.76E-02,Block Standardization,,
291,Roaring,4/2/22,,8:45:00 AM,1,"AKS, TN",Stream,13_sites,,,3/12/2024,291,339.071355,1.07E+00,-7.033221,4.54E-02,-4.03E+00,5.98E-02,4 2Hck,,
292,Doolittle,4/2/22,,9:14:00 AM,1,"AKS, TN",Stream,13_sites,,,3/12/2024,292,197.918784,3.97E-01,-7.505828,2.37E-02,-4.28E+00,1.43E-02,,,
293,Eastman Up,4/2/22,,9:55:00 AM,1,"AKS, TN",Stream,13_sites,,,3/12/2024,293,1.38063,8.79E-01,-7.94188,5.30E-02,-4.50E+00,5.19E-02,4 2Hck,,
294,Eastman Down,4/2/22,,10:46:00 AM,1,"AKS, TN",Stream,13_sites,,,11/10/2023,294,-26.075837,5.10E-01,-8.005786,4.30E-02,-4.17E+00,2.31E-02,Block Standardization,,
295,Horse Down,4/2/22,,11:20:00 AM,1,"AKS, TN",Stream,13_sites,,,11/10/2023,295,-28.364773,3.32E-01,-7.342947,4.33E-02,-3.77E+00,6.92E-03,Block Standardization,,
296,Horse Up,4/2/22,,12:05:00 PM,1,"AKS, TN",Stream,13_sites,,,11/10/2023,296,-38.413973,4.86E-01,-7.475786,8.45E-02,-3.85E+00,4.97E-02,Block Standardization,,
297,Mill Site,4/2/22,,2:30:00 PM,1,"AKS, TN",Stream,13_sites,,,3/12/2024,297,40.865249,1.17E+00,-7.890528,8.12E-02,-4.51E+00,2.60E-02,"3 2Hck, 1 svol",,
298,Knightly,4/2/22,,3:39:00 PM,1,"AKS, TN",Stream,13_sites,,,11/10/2023,298,-13.790361,7.21E-01,-8.104737,9.83E-02,-4.22E+00,4.48E-02,Block Standardization,,
299,Lake Warner Out,4/2/22,,4:18:00 PM,1,"AKS, TN",Stream,13_sites,,,3/12/2024,299,249.085643,3.90E-01,-6.88439,1.41E-02,-4.04E+00,3.72E-02,"1 dens, 1 aftr",,
300,Tan Brook Down,4/2/22,,5:04:00 PM,1,"AKS, TN",Stream,13_sites,,,3/12/2024,300,44.162775,1.14E+00,-7.448384,9.92E-02,-4.26E+00,3.75E-02,4 2Hck,,
301,Tan Brook Up,4/2/22,,5:44:00 PM,1,"AKS, TN",Stream,13_sites,,,11/10/2023,301,-51.329609,8.52E-01,-8.541208,7.05E-03,-4.55E+00,7.44E-03,"Block Standardization, 2 fvol, 2 2Hck",,
302,Campus Pond Up,4/2/22,,6:28:00 PM,1,"AKS, TN",Stream,13_sites,,,3/12/2024,302,4.154111,8.73E-01,-7.712104,1.19E-01,-4.39E+00,6.36E-02,4 2Hck,,
303,Campus Pond Down,4/2/22,,6:12:00 PM,1,"AKS, TN",Stream,13_sites,,,11/10/2023,303,-35.205251,7.21E-01,-7.559826,3.53E-02,-3.94E+00,6.51E-02,"Block Standardization, 2 fvol",,
304,Roaring,5/27/22,,9:45:00 AM,1,"TN, CDG",Stream,13_sites,,,3/13/2024,304,-250.322842,9.74E-01,-7.56316,6.19E-02,-4.45E+00,7.25E-02,4 2Hck,,
305,Doolittle,5/27/22,,10:26:00 AM,1,"TN, CDG",Stream,13_sites,,,11/15/23,305,-11.514919,7.43E-02,-8.195633,2.49E-03,-4.45E+00,9.73E-03,,,
306,Eastman Up,5/27/22,,11:05:00 AM,1,"TN, CDG",Stream,13_sites,,,11/15/23,306,-41.292468,5.03E-01,-7.13987,7.84E-02,-3.80E+00,4.63E-02,,,
307,Eastman Down,5/27/22,,11:40:00 AM,1,"TN, CDG",Stream,13_sites,,,3/13/24,307,-252.360964,4.53E-01,-7.495134,4.08E-02,-4.34E+00,4.47E-02,,,
308,Horse Down,5/27/22,,2:00:00 PM,1,"TN, CDG",Stream,13_sites,,,3/13/24,308,-275.265845,4.51E-01,-9.31565,8.14E-03,-4.89E+00,5.30E-02,,,
309,Horse Up,5/27/22,,1:25:00 PM,1,"TN, CDG",Stream,13_sites,,,11/15/23,309,-26.16216,6.08E-01,-6.363231,8.52E-03,-3.28E+00,5.90E-02,,,
310,Mill Site,5/27/22,,2:24:00 PM,1,"TN, CDG",Stream,13_sites,,,11/15/23,310,-25.118393,3.29E-01,-8.191756,3.86E-02,-4.25E+00,4.08E-02,,,
311,Knightly,5/27/22,,2:45:00 PM,1,"TN, CDG",Stream,13_sites,,,11/15/23,311,-52.720421,2.60E-01,-8.572969,4.37E-02,-4.38E+00,2.87E-02,,,
312,Lake Warner Out,5/27/22,,3:08:00 PM,1,"TN, CDG",Stream,13_sites,,,3/13/24,312,-116.363578,3.55E-01,-7.658181,6.98E-02,-4.26E+00,4.02E-02,,,
313,Tan Brook Down,5/27/22,,3:35:00 PM,1,"TN, CDG",Stream,13_sites,,,11/15/23,313,-21.328628,3.90E-01,-7.442255,4.35E-02,-3.75E+00,5.98E-02,,,
314,Tan Brook Up,5/27/22,,4:05:00 PM,1,"TN, CDG",Stream,13_sites,,,11/15/23,314,-44.368561,2.10E-01,-8.637581,6.19E-02,-4.38E+00,2.81E-02,,,
315,Campus Pond Up,5/27/22,,4:55:00 PM,1,"TN, CDG",Stream,13_sites,,,11/15/23,315,-13.398875,4.29E-01,-7.495237,1.07E-01,-3.77E+00,5.24E-02,,,
316,Campus Pond Down,5/27/22,,4:35:00 PM,1,"TN, CDG",Stream,13_sites,,,11/14/23,316,-43.297994,4.78E-01,-7.316856,3.86E-02,-3.86E+00,6.81E-02,,,
317,Roaring,6/29/22,,9:40:00 AM,1,"TN, JB",Stream,13_sites,,,3/13/24,317,-100.972046,8.14E-01,-6.698253,6.62E-02,-3.95E+00,5.48E-02,4 2Hck,,
318,Doolittle,6/29/22,,10:27:00 AM,1,"TN, JB",Stream,13_sites,,,3/13/24,318,-127.017776,3.21E-01,-7.084816,3.87E-02,-4.04E+00,3.62E-02,,,
319,Eastman Up,6/29/22,,11:20:00 AM,1,"TN, JB",Stream,13_sites,,,11/14/23,319,-14.970573,8.67E-02,-6.576504,5.49E-02,-3.41E+00,4.87E-02,1 svol,,
320,Eastman Down,6/29/22,,12:16:00 PM,1,"TN, JB",Stream,13_sites,,,11/14/23,320,-52.051749,3.32E-01,-8.024142,4.69E-02,-4.17E+00,2.08E-02,,,
321,Horse Down,6/29/22,,12:58:00 PM,1,"TN, JB",Stream,13_sites,,,3/13/24,321,-155.012478,4.99E-01,-9.447384,1.30E-01,-4.73E+00,3.54E-02,2 fvol,,
322,Horse Up,6/29/22,,1:46:00 PM,1,"TN, JB",Stream,13_sites,,,11/14/23,322,-32.926324,1.05E-01,-5.245243,1.78E-02,-2.72E+00,4.09E-02,,,
323,Mill Site,6/29/22,,3:29:00 PM,1,"TN, JB",Stream,13_sites,,,3/13/24,323,-136.097435,1.60E-01,-7.431426,9.06E-02,-4.11E+00,4.49E-02,,,
324,Knightly,6/29/22,,4:24:00 PM,1,"TN, JB",Stream,13_sites,,,11/14/23,324,-7.746394,4.14E-01,-8.321743,4.01E-02,-4.33E+00,4.89E-02,,,
325,Lake Warner Out,6/29/22,,5:06:00 PM,1,"TN, JB",Stream,13_sites,,,11/14/23,325,-14.509247,4.15E-01,-7.319433,6.57E-02,-3.79E+00,2.71E-02,,,
326,Tan Brook Down,6/29/22,,5:46:00 PM,1,"TN, JB",Stream,13_sites,,,3/13/24,326,-111.889582,4.99E-01,-8.249903,4.86E-02,-4.34E+00,3.83E-02,,,
327,Tan Brook Up,6/29/22,,6:33:00 PM,1,"TN, JB",Stream,13_sites,,,3/13/24,327,-283.982044,9.06E-01,-7.634426,6.94E-02,-4.12E+00,7.18E-02,4 2Hck,,
328,Campus Pond Up,6/29/22,,7:07:00 PM,1,"TN, JB",Stream,13_sites,,,3/13/24,328,-128.448302,9.83E-01,-9.007912,6.89E-02,-4.53E+00,1.89E-02,4 2Hck,,
329,Campus Pond Down,6/29/22,,7:21:00 PM,1,"TN, JB",Stream,13_sites,,,11/17/23,329,-31.614565,0.00E+00,-0.121805,0.00E+00,NaN,0.00E+00,3 fvol,,
330,Mill Site 116,6/29/22,,4:00:00 PM,1,CDG,Stream,13_sites,,,11/17/23,330,-52.596608,4.93E-01,-6.606381,2.51E-02,NaN,4.64E-02,,,
331,Eastman Down,7/21/22,,9:36:00 AM,1,"TN, JB",Stream,13_sites,,,11/17/23,331,-49.570059,7.50E-01,-5.076279,6.39E-02,NaN,3.15E-02,,,
332,Eastman Up,7/21/22,,9:05:00 AM,1,"TN, JB",Stream,13_sites,,,11/17/23,332,-41.413139,7.80E-01,-1.619601,8.19E-02,NaN,3.58E-02,,,
333,Horse Down,7/21/22,,10:04:00 AM,1,"TN, JB",Stream,13_sites,,,5/23/24,333,-26.723972,5.88E-01,-4.965352,3.89E-02,-2.61E+00,9.21E-03,Rerun based on house standards from 5/7/24,,
334,Tan Brook Down,7/21/22,,2:14:00 PM,1,"TN, JB",Stream,13_sites,,,11/17/23,334,-39.272409,4.30E-01,-2.791406,3.42E-02,NaN,3.37E-02,,,
335,Knightly,7/21/22,,12:56:00 PM,1,"TN, JB",Stream,13_sites,,,11/17/23,335,-37.816905,3.37E-01,-7.252489,7.67E-02,NaN,8.16E-02,,,
336,Doolittle,7/21/22,,8:29:00 AM,1,"TN, JB",Stream,13_sites,,,11/17/23,336,-50.341941,1.26E-01,-6.030757,6.73E-02,NaN,3.52E-02,,,
337,Mill Site,7/21/22,,12:22:00 PM,1,"TN, JB",Stream,13_sites,,,11/17/23,337,-42.31982,4.75E-01,-5.120332,1.65E-02,NaN,3.28E-02,,,
338,Roaring,7/21/22,,8:04:00 AM,1,"TN, JB",Stream,13_sites,,,11/17/23,338,-53.878799,3.70E-01,-7.734133,4.53E-02,NaN,4.69E-02,,,
339,Campus Pond Down,7/21/22,,3:20:00 PM,1,"TN, JB",Stream,13_sites,,,3/13/24,339,-103.203558,4.79E-01,-10.184877,5.25E-02,-4.87E+00,5.48E-02,,,
340,Lake Warner Out,7/21/22,,1:18:00 PM,1,"TN, JB",Stream,13_sites,,,11/17/23,340,-41.517448,1.98E-01,-4.483035,2.71E-02,NaN,3.39E-02,,,
341,Campus Pond Up,7/21/22,,3:00:00 PM,1,"TN, JB",Stream,13_sites,,,5/23/24,341,-33.119849,5.85E-01,-4.609557,1.12E-01,-2.41E+00,4.90E-02,Rerun based on house standards from 5/7/24,,
342,Horse Up,7/21/22,,10:35:00 AM,1,"TN, JB",Stream,13_sites,,,5/23/24,342,-15.219669,6.25E-01,-4.248715,1.08E-01,-2.27E+00,6.14E-02,Rerun based on house standards from 5/7/24,,
343,Tan Brook Up,7/21/22,,2:39:00 PM,1,"TN, JB",Stream,13_sites,,,11/17/23,343,-42.236373,4.78E-01,-6.356748,8.48E-02,NaN,5.58E-02,,,
344,Roaring,9/12/22,,8:03:00 AM,1,"TN, JB",Stream,13_sites,,,11/17/23,344,-54.721291,5.99E-01,-8.151167,7.34E-02,NaN,3.48E-02,,,
345,Doolittle,9/12/22,,8:20:00 AM,1,"TN, JB",Stream,13_sites,,,11/17/23,345,-15.939415,2.23E-01,-7.127183,5.05E-02,NaN,6.34E-02,1 fvol,,
346,Eastman Up,9/12/22,,8:46:00 AM,1,"TN, JB",Stream,13_sites,,,11/20/23,346,-17.788631,8.75E-01,-5.903419,4.94E-02,-3.06E+00,4.09E-02,"1 fvol, 1 svol, 2 2Hck",,
347,Eastman Down,9/12/22,,9:10:00 AM,1,"TN, JB",Stream,13_sites,,,11/20/23,347,-47.582885,6.40E-02,-8.006939,1.84E-02,-4.16E+00,2.92E-02,,,
348,Horse Down,9/12/22,,9:31:00 AM,1,"TN, JB",Stream,13_sites,,,3/13/24,348,-105.119613,2.67E-01,-7.874138,6.03E-02,-4.17E+00,5.51E-02,,,
349,Horse Up,9/12/22,,9:53:00 AM,1,"TN, JB",Stream,13_sites,,,11/20/23,349,-43.546521,8.47E-01,-7.02282,1.14E-01,-3.62E+00,4.87E-02,4 2 Hck,,
350,Mill Site,9/12/22,,11:42:00 AM,1,"TN, JB",Stream,13_sites,,,11/20/23,350,-16.48567,6.49E-01,-7.659447,4.80E-02,-4.01E+00,3.22E-02,,,
351,Knightly,9/12/22,,12:08:00 PM,1,"TN, JB",Stream,13_sites,,,11/20/23,351,-31.0881,5.43E-01,-8.467167,6.40E-02,-4.44E+00,7.12E-02,,,
352,Lake Warner Out,9/12/22,,12:25:00 PM,1,"TN, JB",Stream,13_sites,,,11/20/23,352,-38.010181,5.75E-01,-7.553343,5.75E-02,-3.98E+00,4.64E-02,1 svol,,
353,Tan Brook Down,9/12/22,,1:03:00 PM,1,"TN, JB",Stream,13_sites,,,11/20/23,353,-39.516275,5.78E-01,-7.867773,4.68E-02,-3.99E+00,1.26E-02,,,
354,Tan Brook Up,9/12/22,,1:26:00 PM,1,"TN, JB",Stream,13_sites,,,11/20/23,354,-12.962214,9.84E-01,-7.284444,1.52E-01,-3.70E+00,2.05E-02,"2 fvol, 2 2Hck",,
355,Campus Pond Up,9/12/22,,1:52:00 PM,1,"TN, JB",Stream,13_sites,,,11/20/23,355,-25.913262,1.94E-01,-7.708208,8.64E-03,-3.96E+00,3.29E-02,,,
356,Campus Pond Down,9/12/22,,1:57:00 PM,1,"TN, JB",Stream,13_sites,,,11/27/23,356,-18.565794,3.41E-01,-8.033253,6.48E-02,-4.24E+00,3.73E-02,1 fvol,,
357,Woodside,7/16/22,,12:00:00 PM,1,CDG,Precipitation,Precipitation,,,11/27/23,357,-56.898797,6.39E-01,-8.076384,6.70E-02,-4.29E+00,3.91E-02,2 fvol,,
358,Woodside,8/26/22,,11:59:00 PM,1,CDG,Precipitation,Precipitation,,,11/27/23,358,-1.915693,3.33E-01,-4.483017,4.47E-02,-2.29E+00,1.64E-02,1 fvol,,
359,Woodside,9/5/22,,11:59:00 PM,1,CDG,Precipitation,Precipitation,9/5/22 -> 9/6/22,,11/27/23,359,-30.223957,3.52E-01,-8.620167,2.27E-01,-4.46E+00,1.02E-01,"3 18ck, 1 fvol",,
360,Woodside,2/25/22,,11:50:00 PM,1,CDG,Snow,Snow,,,11/27/23,360,-31.292474,3.58E-01,-11.746286,1.44E-01,-6.17E+00,6.48E-02,4 intf,,
361,Woodside,2/25/22,,11:50:00 PM,2,CDG,Snow,Snow,,,11/27/23,361,-84.960224,1.68E-01,-13.501953,5.57E-02,-7.20E+00,8.38E-02,,,
362,Woodside,3/7/22,,11:59:00 PM,1,CDG,Precipitation,Precipitation,,,11/27/23,362,-22.417979,2.10E-01,-3.73669,6.22E-02,-1.93E+00,4.46E-02,,,
363,Woodside,3/24/22,,11:59:00 PM,1,CDG,Precipitation,Precipitation,,,11/27/23,363,-24.548388,4.88E-01,-5.360428,3.61E-02,-2.80E+00,1.46E-02,,,
364,Woodside,3/26/22,,11:59:00 PM,1,CDG,Precipitation,Precipitation,,,11/27/23,364,-77.733511,4.06E-01,-12.17886,1.11E-01,-6.33E+00,8.98E-02,1 fvol,,
365,Woodside,3/31/22,,11:59:00 PM,1,CDG,Precipitation,Precipitation,,,11/27/23,365,-23.025958,2.24E-01,-6.132972,1.16E-01,-3.09E+00,3.80E-02,,,
366,Woodside,4/8/22,,10:00:00 AM,1,CDG,Precipitation,Precipitation,,,3/13/24,366,-103.924993,2.97E-01,-9.285416,4.63E-02,-4.57E+00,2.20E-02,,,
367,Woodside,4/9/22,,4:00:00 PM,1,CDG,Precipitation,Precipitation,,,3/13/24,367,-347.258492,1.03E+00,-11.830468,9.66E-02,-5.31E+00,3.17E-02,4 2Hck,,
368,Woodside,4/10/22,,10:00:00 AM,1,CDG,Precipitation,Precipitation,,,3/13/24,368,-145.266245,4.79E-01,-6.937965,6.72E-02,-3.87E+00,2.63E-02,,,
369,Woodside,4/19/22,,10:00:00 AM,1,CDG,Precipitation,Precipitation,,,11/27/23,369,-18.533214,5.90E-01,-9.073461,8.99E-02,-4.45E+00,2.26E-02,,,
370,Woodside,5/4/22,,11:59:00 PM,1,CDG,Precipitation,Precipitation,,,3/13/24,370,-119.56066,4.01E-01,-10.950444,4.40E-02,-5.09E+00,5.22E-02,,,
371,Woodside,5/5/22,,11:59:00 PM,1,CDG,Precipitation,Precipitation,,,11/27/23,371,-8.068367,9.64E-01,-4.350666,1.21E-01,-2.00E+00,4.80E-02,4 2Hck,,
372,Woodside,5/16/21,,11:59:00 PM,1,CDG,Precipitation,Precipitation,,,11/27/23,372,-35.864736,6.35E-01,-6.146926,6.21E-02,-3.12E+00,8.94E-02,,,
373,Woodside,5/19/22,,11:59:00 PM,1,CDG,Precipitation,Precipitation,,,11/27/23,373,-6.963404,1.92E-01,-3.963759,2.96E-02,-2.18E+00,4.48E-02,,,
374,Woodside,5/28/22,,11:59:00 PM,1,CDG,Precipitation,Precipitation,,,11/27/23,374,-53.297312,4.91E-01,-8.840048,4.75E-02,-4.79E+00,4.01E-02,,,
375,Woodside,6/9/22,,5:00:00 PM,1,CDG,Precipitation,Precipitation,,,11/27/23,375,-38.666075,2.43E-01,-5.716889,1.93E-02,-3.12E+00,5.21E-02,,,
376,Woodside,6/27/22,,10:00:00 PM,1,CDG,Precipitation,Precipitation,,,11/28/23,376,-16.317912,1.94E-01,-3.333059,2.86E-02,-2.17E+00,4.90E-02,,,
377,Woodside,7/5/22,,11:59:00 PM,1,CDG,Precipitation,Precipitation,,,3/13/24,377,-104.778097,5.72E-01,-11.138326,1.12E-01,-5.13E+00,6.79E-02,,,
378,Woodside,7/18/22,,11:59:00 PM,1,CDG,Precipitation,Precipitation,,,11/28/23,378,-9.788417,1.99E-01,-3.099082,3.24E-02,-2.05E+00,3.55E-02,,,
379,Woodside,8/22/22,,12:00:00 PM,1,CDG,Precipitation,Precipitation,,,11/28/23,379,-21.982445,6.84E-01,-5.058929,4.54E-02,-3.02E+00,4.13E-02,,,
380,Woodside,8/23/22,,11:59:00 PM,1,CDG,Precipitation,Precipitation,,,3/13/24,380,-161.05506,6.81E-01,-8.603101,8.90E-02,-4.81E+00,2.66E-02,,,
381,Woodside,9/13/23,,11:59:00 PM,1,CDG,Precipitation,Precipitation,250 mL plastic bottle,,11/28/23,381,-43.574005,6.88E-01,-7.200628,7.36E-02,-4.13E+00,7.11E-02,,,
382,Woodside,9/19/23,,11:59:00 PM,1,CDG,Precipitation,Precipitation,glass container,,11/28/23,382,-17.672263,6.35E-01,-4.409121,5.64E-02,-2.77E+00,3.72E-03,2 fvol,,
383,Roaring,10/17/22,,9:05:00 AM,1,"TN, JB",Stream,13_sites,,,11/28/23,383,-9.411215,3.34E-01,-7.908351,7.96E-02,-4.53E+00,4.01E-02,,,
384,Doolittle,10/17/22,,9:24:00 AM,1,"TN, JB",Stream,13_sites,,,11/28/23,384,-31.165362,1.84E-01,-7.890976,1.93E-02,-4.44E+00,3.74E-02,,,
385,Eastman Up,10/17/22,,9:58:00 AM,1,"TN, JB",Stream,13_sites,,,11/28/23,385,-25.920303,4.47E-01,-6.348118,2.98E-02,-3.65E+00,3.63E-02,,,
386,Eastman Down,10/17/22,,10:27:00 AM,1,"TN, JB",Stream,13_sites,,,11/28/23,386,-37.39082,2.70E-01,-7.637308,2.95E-02,-4.28E+00,2.81E-02,,,
387,Horse Down,10/17/22,,10:50:00 AM,1,"TN, JB",Stream,13_sites,,,11/28/23,387,-2.628083,4.65E-01,-7.230744,7.60E-02,-4.07E+00,3.57E-02,,,
388,Horse Up,10/17/22,,11:31:00 AM,1,"TN, JB",Stream,13_sites,,,11/28/23,388,-23.072556,2.97E-01,-7.105578,6.10E-02,-4.19E+00,4.81E-02,,,
389,Mill Site,10/17/22,,1:16:00 PM,1,"TN, JB",Stream,13_sites,125 mL plastic bottle,,11/28/23,389,-51.247199,2.71E-01,-7.963839,2.56E-02,-4.54E+00,6.47E-02,,,
390,Knightly,10/17/22,,1:46:00 PM,1,"TN, JB",Stream,13_sites,,,11/28/23,390,-44.437252,2.03E-01,-8.009421,5.77E-02,-4.56E+00,2.90E-02,,,
391,Lake Warner Out,10/17/22,,2:11:00 PM,1,"TN, JB",Stream,13_sites,,,3/13/24,391,-106.926004,8.16E-01,-7.524759,4.08E-02,-4.24E+00,2.15E-02,4 2Hck,,
392,Tan Brook Down,10/17/22,,2:46:00 PM,1,"TN, JB",Stream,13_sites,,,11/28/23,392,-47.648459,5.26E-01,-8.690545,8.81E-02,-4.83E+00,2.51E-02,1 fvol,,
393,Tan Brook Up,10/17/22,,3:13:00 PM,1,"TN, JB",Stream,13_sites,,,11/28/23,393,-28.458721,1.72E-01,-7.72111,8.50E-02,-4.30E+00,6.71E-02,1 fvol,,
394,Campus Pond Up,10/17/22,,3:29:00 PM,1,"TN, JB",Stream,13_sites,,,11/28/23,394,-20.731438,5.75E-01,-7.732969,1.68E-01,-4.25E+00,7.93E-02,1 fvol,,
395,Campus Pond Down,10/17/22,,3:38:00 PM,1,"TN, JB",Stream,13_sites,,,11/28/23,395,-56.195399,5.89E-01,-9.221214,3.41E-02,-4.99E+00,4.82E-02,,,
396,Roaring,11/11/22,,8:58:00 AM,1,"TN, ER, JB",Stream,13_sites,,,11/29/23,396,-46.144434,8.00E-01,-8.723191,1.17E-01,-4.85E+00,8.73E-02,,,
397,Doolittle,11/11/22,,9:34:00 AM,1,"TN, ER, JB",Stream,13_sites,,,11/29/23,397,-42.71086,3.93E-01,-8.521879,7.69E-02,-4.75E+00,3.76E-02,,,
398,Eastman Up,11/11/22,,10:21:00 AM,1,"TN, ER, JB",Stream,13_sites,,,11/29/23,398,-32.024179,2.66E-01,-6.989595,2.59E-02,-4.01E+00,6.28E-02,1 svol,,
399,Eastman Down,11/11/22,,10:57:00 AM,1,"TN, ER, JB",Stream,13_sites,,,11/29/23,399,-40.555299,3.74E-01,-7.846135,2.99E-02,-4.50E+00,5.31E-02,,,
400,Horse Down,11/11/22,,11:37:00 AM,1,"TN, ER, JB",Stream,13_sites,,,11/29/23,400,-23.444886,2.57E-01,-6.574148,4.42E-02,-3.86E+00,3.54E-02,,,
401,Horse Up,11/11/22,,12:30:00 PM,1,"TN, ER, JB",Stream,13_sites,,,11/29/23,401,-33.800165,6.57E-01,-6.700663,7.92E-02,-3.88E+00,2.29E-02,1 fvol,,
402,Mill Site,11/11/22,,2:34:00 PM,1,"TN, ER, JB",Stream,13_sites,,,11/29/23,402,-35.337032,9.34E-01,-7.907683,2.82E-02,-4.50E+00,2.42E-02,"2 2Hck, 2 fvol",,
403,Knightly,11/11/22,,3:16:00 PM,1,"TN, ER, JB",Stream,13_sites,,,11/29/23,403,-37.168736,4.38E-01,-8.179519,5.29E-02,-4.57E+00,4.62E-02,,,
404,Lake Warner Out,11/11/22,,3:53:00 PM,1,"TN, ER, JB",Stream,13_sites,,,11/29/23,404,68.029144,4.28E-01,-7.244876,7.36E-02,-4.23E+00,2.79E-02,,,
405,Tan Brook Down,11/11/22,,4:45:00 PM,1,"TN, ER, JB",Stream,13_sites,,,2/22/24,405,-11.293274,7.15E-01,-4.146831,9.73E-02,-2.40E+00,6.32E-02,4 fvol,,
406,Woodside,12/7/22,,-,1,CDG,Precipitation,Precipitation,,,11/29/23,406,-17.089639,0.00E+00,-5.348321,0.00E+00,-3.31E+00,0.00E+00,3 fvol,,
407,Woodside,12/7/22,,-,1,CDG,Precipitation,Precipitation,,,11/29/23,407,-17.082675,4.00E-01,-5.325241,8.49E-02,-3.23E+00,3.79E-02,,,
408,Roaring,12/12/22,,10:07:00 AM,1,"TN, JB",Stream,13_sites,,,11/29/23,408,-46.435208,4.12E-01,-8.152592,5.41E-02,-4.68E+00,2.81E-02,,,
409,Doolittle,12/12/22,,10:27:00 AM,1,"TN, JB",Stream,13_sites,,,11/29/23,409,-48.949448,3.80E-01,-7.656363,4.17E-02,-4.35E+00,4.30E-02,,,
410,Eastman Up,12/12/22,,10:54:00 AM,1,"TN, JB",Stream,13_sites,,,11/29/23,410,-46.571019,1.11E+00,-7.488389,1.58E-01,-4.27E+00,6.16E-02,4 2Hck,,
411,Eastman Down,12/12/22,,11:18:00 AM,1,"TN, JB",Stream,13_sites,,,11/29/23,411,-48.658674,1.36E-01,-7.865369,2.13E-02,-4.50E+00,4.70E-02,,,
412,Horse Down,12/12/22,,11:50:00 AM,1,"TN, JB",Stream,13_sites,,,11/29/23,412,-40.379442,5.82E-01,-7.189626,1.08E-02,-4.12E+00,2.67E-02,,,
413,Horse Up,12/12/22,,12:04:00 PM,1,"TN, JB",Stream,13_sites,,,11/29/23,413,-23.349122,1.18E-01,-6.967797,5.11E-02,-4.05E+00,2.61E-02,,,
414,Mill Site,12/12/22,,1:36:00 PM,1,"TN, JB",Stream,13_sites,,,11/29/23,414,-37.880872,2.13E-01,-7.689701,6.77E-02,-4.40E+00,2.24E-02,,,
415,Knightly,12/12/22,,2:03:00 PM,1,"TN, JB",Stream,13_sites,,,2/22/24,415,-44.871835,9.66E-01,-8.588628,5.53E-02,-4.51E+00,3.81E-02,4 2Hck,,
416,Lake Warner Out,12/12/22,,2:29:00 PM,1,"TN, JB",Stream,13_sites,,,11/29/23,416,-44.351036,3.59E-01,-7.647387,2.83E-02,-4.32E+00,2.13E-02,,,
417,Tan Brook Down,12/12/22,,3:03:00 PM,1,"TN, JB",Stream,13_sites,,,11/29/23,417,-39.211701,2.99E-01,-8.336808,8.08E-02,-4.71E+00,3.45E-02,1 fvol,,
418,Tan Brook Up,12/12/22,,3:35:00 PM,1,"TN, ER, JB",Stream,13_sites,,,11/29/23,418,-47.678399,6.17E-01,-8.889883,1.57E-01,-4.95E+00,9.69E-02,,,
419,Campus Pond Up,12/12/22,,4:20:00 PM,1,"TN, ER, JB",Stream,13_sites,,,11/29/23,419,-44.625559,3.08E-01,-7.545235,3.74E-02,-4.26E+00,7.89E-03,1 fvol,,
420,Campus Pond Down,12/12/22,,4:28:00 PM,1,"TN, ER, JB",Stream,13_sites,,,11/29/23,420,-41.079389,3.49E-01,-7.497365,0.00E+00,-4.26E+00,0.00E+00,2 fvol,,
421,Woodside,1/4/23,,11:59:00 PM,1,CDG,Precipitation,Precipitation,,,11/29/23,421,-53.542637,6.35E-02,-8.348776,4.94E-02,-4.67E+00,4.47E-02,2 fvol,,
422,Woodside,1/4/23,,11:59:00 PM,2,CDG,Precipitation,Precipitation,,,11/29/23,422,-54.814848,4.38E-01,-8.352195,7.47E-02,-4.75E+00,3.08E-02,1 fvol,,
423,Woodside,1/20/23,,11:59:00 PM,1,CDG,Precipitation,Precipitation,,,11/29/23,423,-45.996435,1.78E-01,-7.823055,4.84E-02,-4.46E+00,5.41E-02,,,
424,Woodside,1/20/23,,11:59:00 PM,2,CDG,Precipitation,Precipitation,,,11/29/23,424,-44.086379,5.05E-01,-8.032061,8.89E-02,-4.58E+00,2.98E-02,,,
425,Woodside,1/26/23,,11:59:00 PM,1,CDG,Precipitation,Precipitation,,,11/29/23,425,-93.22027,1.72E-01,-14.036816,4.94E-02,-7.54E+00,6.33E-02,2 fvol,,
426,Woodside,1/26/23,,11:59:00 PM,2,CDG,Precipitation,Precipitation,,,11/29/23,426,-90.631741,4.75E-01,-13.898334,1.48E-01,-7.41E+00,8.37E-02,1 fvol,,
427,Roaring,1/30/23,,8:31:00 AM,1,"TN, JB",Stream,13_sites,,,2/22/24,427,-47.366261,6.63E-01,-9.05513,8.66E-02,-4.68E+00,7.43E-02,4 fvol,,
428,Doolittle,1/30/23,,9:04:00 AM,1,"TN, JB",Stream,13_sites,,,11/29/23,428,-45.83973,0.00E+00,-8.256454,0.00E+00,-4.67E+00,0.00E+00,3 fvol,,
429,Eastman Up,1/30/23,,9:40:00 AM,1,"TN, JB",Stream,13_sites,,,11/29/23,429,-50.768384,4.63E-01,-8.866803,1.39E-01,-5.01E+00,8.29E-02,1 fvol,,
430,Eastman Down,1/30/23,,10:07:00 AM,1,"TN, JB",Stream,13_sites,,,2/22/24,430,-51.805912,3.00E-01,-8.779242,5.78E-02,-4.57E+00,3.75E-02,4 fvol,,
431,Horse Down,1/30/23,,10:33:00 AM,1,"TN, JB",Stream,13_sites,,,11/29/23,431,-50.199604,6.07E-01,-9.046317,1.55E-01,-5.00E+00,1.49E-02,2 fvol,,
432,Horse Up,1/30/23,,-,1,"TN, JB",Stream,13_sites,,,11/29/23,432,-34.104289,0.00E+00,-9.046317,0.00E+00,-4.99E+00,0.00E+00,3 fvol,,
433,Mill Site,1/30/23,,12:27:00 PM,1,"TN, JB",Stream,13_sites,,,2/22/24,433,-50.668046,7.26E-01,-8.795545,3.85E-02,-4.62E+00,4.32E-02,4 fvol,,
434,Knightly,1/30/23,,12:55:00 PM,1,"TN, JB",Stream,13_sites,,,11/29/23,434,-45.122371,0.00E+00,-8.589838,0.00E+00,-4.78E+00,0.00E+00,3 fvol,,
435,Lake Warner Out,1/30/23,,1:16:00 PM,1,"TN, JB",Stream,13_sites,,,11/29/23,435,-51.40623,4.04E-01,-8.866803,6.78E-02,-4.88E+00,4.55E-02,,,
436,Tan Brook Down,1/30/23,,1:46:00 PM,1,"TN, JB",Stream,13_sites,,,11/30/23,436,-14.603883,1.61E-01,-8.234707,4.20E-02,-4.66E+00,5.67E-02,,,
437,Tan Brook Up,1/30/23,,2:04:00 PM,1,"TN, JB",Stream,13_sites,,,11/30/23,437,-45.021892,3.97E-01,-8.301064,5.92E-02,-4.70E+00,3.61E-02,,,
438,Campus Pond Up,1/30/23,,2:25:00 PM,1,"TN, JB",Stream,13_sites,,,11/30/23,438,-52.524584,4.18E-01,-8.254739,7.95E-02,-4.67E+00,2.70E-02,,,
439,Campus Pond Down,1/30/23,,2:39:00 PM,1,"TN, JB",Stream,13_sites,,,2/22/24,439,-52.869784,5.79E-01,-8.477019,1.05E-01,-4.44E+00,6.16E-02,4 fvol,,
440,Woodside,10/24/22,,7:00:00 AM,1,CDG,Precipitation,Precipitation,Small glass mason jar,,11/30/23,440,-9.708546,2.14E-01,-4.740296,7.22E-02,-2.87E+00,4.36E-02,,,
441,Woodside,10/28/22,,12:00:00 PM,1,CDG,Precipitation,Precipitation,Small glass mason jar,,11/30/23,441,-38.090351,3.21E-01,-7.447181,4.12E-02,-4.22E+00,2.51E-02,,,
442,Woodside,11/12/22,,11:00:00 AM,1,CDG,Precipitation,Precipitation,Small glass mason jar,,11/30/23,442,-5.756114,1.61E-01,-4.180639,5.35E-02,-2.62E+00,4.96E-02,,,
443,Woodside,11/27/22,,11:59:00 PM,1,CDG,Precipitation,Precipitation,Small glass mason jar,,11/30/23,443,-55.424273,1.25E-01,-10.083953,6.00E-02,-5.48E+00,3.58E-02,,,
444,Woodside,11/30/22,,11:59:00 PM,1,CDG,Precipitation,Precipitation,Small glass mason jar,,11/30/23,444,-55.463138,1.32E-01,-9.276394,5.30E-02,-5.13E+00,3.55E-02,,,
445,Woodside,12/3/22,,11:59:00 PM,1,CDG,Precipitation,Precipitation,Small glass mason jar,,11/30/23,445,-7.008253,2.60E-01,-4.92184,1.43E-02,-2.95E+00,3.69E-02,,,
446,Roaring,2/18/23,,9:19:00 AM,1,"TN, ER",Stream,13_sites,,,11/30/23,446,-52.576967,1.65E-01,-8.590283,6.02E-02,-4.74E+00,2.88E-02,,,
447,Doolittle,2/18/23,,9:57:00 AM,1,"TN, ER",Stream,13_sites,,,11/30/23,447,-46.488634,2.20E-01,-7.591164,3.08E-02,-4.25E+00,3.53E-02,,,
448,Eastman Up,2/18/23,,10:41:00 AM,1,"TN, ER",Stream,13_sites,,,11/30/23,448,-47.152724,2.32E-01,-8.053163,7.21E-02,-4.52E+00,5.33E-02,,,
449,Eastman Down,2/18/23,,11:21:00 AM,1,"TN, ER",Stream,13_sites,,,11/30/23,449,-42.06475,1.31E-01,-8.099488,3.89E-02,-4.60E+00,1.74E-02,,,
450,Horse Down,2/18/23,,11:59:00 AM,1,"TN, ER",Stream,13_sites,,,11/30/23,450,-44.406806,3.30E-01,-7.900415,3.48E-02,-4.52E+00,7.45E-02,,,
451,Horse Up,2/18/23,,12:45:00 PM,1,"TN, ER",Stream,13_sites,,,11/30/23,451,-44.701957,7.40E-01,-8.043981,4.47E-02,-4.68E+00,2.58E-02,1 fvol,,
452,Mill Site,2/18/23,,2:35:00 PM,1,"TN, ER",Stream,13_sites,,,11/30/23,452,-45.238186,1.27E-01,-8.075699,7.05E-03,-4.75E+00,3.72E-02,2 fvol,,
453,Knightly,2/18/23,,2:57:00 PM,1,"TN, ER",Stream,13_sites,,,11/30/23,453,-46.060553,1.95E-01,-8.187547,1.75E-02,-4.73E+00,8.46E-03,1 fvol,,
454,Lake Warner Out,2/18/23,,3:25:00 PM,1,"TN, ER",Stream,13_sites,,,11/30/23,454,64.963517,1.92E-01,-7.717619,8.01E-02,-4.44E+00,1.54E-02,,,
455,Tan Brook Down,2/18/23,,4:03:00 PM,1,"TN, ER",Stream,13_sites,,,11/30/23,455,-43.411517,2.91E-01,-7.790237,4.90E-02,-4.46E+00,5.07E-02,,,
456,Tan Brook Up,2/18/23,,4:31:00 PM,1,"TN, ER",Stream,13_sites,,,12/01/23,456,7.845301,7.23E-01,-7.938472,5.08E-02,-4.46E+00,4.52E-02,,,
457,Campus Pond Up,2/18/23,,4:55:00 PM,1,"TN, ER",Stream,13_sites,,,12/01/23,457,-41.093199,4.11E-01,-8.078579,4.36E-02,-4.51E+00,5.46E-02,,,
458,Campus Pond Down,2/18/23,,5:15:00 PM,1,"TN, ER",Stream,13_sites,,,12/01/23,458,-47.125241,4.60E-01,-7.803197,8.03E-02,-4.39E+00,5.28E-02,,,
459,Woodside,3/4/23,,11:59:00 PM,1,CDG,Snow,Snow,,,12/01/23,459,-31.868401,4.50E-01,-5.265578,3.17E-02,-3.28E+00,4.52E-02,,,
460,Woodside,3/12/23,3/18/23,11:59:00 PM,1,CDG,Snow,Snow,,,12/01/23,460,-93.799247,9.98E-01,-11.900106,1.45E-01,-6.28E+00,7.98E-02,4 2Hck,,
461,Woodside,3/12/23,3/18/23,11:59:00 PM,2,CDG,Snow,Snow,,,12/01/23,461,-100.406085,2.90E-01,-11.983445,2.79E-02,-6.28E+00,4.56E-03,,,
462,Roaring,3/11/23,,8:10:00 AM,1,"TN, JB, CL",Stream,13_sites,,,12/01/23,462,-53.656101,2.72E-01,-8.815346,4.58E-02,-4.82E+00,2.80E-02,,,
463,Doolittle,3/11/23,,8:29:00 AM,1,"TN, JB, CL",Stream,13_sites,,,12/01/23,463,-49.206395,3.20E-01,-8.404689,5.65E-02,-4.60E+00,4.44E-02,,,
464,Eastman Up,3/11/23,,9:01:00 AM,1,"TN, JB, CL",Stream,13_sites,,,12/01/23,464,-47.216085,6.69E-01,-8.335844,5.36E-02,-4.52E+00,4.43E-02,,,
465,Eastman Down,3/11/23,,9:27:00 AM,1,"TN, JB, CL",Stream,13_sites,,,12/01/23,465,-46.122654,8.09E-01,-8.36,7.04E-02,-4.44E+00,5.48E-03,"3 2Hck, 1 fvol",,
466,Horse Down,3/11/23,,9:51:00 AM,1,"TN, JB, CL",Stream,13_sites,,,12/01/23,466,-27.887781,2.62E-01,-8.216672,6.64E-02,-4.32E+00,6.97E-02,1 fvol,,
467,Horse Up,3/11/23,,10:11:00 AM,1,"TN, JB, CL",Stream,13_sites,,,2/22/24,467,-43.53994,6.31E-01,-8.51E+00,9.21E-02,-4.50E+00,4.61E-02,4 fvol,,
468,Mill Site,3/11/23,,12:16:00 PM,1,"TN, JB, CL",Stream,13_sites,,,12/01/23,468,-50.52446,4.89E-01,-8.356376,8.22E-02,-4.39E+00,5.34E-02,,,
469,Knightly,3/11/23,,12:49:00 PM,1,"TN, JB, CL",Stream,13_sites,,,12/01/23,469,-45.333137,4.08E-01,-8.294778,2.02E-02,-4.36E+00,3.59E-02,,,
470,Lake Warner Out,3/11/23,,1:12:00 PM,1,"TN, JB, CL",Stream,13_sites,,,12/01/23,470,-23.137465,0.00E+00,-8.128099,0.00E+00,-4.24E+00,0.00E+00,3 fvol,,
471,Tan Brook Down,3/11/23,,1:45:00 PM,1,"TN, JB, CL",Stream,13_sites,,,12/01/23,471,-53.097272,7.18E-01,-8.43891,1.44E-01,-4.37E+00,9.50E-02,1 fvol,,
472,Tan Brook Up,3/11/23,,2:24:00 PM,1,"TN, JB, CL",Stream,13_sites,,,12/01/23,472,-53.117093,3.14E-01,-8.467898,2.84E-02,-4.37E+00,4.36E-02,1 svol,,
473,Campus Pond Up,3/11/23,,2:48:00 PM,1,"TN, JB, CL",Stream,13_sites,,,12/01/23,473,-51.710387,9.95E-01,-8.777904,1.25E-01,-4.51E+00,4.28E-02,4 2Hck,,
474,Campus Pond Down,3/11/23,,3:00:00 PM,1,"TN, JB, CL",Stream,13_sites,,,12/01/23,474,-49.596199,3.28E-01,-8.361208,3.76E-02,-4.29E+00,2.67E-02,,,
475,Woodside,3/23/23,,11:59:00 PM,1,CDG,Precipitation,Precipitation,,,12/01/23,475,-22.260407,1.39E-01,-3.729237,3.85E-02,-2.30E+00,3.15E-02,,,
476,Woodside,3/25/23,,11:59:00 PM,1,CDG,Precipitation,Precipitation,,,12/4/23,476,-23.525926,3.14E-01,-3.623528,6.92E-02,-1.875012,2.69E-02,,,
477,Woodside,3/28/23,,11:59:00 PM,1,CDG,Precipitation,Precipitation,,,12/4/23,477,-30.66918,2.24E-01,-3.972734,1.23E-01,-2.04682,6.79E-02,,,
478,Woodside,3/28/23,,11:59:00 PM,2,CDG,Precipitation,Precipitation,,,12/4/23,478,-25.813731,7.48E-01,-3.623528,1.19E-01,-1.911828,6.15E-02,,,
479,Woodside,3/4/23,,11:59:00 PM,2,CDG,Snow,Snow,,,12/4/23,479,-30.341884,7.82E-01,-5.417991,1.47E-01,-2.817915,6.66E-02,,,
480,Woodside,4/1/23,,11:59:00 PM,1,CDG,Precipitation,Precipitation,,,12/4/23,480,39.167791,6.53E-01,-1.894062,9.26E-02,-1.033693,9.68E-02,,,
481,Woodside,4/1/23,,11:59:00 PM,2,CDG,Precipitation,Precipitation,,,2/22/24,481,-6.202474,5.46E-01,-2.145388,3.58E-02,-1.211324,3.46E-02,4 fvol,,
482,Woodside,4/15/23,,11:59:00 PM,1,CDG,Precipitation,Precipitation,,,12/4/23,482,-24.733652,4.47E-01,-4.017341,4.55E-02,-2.035912,1.43E-02,,,
483,Woodside,4/17/23,,11:59:00 PM,1,CDG,Precipitation,Precipitation,,,12/4/23,483,-14.530171,5.21E-01,-3.132854,8.57E-02,-1.636388,9.05E-02,,,
484,Roaring,4/22/23,,8:38:00 AM,1,"TN, JB, CDG",Stream,13_sites,,,12/4/23,484,-55.272087,4.99E-01,-9.097407,8.55E-02,-4.801899,8.19E-02,,,
485,Doolittle,4/22/23,,9:01:00 AM,1,"TN, JB, CDG",Stream,13_sites,,,12/4/23,485,-52.643893,2.74E-01,-8.659836,7.08E-02,-4.497597,1.11E-01,1 svol,,
486,Eastman Up,4/22/23,,9:28:00 AM,1,"TN, JB, CDG",Stream,13_sites,,,12/4/23,486,-48.549409,7.64E-01,-8.067629,1.22E-01,-4.225794,6.84E-02,,,
487,Eastman Down,4/22/23,,9:54:00 AM,1,"TN, JB, CDG",Stream,13_sites,,,12/4/23,487,-50.539374,6.95E-01,-8.336544,6.51E-02,-4.345787,3.31E-02,,,
488,Horse Down,4/22/23,,10:20:00 AM,1,"TN, JB, CDG",Stream,13_sites,,,12/4/23,488,-46.374521,5.94E-01,-7.803813,9.48E-02,-4.109891,7.45E-02,,,
489,Horse Up,4/22/23,,10:41:00 AM,1,"TN, JB, CDG",Stream,13_sites,,,12/4/23,489,-47.896452,5.27E-01,-7.896849,1.28E-01,-4.114663,7.79E-02,,,
490,Mill Site,4/22/23,,1:12:00 PM,1,"TN, JB, CDG",Stream,13_sites,,,12/4/23,490,-52.629164,5.95E-01,-8.585067,3.13E-02,-4.50737,8.46E-02,,,
491,Knightly,4/22/23,,1:42:00 PM,1,"TN, JB, CDG",Stream,13_sites,,,12/4/23,491,-53.231391,7.23E-01,-8.462717,1.42E-01,-4.376468,8.68E-02,,,
492,Lake Warner Out,4/22/23,,2:13:00 PM,1,"TN, JB, CDG",Stream,13_sites,,,12/4/23,492,-50.697567,4.37E-01,-8.263899,3.27E-02,-4.310335,4.79E-02,1 fvol,,
493,Tan Brook Down,4/22/23,,2:50:00 PM,1,"TN, JB, CDG",Stream,13_sites,,,12/4/23,493,-46.219055,8.02E-01,-7.933809,1.13E-01,-4.152161,3.80E-02,4 2Hck,,
494,Tan Brook Up,4/22/23,,3:25:00 PM,1,"TN, JB, CDG",Stream,13_sites,,,12/4/23,494,-51.920567,6.20E-01,-8.323799,8.14E-02,-4.364877,8.60E-02,,,
495,Campus Pond Up,4/22/23,,3:50:00 PM,1,"TN, JB, CDG",Stream,13_sites,,,12/4/23,495,-48.699965,6.03E-01,-8.003906,7.76E-02,-4.259883,3.54E-02,2 fvol,,
496,Campus Pond Down,4/22/23,,4:05:00 PM,1,"TN, JB, CDG",Stream,13_sites,,,12/4/23,496,-45.528459,4.08E-01,-7.787244,7.20E-02,-4.009669,9.06E-02,,,
497,Woodside,4/23/23,,11:59:00 PM,1,CDG,Precipitation,Precipitation,,,12/4/23,497,-15.037482,1.84E-01,-5.003786,4.34E-02,-2.587473,4.06E-02,,,
498,Woodside,4/23/23,,11:59:00 PM,2,CDG,Precipitation,Precipitation,,,12/4/23,498,-14.682364,9.32E-01,-4.948984,1.50E-01,-2.557475,1.11E-01,4 2Hck,,
499,Woodside,4/29-30/23,,11:59:00 PM,1,CDG,Precipitation,Precipitation,,,12/4/23,499,-38.09882,8.83E-01,-7.085007,1.11E-01,-3.674233,9.06E-02,4 2Hck,,
500,Woodside,4/29-30/23,,11:59:00 PM,1,CDG,Precipitation,Precipitation,,,2/1/24,500,-45.985827,5.16E-01,-7.356049,6.24E-02,-4.253845,4.26E-02,1 fvol,,
501,Woodside,5/1/23,,11:59:00 PM,1,CDG,Precipitation,Precipitation,,,2/1/24,501,-68.969232,5.39E-01,-11.171133,7.63E-02,-5.910963,6.67E-02,1 svol,,
502,Woodside,5/2/23,,11:59:00 PM,1,CDG,Precipitation,Precipitation,,,2/1/24,502,-125.692383,5.04E-01,-16.97404,7.23E-02,-8.805632,5.68E-02,,,
503,Woodside,5/20/23,,11:59:00 PM,1,CDG,Precipitation,Precipitation,,,2/1/24,503,-18.369641,5.71E-01,-3.450212,5.09E-02,-1.961204,8.95E-02,1 fvol,,
504,Woodside,5/20/23,,11:59:00 PM,2,CDG,Precipitation,Precipitation,,,2/1/24,504,-13.461657,5.00E-01,-3.403527,6.27E-02,-1.954373,5.45E-02,,,
505,Woodside,5/24/23,,11:59:00 PM,1,CDG,Precipitation,Precipitation,,,2/1/24,505,-31.651839,2.98E-01,-5.80148,2.95E-02,-3.254065,2.09E-02,,,
506,Woodside,5/24/23,,11:59:00 PM,2,CDG,Precipitation,Precipitation,,,2/1/24,506,-30.95993,8.06E-02,-5.797554,3.02E-02,-3.286458,4.63E-02,,,
507,Roaring,5/21/23,,8:13:00 AM,1,"TN, NO",Stream,13_sites,,,2/1/24,507,-46.196965,5.02E-01,-8.071159,6.07E-02,-4.41559,6.10E-02,,,
508,Doolittle,5/21/23,,8:38:00 AM,1,"TN, NO",Stream,13_sites,,,2/1/24,508,-44.853258,3.94E-01,-8.014875,5.43E-02,-4.404352,6.39E-02,,,
509,Eastman Up,5/21/23,,9:14:00 AM,1,"TN, NO",Stream,13_sites,,,2/1/24,509,-43.446043,3.67E-01,-7.068521,4.65E-02,-3.998446,1.20E-02,,,
510,Eastman Down,5/21/23,,9:50:00 AM,1,"TN, NO",Stream,13_sites,,,2/1/24,510,-40.437186,2.99E-01,-7.078556,2.75E-02,-3.889808,1.10E-02,1 fvol,,
511,Horse Down,5/21/23,,10:19:00 AM,1,"TN, NO",Stream,13_sites,,,2/1/24,511,-29.19339,1.99E-01,-5.353828,8.44E-02,-3.018719,8.16E-02,,,
512,Horse Up,5/21/23,,10:49:00 AM,1,"TN, NO",Stream,13_sites,,,2/1/24,512,-24.709353,3.29E-01,-5.390478,3.46E-02,-2.987648,4.09E-02,,,
513,Mill Site,5/21/23,,12:25:00 PM,1,"TN, NO",Stream,13_sites,,,2/1/24,513,-41.739669,3.25E-01,-7.012237,7.67E-02,-3.764422,8.38E-02,,,
514,Knightly,5/21/23,,12:57:00 PM,1,"TN, NO",Stream,13_sites,,,2/1/24,514,-45.500042,6.08E-01,-7.611726,9.16E-02,-3.991835,3.63E-02,,,
515,Lake Warner Out,5/21/23,,1:24:00 PM,1,"TN, NO",Stream,13_sites,,,2/1/24,515,-41.831589,5.20E-01,-7.153601,7.71E-02,-3.734012,5.49E-02,,,
516,Tan Brook Down,5/21/23,,2:20:00 PM,1,"TN, NO",Stream,13_sites,,,2/1/24,516,-36.578764,4.02E-01,-6.200703,8.62E-02,-3.190601,3.10E-02,,,
517,Tan Brook Up,5/21/23,,2:46:00 PM,1,"TN, NO",Stream,13_sites,,,2/1/24,517,-44.52903,1.48E-01,-7.656229,5.04E-02,-3.942915,9.93E-02,,,
518,Campus Pond Up,5/21/23,,3:07:00 PM,1,"TN, NO",Stream,13_sites,,,2/1/24,518,-35.519175,2.71E-01,-5.979058,5.99E-02,-3.05596,4.44E-02,1 fvol,,
519,Campus Pond Down,5/21/23,,3:22:00 PM,1,"TN, NO",Stream,13_sites,,,2/1/24,519,-33.268521,5.37E-01,-5.785337,5.49E-02,-2.973985,6.32E-02,1 fvol,,
520,Roaring,6/14/23,,9:17:00 AM,1,"TN, ACM, CDG",Stream,13_sites,,,2/6/24,520,-50.71584,2.76E-01,-8.594356,1.76E-02,-4.262915,1.86E-03,2 fvol,,
521,Doolittle,6/14/23,,9:54:00 AM,1,"TN, ACM, CDG",Stream,13_sites,,,2/6/24,521,-48.769958,2.81E-01,-8.121151,4.00E-02,-3.92155,1.99E-02,1 fvol,,
522,Eastman Up,6/14/23,,10:49:00 AM,1,"TN, ACM, CDG",Stream,13_sites,,,2/6/24,522,-44.912687,3.62E-01,-6.684962,5.66E-02,-3.148768,4.41E-02,,,
523,Eastman Down,6/14/23,,11:26:00 AM,1,"TN, ACM, CDG",Stream,13_sites,,,2/6/24,523,-45.280619,1.59E-01,-7.977781,4.16E-02,-3.879701,5.35E-02,,,
524,Horse Down,6/14/23,,12:02:00 PM,1,"TN, ACM, CDG",Stream,13_sites,,,2/6/24,524,-44.531613,5.67E-01,-7.026813,3.22E-02,-3.499774,5.69E-02,,,
525,Horse Up,6/14/23,,1:48:00 PM,1,"TN, ACM, CDG",Stream,13_sites,,,2/6/24,525,-47.337101,9.18E-02,-7.08151,5.47E-02,-3.598371,7.59E-02,,,
526,Mill Site,6/14/23,,2:30:00 PM,1,"TN, ACM, CDG",Stream,13_sites,,,2/6/24,526,-48.743129,3.86E-01,-8.130682,3.11E-02,-4.204414,5.75E-02,,,
527,Knightly,6/14/23,,11:00:00 AM,1,CDG,Stream,13_sites,,,2/6/24,527,-42.241889,4.32E-01,-8.230129,5.42E-02,-4.329304,8.47E-02,,,
528,Lake Warner Out,6/14/23,,-,1,"TN, ACM, CDG",Stream,13_sites,,,2/6/24,528,-48.183017,1.30E-01,-7.504162,6.19E-02,-3.917168,4.97E-02,,,
529,Lake Warner Out,6/14/23,,12:00:00 PM,1,CDG,Stream,13_sites,Extra,,2/6/24,529,-50.236214,6.48E-01,-7.956648,3.06E-02,-4.191925,7.32E-02,,,
530,Tan Brook Down,6/14/23,,10:00:00 AM,1,CDG,Stream,13_sites,,,2/6/24,530,-51.289093,1.92E-01,-7.982753,5.05E-02,-4.207701,6.00E-02,,,
531,Tan Brook Up,6/14/23,,10:00:00 AM,1,CDG,Stream,13_sites,,,2/6/24,531,-50.778257,4.72E-01,-8.250019,6.43E-02,-4.324703,5.90E-02,,,
532,Campus Pond Up,6/14/23,,11:00:00 AM,1,CDG,Stream,13_sites,,,2/6/24,532,-51.691519,3.55E-01,-8.015074,6.25E-02,-4.275623,3.31E-02,1 fvol,,
533,Campus Pond Down,6/14/23,,11:00:00 AM,1,CDG,Stream,13_sites,,,2/6/24,533,-53.920469,2.33E-01,-8.117007,4.28E-02,-4.216246,4.54E-02,,,
534,Campus Pond Down,6/14/23,,-,1,"TN, ACM, CDG",Stream,13_sites,Extra,,2/6/24,534,-47.011874,5.14E-01,-7.802505,7.59E-02,-4.066378,6.40E-02,,,
535,North East Street,6/24/23,,-,1,TN,Precipitation,Precipitation,,,2/6/24,535,-36.808311,2.79E-01,-5.845874,6.22E-02,-2.988384,5.35E-02,,,
536,North East Street,6/24/23,,-,2,TN,Precipitation,Precipitation,,,2/6/24,536,-36.41574,4.74E-01,-5.821012,4.14E-02,-3.023221,2.30E-02,,,
537,North East Street,6/26/23,,-,1,TN,Precipitation,Precipitation,,,2/6/24,537,-49.147198,3.25E-01,-7.598637,5.24E-02,-3.820543,3.91E-02,,,
538,North East Street,6/26/23,,-,2,TN,Precipitation,Precipitation,,,2/6/24,538,-49.587404,1.16E+00,-7.731648,1.54E-01,-3.927028,9.82E-02,4 2Hck,,
539,North East Street,6/27/23,,-,1,TN,Precipitation,Precipitation,,,2/6/24,539,-14.9853,5.04E-01,-3.446701,1.15E-01,-1.63103,5.15E-02,,,
540,North East Street,6/27/23,,-,2,TN,Precipitation,Precipitation,,,2/6/24,540,-12.572384,0.00E+00,-3.276397,0.00E+00,-1.690189,0.00E+00,3 fvol,,
541,North East Street,6/28/23,,-,1,TN,Precipitation,Precipitation,,,2/22/24,541,-39.322271,1.13E+00,-6.430431,1.14E-01,-3.359725,7.71E-02,4 fvol,,
542,North East Street,7/2/23,,-,1,TN,Precipitation,Precipitation,,,2/6/24,542,-20.014809,2.94E-01,-6.147946,5.19E-02,-3.041626,4.74E-02,,,
543,North East Street,7/2/23,,-,2,TN,Precipitation,Precipitation,,,2/6/24,543,-25.177365,3.81E-01,-6.116868,3.06E-02,-2.944344,1.95E-02,,,
544,North East Street,7/3/23,,-,1,TN,Precipitation,Precipitation,,,2/6/24,544,-24.016078,3.12E-01,-5.216868,3.76E-02,-2.481595,7.52E-02,,,
545,North East Street,7/3/23,,-,2,TN,Precipitation,Precipitation,,,2/6/24,545,-23.639932,2.73E-01,-5.149741,5.17E-02,-2.428352,3.69E-02,,,
546,North East Street,7/10/23,,-,1,TN,Precipitation,Precipitation,,,2/6/24,546,-13.32139,2.44E-01,-4.385237,4.29E-02,-2.004385,3.70E-02,,,
547,North East Street,7/10/23,,-,2,TN,Precipitation,Precipitation,,,2/6/24,547,-17.865797,6.06E-01,-4.357061,9.55E-02,-1.985542,2.90E-02,2 svol,,
548,North East Street,7/14/23,,-,1,TN,Precipitation,Precipitation,,,2/6/24,548,-7.34741,5.05E-01,-3.700292,6.77E-02,-1.63103,3.41E-02,,,
549,North East Street,7/14/23,,-,2,TN,Precipitation,Precipitation,,,2/6/24,549,-14.308566,1.92E-01,-3.787309,2.17E-02,-1.712537,4.45E-02,,,
550,North East Street,7/16/23,,-,1,TN,Precipitation,Precipitation,,,2/7/24,550,-14.528992,4.97E-01,-3.272827,9.24E-02,-1.656629,1.06E-02,1 fvol,,
551,North East Street,7/16/23,,-,2,TN,Precipitation,Precipitation,,,2/7/24,551,-13.054735,2.91E-01,-3.514252,8.78E-02,-1.81088,4.90E-02,,,
552,North East Street,7/22/23,,-,1,TN,Precipitation,Precipitation,,,2/7/24,552,-40.215479,2.51E-01,-5.896231,1.16E-01,-3.036374,6.07E-02,,,
553,North East Street,7/22/23,,-,2,TN,Precipitation,Precipitation,,,2/7/24,553,-41.736572,5.49E-01,-6.283544,1.25E-01,-3.224704,9.85E-02,,,
554,Roaring,7/28/23,,11:06:00 AM,1,"TN, S",Stream,13_sites,,,2/7/24,554,-46.740984,5.27E-01,-8.071642,6.90E-02,-4.126673,3.10E-02,,,
555,Doolittle,7/28/23,,11:36:00 AM,1,"TN, S",Stream,13_sites,,,2/7/24,555,-42.208748,7.32E-01,-6.64891,8.32E-02,-3.404964,2.95E-02,,,
556,Eastman Up,7/28/23,,12:15:00 PM,1,"TN, S",Stream,13_sites,,,2/7/24,556,-45.870154,3.12E-01,-7.459686,4.08E-02,-3.774899,3.35E-02,,,
557,Eastman Down,7/28/23,,12:51:00 PM,1,"TN, S",Stream,13_sites,,,2/7/24,557,-48.507152,4.89E-01,-7.848291,4.84E-02,-3.964574,4.75E-02,,,
558,Horse Down,7/28/23,,2:46:00 PM,1,"TN, S",Stream,13_sites,,,2/7/24,558,-34.667001,2.52E-01,-6.84644,5.90E-02,-3.386803,2.93E-02,,,
559,Horse Up,7/28/23,,3:12:00 PM,1,"TN, S",Stream,13_sites,,,2/7/24,559,-40.029222,5.27E-01,-6.965216,6.96E-02,-3.462808,3.97E-02,,,
560,Mill Site,7/28/23,,3:45:00 PM,1,"TN, S",Stream,13_sites,,,2/7/24,560,-47.04651,1.27E-01,-7.69853,1.62E-01,-3.792386,1.92E-01,2 fvol,,
561,Knightly,7/28/23,,4:15:00 PM,1,"TN, S",Stream,13_sites,,,2/7/24,561,-35.40059,0.00E+00,-8.406022,0.00E+00,-4.27532,0.00E+00,3 fvol,,
562,Lake Warner Out,7/28/23,,4:36:00 PM,1,"TN, S",Stream,13_sites,,,2/7/24,562,-34.350584,8.15E-01,-7.481634,6.13E-02,-3.613472,2.15E-02,"3 2Hck, 1 svol",,
563,Tan Brook Down,7/28/23,,5:28:00 PM,1,"TN, S",Stream,13_sites,,,2/7/24,563,-46.743707,3.95E-01,-7.516062,4.24E-02,-3.791938,2.45E-02,1 fvol,,
564,Tan Brook Up,7/28/23,,5:57:00 PM,1,"TN, S",Stream,13_sites,,,2/7/24,564,-48.443432,4.10E-01,-8.026455,5.38E-02,-3.969955,3.09E-02,,,
565,Campus Pond Up,7/28/23,,6:35:00 PM,1,"TN, S",Stream,13_sites,,,2/7/24,565,-46.080918,1.39E-01,-7.413209,2.74E-02,-3.764809,1.94E-02,,,
566,Campus Pond Down,7/28/23,,6:50:00 PM,1,"TN, S",Stream,13_sites,,,2/7/24,566,-43.102451,1.69E-01,-7.256992,2.78E-02,-3.661228,2.59E-02,,,
567,Roaring,8/29/23,,10:43:00 AM,1,"TN, S",Stream,13_sites,,,2/7/24,567,-50.490618,5.73E-01,-8.225276,7.45E-02,-4.159631,9.48E-02,1 fvol,,
568,Doolittle,8/29/23,,11:02:00 AM,1,"TN, S",Stream,13_sites,,,2/7/24,568,-44.979719,2.02E-01,-7.010402,7.00E-02,-3.469534,3.39E-02,,,
569,Eastman Up,8/29/23,,11:36:00 AM,1,"TN, S",Stream,13_sites,,,2/7/24,569,-45.728012,2.43E-01,-7.20535,6.10E-02,-3.568408,4.63E-02,,,
570,Eastman Down,8/29/23,,12:03:00 PM,1,"TN, S",Stream,13_sites,,,2/8/24,570,-50.968215,1.47E-01,-8.236615,3.67E-02,-4.386532,6.07E-02,,,
571,Horse Down,8/29/23,,12:25:00 PM,1,"TN, S",Stream,13_sites,,,2/8/24,571,-37.911422,4.39E-01,-6.714877,7.30E-02,-3.575698,4.76E-02,,,
572,Horse Up,8/29/23,,12:55:00 PM,1,"TN, S",Stream,13_sites,,,2/8/24,572,-35.810442,1.29E-01,-6.510385,6.85E-02,-3.440445,5.12E-02,,,
573,Mill Site,8/29/23,,2:35:00 PM,1,"TN, S",Stream,13_sites,,,2/8/24,573,-48.93826,4.62E-01,-7.956434,3.96E-02,-4.178188,7.02E-02,,,
574,Knightly,8/29/23,,2:59:00 PM,1,"TN, S",Stream,13_sites,,,2/8/24,574,-48.797864,0.00E+00,-7.986975,0.00E+00,-4.25811,0.00E+00,3 fvol,,
575,Lake Warner Out,8/29/23,,3:50:00 PM,1,"TN, S",Stream,13_sites,,,2/8/24,575,-42.314339,6.13E-01,-7.469992,9.28E-02,-3.847342,2.27E-02,1 fvol,,
576,Tan Brook Down,8/29/23,,4:12:00 PM,1,"TN, S",Stream,13_sites,,,2/8/24,576,-45.454796,2.99E-01,-7.477074,6.35E-02,-3.909731,7.26E-02,2 fvol,,
577,Tan Brook Up,8/29/23,,4:27:00 PM,1,"TN, S",Stream,13_sites,,,2/8/24,577,-50.264585,4.65E-01,-7.957762,6.67E-02,-4.091435,1.07E-01,,,
578,Campus Pond Up,8/29/23,,6:50:00 PM,1,"TN, S",Stream,13_sites,,,2/8/24,578,-44.315114,7.00E-01,-7.161041,2.58E-01,-3.637176,1.05E-01,4 18ck,,
579,Campus Pond Down,8/29/23,,5:01:00 PM,1,"TN, S",Stream,13_sites,,,2/8/24,579,-40.689603,2.91E-01,-6.826418,4.28E-02,-3.475966,2.77E-02,,,
580,Roaring,9/22/23,,9:07:00 AM,1,"TN, TH",Stream,13_sites,,,2/8/24,580,-45.53573,3.45E-01,-7.749287,8.64E-02,-4.033372,9.42E-02,,,
581,Doolittle,9/22/23,,9:32:00 AM,1,"TN, TH",Stream,13_sites,,,2/8/24,581,-40.932405,2.78E-01,-7.349598,3.97E-02,-3.743056,2.67E-02,,,
582,Eastman Up,9/22/23,,10:04:00 AM,1,"TN, TH",Stream,13_sites,,,2/8/24,582,-34.996148,1.41E-01,-6.676369,2.86E-02,-3.391262,3.42E-02,,,
583,Eastman Down,9/22/23,,10:44:00 AM,1,"TN, TH",Stream,13_sites,,,2/8/24,583,-44.964237,4.74E-01,-7.575336,6.75E-02,-3.820929,4.61E-02,,,
584,Horse Down,9/22/23,,11:11:00 AM,1,"TN, TH",Stream,13_sites,,,2/22/24,584,-35.516778,4.65E-01,-6.05422,6.60E-02,-3.13296,2.60E-02,1 svol,,
585,Horse Up,9/22/23,,11:47:00 AM,1,"TN, TH",Stream,13_sites,,,2/8/24,585,-31.937175,5.45E-01,-5.713664,5.94E-02,-2.820194,4.94E-02,,,
586,Mill Site,9/22/23,,1:57:00 PM,1,"TN, TH",Stream,13_sites,,,2/8/24,586,-44.592602,2.68E-01,-7.400057,9.09E-02,-3.69319,5.81E-02,,,
587,Knightly,9/22/23,,2:24:00 PM,1,"TN, TH",Stream,13_sites,,,2/8/24,587,-47.507876,5.38E-01,-8.247238,6.78E-02,-4.098266,3.95E-02,,,
588,Lake Warner Out,9/22/23,,2:51:00 PM,1,"TN, TH",Stream,13_sites,,,2/8/24,588,-42.851696,5.03E-01,-7.091992,1.06E-01,-3.485529,6.57E-02,,,
589,Tan Brook Down,9/22/23,,3:35:00 PM,1,"TN, TH",Stream,13_sites,,,2/8/24,589,-46.693581,7.07E-02,-7.657664,3.33E-02,-3.777894,3.31E-03,,,
590,Tan Brook Up,9/22/23,,4:02:00 PM,1,"TN, TH",Stream,13_sites,,,2/8/24,590,-46.706795,5.14E-01,-7.872779,5.94E-02,-3.897436,5.01E-02,,,
591,Campus Pond Up,9/22/23,,4:24:00 PM,1,"TN, TH",Stream,13_sites,,,2/8/24,591,-45.358997,4.94E-01,-7.514254,7.07E-02,-3.687042,5.05E-02,,,
592,Campus Pond Down,9/22/23,,4:32:00 PM,1,"TN, TH",Stream,13_sites,,,2/8/24,592,-43.846028,5.11E-01,-7.327024,4.77E-02,-3.672014,6.71E-02,,,
593,Roaring,9/5/22,,-,1,"TN, JB",Stream,13_sites,,,2/8/24,593,-53.158387,0.00E+00,-8.395959,0.00E+00,-4.329152,0.00E+00,3 fvol,,
594,Doolittle,9/5/22,,-,1,"TN, JB",Stream,13_sites,,,2/8/24,594,-23.224387,4.56E-01,-7.880746,7.82E-02,-3.887872,2.44E-02,,,
595,Woodside,6/14/23,,11:59:00 PM,1,CDG,Precipitation,Precipitation,,,2/8/24,595,-49.590686,6.48E-01,-7.026926,8.68E-02,-3.506022,5.61E-02,,,
596,Woodside,6/14/23,,11:59:00 PM,2,CDG,Precipitation,Precipitation,,,2/8/24,596,-41.784689,4.99E-01,-6.838369,8.06E-02,-3.407656,3.40E-02,,,
597,Woodside,6/16/23,,11:59:00 PM,1,CDG,Precipitation,Precipitation,,,2/22/24,597,-75.194652,7.39E-01,-10.217622,1.02E-01,-5.261095,6.17E-02,4 fvol,,
598,Woodside,6/16/23,,11:59:00 PM,2,CDG,Precipitation,Precipitation,,,2/8/24,598,-74.729763,5.44E-02,-10.361205,0.00E+00,-5.30188,2.61E-02,2 fvol,,
599,Woodside,8/4/23,,11:59:00 PM,1,CDG,Precipitation,Precipitation,8/4/23 -> 8/17/23,,2/8/24,599,-23.558033,4.78E-01,-0.460614,6.37E-02,-0.279078,5.09E-02,,,
600,Woodside,8/4/23,,11:59:00 PM,2,CDG,Precipitation,Precipitation,8/4/23 -> 8/17/23,,2/13/24,600,-23.375917,9.13E-01,-0.584367,1.00E-01,1.89747,3.55E-02,4 2Hck,,
601,Woodside,9/8/23,,11:59:00 PM,1,CDG,Precipitation,Precipitation,,,2/13/24,601,-13.991971,1.57E+00,-3.516968,1.18E-01,-0.006329,5.03E-02,4 2Hck,,
602,Woodside,9/8/23,,11:59:00 PM,2,CDG,Precipitation,Precipitation,,,2/22/24,602,-13.606825,1.93E-01,-3.722966,6.40E-02,-2.002975,4.76E-02,4 fvol,,
603,Woodside,9/19/23,,11:59:00 PM,1,CDG,Precipitation,Precipitation,,,2/13/24,603,-2.062431,2.39E-01,-1.615973,6.55E-02,1.290461,4.13E-02,,,
604,Woodside,9/9/23,,11:59:00 PM,2,CDG,Precipitation,Precipitation,,,2/13/24,604,-1.220904,5.65E-01,-1.608792,6.64E-02,1.332824,6.32E-02,fvol,,
605,Woodside,9/23/23,,-,1,CDG,Precipitation,Precipitation,,,2/13/24,605,-34.859372,3.94E-01,-5.340655,3.88E-02,-1.015502,5.58E-03,2 fvol,,
606,Woodside,9/25/23,,8:00:00 AM,1,CDG,Precipitation,Precipitation,9/24/23 -> 9/25/23,,2/13/24,606,-63.492853,4.51E-01,-9.811793,1.06E-01,-3.945195,4.21E-02,,,
607,Woodside,9/10/23,,11:59:00 PM,1,CDG,Precipitation,Precipitation,,,2/13/24,607,-14.948791,3.23E-01,-4.428178,6.18E-02,-0.515514,3.08E-02,,,
608,Woodside,9/10/23,,11:59:00 PM,2,CDG,Precipitation,Precipitation,,,2/13/24,608,-14.625002,7.37E-01,-4.420574,1.50E-02,-0.469807,4.61E-02,fvol,,
609,Woodside,9/11/23,,11:59:00 PM,1,CDG,Precipitation,Precipitation,,,2/13/24,609,-21.667541,6.62E-01,-5.292496,8.03E-02,-1.063996,8.58E-02,fvol,,
610,Woodside,9/11/23,,11:59:00 PM,2,CDG,Precipitation,Precipitation,,,2/13/24,610,-20.785069,4.88E-01,-5.05804,8.27E-02,-0.950286,2.89E-02,,,
611,,,,,,,,,,Not Equal,DNE,,,,,,,,,,
612,Woodside,9/8/23,,11:59:00 PM,2,CDG,Precipitation,Precipitation,,,2/13/24,612,-42.129263,1.32E+00,-7.289808,9.87E-02,-2.416805,5.58E-03,"2 2Hck, 2 fvol",,
613,Woodside,9/25/23,,11:59:00 PM,1,CDG,Precipitation,Precipitation,Mixed,,2/13/24,613,-55.83991,4.66E-01,-7.95769,7.03E-02,-2.834855,4.25E-02,,,
614,Woodside,9/25/23,,11:59:00 PM,2,CDG,Precipitation,Precipitation,Mixed,,2/13/24,614,-57.179781,0.00E+00,-8.349295,0.00E+00,-3.247888,0.00E+00,3 fvol,,
615,Woodside,1/28/21,,5:00:00 PM,1,CDG,Precipitation,Precipitation,1/14/21 -> 1/28/21,,2/13/24,615,77.710809,5.78E-01,-14.78226,1.19E-01,-7.734399,7.13E-02,,,
616,Woodside,12/2/21,,-,1,CDG,Precipitation,Precipitation,,,2/13/24,616,102.104866,3.95E-01,-9.247832,8.97E-02,-4.280471,5.88E-02,,,
617,Woodside,12/6/21,,-,1,CDG,Precipitation,Precipitation,,,2/13/24,617,29.90214,3.14E-01,-4.903426,7.32E-02,-1.594083,8.43E-02,,,
618,Woodside,12/11/21,,-,1,CDG,Precipitation,Precipitation,,,2/13/24,618,5.666475,2.36E-01,-5.269684,7.79E-02,-2.015477,4.32E-02,,,
619,Woodside,12/15/21,,-,1,CDG,Precipitation,Precipitation,,,2/13/24,619,17.128918,3.94E-01,-4.326791,5.65E-02,-1.408469,6.79E-03,,,
620,Woodside,12/19/21,,8:00:00 AM,1,CDG,Precipitation,Precipitation,12/18/21 -> 12/19/21,,2/13/24,620,-16.555343,4.80E-01,-8.070483,6.63E-02,-3.888341,2.29E-02,,,
621,Woodside,12/21/21,,-,1,CDG,Precipitation,Precipitation,,,2/13/24,621,-12.239956,1.66E-01,-5.902082,3.94E-02,-2.686865,6.11E-02,,,
622,Woodside,12/26/21,,-,1,CDG,Precipitation,Precipitation,12/25/21 -> 12/26/21,,2/13/24,622,66.502116,7.83E-01,-9.511436,1.40E-01,-5.548835,1.61E-01,,,
623,Woodside,1/1/22,,9:00:00 PM,1,CDG,Precipitation,Precipitation,,,2/13/24,623,-35.373339,7.68E-01,-7.192223,1.07E-01,-4.183484,7.34E-02,,,
624,Woodside,2/2/22,,11:00:00 PM,1,CDG,Snow,Snow,1/29/22 -> 2/2/22,,2/13/24,624,-163.986415,4.20E-01,-31.518613,4.16E-02,-20.250813,3.81E-02,,,
625,Woodside,2/4/22,,-,1,CDG,Snow,Snow,2/3/22 -> 2/4/22,,2/13/24,625,61.653367,7.58E-01,-7.811947,3.49E-02,-4.819756,3.65E-02,pres,,
626,Woodside,2/4/22,,-,2,CDG,Snow,Snow,2/3/22 -> 2/4/22,,2/13/24,626,152.393939,3.17E-01,-6.885952,3.74E-02,-4.524334,8.36E-02,svol,,
627,Woodside,2/4/22,,-,2,CDG,Snow,Snow,2/3/22 -> 2/4/22,,2/13/24,627,969.617234,2.09E+00,-3.533443,5.92E-02,-2.341556,8.29E-02,4 intf,,
628,Woodside,2/7/23,,-,1,CDG,Precipitation,Precipitation,,,2/13/24,628,-3.365129,2.58E+00,-5.316575,2.39E-02,-3.415944,7.10E-02,4 2Hck,,
629,Woodside,2/23/22,,12:00:00 PM,1,CDG,Precipitation,Precipitation,,,2/13/24,629,30.317517,2.35E-01,-4.272296,5.39E-02,-2.776328,6.81E-02,,,
630,Woodside,9/29/23,,11:59:00 PM,1,CDG,Precipitation,Precipitation,,,2/15/24,630,-56.539447,1.45E-01,-9.162421,6.00E-02,-5.565035,6.14E-02,,,
631,Woodside,9/29/23,,11:59:00 PM,2,CDG,Precipitation,Precipitation,,,2/22/24,631,-49.684746,1.07E+00,-9.724786,7.64E-02,-5.025583,6.83E-02,4 2Hck,,
632,Roaring,10/21/21,,9:15:00 AM,1,-,Stream,13_sites,,,2/15/24,632,-25.478667,3.37E-01,-8.01538,3.81E-02,-5.402055,4.38E-02,,,
633,Doolittle,10/21/21,,9:00:00 AM,1,-,Stream,13_sites,,,2/15/24,633,-49.493836,7.52E-01,-7.728825,1.23E-01,-5.36561,3.16E-02,,,
634,Eastman Down,10/21/21,,10:00:00 AM,1,-,Stream,13_sites,,,2/15/24,634,-20.660037,6.82E-01,-7.64097,1.43E-01,-5.416049,1.16E-01,,,
635,Eastman Up,10/21/21,,-,1,-,Stream,13_sites,,,2/15/24,635,-20.950164,7.03E-01,-7.250959,1.23E-01,-5.384853,1.62E-01,,,
636,Horse Down,10/21/21,,8:00:00 AM,1,-,Stream,13_sites,,,2/15/24,636,27.216637,5.23E-01,-6.697966,5.75E-02,-5.177555,5.40E-02,4 intf,,
637,Horse Up,10/21/21,,8:00:00 AM,1,-,Stream,13_sites,,,2/15/24,637,16.999124,7.25E-02,-6.755851,1.34E-01,-5.304383,2.14E-01,"2 17ck, 2 fvol",,
638,Mill River Main Stem ,10/21/21,,7:30:00 AM,1,-,Stream,13_sites,,,2/15/24,638,11.601387,3.57E-01,-7.45787,6.83E-02,-5.668684,7.90E-02,,,
639,Mill River 116,10/21/21,,8:30:00 AM,1,-,Stream,13_sites,,,2/15/24,639,78.439518,3.55E-01,-7.154894,1.28E-01,-5.615474,9.27E-02,fvol,,
640,Knightly ,10/21/21,,10:20:00 AM,1,-,Stream,13_sites,,,2/15/24,640,-0.507111,5.34E-01,-7.654107,5.99E-02,-5.882541,5.77E-02,fvol,,
641,Lake Warner Out,10/21/21,,10:20:00 AM,1,-,Stream,13_sites,,,2/15/24,641,13.094452,1.95E-01,-7.721435,1.41E-02,-5.990125,1.30E-02,2 fvol,,
642,Roaring,10/21/23,,9:40:00 AM,1,"TN, BD",Stream,13_sites,,,2/15/24,642,-46.3959,2.06E-01,-7.716509,6.43E-02,-6.075843,4.92E-02,,,
643,Doolittle,10/21/23,,10:11:00 AM,1,"TN, BD",Stream,13_sites,,,2/15/24,643,-44.68266,6.01E-01,-7.438164,4.28E-02,-6.025112,4.76E-02,,,
644,Eastman Up,10/21/23,,10:55:00 AM,1,"TN, BD",Stream,13_sites,,,2/15/24,644,-45.745694,3.98E-01,-7.468955,6.94E-02,-6.125262,5.10E-02,,,
645,Eastman Down,10/21/23,,11:27:00 AM,1,"TN, BD",Stream,13_sites,,,2/15/24,645,-48.423921,2.63E-01,-7.956673,4.04E-02,-6.314191,2.58E-02,,,
646,Horse Down,10/21/23,,11:55:00 AM,1,"TN, BD",Stream,13_sites,,,2/15/24,646,-40.881768,7.16E-01,-7.25178,1.22E-01,-6.086631,1.25E-01,fvol,,
647,Horse Up,10/21/23,,12:25:00 PM,1,"TN, BD",Stream,13_sites,,,2/15/24,647,-50.60618,2.94E-01,-8.138541,5.91E-02,-6.402679,5.53E-02,fvol,,
648,Mill Site,10/21/23,,2:20:00 PM,1,"TN, BD",Stream,13_sites,,,2/15/24,648,-50.814888,3.44E-01,-8.253492,1.41E-02,-6.430085,6.70E-02,2 fvol,,
649,Knightly,10/21/23,,3:05:00 PM,1,"TN, BD",Stream,13_sites,,,2/15/24,649,-53.840006,1.65E-01,-8.453834,9.59E-02,-6.49831,8.03E-02,fvol,,
650,Lake Warner Out,10/21/23,,3:45:00 PM,1,"TN, BD",Stream,13_sites,,,2/15/24,650,-48.246749,5.96E-01,-7.865534,9.50E-02,-6.294074,3.14E-02,,,
651,Tan Brook Down,10/21/23,,4:20:00 PM,1,"TN, BD",Stream,13_sites,,,2/15/24,651,-66.798243,6.21E-01,-10.233924,1.02E-01,-7.128948,1.95E-02,,,
652,Tan Brook Up,10/21/23,,4:48:00 PM,1,"TN, BD",Stream,13_sites,,,2/15/24,652,-104.87138,2.22E-01,-14.330266,6.70E-02,-8.542417,9.30E-03,2 fvol,,
653,Campus Pond Up,10/21/23,,5:08:00 PM,1,"TN, BD",Stream,13_sites,,,2/15/24,653,-107.276108,4.18E-01,-14.726845,8.01E-02,-8.635132,6.76E-02,,,
654,Campus Pond Down,10/21/23,,5:20:00 PM,1,"TN, BD",Stream,13_sites,,,2/15/24,654,-68.346351,2.90E-01,-10.428519,6.80E-02,-7.155188,7.60E-02,,,
655,Roaring,11/19/23,,9:12:00 AM,1,"TN, RV",Stream,13_sites,,,2/15/24,655,-47.759955,3.85E-01,-7.989927,9.59E-02,-6.300634,4.07E-02,,,
656,Doolittle,11/19/23,,9:36:00 AM,1,"TN, RV",Stream,13_sites,,,2/15/24,656,-42.831811,6.02E-01,-7.409837,9.91E-02,-6.018552,5.53E-02,,,
657,Eastman Up,11/19/23,,10:04:00 AM,1,"TN, RV",Stream,13_sites,,,2/15/24,657,-45.028404,5.42E-01,-7.502208,1.00E-01,-6.075406,1.00E-01,,,
658,Eastman Down,11/19/23,,10:30:00 AM,1,"TN, RV",Stream,13_sites,,,2/15/24,658,-49.576402,7.52E-01,-8.012096,7.76E-02,-6.234159,6.33E-02,"fvol, svol",,
659,Horse Down,11/19/23,,10:54:00 AM,1,"TN, RV",Stream,13_sites,,,2/15/24,659,-44.879327,2.40E-01,-7.411069,5.88E-02,-6.051061,1.22E-02,pres,,
660,Horse Up,11/19/23,,11:26:00 AM,1,"TN, RV",Stream,13_sites,,,2/20/24,660,-44.452921,3.91E-01,-6.870545,8.28E-02,-5.113641,4.11E-02,,,
661,Mill Site,11/19/23,,1:42:00 PM,1,"TN, RV",Stream,13_sites,,,2/20/24,661,-49.441811,3.50E-01,-7.30943,1.26E-02,-5.456779,4.26E-02,,,
662,Knightly,11/19/23,,2:04:00 PM,1,"TN, RV",Stream,13_sites,,,2/20/24,662,-53.160007,6.76E-01,-7.71465,7.32E-02,-5.756904,5.08E-02,,,
663,Lake Warner Out,11/19/23,,2:35:00 PM,1,"TN, RV",Stream,13_sites,,,2/20/24,663,-48.211585,6.04E-01,-7.229633,4.62E-02,-5.392258,4.26E-02,,,
664,Tan Brook Down,11/19/23,,3:02:00 PM,1,"TN, RV",Stream,13_sites,,,2/20/24,664,-48.127411,7.63E-01,-7.232126,1.38E-01,-5.425496,4.99E-02,,,
665,Tan Brook Up,11/19/23,,3:22:00 PM,1,"TN, RV",Stream,13_sites,,,2/20/24,665,-47.997914,2.61E-01,-7.306936,1.00E-01,-5.455802,3.90E-02,,,
666,Campus Pond Up,11/19/23,,3:40:00 PM,1,"TN, RV",Stream,13_sites,,,2/20/24,666,-47.660681,6.72E-01,-7.127393,1.08E-01,-5.318937,3.20E-02,svol,,
667,Campus Pond Down,11/19/23,,3:50:00 PM,1,"TN, RV",Stream,13_sites,,,2/20/24,667,-46.711033,4.82E-01,-7.056323,7.07E-02,-5.246595,3.95E-02,,,
668,Roaring,12/6/23,,8:46:00 AM,1,"TN, TH, RV, BD",Stream,13_sites,,,2/20/24,668,-48.514285,8.90E-01,-7.601188,4.05E-02,-5.569204,7.21E-02,4 2Hck,,
669,Doolittle,12/6/23,,9:00:00 AM,1,"TN, TH, RV, BD",Stream,13_sites,,,2/20/24,669,-45.147351,3.12E-01,-6.828153,4.99E-02,-4.970911,4.16E-02,,,
670,Eastman Up,12/6/23,,9:23:00 AM,1,"TN, TH, RV, BD",Stream,13_sites,,,2/20/24,670,-48.959432,2.26E-01,-7.523885,5.03E-02,-5.538898,2.31E-02,,,
671,Eastman Down,12/6/23,,9:42:00 AM,1,"TN, TH, RV, BD",Stream,13_sites,,,2/20/24,671,-44.362272,4.74E-01,-7.709662,8.52E-02,-5.569204,3.61E-02,,,
672,Horse Down,12/6/23,,10:05:00 AM,1,"TN, TH, RV, BD",Stream,13_sites,,,2/20/24,672,-54.856423,0.00E+00,-8.309388,0.00E+00,-5.81556,0.00E+00,3 fvol,,
673,Horse Up,12/6/23,,10:32:00 AM,1,"TN, TH, RV, BD",Stream,13_sites,,,2/20/24,673,-55.406788,0.00E+00,-7.790706,0.00E+00,-5.408877,0.00E+00,3 fvol,,
674,Mill Site,12/6/23,,10:48:00 AM,1,"TN, TH, RV, BD",Stream,13_sites,,,2/20/24,674,-46.469844,4.98E-01,-7.642334,5.79E-02,-5.176207,5.35E-02,,,
675,Knightly,12/6/23,,11:21:00 AM,1,"TN, TH, RV, BD",Stream,13_sites,,,2/20/24,675,-48.802417,4.29E-01,-7.758289,5.72E-02,-5.090178,2.28E-02,,,
676,Lake Warner Out,12/6/23,,11:40:00 AM,1,"TN, TH, RV, BD",Stream,13_sites,,,2/20/24,676,-48.604933,5.59E-01,-7.856788,8.30E-02,-5.052052,3.48E-02,,,
677,Tan Brook Down,12/6/23,,1:56:00 PM,1,"TN, TH, RV, BD",Stream,13_sites,,,2/20/24,677,-51.733916,4.01E-01,-8.455267,3.94E-02,-5.465578,6.76E-02,,,
678,Tan Brook Up,12/6/23,,2:23:00 PM,1,"TN, TH, RV, BD",Stream,13_sites,,,2/22/24,678,-50.605562,2.81E-01,-8.194861,6.11E-02,-4.28897,9.06E-02,4 fvol,,
679,Campus Pond Up,12/6/23,,2:43:00 PM,1,"TN, TH, RV, BD",Stream,13_sites,,,2/20/24,679,-46.167143,3.75E-01,-7.682232,4.67E-02,-4.740196,4.08E-02,,,
680,Campus Pond Down,12/6/23,,2:56:00 PM,1,"TN, TH, RV, BD",Stream,13_sites,,,2/20/24,680,-61.562773,6.64E-01,-8.945271,1.07E-01,-5.789164,5.39E-02,,,
681,Roaring,1/26/24,,8:30:00 AM,1,"TN, TH, RV, BD",Stream,13_sites,,,2/20/24,681,-57.98055,2.02E+00,-8.930309,2.41E-01,-5.427451,8.31E-02,4 2Hck,,
682,Doolittle,1/26/24,,8:55:00 AM,1,"TN, TH, RV, BD",Stream,13_sites,,,2/20/24,682,-55.882691,8.17E-01,-8.45028,7.83E-02,-5.100932,5.03E-02,4 2Hck,,
683,Eastman Up,1/26/24,,9:22:00 AM,1,"TN, TH, RV, BD",Stream,13_sites,,,2/20/24,683,-64.842297,3.92E-01,-9.741996,7.21E-02,-6.018901,7.82E-02,,,
684,Eastman Down,1/26/24,,10:05:00 AM,1,"TN, TH, RV, BD",Stream,13_sites,,,2/20/24,684,-63.872684,1.28E-01,-9.551231,5.20E-02,-5.88888,2.21E-02,,,
685,Horse Down,1/26/24,,10:22:00 AM,1,"TN, TH, RV, BD",Stream,13_sites,,,2/20/24,685,-64.085276,2.76E-01,-9.431535,3.90E-02,-5.583542,2.74E-02,fvol,,
686,Horse Up,1/26/24,,10:41:00 AM,1,"TN, TH, RV, BD",Stream,13_sites,,,2/20/24,686,-53.033746,5.30E-01,-7.723378,2.93E-01,-4.151679,1.51E-01,"2 18ck, 2 fvol",,
687,Mill Site,1/26/24,,12:28:00 PM,1,"TN, TH, RV, BD",Stream,13_sites,,,2/20/24,687,-75.455154,2.99E-01,-10.656754,9.99E-02,-6.276988,1.03E-01,fvol,,
688,Knightly,1/26/24,,12:46:00 PM,1,"TN, TH, RV, BD",Stream,13_sites,,,2/20/24,688,-63.727,0.00E+00,-9.092397,0.00E+00,-4.904434,0.00E+00,3 fvol,,
689,Lake Warner Out,1/26/24,,1:03:00 PM,1,"TN, TH, RV, BD",Stream,13_sites,,,2/20/24,689,-61.285972,1.62E-01,-8.846356,8.00E-02,-4.590297,7.09E-02,fvol,,
690,Tan Brook Down,1/26/24,,1:32:00 PM,1,"TN, TH, RV, BD",Stream,13_sites,,,2/20/24,690,-74.472052,4.51E-01,-10.594828,6.51E-02,-6.0277,7.48E-02,,,
691,Tan Brook Up,1/26/24,,1:51:00 PM,1,"TN, TH, RV, BD",Stream,13_sites,,,2/20/24,691,-62.276628,0.00E+00,-9.022575,0.00E+00,-4.712823,0.00E+00,"2 fvol, svol",,
692,Campus Pond Up,1/26/24,,2:05:00 PM,1,"TN, TH, RV, BD",Stream,13_sites,,,2/20/24,692,-74.899394,1.04E-01,-10.366658,5.29E-02,-5.612218,5.95E-02,2 fvol,,
693,Campus Pond Down,1/26/24,,2:05:00 PM,1,"TN, TH, RV, BD",Stream,13_sites,,,2/20/24,693,-62.050008,0.00E+00,-9.212093,0.00E+00,-4.521213,0.00E+00,3 fvol,,
694,Woodside,10/7/23,,-,1,CDG,Precipitation,Precipitation,,,2/27/24,694,-57.325987,1.97E-01,-8.287817,2.72E-02,-4.021237,3.55E-02,,,
695,Woodside,10/7/23,,-,2,CDG,Precipitation,Precipitation,,,2/27/24,695,-57.633155,1.90E-01,-8.286581,1.21E-01,-4.050596,1.11E-01,,,
696,Woodside,10/20/23,,-,1,CDG,Precipitation,Precipitation,,,2/27/24,696,-38.905728,1.65E-01,-7.307989,1.27E-01,-3.580862,1.12E-01,,,
697,Woodside,10/20/23,,-,2,CDG,Precipitation,Precipitation,,,2/27/24,697,-37.15912,2.88E-01,-6.690192,6.57E-02,-3.399918,5.35E-02,,,
698,Woodside,10/21/23,,-,1,CDG,Precipitation,Precipitation,,,5/23/24,698,-116.842118,8.70E-01,-14.758546,1.76E-01,-7.976786,9.33E-02,"4 2Hck, Rerun based on house standards from 5/7/24",,
699,Woodside,10/21/23,,-,2,CDG,Precipitation,Precipitation,,,2/27/24,699,-110.565668,7.96E-01,-14.60171,1.17E-01,-7.21451,1.20E-01,fvol,,
700,Woodside,10/29/23,,-,1,CDG,Precipitation,Precipitation,,,2/27/24,700,-38.332239,6.89E-01,-6.847112,9.98E-02,-3.606026,6.89E-02,,,
701,Woodside,10/29/23,,-,2,CDG,Precipitation,Precipitation,,,2/27/24,701,-37.690128,1.79E-01,-6.6766,5.62E-02,-3.474213,2.51E-02,,,
702,Woodside,10/30/23,,-,1,CDG,Precipitation,Precipitation,,,2/27/24,702,-26.53079,1.99E-01,-3.961997,2.28E-02,-2.322646,3.59E-02,,,
703,Woodside,10/30/23,,-,2,CDG,Precipitation,Precipitation,,,2/27/24,703,-26.440927,3.62E-01,-3.98918,7.17E-02,-2.431691,5.38E-02,,,
704,Woodside,11/27/23,,-,1,CDG,Precipitation,Precipitation,,,2/27/24,704,-55.262409,1.60E-01,-8.910557,5.88E-02,-4.861247,2.42E-02,,,
705,Woodside,11/27/23,,-,2,CDG,Precipitation,Precipitation,,,2/27/24,705,-55.62186,2.90E-01,-8.947625,9.11E-03,-4.924157,4.22E-02,,,
706,Woodside,12/4/23,,-,1,CDG,Precipitation,Precipitation,,,2/27/24,706,-90.472325,3.49E-01,-12.653176,7.93E-02,-6.737786,5.07E-02,,,
707,Woodside,12/4/23,,-,2,CDG,Precipitation,Precipitation,,,2/27/24,707,-90.805634,1.85E-01,-12.732254,5.53E-02,-6.789912,5.85E-02,,,
708,Woodside,12/23/23,,-,1,CDG,Precipitation,Precipitation,,,2/27/24,708,-70.494986,4.67E-01,-9.775474,5.94E-02,-5.365132,5.97E-02,,,
709,Woodside,12/23/23,,-,2,CDG,Precipitation,Precipitation,,,2/27/24,709,-70.01953,2.20E-01,-9.747055,3.27E-02,-5.335774,3.22E-02,,,
710,Woodside,1/13/24,,-,1,CDG,Precipitation,Precipitation,,,2/27/24,710,-42.902176,3.44E-01,-6.894065,5.22E-02,-3.612617,6.38E-02,,,
711,Woodside,1/13/24,,-,2,CDG,Precipitation,Precipitation,,,2/27/24,711,-42.487173,4.98E-01,-6.814987,4.28E-02,-3.529934,1.14E-02,,,
712,Woodside,1/15/24,,-,1,CDG,Precipitation,Precipitation,,,2/27/24,712,-50.393474,5.27E-01,-7.828175,7.58E-02,-3.80075,5.99E-02,,,
713,Woodside,1/24/24,,-,1,CDG,Precipitation,Precipitation,,,2/27/24,713,-78.958437,2.22E-01,-11.615275,6.56E-02,-5.563451,9.05E-02,,,
714,Woodside,1/24/24,,-,2,CDG,Precipitation,Precipitation,,,2/27/24,714,-78.234053,4.88E-01,-11.816035,9.28E-02,-5.902455,7.67E-02,svol,,
715,NYC,6/9/22,,-,1,KS,Stream,Other,,,2/29/24,715,-55.482963,1.09E-01,-8.889389,7.75E-02,-4.758368,5.02E-02,,,
716,NYC,6/9/22,,-,2,KS,Stream,Other,,,2/29/24,716,-55.551262,1.09E-01,-8.884094,5.22E-02,-4.722963,4.72E-02,,,
717,NYC,6/9/22,,2:00:00 AM,1,KS,Stream,Other,,,2/29/24,717,-56.065131,3.46E-01,-9.001915,8.52E-02,-4.704605,2.67E-02,,,
718,NYC,6/9/22,,2:00:00 AM,2,KS,Stream,Other,,,2/29/24,718,-56.351336,1.00E+00,-9.076049,9.94E-02,-4.715096,3.58E-02,4 2Hck,,
719,NYC,6/9/22,,4:00:00 AM,1,KS,Stream,Other,,,2/29/24,719,-56.609896,2.84E-01,-9.08664,5.09E-02,-4.624616,6.46E-02,,,
720,NYC,6/9/22,,4:00:00 AM,2,KS,Stream,Other,,,2/29/24,720,-56.343205,4.34E-01,-9.107821,3.81E-02,-4.637729,5.98E-02,,,
721,NYC,6/9/22,,6:00:00 AM,1,KS,Stream,Other,,,2/29/24,721,-56.811541,7.45E-01,-9.160774,1.14E-01,-4.656743,4.20E-02,,,
722,NYC,6/9/22,,6:00:00 AM,2,KS,Stream,Other,,,2/29/24,722,-56.650551,5.27E-01,-9.155479,9.94E-02,-4.589867,7.87E-02,,,
723,NYC,6/9/22,,8:00:00 AM,1,KS,Stream,Other,,,2/29/24,723,-56.37085,4.90E-01,-9.045601,2.12E-02,-4.591834,3.91E-02,2 fvol,,
724,NYC,6/9/22,,8:00:00 AM,2,KS,Stream,Other,,,2/29/24,724,-56.76113,2.48E-01,-9.073402,4.77E-02,-4.562986,6.44E-02,,,
725,NYC,6/9/22,,10:00:00 AM,1,KS,Stream,Other,,,2/29/24,725,-56.847317,2.73E-01,-9.027068,9.34E-02,-4.505945,4.35E-02,,,
726,NYC,6/9/22,,10:00:00 AM,2,KS,Stream,Other,,,2/29/24,726,-56.344831,1.04E+00,-8.948962,9.42E-02,-4.45087,7.33E-02,4 2Hck,,
727,NYC,6/9/22,,12:00:00 PM,1,KS,Stream,Other,,,2/29/24,727,-56.34971,1.05E+00,-8.836436,8.67E-02,-4.403008,5.67E-02,4 2Hck,,
728,NYC,6/9/22,,12:00:00 PM,2,KS,Stream,Other,,,2/29/24,728,-56.126925,3.25E-01,-8.880122,3.34E-02,-4.479719,6.75E-02,,,
729,NYC,6/9/22,,2:00:00 PM,1,KS,Stream,Other,,,2/29/24,729,-56.357841,8.49E-01,-8.762301,3.85E-02,-4.422022,4.33E-02,4 2Hck,,
730,NYC,6/9/22,,2:00:00 PM,2,KS,Stream,Other,,,2/29/24,730,-56.309056,4.62E-01,-8.621975,2.34E-02,-4.403664,2.85E-02,,,
731,NYC,6/9/22,,4:00:00 PM,1,KS,Stream,Other,,,2/29/24,731,-55.941542,7.08E-01,-8.280427,7.38E-02,-4.302694,1.89E-02,,,
732,NYC,6/9/22,,4:00:00 PM,2,KS,Stream,Other,,,2/29/24,732,-56.352962,2.48E-01,-8.465763,3.59E-02,-4.443002,2.75E-02,,,
733,NYC,6/9/22,,6:00:00 PM,1,KS,Stream,Other,,,2/29/24,733,-56.847317,4.03E-01,-8.465763,1.44E-02,-4.531515,5.18E-02,,,
734,NYC,6/9/22,,6:00:00 PM,2,KS,Stream,Other,,,2/29/24,734,-56.818046,3.13E-01,-8.525336,2.52E-02,-4.540038,2.26E-02,,,
735,NYC,6/9/22,,8:00:00 PM,1,KS,Stream,Other,,,2/29/24,735,-57.107503,4.19E-01,-8.317494,1.89E-02,-4.518402,4.41E-02,,,
736,NYC,6/9/22,,8:00:00 PM,2,KS,Stream,Other,,,2/29/24,736,-56.507448,4.42E-01,-8.173638,1.89E-02,-4.422677,2.93E-02,fvol,,
737,NYC,6/9/22,,10:00:00 PM,1,KS,Stream,Other,,,2/29/24,737,-56.427766,6.52E-01,-8.223502,4.63E-02,-4.538727,7.13E-02,,,
738,NYC,6/9/22,,10:00:00 PM,2,KS,Stream,Other,,,2/29/24,738,-56.881466,4.10E-01,-8.235417,3.02E-02,-4.572165,4.81E-02,,,
739,NYC,6/10/22,,-,1,KS,Stream,Other,,,2/29/24,739,-56.593635,8.28E-01,-8.185111,6.18E-02,-4.581999,4.47E-02,4 2Hck,,
740,NYC,6/10/22,,-,2,KS,Stream,Other,,,2/29/24,740,-56.635349,1.82E-01,-8.973618,5.56E-02,-4.468964,3.86E-02,,,
741,NYC,6/10/22,,2:00:00 AM,1,KS,Stream,Other,,,2/29/24,741,-57.399728,4.98E-01,-9.054503,8.52E-02,-4.555498,3.36E-02,,,
742,NYC,6/10/22,,2:00:00 AM,2,KS,Stream,Other,,,3/5/24,742,-77.851036,1.75E-01,-9.640286,6.19E-02,-5.501099,1.91E-02,,,
743,NYC,6/10/22,,4:00:00 AM,1,KS,Stream,Other,,,3/5/24,743,-77.537193,2.01E-01,-9.650045,6.86E-02,-5.42918,4.00E-02,,,
744,NYC,6/10/22,,4:00:00 AM,2,KS,Stream,Other,,,3/5/24,744,-77.763211,1.08E-01,-9.704944,7.86E-02,-5.410445,7.40E-02,,,
745,NYC,6/10/22,,6:00:00 AM,1,KS,Stream,Other,,,3/5/24,745,-77.623725,5.21E-01,-9.692744,3.84E-02,-5.379623,3.64E-02,,,
746,NYC,6/10/22,,6:00:00 AM,2,KS,Stream,Other,,,3/5/24,746,-77.626308,5.11E-02,-9.726903,6.01E-02,-5.414071,2.83E-02,,,
747,NYC,6/10/22,,8:00:00 AM,1,KS,Stream,Other,,,3/5/24,747,-77.41708,1.44E-01,-9.689084,6.03E-02,-5.406819,4.42E-02,,,
748,NYC,6/10/22,,8:00:00 AM,2,KS,Stream,Other,,,3/5/24,748,-77.878158,5.68E-01,-9.770822,6.48E-02,-5.435022,6.32E-02,fvol,,
749,NYC,6/10/22,,10:00:00 AM,1,KS,Stream,Other,,,3/5/24,749,-78.016352,5.01E-01,-9.780582,9.25E-02,-5.388689,5.74E-02,,,
750,NYC,6/10/22,,10:00:00 AM,2,KS,Stream,Other,,,3/5/24,750,-77.790334,3.48E-01,-9.768382,7.43E-02,-5.380228,3.19E-02,,,
751,NYC,6/10/22,,12:00:00 PM,1,KS,Stream,Other,,,3/5/24,751,-76.586622,8.87E-01,-9.49145,3.34E-02,-5.206173,3.31E-02,4 2Hck,,
752,NYC,6/10/22,,12:00:00 PM,2,KS,Stream,Other,,,3/5/24,752,-76.986998,3.62E-01,-9.556108,3.41E-02,-5.250291,3.25E-02,,,
753,NYC,6/10/22,,2:00:00 PM,1,KS,Stream,Other,,,3/5/24,753,-76.949544,7.93E-01,-9.48169,7.10E-02,-5.230347,7.75E-03,,,
754,NYC,6/10/22,,2:00:00 PM,2,KS,Stream,Other,,,3/5/24,754,-76.720942,3.81E-01,-9.501209,7.68E-02,-5.220073,4.97E-02,,,
755,NYC,6/10/22,,4:00:00 PM,1,KS,Stream,Other,,,3/5/24,755,-77.019287,6.35E-01,-9.652485,8.51E-02,-5.30287,5.79E-02,,,
756,NYC,6/10/22,,4:00:00 PM,2,KS,Stream,Other,,,3/5/24,756,-74.764265,5.65E-01,-8.970523,9.42E-02,-4.986792,4.88E-02,,,
757,NYC,6/10/22,,6:00:00 PM,1,KS,Stream,Other,,,3/5/24,757,-76.622785,3.13E-01,-9.514629,8.72E-02,-5.240621,2.35E-02,,,
758,NYC,6/10/22,,6:00:00 PM,2,KS,Stream,Other,,,3/5/24,758,-77.418371,7.34E-01,-9.563428,3.88E-02,-5.2376,4.47E-02,2 fvol,,
759,NYC,6/10/22,,8:00:00 PM,1,KS,Stream,Other,,,3/5/24,759,-74.385846,1.35E-01,-8.733036,1.57E-01,-4.801658,6.87E-02,fvol,,
760,NYC,6/10/22,,8:00:00 PM,2,KS,Stream,Other,,,3/5/24,760,-77.118735,7.16E-01,-9.313741,4.24E-02,-5.081273,1.94E-02,fvol,,
761,NYC,6/10/22,,10:00:00 PM,1,KS,Stream,Other,,,3/5/24,761,-76.881092,8.38E-01,-9.362133,1.21E-01,-5.116729,7.93E-02,4 2Hck,,
762,NYC,6/10/22,,10:00:00 PM,2,KS,Stream,Other,,,3/5/24,762,-76.177205,1.81E-01,-9.124239,1.12E-01,-5.001297,7.04E-02,,,
763,NYC,6/8/22,,3:00:00 PM,1,KS,Precipitation,Precipitation,,,3/5/24,763,-74.070711,9.71E-01,-9.126679,2.06E-01,-5.013585,8.99E-02,"3 2Hck, fvol",,
764,NYC,6/8/22,,3:00:00 PM,2,KS,Precipitation,Precipitation,,,3/5/24,764,-78.060695,3.81E-01,-9.749676,2.51E-02,-5.350413,2.39E-02,fvol,,
765,NYC,6/11/22,,1:00:00 PM,1,KS,Precipitation,Precipitation,,,3/5/24,765,-78.396494,8.38E-01,-9.806608,9.36E-02,-5.38748,7.10E-02,"fvol, 3 2Hck",,
766,NYC,6/11/22,,1:00:00 PM,2,KS,Precipitation,Precipitation,,,3/5/24,766,-78.141631,3.02E-01,-9.795222,4.59E-02,-5.386875,4.79E-02,,,
767,NYC,6/9/22-6/10/22,,-,1,KS,Precipitation,Precipitation,,,3/5/24,767,-84.400413,3.72E-01,-10.690678,9.59E-02,-5.860086,4.10E-02,,,
768,NYC,6/9/22-6/10/22,,-,2,KS,Precipitation,Precipitation,,,3/5/24,768,-84.232513,1.66E-01,-10.63212,2.02E-02,-5.802672,3.53E-02,,,
769,Roaring,2/24/24,,8:36:00 AM,1,"TN, TH, BD",Stream,13_sites,,,3/5/24,769,-76.120378,5.98E-01,-9.507309,8.80E-02,-5.236995,1.88E-02,,,
770,Doolittle,2/24/24,,8:51:00 AM,1,"TN, TH, BD",Stream,13_sites,,,3/5/24,770,-73.368115,0.00E+00,-8.892445,0.00E+00,-4.969266,0.00E+00,3 fvol,,
771,Eastman Up,2/24/24,,9:17:00 AM,1,"TN, TH, BD",Stream,13_sites,,,3/5/24,771,-72.85925,7.57E-01,-8.733849,6.70E-02,-4.876195,1.54E-01,2 fvol,,
772,Eastman Down,2/24/24,,9:39:00 AM,1,"TN, TH, BD",Stream,13_sites,,,3/5/24,772,-74.618322,1.02E+00,-8.943684,7.86E-02,-5.001297,4.56E-02,4 2Hck,,
773,Horse Down,2/24/24,,9:58:00 AM,1,"TN, TH, BD",Stream,13_sites,,,3/5/24,773,-75.778982,5.95E-01,-9.251929,2.08E-02,-5.152184,4.34E-02,fvol,,
774,Horse Up,2/24/24,,10:12:00 AM,1,"TN, TH, BD",Stream,13_sites,,,3/5/24,774,-78.492929,5.21E-01,-9.884279,6.14E-02,-5.478737,4.67E-02,,,
775,Mill Site,2/24/24,,10:34:00 AM,1,"TN, TH, BD",Stream,13_sites,,,3/5/24,775,-74.089653,5.64E-01,-9.10228,4.99E-02,-5.114311,2.99E-02,fvol,,
776,Knightly,2/24/24,,10:52:00 AM,1,"TN, TH, BD",Stream,13_sites,,,3/5/24,776,-73.765908,3.27E-01,-8.837547,5.86E-02,-4.966244,3.94E-02,,,
777,Lake Warner Out,2/24/24,,11:09:00 AM,1,"TN, TH, BD",Stream,13_sites,,,3/5/24,777,-74.623488,3.81E-01,-8.953444,4.83E-02,-5.017614,2.84E-02,,,
778,Tan Brook Down,2/24/24,,1:30:00 PM,1,"TN, TH, BD",Stream,13_sites,,,3/5/24,778,-75.035488,4.77E-01,-9.113259,1.04E-01,-5.136068,6.12E-02,,,
779,Tan Brook Up,2/24/24,,1:51:00 PM,1,"TN, TH, BD",Stream,13_sites,,,3/5/24,779,-74.450422,4.32E-01,-8.864386,6.03E-02,-5.030306,6.67E-02,,,
780,Campus Pond Up,2/24/24,,2:10:00 PM,1,"TN, TH, BD",Stream,13_sites,,,3/5/24,780,-73.907977,2.14E-01,-8.949784,8.06E-02,-5.028493,2.63E-02,,,
781,Campus Pond Down,2/24/24,,2:18:00 PM,1,"TN, TH, BD",Stream,13_sites,,,3/5/24,781,-75.500441,5.58E-01,-9.165718,9.42E-02,-5.144529,3.22E-02,,,
782,Woodside,1/9/21,,-,1,CDG,Snow,Snow,,,4/23/24,782,-128.694448,5.60E-01,-17.069281,1.32E-02,-9.430278,2.30E-02,fvol,,
783,Woodside,12/9/21,,-,1,CDG,Snow,Snow,,,4/23/24,783,-135.622661,1.68E-01,-19.511518,5.07E-02,-10.719303,5.86E-02,,,
784,Woodside,12/24/21,,-,1,CDG,Snow,Snow,,,4/23/24,784,-94.709329,4.28E-01,-14.368253,8.02E-02,-7.69497,8.01E-02,fvol,,
785,Woodside,3/9/22,,-,1,CDG,Snow,Snow,,,4/23/24,785,-98.297766,3.40E-01,-14.181015,1.04E-01,-7.57735,5.83E-02,,,
786,Woodside,12/12/22,,10:00:00 AM,1,CDG,Snow,Snow,,,4/23/24,786,-138.434569,9.76E-01,-19.70047,1.56E-01,-10.639532,9.15E-02,4 2Hck,,
787,Woodside,12/12/22,,10:00:00 AM,2,CDG,Snow,Snow,,,4/23/24,787,-135.682147,9.89E-02,-18.917669,8.72E-02,-10.130007,5.70E-02,,,
788,Woodside,2/21/23,,-,1,CDG,Snow,Snow,,,4/23/24,788,-158.43625,8.42E-02,-22.267389,3.53E-02,-11.994913,2.71E-02,,,
789,Woodside,2/22/23,,-,1,CDG,Snow,Snow,,,4/23/24,789,-35.728405,3.31E-01,-7.346608,1.47E-02,-3.651347,4.77E-02,,,
790,Woodside,2/25/23,,11:59:00 PM,1,CDG,Snow,Snow,,,5/23/24,790,-44.483492,6.21E-01,-6.898252,4.72E-02,-3.661125,4.01E-02,Rerun based on house standards from 5/7/24,,
791,Woodside,2/28/23,,11:59:00 PM,1,CDG,Snow,Snow,,,4/23/24,791,-63.905357,4.24E-01,-10.935411,5.54E-02,-5.704539,3.32E-02,,,
792,Woodside,1/9/24,,-,1,CDG,Snow,Snow,,,5/23/24,792,-122.00736,1.08E+00,-16.223362,1.04E-01,-8.870362,8.57E-02,"3 2Hck, svol, Rerun based on house standards from 5/7/24",,
793,Kenya - Borehole #1,8/1/22,,8:30:00 AM,1,TRR,Borehole,Other,For Dr. Kumpel,,4/23/24,793,-26.893432,6.14E-01,-5.192299,1.25E-01,-2.450716,2.66E-02,pres,,
794,Kenya - Borehole #1,8/1/22,,8:30:00 AM,2,TRR,Borehole,Other,For Dr. Kumpel,,4/23/24,794,-23.189774,6.58E-01,-5.338833,1.45E-01,-2.531685,4.22E-02,,,
795,Kenya - Borehole #1,8/1/22,,8:30:00 AM,3,TRR,Borehole,Other,For Dr. Kumpel,,4/23/24,795,-25.405216,6.94E-01,-5.423668,6.48E-02,-2.517311,6.36E-02,,,
796,Kenya - Borehole #1,8/1/22,,8:30:00 AM,4,TRR,Borehole,Other,For Dr. Kumpel,,4/23/24,796,-25.816794,6.77E-01,-5.343974,8.12E-02,-2.526654,3.91E-02,,,
797,Kenya - Borehole #1,8/1/22,,8:30:00 AM,5,TRR,Borehole,Other,For Dr. Kumpel,,4/23/24,797,-24.861806,1.02E+00,-5.237287,1.26E-01,-2.556837,9.04E-02,4 2Hck,,
798,Kenya - Borehole #1,8/1/22,,8:30:00 AM,6,TRR,Borehole,Other,For Dr. Kumpel,,4/23/24,798,-23.652798,2.31E-01,-5.116461,1.65E-02,-2.482816,4.20E-02,,,
799,Kenya - Borehole #1,8/1/22,,8:30:00 AM,7,TRR,Borehole,Other,For Dr. Kumpel,,4/23/24,799,-16.979141,4.78E-01,-4.993063,8.91E-02,-2.441134,2.00E-02,,,
800,Kenya - Borehole #1,8/1/22,,8:30:00 AM,8,TRR,Borehole,Other,For Dr. Kumpel,,4/25/24,800,-26.603355,2.11E-01,-4.647122,7.05E-02,-2.820237,2.13E-02,,,
801,Kenya - Borehole #2,8/1/22,,8:30:00 AM,1,"Naviasha, Tom",Borehole,Other,For Dr. Kumpel,,4/25/24,801,-25.969239,3.88E-01,-4.674709,7.65E-02,-2.871151,3.80E-02,,,
802,Kenya - Borehole #2,8/1/22,,8:30:00 AM,2,"Naviasha, Tom",Borehole,Other,For Dr. Kumpel,,4/25/24,802,-26.126964,3.35E-01,-4.665514,4.12E-02,-2.883008,3.41E-02,,,
803,Kenya - Borehole #2,8/1/22,,8:30:00 AM,3,"Naviasha, Tom",Borehole,Other,For Dr. Kumpel,,4/25/24,803,-24.279337,3.83E-01,-4.636613,2.68E-02,-2.820237,3.09E-02,,,
804,Kenya - Borehole #2,8/1/22,,8:30:00 AM,4,"Naviasha, Tom",Borehole,Other,For Dr. Kumpel,,4/25/24,804,-24.701008,2.63E-01,-4.636613,5.78E-02,-2.772113,2.24E-02,,,
805,Kenya - Borehole #2,8/1/22,,8:30:00 AM,5,"Naviasha, Tom",Borehole,Other,For Dr. Kumpel,,4/25/24,805,-24.728368,5.72E-01,-4.669455,8.09E-02,-2.836278,3.66E-02,,,
806,Kenya - Borehole #2,8/1/22,,8:30:00 AM,6,"Naviasha, Tom",Borehole,Other,For Dr. Kumpel,,4/25/24,806,-23.725693,9.63E-02,-4.637927,6.02E-02,-2.735845,7.39E-02,,,
807,Kenya - Borehole #2,8/1/22,,8:30:00 AM,7,"Naviasha, Tom",Borehole,Other,For Dr. Kumpel,,4/25/24,807,-26.577604,3.51E-01,-4.699669,7.77E-02,-2.810473,3.12E-02,,,
808,Kenya - Borehole #2,8/1/22,,8:30:00 AM,8,"Naviasha, Tom",Borehole,Other,For Dr. Kumpel,,4/25/24,808,-24.575472,4.56E-01,-4.698355,7.63E-02,-2.7756,9.45E-02,,,
809,Kenya - Borehole #2,8/1/22,,8:30:00 AM,9,"Naviasha, Tom",Borehole,Other,For Dr. Kumpel,,4/25/24,809,-26.220311,1.65E-01,-4.668141,5.21E-02,-2.759559,5.30E-02,,,
810,Kenya - Borehole #2,8/1/22,,8:30:00 AM,10,"Naviasha, Tom",Borehole,Other,For Dr. Kumpel,,4/25/24,810,-26.464944,4.23E-01,-4.662886,9.38E-02,-2.752584,2.21E-02,,,
811,Kenya - Borehole #2,8/1/22,,8:30:00 AM,11,"Naviasha, Tom",Borehole,Other,For Dr. Kumpel,,4/25/24,811,-26.283078,2.40E-01,-4.679964,8.82E-02,-2.77281,5.95E-02,2 fvol,,
812,Kenya - Borehole #2,8/1/22,,8:30:00 AM,12,"Naviasha, Tom",Borehole,Other,For Dr. Kumpel,,4/25/24,812,-25.959583,5.86E-01,-4.566989,3.18E-02,-2.654941,3.44E-02,,,
813,Kenya - Borehole #3,8/1/22,,8:30:00 AM,1,"Naviasha, Tom",Borehole,Other,For Dr. Kumpel,,4/25/24,813,-26.542197,8.92E-01,-4.526266,1.01E-01,-2.70167,7.46E-02,4 2Hck,,
814,Kenya - Borehole #3,8/1/22,,8:30:00 AM,2,"Naviasha, Tom",Borehole,Other,For Dr. Kumpel,,4/25/24,814,-26.373206,2.69E-01,-4.475034,8.66E-02,-2.708644,7.92E-02,,,
815,Kenya - Borehole #3,8/1/22,,8:30:00 AM,3,"Naviasha, Tom",Borehole,Other,For Dr. Kumpel,,4/25/24,815,-26.452069,3.54E-01,-4.439565,4.30E-02,-2.741425,5.21E-02,,,
816,Kenya - Borehole #3,8/1/22,,8:30:00 AM,4,"Naviasha, Tom",Borehole,Other,For Dr. Kumpel,,4/25/24,816,-26.782002,5.11E-01,-4.291122,9.41E-02,-2.769323,7.22E-02,,,
817,Roaring,3/16/24,,9:21:00 AM,1,"TN, RV, ZW, RC",Stream,13_sites,,,4/25/24,817,-58.191652,5.04E-01,-9.008458,7.94E-02,-5.199251,3.56E-02,,,
818,Doolittle,3/16/24,,9:45:00 AM,1,"TN, RV, ZW, RC",Stream,13_sites,,,4/25/24,818,-56.838121,6.81E-01,-8.36214,1.02E-01,-4.885397,2.93E-02,,,
819,Eastman Up,3/16/24,,10:20:00 AM,1,"TN, RV, ZW, RC",Stream,13_sites,,,4/25/24,819,-52.31723,6.81E-01,-8.387099,8.80E-02,-4.87633,1.59E-02,,,
820,Eastman Down,3/16/24,,10:54:00 AM,1,"TN, RV, ZW, RC",Stream,13_sites,,,4/30/2024,820,-57.654047,4.08E-01,-8.664371,9.11E-02,-4.567589,6.45E-03,,,
821,Horse Down,3/16/24,,9:50:00 AM,1,"TN, RV, ZW, RC",Stream,13_sites,,,4/30/2024,821,-59.978771,2.41E-01,-8.773919,3.81E-02,-4.69406,3.78E-02,,,
822,Horse Up,3/16/24,,10:03:00 AM,1,"TN, RV, ZW, RC",Stream,13_sites,,,4/30/2024,822,-60.629894,7.13E-01,-8.851246,6.73E-02,-4.737812,4.87E-02,,,
823,Mill Site,3/16/24,,11:55:00 AM,1,"TN, RV, ZW, RC",Stream,13_sites,,,4/30/2024,823,-53.838901,1.84E-01,-8.791962,1.93E-02,-4.738495,3.60E-02,,,
824,Knightly,3/16/24,,10:48:00 AM,1,"TN, RV, ZW, RC",Stream,13_sites,,,4/30/2024,824,-57.863871,6.67E-01,-8.486518,1.05E-01,-4.536826,4.76E-02,,,
825,Lake Warner Out,3/16/24,,11:18:00 AM,1,"TN, RV, ZW, RC",Stream,13_sites,,,4/30/2024,825,-59.231063,4.65E-01,-8.842225,5.69E-02,-4.706365,4.29E-02,,,
826,Tan Brook Down,3/16/24,,9:15:00 AM,1,"TN, RV, ZW, RC",Stream,13_sites,,,4/30/2024,826,-59.347632,1.96E-01,-8.557401,5.11E-02,-4.633217,3.09E-02,,,
827,Tan Brook Up,3/16/24,,9:28:00 AM,1,"TN, RV, ZW, RC",Stream,13_sites,,,4/30/2024,827,-59.354293,2.74E-01,-8.684992,6.06E-02,-4.625013,2.14E-02,,,
828,Campus Pond Up,3/16/24,,8:45:00 AM,1,"TN, RV, ZW, RC",Stream,13_sites,,,4/30/2024,828,-59.677356,5.86E-01,-8.549669,6.00E-02,-4.549814,4.31E-02,,,
829,Campus Pond Down,3/16/24,,8:50:00 AM,1,"TN, RV, ZW, RC",Stream,13_sites,,,4/30/2024,829,-57.983771,4.02E-01,-8.449143,8.67E-02,-4.450689,4.33E-02,,,
830,Roaring,4/21/24,,9:06:00 AM,1,"TN, BD, RV, ZW",Stream,13_sites,,,4/30/2024,830,-62.608241,5.87E-01,-9.255927,3.56E-02,-4.955889,3.21E-02,,,
831,Doolittle,4/21/24,,9:28:00 AM,1,"TN, BD, RV, ZW",Stream,13_sites,,,4/30/2024,831,-57.540808,3.73E-01,-8.681126,6.40E-02,-4.626381,5.01E-02,,,
832,Eastman Up,4/21/24,,9:53:00 AM,1,"TN, BD, RV, ZW",Stream,13_sites,,,4/30/2024,832,-58.903003,1.63E-01,-8.415634,6.23E-02,-4.441118,1.43E-02,,,
833,Eastman Down,4/21/24,,10:21:00 AM,1,"TN, BD, RV, ZW",Stream,13_sites,,,4/30/2024,833,-56.171952,2.03E-01,-8.304798,7.28E-02,-4.359766,4.04E-02,,,
834,Horse Down,4/21/24,,10:02:00 AM,1,"TN, BD, RV, ZW",Stream,13_sites,,,4/30/2024,834,-48.671551,4.99E-01,-7.454195,9.78E-02,-3.857301,5.55E-02,,,
835,Horse Up,4/21/24,,9:50:00 AM,1,"TN, BD, RV, ZW",Stream,13_sites,,,5/2/2024,835,-53.085142,9.19E-01,-7.606054,1.13E-01,-4.097828,4.52E-02,4 2Hck,,
836,Mill Site,4/21/24,,10:49:00 AM,1,"TN, BD, RV, ZW",Stream,13_sites,,,5/2/2024,836,-60.70638,6.35E-01,-8.652978,7.45E-02,-4.627964,1.83E-02,,,
837,Knightly,4/21/24,,11:02:00 AM,1,"TN, BD, RV, ZW",Stream,13_sites,,,5/2/2024,837,-58.729767,4.62E-01,-8.333621,8.27E-02,-4.423408,4.84E-02,,,
838,Lake Warner Out,4/21/24,,11:17:00 AM,1,"TN, BD, RV, ZW",Stream,13_sites,,,5/2/2024,838,-60.035349,4.95E-01,-8.619926,7.76E-02,-4.653835,7.39E-02,fvol,,
839,Tan Brook Down,4/21/24,,9:20:00 AM,1,"TN, BD, RV, ZW",Stream,13_sites,,,5/2/2024,839,-56.275582,7.75E-01,-7.973057,3.19E-02,-4.312908,3.23E-02,,,
840,Tan Brook Up,4/21/24,,9:32:00 AM,1,"TN, BD, RV, ZW",Stream,13_sites,,,5/2/2024,840,-59.08297,6.32E-01,-8.521629,9.78E-02,-4.559559,6.61E-02,,,
841,Campus Pond Up,4/21/24,,8:50:00 AM,1,"TN, BD, RV, ZW",Stream,13_sites,,,5/2/2024,841,-58.265461,3.68E-01,-8.400583,3.46E-02,-4.495101,5.10E-02,,,
842,Campus Pond Down,4/21/24,,8:59:00 AM,1,"TN, BD, RV, ZW",Stream,13_sites,,,5/2/2024,842,-55.302199,4.77E-01,-7.760581,2.39E-02,-4.130057,2.15E-02,,,
843,Woodside,3/28/24,,11:59:00 PM,1,CDG,Precipitation,Precipitation,,,5/2/2024,843,-51.578361,3.34E-01,-7.124443,1.50E-02,-3.759312,3.05E-02,fvol,,
844,Woodside,4/2/24,,11:59:00 PM,1,CDG,Precipitation,Precipitation,,,5/2/2024,844,-66.888272,7.66E-01,-7.616355,3.53E-03,-4.04784,0.00E+00,2 fvol,,
845,Woodside,4/2/24,,11:59:00 PM,2,CDG,Precipitation,Precipitation,,,5/2/2024,845,-65.855193,3.28E-01,-7.606054,1.84E-02,-3.918923,3.46E-02,,,
846,Woodside,4/3/24,,11:59:00 PM,1,CDG,Precipitation,Precipitation,,,5/2/2024,846,-57.832663,3.25E-01,-8.150763,6.44E-02,-4.220167,2.53E-02,,,
847,Woodside,4/3/24,,11:59:00 PM,2,CDG,Precipitation,Precipitation,,,5/2/2024,847,-58.245563,5.50E-01,-8.068349,1.65E-02,-4.020872,1.95E-02,,,
848,Woodside,4/4/24,,6:00:00 PM,1,CDG,Precipitation,Precipitation,,,5/2/2024,848,-54.088373,6.26E-01,-6.962189,7.40E-02,-3.357216,3.66E-02,,,
849,Woodside,4/4/24,,6:00:00 PM,2,CDG,Precipitation,Precipitation,,,5/2/2024,849,-55.078338,4.52E-01,-7.033014,6.21E-02,-3.199359,2.84E-02,,,
850,Roaring,5/4/24,,9:03:00 AM,1,"BD, TN, RV, TH",Stream,13_sites,,,5/7/2024,850,-64.370515,5.78E-01,-9.375486,7.77E-02,-4.566966,1.96E-02,,,
851,Doolittle,5/4/24,,9:31:00 AM,1,"BD, TN, RV, TH",Stream,13_sites,,,5/7/2024,851,-62.403158,2.38E-01,-8.924448,1.07E-01,-4.331225,4.91E-02,,,
852,Eastman Up,5/4/24,,9:58:00 AM,1,"BD, TN, RV, TH",Stream,13_sites,,,5/7/2024,852,-58.570344,3.83E-01,-8.239022,6.40E-02,-3.999738,6.06E-02,,,
853,Eastman Down,5/4/24,,10:20:00 AM,1,"BD, TN, RV, TH",Stream,13_sites,,,5/7/2024,853,-59.222843,5.69E-01,-8.423998,4.24E-02,-4.109266,4.68E-02,,,
854,Horse Down,5/4/24,,10:05:00 AM,1,"BD, TN, RV, TH",Stream,13_sites,,,5/7/2024,854,-53.301048,8.38E-02,-7.47251,1.23E-01,-3.640203,6.08E-03,1 fvol,,
855,Horse Up,5/4/24,,10:20:00 AM,1,"BD, TN, RV, TH",Stream,13_sites,,,5/7/2024,855,-53.21339,2.01E-01,-7.540081,1.17E-01,-3.561865,1.04E-01,1 fvol,,
856,Mill Site,5/4/24,,11:04:00 AM,1,"BD, TN, RV, TH",Stream,13_sites,,,5/7/2024,856,-61.341409,3.99E-01,-8.909244,1.87E-01,-4.290605,1.40E-01,2 fvol,,
857,Knightly,5/4/24,,10:42:00 AM,1,"BD, TN, RV, TH",Stream,13_sites,,,5/7/2024,857,-59.375695,6.63E-01,-8.702307,5.19E-02,-4.245633,6.84E-02,1 fvol,,
858,Lake Warner Out,5/4/24,,11:30:00 AM,1,"BD, TN, RV, TH",Stream,13_sites,,,5/7/2024,858,-58.877693,4.75E-01,-8.70273,3.67E-02,-4.221697,3.71E-02,,,
859,Tan Brook Down,5/4/24,,8:54:00 AM,1,"BD, TN, RV, TH",Stream,13_sites,,,5/7/2024,859,-56.407402,2.13E-01,-8.136398,3.53E-02,-3.991759,9.30E-03,2 fvol,,
860,Tan Brook Up,5/4/24,,8:52:00 AM,1,"BD, TN, RV, TH",Stream,13_sites,,,5/7/2024,860,-60.436348,9.20E-01,-8.683725,9.24E-02,-4.363625,5.98E-02,"3 2Hck, 1 fvol",,
861,Campus Pond Up,5/4/24,,9:30:00 AM,1,"BD, TN, RV, TH",Stream,13_sites,,,5/7/2024,861,-59.561419,6.50E-01,-8.38979,1.43E-01,-4.368944,9.24E-02,,,
862,Campus Pond Down,5/4/24,,9:33:00 AM,1,"BD, TN, RV, TH",Stream,13_sites,,,5/7/2024,862,-56.815008,6.33E-01,-7.883006,7.34E-02,-4.148436,5.78E-02,,,
863,Wet Center,4/11/24,,3:10:00 PM,1,CDG,Stream,Stream_Storm,"Stream_Storm1. Collected immediatley, Sample 1",,5/7/2024,863,-61.818046,4.41E-01,-8.858566,9.18E-02,-4.559712,3.40E-02,,,
864,Wet Center,4/11/24,,3:10:00 PM,2,CDG,Stream,Stream_Storm,"Stream_Storm1. Collected immediatley, Sample 1",,5/7/2024,864,-62.304543,5.20E-01,-8.84843,2.65E-02,-4.640952,6.05E-02,,,
865,Wet Center,4/11/24,,6:10:00 PM,1,CDG,Stream,Stream_Storm,"Stream_Storm1. Collected immediatley, Sample 2",,5/7/2024,865,-61.0242,5.64E-01,-8.726802,1.18E-01,-4.694629,8.43E-02,,,
866,Wet Center,4/11/24,,6:10:00 PM,2,CDG,Stream,Stream_Storm,"Stream_Storm1. Collected immediatley, Sample 2",,5/7/2024,866,-62.020205,3.91E-01,-8.799019,1.25E-01,-4.691002,3.83E-02,,,
867,Wet Center,4/11/24,,9:10:00 PM,1,CDG,Stream,Stream_Storm,"Stream_Storm1. Collected immediatley, Sample 3",,5/7/2024,867,-60.018333,4.01E-01,-8.67739,3.56E-02,-4.631523,6.21E-02,,,
868,Wet Center,4/11/24,,9:10:00 PM,2,CDG,Stream,Stream_Storm,"Stream_Storm1. Collected immediatley, Sample 3",,5/7/2024,868,-58.547334,2.16E-01,-8.578567,4.78E-03,-4.687375,4.07E-02,,,
869,Wet Center,4/12/24,,12:10:00 AM,1,CDG,Stream,Stream_Storm,"Stream_Storm1. Collected immediatley, Sample 4",,5/7/2024,869,-59.344467,6.47E-01,-8.265628,5.91E-02,-4.520543,4.65E-02,,,
870,Wet Center,4/12/24,,12:10:00 AM,2,CDG,Stream,Stream_Storm,"Stream_Storm1. Collected immediatley, Sample 4",,5/9/2024,870,-58.368655,2.60E-01,-8.118142,4.05E-02,-4.292652,6.48E-02,,,
871,Wet Center,4/12/24,,3:10:00 AM,1,CDG,Stream,Stream_Storm,"Stream_Storm1. Collected immediatley, Sample 5",,5/9/2024,871,-53.528888,3.45E-01,-7.932749,7.50E-02,-4.186373,1.82E-02,,,
872,Wet Center,4/12/24,,3:10:00 AM,2,CDG,Stream,Stream_Storm,"Stream_Storm1. Collected immediatley, Sample 5",,5/9/2024,872,-57.825785,3.88E-01,-7.966801,8.80E-02,-4.263334,5.30E-02,,,
873,Wet Center,4/12/24,,6:10:00 AM,1,CDG,Stream,Stream_Storm,"Stream_Storm1. Collected immediatley, Sample 6",,5/9/2024,873,-51.275156,3.78E-01,-7.109201,3.07E-02,-3.731206,1.52E-02,,,
874,Wet Center,4/12/24,,6:10:00 AM,2,CDG,Stream,Stream_Storm,"Stream_Storm1. Collected immediatley, Sample 6",,5/9/2024,874,-48.011357,2.20E-01,-7.11929,5.26E-02,-3.983344,6.64E-02,,,
875,Wet Center,4/12/24,,9:10:00 AM,1,CDG,Stream,Stream_Storm,"Stream_Storm1. Collected immediatley, Sample 7",,5/9/2024,875,-50.103873,3.61E-01,-7.237841,8.63E-02,-4.122606,7.28E-02,,,
876,Wet Center,4/12/24,,9:10:00 AM,2,CDG,Stream,Stream_Storm,"Stream_Storm1. Collected immediatley, Sample 7",,5/9/2024,876,-47.669184,4.55E-01,-7.153342,7.51E-02,-4.117475,4.27E-02,,,
877,Wet Center,4/12/24,,12:10:00 PM,1,CDG,Stream,Stream_Storm,"Stream_Storm1. Collected immediatley, Sample 8",,5/9/2024,877,-53.729586,6.46E-01,-7.704476,4.87E-02,-4.416522,5.51E-02,,,
878,Wet Center,4/12/24,,12:10:00 PM,2,CDG,Stream,Stream_Storm,"Stream_Storm1. Collected immediatley, Sample 8",,5/9/2024,878,-54.626143,3.83E-01,-7.736005,9.98E-02,-4.546988,3.05E-02,,,
879,Wet Center,4/12/24,,3:10:00 PM,1,CDG,Stream,Stream_Storm,"Stream_Storm1. Collected immediatley, Sample 9",,5/9/2024,879,-56.899617,2.16E-01,-7.916354,5.26E-02,-4.659131,6.27E-02,,,
880,Wet Center,4/12/24,,3:10:00 PM,2,CDG,Stream,Stream_Storm,"Stream_Storm1. Collected immediatley, Sample 9",,5/9/2024,880,-56.922647,2.77E-01,-7.956711,3.84E-02,-4.644472,3.66E-02,,,
881,Wet Center,4/12/24,,6:10:00 PM,1,CDG,Stream,Stream_Storm,"Stream_Storm1. Collected immediatley, Sample 10",,5/9/2024,881,-57.338848,2.64E-01,-7.98698,4.13E-02,-4.494948,2.95E-02,,,
882,Wet Center,4/12/24,,6:10:00 PM,2,CDG,Stream,Stream_Storm,"Stream_Storm1. Collected immediatley, Sample 10",,5/9/2024,882,-57.032866,1.86E-01,-8.000852,3.00E-02,-4.471494,4.85E-02,,,
883,Wet Center,4/12/24,,9:10:00 PM,1,CDG,Stream,Stream_Storm,"Stream_Storm1. Collected immediatley, Sample 11",,5/9/2024,883,-56.550864,5.07E-01,-8.051299,9.52E-02,-4.544057,6.03E-02,,,
884,Wet Center,4/12/24,,9:10:00 PM,2,CDG,Stream,Stream_Storm,"Stream_Storm1. Collected immediatley, Sample 11",,5/9/2024,884,-54.966671,7.16E-02,-8.028598,1.04E-01,-4.40113,5.74E-02,,,
885,Wet Center,4/13/24,,12:10:00 AM,1,CDG,Stream,Stream_Storm,"Stream_Storm1. Collected immediatley, Sample 12",,5/9/2024,885,-58.271597,2.85E-01,-8.168589,7.67E-02,-4.469295,4.33E-02,,,
886,Wet Center,4/13/24,,12:10:00 AM,2,CDG,Stream,Stream_Storm,"Stream_Storm1. Collected immediatley, Sample 12",,5/9/2024,886,-58.409782,5.24E-01,-8.215252,1.15E-01,-4.345425,7.41E-02,,,
887,Wet Center,4/13/24,,3:10:00 AM,1,CDG,Stream,Stream_Storm,"Stream_Storm1. Collected immediatley, Sample 13",,5/9/2024,887,-58.508485,1.12E-01,-8.279572,5.33E-02,-4.355686,6.77E-02,,,
888,Wet Center,4/13/24,,3:10:00 AM,2,CDG,Stream,Stream_Storm,"Stream_Storm1. Collected immediatley, Sample 13",,5/9/2024,888,-59.097417,3.80E-01,-8.259394,3.53E-02,-4.469295,6.27E-02,,,
889,Wet Center,4/13/24,,6:10:00 AM,1,CDG,Stream,Stream_Storm,"Stream_Storm1. Collected immediatley, Sample 14",,5/9/2024,889,-57.644829,3.45E-01,-8.312363,7.06E-02,-4.545523,7.00E-02,,,
890,Wet Center,4/13/24,,6:10:00 AM,2,CDG,Stream,Stream_Storm,"Stream_Storm1. Collected immediatley, Sample 14",,5/21/2024,890,-52.277586,6.87E-01,-8.479861,4.79E-02,-4.764684,3.01E-02,"used LGR standards 1, 3, and 5 for samples 890-909",,
891,Wet Center,4/13/24,,9:10:00 AM,1,CDG,Stream,Stream_Storm,"Stream_Storm1. Collected immediatley, Sample 15",,5/21/2024,891,-45.243803,6.86E-01,-8.40679,8.22E-02,-4.725913,2.46E-02,,,
892,Wet Center,4/13/24,,9:10:00 AM,2,CDG,Stream,Stream_Storm,"Stream_Storm1. Collected immediatley, Sample 15",,5/21/2024,892,-48.869375,7.92E-01,-8.416869,1.23E-01,-4.615579,1.31E-01,pres,,
893,Wet Center,4/3/24,,-,1,RC,Stream,3_sites,manual grab samples,,5/21/2024,893,-57.324369,5.79E-01,-8.915765,1.14E-01,-4.780309,5.83E-02,,,
894,Wet Center,4/3/24,,-,2,RC,Stream,3_sites,manual grab samples,,5/21/2024,894,-57.4166,6.01E-01,-8.927104,8.96E-02,-4.612493,9.87E-02,,,
895,Wet Center,4/24/24,,10:20:00 AM,1,"RV, RC",Stream,3_sites,manual grab samples,,5/21/2024,895,-55.09304,8.85E-01,-8.681435,8.60E-02,-4.687142,1.01E-01,4 2Hck,,
896,Wet Center,4/24/24,,10:20:00 AM,2,"RV, RC",Stream,3_sites,manual grab samples,,5/21/2024,896,-54.96683,1.99E-01,-8.668837,4.01E-02,-4.761791,4.43E-02,,,
897,Wet Center,4/11/24,,3:10:00 PM,1,"RV, RC",Stream,Stream_Storm,"Storm 1. collected after two weeks, check evaporation potential. Sample 1",,5/21/2024,897,-54.609235,5.06E-01,-8.615924,6.80E-02,-4.738065,2.67E-02,,,
898,Wet Center,4/11/24,,6:10:00 PM,1,"RV, RC",Stream,Stream_Storm,"Storm 1. collected after two weeks, check evaporation potential. Sample 2",,5/21/2024,898,-54.675576,8.43E-01,-8.627262,5.30E-02,-4.575458,2.04E-02,4 2Hck,,
899,Wet Center,4/11/24,,9:10:00 PM,1,"RV, RC",Stream,Stream_Storm,"Storm 1. collected after two weeks, check evaporation potential. Sample 3",,5/21/2024,899,-53.877864,4.01E-01,-8.551672,6.58E-02,-4.415165,3.55E-02,,,
900,Wet Center,4/12/24,,12:10:00 AM,1,"RV, RC",Stream,Stream_Storm,"Storm 1. collected after two weeks, check evaporation potential. Sample 4",,5/21/2024,900,-51.913518,6.20E-01,-8.357657,1.01E-01,-4.113097,4.02E-02,,,
901,Wet Center,4/12/24,,3:10:00 AM,1,"RV, RC",Stream,Stream_Storm,"Storm 1. collected after two weeks, check evaporation potential. Sample 5",,5/21/2024,901,-50.347219,1.14E+00,-8.17666,1.15E-01,-4.05928,5.44E-02,"3 2Hck, 1svol",,
902,Wet Center,4/12/24,,6:10:00 AM,1,"RV, RC",Stream,Stream_Storm,"Storm 1. collected after two weeks, check evaporation potential. Sample 6",,5/21/2024,902,-43.952577,3.23E-01,-7.39514,5.25E-02,-3.742745,4.20E-02,,,
903,Wet Center,4/12/24,,9:10:00 AM,1,"RV, RC",Stream,Stream_Storm,"Storm 1. collected after two weeks, check evaporation potential. Sample 7",,5/21/2024,903,-44.267563,6.72E-01,-7.449313,1.43E-01,-3.725964,3.97E-02,1 svol,,
904,Wet Center,4/12/24,,12:10:00 PM,1,"RV, RC",Stream,Stream_Storm,"Storm 1. collected after two weeks, check evaporation potential. Sample 8",,5/21/2024,904,-47.894214,3.47E-01,-7.988524,7.52E-02,-3.856744,2.89E-02,,,
905,Wet Center,4/12/24,,3:10:00 PM,1,"RV, RC",Stream,Stream_Storm,"Storm 1. collected after two weeks, check evaporation potential. Sample 9",,5/21/2024,905,-49.45404,3.69E-01,-8.217815,7.82E-02,-3.888571,4.02E-02,,,
906,Wet Center,4/12/24,,6:10:00 PM,1,"RV, RC",Stream,Stream_Storm,"Storm 1. collected after two weeks, check evaporation potential. Sample 10",,5/21/2024,906,-49.918429,9.06E-02,-8.222854,6.96E-02,-3.916926,8.94E-02,,,
907,Wet Center,4/12/24,,9:10:00 PM,1,"RV, RC",Stream,Stream_Storm,"Storm 1. collected after two weeks, check evaporation potential. Sample 11",,5/21/2024,907,-50.999304,7.58E-01,-8.32868,9.81E-02,-3.958591,6.80E-02,,,
908,Wet Center,4/13/24,,12:10:00 AM,1,"RV, RC",Stream,Stream_Storm,"Storm 1. collected after two weeks, check evaporation potential. Sample 12",,5/21/2024,908,-51.424859,5.67E-01,-8.381594,1.02E-01,-4.075483,5.10E-02,,,
909,Wet Center,4/13/24,,3:10:00 AM,1,"RV, RC",Stream,Stream_Storm,"Storm 1. collected after two weeks, check evaporation potential. Sample 13",,5/21/2024,909,-52.285977,4.58E-01,-8.363395,5.39E-02,-4.874371,3.34E-02,,,
910,Wet Center,4/13/24,,6:10:00 AM,1,"RV, RC",Stream,Stream_Storm,"Storm 1. collected after two weeks, check evaporation potential. Sample 14",,5/23/2024,910,-60.685827,4.71E-01,-8.246993,2.89E-02,-4.464995,2.74E-02,,,
911,Wet Center,4/13/24,,9:10:00 AM,1,"RV, RC",Stream,Stream_Storm,"Storm 1. collected after two weeks, check evaporation potential. Sample 15",,5/23/2024,911,-60.346589,9.79E-01,-8.287367,1.21E-01,-4.460812,4.66E-02,4 2Hck,,
912,Margo's Plant,5/8/24,,-,1,MH,Plant,Other,E1R1 Filtered - BlueTape,,5/23/2024,912,-60.515381,1.15E+00,-8.180124,1.19E-01,-4.459417,6.73E-02,4 2Hck,,
913,Margo's Plant,5/8/24,,-,2,MH,Plant,Other,"E2R1, Filtered - Green Tape",,5/23/2024,913,-58.061284,6.25E-01,-7.944189,1.41E-01,-4.432227,9.83E-02,,,
914,Margo's Plant,5/8/24,,-,3,MH,Plant,Other,E3R1 Filtered - PinkTape,,5/23/2024,914,-58.544491,6.26E-01,-7.871011,3.10E-02,-4.336013,3.44E-02,,,
915,Margo's Plant,5/8/24,,-,1,MH,Plant,Other,L1R1 Not filtered - BlueTape,,5/23/2024,915,-53.148126,3.28E-01,-6.102129,7.39E-02,-3.369696,4.05E-02,,,
916,Margo's Plant,5/8/24,,-,2,MH,Plant,Other,"L2R1, Not filtered - Green Tape",,5/23/2024,916,-52.883355,6.22E-01,-6.310307,4.60E-02,-3.541207,5.60E-02,,,
917,Margo's Plant,5/8/24,,-,3,MH,Plant,Other,L3R1 Not filtered - PinkTape,,5/23/2024,917,-49.975837,8.38E-01,-5.866195,7.89E-02,-3.287426,8.67E-02,4 2Hck,,
918,Margo's Plant,5/8/24,,-,1,MH,Greenhouse Water,Other,"Greenhouse RODI Water, Not filtered",,5/23/2024,918,-60.323422,1.04E+00,-8.288629,1.43E-01,-4.661605,2.72E-02,4 2Hck,,
919,Wet Center,5/30/24,,10:28:00 AM,1,"RV, RC",Stream,3_sites,"Rained the morning of sampling. About 0.79""",,7/1/24,919,-70.399267,2.76E-01,-10.407866,4.84E-02,-5.529522,3.13E-02,,,
920,Wet Center,5/30/24,,10:28:00 AM,2,"RV, RC",Stream,3_sites,"Rained the morning of sampling. About 0.79""",,7/1/2024,920,-70.394087,4.01E-01,-10.423248,2.09E-02,-5.545885,3.61E-02,,,
921,NOHO Mill River,5/30/24,,11:20:00 AM,1,"RV, RC",Stream,3_sites,"NEW SITE. Rained the morning of sampling. About 0.79""",,7/9/2024,921,-57.392996,1.00E-01,-9.252502,3.69E-02,-4.345667,8.92E-03,"4 fvol (on first run), rerun on 07/09/2024 had: norm (ie. no flags)",,
922,NOHO Mill River,5/30/24,,11:20:00 AM,2,"RV, RC",Stream,3_sites,"NEW SITE. Rained the morning of sampling. About 0.79""",,7/1/2024,922,-58.326378,1.66E-01,-9.095295,4.89E-02,-4.795347,2.77E-02,,,
923,Groff Park,5/30/24,,12:30:00 PM,1,"RV, RC",Stream,3_sites,"NEW SITE. Rained the morning of sampling. About 0.79""",,7/1/2024,923,-56.781328,1.16E-01,-8.81945,4.55E-02,-4.594076,1.77E-02,,,
924,Groff Park,5/30/24,,12:30:00 PM,2,"RV, RC",Stream,3_sites,"NEW SITE. Rained the morning of sampling. About 0.79""",,7/1/2024,924,-57.129709,2.01E-01,-8.811246,2.07E-02,-4.61153,3.32E-02,,,
925,Groff Park,06/03/24,,11:06:00 AM,2,"RV, RC, MN",Stream,3_sites,collected immediately,,7/1/2024,925,-52.752282,2.03E-01,-8.34877,3.05E-02,-4.354078,2.67E-02,,,
926,Groff Park,06/03/24,,11:06:00 AM,1,"RV, RC, MN",Stream,3_sites,collected immediately,,7/1/2024,926,-52.884382,2.39E-01,-8.36005,5.87E-02,-4.363896,2.95E-02,,,
927,Wet Center,06/03/24,,9:46:00 AM,2,"RV, RC, MN",Stream,3_sites,collected immediately,,7/1/2024,927,-54.750616,1.64E-01,-8.525147,6.32E-02,-4.460986,2.69E-02,,,
928,Wet Center,06/03/24,,9:46:00 AM,1,"RV, RC, MN",Stream,3_sites,collected immediately,,7/1/2024,928,-55.464946,3.58E-01,-8.600449,8.91E-02,-4.50933,6.26E-02,,,
929,NOHO Mill River,06/03/24,,10:21:00 AM,2,"RV, RC, MN",Stream,3_sites,collected immediately,,7/1/2024,929,-53.207451,3.16E-01,-8.485936,5.64E-02,-4.383862,4.24E-02,,,
930,NOHO Mill River,06/03/24,,10:21:00 AM,1,"RV, RC, MN",Stream,3_sites,collected immediately,,7/1/2024,930,-53.159612,1.18E-01,-8.486959,6.21E-02,-4.418775,3.79E-02,,,
931,Roaring,06/04/24,,9:29:00 AM,1,"RV, RC, TN, ZW",Stream,13_sites,collected immediately,,7/1/2024,931,-56.152797,4.59E-02,-8.900023,3.89E-02,-4.623342,1.84E-02,,,
932,Doolittle,06/04/24,,9:55:00 AM,1,"RV, RC, TN, ZW",Stream,13_sites,collected immediately,,7/1/2024,932,-51.633928,2.94E-01,-7.900081,1.01E-01,-4.118742,5.41E-02,,,
933,Eastman Up,06/04/24,,10:45:00 AM,1,"RV, RC, TN, ZW",Stream,13_sites,collected immediately,,7/1/2024,933,-51.451944,3.72E-01,-7.922574,3.33E-02,-4.187613,1.91E-02,1 fvol,,
934,Eastman Down,06/04/24,,11:31:00 AM,1,"RV, RC, TN, ZW",Stream,13_sites,collected immediately,,7/1/2024,934,-52.729058,3.14E-01,-8.205789,7.10E-02,-4.26494,5.69E-02,,,
935,Horse Down,06/04/24,,10:36:00 AM,1,"RV, RC, TN, ZW",Stream,13_sites,collected immediately,,7/1/2024,935,-56.269163,3.56E-01,-8.282472,6.18E-02,-4.356586,3.35E-02,,,
936,Horse Up,06/04/24,,10:12:00 AM,1,"RV, RC, TN, ZW",Stream,13_sites,collected immediately,,7/1/2024,936,-56.446297,1.45E-01,-8.403119,6.40E-02,-4.356586,4.91E-02,,,
937,Mill Site,06/04/24,,12:08:00 PM,1,"RV, RC, TN, ZW",Stream,13_sites,collected immediately,,7/1/2024,937,-54.817396,3.11E-01,-8.452103,1.97E-02,-4.390471,5.91E-02,1 fvol,,
938,Knightly,06/04/24,,11:29:00 AM,1,"RV, RC, TN, ZW",Stream,13_sites,collected immediately,,7/1/2024,938,-53.04942,2.30E-01,-8.326407,1.11E-01,-4.353894,6.62E-02,,,
939,Lake Warner Out,06/04/24,,11:47:00 AM,1,"RV, RC, TN, ZW",Stream,13_sites,collected immediately,,7/1/2024,939,-55.993357,3.69E-01,-8.575217,9.49E-02,-4.496305,3.14E-02,,,
940,Tan Brook Down,06/04/24,,9:05:00 AM,1,"RV, RC, TN, ZW",Stream,13_sites,collected immediately,,7/1/2024,940,-58.318163,2.32E-01,-8.790216,4.12E-02,-4.590736,4.99E-02,1 fvol,,
941,Tan Brook Up,06/04/24,,9:55:00 AM,1,"RV, RC, TN, ZW",Stream,13_sites,collected immediately,,7/1/2024,941,-53.080409,1.98E-01,-8.397643,5.05E-02,-4.447352,6.70E-02,,,
942,Campus Pond Up,06/04/24,,9:28:00 AM,1,"RV, RC, TN, ZW",Stream,13_sites,collected immediately,,7/1/2024,942,-58.603303,1.72E-01,-8.744188,5.29E-02,-4.659113,3.42E-02,2 fvol,,
943,Campus Pond Down,06/04/24,,9:37:00 AM,1,"RV, RC, TN, ZW",Stream,13_sites,collected immediately,,7/1/2024,943,-60.961895,4.21E-01,-8.925719,5.00E-02,-4.787524,3.26E-02,1 fvol ,,
944,Wet Center,6/5/24,,9:10:00 AM,1,"TN, CDG",Stream,Stream_Storm,Storm 2. collected immediately. Sample 1,,7/9/2024,944,-52.511798,1.46E-01,-8.412886,3.28E-02,-4.049887,6.46E-02,,,
945,Wet Center,6/5/24,,9:10:00 AM,2,"TN, CDG",Stream,Stream_Storm,Storm 2. collected immediately. Sample 1,,7/9/2024,945,-53.428068,2.33E-01,-8.311626,7.94E-02,-4.142968,4.98E-02,,,
946,Wet Center,6/5/24,,12:10:00 PM,1,"TN, CDG",Stream,Stream_Storm,Storm 2. collected immediately. Sample 2,,7/9/2024,946,-53.336698,1.08E-01,-8.168438,1.43E-02,-4.356888,6.57E-02,1 fvol,,
947,Wet Center,6/5/24,,12:10:00 PM,2,"TN, CDG",Stream,Stream_Storm,Storm 2. collected immediately. Sample 2,,7/9/2024,947,-52.958351,1.96E-01,-8.146024,3.15E-02,-4.357479,6.58E-02,,,
948,Wet Center,6/5/24,,3:10:00 PM,1,"TN, CDG",Stream,Stream_Storm,Storm 2. collected immediately. Sample 3,,7/9/2024,948,-51.190155,3.25E-01,-8.054257,4.48E-02,-4.504896,7.44E-02,,,
949,Wet Center,6/5/24,,3:10:00 PM,2,"TN, CDG",Stream,Stream_Storm,Storm 2. collected immediately. Sample 3,,7/9/2024,949,-52.967359,1.80E-01,-8.06375,7.28E-02,-4.631996,6.49E-02,,,
950,Wet Center,6/5/24,,6:10:00 PM,1,"TN, CDG",Stream,Stream_Storm,Storm 2. collected immediately. Sample 4,,7/9/2024,950,-52.296886,1.22E-01,-8.075352,8.11E-02,-4.70287,4.80E-02,,,
951,Wet Center,6/5/24,,6:10:00 PM,2,"TN, CDG",Stream,Stream_Storm,Storm 2. collected immediately. Sample 4,,7/9/2024,951,-53.737783,2.69E-01,-8.286113,7.48E-03,-4.471047,3.32E-02,3 fvol,,
952,Wet Center,6/5/24,,9:10:00 PM,1,"TN, CDG",Stream,Stream_Storm,Storm 2. collected immediately. Sample 5,,7/9/2024,952,-53.201574,6.31E-01,-8.123873,4.42E-02,-4.991561,5.06E-02,,,
953,Wet Center,6/5/24,,9:10:00 PM,2,"TN, CDG",Stream,Stream_Storm,Storm 2. collected immediately. Sample 5,,7/9/2024,953,-52.949343,1.90E-01,-8.111215,5.25E-02,-5.145121,7.16E-02,,,
954,Wet Center,6/6/24,,12:10:00 AM,1,"TN, CDG",Stream,Stream_Storm,Storm 2. collected immediately. Sample 6,,7/9/2024,954,-52.172057,6.98E-01,-8.137585,8.80E-02,-5.239619,1.03E-01,,,
955,Wet Center,6/6/24,,12:10:00 AM,2,"TN, CDG",Stream,Stream_Storm,Storm 2. collected immediately. Sample 6,,7/9/2024,955,-53.92095,3.55E-01,-8.104887,6.73E-02,-5.335535,5.13E-02,,,
956,Wet Center,6/6/24,,3:10:00 AM,1,"TN, CDG",Stream,Stream_Storm,Storm 2. collected immediately. Sample 7,,7/9/2024,956,-54.01618,5.23E-01,-8.131257,7.44E-02,-5.356324,1.00E-01,,,
957,Wet Center,6/6/24,,3:10:00 AM,2,"TN, CDG",Stream,Stream_Storm,Storm 2. collected immediately. Sample 7,,7/9/2024,957,-53.964061,5.49E-01,-8.17503,4.02E-02,-5.455429,6.81E-02,1 svol,,
958,Wet Center,6/6/24,,6:10:00 AM,1,"TN, CDG",Stream,Stream_Storm,Storm 2. collected immediately. Sample 8,,7/9/2024,958,-53.955835,3.12E-01,-8.159649,5.77E-02,-4.143204,6.21E-02,1 fvol,,
959,Wet Center,6/6/24,,6:10:00 AM,2,"TN, CDG",Stream,Stream_Storm,Storm 2. collected immediately. Sample 8,,7/9/2024,959,-53.922124,8.45E-01,-8.175117,8.55E-02,-4.168688,3.22E-02,"1 fvol, 4 2Hck",,
960,Wet Center,6/6/24,,9:10:00 AM,1,"TN, CDG",Stream,Stream_Storm,Storm 2. collected immediately. Sample 9,,7/9/2024,960,-51.361371,2.87E-01,-8.135416,8.68E-02,-4.232262,5.12E-02,,,
961,Wet Center,6/6/24,,9:10:00 AM,2,"TN, CDG",Stream,Stream_Storm,Storm 2. collected immediately. Sample 9,,7/9/2024,961,-53.029585,1.55E-01,-8.159133,9.08E-02,-4.354046,7.46E-02,,,
962,Wet Center,6/6/24,,12:10:00 PM,1,"TN, CDG",Stream,Stream_Storm,Storm 2. collected immediately. Sample 10,,7/9/2024,962,-53.14645,1.72E-01,-8.203475,9.01E-02,-4.429692,6.94E-02,,,
963,Wet Center,6/6/24,,12:10:00 PM,2,"TN, CDG",Stream,Stream_Storm,Storm 2. collected immediately. Sample 10,,7/9/2024,963,-52.825392,9.86E-01,-8.197288,9.27E-02,-4.52626,1.08E-01,5 2Hck,,
964,Wet Center,6/6/24,,3:10:00 PM,1,"TN, CDG",Stream,Stream_Storm,Storm 2. collected immediately. Sample 11,,7/9/2024,964,-52.421181,4.11E-01,-8.238278,1.43E-02,-4.490584,4.85E-02,1 fvol,,
965,Wet Center,6/6/24,,3:10:00 PM,2,"TN, CDG",Stream,Stream_Storm,Storm 2. collected immediately. Sample 11,,7/9/2024,965,-52.838235,1.45E-01,-8.155008,3.87E-02,-4.472611,2.94E-02,,,
966,Wet Center,6/6/24,,6:10:00 PM,1,"TN, CDG",Stream,Stream_Storm,Storm 2. collected immediately. Sample 12,,7/9/2024,966,-51.687565,1.90E-01,-8.157071,5.45E-02,-4.450347,1.56E-02,1 fvol,,
967,Wet Center,6/6/24,,6:10:00 PM,2,"TN, CDG",Stream,Stream_Storm,Storm 2. collected immediately. Sample 12,,7/15/2024,967,-51.279667,7.78E-01,-8.275415,9.70E-02,-4.448817,2.38E-02,,,
968,Wet Center,6/6/24,,9:10:00 PM,1,"TN, CDG",Stream,Stream_Storm,Storm 2. collected immediately. Sample 13,,7/15/2024,968,-51.16732,1.07E+00,-8.282061,1.64E-01,-4.429044,7.59E-02,5 2Hck,,
969,Wet Center,6/6/24,,9:10:00 PM,2,"TN, CDG",Stream,Stream_Storm,Storm 2. collected immediately. Sample 13,,7/15/2024,969,-52.387609,2.03E-01,-8.336352,6.67E-02,-4.395067,5.31E-02,,,
970,Wet Center,6/7/24,,12:10:00 AM,1,"TN, CDG",Stream,Stream_Storm,Storm 2. collected immediately. Sample 14,,7/15/2024,970,-52.618384,4.19E-01,-8.332137,5.02E-02,-4.4001,2.03E-02,,,
971,Wet Center,6/7/24,,12:10:00 AM,2,"TN, CDG",Stream,Stream_Storm,Storm 2. collected immediately. Sample 14,,7/15/2024,971,-52.409812,6.33E-01,-8.303009,1.19E-01,-4.407618,2.29E-02,,,
972,Wet Center,6/8/24,,3:10:00 AM,1,"TN, CDG",Stream,Stream_Storm,Storm 2. collected immediately. Sample 15,,7/15/2024,972,-51.566747,3.19E-01,-8.309587,4.64E-02,-4.468165,4.06E-02,,,
973,Wet Center,6/8/24,,3:10:00 AM,2,"TN, CDG",Stream,Stream_Storm,Storm 2. collected immediately. Sample 15,,7/15/2024,973,-52.23183,1.09E+00,-8.328492,1.35E-01,-4.514067,7.35E-02,"1 fvol, 4 2Hck",,
974,Wet Center,6/7/24,,6:10:00 AM,1,"TN, CDG",Stream,Stream_Storm,Storm 2. collected immediately. Sample 16,,7/15/2024,974,-50.551362,4.70E-01,-8.308978,8.44E-02,-4.461983,5.20E-02,,,
975,Wet Center,6/7/24,,6:10:00 AM,2,"TN, CDG",Stream,Stream_Storm,Storm 2. collected immediately. Sample 16,,7/15/2024,975,-51.991149,2.89E-01,-8.28675,5.04E-02,-4.456515,2.77E-02,,,
976,Wet Center,6/7/24,,9:10:00 AM,1,"TN, CDG",Stream,Stream_Storm,Storm 2. collected immediately. Sample 17,,7/15/2024,976,-52.062339,1.07E+00,-8.340749,1.53E-01,-4.364287,9.04E-02,"4 2Hck, 1 dens",,
977,Wet Center,6/7/24,,9:10:00 AM,2,"TN, CDG",Stream,Stream_Storm,Storm 2. collected immediately. Sample 17,,7/15/2024,977,-52.463679,2.86E-01,-8.328882,5.92E-02,-4.35452,2.48E-02,,,
978,Wet Center,6/7/24,,12:10:00 PM,1,"TN, CDG",Stream,Stream_Storm,Storm 2. collected immediately. Sample 18,,7/15/2024,978,-51.478179,9.61E-01,-8.18482,9.68E-02,-4.097459,2.64E-02,"4 2HCK, 1 svol",,
979,Wet Center,6/7/24,,12:10:00 PM,2,"TN, CDG",Stream,Stream_Storm,Storm 2. collected immediately. Sample 18,,7/15/2024,979,-52.038998,1.72E-01,-8.205597,3.28E-02,-4.068772,3.08E-02,,,
980,Wet Center,6/7/24,,3:10:00 PM,1,"TN, CDG",Stream,Stream_Storm,Storm 2. collected immediately. Sample 19,,7/15/2024,980,-51.200141,4.22E-01,-8.252321,7.17E-02,-4.202597,2.57E-02,,,
981,Wet Center,6/7/24,,3:10:00 PM,2,"TN, CDG",Stream,Stream_Storm,Storm 2. collected immediately. Sample 19,,7/15/2024,981,-51.980598,6.51E-01,-8.330181,7.79E-02,-4.347442,6.28E-02,,,
982,Wet Center,6/7/24,,6:10:00 PM,1,"TN, CDG",Stream,Stream_Storm,Storm 2. collected immediately. Sample 20,,7/15/2024,982,-51.879307,4.45E-01,-8.303128,7.33E-02,-4.25442,5.92E-02,,,
983,Wet Center,6/7/24,,6:10:00 PM,2,"TN, CDG",Stream,Stream_Storm,Storm 2. collected immediately. Sample 20,,7/15/2024,983,-48.271198,1.51E+00,-8.25749,9.63E-02,-4.149384,8.12E-02,"4 2HCK, 1 svol",,
984,Wet Center,6/7/24,,9:10:00 PM,1,"TN, CDG",Stream,Stream_Storm,Storm 2. collected immediately. Sample 21,,7/15/2024,984,-50.996164,1.08E+00,-8.089112,1.14E-01,-3.965199,8.35E-02,"4 2HCK, 1 pres",,
985,Wet Center,6/7/24,,9:10:00 PM,2,"TN, CDG",Stream,Stream_Storm,Storm 2. collected immediately. Sample 21,,7/15/2024,985,-50.84511,7.55E-01,-8.200539,7.94E-02,-4.050372,3.85E-02,,,
986,Wet Center,6/8/24,,12:10:00 AM,1,"TN, CDG",Stream,Stream_Storm,Storm 2. collected immediately. Sample 22,,7/15/2024,986,-52.926213,6.07E-01,-8.329279,4.44E-02,-4.154908,1.95E-02,,,
987,Wet Center,6/8/24,,12:10:00 AM,2,"TN, CDG",Stream,Stream_Storm,Storm 2. collected immediately. Sample 22,,7/15/2024,987,-52.850899,1.56E+00,-8.352045,1.67E-01,-4.228414,7.69E-02,5 2HCK,,
988,Wet Center,6/7/24,,3:10:00 AM,1,"TN, CDG",Stream,Stream_Storm,Storm 2. collected immediately. Sample 23,,7/15/2024,988,-52.539634,7.53E-01,-8.335037,8.44E-02,-4.164358,6.77E-02,,,
989,Wet Center,6/7/24,,3:10:00 AM,2,"TN, CDG",Stream,Stream_Storm,Storm 2. collected immediately. Sample 23,,7/15/2024,989,-52.69435,6.83E-01,-8.31462,1.10E-01,-4.207562,6.61E-02,,,
990,Wet Center,6/8/24,,6:10:00 AM,1,"TN, CDG",Stream,Stream_Storm,Storm 2. collected immediately. Sample 24,,7/15/2024,990,-52.377702,5.68E-01,-8.296056,7.71E-02,-4.160917,5.71E-02,,,
991,Wet Center,6/8/24,,6:10:00 AM,2,"TN, CDG",Stream,Stream_Storm,Storm 2. collected immediately. Sample 24,,7/15/2024,991,-52.245983,5.04E-01,-8.297849,7.38E-02,-4.125506,5.06E-02,,,
992,Wet Center,6/13/24,,3:00:00 PM,1,"RV, MN",Stream,Stream_Storm,Storm 3. Sample 1,,7/15/2024,992,-52.2565,1.63E-01,-8.296413,2.78E-02,-4.187189,2.15E-02,,,
993,Wet Center,6/13/24,,3:00:00 PM,2,"RV, MN",Stream,Stream_Storm,Storm 3. Sample 1,,7/15/2024,993,-52.456459,8.26E-01,-8.279477,1.03E-01,-4.261611,7.45E-02,"4 2HCK, 1 svol",,
994,Wet Center,6/13/24,,6:00:00 PM,1,"RV, MN",Stream,Stream_Storm,Storm 3. Sample 2,,7/15/2024,994,-52.946098,5.40E-01,-8.368787,5.46E-02,-4.372607,5.38E-02,,,
995,Wet Center,6/13/24,,6:00:00 PM,2,"RV, MN",Stream,Stream_Storm,Storm 3. Sample 2,,7/15/2024,995,-52.748734,9.65E-01,-8.306013,1.40E-01,-4.401071,8.99E-02,5 2HCK,,
996,Wet Center,6/13/24,,9:00:00 PM,1,"RV, MN",Stream,Stream_Storm,Storm 3. Sample 3,,7/15/2024,996,-52.497199,3.24E-01,-8.302426,5.92E-02,-4.40766,5.90E-02,,,
997,Wet Center,6/13/24,,9:00:00 PM,2,"RV, MN",Stream,Stream_Storm,Storm 3. Sample 3,,7/15/2024,997,-51.20174,8.18E-01,-8.375395,9.19E-02,-4.478672,7.71E-02,5 2HCK,,
998,Wet Center,6/14/24,,12:00:00 AM,1,"RV, MN",Stream,Stream_Storm,Storm 3. Sample 4,,7/19/2024,998,-53.812784,4.23E-01,-8.428017,9.96E-02,-4.333243,4.41E-02,"4 fvol, 1 avol. RERUN",,
999,Wet Center,6/14/24,,12:00:00 AM,2,"RV, MN",Stream,Stream_Storm,Storm 3. Sample 4,,7/15/2024,999,-52.151636,4.90E-01,-8.343486,1.50E-01,-4.472317,8.17E-02,,,
1000,Wet Center,6/14/24,,3:00:00 AM,1,"RV, MN",Stream,Stream_Storm,Storm 3. Sample 5,,7/19/2024,1000,-53.055799,4.06E-01,-8.405159,2.87E-02,-4.301957,4.54E-02,,,
1001,Wet Center,6/14/24,,3:00:00 AM,2,"RV, MN",Stream,Stream_Storm,Storm 3. Sample 5,,7/19/2024,1001,-53.432896,1.42E+00,-8.474547,1.51E-01,-4.312711,7.71E-02,5 2Hck,,
1002,Wet Center,6/14/24,,6:00:00 AM,1,"RV, MN",Stream,Stream_Storm,Storm 3. Sample 6,,7/19/2024,1002,-52.658261,2.18E-01,-8.42425,8.68E-02,-4.270667,4.07E-02,,,
1003,Wet Center,6/14/24,,6:00:00 AM,2,"RV, MN",Stream,Stream_Storm,Storm 3. Sample 6,,7/19/2024,1003,-53.202464,5.16E-01,-8.423903,5.82E-02,-4.365077,3.06E-02,,,
1004,Wet Center,6/14/24,,9:00:00 AM,1,"RV, MN",Stream,Stream_Storm,Storm 3. Sample 7,,7/19/2024,1004,-53.13025,1.04E+00,-8.424148,1.22E-01,-4.361168,6.86E-02,5 2Hck,,
1005,Wet Center,6/14/24,,9:00:00 AM,2,"RV, MN",Stream,Stream_Storm,Storm 3. Sample 7,,7/19/2024,1005,-52.014775,9.35E-01,-8.353111,1.11E-01,-4.296697,7.84E-02,5 2Hck,,
1006,Wet Center,6/14/24,,12:00:00 PM,1,"RV, MN",Stream,Stream_Storm,Storm 3. Sample 8,,7/19/2024,1006,-51.926206,1.46E+00,-8.258707,1.76E-01,-4.233202,7.75E-02,"4 2Hck, 1 pres",,
1007,Wet Center,6/14/24,,12:00:00 PM,2,"RV, MN",Stream,Stream_Storm,Storm 3. Sample 8,,7/19/2024,1007,-52.527793,5.86E-01,-8.312252,6.34E-02,-4.257218,4.19E-02,,,
1008,Wet Center,6/14/24,,3:00:00 PM,1,"RV, MN",Stream,Stream_Storm,Storm 3. Sample 9,,7/19/2024,1008,-51.687996,5.05E-01,-8.244202,4.74E-02,-4.230937,3.83E-02,,,
1009,Wet Center,6/14/24,,3:00:00 PM,2,"RV, MN",Stream,Stream_Storm,Storm 3. Sample 9,,7/19/2024,1009,-51.99125,9.11E-01,-8.266261,8.06E-02,-4.273613,6.44E-02,5 2Hck,,
1010,Wet Center,6/14/24,,6:00:00 PM,1,"RV, MN",Stream,Stream_Storm,Storm 3. Sample 10,,7/19/2024,1010,-51.127533,7.00E-01,-8.145878,6.34E-02,-4.219478,3.43E-02,,,
1011,Wet Center,6/14/24,,6:00:00 PM,2,"RV, MN",Stream,Stream_Storm,Storm 3. Sample 10,,7/19/2024,1011,-51.223307,5.50E-01,-8.192599,7.69E-02,-4.25718,4.09E-02,,,
1012,Wet Center,6/14/24,,9:00:00 PM,1,"RV, MN",Stream,Stream_Storm,Storm 3. Sample 11,,7/19/2024,1012,-51.55381,2.81E-01,-8.23959,2.66E-02,-4.301484,2.59E-02,,,
1013,Wet Center,6/14/24,,9:00:00 PM,2,"RV, MN",Stream,Stream_Storm,Storm 3. Sample 11,,7/19/2024,1013,-51.982848,7.77E-01,-8.221195,9.22E-02,-4.289458,4.89E-02,,,
1014,Wet Center,6/15/24,,12:00:00 AM,1,"RV, MN",Stream,Stream_Storm,Storm 3. Sample 12,,7/19/2024,1014,-51.378455,9.02E-01,-8.082483,1.20E-01,-4.247746,7.20E-02,5 2Hck,,
1015,Wet Center,6/15/24,,12:00:00 AM,2,"RV, MN",Stream,Stream_Storm,Storm 3. Sample 12,,7/19/2024,1015,-51.545385,9.57E-01,-8.197898,8.94E-02,-4.481882,7.99E-02,5 2Hck,,
1016,Wet Center,6/15/24,,3:00:00 AM,1,"RV, MN",Stream,Stream_Storm,Storm 3. Sample 13,,7/19/2024,1016,-52.105195,5.20E-01,-8.197856,6.75E-02,-4.557678,4.51E-02,,,
1017,Wet Center,6/15/24,,3:00:00 AM,2,"RV, MN",Stream,Stream_Storm,Storm 3. Sample 13,,7/23/2024,1017,-51.231594,4.74E-01,-8.163267,7.95E-02,-4.333396,4.94E-02,,,
1018,Wet Center,6/15/24,,6:00:00 AM,1,"RV, MN",Stream,Stream_Storm,Storm 3. Sample 14,,7/23/2024,1018,-51.656913,2.72E-01,-8.201581,4.44E-02,-4.36246,6.07E-02,,,
1019,Wet Center,6/15/24,,6:00:00 AM,2,"RV, MN",Stream,Stream_Storm,Storm 3. Sample 14,,7/25/2024,1019,-51.33299,5.83E-01,-8.539749,4.54E-02,-3.844432,3.98E-02,,,
1020,Wet Center,6/15/24,,9:00:00 AM,1,"RV, MN",Stream,Stream_Storm,Storm 3. Sample 15,,7/25/2024,1020,-51.253502,5.19E-01,-8.619869,6.02E-02,-3.86498,5.41E-02,,,
1021,Wet Center,6/15/24,,9:00:00 AM,2,"RV, MN",Stream,Stream_Storm,Storm 3. Sample 15,,7/25/2024,1021,-51.560887,4.77E-01,-8.549973,9.47E-02,-3.828031,6.34E-02,,,
1022,Wet Center,6/15/24,,12:00:00 PM,1,"RV, MN",Stream,Stream_Storm,Storm 3. Sample 16,,7/25/2024,1022,-51.370015,3.56E-01,-8.53278,9.07E-02,-3.806316,4.19E-02,,,
1023,Wet Center,6/15/24,,12:00:00 PM,2,"RV, MN",Stream,Stream_Storm,Storm 3. Sample 16,,7/25/2024,1023,-50.985503,4.98E-01,-8.414811,9.96E-02,-3.678932,5.50E-02,,,
1024,Wet Center,6/15/24,,3:00:00 PM,1,"RV, MN",Stream,Stream_Storm,Storm 3. Sample 17,,7/25/2024,1024,-50.91736,4.96E-01,-8.247012,9.37E-02,-3.600927,3.63E-02,,,
1025,Wet Center,6/15/24,,3:00:00 PM,2,"RV, MN",Stream,Stream_Storm,Storm 3. Sample 17,,7/25/2024,1025,-50.7401,2.88E-01,-8.310075,4.87E-02,-3.623459,5.50E-02,,,
1026,Wet Center,6/15/24,,6:00:00 PM,1,"RV, MN",Stream,Stream_Storm,Storm 3. Sample 18,,7/25/2024,1026,-51.297844,7.75E-01,-8.281803,1.77E-01,-3.629639,6.35E-02,,,
1027,Wet Center,6/15/24,,6:00:00 PM,2,"RV, MN",Stream,Stream_Storm,Storm 3. Sample 18,,7/25/2024,1027,-50.302881,1.39E+00,-8.064576,2.12E-01,-3.545441,1.42E-01,5 2Hck,,
1028,Wet Center,6/15/24,,9:00:00 PM,1,"RV, MN",Stream,Stream_Storm,Storm 3. Sample 19,,7/25/2024,1028,-51.243447,1.15E+00,-8.223275,1.16E-01,-3.637067,7.90E-02,"1 svol, 4 2Hck",,
1029,Wet Center,6/15/24,,9:00:00 PM,2,"RV, MN",Stream,Stream_Storm,Storm 3. Sample 19,,7/25/2024,1029,-51.427311,9.88E-01,-8.085204,8.17E-02,-3.58075,4.13E-02,5 2Hck,,
1030,Wet Center,6/16/24,,12:00:00 AM,1,"RV, MN",Stream,Stream_Storm,Storm 3. Sample 20,,7/25/2024,1030,-51.153584,9.57E-01,-8.075849,1.20E-01,-3.471096,5.17E-02,"3 svol, 2 2Hck",,
1031,Wet Center,6/16/24,,12:00:00 AM,2,"RV, MN",Stream,Stream_Storm,Storm 3. Sample 20,,7/25/2024,1031,-51.411633,8.87E-01,-8.089823,9.30E-02,-3.622193,6.02E-02,5 2Hck,,
1032,Wet Center,6/16/24,,3:00:00 AM,1,"RV, MN",Stream,Stream_Storm,Storm 3. Sample 21,,7/25/2024,1032,-51.170229,7.17E-01,-8.054783,1.18E-01,-3.597236,8.03E-02,,,
1033,Wet Center,6/16/24,,3:00:00 AM,2,"RV, MN",Stream,Stream_Storm,Storm 3. Sample 21,,7/25/2024,1033,-51.490642,9.92E-01,-8.135184,1.14E-01,-3.667877,7.62E-02,5 2Hck,,
1034,Wet Center,6/16/24,,6:00:00 AM,1,"RV, MN",Stream,Stream_Storm,Storm 3. Sample 22,,7/25/2024,1034,-50.886847,3.40E-01,-8.087229,7.56E-02,-3.690484,4.22E-02,,,
1035,Wet Center,6/16/24,,6:00:00 AM,2,"RV, MN",Stream,Stream_Storm,Storm 3. Sample 22,,7/25/2024,1035,-52.302541,3.14E-01,-8.171298,5.82E-02,-3.697405,2.67E-02,,,
1036,Wet Center,6/16/24,,9:00:00 AM,1,"RV, MN",Stream,Stream_Storm,Storm 3. Sample 23,,7/25/2024,1036,-50.660748,1.04E+00,-7.977577,1.60E-01,-3.613134,1.02E-01,5 2Hck,,
1037,Wet Center,6/16/24,,9:00:00 AM,2,"RV, MN",Stream,Stream_Storm,Storm 3. Sample 23,,7/25/2024,1037,-51.245521,7.52E-01,-7.969003,1.36E-01,-3.650384,6.80E-02,,,
1038,Wet Center,6/16/24,,12:00:00 PM,1,"RV, MN",Stream,Stream_Storm,Storm 3. Sample 24,,7/25/2024,1038,-50.572322,1.70E+00,-7.904929,1.81E-01,-3.627188,9.35E-02,5 2Hck,,
1039,Wet Center,6/16/24,,12:00:00 PM,2,"RV, MN",Stream,Stream_Storm,Storm 3. Sample 24,,7/25/2024,1039,-50.51827,2.89E+00,-7.779133,2.74E-01,-3.594271,1.48E-01,"2 svol, 3 2Hck",,
1040,Wet Center,6/24/24,,10:08:00 AM,1,"RC, RV, MN",Stream,3_sites,"3 site field sampling on Monday 6/24/24, rain & thunderstorms this past weekend",,8/26/2024,1040,-45.760957,1.86E+00,-7.29042,2.38E-01,-4.26608,9.74E-02,,,
1041,Wet Center,6/24/24,,10:08:00 AM,2,"RC, RV, MN",Stream,3_sites,,,8/26/2024,1041,-45.115165,7.02E-01,-7.084089,7.13E-02,-4.411279,3.36E-02,,,
1042,NOHO Mill River,6/24/24,,10:56:00 AM,1,"RC, RV, MN",Stream,3_sites,,,8/26/2024,1042,-44.512973,7.43E-01,-7.018213,9.38E-02,-4.522277,7.43E-02,,,
1043,NOHO Mill River,6/24/24,,10:56:00 AM,2,"RC, RV, MN",Stream,3_sites,,,8/26/2024,1043,-44.506631,6.12E-01,-6.977448,8.11E-02,-4.605432,5.94E-02,,,
1044,Groff Park,6/24/24,,11:55:00 AM,1,"RC, RV, MN",Stream,3_sites,,,8/26/2024,1044,-43.755316,5.54E-01,-6.945802,8.66E-02,-4.24943,4.11E-02,,,
1045,Groff Park,6/24/24,,11:55:00 AM,2,"RC, RV, MN",Stream,3_sites,,,8/26/2024,1045,-42.888824,9.02E-01,-6.993383,7.37E-02,-4.124059,6.01E-02,,,
1046,Wet Center,6/20/24,,4:24:00 PM,1,"RV, RC",Stream,Stream_Storm,"ISCO samples taken every 6 hours from 6/20-6/26/24, it was not a single storm, frequent thunderstorms occurred throughout this time period",,8/26/2024,1046,-49.291691,1.13E+00,-7.667846,1.73E-01,-4.40678,1.14E-01,,,
1047,Wet Center,6/20/24,,4:24:00 PM,2,"RV, RC",Stream,Stream_Storm,Storm 4,,8/26/2024,1047,-48.092541,5.52E-01,-7.738329,7.98E-02,-4.205612,3.94E-02,,,
1048,Wet Center,6/20/24,,10:24:00 PM,1,"RV, RC",Stream,Stream_Storm,Storm 4,,8/26/2024,1048,-39.224701,7.12E-01,-6.656743,7.18E-02,-3.095128,5.53E-02,,,
1049,Wet Center,6/20/24,,10:24:00 PM,2,"RV, RC",Stream,Stream_Storm,Storm 4,,8/26/2024,1049,-38.82999,6.39E-01,-6.659309,7.81E-02,-3.028801,8.81E-02,,,
1050,Wet Center,6/21/24,,4:24:00 AM,1,"RV, RC",Stream,Stream_Storm,Storm 4,,8/26/2024,1050,-45.868886,5.34E-01,-7.623873,6.12E-02,-3.552539,3.37E-02,,,
1051,Wet Center,6/21/24,,4:24:00 AM,2,"RV, RC",Stream,Stream_Storm,Storm 4,,8/26/2024,1051,-45.161815,2.02E+00,-7.502874,1.89E-01,-3.658556,1.13E-01,,,
1052,Wet Center,6/21/24,,10:24:00 AM,1,"RV, RC",Stream,Stream_Storm,Storm 4,,8/26/2024,1052,-48.715822,4.60E-01,-7.914078,6.30E-02,-4.020761,3.37E-02,,,
1053,Wet Center,6/21/24,,10:24:00 AM,2,"RV, RC",Stream,Stream_Storm,Storm 4,,8/26/2024,1053,-48.682562,3.94E-01,-7.81535,6.59E-02,-4.156011,2.42E-02,,,
1054,Wet Center,6/21/24,,4:24:00 PM,1,"RV, RC",Stream,Stream_Storm,Storm 4,,8/26/2024,1054,-44.380464,1.28E+00,-7.155261,1.32E-01,-3.893117,7.58E-02,,,
1055,Wet Center,6/21/24,,4:24:00 PM,2,"RV, RC",Stream,Stream_Storm,Storm 4,,8/26/2024,1055,-44.019934,6.58E-01,-7.155873,8.34E-02,-3.875991,3.43E-02,,,
1056,Wet Center,6/21/24,,10:24:00 PM,1,"RV, RC",Stream,Stream_Storm,Storm 4,,8/26/2024,1056,-41.794637,1.16E+00,-6.952187,1.04E-01,-3.715339,5.31E-02,,,
1057,Wet Center,6/21/24,,10:24:00 PM,2,"RV, RC",Stream,Stream_Storm,Storm 4,,8/26/2024,1057,-41.347134,5.81E-01,-6.808447,4.52E-02,-3.829641,8.54E-02,,,
1058,Wet Center,6/22/24,,4:24:00 AM,1,"RV, RC",Stream,Stream_Storm,Storm 4,,8/26/2024,1058,-45.376516,2.54E-01,-7.232615,5.59E-02,-4.292355,6.13E-02,,,
1059,Wet Center,6/22/24,,4:24:00 AM,2,"RV, RC",Stream,Stream_Storm,Storm 4,,8/26/2024,1059,-45.914747,4.35E-01,-7.265573,1.10E-01,-4.336694,3.48E-02,,,
1060,Wet Center,6/22/24,,10:24:00 AM,1,"RV, RC",Stream,Stream_Storm,Storm 4,,9/19/2024,1060,-47.45681,7.58E-01,-7.66504,9.11E-02,-4.232535,6.20E-02,1 fvol,,
1061,Wet Center,6/22/24,,10:24:00 AM,2,"RV, RC",Stream,Stream_Storm,Storm 4,,9/19/2024,1061,-46.359952,2.34E-01,-7.612499,4.55E-02,-4.232825,4.73E-02,,,
1062,Wet Center,6/22/24,,4:24:00 PM,1,"RV, RC",Stream,Stream_Storm,Storm 4,,9/19/2024,1062,-29.965273,2.73E-01,-5.40015,7.57E-02,-2.996148,5.61E-02,,,
1063,Wet Center,6/22/24,,4:24:00 PM,2,"RV, RC",Stream,Stream_Storm,Storm 4,,9/19/2024,1063,-29.959937,3.35E-01,-5.412648,7.40E-02,-2.974766,6.16E-02,,,
1064,Wet Center,6/22/24,,10:24:00 PM,1,"RV, RC",Stream,Stream_Storm,Storm 4,,9/19/2024,1064,-42.870186,4.66E-01,-7.23021,7.73E-02,-3.948251,5.21E-02,,,
1065,Wet Center,6/22/24,,10:24:00 PM,2,"RV, RC",Stream,Stream_Storm,Storm 4,,9/19/2024,1065,-43.267216,4.59E-01,-7.212043,7.94E-02,-3.898332,5.00E-02,1 fvol,,
1066,Wet Center,6/23/24,,4:24:00 AM,1,"RV, RC",Stream,Stream_Storm,Storm 4,,9/19/2024,1066,-41.409222,2.87E-01,-7.058868,5.06E-02,-3.77868,2.70E-02,,,
1067,Wet Center,6/23/24,,4:24:00 AM,2,"RV, RC",Stream,Stream_Storm,Storm 4,,9/19/2024,1067,-41.889518,4.39E-01,-7.09763,2.60E-02,-3.645933,6.89E-02,2 fvol,,
1068,Wet Center,6/23/24,,10:24:00 AM,1,"RV, RC",Stream,Stream_Storm,Storm 4,,9/19/2024,1068,-42.075851,3.02E-01,-7.095358,4.36E-02,-3.517751,3.67E-02,1 fvol,,
1069,Wet Center,6/23/24,,10:24:00 AM,2,"RV, RC",Stream,Stream_Storm,Storm 4,,9/19/2024,1069,-42.086541,6.33E-01,-7.091128,1.17E-01,-3.574849,6.26E-02,,,
1070,Wet Center,6/23/24,,4:24:00 PM,1,"RV, RC",Stream,Stream_Storm,Storm 4,,9/19/2024,1070,-42.761476,4.86E-01,-7.192449,9.13E-02,-3.528019,5.66E-02,1 fvol,,
1071,Wet Center,6/23/24,,4:24:00 PM,2,"RV, RC",Stream,Stream_Storm,Storm 4,,9/19/2024,1071,-43.515182,4.92E-01,-7.21192,6.60E-02,-3.50682,4.49E-02,,,
1072,Wet Center,6/23/24,,10:24:00 PM,1,"RV, RC",Stream,Stream_Storm,Storm 4,,9/19/2024,1072,-40.812029,4.50E-01,-6.997542,1.03E-01,-3.220536,4.21E-02,,,
1073,Wet Center,6/23/24,,10:24:00 PM,2,"RV, RC",Stream,Stream_Storm,Storm 4,,9/19/2024,1073,-41.220845,3.32E-01,-6.935215,2.82E-02,-3.094423,3.89E-02,,,
1074,Wet Center,6/24/24,,4:24:00 AM,1,"RV, RC",Stream,Stream_Storm,Storm 4,,9/19/2024,1074,-43.85769,3.42E-01,-7.26993,4.52E-02,-3.175486,3.32E-02,,,
1075,Wet Center,6/24/24,,4:24:00 AM,2,"RV, RC",Stream,Stream_Storm,Storm 4,,9/19/2024,1075,-43.653427,3.11E-01,-7.262737,1.00E-01,-3.104897,4.95E-02,,,
1076,Wet Center,6/24/24,,10:24:00 AM,1,"RV, RC",Stream,Stream_Storm,Storm 4,,9/19/2024,1076,-44.936804,4.40E-01,-7.380573,4.86E-02,-3.199361,1.70E-02,,,
1077,Wet Center,6/24/24,,10:24:00 AM,2,"RV, RC",Stream,Stream_Storm,Storm 4,,9/19/2024,1077,-44.296164,5.04E-01,-7.373316,8.79E-02,-3.109005,5.80E-02,,,
1078,Wet Center,6/24/24,,4:24:00 PM,1,"RV, RC",Stream,Stream_Storm,Storm 4,,9/19/2024,1078,-44.620667,5.55E-01,-7.422516,1.13E-01,-2.958944,6.10E-02,,,
1079,Wet Center,6/24/24,,4:24:00 PM,2,"RV, RC",Stream,Stream_Storm,Storm 4,,9/19/2024,1079,-45.294237,2.86E-01,-7.452462,8.77E-02,-2.959044,5.73E-02,,,
1080,Wet Center,6/24/24,,10:24:00 PM,1,"RV, RC",Stream,Stream_Storm,Storm 4,,9/19/2024,1080,-45.86031,1.02E-01,-7.570878,4.94E-02,-2.995921,4.72E-02,,,
1081,Wet Center,6/24/24,,10:24:00 PM,2,"RV, RC",Stream,Stream_Storm,Storm 4,,9/19/2024,1081,-45.242565,8.35E-01,-7.520107,1.01E-01,-2.891985,1.07E-01,5 2Hck,,
1082,Wet Center,6/25/24,,4:24:00 AM,1,"RV, RC",Stream,Stream_Storm,Storm 4,,9/19/2024,1082,-46.112018,4.33E-01,-7.545963,5.30E-02,-2.995875,4.03E-02,,,
1083,Wet Center,6/25/24,,4:24:00 AM,2,"RV, RC",Stream,Stream_Storm,Storm 4,,9/19/2024,1083,-46.040079,2.87E-01,-7.577931,5.05E-02,-2.860882,2.95E-02,,,
1084,Wet Center,6/25/24,,10:24:00 AM,1,"RV, RC",Stream,Stream_Storm,Storm 4,,9/19/2024,1084,-46.460318,6.22E-01,-7.478527,1.34E-01,-3.914392,1.01E-01,,,
1085,Wet Center,6/25/24,,10:24:00 AM,2,"RV, RC",Stream,Stream_Storm,Storm 4,,9/19/2024,1085,-46.304431,5.10E-01,-7.491957,1.05E-01,-3.953543,7.57E-02,,,
1086,Wet Center,6/25/24,,4:24:00 PM,1,"RV, RC",Stream,Stream_Storm,Storm 4,,9/19/2024,1086,-46.379161,1.94E-01,-7.514831,6.42E-02,-3.961887,2.31E-02,,,
1087,Wet Center,6/25/24,,4:24:00 PM,2,"RV, RC",Stream,Stream_Storm,Storm 4,,9/19/2024,1087,-46.340621,5.23E-01,-7.496492,4.12E-02,-4.017686,5.04E-02,,,
1088,Wet Center,6/25/24,,10:24:00 PM,1,"RV, RC",Stream,Stream_Storm,Storm 4,,9/19/2024,1088,-46.5018,4.16E-01,-7.545732,8.14E-02,-3.987811,2.25E-02,,,
1089,Wet Center,6/25/24,,10:24:00 PM,2,"RV, RC",Stream,Stream_Storm,Storm 4,,9/19/2024,1089,-46.442454,5.63E-01,-7.48764,1.10E-01,-4.04076,7.04E-02,,,
1090,Wet Center,6/26/24,,4:24:00 AM,1,"RV, RC",Stream,Stream_Storm,Storm 4,,9/19/2024,1090,-46.72465,2.50E-01,-7.589477,5.19E-02,-4.033771,3.60E-02,,,
1091,Wet Center,6/26/24,,4:24:00 AM,2,"RV, RC",Stream,Stream_Storm,Storm 4,,9/19/2024,1091,-46.950606,2.18E-01,-7.587432,6.38E-02,-4.02524,3.51E-02,,,
1092,Wet Center,6/26/24,,10:24:00 AM,1,"RV, RC",Stream,Stream_Storm,Storm 4,,9/19/2024,1092,-47.166613,4.43E-01,-7.546199,9.27E-02,-4.06428,2.91E-02,1 fvol,,
1093,Wet Center,6/26/24,,10:24:00 AM,2,"RV, RC",Stream,Stream_Storm,Storm 4,,9/19/2024,1093,-47.286076,1.76E-01,-7.648933,1.06E-01,-4.118854,3.31E-02,,,
1094,Wet Center,6/26/24,,11:59:00 PM,1,"RV, RC",Precipitation,Precipitation,,,10/14/24,1094,-29.791141,7.27E-01,-3.278446,3.78E-02,-1.612107,2.50E-02,,,
1095,Roaring,07/02/24,,9:15:00 AM,1,"RV, RC, TN, ZW",Stream,13_sites,collected immediately,,10/18/24,1095,-52.509102,5.79E-01,-8.426534,5.64E-02,-4.871819,6.03E-02,,,
1096,Doolittle,07/02/24,,9:37:00 AM,1,"RV, RC, TN, ZW",Stream,13_sites,collected immediately,,10/14/24,1096,-47.39189,1.54E-01,-7.480456,7.23E-02,-3.839075,1.72E-02,,,
1097,Eastman Up,07/02/24,,10:15:00 AM,1,"RV, RC, TN, ZW",Stream,13_sites,collected immediately,,10/14/24,1097,-42.916168,7.64E-01,-6.698342,8.20E-02,-3.493137,7.18E-02,1 fvol,,
1098,Eastman Down,07/02/24,,10:42:00 AM,1,"RV, RC, TN, ZW",Stream,13_sites,collected immediately,,10/14/24,1098,-49.011512,3.03E-01,-7.802991,4.82E-02,-3.995556,1.67E-02,,,
1099,Horse Down,07/02/24,,10:45:00 AM,1,"RV, RC, TN, ZW",Stream,13_sites,collected immediately,,10/14/24,1099,-30.350714,9.84E-02,-5.204897,5.74E-02,-2.635804,2.40E-02,,,
1100,Horse Up,07/02/24,,9:48:00 AM,1,"RV, RC, TN, ZW",Stream,13_sites,collected immediately,,10/14/24,1100,-29.748327,4.45E-01,-4.948563,5.09E-02,-2.605898,3.46E-02,,,
1101,Mill Site,07/02/24,,11:25:00 AM,1,"RV, RC, TN, ZW",Stream,13_sites,collected immediately,,10/14/24,1101,-47.348582,4.36E-01,-7.434275,3.09E-02,-3.948546,4.07E-02,,,
1102,Knightly,07/02/24,,11:03:00 AM,1,"RV, RC, TN, ZW",Stream,13_sites,collected immediately,,10/14/24,1102,-51.929165,3.48E-01,-7.917533,1.73E-02,-4.313668,1.59E-02,,,
1103,Lake Warner Out,07/02/24,,11:18:00 AM,1,"RV, RC, TN, ZW",Stream,13_sites,collected immediately,,10/14/24,1103,-40.521641,1.00E-01,-6.399494,3.66E-02,-3.505794,2.87E-02,,,
1104,Tan Brook Down,07/02/24,,8:47:00 AM,1,"RV, RC, TN, ZW",Stream,13_sites,collected immediately,,10/14/24,1104,-43.455224,2.34E-01,-6.728636,6.47E-02,-3.654276,2.23E-02,,,
1105,Tan Brook Up,07/02/24,,9:41:00 AM,1,"RV, RC, TN, ZW",Stream,13_sites,collected immediately,,10/14/24,1105,-48.111466,2.12E-01,-7.712367,6.69E-02,-4.118099,3.98E-02,,,
1106,Campus Pond Up,07/02/24,,9:17:00 AM,1,"RV, RC, TN, ZW",Stream,13_sites,collected immediately,,10/14/24,1106,-40.722218,1.77E-01,-6.580971,7.09E-02,-3.412013,1.94E-02,,,
1107,Campus Pond Down,07/02/24,,9:26:00 AM,1,"RV, RC, TN, ZW",Stream,13_sites,collected immediately,,10/14/24,1107,-36.27135,1.19E-01,-5.84949,5.67E-02,-3.096503,5.00E-02,1 fvol,,
1108,Wet Center,6/30/24,,11:59:00 PM,1,"RV, RC",Precipitation,Precipitation,Collected 2 days after rain event,,10/14/24,1108,-28.002445,2.29E-01,-5.015437,6.42E-02,-2.652604,3.74E-02,,,
1109,Wet Center,6/30/24,,11:59:00 PM,2,"RV, RC",Precipitation,Precipitation,,,10/14/24,1109,-24.473445,3.34E-01,-3.93259,9.70E-02,-2.028951,4.64E-02,,,
1110,Woodside,2/23/24,,11:59:00 PM,1,CDG,Precipitation,Precipitation,,,10/14/24,1110,-57.047791,5.00E-01,-8.016316,9.80E-02,-4.032844,3.64E-02,,,
1111,Woodside,2/23/24,,11:59:00 PM,2,CDG,Precipitation,Precipitation,,,10/14/24,1111,-62.920486,2.50E-01,-10.081388,4.84E-02,-5.123386,3.81E-02,1 fvol,,
1112,Woodside,2/28/24,,9:00:00 AM,1,CDG,Precipitation,Precipitation,,,10/14/24,1112,-35.694087,1.75E-01,-6.879288,1.10E-01,-3.464558,6.95E-02,,,
1113,Woodside,2/28/24,,9:00:00 AM,2,CDG,Precipitation,Precipitation,,,10/14/24,1113,-31.251332,3.88E-01,-5.861252,4.19E-02,-2.876301,5.01E-02,,,
1114,Woodside,2/28/24,,11:59:00 PM,1,CDG,Precipitation,Precipitation,,,10/14/24,1114,-19.811336,4.89E-01,-4.805349,1.66E-02,-1.243363,2.63E-02,1 fvol,,
1115,Woodside,3/2/24,,11:59:00 PM,1,CDG,Precipitation,Precipitation,,,10/14/24,1115,-91.188309,3.53E-01,-13.816174,6.63E-02,-6.670394,6.51E-02,,,
1116,Woodside,3/2/24,,11:59:00 PM,2,CDG,Precipitation,Precipitation,,,10/14/24,1116,-90.159374,3.89E-01,-13.620161,5.51E-02,-6.579693,3.97E-02,,,
1117,Woodside,3/6/24,,8:00:00 AM,1,CDG,Precipitation,Precipitation,,,10/14/24,1117,-42.584772,1.13E-01,-7.810311,6.66E-02,-3.110049,1.05E-02,1 fvol,,
1118,Woodside,3/6/24,,8:00:00 AM,2,CDG,Precipitation,Precipitation,,,10/14/24,1118,-40.840741,2.23E-01,-7.540932,7.84E-02,-3.010605,5.33E-02,,,
1119,Woodside,3/7/24,,8:00:00 AM,1,CDG,Precipitation,Precipitation,,,10/14/24,1119,-71.125559,2.19E-01,-10.642557,6.12E-02,-4.999799,6.15E-02,,,
1120,Woodside,3/7/24,,8:00:00 AM,2,CDG,Precipitation,Precipitation,,,10/14/24,1120,-71.436699,2.30E-01,-10.46472,8.00E-02,-5.181121,5.68E-02,,,
1121,Woodside,3/9/24,,11:59:00 PM,1,CDG,Precipitation,Precipitation,,,10/14/24,1121,-49.697571,1.92E-01,-8.979147,7.47E-02,-4.560966,7.68E-02,,,
1122,Woodside,3/9/24,,11:59:00 PM,2,CDG,Precipitation,Precipitation,,,10/14/24,1122,-48.110625,5.31E-01,-8.375231,7.64E-02,-4.713051,8.34E-02,1 svol,,
1123,Woodside,4/10/24,,11:59:00 PM,1,CDG,Precipitation,Precipitation,,,10/14/24,1123,11.368246,4.75E-01,0.254322,7.52E-02,0.305596,4.09E-02,PLEASE RERUN AS POSITIVE VALUES AR AN ERROR ,,
1124,Woodside,4/10/24,,11:59:00 PM,2,CDG,Precipitation,Precipitation,,,10/14/24,1124,13.588867,4.03E-01,1.326961,7.49E-02,0.808835,4.99E-02,pLEASE RERUN AS POSITIVE VALUES AR AN ERROR ,,
1125,Woodside,4/11/24,,11:59:00 PM,1,CDG,Precipitation,Precipitation,,,10/18/24,1125,-4.746146,5.14E-01,-2.430183,7.42E-02,-1.337446,7.56E-02,RV comment. These precip samples are very enriched. Normal? Maybe some evaporation occured ,,
1126,Woodside,4/12/24,,8:00:00 AM,1,CDG,Precipitation,Precipitation,,,10/18/24,1126,-3.065261,2.36E-01,-2.255294,6.01E-02,-1.082465,6.93E-02,,,
1127,Woodside,4/12/24,,8:00:00 AM,2,CDG,Precipitation,Precipitation,,,10/18/24,1127,-4.44905,5.31E-01,-2.386548,8.84E-02,-1.059843,6.22E-02,,,
1128,Woodside,4/12/24,,11:59:00 PM,1,CDG,Precipitation,Precipitation,,,10/18/24,1128,-30.099167,3.12E-01,-3.815452,3.74E-02,-1.971032,4.46E-02,,,
1129,Woodside,4/12/24,,11:59:00 PM,2,CDG,Precipitation,Precipitation,,,10/18/24,1129,-30.647364,2.73E-01,-3.805335,5.78E-02,-1.994336,4.82E-02,,,
1130,Woodside,4/28 - 5/15/24,,12:00:00 PM,1,CDG,Precipitation,Precipitation,,,10/18/24,1130,-24.426188,5.32E-01,-4.81873,6.95E-02,-2.414052,6.15E-02,,,
1131,Woodside,4/28 - 5/15/24,,12:00:00 PM,2,CDG,Precipitation,Precipitation,,,10/18/24,1131,-24.460563,3.47E-01,-4.79072,7.69E-02,-2.315274,9.70E-02,,,
1132,Woodside,5/16/24,,5:00:00 PM,1,CDG,Precipitation,Precipitation,,,10/18/24,1132,-59.130154,2.77E-01,-9.096967,4.95E-02,-4.550521,1.84E-02,,,
1133,Woodside,5/16/24,,5:00:00 PM,2,CDG,Precipitation,Precipitation,,,10/18/24,1133,-59.453486,6.67E-01,-9.13252,7.78E-02,-4.615555,7.39E-02,,,
1134,Woodside,5/19 - 5/30/24,,11:59:00 PM,1,CDG,Precipitation,Precipitation,,,10/18/24,1134,-9.996504,5.58E-01,-2.799511,5.63E-02,-1.111283,8.81E-02,,,
1135,Woodside,5/19 - 5/30/24,,11:59:00 PM,2,CDG,Precipitation,Precipitation,,,10/24/24,1135,-11.068148,1.70E-01,-2.114433,4.83E-02,-2.002299,4.39E-02,,,
1136,Woodside,6/6 - 6/8/24,,11:59:00 PM,1,CDG,Precipitation,Precipitation,,,10/24/24,1136,-70.339024,5.26E-01,-9.64269,6.59E-02,-6.145713,5.28E-02,,,
1137,Woodside,6/6 - 6/8/24,,11:59:00 PM,2,CDG,Precipitation,Precipitation,,,10/24/24,1137,-70.897988,1.49E-01,-9.684828,1.01E-02,-6.061705,3.84E-02,,,
1138,Woodside,6/6 - 6/8/24,,11:59:00 PM,3,CDG,Precipitation,Precipitation,,,10/24/24,1138,-70.889615,4.98E-01,-9.689235,6.34E-02,-5.969016,4.86E-02,,,
1139,Woodside,6/6 - 6/8/24,,11:59:00 PM,4,CDG,Precipitation,Precipitation,,,10/24/24,1139,-70.393821,2.93E-01,-9.722376,7.27E-02,-5.770876,4.72E-02,,,
1140,Woodside,6/14/24,,11:59:00 PM,1,CDG,Precipitation,Precipitation,,,10/24/24,1140,-22.967406,1.58E-01,-3.800775,3.37E-02,-2.415033,4.76E-02,,,
1141,Woodside,6/14/24,,11:59:00 PM,2,CDG,Precipitation,Precipitation,,,10/24/24,1141,-23.066589,2.20E-01,-3.843547,8.89E-02,-2.282003,3.16E-02,,,
1142,Woodside,6/19/24,,11:59:00 PM,1,CDG,Precipitation,Precipitation,,,10/24/24,1142,-9.992216,3.93E-01,-2.284945,7.97E-02,-1.267258,6.71E-02,,,
1143,Woodside,6/19/24,,11:59:00 PM,2,CDG,Precipitation,Precipitation,,,10/24/24,1143,-10.046998,4.20E-01,-2.478049,1.08E-01,-1.18525,2.92E-02,,,
1144,Woodside,6/20/24,,11:59:00 PM,1,CDG,Precipitation,Precipitation,,,10/24/24,1144,-13.620865,3.98E-01,-3.73822,5.93E-02,-1.780838,6.98E-02,,,
1145,Woodside,6/20/24,,11:59:00 PM,2,CDG,Precipitation,Precipitation,,,10/24/24,1145,-13.646641,2.15E-01,-3.864229,2.99E-02,-1.746611,3.72E-02,,,
1146,Woodside,6/21/24,,11:59:00 PM,1,CDG,Precipitation,Precipitation,,,10/24/24,1146,-17.576754,5.29E-01,-4.305246,1.03E-01,-1.90328,6.97E-02,,,
1147,Woodside,6/21/24,,11:59:00 PM,2,CDG,Precipitation,Precipitation,,,10/24/24,1147,-17.670348,2.73E-01,-4.610003,7.58E-02,-2.04632,4.67E-02,,,
1148,Woodside,6/22/24,,11:59:00 PM,1,CDG,Precipitation,Precipitation,,,10/24/24,1148,-20.391745,5.00E-01,-5.04259,9.96E-02,-2.285231,8.58E-02,,,
1149,Woodside,6/22/24,,11:59:00 PM,2,CDG,Precipitation,Precipitation,,,10/24/24,1149,-19.59377,4.24E-01,-5.013198,1.32E-01,-2.301325,5.84E-02,,,
1150,Woodside,6/23/24,,11:59:00 PM,1,CDG,Precipitation,Precipitation,,,10/29/24,1150,-7.816813,3.15E-01,-2.755101,7.84E-02,-1.230923,6.00E-02,,,
1151,Woodside,6/26/24,,11:59:00 PM,1,CDG,Precipitation,Precipitation,,,10/29/24,1151,-30.547509,3.52E-01,-3.987235,1.95E-02,-1.958039,3.06E-02,,,
1152,Woodside,6/26/24,,11:59:00 PM,2,CDG,Precipitation,Precipitation,,,10/29/24,1152,-29.929651,5.43E-01,-3.982592,9.39E-02,-1.911402,1.38E-02,,,
1153,Woodside,6/30/24,,11:59:00 PM,1,CDG,Precipitation,Precipitation,,,10/29/24,1153,-25.42376,3.80E-01,-5.299426,2.10E-02,-2.615432,3.32E-02,,,
1154,Woodside,6/30/24,,11:59:00 PM,2,CDG,Precipitation,Precipitation,,,10/29/24,1154,-25.515406,8.99E-02,-5.305016,4.37E-02,-2.680338,5.80E-02,,,
1155,Wet Center,7/5-7/24,,11:59:00 PM,1,"RC, RV, MN",Precipitation,Precipitation,Rain event between 7/5 and 7/7. Collected on 7/8,,10/29/24,1155,-22.48482,1.54E-01,-4.665884,7.90E-02,-2.388106,3.70E-02,,,
1156,Wet Center,7/5-7/24,,11:59:00 PM,2,"RC, RV, MN",Precipitation,Precipitation,,,10/29/24,1156,-22.617733,2.21E-01,-4.666887,7.30E-02,-2.362416,1.85E-02,,,
1157,Wet Center,7/5-7/24,,11:59:00 PM,3,"RC, RV, MN",Precipitation,Precipitation,,,10/29/24,1157,-22.351153,1.79E-01,-4.705475,3.71E-02,-2.411243,2.41E-02,,,
1158,Wet Center,7/5-7/24,,11:59:00 PM,4,"RC, RV, MN",Precipitation,Precipitation,,,10/29/24,1158,-22.383152,4.59E-01,-4.639639,1.07E-01,-2.340011,4.76E-03,,,
1159,Wet Center,7/8/24,,9:59:00 AM,1,"RC, RV, MN",Stream,3_sites,3 site field sampling,,10/29/24,1159,-45.127623,2.45E-01,-7.551466,1.01E-01,-3.908369,3.45E-02,,,
1160,Wet Center,7/8/24,,9:59:00 AM,2,"RC, RV, MN",Stream,3_sites,,,10/29/24,1160,-45.039716,4.99E-01,-7.5508,6.91E-02,-3.814146,1.86E-02,,,
1161,NOHO Mill River,7/8/24,,10:55:00 AM,1,"RC, RV, MN",Stream,3_sites,,,10/29/24,1161,-45.188482,7.84E-01,-7.627782,1.16E-01,-3.824488,5.64E-02,,,
1162,NOHO Mill River,7/8/24,,10:55:00 AM,2,"RC, RV, MN",Stream,3_sites,,,10/29/24,1162,-46.007181,2.88E-01,-7.672996,3.95E-02,-3.914534,1.82E-02,,,
1163,Groff Park,7/8/24,,11:39:00 AM,1,"RC, RV, MN",Stream,3_sites,,,10/29/24,1163,-41.905737,8.48E-01,-7.270375,1.70E-01,-3.639677,5.30E-02,,,
1164,Groff Park,7/8/24,,11:39:00 AM,2,"RC, RV, MN",Stream,3_sites,,,10/29/24,1164,-41.849088,6.11E-01,-7.208888,8.00E-02,-3.642878,8.45E-02,,,
1165,Wet Center,7/9/24,,12:05:00 PM,1,"RC, RV",Stream,Other,"ISCO sample bottle #1 ONLY as the storm did not happen, only recieved 0.06 in which occured before the ISCO was turned on",,10/29/24,1165,-46.725491,5.14E-01,-7.666443,6.48E-02,-3.883989,6.24E-02,,,
1166,Wet Center,7/9/24,,12:05:00 PM,2,"RC, RV",Stream,Other,,,10/29/24,1166,-46.17223,6.38E-01,-7.631063,9.02E-02,-3.933234,7.51E-02,,,
1167,Woodside,7/5-7/24,,11:55:00 PM,1,CDG,Precipitation,Precipitation,Rain event between 7/5 and 7/7. Placed in inventory on 7/11/24.,,10/31/24,1167,-20.733286,2.23E-01,-4.5513,4.06E-02,-2.135021,4.95E-02,,,
1168,Woodside,7/5-7/24,,11:55:00 PM,2,CDG,Precipitation,Precipitation,,,10/31/24,1168,-19.505261,7.28E-01,-4.502864,8.75E-02,-2.122245,2.60E-02,,,
1169,Woodside,7/5-7/24,,11:55:00 PM,3,CDG,Precipitation,Precipitation,,,10/31/24,1169,-20.750305,3.82E-01,-4.577487,1.33E-01,-2.144122,3.74E-02,,,
1170,Woodside,7/5-7/24,,11:55:00 PM,4,CDG,Precipitation,Precipitation,,,10/31/24,1170,-21.011019,1.37E-01,-4.470974,8.05E-02,-2.1457,3.93E-02,,,
1171,Wet Center,7/12-14/24,,11:59:00 PM,1,RV,Precipitation,Precipitation,,,10/31/24,1171,-19.649961,6.74E-01,-3.800852,8.54E-02,-1.848273,8.83E-02,,,
1172,Wet Center,7/12/24,,1:25:00 PM,1,RV,Stream,Stream_Storm,"Storm 5, Sample 1",,10/31/24,1172,-47.567545,1.13E+00,-7.799063,1.45E-01,-4.014353,1.00E-01,3 2Hck,3 total runs per sample,
1173,Wet Center,7/12/24,,4:25:00 PM,1,RV,Stream,Stream_Storm,"Storm 5, Sample 2",,10/31/24,1173,-47.55526,7.98E-01,-7.835536,8.97E-02,-3.975172,4.07E-02,,,
1174,Wet Center,7/12/24,,7:25:00 PM,1,RV,Stream,Stream_Storm,"Storm 5, Sample 3",,10/31/24,1174,-48.227194,9.45E-01,-7.944008,1.25E-01,-4.068626,7.10E-02,3 2Hck,,
1175,Wet Center,7/12/24,,10:25:00 PM,1,RV,Stream,Stream_Storm,"Storm 5, Sample 4",,10/31/24,1175,-48.6924,8.62E-01,-7.916224,1.28E-01,-4.076959,8.28E-02,3 2Hck,,
1176,Wet Center,7/13/24,,1:25:00 AM,1,RV,Stream,Stream_Storm,"Storm 5, Sample 5",,10/31/24,1176,-48.706343,7.84E-01,-7.955122,1.32E-01,-4.080605,6.51E-02,,,
1177,Wet Center,7/13/24,,4:25:00 AM,1,RV,Stream,Stream_Storm,"Storm 5, Sample 6",,10/31/24,1177,-47.639747,1.53E-01,-7.950329,1.04E-01,-4.074312,9.61E-03,,,
1178,Wet Center,7/13/24,,7:25:00 AM,1,RV,Stream,Stream_Storm,"Storm 5, Sample 7",,10/31/24,1178,-47.356575,1.53E-01,-7.838052,3.94E-02,-3.977602,2.35E-02,,,
1179,Wet Center,7/13/24,,10:25:00 AM,1,RV,Stream,Stream_Storm,"Storm 5, Sample 8",,10/31/24,1179,-48.679989,2.15E-01,-7.964097,5.68E-02,-4.018235,6.99E-02,,,
1180,Wet Center,7/13/24,,1:25:00 PM,1,RV,Stream,Stream_Storm,"Storm 5, Sample 9",,10/31/24,1180,-48.554928,5.63E-01,-7.909609,1.15E-01,-4.004285,2.49E-02,,,
1181,Wet Center,7/13/24,,4:25:00 PM,1,RV,Stream,Stream_Storm,"Storm 5, Sample 10",,10/31/24,1181,-48.228567,3.48E-01,-7.945941,3.38E-02,-3.981603,2.44E-02,,,
1182,Wet Center,7/13/24,,7:25:00 PM,1,RV,Stream,Stream_Storm,"Storm 5, Sample 11",,10/31/24,1182,-48.343415,2.69E-01,-7.974842,4.59E-02,-3.981599,2.21E-02,,,
1183,Wet Center,7/13/24,,10:25:00 PM,1,RV,Stream,Stream_Storm,"Storm 5, Sample 12",,11/07/24,1183,-49.02591,3.26E-01,-7.75698,2.17E-02,-3.616446,4.88E-02,,,
1184,Wet Center,7/14/24,,1:25:00 AM,1,RV,Stream,Stream_Storm,"Storm 5, Sample 13",,11/07/24,1184,-48.283465,4.57E-01,-7.690677,5.76E-02,-3.628189,4.29E-02,,,
1185,Wet Center,7/14/24,,4:25:00 AM,1,RV,Stream,Stream_Storm,"Storm 5, Sample 14",,11/07/24,1185,-48.19949,2.36E-01,-7.754097,3.87E-02,-3.638997,2.47E-02,,,
1186,Wet Center,7/14/24,,7:25:00 AM,1,RV,Stream,Stream_Storm,"Storm 5, Sample 15",,11/07/24,1186,-48.850643,3.19E-01,-7.781629,2.79E-02,-3.698266,1.03E-02,,,
1187,Wet Center,7/14/24,,11:50,1,RV,Stream,Stream_Storm,"Storm 5, sample 16: Bottle 16 was near empty. RV discarded the bottle and took samples by hand at 11:50 am. End of ISCO tubing was partially out of water, so the tube and pressure transducer were moved down 2 inch. ISCO also began reading message "" Errors have occurred during program."" ",,11/07/24,1187,-47.616409,3.29E-01,-7.755481,3.16E-02,-3.673358,6.59E-02,,,
1188,Wet Center,7/14/24,,1:25:00 PM,1,RV,Stream,Stream_Storm,17: Rest of samples were taken without an issue,,11/07/24,1188,-47.674837,2.85E-01,-7.77973,4.79E-02,-3.719842,3.43E-02,,,
1189,Wet Center,7/14/24,,4:25:00 PM,1,RV,Stream,Stream_Storm,18: No issue,,11/07/24,1189,-46.056846,2.08E-01,-7.790964,6.47E-02,-3.838924,1.87E-02,,,
1190,Wet Center,7/14/24,,7:25:00 PM,1,RV,Stream,Stream_Storm,19: No issue,,11/07/24,1190,-47.826985,2.08E-01,-7.820587,6.41E-02,-3.918082,3.16E-02,,,
1191,Wet Center,7/14/24,,10:25:00 PM,1,RV,Stream,Stream_Storm,20: No issue,,11/07/24,1191,-47.818993,5.12E-01,-7.730437,3.52E-02,-3.973225,4.55E-02,,,
1192,Wet Center,7/15/24,,1:25:00 AM,1,RV,Stream,Stream_Storm,21: No issue,,11/07/24,1192,-44.531162,7.94E-02,-7.428536,1.89E-02,-3.947015,6.28E-02,,,
1193,Wet Center,7/15/24,,4:25:00 AM,1,RV,Stream,Stream_Storm,22: No issue,,11/07/24,1193,-46.196966,4.72E-01,-7.448597,3.53E-02,-3.995428,2.26E-02,,,
1194,Wet Center,7/15/24,,7:25:00 AM,1,RV,Stream,Stream_Storm,23: No issue,,11/07/24,1194,-46.947562,1.90E-01,-7.54251,4.14E-02,-4.191869,2.09E-02,,,
1195,Wet Center,7/15/24,,10:25:00 AM,1,RV,Stream,Stream_Storm,24: No issue,,11/07/24,1195,-46.791017,3.72E-01,-7.532432,6.30E-02,-4.170997,4.22E-02,,,
1196,Wet Center,7/12-14/24,,11:59:00 PM,1,"RV, MN",Precipitation,Precipitation,,,11/07/24,1196,-29.675673,1.43E-01,-4.734833,5.20E-02,-2.507172,4.21E-02,,,
1197,Wet Center,7/12-15/24,,11:59:00 PM,1,"RV, MN",Precipitation,Precipitation,,,11/07/24,1197,-29.693706,2.72E-01,-4.680357,5.48E-02,-2.461132,2.15E-02,,,
1198,Wet Center,7/12-15/24,,11:59:00 PM,1,"RV, MN",Precipitation,Precipitation,,,11/07/24,1198,-30.613182,6.00E-01,-4.974678,5.63E-02,-2.095105,4.89E-02,,,
1199,Wet Center,7/12-15/24,,11:59:00 PM,1,"RV, MN",Precipitation,Precipitation,,,11/07/24,1199,-30.07856,5.25E-01,-4.949664,6.45E-02,-2.158598,5.54E-02,,,
1200,Fearing 1,7/18/24,,,1,,Stream,Other,,,7/19/2024,1200,-45.494698,3.63E-01,-7.201368,7.58E-02,-4.025425,2.77E-02,,,
1201,Fearing 2,7/18/24,,,1,,Stream,Other,,,7/19/2024,1201,-45.94445,9.02E-01,-7.309386,1.16E-01,-4.130859,6.04E-02,5 2Hck,,
1202,Fearing 3,7/18/24,,,1,,Stream,Other,,,7/19/2024,1202,-47.540846,4.32E-01,-7.732943,3.90E-02,-3.407796,2.61E-02,1 fvol,,
1203,Fearing 4,7/18/24,,,1,,Stream,Other,,,7/19/2024,1203,-41.552375,4.42E-01,-6.880876,9.61E-02,-3.029874,4.63E-02,,,
1204,Fearing 5,7/18/24,,,1,,Stream,Other,,,7/19/2024,1204,-40.226538,3.69E-01,-6.698967,7.00E-02,-2.913972,4.91E-02,,,
1205,Fearing 6,7/18/24,,,1,,Stream,Other,,,7/19/2024,1205,-38.997415,2.95E-01,-6.53119,3.07E-02,-2.974722,7.27E-02,,,
1206,Fearing 7,7/18/24,,,1,,Stream,Other,,,7/19/2024,1206,-45.345912,3.68E-01,-7.494583,4.03E-02,-3.595313,3.36E-02,,,
1207,Fearing 8,7/18/24,,,1,,Stream,Other,,,7/19/2024,1207,-44.398629,3.94E-01,-7.396903,4.19E-02,-3.632933,5.92E-02,,,
1208,Adams 1,7/18/24,,,1,,Stream,Other,,,7/19/2024,1208,-46.782657,3.31E-01,-7.601714,2.41E-02,-3.808904,5.93E-02,,,
1209,Adams 2,7/18/24,,,1,,Stream,Other,,,7/19/2024,1209,-47.7551,2.79E-01,-7.779235,2.08E-02,-4.005208,2.69E-02,1 fvol,,
1210,Adams 3,7/18/24,,,1,,Stream,Other,,,7/19/2024,1210,-46.263993,6.67E-01,-7.585059,1.01E-01,-3.841913,6.46E-02,,,
1211,Amethyst 1,7/18/24,,,1,,Stream,Other,,,7/19/2024,1211,-44.228673,1.00E+00,-7.392766,5.02E-02,-3.823542,8.30E-02,5 2Hck,,
1212,NYC DEP Grahamsville _PRE,4/11/2024,,10:00:00 AM,1,,Stream,Other,"Samples given to us by Kiron. All Samples ""Analysis: 524.2_Pres_PREC-524 THM"" ",,7/23/2024,1212,-66.094088,7.93E-01,-10.391837,1.00E-01,-5.303882,5.03E-02,,,
1213,NYC DEP Grahamsville _PRE,4/11/2024,,10:00:00 AM,2,,Stream,Other,"All samples ""Preservative: Ascorbic Acid and Hydrochloric Acid""",,7/23/2024,1213,-65.818159,1.72E+00,-10.363607,1.74E-01,-5.294019,1.15E-01,5 2Hck,,
1214,NYC DEP Grahamsville _1,4/12/2024,,12:08:00 AM,1,,Stream,Other,,,7/23/2024,1214,-61.53189,5.67E-01,-9.913532,4.98E-02,-5.037802,3.17E-02,,,
1215,NYC DEP Grahamsville _2,4/12/2024,,1:08:00 AM,1,,Stream,Other,,,7/23/2024,1215,-60.868319,2.34E-01,-9.786369,3.25E-02,-5.018038,4.38E-02,,,
1216,NYC DEP Grahamsville _3,4/12/2024,,2:23:00 AM,1,,Stream,Other,,,7/23/2024,1216,-61.132752,1.25E+00,-9.779966,1.56E-01,-5.037483,6.95E-02,5 2Hck,,
1217,NYC DEP Grahamsville _4,4/12/2024,,3:23:00 AM,1,,Stream,Other,,,7/23/2024,1217,-60.525459,3.00E-01,-9.718675,6.11E-02,-5.036001,4.05E-02,,,
1218,NYC DEP Grahamsville _5,4/12/2024,,4:23:00 AM,1,,Stream,Other,,,7/23/2024,1218,-60.622082,9.40E-02,-9.734966,5.17E-02,-5.025756,4.81E-02,,,
1219,NYC DEP Grahamsville _6,4/12/2024,,6:08:00 AM,1,,Stream,Other,,,7/23/2024,1219,-60.545487,5.91E-01,-9.690619,9.16E-02,-4.975394,4.72E-02,,,
1220,NYC DEP Grahamsville _7,4/12/2024,,2:08:00 PM,1,,Stream,Other,,,7/23/2024,1220,-60.587896,2.61E-01,-9.64573,4.37E-02,-4.96835,1.82E-02,,,
1221,NYC DEP Grahamsville _8,4/12/2024,,3:23:00 PM,1,,Stream,Other,,,7/23/2024,1221,-60.506828,1.95E-01,-9.613012,3.60E-02,-4.942595,2.59E-02,,,
1222,NYC DEP Grahamsville _9,4/12/2024,,6:23:00 PM,1,,Stream,Other,,,7/23/2024,1222,-61.128115,4.29E-01,-9.702113,5.99E-02,-5.02727,1.60E-02,,,
1223,NYC DEP Grahamsville _10,4/12/2024,,9:23:00 PM,1,,Stream,Other,,,7/23/2024,1223,-62.144929,1.63E-01,-9.832982,5.14E-02,-5.159225,6.36E-02,,,
1224,NYC DEP Grahamsville _11,4/13/2024,,4:08:00 AM,1,,Stream,Other,,,7/23/2024,1224,-64.086456,3.96E-01,-10.075905,3.89E-02,-5.322462,3.12E-02,,,
1225,NYC DEP Grahamsville _12,4/13/2024,,10:08:00 PM,1,,Stream,Other,,,7/23/2024,1225,-65.880438,5.14E-01,-10.288232,7.41E-02,-5.482993,2.94E-02,,,
1226,NYC DEP Grahamsville _13,4/14/2024,,2:23:00 AM,1,,Stream,Other,,,7/23/2024,1226,-65.702792,3.39E-01,-10.312766,6.18E-02,-5.455706,4.81E-02,,,
1227,NYC DEP Grahamsville _POST,4/15/2024,,8:30:00 AM,1,,Stream,Other,Sample of outflow after 1 days of the storm.,,7/23/2024,1227,-64.862344,2.45E-01,-10.164163,8.98E-02,-5.425928,5.29E-02,,,
1228,NYC DEP Grahamsville _POST,4/15/2024,,8:30:00 AM,2,,Stream,Other,Sample of outflow after 1 days of the storm.,,7/23/2024,1228,-64.550208,4.44E-01,-10.18626,2.45E-02,-5.477153,6.30E-02,,,
1229,NYC DEP Grahamsville_POST_5,4/20/24,,11:59:00 PM,1,,Stream,Other,Sample of outflow after 5 days of the storm.,,7/23/2024,1229,-58.667882,2.53E-01,-9.413367,7.32E-02,-4.999852,1.71E-02,,,
1230,Wet Center,7/29/24,,10:48:00 AM,1,"RV, RC",Stream,3_sites,,,9/27/2024,1230,-49.474153,6.02E-01,-7.25979,1.18E-01,-4.066638,6.06E-02,,,
1231,Wet Center,7/29/24,,10:48:00 AM,2,"RV, RC",Stream,3_sites,,,9/27/2024,1231,-49.063224,5.65E-01,-7.298508,1.33E-01,-4.011465,6.86E-02,,,
1232,NOHO Mill River,7/29/24,,11:38 AM,1,"RV, RC",Stream,3_sites,,,9/27/2024,1232,-48.020884,1.33E-02,-7.358244,1.60E-02,-4.05561,5.77E-02,3 fvol,,
1233,NOHO Mill River,7/29/24,,11:38 AM,2,"RV, RC",Stream,3_sites,,,9/27/2024,1233,-48.323503,6.14E-01,-7.4413,4.64E-02,-4.033852,2.32E-02,,,
1234,Groff Park,7/29/24,,1:05:00 PM,1,"RV, RC",Stream,3_sites,,,9/27/2024,1234,-48.489717,3.12E-01,-7.431463,3.74E-02,-3.985783,2.31E-02,,,
1235,Groff Park,7/29/24,,1:05:00 PM,2,"RV, RC",Stream,3_sites,,,9/27/2024,1235,-48.018069,3.82E-01,-7.374644,7.63E-02,-4.017648,2.10E-02,,,
1236,Wet Center,7/29/24,,10:50:00 AM,1,"RV, RC",Stream,Stream_Storm,Storm 6. Sample 1,,9/27/2024,1236,-48.521478,3.58E-01,-7.529379,8.01E-02,-4.000837,5.45E-02,,,
1237,Wet Center,7/29/24,,2:50:00 PM,1,"RV, RC",Stream,Stream_Storm,Storm 6. Sample 2,,9/27/2024,1237,-48.374437,4.94E-01,-7.516703,1.09E-01,-4.003515,8.09E-02,,,
1238,Wet Center,7/29/24,,6:50:00 PM,1,"RV, RC",Stream,Stream_Storm,Storm 6. Sample 3,,9/27/2024,1238,-48.557123,2.54E-01,-7.643874,5.37E-02,-3.977298,6.83E-02,,,
1239,Wet Center,7/29/24,,10:50:00 PM,1,"RV, RC",Stream,Stream_Storm,Storm 6. Sample 4,,9/27/2024,1239,-48.912682,1.05E-01,-7.866296,5.42E-02,-4.049654,1.81E-02,1 fvol,,
1240,Wet Center,7/30/24,,2:50:00 AM,1,"RV, RC",Stream,Stream_Storm,Storm 6. Sample 5,,9/27/2024,1240,-48.720175,5.45E-01,-7.92046,7.22E-02,-4.106586,6.22E-02,,,
1241,Wet Center,7/30/24,,6:50:00 AM,1,"RV, RC",Stream,Stream_Storm,Storm 6. Sample 6,,9/27/2024,1241,-49.193178,2.86E-01,-7.924248,5.22E-02,-4.112398,4.09E-02,,,
1242,Wet Center,7/30/24,,10:50:00 AM,1,"RV, RC",Stream,Stream_Storm,Storm 6. Sample 7,,9/27/2024,1242,-48.117556,1.26E-01,-7.944849,5.24E-02,-4.117063,1.79E-02,,,
1243,Wet Center,7/30/24,,2:50:00 PM,1,"RV, RC",Stream,Stream_Storm,Storm 6. Sample 8,,9/27/2024,1243,-48.837757,1.46E-01,-8.065381,4.33E-02,-4.11324,2.20E-02,,,
1244,Wet Center,7/30/24,,6:50:00 PM,1,"RV, RC",Stream,Stream_Storm,Storm 6. Sample 9,,9/27/2024,1244,-48.491116,3.66E-01,-8.014256,8.36E-02,-4.139779,7.31E-02,,,
1245,Wet Center,7/30/24,,10:50:00 PM,1,"RV, RC",Stream,Stream_Storm,Storm 6. Sample 10,,9/27/2024,1245,-49.310391,2.93E-01,-8.120301,8.88E-02,-4.128368,3.44E-02,,,
1246,Wet Center,7/31/24,,2:50:00 AM,1,"RV, RC",Stream,Stream_Storm,Storm 6. Sample 11,,9/27/2024,1246,-46.992209,4.37E-01,-8.202291,3.83E-02,-4.26934,3.84E-02,1 fvol,,
1247,Wet Center,7/31/24,,6:50:00 AM,1,"RV, RC",Stream,Stream_Storm,Storm 6. Sample 12,,9/27/2024,1247,-49.235831,1.38E-01,-8.25339,7.87E-02,-4.331599,3.03E-02,,,
1248,Wet Center,7/31/24,,10:50:00 AM,1,"RV, RC",Stream,Stream_Storm,Storm 6. Sample 13,,9/27/2024,1248,-49.218875,3.11E-01,-8.439871,5.18E-02,-4.35502,3.52E-02,,,
1249,Wet Center,7/31/24,,2:50:00 PM,1,"RV, RC",Stream,Stream_Storm,Storm 6. Sample 14,,9/27/2024,1249,-49.022186,2.16E-01,-8.470907,6.03E-02,-4.400457,2.66E-02,,,
1250,Wet Center,7/31/24,,6:50:00 PM,1,"RV, RC",Stream,Stream_Storm,Storm 6. Sample 15,,9/27/2024,1250,-43.875132,8.45E-01,-6.917657,2.96E-02,-3.38992,3.73E-02,"4 Hck, 1 svol",,
1251,Wet Center,7/31/24,,10:50:00 PM,1,"RV, RC",Stream,Stream_Storm,Storm 6. Sample 16,,9/27/2024,1251,-44.298804,4.21E-01,-6.997714,9.44E-02,-3.464531,5.60E-02,,,
1252,Wet Center,8/1/24,,2:50:00 AM,1,"RV, RC",Stream,Stream_Storm,Storm 6. Sample 17,,9/27/2024,1252,-45.150855,2.58E-01,-7.14919,5.90E-02,-3.559902,2.68E-02,,,
1253,Wet Center,8/1/24,,6:50:00 AM,1,"RV, RC",Stream,Stream_Storm,Storm 6. Sample 18,,9/27/2024,1253,-46.32369,4.07E-01,-7.340033,5.68E-02,-3.687941,1.42E-02,,,
1254,Wet Center,8/1/24,,10:50:00 AM,1,"RV, RC",Stream,Stream_Storm,Storm 6. Sample 19,,9/27/2024,1254,-48.426162,1.82E-01,-7.636998,3.82E-02,-3.890544,2.16E-02,,,
1255,Wet Center,8/1/24,,2:50:00 PM,1,"RV, RC",Stream,Stream_Storm,Storm 6. Sample 20,,9/27/2024,1255,-47.674698,5.36E-01,-7.566805,8.62E-02,-3.901565,7.48E-02,,,
1256,Wet Center,8/1/24,,6:50:00 PM,1,"RV, RC",Stream,Stream_Storm,Storm 6. Sample 21,,9/27/2024,1256,-48.197821,1.56E-01,-7.67299,7.92E-02,-3.896467,4.44E-02,,,
1257,Wet Center,8/1/24,,10:50:00 PM,1,"RV, RC",Stream,Stream_Storm,Storm 6. Sample 22,,9/27/2024,1257,-46.931906,0.00E+00,-7.629836,0.00E+00,-3.896141,0.00E+00,4 fvol,,
1258,Wet Center,8/2/24,,2:50:00 AM,1,"RV, RC",Stream,Stream_Storm,Storm 6. Sample 23,,9/27/2024,1258,-48.45017,1.08E-01,-7.671665,2.47E-02,-3.995573,4.38E-02,,,
1259,Wet Center,8/2/24,,6:50:00 AM,1,"RV, RC",Stream,Stream_Storm,Storm 6. Sample 24,,9/27/2024,1259,-48.427743,6.34E-01,-7.652293,9.63E-02,-3.926745,4.68E-02,1 pres,,
1260,Wet Center,7/29/24,,11:59:00 PM,1,"RV, RC",Precipitation,Precipitation,"Rain storm from 7/29-7/30/24, received 0.22in",,11/07/24,1260,-33.141501,2.34E-01,-5.702197,2.09E-02,-2.517176,5.48E-02,,,
1261,Wet Center,7/29/24,,11:59:00 PM,2,"RV, RC",Precipitation,Precipitation,,,11/07/24,1261,-33.769719,2.93E-01,-5.730455,2.92E-02,-2.680113,5.22E-02,,,
1262,Wet Center,7/31/24,,11:59:00 PM,1,RC,Precipitation,Precipitation,"Received ~165-170mL ≈ 0.45 - 0.47in of rain in precip collector (retrieved at 12 pm on 8/1), compared with Hadley data of: 0.01in 7/31/24 and 0.54in 8/1/2024 [7/30-8/1/24]",,11/07/24,1262,-29.827146,1.52E-01,-5.591026,2.59E-02,-2.534927,3.56E-02,,,
1263,Wet Center,7/31/24,,11:59:00 PM,2,RC,Precipitation,Precipitation,,,11/07/24,1263,-29.949818,6.20E-01,-5.547673,5.47E-02,-2.660429,6.77E-02,,,
1264,Wet Center,7/31/24,,11:59:00 PM,3,RC,Precipitation,Precipitation,,,11/07/24,1264,-30.319873,5.12E-01,-5.567224,5.86E-02,-2.733492,7.93E-02,,,
1265,Wet Center,7/31/24,,11:59:00 PM,4,RC,Precipitation,Precipitation,,,11/07/24,1265,-29.750601,1.88E-01,-5.49454,7.03E-02,-2.691326,6.45E-02,,,
1266,Wet Center,8/4/24,,11:59:00 PM,1,RC,Precipitation,Precipitation,"Received ~340-350mL ≈ 0.94 - 0.96in of rain in precip collector (retrieved at 9:45 am on 8/5), compared with Hadley data of: 0.72in 8/3/24 and 0.44in 8/5/2024 [8/1-8/5/24]",,11/07/24,1266,-18.526965,9.56E-01,-4.066362,1.27E-01,-1.995511,8.60E-02,,,
1267,Wet Center,8/4/24,,11:59:00 PM,2,RC,Precipitation,Precipitation,,,11/07/24,1267,-18.057356,3.50E-01,-4.061081,5.04E-02,-2.037845,1.84E-02,,,
1268,Wet Center,8/4/24,,11:59:00 PM,3,RC,Precipitation,Precipitation,,,11/07/24,1268,-17.955067,5.02E-01,-4.041333,7.81E-02,-1.955716,6.32E-02,,,
1269,Wet Center,8/4/24,,11:59:00 PM,4,RC,Precipitation,Precipitation,,,11/07/24,1269,-18.031884,6.06E-01,-4.063323,7.69E-02,-2.082407,3.48E-02,,,
1270,Wet Center,8/6/24,,11:59:00 PM,1,"RC, ZW",Precipitation,Precipitation,"Received ~265mL ≈ 0.73in of rain in precip collector (retrieved at 9:35 am on 8/7), compared with Hadley data of: 0.03in 8/6/24 and 0.77in 8/7/2024 [8/5-8/7/24]",,11/07/24,1270,-63.031633,9.71E-01,-9.4841,9.44E-02,-4.932152,7.41E-02,,,
1271,Wet Center,8/6/24,,11:59:00 PM,2,"RC, ZW",Precipitation,Precipitation,,,11/07/24,1271,-62.981279,2.64E-01,-9.320124,6.37E-02,-4.832975,5.26E-02,,,
1272,Wet Center,8/6/24,,11:59:00 PM,3,"RC, ZW",Precipitation,Precipitation,,,11/07/24,1272,-63.383513,3.62E-01,-9.411031,1.03E-01,-4.865594,9.15E-02,,,
1273,Wet Center,8/6/24,,11:59:00 PM,4,"RC, ZW",Precipitation,Precipitation,,,11/08/24,1273,-63.725715,4.36E-01,-9.825849,7.34E-02,-5.225253,4.99E-02,,,
1274,Roaring,8/7/24,,9:46:00 AM,1,"TN, RV, RC, ZW",Stream,13_sites,It rained ~0.77in in the past 24 hrs before the 13 site sampling,,11/08/24,1274,-48.978208,5.02E-01,-8.232834,6.42E-02,-4.282148,3.43E-02,,,
1275,Doolittle,8/7/24,,10:29:00 AM,1,"TN, RV, RC, ZW",Stream,13_sites,,,11/08/24,1275,-48.651213,2.65E-01,-7.910372,2.52E-02,-4.065834,3.68E-02,,,
1276,Eastman Up,8/7/24,,11:05:00 AM,1,"TN, RV, RC, ZW",Stream,13_sites,,,11/08/24,1276,-42.977011,6.98E-02,-6.78955,3.77E-02,-3.477023,4.95E-02,,,
1277,Eastman Down,8/7/24,,11:39:00 AM,1,"TN, RV, RC, ZW",Stream,13_sites,,,11/08/24,1277,-47.663121,2.68E-01,-7.623986,6.47E-02,-3.929679,4.66E-02,,,
1278,Horse Down,8/7/24,,10:52:00 AM,1,"TN, RV, RC, ZW",Stream,13_sites,,,11/08/24,1278,-34.608977,1.00E-01,-6.009655,4.80E-02,-3.001962,5.12E-02,,,
1279,Horse Up,8/7/24,,10:31:00 AM,1,"TN, RV, RC, ZW",Stream,13_sites,,,11/08/24,1279,-34.034914,3.88E-01,-5.971602,5.56E-02,-2.924058,3.57E-02,,,
1280,Mill Site,8/7/24,,11:37:00 AM,1,"TN, RV, RC, ZW",Stream,13_sites,,,11/08/24,1280,-48.144105,3.80E-01,-7.770957,6.23E-02,-3.953914,1.82E-02,,,
1281,Knightly,8/7/24,,11:06:00 AM,1,"TN, RV, RC, ZW",Stream,13_sites,,,11/08/24,1281,-53.988558,2.41E-01,-8.504813,7.42E-02,-4.368642,5.66E-02,,,
1282,Lake Warner Out,8/7/24,,12:13:00 PM,1,"TN, RV, RC, ZW",Stream,13_sites,,,11/08/24,1282,-43.309994,3.67E-01,-6.957454,3.73E-02,-3.208639,2.77E-02,,,
1283,Tan Brook Down,8/7/24,,9:22:00 AM,1,"TN, RV, RC, ZW",Stream,13_sites,,,11/08/24,1283,-49.87717,7.53E-01,-7.721394,9.94E-02,-3.705758,8.63E-02,,,
1284,Tan Brook Up,8/7/24,,10:17:00 AM,1,"TN, RV, RC, ZW",Stream,13_sites,,,11/08/24,1284,-53.437116,5.80E-01,-8.388102,7.09E-02,-4.007675,5.52E-02,,,
1285,Campus Pond Up,8/7/24,,9:47:00 AM,1,"TN, RV, RC, ZW",Stream,13_sites,,,11/08/24,1285,-62.649382,3.38E-01,-9.280712,6.58E-02,-4.485929,4.87E-02,,,
1286,Campus Pond Down,8/7/24,,9:56:00 AM,1,"TN, RV, RC, ZW",Stream,13_sites,,,11/08/24,1286,-46.543399,2.87E-01,-7.223908,2.52E-02,-2.982494,1.18E-01,,,
1287,Wet Center,8/8/24,,11:59:00 PM,3,RC,Precipitation,Precipitation,"Received ~155mL ≈ 0.43in of rain in precip collector (retrieved at 9:25 am on 8/9), compared with Hadley data of: 0.06in 8/6/24 and 0.54in 8/7/2024 [8/7-8/9/24]",,11/08/24,1287,-44.813215,2.88E-01,-7.215149,6.27E-02,-2.701218,4.73E-02,,,
1288,Wet Center,8/8/24,,11:59:00 PM,4,RC,Precipitation,Precipitation,,,11/08/24,1288,-45.030461,1.43E-01,-7.301992,4.25E-02,-2.50607,2.30E-02,,,
1289,Wet Center,8/9/24,,9:35:00 AM,1,"RV, RC",Stream,3_sites,Rained a bit over night (0.43 in in the past ~48hrs) and constant drizzle during fieldwork today,Not Equal,,,,,,,,,,,
1290,Wet Center,8/9/24,,9:35:00 AM,2,"RV, RC",Stream,3_sites,,,11/20/25,1290,-49.043106,1.39E+00,-7.710804,1.71E-01,-4.186704,1.10E-01,,,
1291,NOHO Mill River,8/9/24,,10:18 AM,1,"RV, RC",Stream,3_sites,,Not Equal,,,,,,,,,,,
1292,NOHO Mill River,8/9/24,,10:18 AM,2,"RV, RC",Stream,3_sites,,Not Equal,,,,,,,,,,,
1293,Groff Park,8/9/24,,11:14:00 AM,1,"RV, RC",Stream,3_sites,,Not Equal,,,,,,,,,,,
1294,Groff Park,8/9/24,,11:14:00 AM,2,"RV, RC",Stream,3_sites,,Not Equal,,,,,,,,,,,
1295,Wet Center,8/12/24,,11:59:00 PM,1,RV ,Precipitation,Precipitation,"Received 450 mL ~1.24 inches over the weeknd. Heavy rain on 8/10, other days were drizzles.  ",,11/04/25,1295,-38.784511,5.59E-01,-5.983855,4.56E-02,-2.601575,5.11E-02,,,
1296,Wet Center,8/12/24,,11:59:00 PM,2,RV,Precipitation,Precipitation,,,11/04/25,1296,-38.495162,4.05E-01,-6.033488,5.26E-02,-2.683629,4.49E-02,,,
1297,Wet Center,8/12/24,,11:59:00 PM,3,RV,Precipitation,Precipitation,,,11/04/25,1297,-40.014024,1.26E+00,-6.23074,1.56E-01,-2.781461,8.85E-02,,,
1298,Wet Center,8/18/24,,11:59:00 PM,1,RV,Precipitation,Precipitation,Received 285ml ~0.78 inches on 8/18. (retrieved at 10:25 am on 8/19),,11/04/25,1298,-36.657307,8.10E-01,-6.873166,1.13E-01,-3.180285,5.70E-02,,,
1299,Wet Center,8/18/24,,11:59:00 PM,2,RV,Precipitation,Precipitation,,,11/04/25,1299,-36.63805,7.57E-01,-6.975554,1.17E-01,-3.275591,7.32E-02,,,
1300,Wet Center,8/18/24,,11:59:00 PM,3,RV,Precipitation,Precipitation,,,11/04/25,1300,-38.87143,1.01E+00,-7.057437,1.34E-01,-3.294202,6.67E-02,,,
1301,Wet Center,8/19/24,,11:59:00 PM,1,RV,Precipitation,Precipitation,Received 165ml ~0.45 inches on 8/19. (retrieved at 11 am on 8/20),,11/04/25,1301,-71.086026,7.55E-01,-11.255935,9.80E-02,-5.523604,6.23E-02,,,
1302,Wet Center,8/19/24,,11:59:00 PM,2,RV,Precipitation,Precipitation,,,11/04/25,1302,-72.882194,4.32E-01,-11.325102,5.40E-02,-5.631457,4.32E-02,,,
1303,Mill Recreation area,8/23/24,,3:40:00 PM,1,"RV, RC",Stream,Isoscape,1: Enter to the parking lot on the right when entering the Mill River Recreation Area,,8/26/2024,1303,-50.598538,3.10E-01,-7.958064,7.01E-02,-4.374836,6.66E-02,,,
1304,Downstream puffers pond bridge,8/23/24,,3:49:00 PM,1,"RV, RC",Stream,Isoscape,2: Just downstream of the bridge,,8/26/2024,1304,-49.828924,3.21E-01,-7.909438,4.20E-02,-4.29771,6.20E-02,,,
1305,Below puffers water fall,8/23/24,,3:55:00 PM,1,"RV, RC",Stream,Isoscape,"3: Big black snake slithered into the water, right below the waterfall",,8/26/2024,1305,-48.705667,1.48E+00,-7.738765,1.93E-01,-4.260768,4.28E-02,,,
1306,Puffers beach,8/23/24,,4:05:00 PM,1,"RV, RC",Stream,Isoscape,4: Puffers Pond Beach area,,8/26/2024,1306,-49.34275,8.02E-01,-7.860958,1.36E-01,-4.281429,5.90E-02,,,
1307,Cushman brook,8/23/24,,4:12:00 PM,1,"RV, RC",Stream,Isoscape,"5: Cushman Brook, just downstream of bridge",,8/26/2024,1307,-50.662412,5.31E-01,-7.98279,7.47E-02,-4.399556,4.47E-02,,,
1308,Atkins Reservoir,8/23/24,,4:28:00 PM,1,"RV, RC",Stream,Isoscape,"6: Atkins Reservoir ""Boat Launch""",,8/26/2024,1308,-42.460966,1.52E-01,-6.328725,6.27E-02,-3.57109,4.38E-02,,,
1309,Broad Hill - Roaring,8/23/24,,4:47:00 PM,1,"RV, RC",Stream,Isoscape,7: Just above Broad Hill Rd (on other side of main road where Broad Hill stems from),,8/26/2024,1309,-51.136625,3.37E-01,-8.238188,9.46E-02,-4.606355,4.68E-02,,,
1310,Rattlesnake gutter,8/23/24,,5:03:00 PM,1,"RV, RC",Stream,Isoscape,"8: Small pool, not running water (On north side of Rattlesnake gutter Rd)",,8/26/2024,1310,-48.113108,1.86E-01,-7.581233,2.64E-02,-4.186865,6.31E-02,,,
1311,Leverett pond,8/23/24,,5:11:00 PM,1,"RV, RC",Stream,Isoscape,9: Leverett Pond Boat Launch,,8/26/2024,1311,-36.532166,0.00E+00,-4.668335,0.00E+00,-2.837434,0.00E+00,,,
1312,Cushman brook (fishing spot),8/23/24,,5:22:00 PM,1,"RV, RC",Stream,Isoscape,10: Raul's secret spot to fish in Cushman Brook,,8/26/2024,1312,-49.918358,3.24E-01,-7.935796,7.00E-02,-4.334753,2.63E-02,,,
1313,Roaring,8/23/24,,4:38:00 PM,1,"RV, RC",Stream,13_sites,,,8/26/2024,1313,-51.113742,3.78E-01,-8.295874,6.51E-02,-4.524,4.26E-02,,,
1314,Doolittle,8/23/24,,4:55:00 PM,1,"RV, RC",Stream,13_sites,,,8/26/2024,1314,-49.471636,9.15E-01,-7.710462,1.04E-01,-4.173024,6.22E-02,,,
1315,Roaring,8/26/24,,,1,"RV, RC",Stream,Isoscape,,,9/6/24,1315,-51.780115,3.90E-01,-8.351397,6.49E-02,-4.80239,6.14E-02,,,
1316,Doolittle,8/26/24,,,1,"RV, RC",Stream,Isoscape,,,9/6/24,1316,-48.629939,1.87E-01,-7.610048,6.97E-02,-4.326748,5.68E-02,,,
1317,Eastman Up,8/26/24,,,1,"RV, RC",Stream,Isoscape,,,9/6/24,1317,-46.924405,1.95E-01,-7.321552,1.07E-01,-4.079984,4.11E-02,,,
1318,Eastman Down,8/26/24,,,1,"RV, RC",Stream,Isoscape,,,9/6/24,1318,-50.770528,1.95E-01,-8.004269,5.33E-02,-4.436983,1.43E-02,1 avol,,
1319,Campus Pond Down,8/26/24,,,1,"RV, RC",Stream,Isoscape,,,9/6/24,1319,-49.020111,4.01E-01,-7.693848,1.02E-01,-4.109113,3.99E-02,,,
1320,Campus Pond Up,8/26/24,,,1,"RV, RC",Stream,Isoscape,,,9/6/24,1320,-48.518415,5.96E-01,-7.774272,1.63E-01,-4.119412,1.01E-01,,,
1321,Tan Brook Up,8/26/24,,,1,"RV, RC",Stream,Isoscape,,,9/6/24,1321,-49.389395,6.12E-01,-7.933198,6.35E-02,-4.170865,3.61E-02,,,
1322,Tan Brook Down,8/26/24,,,1,"RV, RC",Stream,Isoscape,,,9/6/24,1322,-50.011459,4.04E-01,-7.945149,6.09E-02,-4.035394,2.86E-02,,,
1323,Horse Up,8/26/24,,,1,"RV, RC",Stream,Isoscape,,,9/6/24,1323,-43.447054,5.74E-01,-6.77105,7.10E-02,-3.331245,3.11E-02,,,
1324,Horse Down,8/26/24,,,1,"RV, RC",Stream,Isoscape,,,9/19/24,1324,-44.705988,5.21E-01,-6.867796,4.77E-02,-3.668966,5.75E-02,,,
1325,Mill Site,8/26/24,,,1,"RV, RC",Stream,Isoscape,,,9/6/24,1325,-50.211775,7.35E-01,-8.127886,9.15E-02,-3.834836,5.36E-02,,,
1326,Knightly,8/26/24,,,1,"RV, RC",Stream,Isoscape,,,9/6/24,1326,-52.540017,2.35E-01,-8.57223,4.85E-02,-4.014004,2.48E-02,,,
1327,Lake Warner Out,8/26/24,,,1,"RV, RC",Stream,Isoscape,,,9/6/24,1327,-48.270682,8.25E-01,-7.75211,1.16E-01,-3.479591,5.07E-02,5 2Hck,,
1328,MR Recreation Area,8/26/24,,,1,"RV, RC",Stream,Isoscape,1,,9/6/24,1328,-50.197597,3.34E-01,-8.242958,1.01E-01,-3.711257,3.89E-02,,,
1329,MR trail bridge,8/26/24,,,1,"RV, RC",Stream,Isoscape,2,,9/6/24,1329,-50.257996,1.08E+00,-8.237731,1.57E-01,-3.683101,5.39E-02,5 2Hck,,
1330,Puffers Waterfall,8/26/24,,,1,"RV, RC",Stream,Isoscape,3,,9/6/24,1330,-49.977514,3.88E-01,-8.218549,3.62E-02,-3.618126,1.90E-02,,,
1331,Puffers south beach,8/26/24,,,1,"RV, RC",Stream,Isoscape,4,,9/6/24,1331,-50.236497,4.87E-01,-8.166885,7.27E-02,-3.617298,2.94E-02,,,
1332,Puffers - Cushman brook bridge,8/26/24,,,1,"RV, RC",Stream,Isoscape,5,,9/6/24,1332,-50.439604,1.01E+00,-8.302664,1.13E-01,-3.647416,4.88E-02,5 2Hck,,
1333,Atkins reservoir,8/26/24,,,1,"RV, RC",Stream,Isoscape,6,,9/6/24,1333,-42.420245,5.68E-01,-6.602913,8.71E-02,-2.746228,6.57E-02,,,
1334,Broad hill Rd,8/26/24,,,1,"RV, RC",Stream,Isoscape,7,,9/6/24,1334,-50.668715,1.00E+00,-8.511482,1.43E-01,-3.708068,4.17E-02,5 2Hck,,
1335,Leverett Elementary,8/26/24,,,1,"RV, RC",Stream,Isoscape,8,,9/6/24,1335,-52.694486,8.64E-01,-8.667557,7.96E-02,-3.785177,3.27E-02,5 2Hck,,
1336,Leverett Pond boat launch,8/26/24,,,1,"RV, RC",Stream,Isoscape,9,,9/6/24,1336,-36.232407,3.25E-01,-4.974974,6.57E-02,-1.708092,4.83E-02,,,
1337,Cushman brook Conservation area,8/26/24,,,1,"RV, RC",Stream,Isoscape,10. Fishing spot,,9/6/24,1337,-50.090984,3.96E-01,-8.19225,3.89E-02,-3.481458,5.10E-02,,,
1338,USFWS visitors lot,8/26/24,,,1,"RV, RC",Stream,Isoscape,11,,9/6/24,1338,-42.175767,3.48E-01,-6.482568,4.49E-02,-2.558617,1.89E-02,,,
1339,Prindle school,8/26/24,,,1,"RV, RC",Stream,Isoscape,12,,9/6/24,1339,-44.543869,4.65E-01,-7.132272,5.53E-02,-3.702127,4.65E-02,,,
1340,UMass Stadium,8/26/24,,,1,"RV, RC",Stream,Isoscape,13,,9/6/24,1340,-42.674535,4.97E-01,-6.762886,8.33E-02,-3.525717,3.17E-02,,,
1341,Cole conservation area,8/26/24,,,1,"RV, RC",Stream,Isoscape,14,,9/6/24,1341,-43.619153,5.14E-01,-6.96067,6.07E-02,-3.608218,4.99E-02,,,
1342,Wildwood Cemetary,8/26/24,,,1,"RV, RC",Stream,Isoscape,15,,9/6/24,1342,-38.418673,6.80E-01,-5.651764,6.92E-02,-2.971512,5.27E-02,,,
1343,Fieldstone,8/26/24,,,1,"RV, RC",Stream,Isoscape,16,,9/6/24,1343,-48.660905,3.55E-01,-7.719679,8.31E-02,-4.029884,4.73E-02,1 pres,,
1344,WET Down,8/26/24,,,1,"RV, RC",Stream,Isoscape,17,,9/6/24,1344,-49.745759,5.76E-01,-7.958591,9.22E-02,-4.206586,5.83E-02,,,
1345,WET Up,8/26/24,,,1,"RV, RC",Stream,Isoscape,18,,9/6/24,1345,-49.543766,5.11E-01,-7.917474,5.79E-02,-4.15883,1.49E-02,,,
1346,Wet Center,8/26/24,,,1,"RV, RC",Stream,Isoscape,19,,9/6/24,1346,-49.519645,5.00E-01,-7.915434,8.73E-02,-4.120341,5.83E-02,,,
1347,TBD Downstream,8/26/24,,,1,"RV, RC",Stream,Isoscape,20,,9/6/24,1347,-49.137806,2.32E-01,-7.734322,5.76E-02,-3.97129,2.66E-02,,,
1348,TBD Upstream,8/26/24,,,1,"RV, RC",Stream,Isoscape,21,,9/6/24,1348,-48.665925,5.73E-01,-7.429022,7.41E-02,-3.820573,7.36E-02,,,
1349,Wet Center,8/20 - 9/11/24,,11:59:00 PM,1,"RV, RC",Precipitation,Precipitation_Composite,Received 157mL = ~0.43 inches between 8/20 - 9/11/24 (retrieved at 1:40 pm on 9/12). Composite set of precip from multiple storms,,11/20/25,1349,-21.478076,1.70E+00,-5.149385,1.82E-01,-2.855931,1.24E-01,,,
1350,Wet Center,8/20 - 9/11/24,,11:59:00 PM,2,"RV, RC",Precipitation,Precipitation_Composite,,Not Equal,,,,,,,,,,,
1351,Roaring,9/22/24,,9:22:00 AM,1,"TN, RV, RC, ZW",Stream,13_sites,It has not rained a significant amount in a long time,,2/3/25,1351,,,,,,,Vial broke,,
1352,Doolittle,9/22/24,,9:33:00 AM,1,"TN, RV, RC, ZW",Stream,13_sites,,,2/3/25,1352,,,,,,,Vial broke,,
1353,Eastman Up,9/22/24,,10:20:00 AM,1,"TN, RV, RC, ZW",Stream,13_sites,,,4/24/25,1353,-45.670945,7.86E-01,-7.223322,7.01E-02,-3.765392,8.96E-02,,,
1354,Eastman Down,9/22/24,,10:48:00 AM,1,"TN, RV, RC, ZW",Stream,13_sites,,,4/24/25,1354,-51.318483,6.64E-01,-8.172927,8.51E-02,-4.317793,5.12E-02,,,
1355,Horse Down,9/22/24,,10:28:00 AM,1,"TN, RV, RC, ZW",Stream,13_sites,,,4/24/25,1355,-37.970446,3.78E-01,-5.779596,1.66E-01,-3.209811,1.39E-01,,,
1356,Horse Up,9/22/24,,10:12:00 AM,1,"TN, RV, RC, ZW",Stream,13_sites,,,4/24/25,1356,-40.589253,4.07E-01,-6.18072,7.07E-02,-3.149946,5.47E-02,,,
1357,Mill Site,9/22/24,,11:20:00 AM,1,"TN, RV, RC, ZW",Stream,13_sites,,,4/24/25,1357,-43.431027,1.35E+00,-7.761827,2.04E-01,-4.086664,1.17E-01,,,
1358,Knightly,9/22/24,,10:41:00 AM,1,"TN, RV, RC, ZW",Stream,13_sites,,,4/24/25,1358,-52.383419,5.91E-01,-8.372457,9.24E-02,-4.325725,8.59E-02,,,
1359,Lake Warner Out,9/22/24,,10:54:00 AM,1,"TN, RV, RC, ZW",Stream,13_sites,,,4/24/25,1359,-48.063569,4.43E-01,-7.420096,6.16E-02,-3.847879,5.65E-02,,,
1360,Tan Brook Down,9/22/24,,9:08:00 AM,1,"TN, RV, RC, ZW",Stream,13_sites,,,4/24/25,1360,-48.312297,5.47E-01,-7.504716,5.65E-02,-3.90377,3.88E-02,,,
1361,Tan Brook Up,9/22/24,,9:46:00 AM,1,"TN, RV, RC, ZW",Stream,13_sites,,,4/24/25,1361,-41.399703,1.05E+00,-6.6341,1.37E-01,-3.526295,1.16E-01,,,
1362,Campus Pond Up,9/22/24,,9:23:00 AM,1,"TN, RV, RC, ZW",Stream,13_sites,,,4/24/25,1362,-48.155391,1.06E+00,-7.454543,1.45E-01,-3.942208,1.10E-01,,,
1363,Campus Pond Down,9/22/24,,9:33:00 AM,1,"TN, RV, RC, ZW",Stream,13_sites,,,4/24/25,1363,-50.559757,5.14E-01,-7.99763,8.45E-02,-4.175616,5.27E-02,,,
1364,Wet Center,9/24/24,,1:46:00 PM,1,"RV, EW, XG",Stream,3_sites,"Hasn't rained in 1 month, low flow, and a lot of vegetation in all of them",,10/28/24,1364,-50.903151,1.73E-01,-8.215025,2.92E-03,-4.116756,5.79E-02,,,
1365,Wet Center,9/24/24,,1:46:00 PM,2,"RV, EW, XG",Stream,3_sites,,,10/28/24,1365,-49.987572,1.38E-01,-8.14208,4.76E-02,-4.171407,4.65E-02,,,
1366,NOHO Mill River,9/24/24,,2:34:00 PM,1,"RV, EW, XG",Stream,3_sites,,Not Equal,,,,,,,,,,,
1367,NOHO Mill River,9/24/24,,2:34:00 PM,2,"RV, EW, XG",Stream,3_sites,,Not Equal,,,,,,,,,,,
1368,Groff Park,9/24/24,,3:20:00 PM,1,"RV, EW, XG",Stream,3_sites,,Not Equal,,,,,,,,,,,
1369,Groff Park ,9/24/24,,3:20:00 PM,2,"RV, EW, XG",Stream,3_sites,,Not Equal,,,,,,,,,,,
1370,Wet Center,9/26/24,,11:59:00 PM,1,RV,Precipitation,Precipitation,Received 0.41 inches over the entire day of 9/26. Picked up at 2:30 on 9/27,,10/28/24,1370,-17.427279,7.74E-01,-4.067057,4.34E-02,-1.579068,6.05E-02,,,
1371,Wet Center,9/26/24,,11:59:00 PM,2,RV,Precipitation,Precipitation,,,10/28/24,1371,-16.877574,1.52E-01,-4.020085,6.32E-02,-1.760181,3.97E-02,,,-4.022437333
1372,Wet Center,9/26/24,,11:59 PM,3,RV,Precipitation,Precipitation,,,10/28/24,1372,-16.586032,2.40E-01,-3.98017,2.04E-02,-1.802208,1.43E-02,,,
1373,Wet Center,10/1/24,,1:33:00 PM,1,"RV, EW, XG",Stream,3_sites,Hasn't rained in five days.,,10/28/24,1373,-50.562572,8.48E-01,-8.244321,1.67E-01,-3.772119,8.04E-02,3 2Hck,,
1374,Wet Center,10/1/24,,1:33:00 PM,2,"RV, EW, XG",Stream,3_sites,,,10/28/24,1374,-51.451163,0.00E+00,-8.239519,0.00E+00,-3.910683,0.00E+00,2 svol,,
1375,NOHO Mill River,10/1/24,,2:17:00 PM,1,"RV, EW, XG",Stream,3_sites,,Not Equal,,,,,,,,,,,
1376,NOHO Mill River,10/1/24,,2:17:00 PM,2,"RV, EW, XG",Stream,3_sites,,Not Equal,,,,,,,,,,,
1377,Groff Park,10/1/24,,2:55:00 PM,1,"RV, EW, XG",Stream,3_sites,,Not Equal,,,,,,,,,,,
1378,Groff Park,10/1/24,,2:55:00 PM,2,"RV, EW, XG",Stream,3_sites,,Not Equal,,,,,,,,,,,
1379,Wet Center,9/25/24,,4:00:00 PM,1,RV,Stream,Stream_Storm,Stream_Storm7: 1,,10/27/24,1379,-51.134439,4.33E-01,-8.134044,5.29E-02,-4.239841,2.71E-02,,,
1380,Wet Center,9/25/24,,8:00:00 PM,1,RV,Stream,Stream_Storm,Stream_Storm7: 2,,10/27/24,1380,-51.301638,2.59E-01,-8.206755,4.64E-02,-4.246791,3.05E-02,,,
1381,Wet Center,9/26/24,,12:00:00 AM,1,RV,Stream,Stream_Storm,Stream_Storm7: 3,,10/27/24,1381,-50.344141,2.83E-01,-8.075303,3.78E-02,-4.142885,2.79E-02,,,
1382,Wet Center,9/26/24,,4:00:00 AM,1,RV,Stream,Stream_Storm,Stream_Storm7: 4,,10/27/24,1382,-49.249366,4.71E-01,-8.014497,7.66E-02,-4.022504,3.36E-02,,,
1383,Wet Center,9/26/24,,8:00:00 AM,1,RV,Stream,Stream_Storm,Stream_Storm7: 5,,10/27/24,1383,-50.768489,1.26E-01,-8.210814,4.74E-02,-4.142762,5.02E-02,,,
1384,Wet Center,9/26/24,,12:00:00 PM,1,RV,Stream,Stream_Storm,Stream_Storm7: 6,,10/27/24,1384,-50.684917,2.83E-01,-8.172146,3.62E-02,-4.115621,4.72E-02,,,
1385,Wet Center,9/26/24,,4:00:00 PM,1,RV,Stream,Stream_Storm,Stream_Storm7: 7,,10/27/24,1385,-35.407716,4.39E-01,-6.24671,7.95E-02,-3.122981,6.06E-02,,,
1386,Wet Center,9/26/24,,8:00:00 PM,1,RV,Stream,Stream_Storm,Stream_Storm7: 8,,10/27/24,1386,-47.083565,3.65E-01,-7.678163,8.38E-02,-3.893417,8.28E-02,,,
1387,Wet Center,9/27/24,,12:00:00 AM,1,RV,Stream,Stream_Storm,Stream_Storm7: 9,,10/27/24,1387,-46.924492,2.45E-01,-7.587225,7.07E-02,-3.869854,5.24E-02,,,
1388,Wet Center,9/27/24,,4:00:00 AM,1,RV,Stream,Stream_Storm,Stream_Storm7: 10,,10/27/24,1388,-47.738395,2.17E-01,-7.718428,2.90E-02,-3.939433,5.88E-02,,,
1389,Wet Center,9/27/24,,8:00:00 AM,1,RV,Stream,Stream_Storm,Stream_Storm7: 11,,10/27/24,1389,-48.137162,1.72E-01,-7.777386,5.01E-02,-3.992526,1.07E-02,,,
1390,Wet Center,9/27/24,,12:00:00 PM,1,RV,Stream,Stream_Storm,Stream_Storm7: 12,,10/27/24,1390,-49.062566,3.88E-01,-7.953081,3.89E-02,-3.993343,8.40E-02,,,
1391,Wet Center,9/27/24,,4:00:00 PM,1,RV,Stream,Stream_Storm,Stream_Storm7: 13,,10/27/24,1391,-49.578207,4.57E-01,-8.023506,7.78E-02,-4.0396,3.80E-02,,,
1392,Wet Center,9/27/24,,8:00:00 PM,1,RV,Stream,Stream_Storm,Stream_Storm7: 14,,10/27/24,1392,-50.337278,3.56E-01,-8.160395,7.07E-02,-4.104046,2.86E-02,,,
1393,Wet Center,9/28/24,,12:00:00 AM,1,RV,Stream,Stream_Storm,Stream_Storm7: 15,,10/27/24,1393,-50.269649,4.68E-01,-8.112068,1.07E-01,-4.117886,4.64E-02,,,
1394,Wet Center,9/28/24,,4:00:00 AM,1,RV,Stream,Stream_Storm,Stream_Storm7: 16,,10/27/24,1394,-50.311095,3.69E-01,-8.125291,6.29E-02,-4.069417,6.84E-02,,,
1395,Wet Center,9/28/24,,8:00:00 AM,1,RV,Stream,Stream_Storm,Stream_Storm7: 17,,10/27/24,1395,-50.892462,2.84E-01,-8.083905,5.85E-02,-4.171951,2.70E-02,,,
1396,Wet Center,9/28/24,,12:00:00 PM,1,RV,Stream,Stream_Storm,Stream_Storm7: 18,,10/27/24,1396,-50.513004,2.85E-01,-8.056396,6.23E-02,-4.155181,1.60E-02,,,
1397,Wet Center,9/28/24,,4:00:00 PM,1,RV,Stream,Stream_Storm,Stream_Storm7: 19,,10/27/24,1397,-50.608249,1.19E-01,-8.050238,4.09E-02,-4.114028,5.56E-02,,,
1398,Wet Center,9/28/24,,8:00:00 PM,1,RV,Stream,Stream_Storm,20: RV noticed this vial shattered on 10/14. Reason unknown. Replaced with same sample taken from PFAs container on 10/27,,10/27/24,1398,-50.486129,4.17E-01,-8.06438,6.64E-02,-4.124169,6.03E-02,1 svol,,
1399,Wet Center,9/29/24,,12:00:00 AM,1,RV,Stream,Stream_Storm,21: RV noticed this vial shattered on 10/14. Reason unknown. Replaced with same sample taken from PFAs container on 10/27,,10/27/24,1399,-51.186862,1.79E-01,-8.160606,5.41E-02,-4.194426,2.35E-02,,,
1400,Wet Center,9/29/24,,4:00:00 AM,1,RV,Stream,Stream_Storm,22,,10/27/24,1400,-50.744762,4.01E-01,-8.055178,5.34E-02,-4.190482,8.67E-02,1 svol,,
1401,Wet Center,9/29/24,,8:00:00 AM,1,RV,Stream,Stream_Storm,23,,10/27/24,1401,-51.014638,2.73E-01,-8.036108,7.68E-02,-4.235747,4.50E-02,,,
1402,Wet Center,9/29/24,,12:00:00 PM,1,RV,Stream,Stream_Storm,24,,10/27/24,1402,-50.902068,6.71E-02,-7.941294,2.29E-02,-4.170252,2.88E-02,,,
1403,Wet Center,10/8/24,,11:59:00 PM,1,RV,Precipitation,Precipitation,Recieved partial rain over 10/7 and most rain on 10/8. Picked up at 4:15pm on 10/12,,10/29/24,1403,-30.861602,2.01E-01,-6.278477,7.17E-02,-3.232831,2.73E-02,,,
1404,Wet Center,10/8/24,,11:59:00 PM,2,RV,Precipitation,Precipitation,Filled partially with ~15mL. Potentially skewed results,,10/29/24,1404,-30.293386,3.84E-01,-6.197855,8.59E-02,-3.061991,3.43E-02,,,
1405,Wet Center,10/4/24,,4:37:00 PM,1,"EW, XG, AH",Stream,3_sites,8 days since rain,,10/28/24,1405,-51.251892,3.33E-01,-8.27536,6.88E-02,-4.051975,1.61E-02,,,
1406,Wet Center,10/4/24,,4:37:00 PM,2,"EW, XG, AH",Stream,3_sites,,,10/28/24,1406,-51.247647,3.15E-01,-8.320349,7.97E-02,-4.08243,5.14E-02,,,
1407,NOHO Mill River,10/4/24,,5:32:00 PM,1,"EW, XG, AH",Stream,3_sites,,,05/23/25,1407,-42.910589,4.75E-01,-7.555318,7.84E-02,-3.982236,8.14E-02,,,
1408,NOHO Mill River,10/4/24,,5:32:00 PM,2,"EW, XG, AH",Stream,3_sites,,,05/23/25,1408,-44.840523,2.24E+00,-7.640269,3.00E-01,-3.946699,1.89E-01,,,
1409,Groff Park,10/4/24,,6:17:00 PM,1,"EW, XG, AH",Stream,3_sites,,,05/23/25,1409,-40.849632,1.32E+00,-7.005045,1.87E-01,-3.578589,1.45E-01,,,
1410,Groff Park,10/4/24,,6:17:00 PM,2,"EW, XG, AH",Stream,3_sites,,,05/23/25,1410,-42.589634,1.42E-01,-7.124874,1.00E-02,-3.615806,6.05E-04,,,
1411,Wet Center,10/13 - 10/14/24,,11:59:00 PM,1,RV,Precipitation,Precipitation,Received 190mL = ~0.52 inches between 10/13 - 10/14 (retrieved at 2:00 pm on 10/17),,05/23/25,1411,-19.264092,1.81E+00,-4.992936,1.45E-01,-2.549828,1.01E-01,,,
1412,Wet Center,10/13 - 10/14/24,,11:59:00 PM,2,RV,Precipitation,Precipitation,,,05/23/25,1412,-17.464946,7.57E-01,-5.102057,1.39E-01,-2.683422,4.09E-02,,,
1413,Roaring,10/19/24,,11:20:00 AM,1,"TN, RV, RC, EW, XG, KH",Stream,13_sites,,,05/23/25,1413,-47.433729,6.35E-01,-8.046184,1.24E-01,-4.265468,6.94E-02,,,
1414,Doolittle,10/19/24,,11:37:00 AM,1,"TN, RV, RC, EW, XG, KH",Stream,13_sites,,,05/23/25,1414,-43.497221,4.45E-01,-7.474465,5.35E-02,-4.039614,3.16E-02,,,
1415,Eastman Up,10/19/24,,12:02:00 PM,1,"TN, RV, RC, EW, XG, KH",Stream,13_sites,,,05/23/25,1415,-35.660902,1.16E+00,-5.812191,1.93E-01,-3.242921,1.38E-01,,,
1416,Eastman Down,10/19/24,,12:22:00 PM,1,"TN, RV, RC, EW, XG, KH",Stream,13_sites,,,05/23/25,1416,-44.209244,8.18E-01,-7.341898,1.13E-01,-4.119745,1.34E-01,,,
1417,Horse Down,10/19/24,,11:58:00 AM,1,"TN, RV, RC, EW, XG, KH",Stream,13_sites,,,05/23/25,1417,-32.379756,3.51E-01,-5.512349,3.42E-02,-3.254057,8.85E-02,,,
1418,Horse Up,10/19/24,,11:10:00 AM,1,"TN, RV, RC, EW, XG, KH",Stream,13_sites,,,05/23/25,1418,-23.173782,3.87E-01,-3.975708,8.29E-02,-2.534752,1.13E-01,,,
1419,Mill Site,10/19/24,,11:37:00 AM,1,"TN, RV, RC, EW, XG, KH",Stream,13_sites,,,05/23/25,1419,-43.982334,4.82E-01,-7.493885,8.99E-02,-3.722106,5.28E-02,,,
1420,Knightly,10/19/24,,12:29:00 PM,1,"TN, RV, RC, EW, XG, KH",Stream,13_sites,,,05/23/25,1420,-47.41085,1.71E-01,-7.932654,1.86E-02,-4.023081,4.24E-02,,,
1421,Lake Warner Out,10/19/24,,11:32:00 AM,1,"TN, RV, RC, EW, XG, KH",Stream,13_sites,,,05/23/25,1421,-40.88988,1.36E+00,-6.843109,1.69E-01,-3.426975,5.25E-02,,,
1422,Tan Brook Down,10/19/24,,12:04:00 PM,1,"TN, RV, RC, EW, XG, KH",Stream,13_sites,,,05/23/25,1422,-40.836907,3.08E-01,-6.929182,8.16E-02,-3.65425,9.36E-02,,,
1423,Tan Brook Up,10/19/24,,12:26:00 PM,1,"TN, RV, RC, EW, XG, KH",Stream,13_sites,,,05/23/25,1423,-44.100634,2.07E-01,-7.590411,1.93E-02,-3.924212,2.36E-02,,,
1424,Campus Pond Up,10/19/24,,12:58:00 PM,1,"TN, RV, RC, EW, XG, KH",Stream,13_sites,,,05/23/25,1424,-39.610124,4.19E-01,-6.887848,6.92E-02,-3.686729,6.16E-02,,,
1425,Campus Pond Down,10/19/24,,1:09:00 PM,1,"TN, RV, RC, EW, XG, KH",Stream,13_sites,,,05/23/25,1425,-32.688987,2.92E-01,-5.921727,2.34E-02,-3.094457,5.69E-02,,,
1426,Wet Center,10/22/24,,,1,"RV, EW, XG",Stream,3_sites,,,05/23/25,1426,-44.622234,2.61E-01,-7.549867,3.99E-02,-3.926089,4.96E-02,,,
1427,Wet Center,10/22/24,,,2,"RV, EW, XG",Stream,3_sites,,,05/23/25,1427,-44.045284,1.28E-01,-7.556909,1.32E-02,-3.949014,2.26E-02,,,
1428,NOHO Mill River,10/22/24,,,1,"RV, EW, XG",Stream,3_sites,,,05/23/25,1428,-43.892699,2.67E-01,-7.414049,6.59E-02,-3.948028,5.16E-02,,,
1429,NOHO Mill River,10/22/24,,,2,"RV, EW, XG",Stream,3_sites,,,05/23/25,1429,-43.398402,3.99E-01,-7.450066,6.01E-02,-3.921613,2.20E-02,,,
1430,Groff Park,10/22/24,,,1,"RV, EW, XG",Stream,3_sites,,,05/23/25,1430,-44.003517,2.38E-01,-7.255758,4.71E-02,-3.767588,4.14E-02,,,
1431,Groff Park,10/22/24,,,2,"RV, EW, XG",Stream,3_sites,,,05/23/25,1431,-43.613432,3.46E-01,-7.241928,6.41E-02,-3.870265,6.66E-03,,,
1432,Wet Center,11/12/24,,,1,"RV, EW, XG",Stream,3_sites,,,05/23/25,1432,-42.561313,3.86E-01,-7.239341,5.93E-02,-3.917844,6.13E-02,,,
1433,Wet Center,11/12/24,,,2,"RV, EW, XG",Stream,3_sites,,,05/23/25,1433,-43.346079,3.18E-01,-7.268766,5.91E-02,-3.974697,4.28E-02,,,
1434,NOHO Mill River,11/12/24,,,1,"RV, EW, XG",Stream,3_sites,,,05/23/25,1434,-44.056793,4.08E-01,-7.407253,4.02E-02,-4.095259,5.92E-02,,,
1435,NOHO Mill River,11/12/24,,,2,"RV, EW, XG",Stream,3_sites,,,05/23/25,1435,-43.4608,9.02E-02,-7.414629,3.04E-02,-4.073404,4.92E-02,,,
1436,Groff Park,11/12/24,,,1,"RV, EW, XG",Stream,3_sites,,Not Equal,05/23/25,1438,-24.539818,3.76E-01,-5.427418,6.60E-02,-3.000314,2.85E-02,,,
1437,Groff Park,11/12/24,,,2,"RV, EW, XG",Stream,3_sites,,Not Equal,05/23/25,1439,-48.369316,5.77E-01,-8.042189,6.60E-02,-4.133527,3.24E-02,,,
1438,Wet Center,11/8/24 - 11/11/24,,11:59:00 PM,1,RV,Precipitation,Precipitation,Rained 2.25 mm according to CS data (0.09 in.),Not Equal,05/23/25,1440,-15.960935,3.08E-01,-1.709572,8.34E-02,-1.205532,6.35E-02,,,
1439,Broad Hill Rd,11/16/24,,10:52:00 AM,1,"RV, RC",Stream,Isoscape,Iscoscape and 13_sites data below were collected on the same day so can be processed together for isoscape analysis,,12/03/24,1439,-55.241967,5.23E-01,-7.820822,8.11E-02,-3.79259,1.08E-02,,,
1440,Leverett Pond Boat Launch,11/16/24,,11:04:00 AM,1,"RV, RC",Stream,Isoscape,,,12/03/24,1440,-29.287972,3.52E-01,-1.563872,5.71E-02,-0.605237,7.40E-02,,,
1441,Leverett Elementary,11/16/24,,11:17:00 AM,1,"RV, RC",Stream,Isoscape,,,12/03/24,1441,-54.749317,2.60E-01,-7.647046,4.11E-02,-3.747631,1.65E-02,,,
1442,Atkins Reservoir,11/16/24,,11:30:00 AM,1,"RV, RC",Stream,Isoscape,,,12/03/24,1442,-42.834817,2.72E-01,-4.964205,4.14E-02,-2.443255,4.46E-02,,,
1443,Cushman Brook Conservation,11/16/24,,11:41:00 AM,1,"RV, RC",Stream,Isoscape,,,12/03/24,1443,-53.476212,4.47E-01,-7.358885,7.40E-02,-3.680218,4.89E-02,,,
1444,CBC Down,11/16/24,,11:44:00 AM,1,"RV, RC",Stream,Isoscape,,,12/03/24,1444,-53.375897,7.52E-01,-7.345424,1.05E-01,-3.738251,7.30E-02,,,
1445,MR Rec Area,11/16/24,,12:01:00 PM,1,"RV, RC",Stream,Isoscape,,,12/03/24,1445,-52.999097,1.05E-01,-7.223437,3.65E-02,-3.737289,5.07E-02,,,
1446,MR Trail Bridge,11/16/24,,12:08:00 PM,1,"RV, RC",Stream,Isoscape,,,12/03/24,1446,-52.856757,1.58E-01,-7.145328,2.02E-02,-3.796413,5.44E-02,,,
1447,Puffers Waterfall,11/16/24,,12:14:00 PM,1,"RV, RC",Stream,Isoscape,,,12/03/24,1447,-53.001844,2.74E-01,-7.213047,3.81E-02,-3.847737,3.92E-02,,,
1448,Puffers South Beach,11/16/24,,12:21:00 PM,1,"RV, RC",Stream,Isoscape,,,12/03/24,1448,-52.707815,3.71E-01,-7.154501,5.83E-02,-3.879008,3.34E-02,,,
1449,Puffers - Cushman Brook Bridge,11/16/24,,12:29:00 PM,1,"RV, RC",Stream,Isoscape,,,12/03/24,1449,-53.486715,9.74E-01,-7.335097,8.84E-02,-4.049738,4.52E-02,4 2Hck,,
1450,Wildwood Cemetery,11/16/24,,12:53:00 PM,1,"RV, RC",Stream,Isoscape,,,12/03/24,1450,-24.453788,3.97E-01,-0.590239,6.79E-02,-0.637494,4.61E-02,,,
1451,USFWS Parking Lot,11/16/24,,1:11:00 PM,1,"RV, RC",Stream,Isoscape,,,12/03/24,1451,-31.158622,3.40E-01,-2.727472,1.04E-01,-1.802732,5.17E-02,,,
1452,Prindle School,11/16/24,,1:16:00 PM,1,"RV, RC",Stream,Isoscape,,,12/03/24,1452,-45.571912,3.66E-01,-5.86914,4.76E-02,-3.415823,5.21E-02,,,
1453,Umass Stadium,11/16/24,,1:27:00 PM,1,"RV, RC",Stream,Isoscape,,,12/03/24,1453,-44.320956,1.04E+00,-5.698064,1.29E-01,-3.285339,6.99E-02,4 2Hck,,
1454,Umass Track,11/16/24,,1:32:00 PM,1,"RV, RC",Stream,Isoscape,,,12/03/24,1454,-23.596607,7.69E-01,-0.346555,5.07E-02,-0.630123,5.62E-02,,,
1455,WET Up,11/16/24,,1:39:00 PM,1,"RV, RC",Stream,Isoscape,,,12/03/24,1455,-49.252185,6.87E-01,-7.090593,7.22E-02,-4.049619,3.30E-02,,,
1456,Wet Center,11/16/24,,1:43:00 PM,1,"RV, RC",Stream,Isoscape,,,12/03/24,1456,-52.380431,3.94E-01,-7.147317,8.22E-02,-4.017121,5.80E-02,,,
1457,WET Down,11/16/24,,1:45:00 PM,1,"RV, RC",Stream,Isoscape,,,12/03/24,1457,-52.282516,5.66E-01,-7.105255,8.20E-02,-3.591242,6.14E-02,,,
1458,Fieldstone,11/16/24,,1:55:00 PM,1,"RV, RC",Stream,Isoscape,,,12/03/24,1458,-51.958736,4.55E-01,-7.075425,4.31E-02,-3.515459,6.07E-02,,,
1459,TBD Down,11/16/24,,2:02:00 PM,1,"RV, RC",Stream,Isoscape,,,12/03/24,1459,-50.612693,3.38E-01,-6.804685,2.46E-02,-3.409002,6.54E-03,,,
1460,TBD Up,11/16/24,,2:03:00 PM,1,"RV, RC",Stream,Isoscape,,,12/03/24,1460,-50.853399,4.51E-01,-6.745258,4.67E-02,-3.412228,3.88E-02,,,
1461,Roaring,11/16/24,,,1,"TN, RV, RC, EW, XG, KH",Stream,13_sites,,,12/03/24,1461,-54.461723,7.34E-01,-7.803282,5.28E-02,-3.949628,3.29E-02,,,
1462,Doolittle,11/16/24,,,1,"TN, RV, RC, EW, XG, KH",Stream,13_sites,,,12/03/24,1462,-52.897175,1.13E-01,-7.356719,1.48E-02,-3.696218,3.09E-02,,,
1463,Eastman Up,11/16/24,,,1,"TN, RV, RC, EW, XG, KH",Stream,13_sites,,,12/03/24,1463,-46.819735,8.78E-01,-6.085235,1.15E-01,-3.02671,5.67E-02,4 2Hck,,
1464,Eastman Down,11/16/24,,,1,"TN, RV, RC, EW, XG, KH",Stream,13_sites,,,12/03/24,1464,-50.014542,4.26E-01,-6.937002,7.26E-02,-3.510372,7.07E-02,,,
1465,Horse Down,11/16/24,,,1,"TN, RV, RC, EW, XG, KH",Stream,13_sites,,,12/03/24,1465,-39.351018,6.61E-01,-4.52448,8.19E-02,-2.139557,7.71E-02,,,
1466,Horse Up,11/16/24,,,1,"TN, RV, RC, EW, XG, KH",Stream,13_sites,,,12/03/24,1466,-34.449865,7.66E-01,-3.921298,8.80E-02,-1.902179,9.48E-02,,,
1467,Mill Site,11/16/24,,,1,"TN, RV, RC, EW, XG, KH",Stream,13_sites,,,12/03/24,1467,-51.478178,4.77E-01,-7.113233,8.25E-02,-3.590498,4.02E-02,,,
1468,Knightly,11/16/24,,,1,"TN, RV, RC, EW, XG, KH",Stream,13_sites,,,12/03/24,1468,-53.643739,5.83E-01,-7.38796,1.26E-01,-3.712052,6.06E-02,,,
1469,Lake Warner Out,11/16/24,,,1,"TN, RV, RC, EW, XG, KH",Stream,13_sites,,,12/03/24,1469,-51.005241,1.35E+00,-6.779615,1.13E-01,-3.431033,6.44E-02,4 2Hck,,
1470,Tan Brook Down,11/16/24,,,1,"TN, RV, RC, EW, XG, KH",Stream,13_sites,,,12/03/24,1470,-51.000294,4.35E-01,-6.742787,1.17E-01,-3.472801,5.06E-02,,,
1471,Campus Pond Up,11/16/24,,,1,"TN, RV, RC, EW, XG, KH",Stream,13_sites,,,12/03/24,1471,-50.003862,5.30E-01,-6.626661,9.45E-02,-3.369078,9.61E-02,,,
1472,Campus Pond Down,11/16/24,,,1,"TN, RV, RC, EW, XG, KH",Stream,13_sites,,,12/03/24,1472,-47.736607,2.51E-01,-6.043006,6.29E-02,-2.96884,9.96E-02,1 avol,,
1473,TBD Down,11/16/24,,11:26:00 AM,1,"TN, RV, RC, EW, XG, KH",Stream,Isoscape,Additonal sample to compare with1459,Not Equal,1/31/25,,,,,,,,,,
1474,Wet Center,11/12/24,,1:37:00 AM,1,"RV,EW,KH",Stream,3_Sites,,,2/11/25,1474,-51.512132,6.19E-01,-8.755833,1.06E-01,-4.314139,5.06E-02,Might need to be rerun (red flags in post processing),,
1475,Wet Center,11/12/24,,1:37:00 AM,2,"RV,EW,KH",Stream,3_Sites,,,2/11/25,1475,-51.579896,3.76E-01,-8.779052,5.85E-02,-4.310476,6.82E-02,,,
1476,NoHO Mill River,11/12/24,,2:22:00 AM,1,"RV,EW,KH",Stream,3_Sites,,,2/11/25,1476,-48.635051,6.92E-01,-8.274179,9.38E-02,-4.043056,7.69E-02,,,
1477,NoHO Mill River,11/12/24,,2:22:00 AM,2,"RV,EW,KH",Stream,3_Sites,,,2/11/25,1477,-48.767216,6.71E-01,-8.445204,1.05E-01,-4.151698,5.05E-02,,,
1478,Groff Park ,11/12/24,,3:32:00 AM,1,"RV,EW,KH",Stream,3_Sites,,,2/11/25,1478,-49.974357,7.41E-01,-8.534204,9.86E-02,-4.311428,4.93E-02,,,
1479,Groff Park,11/12/24,,3:32:00 AM,2,"RV,EW,KH",Stream,3_Sites,,,2/11/25,1479,-50.225111,1.03E+00,-8.546362,1.32E-01,-4.336397,6.81E-02,,,
1480,South Fork,4/28/24,,1:00:00 PM,1A,Anton Schreder/Bahar,Stream ,university of wisconsin,,,11/21/24,1480,-66.333728,5.31E-01,-9.681745,9.67E-02,-5.018364,3.97E-02,,,
1481,Glen Park,4/28/24,,,2A,Anton Schreder/Bahar,Stream,university of wisconsin,,,11/21/24,1481,-65.541896,1.22E-01,-9.617734,3.66E-02,-4.989527,2.53E-02,,,
1482,Kinni State Park ,4/28/24,,,4A,Anton Schreder/Bahar,Stream,university of wisconsin,,,11/21/24,1482,-65.255705,1.63E-01,-9.518412,5.48E-02,-5.004893,1.39E-02,,,
1483,Kinni Fishing ,4/28/24,,,5A,Anton Schreder/Bahar,Stream,university of wisconsin,,,11/21/24,1483,-65.168179,4.16E-01,-9.5771,5.72E-02,-5.000252,5.33E-02,,,
1484,Ted Creek,4/28/24,,12:00:00 PM,6A,Anton Schreder/Bahar,Stream,university of wisconsin,,,11/21/24,1484,-64.936472,2.86E-01,-9.5912,5.23E-02,-4.980027,2.89E-02,,,
1485,Nye Creek,4/28/24,,12:11:00 PM,7A,Anton Schreder/Bahar,Stream,university of wisconsin,,,11/21/24,1485,-65.14235,2.50E-01,-9.686045,5.19E-02,-5.114559,4.22E-02,,,
1486,Kelly Creek ,4/28/24,,12:26:00 PM,8A,Anton Schreder/Bahar,Stream,university of wisconsin,,,11/21/24,1486,-66.206388,5.94E-01,-9.840917,9.68E-02,-5.207836,4.88E-02,,,
1487,Precip,5/24/24,,,R1,Bahar,Precipitation,university of wisconsin,,,11/21/24,1487,-19.405832,2.61E-01,-3.420409,2.81E-02,-1.773319,7.76E-02,,,
1488,Precip,5/24/24,,,R2,Bahar,Precipitation,university of wisconsin,,,11/21/24,1488,-19.154438,2.66E-01,-3.438155,5.95E-02,-1.86257,2.15E-02,,,
1489,South Fork,5/27/24,,9:02:00 AM,1B,Anton Schreder,Stream,university of wisconsin,,,11/21/24,1489,-65.870037,3.71E-01,-9.791044,4.89E-02,-5.291151,3.12E-02,,,
1490,Glen Park ,5/27/24,,9:21:00 AM,2B,Anton Schreder,Stream,university of wisconsin,,,11/21/24,1490,-65.418655,1.48E-01,-9.662062,3.55E-02,-5.216875,1.82E-02,,,
1491,Rocky Branch,5/27/24,,10:03:00 AM,3B,Anton Schreder,Stream,university of wisconsin,,,11/21/24,1491,-61.835435,3.24E-01,-9.533867,3.70E-02,-5.346103,2.11E-02,,,
1492,Kinni State Park,5/27/24,,AM ,4B,Anton Schreder ,Stream,university of wisconsin,,,11/21/24,1492,-64.91509,1.34E-01,-9.992798,5.18E-02,-5.488205,3.09E-02,,,
1493,Kinni State Park,5/27/24,,AM ,5B,Anton Schreder,Stream ,university of wisconsin,,,11/21/24,1493,-64.320422,4.15E-01,-10.020387,5.64E-02,-5.454087,3.34E-02,,,
1494,Ted Creek ,5/27/24,,2:01:00 PM,6B,Anton Schreder,Stream ,university of wisconsin,,,11/21/24,1494,-64.031429,1.22E-01,-9.881161,2.62E-02,-5.391128,4.80E-02,,,
1495,Nye Creek,5/27/24,,2:16:00 PM,7B,Anton Schreder,Stream ,university of wisconsin,,,11/21/24,1495,-65.394287,6.41E-02,-9.949123,6.84E-02,-5.315115,4.85E-02,,,
1496,Kelly Creek,5/27/24,,12:57:00 PM,8B,Anton Schreder,Stream ,university of wisconsin,,,11/21/24,1496,-65.413896,1.52E-01,-9.927083,1.84E-02,-5.323732,3.23E-02,,,
1497,Precip,6/2/24,,,R3,Bahar,Precipitation,university of wisconsin,,,11/21/24,1497,-46.550337,2.47E-01,-7.089184,4.90E-02,-3.782936,1.54E-02,,,
1498,South Fork,6/30/24,,,1C,Anton Schreder,Stream ,university of wisconsin,,,11/21/24,1498,-64.882229,2.25E-01,-9.537673,4.50E-02,-4.899047,1.09E-02,,,
1499,Glen Park,6/30/24,,10:15:00 AM,2C,Anton Schreder,Stream,university of wisconsin,,,11/21/24,1499,-64.138332,2.41E-01,-9.347074,2.11E-02,-4.745305,2.91E-02,,,
1500,Rocky Branch,6/30/24,,,3C,Anton Schreder,Stream,university of wisconsin,,,11/21/24,1500,-64.10484,3.93E-01,-9.161487,3.54E-02,-4.631617,7.36E-02,,,
1501,Kinni State Park ,6/30/24,,,4C,Anton Schreder,Stream ,university of wisconsin,,,11/21/24,1501,-63.939746,2.30E-01,-9.147974,2.84E-02,-4.624847,4.27E-02,,,
1502,Kinni Fishing ,6/30/24,,,5C,Anton Schreder ,Stream,university of wisconsin,,,11/21/24,1502,-64.329766,4.07E-01,-9.178626,7.95E-02,-4.682676,3.02E-02,,,
1503,Ted Creek,6/30/24,,,6C,Anton Schreder ,Stream,university of wisconsin,,,11/21/24,1503,-63.233088,1.61E-01,-9.222658,3.25E-02,-4.712371,2.96E-02,,,
1504,Nye Creek,6/30/24,,,7C,Anton Schreder,Stream,university of wisconsin,,,11/21/24,1504,-63.835939,9.68E-02,-9.319375,1.98E-02,-4.827148,3.63E-02,,,
1505,Kelly Creek ,6/30/24,,,8C,Anton Schreder,Stream,university of wisconsin,,,11/21/24,1505,-65.885231,1.43E-01,-9.677432,5.90E-02,-5.050872,5.77E-02,,,
1506,South Fork,7/28/24,,,1D,Anton Schreder,Stream,university of wisconsin,,,11/22/24,1506,-67.141129,2.94E-01,-9.183153,4.13E-02,-4.673839,2.73E-02,,,
1507,Glen Park ,7/28/24,,10:00:00 AM,2D,Anton Schreder,Stream,university of wisconsin,,,11/22/24,1507,-66.038495,2.24E-01,-9.02195,5.26E-02,-4.673587,5.02E-02,,,
1508,Rocky Branch,7/28/24,,,3D,Anton Schreder,Stream,university of wisconsin,,,11/22/24,1508,-66.731689,2.88E-01,-9.044867,6.14E-02,-4.668082,8.34E-02,,,
1509,Kinni State Park ,7/28/24,,,4D,Anton Schreder,Stream,university of wisconsin,,,11/22/24,1509,-65.761087,3.90E-01,-8.873186,8.08E-02,-4.531143,5.80E-02,,,
1510,Kinni Fishing ,7/28/24,,,5D,Anton Schreder,Stream,university of wisconsin,,,11/22/24,1510,-65.78043,2.09E-01,-8.921516,4.46E-02,-4.562731,1.91E-02,,,
1511,Ted Creek,7/28/24,,,6D,Anton Schreder,Stream,university of wisconsin,,,11/22/24,1511,-66.33208,6.06E-02,-8.996794,5.31E-02,-4.624415,3.56E-02,,,
1512,Nye Creek,7/28/24,,12:10:00 PM,7D,Anton Schreder,Stream,university of wisconsin,,,11/22/24,1512,-66.619342,3.14E-01,-9.100115,7.99E-02,-4.672035,3.69E-02,,,
1513,Kelly Creek ,7/28/24,,,8D,Anton Schreder,Stream,university of wisconsin,,,11/22/24,1513,-66.860333,1.24E-01,-9.116156,1.22E-02,-4.687017,1.80E-02,,,
1514,South Fork,9/1/24,,,1E,Anton Schreder,Stream,university of wisconsin,,,11/22/24,1514,-65.524131,5.25E-01,-8.82205,7.42E-02,-4.535679,3.35E-02,,,
1515,Glen Park,9/1/24,,9:09:00 AM,2E,Anton Schreder,Stream,university of wisconsin,,,11/22/24,1515,-64.372197,3.54E-01,-8.567508,3.63E-02,-4.435208,2.08E-02,,,
1516,Kinni State Park ,9/1/24,,10:18:00 AM,4E,Anton Schreder,Stream,university of wisconsin,,,11/22/24,1516,-64.119668,1.81E-01,-8.544558,3.54E-02,-4.551666,3.40E-02,,,
1517,Kinni Fishing ,9/1/24,,`10:46:00 AM,5E,Anton Schreder,Stream,university of wisconsin,,,11/22/24,1517,-65.044148,3.47E-01,-8.599529,4.35E-02,-4.531267,5.26E-02,,,
1518,Ted Creek,9/1/24,,11:12:00 AM,6E,Anton Schreder,Stream,university of wisconsin,,,11/22/24,1518,-63.3558,3.11E-01,-8.485106,9.28E-02,-4.373809,2.47E-02,,,
1519,Nye Creek,9/1/24,,11:29:00 AM,7E,Anton Schreder,Stream,university of wisconsin,,,11/22/24,1519,-64.167692,3.05E-01,-8.597841,6.15E-02,-4.514408,5.34E-02,,,
1520,Kelly Creek ,9/1/24,,11:49:00 AM,8E,Anton Schreder,Stream,university of wisconsin,,,11/22/24,1520,-66.754411,2.19E-01,-8.924093,4.15E-02,-4.691664,3.52E-02,,,
1521,Deep Well Sample,10/4/24,,,OW-27D,Alexyss,Ground Water,university of wisconsin,,,11/22/24,1521,-66.382852,4.20E-01,-8.717088,3.79E-02,-4.472797,4.76E-02,,,
1522,Deep Well Sample,10/4/24,,,OW-27D,Alexyss,Ground Water,university of wisconsin,,,11/22/24,1522,-66.39757,2.86E-01,-8.704684,1.66E-02,-4.505864,2.60E-02,,,
1523,Shallow Well Sample,10/4/24,,,OW-28D,Alexyss,Ground Water,university of wisconsin,,,11/22/24,1523,-60.914073,3.16E-01,-7.712567,4.42E-02,-3.950122,5.02E-02,,,
1524,Shallow Well Sample,10/4/24,,,OW-28D,Alexyss,Ground Water,university of wisconsin,,,11/22/24,1524,-59.815324,3.16E-01,-7.708008,5.33E-02,-3.777561,6.22E-02,,,
1525,South Fork ,10/13/24,,12:07:00 PM,1F,Anton Schreder ,Stream,university of wisconsin,,,11/22/24,1525,-65.0199,1.10E-01,-8.652308,2.70E-02,-4.304256,2.93E-02,1 svol,,
1526,Glen Park ,10/13/24,,9:49:00 AM,2F,Anton Schreder ,Stream,university of wisconsin,,,11/22/24,1526,-66.26496,2.07E-01,-8.641495,6.87E-02,-4.244237,4.26E-02,,,
1527,Kinni State Park,10/13/24,,10:43:00 AM,4F,Anton Schreder ,Stream,university of wisconsin,,,11/22/24,1527,-60.15508,1.20E-01,-8.522914,5.78E-02,-4.31199,3.39E-02,,,
1528,Kinni Fishing ,10/13/24,,11:20:00 AM,5F,Anton Schreder ,Stream,university of wisconsin,,,11/22/24,1528,-66.03533,2.06E-01,-8.680191,2.52E-02,-4.40354,2.53E-02,,,
1529,Ted Creek ,10/13/24,,11:39:00 AM,6F,Anton Schreder ,Stream,university of wisconsin,,,11/22/24,1529,-66.231668,1.91E-01,-8.619658,5.62E-02,-4.295539,2.01E-02,,,
1530,Nye Creek,10/13/24,,11:54:00 AM,7F,Anton Schreder ,Stream,university of wisconsin,,,11/22/24,1530,-66.857606,2.94E-01,-8.680761,7.45E-02,-4.255126,1.71E-02,,,
1531,Kelly Creek ,10/13/24,,12:13:00 PM,8F,Anton Schreder ,Stream,university of wisconsin,,,11/22/24,1531,-66.991609,2.43E-01,-8.689722,4.21E-02,-4.328203,5.15E-02,,,
1532,Woodside,9/26/24,,11:59:00 PM,1,CDG,Precipitation,Precipitation,,,11/22/24,1532,-18.89019,2.25E-01,-2.768632,6.87E-02,-1.25977,2.35E-02,,,
1533,Woodside,9/26/24,,11:59:00 PM,2,CDG,Precipitation,Precipitation,,,11/22/24,1533,-18.298811,2.83E-01,-2.596617,6.74E-02,-1.271754,2.39E-02,,,
1534,Wet Center,11/21/24,,12:05:00 AM,1,RV,Stream,Stream_Storm,Stream_Storm8: Sample 1,,5/21/25,1534,-32.086838,1.21E+00,-6.144617,1.18E-01,-2.883804,4.16E-02,,,
1535,Wet Center,11/21/24,,4:05:00 AM,1,RV,Stream,Stream_Storm,Stream_Storm8: Sample 2,,5/21/25,1535,-37.73772,6.37E-01,-6.730669,1.31E-01,-3.071987,5.28E-02,,,
1536,Wet Center,11/21/24,,8:05:00 AM,1,RV,Stream,Stream_Storm,Stream_Storm8: Sample 3,,5/21/25,1536,-39.086627,1.62E+00,-7.032178,1.73E-01,-3.314495,8.80E-02,,,
1537,Wet Center,11/21/24,,12:05:00 PM,1,RV,Stream,Stream_Storm,Stream_Storm8: Sample 4,,5/21/25,1537,-43.965281,2.11E+00,-7.705917,2.99E-01,-3.977149,1.46E-01,,,
1538,Wet Center,11/21/24,,4:05:00 PM,1,RV,Stream,Stream_Storm,Stream_Storm8: Sample 5,,5/21/25,1538,-45.186719,6.88E-01,-7.835299,8.07E-02,-4.074988,6.40E-02,,,
1539,Wet Center,11/21/24,,8:05:00 PM,1,RV,Stream,Stream_Storm,Stream_Storm8: Sample 6,,5/21/25,1539,-56.272039,4.17E-01,-8.812164,5.82E-02,-4.570237,4.74E-02,,,
1540,Wet Center,11/22/24,,12:05:00 AM,1,RV,Stream,Stream_Storm,Stream_Storm8: Sample 7,,5/21/25,1540,-48.810403,4.57E-01,-8.065583,9.22E-02,-4.17433,6.41E-02,,,
1541,Wet Center,11/22/24,,4:05:00 AM,1,RV,Stream,Stream_Storm,Stream_Storm8: Sample 8,,5/21/25,1541,-52.795999,1.59E-01,-8.439163,6.71E-02,-4.353371,5.67E-02,,,
1542,Wet Center,11/22/24,,8:05:00 AM,1,RV,Stream,Stream_Storm,Stream_Storm8: Sample 9,,1/31/25,1542,-59.738714,8.34E-01,-8.895669,7.25E-02,-4.963538,5.12E-02,,,
1543,Wet Center,11/22/24,,12:05:00 PM,1,RV,Stream,Stream_Storm,Stream_Storm8: Sample 10,,1/31/25,1543,-58.582276,4.15E-01,-8.855632,5.16E-02,-4.861679,5.51E-02,,,
1544,Wet Center,11/22/24,,4:05:00 PM,1,RV,Stream,Stream_Storm,Stream_Storm8: Sample 11,,1/31/25,1544,-54.829014,7.17E-01,-8.655914,1.57E-01,-4.538917,8.89E-02,,,
1545,Wet Center,11/22/24,,8:05:00 PM,1,RV,Stream,Stream_Storm,Stream_Storm8: Sample 12,,1/31/25,1545,-53.5357,1.18E+00,-8.569369,2.00E-01,-4.359209,1.07E-01,,,
1546,Wet Center,11/23/24,,12:05:00 AM,1,RV,Stream,Stream_Storm,Stream_Storm8: Sample 13,,1/31/25,1546,-53.99915,1.11E+00,-8.691752,1.55E-01,-4.585507,5.78E-02,,,
1547,Wet Center,11/23/24,,4:05:00 AM,1,RV,Stream,Stream_Storm,Stream_Storm8: Sample 14,,1/31/25,1547,-54.338334,5.48E-01,-8.699601,9.27E-02,-4.601527,7.13E-02,,,
1548,Wet Center,11/23/24,,8:05:00 AM,1,RV,Stream,Stream_Storm,Stream_Storm8: Sample 15,,05/21/25,1548,-63.496093,3.50E-01,-9.784679,6.19E-02,-4.97279,5.22E-02,,,
1549,Wet Center,11/23/24,,12:05:00 PM,1,RV,Stream,Stream_Storm,Stream_Storm8: Sample 16,,05/21/25,1549,-57.930965,1.72E-01,-9.019921,1.68E-02,-4.609923,7.37E-02,,,
1550,Wet Center,11/23/24,,4:05:00 PM,1,RV,Stream,Stream_Storm,Stream_Storm8: Sample 17,,05/21/25,1550,-55.78571,1.15E+00,-8.70362,1.18E-01,-4.587939,7.59E-02,,,
1551,Wet Center,11/23/24,,8:05:00 PM,1,RV,Stream,Stream_Storm,Stream_Storm8: Sample 18,,05/21/25,1551,-52.724212,2.50E-01,-8.314631,2.56E-02,-4.583367,3.64E-02,,,
1552,Wet Center,11/24/24,,12:05:00 AM,1,RV,Stream,Stream_Storm,Stream_Storm8: Sample 19,,05/21/25,1552,-51.220521,6.63E-01,-8.121583,6.15E-02,-4.250906,8.51E-02,,,
1553,Wet Center,11/24/24,,4:05:00 AM,1,RV,Stream,Stream_Storm,Stream_Storm8: Sample 20,,05/21/25,1553,-50.208726,6.38E-01,-8.071335,6.77E-02,-4.260129,6.46E-02,,,
1554,Wet Center,11/24/24,,8:05:00 AM,1,RV,Stream,Stream_Storm,Stream_Storm8: Sample 21,,05/21/25,1554,-50.360739,5.31E-01,-8.067465,6.03E-02,-4.260919,4.17E-02,,,
1555,Wet Center,11/24/24,,12:05:00 PM,1,RV,Stream,Stream_Storm,Stream_Storm8: Sample 22,,05/21/25,1555,-49.321814,5.16E-01,-7.99136,1.07E-01,-4.227116,3.09E-02,,,
1556,Wet Center,11/24/24,,4:05:00 PM,1,RV,Stream,Stream_Storm,Stream_Storm8: Sample 23,,05/21/25,1556,-50.435878,3.43E-01,-8.027949,7.35E-02,-4.261482,4.00E-02,,,
1557,Wet Center,11/24/24,,8:05:00 PM,1,RV,Stream,Stream_Storm,Stream_Storm8: Sample 24,,05/21/25,1557,-49.451655,4.90E-01,-8.054234,7.46E-02,-4.007432,6.36E-02,,,
1558,Wet Center,11/21- 11/22/24,,5:30:00 PM,1,RV,Precipitation,Precipitation,Received 310mL = ~0.85 inches between 11/21 - 11/22 (retrieved at 5:30 pm on 11/22). First part of Stream_Storm8,,05/21/25,1558,-93.862196,6.70E-01,-12.702535,8.65E-02,-6.326059,7.46E-02,,,
1559,Wet Center,11/21- 11/22/24,,5:30:00 PM,2,RV,Precipitation,Precipitation,,,05/21/25,1559,-93.195022,4.97E-01,-12.659022,1.24E-01,-6.241962,6.51E-02,,,
1560,Wet Center,11/23/24,,11:59:00 PM,1,RV,Precipitation,Precipitation,Received 125mL = ~0.34 inches on 11/23 (retrieved at 2:00 pm on 11/25). Second part of Stream_Storm8,,05/21/25,1560,-113.637695,6.09E-01,-16.054599,7.73E-02,-8.072747,7.47E-02,,,
1561,Wet Center,11/23/24,,11:59:00 PM,2,RV,Precipitation,Precipitation,      vial broke ,,05/21/25,1561,-113.520381,8.85E-01,-15.603538,1.22E-01,-8.475727,6.79E-02,,,
1562,Wet Center,11/26/24,,2:00:00 PM,1,RV,Precipitation,Precipitation,Received 86mL = ~0.24 inches on 11/26 (retrieved at 2:00 pm on 11/26).,Not Equal,05/21/25,,,,,,,,,,
1563,Wet Center,11/26/24,,2:00:00 PM,2,RV,Precipitation,Precipitation,Vial broke,,05/21/25,1563,-39.231192,4.08E-01,-7.906311,3.41E-02,-4.145519,5.70E-02,,,
1564,Wet Center,11/21/24,,12:00:00 AM,1,RV,Stream,Stream_Storm,0: Prestorm flush for Stream_Storm8,,5/27/25,1564,-39.394787,1.75E+00,-6.632177,1.70E-01,-3.483507,7.83E-02,,,
1565,Wet Center,11/26/24,,1:48:00 PM,1,RV,Stream,Stream_Storm,"Storm 8, Sample 25: Rained ~0.24 inches this morning",,5/27/25,1565,-50.270201,7.23E-01,-8.367756,1.11E-01,-4.387138,7.33E-02,,,
1566,Wet Center,12/6/24,,4:07:00 PM,1,"RV,XG,KH,EW",Stream,3 Sites,Snowed from 11:00pm on 12/4 to 12/5 at ,,5/27/25,1566,-51.03556,1.30E+00,-8.453913,1.18E-01,-4.438701,7.75E-02,,,
1567,Wet Center,12/6/24,,4:07:00 PM,2,"RV,XG,KH,EW",Stream,3 sites ,10:00am appr. 2 inches of snow.,,5/27/25,1567,-48.408153,6.24E-01,-7.987945,8.64E-02,-4.053589,5.61E-02,,,
1568,NoHO Mill River,12/6/24,,5:01:00 PM,1,"RV,XG,KH,EW",Stream,3 Sites,,,5/27/25,1568,-47.309318,1.51E-01,-7.834477,5.21E-02,-4.083541,7.44E-02,,,
1569,NoHO Mill River,12/6/24,,5:01:00 PM,2,"RV,XG,KH,EW",Stream,3 Sites ,,,5/27/25,1569,-46.961005,5.59E-01,-7.875814,1.01E-01,-4.084856,1.15E-01,,,
1570,Roaring,12/7/24,,,1,,,,,,5/27/25,1570,-50.008722,6.46E-01,-8.457238,1.30E-01,-4.475883,7.23E-02,,,
1571,Doolittle,12/7/24,,,1,,,,,,5/27/25,1571,-50.336605,2.77E-01,-8.407673,5.10E-02,-4.376919,7.14E-02,,,
1572,Eastman Up,12/7/24,,,1,,,,,,5/27/25,1572,-45.508511,2.49E-01,-7.40095,4.77E-02,-3.895607,4.49E-02,,,
1573,Eastman Down,12/7/24,,,1,,,,,,5/27/25,1573,-48.262,2.09E-01,-8.145479,5.30E-02,-4.279686,4.29E-02,,,
1574,Horse Down,12/7/24,,,1,,,,Frozen,,NA,1574,NA,,,,,,,,
1575,Horse Up,12/7/24,,12:50:00 PM,1,"RV,XG,KH",Stream,13_Sites,,,5/27/25,1575,-54.306604,2.25E-01,-9.016674,7.70E-02,-4.659523,9.12E-02,,,
1576,Mill Site,12/7/24,,,1,,,,,,5/27/25,1576,-48.832555,3.52E-01,-8.497278,3.41E-02,-4.526938,2.91E-02,,,
1577,Knightly,12/7/24,,1:04:00 AM,1,"RV,XG,KH",Stream,13_Sites,,,5/27/25,1577,-46.734592,9.32E-01,-7.750187,8.68E-02,-4.044463,4.18E-02,,,
1578,Lake Warner Out,12/7/24,,,1,,,,,,5/27/25,1578,-52.115275,4.12E-01,-8.427429,6.12E-02,-4.397809,4.44E-02,,,
1579,Tan Brook Down,12/7/24,,11:40:00 AM,1,"RV,XG,KH",Stream,13_Sites,,,5/27/25,1579,-55.585975,2.00E-01,-8.905867,7.09E-02,-4.572761,5.36E-02,,,
1580,Tan Brook Up,12/7/24,,12:29:00 PM,1,"RV,XG,KH",Stream,13_Sites,Velocity taken at the deepest point,,5/27/25,1580,-47.337849,2.63E-01,-8.040444,4.02E-02,-4.240673,5.34E-02,,,
1581,Campus Pond Up,12/7/24,,12:12:00 PM,1,"RV,XG,KH",Stream,13_Sites,Had to break the ice,,5/27/25,1581,-50.582697,1.68E-01,-8.251261,3.66E-02,-4.354587,4.65E-02,,,
1582,Campus Pond Down,12/7/24,,11:56:00 AM,1,"RV,XG,KH",Stream,13_Sites,"Islands closed, took sample from steps ",,5/27/25,1582,-59.662726,3.41E-01,-9.829865,9.48E-02,-5.12436,5.74E-02,,,
1583,Wet Center ,12/10/24,,3:00:00 PM,1,"CG,XG,KH",Precipitation,Precipitiation ,pre thaw ,,5/27/25,1583,-96.841182,2.72E-01,-14.061111,5.54E-02,-7.341722,3.89E-02,,,
1584,Wet Center ,12/10/24,,3:00:00 PM,2,"CG,XG,KH",Precipitation,Precipitiation ,pre thaw ,,5/27/25,1584,-91.265126,3.88E-01,-14.039517,8.43E-02,-7.305975,8.75E-02,,,
1585,Wet Center ,12/10/24,,1:00:00 PM,1,"CG,XG,KH",Precipitation,Precipitiation ,after thaw ,,5/27/25,1585,-47.874403,3.20E-01,-7.990168,4.75E-02,-4.293301,2.94E-02,,,
1586,Wet Center ,12/10/24,,3:00:00 PM,1,"CG,XG,KH",Precipitation,Precipitiation ,Croatia,,5/27/25,1586,-101.00558,2.38E-01,-14.977357,4.87E-02,-7.816116,4.84E-02,,,
1587,Wet Center ,12/10/24,,3:00:00 PM,2,"CG,XG,KH",Precipitation,Precipitiation ,Croatia,,5/27/25,1587,-98.245095,2.88E-01,-14.937097,5.59E-02,-7.82793,4.04E-02,,,
1588,Wet Center ,1/31/25,,4:30:00 PM,1,"KH,XG",Precipitation,Precipitiation ,After thaw. Metal piece came off of the tube. ,,5/27/25,1588,-41.419655,2.22E-01,-8.25545,5.16E-02,-4.298501,5.36E-02,,,
1589,Wet Center ,1/31/25,,4:30:00 PM,2,"KH,XG",Precipitation,Precipitiation ,after thaw ,,5/27/25,1589,-44.482694,3.33E-01,-8.238479,4.78E-02,-4.266254,4.36E-02,,,
1590,Wet Center ,1/31/25,,4:30:00 PM,1,"KH,XG",Precipitation,Precipitiation ,croatia after thaw ,,5/27/25,1590,-43.211868,2.95E-01,-8.160986,6.59E-02,-4.147229,5.22E-02,,,
1591,Wet Center ,1/31/25,,4:30:00 PM,2,"KH,XG",Precipitation,Precipitiation ,croatia after thaw ,,5/27/25,1591,-43.729033,3.73E-01,-8.099393,7.93E-02,-4.173663,5.66E-02,,,
1592,Wet Center,2/3/25,,4:30:00 PM,1,"AH,XG",Precipitation,Precipitation,Croatia,,5/27/25,1592,-113.378595,4.58E-01,-15.350268,7.50E-02,-7.869491,5.58E-02,,,
1593,Wet Center,2/3/25,,4:30:00 PM,2,"AH,XG",Precipitation,Precipitation,Croatia,,5/27/25,1593,-113.627249,3.25E-01,-15.295208,4.89E-02,-7.859215,3.14E-02,,,
1594,Wet Center,2/3/25,,4:30:00 PM,1,"AH,XG",Precipitation,Precipitation,After thaw,,5/27/25,1594,-110.950023,1.72E-01,-15.132583,4.34E-02,-7.778009,3.91E-02,,,
1595,Wet Center,2/3/25,,4:30:00 PM,2,"AH,XG",Precipitation,Precipitation,After thaw,,5/27/25,1595,-109.605854,3.35E-01,-14.319654,8.53E-02,-7.402337,5.65E-02,,,
1596,Roaring,1/28/25,,,1,"TN,VS,ZW,CDG",Stream,13_Sites,,,5/27/25,1596,-46.802131,1.49E-01,-8.363037,4.59E-02,-4.386093,4.32E-02,,,
1597,Doolittle,1/28/25,,,1,"TN,VS,ZW,CDG",Stream,13_Sites,,,NA,1597,NA,,,,,,,,
1598,Eastman Up,1/28/25,,,1,"TN,VS,ZW,CDG",Stream,13_Sites,,,5/27/25,1598,-47.45023,2.98E-01,-8.00332,2.04E-02,-4.217284,1.31E-02,,,
1599,Eastman Down,1/28/25,,12:31:00 PM,1,"TN,VS,ZW,CDG",Stream,13_Sites,,,5/27/25,1599,-40.649129,2.17E-01,-7.52242,3.30E-02,-3.980683,2.55E-02,,,
1600,Horse Down,1/28/25,,10:15:00 AM,1,"TN,VS,ZW,CDG",Stream,13_Sites,,,5/27/25,1600,-29.832874,1.37E-01,-5.893075,2.87E-02,-3.127746,2.41E-02,,,
1601,Horse Up,1/28/25,,9:57:00 AM,1,"TN,VS,ZW,CDG",Stream,13_Sites,,,5/27/25,1601,-47.526792,4.61E-01,-8.047652,7.10E-02,-4.283236,5.38E-02,,,
1602,Mill Site,1/28/25,,1:35:00 PM,1,"TN,VS,ZW,CDG",Stream,13_Sites,"Frozen, unable to collect",Not Equal,,,,,,,,,,,
1603,Knightly,1/28/25,,9:28:00 AM,1,"TN,VS,ZW,CDG",Stream,13_Sites,,,5/29/25,1603,-47.464868,1.76E-01,-7.938947,8.75E-02,-4.026488,3.84E-02,,,
1604,Lake Warner Out,1/28/25,,1:07:00 PM,1,"TN,VS,ZW,CDG",Stream,13_Sites,,,5/29/25,1604,-48.99906,1.61E+00,-8.438512,2.18E-01,-4.126202,1.57E-01,,,
1605,Tan Brook Down,1/28/25,,10:43:00 AM,1,"TN,VS,ZW,CDG",Stream,13_Sites,,,5/29/25,1605,-46.89441,3.14E-01,-8.2339,4.50E-02,-4.07241,5.10E-02,,,
1606,Tan Brook Up,1/28/25,,11:00:00 AM,1,"TN,VS,ZW,CDG",Stream,13_Sites,,,5/29/25,1606,-46.684164,1.25E+00,-7.756895,1.82E-01,-3.939879,1.03E-01,,,
1607,Campus Pond Up,1/28/25,,11:15:00 AM,1,"TN,VS,ZW,CDG",Stream,13_Sites,,,5/29/25,1607,-45.04834,2.16E+00,-7.681312,2.40E-01,-3.925651,1.52E-01,,,
1608,Campus Pond Down,1/28/25,,11:20:00 AM,1,"TN,VS,ZW,CDG",Stream,13_Sites,"Frozen, unable to collect",Not Equal,,,,,,,,,,,
1609,Roaring,2/22/25,,,1,"TN,KH,EW,VS",Stream,13_Sites,,,5/29/25,1609,-49.888724,7.81E-01,-8.637711,1.17E-01,-4.520402,8.46E-02,,,
1610,Doolittle,2/22/25,,,1,"TN,KH,EW,VS",Stream,13_Sites,,,5/29/25,1610,-74.702339,4.09E-01,-6.207945,5.94E-02,-3.504405,8.44E-02,,,
1611,Eastman Up,2/22/25,,,1,"TN,KH,EW,VS",Stream,13_Sites,,,5/29/25,1611,-49.683236,4.51E-01,-8.357418,4.11E-02,-4.510643,7.55E-02,,,
1612,Eastman Down,2/22/25,,,1,"TN,KH,EW,VS",Stream,13_Sites,,,5/29/25,1612,-48.308872,2.56E-01,-8.171704,5.42E-02,-4.581299,5.84E-02,,,
1613,Horse Down,2/22/25,,,1,"TN,KH,EW,VS",Stream,13_Sites,"Frozen, unable to collect",Not Equal,,,,,,,,,,,
1614,Horse Up,2/22/25,,,1,"TN,KH,EW,VS",Stream,13_Sites,"Frozen, unable to collect",Not Equal,,,,,,,,,,,
1615,Mill Site,2/22/25,,,1,"TN,KH,EW,VS",Stream,13_Sites,,,5/29/25,1615,-33.753959,5.62E-01,-1.556992,9.50E-02,-1.702217,5.65E-02,,,
1616,Knightly,2/22/25,,,1,"TN,KH,EW,VS",Stream,13_Sites,,,5/29/25,1616,-46.017529,1.06E+00,-7.585789,1.25E-01,-4.633541,6.87E-02,,,
1617,Lake Warner Out,2/22/25,,,1,"TN,KH,EW,VS",Stream,13_Sites,"Frozen, unable to collect",Not Equal,,,,,,,,,,,
1618,Tan Brook Down,2/22/25,,,1,"TN,KH,EW,VS",Stream,13_Sites,"Frozen, unable to collect",Not Equal,,,,,,,,,,,
1619,Tan Brook Up,2/22/25,,,1,"TN,KH,EW,VS",Stream,13_Sites,"Frozen, unable to collect",Not Equal,,,,,,,,,,,
1620,Campus Pond Up,2/22/25,,,1,"TN,KH,EW,VS",Stream,13_Sites,,,5/29/25,1620,-47.257598,3.01E-01,-7.684756,7.30E-02,-4.73165,1.67E-02,,,
1621,Campus Pond Down,2/22/25,,,1,"TN,KH,EW,VS",Stream,13_Sites,"Frozen, unable to colelct",Not Equal,,,,,,,,,,,
1622,Wet Center,2/22/25,,,1,"TN,KH,EW,VS",Stream,Kathy's MassURC Project,,,5/29/25,1622,-47.34508,2.78E-01,-8.105093,3.21E-02,-4.181206,6.21E-02,,,
1623,Wet Center,2/22/25,,,1,"TN,KH,EW,VS",Snow,Kathy's MassURC Project,Snow sampled near the stream bank; event water,,5/29/25,1623,-53.683555,1.04E-01,-9.030556,3.45E-02,-4.732501,6.59E-02,,,
1624,Wet Center,2/23/25,,,2,"TN,KH,EW,VS",Snow,Kathy's MassURC Project,Snow sampled near the stream bank; event water,,5/29/25,1624,-53.578712,3.27E-01,-8.847302,6.34E-02,-4.663938,2.03E-02,,,
1625,Wet Center,2/25/25,,,1,"TN, KH",Precipitation,Precipitation,Collected prior to rain event forecasted for 2/25,,5/29/25,1625,-62.896115,5.01E-01,-9.894625,8.15E-02,-5.189688,5.72E-02,,,
1626,Wet Center,2/25/25,,,2,"TN, KH",Precipitation,Precipitation,Collected prior to rain event forecasted for 2/25,,5/29/25,1626,-62.802689,1.32E-01,-9.878906,2.38E-02,-5.268073,4.63E-02,,,
1627,Wet Center,2/25/25,,,1,"TN, KH",Precipitation,Precipitation,Collected prior to rain event forecasted for 2/25,,5/29/25,1627,-59.582953,3.98E-01,-9.652916,8.20E-02,-5.227354,8.91E-03,,,
1628,Wet Center,2/25/25,,,2,"TN, KH",Precipitation,Precipitation,Collected prior to rain event forecasted for 2/25,,5/29/25,1628,NaN,0.00E+00,NaN,0.00E+00,NaN,0.00E+00,,,
1629,Wet Center,2/25/25,,,1,"TN, KH",Precipitation,Precipitation,Replicates of 1625-1628; EU,,5/29/25,1629,-60.170598,3.12E-02,-9.643084,4.27E-02,-4.851102,4.22E-02,,,
1630,Wet Center,2/25/25,,,2,"TN, KH",Precipitation,Precipitation,Replicates of 1625-1628; EU,,5/29/25,1630,-59.774997,7.88E-01,-9.658502,1.32E-01,-4.922915,7.72E-02,,,
1631,Wet Center,2/25/25,,,1,"TN, KH",Precipitation,Precipitation,Replicates of 1625-1628,,5/29/25,1631,-62.823995,1.15E+00,-9.872884,1.07E-01,-5.120323,9.78E-02,,,
1632,Wet Center,2/25/25,,,2,"TN, KH",Precipitation,Precipitation,Replicates of 1625-1628,,5/29/25,1632,-62.303099,7.81E-01,-9.911319,1.21E-01,-5.161863,6.47E-02,,,
1633,Wet Center,2/28/25,,2:32:00 PM,1,"EW,XG",Stream,3_Site,,,5/29/25,1633,-54.996265,5.68E-01,-8.885561,7.48E-02,-4.514023,6.28E-02,,,
1634,Wet Center,2/28/25,,2:32:00 PM,2,"EW,XG",Stream,3_Site,,,5/29/25,1634,-56.285711,6.25E-01,-8.856963,7.73E-02,-4.662221,5.64E-02,,,
1635,Noho MS,2/28/25,,3:16:00 PM,1,"EW,XG",Stream,3_Site,,,5/29/25,1635,-53.536405,5.64E-01,-8.815393,6.40E-02,-4.60835,5.39E-02,,,
1636,Noho MS,2/28/25,,3:16:00 PM,2,"EW,XG",Stream,3_Site,,,5/29/25,1636,-51.618102,2.39E+00,-8.578929,2.48E-01,-4.323329,1.33E-01,,,
1637,Wet Center,2/28/25,,5:25:00 PM,1,"EW,XG",Precipitation,Precipitation,Missing metal tip,,5/29/25,1637,-99.354306,6.23E-01,-13.876055,1.03E-01,-7.134206,7.68E-02,,,
1638,Wet Center,2/28/25,,5:25:00 PM,2,"EW,XG",Precipitation,Precipitation,Missing metal tip,,5/29/25,1638,-100.239625,1.28E+00,-13.966115,9.74E-02,-7.255537,7.04E-02,,,
1639,Wet Center,2/28/25,,5:25:00 PM,1,"EW,XG",Precipitation,Precipitation,"Croatia, Missing metal tip",,5/29/25,1639,-98.307792,5.71E-01,-13.775784,1.08E-01,-7.107409,7.53E-02,,,
1640,Wet Center,2/28/25,,5:25:00 PM,2,"EW,XG",Precipitation,Precipitation,"Croatia, Missing metal tip",,5/29/25,1640,-98.196827,6.49E-01,-13.352946,8.03E-02,-6.837232,7.15E-02,,,
1641,Wet Center,2/25/25,,3:15:00 PM,1,"TN, KH, EW",Stream,Stream_Storm,Stream_Storm9: Sample 1,,5/29/25,1641,-50.39799,1.08E+00,-8.080764,1.44E-01,-4.259249,6.81E-02,,,
1642,Wet Center,2/25/25,,7:15:00 PM,1,"TN, KH, EW",Stream,Stream_Storm,Stream_Storm9: Sample 2,,5/29/25,1642,-50.368486,2.49E+00,-8.135356,2.66E-01,-4.21773,1.56E-01,,,
1643,Wet Center,2/25/25,,11:15:00 PM,1,"TN, KH, EW",Stream,Stream_Storm,Stream_Storm9: Sample 3,,5/29/25,1643,-49.743391,5.11E-01,-8.157056,5.76E-02,-4.238755,4.30E-02,,,
1644,Wet Center,2/26/25,,3:15:00 AM,1,"TN, KH, EW",Stream,Stream_Storm,Stream_Storm9: Sample 4,,05/01/25,1644,-56.108993,5.51E-01,-8.617142,4.23E-02,-4.325185,3.76E-02,Total rejection:9.7,,
1645,Wet Center,2/26/25,,7:15:00 AM,1,"TN, KH, EW",Stream,Stream_Storm,Stream_Storm9: Sample 5,,05/01/25,1645,-55.900455,5.15E-01,-8.704954,8.15E-02,-4.500104,1.59E-02,FVOl and 2H check 19 flags,,
1646,Wet Center,2/26/25,,11:15:00 AM,1,"TN, KH, EW",Stream,Stream_Storm,Stream_Storm9: Sample 6,,05/01/25,1646,-55.800865,5.94E-01,-8.736673,1.10E-01,-4.472195,5.42E-02,,,
1647,Wet Center,2/26/25,,3:15:00 PM,1,"TN, KH, EW",Stream,Stream_Storm,Stream_Storm9: Sample 7,,05/01/25,1647,-57.448382,7.42E-01,-8.967997,7.81E-02,-4.591368,9.48E-02,,,
1648,Wet Center,2/26/25,,7:15:00 PM,1,"TN, KH, EW",Stream,Stream_Storm,Stream_Storm9: Sample 8,,05/01/25,1648,-57.939095,9.20E-01,-8.908441,8.39E-02,-4.580191,6.17E-02,,,
1649,Wet Center,2/26/25,,11:15:00 PM,1,"TN, KH, EW",Stream,Stream_Storm,Stream_Storm9: Sample 9,,05/01/25,1649,-58.52742,6.99E-01,-8.966432,6.63E-02,-4.553218,7.13E-02,,,
1650,Wet Center,2/27/25,,3:15:00 AM,1,"TN, KH, EW",Stream,Stream_Storm,Stream_Storm9: Sample 10,,05/01/25,1650,-57.821818,5.25E-01,-8.974204,1.10E-01,-4.703126,6.76E-02,,,
1651,Wet Center,2/27/25,,7:15:00 AM,1,"TN, KH, EW",Stream,Stream_Storm,Stream_Storm9: Sample 11,,05/01/25,1651,-58.293805,4.30E-01,-8.971438,1.16E-01,-4.751578,5.67E-02,,,
1652,Wet Center,2/27/25,,11:15:00 AM,1,"TN, KH, EW",Stream,Stream_Storm,Stream_Storm9: Sample 12,,05/01/25,1652,-59.908611,8.69E-01,-9.258137,8.64E-02,-4.863607,6.43E-02,,,
1653,Wet Center,2/27/25,,3:15:00 PM,1,"TN, KH, EW",Stream,Stream_Storm,Stream_Storm9: Sample 13,,05/01/25,1653,-60.78697,4.30E-01,-9.48585,8.87E-02,-5.100261,4.87E-02,,,
1654,Wet Center,2/27/25,,7:15:00 PM,1,"TN, KH, EW",Stream,Stream_Storm,Stream_Storm9: Sample 14,,05/01/25,1654,-144.278503,6.87E-01,-20.700828,8.31E-02,-11.212828,7.94E-02,,,
1655,Wet Center,2/27/25,,11:15:00 PM,1,"TN, KH, EW",Stream,Stream_Storm,Stream_Storm9: Sample 15,,05/01/25,1655,-120.857361,4.84E-01,-16.36519,8.62E-02,-8.82204,4.79E-02,,,
1656,Wet Center,2/28/25,,3:15:00 AM,1,"TN, KH, EW",Stream,Stream_Storm,Stream_Storm9: Sample 16,,05/01/25,1656,-80.596383,3.88E-01,-10.653744,8.02E-02,-5.324893,6.66E-02,,,
1657,Wet Center,2/28/25,,7:15:00 AM,1,"TN, KH, EW",Stream,Stream_Storm,Stream_Storm9: Sample 17,,05/01/25,1657,-45.551613,3.72E-01,-7.501044,7.40E-02,-3.636812,3.46E-02,,,
1658,Wet Center,2/28/25,,11:15:00 AM,1,"TN, KH, EW",Stream,Stream_Storm,Stream_Storm9: Sample 18,,05/01/25,1658,-1.843031,3.03E-01,-2.874824,2.80E-02,-1.091138,3.08E-02,,,
1659,Wet Center,2/28/25,,3:15:00 PM,1,"TN, KH, EW",Stream,Stream_Storm,Stream_Storm9: Sample 19,,05/01/25,1659,-60.985336,3.94E-01,-9.420402,3.78E-02,-4.783111,7.77E-02,,,
1660,Wet Center,2/28/25,,7:15:00 PM,1,"TN, KH, EW",Stream,Stream_Storm,Stream_Storm9: Sample 20,,05/01/25,1660,-60.945019,5.87E-01,-9.432242,5.01E-02,-4.83016,5.66E-02,,,
1661,Wet Center,2/28/25,,11:15:00 PM,1,"TN, KH, EW",Stream,Stream_Storm,Stream_Storm9: Sample 21,,05/01/25,1661,-59.686866,3.34E-01,-9.354172,4.82E-02,-4.840955,3.10E-02,,,
1662,Wet Center,2/29/25,,3:15:00 AM,1,"TN, KH, EW",Stream,Stream_Storm,Stream_Storm9: Sample 22,,05/01/25,1662,-59.071901,2.76E-01,-9.296057,5.65E-02,-4.855317,7.20E-02,,,
1663,Wet Center,2/29/25,,7:15:00 AM,1,"TN, KH, EW",Stream,Stream_Storm,Stream_Storm9: Sample 23,,05/01/25,1663,-58.335701,4.62E-01,-9.209907,6.95E-02,-4.882531,2.74E-02,,,
1664,Wet Center,2/29/25,,11:15:00 AM,1,"TN, KH, EW",Stream,Stream_Storm,Stream_Storm9: Sample 24,,05/01/25,1664,-58.798777,4.60E-01,-9.322295,9.80E-02,-4.898188,1.05E-02,,,
1665,Wet Center,3/6/25,,4:30:00 PM,1,"KH,XG",Precipitation,Precipitation,missing metal tip ,,05/01/25,1665,-60.744379,4.96E-01,-9.469528,8.11E-02,-4.925628,6.13E-02,,,
1666,Wet Center,3/6/25,,4:30:00 PM,1,"KH,XG",Precipitation,Precipitation,"Croatia, metal tip was put back on ",,05/01/25,1666,-60.921159,4.76E-01,-9.494622,7.08E-02,-5.050535,5.72E-02,,,
1667,Roaring,3/8/25,,,1,"TN,CG",Stream,13_Sites,,,05/01/25,1667,-59.375911,2.39E-01,-9.368458,4.53E-02,-4.990442,4.44E-02,,,
1668,Doolittle,3/8/25,,,1,"TN,CG",Stream,13_Sites,,,05/08/25,1668,-48.817271,2.55E-01,-8.277891,5.01E-02,-4.427204,3.71E-02,"Used house standards )DI,Evian and Snow house standard) Other house standards produced a bad fit.  LGR standards out of stock. ",,
1669,Eastman Up,3/8/25,,,1,"TN,CG",Stream,13_Sites,,,05/08/25,1669,-51.50587,3.93E-01,-8.458829,6.44E-02,-4.584792,4.49E-02,,,
1670,Eastman Down,3/8/25,,,1,"TN,CG",Stream,13_Sites,,,05/08/25,1670,-42.170655,3.39E-01,-8.397859,6.38E-02,-4.479562,3.23E-02,,,
1671,Horse Down,3/8/25,,3:01:00 PM,1,"XG,KH",Stream,13_Sites,,,05/08/25,1671,-51.688676,8.66E-01,-8.136374,1.50E-01,-4.276574,2.98E-02,,,
1672,Horse Up,3/8/25,,3:22:00 PM,1,"XG,KH",Stream,13_Sites,,,05/08/25,1672,-50.307593,3.11E-01,-8.392475,8.07E-02,-4.169208,1.13E-01,,,
1673,Mill Site,3/8/25,,,1,"TN,CG",Stream,13_Sites,,,05/08/25,1673,-47.876035,3.09E-01,-8.423952,1.31E-01,-4.187223,4.10E-02,,,
1674,Knightly,3/8/25,,2:11:00 PM,1,"XG,KH",Stream,13_Sites,,,05/08/25,1674,-48.463395,6.04E-01,-8.247644,9.53E-02,-4.126268,6.22E-02,,,
1675,Lake Warner Out,3/8/25,,,1,"TN,CG",Stream,13_Sites,,,05/08/25,1675,-48.501854,6.04E-01,-8.764831,1.43E-01,-4.24974,6.15E-02,,,
1676,Tan Brook Down,3/8/25,,12:36:00 PM,1,"XG,KH",Stream,13_Sites,,,05/08/25,1676,-44.393309,6.45E-01,-8.548352,8.00E-02,-4.184578,2.97E-02,,,
1677,Tan Brook Up,3/8/25,,1:05:00 PM,1,"XG,KH",Stream,13_Sites,,,05/08/25,1677,-47.086379,3.44E-01,-8.652498,1.10E-01,-4.230139,3.66E-02,,,
1678,Campus Pond Up,3/8/25,,1:23:00 PM,1,"XG,KH",Stream,13_Sites,,,05/08/25,1678,-48.012548,3.98E-01,-8.694964,3.55E-02,-4.242535,4.31E-02,,,
1679,Campus Pond Down,3/8/25,,1:36:00 PM,1,"XG,KH",Stream,13_Sites,,,05/08/25,1679,-50.005784,1.99E-01,-8.756757,4.25E-02,-4.32328,8.72E-02,,,
1680,Wet Center,3/24/25,,4:00:00 PM,1,"XG,TN",Precipitation,Precipitation,collected monday after spring break ,,05/08/25,1680,-30.059961,2.52E-01,-6.963916,6.87E-02,-3.67586,1.02E-01,,,
1681,Wet Center,3/24/25,,4:00:00 PM,1,"XG,TN",Precipitation,Precipitation,croatia,,05/08/25,1681,-30.386784,4.99E-01,-6.887735,5.40E-02,-3.6464,2.69E-02,,,
1682,Wet Center,3/25/25,,2:15:00 PM,1,"KH, EW",Precipitation,Precipitation,From both collectors combined,,05/08/25,1682,-35.427228,4.73E-01,-8.686668,1.39E-01,-4.418351,1.32E-02,,,
1683,Wet Center,4/4/25,,1:00:00 PM,1,XG,Precipitation,Precipitation,,,05/08/25,1683,-23.600765,7.12E-01,-6.476411,1.08E-01,-3.477119,7.41E-02,,,
1684,Wet Center,4/4/25,,1:00:00 PM,1,XG,Precipitation,Precipitation,croatia,,05/08/25,1684,-22.903558,6.48E-02,-6.587821,1.74E-02,-3.633337,4.75E-02,,,
1685,Wet Center,4/10/25,,1:30:00 PM,1,XG,Precipitation,Precipitation,a white plastic piece of the collecter came off,,05/08/25,1685,-24.422811,8.98E-02,-6.643914,2.87E-02,-3.769907,3.42E-02,,,
1686,Wet Center,4/10/25,,1:30:00 PM,1,XG,Precipitation,Precipitation,croatia,,05/08/25,1686,-25.620714,4.04E-01,-6.818422,5.51E-02,-4.099456,7.38E-02,,,
1687,Roaring,4/12/25,,,1,"TN,ZW,EW,XG",Stream,13_Sites,,,05/08/25,1687,-53.859112,7.55E-01,-9.881003,6.89E-02,-5.564312,8.64E-02,,,
1688,Doolittle,4/12/25,,,1,"TN,ZW,EW,XG",Stream,13_Sites,,,05/08/25,1688,-52.355172,2.12E-01,-9.713512,6.82E-02,-5.433733,6.77E-02,,,
1689,Eastman Up,4/12/25,,,1,"TN,ZW,EW,XG",Stream,13_Sites,,,05/08/25,1689,-49.109483,5.59E-01,-8.081015,9.04E-02,-4.047251,1.03E-01,,,
1690,Eastman Down,4/12/25,,,1,"TN,ZW,EW,XG",Stream,13_Sites,,,05/08/25,1690,-49.345263,5.28E-01,-8.034801,9.34E-02,-4.138308,7.85E-02,,,
1691,Horse Down,4/12/25,,1:26:00 PM,1,"TN,ZW,EW,XG",Stream,13_Sites,,,05/08/25,1691,-50.407025,5.46E-01,-8.23002,1.12E-01,-4.236398,4.39E-02,,,
1692,Horse Up,4/12/25,,1:48:00 PM,1,"TN,ZW,EW,XG",Stream,13_Sites,,,02/19/26,1692,-50.145325,1.28E+00,-8.222169,1.27E-01,-4.293609,8.47E-02,,,
1693,Mill Site,4/12/25,,,1,"TN,ZW,EW,XG",Stream,13_Sites,,,02/19/26,1693,-54.497065,2.39E+00,-8.862117,2.27E-01,-4.590731,1.21E-01,,,
1694,Knightly,4/12/25,,2:07:00 PM,1,"TN,ZW,EW,XG",Stream,13_Sites,,,02/19/26,1694,-53.318891,7.70E-01,-8.639789,1.46E-01,-4.488226,5.43E-02,,,
1695,Lake Warner Out,4/12/25,,,1,"TN,ZW,EW,XG",Stream,13_Sites,,,02/19/26,1695,-53.104906,1.79E+00,-8.42558,8.85E-02,-4.513555,5.33E-02,,,
,Tan Brook Down,4/12/25,,12:27:00 PM,1,"TN,ZW,EW,XG",Stream,13_Sites,Vial Missing????,,,,,,,,,,,,
1696,Tan Brook Up,4/12/25,,1:13:00 PM,1,"TN,ZW,EW,XG",Stream,13_Sites,,,02/19/26,1696,-75.069193,6.92E-01,-10.859943,2.76E-01,-5.816823,1.33E-01,This data  does not make sense. ,,
1697,Campus Pond Up,4/12/25,,,1,"TN,ZW,EW,XG",Stream,13_Sites,ask ZW to send field data ,,02/19/26,1697,-81.550225,7.65E-01,-12.095628,1.13E-01,-6.48271,7.99E-02,Sampling times don't add up compared to notes,,
1698,Campus Pond Down,4/12/25,,,1,"TN,ZW,EW,XG",Stream,13_Sites,ask ZW,,02/19/26,1698,-58.49519,8.44E-01,-9.114354,1.23E-01,-4.981235,7.40E-02,and TBU is missing. Probably don't use this data for anything. ,,
1699,Wet Center,4/17/15,,2:30:00 PM,1,"KH, XG",Precipitation,Precipitation,croatia,,11/04/25,1699,-94.285915,9.89E-01,-14.083449,1.21E-01,-7.026504,5.26E-02,,,
1700,Wet Center,4/17/25,,2:30:00 PM,1,"KH,, XG",Precipitation,Precipitation,,,11/04/25,1700,-92.168867,7.73E-01,-13.994698,8.19E-02,-7.065996,7.59E-02,,,
1701,Wet Center,5/1/25,,11:59:00 PM,1,XG,Precipitation,Precipitation,Croatia,,11/04/25,1701,-17.29757,1.47E+00,-4.499224,1.98E-01,-2.283321,1.53E-01,,,
1702,Wet Center,5/1/25,,11:59:00 PM,1,XG,Precipitation,Precipitation,,,11/04/25,1702,-15.123883,1.31E+00,-4.306129,1.69E-01,-2.297257,1.14E-01,,,
1703,Roaring,5/3/25,,12:50:00 PM,1,"TN,XG,EW,CG",Stream,13_Sites,,,02/19/26,1703,-48.766504,2.89E+00,-8.327445,3.78E-01,-4.193393,1.94E-01,,,
1704,Doolittle,5/3/25,,1:30:00 PM,1,"TN,XG,EW,CG",Stream,13_Sites,,,02/19/26,1704,-48.633008,2.84E+00,-8.041595,1.78E-01,-4.198886,9.42E-02,,,
1705,Eastman Up,5/3/25,,2:05:00 PM,1,"TN,XG,EW,CG",Stream,13_Sites,,,02/19/26,1705,-43.507366,1.22E+00,-7.250354,1.34E-01,-3.765514,5.97E-02,,,
1706,Eastman Down,5/3/25,,2:43:00 PM,1,"TN,XG,EW,CG",Stream,13_Sites,,,02/19/26,1706,-50.495861,1.47E+00,-7.809185,1.20E-01,-3.976588,7.86E-02,,,
1707,Horse Down,5/3/25,,12:25:00 PM,1,"TN,XG,EW,CG",Stream,13_Sites,,,02/19/26,1707,-39.169505,1.13E+00,-6.671521,1.47E-01,-3.331222,1.05E-01,,,
1708,Horse Up,5/3/25,,1:10:00 PM,1,"TN,XG,EW,CG",Stream,13_Sites,,,02/19/26,1708,-36.568235,7.21E-01,-6.547272,1.29E-01,-3.158772,8.79E-02,,,
1709,Mill Site,5/3/25,,3:41:00 PM,1,"TN,XG,EW,CG",Stream,13_Sites,,,02/19/26,1709,-48.128556,1.44E+00,-8.148108,1.61E-01,-3.895851,6.45E-02,,,
1710,Knightly,5/3/25,,12:53:00 PM,1,"TN,XG,EW,CG",Stream,13_Sites,,,02/19/26,1710,-51.856802,6.62E-01,-8.455165,8.72E-02,-4.037793,6.32E-02,,,
1711,Lake Warner Out,5/3/25,,3:10:00 PM,1,"TN,XG,EW,CG",Stream,13_Sites,,,02/19/26,1711,-46.973384,2.37E+00,-7.727345,3.19E-01,-3.743581,1.12E-01,,,
1712,Tan Brook Down,5/3/25,,12:05:00 PM,1,"TN,XG,EW,CG",Stream,13_Sites,,,02/19/26,1712,-37.021486,2.28E+00,-6.662686,1.53E-01,-3.209496,1.18E-01,,,
1713,Tan Brook Up,5/3/25,,1:32:00 PM,1,"TN,XG,EW,CG",Stream,13_Sites,,,02/19/26,1713,-48.649936,1.13E+00,-7.977752,1.90E-01,-4.084389,1.05E-01,,,
1714,Campus Pond Up,5/3/25,,1:57:00 PM,1,"TN,XG,EW,CG",Stream,13_Sites,,,02/19/26,1714,-41.724338,7.56E-01,-6.974609,1.21E-01,-3.728264,7.97E-02,,,
1715,Campus Pond Down,5/3/25,,1:46:00 PM,1,"TN,XG,EW,CG",Stream,13_Sites,,,02/19/26,1715,-33.568218,7.02E-01,-6.014814,1.61E-01,-3.165838,4.19E-02,,,
1716,Wet Center,5/8/25,,2:00:00 PM,1,XG,Precipitation,Precipitation,Croatia ,,11/04/25,1716,-2.760726,6.49E-01,-3.005047,6.96E-02,-1.918835,2.12E-02,,,
1717,Wet Center,5/8/25,,2:00:00 PM,1,XG,Precipitation,Precipitation,,,11/04/25,1717,-2.182061,4.03E-01,-2.934553,5.74E-02,-1.964522,7.67E-02,,,
1718,Wet Center,5/20/25,,3:15:00 PM,1,"KH, TN",Precipitation,Precipitation,5/15-5/20,,11/04/25,1718,-50.428996,1.61E+00,-8.15247,2.15E-01,-4.664883,1.19E-01,,,
1719,Wet Center,5/20/25,,3:15:00 PM,2,"KH, TN",Precipitation,Precipitation,5/15-5/20,,11/04/25,1719,-50.532431,1.47E+00,-8.182534,1.37E-01,-4.694124,8.85E-02,,,
1720,Wet Center,5/20/25,,3:15:00 PM,1,"KH, TN",Precipitation,Precipitation,5/15-5/20 Croatia,,11/04/25,1720,-50.715224,7.35E-01,-8.154036,9.52E-02,-4.683696,2.72E-02,,,
1721,Wet Center,5/20/25,,3:15:00 PM,2,"KH, TN",Precipitation,Precipitation,5/15-5/20 Croatia,,11/04/25,1721,-50.834159,3.85E-01,-8.162133,6.11E-02,-4.692658,3.35E-02,,,
1722,Woodside,1/26/24,1/29/24,,1,CDG,Snowpack,Precipitation,,,10/3/25,1722,-80.885092,3.80E-01,-11.935736,8.58E-02,-5.873657,4.33E-02,,,
1723,Woodside,1/26/24,1/29/24,,2,CDG,Snowpack,Precipitation,,,10/3/25,1723,-80.361495,5.42E-01,-11.864223,8.56E-02,-5.840386,6.24E-02,,,
1724,Woodside,1/26/24,1/29/24,,3,CDG,Snowpack,Precipitation,,,10/3/25,1724,-80.93569,1.04E-01,-11.89998,2.88E-02,-5.97977,2.04E-02,,,
1725,Woodside,1/26/24,1/29/24,,4,CDG,Snowpack,Precipitation,,,10/3/25,1725,-80.831264,4.65E-01,-11.864776,5.12E-02,-6.051749,5.78E-02,,,
1726,Woodside,1/29/25,,,1,CDG,Snowpack,Precipitation,,,08-05-25,1726,-184.287993,2.12E-01,-23.85852,3.40E-02,-12.712063,4.69E-02,0.0286031,,
1727,Woodside,1/29/25,,,2,CDG,Snowpack,Precipitation,,,10/3/25,1727,-181.402309,9.92E-01,-24.296795,1.04E-01,-12.666827,5.19E-02,,,
1728,Woodside,1/29/25,,,3,CDG,Snowpack,Precipitation,,,10/3/25,1728,-182.004259,5.03E-01,-24.289253,7.57E-02,-12.720094,1.07E-01,,,
1729,Woodside,1/29/25,,,4,CDG,Snowpack,Precipitation,,,10/3/25,1729,-181.174245,5.99E-01,-24.200108,4.80E-02,-12.753642,4.96E-02,,,
1730,Woodside,2/2/25,,11:59:00 PM,1,CDG,Snowpack,Precipitation,,,08-05-25,1730,-90.005695,1.43E+00,-13.698424,1.71E-01,-7.290984,1.13E-01,0.02834165,,
1731,Woodside,2/2/25,,11:59:00 PM,2,CDG,Snowpack,Precipitation,,,10/3/25,1731,-88.700351,6.22E-01,-13.835303,6.77E-02,-7.235674,5.21E-02,,,
1732,Woodside,2/2/25,,11:59:00 PM,3,CDG,Snowpack,Precipitation,,,10/3/25,1732,-88.317117,3.64E-01,-13.78714,8.78E-02,-7.184076,7.24E-02,,,
1733,Woodside,2/2/25,,11:59:00 PM,4,CDG,Snowpack,Precipitation,,,10/3/25,1733,-87.437936,4.66E-01,-13.731144,6.44E-02,-7.219831,5.40E-02,,,
1734,Woodside,2/6/25,,11:59:00 PM,1,CDG,Snowpack,Precipitation,,,08-05-25,1734,-81.340101,7.66E-01,-12.133349,1.23E-01,-6.498849,7.83E-02,0.02839128,,
1735,Woodside,2/6/25,,11:59:00 PM,2,CDG,Snowpack,Precipitation,,,10/3/25,1735,-79.808913,1.19E-01,-12.196849,3.88E-02,-6.401046,3.17E-02,,,
1736,Woodside,2/6/25,,11:59:00 PM,3,CDG,Snowpack,Precipitation,,,10/3/25,1736,-79.776797,2.91E-01,-12.112749,3.61E-02,-6.376512,2.38E-02,,,
1737,Woodside,2/6/25,,11:59:00 PM,4,CDG,Snowpack,Precipitation,,,10/3/25,1737,-79.226647,8.85E-01,-12.153598,7.87E-02,-6.418277,7.27E-02,,,
1738,Woodside,2/9/25,,10:00:00 AM,1,CDG,Snowpack,Precipitation,,,08-05-25,1738,-45.604033,1.15E+00,-7.87899,1.68E-01,-4.198679,1.33E-01,0.0310129,,
1739,Woodside,2/9/25,,10:00:00 AM,2,CDG,Snowpack,Precipitation,,,10/3/25,1739,-44.857583,3.96E-01,-7.93322,5.84E-02,-4.167877,7.16E-02,,,
1740,Woodside,2/9/25,,10:00:00 AM,3,CDG,Snowpack,Precipitation,,,10/3/25,1740,-45.34257,3.06E-01,-7.97351,5.51E-02,-4.183019,8.77E-02,,,
1741,Woodside,2/9/25,,10:00:00 AM,4,CDG,Snowpack,Precipitation,,,10/3/25,1741,-44.550982,8.34E-02,-7.59174,6.73E-02,-3.952886,2.36E-02,,,
1742,Woodside,2/16/25,,,1,CDG,Snowpack,Precipitation,,,08-05-25,1742,-82.473806,7.66E-01,-11.87816,9.30E-02,-6.224393,7.27E-02,,,
1743,Woodside,2/16/25,,,2,CDG,Snowpack,Precipitation,,,10/3/25,1743,-81.842323,2.34E-01,-12.005059,7.24E-02,-6.267114,7.50E-02,,,
1744,Woodside,2/16/25,,,3,CDG,Snowpack,Precipitation,,,10/3/25,1744,-71.099078,6.90E-01,-8.622053,1.37E-01,-4.556534,3.72E-02,,,
1745,Woodside,2/16/25,,,4,CDG,Snowpack,Precipitation,,,10/3/25,1745,-80.199497,1.45E+00,-11.754069,1.57E-01,-6.04607,1.05E-01,,,
1746,Woodside,12/5/24,,,1,CDG,Snowpack,Precipitation,,,08-05-25,1746,-133.03833,2.26E-01,-18.354982,2.40E-02,-9.735099,4.67E-02,,,
1747,Woodside,12/5/24,,,2,CDG,Snowpack,Precipitation,,,10/3/25,1747,-131.4007,6.54E-01,-18.598238,1.01E-01,-9.649918,3.32E-02,,,
1748,Woodside,12/5/24,,,3,CDG,Snowpack,Precipitation,,,10/3/25,1748,-130.646577,5.30E-01,-18.36098,1.06E-01,-9.517537,7.08E-02,,,
1749,Woodside,12/5/24,,,4,CDG,Snowpack,Precipitation,,,10/3/25,1749,-130.912442,4.47E-01,-18.558485,6.78E-02,-9.584065,5.46E-02,,,
1750,Woodside,12/16/24,,,1,CDG,Snowpack,Precipitation,,,08-05-25,1750,-89.210324,1.89E-01,-13.612772,3.25E-02,-7.269394,3.48E-02,,,
1751,Woodside,12/16/24,,,2,CDG,Snowpack,Precipitation,,,10/3/25,1751,-88.013927,7.87E-01,-13.732513,4.29E-02,-7.128075,6.30E-02,,,
1752,Woodside,12/16/24,,,3,CDG,Snowpack,Precipitation,,,10/3/25,1752,-87.789399,2.81E-01,-13.736561,4.52E-02,-7.147088,3.99E-02,,,
1753,Woodside,12/16/24,,,4,CDG,Snowpack,Precipitation,,,10/3/25,1753,-87.350671,7.68E-01,-13.68141,1.33E-01,-7.159023,4.84E-02,,,
1754,Woodside,12/24/24,,,1,CDG,Snowpack,Precipitation,,,08-05-25,1754,-114.134695,6.48E-01,-17.335121,7.41E-02,-9.114605,5.69E-02,,,
1755,Woodside,12/24/24,,,2,CDG,Snowpack,Precipitation,,,10/03/25,1755,-112.741058,2.85E-01,-16.87856,3.91E-02,-9.15231,3.87E-02,,,
1756,Woodside,12/24/24,,,3,CDG,Snowpack,Precipitation,,,10/03/25,1756,-113.29634,1.70E-01,-16.864446,5.45E-02,-9.167742,8.01E-03,,,
1757,Woodside,12/24/24,,,4,CDG,Snowpack,Precipitation,,,10/03/25,1757,-113.459181,9.11E-01,-16.874911,9.31E-02,-9.182294,6.70E-02,,,
1758,Woodside,1/11/25,,,1,CDG,Snowpack,Precipitation,,,08/20/25,1758,-138.665961,9.06E-01,-18.891145,1.15E-01,-9.907728,7.04E-02,,,
1759,Woodside,1/11/25,,,2,CDG,Snowpack,Precipitation,,,10/03/25,1759,-137.640907,6.44E-01,-18.409633,1.02E-01,-10.05633,4.95E-02,,,
1760,Woodside,1/11/25,,,3,CDG,Snowpack,Precipitation,,,10/03/25,1760,-138.601723,9.53E-01,-18.522407,1.19E-01,-10.077045,7.03E-02,,,
1761,Woodside,1/11/25,,,4,CDG,Snowpack,Precipitation,,,10/03/25,1761,-138.580166,3.90E-01,-18.543473,1.06E-01,-10.0914,5.01E-02,,,
1762,Woodside,1/20/25,,11:00:00 AM,1,CDG,Snowpack,Precipitation,,,08/20/25,1762,-137.452742,8.51E-01,-19.755719,1.56E-01,-10.408141,9.35E-02,,,
1763,Woodside,1/20/25,,11:00:00 AM,2,CDG,Snowpack,Precipitation,,,10/03/25,1763,-136.995975,5.72E-01,-19.47652,6.74E-02,-10.533106,7.15E-02,,,
1764,Woodside,1/20/25,,11:00:00 AM,3,CDG,Snowpack,Precipitation,,,10/03/25,1764,-137.675427,4.10E-01,-19.531704,4.08E-02,-10.551188,2.85E-02,,,
1765,Woodside,1/20/25,,11:00:00 AM,4,CDG,Snowpack,Precipitation,,,10/03/25,1765,-137.98583,5.58E-01,-19.569183,4.55E-02,-10.547832,5.84E-02,,,
1766,Woodside,1/24/24,,,1,CDG,Snowpack,Precipitation,,,10/03/25,1766,-57.398382,3.57E-01,-10.315285,5.44E-02,-5.396598,2.96E-02,,,
1767,Woodside,1/24/24,,,2,CDG,Snowpack,Precipitation,,,10/03/25,1767,-57.607591,2.50E-01,-10.282728,8.10E-03,-5.399682,1.42E-02,,,
1768,Woodside,1/24/24,,,3,CDG,Snowpack,Precipitation,,,10/03/25,1768,-56.918371,2.65E-01,-10.228917,6.48E-02,-5.406596,4.14E-02,,,
1769,Woodside,1/24/24,,,4,CDG,Snowpack,Precipitation,,,10/03/25,1769,-56.969573,3.46E-01,-10.289626,4.76E-02,-5.343364,3.34E-02,,,
1770,Woodside,5/8/25,5/10/25,11:59:00 PM,1,CDG,Precipitation,Precipitation,,,08/20/25,1770,-62.761304,7.68E-01,-9.51226,6.45E-02,-4.974628,1.37E-02,,,
1771,Woodside,5/8/25,5/10/25,11:59:00 PM,2,CDG,Precipitation,Precipitation,,,10/03/25,1771,-61.937272,6.43E-02,-9.436057,2.77E-02,-4.827028,2.72E-02,,,
1772,Woodside,5/6/25,,11:59:00 PM,1,CDG,Precipitation,Precipitation,,,10/03/25,1772,-10.129293,2.75E-01,-2.740208,5.08E-02,-1.049125,3.28E-02,,,
1773,Woodside,5/6/25,,11:59:00 PM,2,CDG,Precipitation,Precipitation,,,10/03/25,1773,-9.473975,5.47E-01,-2.673375,4.01E-02,-0.95137,1.71E-02,,,
1774,Woodside,5/2/25,5/5/25,11:59:00 PM,1,CDG,Precipitation,Precipitation,,,08/20/25,1774,-6.243205,4.22E-01,-2.168983,5.78E-02,-1.075041,4.32E-02,,,
1775,Woodside,5/2/25,5/5/25,11:59:00 PM,2,CDG,Precipitation,Precipitation,,,10/03/25,1775,-5.354702,8.47E-01,-2.383936,6.34E-02,-0.856915,2.64E-02,,,
1776,Woodside,4/26/25,,11:59:00 PM,1,CDG,Precipitation,Precipitation,,,08/20/25,1776,-45.742144,7.45E-01,-7.867961,1.16E-01,-4.075617,6.87E-02,,,
1777,Woodside,4/26/25,,11:59:00 PM,2,CDG,Precipitation,Precipitation,,,10/03/25,1777,-45.093433,4.21E-01,-7.992943,4.08E-02,-3.984428,3.56E-02,,,
1778,Woodside,4/7/25,,11:59:00 PM,1,CDG,Precipitation,Precipitation,,,08/20/25,1778,-43.741964,8.32E-02,-7.624436,3.14E-02,-3.990171,3.90E-02,,,
1779,Woodside,4/7/25,,11:59:00 PM,2,CDG,Precipitation,Precipitation,,,10/03/25,1779,-44.688133,5.37E-01,-7.843918,6.21E-02,-3.895081,1.09E-02,,,
1780,Woodside,4/5/25,,11:59:00 PM,1,CDG,Precipitation,Precipitation,,,08/20/25,1780,-28.251823,5.51E-01,-4.332769,6.05E-02,-2.332259,8.18E-02,,,
1781,Woodside,4/5/25,,11:59:00 PM,2,CDG,Precipitation,Precipitation,,,10/03/25,1781,-28.444247,5.70E-01,-4.493799,6.10E-02,-2.150631,3.23E-02,,,
1782,Woodside,4/2/25,,11:59:00 PM,1,CDG,Precipitation,Precipitation,,,08/20/25,1782,-22.098691,5.42E-01,-3.748808,8.25E-02,-2.046748,4.33E-02,,,
1783,Woodside,4/2/25,,11:59:00 PM,2,CDG,Precipitation,Precipitation,,,10/03/25,1783,-18.219476,7.22E-01,-2.251535,5.22E-02,-0.912452,2.11E-02,,,
1784,Woodside,3/30/25,,11:59:00 PM,1,CDG,Precipitation,Precipitation,,,08/20/25,1784,-37.885669,8.04E-01,-5.763759,7.46E-02,-3.122698,8.56E-02,,,
1785,Woodside,3/24/25,,11:59:00 PM,1,CDG,Precipitation,Precipitation,,,08/20/25,1785,-34.38925,1.42E+00,-5.709354,1.46E-01,-3.092587,1.18E-01,,,
1786,Woodside,3/24/25,,11:59:00 PM,2,CDG,Precipitation,Precipitation,,,10/03/25,1786,-34.411189,1.37E+00,-5.678185,1.93E-01,-2.795954,1.17E-01,,,
1787,Woodside,3/16/25,3/22/25,11:59:00 PM,1,CDG,Precipitation,Precipitation,,,8/28/25,1787,-25.46509,2.07E-01,-3.497755,7.74E-02,-1.86899,3.25E-02,,,
1788,Woodside,3/16/25,3/22/25,11:59:00 PM,2,CDG,Precipitation,Precipitation,,,10/03/25,1788,-25.295975,1.24E-01,-3.096545,5.94E-03,-1.441562,4.21E-02,,,
1789,Woodside,3/6/25,,11:59:00 PM,1,CDG,Precipitation,Precipitation,,,8/28/25,1789,-36.421596,2.82E+00,-7.184848,3.76E-01,-3.777121,2.42E-01,,,
1790,Woodside,3/6/25,,11:59:00 PM,2,CDG,Precipitation,Precipitation,,,10/03/25,1790,-38.859128,3.00E-01,-7.216191,5.33E-02,-3.691857,2.91E-02,,,
1791,Woodside,3/5/25,,11:59:00 PM,1,CDG,Precipitation,Precipitation,thaw,,8/28/25,1791,-77.143789,7.96E-01,-10.333812,7.69E-02,-5.528713,6.47E-02,,,
1792,Woodside,3/5/25,,11:59:00 PM,2,CDG,Precipitation,Precipitation,thaw,,10/03/25,1792,-74.928491,1.20E+00,-9.881291,7.81E-02,-5.094456,5.69E-02,,,
1793,Woodside,2/16/25,3/5/25,11:59:00 PM,1,CDG,Precipitation,Precipitation,,,8/25/25,1793,-82.944872,6.33E-01,-12.389273,1.17E-01,-6.458682,7.52E-02,,,
1794,Woodside,2/16/25,3/5/25,11:59:00 PM,2,CDG,Precipitation,Precipitation,,,10/03/25,1794,-83.993935,1.34E+00,-12.229932,1.40E-01,-6.378803,8.31E-02,,,
1795,Woodside,1/31/25,,11:59:00 PM,1,CDG,Precipitation,Precipitation,,,8/28/25,1795,-114.888636,5.09E-01,-15.999191,5.48E-02,-8.440432,3.89E-02,,,
1796,Woodside,1/31/25,,11:59:00 PM,2,CDG,Precipitation,Precipitation,,,10/03/25,1796,-112.430162,1.45E+00,-15.468725,1.24E-01,-8.119654,6.32E-02,,,
1797,Woodside,1/11/25,,11:59:00 PM,1,CDG,Precipitation,Precipitation,,,8/28/25,1797,-140.828232,5.71E-01,-18.808875,4.87E-02,-9.882639,4.00E-02,,,
1798,Woodside,1/1/25,,11:59:00 PM,1,CDG,Precipitation,Precipitation,,,8/28/25,1798,-71.522175,3.83E-01,-11.398484,6.99E-02,-5.996281,6.40E-02,,,
1799,Woodside,1/1/25,,11:59:00 PM,2,CDG,Precipitation,Precipitation,,,10/13/25,1799,-71.103313,2.75E-01,-11.38072,6.52E-02,-5.336578,6.60E-02,,,
1800,Woodside,12/29/24,,11:59:00 PM,1,CDG,Precipitation,Precipitation,,,10/13/25,1800,-16.55214,4.80E-01,-4.921612,7.85E-02,-2.096389,1.10E-01,,,
1801,Woodside,12/29/24,,11:59:00 PM,2,CDG,Precipitation,Precipitation,,,10/13/25,1801,-16.393253,1.14E-01,-4.926119,3.64E-02,-2.09785,4.87E-02,,,
1802,Woodside,12/16/24,12/28/24,11:59:00 PM,1,CDG,Precipitation,Precipitation,,,10/13/25,1802,-46.878457,1.19E-01,-8.617145,4.12E-02,-4.071516,5.33E-02,,,
1803,Woodside,12/16/24,12/28/24,11:59:00 PM,2,CDG,Precipitation,Precipitation,Vial Broken ,Not Equal,,,,,,,,,,,
1804,Woodside,12/16/24,,11:59:00 PM,3,CDG,Precipitation,Precipitation,,,10/13/25,1804,-50.973523,3.32E-01,-8.380487,7.41E-02,-3.969363,5.39E-02,,,
1805,Woodside,12/16/24,,11:59:00 PM,4,CDG,Precipitation,Precipitation,,,10/13/25,1805,-50.057401,3.51E-01,-8.300698,3.01E-02,-3.990351,4.57E-02,,,
1806,Woodside,12/9/24,,11:59:00 PM,1,CDG,Precipitation,Precipitation,,,10/13/25,1806,-104.07668,5.37E-01,-15.059883,8.06E-02,-7.411714,4.80E-02,,,
1807,Woodside,12/9/24,,11:59:00 PM,2,CDG,Precipitation,Precipitation,,,10/13/25,1807,-104.824889,1.09E+00,-15.003265,1.55E-01,-7.516557,9.25E-02,,,
1808,Woodside,12/5/24,,11:59:00 PM,1,CDG,Precipitation,Precipitation,snow melt,,10/13/25,1808,-120.496272,3.91E-01,-17.295185,5.37E-02,-8.717904,9.36E-02,,,
1809,Woodside,12/5/24,,11:59:00 PM,2,CDG,Precipitation,Precipitation,snow melt,,10/13/25,1809,-119.350531,1.29E+00,-17.15753,1.54E-01,-8.734979,9.57E-02,,,
1810,Woodside,11/22/24,11/29/24,11:59:00 PM,1,CDG,Precipitation,Precipitation,,,10/13/25,1810,-89.596382,1.94E-01,-12.859492,6.01E-02,-6.743548,8.88E-02,,,
1811,Woodside,11/22/24,11/29/24,11:59:00 PM,2,CDG,Precipitation,Precipitation,,,10/13/25,1811,-88.534587,2.04E-01,-12.684786,5.24E-02,-6.588533,5.28E-02,,,
1812,Woodside,11/22/24,11/29/24,11:59:00 PM,3,CDG,Precipitation,Precipitation,,,10/13/25,1812,-87.169102,1.05E+00,-12.511892,1.50E-01,-6.521134,7.25E-02,,,
1813,Woodside,11/22/24,11/29/24,11:59:00 PM,4,CDG,Precipitation,Precipitation,,,10/13/25,1813,-88.338257,3.86E-01,-12.439326,1.35E-01,-6.574695,9.75E-02,,,
1814,Woodside,10/7/24,10/14/24,11:59:00 PM,1,CDG,Precipitation,Precipitation,,,10/13/25,1814,-29.444054,1.47E+00,-5.514113,5.87E-02,-3.188442,8.15E-02,,,
1815,Woodside,10/7/24,10/14/24,11:59:00 PM,2,CDG,Precipitation,Precipitation,,,10/13/25,1815,-31.20202,1.16E+00,-5.818563,1.50E-01,-3.369455,1.15E-01,,,
1816,Woodside,9/7/24,,11:59:00 PM,1,CDG,Precipitation,Precipitation,,,10/13/25,1816,-26.190932,1.33E+00,-5.69657,1.95E-01,-3.346363,8.83E-02,,,
1817,Woodside,9/7/24,,11:59:00 PM,2,CDG,Precipitation,Precipitation,,,10/13/25,1817,-20.816923,4.59E-01,-3.389879,3.59E-02,-2.190384,2.91E-02,,,
1818,Woodside,7/31/24,8/14/24,11:59:00 PM,1,CDG,Precipitation,Precipitation,,,10/13/25,1818,-35.0117,4.08E-01,-6.087429,3.61E-02,-2.611789,2.41E-02,,,
1819,Woodside,7/31/24,8/14/24,11:59:00 PM,2,CDG,Precipitation,Precipitation,,,10/13/25,1819,-34.604748,7.90E-01,-6.16233,1.04E-01,-2.526057,6.75E-02,,,
1820,Woodside,7/31/24,8/14/24,11:59:00 PM,3,CDG,Precipitation,Precipitation,,,10/13/25,1820,-35.167789,6.86E-01,-6.141428,9.15E-02,-2.633724,6.60E-02,,,
1821,Woodside,7/29/24,,11:59:00 PM,1,CDG,Precipitation,Precipitation,,,10/13/25,1821,-32.084753,1.15E+00,-5.735521,1.24E-01,-2.583584,7.25E-02,,,
1822,Woodside,7/29/24,,11:59:00 PM,2,CDG,Precipitation,Precipitation,,,10/13/25,1822,-31.250727,2.09E-01,-5.540829,2.89E-02,-2.595276,8.07E-02,,,
1823,Woodside,7/23/24,7/25/24,11:59:00 PM,1,CDG,Precipitation,Precipitation,,,10/18/25,1823,-27.718851,3.39E+00,-5.416916,3.04E-01,-2.255955,1.80E-01,,,
1824,Woodside,7/23/24,7/25/24,11:59:00 PM,2,CDG,Precipitation,Precipitation,,,10/23/25,1824,-30.089069,1.85E-01,-5.743065,2.58E-02,-2.393929,4.51E-02,,,
1825,Woodside,7/17/24,,11:59:00 PM,1,CDG,Precipitation,Precipitation,,,10/23/25,1825,-34.855149,8.14E-01,-5.93835,1.20E-01,-2.507721,4.43E-02,,,
1826,Woodside,7/17/24,,11:59:00 PM,2,CDG,Precipitation,Precipitation,,,10/23/25,1826,-34.888221,2.23E-01,-6.162308,3.34E-02,-2.935157,7.01E-02,,,
1827,Woodside,7/16/24,,11:59:00 PM,1,CDG,Precipitation,Precipitation,,,10/23/25,1827,-18.84965,2.59E-01,-4.085619,4.22E-02,-1.684392,3.90E-02,,,
1828,Woodside,7/16/24,,11:59:00 PM,2,CDG,Precipitation,Precipitation,,,10/23/25,1828,-19.988549,3.31E-01,-4.317424,6.23E-02,-1.794965,3.43E-02,,,
1829,Woodside,7/14/24,7/16/24,4:59:00 PM,2,CDG,Precipitation,Precipitation,,,10/23/25,1829,-27.451566,3.89E-01,-4.765708,8.17E-02,-1.946228,5.62E-02,,,
1830,Woodside,7/14/24,7/16/24,4:59:00 PM,1,CDG,Precipitation,Precipitation,,,10/23/25,1830,-27.809265,1.58E-01,-4.826043,7.63E-02,-1.958312,4.40E-02,,,
1831,Woodside,5/20/25,5/27/25,2:00:00 PM,1,"KH, XG",Precipitation,Precipitation,Croatia,,08/20/25,1831,-97.494598,1.16E+00,-13.305216,1.45E-01,-7.068152,1.24E-01,,,
1832,Woodside,5/20/25,5/27/25,2:00:00 PM,1,"KH, XG",Precipitation,Precipitation,,,08/20/25,1832,-98.916768,1.39E+00,-13.175617,1.64E-01,-7.061503,6.86E-02,,,
1833,Wet Center,5/30/25,,11:57:00 AM,1,"XG,RV,EW",Stream,3_Site,,,11/20/25,1833,-51.645048,8.08E-01,-8.275017,7.99E-02,-4.284309,9.23E-02,,,
1834,Wet Center,5/30/25,,11:57:00 AM,2,"XG,RV,EW",Stream,3_Site,,,11/20/25,1834,-50.89995,2.17E-01,-8.235295,6.03E-02,-4.244685,3.48E-02,,,
1835,NHMR,5/30/25,,12:54:00 AM,1,"XG,RV,EW",Stream,3_Site,,,11/20/25,1835,-51.107288,1.49E+00,-8.24684,1.82E-01,-4.337871,1.10E-01,,,
1836,NHMR,5/30/25,,12:54:00 AM,2,"XG,RV,EW",Stream,3_Site,,,11/20/25,1836,-51.070828,5.62E-01,-8.282746,5.63E-02,-4.30613,5.62E-02,,,
1837,Groff Park,5/30/25,,2:01:00 PM,1,"XG,RV,EW",Stream,3_Site,,,11/20/25,1837,-51.225251,3.31E-01,-8.254015,8.44E-02,-4.261334,7.33E-02,,,
1838,Groff Park,5/30/25,,2:01:00 PM,2,"XG,RV,EW",Stream,3_Site,,,11/20/25,1838,-50.845298,2.84E-01,-8.199388,7.57E-02,-4.235895,1.92E-02,,,
1839,Wet Center,5/27/25,6/3/25,11:59:00 PM,1,"RV, EW",Precipitation,Precipitation,Add in notes,,11/20/25,1839,-67.421404,2.20E+00,-9.979903,2.44E-01,-5.133412,1.17E-01,,,
1840,Wet Center,5/27/25,6/3/25,11:59:00 PM,2,"RV, EW",Precipitation,Precipitation,,,11/20/25,1840,-69.518178,9.50E-01,-10.209063,9.83E-02,-5.297746,7.71E-02,,,
1841,Wet Center,5/27/25,6/3/25,11:59:00 PM,1,"RV, EW",Precipitation,Precipitation,770ml of rain in croatia bottle. ,,11/20/25,1841,-69.648471,6.08E-01,-10.217222,7.84E-02,-5.280441,3.11E-02,,,
1842,Wet Center,5/27/25,6/3/25,11:59:00 PM,2,"RV, EW",Precipitation,Precipitation,,,11/20/25,1842,-69.940927,1.22E+00,-10.062185,1.63E-01,-5.485184,3.29E-02,,,
1843,Wet Center,6/5/25,,12:15:00 PM,1,"RV, EW",Stream,3_Site,,,9/22/2025,1843,-52.379377,6.80E-01,-8.224067,7.10E-02,-4.246087,7.32E-02,,,
1844,Wet Center,6/5/25,,12:15:00 PM,2,"RV, EW",Stream,3_Site,,,9/22/2025,1844,-52.332145,4.08E-01,-8.198546,8.05E-02,-4.285899,7.82E-02,,,
1845,NHMR,6/5/25,,1:06:00 PM,1,"RV, EW",Stream,3_Site,,,9/22/2025,1845,-50.979763,2.91E-01,-8.237407,6.48E-02,-4.361681,7.71E-02,,,
1846,NHMR,6/5/25,,1:06:00 PM,2,"RV, EW",Stream,3_Site,,,9/22/2025,1846,-51.486943,4.09E-01,-8.279277,4.27E-02,-4.3521,3.34E-02,,,
1847,Groff Park,6/5/25,,2:15:00 PM,1,"RV, EW",Stream,3_Site,,,9/22/2025,1847,-52.239222,3.15E-01,-8.27361,8.14E-02,-4.357491,4.22E-02,,,
1848,Groff Park,6/5/25,,2:15:00 PM,2,"RV, EW",Stream,3_Site,,,9/22/2025,1848,-52.034397,4.62E-01,-8.25174,8.58E-02,-4.328829,2.43E-02,,,
1849,Wet Center,6/9/25,,2:08:00 PM,1,"RV, KH",Stream,3_Site,,,9/22/2025,1849,-50.382459,4.14E-01,-8.006429,1.04E-02,-4.130284,5.48E-02,,,
1850,Wet Center,6/9/25,,2:08:00 PM,2,"RV, KH",Stream,3_Site,,,9/22/2025,1850,-50.335794,5.83E-01,-8.006249,7.34E-02,-4.170078,2.50E-02,,,
1851,NHMR,6/9/25,,2:58:00 PM,1,"RV, KH",Stream,3_Site,,,9/22/2025,1851,-49.86508,5.05E-01,-8.02928,5.14E-02,-4.164396,2.36E-02,,,
1852,NHMR,6/9/25,,2:58:00 PM,2,"RV, KH",Stream,3_Site,,,9/22/2025,1852,-49.706379,3.17E-01,-8.011047,6.40E-02,-4.159673,3.68E-02,,,
1853,Groff Park,6/9/25,,4:27:00 PM,1,"RV, KH",Stream,3_Site,,,9/22/2025,1853,-50.668426,1.08E+00,-8.181913,1.39E-01,-4.276538,7.26E-02,,,
1854,Groff Park,6/9/25,,4:27:00 PM,2,"RV, KH",Stream,3_Site,,,9/22/2025,1854,-50.826294,7.37E-01,-8.115553,7.57E-02,-4.228251,4.43E-02,,,
1855,Wet Center,6/6/25,,9:45:00 AM,1,RV,Stream,Stream_Storm,1: Stream_Storm10,,9/22/2025,1855,-52.390282,4.04E-01,-8.195896,2.18E-02,-4.331882,3.70E-02,,,
1856,Wet Center,6/6/25,,3:45:00 PM,1,RV,Stream,Stream_Storm,2: Stream_Storm10,,9/22/2025,1856,-51.866121,1.05E+00,-8.167871,9.49E-02,-4.293082,8.97E-02,,,
1857,Wet Center,6/6/25,,9:45:00 PM,1,RV,Stream,Stream_Storm,3: Stream_Storm10,,9/22/2025,1857,-46.218401,4.38E-01,-7.423856,7.68E-02,-3.982836,5.52E-02,,,
1858,Wet Center,6/7/25,,3:45:00 AM,1,RV,Stream,Stream_Storm,4: Stream_Storm10,,9/22/2025,1858,-49.770028,1.02E+00,-7.898085,1.16E-01,-4.192252,8.29E-02,,,
1859,Wet Center,6/7/25,,9:45:00 AM,1,RV,Stream,Stream_Storm,5: Stream_Storm10,,9/22/2025,1859,-49.689533,3.02E-01,-7.89273,3.12E-02,-4.201886,4.82E-02,,,
1860,Wet Center,6/7/25,,3:45:00 PM,1,RV,Stream,Stream_Storm,6: Stream_Storm10,,9/22/2025,1860,-49.144268,3.06E-01,-7.834925,6.20E-02,-4.161797,5.67E-02,,,
1861,Wet Center,6/7/25,,9:45:00 PM,1,RV,Stream,Stream_Storm,7: Stream_Storm10,,11/20/25,1861,-50.153604,6.08E-01,-7.875507,7.22E-02,-4.292499,3.95E-02,,,
1862,Wet Center,6/8/25,,3:45:00 AM,1,RV,Stream,Stream_Storm,8: Stream_Storm10,,11/20/25,1862,-50.070825,6.72E-01,-7.899336,1.01E-01,-4.361394,6.96E-02,,,
1863,Wet Center,6/8/25,,9:45:00 AM,1,RV,Stream,Stream_Storm,9: Stream_Storm10,,11/20/25,1863,-50.060672,3.20E-01,-7.883775,5.04E-02,-4.44164,4.23E-02,,,
1864,Wet Center,6/8/25,,3:45:00 PM,1,RV,Stream,Stream_Storm,10: Stream_Storm10,,11/20/25,1864,-50.093502,5.01E-01,-7.912426,4.28E-02,-4.430536,4.98E-02,,,
1865,Wet Center,6/8/25,,9:45:00 PM,1,RV,Stream,Stream_Storm,11: Stream_Storm10,,11/20/25,1865,-50.024666,5.29E-01,-7.918074,8.38E-02,-4.351791,6.66E-02,,,
1866,Wet Center,6/9/25,,3:45:00 AM,1,RV,Stream,Stream_Storm,12: Stream_Storm10,,11/20/25,1866,-50.200767,2.54E-01,-8.022776,3.25E-02,-4.184909,2.95E-02,,,
1867,Wet Center,6/9/25,,9:45:00 AM,1,RV,Stream,Stream_Storm,13: Stream_Storm10,,11/20/25,1867,-50.585228,6.04E-01,-7.973262,9.17E-02,-4.11289,3.07E-02,,,
1868,Wet Center,6/9/25,,3:45:00 PM,1,RV,Stream,Stream_Storm,14: Stream_Storm10,,11/20/25,1868,-50.780378,6.97E-01,-8.014332,8.18E-02,-4.111281,4.87E-02,,,
1869,Wet Center,6/9/25,,9:45:00 PM,1,RV,Stream,Stream_Storm,15: Stream_Storm10,,11/20/25,1869,-50.376994,4.06E-01,-7.968256,3.93E-02,-4.052003,2.15E-02,,,
1870,Wet Center,6/10/25,,3:45:00 AM,1,RV,Stream,Stream_Storm,16: Stream_Storm10,,9/22/25,1870,-50.560905,1.29E+00,-7.979475,1.40E-01,-4.229501,5.21E-02,,,
1871,Wet Center,6/10/25,,9:45:00 AM,1,RV,Stream,Stream_Storm,17: Stream_Storm10,,9/22/25,1871,-50.390006,4.43E-01,-7.983342,6.91E-02,-4.258721,4.73E-02,,,
1872,Wet Center,6/10/25,,3:45:00 PM,1,RV,Stream,Stream_Storm,18: Stream_Storm10,,9/22/25,1872,-50.243763,5.22E-01,-7.945903,5.73E-02,-4.224604,7.45E-02,,,
1873,Wet Center,6/10/25,,9:45:00 PM,1,RV,Stream,Stream_Storm,19: Stream_Storm10,,9/22/25,1873,-50.030766,6.63E-01,-7.892735,8.12E-02,-4.137704,4.73E-02,,,
1874,Wet Center,6/11/25,,3:45:00 AM,1,RV,Stream,Stream_Storm,20: Stream_Storm10,,9/22/25,1874,-50.444114,2.31E+00,-7.981867,2.60E-01,-4.156245,1.31E-01,,,
1875,Wet Center,6/11/25,,9:45:00 AM,1,RV,Stream,Stream_Storm,21: Stream_Storm10,,9/22/25,1875,-49.981792,1.20E+00,-7.956483,1.35E-01,-4.090228,1.01E-01,,,
1876,Wet Center,6/11/25,,3:45:00 PM,1,RV,Stream,Stream_Storm,22: Stream_Storm10,,9/22/25,1876,-50.479317,4.38E-01,-8.016074,6.79E-02,-4.085366,3.66E-02,,,
1877,Wet Center,6/11/25,,9:45:00 PM,1,RV,Stream,Stream_Storm,23: Stream_Storm10,,9/22/25,1877,-50.199157,9.28E-01,-7.956957,1.37E-01,-4.074517,8.11E-02,,,
1878,Wet Center,6/12/25,,3:45:00 AM,1,RV,Stream,Stream_Storm,24: Stream_Storm10,,9/22/25,1878,-50.250038,1.43E-01,-7.984335,5.84E-02,-4.091993,4.48E-02,,,
1879,Wet Center,6/3/25,6/11/25,11:59:00 PM,1,RV,Precipitation,Precipitation,Collected 1.16 inches in the homemade precip collector,,9/22/25,1879,-36.914045,1.24E+00,-5.751291,1.59E-01,-3.203756,8.00E-02,,,
1880,Wet Center,6/3/25,6/11/25,11:59 PM,2,RV,Precipitation,Precipitation,,,9/22/25,1880,-35.701986,2.78E-01,-5.690939,3.00E-02,-3.185269,3.05E-02,,,
1881,Wet Center,6/16/25,6/20/25,11:59:00 PM,1,"TN, RV, EW, XG, KH",Precipitation,Precipitation,Rained on the 18th,,9/22/25,1881,-15.733338,6.87E-01,-3.522758,6.50E-02,-1.962694,8.21E-02,,,
1882,Wet Center,6/16/25,6/20/25,11:59:00 PM,2,"TN, RV, EW, XG, KH",Precipitation,Precipitation,Rained on the 18th,,9/22/25,1882,-16.682735,6.57E-01,-3.614556,4.48E-02,-1.998595,3.69E-02,,,
1883,Roaring,6/20/25,,12:30 PM,1,"TN, RV, EW, XG, KH",Stream,13_sites,,,10/13/25,1883,-52.295734,6.40E-01,-8.545356,5.83E-02,-4.129395,5.70E-02,,,
1884,Doolittle,6/20/25,,1:00 PM,1,"TN, RV, EW, XG, KH",Stream,13_sites,,,10/13/25,1884,-49.412653,7.66E-01,-7.705399,7.54E-02,-3.811568,9.43E-02,,,
1885,Eastman Up,6/20/25,,1:28 PM,1,"TN, RV, EW, XG, KH",Stream,13_sites,,,10/13/25,1885,-49.391135,7.04E-01,-7.742675,9.30E-02,-3.860468,8.47E-02,,,
1886,Eastman Down,6/20/25,,2:02 PM,1,"TN, RV, EW, XG, KH",Stream,13_sites,,,10/13/25,1886,-50.222399,3.61E-01,-7.92577,7.32E-02,-4.079648,4.51E-02,,,
1887,Horse Down,6/20/25,,1:12 PM,1,"TN, RV, EW, XG, KH",Stream,13_sites,"Murky, soil bottom sandy soil",,10/13/25,1887,-44.00906,2.41E-01,-6.898761,2.49E-02,-3.546222,2.07E-02,,,
1888,Horse Up,6/20/25,,1:45 PM,1,"TN, RV, EW, XG, KH",Stream,13_sites,"Oily residue, dry soil",,10/13/25,1888,-42.731441,5.42E-01,-6.653369,4.56E-02,-3.477115,1.03E-02,,,
1889,Mill Site,6/20/25,,2:28:00 PM,1,"TN, RV, EW, XG, KH",Stream,13_sites, ,,10/13/25,1889,-50.55504,8.06E-01,-7.877621,1.25E-01,-4.229146,1.18E-01,,,
1890,Knightly,6/20/25,,2:53:00 PM,1,"TN, RV, EW, XG, KH",Stream,13_sites,"Inaccessible; overgrown, silty",,10/13/25,1890,-52.069415,6.71E-01,-8.224528,7.95E-02,-4.342906,6.37E-02,,,
1891,Lake Warner Out,6/20/25,,2:53:00 PM,1,"TN, RV, EW, XG, KH",Stream,13_sites,,,10/13/25,1891,-49.429246,8.55E-02,-7.675353,3.48E-02,-4.102389,5.53E-02,,,
1892,Tan Brook Down,6/20/25,,12:35:00 PM,1,"TN, RV, EW, XG, KH",Stream,13_sites,Overgrown,,10/13/25,1892,-45.906806,9.24E-01,-7.173344,1.37E-01,-3.840405,9.35E-02,,,
1893,Tan Brook Up,6/20/25,,3:04:00 PM,1,"TN, RV, EW, XG, KH",Stream,13_sites,Narrow Stream,,10/13/25,1893,-52.368881,7.44E-01,-8.150796,1.12E-01,-4.34527,5.63E-02,,,
1894,Campus Pond Up,6/20/25,,3:28:00 PM,1,"TN, RV, EW, XG, KH",Stream,13_sites,,,10/13/25,1894,-45.244213,5.75E-01,-7.059183,1.15E-01,-3.836223,2.92E-02,,,
1895,Campus Pond Down,6/20/25,,3:42:00 PM,1,"TN, RV, EW, XG, KH",Stream,13_sites,,,10/13/25,1895,-42.453572,6.66E-01,-6.725592,1.82E-02,-3.62538,2.70E-02,,,
1896,UMass Farm,6/23/25,,9:28:00 AM,1,"RV, EW, XG",Stream,Isoscape,1,,10/9/25,1896,-48.483509,6.59E-01,-7.669363,8.80E-02,-4.041665,3.87E-02,,,
1897,Mill River Trail Bridge,6/23/25,,9:41:00 AM,1,"RV, EW, XG",Stream,Isoscape,2,,10/9/25,1897,-50.851827,4.85E-01,-8.103839,6.24E-02,-4.299766,5.35E-02,,,
1898,Puffer's waterfall,6/23/25,,9:47:00 AM,1,"RV, EW, XG",Stream,Isoscape,3,,10/9/25,1898,-50.672083,2.06E-01,-8.103564,1.95E-02,-4.283955,1.45E-02,,,
1899,Puffers Beach,6/23/25,,9:56:00 AM,1,"RV, EW, XG",Stream,Isoscape,4,,10/9/25,1899,-52.195297,5.75E-01,-8.205754,4.09E-02,-4.22066,1.55E-02,,,
1900,Puffers - Cushman brook bridge,6/23/25,,10:07:00 AM,1,"RV, EW, XG",Stream,Isoscape,5,,10/9/25,1900,-51.88511,2.27E-01,-8.192456,2.62E-02,-4.211514,2.74E-02,,,
1901,Puffers - Cushman brook rail road,6/23/25,,10:11:00 AM,1,"RV, EW, XG",Stream,Isoscape,6,,10/9/25,1901,-51.676565,1.24E+00,-8.210474,1.13E-01,-4.305642,6.88E-02,,,
1902,Atkins reservoir ,6/23/25,,10:24:00 AM,1,"RV, EW, XG",Stream,Isoscape,7,,10/9/25,1902,-48.503845,7.89E-02,-7.282467,9.60E-02,-3.850221,2.14E-02,,,
1903,Roaring,6/23/25,,10:35:00 AM,1,"RV, EW, XG",Stream,Isoscape,8,,10/9/25,1903,-52.560449,3.14E-01,-8.487197,6.92E-02,-4.440996,1.86E-02,,,
1904,Broad hill Rd,6/23/25,,10:43:00 AM,1,"RV, EW, XG",Stream,Isoscape,9,,10/9/25,1904,-53.328858,4.64E-01,-8.515188,9.66E-02,-4.546874,4.99E-02,,,
1905,Montague Rd - Roaring,6/23/25,,10:55:00 AM,1,"RV, EW, XG",Stream,Isoscape,10,,10/9/25,1905,-49.098783,4.44E-01,-7.890014,7.48E-02,-4.159204,7.03E-02,,,
1906,Leverett Public Library,6/23/25,,11:13:00 AM,1,"RV, EW, XG",Stream,Isoscape,11,,10/9/25,1906,-52.790706,7.38E-01,-8.441717,9.70E-02,-4.392899,6.87E-02,,,
1907,Rattlesnake Gutter,6/23/25,,11:23:00 AM,1,"RV, EW, XG",Stream,Isoscape,12,,10/9/25,1907,-51.169542,1.58E-01,-8.089763,4.74E-02,-4.227242,3.64E-02,,,
1908,Haskins Meadow,6/23/25,,11:37:00 AM,1,"RV, EW, XG",Stream,Isoscape,13,,10/9/25,1908,-51.152686,2.40E-01,-8.238485,8.13E-02,-4.337425,3.23E-02,,,
1909,Haskins Meadown upstream,6/23/25,,11:46:00 AM,1,"RV, EW, XG",Stream,Isoscape,14,,10/9/25,1909,-51.219167,7.32E-01,-8.245846,9.92E-02,-4.3541,7.76E-02,,,
1910,Lake warner Stockbridge trail,6/23/25,,12:14:00 PM,1,"RV, EW, XG",Stream,Isoscape,15,,10/9/25,1910,-43.382808,9.44E-01,-7.129158,1.22E-01,-3.696238,7.98E-02,,,
1911,Tan Brook down,6/24/25,,11:09:00 AM,1,RV,Stream,Isoscape,16,,10/9/25,1911,-43.743165,6.31E-01,-6.930478,6.95E-02,-3.53274,4.20E-02,,,
1912,Wet Center,6/24/25,,11:26:00 AM,1,RV,Stream,Isoscape,17,,10/9/25,1912,-50.125346,2.62E-01,-8.098072,2.87E-02,-4.088395,4.28E-02,,,
1913,Wet Center Down,6/24/25,,11:32:00 AM,1,RV,Stream,Isoscape,18,,10/9/25,1913,-50.19048,4.30E-01,-8.093085,4.13E-02,-4.110592,3.49E-02,,,
1914,Wet Center Up,6/24/25,,11:39:00 AM,1,RV,Stream,Isoscape,19,,10/9/25,1914,-50.635377,6.60E-01,-7.831454,8.10E-02,-4.763323,6.24E-02,,,
1915,USFWS visitors lot,6/24/25,,12:05:00 PM,1,RV,Stream,Isoscape,20,,10/9/25,1915,-32.839961,3.98E-01,-4.848194,6.23E-02,-3.288047,5.70E-02,,,
1916,Prindle school,6/24/25,,12:12:00 PM,1,RV,Stream,Isoscape,21,,10/9/25,1916,-42.746806,5.03E-01,-6.405193,6.71E-02,-3.955564,6.60E-02,,,
1917,UMass Stadium,6/24/25,,12:23:00 PM,1,RV,Stream,Isoscape,22,,10/9/25,1917,-39.567175,3.40E-01,-5.931559,6.02E-02,-3.730925,7.90E-02,,,
1918,Umass Track,6/24/25,,12:33:00 PM,1,RV,Stream,Isoscape,23,,10/9/25,1918,-32.894961,2.23E+00,-4.524068,2.76E-01,-2.955321,1.53E-01,,,
1919,Fieldstone,6/24/25,,12:40:00 PM,1,RV,Stream,Isoscape,24,,10/9/25,1919,-50.501266,7.88E-01,-7.87111,1.15E-01,-4.401881,7.33E-02,,,
1920,Fieldstone Up,6/24/25,,12:42:00 PM,1,RV,Stream,Isoscape,25,,10/9/25,1920,-49.855275,1.77E+00,-7.836294,2.53E-01,-4.382164,1.31E-01,,,
1921,Wildwood Cemetery,6/24/25,,12:54:00 PM,1,RV,Stream,Isoscape,26,,10/9/25,1921,-45.472762,9.90E-01,-6.695996,1.21E-01,-3.639735,8.40E-02,,,
1922,Leverett Pond Boat Launch,6/24/25,,1:10:00 PM,1,RV,Stream,Isoscape,27,,10/9/25,1922,-38.2197,6.96E-01,-5.104977,8.81E-02,-2.881444,7.06E-02,,,
1923,MR Rec Area - grill,6/24/25,,1:34:00 PM,1,RV,Stream,Isoscape,28,,10/9/25,1923,-51.070837,6.67E-01,-8.186086,6.68E-02,-4.178572,5.51E-02,,,
1924,MR Rec Area - tennis courts,6/24/25,,1:35:00 PM,1,RV,Stream,Isoscape,29,,10/9/25,1924,-51.203159,7.35E-01,-8.244536,1.05E-01,-4.05856,5.90E-02,,,
1925,Wet Center,6/20/25,6/26/25,11:45:00 AM,1,"RV, EW, KH",Precipitation,Precipitation,Regular precip collector; 0.30 total in. of precip,,11/20/25,1925,-14.743886,5.50E-01,-1.624962,5.92E-02,-0.837695,4.27E-02,,,
1926,Wet Center,6/20/25,6/26/25,11:45:00 AM,1,"RV, EW, KH",Precipitation,Precipitation,European precip collector; 0.32 total in. of precip,,11/20/25,1926,-14.459498,4.70E-01,-1.56948,5.97E-02,-0.858436,3.56E-02,,,
1927,Roaring,6/27/25,,12:34:00 PM,1,"XG,EW",Stream,13-Site,,,2/19/26,1927,-51.822307,3.39E-01,-8.353506,7.09E-02,-4.451399,3.93E-02,,,
1928,Doolittle,6/27/25,,12:54:00 PM,1,"XG,EW",Stream,13-Site,,,2/19/26,1928,-49.442709,1.79E+00,-7.964739,1.49E-01,-4.181984,7.45E-02,,,
1929,Eastman Up,6/27/25,,1:27:00 PM,1,"XG,EW",Stream,13-Site,,,2/19/26,1929,-48.035498,1.00E+00,-7.308999,8.35E-02,-4.057687,7.98E-02,,,
1930,Eastman Down,6/27/25,,2:12:00 PM,1,"XG,EW",Stream,13-Site,,,2/19/26,1930,-51.426907,7.96E-01,-7.931947,4.53E-02,-4.410304,4.84E-02,,,
1931,Horse Down,6/27/25,,2:36:00 PM,1,,Stream,13-Site,,,2/19/26,1931,-37.379746,7.90E-01,-6.176059,6.84E-02,-3.515076,9.06E-02,,,
1932,Horse Up,6/27/25,,1:58:00 PM,1,,Stream,13-Site,,,2/19/26,1932,-42.181955,3.92E-01,-6.213739,3.04E-02,-3.347127,1.88E-02,,,
1933,Mill Site,6/27/25,,3:09:00 PM,1,"XG,EW",Stream,13-Site,,,2/19/26,1933,-49.749746,1.30E+00,-7.92455,7.34E-02,-4.207601,1.93E-02,,,
1934,Knightly,6/27/25,,,1,,Stream,13-Site,,,2/19/26,1934,-50.626424,1.90E+00,-8.270125,1.30E-01,-4.444793,1.29E-01,,,
1935,Lake Warner Out,6/27/25,,2:45:00 PM,1,"XG,EW",Stream,13-Site,,,2/19/26,1935,-48.365987,1.46E+00,-7.575144,1.67E-01,-4.313449,1.28E-01,,,
1936,Tan Brook Down,6/27/25,,,1,,Stream,13-Site,,,2/19/26,1936,-46.261093,6.50E-01,-7.373029,7.50E-02,-3.728643,8.52E-02,,,
1937,Tan Brook Up,6/27/25,,,1,,Stream,13-Site,,,2/19/26,1937,-44.149485,9.29E-01,-8.131222,1.37E-01,-4.116958,8.27E-02,,,
1938,Campus Pond Up,6/27/25,,,1,,Stream,13-Site,,,2/19/26,1938,-35.858147,1.60E+00,-7.256716,1.43E-01,-3.548209,1.23E-01,,,
1939,Campus Pond Down,6/27/25,,11:29:00 AM,1,,Stream,13-Site,,,2/19/26,1939,-41.585588,1.23E+00,-6.238108,8.19E-02,-3.077356,8.58E-02,,,
1940,Wet Center,6/26/25,,12:00:00 PM,1,"RV,EW,KH",Stream,Stream_Storm,Storm event #11. Sample 1,,11/21/25,1940,-51.164754,3.73E-01,-8.055369,7.23E-02,-3.997005,3.97E-02,"Injectons removed were 14, 69, 105, & 137. Standards removed were DI & Iceland - Yvette",,
1941,Wet Center,6/26/25,,4:00:00 PM,1,"RV,EW,KH",Stream,Stream_Storm,Storm event #11. Sample 2,,11/21/25,1941,-50.371355,6.43E-01,-7.988123,7.00E-02,-3.987192,4.86E-02,,,
1942,Wet Center,6/26/25,,8:00:00 PM,1,"RV,EW,KH",Stream,Stream_Storm,Storm event #11. Sample 3,,11/21/25,1942,-50.066155,1.52E+00,-7.963594,1.76E-01,-3.978328,9.68E-02,,,
1943,Wet Center,6/27/25,,12:00:00 AM,1,"RV,EW,KH",Stream,Stream_Storm,Storm event #11. Sample 4,,11/21/25,1943,-50.255095,4.43E-01,-7.999699,4.40E-02,-4.06731,7.58E-02,,,
1944,Wet Center,6/27/25,,4:00:00 AM,1,"RV,EW,KH",Stream,Stream_Storm,Storm event #11. Sample 5,,11/21/25,1944,-50.394663,5.34E-01,-7.999547,6.04E-02,-4.112997,4.39E-02,,,
1945,Wet Center,6/27/25,,8:00:00 AM,1,"RV,EW,KH",Stream,Stream_Storm,Storm event #11. Sample 6,,11/21/25,1945,-50.174016,5.65E-01,-8.031802,9.88E-02,-4.053016,3.34E-02,,,
1946,Wet Center,6/27/25,,12:00:00 PM,1,"RV,EW,KH",Stream,Stream_Storm,Storm event #11. Sample 7,,11/21/25,1946,-50.108149,4.99E-01,-7.98682,1.05E-01,-4.088486,1.14E-02,,,
1947,Wet Center,6/27/25,,4:00:00 PM,1,"RV,EW,KH",Stream,Stream_Storm,Storm event #11. Sample 8,,11/21/25,1947,-50.01681,1.04E+00,-8.067322,1.24E-01,-4.08271,8.43E-02,,,
1948,Wet Center,6/27/25,,9:00:00 PM,1,"RV,EW,KH",Stream,Stream_Storm,Storm event #11. Sample 9,,11/21/25,1948,-50.927997,8.72E-01,-8.252454,1.18E-01,-4.14199,5.82E-02,,,
1949,Wet Center,6/27/25,,12:00:00 AM,1,"RV,EW,KH",Stream,Stream_Storm,Storm event #11. Sample 10,,11/21/25,1949,-50.041612,6.36E-01,-8.069457,6.61E-02,-4.05817,1.78E-02,,,
1950,Wet Center,6/28/25,,4:00:00 AM,1,"RV,EW,KH",Stream,Stream_Storm,Storm event #11. Sample 11,,11/21/25,1950,-49.689559,1.70E-01,-7.987072,3.84E-02,-4.097412,4.62E-02,,,
1951,Wet Center,6/28/25,,8:00:00 AM,1,"RV,EW,KH",Stream,Stream_Storm,Storm event #11. Sample 12,,11/21/25,1951,-50.1756,1.02E+00,-8.013638,1.07E-01,-4.116347,5.69E-02,,,
1952,Wet Center,6/28/25,,12:00:00 PM,1,"RV,EW,KH",Stream,Stream_Storm,Storm event #11. Sample 13,,11/21/25,1952,-50.100539,9.13E-01,-8.011155,1.33E-01,-4.119444,8.19E-02,,,
1953,Wet Center,6/28/25,,4:00:00 PM,1,"RV,EW,KH",Stream,Stream_Storm,Storm event #11. Sample 14,,11/21/25,1953,-50.054955,5.54E-01,-7.980291,6.16E-02,-4.141398,3.55E-02,,,
1954,Wet Center,6/28/25,,8:00:00 PM,1,"RV,EW,KH",Stream,Stream_Storm,Storm event #11. Sample 15,,11/21/25,1954,-50.181903,6.12E-01,-7.990526,9.70E-02,-4.107483,7.32E-03,,,
1955,Wet Center,6/29/25,,12:00:00 AM,1,"RV,EW,KH",Stream,Stream_Storm,Storm event #11. Sample 16,,11/21/25,1955,-51.216286,3.88E-01,-8.163339,3.10E-02,-4.105549,3.56E-02,,,
1956,Wet Center,6/29/25,,4:00:00 AM,1,"RV,EW,KH",Stream,Stream_Storm,Storm event #11. Sample 17,,11/21/25,1956,-50.283692,2.52E+00,-8.118118,2.60E-01,-4.098584,1.32E-01,,,
1957,Wet Center,6/29/25,,8:00:00 AM,1,"RV,EW,KH",Stream,Stream_Storm,Storm event #11. Sample 18,,11/21/25,1957,-50.077501,1.33E+00,-8.059701,2.01E-01,-4.10718,1.22E-01,,,
1958,Wet Center,6/29/25,,12:00:00 PM,1,"RV,EW,KH",Stream,Stream_Storm,Storm event #11. Sample 19,,11/21/25,1958,-50.987717,3.46E-01,-8.187274,7.75E-02,-4.124546,4.76E-02,,,
1959,Wet Center,6/29/25,,4:00:00 PM,1,"RV,EW,KH",Stream,Stream_Storm,Storm event #11. Sample 20,,11/21/25,1959,-50.679764,4.86E-01,-8.16801,4.97E-02,-4.128892,5.27E-02,,,
1960,Wet Center,6/29/25,,8:00:00 PM,1,"RV,EW,KH",Stream,Stream_Storm,Storm event #11. Sample 21,,11/21/25,1960,-50.366356,2.92E-01,-8.186523,5.82E-02,-4.099014,3.89E-02,,,
1961,Wet Center,6/30/25,,12:00:00 AM,1,"RV,EW,KH",Stream,Stream_Storm,Storm event #11. Sample 22,,11/21/25,1961,-49.845317,6.47E-01,-8.05683,7.95E-02,-4.096437,1.10E-01,,,
1962,Wet Center,6/30/25,,4:00:00 AM,1,"RV,EW,KH",Stream,Stream_Storm,Storm event #11. Sample 23,,11/21/25,1962,-50.623991,7.08E-01,-8.195805,7.71E-02,-4.114205,5.17E-02,,,
1963,Wet Center,6/30/25,,8:00:00 AM,1,"RV,EW,KH",Stream,Stream_Storm,Storm event #11. Sample 24,,11/21/25,1963,-49.416631,5.48E-01,-8.015167,4.77E-02,-4.004538,2.69E-02,,,
1964,Wet Center Down,7/7/25,,12:00:00 PM,1,"RV,XG",Stream,3_Site,,,10/27/25,1964,-49.977394,1.62E+00,-8.021938,1.44E-01,-3.772474,1.11E-01,,,
1965,Wet Center ,7/7/25,,12:00:00 PM,1,"RV,XG",Stream,3_Site,,,10/27/25,1965,-50.255671,3.46E-01,-8.086489,8.01E-02,-3.796882,3.95E-02,,,
1966,NHMR,7/7/25,,2:13:00 PM,1,"RV,XG",Stream,3_Site,Sample taken upstream of storm drain,,10/27/25,1966,-50.055739,1.06E+00,-8.115481,1.18E-01,-3.82739,1.10E-01,,,
1967,Groff Park,7/7/25,,2:54:00 PM,1,"RV,XG",Stream,3_Site,,,10/27/25,1967,-49.281439,6.29E-01,-7.785152,8.16E-02,-3.641017,3.78E-02,,,
1968,Fort River,7/7/25,,3:12:00 PM,1,"RV,XG",Stream,3_Site,,,10/27/25,1968,-49.166493,9.15E-01,-7.768895,1.37E-01,-3.645497,4.27E-02,,,
1969,Wet Center,6/26/25,7/7/25,11:59:00 PM,1,"RV,XG",Precipitation,Precipitation,47ml of rain in Euro collector  = 0.13inches,,08-05-25,1969,-20.227263,4.78E-01,-3.283388,5.94E-02,-1.692602,1.55E-02,0.03218583,,
1970,Wet Center ,7/7/14,7/14/25,2:00:00 PM,1,RV,Precipitation,Precipitation,,,08-05-25,1970,-48.0281,6.62E-01,-7.28766,8.60E-02,-3.781764,7.27E-02,0.03065075,,
1971,Wet Center,7/14/25,7/14/25,4:00:00 PM,1,RV,Precipitation,Precipitation,"First half of the storm. This rain sample was collected from 2:31pm-5:23PM. I put the time as 4:00PM because that is the middle point.  We collected exactly 500mL of rain in those 3 hours in the euro collector, which equals 1.38 inches of rain. This was a rapid, flash flood storm, and in this short amount of time, the WET stream gage went up about 1.5 feet.",,08-05-25,1971,-35.049072,2.81E-01,-5.635546,7.54E-02,-2.90811,8.66E-02,0.0299103,,
1972,Wet Center ,7/14/25,7/14/25,11:59:00 PM,1,RV,Precipitation,Precipitation,Second half of the storm ,,08-05-25,1972,-18.915095,3.46E-01,-3.580835,8.52E-02,-1.880007,1.06E-01,0.02981312,,
1973,Wet Center ,7/9/25,,4:20:00 PM,1,RV,Stream ,Stream,Storm event #12. Sample 1,,10/25/25,1973,-51.012562,1.46E+00,-8.114852,1.52E-01,-3.903642,9.60E-02,5 2Hck,,
1974,Wet Center ,7/9/25,,7:20:00 PM,1,RV,Stream,Stream,Storm event #12. Sample 2 ,,10/25/25,1974,-50.959646,9.99E-01,-8.071312,1.25E-01,-3.863167,5.48E-02,5 2Hck,,
1975,Wet Center ,7/9/25,,10:20:00 PM,1,RV,Stream,Stream,Storm event #12. Sample 3,,10/25/25,1975,-51.047202,4.45E-01,-8.030663,5.25E-02,-3.811659,5.10E-02,5 2Hck,,
1976,Wet Center ,7/10/25,,1:20:00 AM,1,RV,Stream,Stream,Storm event #12. Sample 4,,10/25/25,1976,-50.791747,3.31E-01,-8.055698,9.34E-02,-3.852674,5.79E-02,,,
1977,Wet Center ,7/10/25,,4:20:00 AM,1,RV,Stream,Stream,Storm event #12. Sample 5,,10/25/25,1977,-49.972434,4.41E-01,-7.831248,6.02E-02,-3.737275,4.20E-02,,,
1978,Wet Center ,7/10/25,,7:20:00 AM,1,RV,Stream,Stream,Storm event #12. Sample 6,,10/25/25,1978,-49.411648,6.65E-01,-7.899618,1.17E-01,-3.783183,9.67E-02,,,
1979,Wet Center ,7/10/25,,10:20:00 AM,1,RV,Stream,Stream,Storm event #12. Sample 7,,10/25/25,1979,-51.032768,7.36E-01,-7.988718,7.27E-02,-3.827931,6.20E-02,,,
1980,Wet Center ,7/10/25,,1:20:00 PM,1,RV,Stream,Stream,Storm event #12. Sample 8,,10/25/25,1980,-50.157225,5.98E-01,-8.071056,7.59E-02,-3.860913,5.65E-02,,,
1981,Wet Center ,7/10/25,,4:20:00 PM,1,RV,Stream,Stream,Storm event #12. Sample 9,,10/25/25,1981,-49.017791,5.01E-01,-8.073516,8.33E-02,-3.812725,4.43E-02,,,
1982,Wet Center ,7/10/25,,7:20:00 PM,1,RV,Stream,Stream,Storm event #12. Sample 10,,10/25/25,1982,-50.519895,3.03E-01,-8.184854,4.83E-02,-3.890908,4.48E-02,,,
1983,Wet Center ,7/10/25,,10:20:00 PM,1,RV,Stream,Stream,Storm event #12. Sample 11,,10/25/25,1983,-51.001516,7.54E-01,-8.155299,1.05E-01,-3.862586,4.51E-02,,,
1984,Wet Center ,7/11/25,,1:20:00 AM,1,RV,Stream,Stream,Storm event #12. Sample 12,,10/25/25,1984,-48.118939,1.00E-01,-8.109895,5.21E-02,-3.904685,4.58E-02,,,
1985,Wet Center ,7/11/25,,4:20:00 AM,1,RV,Stream,Stream,Storm event #12. Sample 13,,10/25/25,1985,-51.077821,4.15E-01,-8.207518,3.96E-02,-3.906247,5.54E-02,,,
1986,Wet Center ,7/11/25,,7:20:00 AM,1,RV,Stream,Stream,Storm event #12. Sample 14,,10/25/25,1986,-50.476794,2.93E-01,-8.146191,3.10E-02,-3.896723,7.59E-02,,,
1987,Wet Center ,7/11/25,,10:20:00 AM,1,RV,Stream,Stream,Storm event #12. Sample 15,,10/25/25,1987,-50.415565,6.98E-01,-8.207197,6.02E-02,-3.922179,5.17E-02,,,
1988,Wet Center ,7/11/25,,1:20:00 PM,1,RV,Stream,Stream,Storm event #12. Sample 16,,10/25/25,1988,-51.848055,4.52E-01,-8.26763,4.34E-02,-4.004183,3.20E-02,,,
1989,Wet Center ,7/11/25,,4:20:00 PM,1,RV,Stream,Stream,Storm event #12. Sample 17,,10/25/25,1989,-51.044604,5.62E-01,-8.156015,6.35E-02,-3.945318,4.11E-02,1 svol,,
1990,Wet Center ,7/11/25,,7:20:00 PM,1,RV,Stream,Stream,Storm event #12. Sample 18,,10/25/25,1990,-50.789668,8.94E-01,-8.223479,1.02E-01,-3.960029,3.40E-02,5 2Hck,,
1991,Wet Center ,7/11/25,,10:20:00 PM,1,RV,Stream,Stream,Storm event #12. Sample 19,,10/25/25,1991,-51.532434,1.76E+00,-8.251702,1.69E-01,-3.906524,7.46E-02,5 2Hck,,
1992,Wet Center ,7/12/25,,1:20:00 AM,1,RV,Stream,Stream,Storm event #12. Sample 20,,10/25/25,1992,-49.36623,1.22E+00,-8.021112,1.44E-01,-3.80398,7.75E-02,"4 2Hck, 1 pres",,
1993,Wet Center ,7/12/25,,4:20:00 AM,1,RV,Stream,Stream,Storm event #12. Sample 21,,10/25/25,1993,-50.942845,3.99E-01,-8.1525,8.53E-02,-3.896606,2.89E-02,,,
1994,Wet Center ,7/12/25,,7:20:00 AM,1,RV,Stream,Stream,Storm event #12. Sample 22,,10/25/25,1994,-52.869948,1.01E+00,-8.548586,1.31E-01,-4.141672,4.93E-02,5 2Hck,,
1995,Wet Center ,7/12/25,,10:20:00 AM,1,RV,Stream,Stream,Storm event #12. Sample 23,,10/25/25,1995,-53.237905,1.18E+00,-8.508385,1.32E-01,-4.149485,7.34E-02,5 2Hck,,
1996,Wet Center ,7/12/25,,1:20:00 PM,1,RV,Stream,Stream,Storm event #12. Sample 24,,10/25/25,1996,-51.244941,5.45E-01,-8.518272,1.03E-01,-4.149356,7.05E-02,,,
1997,Roaring,7/18/25,,10:06:00 AM,1,"RV,MM,EW,TN,XG",Stream,Stream,,Not Equal,Rerun,,,,,,,,,,
1998,Doolittle,7/18/25,,10:26:00 AM,1,"RV,MM,EW,TN,XG",Stream,Stream,,Not Equal,Rerun,,,,,,,,,,
1999,Eastman Up,7/18/25,,10:51:00 AM,1,"RV,MM,EW,TN,XG",Stream,Stream,,Not Equal,Rerun,,,,,,,,,,
2000,Eastman Down,7/18/25,,11:10:00 AM,1,"RV,MM,EW,TN,XG",Stream,Stream,,Not Equal,Rerun,,,,,,,,,,
2001,Horse Down,7/18/25,,10:58:00 AM,1,"RV,MM,EW,TN,XG",Stream,Stream,,Not Equal,Rerun,,,,,,,,,,
2002,Horse Up,7/18/25,,11:26:00 AM,1,"RV, MM, EW, TN, XG",Stream,Stream,,Not Equal,Rerun,,,,,,,,,,
2003,Mill Site,7/18/25,,11:56:00 AM,1,"RV, MM, EW, TN, XG",Stream,Stream,,Not Equal,Rerun,,,,,,,,,,
2004,Knightly,7/18/25,,11:27:00 AM,1,"RV, MM, EW, TN, XG",Stream,Stream,,Not Equal,Rerun,,,,,,,,,,
2005,Lake Warner Out,7/18/25,,11:43:00 AM,1,"RV, MM, EW, TN, XG",Stream,Stream,Staff Gauge read 7.5 ft from depth,Not Equal,Rerun,,,,,,,,,,
2006,Tan Brook Down,7/18/25,,10:12:00 AM,1,"RV, MM, EW, TN, XG",Stream,Stream,,Not Equal,Rerun,,,,,,,,,,
2007,Tan Brook Up,7/18/25,,12:19:00 AM,1,"RV, MM, EW, TN, XG",Stream,Stream,,Not Equal,Rerun,,,,,,,,,,
2008,Campus Pond Up,7/18/25,,12:53:00 PM,1,"RV, MM, EW, TN, XG",Stream,Stream,,Not Equal,Rerun,,,,,,,,,,
2009,Campus Pond Down,7/18/25,,,1,"RV, MM, EW, TN, XG",Stream,Stream,,Not Equal,Rerun,,,,,,,,,,
2010,Roaring ,7/25/25,,12:36:00 PM,1,"RV, MM, TN, XG, KH",Stream ,Stream,Rocks moved suspect by a person by the far bank (moved into a diagnal line where water now pools behind rocks) ,Not Equal,Rerun,,,,,,,,,,
2011,Doolittle,7/25/25,,12:47:00 PM,1,"RV, MM, TN,XG,KH",Stream ,Stream,,Not Equal,Rerun,,,,,,,,,,
2012,Eastman Up ,7/25/25,,1:06:00 PM,1,"RV, MM, TN,XG,KH",Stream ,Stream,,Not Equal,Rerun,,,,,,,,,,
2013,Eastman Down,7/25/25,,1:24 PM,1,"RV, MM, TN,XG,KH",Stream ,Stream,,Not Equal,Rerun,,,,,,,,,,
2014,Lake Warner Outlet,7/25/25,,1:50:00 PM,1,"RV, MM, TN,XG,KH",Stream ,Stream,Staff Gauge reads 7.5 ft from depth ,Not Equal,Rerun,,,,,,,,,,
2015,Knightly,7/25/25,,1:36:00 PM,1,"RV, MM, TN,XG,KH",Stream ,Stream,,Not Equal,Rerun,,,,,,,,,,
2016,Campus Pond Up ,7/25/25,,2:10:00 PM,1,"RV, MM, TN,XG,KH",Stream ,Stream,,Not Equal,Rerun,,,,,,,,,,
2017,Horse Down,7/25/25,,1:14:00 PM,1,"RV, MM, TN,XG,KH",Stream ,Stream,"Water level low, turbid ",Not Equal,Rerun,,,,,,,,,,
2018,Horse Up,7/25/25,,1:40:00 PM,1,"RV, MM, TN,XG,KH",Stream ,Stream,"Muddy, turbid, milky liquid ",Not Equal,Rerun,,,,,,,,,,
2019,Tan Brook Down,7/25/25,,12:41:00 PM,1,"RV, MM, TN,XG,KH",Stream ,Stream,Started to rain ,Not Equal,Rerun,,,,,,,,,,
2020,Campus Pond Down,7/25/25,,2:22:00 PM,1,"RV, MM, TN,XG,KH",Stream ,Stream,,Not Equal,Rerun,,,,,,,,,,
2021,Tan Brook Up ,7/25/25,,2:01:00 PM,1,"RV, MM, TN,XG,KH",Stream ,Stream,Very Narrow ,Not Equal,Rerun,,,,,,,,,,
2022,Mill Site,7/25/25,,2:04:00 PM,1,"RV, MM, TN,XG,KH",Stream ,Stream,,Not Equal,Rerun,,,,,,,,,,
2023,Wet Center,7/25/25,7/28/25,1:20:00 PM,1,RV,Precipitation,Precipitation,European Precipation Collecter installed the 25th at 12:17pm,Not Equal,Rerun,,,,,,,,,,
2024,Lawrence Swamp,7/29/25,,5:15:00 PM,1,"RV, XG",Stream,XG ground water project,Surface samples; Hop Brook,,7/31/2025,2024,-50.091083,9.40E-01,-7.77071,5.12E-02,-4.436366,4.03E-02,,,
2025,Lawrence Swamp,7/29/25,,4:37:00 PM,1,"RV, XG",Stream,XG ground water project,Surface samples,,7/31/2025,2025,-51.172374,4.70E-01,-8.09452,6.99E-02,-4.607684,7.59E-02,,,
2026,Lawrence Swamp,7/29/25,,3:39:00 PM,1,"RV, XG",Ground water,XG ground water project,Elf meadow well (Possibly 3-91),,7/31/2025,2026,-56.251849,7.49E-01,-8.795682,1.33E-01,-4.919366,3.60E-02,,,
2027,Lawrence Swamp,7/29/25,,4:44:00 PM,1,"RV, XG",Ground water,XG ground water project,2-78-S,,7/31/2025,2027,-50.396258,9.99E-01,-8.133169,1.23E-01,-4.609328,7.83E-02,,,
2028,Lawrence Swamp,7/29/25,,1:36:00 PM,1,"RV, XG",Ground water,XG ground water project,3-83-C,,7/31/2025,2028,-53.700833,4.88E-01,-8.304579,4.87E-02,-4.774533,9.32E-02,,,
2029,Lawrence Swamp,7/29/25,,2:32:00 PM,1,"RV, XG",Ground water,XG ground water project,11-08-S,,7/31/2025,2029,-47.191586,7.56E-01,-7.08512,8.00E-02,-4.032458,1.21E-01,,,
2030,Lawrence Swamp,7/29/25,,1:59:00 PM,1,"RV, XG",Ground water,XG ground water project,08-08-S,,7/31/2025,2030,-51.484013,4.37E-01,-8.208948,4.20E-02,-4.16673,3.02E-02,,,
2031,Lawrence Swamp,7/29/25,,3:20:00 PM,1,"RV, XG",Ground water,XG ground water project,2-89-S,,7/31/2025,2031,-55.150784,4.66E-01,-8.740362,1.78E-02,-4.412844,8.78E-02,,,
2032,Lawrence Swamp,7/29/25,,4:51:00 PM,1,"RV, XG",Ground water,XG ground water project,1-78-C,,7/31/2025,2032,-54.569791,6.58E-01,-8.818748,9.53E-02,-4.225323,7.73E-02,,,
2033,Lawrence Swamp,7/29/25,,5:27:00 PM,1,"RV, XG",Ground water,XG ground water project,Surface Samples; Poor Farm Swamp,,7/31/2025,2033,-38.0722,3.25E-01,-5.045557,5.84E-02,-2.571399,6.60E-02,,,
2034,Lawrence Swamp,7/29/25,,3:04:00 PM,1,"RV, XG",Ground water,XG ground water project,3-89-S,,7/31/2025,2034,-50.537467,6.67E-01,-8.060983,9.14E-02,-4.006297,8.99E-02,,,
2035,Lawrence Swamp,7/29/25,,2:22:00 PM,1,"RV, XG",Ground water,XG ground water project,10-08-C,,7/31/2025,2035,-53.187404,1.11E+00,-8.268028,1.39E-01,-4.286514,8.20E-02,,,
2036,Wet Center,7/31/25,,11:30:00 AM,1,RV,Ground water,XG ground water project,Dug a 6 in. hole next to the stream and allowed water to percolate in. Very cloudy sample,,7/31/2025,2036,-50.584402,2.34E-01,-7.873182,9.27E-02,-4.386372,3.38E-02,,,
2037,Wet Center,7/31/25,,11:30:00 AM,1,"KH, RV",Stream,XG ground water project,Stream sample next to hole,,7/31/2025,2037,-50.59738,4.83E-01,-7.902523,7.36E-02,-4.082345,6.37E-02,,,
2038,Wet Center,7/28/25,8/4/25,11:59:00 PM,1,RV,Precipitation,Precipitation,Collected 1.43 inches of rain,Not Equal,,,,,,,,,,,
2039,Wet Center Upstream,8/7/25,,10:58:00 AM,1,"XG,RV",Stream,Stream,,Not Equal,,,,,,,,,,,
2040,Wet Center,8/7/25,,11:07:00 AM,1,"XG,RV",Stream,Stream,,Not Equal,,,,,,,,,,,
2041,NHMR,8/7/25,,11:47:00 AM,1,"XG,RV",Stream,Stream,,Not Equal,,,,,,,,,,,
2042,NHMR,8/7/25,,11:47:00 AM,2,"XG,RV",Stream,Stream,,Not Equal,,,,,,,,,,,
2043,Groff Park,8/7/25,,12:50:00 PM,1,"XG,RV",Stream,Stream,,Not Equal,,,,,,,,,,,
2044,Groff Park,8/7/25,,12:50:00 PM,2,"XG,RV",Stream,Stream,,Not Equal,,,,,,,,,,,
2045,Fort River,8/7/25,,1:12:00 PM,1,"XG,RV",Stream,Stream,,Not Equal,,,,,,,,,,,
2046,Lawrence Swamp,8/8/25,,,1,"XG,RV",Ground water ,XG ground water project,11-08,,8/27/2025,2046,-56.814942,4.62E-01,-8.321941,6.92E-02,-4.560956,1.79E-02,,,
2047,Lawrence Swamp,8/8/25,,,1,"XG,RV",Ground water ,XG ground water project,10-08,,8/27/25,2047,-52.218978,6.86E-01,-8.256685,1.04E-01,-4.473079,4.69E-02,,,
2048,Lawrence Swamp,8/8/25,,5:26:00 PM,1,"XG,RV",Ground water ,XG ground water project,08-08,,8/27/2025,2048,-46.952004,4.43E-01,-8.191788,8.51E-02,-4.446398,5.50E-02,,,
2049,Lawrence Swamp,8/8/25,,5:54:00 PM,1,"XG,RV",Stream,XG ground water project,Poor farm Swamp ,,8/27/25,2049,-40.617707,1.82E-01,-5.953827,6.83E-02,-3.137542,5.02E-02,,,
2050,Lawrence Swamp,8/8/25,,6:05:00 PM,1,"XG,RV",Ground water,XG ground water project,3-83,,8/27/2025,2050,-53.312411,2.02E-01,-8.635921,4.29E-02,-4.512198,2.02E-02,,,
2051,Lawrence Swamp,8/8/25,,6:17:00 PM,1,"XG,RV",Stream ,XG ground water project,Hop Brook ,,8/27/25,2051,-50.372169,4.38E-01,-8.233024,5.88E-02,-4.291976,4.48E-02,,,
2052,Lawrence Swamp,8/8/25,,,1,"XG,RV",Stream ,XG ground water project,Lawrence Swamp ,,8/27/2025,2052,-52.062753,3.23E-01,-8.543205,2.70E-02,-4.472013,3.91E-02,,,
2053,Lawrence Swamp,8/8/25,,6:46:00 PM,1,"XG,RV",Ground water ,XG ground water project,1-78,,8/27/25,2053,-53.255191,7.19E-01,-8.808807,1.28E-01,-4.633285,8.29E-02,,,
2054,Lawrence Swamp,8/8/25,,6:39:00 PM,1,"XG,RV",Ground water ,XG ground water project,2-78,,8/27/2025,2054,-49.681958,1.04E+00,-8.45148,1.54E-01,-4.420688,8.35E-02,,,
2055,Lawrence Swamp,8/8/25,,7:20:00 PM,1,"XG,RV",Ground water ,XG ground water project,3-89,,8/27/25,2055,-55.044539,9.52E-01,-8.974398,1.12E-01,-4.745916,6.12E-02,,,
2056,Lawrence Swamp,8/8/25,,7:26:00 PM,1,"XG,RV",Ground water ,XG ground water project,2-89,,8/27/2025,2056,-51.081131,3.65E-01,-8.38206,7.54E-02,-4.395486,5.16E-02,,,
2057,Lawrence Swamp,8/8/25,,7:34:00 AM,1,"XG,RV",Ground water ,XG ground water project,3-91,,8/27/25,2057,-56.428019,2.39E-01,-9.198526,6.73E-02,-4.83902,3.36E-02,,,
2058,Roaring ,8/8/25,,12:46:00 PM,1,"TN,KH,RV,XG",Stream,Stream,,Not Equal,8/27/2025,2088,-35.139321,3.57E-01,-6.354298,4.12E-02,-3.393744,4.35E-02,,,
2059,Doolittle,8/8/25,,1:12:00 PM,1,"TN,KH,RV,XG",Stream,Stream,,Not Equal,8/27/25,2090,-82.590656,8.70E-01,-11.512537,1.13E-01,-6.127992,8.78E-02,,,
2060,Eastman Up ,8/8/25,,1:47:00 PM,1,"TN,KH,RV,XG",Stream,Stream,,Not Equal,8/27/2025,2092,-41.172391,6.90E-01,-6.155411,1.25E-01,-3.166934,5.09E-02,,,
2061,Eastman Down,8/8/25,,2:22:00 PM,1,"TN,KH,RV,XG",Stream,Stream,,Not Equal,8/27/25,2094,-31.726354,3.17E-01,-5.412123,5.04E-02,-2.917338,7.87E-02,,,
2062,Lake Warner Outlet,8/8/25,,3:14:00 PM,1,"TN,KH,RV,XG",Stream,Stream,,Not Equal,8/27/2025,2096,-18.099442,6.96E-01,-4.4944,8.90E-02,-2.332773,6.38E-02,,,
2063,Knightly,8/8/25,,2:50:00 PM,1,"TN,KH,RV,XG",Stream,Stream,,Not Equal,8/27/25,2098,-18.618713,3.65E-01,-3.247004,7.08E-02,-1.76096,3.84E-02,,,
2064,Campus Pond Up ,8/8/25,,12:20:00 PM,1,"TN,KH,RV,XG",Stream,Stream,,Not Equal,8/27/2025,2100,-30.906407,3.71E-01,-4.696082,4.44E-02,-2.55845,3.29E-02,,,
2065,Horse Down,8/8/25,,1:58:00 PM,1,"TN,KH,RV,XG",Stream,Stream,,Not Equal,8/27/25,2101,-27.167383,6.53E-01,-5.054852,8.62E-02,-2.763092,4.78E-02,,,
2066,Horse Up,8/8/25,,1:11:00 PM,1,"TN,KH,RV,XG",Stream,Stream,,Not Equal,8/27/2025,2103,-35.705349,8.91E-01,-6.3668,1.21E-01,-3.406878,7.34E-02,,,
2067,Tan Brook Down,8/8/25,,12:02 PM,1,"TN,KH,RV,XG",Stream,Stream,,Not Equal,8/27/25,2105,-19.753957,3.10E-01,0.163634,6.75E-02,0.062423,3.56E-02,,,
2068,Campus Pond Down,8/8/25,,12:29:00 PM,1,"TN,KH,RV,XG",Stream,Stream,,Not Equal,,,,,,,,,,,
2069,Tan Brook Up ,8/8/25,,12:48:00 PM,1,"TN,KH,RV,XG",Stream,Stream,,Not Equal,,,,,,,,,,,
2070,Mill Site,8/8/25,,1:30:00 AM,1,"TN,KH,RV,XG",Stream,Stream,,Not Equal,,,,,,,,,,,
2071,Roaring ,8/13/25,,12:38:00 PM,1,"TN,EW,RV,XG",Stream,Stream,stream rocks along the cross sectoin are being moved by someone in between field visits,Not Equal,,,,,,,,,,,
2072,Doolittle,8/13/25,,12:51:00 PM,1,"TN,EW,RV,XG",Stream,Stream,,Not Equal,,,,,,,,,,,
2073,Eastman Up ,8/13/25,,1:14:00 PM,1,"TN,EW,RV,XG",Stream,Stream,golf pond upstream is covered in green algae; I think the golf course sprayed fertilizer or pesticides because parts of the course are covered in green powder - RV,Not Equal,,,,,,,,,,,
2074,Eastman Down,8/13/25,,1:31:00 PM,1,"TN,EW,RV,XG",Stream,Stream,13'13'' = 159'' for width,Not Equal,,,,,,,,,,,
2075,Lake Warner Outlet,8/13/25,,2:03:00 PM,1,"TN,EW,RV,XG",Stream,Stream,staff reads 1'4.5'',Not Equal,,,,,,,,,,,
2076,Knightly,8/13/25,,1:49:00 PM,1,"TN,EW,RV,XG",Stream,Stream,,Not Equal,,,,,,,,,,,
2077,Campus Pond Up ,8/13/25,,2:45:00 PM,1,"TN,EW,RV,XG",Stream,Stream,,Not Equal,,,,,,,,,,,
2078,Horse Down,8/13/25,,12:55:00 PM,1,"TN,EW,RV,XG",Stream,Stream,"algae, lily pads; water is green, murky and stagnant; low water levels",Not Equal,,,,,,,,,,,
2079,Horse Up,8/13/25,,1:27:00 AM,1,"TN,EW,RV,XG",Stream,Stream,lots of algae,Not Equal,,,,,,,,,,,
2080,Tan Brook Down,8/13/25,,12:32:00 PM,1,"TN,EW,RV,XG",Stream,Stream,water is pretty clear,Not Equal,,,,,,,,,,,
2081,Campus Pond Down,8/13/25,,2:55:00 AM,1,"TN,EW,RV,XG",Stream,Stream,,Not Equal,,,,,,,,,,,
2082,Tan Brook Up ,8/13/25,,2:30:00 AM,1,"TN,EW,RV,XG",Stream,Stream,,Not Equal,,,,,,,,,,,
2083,Mill Site,8/13/25,,1:56:00 AM,1,"TN,EW,RV,XG",Stream,Stream,"extremely shallow, lots of plant growth, algae; left side of fallen tree is very clear compared to the rigth side of fallen tree; right side has lots of debris and is very stagant",Not Equal,,,,,,,,,,,
2084,Wet Center,8/18/25,,12:47:00 PM,1,"TN,EW,XG",Stream,3 Site,"Clear water, shallow; staff gauge: <7''",Not Equal,,,,,,,,,,,
2085,NHMR,8/18/25,,2:43:00 PM,1,"TN,EW,XG",Stream,3 Site,"very shallow. pretty clear, lots of crawfish & small fish; vegetation growth on rocks in water",Not Equal,,,,,,,,,,,
2086,Groff Park,8/18/25,,3:23:00 PM,1,"TN,EW,XG",Stream,3 Site,"vegetation growth on rocks in water, clear water, shallow, crawfish",Not Equal,,,,,,,,,,,
2087,Fort River,8/18/25,,3:38:00 PM,1,"TN,EW,XG",Stream,3 Site,water is dark/murky,Not Equal,,,,,,,,,,,
2088,Woodside ,5/13/25,5/14/25,,1,CDG,Precipitation,Precipitation,,,8/27/25,2088,-35.139321,3.57E-01,-6.354298,4.12E-02,-3.393744,4.35E-02,,,
2089,Woodside ,5/13/25,5/14/25,,2,CDG,Precipitation,Precipitation,Vial Broke,Not Equal,,,,,,,,,,,
2090,Woodside ,5/22/25,6/6/25,,1,CDG,Precipitation,Precipitation,,,8/27/25,2090,-82.590656,8.70E-01,-11.512537,1.13E-01,-6.127992,8.78E-02,,,
2091,Woodside ,5/22/25,6/6/25,,2,CDG,Precipitation,Precipitation,,,11/4/25,2091,-81.719516,7.44E-01,-11.71756,1.43E-01,-5.825185,9.47E-02,,,
2092,Woodside ,6/6/25,6/7/25,,1,CDG,Precipitation,Precipitation,,,8/27/25,2092,-41.172391,6.90E-01,-6.155411,1.25E-01,-3.166934,5.09E-02,,,
2093,Woodside ,6/6/25,6/7/25,,2,CDG,Precipitation,Precipitation,,,11/4/25,2093,-40.743996,5.04E-01,-6.260372,8.04E-02,-2.774375,5.48E-02,,,
2094,Woodside ,6/10/25,6/10/25,,1,CDG,Precipitation,Precipitation,,,8/27/25,2094,-31.726354,3.17E-01,-5.412123,5.04E-02,-2.917338,7.87E-02,,,
2095,Woodside ,6/10/25,6/10/25,,2,CDG,Precipitation,Precipitation,,,11/04/25,2095,-30.909942,5.29E-01,-5.671264,8.60E-02,-2.426023,5.84E-02,,,
2096,Woodside ,6/17/25,6/17/25,,1,CDG,Precipitation,Precipitation,,,8/27/25,2096,-18.099442,6.96E-01,-4.4944,8.90E-02,-2.332773,6.38E-02,,,
2097,Woodside ,6/17/25,6/17/25,,2,CDG,Precipitation,Precipitation,vial broke,Not Equal,,,,,,,,,,,
2098,Woodside ,6/18/25,7/10/25,8:00:00 AM,1,CDG,Precipitation,Precipitation,,,8/27/25,2098,-18.618713,3.65E-01,-3.247004,7.08E-02,-1.76096,3.84E-02,,,
2099,Woodside ,6/18/25,7/10/25,8:00:00 AM,2,CDG,Precipitation,Precipitation,vial broke,Not Equal,,,,,,,,,,,
2100,Woodside ,7/11/25,7/11/25,11:59:00 PM,1,CDG,Precipitation,Precipitation,,,8/27/25,2100,-30.906407,3.71E-01,-4.696082,4.44E-02,-2.55845,3.29E-02,,,
2101,Woodside ,7/14/25,7/14/25,11:59:00 PM,1,CDG,Precipitation,Precipitation,,,8/27/25,2101,-27.167383,6.53E-01,-5.054852,8.62E-02,-2.763092,4.78E-02,,,
2102,Woodside ,7/14/25,7/14/25,11:59:00 PM,2,CDG,Precipitation,Precipitation,,,10/27/25,2102,-26.907976,5.52E-01,-4.584049,9.54E-02,-1.868129,8.51E-02,,,
2103,Woodside ,7/26/25,7/26/25,,1,CDG,Precipitation,Precipitation,,,8/27/25,2103,-35.705349,8.91E-01,-6.3668,1.21E-01,-3.406878,7.34E-02,,,
2104,Woodside ,7/26/25,7/26/25,,2,CDG,Precipitation,Precipitation,,,9/7/25,2104,-35.816725,8.48E-01,-6.157838,9.01E-02,-3.126896,5.62E-02,,,
2105,Woodside ,7/31/25,7/31/25,w,1,CDG,Precipitation,Precipitation,,,9/7/25,2105,-20.387714,6.04E-01,0.217602,5.27E-02,0.231643,5.29E-02,,,
2106,Woodside ,7/31/25,7/31/25,,2,CDG,Precipitation,Precipitation,,,9/7/25,2106,-19.624323,6.49E-01,0.359887,9.15E-02,0.369097,6.78E-02,,,
2107,Wet Center,8/4/25,8/22/25,2:30:00 PM,1,XG,Precipitation,Precipitation,Placed by RV at 2:30pm,,9/7/25,2107,-40.356151,1.14E+00,-6.787938,1.42E-01,-3.718648,8.51E-02,,,
2108,Wet Center,8/5/25,8/23/25,2:30:00 PM,2,XG,Precipitation,Precipitation,Collected by XG at 1:40pm,,9/7/25,2108,-39.924071,3.95E-01,-6.689637,5.13E-02,-3.681993,2.89E-02,,,
2109,Wet Center UP,8/25/25,,2:44:00 PM,1,XG,Stream,Baseflow,,Not Equal,,,,,,,,,,,
2110,Wet Center,8/25/25,,2:34:00 PM,1,XG,Stream,Baseflow,,Not Equal,,,,,,,,,,,
2111,Wet Center,8/22/25,9/5/25,4:13:00 PM,1,RV,Precipitation,Precipitation,,Not Equal,,,,,,,,,,,
2112,Wet Center,9/5/25,9/9/25,1:52:00 PM,1,RV,Precipitation,Precipitation,,Not Equal,,,,,,,,,,,
2113,Roaring ,9/13/25,,11:49:00 AM,1,"RV,TN,ZW,XG",Stream,Stream,,Not Equal,,,,,,,,,,,
2114,Doolittle,9/13/25,,12:07:00 PM,1,"RV,TN,ZW,XG",Stream,Stream,,Not Equal,,,,,,,,,,,
2115,Eastman Up ,9/13/25,,12:27:00 PM,1,"RV,TN,ZW,XG",Stream,Stream,,Not Equal,,,,,,,,,,,
2116,Eastman Down,9/13/25,,12:47:00 PM,1,"RV,TN,ZW,XG",Stream,Stream,,Not Equal,,,,,,,,,,,
2117,Lake Warner Outlet,9/13/25,,1:17:00 PM,1,"RV,TN,ZW,XG",Stream,Stream,,Not Equal,,,,,,,,,,,
2118,Knightly,9/13/25,,12:57:00 PM,1,"RV,TN,ZW,XG",Stream,Stream,,Not Equal,,,,,,,,,,,
2119,Campus Pond Up ,9/13/25,,2:15:00 AM,1,"RV,TN,ZW,XG",Stream,Stream,,Not Equal,,,,,,,,,,,
2120,Horse Down,9/13/25,,12:53:00 PM,1,"RV,TN,ZW,XG",Stream,Stream,,Not Equal,,,,,,,,,,,
2121,Horse Up,9/13/25,,12:57:00 PM,1,"RV,TN,ZW,XG",Stream,Stream,,Not Equal,,,,,,,,,,,
2122,Tan Brook Down,9/13/25,,12:15:00 PM,1,"RV,TN,ZW,XG",Stream,Stream,,Not Equal,,,,,,,,,,,
2123,Campus Pond Down,9/13/25,,2:25:00 PM,1,"RV,TN,ZW,XG",Stream,Stream,,Not Equal,,,,,,,,,,,
2124,Tan Brook Up ,9/13/25,,2:03:00 PM,1,"RV,TN,ZW,XG",Stream,Stream,,Not Equal,,,,,,,,,,,
2125,Mill Site,9/13/25,,1:30:00 PM,1,"RV,TN,ZW,XG",Stream,Stream,,Not Equal,,,,,,,,,,,
2126,Wet Center,9/23/25,9/26/25,11:59:00 PM,1,RV,Precipitation,Precipitation,Storm event #14,Not Equal,,,,,,,,,,,
2127,Wet Center,9/23/25,,2:30:00 PM,1,"RV, XG, KW",Stream,Stream_Storm,Storm Event #14 Sample 1 ,Not Equal,,,,,,,,,,,
2128,Wet Center,9/23/25,,5:30:00 PM,1,"RV, XG, KW",Stream,Stream_Storm,Storm Event #14 Sample 2,Not Equal,,,,,,,,,,,
2129,Wet Center,9/23/25,,8:30:00 PM,1,"RV, XG, KW",Stream,Stream_Storm,Storm Event #14 Sample 3,Not Equal,,,,,,,,,,,
2130,Wet Center,9/23/25,,11:30:00 PM,1,"RV, XG, KW",Stream,Stream_Storm,Storm Event #14 Sample 4,Not Equal,,,,,,,,,,,
2131,Wet Center,9/24/25,,2:30:00 AM,1,"RV, XG, KW",Stream,Stream_Storm,Storm Event #14 Sample 5,Not Equal,,,,,,,,,,,
2132,Wet Center,9/24/25,,5:30:00 AM,1,"RV, XG, KW",Stream,Stream_Storm,Storm Event #14 Sample 6,Not Equal,,,,,,,,,,,
2133,Wet Center,9/24/25,,8:30:00 AM,1,"RV, XG, KW",Stream,Stream_Storm,Storm Event #14 Sample 7,Not Equal,,,,,,,,,,,
2134,Wet Center,9/24/25,,11:30:00 AM,1,"RV, XG, KW",Stream,Stream_Storm,Storm Event #14 Sample 8,Not Equal,,,,,,,,,,,
2135,Wet Center,9/24/25,,2:30:00 PM,1,"RV, XG, KW",Stream,Stream_Storm,Storm Event #14 Sample 9,Not Equal,,,,,,,,,,,
2136,Wet Center,9/24/25,,5:30:00 PM,1,"RV, XG, KW",Stream,Stream_Storm,Storm Event #14 Sample 10,Not Equal,,,,,,,,,,,
2137,Wet Center,9/24/25,,8:30:00 PM,1,"RV, XG, KW",Stream,Stream_Storm,Storm Event #14 Sample 11,Not Equal,,,,,,,,,,,
2138,Wet Center,9/24/25,,11:30:00 PM,1,"RV, XG, KW",Stream,Stream_Storm,Storm Event #14 Sample 12,Not Equal,,,,,,,,,,,
2139,Wet Center,9/25/25,,2:30:00 AM,1,"RV, XG, KW",Stream,Stream_Storm,Storm Event #14 Sample 13,Not Equal,,,,,,,,,,,
2140,Wet Center,9/25/25,,5:30:00 AM,1,"RV, XG, KW",Stream,Stream_Storm,Storm Event #14 Sample 14,Not Equal,,,,,,,,,,,
2141,Wet Center,9/25/25,,8:30:00 AM,1,"RV, XG, KW",Stream,Stream_Storm,Storm Event #14 Sample 15,Not Equal,,,,,,,,,,,
2142,Wet Center,9/25/25,,11:30:00 AM,1,"RV, XG, KW",Stream,Stream_Storm,Storm Event #14 Sample 16,Not Equal,,,,,,,,,,,
2143,Wet Center,9/25/25,,2:30:00 PM,1,"RV, XG, KW",Stream,Stream_Storm,Storm Event #14 Sample 17,Not Equal,,,,,,,,,,,
2144,Wet Center,9/25/25,,5:30:00 PM,1,"RV, XG, KW",Stream,Stream_Storm,Storm Event #14 Sample 18,Not Equal,,,,,,,,,,,
2145,Wet Center,9/25/25,,8:30:00 PM,1,"RV, XG, KW",Stream,Stream_Storm,Storm Event #14 Sample 19,Not Equal,,,,,,,,,,,
2146,Wet Center,9/25/25,,11:30:00 PM,1,"RV, XG, KW",Stream,Stream_Storm,Storm Event #14 Sample 20,Not Equal,,,,,,,,,,,
2147,Wet Center,9/26/25,,2:30:00 AM,1,"RV, XG, KW",Stream,Stream_Storm,Storm Event #14 Sample 21,Not Equal,,,,,,,,,,,
2148,Wet Center,9/26/25,,5:30:00 AM,1,"RV, XG, KW",Stream,Stream_Storm,Storm Event #14 Sample 22,Not Equal,,,,,,,,,,,
2149,Wet Center,9/26/25,,8:30:00 AM,1,"RV, XG, KW",Stream,Stream_Storm,Storm Event #14 Sample 23,Not Equal,,,,,,,,,,,
2150,Wet Center,9/26/25,,11:30:00 AM,1,"RV, XG, KW",Stream,Stream_Storm,Storm Event #14 Sample 24,Not Equal,,,,,,,,,,,
2151,Wet Center,9/26/25,,5:45:00 PM,1,RV,Stream,Stream,PFAS Baseflow sample,Not Equal,,,,,,,,,,,
2152,Wet Center,9/26/25,,5:55:00 PM,1,RV,Stream,Stream,PFAS Baseflow sample for up stream,Not Equal,,,,,,,,,,,
2153,Lawrence Swamp,9/27/25,,,1,"XG,RV",Ground water ,XG ground water project,11-08,,10/23/25,2153,-41.388908,1.63E-01,-6.653213,4.25E-02,-2.900819,2.28E-02,,,
2154,Lawrence Swamp,9/27/25,,,1,"XG,RV",Ground water ,XG ground water project,10-08,,10/23/25,2154,-53.005783,3.50E-01,-8.307942,4.00E-02,-3.992618,4.91E-02,,,
2155,Lawrence Swamp,9/27/25,,,1,"XG,RV",Ground water ,XG ground water project,08-08,,10/23/25,2155,-50.537745,2.92E-01,-8.158004,2.74E-02,-3.837843,3.82E-02,,,
2156,Lawrence Swamp,9/27/25,,,1,"XG,RV",Stream,XG ground water project,Poor farm Swamp ,,10/23/25,2156,-31.731102,6.05E-01,-4.424636,9.40E-02,-1.563754,6.95E-02,,,
2157,Lawrence Swamp,9/27/25,,,1,"XG,RV",Ground water,XG ground water project,3-83,,10/23/25,2157,-53.77423,1.01E+00,-8.556253,9.21E-02,-3.94478,8.60E-02,,,
2158,Lawrence Swamp,9/27/25,,,1,"XG,RV",Stream ,XG ground water project,Hop Brook ,,10/23/25,2158,-38.657593,2.80E-01,-6.603828,8.92E-02,-2.767836,2.92E-02,,,
2159,Lawrence Swamp,9/27/25,,,1,"XG,RV",Stream ,XG ground water project,Lawrence Swamp ,,10/23/25,2159,-44.632408,4.11E-01,-7.418633,5.99E-02,-3.272813,9.81E-02,,,
2160,Lawrence Swamp,9/27/25,,,1,"XG,RV",Ground water ,XG ground water project,1-78,,10/23/25,2160,-54.546504,1.62E+00,-8.76387,1.37E-01,-3.94374,6.00E-02,,,
2161,Lawrence Swamp,9/27/25,,,1,"XG,RV",Ground water ,XG ground water project,2-78,,10/23/25,2161,-50.573534,4.15E-01,-8.413745,6.73E-02,-3.808207,5.71E-02,,,
2162,Lawrence Swamp,9/27/25,,,1,"XG,RV",Ground water ,XG ground water project,3-89,,10/23/25,2162,-47.767666,4.44E-01,-7.66785,8.19E-02,-3.251713,2.35E-02,,,
2163,Lawrence Swamp,9/27/25,,,1,"XG,RV",Ground water ,XG ground water project,2-89,,10/23/25,2163,-53.819525,3.36E-01,-8.552418,7.96E-02,-3.711926,3.52E-02,,,
2164,Lawrence Swamp,9/27/25,,,1,"XG,RV",Ground water ,XG ground water project,3-91,,10/23/25,2164,-55.719119,6.81E-01,-8.990804,1.10E-01,-3.927309,8.59E-02,,,
2165,Wet Center,7/14/25,,5:00:00 PM,1,RV,Stream,Steam_Storm,Storm #13. Sample 1 Intense rainfall and flash flood warning,,10/27/25,2165,-43.8105,3.41E-01,-7.037331,9.38E-02,-3.266076,8.42E-02,,,
2166,Wet Center,7/14/25,,7:00:00 PM,1,RV,Stream,Steam_Storm,Storm #13. Sample 2,,10/27/25,2166,-41.503098,7.97E-01,-6.69583,1.29E-01,-3.080244,5.89E-02,,,
2167,Wet Center,7/14/25,,9:00:00 PM,1,RV,Stream,Steam_Storm,Storm #13. Sample 3,,10/27/25,2167,-40.600297,3.06E-01,-6.668405,2.91E-02,-3.033044,5.85E-02,,,
2168,Wet Center,7/14/25,,11:00:00 PM,1,RV,Stream,Steam_Storm,Storm #13. Sample 4,,10/27/25,2168,-41.351182,6.03E-01,-6.840672,7.94E-02,-3.174643,5.96E-02,,,
2169,Wet Center,7/15/25,,1:00:00 AM,1,RV,Stream,Steam_Storm,Storm #13. Sample 5,,10/27/25,2169,-42.911499,2.47E-01,-7.074621,4.87E-02,-3.299479,4.74E-02,,,
2170,Wet Center,7/15/25,,3:00:00 AM,1,RV,Stream,Steam_Storm,Storm #13. Sample 6,,10/27/25,2170,-44.723306,6.41E-01,-7.337519,1.10E-01,-3.464209,5.26E-02,,,
2171,Wet Center,7/15/25,,5:00:00 AM,1,RV,Stream,Steam_Storm,Storm #13. Sample 7,,10/27/25,2171,-45.557732,4.51E-01,-7.494344,7.69E-02,-3.575635,5.24E-02,,,
2172,Wet Center,7/15/25,,7:00:00 AM,1,RV,Stream,Steam_Storm,Storm #13. Sample 8,,10/27/25,2172,-45.773996,1.83E+00,-7.548705,1.88E-01,-3.564937,1.17E-01,,,
2173,Wet Center,7/15/25,,9:00:00 AM,1,RV,Stream,Steam_Storm,Storm #13. Sample 9,,10/27/25,2173,-47.581898,7.98E-01,-7.784226,1.15E-01,-3.713219,9.16E-02,,,
2174,Wet Center,7/15/25,,11:00:00 AM,1,RV,Stream,Steam_Storm,Storm #13. Sample 10,,10/27/25,2174,-49.192026,8.05E-01,-8.079657,1.00E-01,-3.906292,7.87E-02,,,
2175,Wet Center,7/15/25,,1:00:00 PM,1,RV,Stream,Steam_Storm,Storm #13. Sample 11,,10/27/25,2175,-48.567641,8.50E-01,-8.005837,9.83E-02,-3.86852,8.68E-02,,,
2176,Wet Center,7/15/25,,3:00:00 PM,1,RV,Stream,Steam_Storm,Storm #13. Sample 12,,10/27/25,2176,-49.402589,3.35E-01,-8.070945,7.58E-02,-3.936198,7.30E-02,,,
2177,Wet Center,7/15/25,,5:00:00 PM,1,RV,Stream,Steam_Storm,Storm #13. Sample 13,,10/27/25,2177,-49.652887,8.78E-01,-8.183519,1.05E-01,-4.017609,6.97E-02,,,
2178,Wet Center,7/15/25,,7:00:00 PM,1,RV,Stream,Steam_Storm,Storm #13. Sample 14,,10/27/25,2178,-49.442814,3.83E-01,-8.185053,4.38E-02,-3.995861,5.41E-02,,,
2179,Wet Center,7/15/25,,9:00:00 PM,1,RV,Stream,Steam_Storm,Storm #13. Sample 15,,10/27/25,2179,-49.732722,5.53E-01,-8.26163,7.76E-02,-4.003073,4.74E-02,,,
2180,Wet Center,7/15/25,,11:00:00 PM,1,RV,Stream,Steam_Storm,Storm #13. Sample 16,,10/27/25,2180,-49.80285,5.21E-01,-8.351965,3.61E-02,-3.921064,3.66E-02,,,
2181,Wet Center,7/16/25,,1:00:00 AM,1,RV,Stream,Steam_Storm,Storm #13. Sample 17,,10/27/25,2181,-49.635801,4.57E-01,-8.321926,6.15E-02,-3.892706,2.86E-02,,,
2182,Wet Center,7/16/25,,3:00:00 AM,1,RV,Stream,Steam_Storm,Storm #13. Sample 18,,10/27/25,2182,-49.873589,5.82E-01,-8.346864,7.70E-02,-3.914782,4.27E-02,,,
2183,Wet Center,7/16/25,,5:00:00 AM,1,RV,Stream,Steam_Storm,Storm #13. Sample 19,,10/27/25,2183,-50.031729,8.09E-01,-8.190813,1.07E-01,-3.852274,7.40E-02,,,
2184,Wet Center,7/16/25,,7:00:00 AM,1,RV,Stream,Steam_Storm,Storm #13. Sample 20,,10/27/25,2184,-50.002362,7.82E-01,-8.157056,1.09E-01,-3.827685,4.58E-02,,,
2185,Wet Center,7/16/25,,9:00:00 AM,1,RV,Stream,Steam_Storm,Storm #13. Sample 21,,10/27/25,2185,-49.999914,4.97E-01,-8.069252,4.84E-02,-3.825327,4.83E-02,,,
2186,Wet Center,7/16/25,,11:00:00 AM,1,RV,Stream,Steam_Storm,Storm #13. Sample 22,,10/27/25,2186,-49.71488,5.32E-01,-7.978605,5.88E-02,-3.753922,4.19E-02,,,
2187,Wet Center,7/16/25,,1:00:00 PM,1,RV,Stream,Steam_Storm,Storm #13. Sample 23,,10/27/25,2187,-49.583884,7.66E-01,-7.965952,8.91E-02,-3.74051,5.42E-02,,,
2188,Wet Center,7/16/25,,3:00:00 PM,1,RV,Stream,Steam_Storm,Storm #13. Sample 24,,10/27/25,2188,-49.856514,4.57E-01,-7.885941,9.53E-02,-3.746656,3.73E-02,,,
2189,Wet Center,10/8/25,,11:06:00 AM,1,"RV, KW",Stream,Baseflow,Took sample after it rained ~0.20in from 5am-10am,Not Equal,,,,,,,,,,,
2190,Wet Center UP,10/8/25,,11:14:00 AM,1,"RV, KW",Stream,Baseflow,,Not Equal,,,,,,,,,,,
2191,Wet Center,10/10/25,,8:40:00 AM,1,"RV, KW, NA",Stream,Baseflow,Rained on 10/08. Freezing cold. ,,10/17/25,2191,-49.233201,3.20E-01,-7.934589,2.29E-02,-3.760694,3.85E-02,,,
2192,Wet Center UP,10/10/25,,8:48:00 AM,1,"RV, KW, NA",Stream,Baseflow,Rained on 10/08. Freezing cold. ,,10/17/25,2192,-48.777625,6.03E-01,-7.932077,1.18E-01,-3.731451,8.29E-02,,,
2193,Wet Center,10/8/25,10/8/25,8:00:00 AM,1,"RV, KW, NA",Precipitation,Precipitation,"Collected 0.19"" in euro collector. Rained from ~5-10am",,10/17/25,2193,-54.279986,6.66E-01,-8.280455,8.95E-02,-3.869767,5.46E-02,,,
2194,Wet Center,10/11/25,,8:53 AM,1,"RV, XG",Stream,Isoscape,1,,10/17/25,2194,-48.98789,3.54E-01,-7.505433,7.01E-02,-3.611322,4.83E-02,,,
2195,Wet Center UP,10/11/25,,9:00 AM,1,"RV, XG",Stream,Isoscape,2,,10/17/25,2195,-49.104282,1.51E+00,-7.552497,1.55E-01,-3.61431,5.71E-02,,,
2196,Tan Brook Down,10/11/25,,9:14 AM,1,"RV, XG",Stream,Isoscape,3,,10/17/25,2196,-48.450591,5.37E-01,-7.411673,7.60E-02,-3.470583,5.40E-02,,,
2197,UMass Farm,10/11/25,,9:24 AM,1,"RV, XG",Stream,Isoscape,4,,10/17/25,2197,-42.906286,2.32E-01,-6.887015,5.18E-02,-3.150037,5.48E-02,,,
2198,MR Rec Area - Picnic tables,10/11/25,,9:55 AM,1,"RV, XG",Stream,Isoscape,5,,10/17/25,2198,-48.910681,3.56E-01,-7.794977,3.82E-02,-3.662333,4.11E-02,,,
2199,MR Rec Area - Baseball Field,10/11/25,,9:58 AM,1,"RV, XG",Stream,Isoscape,6,,10/17/25,2199,-48.841115,2.86E-01,-7.822853,5.50E-02,-3.72763,5.51E-02,,,
2200,MR Rec - Julius Lester Bridge,10/11/25,,10:03 AM,1,"RV, XG",Stream,Isoscape,7,,10/17/25,2200,-48.348432,2.05E-01,-7.797851,5.72E-02,-3.702519,4.76E-02,,,
2201,Lower MR Trail Bridge,10/11/25,,10:12 AM,1,"RV, XG",Stream,Isoscape,8,,10/17/25,2201,-48.071725,4.48E-01,-7.831709,8.08E-02,-3.706363,6.29E-02,,,
2202,Puffers Waterfall,10/11/25,,10:38 AM,1,"RV, XG",Stream,Isoscape,9,,10/17/25,2202,-48.366421,6.62E-01,-7.958838,1.08E-01,-3.760248,5.66E-02,,,
2203,Puffers Beach,10/11/25,,10:46 AM,1,"RV, XG",Stream,Isoscape,10,,10/17/25,2203,-50.252468,6.48E-01,-8.253205,7.66E-02,-3.975413,4.76E-02,,,
2204,Upper Puffers - Bridge,10/11/25,,10:54 AM,1,"RV, XG",Stream,Isoscape,11,,10/17/25,2204,-50.51806,3.67E-01,-8.255784,5.48E-02,-3.967923,5.60E-02,,,
2205,Upper Puffers - Railroad,10/11/25,,10:59 AM,1,"RV, XG",Stream,Isoscape,12,,10/17/25,2205,-50.455181,3.77E-01,-8.266131,6.65E-02,-3.952553,6.40E-02,,,
2206,Haskin Meadows -fishing spot,10/11/25,,11:57 AM,1,"RV, XG",Stream,Isoscape,13,,10/17/25,2206,-51.252082,8.51E-01,-8.353361,1.05E-01,-4.063671,7.15E-02,,,
2207,Haskin Meadows upstream,10/11/25,,12:04 PM,1,"RV, XG",Stream,Isoscape,14,,10/17/25,2207,-50.799577,5.46E-01,-8.320035,7.36E-02,-4.065657,5.89E-02,,,
2208,Atkins Reservoir,10/11/25,,12:19 PM,1,"RV, XG",Stream,Isoscape,15,,10/17/25,2208,-40.325465,4.55E-01,-5.954212,6.21E-02,-2.672796,4.05E-02,,,
2209,Roaring,10/11/25,,12:28 PM,1,"RV, XG",Stream,Isoscape,16,,10/17/25,2209,-53.08297,4.87E-01,-8.797475,5.94E-02,-4.323708,4.76E-02,,,
2210,Broad Hill,10/11/25,,12:36 PM,1,"RV, XG",Stream,Isoscape,17,,10/17/25,2210,-51.732556,1.73E+00,-8.623332,1.78E-01,-4.265313,1.05E-01,,,
2211,Shutesbury Cemetary,10/11/25,,12:48 PM,1,"RV, XG",Stream,Isoscape,18,,10/17/25,2211,-48.173458,1.83E-01,-8.167176,5.52E-02,-3.973693,3.90E-02,,,
2212,Doolittle,10/11/25,,1:10 PM,1,"RV, XG",Stream,Isoscape,19,,10/17/25,2212,-49.956672,6.30E-01,-7.754194,1.04E-01,-3.69354,7.65E-02,,,
2213,Leverett Library,10/11/25,,1:22 PM,1,"RV, XG",Stream,Isoscape,20,,10/17/25,2213,-52.791311,7.22E-01,-8.399208,9.66E-02,-4.052744,4.93E-02,,,
2214,Leverett Pond,10/11/25,,1:44 PM,1,"RV, XG",Stream,Isoscape,21,,10/17/25,2214,-24.90252,2.68E-01,-2.520114,1.72E-02,-0.793064,3.05E-02,,,
2215,Eastman Up,10/11/25,,1:55 PM,1,"RV, XG",Stream,Isoscape,22,,10/17/25,2215,-47.703224,6.13E-01,-7.476295,9.62E-02,-3.51955,6.69E-02,,,
2216,Eastman Down,10/11/25,,2:06 PM,1,"RV, XG",Stream,Isoscape,23,,10/17/25,2216,-50.810336,3.26E-01,-8.115814,9.46E-02,-3.943412,4.47E-02,,,
2217,Mill Site,10/11/25,,2:13 PM,1,"RV, XG",Stream,Isoscape,24,,10/17/25,2217,-48.295492,1.46E+00,-7.789489,1.53E-01,-3.711239,7.63E-02,,,
2218,Knightly,10/11/25,,2:20 PM,1,"RV, XG",Stream,Isoscape,25,,10/17/25,2218,-52.3424,3.86E-01,-8.385228,5.75E-02,-4.075179,3.09E-02,,,
2219,LW Boat Ramp,10/11/25,,2:27 PM,1,"RV, XG",Stream,Isoscape,26,,10/17/25,2219,-41.366062,7.31E-01,-6.750631,9.82E-02,-3.134985,5.45E-02,,,
2220,USFWS Visitors Parking,10/11/25,,2:45 PM,1,"RV, XG",Stream,Isoscape,27,,10/17/25,2220,-22.168867,6.35E-01,-4.242685,1.07E-01,-1.740684,4.94E-02,,,
2221,Prindle School,10/11/25,,2:51 PM,1,"RV, XG",Stream,Isoscape,28,,10/17/25,2221,-35.651869,2.32E-01,-6.003818,4.43E-02,-2.789595,4.18E-02,,,
2222,Horse Farm Up,10/11/25,,3:07 PM,1,"RV, XG",Stream,Isoscape,29,,10/17/25,2222,-31.846681,5.06E-01,-5.293378,7.47E-02,-2.371389,4.64E-02,,,
2223,Umass Stadium,10/11/25,,3:14 PM,1,"RV, XG",Stream,Isoscape,30,,10/17/25,2223,-47.612416,4.86E-01,-7.362767,7.84E-02,-3.539972,3.55E-02,,,
2224,Tan Brook Up ,10/11/25,,3:24 PM,1,"RV, XG",Stream,Isoscape,31,,10/17/25,2224,-51.07622,7.16E-01,-8.126253,4.12E-02,-3.968881,2.79E-02,,,
2225,Fieldstone,10/11/25,,3:29 PM,1,"RV, XG",Stream,Isoscape,32,,10/17/25,2225,-50.282555,2.36E-01,-7.97758,7.02E-02,-3.944998,2.97E-02,,,
2226,Wildwood Cemetary,10/11/25,,3:39 PM,1,"RV, XG",Stream,Isoscape,33,,10/17/25,2226,-17.141965,1.31E+00,-1.51356,1.74E-01,-0.368623,8.68E-02,,,
2227,Campus Pond Up ,10/11/25,,3:47 PM,1,"RV, XG",Stream,Isoscape,34,,10/17/25,2227,-45.562205,6.03E-01,-7.146046,5.30E-02,-3.471235,5.59E-02,,,
2228,Campus Pond Down,10/11/25,,3:51 PM,1,"RV, XG",Stream,Isoscape,35,,10/17/25,2228,-41.630391,2.60E+00,-6.582862,2.96E-01,-3.132073,1.65E-01,,,
2229,Wet Center,10/12/25,,12:15 PM,1,RV,Stream,Stream_Storm,Storm 15. Sample #1,,10/16/25,2229,-50.215061,7.43E-01,-8.009594,7.05E-02,-3.859979,4.43E-02,,,
2230,Wet Center,10/12/25,,3:15 PM,1,RV,Stream,Stream_Storm,Storm 15. Sample #2,,10/16/25,2230,-49.490976,1.52E-01,-7.844801,5.36E-02,-3.774133,3.70E-02,,,
2231,Wet Center,10/12/25,,6:15 PM,1,RV,Stream,Stream_Storm,Storm 15. Sample #3,,10/16/25,2231,-48.892477,5.84E-01,-7.785773,7.55E-02,-3.754149,5.11E-02,,,
2232,Wet Center,10/12/25,,9:15 PM,1,RV,Stream,Stream_Storm,Storm 15. Sample #4,,10/16/25,2232,-43.259897,9.17E-01,-7.156622,1.47E-01,-3.349683,1.01E-01,,,
2233,Wet Center,10/13/25,,12:15 AM,1,RV,Stream,Stream_Storm,Storm 15. Sample #5,,10/16/25,2233,-45.111595,7.60E-01,-7.369907,1.17E-01,-3.412706,6.40E-02,,,
2234,Wet Center,10/13/25,,3:15 AM,1,RV,Stream,Stream_Storm,Storm 15. Sample #6,,10/16/25,2234,-59.782563,4.14E-01,-9.079862,2.20E-02,-4.370142,4.75E-02,,,
2235,Wet Center,10/13/25,,6:15 AM,1,RV,Stream,Stream_Storm,Storm 15. Sample #7,,10/16/25,2235,-50.150767,5.68E-01,-7.798668,9.71E-02,-3.778367,4.03E-02,,,
2236,Wet Center,10/13/25,,9:15 AM,1,RV,Stream,Stream_Storm,Storm 15. Sample #8,,10/16/25,2236,-51.543112,4.62E-01,-8.035792,9.49E-02,-3.89217,5.31E-02,,,
2237,Wet Center,10/13/25,,12:15 PM,1,RV,Stream,Stream_Storm,Storm 15. Sample #9,,10/16/25,2237,-49.651111,4.84E-01,-7.818284,9.32E-02,-3.769718,5.04E-02,,,
2238,Wet Center,10/13/25,,3:15 PM,1,RV,Stream,Stream_Storm,Storm 15. Sample #10,,10/16/25,2238,-51.353341,5.58E-01,-8.099819,4.07E-02,-3.896492,5.63E-02,,,
2239,Wet Center,10/13/25,,6:15 PM,1,RV,Stream,Stream_Storm,Storm 15. Sample #11,,10/16/25,2239,-50.221756,6.34E-01,-7.957777,6.65E-02,-3.850068,6.24E-02,,,
2240,Wet Center,10/13/25,,9:15 PM,1,RV,Stream,Stream_Storm,Storm 15. Sample #12,,10/16/25,2240,-49.734661,3.43E-01,-7.885768,4.97E-02,-3.800605,4.56E-02,,,
2241,Wet Center,10/14/25,,12:15 AM,1,RV,Stream,Stream_Storm,Storm 15. Sample #13,,10/16/25,2241,-49.609326,2.01E+00,-7.855489,1.99E-01,-3.854481,1.12E-01,,,
2242,Wet Center,10/14/25,,3:15 AM,1,RV,Stream,Stream_Storm,Storm 15. Sample #14,,10/16/25,2242,-49.900713,3.73E-01,-7.944981,9.22E-02,-3.812265,4.64E-02,,,
2243,Wet Center,10/14/25,,6:15 AM,1,RV,Stream,Stream_Storm,Storm 15. Sample #15,,10/16/25,2243,-50.120723,2.84E-01,-7.927515,1.98E-02,-3.852741,4.98E-02,,,
2244,Wet Center,10/14/25,,9:15 AM,1,RV,Stream,Stream_Storm,Storm 15. Sample #16,,10/16/25,2244,-50.326311,1.42E+00,-7.961769,1.81E-01,-3.892092,1.20E-01,,,
2245,Wet Center,10/14/25,,12:15 PM,1,RV,Stream,Stream_Storm,Storm 15. Sample #17,,10/16/25,2245,-48.006368,3.20E+00,-7.785327,3.21E-01,-3.728038,2.18E-01,,,
2246,Wet Center,10/14/25,,3:15 PM,1,RV,Stream,Stream_Storm,Storm 15. Sample #18,,10/16/25,2246,-50.525857,7.31E-01,-7.985573,9.46E-02,-3.918093,4.48E-02,,,
2247,Wet Center,10/14/25,,6:15 PM,1,RV,Stream,Stream_Storm,Storm 15. Sample #19,,10/16/25,2247,-50.286719,3.74E-01,-8.082212,5.35E-02,-3.890745,2.43E-02,,,
2248,Wet Center,10/14/25,,9:15 PM,1,RV,Stream,Stream_Storm,Storm 15. Sample #20,,10/16/25,2248,-49.898605,5.64E-01,-7.983703,1.08E-01,-3.950223,6.80E-02,,,
2249,Wet Center,10/15/25,,12:15 AM,1,RV,Stream,Stream_Storm,Storm 15. Sample #21,,10/16/25,2249,-50.299643,1.33E+00,-8.107814,1.44E-01,-3.946942,7.01E-02,,,
2250,Wet Center,10/15/25,,3:15 AM,1,RV,Stream,Stream_Storm,Storm 15. Sample #22,,10/16/25,2250,-50.147053,1.24E+00,-8.047568,1.82E-01,-3.705798,1.36E-01,,,
2251,Wet Center,10/15/25,,6:15 AM,1,RV,Stream,Stream_Storm,Storm 15. Sample #23,,10/16/25,2251,-50.022208,5.52E-01,-8.082289,5.67E-02,-3.728593,6.40E-02,,,
2252,Wet Center,10/15/25,,9:15 AM,1,RV,Stream,Stream_Storm,Storm 15. Sample #24,,10/16/25,2252,-50.276736,5.24E-01,-8.101786,2.83E-02,-3.745402,1.82E-02,,,
2253,Woodside ,8/20/25,,,1,CDG,Precipitation,Precipitation,,,10/24/25,2253,-45.122829,6.38E-01,-6.946733,8.46E-02,-3.642643,5.36E-02,,,
2254,Woodside ,8/20/25,,,2,CDG,Precipitation,Precipitation,,,10/24/25,2254,-44.666025,4.28E-01,-6.847144,1.09E-02,-3.730415,9.90E-02,,,
2255,Woodside ,9/6/07,9/7/25,,1,CDG,Precipitation,Precipitation,,,10/24/25,2255,-37.515167,3.43E-01,-6.23544,1.99E-02,-3.506359,1.62E-02,,,
2256,Woodside ,9/6/25,9/7/25,,2,CDG,Precipitation,Precipitation,,,10/24/25,2256,-38.038485,3.45E-01,-6.76725,4.22E-02,-2.548925,7.78E-02,,,
2257,Woodside ,9/25/25,,,1,CDG,Precipitation,Precipitation,,,10/24/25,2257,-20.500007,5.26E-01,-4.776274,4.85E-02,-1.739236,5.54E-02,,,
2258,Woodside ,9/25/25,,,2,CDG,Precipitation,Precipitation,,,10/24/25,2258,-20.087228,1.23E+00,-4.728821,9.35E-02,-1.803894,4.49E-02,,,
2259,Woodside,7/17/21,,11:00:00 AM,1,CDG,Precipitation,Precipitation,,Not Equal,11/17/2022,1859.100402,-70.34690757,4.96E-01,-10.77827072,4.46E-02,-5.84E+00,5.72E-02,"Linear Spline Fit , 4 2Hck",,
2261,Tan Brook Down,10/15/25,,9:14 AM,1,"RV, XG",Stream,Isoscape,,,10/29/25,2261,-56.291665,5.64E-01,-8.516687,3.78E-02,-4.515768,4.55E-02,,,
2262,UMass Farm,10/15/25,,9:24 AM,1,"RV, XG",Stream,Isoscape,,,10/29/25,2262,-49.597721,9.01E-01,-7.760867,1.66E-01,-4.126048,1.28E-01,,,
2263,MR Rec Area - Picnic tables,10/15/25,,9:55 AM,1,"RV, XG",Stream,Isoscape,,,10/29/25,2263,-50.91624,1.31E+00,-7.975555,1.15E-01,-4.20245,9.80E-02,,,
2264,MR Rec Area - Baseball Field,10/15/25,,9:58 AM,1,"RV, XG",Stream,Isoscape,,,10/29/25,2264,-50.461555,6.44E-01,-8.019118,8.43E-02,-4.09621,5.07E-02,,,
2265,MR Rec - Julius Lester Bridge,10/15/25,,10:03 AM,1,"RV, XG",Stream,Isoscape,,,10/29/25,2265,-49.588496,1.09E+00,-7.924788,1.32E-01,-4.060736,5.60E-02,,,
2266,Lower MR Trail Bridge,10/15/25,,10:12 AM,1,"RV, XG",Stream,Isoscape,,,10/29/25,2266,-50.28158,4.20E-01,-7.99348,1.14E-01,-4.006574,2.81E-02,,,
2267,Puffers Waterfall,10/15/25,,10:38 AM,1,"RV, XG",Stream,Isoscape,,,10/29/25,2267,-50.425745,5.61E-01,-7.974253,1.29E-01,-4.135338,9.92E-02,,,
2268,Puffers Beach,10/15/25,,10:46 AM,1,"RV, XG",Stream,Isoscape,,,10/29/25,2268,-50.855493,1.10E+00,-8.030085,1.59E-01,-4.250358,6.99E-02,,,
2269,Upper Puffers - Bridge,10/15/25,,10:54 AM,1,"RV, XG",Stream,Isoscape,,,10/29/25,2269,-50.825717,4.24E-01,-8.036534,1.07E-01,-4.391302,2.15E-02,,,
2270,Upper Puffers - Railroad,10/15/25,,10:59 AM,1,"RV, XG",Stream,Isoscape,,,10/29/25,2270,-49.694726,1.29E+00,-8.008861,1.13E-01,-4.046214,1.17E-01,,,
2271,Haskin Meadows -fishing spot,10/15/25,,11:57 AM,1,"RV, XG",Stream,Isoscape,,,10/29/25,2271,-49.896351,3.34E-01,-8.137369,1.06E-01,-3.925105,4.57E-02,,,
2272,Haskin Meadows upstream,10/15/25,,12:04 PM,1,"RV, XG",Stream,Isoscape,,,10/29/25,2272,-50.109755,9.36E-01,-8.073852,9.34E-02,-4.019277,7.96E-02,,,
2273,Atkins Reservoir,10/15/25,,12:19 PM,1,"RV, XG",Stream,Isoscape,,,10/29/25,2273,-41.057973,6.36E-01,-5.777414,9.52E-02,-3.217566,3.38E-02,,,
2274,Roaring,10/15/25,,12:28 PM,1,"RV, XG",Stream,Isoscape,,,10/29/25,2274,-51.832097,1.45E+00,-8.239571,5.46E-02,-4.489849,5.13E-02,,,
2275,Broad Hill,10/15/25,,12:36 PM,1,"RV, XG",Stream,Isoscape,,,10/29/25,2275,-52.219396,5.53E-01,-8.383702,1.41E-01,-4.499541,7.76E-02,,,
2276,Shutesbury Cemetary,10/15/25,,12:48 PM,1,"RV, XG",Stream,Isoscape,,,10/29/25,2276,-46.415329,1.40E+00,-7.461965,1.79E-01,-3.86848,7.96E-02,,,
2277,Doolittle,10/15/25,,1:10 PM,1,"RV, XG",Stream,Isoscape,,,10/29/25,2277,-50.684294,2.00E+00,-8.045668,1.70E-01,-4.199505,1.16E-01,,,
2278,Leverett Library,10/15/25,,1:22 PM,1,"RV, XG",Stream,Isoscape,,,10/29/25,2278,-53.580113,1.27E+00,-8.476438,3.17E-01,-4.394664,1.50E-01,,,
2279,Leverett Pond,10/15/25,,1:44 PM,1,"RV, XG",Stream,Isoscape,,,10/29/25,2279,-29.801967,9.37E-01,-3.492891,1.30E-01,-1.312232,1.04E-01,,,
2280,Eastman Up,10/15/25,,1:55 PM,1,"RV, XG",Stream,Isoscape,,,10/29/25,2280,-41.146975,4.39E-01,-6.172453,1.48E-01,-2.61769,8.88E-02,,,
2281,Eastman Down,10/15/25,,2:06 PM,1,"RV, XG",Stream,Isoscape,,,10/29/25,2281,-50.609775,8.69E-01,-8.174308,1.51E-01,-3.686969,1.02E-01,,,
2282,Mill Site,10/15/25,,2:13 PM,1,"RV, XG",Stream,Isoscape,,,10/29/25,2282,-49.995697,7.81E-01,-8.047027,1.22E-01,-3.598243,2.41E-02,,,
2283,Knightly,10/15/25,,2:20 PM,1,"RV, XG",Stream,Isoscape,,,10/29/25,2283,-51.968382,8.36E-01,-8.33205,1.98E-01,-3.979989,1.10E-01,,,
2284,LW Boat Ramp,10/15/25,,2:27 PM,1,"RV, XG",Stream,Isoscape,,,10/29/25,2284,-42.625889,9.83E-01,-7.016072,4.71E-02,-3.216967,7.90E-02,,,
2285,Prindle School,10/15/25,,2:51 PM,1,"RV, XG",Stream,Isoscape,,,10/29/25,2285,-39.767566,6.63E-01,-6.398443,1.37E-01,-3.180867,7.86E-02,,,
2286,Horse Farm Up,10/15/25,,3:07 PM,1,"RV, XG",Stream,Isoscape,,,10/29/25,2286,-42.250421,9.06E-01,-6.792454,1.51E-01,-3.461103,1.04E-01,,,
2287,Umass Stadium,10/15/25,,3:14 PM,1,"RV, XG",Stream,Isoscape,,,10/29/25,2287,-45.060031,8.76E-01,-7.232164,1.05E-01,-3.679078,4.97E-02,,,
2288,Tan Brook Up ,10/15/25,,3:24 PM,1,"RV, XG",Stream,Isoscape,,,10/29/25,2288,-50.492147,7.24E-01,-8.121317,5.45E-02,-4.170732,2.13E-01,,,
2289,Fieldstone,10/15/25,,3:29 PM,1,"RV, XG",Stream,Isoscape,,,10/29/25,2289,-50.932099,5.69E-01,-8.091308,1.17E-01,-4.185691,1.02E-01,,,
2290,Horse Farm Down,10/15/25,,3:29 PM,1,"RV, XG",Stream,Isoscape,,,10/29/25,2290,-44.75008,5.13E-01,-7.082778,4.84E-02,-3.591276,7.05E-02,,,
2291,Doolittle,10/10/25,10/15/25,11:59:00 PM,1,RV,Precipitation,StreamStorm,Stream storm 15. Sample from Doolittle location. Assuming same isotope signature at Wet Center,,10/16/25,2291,-60.504758,7.32E-01,-9.406446,8.88E-02,-4.415,3.65E-02,,,
2292,Wet Center,10/17/25,,9:22:00 AM,1,RV,Stream,Baseflow,,,10/03/25,2292,-50.73415,1.70E-01,-7.986083,4.82E-02,-2.784111,4.53E-02,,,
2293,Wet Center UP,10/17/25,,9:30:00 AM,1,RV,Stream,Baseflow,,,10/03/25,2293,-50.451345,3.85E-01,-7.878076,1.01E-01,-2.752335,4.35E-02,,,
2294,Wet Center,10/19/25,10/20/25,11:59:00 PM,1,RV,Precipitation,Precipitation,"Collected 0.67"" of rain overnight. Heavy rainfall in the morning, potentially convective storm (not verified). Not enough collected for PFAS.  KW running DOC/TOC analysis on remaining sample.",,,,,,,,,,,,
2295,Roaring ,10/18/25,,10:57:00 AM,1,"RV, TN, CG, XG",Stream,13-Site,,,,,,,,,,,,,
2296,Doolittle,10/18/25,,11:14:00 AM,1,"RV, TN, CG, XG",Stream,13-Site,,,,,,,,,,,,,
2297,Eastman Up ,10/18/25,,11:35:00 AM,1,"RV, TN, CG, XG",Stream,13-Site,,,,,,,,,,,,,
2298,Eastman Down,10/18/25,,1:18:00 PM,1,"RV, TN, CG, XG",Stream,13-Site,,,,,,,,,,,,,
2299,Lake Warner Outlet,10/18/25,,2:01:00 PM,1,"RV, TN, CG, XG",Stream,13-Site,,,,,,,,,,,,,
2300,Knightly,10/18/25,,1:39:00 PM,1,"RV, TN, CG, XG",Stream,13-Site,,,,,,,,,,,,,
2301,Campus Pond Up ,10/18/25,,1:18:00 PM,1,"RV, TN, CG, XG",Stream,13-Site,,,,,,,,,,,,,
2302,Horse Down,10/18/25,,11:58:00 PM,1,"RV, TN, CG, XG",Stream,13-Site,,,,,,,,,,,,,
2303,Horse Up,10/18/25,,12:31:00 PM,1,"RV, TN, CG, XG",Stream,13-Site,,,,,,,,,,,,,
2304,Tan Brook Down,10/18/25,,11:13:00 AM,1,"RV, TN, CG, XG",Stream,13-Site,,,,,,,,,,,,,
2305,Campus Pond Down,10/18/25,,1:32:00 PM,1,"RV, TN, CG, XG",Stream,13-Site,,,,,,,,,,,,,
2306,Tan Brook Up ,10/18/25,,12:51:00 PM,1,"RV, TN, CG, XG",Stream,13-Site,,,,,,,,,,,,,
2307,Mill Site,10/18/25,,2:27:00 PM,1,"RV, TN, CG, XG",Stream,13-Site,,,,,,,,,,,,,
2308,Lawrence Swamp,10/19/25,,10:51:00 AM,1,"XG,TN,CG",Groundwater,XG ground water project,11-08,,10/24/25,2308,-43.811112,7.73E-01,-7.208242,5.91E-02,-3.531202,8.02E-02,,,
2309,Lawrence Swamp,10/19/25,,10:49:00 AM,1,"XG,TN,CG",Groundwater,XG ground water project,10-08,,10/24/25,2309,-52.699391,3.63E-01,-8.249285,3.86E-02,-4.218985,4.87E-02,,,
2310,Lawrence Swamp,10/19/25,,11:03:00 AM,1,"XG,TN,CG",Groundwater,XG ground water project,08-08,,10/24/25,2310,-50.551363,3.16E-01,-8.016211,2.14E-02,-4.196591,7.20E-02,,,
2311,Lawrence Swamp,10/19/25,,11:18:00 AM,1,"XG,TN,CG",Stream,XG ground water project,Poor farm Swamp ,,10/24/25,2311,-33.288357,3.11E-01,-4.164557,6.31E-02,-2.519927,7.40E-02,,,
2312,Lawrence Swamp,10/19/25,,11:29:00 AM,1,"XG,TN,CG",Groundwater,XG ground water project,3-83,,10/24/25,2312,-53.439364,4.32E-01,-8.250558,7.29E-02,-4.706363,5.29E-02,,,
2313,Lawrence Swamp,10/19/25,,11:43:00 AM,1,"XG,TN,CG",Stream,XG ground water project,Hop Brook ,,10/24/25,2313,-48.378007,5.48E-01,-7.300403,5.10E-02,-4.355916,3.02E-02,,,
2314,Lawrence Swamp,10/19/25,,11:59:00 AM,1,"XG,TN,CG",Stream,XG ground water project,Lawrence Swamp ,,10/24/25,2314,-49.398016,3.20E-01,-7.624396,3.13E-02,-4.563692,3.51E-02,,,
2315,Lawrence Swamp,10/19/25,,12:14:00 PM,1,"XG,TN,CG",Groundwater,XG ground water project,1-78,,10/24/25,2315,-54.360699,5.29E-01,-8.300679,5.69E-02,-4.972696,4.90E-02,,,
2316,Lawrence Swamp,10/19/25,,12:22:00 PM,1,"XG,TN,CG",Groundwater,XG ground water project,2-78,,10/24/25,2316,-51.38554,3.93E-01,-7.94964,7.61E-02,-4.874338,5.32E-02,,,
2317,Lawrence Swamp,10/19/25,,12:51:00 PM,1,"XG,TN,CG",Groundwater,XG ground water project,3-89,,10/24/25,2317,-47.40636,5.76E-01,-7.100145,7.14E-02,-4.44659,5.36E-02,,,
2318,Lawrence Swamp,10/19/25,,12:41:00 PM,1,"XG,TN,CG",Groundwater,XG ground water project,2-89,,10/24/25,2318,-54.029289,3.54E-01,-8.112645,4.65E-02,-5.012068,2.00E-02,,,
2319,Wet Center ,10/21/25,,6:54:00 PM,1,XG,Precipitation,Precipitation,Croatia,,,,,,,,,,,,
2320,Wet Center ,10/21/25,,6:54:00 PM,2,XG,Precipitation,Precipitation,Croatia,,,,,,,,,,,,
2321,Wet Center,10/24/25,,10:07:00 AM,1,RV,Stream,Baseflow,,,11/03/25,2321,-47.460724,5.94E-01,-7.546489,1.35E-01,-2.67154,7.43E-02,,,
2322,Wet Center UP,10/24/25,,10:14:00 AM,1,RV,Stream,Baseflow,,,11/03/25,2322,-47.613479,6.88E-01,-7.470329,6.04E-02,-2.813734,7.26E-02,,,
2323,Wet Center,10/29/25,11/1/25,11:12:00 AM,1,"XG, ZW",Precipitation,Stream Storm,Storm 16 bulk. Homemade precip collector,,11/03/25,2323,-108.98149,7.80E-01,-14.438585,1.13E-01,-6.743975,6.06E-02,,,
2324,Wet Center,10/21/25,11/1/25,11:12:00 AM,1,"XG, ZW",Precipitation,Stream Storm,Storm 16 bulk Precip. Euro precip collector,,11/03/25,2324,-91.543875,2.54E-01,-12.668131,5.68E-02,-5.920954,4.05E-02,,,
2325,Wet Center,10/30/25,,3:40:00 AM,1,"XG, ZW",Stream,Stream Storm,Storm 16: Sample 1,,11/03/25,2325,-49.38723,4.45E-01,-7.759976,1.14E-01,-3.506272,9.13E-02,,,
2326,Wet Center,10/30/25,,5:40:00 AM,1,"XG, ZW",Stream,Stream Storm,Storm 16: Sample 2,,11/03/25,2326,-49.658431,9.70E-01,-7.863382,1.08E-01,-3.632626,9.95E-02,,,
2327,Wet Center,10/30/25,,7:40:00 AM,1,"XG, ZW",Stream,Stream Storm,Storm 16: Sample 3,,11/03/25,2327,-49.390542,5.43E-01,-7.891379,1.04E-01,-3.744757,1.14E-01,,,
2328,Wet Center,10/30/25,,9:40:00 AM,1,"XG, ZW",Stream,Stream Storm,Storm 16: Sample 4,,11/03/25,2328,-49.001542,5.87E-01,-7.886563,9.15E-02,-3.89055,4.39E-02,,,
2329,Wet Center,10/30/25,,11:40:00 AM,1,"XG, ZW",Stream,Stream Storm,Storm 16: Sample 5,,11/03/25,2329,-49.232136,4.83E-01,-7.954588,6.87E-02,-3.951355,4.81E-02,,,
2330,Wet Center,10/30/25,,1:40:00 PM,1,"XG, ZW",Stream,Stream Storm,Storm 16: Sample 6,,11/03/25,2330,-49.44653,1.38E+00,-7.914087,1.93E-01,-3.820998,9.81E-02,,,
2331,Wet Center,10/30/25,,3:40:00 PM,1,"XG, ZW",Stream,Stream Storm,Storm 16: Sample 7,,11/03/25,2331,-49.250411,9.14E-01,-7.942513,8.74E-02,-3.839853,8.76E-02,,,
2332,Wet Center,10/30/25,,5:40:00 PM,1,"XG, ZW",Stream,Stream Storm,Storm 16: Sample 8,,11/03/25,2332,-41.828825,5.21E-01,-6.390622,5.88E-02,-2.967719,4.83E-02,,,
2333,Wet Center,10/30/25,,7:40:00 PM,1,"XG, ZW",Stream,Stream Storm,Storm 16: Sample 9,,11/03/25,2333,-44.209764,4.93E-01,-6.89805,7.02E-02,-3.369711,8.71E-02,,,
2334,Wet Center,10/30/25,,9:40:00 PM,1,"XG, ZW",Stream,Stream Storm,Storm 16: Sample 10,,11/03/25,2334,-86.406292,7.36E-01,-12.108012,8.50E-02,-6.290837,5.45E-02,,,
2335,Wet Center,10/30/25,,11:40:00 PM,1,"XG, ZW",Stream,Stream Storm,Storm 16: Sample 11,,11/03/25,2335,-69.325706,1.04E+00,-10.118772,1.42E-01,-5.205652,1.01E-01,,,
2336,Wet Center,10/31/25,,1:40:00 AM,1,"XG, ZW",Stream,Stream Storm,Storm 16: Sample 12,,11/03/25,2336,-71.009037,7.96E-01,-10.38558,9.30E-02,-5.364083,7.56E-02,,,
2337,Wet Center,10/31/25,,3:40:00 AM,1,"XG, ZW",Stream,Stream Storm,Storm 16: Sample 13,,11/03/25,2337,-72.51777,8.65E-01,-10.624915,1.03E-01,-5.227939,4.91E-02,,,
2338,Wet Center,10/31/25,,5:40:00 AM,1,"XG, ZW",Stream,Stream Storm,Storm 16: Sample 14,,11/03/25,2338,-105.472301,1.21E+00,-14.833252,1.48E-01,-7.358844,1.01E-01,,,
2339,Wet Center,10/31/25,,7:40:00 AM,1,"XG, ZW",Stream,Stream Storm,Storm 16: Sample 15,,11/03/25,2339,-79.295225,8.01E-01,-11.643799,1.03E-01,-5.799991,7.85E-02,,,
2340,Wet Center,10/31/25,,9:40:00 AM,1,"XG, ZW",Stream,Stream Storm,Storm 16: Sample 16,,11/03/25,2340,-78.187859,9.51E-01,-11.498104,7.22E-02,-5.663272,5.79E-02,,,
2341,Wet Center,10/31/25,,11:40:00 AM,1,"XG, ZW",Stream,Stream Storm,Storm 16: Sample 17,,11/03/25,2341,-70.552065,1.52E+00,-10.500608,1.85E-01,-5.060416,1.18E-01,,,
2342,Wet Center,10/31/25,,1:40:00 PM,1,"XG, ZW",Stream,Stream Storm,Storm 16: Sample 18,,11/03/25,2342,-64.326404,1.01E+00,-9.704954,1.22E-01,-4.630143,7.16E-02,,,
2343,Wet Center,10/31/25,,3:40:00 PM,1,"XG, ZW",Stream,Stream Storm,Storm 16: Sample 19,,11/03/25,2343,-60.55344,8.48E-01,-9.208796,8.86E-02,-4.389719,6.87E-02,,,
2344,Wet Center,10/31/25,,5:40:00 PM,1,"XG, ZW",Stream,Stream Storm,Storm 16: Sample 20,,11/03/25,2344,-59.102675,2.05E+00,-9.051252,2.57E-01,-4.253247,1.25E-01,,,
2345,Wet Center,10/31/25,,7:40:00 PM,1,"XG, ZW",Stream,Stream Storm,Storm 16: Sample 21,,11/03/25,2345,-58.663137,1.44E+00,-8.951087,1.70E-01,-4.182312,1.08E-01,,,
2346,Wet Center,10/31/25,,9:40:00 PM,1,"XG, ZW",Stream,Stream Storm,Storm 16: Sample 22,,11/03/25,2346,-59.185639,5.52E-01,-9.173308,1.01E-01,-4.532359,4.42E-02,,,
2347,Wet Center,10/31/25,,11:40:00 PM,1,"XG, ZW",Stream,Stream Storm,Storm 16: Sample 23,,11/03/25,2347,-59.251895,5.48E-01,-9.148223,1.12E-01,-4.463797,6.87E-02,,,
2348,Wet Center,11/1/25,,1:40:00 AM,1,"XG, ZW",Stream,Stream Storm,Storm 16: Sample 24,,11/03/25,2348,-57.863943,2.97E+00,-9.007007,3.24E-01,-4.336613,2.36E-01,,,
2349,Wet Center,10/31/25,,8:49:00 AM,1,"ZW, TN",Stream,Baseflow,During storm 16.,,11/03/25,2349,-77.128443,8.37E-01,-11.257331,7.01E-02,-5.353435,7.01E-02,,,
2350,Wet Center UP,10/31/25,,9:02:00 AM,1,"ZW, TN",Stream,Baseflow,Straight from the mystery outflow pipe!,,11/03/25,2350,-77.622229,5.35E-01,-11.255269,8.63E-02,-5.35706,5.12E-02,,,
2351,Wet Center,11/3/25,,6:00:00 PM,1,"RV, ZW",Stream,Baseflow,,,11/04/25,2351,-53.975575,5.24E-01,-8.478733,6.52E-02,-3.975065,7.56E-02,,,
2352,Wet Center,11/4/25,,1:26:00 PM,1,"RV, ZW",Stream,Baseflow,"0.17"" of rain overnight. Brief heavy thunder and hail",,11/04/25,2352,-54.159262,1.02E+00,-8.441188,1.30E-01,-4.015989,7.19E-02,,,
2353,Wet Center,11/1/25,11/4/25,1:25:00 PM,1,"RV, ZW",Precipitation,Stream Storm,"0.17"" of intense rain on 11/03/25",,11/04/25,2353,-70.752544,1.05E+00,-11.107034,8.21E-02,-5.487953,6.34E-02,,,
2354,Wet Center,11/5/25,,,1,"RV,XG",Stream,Baseflow,,,,,,,,,,,,,
2355,Wet Center,11/7/25,,,1,"RV,NA",Stream,Baseflow,,,,,,,,,,,,,
2356,Wet Center UP,11/7/25,,,2,"RV,NA",Stream,Baseflow,,,,,,,,,,,,,
2357,Wet Center,11/14/25,,,1,RV,Stream,Baseflow,,,,,,,,,,,,,
2358,Wet Center UP,11/14/25,,,1,RV,Stream,Baseflow,,,,,,,,,,,,,
2359,ELab II,,,10:02:00 AM,1,RV,Precipitation,Standards,snow. E Lab2. Standard Creation,,,,,,,,,,,,
2360,ELAB II,,,10:02,1,RV,Precipitation,Standards,snow. E Lab2,,,,,,,,,,,,
2361,Roaring,11/15/25,,,1,"TN,RV,XG,ZW",stream,13-site,,,,,,,,,,,,,
2362,Doolittle,11/15/25,,,1,"TN,RV,XG,ZW",stream,13-site,,,,,,,,,,,,,
2363,Eastman Up,11/15/25,,,1,"TN,RV,XG,ZW",stream,13-site,,,,,,,,,,,,,
2364,Eastman Down,11/15/25,,,1,"TN,RV,XG,ZW",stream,13-site,,,,,,,,,,,,,
2365,Mill site,11/15/25,,,1,"TN,RV,XG,ZW",stream,13-site,,,,,,,,,,,,,
2366,Knightly,11/15/25,,,1,"TN,RV,XG,ZW",stream,13-site,,,,,,,,,,,,,
2367,Lake Warner Outlet,11/15/25,,,1,"TN,RV,XG,ZW",stream,13-site,,,,,,,,,,,,,
2368,Campus Pond Down,11/15/25,,,1,"TN,RV,XG,ZW",stream,13-site,,,,,,,,,,,,,
2369,Campus Pond Up,11/15/25,,,1,"TN,RV,XG,ZW",stream,13-site,,,,,,,,,,,,,
2370,Tan Brook Down,11/15/25,,,1,"TN,RV,XG,ZW",stream,13-site,,,,,,,,,,,,,
2371,Horse Down,11/15/25,,,1,"TN,RV,XG,ZW",stream,13-site,,,,,,,,,,,,,
2372,Horse Up ,11/15/25,,,1,"TN,RV,XG,ZW",stream,13-site,,,,,,,,,,,,,
2373,Tan Brook Up ,11/15/25,,,1,"TN,RV,XG,ZW",stream,13-site,,,,,,,,,,,,,
2374,Wet Center,11/7/25,11/14/25,8:20:00 AM,1,RV,Precipitation,Precipation ,,,,,,,,,,,,,
2375,Wet Center,11/21/25,,6:55:00 AM,1,RV,Stream,Baseflow,,,,,,,,,,,,,
2376,Wet Center Upstream,11/21/25,,6:45:00 AM,1,RV,Stream,Baseflow,,,,,,,,,,,,,
2377,Lawrence Swamp,11/22/25,11/22/25,10:03:00 AM,1,"XG, RV, TN",Groundwater,XG ground water project ,10-08,,12/11/25,2377,-55.125192,7.16E-01,-8.416215,3.81E-02,-4.421877,4.40E-02,,,
2378,Lawrence Swamp,11/22/25,11/22/25,10:07:00 AM,1,"XG, RV, TN",Groundwater,XG ground water project ,11-08,,12/11/25,2378,-47.106389,2.10E-01,-7.58325,1.01E-01,-3.960408,1.69E-02,,,
2379,Lawrence Swamp,11/22/25,11/22/25,10:17:00 AM,1,"XG, RV, TN",Groundwater,XG ground water project ,08-08,,12/11/25,2379,-43.415932,3.40E-01,-6.834673,7.83E-02,-3.647776,4.48E-02,,,
2380,Lawrence Swamp,11/22/25,11/22/25,10:32:00 AM,1,"XG, RV, TN",Stream,XG ground water project ,Poor Farm Swamp,,12/11/25,2380,-48.101787,1.16E+00,-7.235826,1.62E-01,-3.723409,8.19E-02,,,
2381,Lawrence Swamp,11/22/25,11/22/25,10:47:00 AM,1,"XG, RV, TN",Groundwater,XG ground water project ,Unmarked. close by 4-08 and 2-85,,12/11/25,2381,-53.897285,6.98E-01,-8.633345,6.82E-02,-4.486849,7.30E-02,,,
2382,Lawrence Swamp,11/22/25,11/22/25,10:54:00 AM,1,"XG, RV, TN",Stream,XG ground water project ,3-83,,12/11/25,2382,-54.152723,2.88E-01,-8.611023,5.62E-02,-4.499405,4.47E-02,,,
2383,Lawrence Swamp,11/22/25,11/22/25,11:04:00 AM,1,"XG, RV, TN",Stream,XG ground water project ,Hop Brook ,,12/11/25,2383,-52.00057,6.33E-01,-8.135013,3.65E-02,-4.219571,4.15E-02,,,
2384,Lawrence Swamp,11/22/25,11/22/25,11:23:00 AM,1,"XG, RV, TN",Groundwater,XG ground water project ,2-78,,12/11/25,2384,-51.868945,7.18E-01,-8.328203,7.31E-02,-4.346498,4.92E-02,,,
2385,Lawrence Swamp,11/22/25,11/22/25,11:32:00 AM,1,"XG, RV, TN",Groundwater,XG ground water project ,1-78,,12/11/25,2385,-54.307928,6.39E-01,-8.604878,6.91E-02,-4.453456,5.08E-02,,,
2386,Lawrence Swamp,11/22/25,11/22/25,11:38:00 AM,1,"XG, RV, TN",Groundwater,XG ground water project ,Lawrence Swamp,,12/11/25,2386,-52.377506,2.42E-01,-8.164965,5.65E-02,-4.197567,3.33E-02,,,
2387,Lawrence Swamp,11/22/25,11/22/25,11:56:00 AM,1,"XG, RV, TN",Groundwater,XG ground water project ,3-89,,12/11/25,2387,-47.460846,1.21E+00,-7.339307,1.79E-01,-3.815013,3.28E-02,,,
2388,Lawrence Swamp,11/22/25,11/22/25,12:05:00 PM,1,"XG, RV, TN",Groundwater,XG ground water project ,2-89,,12/11/25,2388,-50.116164,1.06E+00,-7.746975,1.23E-01,-3.981847,4.48E-02,,,
2389,Wet Center,11/14/25,11/21/25,8:00:00 AM,1,RV,Precipitation,Precipation ,european collector,,,,,,,,,,,,
2390,Wet Center,11/14/25,11/21/25,8:00:00 AM,1,RV,Precipitation,Precipation ,homemade with love collector,,,,,,,,,,,,
2391,Wet Center,11/28/25,,,1,RV,stream,Baseflow,,,,,,,,,,,,,
2392,WC Upstream,11/28/25,,,1,RV,stream,Baseflow,,,,,,,,,,,,,
2393,E Lab 2,12/2/25,,,1,RV,Precipitation,PFAS,10am -4pm,,,,,,,,,,,,
2394,E Lab 2,,,,1,RV,Precipitation,IC+DOC,10am -4pm,,,,,,,,,,,,
2395,Woodside,7/17/25,,11:59:00 PM,1.917850199,CDG,Precipitation,Precipitation,,,11/17/2025,2395,-70.49634657,4.96E-01,-10.79289591,4.35E-02,-5.85E+00,5.73E-02,"Linear Spline Fit , 4 2Hck",,
2396,Woodside,7/17/25,,11:59:00 PM,1.919689588,CDG,Precipitation,Precipitation,,,11/17/2025,2396,-70.64578557,4.96E-01,-10.80752109,4.25E-02,-5.86E+00,5.73E-02,"Linear Spline Fit , 4 2Hck",,
2397,Woodside,7/18/25,,5:30:00 AM,1.921528977,CDG,Precipitation,Precipitation,,,11/17/2025,2397,-70.79522457,4.96E-01,-10.82214627,4.15E-02,-5.87E+00,5.73E-02,"Linear Spline Fit , 4 2Hck",,
2398,Woodside,7/18/25,,5:30:00 AM,1.923368366,CDG,Precipitation,Precipitation,,,11/17/2025,2398,-70.94466357,4.96E-01,-10.83677145,4.05E-02,-5.89E+00,5.74E-02,"Linear Spline Fit , 4 2Hck",,
2399,Woodside,7/19/25,,8:00:00 AM,1.925207755,CDG,Precipitation,Precipitation,,,11/17/2025,2399,-71.09410257,4.96E-01,-10.85139663,3.94E-02,-5.90E+00,5.74E-02,"Linear Spline Fit , 1 svol",,
2400,Woodside,7/19/25,,8:00:00 AM,1.927047144,CDG,Precipitation,Precipitation,,,11/17/2025,2400,-71.24354157,4.96E-01,-10.86602182,3.84E-02,-5.91E+00,5.75E-02,"Linear Spline Fit , 4 2Hck",,
2401,Woodside,7/25/25,,10:00:00 AM,1.928886533,CDG,Precipitation,Precipitation,,,11/12/2025,2401,-7.14E+01,4.96E-01,-1.09E+01,3.74E-02,-5.92E+00,5.75E-02,,,
2402,Woodside,7/25/25,,10:00:00 AM,1.930725922,CDG,Precipitation,Precipitation,,,11/29/2025,2402,-7.15E+01,4.96E-01,-1.09E+01,3.63E-02,-5.93E+00,5.75E-02,"Linear Spline Fit , 1 svol, 1 fvol, and 2 pressure flags",,
2403,Woodside,7/28/25,,7:00:00 PM,1.932565311,CDG,Precipitation,Precipitation,,,11/29/2025,2403,-7.17E+01,4.96E-01,-1.09E+01,3.53E-02,-5.94E+00,5.76E-02,Linear Spline Fit,,
2404,Woodside,7/28/25,,7:00:00 PM,1.9344047,CDG,Precipitation,Precipitation,,,11/29/2025,2404,-7.18E+01,4.96E-01,-1.09E+01,3.43E-02,-5.95E+00,5.76E-02,"Linear Spline Fit , 1 pressure , and 3 2Hck",,
2405,Roaring ,12/6/25,,,1,"TN, RV, KW, ZW",Stream,13- Site,,,,,,,,,,,,,
2406,Doolittle ,12/6/25,,,1,"TN, RV, KW, ZW",Stream,13- Site,,,,,,,,,,,,,
2407,Eastman Up,12/6/25,,,1,"TN, RV, KW, ZW",Stream,13- Site,,,,,,,,,,,,,
2408,Knightly,12/6/25,,,1,"TN, RV, KW, ZW",Stream,13- Site,,,,,,,,,,,,,
2409,Lake Warner Outlet,12/6/25,,,1,"TN, RV, KW, ZW",Stream,13- Site,,,,,,,,,,,,,
2410,Mill Site ,12/6/25,,,1,"TN, RV, KW, ZW",Stream,13- Site,,,,,,,,,,,,,
2411,Roaring,12/6/25,,,1,"TN, RV, KW, ZW",Stream,13- Site,,,,,,,,,,,,,
2412,Mill River ,12/6/25,,,1,"TN, RV, KW, ZW",Stream,13- Site,,,,,,,,,,,,,
2413,Lake Warner Outlet,12/6/25,,,1,"TN, RV, KW, ZW",Stream,13- Site,,,,,,,,,,,,,
2414,Knightly,12/6/25,,,1,"TN, RV, KW, ZW",Stream,13- Site,,,,,,,,,,,,,
2415,Campus Pond Down ,12/6/25,,,1,"TN, RV, KW, ZW",Stream,13- Site,,,,,,,,,,,,,
2416,Campus Pond Up,12/6/25,,,1,"TN, RV, KW, ZW",Stream,13- Site,,,,,,,,,,,,,
2417,Wet Center ,12/6/25,,,1,"TN, RV, KW, ZW",Stream,13- Site,,,,,,,,,,,,,
2418,WC Upstream,12/6/25,,,1,"TN, RV, KW, ZW",Stream,13- Site,,,,,,,,,,,,,
2419,Tan Brook Down ,12/6/25,,,1,"TN, RV, KW, ZW",Stream,13- Site,,,,,,,,,,,,,
2420,Tan Brook Up ,12/6/25,,,1,"TN, RV, KW, ZW",Stream,13- Site,,,,,,,,,,,,,
2421,Horse Up,12/6/25,,,1,"TN, RV, KW, ZW",Stream,13- Site,,,,,,,,,,,,,
2422,Horse Down ,12/6/25,,,1,"TN, RV, KW, ZW",Stream,13- Site,,,,,,,,,,,,,
2423,Lawrence Swamp,12/6/25,,,1,"XG,CG,RV",Groundwater,XG ground water project ,10-08,,12/11/25,2423,-52.095448,4.60E-01,-8.380419,3.96E-02,-4.269514,6.29E-02,,,
2424,Lawrence Swamp,12/6/25,,,1,"XG,CG,RV",Groundwater,XG ground water project ,11-08,,12/11/25,2424,-47.787469,1.60E+00,-7.935663,2.39E-01,-4.081389,1.49E-01,,,
2425,Lawrence Swamp,12/6/25,,,1,"XG,CG,RV",Groundwater,XG ground water project ,08-08,,12/11/25,2425,-43.014632,1.17E+00,-7.015499,6.57E-02,-3.637251,7.55E-02,,,
2426,Lawrence Swamp,12/6/25,,,1,"XG,CG,RV",Groundwater,XG ground water project ,3-89,,12/11/25,2426,-47.989996,1.07E+00,-7.87686,1.55E-01,-4.069986,7.76E-02,,,
2427,Lawrence Swamp,12/6/25,,,1,"XG,CG,RV",Groundwater,XG ground water project ,unmarked ,,12/11/25,2427,-53.290664,9.63E-01,-8.681607,1.15E-01,-4.472449,6.69E-02,,,
2428,Lawrence Swamp,12/6/25,,,1,"XG,CG,RV",Groundwater,XG ground water project ,1-78,,12/11/25,2428,-52.474642,1.20E+00,-8.492923,1.59E-01,-4.428929,7.29E-02,,,
2429,Lawrence Swamp,12/6/25,,,1,"XG,CG,RV",Groundwater,XG ground water project ,2-78,,12/11/25,2430,-51.998516,4.60E-01,-8.256546,2.03E-01,-4.305057,1.20E-01,,,
2430,Lawrence Swamp,12/6/25,,,1,"XG,CG,RV",Groundwater,XG ground water project ,3-83,,12/11/25,2431,-49.173917,7.10E-01,-7.909916,8.94E-02,-4.127234,8.44E-02,,,
2431,Lawrence Swamp,12/6/25,,,1,"XG,CG,RV",Groundwater,XG ground water project ,2-89,,12/11/25,2729,-51.252423,4.90E-01,-8.310683,4.64E-02,-4.351742,6.48E-02,,,
2432,Wet Center,12/12/25,,,1,"RV,KW",Stream,Baseflow,,,,,,,,,,,,,
2433,Wet Center Upstream,12/12/25,,,1,"RV,KW",Stream,Baseflow,,,,,,,,,,,,,
2434,Wet Center,1/10/26,,,1,"RV,KW",Stream,Baseflow,,,,,,,,,,,,,
2435,Wet Center Upstream,1/10/26,,,1,"RV,KW",Stream,Baseflow,,,,,,,,,,,,,
2436,Roaring,1/15/26,,,1,"RV,KW",Stream,13- Site,,,,,,,,,,,,,
2437,Doolittle ,1/15/26,,,1,"RV,KW",Stream,13- Site,,,,,,,,,,,,,
2438,Eastman Up,1/15/26,,,1,"RV,KW",Stream,13- Site,,,,,,,,,,,,,
2439,Eastman Down,1/15/26,,,1,"RV,KW",Stream,13- Site,,,,,,,,,,,,,
2440,Knightly,1/15/26,,,1,"RV,KW",Stream,13- Site,,,,,,,,,,,,,
2441,Lake Warner Outlet,1/15/26,,,1,"RV,KW",Stream,13- Site,,,,,,,,,,,,,
2442,Mill Site,1/15/26,,,1,"RV,KW",Stream,13- Site,,,,,,,,,,,,,
2443,Horse Up,1/15/26,,,1,"RV,KW",Stream,13- Site,,,,,,,,,,,,,
2444,Tan Brook Up ,1/15/26,,,1,"RV,KW",Stream,13- Site,,,,,,,,,,,,,
2445,Tan Brook Down,1/15/26,,,1,"RV,KW",Stream,13- Site,,,,,,,,,,,,,
2446,Horse Down,1/15/26,,,1,"RV,KW",Stream,13- Site,,,,,,,,,,,,,
2447,Campus Pond Up,1/15/26,,,1,"RV,KW",Stream,13- Site,,,,,,,,,,,,,
2448,Campus Pond Down,1/15/26,,,1,"RV,KW",Stream,13- Site,,,,,,,,,,,,,
2449,Wet Center,12/19/25,,,1,"KW,ZW",Stream,Baseflow,,,,,,,,,,,,,
2450,Wet Center Upstream,12/19/25,,,1,"KW,ZW",Stream,Baseflow,,,,,,,,,,,,,
2451,Wet Center,1/29/26,,,1,"RV,KW",Stream,Baseflow,,,,,,,,,,,,,
2452,Wet Center,2/16/26,,11:06:00 AM,1,"RV,SH,OW",Stream,Baseflow,,,,,,,,,,,,,
2453,M.R Rec Area,2/16/26,,11:50:00 AM,1,"RV,SH,OW",Stream,Practice,,,,,,,,,,,,,
2454,Wet Center,2/16/26,,2:50:00 PM,1,"RV,JC,OW",Stream,Baseflow,,,,,,,,,,,,,
2455,Wet Center,2/21/26,,11:04:00 AM,1,"RV,OW",Stream,Baseflow,,,,,,,,,,,,,
2456,Eastman Up,2/21/26,,11:56:00 AM,1,"RV,OW",Stream,13- Site,,,,,,,,,,,,,
2457,Eastman Down,2/21/26,,12:21:00 PM,1,"RV,OW",Stream,13- Site,,,,,,,,,,,,,
2458,Knightly,2/21/26,,12:40:00 PM,1,"RV,OW",Stream,13- Site,,,,,,,,,,,,,
2459,Mill Site,2/21/26,,12:59:00 PM,1,"RV,OW",Stream,13- Site,,,,,,,,,,,,,
2460,Lake Warner Outlet,2/21/26,,,1,"TN, SH, JC",Stream,13- Site,,,,,,,,,,,,,
2461,Tan Brook Up ,2/21/26,,,1,"TN, SH, JC",Stream,13- Site,,,,,,,,,,,,,
2462,Tan Brook Down,2/21/26,,,1,"TN, SH, JC",Stream,13- Site,,,,,,,,,,,,,
2463,Horse Up,2/21/26,,,1,"TN, SH, JC",Stream,13- Site,,,,,,,,,,,,,
2464,Horse Down,2/21/26,,,1,"TN, SH, JC",Stream,13- Site,,,,,,,,,,,,,
2465,Campus Pond Up,2/21/26,,,1,"TN, SH, JC",Stream,13- Site,,,,,,,,,,,,,
2466,Campus Pond Down,2/21/26,,,1,"TN, SH, JC",Stream,13- Site,,,,,,,,,,,,,
2467,Wet Center,2/27/26,,8:30:00 AM,1,RV,Stream,Baseflow,,,,,,,,,,,,,
2468,Wet Center,3/4/26,,9:55:00 AM,1,RV,Stream,Baseflow,,,,,,,,,,,,,
2469,Wet Center,3/4/26,,12:21:00 PM,1,"RV,JC",Stream,Baseflow,,,,,,,,,,,,,
2470,Wet Center,3/4/26,,2:25 PM,1,"RV,JC,OW",Stream,Baseflow,,,,,,,,,,,,,
2471,Wet Center,3/9/26,,2:37:00 PM,1,"RV,JC,OW",Stream,Baseflow,,,,,,,,,,,,,
2472,Wet Center,3/16/26,,3:40:00 PM,1,RV,Stream,Baseflow,,,,,,,,,,,,,
2473,Wet Center,3/23/26,,2:30:00 PM,1,"RV, JC, OW",Stream,Baseflow,,,,,,,,,,,,,
2474,Tan Brook Up ,3/28/26,,9:29:00 AM,`1,"OW, KW",Stream,Spatial,,,,,,,,,,,,,
2475,Campus Pond UP,3/28/26,,9:51:00 AM,1,"OW, KW",Stream,Spatial,,,,,,,,,,,,,
2476,Campus Pond Down,3/28/26,,10:03:00 AM,1,"OW, KW",Stream,Spatial,,,,,,,,,,,,,
2477,Roaring,3/28/26,,10:37:00 AM,1,"OW, KW",Stream,Spatial,,,,,,,,,,,,,
2478,Doolittle,3/28/26,,10:56:00 AM,1,"OW, KW",Stream,Spatial,,,,,,,,,,,,,
2479,Eastman Up,3/28/26,,11:26:00 AM,1,"OW, KW",Stream,Spatial,,,,,,,,,,,,,
2480,Eastman Down,3/28/26,,11:53:00 AM,1,"OW, KW",Stream,Spatial,,,,,,,,,,,,,
2481,Knightly,3/28/26,,12:24:00 PM,1,"OW, KW",Stream,Spatial,,,,,,,,,,,,,
2482,Mill Site,3/28/26,,12:45:00 PM,1,"OW, KW",Stream,Spatial,,,,,,,,,,,,,
2483,Lake Warner Outlet,3/28/26,,1:17:00 AM,1,"OW, KW",Stream,Spatial,,,,,,,,,,,,,
2484,Horse Up,3/28/26,,1:44:00 PM,1,"OW, KW",Stream,Spatial,,,,,,,,,,,,,
2485,Horse Down,3/28/26,,2:02:00 PM,1,"OW, KW",Stream,Spatial,,,,,,,,,,,,,
2486,Wet Center,3/28/26,,2:22:00 PM,1,"OW, KW",Stream,Spatial,,,,,,,,,,,,,
2487,Tan Brook Down,3/28/26,,2:40:00 PM,1,"OW, KW",Stream,Spatial,,,,,,,,,,,,,
2488,Wet Center,3/30/26,,4:10 PM,1,"JC,RV",Stream,Baseflow,,,,,,,,,,,,,
2489,Wet Center,4/6/26,,8:08:00 AM,1,RV,Stream,,,,,,,,,,,,,,
2490,Wet Center,4/13/26,,2:28:00 PM,1,"JC, RV, OW",Stream,Baseflow,,,,,,,,,,,,,