Sample_ID,Florida_County_Name,Latitude,Longitude
MRT-1341-038,Martin_County,"26°58'18.408""N","80°43'42.3228""W"
CIT-0960-028,Citrus_county,"28°56'28""N","82°22'38""W"
CLR-1911-093,Collier_County,"25°56'25.8""N","81°28'12.6""W"
FLG-0387-004,Flagler_County,"29°34'53.5008""N","81°12'40.0068""W"
FLG-0388-005,Flagler_County,"29°35'32.0712""N","81°12'19.8072""W"
FLG-0391-008,Flagler_County,"29°34'10.8696""N","81°12'17.28""W"
FLG-0392-009,Flagler_County,"29°33'48.4092""N","81°12'34.164""W"
FLG-1395-012,Flagler_County,"29°40'04.1""N","81°12'59.2""W"
FLG-1548-015,Flagler_County,"29°36'56.52""N","81°12'17.28""W"
FLG-1552-019,Flagler_County,"29°34'24.96""N","81°13'58.44""W"
FLG-1554-021,Flagler_County,"29°39'12.96""N","81°14'33""W"
FLG-1555-022,Flagler_County,"29°39'32.76""N","81°14'13.56""W"
IDR-0073-005,Indian_River_County,"27°59'16.8""N","80°40'15.6""W"
IDR-0074-006,Indian_River_County,"28°0'50.4""N","80°38'45.6""W"
IDR-0090-011,Indian_River_County,"27°35'19.9752""N","80°24'20.394""W"
IDR-1412-017,Indian_River_County,"27°39'55.88""N","80°21'37.42""W"
IDR-1414-019,Indian_River_County,"27°47'46.35""N","80°25'27.51""W"
IDR-1720-021,Indian_River_County,"27°48'8""N","80°25'53""W"
MRT-0142-003,Martin_County,"27°6'1.3212""N","80°9'56.412""W"
CLR-1916-098,Collier_County,"25°53'29.4""N","81°16'14.7""W"
MRT-0148-008,Martin_County,"27°9'53.8488""N","80°10'57.0864""W"
MRT-0154-011,Martin_County,"27°12'21.5892""N","80°22'18.9048""W"
MRT-0175-012,Martin_County,"27°12'0.757698""N","80°9'58.196387""W"
MRT-0185-016,Martin_County,"27°12'9.062974""N","80°11'57.247200""W"
MRT-0746-022,Martin_County,"27°12'9""N","80°8'29.76""W"
MRT-1308-028,Martin_County,"27°1'34.788""N","80°46'59.0664""W"
MRT-1309-029,Martin_County,"27°0'4.896""N","80°47'36.3444""W"
MRT-1310-030,Martin_County,"26°58'27.3""N","80°47'40.002""W"
MRT-1327-034,Martin_County,"26°58'17.652""N","80°45'38.4012""W"
CLR-1919-101,Collier_County,"25°51'34""N","81°6'2.2""W"
MRT-1361-044,Martin_County,"27°5'26.844""N","80°40'0.534""W"
MRT-1362-045,Martin_County,"27°4'7.32""N","80°39'43.3836""W"
MRT-1365-048,Martin_County,"26°58'29.244""N","80°39'45.4716""W"
LEV-0108-001,Levy_County,"29°15'44.28""N","83°10'25.32""W"
LEV-0289-002,Levy_County,"29°1'31.5264""N","82°40'10.1424""W"
LEV-0290-003,Levy_County,"29°1'59.5524""N","82°34'25.9824""W"
LEV-0292-005,Levy_County,"29°0'4.1688""N","82°45'41.0976""W"
LEV-1198-007,Levy_County,"29°8'6.828""N","83°2'41.9424""W"
CLR-1903-085,Collier_County,"25°58'14""N","81°21'6.7""W"
CLR-1946-103,Collier_County,"26°1'21.3""N","81°36'41.2""W"
LEV-1422-010,Levy_County,"29°23'47.52""N","83°1'32.8""W"
VOL-0942-003,Volusia_County,"28°51'46.4076""N","81°18'37.2024""W"
VOL-1079-006,Volusia_County,"29°16'2""N","81°5'16""W"
VOL-1080-007,Volusia_County,"29°18'17""N","81°5'38""W"
CLR-1904-086,Collier_County,"26°9'21.5""N","81°15'59.2""W"
BAK-1438-002,Baker_County,"30°48'14.31""N","82°25'7.29""W"
BAK-2159-003,Baker_County,"30°20'26.6""N","82°11'52.8""W"
BAK-2168-005,Baker_County,"30°33'40.3""N","82°15'38.5""W"
BAK-2181-010,Baker_County,"30°34'00.1""N","82°13'58.5""W"
CIT-0266-004,Citrus_county,"28°52'35.0076""N","82°35'43.9296""W"
CIT-0269-007,Citrus_county,"28°53'33.648""N","82°36'38.9952""W"
CIT-0272-010,Citrus_county,"28°54'40.1184""N","82°41'32.8596""W"
CIT-0278-012,Citrus_county,"29°0'30.6792""N","82°23'18.2112""W"
CIT-0281-014,Citrus_county,"28°53'55.1256""N","82°37'13.8288""W"
CIT-0284-017,Citrus_county,"28°54'57.366""N","82°37'40.1376""W"
CIT-0285-018,Citrus_county,"28°54'25.9956""N","82°37'38.3916""W"
CIT-0288-021,Citrus_county,"29°0'47.0628""N","82°39'43.5852""W"
CIT-0356-023,Citrus_county,"28°59'19""N","82°20'59""W"
CIT-0963-031,Citrus_county,"28°50'20""N","82°19'35""W"
CLR-1908-090,Collier_County,"25°58'18.9""N","81°30'34.5""W"
CIT-1170-036,Citrus_county,"28°48'26""N","82°18'15""W"
DIX-0109-001,Dixie_County,"29°21'16.92""N","83°13'56.64""W"
DIX-0111-003,Dixie_County,"29°23'44.88""N","83°13'20.28""W"
DIX-0113-005,Dixie_County,"29°27'43.56""N","83°20'40.92""W"
DIX-0115-007,Dixie_County,"29°33'8.64""N","83°23'29.04""W"
DIX-1425-011,Dixie_County,"29°35'19.89""N","82°56'15.23""W"
FLG-0384-001,Flagler_County,"29°35'56.796""N","81°15'23.7852""W"
CLR-1902-084,Collier_County,"26°8'38.6""N","81°21'9.8""W"
FLG-0386-003,Flagler_County,"29°34'35.2272""N","81°13'51.978""W"
FLG-0389-006,Flagler_County,"29°36'13.4172""N","81°12'16.1172""W"
FLG-0390-007,Flagler_County,"29°34'35.634""N","81°11'37.8636""W"
FLG-0393-010,Flagler_County,"29°32'58.6824""N","81°13'41.6136""W"
CLR-1912-094,Collier_County,"25°55'52.9""N","81°26'40""W"
FLG-1397-013,Flagler_County,"29°39'51.5""N","81°13'44.1""W"
FLG-1549-016,Flagler_County,"29°36'54.36""N","81°12'10.44""W"
FLG-1550-017,Flagler_County,"29°33'33.12""N","81°10'33.24""W"
FLG-1551-018,Flagler_County,"29°35'0.96""N","81°12'47.88""W"
FLG-1553-020,Flagler_County,"29°38'13.92""N","81°16'0.48""W"
CLR-1913-095,Collier_County,"25°55'25.5""N","81°25'6.4""W"
FLG-1556-023,Flagler_County,"29°39'7.56""N","81°16'37.92""W"
IDR-0069-001,Indian_River_County,"27°37'58.8""N","80°29'56.4""W"
IDR-0070-002,Indian_River_County,"27°39'0""N","80°23'56.4""W"
IDR-0071-003,Indian_River_County,"27°39'0""N","80°23'16.8""W"
IDR-0072-004,Indian_River_County,"27°37'44.4""N","80°21'28.8""W"
CLR-1914-096,Collier_County,"25°54'52.9""N","81°22'24""W"
IDR-0089-010,Indian_River_County,"27°36'13.7448""N","80°23'14.4996""W"
IDR-1407-012,Indian_River_County,"27°47'46.29""N","80°29'3.69""W"
IDR-1408-013,Indian_River_County,"27°46'10.19""N","80°30'39.49""W"
IDR-1409-014,Indian_River_County,"27°45'54.93""N","80°27'56.71""W"
IDR-1410-015,Indian_River_County,"27°38'44.34""N","80°25'36.94""W"
IDR-1411-016,Indian_River_County,"27°37'53.12""N","80°21'1.34""W"
IDR-1413-018,Indian_River_County,"27°45'40.55""N","80°25'0.6""W"
CLR-1915-097,Collier_County,"25°54'19.1""N","81°20'55.6""W"
IDR-1719-020,Indian_River_County,"27°47'54""N","80°29'43""W"
IDR-1721-022,Indian_River_County,"27°49'12""N","80°30'29""W"
MRT-0139-001,Martin_County,"26°58'35.4144""N","80°8'29.5764""W"
MRT-0141-002,Martin_County,"27°3'57.5388""N","80°7'29.6472""W"
MRT-0143-004,Martin_County,"27°6'4.9896""N","80°8'28.95""W"
MRT-0146-006,Martin_County,"27°8'57.318""N","80°11'42.18""W"
MRT-0147-007,Martin_County,"27°8'49.254""N","80°11'26.4984""W"
MRT-0149-009,Martin_County,"27°9'14.9652""N","80°10'16.68""W"
MRT-0150-010,Martin_County,"27°10'57.8568""N","80°12'23.1408""W"
MRT-0176-013,Martin_County,"26°58'35.664335""N","80°7'54.290478""W"
MRT-0178-014,Martin_County,"27°9'51.350685""N","80°11'37.669152""W"
MRT-0179-015,Martin_County,"27°9'42.618536""N","80°15'25.816376""W"
CLR-1917-099,Collier_County,"25°52'35.6""N","81°13'41.1""W"
MRT-0186-017,Martin_County,"27°12'8.765580""N","80°15'29.366586""W"
MRT-0245-018,Martin_County,"26°59'3.8508""N","80°37'12.2448""W"
MRT-0246-019,Martin_County,"27°6'31.4172""N","80°17'13.398""W"
MRT-0744-020,Martin_County,"27°6'41.76""N","80°15'22.32""W"
MRT-0745-021,Martin_County,"27°11'15.36""N","80°16'12.36""W"
MRT-0747-023,Martin_County,"27°9'44.64""N","80°11'38.4""W"
CLR-1918-100,Collier_County,"25°52'1.6""N","81°8'0.4""W"
MRT-0748-024,Martin_County,"27°6'49.32""N","80°16'56.64""W"
MRT-0749-025,Martin_County,"27°1'6.24""N","80°26'34.116""W"
MRT-1292-027,Martin_County,"26°58'31.476""N","80°49'42.0996""W"
MRT-1324-031,Martin_County,"27°3'34.488""N","80°45'13.734""W"
MRT-1326-033,Martin_County,"27°0'4.248""N","80°45'43.6572""W"
MRT-1340-037,Martin_County,"27°0'19.548""N","80°43'43.4316""W"
MRT-1353-041,Martin_County,"27°2'5.352""N","80°41'42.9288""W"
MRT-1363-046,Martin_County,"27°2'17.844""N","80°39'31.0968""W"
MRT-1369-049,Martin_County,"27°0'18.72""N","80°37'48.72""W"
MRT-1370-050,Martin_County,"26°58'20.748""N","80°37'43.5972""W"
CLR-1941-102,Collier_County,"26°10'28.8""N","80°53'41""W"
LEV-0291-004,Levy_County,"29°1'50.8908""N","82°42'45.882""W"
LEV-1197-006,Levy_County,"29°9'53.1864""N","83°1'36.9336""W"
LEV-1199-008,Levy_County,"29°8'57.2784""N","83°2'24.9468""W"
LEV-1200-009,Levy_County,"29°8'23.0172""N","83°2'4.5564""W"
LEV-1424-011,Levy_County,"29°31'4.67""N","82°58'13.86""W"
LEV-1467-012,Levy_County,"29°21'13.15""N","82°44'7.86""W"
LEV-1690-013,Levy_County,"29°29'22.0""N","82°58'37.7""W"
LEV-1855-015,Levy_County,"29°08'10.0""N","83°01'47.7""W"
VOL-0730-002,Volusia_County,"29°10'3""N","81°31'18""W"
VOL-0946-004,Volusia_County,"28°47'10.0104""N","81°10'49.5336""W"
VOL-1078-005,Volusia_County,"29°16'26""N","81°7'41""W"
VOL-1081-008,Volusia_County,"29°20'32""N","81°5'14""W"
BAK-0083-001,Baker_County,"30°12'52.9056""N","82°25'49.4256""W"
BAK-2165-004,Baker_County,"30°21'06.5""N","82°07'42.9""W"
BAK-2170-006,Baker_County,"30°25'58.3""N","82°13'52.1""W"
BAK-2171-007,Baker_County,"30°32'08.7""N","82°14'50.2""W"
BAK-2174-008,Baker_County,"30°32'57.1""N","82°10'18.3""W"
BAK-2177-009,Baker_County,"30°31'27.8""N","82°13'48.5""W"
CIT-0243-001,Citrus_county,"28°53'41.01""N","82°35'36.0312""W"
CLR-1905-087,Collier_County,"25°59'14.3""N","81°34'13.2""W"
CIT-0265-003,Citrus_county,"28°53'3.012""N","82°35'34.5624""W"
CIT-0267-005,Citrus_county,"28°52'53.796""N","82°38'1.5792""W"
CIT-0268-006,Citrus_county,"28°53'5.64""N","82°36'15.8256""W"
CIT-0270-008,Citrus_county,"28°53'43.0332""N","82°38'6.0432""W"
CIT-0271-009,Citrus_county,"28°54'16.074""N","82°38'26.574""W"
CIT-0277-011,Citrus_county,"28°59'28.3776""N","82°21'12.2148""W"
CLR-1906-088,Collier_County,"25°57'53.8""N","81°31'39.2""W"
CIT-0280-013,Citrus_county,"29°2'27.5928""N","82°30'8.0388""W"
CIT-0282-015,Citrus_county,"28°53'26.394""N","82°35'44.3544""W"
CIT-0283-016,Citrus_county,"28°53'41.082""N","82°35'30.552""W"
CIT-0286-019,Citrus_county,"28°54'32.796""N","82°38'17.3112""W"
CIT-0287-020,Citrus_county,"29°0'28.1196""N","82°36'58.77""W"
CLR-1907-089,Collier_County,"25°57'33.2""N","81°30'36.2""W"
CIT-0355-022,Citrus_county,"28°50'9""N","82°19'39""W"
CIT-0357-024,Citrus_county,"28°50'14""N","82°38'53""W"
CIT-0358-025,Citrus_county,"28°48'5""N","82°36'11""W"
CIT-0359-026,Citrus_county,"28°47'3""N","82°37'12""W"
CIT-0360-027,Citrus_county,"28°42'55""N","82°34'37""W"
CIT-0961-029,Citrus_county,"28°54'6""N","82°22'24""W"
CIT-0962-030,Citrus_county,"28°50'41""N","82°19'20""W"
CIT-1167-033,Citrus_county,"28°53'1""N","82°18'11""W"
CIT-1168-034,Citrus_county,"28°50'25""N","82°19'44""W"
CIT-1169-035,Citrus_county,"28°49'59""N","82°19'1""W"
CIT-1171-037,Citrus_county,"28°47'11""N","82°15'43""W"
CLR-1909-091,Collier_County,"25°57'21""N","81°29'19.2""W"
DIX-0110-002,Dixie_County,"29°24'9""N","83°14'4.2""W"
DIX-0112-004,Dixie_County,"29°26'40.2""N","83°12'11.52""W"
DIX-0114-006,Dixie_County,"29°29'40.92""N","83°21'12.96""W"
DIX-0116-008,Dixie_County,"29°33'54""N","83°21'50.76""W"
DIX-1421-009,Dixie_County,"29°19'15.99""N","83°8'40.1""W"
CLR-1910-092,Collier_County,"25°56'38.2""N","81°28'28.4""W"
DIX-1423-010,Dixie_County,"29°27'49.83""N","83°0'1.73""W"
DIX-1679-012,Dixie_County,"29°46'46.8""N","82°56'23.4""W"
DIX-1689-013,Dixie_County,"29°35'23.9""N","82°56'15.9""W"
FLG-0385-002,Flagler_County,"29°36'31.3812""N","81°16'27.1488""W"
ESC-1793-033,Escambia_County,"30°27'49.1""N","87°22'41.2""W"
ESC-1794-034,Escambia_County,"30°27'14.3""N","87°21'40""W"
ESC-1796-035,Escambia_County,"30°27'4.8""N","87°23'20.1""W"
ESC-1799-037,Escambia_County,"30°33'44.3""N","87°13'5.7""W"
VOL-1092-019,Volusia_County,"29°1'46""N","80°54'14""W"
ESC-1808-043,Escambia_County,"30°28'26""N","87°12'35.6""W"
ESC-1810-045,Escambia_County,"30°25'11.7""N","87°11'36.9""W"
ESC-1811-046,Escambia_County,"30°23'60""N","87°14'32.6""W"
ESC-1813-048,Escambia_County,"30°21'9.8""N","87°25'18.4""W"
LAK-2284-039,Lake_County,"28°42'37.2672""N","81°44'46.734""W"
LAK-2287-042,Lake_County,"28°54'9.4212""N","81°37'4.2024""W"
ORA-2290-072,Orange_County,"28°36'1.89""N","81°26'3.5088""W"
VOL-1094-021,Volusia_County,"29°2'47""N","80°56'31""W"
LAK-2288-043,Lake_County,"29°0'46.7316""N","81°38'5.0748""W"
VOL-2272-042,Volusia_County,"29°4'51.9996""N","80°58'1.9992""W"
BRO-2255-059,Broward_County,"26°7'1.7076""N","80°8'59.7264""W"
VOL-1096-023,Volusia_County,"29°3'4""N","80°57'38""W"
LAK-2281-036,Lake_County,"28°51'26.1684""N","81°54'0.144""W"
SAR-2248-102,Sarasota_County,"27°2'43.8""N","82°17'38.04""W"
VOL-1097-024,Volusia_County,"29°3'4""N","80°57'38""W"
VOL-2280-050,Volusia_County,"29°6'22.968""N","80°56'29.976""W"
BRO-2250-054,Broward_County,"26°7'9.3""N","80°6'28.836""W"
VOL-2275-045,Volusia_County,"28°59'35.988""N","80°54'10.98""W"
BRO-2252-056,Broward_County,"26°13'47.532""N","80°17'50.784""W"
LAK-2282-037,Lake_County,"28°48'52.4268""N","81°52'7.428""W"
WAS-2202-001,Washington_County,"30°44'31.884""N","85°33'10.836""W"
SAR-2245-099,Sarasota_County,"27°14'28.32""N","82°18'49.68""W"
SAN-2200-040,Santa_Rosa_County,"30°57'7.128""N","87°5'40.056""W"
BAY-2186-034,Bay_County,"30°18'54.396""N","85°48'47.484""W"
DES-2240-007,Desoto_County,"27°13'26.886""N","81°52'55.2972""W"
HAR-2241-001,Hardee_County,"27°30'13.6728""N","81°48'20.3616""W"
WAS-2214-004,Washington_County,"30°27'3.834""N","85°53'55.9464""W"
MTE-2243-048,Manatee_County,"27°19'15.96""N","82°14'54.24""W"
WAS-2215-005,Washington_County,"30°32'17.6316""N","85°51'44.1""W"
BAY-2187-035,Bay_County,"30°25'54.948""N","85°32'42.936""W"
WAS-2216-006,Washington_County,"30°36'18.99""N","85°45'55.4436""W"
HOL-2193-001,Holmes_County,"30°52'44.184""N","85°39'41.976""W"
DAD-2307-100,Miami-Dade_County,"25°47'1.968""N","80°11'7.98""W"
BRO-2313-063,Broward_County,"26°9'56.988""N","80°15'3.996""W"
OKA-2206-060,Okaloosa_County,"30°45'12.3048""N","86°30'34.9488""W"
HOL-2195-003,Holmes_County,"30°56'51.036""N","85°50'34.692""W"
HOL-2194-002,Holmes_County,"30°48'44.136""N","86°1'31.116""W"
OKA-2198-058,Okaloosa_County,"30°55'31.188""N","86°33'30.96""W"
WAS-2203-002,Washington_County,"30°43'37.92""N","85°31'52.284""W"
WAL-2213-018,Walton_County,"30°21'8.0892""N","86°15'5.922""W"
VOL-1083-010,Volusia_County,"29°13'2""N","81°6'35""W"
VOL-1102-029,Volusia_County,"29°5'6""N","81°1'32""W"
DAD-2301-094,Miami-Dade_County,"25°41'20.976""N","80°20'47.976""W"
BRO-2312-062,Broward_County,"26°10'9.984""N","80°10'16.968""W"
BRO-2310-060,Broward_County,"26°13'46.992""N","80°15'14.976""W"
DAD-2304-097,Miami-Dade_County,"25°43'12""N","80°19'34.968""W"
DAD-2300-093,Miami-Dade_County,"25°39'56.988""N","80°24'9.972""W"
JEF-2412-004,Jefferson_County,"30°3'39.852""N","83°54'23.184""W"
DAD-2308-101,Miami-Dade_County,"25°50'51""N","80°7'18.984""W"
VOL-1104-031,Volusia_County,"29°8'11""N","81°3'9""W"
VOL-1517-032,Volusia_County,"29°0'37.53""N","81°22'57.41""W"
VOL-1519-034,Volusia_County,"28°55'22.98""N","81°11'30.4""W"
VOL-1533-036,Volusia_County,"29°8'2.97""N","81°21'48.12""W"
VOL-1084-011,Volusia_County,"29°15'25""N","81°7'41""W"
SAN-1566-004,Santa_Rosa_County,"30°23'53.3148""N","87°2'53.8368""W"
SAN-1567-005,Santa_Rosa_County,"30°22'24.4956""N","87°5'30.7356""W"
SAN-1576-008,Santa_Rosa_County,"30°35'46.932""N","87°1'44.202""W"
SAN-1780-011,Santa_Rosa_County,"30°37'6.2""N","87°1'58""W"
SAN-1784-015,Santa_Rosa_County,"30°29'52.2""N","87°5'53""W"
VOL-1086-013,Volusia_County,"29°11'6""N","81°5'5""W"
SAN-1795-017,Santa_Rosa_County,"30°26'55.7""N","86°54'57""W"
SAN-1801-019,Santa_Rosa_County,"30°32'30.4""N","87°10'2.6""W"
SAN-1802-020,Santa_Rosa_County,"30°36'4.6""N","87°14'3.8""W"
SAN-1964-026,Santa_Rosa_County,"30°23'7""N","87°2'6.7""W"
SAN-1966-028,Santa_Rosa_County,"30°23'3.2""N","87°1'32.9""W"
SAN-1967-029,Santa_Rosa_County,"30°23'28.9""N","86°58'55.6""W"
SAN-1969-031,Santa_Rosa_County,"30°24'30.6""N","87°0'8.8""W"
SAN-2137-033,Santa_Rosa_County,"30°36'11.07""N","87°1'48.3816""W"
ESC-0787-003,Escambia_County,"30°22'27.2244""N","87°16'32.9268""W"
ESC-0791-007,Escambia_County,"30°30'21.6396""N","87°9'39.4704""W"
VOL-1088-015,Volusia_County,"29°9'58""N","81°9'45""W"
ESC-1111-012,Escambia_County,"30°32'44.02351""N","87°13'45.95684""W"
ESC-1116-015,Escambia_County,"30°27'3.05546""N","87°16'48.72990""W"
ESC-1415-016,Escambia_County,"30°28'43.59""N","87°16'6.9""W"
ESC-1536-020,Escambia_County,"30°27'18.46""N","87°10'2.35""W"
ESC-1570-021,Escambia_County,"30°17'38.8068""N","87°28'11.1972""W"
ESC-1575-026,Escambia_County,"30°28'46.362""N","87°9'43.4088""W"
ESC-1785-027,Escambia_County,"30°23'46.1""N","87°10'58.7""W"
VOL-1082-009,Volusia_County,"29°18'28""N","81°2'47""W"
ESC-1792-032,Escambia_County,"30°25'49""N","87°20'32.6""W"
ESC-1798-036,Escambia_County,"30°30'54.7""N","87°9'29""W"
ESC-1803-039,Escambia_County,"30°35'53.1""N","87°14'48.1""W"
ESC-1804-040,Escambia_County,"30°35'45.3""N","87°14'31.1""W"
ESC-1807-042,Escambia_County,"30°32'51.3""N","87°19'49.2""W"
ESC-1812-047,Escambia_County,"30°22'52.1""N","87°16'56""W"
ESC-1814-049,Escambia_County,"30°18'53.9""N","87°23'2""W"
VOL-1093-020,Volusia_County,"29°4'4""N","80°54'30""W"
LAK-2285-040,Lake_County,"28°54'10.3464""N","81°48'22.7304""W"
LAK-2286-041,Lake_County,"28°56'11.3748""N","81°43'1.2072""W"
LAK-2289-044,Lake_County,"29°2'45.708""N","81°30'30.762""W"
ORA-2293-075,Orange_County,"28°31'44.2092""N","81°24'25.2144""W"
ORA-2292-074,Orange_County,"28°32'4.7832""N","81°25'24.2076""W"
VOL-2274-044,Volusia_County,"29°2'0.996""N","80°53'22.992""W"
VOL-2273-043,Volusia_County,"29°1'20.964""N","80°57'36.972""W"
ORA-2294-076,Orange_County,"28°46'6.312""N","81°39'18.3852""W"
PAL-2256-149,Palm_Beach_County,"26°21'22.176""N","80°17'59.352""W"
ORA-2207-061,Orange_County,"28°36'36""N","81°16'41.16""W"
HOL-2205-004,Holmes_County,"30°39'26.1468""N","85°54'11.9808""W"
VOL-2279-049,Volusia_County,"28°59'26.988""N","80°51'55.98""W"
BRO-2249-053,Broward_County,"26°18'4.464""N","80°15'45.648""W"
VOL-2277-047,Volusia_County,"29°1'53.976""N","80°56'47.976""W"
VOL-2278-048,Volusia_County,"29°1'39""N","80°55'16.968""W"
WAL-2211-016,Walton_County,"30°23'28.4604""N","86°22'43.248""W"
VOL-1098-025,Volusia_County,"29°5'36""N","80°58'26""W"
JAC-2197-004,Jackson_County,"30°50'59.604""N","85°15'34.092""W"
ESC-2190-056,Escambia_County,"30°56'3.192""N","87°16'10.164""W"
VOL-1099-026,Volusia_County,"29°9'7""N","80°58'28""W"
SAR-2247-101,Sarasota_County,"27°1'58.8""N","82°15'0""W"
BRO-2254-058,Broward_County,"26°9'13.824""N","80°7'43.392""W"
BRO-2253-057,Broward_County,"26°9'48.348""N","80°8'8.16""W"
JAC-2196-003,Jackson_County,"30°47'25.5768""N","85°8'25.9368""W"
SAR-2244-098,Sarasota_County,"27°18'4.32""N","82°15'13.32""W"
ESC-2192-058,Escambia_County,"30°43'25.824""N","87°18'21.204""W"
ESC-2191-057,Escambia_County,"30°51'18.648""N","87°18'42.012""W"
OKA-2208-062,Okaloosa_County,"30°22'59.6424""N","86°26'56.1948""W"
WAL-2212-17,Walton_County,"30°22'4.6308""N","86°17'29.0436""W"
VOL-1101-028,Volusia_County,"29°9'47""N","81°3'26""W"
WAL-2201-015,Walton_County,"30°59'43.908""N","86°19'0.3""W"
BAY-2185-033,Bay_County,"30°17'44.484""N","85°51'25.992""W"
ESC-2188-054,Escambia_County,"30°57'59.832""N","87°14'3.84""W"
DAD-2309-102,Miami-Dade_County,"25°54'7.992""N","80°7'32.988""W"
OKA-2199-059,Okaloosa_County,"30°56'14.172""N","86°45'10.188""W"
BRO-2311-061,Broward_County,"26°11'24.972""N","80°10'30""W"
DAD-2305-098,Miami-Dade_County,"25°46'10.056""N","80°21'48.492""W"
VOL-1103-030,Volusia_County,"29°6'31""N","81°2'4""W"
HAM-2411-009,Hamilton_County,"30°20'22.344""N","82°49'8.616""W"
VOL-1518-033,Volusia_County,"29°1'57.33""N","81°16'19.74""W"
VOL-1520-035,Volusia_County,"28°51'44.14""N","81°15'10.34""W"
SAN-0792-001,Santa_Rosa_County,"30°28'20.0028""N","87°5'38.9076""W"
SAN-1112-002,Santa_Rosa_County,"30°33'40.97638""N","87°11'35.94485""W"
SAN-1113-003,Santa_Rosa_County,"30°37'26.04373""N","87°2'8.93144""W"
SAN-1568-006,Santa_Rosa_County,"30°31'25.8168""N","87°5'34.2816""W"
VOL-1085-012,Volusia_County,"29°15'59""N","81°6'44""W"
SAN-1569-007,Santa_Rosa_County,"30°36'7.974""N","87°1'44.4216""W"
SAN-1577-009,Santa_Rosa_County,"30°50'49.398""N","86°59'2.2848""W"
SAN-1578-010,Santa_Rosa_County,"30°51'39.186""N","86°51'8.9028""W"
SAN-1782-013,Santa_Rosa_County,"30°32'55.9""N","87°6'22.9""W"
SAN-1783-014,Santa_Rosa_County,"30°40'14.2""N","87°15'54.4""W"
SAN-1787-016,Santa_Rosa_County,"30°37'38.4""N","87°2'0.2""W"
SAN-1797-018,Santa_Rosa_County,"30°33'28.4""N","86°58'55.3""W"
SAN-1858-024,Santa_Rosa_County,"30°37'14.5""N","86°50'0""W"
SAN-1965-027,Santa_Rosa_County,"30°23'3.3""N","87°1'43.7""W"
VOL-1087-014,Volusia_County,"29°10'57""N","81°2'49""W"
SAN-1968-030,Santa_Rosa_County,"30°23'23.3""N","87°2'6.5""W"
SAN-2136-032,Santa_Rosa_County,"30°34'52.5""N","87°9'40.2948""W"
ESC-0785-001,Escambia_County,"30°21'44.8524""N","87°20'40.5528""W"
ESC-0786-002,Escambia_County,"30°22'38.7768""N","87°19'0.2136""W"
ESC-0790-006,Escambia_County,"30°25'55.5924""N","87°11'19.7556""W"
ESC-0793-008,Escambia_County,"30°32'49.4484""N","87°11'46.4604""W"
VOL-1089-016,Volusia_County,"29°13'24""N","81°0'19""W"
ESC-1110-011,Escambia_County,"30°25'51.05893""N","87°11'16.35549""W"
ESC-1114-013,Escambia_County,"30°24'21.13485""N","87°12'52.53465""W"
ESC-1416-017,Escambia_County,"30°18'3.02""N","87°26'49.24""W"
VOL-1090-017,Volusia_County,"29°13'48""N","81°1'24""W"
ESC-1571-022,Escambia_County,"30°22'6.7692""N","87°24'34.8588""W"
ESC-1573-024,Escambia_County,"30°18'42.5736""N","87°25'20.208""W"
ESC-1574-025,Escambia_County,"30°25'34.4208""N","87°11'11.8176""W"
ESC-1789-029,Escambia_County,"30°22'21.2""N","87°16'5.3""W"
ESC-1791-031,Escambia_County,"30°27'11.8""N","87°8'22.1""W"
ESC-2189-055,Escambia_County,"30°58'3.108""N","87°17'33.468""W"
VOL-1091-018,Volusia_County,"29°2'15""N","80°54'30""W"
ESC-1800-038,Escambia_County,"30°29'29.4""N","87°8'40.5""W"
ESC-1805-041,Escambia_County,"30°20'25.9""N","87°18'25.5""W"
ESC-1815-050,Escambia_County,"30°19'51.2""N","87°15'1.4""W"
LAK-2283-038,Lake_County,"28°44'36.1752""N","81°46'0.2172""W"
ORA-2291-073,Orange_County,"28°33'34.938""N","81°26'14.5248""W"
VOL-2271-041,Volusia_County,"29°3'51.9984""N","80°56'16.0008""W"
BRO-2251-055,Broward_County,"26°9'40.824""N","80°5'56.616""W"
OKA-2209-063,Okaloosa_County,"30°30'37.4616""N","86°28'51.798""W"
WAS-2204-003,Washington_County,"30°27'13.5""N","85°41'52.548""W"
SAR-2246-100,Sarasota_County,"27°6'3.96""N","82°19'59.16""W"
VOL-1100-027,Volusia_County,"29°9'29""N","81°0'10""W"
MTE-2242-047,Manatee_County,"27°21'59.04""N","82°8'55.68""W"
OKA-2210-064,Okaloosa_County,"30°46'59.0916""N","86°53'27.9852""W"
DAD-2295-088,Miami-Dade_County,"25°30'49.968""N","80°25'30.972""W"
TAY-2421-011,Taylor_County,"30°5'2.544""N","83°39'51.192""W"
SAN-1963-025,Santa_Rosa_County,"30°22'48.4""N","87°2'43.8""W"
ESC-0789-005,Escambia_County,"30°27'36.504""N","87°12'32.166""W"
ESC-0794-009,Escambia_County,"30°37'5.106""N","87°15'46.8324""W"
ESC-1115-014,Escambia_County,"30°24'35.38479""N","87°15'27.30441""W"
ESC-1417-018,Escambia_County,"30°22'57.39""N","87°25'33.38""W"
ESC-1572-023,Escambia_County,"30°31'24.7728""N","87°26'42.2952""W"
ESC-1790-030,Escambia_County,"30°28'7.1""N","87°9'20.4""W"
POL-2538-043,Polk_County,"27°56'17.9736""N","81°51'4.0248""W"
SEM-2462-025,Seminole_County,"28°47'35.0016""N","81°3'30.9996""W"
LAF-2414-006,Lafayette_County,"29°50'32.748""N","83°18'29.808""W"
PAL-2629-150,Palm_Beach_County,"26°47'10.392""N","80°8'24.468""W"
UNI-2619-010,Union_County,"30°7'5.34""N","82°17'37.248""W"
BRE-2483-094,Brevard_County,"27°51'47.1312""N","80°31'56.4492""W"
POL-2533-038,Polk_County,"27°58'36.75""N","81°32'30.5628""W"
PUT-2509-019,Putnam_County,"29°25'55.74""N","81°39'54.144""W"
LAF-2415-007,Lafayette_County,"30°2'21.48""N","83°7'12.144""W"
POL-2531-036,Polk_County,"28°0'50.3064""N","81°44'52.5516""W"
WAK-2566-027,Wakulla_County,"30°14'0.996""N","84°18'7.992""W"
BAY-2569-042,Bay_County,"30°5'6""N","85°31'35.976""W"
GAD-2386-007,Gadsen_County,"30°39'51.9984""N","84°43'58.0008""W"
HIG-2555-026,Highlands_County,"27°18'50.958""N","81°22'21.0936""W"
WAK-2567-028,Wakulla_County,"30°14'2.976""N","84°18'7.992""W"
PIN-2497-138,Pinellas_County,"27°59'27.64608""N","82°47'44.61144""W"
VOL-2512-065,Volusia_County,"29°16'20.712""N","81°32'42.216""W"
POL-2541-046,Polk_County,"27°49'33.672""N","81°48'48.24""W"
PUT-2507-017,Putnam_County,"29°30'29.628""N","81°40'41.736""W"
BAY-2423-036,Bay_County,"30°16'30.63612""N","85°59'17.09232""W"
POL-2552-057,Polk_County,"28°5'30.8976""N","81°42'58.6908""W"
POL-2550-055,Polk_County,"27°48'48.6504""N","81°23'6.2124""W"
IDR-2492-030,Indian_River_County,"27°35'11.6196""N","80°21'54.18""W"
TAY-2405-006,Taylor_County,"30°0'34.128""N","83°46'45.552""W"
IDR-2491-029,Indian_River_County,"27°50'7.1988""N","80°29'47.1912""W"
OSC-2560-031,Osceola_County,"28°12'33.822""N","81°7'18.3612""W"
FLG-2486-024,Flagler_County,"29°29'47.796""N","81°13'6.096""W"
HIL-2441-093,Hillsborough_County,"28°3'17.676""N","82°21'48.42""W"
POL-2547-052,Polk_County,"27°45'46.7028""N","81°34'23.0232""W"
POL-2539-044,Polk_County,"27°54'5.0976""N","81°49'1.9488""W"
POL-2530-035,Polk_County,"28°7'41.016""N","81°47'43.872""W"
VOL-2502-063,Volusia_County,"29°24'30.42""N","81°6'1.008""W"
PAS-2601-032,Pasco_County,"28°19'16.32""N","82°26'27.24""W"
POL-2535-040,Polk_County,"27°59'50.712""N","81°41'50.5752""W"
POL-2549-054,Polk_County,"27°45'20.3904""N","81°30'37.2672""W"
PUT-2510-020,Putnam_County,"29°30'4.32""N","81°35'28.104""W"
POL-2529-034,Polk_County,"28°3'22.9032""N","81°31'59.3472""W"
POL-2528-033,Polk_County,"28°4'4.0584""N","81°41'3.9228""W"
GUL-2390-014,Gulf_County,"30°14'36.9996""N","85°12'1.0008""W"
WAK-2564-025,Wakulla_County,"30°13'42.996""N","84°18'18.972""W"
GUL-2391-015,Gulf_County,"30°6'58.968""N","85°12'0.972""W"
HIG-2517-021,Highlands_County,"27°38'22.4988""N","81°31'53.7996""W"
IDR-2324-025,Indian_River_County,"27°43'36.0408""N","80°46'29.1072""W"
GAD-2385-006,Gadsen_County,"30°42'2.9988""N","84°51'24.0012""W"
JAC-2398-012,Jackson_County,"30°7'0.12""N","83°58'45.552""W"
PIN-2500-141,Pinellas_County,"27°50'43.80792""N","82°50'22.64316""W"
POL-2607-059,Polk_County,"27°42'31.2642""N","81°26'47.01192""W"
PAS-2602-033,Pasco_County,"28°18'7.56""N","82°3'20.52""W"
HIL-2591-103,Hillsborough_County,"27°56'30.912""N","82°24'36.468""W"
VOL-2503-064,Volusia_County,"29°21'8.82""N","81°4'31.116""W"
HIG-2554-025,Highlands_County,"27°32'35.268""N","81°25'32.916""W"
ESC-1786-028,Escambia_County,"30°27'53.8""N","87°22'26""W"
HIG-2322-016,Highlands_County,"27°34'55.848""N","81°29'26.556""W"
HIL-2490-101,Hillsborough_County,"28°0'48.2922""N","82°37'59.59956""W"
WAK-2407-021,Wakulla_County,"30°11'57.228""N","84°10'39.756""W"
POL-2540-045,Polk_County,"27°52'10.9236""N","81°50'19.7268""W"
POL-2542-047,Polk_County,"27°48'45.6444""N","81°47'36.51""W"
BRE-2430-084,Brevard_County,"28°8'51""N","80°44'2.976""W"
POL-2534-039,Polk_County,"27°58'54.8256""N","81°45'37.2276""W"
POL-2548-053,Polk_County,"27°44'40.4124""N","81°32'7.9908""W"
DES-2485-008,DeSoto_County,"27°17'52.476""N","81°50'46.608""W"
BAY-2424-037,Bay_County,"30°23'33.6228""N","85°40'51.8844""W"
STL-2624-026,St._Lucie_County,"27°24'11.628""N","80°23'58.128""W"
PIN-2494-135,Pinellas_County,"28°5'19.85604""N","82°42'16.38972""W"
WAK-2480-023,Wakulla_County,"30°14'7.62""N","84°18'10.224""W"
ORA-2455-078,Orange_County,"28°26'34.188""N","81°20'23.424""W"
ESC-2439-059,Escambia_County,"30°43'57.036""N","87°17'6.504""W"
CAH-2317-002,Calhoun_County,"30°17'11.4""N","85°8'41.064""W"
POL-2334-029,Polk_County,"27°56'28.464""N","81°25'6.564""W"
SAN-2336-043,Santa_Rosa_County,"30°40'28.6032""N","86°57'39.3984""W"
SAN-2335-042,Santa_Rosa_County,"30°51'43.416""N","86°49'56.6724""W"
PAS-2332-030,Pasco_County,"28°58'40.296""N","81°20'48.66""W"
GUL-2319-010,Gulf_County,"30°5'17.52""N","85°10'43.428""W"
LAF-2326-004,Lafayette_County,"30°2'20.9868""N","83°7'10.9236""W"
VOL-2471-054,Volusia_County,"28°56'46.968""N","81°20'37.968""W"
TAY-2418-008,Taylor_County,"29°57'29.268""N","83°34'48.54""W"
SAN-2461-046,Santa_Rosa_County,"30°42'38.214""N","87°2'44.556""W"
WAS-2341-007,Washington_County,"30°29'54.7908""N","85°33'2.0772""W"
VOL-2338-051,Volusia_County,"28°56'14.424""N","81°5'42.72""W"
LAK-2328-046,Lake_County,"28°32'34.7028""N","81°39'12.6252""W"
VOL-2474-057,Volusia_County,"28°53'55.968""N","81°13'28.992""W"
VOL-2475-058,Volusia_County,"28°47'24.972""N","81°8'17.988""W"
HIL-2444-096,Hillsborough_County,"27°48'39.384""N","82°23'57.984""W"
ORA-2456-079,Orange_County,"28°34'15.1896""N","81°32'29.0616""W"
HAM-2410-008,Hamilton_County,"30°26'53.844""N","83°5'48.696""W"
PIN-2603-142,Pinellas_County,"27°44'6.8892""N","82°38'52.1376""W"
BAY-2572-045,Bay_County,"30°0'35.64""N","85°31'36.3""W"
LAK-2595-048,Lake_County,"29°10'14.34""N","81°37'38.568""W"
FLG-2575-028,Flagler_County,"29°25'22.584""N","81°26'6.756""W"
BAY-2520-039,Bay_County,"30°15'7.0488""N","85°56'9.1284""W"
LEO-2558-023,Levy_County,"30°17'7.692""N","84°9'7.092""W"
HIG-2589-027,Highlands_County,"27°17'49.9416""N","81°22'21.0936""W"
BAY-2521-040,Bay_County,"30°16'37.4988""N","85°59'18.9996""W"
POL-2543-048,Polk_County,"27°45'35.3772""N","81°48'7.074""W"
STJ-2617-074,St._Johns_County,"29°43'24.996""N","81°29'3.984""W"
PIN-2605-144,Pinellas_County,"27°47'1.6476""N","82°39'44.838""W"
BRO-2315-065,Broward_County,"26°5'34.98""N","80°10'44.976""W"
BRE-2625-100,Brevard_County,"28°42'20.952""N","80°43'12.864""W"
JAC-2397-011,Jackson_County,"30°54'15.9984""N","84°57'33.9984""W"
POL-2545-050,Polk_County,"27°47'10.9824""N","81°40'43.1904""W"
STJ-2616-073,St._Johns_County,"29°49'23.988""N","81°33'11.988""W"
MAO-2597-037,Marion_County,"29°14'46.896""N","81°38'36.276""W"
HIG-2523-023,Highlands_County,"27°38'49.0452""N","81°28'38.5644""W"
BAY-2570-043,Bay_County,"30°6'29.988""N","85°33'29.988""W"
POL-2544-049,Polk_County,"27°44'49.6176""N","81°46'48.2988""W"
GUL-2622-031,Gulf_County,"30°1'3.72""N","85°8'48.156""W"
LAF-2413-005,Lafayette_County,"30°7'43.464""N","83°7'54.876""W"
PIN-2604-143,Pinellas_County,"27°44'31.8912""N","82°38'6.8532""W"
ALC-2522-100,Alachua_County,"29°38'28.032""N","82°20'46.86""W"
HIG-2513-017,Highlands_County,"27°20'55.9788""N","81°23'27.3588""W"
MAO-2505-036,Marion_County,"29°20'59.28""N","81°43'48.36""W"
PIN-2495-136,Pinellas_County,"28°0'43.452""N","82°39'53.496""W"
HIG-2516-020,Highlands_County,"27°35'52.1016""N","81°29'49.3008""W"
GUL-2587-029,Gulf_County,"29°44'36.276""N","85°11'14.82""W"
WAK-2565-026,Wakulla_County,"30°13'57""N","84°18'14.976""W"
BAY-2519-038,Bay_County,"30°16'10.5996""N","85°58'53.6016""W"
PUT-2506-016,Putnam_County,"29°41'27.564""N","81°37'48.252""W"
POL-2606-058,Polk_County,"27°41'12.52968""N","81°26'12.44832""W"
HIL-2440-092,Hillsborough_County,"28°0'23.472""N","82°20'37.932""W"
CAH-2382-004,Calhoun_County,"30°30'21.9996""N","85°9'25.9992""W"
LAK-2504-047,Lake_County,"29°9'55.224""N","81°31'23.484""W"
WAK-2408-022,Wakulla_County,"30°1'41.772""N","84°23'12.192""W"
FLG-2487-025,Flagler_County,"29°28'37.2""N","81°8'8.16""W"
PIN-2493-134,Pinellas_County,"27°57'39.36384""N","82°41'54.62412""W"
POL-2526-031,Polk_County,"28°5'36.3156""N","81°44'9.0168""W"
LEO-2559-024,Leon_County,"30°24'26.028""N","84°36'36.684""W"
POL-2551-056,Polk_County,"27°43'12.1584""N","81°25'3.1476""W"
FLG-2488-026,Flagler_County,"29°28'47.028""N","81°7'35.436""W"
HIL-2442-094,Hillsborough_County,"27°59'20.112""N","82°28'6.348""W"
OSC-2600-032,Osceola_County,"28°5'3.048""N","81°18'15.768""W"
HIG-2515-019,Highlands_County,"27°35'10.6188""N","81°30'14.4""W"
HIL-2443-095,Hillsborough_County,"28°2'54.24""N","82°16'8.22""W"
WAK-2406-020,Wakulla_County,"30°14'21.9984""N","84°16'14.0016""W"
LEO-2401-020,Leon_County,"30°34'45.984""N","84°17'15.972""W"
PIN-2496-137,Pinellas_County,"28°2'17.1564""N","82°41'32.96004""W"
GUL-2393-017,Gulf_County,"29°41'0.9996""N","85°13'22.0008""W"
PUT-2511-021,Putnam_County,"29°25'42.708""N","81°30'22.968""W"
JAC-2396-010,Jackson_County,"30°39'24.0012""N","84°58'24.9996""W"
MTE-2329-049,Manatee_County,"27°28'35.30424""N","82°18'8.4906""W"
PAS-2621-034,Pasco_County,"28°18'45""N","82°3'21.24""W"
HIG-2524-024,Highlands_County,"27°38'21.012""N","81°21'51.048""W"
OSC-2525-030,Osceola_County,"28°1'56.9928""N","81°26'58.6536""W"
BRE-2484-095,Brevard_County,"27°49'38.2512""N","80°33'32.8212""W"
SUW-2563-012,Suwannee_County,"30°14'41.244""N","83°14'56.292""W"
HIG-2514-018,Highlands_County,"27°34'24.3984""N","81°30'15.0984""W"
FLG-2489-027,Flagler_County,"29°26'16.944""N","81°6'35.82""W"
POL-2537-042,Polk_County,"27°59'52.2132""N","81°40'15.3948""W"
HIG-2320-014,Highlands_County,"27°15'9.036""N","81°22'36.3""W"
PIN-2499-140,Pinellas_County,"27°53'14.61984""N","82°51'3.85956""W"
VOL-2339-052,Volusia_County,"29°10'4.0116""N","81°18'1.4256""W"
HIG-2321-015,Highlands_County,"27°31'26.976""N","81°29'23.496""W"
WAK-2481-024,Wakulla_County,"30°14'3.264""N","84°18'8.064""W"
JAC-2325-007,Jackson_County,"30°35'49.3692""N","85°23'25.1124""W"
LEV-2416-016,Levy_County,"29°12'53.928""N","82°45'46.332""W"
SAN-2459-044,Santa_Rosa_County,"30°35'3.966""N","86°59'49.7796""W"
VOL-2470-053,Volusia_County,"29°2'9.492""N","80°53'37.86""W"
TAY-2419-009,Taylor_County,"30°3'33.516""N","83°35'19.5""W"
ORA-2330-077,Orange_County,"28°22'49.08""N","81°12'8.352""W"
TAY-2417-007,Taylor_County,"29°55'14.556""N","83°40'14.088""W"
SAN-2460-045,Santa_Rosa_County,"30°38'4.2072""N","87°1'13.3464""W"
POL-2333-028,Polk_County,"27°54'2.664""N","81°43'25.32""W"
WAS-2342-008,Washington_County,"30°33'12.6216""N","85°34'4.5696""W"
VOL-2472-055,Volusia_County,"28°53'24""N","81°21'18""W"
WAL-2340-021,Walton_County,"30°24'15.1308""N","86°2'11.8248""W"
VOL-2473-056,Volusia_County,"28°52'21""N","81°10'7.968""W"
DIX-2409-018,Dixie_County,"29°26'23.712""N","83°17'36.924""W"
SEM-2463-026,Seminole_County,"28°40'39.972""N","81°6'50.976""W"
SEM-2464-027,Seminole_County,"28°37'57.972""N","81°7'16.968""W"
VOL-2476-059,Volusia_County,"28°48'29.0016""N","81°7'53.0004""W"
BRE-2432-086,Brevard_County,"28°36'19.98""N","80°57'42.984""W"
HIL-2448-100,Hillsborough_County,"27°57'43.272""N","82°32'55.968""W"
ORA-2459-080,Orange_County,"28°35'54.1392""N","81°30'38.646""W"
HIL-2446-098,Hillsborough_County,"28°7'42.672""N","82°15'51.66""W"
HIL-2445-097,Hillsborough_County,"28°9'4.68""N","82°13'36.228""W"
POL-2546-051,Polk_County,"27°48'35.1828""N","81°33'43.6968""W"
ALC-2623-101,Alachua_County,"29°40'45.48""N","82°14'12.696""W"
TAY-2420-010,Taylor_County,"30°5'54.024""N","83°28'19.272""W"
JEF-2556-007,Jefferson_County,"30°18'23.652""N","83°48'57.816""W"
JEF-2557-008,Jefferson_County,"30°35'40.74""N","83°42'58.032""W"
STJ-2615-072,St._Johns_County,"29°47'24""N","81°31'52.968""W"
SUW-2563-012,Suwannee_County,"30°14'41.244""N","83°14'56.292""W"
POL-2532-037,Polk_County,"28°0'1.4112""N","81°44'51.3132""W"
TAY-2432-012,Taylor_County,"30°17'13.38""N","83°40'57""W"
ORA-2599-082,Orange_County,"28°29'9.78""N","81°5'44.196""W"
BAY-2568-041,Bay_County,"30°2'17.988""N","85°29'11.976""W"
UNI-2618-009,Union_County,"30°7'1.272""N","82°23'51.648""W"
HIL-2590-102,Hillsborough_County,"27°55'55.4952""N","82°25'44.3964""W"
VOL-2478-061,Volusia_County,"28°59'20.0004""N","80°52'10.9992""W"
DAD-2354-114,Miami-Dade_County,"25°27'38.88""N","80°20'11.868""W"
DUV-2262-061,Duval_County,"30°26'16.98""N","81°45'47.052""W"
LIB-2404-002,Liberty_County,"30°18'28.26""N","85°2'22.884""W"
HIL-2365-077,Hillsborough_County,"28°1'3.972""N","82°26'51""W"
HIL-2376-088,Hillsborough_County,"27°55'23.988""N","82°10'4.98""W"
GUL-2389-013,Gulf_County,"30°5'17.988""N","85°10'43.968""W"
LEO-2463-022,Leon_County,"30°26'0.996""N","84°21'29.988""W"
DUV-2269-068,Duval_County,"30°27'40.032""N","81°49'56.496""W"
BRE-2437-091,Brevard_County,"28°40'40.0008""N","80°49'35.0004""W"
DUV-2259-058,Duval_County,"30°24'12.816""N","81°39'48.312""W"
GUL-2582-024,Gulf_County,29°41’11”N,85°18’09”W
GUL-2578-020,Gulf_County,29°41’39”N,85°16’54”W
DAD-2355-115,Miami-Dade_County,"25°47'39.876""N","80°8'42.396""W"
DUV-2257-056,Duval_County,"30°23'21.192""N","81°30'27.9""W"
DUV-2267-066,Duval_County,"30°23'49.992""N","81°25'42.024""W"
HIL-2377-089,Hillsborough_County,"27°56'40.992""N","82°13'10.992""W"
HIL-2366-078,Hillsborough_County,"28°0'45.36""N","82°27'54.684""W"
DUV-2261-060,Duval_County,"30°25'52.212""N","81°43'26.76""W"
HIL-2368-080,Hillsborough_County,"27°55'40.98""N","82°27'9""W"
DAD-2299-092,Miami-Dade_County,"25°38'31.992""N","80°22'33.996""W"
HIL-2370-082,Hillsborough_County,"27°46'20.964""N","82°22'26.976""W"
LEO-2402-021,Leon_County,"30°24'0.972""N","84°18'25.992""W"
HIL-2367-079,Hillsborough_County,"27°59'48.984""N","82°27'58.968""W"
BRO-2358-068,Broward_County,"26°7'13.116""N","80°7'54.66""W"
DAD-2344-104,Miami-Dade_County,"25°54'18.612""N","80°9'46.368""W"
HER-2361-010,Hernando_County,"28°28'54.984""N","82°18'33.984""W"
BRE-2482-093,Brevard_County,"27°53'3.1308""N","80°30'11.1024""W"
GUL-2588-030,Gulf_County,"29°59'53.736""N","85°22'11.028""W"
PAS-2380-031,Pasco_County,"28°17'10.968""N","82°36'25.992""W"
DAD-2296-089,Miami-Dade_County,"25°30'59.976""N","80°23'56.976""W"
IDR-2592-031,Indian_River_County,"27°37'51.852""N","80°45'53.028""W"
DUV-2263-062,Duval_County,"30°17'13.848""N","81°34'11.316""W"
HIL-2374-086,Hillsborough_County,"27°50'15.972""N","82°16'27.984""W"
DAD-2356-116,Miami-Dade_County,"25°51'37.08""N","80°7'39.396""W"
HIL-2375-087,Hillsborough_County,"27°46'43.968""N","82°8'16.98""W"
SAN-2610-048,Santa_Rosa_County,"30°39'37.9368""N","87°0'20.2356""W"
GUL-2387-011,Gulf_County,"30°8'11.256""N","85°11'57.948""W"
BRE-2433-087,Brevard_County,"28°46'14.0016""N","80°50'44.9988""W"
PIN-2498-139,Pinellas_County,"27°55'3.30672""N","82°49'33.49812""W"
DAD-2345-105,Miami-Dade_County,"25°52'17.94""N","80°14'32.352""W"
DUV-2266-065,Duval_County,"30°23'49.848""N","81°41'6.432""W"
DUV-2264-063,Duval_County,"30°13'24.708""N","81°30'44.244""W"
DUV-2269-067,Duval_County,"30°16'54.336""N","81°44'24.612""W"
JAC-2400-014,Jackson_County,"30°12'46.98""N","84°2'27.996""W"
JAC-2399-013,Jackson_County,"30°15'18""N","83°53'51""W"
JAC-2395-009,Jackson_County,"30°34'57""N","85°19'50.0016""W"
HIL-2378-090,Hillsborough_County,"27°59'31.992""N","82°8'55.968""W"
CAH-2381-003,Calhoun_County,"30°25'26.0004""N","85°1'58.0008""W"
CAH-2384-006,Calhoun_County,"30°34'55.9992""N","84°57'5.0004""W"
HIL-2364-076,Hillsborough_County,"28°1'30.036""N","82°25'43.86""W"
CAH-2383-005,Calhoun_County,"30°25'54.192""N","85°10'18.552""W"
JAC-2394-008,Jackson_County,"30°52'9.9984""N","84°56'39.0012""W"
NAS-2270-045,Nassau_County,"30°35'57.624""N","81°26'29.256""W"
GUL-2580-022,Gulf_County,29°45’08”N,85°18’11”W
DUV-2260-059,Duval_County,"30°23'32.208""N","81°43'7.248""W"
IDR-2449-026,Indian_River_County,"27°33'40.032""N","80°19'42.78""W"
HIL-2369-081,Hillsborough_County,"27°54'39.996""N","82°26'51""W"
STL-2468-022,St._Lucie_County,"27°19'23.952""N","80°19'57.756""W"
STL-2469-023,St._Lucie_County,"27°20'17.052""N","80°32'46.392""W"
IDR-2450-027,Indian_River_County,"27°51'39.63636""N","80°26'56.43744""W"
IDR-2451-028,Indian_River_County,"27°51'1.494""N","80°27'14.25024""W"
BRO-2314-064,Broward_County,"26°17'29.976""N","80°10'54.984""W"
MRT-2454-055,Martin_County,"27°19'18.3""N","80°13'42.276""W"
STL-2465-019,St._Lucie_County,"27°26'14.856""N","80°19'10.452""W"
JEF-2452-005,Jefferson_County,"30°8'51.396""N","83°58'7.716""W"
JEF-2453-006,Jefferson_County,"30°8'33.18""N","83°51'57.528""W"
BRE-2431-085,Brevard_County,"28°19'43.968""N","80°46'45.984""W"
DAD-2298-091,Miami-Dade_County,"25°38'15.972""N","80°29'49.992""W"
BRA-2229-005,Bradford_County,"29°51'50.904""N","82°9'41.616""W"
BRO-2316-066,Broward_County,"26°12'42.192""N","80°5'55.86""W"
DAD-2306-099,Miami-Dade_County,"25°51'13.968""N","80°12'27""W"
CLA-2230-020,Clay_County,"29°46'45.048""N","82°1'48.072""W"
DAD-2353-113,Miami-Dade_County,"25°50'59.4996""N","80°9'59.5008""W"
CLA-2231-021,Clay_County,"29°47'42.1044""N","82°2'21.282""W"
DAD-2352-112,Miami-Dade_County,"25°46'17.616""N","80°12'1.044""W"
DAD-2302-095,Miami-Dade_County,"25°42'19.98""N","80°15'36.972""W"
DAD-2348-108,Miami-Dade_County,"25°52'17.724""N","80°10'24.132""W"
HIL-2447-099,Hillsborough_County,"28°0'46.764""N","82°21'11.7""W"
DAD-2347-107,Miami-Dade_County,"25°54'58.464""N","80°13'24.924""W"
DAD-2349-109,Miami-Dade_County,"25°42'0.936""N","80°10'9.336""W"
DAD-2350-110,Miami-Dade_County,"25°43'53.76""N","80°9'45.108""W"
STL-2466-020,St._Lucie_County,"27°25'9.624""N","80°16'37.416""W"
BRE-2434-088,Brevard_County,"28°45'21.9996""N","80°45'57.9996""W"
DAD-2351-111,Miami-Dade_County,"25°43'51.204""N","80°13'58.116""W"
DAD-2343-103,Miami-Dade_County,"25°55'45.696""N","80°9'4.176""W"
STL-2467-021,St._Lucie_County,"27°23'55.86""N","80°22'31.944""W"
BRE-2429-083,Brevard_County,"28°13'42.996""N","80°45'37.98""W"
ORA-2598-081,Orange_County,"28°34'52.572""N","81°24'24.228""W"
PUT-2508-018,Putnam_County,"29°28'45.948""N","81°40'30.756""W"
POL-2536-041,Polk_County,"28°0'2.3976""N","81°42'18.108""W"
HIG-2518-022,Highlands_County,"27°37'56.1""N","81°32'50.7984""W"
POL-2527-032,Polk_County,"28°6'2.1528""N","81°37'39.4176""W"
ORA-2626-084,Orange_County,"28°35'48.984""N","81°24'50.292""W"
BRE-2438-092,Brevard_County,"28°35'11.0004""N","80°51'27""W"
VOL-2477-060,Volusia_County,"28°56'3.9984""N","80°49'45.9984""W"
GUL-2579-021,Gulf_County,29°42’37”N,85°18’07”W
POL-2608-060,Polk_County,"27°59'18.852""N","81°41'35.34""W"
LEO-2634-026,Leon_County,"30°19'9.9984""N","84°17'56.0004""W"
BRE-2574-097,Brevard_County,"28°21'30.78""N","80°40'42.348""W"
IDR-2594-033,Indian_River_County,"27°49'20.712""N","80°48'41.976""W"
IDR-2593-032,Indian_River_County,"27°49'15.06""N","80°40'21.504""W"
LIB-2596-003,Liberty_County,"30°7'43.536""N","84°40'17.688""W"
LEO-2633-025,Leon_County,"30°31'59.0016""N","84°12'56.9988""W"
GUL-2583-025,Gulf_County,29°42’43”N,85°17’37”W
BRE-2435-089,Brevard_County,"28°37'32.0016""N","80°47'30.0012""W"
BRO-2359-069,Broward_County,"26°6'38.952""N","80°7'51.24""W"
HER-2360-009,Hernando_County,"28°38'49.992""N","82°15'43.992""W"
HIL-2373-085,Hillsborough_County,"27°50'46.968""N","82°16'34.968""W"
GUL-2584-026,Gulf_County,29°42’22”N,85°16’49”W
FRA-2632-027,Franklin_County,"30°0'27""N","84°59'49.992""W"
GUL-2581-023,Gulf_County,29°42’30”N,85°16’06”W
SAR-2613-106,Sarasota_County,"27°19'32.9772""N","82°26'21.16608""W"
STL-2614-024,St._Lucie_County,"27°14'39.5988""N","80°18'55.5012""W"
BRE-2436-090,Brevard_County,"28°34'44.0004""N","80°47'57.9984""W"
GUL-2576-018,Gulf_County,29°43’07”N,85°17’08”W
SAR-2611-104,Sarasota_County,"27°19'9.5052""N","82°30'15.5196""W"
SAR-2612-105,Sarasota_County,"27°19'32.9016""N","82°26'28.0176""W"
GUL-2588-019,Gulf_County,29°42’28”N,85°15’18”W
HER-2362-011,Hernando_County,"28°34'42.996""N","82°13'3.972""W"
DUV-2258-057,Duval_County,"30°23'33.756""N","81°38'51.324""W"
HIL-2372-084,Hillsborough_County,"27°52'49.98""N","82°18'0""W"
DAD-2346-106,Miami-Dade_County,"25°51'0.9""N","80°11'19.212""W"
BRO-2357-067,Broward_County,"26°7'35.652""N","80°10'22.944""W"
HIL-2371-083,Hillsborough_County,"27°47'47.976""N","82°20'57.984""W"
VOL-2479-062,Volusia_County,"29°0'11.9988""N","80°53'13.9992""W"
DUV-2265-064,Duval_County,"30°33'52.524""N","81°36'49.68""W"
DAD-2352-112,Miami-Dade_County,"25°46'17.616""N","80°12'1.044""W"
BRE-2573-096,Brevard_County,"28°32'36.024""N","80°51'36.612""W"
HIL-2363-075,Hillsborough_County,"28°1'15.996""N","82°23'15.972""W"
HIL-2379-091,Hillsborough_County,"27°56'36.996""N","82°27'30.996""W"
DAD-2303-096,Miami-Dade_County,"25°44'18.996""N","80°17'12.984""W"
GUL-2388-012,Gulf_County,"30°7'54.9984""N","85°8'33""W"
BAY-2571-044,Bay_County,"30°7'30""N","85°37'48""W"
WAK-1840-013,Wakulla_County,"30°00'16.8""N","84°28'18.1""W"
WAK-1852-014,Wakulla_County,"30°05'32.8""N","84°30'35.5""W"
LEE-0066-025,Lee_County,"26°45'15.78""N","82°13'41.52""W"
LEE-1871-034,Lee_County,"26°20'21.7""N","81°41'26.6""W"
LEE-1873-036,Lee_County,"26°20'32.8""N","81°46'49.2""W"
BRA-0811-001,Bradford_County,"29°46'23.52""N","82°4'41.16""W"
BRA-1622-003,Bradford_County,"29°55'19.1""N","82°10'20.4""W"
BRA-1682-004,Bradford_County,"29°55'19.2""N","82°10'20.4""W"
NAS-0198-001,Nassau_County,30°38'3''N,81°31'48''W
NAS-0203-002,Nassau_County,30°34'21''N,81°31'13''W
NAS-0204-003,Nassau_County,30°41'24''N,81°27'26''W
NAS-0205-004,Nassau_County,30°40'10''N,81°28'0''W
NAS-0206-005,Nassau_County,30°36'53''N,81°28'25''W
NAS-0207-006,Nassau_County,30°31'23''N,81°26'46''W
NAS-0209-007,Nassau_County,30°40'9''N,81°26'23''W
CAH-1608-001,Calhoun_County,"30°31'10.8264""N","84°59'39.246""W"
NAS-0536-009,Nassau_County,"30°40'38""N",81°27'35'W
NAS-0537-010,Nassau_County,"30°39'44""N",81°27'53'W
NAS-0538-011,Nassau_County,"30°36'59""N",81°28'9'W
NAS-0195-012,Nassau_County,30°45'32''N,81°32'11''W
NAS-0196-013,Nassau_County,30°45'59''N,81°32'20''W
NAS-0197-014,Nassau_County,30°43'15''N,81°32'54''W
NAS-2148-016,Nassau_County,"30°33'56.7""N","81°31'19.7""W"
NAS-2149-017,Nassau_County,"30°38'41.9""N","81°28'56.0""W"
NAS-2150-018,Nassau_County,"30°42'01.8""N","81°27'51.6""W"
NAS-2153-021,Nassau_County,"30°31'25.6""N","82°01'07.0""W"
NAS-2155-023,Nassau_County,"30°40'23.6""N","81°28'28.9""W"
WAK-0119-017,Wakulla_County,"29°59'16.6128""N","84°30'6.1992""W"
NAS-2157-025,Nassau_County,"30°44'04.6""N","81°43'31.3""W"
NAS-2160-027,Nassau_County,"30°33'06.1""N","82°04'00.2""W"
NAS-2162-029,Nassau_County,"30°32'58.2""N","81°32'10.6""W"
NAS-2164-031,Nassau_County,"30°43'12.1""N","82°02'21.1""W"
NAS-2172-034,Nassau_County,"30°34'16.4""N","82°02'42.6""W"
NAS-2178-038,Nassau_County,"30°43'23.7""N","82°04'14.1""W"
NAS-2182-041,Nassau_County,"30°47'24.9""N","81°48'22.8""W"
LEO-0733-003,Leon_County,"30°25'53.292""N","84°17'58.5204""W"
LEO-0735-005,Leon_County,"30°26'47.8248""N","84°17'36.7656""W"
LEO-0737-007,Leon_County,"30°26'11.0184""N","84°10'40.89""W"
LEO-1377-009,Leon_County,"30°38'33.36""N","84°12'9.36""W"
LEO-1381-011,Leon_County,"30°30'27.36""N","84°18'48.24""W"
LEO-1390-014,Leon_County,"30°31'6.24""N","84°14'57.12""W"
LEO-1579-016,Leon_County,"30°21'59.2776""N","84°17'59.8704""W"
TAY-0117-001,Taylor_County,"29°31'1.2""N","84°24'11.16""W"
CLA-0552-001,Clay_County,"30°1'59.898""N","81°43'24.9564""W"
CLA-1127-004,Clay_County,"30°0'25.92""N","81°41'29.04""W"
CLA-1130-007,Clay_County,"30°4'23.52""N","81°51'7.92""W"
CLA-1135-010,Clay_County,"30°8'4.56""N","81°43'5.88""W"
CLA-1185-015,Clay_County,"30°3'0.6624""N","81°43'11.3772""W"
GUL-1445-002,Gulf_County,"29°47'44.89""N","85°17'24.23""W"
GUL-1448-005,Gulf_County,"29°50'20.81""N","85°18'46.39""W"
GUL-1449-006,Gulf_County,"29°48'39.42""N","85°18'20.83""W"
GUL-1454-008,Gulf_County,"29°48'54.62""N","85°18'42.4""W"
CLM-1830-005,Columbia_County,"29°50'38.6""N","82°37'55.1""W"
CLM-0082-013,Coulmbia_County,"30°10'12.6156""N","82°33'57.5208""W"
CLM-2146-015,Columbia_County,"29°54'52.7""N","82°34'46.4""W"
LEE-0026-002,Lee_County,"26°39'27""N","81°52'58""W"
LEE-0034-005,Lee_County,"26°37'55""N","82°7'1""W"
LEE-0037-008,Lee_County,"26°36'53""N","81°58'7""W"
WAK-1388-008,Wakulla_County,"30°12'48.24""N","84°15'41.76""W"
LEE-0040-010,Lee_County,"26°34'48""N","81°51'19""W"
LEE-0045-015,Lee_County,"26°33'45""N","81°55'59""W"
LEE-0051-019,Lee_County,"26°24'28""N","81°53'2""W"
WAK-1836-011,Wakulla_County,"30°00'56.9""N","84°22'06.5""W"
LEE-1891-039,Lee_County,"26°35'55.3""N","81°33'56.5""W"
LEE-1952-043,Lee_County,"26°38'39""N","82°4'53.6""W"
LEE-1972-051,Lee_County,"26°43'16.97""N","81°38'39.91""W"
LEE-1973-052,Lee_County,"26°42'45.97""N","81°36'21.92""W"
WAK-0122-001,Wakulla_County,"30°3'32.868""N","84°17'20.8212""W"
LEE-1872-035,Lee_County,"26°20'6.8""N","81°44'45""W"
LEE-1874-037,Lee_County,"26°20'18.7""N","81°49'5.1""W"
LEE-1890-038,Lee_County,"26°38'58.3""N","81°41'13.3""W"
WAK-1853-015,Wakulla_County,"30°12'52.4""N","84°40'54.1""W"
WAK-0118-016,Wakulla_County,"30°10'33.042""N","84°14'43.0548""W"
WAK-0120-018,Wakulla_County,29°59'05.1''N,84°25'22.4''W
UNI-0439-001,Union_County,"30°06'12.9""N","82°09'39.8""W"
UNI-0440-002,Union_County,"30°04'14.0""N","82°12'11.4""W"
UNI-0441-003,Union_County,"30°04'03.4""N","82°13'44.0""W"
UNI-0442-004,Union_County,"30°02'48.0""N","82°18'09.1""W"
WAK-1372-004,Wakulla_County,"30°06'16.92""N","84°15'41.76""W"
UNI-0443-005,Union_County,"30°01'06.1""N","82°19'50.1""W"
UNI-0444-006,Union_County,"30°01'36.7""N","82°20'23.3""W"
UNI-0445-007,Union_County,"29°55'19.5""N","82°25'35.6""W"
SUM-0294-002,Sumter_County,"28°49'1.5708""N","82°8'40.1856""W"
SUM-0353-004,Sumter_County,"28°51'8""N","82°12'52""W"
SUM-0354-005,Sumter_County,"28°43'24""N","82°14'31""W"
SUM-0764-006,Sumter_County,"28°35'36.24""N","82°13'16.32""W"
SUM-0765-007,Sumter_County,"28°45'49.32""N","82°6'43.56""W"
SUM-0766-008,Sumter_County,"28°47'33.36""N","82°7'10.92""W"
WAK-1373-005,Wakulla_County,"30°7'47.28""N","84°8'42""W"
SUM-0767-009,Sumter_County,"28°48'5.4""N","82°9'5.76""W"
SUM-1050-010,Sumter_County,"28°54'23.9076""N","82°0'13.8708""W"
SUM-1051-011,Sumter_County,"28°49'41.8296""N","81°58'41.4228""W"
SUM-1052-012,Sumter_County,"28°49'56.712""N","82°0'23.1408""W"
SUM-1053-013,Sumter_County,"28°49'53.7636""N","81°59'30.9588""W"
CLM-1161-002,Columbia_County,"29°50'38.328""N","82°40'29.172""W"
CLM-1163-003,Columbia_County,"29°57'5.364""N","82°46'41.808""W"
CLM-1829-004,Columbia_County,"29°55'37.5""N","82°33'49.5""W"
WAK-1374-006,Wakulla_County,"30°4'26.4""N","84°10'48""W"
CLM-1831-006,Columbia_County,"29°50'04.8""N","82°40'38.4""W"
CLM-1832-007,Columbia_County,"29°51'54.4""N","82°44'21.7""W"
CLM-0077-008,Coulmbia_County,"30°19'41.6604""N","82°45'35.2044""W"
CLM-0078-009,Coulmbia_County,"30°11'7.2384""N","82°38'37.8852""W"
CLM-0079-010,Coulmbia_County,"30°11'26.5308""N","82°38'6.9648""W"
CLM-0080-011,Coulmbia_County,"30°10'8.9508""N","82°36'57.24""W"
CLM-0081-012,Coulmbia_County,"30°11'36.0852""N","82°36'10.4796""W"
CLM-1437-014,Columbia_County,"30°40'54.44""N","82°33'36.03""W"
WAK-1387-007,Wakulla_County,"30°9'14.4""N","84°12'17.28""W"
LEE-0021-001,Lee_County,26°45'7''N,"82°15'27""W"
LEE-0032-003,Lee_County,"26°41'42""N","82°2'22""W"
LEE-0033-004,Lee_County,"26°38'24""N","82°3'28""W"
LEE-0039-009,Lee_County,"26°42'35""N","81°48'5""W"
LEE-0041-011,Lee_County,"26°34'55""N","81°52'32""W"
LEE-0042-012,Lee_County,"26°33'20""N","81°45'8""W"
LEE-0043-013,Lee_County,"26°27'59""N","81°46'31""W"
LEE-0044-014,Lee_County,"26°28'35""N","81°50'49""W"
LEE-0046-016,Lee_County,"26°33'39""N","81°57'8""W"
LEE-0049-017,Lee_County,"26°20'20""N","81°48'21""W"
LEE-0050-018,Lee_County,"26°20'4""N","81°50'51""W"
WAK-1835-010,Wakulla_County,"30°03'03.2""N","84°29'58.8""W"
LEE-0053-021,Lee_County,"26°27'13""N","82°2'9""W"
LEE-0058-022,Lee_County,"26°45'40.32""N","82°8'1.8""W"
LEE-0059-023,Lee_County,"26°26'09.1""N","82°07'33.2""W"
LEE-0060-024,Lee_County,"26°45'6.3""N","82°12'4.2""W"
LEE-0068-027,Lee_County,"26°42'17.34""N","82°14'7.92""W"
LEE-0473-029,Lee_County,"26°20'45.96""N","81°44'26.88""W"
LEE-0474-030,Lee_County,"26°20'30.12""N","81°45'43.92""W"
LEE-1716-031,Lee_County,"26°44'18.99""N","82°4'7.77""W"
LEE-1717-032,Lee_County,"26°43'26.54""N","82°4'18.71""W"
LEE-1718-033,Lee_County,"26°39'42.85""N","82°3'23.29""W"
LEE-1947-040,Lee_County,"26°29'26""N","82°4'53.5""W"
LEE-1948-041,Lee_County,"26°27'27.8""N","82?11'43.2""W"
LEE-1950-042,Lee_County,"26°33'0.2""N","82°11'44.9""W"
LEE-1953-044,Lee_County,"26°42'24.2""N","82°9'49.4""W"
LEE-1954-045,Lee_County,"26°41'27""N","82°14'41""W"
WAK-1837-012,Wakulla_County,"29°58'25.3""N","84°20'24.8""W"
LEE-1955-046,Lee_County,"26°21'30.3""N","81°50'15.4""W"
LEE-1957-047,Lee_County,"26°45'40.7""N","82°3'40.6""W"
LEE-1961-048,Lee_County,"26°26'19""N","81°50'24""W"
LEE-1970-049,Lee_County,"26°43'15.96""N","81°41'33.97""W"
LEE-1971-050,Lee_County,"26°42'41.51""N","81°45'11.92""W"
LEE-2046-054,Lee_County,"26°20'14.0""N","81°48'36.0""W"
LEE-2047-055,Lee_County,"26°42'31.0""N","81°39'48.0""W"
LEE-0055-056,Lee_County,"26°33'05.5""N","82°03'09.5""W"
NAS-2147-015,Nassau_County,"30°35'21.3""N","81°39'52.4""W"
NAS-2151-019,Nassau_County,"30°44'30.8""N","81°41'00.8""W"
NAS-2152-020,Nassau_County,"30°37'44.6""N","81°34'14.7""W"
NAS-2154-022,Nassau_County,"30°40'07.7""N","81°26'24.8""W"
NAS-2156-024,Nassau_County,"30°40'37.1""N","81°27'35.8""W"
NAS-2158-026,Nassau_County,"30°43'23.0""N","81°37'26.2""W"
NAS-2161-028,Nassau_County,"30°38'36.3""N","81°29'22.4""W"
NAS-2163-030,Nassau_County,"30°39'45.8""N","81°29'06.7""W"
NAS-2166-032,Nassau_County,"30°21'44.4""N","82°08'02.9""W"
NAS-2169-033,Nassau_County,"30°34'43.6""N","81°35'17.2""W"
NAS-2173-035,Nassau_County,"30°45'03.8""N","81°44'01.2""W"
NAS-2175-036,Nassau_County,"30°47'02.7""N","81°58'11.7""W"
NAS-2176-037,Nassau_County,"30°33'15.3""N","82°14'01.7""W"
NAS-2179-039,Nassau_County,"30°47'00.1""N","82°01'27.0""W"
NAS-2180-040,Nassau_County,"30°47'11.2""N","81°50'25.3""W"
NAS-2184-042,Nassau_County,"30°44'00.2""N","81°32'19.0""W"
LEO-0732-002,Leon_County,"30°24'8.5068""N","84°20'10.1544""W"
LEO-0734-004,Leon_County,"30°27'34.254""N","84°19'23.6028""W"
LEO-0736-006,Leon_County,"30°28'29.82""N","84°10'53.22""W"
LEO-1375-008,Leon_County,"30°37'5.16""N","84°15'9.72""W"
LEO-1380-010,Leon_County,"30°26'21.84""N","84°31'45.84""W"
LEO-1385-012,Leon_County,"30°33'43.92""N","83°59'27.96""W"
LEO-1386-013,Leon_County,"30°17'3.12""N","84°9'2.88""W"
LEO-1391-015,Leon_County,"30°32'21.48""N","84°19'39""W"
CLA-0554-002,Clay_County,"29°58'41.9412""N","81°37'45.7968""W"
CLA-1126-003,Clay_County,"29°58'49.44""N","81°38'6""W"
CLA-1128-005,Clay_County,"30°2'22.2""N","81°42'28.08""W"
CLA-1129-006,Clay_County,"30°4'50.16""N","81°48'19.44""W"
CLA-1133-008,Clay_County,"30°9'34.92""N","81°42'23.4""W"
CLA-1134-009,Clay_County,"30°8'43.08""N","81°42'5.4""W"
CLA-1136-011,Clay_County,"30°6'3.24""N","81°44'45.6""W"
CLA-1137-012,Clay_County,"30°7'59.88""N","81°45'21.6""W"
CLA-1138-013,Clay_County,"30°10'13.8""N","81°41'45.24""W"
CLA-1184-014,Clay_County,"30°8'19.86""N","81°43'40.4724""W"
CLA-1623-016,Clay_County,"29°57'22.4""N","81°59'15.8""W"
GUL-1439-001,Gulf_County,"29°49'55.95""N","85°18'47.48""W"
GUL-1446-003,Gulf_County,"29°47'53.35""N","85°17'52.28""W"
GUL-1447-004,Gulf_County,"29°48'44.25""N","85°17'26.21""W"
GUL-1453-007,Gulf_County,"29°52'50.1""N","85°13'16.22""W"
GUL-1844-009,Gulf_County,"29°52'50.5""N","85°13'16.1""W"
MON-2118-098,Monroe_County,"25°7'27.448""N","80°24'25.254""W"
MON-2119-099,Monroe_County,"24°42'58.025""N","81°22'30.423""W"
SAR-0017-003,Sarasota_County,27°1'11''N,82°16'31''W
SAR-0458-005,Sarasota_County,"27°7'6.7872""N","82°26'14.2836""W"
SAR-0571-007,Sarasota_County,"27°17'29.904""N","82°32'39.372""W"
SAR-0572-008,Sarasota_County,"27°16'46.056""N","82°32'44.628""W"
SAR-0574-010,Sarasota_County,"27°15'16.92""N","82°31'55.056""W"
SAR-0575-011,Sarasota_County,"27°15'3.204""N","82°31'40.836""W"
SAR-0576-012,Sarasota_County,"27°14'28.176""N","82°31'6.42""W"
SAR-0577-013,Sarasota_County,"27°13'31.8""N","82°30'44.892""W"
SAR-0578-014,Sarasota_County,"27°13'16.032""N","82°30'20.196""W"
SAR-0581-017,Sarasota_County,"27°10'28.524""N","82°29'28.356""W"
SAR-0582-018,Sarasota_County,"27°9'36.396""N","82°28'56.064""W"
SAR-0584-020,Sarasota_County,"27°8'24.288""N","82°28'12.612""W"
SAR-0585-021,Sarasota_County,"27°7'40.368""N","82°28'9.66""W"
SAR-0586-022,Sarasota_County,"27°7'12""N","82°27'48.24""W"
SAR-0587-023,Sarasota_County,"27°7'23.52""N","82°27'0.72""W"
SAR-0588-024,Sarasota_County,"27°6'28.44""N","82°27'30.24""W"
SAR-0589-025,Sarasota_County,"27°6'37.08""N","82°27'22.68""W"
SAR-0590-026,Sarasota_County,"27°4'29.28""N","82°25'48.36""W"
SAR-0591-027,Sarasota_County,"27°2'6.216""N","82°25'33.888""W"
SAR-0592-028,Sarasota_County,"27°0'57.672""N","82°24'49.716""W"
SAR-0593-029,Sarasota_County,"27°0'2.268""N","82°24'10.8""W"
SAR-0596-032,Sarasota_County,"27°21'12.024""N","82°34'50.488""W"
SAR-0597-033,Sarasota_County,"27°20'5.532""N","82°34'7.536""W"
SAR-0598-034,Sarasota_County,"27°19'42.384""N","82°35'12.768""W"
SAR-0599-035,Sarasota_County,"27°19'32.052""N","82°34'1.416""W"
SAR-0601-037,Sarasota_County,"27°21'39.384""N","82°34'14.412""W"
SAR-0604-040,Sarasota_County,"27°19'32.376""N","82°32'41.1""W"
SAR-0607-043,Sarasota_County,"27°22'46.92""N","82°35'54.24""W"
SAR-0609-045,Sarasota_County,"27°22'43.968""N","82°35'9.348""W"
SAR-0610-046,Sarasota_County,"27°21'21.24""N","82°35'55.68""W"
SAR-0619-047,Sarasota_County,"27°18'15.12""N","82°30'50.4""W"
SAR-0620-048,Sarasota_County,"27°16'33.24""N","82°33'20.52""W"
SAR-0621-049,Sarasota_County,"27°15'14.76""N","82°31'50.88""W"
SAR-0622-050,Sarasota_County,"27°10'45.48""N","82°29'35.88""W"
SAR-0623-051,Sarasota_County,"27°8'21.12""N","82°27'19.08""W"
SAR-0624-052,Sarasota_County,"27°8'13.2""N","82°26'10.32""W"
SAR-0625-053,Sarasota_County,"27°7'3.36""N","82°25'57.36""W"
SAR-0784-054,Sarasota_County,"27°0'38.1312""N","82°24'34.7364""W"
SAR-1401-056,Sarasota_County,"27°20'3.83""N","82°26'29.73""W"
SAR-1403-057,Sarasota_County,"27°21'52.67""N","82°25'4.41""W"
SAR-1404-058,Sarasota_County,"27°22'29.53""N","82°27'8.97""W"
SAR-1523-061,Sarasota_County,27°16’36”N,82°29’59”W
SAR-1524-062,Sarasota_County,27°19’14”N,82°30’15”W
SAR-1525-063,Sarasota_County,27°07’02”N,82°26’58”W
SAR-1526-064,Sarasota_County,27°07’03”N,82°26’01”W
SAR-1527-065,Sarasota_County,"27°14'5.04""N","82°18'40.31""W"
SAR-1530-068,Sarasota_County,"27°9'28.96""N","82°27'24.63""W"
SAR-1827-071,Sarasota_County,"27º18'06""N","82º13'25""W"
SAR-1959-072,Sarasota_County,"26°59'52.5""N","82°23'19.8""W"
SAR-1990-073,Sarasota_County,"27°2'42.19""N","82°17'36.69""W"
SAR-1995-074,Sarasota_County,"27°4'36.34""N","82°12'44.7""W"
SAR-1997-075,Sarasota_County,"27°7'11.34""N","82°8'57.13""W"
SAR-2003-077,Sarasota_County,"27°15'56.38""N","82°17'17.64""W"
SAR-2005-078,Sarasota_County,"27°07'57.7""N","82°26'03.5""W"
SAR-2007-080,Sarasota_County,"27°06'49.7""N","82°27'51.4""W"
SAR-2009-082,Sarasota_County,"27°08'26.1""N","82°26'03.6""W"
SAR-2010-083,Sarasota_County,"27°06'07.0""N","82°26'29.0""W"
SAR-2012-085,Sarasota_County,"27°08'17.6""N","82°21'40.0""W"
SAR-2013-086,Sarasota_County,"27°09'33.0""N","82°25'20.5""W"
SAR-2014-087,Sarasota_County,"27°03'26.2""N","82°23'50.7""W"
SAR-2015-088,Sarasota_County,"27°03'06.7""N","82°26'15.3""W"
GAD-1378-002,Gadsden_County,"30°27'36""N","84°29'54.6""W"
GAD-1379-003,Gadsden_County,"30°28'30.72""N","84°24'35.28""W"
GAD-1382-004,Gadsden_County,"30°35'9.6""N","84°21'33.84""W"
MON-2105-085,Monroe_County,"25°1'29.13""N","80°29'40.06""W"
MON-2106-086,Monroe_County,"25°0'37.77""N","80°31'11.74""W"
MON-2107-087,Monroe_County,"25°0'10.53""N","80°31'49.27""W"
MON-2109-089,Monroe_County,"24°53'48.12""N","80°39'42.92""W"
MON-2110-090,Monroe_County,"24°50'48.059""N","80°44'39.893""W"
MON-2111-091,Monroe_County,"24°56'29.342""N","80°36'29.438""W"
MON-2112-092,Monroe_County,"24°57'8.21""N","80°35'15.356""W"
MON-2114-094,Monroe_County,"25°4'48.691""N","80°27'8.949""W"
MON-2115-095,Monroe_County,"25°9'22.417""N","80°23'30.951""W"
MON-2117-097,Monroe_County,"25°5'55.006""N","80°26'30.687""W"
MON-0641-001,Monroe_County,"24°32'57""N","81°58'1""W"
MON-0650-010,Monroe_County,"24°35'10""N","81°48'19""W"
MON-0651-011,Monroe_County,"24°34'21""N","81°47'3""W"
MON-0652-012,Monroe_County,"24°34'50""N","81°47'26""W"
MON-0653-013,Monroe_County,"24°35'32""N","81°47'39""W"
SAR-0594-030,Sarasota_County,"26°58'32.484""N","82°23'14.28""W"
MON-0654-014,Monroe_County,"24°34'52""N","81°44'57""W"
SAR-0600-036,Sarasota_County,"27°18'26.892""N","82°32'57.804""W"
SAR-0606-042,Sarasota_County,"27°23'18.6""N","82°36'18""W"
MON-0655-015,Monroe_County,"24°33'1""N","81°48'41""W"
SAR-0608-044,Sarasota_County,"27°23'18.6""N","82°35'9.348""W"
MON-0656-016,Monroe_County,"24°33'30""N","81°48'30""W"
MON-0657-017,Monroe_County,"24°32'37""N","81°47'51""W"
SAR-1826-070,Sarasota_County,"27º14'28""N","82º18'51""W"
MON-0658-018,Monroe_County,"24°32'47""N","81°47'18""W"
MON-0659-019,Monroe_County,"24°32'2""N","81°46'30""W"
MON-0642-002,Monroe_County,"24°31'49""N","82°0'36""W"
MON-0660-020,Monroe_County,"24°33'10""N","81°45'6""W"
MON-0661-021,Monroe_County,"24°33'33""N","81°44'55""W"
MON-0662-022,Monroe_County,"24°33'35""N","81°46'17""W"
MON-0663-023,Monroe_County,"24°33'40""N","81°47'14""W"
MON-0666-025,Monroe_County,"24°34'34""N","81°43'45""W"
MON-0667-026,Monroe_County,"24°34'3""N","81°44'8""W"
MON-0668-027,Monroe_County,"24°33'35""N","81°44'5""W"
MON-0669-028,Monroe_County,24°34'43''N,81°42'45''W
MON-0670-029,Monroe_County,24°34'0''N,81°40'21''W
MON-0671-030,Monroe_County,24°36'7''N,81°40'2''W
MON-0643-003,Monroe_County,"24°27'11""N","81°52'48""W"
MON-0672-031,Monroe_County,24°35'29''N,81°38'52''W
MON-0673-032,Monroe_County,24°34'48''N,81°39'17''W
MON-0674-033,Monroe_County,24°38'47''N,81°33'55''W
MON-0675-034,Monroe_County,24°40'50''N,81°29'59''W
MON-0676-035,Monroe_County,24°36'11''N,81°38'46''W
MON-0677-036,Monroe_County,24°41'41''N,81°29'58''W
MON-0678-037,Monroe_County,24°39'47''N,81°30'47''W
MON-0679-038,Monroe_County,24°39'40''N,81°27'7''W
MON-0644-004,Monroe_County,"24°27'39""N","81°50'45""W"
MON-0680-039,Monroe_County,24°41'31''N,81°5'14''W
MON-0681-040,Monroe_County,24°42'45'N,81°4'31''W
MON-0682-041,Monroe_County,24°42'51''N,81°4'36''W
MON-0683-042,Monroe_County,24°42'60''N,81°3'35''W
MON-0684-043,Monroe_County,24°43'37''N,81°2'10''W
MON-0685-044,Monroe_County,24°43'30''N,81°3'33''W
MON-0688-047,Monroe_County,24°52'58''N,80°41'25''W
MON-0689-048,Monroe_County,24°54'47''N,80°38'34''W
MON-0690-049,Monroe_County,24°57'38''N,80°35'9''W
MON-0691-050,Monroe_County,24°59'36''N,80°32'30''W
MON-0645-005,Monroe_County,"24°27'17""N","81°51'35""W"
MON-0692-051,Monroe_County,25°0'60''N,80°30'48''W
MON-0693-052,Monroe_County,25°2'42''N,80°29'17''W
MON-0694-053,Monroe_County,25°5'23''N,80°26'8''W
MON-1142-054,Monroe_County,"24°41'51.1""N","81°19'04.8""W"
MON-1143-055,Monroe_County,"24°41'35.5""N","81°21'35.0""W"
MON-1144-056,Monroe_County,"24°43'26.7""N","81°24'03.7""W"
MON-1145-057,Monroe_County,"24°39'55.7""N","81°22'09.9""W"
MON-1146-058,Monroe_County,"24°41'55.7""N","81°20'57.9""W"
MON-1147-059,Monroe_County,"24°41'25.5""N","81°25'00.6""W"
MON-1148-060,Monroe_County,"24°38'52.2""N","81°19'46.2""W"
MON-0646-006,Monroe_County,"24°28'26""N","81°44'36""W"
MON-1149-061,Monroe_County,"24°39'23.3""N","81°16'36.7""W"
MON-1624-062,Monroe_County,"24°43'15.6""N","81°3'47.16""W"
MON-1625-063,Monroe_County,"24°43'27.12""N","81°2'39.84""W"
MON-1626-064,Monroe_County,"24°43'48.36""N","81°0'54.72""W"
MON-1627-065,Monroe_County,"24°43'1.92""N","81°1'30.36""W"
MON-1628-066,Monroe_County,"24°42'30.96""N","81°5'0.96""W"
MON-1920-067,Monroe_County,"25°47'18.5""N","81°5'59.3""W"
MON-1921-068,Monroe_County,"25°45'36.8""N","81°2'20.1""W"
MON-1922-069,Monroe_County,"25°45'18.3""N","80°55'32.3""W"
MON-1930-070,Monroe_County,"25°8'12.5""N","80°55'58.9""W"
MON-0647-007,Monroe_County,"24°28'45""N","81°43'5""W"
MON-2091-071,Monroe_County,"24°39'24.97""N","81°31'22.65""W"
MON-2092-072,Monroe_County,"24°38'43.62""N","81°34'2.57""W"
MON-2093-073,Monroe_County,"24°39'23.98""N","81°26'33.41""W"
MON-2094-074,Monroe_County,"24°40'11.07""N","81°24'57.31""W"
MON-2095-075,Monroe_County,"24°39'40.28""N","81°28'28.08""W"
MON-2096-076,Monroe_County,"25°2'59.25""N","80°29'21.86""W"
MON-2097-077,Monroe_County,"24°42'21.38""N","81°22'49.57""W"
MON-0648-008,Monroe_County,"24°34'2""N","81°47'42""W"
MON-2098-078,Monroe_County,"24°41'56.67""N","81°23'2.58""W"
MON-2099-079,Monroe_County,"24°40'44.27""N","81°14'47.11""W"
MON-2103-083,Monroe_County,"24°39'20.66""N","81°16'40.57""W"
SAR-0459-006,Sarasota_County,"27°10'16.1688""N","82°28'12.2484""W"
SAR-0573-009,Sarasota_County,"27°16'13.368""N","82°32'33.792""W"
SAR-0579-015,Sarasota_County,"27°12'1.656""N","82°30'9.324""W"
SAR-0580-016,Sarasota_County,"27°10'52.32""N","82°29'34.152""W"
SAR-0583-019,Sarasota_County,"27°8'55.644""N","82°28'25.788""W"
SAR-0595-031,Sarasota_County,"26°57'8.496""N","82°22'12.288""W"
SAR-0602-038,Sarasota_County,"27°20'51.72""N","82°33'41.796""W"
SAR-0603-039,Sarasota_County,"27°20'13.488""N","82°33'37.98""W"
SAR-0605-041,Sarasota_County,"27°18'47.808""N","82°32'44.628""W"
SAR-1406-059,Sarasota_County,"27°23'16.88""N","82°32'21.08""W"
SAR-1522-060,Sarasota_County,27?16’19”N,82?31’58”W
SAR-1528-066,Sarasota_County,"27°14'58.2""N","82°23'10""W"
SAR-1825-069,Sarasota_County,"27º07'23""N","82º21'03""W"
SAR-1998-076,Sarasota_County,"27°3'31.72""N","82°27'41.32""W"
SAR-2006-079,Sarasota_County,"27°06'12.4""N","82°26'40.2""W"
SAR-2008-081,Sarasota_County,"27°06'49.2""N","82°28'08.6""W"
SAR-2011-084,Sarasota_County,"27°04'23.5""N","82°24'42.5""W"
GAD-1376-001,Gadsden_County,"30°40'10.2""N","84°18'18.72""W"
MON-2100-080,Monroe_County,"24°38'10.49""N","81°20'46.34""W"
MON-2101-081,Monroe_County,"24°39'19.99""N","81°18'7.43""W"
MON-2102-082,Monroe_County,"24°39'23.51""N","81°16'46.03""W"
MON-2104-084,Monroe_County,"25°17'31.02""N","80°22'45.93""W"
MON-2108-088,Monroe_County,"24°55'4.31""N","80°38'17.24""W"
MON-2113-093,Monroe_County,"24°39'42.674""N","81°27'14.885""W"
MON-2116-096,Monroe_County,"25°7'30.025""N","80°24'10.11""W"
PIN-0755-024,Pinellas_County,"28°5'18.96""N","82°46'35.4""W"
PIN-0756-025,Pinellas_County,"28°4'26.76""N","82°45'4.68""W"
PIN-0759-028,Pinellas_County,"28°2'6.72""N","82°40'51.96""W"
HIL-0875-011,Hillsborough_County,"28°7'17.7888""N","82°30'16.2792""W"
PIN-0769-034,Pinellas_County,"28°9'55.44""N","82°43'55.92""W"
PIN-0815-035,Pinellas_County,"27°57'7.848""N","82°45'45.0108""W"
PIN-0818-038,Pinellas_County,"27°54'34.164""N","82°47'59.28""W"
PIN-0821-041,Pinellas_County,"27°52'56.982""N","82°50'35.088""W"
PIN-0912-043,Pinellas_County,"28°8'46.734""N","82°43'40.7568""W"
PIN-0914-045,Pinellas_County,"28°8'26.3652""N","82°45'44.01""W"
PIN-0916-047,Pinellas_County,"28°6'23.5692""N","82°46'25.5216""W"
PIN-0919-050,Pinellas_County,"28°9'22.59""N","82°47'19.9428""W"
PIN-0920-051,Pinellas_County,"28°9'13.4676""N","82°45'45.3168""W"
HIL-0877-013,Hillsborough_County,"28°8'48.9084""N","82°35'38.2416""W"
PIN-0965-053,Pinellas_County,"28°2'5""N","82°46'57""W"
PIN-0970-058,Pinellas_County,"27°58'21""N","82°45'42""W"
PIN-0973-061,Pinellas_County,"27°58'4""N","82°48'15""W"
PIN-0975-063,Pinellas_County,"27°57'54""N","82°49'55""W"
PIN-0978-066,Pinellas_County,"27°52'17""N","82°46'4""W"
PIN-0989-067,Pinellas_County,"28°8'9.7224""N","82°46'3.6804""W"
PIN-0993-068,Pinellas_County,"28°9'44.7516""N","82°42'16.0992""W"
HIL-0879-015,Hillsborough_County,"28°4'19.074""N","82°31'30.2448""W"
PIN-1034-070,Pinellas_County,"27°59'34.6488""N","82°41'10.3164""W"
PIN-1037-073,Pinellas_County,"27°58'45.4152""N","82°44'28.4748""W"
PIN-1038-074,Pinellas_County,"27°58'58.1412""N","82°44'53.7576""W"
PIN-1106-076,Pinellas_County,"27°51'43""N","82°44'13""W"
PIN-1504-079,Pinellas_County,"27°45'44.28""N","82°38'7.44""W"
PIN-1507-082,Pinellas_County,"27°45'47.34""N","82°38'45.25""W"
PIN-1510-085,Pinellas_County,"27°43'6.96""N","82°38'7.08""W"
PIN-1511-086,Pinellas_County,"27°53'44.16""N","82°40'45.84""W"
PIN-1514-089,Pinellas_County,"27°50'27.6""N","82°40'14.52""W"
PIN-1515-090,Pinellas_County,"27°45'21.6""N","82°45'56.52""W"
PIN-1516-091,Pinellas_County,"27°45'28.08""N","82°45'48.24""W"
PIN-1675-101,Pinellas_County,"28°7'19.0668""N","82°44'47.9544""W"
PIN-1676-102,Pinellas_County,"28°7'50.304""N","82°45'6.1668""W"
PIN-2029-103,Pinellas_County,"28°8'58.14""N","82°47'34.20""W"
PIN-2031-105,Pinellas_County,"28°5'22.69""N","82°46'57.90""W"
PIN-2124-115,Pinellas_County,"28°7'22.2348""N","82°46'47.6688""W"
PIN-2125-116,Pinellas_County,"28°7'48.6444""N","82°46'9.0696""W"
PIN-2127-118,Pinellas_County,"28°7'19.0668""N","82°44'47.9544""W"
PIN-2140-122,Pinellas_County,"27°51'7.1356""N","82°35'53.7396""W"
PIN-2142-124,Pinellas_County,"27°49'15.9492""N","82°36'21.4452""W"
HIL-0099-002,Hillsborough_County,"27°57'0.72""N",82°32'45.24W
HIL-1032-020,Hillsborough_County,"28°3'28.08""N","82°21'9""W"
HER-0361-001,Hernando_County,"28°33'48""N","82°33'16""W"
HER-0362-002,Hernando_County,"28°34'6""N","82°39'18""W"
HER-0365-005,Hernando_County,"28°29'50""N","82°39'1""W"
HER-0984-007,Hernando_County,"28°29'33.378""N","82°39'22.8276""W"
HIL-1042-022,Hillsborough_County,"27°53'21.48""N","82°28'44.76""W"
HIL-1043-023,Hillsborough_County,"27°51'59.76""N","82°29'20.04""W"
HIL-1045-025,Hillsborough_County,"27°52'31.8""N","82°31'44.76""W"
HIL-1482-027,Hillsborough_County,"27°52'1.98""N","82°13'41.52""W"
HIL-0100-003,Hillsborough_County,"27°59'26.88""N","82°30'11.52""W"
HIL-1650-033,Hillsborough_County,"28°04'57.1""N","82°28'46.8""W"
HIL-1652-035,Hillsborough_County,"27°57'32.5""N","82°27'49.0""W"
HIL-1653-036,Hillsborough_County,"28°03'23.7""N","82°35'39.0""W"
HIL-1976-039,Hillsborough_County,"27°51'55.73""N","82°29'47.4""W"
HIL-1979-042,Hillsborough_County,"27°53'35.74""N","82°31'58.98""W"
HIL-0102-005,Hillsborough_County,"27°54'35.64""N","82°27'13.32""W"
HIL-2043-052,Hillsborough_County,"27°44'53.1816""N","82°28'19.8012""W"
HIL-2061-053,Hillsborough_County,"27°47'08.5""N","82°31'45.1""W"
HIL-2065-056,Hillsborough_County,"27°37'51.6""N","82°39'15.1""W"
HIL-2068-058,Hillsborough_County,"27°43'34.7""N","82°32'13.9""W"
HIL-2069-059,Hillsborough_County,"27°41'48.5""N","82°33'36.7""W"
HIL-2074-061,Hillsborough_County,"27°41'58.6""N","82°31'36.5""W"
HIL-2087-067,Hillsborough_County,"27°37'33.2""N","82°38'55.0""W"
HIL-2130-069,Hillsborough_County,"27°42'18""N","82°26'48""W"
HIL-0104-007,Hillsborough_County,"27°53'22.92""N","82°28'50.88""W"
PIN-0312-001,Pinellas_County,"27°45'18""N","82°45'36""W"
PIN-0314-003,Pinellas_County,"27°46'22""N","82°45'6""W"
PIN-0318-007,Pinellas_County,"27°44'43""N","82°44'53""W"
PIN-0320-009,Pinellas_County,"27°44'7""N","82°41'45""W"
PIN-0322-011,Pinellas_County,"27°41'38""N","82°43'16""W"
PIN-0325-014,Pinellas_County,"27°42'34""N","82°41'4""W"
PIN-0326-015,Pinellas_County,"27°40'41""N","82°44'34""W"
PIN-0560-020,Pinellas_County,"27°46'51.19536""N","82°46'59.70432""W"
HIL-0098-001,Hillsborough_County,"27°58'9.84""N","82°34'32.52""W"
PIN-0563-023,Pinellas_County,"27°48'42.50736""N","82°46'5.18772""W"
PIN-0757-026,Pinellas_County,"28°3'35.28""N","82°42'36.36""W"
PIN-0758-027,Pinellas_County,"28°2'57.12""N","82°42'24.84""W"
PIN-0761-030,Pinellas_County,"28°2'45.96""N","82°45'25.2""W"
PIN-0762-031,Pinellas_County,"28°2'10.68""N","82°47'0.96""W"
PIN-0768-033,Pinellas_County,"28°7'35.4""N","82°44'10.68""W"
PIN-0817-037,Pinellas_County,"27°54'13.716""N","82°46'18.696""W"
PIN-0819-039,Pinellas_County,"27°52'3.396""N","82°46'56.064""W"
PIN-0911-042,Pinellas_County,"28°7'59.0988""N","82°44'14.7012""W"
HIL-0876-012,Hillsborough_County,"28°8'29.0652""N","82°31'41.1744""W"
PIN-0915-046,Pinellas_County,"28°8'52.2528""N","82°46'18.7068""W"
PIN-0917-048,Pinellas_County,"28°6'11.5668""N","82°43'53.4288""W"
PIN-0918-049,Pinellas_County,"28°9'21.6972""N","82°48'20.9052""W"
PIN-0964-052,Pinellas_County,"28°3'5""N","82°47'51""W"
PIN-0966-054,Pinellas_County,"28°0'18""N","82°43'19""W"
PIN-0967-055,Pinellas_County,"27°58'24""N","82°43'17""W"
PIN-0968-056,Pinellas_County,"27°53'17""N","82°42'9""W"
PIN-0969-057,Pinellas_County,"27°56'12""N","82°43'48""W"
PIN-0972-060,Pinellas_County,"27°58'60""N","82°47'20""W"
HIL-0878-014,Hillsborough_County,"28°9'5.1516""N","82°35'32.5356""W"
PIN-0974-062,Pinellas_County,"27°58'36""N","82°49'32""W"
PIN-0976-064,Pinellas_County,"27°54'3""N","82°46'59""W"
PIN-0977-065,Pinellas_County,"27°54'9""N","82°46'17""W"
PIN-0994-069,Pinellas_County,"28°9'21.4452""N","82°45'34.488""W"
PIN-1036-072,Pinellas_County,"27°58'21.8604""N","82°41'49.9992""W"
PIN-1105-075,Pinellas_County,"27°50'22""N","82°40'0""W"
PIN-1108-078,Pinellas_County,"27°50'28""N","82°46'35""W"
PIN-1505-080,Pinellas_County,"27°45'20.88""N","82°37'51.24""W"
HIL-0880-016,Hillsborough_County,"28°4'26.6232""N","82°31'24.2112""W"
PIN-1509-084,Pinellas_County,"27°42'2.7""N","82°39'8.9""W"
PIN-1513-088,Pinellas_County,"27°52'12.36""N","82°36'48.24""W"
HIL-0881-017,Hillsborough_County,"28°6'44.9856""N","82°35'12.804""W"
PIN-1672-098,Pinellas_County,"28°7'22.2348""N","82°46'47.6688""W"
PIN-1673-099,Pinellas_County,"28°7'48.6444""N","82°46'9.0696""W"
PIN-1674-100,Pinellas_County,"28°8'42.8856""N","82°47'25.5588""W"
PIN-2030-104,Pinellas_County,"28°6'57.67""N","82°46'55.89""W"
PIN-2041-107,Pinellas_County,"27°39'6.9228""N","82°40'44.796""W"
PIN-2045-109,Pinellas_County,"27°50'54.7188""N","82°38'0.7008""W"
PIN-2081-114,Pinellas_County,"27°40'00.1""N","82°36'11.9""W"
PIN-2126-117,Pinellas_County,"28°8'42.8856""N","82°47'25.5588""W"
PIN-2138-120,Pinellas_County,"27°50'38.5296""N","82°36'39.7116""W"
HIL-1031-019,Hillsborough_County,"28°3'33.12""N","82°20'38.76""W"
PIN-2141-123,Pinellas_County,"27°51'12.4776""N","82°38'9.9024""W"
HER-0363-003,Hernando_County,"28°32'43""N","82°37'24""W"
HIL-1033-021,Hillsborough_County,"28°4'29.64""N","82°22'33.96""W"
HER-0366-006,Hernando_County,"28°26'42""N","82°36'59""W"
HIL-1044-024,Hillsborough_County,"27°52'1.56""N","82°32'14.28""W"
HIL-1046-026,Hillsborough_County,"28°0'42.804""N","82°33'23.04""W"
HIL-1483-028,Hillsborough_County,"27°51'36.66""N","82°23'3.78""W"
HIL-1484-029,Hillsborough_County,"27°47'27.06""N","82°25'6.84""W"
HIL-1487-032,Hillsborough_County,"27°40'34.68""N","82°22'34.2""W"
HIL-1651-034,Hillsborough_County,"28°02'55.8""N","82°29'50.4""W"
HIL-1654-037,Hillsborough_County,"28°08'05.5""N","82°35'13.8""W"
HIL-0101-004,Hillsborough_County,"28°0'54""N","82°29'39.12""W"
HIL-1655-038,Hillsborough_County,"28°01'40.3""N","82°35'16.7""W"
HIL-1977-040,Hillsborough_County,"27°52'39.89""N","82°31'6""W"
HIL-1978-041,Hillsborough_County,"27°50'51.98""N","82°33'9.91""W"
HIL-1980-043,Hillsborough_County,"27°53'22.34""N","82°28'50.09""W"
HIL-1981-044,Hillsborough_County,"27°52'29.19""N","82°29'10.98""W"
HIL-2062-054,Hillsborough_County,"27°43'34.7""N","82°32'13.9""W"
HIL-2066-057,Hillsborough_County,"27°36'02.9""N","82°44'24.7""W"
HIL-0103-006,Hillsborough_County,"27°52'4.8""N","82°30'7.56""W"
HIL-2072-060,Hillsborough_County,"27°37'54.1""N","82°38'42.0""W"
HIL-2075-062,Hillsborough_County,"27°39'25.6""N","82°33'19.1""W"
HIL-2076-063,Hillsborough_County,"27°38'12.5""N","82°34'54.5""W"
HIL-2129-068,Hillsborough_County,"27°41'38""N","82°26'43""W"
HIL-2131-070,Hillsborough_County,"27°41'13""N","82°31'14""W"
HIL-2132-071,Hillsborough_County,"27°40'32""N","82°26'10""W"
PIN-0313-002,Pinellas_County,"27°45'23""N","82°44'1""W"
PIN-0315-004,Pinellas_County,"27°47'11""N","82°46'41""W"
HIL-0105-008,Hillsborough_County,"27°56'29.4""N","82°27'2.88""W"
PIN-0317-006,Pinellas_County,"27°48'17""N","82°45'50""W"
PIN-0319-008,Pinellas_County,"27°44'8""N","82°42'31""W"
PIN-0321-010,Pinellas_County,"27°42'30""N","82°43'46""W"
PIN-0323-012,Pinellas_County,"27°43'8""N","82°42'10""W"
HIL-0106-009,Hillsborough_County,"27°56'46.68""N","82°25'48""W"
PIN-0327-016,Pinellas_County,"27°40'57""N","82°43'22""W"
PIN-0329-018,Pinellas_County,"27°38'39""N","82°44'44""W"
PIN-0559-019,Pinellas_County,"27°46'59.02392""N","82°37'28.13304""W"
PIN-0562-022,Pinellas_County,"27°47'22.2864""N","82°38'32.14356""W"
PIN-2044-108,Pinellas_County,"27°53'38.1876""N","82°38'16.0188""W"
HIL-0107-010,Hillsborough_County,"27°58'35.76""N","82°21'42.12""W"
PIN-0760-029,Pinellas_County,"28°2'38.76""N","82°45'4.68""W"
PIN-0763-032,Pinellas_County,"28°3'7.56""N","82°47'3.84""W"
PIN-0816-036,Pinellas_County,"27°53'43.008""N","82°40'3.036""W"
PIN-0820-040,Pinellas_County,"27°52'23.052""N","82°48'33.048""W"
PIN-0971-059,Pinellas_County,"27°58'43""N","82°46'3""W"
PIN-1107-077,Pinellas_County,"27°49'16""N","82°44'32""W"
PIN-1506-081,Pinellas_County,"27°46'1.92""N","82°37'43.32""W"
PIN-2038-106,Pinellas_County,"27°52'27.4152""N","82°35'59.0208""W"
HIL-0885-018,Hillsborough_County,"28°5'34.5768""N","82°28'47.9856""W"
PIN-2139-121,Pinellas_County,"27°50'57.8112""N","82°36'10.9224""W"
HER-0364-004,Hernando_County,"28°31'16""N","82°38'10""W"
HIL-2063-055,Hillsborough_County,"27°41'48.5""N","82°33'36.7""W"
HIL-2083-065,Hillsborough_County,"27°42'29.2""N","82°31'06.6""W"
PIN-0316-005,Pinellas_County,"27°47'60""N","82°46'29""W"
PIN-0324-013,Pinellas_County,"27°41'38""N","82°43'16""W"
PIN-0328-017,Pinellas_County,"27°39'17""N","82°40'40""W"
PIN-0561-021,Pinellas_County,"27°48'0.46224""N","82°38'0.43944""W"
MTE-0618-020,Manatee_County,"27°24'53.28""N","82°34'29.28""W"
MTE-1488-022,Manatee_County,"27°28'52.26""N","82°20'28.74""W"
MTE-1489-023,Manatee_County,"27°29'49.74""N","82°31'25.5""W"
BRE-0712-011,Brevard_County,28°44'41''N,"80°48'51""W"
MTE-2027-030,Manatee_County,"27°34'29.154""N","82°35'13.9848""W"
MTE-2042-031,Manatee_County,"27°35'23.4852""N","82°37'41.3364""W"
MTE-2073-034,Manatee_County,"27°32'59.6""N","82°42'26.3""W"
MTE-2082-037,Manatee_County,"27°37'46.2""N","82°33'51.1""W"
MTE-2084-038,Manatee_County,"27°37'56.6""N","82°33'55.1""W"
MTE-2086-039,Manatee_County,"27°33'47.5""N","82°42'37.8""W"
MTE-2133-043,Manatee_County,"27°36'5""N","82°33'7""W"
MTE-2135-045,Manatee_County,"27°35'24""N","82°33'13""W"
CHA-0002-002,Charlotte_County,"26°56'27""N","82°3'4""W"
BRE-0717-013,Brevard_County,"28°7'7""N","80°40'17""W"
CHA-0004-004,Charlotte_County,26°58'17''N,82°1'49''W
CHA-0013-012,Charlotte_County,26°57'14''N,"82°9'22""W"
CHA-0019-015,Charlotte_County,26°51'25''N,82°17'3''W
BRE-0718-014,Brevard_County,"28°4'42""N","80°37'45""W"
CHA-0022-017,Charlotte_County,26°53'32''N,"82°14'54""W"
CHA-0027-021,Charlotte_County,"26°47'41""N","81°58'48""W"
CHA-0028-022,Charlotte_County,"26°51'29""N","81°57'50""W"
CHA-0031-025,Charlotte_County,"26°49'1""N","82°1'44""W"
BRE-0719-015,Brevard_County,"28°7'58""N","80°39'17""W"
CHA-0056-028,Charlotte_County,"26°54'9""N","82°6'54.96""W"
CHA-0062-031,Charlotte_County,"26°56'15.72""N","82°4'11.64""W"
CHA-0065-034,Charlotte_County,"26°50'31.98""N","82°7'25.2""W"
CHA-0781-037,Charlotte_County,"26°50'50.7""N","82°17'49.5""W"
CHA-0783-039,Charlotte_County,"26°51'02.3""N","82°18'09.0""W"
CHA-1714-040,Charlotte_County,"26°48'16.83""N","82°2'58.55""W"
CHA-1951-043,Charlotte_County,"26°58'46.6""N","82°0'11.5""W"
CHA-1956-044,Charlotte_County,"26°59'40""N","82°12'2.6""W"
CHA-1958-045,Charlotte_County,"26°53'17.3""N","82°3'11.8""W"
CHA-1989-050,Charlotte_County,"26°59'20.85""N","81°59'39.06""W"
CHA-1993-051,Charlotte_County,"26°58'27.11""N","81°53'21.65""W"
CHA-1994-052,Charlotte_County,"26°58'26.7""N","81°57'56.09""W"
DUV-0202-004,Duval_County,30°23'52''N,81°35'12''W
DUV-0210-006,Duval_County,30°27'48''N,81°25'54''W
DUV-0211-007,Duval_County,30°24'23''N,81°24'45''W
DUV-0213-009,Duval_County,30°22'34''N,81°26'10''W
DUV-0303-012,Duval_County,"30°16'28.92""N","81°23'59.28""W"
DUV-0332-015,Duval_County,"30°16'55.56""N","81°42'31.68""W"
DUV-0334-017,Duval_County,"30°16'25.68""N","81°42'2.88""W"
DUV-0336-019,Duval_County,"30°16'42.24""N","81°43'3""W"
DUV-0337-020,Duval_County,"30°16'24.96""N","81°44'27.6""W"
DUV-0338-021,Duval_County,"30°16'55.92""N","81°44'26.88""W"
BRE-0703-002,Brevard_County,"28°20'20""N","80°39'05""W"
BRE-0724-020,Brevard_County,"28°5'5""N","80°45'10""W"
DUV-0339-022,Duval_County,"30°17'22.92""N","81°45'28.08""W"
DUV-0542-026,Duval_County,"30°19'8""N",81°39'38'W
DUV-0545-029,Duval_County,"30°22'16""N",81°25'56'W
DUV-0548-032,Duval_County,"30°19'19""N",81°26'28'W
DUV-0551-035,Duval_County,"30°18'36""N",81°40'49'W
DUV-1117-036,Duval_County,"30°8'7.08""N","81°35'45.6""W"
BRE-0897-022,Brevard_County,"28°1'47""N","80°34'53""W"
BRE-0898-023,Brevard_County,"28°7'28""N","80°37'29""W"
BRE-0900-025,Brevard_County,"28°5'44""N","80°34'47""W"
BRE-0903-027,Brevard_County,"28°22'7""N","80°41'6""W"
BRE-0704-003,Brevard_County,"28°21'03""N","80°38'56""W"
BRE-1722-035,Brevard_County,"28°24'7.64064""N","80°39'45.7236""W"
BRE-1726-039,Brevard_County,"28°23'29.157""N","80°35'42.93456""W"
BRE-1729-042,Brevard_County,"28°21'33.51744""N","80°37'19.87392""W"
BRE-0706-005,Brevard_County,"28°10'17""N","80°36'53""W"
BRE-1736-048,Brevard_County,"28°17'33.74628""N","80°36'58.32684""W"
BRE-1738-050,Brevard_County,"28°15'32.97672""N","80°36'14.15556""W"
BRE-1739-051,Brevard_County,"28°12'52.75836""N","80°35'49.26732""W"
BRE-1742-054,Brevard_County,"28°9'53.03592""N","80°35'10.54968""W"
BRE-1744-056,Brevard_County,"28°3'22.482""N","80°33'2.97504""W"
BRE-1747-059,Brevard_County,"28°2'34.27296""N","80°33'11.63664""W"
BRE-1749-061,Brevard_County,"28°5'18.44808""N","80°34'43.91472""W"
BRE-1750-062,Brevard_County,"28°4'52.90284""N","80°35'51.33732""W"
BRE-1753-065,Brevard_County,"27°58'32.25252""N","80°32'52.14948""W"
BRE-1755-067,Brevard_County,"28°7'56.81352""N","80°37'32.952""W"
BRE-1759-070,Brevard_County,"28°10'19.14204""N","80°37'16.50288""W"
BRE-1761-072,Brevard_County,"28°12'29.90736""N","80°38'6.22284""W"
BRE-1764-075,Brevard_County,"28°16'18.471""N","80°41'17.6784""W"
MTE-0428-002,Manatee_County,"27°30'20.52""N","82°42'39.24""W"
MTE-0433-007,Manatee_County,"27°25'29.64""N","82°32'50.64""W"
MTE-0434-008,Manatee_County,"27°26'41.28""N","82°29'9.24""W"
MTE-0612-014,Manatee_County,"27°31'17.4""N","82°42'54.36""W"
MTE-0613-015,Manatee_County,"27°29'51.36""N","82°42'9.72""W"
MTE-0614-016,Manatee_County,"27°29'48.12""N","82°39'23.94""W"
BRE-0702-001,Brevard_County,"28°21'27""N","80°38'10""W"
MTE-1491-025,Manatee_County,"27°30'0.84""N","82°33'42.18""W"
MTE-1492-026,Manatee_County,"27°31'55.92""N","82°38'42.3""W"
MTE-1494-028,Manatee_County,"27°32'3.18""N","82°44'4.74""W"
MTE-2071-033,Manatee_County,"27°37'41.9""N","82°33'47.9""W"
MTE-2077-035,Manatee_County,"27°36'16.6""N","82°37'48.7""W"
BRE-0716-012,Brevard_County,"28°7'49""N","80°42'41""W"
MTE-2089-041,Manatee_County,"27°33'00.0""N","82°39'58.7""W"
MTE-2134-044,Manatee_County,"27°36'3""N","82°33'6""W"
CHA-0003-003,Charlotte_County,"26°58'9""N","82°5'48""W"
CHA-0008-008,Charlotte_County,27°0'8''N,81°58'44''W
CHA-0010-009,Charlotte_County,26°55'33''N,82°0'5''W
CHA-0011-010,Charlotte_County,26°59'33''N,82°7'0''W
CHA-0012-011,Charlotte_County,26°58'25''N,82°7'14''W
CHA-0018-014,Charlotte_County,26°52'30''N,82°18'42''W
CHA-0020-016,Charlotte_County,26°49'58''N,82°16'10''W
CHA-0024-019,Charlotte_County,"26°56'18""N","82°12'51""W"
CHA-0025-020,Charlotte_County,"26°57'45""N","82°12'31""W"
CHA-0029-023,Charlotte_County,"26°53'51""N","81°59'13""W"
CHA-0054-027,Charlotte_County,"26°57'1.14""N","82°2'48.9""W"
CHA-0057-029,Charlotte_County,"26°50'23.52""N","82°7'19.02""W"
CHA-0061-030,Charlotte_County,"26°57'30.96""N","82°6'49.92""W"
CHA-0064-033,Charlotte_County,"26°55'53.76""N","82°6'14.46""W"
CHA-0779-035,Charlotte_County,"26°56'04.6""N","82°21'08.7""W"
BRE-0720-016,Brevard_County,"28°13'48""N","80°45'18""W"
CHA-0782-038,Charlotte_County,"26°50'45.7""N","82°18'12.6""W"
CHA-1715-041,Charlotte_County,"26°56'20.23""N","82°3'6.44""W"
BRE-0721-017,Brevard_County,"28°19'3""N","80°44'35""W"
CHA-1960-046,Charlotte_County,"26°50'1.5""N","82°15'50.7""W"
CHA-1962-047,Charlotte_County,"26°54'33.3""N","82°5'41.8""W"
CHA-1987-048,Charlotte_County,"26°56'29.04""N","82°11'51.64""W"
CHA-2004-054,Charlotte_County,"26?56'18""N","82?12'51""W"
DUV-0200-002,Duval_County,30°30'6''N,81°39'50''W
DUV-0208-005,Duval_County,30°30'38''N,81°27'38''W
DUV-0212-008,Duval_County,30°23'39''N,81°26'15''W
DUV-0214-010,Duval_County,30°22'13''N,81°24'43''W
BRE-0723-019,Brevard_County,"28°22'9""N","80°52'18""W"
DUV-0304-013,Duval_County,"30°15'59.4""N","81°23'24.36""W"
DUV-0333-016,Duval_County,"30°17'24.36""N","81°42'44.64""W"
DUV-0335-018,Duval_County,"30°15'8.28""N","81°41'18.6""W"
DUV-0540-024,Duval_County,"30°25'3""N",81°32'17'W
DUV-0541-025,Duval_County,"30°16'27""N",81°43'58'W
DUV-0543-027,Duval_County,"30°22'16""N",81°38'21'W
DUV-0546-030,Duval_County,"30°22'4""N",81°24'10'W
BRE-0896-021,Brevard_County,"28°2'41""N","80°33'12""W"
DUV-0550-034,Duval_County,"30°15'33""N",81°43'38'W
BRE-0899-024,Brevard_County,"28°9'46""N","80°39'36""W"
BRE-0906-030,Brevard_County,"28°26'48""N","80°43'14""W"
BRE-0908-032,Brevard_County,"28°24'32""N","80°37'54""W"
BRE-0909-033,Brevard_County,"28°23'42""N","80°37'7""W"
BRE-0910-034,Brevard_County,"28°8'10""N","80°36'19""W"
BRE-1724-037,Brevard_County,"28°24'32.29488""N","80°37'10.72992""W"
BRE-0705-004,Brevard_County,"28°07'48""N","80°36'58""W"
BRE-1725-038,Brevard_County,"28°24'30.58668""N","80°35'40.9452""W"
BRE-1727-040,Brevard_County,"28°23'42.16848""N","80°37'10.25796""W"
BRE-1728-041,Brevard_County,"28°22'53.1534""N","80°36'32.38488""W"
BRE-1730-043,Brevard_County,"28°20'55.78296""N","80°36'42.56244""W"
BRE-1731-044,Brevard_County,"28°19'24.80916""N","80°36'25.90092""W"
BRE-1732-045,Brevard_County,"28°18'48.3066""N","80°38'0.75264""W"
BRE-1737-049,Brevard_County,"28°16'23.63412""N","80°0'21.04416""W"
BRE-1740-052,Brevard_County,"28°11'35.06208""N","80°36'37.9674""W"
BRE-1743-055,Brevard_County,"28°7'21.26604""N","80°34'30.8046""W"
BRE-0707-006,Brevard_County,"28°12'25""N","80°37'44""W"
BRE-1746-058,Brevard_County,"27°59'15.28368""N","80°31'28.56396""W"
BRE-1748-060,Brevard_County,"28°4'1.60932""N","80°33'56.03328""W"
BRE-1751-063,Brevard_County,"28°4'15.37716""N","80°36'12.96936""W"
BRE-1754-066,Brevard_County,"28°7'27.60636""N","80°37'26.57532""W"
BRE-1757-068,Brevard_County,"28°8'19.18536""N","80°36'4.68072""W"
BRE-1758-069,Brevard_County,"28°8'57.85944""N","80°36'17.57376""W"
BRE-1760-071,Brevard_County,"28°11'44.5308""N","80°38'0.87468""W"
BRE-1763-074,Brevard_County,"28°13'45.9912""N","80°40'16.22316""W"
BRE-1765-076,Brevard_County,"28°21'17.5086""N","80°43'20.20152""W"
BRE-0709-008,Brevard_County,"28°35'43""N","80°43'48""W"
MTE-0430-004,Manatee_County,"27°26'50.28""N","82°34'53.04""W"
BRE-0710-009,Brevard_County,28°32'58''N,"80°44'32""W"
MTE-0435-009,Manatee_County,"27°30'38.52""N","82°21'36.72""W"
MTE-0437-011,Manatee_County,"27°34'49.44""N","82°33'43.92""W"
MTE-0611-013,Manatee_County,"27°26'53.16""N","82°41'17.88""W"
MTE-0615-017,Manatee_County,"27°31'25.68""N","82°39'15.12""W"
MTE-0617-019,Manatee_County,"27°26'44.16""N","82°38'54.6""W"
DUV-0199-001,Duval_County,30°28'30''N,81°41'4''W
BRE-0711-010,Brevard_County,28°42'15''N,"80°41'58""W"
MTE-1405-021,Manatee_County,"27°25'54.33""N","82°28'52.78""W"
MTE-1490-024,Manatee_County,"27°25'56.94""N","82°28'54""W"
MTE-1493-027,Manatee_County,"27°29'45.66""N","82°40'10.62""W"
MTE-2064-032,Manatee_County,"27°38'02.4""N","82°33'46.1""W"
MTE-2078-036,Manatee_County,"27°32'40.6""N","82°39'53.6""W"
CHA-0001-001,Charlotte_County,26°54'13''N,82°2'37''W
CHA-0014-013,Charlotte_County,27°0'30''N,82°14'38''W
CHA-0038-026,Charlotte_County,"26°46'12""N","81°49'34""W"
CHA-0063-032,Charlotte_County,"26°57'2.58""N","82°2'47.28""W"
CHA-0780-036,Charlotte_County,"26°51'48.3""N","82°18'32.5""W"
CHA-1949-042,Charlotte_County,"26°49'37.5""N","82°16'1.8""W"
CHA-1988-049,Charlotte_County,"26°57'3.49""N","82°3'40.02""W"
CHA-1999-053,Charlotte_County,"26°59'9.99""N","82°8'59.76""W"
BRE-0722-018,Brevard_County,"28°21'2""N","80°48'54""W"
DUV-0201-003,Duval_County,30°26'46''N,81°40'16''W
DUV-0302-011,Duval_County,"30°17'39.12""N","81°23'21.12""W"
DUV-0544-028,Duval_County,"30°23'20""N",81°37'12'W
DUV-0547-031,Duval_County,"30°21'22""N",81°25'41'W
BRE-0904-028,Brevard_County,"28°28'39""N","80°46'6""W"
BRE-0907-031,Brevard_County,"28°24'18""N","80°38'21""W"
BRE-1723-036,Brevard_County,"28°24'12.39696""N","80°39'41.6934""W"
BRE-1741-053,Brevard_County,"28°10'59.6766""N","80°36'37.84176""W"
BRE-1745-057,Brevard_County,"28°2'51.66564""N","80°32'49.32528""W"
BRE-1752-064,Brevard_County,"28°2'25.46304""N","80°34'48.76212""W"
BRE-0708-007,Brevard_County,"28°26'36""N","80°44'30""W"
BRE-1762-073,Brevard_County,"28°12'29.45556""N","80°39'45.21924""W"
MTE-0427-001,Manatee_County,"27°27'59.04""N","82°41'58.92""W"
MTE-0429-003,Manatee_County,"27°29'3.84""N","82°34'49.8""W"
MTE-0431-005,Manatee_County,"27°28'25.32""N","82°36'45""W"
MTE-0436-010,Manatee_County,"27°31'28.92""N","82°25'48.72""W"
MTE-0616-018,Manatee_County,"27°27'35.64""N","82°40'14.16""W"
ALC-2120-084,Alachua_County,"29°39'5.4""N","82°19'14.8368""W"
ALC-2121-085,Alachua_County,"29°38'16.242""N","82°19'1.9092""W"
DUV-1190-047,Duval_County,"30°23'19.3236""N","81°28'16.05""W"
ORA-0487-002,Orange_County,"28°25'55.0272""N","81°38'21.264""W"
ORA-0501-006,Orange_County,"28°40'38.4348""N","81°37'43.7988""W"
ORA-0507-010,Orange_County,"28°37'0.78""N","81°35'54.84""W"
ORA-0512-015,Orange_County,"28°36'54.3""N","81°39'22.8""W"
DUV-1192-049,Duval_County,"30°26'24.8316""N","81°25'45.8292""W"
ORA-0521-018,Orange_County,"28°38'56.346""N","81°34'45.4764""W"
ORA-0533-025,Orange_County,"28°33'48.2112""N","81°37'31.4508""W"
ORA-0557-028,Orange_County,"28°24'25.2""N","81°29'18.24""W"
ORA-0626-030,Orange_County,"28°26'58.1064""N","81°28'58.818""W"
ORA-0632-036,Orange_County,"28°27'17.424""N","81°18'55.224""W"
ORA-0635-039,Orange_County,"28°21'7.9092""N","81°13'6.3948""W"
ORA-0636-040,Orange_County,"28°34'18.822""N","81°15'12.006""W"
ORA-0725-043,Orange_County,"28°32'38""N","80°56'3""W"
ORA-0828-046,Orange_County,"28°23'20""N","81°13'29""W"
ORA-0829-047,Orange_County,"28°22'17""N","81°15'21""W"
ORA-0841-050,Orange_County,"28°27'40""N","81°15'42""W"
ORA-1455-054,Orange_County,"28°34'17.22""N","81°22'5.17""W"
ORA-2033-058,Orange_County,"28°36'38.88""N","81°20'5.64""W"
ORA-2036-060,Orange_County,"28°36'29.52""N","81°16'55.2""W"
PAL-0138-005,Palm_Beach_County,"26°50'25.6668""N","80°10'0.1704""W"
PAL-0140-006,Palm_Beach_County,"26°57'59.9544""N","80°6'15.84""W"
PAL-0155-008,Palm_Beach_County,"26°56'58.2072""N","80°8'11.2524""W"
PAL-0177-009,Palm_Beach_County,"26°43'27.463242""N","80°4'39.755607""W"
PAL-0181-011,Palm_Beach_County,"26°56'35.160370""N","80°7'17.677182""W"
PAL-0188-016,Palm_Beach_County,"26°44'58.442000""N","80°5'20.156391""W"
PAL-0190-018,Palm_Beach_County,"26°50'38.108431""N","80°3'27.158380""W"
PAL-0192-020,Palm_Beach_County,"26°50'39.931955""N","80°4'1.365284""W"
PAL-0193-021,Palm_Beach_County,"26°52'54.467194""N","80°4'7.031098""W"
PAL-0194-022,Palm_Beach_County,"26°54'48.153052""N","80°4'44.218750""W"
DUV-1119-038,Duval_County,"30°8'0.96""N","81°38'2.76""W"
PAL-0251-025,Palm_Beach_County,"26°21'27""N","80°6'20.52""W"
PAL-0254-028,Palm_Beach_County,"26°21'45.36""N","80°4'17.04""W"
PAL-0256-030,Palm_Beach_County,"26°25'49.44""N","80°4'6.24""W"
PAL-0257-031,Palm_Beach_County,"26°24'52.2""N","80°5'18.96""W"
PAL-0260-034,Palm_Beach_County,"26°27'24.84""N","80°3'47.88""W"
ALC-0127-001,Alachua_County,"29°38'44.4829""N","82°20'49.0884""W"
ALC-0128-002,Alachua_County,"29°38'54.2551""N","82°20'28.2156""W"
ALC-0130-004,Alachua_County,"29°38'28.3844""N","82°20'45.6504""W"
DUV-1120-039,Duval_County,"30°8'56.76""N","81°37'41.88""W"
ALC-0715-015,Alachua_County,"29°41'15.888""N","82°12'24.162""W"
ALC-0776-017,Alachua_County,"29°39'1.9944""N","82°14'18.5568""W"
ALC-0809-021,Alachua_County,"29°42'46.08""N","82°3'8.28""W"
ALC-0894-024,Alachua_County,"29°38'36.0024""N","82°21'45.5796""W"
ALC-0930-027,Alachua_County,"29°36'59.04""N","82°20'9.96""W"
DUV-1122-041,Duval_County,"30°13'32.88""N","81°36'14.76""W"
ALC-0932-029,Alachua_County,"29°42'40.68""N","82°27'18.72""W"
ALC-0935-032,Alachua_County,"29°32'0.96""N","82°18'19.8""W"
ALC-0936-033,Alachua_County,"29°30'40.32""N","82°17'50.28""W"
ALC-0955-036,Alachua_County,"29°38'4.92""N","82°20'20.04""W"
ALC-0957-038,Alachua_County,"29°38'36.24""N","82°19'27.84""W"
ALC-0958-039,Alachua_County,"29°37'44.4""N","82°19'44.04""W"
ALC-0996-041,Alachua_County,"29°27'20.2176""N","82°5'33.4464""W"
ALC-0998-043,Alachua_County,"29°28'45.5448""N","82°12'23.8572""W"
ALC-1150-047,Alachua_County,"29°39'58.9""N","82°20'57.4""W"
ALC-1152-049,Alachua_County,"29°39'25.6""N","82°21'35.9""W"
DUV-1124-043,Duval_County,"30°15'44.28""N","81°38'48.12""W"
ALC-1155-052,Alachua_County,"29°40'25.1""N","82°22'19.8""W"
ALC-1158-055,Alachua_County,"29°51'6.192""N","82°36'32.328""W"
ALC-1173-059,Alachua_County,"29°52'47.28""N","82°29'49.56""W"
ALC-1495-062,Alachua_County,"29°40'26.23""N","82°18'8.59""W"
ALC-1496-063,Alachua_County,"29°41'55.36""N","82°18'19.62""W"
ALC-1499-066,Alachua_County,"29°47'49.92""N","82°19'26.72""W"
ALC-1500-067,Alachua_County,"29°41'11.33""N","82°17'29.61""W"
ALC-1640-072,Alachua_County,"29°37'05.3""N","82°15'06.3""W"
ALC-1641-073,Alachua_County,"29°37'24.4""N","82°15'25.6""W"
ALC-1643-075,Alachua_County,"29°38'12.9""N","82°12'07.0""W"
DUV-1118-037,Duval_County,"30°8'43.44""N","81°33'13.68""W"
ALC-1685-083,Alachua_County,"29°35'00.0""N","82°08'57.4""W"
ALC-2122-086,Alachua_County,"29°37'16.5936""N","82°19'25.8744""W"
ALC-2123-087,Alachua_County,"29°39'24.894""N","82°19'11.3124""W"
DUV-1191-048,Duval_County,"30°23'55.4568""N","81°27'22.3308""W"
ORA-0488-003,Orange_County,"28°27'16.0128""N","81°36'27.5688""W"
ORA-0503-008,Orange_County,"28°40'29.4888""N","81°35'59.6688""W"
ORA-0508-011,Orange_County,"28°37'1.2""N","81°33'17.04""W"
ORA-0509-012,Orange_County,"28°36'16.86""N","81°34'26.88""W"
ORA-0514-016,Orange_County,"28°34'48.12""N","81°39'3.48""W"
ORA-0523-019,Orange_County,"28°38'43.4652""N","81°35'50.9856""W"
ORA-0524-020,Orange_County,"28°38'10.4064""N","81°33'36.9648""W"
ORA-0525-021,Orange_County,"28°38'17.5344""N","81°37'53.7672""W"
ORA-0531-023,Orange_County,"28°33'44.532""N","81°38'56.22""W"
ORA-0556-027,Orange_County,"28°26'30.48""N","81°33'13.68""W"
ORA-0558-029,Orange_County,"28°27'16.92""N","81°30'44.28""W"
ORA-0627-031,Orange_County,"28°26'18.3084""N","81°20'34.3248""W"
ORA-0631-035,Orange_County,"28°27'45.6732""N","81°21'25.1496""W"
ORA-0634-038,Orange_County,"28°24'56.286""N","81°16'24.438""W"
ORA-0640-042,Orange_County,"28°37'16.3164""N","81°21'59.166""W"
ORA-0827-045,Orange_County,"28°35'51""N","81°13'30""W"
ORA-0840-049,Orange_County,"28°27'50""N","81°15'60""W"
ORA-1060-052,Orange_County,"28°41'2.7672""N","81°30'34.8912""W"
ORA-1457-056,Orange_County,"28°32'36.39""N","81°37'59.83""W"
ORA-2035-059,Orange_County,"28°36'23.4""N","81°12'11.88""W"
PAL-0135-002,Palm_Beach_County,"26°55'34.3992""N","80°10'42.4668""W"
PAL-0137-004,Palm_Beach_County,"26°52'20.3088""N","80°14'43.3032""W"
PAL-0144-007,Palm_Beach_County,"26°56'53.9628""N","80°8'11.1804""W"
PAL-0180-010,Palm_Beach_County,"26°57'28.195255""N","80°6'14.422638""W"
PAL-0183-013,Palm_Beach_County,"26°55'1.123389""N","80°4'37.735617""W"
JEF-1384-002,Jefferson_County,"30°31'43.68""N","83°58'41.16""W"
PAL-0187-015,Palm_Beach_County,"26°42'12.022331""N","80°4'5.317877""W"
PAL-0189-017,Palm_Beach_County,"26°57'26.439675""N","80°4'39.653688""W"
PAL-0191-019,Palm_Beach_County,"26°49'4.366875""N","80°4'51.382738""W"
PAL-0248-024,Palm_Beach_County,"26°20'14.496""N","80°32'18.7944""W"
PAL-0252-026,Palm_Beach_County,"26°20'27.96""N","80°5'46.68""W"
PAL-0253-027,Palm_Beach_County,"26°21'25.2""N","80°4'12.36""W"
PAL-0255-029,Palm_Beach_County,"26°24'8.64""N","80°4'20.28""W"
PAL-0258-032,Palm_Beach_County,"26°26'19.68""N","80°3'59.04""W"
LIB-1607-001,Liberty_County,"30°26'24.7056""N","84°59'11.6268""W"
ALC-0129-003,Alachua_County,"29°38'50.141""N","82°20'41.1612""W"
ALC-0131-005,Alachua_County,"29°38'32.9878""N","82°20'41.3232""W"
ALC-0132-006,Alachua_County,"29°38'26.16""N","82°21'0.36""W"
ALC-0564-009,Alachua_County,"29°30'60""N",82°6'11'W
ALC-0567-012,Alachua_County,"29°39'34""N",82°7'34'W
ALC-0568-013,Alachua_County,"29°29'42""N",82°7'46'W
ALC-0714-014,Alachua_County,"29°33'53.778""N","82°3'54.64""W"
ALC-0777-018,Alachua_County,"29°37'5.5812""N","82°15'11.3688""W"
DUV-1121-040,Duval_County,"30°12'56.52""N","81°36'59.76""W"
ALC-0778-019,Alachua_County,"29°36'44.2512""N","82°14'54.9564""W"
ALC-0813-022,Alachua_County,"29°46'43.32""N","82°8'6.72""W"
ALC-0893-023,Alachua_County,"29°38'41.2872""N","82°21'37.0584""W"
ALC-0895-025,Alachua_County,"29°38'27.132""N","82°20'59.1144""W"
ALC-0929-026,Alachua_County,"29°38'11.76""N","82°14'20.4""W"
ALC-0931-028,Alachua_County,"29°38'34.08""N","82°19'27.12""W"
ALC-0934-031,Alachua_County,"29°38'38.4""N","82°21'6.84""W"
ALC-0937-034,Alachua_County,"29°37'17.76""N","82°18'32.04""W"
ALC-0956-037,Alachua_County,"29°38'30.84""N","82°19'58.8""W"
DUV-1123-042,Duval_County,"30°15'13.32""N","81°38'25.44""W"
ALC-0995-040,Alachua_County,"29°29'9.3516""N","82°9'54.0432""W"
ALC-0997-042,Alachua_County,"29°28'45.5448""N","82°9'40.5072""W"
ALC-1000-044,Alachua_County,"29°31'2.0856""N","82°13'18.156""W"
ALC-1001-045,Alachua_County,"29°35'40.6392""N","82°3'28.998""W"
ALC-1151-048,Alachua_County,"29°39'48.6""N","82°21'13.0""W"
ALC-1153-050,Alachua_County,"29°39'34.3""N","82°22'06.8""W"
ALC-1154-051,Alachua_County,"29°39'58.9""N","82°21'50.5""W"
ALC-1157-054,Alachua_County,"29°39'03.6""N","82°22'30.3""W"
ALC-1159-056,Alachua_County,"29°42'39.132""N","82°23'19.068""W"
DUV-1131-044,Duval_County,"30°15'33.84""N","81°43'39.36""W"
ALC-1172-058,Alachua_County,"29°44'54.8232""N","82°23'44.232""W"
ALC-1177-060,Alachua_County,"29°33'44.0028""N","82°3'30.8484""W"
ALC-1497-064,Alachua_County,"29°42'11.16""N","82°18'6.12""W"
DUV-1132-045,Duval_County,"30°15'36.72""N","81°44'51.72""W"
ALC-1501-068,Alachua_County,"29°41'56""N","82°16'25.46""W"
ALC-1620-070,Alachua_County,"29°35'21.1""N","82°09'06.9""W"
ALC-1621-071,Alachua_County,"29°42'45.6""N","82°03'07.8""W"
ALC-1644-076,Alachua_County,"29°41'16.0""N","82°13'09.2""W"
ALC-1647-079,Alachua_County,"29°39'06.3""N","82°15'02.0""W"
PAL-0136-003,Palm_Beach_County,"26°56'18.582""N","80°7'56.9964""W"
ALC-1074-046,Alachua_County,"29°38'28.9""N","82°13'28.8""W"
DUV-1186-046,Duval_County,"30°17'28.2372""N","81°25'17.7636""W"
ORA-0300-001,Orange_County,"28°21'15.12""N","81°37'35.76""W"
ORA-0489-004,Orange_County,"28°31'49.224""N","81°36'50.58""W"
ORA-0511-014,Orange_County,"28°35'34.68""N","81°37'9.18""W"
ORA-0534-026,Orange_County,"28°34'41.7648""N","81°35'23.9172""W"
ORA-1057-051,Orange_County,"28°37'58.44""N","81°33'3.6""W"
ORA-2032-057,Orange_County,"28°34'34.68""N","81°19'37.56""W"
PAL-0134-001,Palm_Beach_County,"26°55'57.1332""N","80°5'3.0876""W"
JEF-1383-001,Jefferson_County,"30°20'23.28""N","83°59'28.32""W"
PAL-0184-014,Palm_Beach_County,"26°57'8.812733""N","80°4'45.214522""W"
PAL-0247-023,Palm_Beach_County,"26°35'53.466""N","80°26'43.728""W"
PAL-0259-033,Palm_Beach_County,"26°26'30.84""N","80°3'36""W"
ALC-0133-007,Alachua_County,"29°38'27.6216""N","82°20'51.198""W"
ALC-0446-008,Alachua_County,"29°51'13.9""N","82°24'18.4""W"
ALC-0565-010,Alachua_County,"29°30'22""N",82°6'6'W
ALC-0954-035,Alachua_County,"29°37'17.9508""N","82°20'24.2592""W"
ALC-1156-053,Alachua_County,"29°40'26.4""N","82°20'41.1""W"
ALC-1162-057,Alachua_County,"29°49'25.392""N","82°38'52.584""W"
ALC-1468-061,Alachua_County,"29°33'39.49""N","82°36'22.55""W"
ALC-1498-065,Alachua_County,"29°43'23.4""N","82°20'12.17""W"
ALC-1502-069,Alachua_County,"29°42'11.15""N","82°17'24.15""W"
ALC-1646-078,Alachua_County,"29°40'42.6""N","82°14'06.7""W"
PAS-0771-004,Pasco_County,"28°11'42.36""N","82°45'52.56""W"
PAS-0772-005,Pasco_County,"28°11'39.12""N","82°43'8.04""W"
PAS-0773-006,Pasco_County,"28°11'16.8""N","82°24'11.88""W"
PAS-0774-007,Pasco_County,"28°25'0.84""N","82°18'20.88""W"
PAS-0882-008,Pasco_County,"28°12'20.0772""N","82°26'48.6852""W"
PAS-0883-009,Pasco_County,"28°12'29.196""N","82°26'56.3388""W"
PAS-0884-010,Pasco_County,"28°12'9.9648""N","82°27'30.8988""W"
PAS-0921-011,Pasco_County,"28°10'33.9852""N","82°47'19.95""W"
PAS-0979-012,Pasco_County,"28°13'6""N","82°45'17""W"
PAS-0980-013,Pasco_County,"28°13'38.2152""N","82°27'29.3292""W"
PAS-0981-014,Pasco_County,"28°13'24.0024""N","82°27'26.4168""W"
PAS-0982-015,Pasco_County,"28°13'46.5744""N","82°27'28.9764""W"
PAS-0983-016,Pasco_County,"28°18'7.02""N","82°41'27.978""W"
PAS-0985-017,Pasco_County,"28°24'23.5728""N","82°40'17.7924""W"
PAS-0986-018,Pasco_County,"28°22'23.0052""N","82°41'45.2688""W"
PAS-0987-019,Pasco_County,"28°20'33.4212""N","82°42'22.5684""W"
PAS-0988-020,Pasco_County,"28°18'44.4636""N","82°42'25.5996""W"
PAS-0990-021,Pasco_County,"28°14'7.116""N","82°44'34.4796""W"
PAS-0991-022,Pasco_County,"28°15'11.8872""N","82°45'25.5672""W"
PAS-0992-023,Pasco_County,"28°15'2.2428""N","82°43'20.6832""W"
PAS-1039-024,Pasco_County,"28°13'46.092""N","82°40'5.3364""W"
PAS-1040-025,Pasco_County,"28°14'11.112""N","82°41'59.1216""W"
PAS-1041-026,Pasco_County,"28°13'27.0552""N","82°41'22.0308""W"
PAS-2028-029,Pasco_County,"28°11'5.17""N","82°50'50.63""W"
OKE-1269-001,Okeechobee_County,"27°8'51.288""N","80°51'12.5424""W"
OKE-1270-002,Okeechobee_County,"27°7'8.616""N","80°51'5.1696""W"
OKE-1271-003,Okeechobee_County,"27°5'28.104""N","80°51'28.188""W"
OKE-1274-006,Okeechobee_County,"27°0'17.676""N","80°51'35.0568""W"
OKE-1285-007,Okeechobee_County,"27°10'41.088""N","80°49'20.7948""W"
OKE-1293-014,Okeechobee_County,"27°12'21.996""N","80°47'25.6128""W"
OKE-1304-016,Okeechobee_County,"27°9'0.288""N","80°47'27.7224""W"
OKE-1307-019,Okeechobee_County,"27°3'28.836""N","80°47'6.6732""W"
OKE-1320-020,Okeechobee_County,"27°10'37.524""N","80°45'34.7004""W"
OKE-1322-022,Okeechobee_County,"27°7'8.508""N","80°45'25.1676""W"
OKE-1335-024,Okeechobee_County,"27°8'54.096""N","80°43'41.3256""W"
OKE-1350-027,Okeechobee_County,"27°7'38.928""N","80°41'59.9424""W"
POL-0156-001,Polk_County,"28°3'15.3864""N","81°56'13.4988""W"
POL-0157-002,Polk_County,"28°4'40.6056""N","81°56'44.5128""W"
POL-0158-003,Polk_County,"28°3'36.1584""N","81°54'52.7976""W"
POL-0159-004,Polk_County,"28°3'45.63""N","81°53'3.4908""W"
POL-0160-005,Polk_County,"28°6'16.38""N","81°57'2.7684""W"
POL-0161-006,Polk_County,"28°3'35.8056""N","81°44'47.6196""W"
POL-0162-007,Polk_County,"28°4'0.282""N","81°44'41.118""W"
POL-0163-008,Polk_County,"28°5'1.3488""N","81°47'16.0224""W"
POL-0164-009,Polk_County,"28°0'7.1352""N","81°51'3.8772""W"
POL-0165-010,Polk_County,"28°4'12.99""N","81°48'21.114""W"
POL-0166-011,Polk_County,"28°3'59.4504""N","81°45'28.9944""W"
POL-0167-012,Polk_County,"28°3'31.6368""N","81°46'2.4816""W"
POL-0168-013,Polk_County,"27°58'0.282""N","81°57'3.2364""W"
POL-0169-014,Polk_County,"27°58'55.1856""N","82°0'14.8752""W"
POL-0171-015,Polk_County,"28°2'49.2684""N","81°58'50.4624""W"
POL-0172-016,Polk_County,"28°1'47.1792""N","81°57'59.1948""W"
POL-0173-017,Polk_County,"28°1'3.27""N","81°56'44.664""W"
POL-0174-018,Polk_County,"28°1'57.2628""N","81°55'27.534""W"
POL-0301-019,Polk_County,"28°20'27.6""N","81°39'33.12""W"
POL-1693-020,Polk_County,"28°6'16.614""N","81°54'46.0404""W"
POL-1694-021,Polk_County,"28°4'25.4676""N","81°48'29.9196""W"
POL-1695-022,Polk_County,"28°2'53.9808""N","81°44'58.7256""W"
POL-1696-023,Polk_County,"28°3'18.1908""N","81°53'5.5032""W"
POL-1984-024,Polk_County,"27°49'3.41""N","81°12'33.69""W"
POL-1986-025,Polk_County,"27°54'20.36""N","81°34'26.19""W"
SEM-0637-001,Seminole_County,"28°39'59.0472""N","81°23'2.2416""W"
SEM-0638-002,Seminole_County,"28°38'29.3172""N","81°25'35.2668""W"
SEM-0726-003,Seminole_County,"28°42'53""N","81°2'8""W"
SEM-0727-004,Seminole_County,"28°47'10""N","81°10'50""W"
SEM-0728-005,Seminole_County,"28°50'9""N","81°19'40""W"
SEM-0941-006,Seminole_County,"28°48'53.8992""N","81°16'6.4308""W"
SEM-0944-008,Seminole_County,"28°49'44.0256""N","81°24'44.8056""W"
SEM-0945-009,Seminole_County,"28°43'36.5376""N","81°15'49.8276""W"
SEM-1058-010,Seminole_County,"28°41'53.16""N","81°25'10.92""W"
SEM-1059-011,Seminole_County,"28°42'49.7916""N","81°26'39.066""W"
LAF-1194-001,Lafayette_County,"30°5'56.7636""N","83°10'15.7656""W"
LAF-1677-002,Lafayette_County,"30°00'21.8""N","82°59'50.5""W"
LAF-1678-003,Lafayette_County,"29°50'50.8""N","82°53'39.1""W"
PAS-0367-001,Pasco_County,"28°11'40""N","82°43'8""W"
PAS-0368-002,Pasco_County,"28°10'33""N","82°47'20""W"
PAS-0770-003,Pasco_County,"28°11'16.08""N","82°45'16.2""W"
PAL-0261-035,Palm_Beach_County,"26°29'4.56""N","80°6'53.64""W"
PAL-0347-045,Palm_Beach_County,"26°19'41""N","80°11'10""W"
PAL-0348-046,Palm_Beach_County,"26°21'59""N","80°12'26""W"
PAL-0377-047,Palm_Beach_County,"26°22'30.2268""N","80°14'11.9652""W"
PAL-0378-048,Palm_Beach_County,"26°29'55.7916""N","80°13'19.7724""W"
PAL-0379-049,Palm_Beach_County,"26°21'58.1328""N","80°6'12.2724""W"
PAL-0380-050,Palm_Beach_County,"26°22'9.8652""N","80°5'40.5996""W"
PAL-0381-051,Palm_Beach_County,"26°23'17.8224""N","80°6'52.3008""W"
PAL-0382-052,Palm_Beach_County,"26°24'45.918""N","80°6'20.4408""W"
PAL-0383-053,Palm_Beach_County,"26°24'57.006""N","80°5'56.8788""W"
PAL-0420-054,Palm_Beach_County,"26°23'14.64""N","80°8'50.64""W"
PAL-0262-036,Palm_Beach_County,"26°28'35.04""N","80°6'52.2""W"
PAL-0421-055,Palm_Beach_County,"26°23'48.12""N","80°5'53.52""W"
PAL-0422-056,Palm_Beach_County,"26°23'14.64""N","80°6'36""W"
PAL-0423-057,Palm_Beach_County,"26°22'50.52""N","80°4'8.4""W"
PAL-0424-058,Palm_Beach_County,"26°21'59.04""N","80°10'16.32""W"
PAL-0490-059,Palm_Beach_County,"26°41'7.51668""N","80°4'22.35576""W"
PAL-0491-060,Palm_Beach_County,"26°40'37.22592""N","80°2'55.00176""W"
PAL-0492-061,Palm_Beach_County,"26°39'58.80564""N","80°4'22.50516""W"
PAL-0493-062,Palm_Beach_County,"26°36'7.69968""N","80°4'45.76728""W"
PAL-0263-037,Palm_Beach_County,"26°28'46.2""N","80°5'2.4""W"
PAL-0494-063,Palm_Beach_County,"26°35'6.82908""N","80°5'5.87724""W"
PAL-0495-064,Palm_Beach_County,"26°35'20.34924""N","80°4'36.07284""W"
PAL-0496-065,Palm_Beach_County,"26°35'1.55184""N","80°2'48.64956""W"
PAL-0497-066,Palm_Beach_County,"26°42'59.8968""N","80°4'0.83244""W"
PAL-0696-067,Palm_Beach_County,"26°28'25.8384""N","80°3'46.1376""W"
PAL-0697-068,Palm_Beach_County,"26°24'15.372""N","80°4'12.0144""W"
PAL-0698-069,Palm_Beach_County,"26°21'45.252""N","80°4'18.5412""W"
PAL-0699-070,Palm_Beach_County,"26°20'8.3112""N","80°4'19.4088""W"
PAL-0741-071,Palm_Beach_County,"26°20'8.2392""N","80°4'16.824""W"
PAL-0742-072,Palm_Beach_County,"26°19'29.3664""N","80°5'4.5528""W"
PAL-0264-038,Palm_Beach_County,"26°28'9.48""N","80°5'41.28""W"
PAL-0743-073,Palm_Beach_County,"26°19'48.918""N","80°5'49.1604""W"
PAL-1261-075,Palm_Beach_County,"26°56'48.588""N","80°51'35.9748""W"
PAL-1263-077,Palm_Beach_County,"26°53'6.432""N","80°51'24.8868""W"
PAL-1265-079,Palm_Beach_County,"26°49'57.648""N","80°51'33.5016""W"
PAL-1266-080,Palm_Beach_County,"26°48'31.788""N","80°51'44.9028""W"
PAL-1267-081,Palm_Beach_County,"26°46'40.188""N","80°51'48.7728""W"
PAL-1268-082,Palm_Beach_County,"26°44'45.744""N","80°51'16.056""W"
PAL-1277-084,Palm_Beach_County,"26°55'27.984""N","80°49'48.9972""W"
PAL-1284-091,Palm_Beach_County,"26°43'7.248""N","80°49'54.012""W"
PAL-0340-039,Palm_Beach_County,"26°32'20""N","80°11'19""W"
PAL-1294-092,Palm_Beach_County,"26°56'44.052""N","80°47'36.348""W"
PAL-1295-093,Palm_Beach_County,"26°55'16.932""N","80°47'39.6888""W"
PAL-1296-094,Palm_Beach_County,"26°53'23.604""N","80°47'48.0588""W"
PAL-1297-095,Palm_Beach_County,"26°51'36.9""N","80°47'59.316""W"
PAL-1298-096,Palm_Beach_County,"26°49'52.86""N","80°47'32.1864""W"
PAL-1300-098,Palm_Beach_County,"26°47'4.344""N","80°48'39.6612""W"
PAL-1302-100,Palm_Beach_County,"26°43'32.052""N","80°47'44.6028""W"
PAL-1316-106,Palm_Beach_County,"26°48'17.28""N","80°45'51.4368""W"
PAL-1317-107,Palm_Beach_County,"26°46'55.92""N","80°46'30.2952""W"
PAL-1318-108,Palm_Beach_County,"26°45'24.372""N","80°46'36.84""W"
PAL-0341-040,Palm_Beach_County,"26°27'51""N","80°09'41""W"
PAL-1319-109,Palm_Beach_County,"26°43'27.48""N","80°46'35.4396""W"
PAL-1328-110,Palm_Beach_County,"26°56'33.864""N","80°43'44.7024""W"
PAL-1329-111,Palm_Beach_County,"26°55'10.776""N","80°43'47.874""W"
PAL-1330-112,Palm_Beach_County,"26°53'28.032""N","80°43'46.0524""W"
PAL-1331-113,Palm_Beach_County,"26°51'39.816""N","80°43'52.752""W"
PAL-1346-121,Palm_Beach_County,"26°49'54.624""N","80°41'57.0228""W"
PAL-1347-122,Palm_Beach_County,"26°48'7.596""N","80°41'52.2384""W"
PAL-1348-123,Palm_Beach_County,"26°46'37.02""N","80°42'43.668""W"
PAL-1349-124,Palm_Beach_County,"26°45'9.144""N","80°42'46.7964""W"
PAL-1357-126,Palm_Beach_County,"26°55'18.48""N","80°39'57.7404""W"
PAL-0342-041,Palm_Beach_County,"26°26'33""N","80°11'59""W"
PAL-1358-127,Palm_Beach_County,"26°53'3.876""N","80°39'38.7144""W"
PAL-1359-128,Palm_Beach_County,"26°51'25.884""N","80°39'48.9168""W"
PAL-1367-131,Palm_Beach_County,"26°55'2.46""N","80°37'54.084""W"
PAL-1368-132,Palm_Beach_County,"26°53'28.392""N","80°37'53.8536""W"
PAL-1537-133,Palm_Beach_County,"26°23'15.99""N","80°6'54.99""W"
PAL-1538-134,Palm_Beach_County,"26°21'48.06""N","80°4'32.87""W"
PAL-1539-135,Palm_Beach_County,"26°19'59.03""N","80°4'19.95""W"
PAL-0343-042,Palm_Beach_County,"26°26'47""N","80°05'49""W"
PAL-1937-136,Palm_Beach_County,"26°20'19.1""N","80°37'40.5""W"
PAL-2052-137,Palm_Beach_County,"26°42'18.6""N","80°42'53.1""W"
PAL-2054-138,Palm_Beach_County,"26°41'50.3""N","80°48'50.4""W"
PAL-2055-139,Palm_Beach_County,"26°40'55.9""N","80°43'55.1""W"
PAL-2057-140,Palm_Beach_County,"26°35'15.4""N","80°51'12.3""W"
PAL-0345-044,Palm_Beach_County,"26°23'16""N","80°06'24""W"
SEM-1061-012,Seminole_County,"28°41'18.4632""N","81°27'34.5564""W"
SEM-1062-013,Seminole_County,"28°39'57.0888""N","81°24'38.5632""W"
SEM-1063-014,Seminole_County,"28°39'8.0208""N","81°24'3.042""W"
SEM-1521-015,Seminole_County,"28°50'12.14""N","81°19'23.1""W"
SEM-2034-024,Seminole_County,"28°43'22.08""N","81°15'27.72""W"
PUT-0569-001,Putnam_County,"29°41'36.7764""N","81°43'26.8896""W"
PUT-0570-002,Putnam_County,"29°38'44.1096""N","81°37'43.0608""W"
PUT-0713-003,Putnam_County,"29°34'12.048""N","82°3'2.48""W"
PUT-0952-004,Putnam_County,"29°31'32.4444""N","81°52'40.206""W"
PUT-0953-005,Putnam_County,"29°30'29.5704""N","81°48'15.0336""W"
PUT-1002-006,Putnam_County,"29°36'30.3948""N","82°0'37.998""W"
PUT-1003-007,Putnam_County,"29°39'57.5136""N","82°2'24.2736""W"
PUT-1174-008,Putnam_County,"29°28'32.4624""N","81°44'20.3784""W"
PUT-1176-010,Putnam_County,"29°32'33.4536""N","81°50'11.1048""W"
PUT-1178-011,Putnam_County,"29°35'58.1892""N","82°2'46.3848""W"
PUT-1683-012,Putnam_County,"29°48'08.3""N","81°50'44.2""W"
MAO-0888-014,Marion_County,"29°4'43.9968""N","81°52'51.3084""W"
MAO-0889-015,Marion_County,"29°10'42.5172""N","81°50'3.5808""W"
MAO-0891-017,Marion_County,"29°13'32.6784""N","81°54'31.8528""W"
GLA-1208-009,Glades_County,"26°58'33.564""N","81°4'57.1188""W"
MAO-0959-024,Marion_County,"29°30'17.7156""N","81°55'0.084""W"
MAO-0999-025,Marion_County,"29°0'60""N","81°57'47""W"
MAO-1047-026,Marion_County,"29°26'51.7668""N","82°12'44.6976""W"
MAO-1466-028,Marion_County,"29°2'25.4652""N","81°55'43.3416""W"
OSC-0170-001,Osceola_County,"27°58'55.2036""N","81°2'20.094""W"
OSC-0299-005,Osceola_County,"28°15'49.68""N","81°32'11.4""W"
GLA-1210-011,Glades_County,"26°55'3.72""N","81°2'58.884""W"
OSC-0832-007,Osceola_County,"28°20'44""N","81°15'57""W"
OSC-0837-012,Osceola_County,"28°17'22""N","81°24'18""W"
OSC-0855-015,Osceola_County,"28°17'22.1388""N","81°24'18.6372""W"
GLA-1213-014,Glades_County,"26°50'18.132""N","81°3'28.9368""W"
OSC-0857-017,Osceola_County,"28°15'10.7172""N","81°19'42.9564""W"
OSC-1073-020,Osceola_County,"28°12'17.5""N","81°23'35.2""W"
OSC-1982-022,Osceola_County,"28°11'57.22""N","81°22'35.58""W"
OSC-1983-023,Osceola_County,"28°9'13.22""N","81°13'36.31""W"
HEN-1251-005,Hendry_County,"26°51'36.576""N","80°53'27.6""W"
HEN-1893-009,Hendry_County,"26°37'22.6""N","81°25'39.5""W"
GLA-1214-015,Glades_County,"26°58'10.632""N","81°2'44.862""W"
HEN-1944-012,Hendry_County,"26°25'52.9""N","81°1'39.6""W"
HEN-2048-015,Hendry_County,"26°45'43.6""N","80°55'23.1""W"
HEN-2058-016,Hendry_County,"26°46'13.0""N","81°26'26.4""W"
HIG-2016-002,Highlands_County,"27°31'37""N","81°21'33""W"
HIG-2021-007,Highlands_County,"27°20'31""N","81°21'49""W"
HIG-2022-008,Highlands_County,"27°19'48""N","81°24'58""W"
HIG-2024-010,Highlands_County,"27°18'24""N","81°18'46""W"
GIL-1686-004,Gilchrist_County,"29°43'20.2""N","82°56'34.0""W"
GIL-1687-005,Gilchrist_County,"29°40'27.7""N","82°57'16.5""W"
GIL-1828-007,Gilchrist_County,"29°42'32.3""N","82°43'56.8""W"
DES-1991-002,Desoto_County,"27°4'29.19""N","81°59'17.79""W"
DES-2001-005,Desoto_County,"27°9'43.8""N","81°54'7.08""W"
DES-2002-006,Desoto_County,"27°13'16.51""N","81°52'35.83""W"
HAM-1434-003,Hamilton_County,"30°19'47""N","82°45'39.8""W"
HAM-1469-006,Hamilton_County,"30°33'50.9""N","82°43'29.6""W"
JAC-1581-001,Jackson_County,"30°43'39.4824""N","84°54'16.1532""W"
SUW-1165-002,Suwannee_County,"29°57'55.5192""N","82°45'43.8732""W"
GLA-1226-027,Glades_County,"26°59'37.428""N","80°58'45.1884""W"
MAD-1419-002,Madison_County,"30°28'49.44""N","83°14'39.12""W"
MAD-1471-005,Madison_County,"30°28'26.7""N","83°25'24.3""W"
WAL-1557-001,Walton_County,"30°27'40.0284""N","86°11'36.2004""W"
WAL-1558-002,Walton_County,"30°29'11.13""N","86°15'6.5232""W"
WAL-1583-005,Walton_County,"30°18'19.17""N","86°4'59.916""W"
GLA-1228-029,Glades_County,"26°56'58.164""N","80°57'35.838""W"
GLA-1229-030,Glades_County,"26°55'29.1""N","80°57'47.8656""W"
GLA-1231-032,Glades_County,"26°51'33.228""N","80°57'3.8304""W"
GLA-1233-034,Glades_County,"27°1'21.9""N","80°56'40.3368""W"
SUW-1429-006,Suwannee_County,"29°57'13.78""N","82°55'42.54""W"
GLA-1245-043,Glades_County,"27°1'45.588""N","80°54'52.7832""W"
GLA-1255-047,Glades_County,"27°6'48.024""N","80°53'15.2844""W"
GLA-1259-051,Glades_County,"27°0'1.548""N","80°52'59.5812""W"
GLA-2050-054,Glades_County,"26°46'16.9""N","81°23'27.0""W"
GLA-2053-056,Glades_County,"26°56'00.8""N","81°18'52.7""W"
GLA-2143-058,Glades_County,"27°02'33.4""N","80°56'52.1""W"
GLA-2145-059,Glades_County,"26°58'15.6""N","81°06'01.7""W"
LAK-0351-002,Lake_County,"28°51'43""N","81°50'27""W"
LAK-0500-005,Lake_County,"28°40'23.2536""N","81°40'42.7044""W"
LAK-0505-006,Lake_County,"28°39'16.5564""N","81°39'45.2304""W"
SUW-1431-008,Suwannee_County,"30°21'11.03""N","83°11'22.42""W"
LAK-0515-009,Lake_County,"28°34'43.5828""N","81°40'35.6808""W"
LAK-0517-011,Lake_County,"28°32'41.6364""N","81°39'32.6106""W"
LAK-0519-012,Lake_County,"28°38'14.1144""N","81°41'37.176""W"
LAK-0526-015,Lake_County,"28°37'20.9028""N","81°40'32.502""W"
LAK-0529-017,Lake_County,"28°34'1.848""N","81°40'47.8668""W"
SUW-1609-010,Suwannee_County,"30°24'53.2944""N","82°57'46.7424""W"
LAK-1054-020,Lake_County,"28°47'12.5628""N","81°53'14.1936""W"
LAK-1458-023,Lake_County,"28°35'35.88""N","81°49'26.04""W"
LAK-1462-027,Lake_County,"28°32'41.64""N","81°46'15.96""W"
LAK-1465-030,Lake_County,"28°33'31.32""N","81°46'23.16""W"
LAK-1833-031,Lake_County,"28°33'40.2""N","81°45'37.6""W"
MAO-0870-007,Marion_County,"29°12'57.9708""N","81°59'3.5052""W"
MAO-0871-008,Marion_County,"29°12'48.3552""N","82°3'17.7156""W"
SUW-1164-001,Suwannee_County,"29°59'02.9""N","82°45'42.8""W"
MAO-0886-012,Marion_County,"29°12'54""N","81°59'35.9988""W"
MAO-0890-016,Marion_County,"29°22'15.9816""N","81°54'3.8376""W"
MAO-0947-019,Marion_County,"29°22'44.5332""N","82°3'21.1752""W"
MAO-0948-020,Marion_County,"29°21'44.9172""N","81°58'0.5016""W"
MAO-0951-023,Marion_County,"29°22'27.5052""N","81°54'7.5744""W"
MAO-1048-027,Marion_County,"29°1'6.6504""N","81°58'12.8172""W"
MAO-1531-029,Marion_County,"29°22'4.8""N","82°22'55.2""W"
GLA-1209-010,Glades_County,"26°56'51.432""N","81°2'46.8816""W"
OSC-0296-002,Osceola_County,"28°20'0.6""N","81°31'19.56""W"
OSC-0297-003,Osceola_County,"28°19'55.92""N","81°34'48.36""W"
OSC-0831-006,Osceola_County,"28°20'51""N","81°19'5""W"
OSC-0834-009,Osceola_County,"28°18'16""N","81°19'18""W"
OSC-0835-010,Osceola_County,"28°15'13""N","81°19'46""W"
OSC-0836-011,Osceola_County,"28°17'36""N","81°23'50""W"
OSC-0839-014,Osceola_County,"28°17'10""N","81°25'41""W"
OSC-0856-016,Osceola_County,"28°15'38.034""N","81°16'49.9476""W"
OSC-0858-018,Osceola_County,"28°13'27.3432""N","81°24'58.6188""W"
OSC-0859-019,Osceola_County,"28°8'23.4348""N","81°21'42.408""W"
OSC-1076-021,Osceola_County,"27°54'37.0""N","81°09'54.1""W"
OSC-1985-024,Osceola_County,"27°52'20.5""N","81°3'6.97""W"
HEN-1242-003,Hendry_County,"26°46'26.076""N","80°55'18.9624""W"
HEN-1254-008,Hendry_County,"26°46'31.692""N","80°53'28.6584""W"
HEN-1894-010,Hendry_County,"26°35'46.9""N","81°22'29.5""W"
GLA-1215-016,Glades_County,"26°56'29.724""N","81°0'48.6108""W"
HEN-1945-013,Hendry_County,"26°25'45.2""N","81°7'41.3""W"
HEN-2059-017,Hendry_County,"26°46'00.3""N","81°26'51.6""W"
GLA-1220-021,Glades_County,"26°59'41.388""N","81°0'36.1908""W"
HIG-2017-003,Highlands_County,"27°26'33""N","81°17'11""W"
HIG-2018-004,Highlands_County,"27°29'51""N","81°28'35""W"
HIG-2019-005,Highlands_County,"27°28'20""N","81°33'17""W"
HIG-2023-009,Highlands_County,"27°23'09""N","81°19'53""W"
GIL-1681-003,Gilchrist_County,"29°51'52.9""N","82°44'23.8""W"
GIL-1688-006,Gilchrist_County,"29°38'38.6""N","82°56'35.1""W"
DES-0009-001,Desoto_County,27°2'38''N,81°59'9''W
DES-1992-003,Desoto_County,"27°2'37.71""N","81°59'8.71""W"
GLA-1222-023,Glades_County,"26°57'18.504""N","80°59'45.8196""W"
HAM-1418-001,Hamilton_County,"30°30'5.04""N","83°14'31.92""W"
HAM-1435-004,Hamilton_County,"30°21'13.95""N","82°41'12.94""W"
MAD-1193-001,Madison_County,"30°28'49.8972""N","83°14'38.1516""W"
MAD-1432-003,Madison_County,"30°24'36.24""N","83°10'48.54""W"
MAD-1470-004,Madison_County,"30°37'17.87""N","83°25'9.24""W"
WAL-1559-003,Walton_County,"30°28'34.9896""N","86°19'54.0084""W"
GLA-1227-028,Glades_County,"26°59'0.924""N","80°59'30.3504""W"
WAL-1584-006,Walton_County,"30°19'32.934""N","86°8'29.3568""W"
GLA-1230-031,Glades_County,"26°53'46.104""N","80°57'46.3212""W"
GLA-1232-033,Glades_County,"27°3'6.516""N","80°56'46.6764""W"
GLA-1236-037,Glades_County,"26°56'58.416""N","80°55'29.514""W"
GLA-1238-039,Glades_County,"26°53'42.756""N","80°55'52.3344""W"
GLA-1243-041,Glades_County,"27°4'38.028""N","80°54'48.924""W"
GLA-1244-042,Glades_County,"27°2'53.916""N","80°55'0.5448""W"
GLA-1247-045,Glades_County,"26°58'40.584""N","80°55'35.4396""W"
SUW-1430-007,Suwannee_County,"30°0'26.11""N","82°59'47.11""W"
GLA-1248-046,Glades_County,"26°56'52.764""N","80°53'40.5852""W"
GLA-1257-049,Glades_County,"27°3'39.96""N","80°53'19.1544""W"
GLA-1258-050,Glades_County,"27°1'40.908""N","80°53'1.2048""W"
GLA-1260-052,Glades_County,"26°58'50.988""N","80°53'38.8896""W"
GLA-2049-053,Glades_County,"26°50'23.7""N","81°04'55.7""W"
GLA-2051-055,Glades_County,"26°59'11.8""N","81°03'58.0""W"
GLA-2056-057,Glades_County,"26°47'23.4""N","81°18'31.7""W"
LAK-0498-004,Lake_County,"28°41'22.6212""N","81°40'51.0456""W"
SUW-1433-009,Suwannee_County,"30°23'40.34""N","82°56'4.02""W"
LAK-0513-008,Lake_County,"28°35'36.24""N","81°39'46.74""W"
LAK-0516-010,Lake_County,"28°40'50.556""N","81°40'16.356""W"
LAK-0520-013,Lake_County,"28°38'14.3592""N","81°41'16.9188""W"
LAK-0528-016,Lake_County,"28°34'18.1308""N","81°40'34.8492""W"
LAK-0530-018,Lake_County,"28°34'8.1084""N","81°39'28.1304""W"
LAK-1049-019,Lake_County,"28°50'0.3876""N","81°48'30.3192""W"
LAK-1056-022,Lake_County,"28°48'44.964""N","81°44'50.4492""W"
LAK-1459-024,Lake_County,"28°34'49.08""N","81°51'21.6""W"
SUW-1680-011,Suwannee_County,"29°54'43.6""N","82°51'37.0""W"
LAK-1461-026,Lake_County,"28°33'15.48""N","81°45'37.8""W"
LAK-1463-028,Lake_County,"28°32'35.88""N","81°46'30""W"
LAK-1834-032,Lake_County,"28°30'27.7""N","81°45'3.3""W"
GLA-0249-001,Glades_County,"26°50'23.8236""N","81°5'14.388""W"
MAO-0274-002,Marion_County,"29°3'39.9852""N","82°26'13.092""W"
MAO-0279-005,Marion_County,"29°2'46.4568""N","82°27'53.8956""W"
MAO-0349-006,Marion_County,"28°59'20""N","81°50'15""W"
MAO-0872-009,Marion_County,"29°6'17.4672""N","82°21'7.1568""W"
MAO-0874-011,Marion_County,"29°2'57.8112""N","82°26'48.5088""W"
GIL-1427-002,Gilchrist_County,"29°47'43.44""N","82°55'9.68""W"
LAK-0522-014,Lake_County,"28°37'50.25""N","81°40'31.926""W"
GLA-1207-008,Glades_County,"26°51'51.876""N","81°4'55.7976""W"
MAO-0887-013,Marion_County,"29°11'0.7152""N","81°59'33.5904""W"
MAO-0892-018,Marion_County,"29°8'19.9464""N","81°50'56.7204""W"
MAO-0949-021,Marion_County,"29°17'22.8264""N","81°55'35.7132""W"
MAO-1532-030,Marion_County,"29°11'1.82""N","81°42'44.71""W"
OSC-0298-004,Osceola_County,"28°16'1.56""N","81°29'8.16""W"
OSC-0838-013,Osceola_County,"28°16'58""N","81°25'5""W"
HEN-1253-007,Hendry_County,"26°48'7.488""N","80°53'24.8028""W"
HEN-1943-011,Hendry_County,"26°18'39.5""N","80°58'38""W"
HIG-1072-001,Highlands_County,"27°16'12.7""N","81°00'02.2""W"
HIG-2020-006,Highlands_County,"27°23'41""N","81°27'04""W"
HIG-2025-011,Highlands_County,"27°21'13""N","81°13'48""W"
GLA-1221-022,Glades_County,"26°59'6.252""N","81°1'44.9472""W"
DES-2000-004,Desoto_County,"27°9'16.82""N","81°58'3""W"
WAL-1582-004,Walton_County,"30°17'43.1844""N","86°3'26.19""W"
GLA-1234-035,Glades_County,"27°0'18.432""N","80°56'47.3028""W"
GLA-1235-036,Glades_County,"26°58'56.892""N","80°57'35.424""W"
GLA-1237-038,Glades_County,"26°55'27.264""N","80°55'46.6032""W"
GLA-1246-044,Glades_County,"26°59'55.788""N","80°54'56.3976""W"
LAK-0350-001,Lake_County,"28°50'41""N","81°45'14""W"
LAK-1055-021,Lake_County,"28°54'3.8484""N","81°52'29.514""W"
LAK-1460-025,Lake_County,"28°33'17.28""N","81°46'55.2""W"
LAK-1464-029,Lake_County,"28°30'16.92""N","81°44'57.48""W"
MAO-0276-004,Marion_County,"29°5'54.9672""N","82°26'9.0384""W"
MAO-0873-010,Marion_County,"29°5'10.4424""N","82°25'49.7424""W"
OKA-0242-017,Okaloosa_County,"30°23'39.84""N","86°35'33.36""W"
OKA-0795-018,Okaloosa_County,"30°24'34.9992""N","86°46'46.452""W"
OKA-0797-020,Okaloosa_County,"30°24'35.9388""N","86°43'44.526""W"
DAD-0479-011,Miami-Dade_County,"25°37'9.56028""N","80°25'19.30836""W"
OKA-1543-027,Okaloosa_County,"30°31'01.5""N","86°29'44.3""W"
OKA-1544-028,Okaloosa_County,"30°30'27.8""N","86°29'15.3""W"
OKA-1545-029,Okaloosa_County,"30°30'06.0""N","86°29'22.3""W"
OKA-1562-033,Okaloosa_County,"30°31'10.92""N","86°29'21.7356""W"
OKA-1565-036,Okaloosa_County,"30°25'47.9856""N","86°36'1.1628""W"
OKA-1591-040,Okaloosa_County,"30°24'31.7952""N","86°42'55.3104""W"
OKA-1691-042,Okaloosa_County,30°28'29''N,86°35'45''W
OKA-1859-052,Okaloosa_County,"30°24'0.5""N","86°35'36.7""W"
DAD-0481-013,Miami-Dade_County,"25°39'34.22052""N","80°26'55.35132""W"
OKA-1866-054,Okaloosa_County,"30°30'36.8""N","86°27'19.7""W"
STJ-0306-002,St._Johns_County,"30°9'39.24""N","81°21'37.44""W"
STJ-0309-005,St._Johns_County,"29°57'15.12""N","81°18'44.28""W"
DAD-0482-014,Miami-Dade_County,"25°40'23.34936""N","80°26'18.72024""W"
STJ-0311-007,St._Johns_County,"29°55'0.12""N","81°17'54.6""W"
STJ-0403-010,St._Johns_County,"29°58'21.4032""N","81°20'58.596""W"
STJ-0405-012,St._Johns_County,"29°56'13.0956""N","81°21'43.488""W"
STJ-0406-013,St._Johns_County,"29°55'14.574""N","81°21'39.0744""W"
DAD-0483-015,Miami-Dade_County,"25°40'31.36008""N","80°25'31.91772""W"
STJ-0408-015,St._Johns_County,"29°54'49.3704""N","81°19'52.2156""W"
STJ-0410-017,St._Johns_County,"29°55'3.7344""N","81°18'28.6668""W"
STJ-0414-021,St._Johns_County,"29°53'22.6068""N","81°19'56.622""W"
STJ-0417-024,St._Johns_County,"29°53'31.3548""N","81°18'35.5896""W"
STJ-0555-027,St._Johns_County,"29°59'6.8604""N","81°33'57.6108""W"
STJ-0823-030,St._Johns_County,"29°51'19.19""N","81°18'44.02""W"
STJ-0824-031,St._Johns_County,"29°52'11.56""N","81°17'52.05""W"
STJ-0861-034,St._Johns_County,"29°50'40.0776""N","81°16'44.0436""W"
STJ-0866-039,St._Johns_County,"29°47'15.7452""N","81°16'4.188""W"
STJ-0867-040,St._Johns_County,"29°46'33.4056""N","81°18'59.7348""W"
STJ-0869-042,St._Johns_County,"29°44'43.5048""N","81°14'39.5448""W"
STJ-1125-047,St._Johns_County,"30°1'12.36""N","81°38'25.8""W"
STJ-1139-048,St._Johns_County,"30°5'0.96""N","81°38'50.28""W"
STJ-1141-050,St._Johns_County,"30°0'23.4""N","81°36'52.56""W"
STJ-1188-052,St._Johns_County,"29°54'46.494""N","81°17'55.248""W"
STJ-1392-054,St._Johns_County,"29°49'59.3""N","81°18'14.5""W"
STJ-1396-057,St._Johns_County,"29°48'39.9""N","81°16'51.8""W"
STJ-1398-058,St._Johns_County,"29°39'45.4""N","81°16'06.1""W"
STJ-1503-060,St._Johns_County,"29°41'3.92""N","81°16'44.65""W"
STJ-1547-062,St._Johns_County,"30°3'57.1644""N","81°22'16.4784""W"
DAD-0370-002,Miami-Dade_County,"25°36'38.88""N","80°18'27.36""W"
DAD-1004-020,Miami-Dade_County,25°57'51''N,80°14'46''W
WAL-1585-007,Walton_County,"30°29'10.5864""N","86°8'11.8716""W"
WAL-1860-010,Walton_County,"30°23'53.1""N","86°16'45.3""W"
WAL-1861-011,Walton_County,"30°25'8.2""N","86°13'40.6""W"
WAL-1864-014,Walton_County,"30°29'32.2""N","86°8'22.7""W"
DAD-1006-022,Miami-Dade_County,25°55'14''N,80°17'55''W
DAD-1007-023,Miami-Dade_County,25°54'49''N,80°7'50''W
DAD-1009-025,Miami-Dade_County,25°49'11''N,80°7'13''W
DAD-1011-027,Miami-Dade_County,25°45'59''N,80°8'10''W
DAD-0371-003,Miami-Dade_County,"25°36'55.44""N","80°19'41.88""W"
DAD-1019-035,Miami-Dade_County,25°43'37''N,80°16'20''W
DAD-1024-040,Miami-Dade_County,"25°28'53""N",80°32'32''W
DAD-1027-043,Miami-Dade_County,25°33'51''N,80°21'2''W
DAD-1030-046,Miami-Dade_County,25°33'34''N,80°20'34''W
DAD-0373-005,Miami-Dade_County,"25°40'11.64""N","80°17'2.4""W"
DAD-1611-048,Miami-Dade_County,"25°32'35.2""N","80°19'51.2""W"
DAD-1613-050,Miami-Dade_County,"25°28'24.7""N","80°24'45.1""W"
DAD-1614-051,Miami-Dade_County,"25°28'13.4""N","80°22'45.7""W"
DAD-1618-055,Miami-Dade_County,"25°26'51.1""N","80°25'51.1""W"
DAD-1638-058,Miami-Dade_County,"25°50'34.602""N","80°21'25.6248""W"
DAD-1639-059,Miami-Dade_County,"25°56'49.8444""N","80°18'0.5112""W"
DAD-1705-063,Miami-Dade_County,"25°47'27.6""N","80°30'18.36""W"
DAD-1708-066,Miami-Dade_County,"25°48'19.8""N","80°29'50.64""W"
DAD-1709-067,Miami-Dade_County,"25°48'42.84""N","80°29'52.08""W"
DAD-1712-070,Miami-Dade_County,"25°49'19.92""N","80°30'44.28""W"
DAD-1924-073,Miami-Dade_County,"25°45'43.6""N","80°49'8.9""W"
DAD-0375-007,Miami-Dade_County,"25°32'26.16""N","80°19'43.68""W"
DAD-1927-076,Miami-Dade_County,"25°45'38.8""N","80°33'41.5""W"
DAD-1931-079,Miami-Dade_County,"25°12'52.6""N","80°51'1.3""W"
DAD-1935-083,Miami-Dade_County,"25°17'21.9""N","80°26'39.4""W"
OKA-0228-003,Okaloosa_County,"30°24'43.2""N","86°29'38.04""W"
OKA-0229-004,Okaloosa_County,"30°24'21.24""N","86°28'58.44""W"
OKA-0234-009,Okaloosa_County,"30°30'6.48""N","86°29'22.2""W"
OKA-0235-010,Okaloosa_County,"30°27'48.24""N","86°35'29.04""W"
DAD-0369-001,Miami-Dade_County,"25°36'51.48""N","80°18'21.6""W"
OKA-0240-015,Okaloosa_County,"30°23'21.444""N","86°31'31.476""W"
OKA-0796-019,Okaloosa_County,"30°24'13.5828""N","86°44'58.9596""W"
OKA-0799-022,Okaloosa_County,"30°24'22.2804""N","86°41'22.992""W"
OKA-0801-024,Okaloosa_County,"30°24'19.008""N","86°38'14.8056""W"
OKA-1542-026,Okaloosa_County,"30°31'23.1""N","86°30'36.6""W"
OKA-1560-031,Okaloosa_County,"30°30'6.0804""N","86°26'14.406""W"
OKA-1563-034,Okaloosa_County,"30°30'6.4368""N","86°29'21.2136""W"
DAD-0480-012,Miami-Dade_County,"25°38'16.2348""N","80°26'49.956""W"
OKA-1589-038,Okaloosa_County,"30°26'1.446""N","86°34'33.7944""W"
OKA-1592-041,Okaloosa_County,"30°24'30.2652""N","86°40'2.496""W"
OKA-1692-043,Okaloosa_County,30°28'49''N,86°35'7''W
OKA-1856-050,Okaloosa_County,"30°40'50""N","86°39'3.3""W"
OKA-1865-053,Okaloosa_County,"30°29'58.5""N","86°25'36.9""W"
STJ-0305-001,St._Johns_County,"30°14'36.6""N","81°22'55.56""W"
STJ-0308-004,St._Johns_County,"29°59'26.16""N","81°18'51.48""W"
STJ-0310-006,St._Johns_County,"29°56'35.16""N","81°18'30.96""W"
STJ-0330-008,St._Johns_County,"30°6'14.04""N","81°39'20.52""W"
STJ-0402-009,St._Johns_County,"29°59'25.3716""N","81°21'52.5852""W"
STJ-0404-011,St._Johns_County,"29°57'1.1628""N","81°19'58.1196""W"
STJ-0407-014,St._Johns_County,"29°55'45.5124""N","81°20'30.3684""W"
STJ-0409-016,St._Johns_County,"29°55'49.602""N","81°19'25.9608""W"
STJ-0412-019,St._Johns_County,"29°54'39.4632""N","81°17'44.6316""W"
STJ-0416-023,St._Johns_County,"29°53'0.2292""N","81°18'36.2988""W"
STJ-0418-025,St._Johns_County,"29°53'10.2912""N","81°17'7.2672""W"
DAD-0484-016,Miami-Dade_County,"25°38'20.41764""N","80°24'22.90536""W"
STJ-0731-028,St._Johns_County,"29°38'40""N","81°31'5""W"
STJ-0825-032,St._Johns_County,"29°52'19.32""N",81°16'32.27W
DAD-0485-017,Miami-Dade_County,"25°38'25.75392""N","80°24'25.50528""W"
STJ-0862-035,St._Johns_County,"29°49'44.7636""N","81°18'50.04""W"
STJ-0863-036,St._Johns_County,"29°49'18.426""N","81°18'58.2048""W"
STJ-0864-037,St._Johns_County,"29°49'1.182""N","81°20'5.4708""W"
STJ-0868-041,St._Johns_County,"29°45'12.33""N","81°14'58.0344""W"
STJ-0939-044,St._Johns_County,"30°7'58""N","81°23'10""W"
STJ-1071-046,St._Johns_County,"30°06'00.5""N","81°20'52.3""W"
STJ-1140-049,St._Johns_County,"30°4'50.16""N","81°39'18.72""W"
STJ-1189-053,St._Johns_County,"29°43'4.206""N","81°14'33.3528""W"
STJ-1393-055,St._Johns_County,"29°46'07.0""N","81°15'29.3""W"
DAD-0695-019,Miami-Dade_County,25°11'68''N,80°42'43''W
STJ-1400-059,St._Johns_County,"29°52'37.9""N","81°23'37.2""W"
STJ-1534-061,St._Johns_County,"29°51'44.51""N","81°18'38.41""W"
WAL-1586-008,Walton_County,"30°30'45.4176""N","86°11'11.4612""W"
WAL-1862-012,Walton_County,"30°22'21.5""N","86°6'54.3""W"
DAD-1005-021,Miami-Dade_County,25°54'55''N,80°15'8''W
FRA-1472-001,Franklin_County,"29°44'36.6""N","84°59'57.54""W"
DAD-1008-024,Miami-Dade_County,25°52'45''N,80°11'8''W
DAD-1010-026,Miami-Dade_County,25°47'48''N,80°8'31''W
DAD-1014-030,Miami-Dade_County,25°47'7''N,80°16'51''W
DAD-1016-032,Miami-Dade_County,25°48'1''N,80°23'10''W
DAD-1017-033,Miami-Dade_County,25°49'22''N,80°16'53''W
DAD-1018-034,Miami-Dade_County,25°52'56''N,80°13'48''W
DAD-1021-037,Miami-Dade_County,25°29'57''N,80°27'45''W
DAD-0372-004,Miami-Dade_County,"25°38'31.56""N","80°16'50.16""W"
DAD-1022-038,Miami-Dade_County,25°28'28''N,80°26'10''W
DAD-1025-041,Miami-Dade_County,25°32'19''N,"80°19'47""W"
DAD-1026-042,Miami-Dade_County,25°32'54''N,80°20'52''W
DAD-1028-044,Miami-Dade_County,25°34'4''N,80°19'41''W
DAD-1029-045,Miami-Dade_County,25°34'12''N,80°22'16''W
DAD-1610-047,Miami-Dade_County,"25°32'13.6""N","80°20'37.1""W"
DAD-1612-049,Miami-Dade_County,"25°33'07.9""N","80°19'53.7""W"
DAD-1615-052,Miami-Dade_County,"25°27'45.5""N","80°20'49.4""W"
DAD-1637-057,Miami-Dade_County,"25°55'17.9832""N","80°18'24.2604""W"
DAD-0374-006,Miami-Dade_County,"25°40'43.68""N","80°15'20.16""W"
DAD-1704-062,Miami-Dade_County,"25°46'44.76""N","80°30'39.24""W"
DAD-1706-064,Miami-Dade_County,"25°47'51.36""N","80°30'18.72""W"
DAD-1710-068,Miami-Dade_County,"25°49'13.44""N","80°30'4.32""W"
DAD-1923-072,Miami-Dade_County,"25°45'38.3""N","80°51'31.9""W"
DAD-1925-074,Miami-Dade_County,"25°45'44.4""N","80°43'38.9""W"
DAD-1926-075,Miami-Dade_County,"25°45'48.8""N","80°40'25.9""W"
DAD-1929-078,Miami-Dade_County,"25°37'2.9""N","80°34'31.7""W"
DAD-1932-080,Miami-Dade_County,"25°15'12.5""N","80°47'52.2""W"
DAD-0376-008,Miami-Dade_County,"25°42'33.84""N","80°9'5.04""W"
DAD-1934-082,Miami-Dade_County,"25°22'55.5""N","80°36'32.8""W"
OKA-0226-001,Okaloosa_County,"30°23'50.28""N","86°30'52.56""W"
DAD-0477-009,Miami-Dade_County,"25°36'0.76896""N","80°24'19.85292""W"
OKA-0230-005,Okaloosa_County,"30°23'43.8""N","86°28'30.72""W"
OKA-0232-007,Okaloosa_County,"30°31'2.28""N","86°29'45.6""W"
OKA-0233-008,Okaloosa_County,"30°30'31.68""N","86°29'20.04""W"
OKA-0236-011,Okaloosa_County,"30°27'20.52""N","86°35'14.28""W"
OKA-0238-013,Okaloosa_County,"30°25'52.32""N","86°38'12.12""W"
STJ-0940-045,St._Johns_County,"30°12'37""N","81°24'36""W"
DAD-1711-069,Miami-Dade_County,"25°49'57""N","80°30'13.68""W"
DAD-0478-010,Miami-Dade_County,"25°36'14.7708""N","80°25'11.22888""W"
OKA-0241-016,Okaloosa_County,"30°24'8.64""N","86°36'22.68""W"
OKA-0798-021,Okaloosa_County,"30°24'28.4904""N","86°42'18.0252""W"
OKA-1541-025,Okaloosa_County,"30°31'15.9""N","86°29'17.6""W"
OKA-1564-035,Okaloosa_County,"30°29'48.4512""N","86°29'13.7004""W"
OKA-1590-039,Okaloosa_County,"30°25'45.6312""N","86°36'1.2312""W"
OKA-1857-051,Okaloosa_County,"30°38'44.5""N","86°45'30.8""W"
STJ-0307-003,St._Johns_County,"30°1'21.72""N","81°19'40.8""W"
STJ-0411-018,St._Johns_County,"29°54'17.4204""N","81°18'59.2452""W"
STJ-0415-022,St._Johns_County,"29°53'10.6044""N","81°19'19.524""W"
STJ-0553-026,St._Johns_County,"30°3'6.012""N","81°40'6.0384""W"
STJ-0860-033,St._Johns_County,"29°51'20.2284""N","81°18'48.132""W"
STJ-0865-038,St._Johns_County,"29°48'56.2248""N","81°16'30.324""W"
STJ-0938-043,St._Johns_County,"30°6'55""N","81°23'54""W"
DAD-0486-018,Miami-Dade_County,"25°41'14.64144""N","80°24'27.63432""W"
STJ-1394-056,St._Johns_County,"29°42'41.8""N","81°13'58.5""W"
WAL-1863-013,Walton_County,"30°19'35.7""N","86°9'20.9""W"
DAD-1012-028,Miami-Dade_County,25°47'20''N,80°19'36''W
DAD-1013-029,Miami-Dade_County,25°46'17''N,80°18'31''W
DAD-1015-031,Miami-Dade_County,25°47'2''N,80°12'59''W
DAD-1020-036,Miami-Dade_County,25°42'17''N,80°22'52''W
DAD-1616-053,Miami-Dade_County,"25°26'53.2""N","80°24'14.0""W"
DAD-1928-077,Miami-Dade_County,"25°45'43.2""N","80°30'8.9""W"
DAD-1933-081,Miami-Dade_County,"25°23'53.2""N","80°34'20.3""W"
OKA-0227-002,Okaloosa_County,"30°24'8.64""N","86°29'21.48""W"
OKA-0231-006,Okaloosa_County,"30°23'24.72""N","86°30'30.6""W"
OKA-0237-012,Okaloosa_County,"30°27'5.832""N","86°36'51.552""W"
CLR-0849-051,Collier_County,"25°57'8.7048""N","81°43'50.5128""W"
STL-0094-008,St._Lucie_County,"27°28'12.9288""N","80°23'24.8568""W"
FRA-1838-011,Franklin_County,"29°57'40.6""N","84°23'05.1""W"
BRO-0925-025,Broward_County,"26°04'03.4""N","80°10'55.9""W"
BRO-0926-026,Broward_County,"26°02'59.3""N","80°09'17.6""W"
BRO-1064-029,Broward_County,"26°2'27.4416""N","80°21'4.2624""W"
BRO-1065-030,Broward_County,"26°2'41.6832""N","80°20'43.3608""W"
BRO-1068-033,Broward_County,"26°3'40.2444""N","80°26'40.7184""W"
BRO-1070-035,Broward_County,"25°59'54.3516""N","80°19'49.6128""W"
BRO-1182-039,Broward_County,"26°7'47.1072""N","80°21'28.89""W"
BRO-1540-041,Broward_County,"26°19'19.62""N","80°5'47.75""W"
BRO-1636-042,Broward_County,"26°1'31.6812""N","80°24'46.1988""W"
BRO-1938-044,Broward_County,"26°19'59""N","80°46'33.3""W"
CLR-0047-001,Collier_County,"26°8'33""N","81°47'21""W"
CLR-0219-007,Collier_County,"26°8'2.6304""N","81°47'33.3816""W"
CLR-0222-010,Collier_County,"26°7'30.864""N","81°46'14.5092""W"
CLR-0224-012,Collier_County,"26°7'21.09""N","81°45'5.4576""W"
CLR-0448-015,Collier_County,"26°6'54.7488""N","81°45'34.2792""W"
CLR-0451-018,Collier_County,"26°11'50.71632""N","81°43'9.15492""W"
FRA-1845-016,Franklin_County,"29°42'46.7""N","85°01'14.8""W"
CLR-0455-022,Collier_County,"26°13'11.56044""N","81°48'59.35968""W"
CLR-0456-023,Collier_County,"26°13'6.98664""N","81°49'5.82168""W"
CLR-0462-026,Collier_County,"26°11'48.1308""N","81°48'38.016""W"
CLR-0463-027,Collier_County,"26°12'26.6832""N","81°46'59.6136""W"
CLR-0467-031,Collier_County,"26°9'44.5104""N","81°46'43.5""W"
CLR-0476-038,Collier_County,"26°15'50.04""N","81°49'28.2""W"
CLR-0806-043,Collier_County,"25°53'31.92""N","81°28'36.84""W"
CLR-0843-045,Collier_County,"26°1'25.0824""N","81°42'35.4456""W"
CLR-0847-049,Collier_County,"25°58'49.7568""N","81°42'11.5416""W"
FRA-1848-019,Franklin_County,"29°49'00.1""N","84°50'13.1""W"
CLR-0851-053,Collier_County,"25°55'28.2504""N","81°41'54.0888""W"
CLR-0852-054,Collier_County,"25°55'22.746""N","81°42'31.662""W"
CLR-1867-057,Collier_County,"26°0'20.5""N","81°36'33.2""W"
CLR-1870-060,Collier_County,"26°18'42.2""N","81°37'34.1""W"
CLR-1876-062,Collier_County,"25°58'2.8""N","81°38'4.6""W"
CLR-1877-063,Collier_County,"25°55'56.9""N","81°39'18.3""W"
CLR-1878-064,Collier_County,"25°54'44.8""N","81°43'0.9""W"
CLR-1880-066,Collier_County,"26°1'25.8""N","81°44'2.8""W"
CLR-1882-068,Collier_County,"25°48'51""N","81°21'50.6""W"
FRA-1474-003,Franklin_County,"29°43'53.82""N","84°56'23.64""W"
FRA-1850-021,Franklin_County,"29°51'08.2""N","84°40'06.4""W"
CLR-1885-071,Collier_County,"26°2'45.4""N","81°42'30.3""W"
CLR-1892-076,Collier_County,"26°29'43.7""N","81°31'44.7""W"
CLR-1896-078,Collier_County,"26°25'59.2""N","81°29'7.5""W"
CLR-1899-081,Collier_County,"26°19'8.9""N","81°26'32.4""W"
CLR-1900-082,Collier_County,"26°21'6.3""N","81°20'36.3""W"
FRA-0123-024,Franklin_County,"29°53'47.3172""N","84°22'49.1016""W"
FRA-0124-025,Franklin_County,"29°55'34.446""N","84°37'30.2808""W"
FRA-1475-004,Franklin_County,"29°42'5.4""N","84°52'49.8""W"
BAY-1443-004,Bay_County,"30°11'20.03""N","85°42'59.07""W"
BAY-1444-005,Bay_County,"30°11'18.52""N","85°43'36.2""W"
BAY-1452-007,Bay_County,"29°58'11.83""N","85°27'52.22""W"
BAY-1597-012,Bay_County,"30°8'1.9752""N","85°30'30.5568""W"
BAY-1600-015,Bay_County,"30°6'18.6804""N","85°36'14.4648""W"
BAY-1603-018,Bay_County,"30°11'54.8952""N","85°42'21.1536""W"
BAY-1606-021,Bay_County,"30°9'4.0104""N","85°45'26.8416""W"
BAY-1631-024,Bay_County,"30°13'10.14""N","85°45'46.2""W"
BAY-1633-026,Bay_County,"30°10'56.1""N","85°44'4.8""W"
BAY-1450-029,Bay_County,"29°33'46.33""N","85°14'29.11""W"
STL-0084-001,St._Lucie_County,"27°28'12.648""N","80°17'32.463""W"
STL-0086-003,St._Lucie_County,"27°29'10.8564""N","80°20'5.1036""W"
STL-0097-011,St._Lucie_County,"27°21'8.4492""N","80°21'58.7664""W"
FRA-1479-008,Franklin_County,"29°37'58.92""N","85°5'15.78""W"
BRO-0346-001,Broward_County,"26°18'41""N","80°09'16""W"
BRO-0396-003,Broward_County,"26°4'15.6""N","80°20'2.4""W"
BRO-0398-005,Broward_County,"26°7'49.44""N","80°21'41.04""W"
BRO-0400-007,Broward_County,"26°4'6.96""N","80°10'8.4""W"
BRO-0419-009,Broward_County,"26°4'49.08""N","80°14'0.96""W"
BRO-0426-011,Broward_County,"26°19'4.44""N","80°9'17.28""W"
BRO-0739-015,Broward_County,"26°18'2.4876""N","80°4'47.2296""W"
BRO-0752-019,Broward_County,"26°3'52""N","80°9'50""W"
BRO-0922-022,Broward_County,"26°07'01.2""N","80°07'43.0""W"
FRA-1473-002,Franklin_County,"29°49'6.9""N","84°52'30.54""W"
BRO-0924-024,Broward_County,"26°03'34.9""N","80°09'10.4""W"
BRO-0927-027,Broward_County,"26°00'46.1""N","80°07'05.5""W"
BRO-0928-028,Broward_County,"26°00'31.7""N","80°13'59.5""W"
BRO-1066-031,Broward_County,"26°3'35.5752""N","80°10'0.3864""W"
BRO-1067-032,Broward_County,"26°5'56.0004""N","80°26'40.7184""W"
FRA-1839-012,Franklin_County,"29°54'59.4""N","84°30'45.1""W"
BRO-1069-034,Broward_County,"26°2'38.2884""N","80°18'58.2624""W"
BRO-1179-036,Broward_County,"26°3'11.1132""N","80°14'51.3636""W"
BRO-1180-037,Broward_County,"26°6'16.2108""N","80°23'43.1916""W"
BRO-1181-038,Broward_County,"26°2'21.5916""N","80°12'2.6316""W"
BRO-1183-040,Broward_County,"26°3'7.1496""N","80°12'57.2148""W"
FRA-1841-013,Franklin_County,"29°54'42.9""N","84°22'03.2""W"
BRO-1936-043,Broward_County,"26°10'40.8""N","80°26'49""W"
BRO-1939-045,Broward_County,"26°19'53.3""N","80°52'48.7""W"
BRO-1940-046,Broward_County,"26°8'50.9""N","80°37'51.3""W"
BRO-1942-047,Broward_County,"26°8'54.8""N","80°43'2.2""W"
FRA-1842-014,Franklin_County,"29°54'02.3""N","84°23'51.3""W"
CLR-0048-002,Collier_County,"26°17'35""N","81°49'10""W"
CLR-0215-003,Collier_County,"26°11'44.4012""N","81°47'16.4004""W"
CLR-0216-004,Collier_County,"26°8'36.7944""N","81°46'43.8168""W"
CLR-0217-005,Collier_County,"26°8'44.2356""N","81°45'56.8224""W"
CLR-0218-006,Collier_County,"26°7'57.8064""N","81°48'23.3964""W"
CLR-0221-009,Collier_County,"26°6'11.9268""N","81°47'6.756""W"
FRA-1843-015,Franklin_County,"29°56'51.7""N","84°20'30.2""W"
CLR-0223-011,Collier_County,"26°6'43.7436""N","81°45'37.6704""W"
CLR-0225-013,Collier_County,"26°8'59.0532""N","81°45'13.9248""W"
CLR-0447-014,Collier_County,"26°8'57.18552""N","81°47'9.03048""W"
CLR-0449-016,Collier_County,"26°5'50.45676""N","81°44'11.16924""W"
CLR-0450-017,Collier_County,"26°6'29.74644""N","81°43'34.36788""W"
CLR-0452-019,Collier_County,"26°10'6.61836""N","81°43'4.23912""W"
CLR-0453-020,Collier_County,"26°6'9.036""N","81°42'3.75516""W"
CLR-0454-021,Collier_County,"26°13'11.24112""N","81°45'47.21832""W"
CLR-0461-025,Collier_County,"26°12'25.4916""N","81°48'59.5764""W"
CLR-0464-028,Collier_County,"26°11'52.3464""N","81°46'3.54""W"
CLR-0465-029,Collier_County,"26°10'30.9036""N","81°47'13.524""W"
CLR-0466-030,Collier_County,"26°10'4.2024""N","81°46'3.9072""W"
FRA-1846-017,Franklin_County,"29°46'06.4""N","85°02'35.5""W"
CLR-0468-032,Collier_County,"26°9'21.132""N","81°47'18.1536""W"
CLR-0469-033,Collier_County,"26°9'45.5112""N","81°48'37.6704""W"
CLR-0471-035,Collier_County,"26°16'3.36""N","81°46'8.04""W"
CLR-0472-036,Collier_County,"26°12'53.64""N","81°43'50.16""W"
CLR-0475-037,Collier_County,"26°16'54.12""N","81°49'40.8""W"
CLR-0802-039,Collier_County,"25°54'50.76""N","81°32'25.44""W"
FRA-1847-018,Franklin_County,"29°43'24.6""N","84°58'55.3""W"
CLR-0803-040,Collier_County,"25°54'1.8""N","81°30'57.24""W"
CLR-0804-041,Collier_County,"26°1'32.52""N","81°44'1.32""W"
CLR-0805-042,Collier_County,"25°56'3.12""N","81°35'43.8""W"
CLR-0842-044,Collier_County,"26°5'37.6476""N","81°47'59.154""W"
CLR-0844-046,Collier_County,"26°0'4.9212""N","81°41'10.9464""W"
CLR-0846-048,Collier_County,"25°58'37.4196""N","81°44'15.468""W"
CLR-0848-050,Collier_County,"25°57'46.584""N","81°43'39.0396""W"
CLR-0850-052,Collier_County,"25°56'49.5168""N","81°44'37.608""W"
CLR-0853-055,Collier_County,"25°55'37.632""N","81°43'15.492""W"
CLR-1868-058,Collier_County,"25°59'55.1""N","81°35'53.9""W"
CLR-1869-059,Collier_County,"26°7'16.6""N","81°31'22.1""W"
CLR-1875-061,Collier_County,"25°59'25.6""N","81°36'43.4""W"
FRA-1849-020,Franklin_County,"29°51'12.7""N","84°58'24.1""W"
CLR-1879-065,Collier_County,"25°59'6.8""N","81°42'15.3""W"
CLR-1881-067,Collier_County,"25°53'32.3""N","81°19'35.6""W"
CLR-1883-069,Collier_County,"25°52'20.7""N","81°22'56.3""W"
CLR-1884-070,Collier_County,"25°52'20.7""N","81°22'56.3""W"
CLR-1886-072,Collier_County,"26°6'9.9""N","81°47'6.4""W"
CLR-1887-073,Collier_County,"26°9'16.8""N","81°48'34.1""W"
CLR-1888-074,Collier_County,"26°12'39.6""N","81°48'45.4""W"
CLR-1889-075,Collier_County,"26°17'18""N","81°49'48.3""W"
CLR-1895-077,Collier_County,"26°26'18.6""N","81°28'29.8""W"
CLR-1897-079,Collier_County,"26°22'0.1""N","81°29'11.8""W"
CLR-1898-080,Collier_County,"26°20'17.6""N","81°25'59.7""W"
FRA-1851-022,Franklin_County,"29°50'47.3""N","84°39'51.7""W"
CLR-1901-083,Collier_County,"26°13'5.3""N","81°20'40.7""W"
BAY-1440-001,Bay_County,"30°6'22.4""N","85°36'9.02""W"
BAY-1441-002,Bay_County,"30°7'4.27""N","85°35'33.71""W"
BAY-1442-003,Bay_County,"30°12'22.55""N","85°42'17.99""W"
BAY-1451-006,Bay_County,"29°57'14.22""N","85°25'28.16""W"
BAY-1593-008,Bay_County,"30°18'59.634""N","85°45'43.488""W"
BAY-1594-009,Bay_County,"30°15'15.9984""N","85°38'48.966""W"
BAY-1595-010,Bay_County,"30°15'9.3852""N","85°36'41.22""W"
BAY-1596-011,Bay_County,"30°17'37.4748""N","85°34'59.7324""W"
BAY-1598-013,Bay_County,"30°7'35.0508""N","85°31'45.7176""W"
FRA-1476-005,Franklin_County,"29°39'14.28""N","84°55'46.68""W"
BAY-1599-014,Bay_County,"30°8'11.7672""N","85°34'11.8272""W"
BAY-1601-016,Bay_County,"30°8'7.2168""N","85°36'23.3964""W"
BAY-1602-017,Bay_County,"30°9'3.1896""N","85°39'38.4948""W"
BAY-1604-019,Bay_County,"30°11'7.008""N","85°44'1.1112""W"
BAY-1605-020,Bay_County,"30°7'58.116""N","85°43'52.6296""W"
BAY-1630-023,Bay_County,"30°12'47.64""N","85°44'37.56""W"
FRA-1477-006,Franklin_County,"29°37'1.2""N","84°57'43.5""W"
BAY-1632-025,Bay_County,"30°13'41.94""N","85°46'1.02""W"
BAY-1634-027,Bay_County,"30°12'40.26""N","85°41'54.6""W"
BAY-1635-028,Bay_County,"30°15'16.2""N","85°40'41.04""W"
FRA-1478-007,Franklin_County,"29°36'4.86""N","85°1'39.78""W"
STL-0085-002,St._Lucie_County,"27°27'58.712""N","80°19'53.025""W"
STL-0087-004,St._Lucie_County,"27°29'42.432""N","80°18'10.7172""W"
STL-0091-005,St._Lucie_County,"27°29'19.7304""N","80°20'54.6""W"
STL-0092-006,St._Lucie_County,"27°28'54.4404""N","80°22'23.6352""W"
STL-0093-007,St._Lucie_County,"27°28'35.0148""N","80°20'57.8832""W"
STL-0095-009,St._Lucie_County,"27°23'44.6928""N","80°21'5.688""W"
STL-0096-010,St._Lucie_County,"27°22'27.4728""N","80°20'31.9668""W"
STL-0151-012,St._Lucie_County,"27°18'15.4512""N","80°19'21.0288""W"
STL-0152-013,St._Lucie_County,"27°15'56.682""N","80°22'18.9048""W"
STL-0153-014,St._Lucie_County,"27°14'56.724""N","80°19'0.0552""W"
BRO-0395-002,Broward_County,"26°2'33""N","80°7'9.84""W"
FRA-1480-009,Franklin_County,"29°40'46.86""N","85°3'26.22""W"
BRO-0397-004,Broward_County,"26°3'43.92""N","80°26'15.72""W"
BRO-0399-006,Broward_County,"26°6'18.72""N","80°25'3.36""W"
BRO-0401-008,Broward_County,"26°6'12.24""N","80°15'53.64""W"
BRO-0425-010,Broward_County,"26°18'24.84""N","80°7'4.8""W"
BRO-0700-012,Broward_County,"26°18'53.0244""N","80°4'29.7012""W"
BRO-0701-013,Broward_County,"26°18'47.4588""N","80°4'54.7824""W"
FRA-1481-010,Franklin_County,"29°40'11.82""N","84°59'16.56""W"
BRO-0738-014,Broward_County,"26°19'3.1332""N","80°7'4.3968""W"
BRO-0740-016,Broward_County,"26°18'58.824""N","80°4'30.378""W"
BRO-0750-017,Broward_County,"26°0'56""N","80°21'1""W"
BRO-0753-020,Broward_County,"26°0'51""N","80°17'57""W"
BRO-0754-021,Broward_County,"26°8'49""N","80°34'27""W"
BRO-0923-023,Broward_County,"26°03'55.1""N","80°06'47.9""W"
