Batch Number,Sample ID,PFOA,PFNA,?PFOS,PFBS,FBSA,PFHxA,PFHpA,PFHxPA,NADONA,FHxSA,Syn35,PFDA,PFDoA,Oak6,Oak10,Syn72,6_6PFPi,PFPrS,PFPeS,PFHxS,P4MOA,PFUdA,PFECHS,Syn45,9Cl-PF3ONS,Oak8,Syn32,11Cl-PF3OUDS,Syn53,4_2FTS,PFNS,SUM(PFAS)
10,MRT-1341-038,2.8,,,,,,,,,,,,,,,,,,,,,,,,,,,,,,,2.8
10,IDR-0073-005,2.8,,3.2,,,,,,,,,,,,,,,,,,,,,,,,,,,,,6.0
10,IDR-1720-021,5.2,,3.1,,,,,,,,,,,,,,,,,,,,,,,,,,,,,8.3
10,MRT-0142-003,5.0,,4.8,,,,,,,,,,,,,,,,,,,,,,,,,,,,,9.7
10,MRT-0154-011,13.0,2.6,9.0,,,,,,,,,,,,,,,,,,,,,,,,,,,,,24.6
10,MRT-0185-016,3.8,,9.5,,,,,,,,,,,,,,,,,,,,,,,,,,,,,13.3
10,MRT-1308-028,3.1,,,,,,,,,,,,,,,,,,,,,,,,,,,,,,,3.1
10,MRT-1309-029,3.3,,,,,,,,,,,,,,,,,,,,,,,,,,,,,,,3.3
10,MRT-1310-030,2.5,,,,,,,,,,,,,,,,,,,,,,,,,,,,,,,2.5
10,MRT-1327-034,2.3,,,,,,,,,,,,,,,,,,,,,,,,,,,,,,,2.3
10,MRT-1361-044,4.6,,,,,,,,,,,,,,,,,,,,,,,,,,,,,,,4.6
10,MRT-1362-045,3.5,,,,,,,,,,,,,,,,,,,,,,,,,,,,,,,3.5
10,CLR-1946-103,3.1,,,,,,,,,,,,,,,,,,,,,,,,,,,,,,,3.1
10,VOL-0942-003,3.5,,,,,,,,,,,,,,,,,,,,,,,,,,,,,,,3.5
10,VOL-1079-006,4.5,,4.2,,,,,,,,,,,,,,,,,,,,,,,,,,,,,8.7
10,VOL-1080-007,4.0,,4.3,,,,,,,,,,,,,,,,,,,,,,,,,,,,,8.3
10,DIX-0113-005,,,5.1,,,,,,,,,,,,,,,,,,,,,,,,,,,,,5.1
10,IDR-0069-001,3.9,,2.9,,,,,,,,,,,,,,,,,,,,,,,,,,,,,6.8
10,IDR-0070-002,4.6,,4.3,,,,,,,,,,,,,,,,,,,,,,,,,,,,,8.8
10,IDR-0089-010,3.9,,,,,,,,,,,,,,,,,,,,,,,,,,,,,,,3.9
10,IDR-1407-012,4.2,,4.8,,,,,,,,,,,,,,,,,,,,,,,,,,,,,9.0
10,IDR-1409-014,2.8,,,,,,,,,,,,,,,,,,,,,,,,,,,,,,,2.8
10,IDR-1719-020,5.4,,4.7,,,,,,,,,,,,,,,,,,,,,,,,,,,,,10.1
10,MRT-0139-001,3.7,,4.9,,,,,,,,,,,,,,,,,,,,,,,,,,,,,8.7
10,MRT-0146-006,6.2,,6.5,,,,,,,,,,,,,,,,,,,,,,,,,,,,,12.7
10,MRT-0147-007,7.0,2.7,6.1,,,,,,,,,,,,,,,,,,,,,,,,,,,,,15.8
10,MRT-0150-010,2.9,,2.9,,,,,,,,,,,,,,,,,,,,,,,,,,,,,5.7
10,MRT-0176-013,4.0,,6.8,,,,,,,,,,,,,,,,,,,,,,,,,,,,,10.8
10,MRT-0178-014,4.8,,4.6,,,,,,,,,,,,,,,,,,,,,,,,,,,,,9.3
10,MRT-0179-015,5.9,,5.4,,,,,,,,,,,,,,,,,,,,,,,,,,,,,11.3
10,MRT-0186-017,9.2,2.9,8.9,,,,,,,,,,,,,,,,,,,,,,,,,,,,,21.0
10,MRT-0245-018,6.7,,4.1,,,,,,,,,,,,,,,,,,,,,,,,,,,,,10.8
10,MRT-0246-019,2.5,,3.3,,,,,,,,,,,,,,,,,,,,,,,,,,,,,5.8
10,MRT-0745-021,5.3,,9.9,,,,,,,,,,,,,,,,,,,,,,,,,,,,,15.2
10,MRT-0747-023,3.9,,4.1,,,,,,,,,,,,,,,,,,,,,,,,,,,,,8.0
10,MRT-0748-024,5.0,,4.6,,,,,,,,,,,,,,,,,,,,,,,,,,,,,9.6
10,MRT-0749-025,6.7,,4.5,,,,,,,,,,,,,,,,,,,,,,,,,,,,,11.1
10,MRT-1292-027,2.6,,,,,,,,,,,,,,,,,,,,,,,,,,,,,,,2.6
10,MRT-1324-031,3.1,,,,,,,,,,,,,,,,,,,,,,,,,,,,,,,3.1
10,MRT-1326-033,3.6,,,,,,,,,,,,,,,,,,,,,,,,,,,,,,,3.6
10,MRT-1340-037,3.2,,,,,,,,,,,,,,,,,,,,,,,,,,,,,,,3.2
10,MRT-1353-041,3.1,,,,,,,,,,,,,,,,,,,,,,,,,,,,,,,3.1
10,MRT-1363-046,3.7,,,,,,,,,,,,,,,,,,,,,,,,,,,,,,,3.7
10,MRT-1369-049,4.1,,,,,,,,,,,,,,,,,,,,,,,,,,,,,,,4.1
10,MRT-1370-050,3.5,,,,,,,,,,,,,,,,,,,,,,,,,,,,,,,3.5
10,VOL-0730-002,4.8,,2.8,,,,,,,,,,,,,,,,,,,,,,,,,,,,,7.7
10,VOL-0946-004,4.2,,2.8,,,,,,,,,,,,,,,,,,,,,,,,,,,,,7.0
10,VOL-1078-005,6.1,,6.7,,,,,,,,,,,,,,,,,,,,,,,,,,,,,12.8
10,VOL-1081-008,4.2,,4.6,,,,,,,,,,,,,,,,,,,,,,,,,,,,,8.7
10,CIT-1167-033,5.4,,9.8,,,,,,,,,,,,,,,,,,,,,,,,,,,,,15.2
10,FLG-0393-010,,,3.1,,,,,,,,,,,,,,,,,,,,,,,,,,,,,3.1
10,IDR-1410-015,,,6.7,,,,,,,,,,,,,,,,,,,,,,,,,,,,,6.7
10,IDR-1413-018,,,6.4,,,,,,,,,,,,,,,,,,,,,,,,,,,,,6.4
10,MRT-0744-020,,,3.8,,,,,,,,,,,,,,,,,,,,,,,,,,,,,3.8
10,CLR-1941-102,,,3.5,,,,,,,,,,,,,,,,,,,,,,,,,,,,,3.5
10,CLR-1907-089,,,4.4,,,,,,,,,,,,,,,,,,,,,,,,,,,,,4.4
11,ESC-1796-035,4.0,1.4,1.7,0.5,,3.0,2.0,,,,,1.3,,,,,,,,,,,,,,,,,,,,13.9
11,ESC-1799-037,2.6,1.3,1.5,2.2,,,,,,,,,,,,,,,,,,,,,,,,,,,,7.7
11,VOL-1092-019,1.4,,1.9,0.4,,,,,,,,,,,,,,,,,,,,,,,,,,,,3.7
11,ESC-1808-043,1.2,,1.9,0.6,,3.8,,,,,,,,,,,,,,,,,,,,,,,,,,7.4
11,ESC-1813-048,1.9,,,0.6,,,,,,,,,,,,,,,,,,,,,,,,,,,,2.5
11,LAK-2284-039,2.6,,,2.6,,,,,,,,,,,,,,,,,,,,,,,,,,,,5.2
11,LAK-2287-042,5.3,,3.9,2.6,,3.0,3.2,,,,,,,,,,,,,,,,,,,,,,,,,18.0
11,ORA-2290-072,6.7,2.7,6.5,8.0,,16.9,12.1,,,,,1.9,2.1,,,,,,,,,,,,,,,,,,,56.9
11,LAK-2288-043,1.1,,,1.0,,,,,,,,1.1,,,,,,,,,,,,,,,,,,,,3.1
11,VOL-2272-042,4.4,1.9,3.3,4.1,,6.1,3.1,,,,,,,,,,,,,,,,,,,,,,,,,23.0
11,BRO-2255-059,4.0,,5.5,2.6,,6.6,,,,,,,,,,,,,,,,,,,,,,,,,,18.7
11,VOL-1096-023,4.7,1.8,4.6,3.0,,,2.7,,,,,,,,,,,,,,,,,,,,,,,,,16.8
11,LAK-2281-036,5.8,,,4.4,,,,,,,,,,,,,,,,,,,,,,,,,,,,10.2
11,SAR-2248-102,2.3,,,2.7,,,,,,,,,,,,,,,,,,,,,,,,,,,,5.0
11,VOL-1097-024,2.2,,2.4,0.7,,,,,,,,,,,,,,,,,,,,,,,,,,,,5.3
11,BRO-2250-054,3.0,,5.3,2.6,,4.7,,,,,,0.8,,,,,,,,,,,,,,,,,,,,16.3
11,VOL-2275-045,1.9,,2.0,1.5,,,,,,,,,,,,,,,,,,,,,,,,,,,,5.3
11,BRO-2252-056,2.7,,1.7,3.5,,5.3,,,,,,,,,,,,,,,,,,,,,,,,,,13.2
11,LAK-2282-037,4.2,,2.8,3.3,,,,,,,,1.4,,,,,,,,,,,,,,,,,,,,11.7
11,SAR-2245-099,2.4,,,2.7,,,,,,,,,,,,,,,,,,,,,,,,,,,,5.1
11,SAN-2200-040,,,,0.5,,,,,,,,,,,,,,,,,,,,,,,,,,,,0.5
11,DES-2240-007,5.6,,4.2,5.3,,,4.4,,,,,,,,,,,,,,,,,,,,,,,,,19.5
11,HAR-2241-001,6.4,,3.1,5.0,,9.9,6.4,,,,,,,,,,,,,,,,,,,,,,,,,30.9
11,MTE-2243-048,13.6,2.5,8.0,4.4,,6.4,7.1,,,,,,,,,,,,,,,,,,,,,,,,,42.1
11,DAD-2307-100,0.9,,1.8,0.8,,2.3,,,,,,,,,,,,,,,,,,,,,,,,,,5.8
11,BRO-2313-063,3.6,,6.0,4.5,,6.2,,,,,,1.0,,,,,,,,,,,,,,,,,,,,21.3
11,OKA-2206-060,1.3,,,2.5,,,,,,,,,,,,,,,,,,,,,,,,,,,,3.8
11,VOL-1083-010,5.0,4.6,10.7,4.5,,16.2,9.0,12.4,,2.7,,,,,,,,,,,,,,,,,,,,,,65.1
11,VOL-1102-029,12.4,3.1,11.5,12.1,1.5,23.0,9.5,,,,,,,,,,,,,,,,,,,,,,,,,73.2
11,DAD-2301-094,3.7,,,2.8,,6.0,2.9,,,,,,,,,,,,,,,,,,,,,,,,,15.4
11,BRO-2312-062,5.7,,6.7,3.3,,7.4,4.7,,,,,,,,,,,,,,,,,,,,,,,,,27.8
11,BRO-2310-060,4.1,,3.3,6.0,,,,,,,,,,,,,,,,,,,,,,,,,,,,13.5
11,DAD-2304-097,3.9,2.6,10.2,2.4,,13.4,12.8,,,,,1.9,,,,,,,,,,,,,,,,,,,,47.2
11,DAD-2300-093,3.7,,4.4,2.9,,10.9,9.9,,,,,,,,,,,,,,,,,,,,,,,,,31.8
11,DAD-2308-101,1.8,,2.2,0.9,,3.6,,,,,,,,,,,,,,,,,,,,,,,,,,8.5
11,VOL-1104-031,2.2,,,1.9,,,,,,,,,,,,,,,,,,,,,,,,,,,,4.1
11,VOL-1517-032,4.3,,1.2,4.8,,,,,,,,,,,,,,,,,,,,,,,,,,,,10.4
11,VOL-1519-034,4.7,,2.8,7.1,,5.4,4.9,,,,,,,,,,,,,,,,,,,,,,,,,25.0
11,VOL-1533-036,0.6,,0.9,0.9,,,,,,,,,,,,,,,,,,,,,,,,,,,,2.4
11,VOL-1084-011,2.5,,,1.2,,,,,,,,,,,,,,,,,,,,,,,,,,,,3.7
11,SAN-1567-005,1.2,,3.7,0.6,,,,,,,,,,,,,,,,,,,,,,,,,,,,5.5
11,SAN-1576-008,16.5,3.1,179.5,5.2,,10.8,9.1,50.7,,3.7,,,,,,,,,,,,,,,,,,,,,,278.6
11,VOL-1086-013,8.7,,32.7,8.2,,6.6,,9.1,,,,1.2,,,,,,,,,,,,,,,,,,,,66.5
11,SAN-1795-017,1.2,,3.5,0.8,,,,,,,,,,,,,,,,,,,,,,,,,,,,5.4
11,SAN-1964-026,5.5,3.0,7.1,2.9,,5.7,6.4,,,,,,,,,,,,,,,,,,,,,,,,,30.7
11,SAN-1966-028,1.0,,,1.2,,,,,,,,,,,,,,,,,,,,,,,,,,,,2.2
11,SAN-1967-029,1.5,,1.2,0.5,,,,,,,,,,,,,,,,,,,,,,,,,,,,3.2
11,SAN-1969-031,2.6,,3.0,3.8,,3.4,,,,,,,,,,,,,,,,,,,,,,,,,,12.8
11,SAN-2137-033,2.3,,3.1,0.8,,1.7,,,,,,,,,,,,,,,,,,,,,,,,,,7.9
11,ESC-0787-003,2.0,,7.5,0.5,,,,,,,,,,,,,,,,,,,,,,,,,,,,9.9
11,ESC-0791-007,1.4,,1.0,0.4,,,,,,,,,,,,,,,,,,,,,,,,,,,,2.8
11,ESC-1111-012,4.0,,2.7,2.7,,3.2,,,,,,,,,,,,,,,,,,,,,,,,,,12.7
11,ESC-1116-015,4.7,2.3,5.7,5.8,,3.3,3.2,,,,,,,,,,,,,,,,,,,,,,,,,25.0
11,ESC-1415-016,23.7,4.1,11.8,11.1,,31.2,20.3,9.4,,,3.0,3.5,,,,,,,,,,,,,,,,,,,,118.0
11,ESC-1785-027,0.5,,,0.3,,,,,,,,,,,,,,,,,,,,,,,,,,,,0.8
11,ESC-1794-034,4.2,,1.5,,,3.9,,,,,,1.3,,,,,,,,,,,,,,,,,,,,11.0
11,SAN-1780-011,3.4,,1.7,,,4.9,,,,,,,,,,,,,,,,,,,,,,,,,,10.1
11,WAS-2214-004,0.7,,0.9,,,,,,0.3,,,,,,,,,,,,,,,,,,,,,,,1.9
11,ESC-1793-033,7.0,,,,,,,,,,,0.9,,,,,,,,,,,,,,,,,,,,7.9
11,ESC-1811-046,1.0,,1.2,,,,,,,,,,,,,,,,,,,,,,,,,,,,,2.2
11,VOL-1094-021,2.2,,5.6,,,,,,,,,,,,,,,,,,,,,,,,,,,,,7.8
11,HOL-2195-003,0.9,,,,,,,,,,,,,,,,,,,,,,,,,,,,,,,0.9
11,HOL-2194-002,0.6,,,,,,,,,,,,,,,,,,,,,,,,,,,,,,,0.6
11,OKA-2198-058,1.3,,,,,,,,,,,,,,,,,,,,,,,,,,,,,,,1.3
11,WAL-2213-018,0.6,,,,,,,,,,,,,,,,,,,,,,,,,,,,,,,0.6
11,JEF-2412-004,0.6,,,,,,,,,,,,,,,,,,,,,,,,,,,,,,,0.6
11,SAN-1784-015,0.7,,,,,,,,,,,,,,,,,,,,,,,,,,,,,,,0.7
11,SAN-1801-019,0.6,,,,,,,,,,,,,,,,,,,,,,,,,,,,,,,0.6
11,SAN-1802-020,0.6,,,,,,,,,,,,,,,,,,,,,,,,,,,,,,,0.6
11,ESC-1536-020,0.6,,,,,,,,,,,,,,,,,,,,,,,,,,,,,,,0.6
11,ESC-1570-021,0.9,,,,,,,,,,,,,,,,,,,,,,,,,,,,,,,0.9
11,ESC-1575-026,0.8,,1.9,,,,,,,,,,,,,,,,,,,,,,,,,,,,,2.6
11,BAY-2186-034,,,1.7,,,,,,,,,,,,,,,,,,,,,,,,,,,,,1.7
11,ESC-1792-032,6.2,,2.5,2.3,,4.2,2.3,,,,,0.7,,,,,,,,,,,,,,,,,,,,18.2
11,ESC-1807-042,1.4,,2.7,1.6,,,,,,,,,,,,,,,,,,,,,,,,,,,,5.6
11,ESC-1812-047,1.1,,1.8,0.5,,,,,,,,,,,,,,,,,,,,,,,,,,,,3.4
11,ESC-1814-049,1.3,,,0.3,,2.8,,,,,,,,,,,,,,,,,,,,,,,,,,4.4
11,VOL-1093-020,0.9,,1.6,0.7,,,,,,,,,,,,,,,,,,,,,,,,,,,,3.2
11,LAK-2285-040,5.3,1.5,2.4,3.2,,4.2,,,,,,,,,,,,,,,,,,,,,,,,,,16.7
11,LAK-2286-041,5.8,,1.4,2.4,,,3.8,,,,,,,,,,,,,,,,,,,,,,,,,13.4
11,ORA-2293-075,9.8,4.0,10.0,15.0,5.2,19.5,7.6,10.2,,,,,,,,,,,,,,,,,,,,,,,,81.4
11,ORA-2292-074,8.9,3.9,8.4,6.9,,9.3,7.5,3.9,,,,,,,,,,,,,,,,,,,,,,,,48.7
11,VOL-2273-043,4.1,,4.3,3.8,,,,,,,,,,,,,,,,,,,,,,,,,,,,12.2
11,ORA-2294-076,6.5,,3.3,8.6,,6.4,3.9,,,,,,,,,,,,,,,,,,,,,,,,,28.6
11,BRO-2249-053,2.4,,1.6,3.0,,4.0,,,,,,,,,,,,,,,,,,,,,,,,,,11.0
11,VOL-2277-047,10.3,1.8,9.7,8.6,,9.6,6.3,,,,,,,,,,,,,,,,,,,,,,,,,46.2
11,VOL-2278-048,1.5,,1.3,1.8,,,,,,,,,,,,,,,,,,,,,,,,,,,,4.6
11,WAL-2211-016,1.5,,2.5,1.0,,,,,,,,,,,,,,,,,,,,,,,,,,,,5.0
11,VOL-1098-025,4.1,1.5,4.1,2.0,,,3.7,,,,,,,,,,,,,,,,,,,,,,,,,15.4
11,VOL-1099-026,3.6,,4.2,1.1,,3.6,,,,,,,,,,,,,,,,,,,,,,,,,,12.5
11,SAR-2247-101,2.7,1.5,,3.6,,3.7,,,,,,,,,,,,,,,,,,,,,,,,,,11.5
11,BRO-2254-058,4.8,1.8,5.8,3.6,,6.1,4.1,,,,,0.9,,,,,,,,,,,,,,,,,,,,27.0
11,BRO-2253-057,4.2,1.5,5.4,3.2,,6.8,3.6,,,,,0.8,,,,,,,,,,,,,,,,,,,,25.5
11,SAR-2244-098,2.8,,,3.2,,,,,,,,,,,,,,,,,,,,,,,,,,,,6.0
11,OKA-2208-062,1.0,,,0.7,,2.4,,,,,,,,,,,,,,,,,,,,,,,,,,4.2
11,DAD-2305-098,4.5,1.6,4.6,3.3,,6.2,3.6,,,,,,,,,,,,,,,,,,,,,,,,,23.9
11,VOL-1103-030,15.7,6.9,,2.6,,15.2,5.8,,,,24.4,27.1,,,,,,,,,,,,,,,,,,,,97.6
11,VOL-1518-033,3.7,1.7,9.1,3.7,,7.4,,,,,,0.8,,,,,,,,,,,,,,,,,,,,26.4
11,VOL-1520-035,3.6,,1.6,4.3,,,,,,,,,,,,,,,,,,,,,,,,,,,,9.5
11,SAN-0792-001,1.7,1.5,4.2,3.8,,,,9.5,,,,,,,,,,,,,,,,,,,,,,,,20.6
11,SAN-1113-003,3.9,,4.0,1.2,,,,,,,,,,,,,,,,,,,,,,,,,,,,9.1
11,SAN-1568-006,0.6,,,0.7,,,,,,,,,,,,,,,,,,,,,,,,,,,,1.3
11,VOL-1085-012,4.8,2.3,4.7,5.1,,7.6,5.4,5.0,,,,,,,,,,,,,,,,,,,,,,,,34.9
11,SAN-1782-013,5.3,3.5,7.6,2.4,,,6.6,4.3,,,,,,3.2,2.9,0.8,0.6,,,,,,,,,,,,,,,37.2
11,SAN-1797-018,1.0,,1.5,1.0,,,,,,,,,,,,,,,,,,,,,,,,,,,,3.5
11,SAN-1858-024,1.6,,,1.0,,,2.3,,,,,,,,,,,,,,,,,,,,,,,,,4.9
11,SAN-1965-027,1.8,,2.2,1.6,,,,,,,,,,,,,,,,,,,,,,,,,,,,5.6
11,VOL-1087-014,7.8,5.3,25.8,2.3,,11.2,10.0,20.4,,,,1.8,,,,,,,,,,,,,,,,,,,,84.7
11,SAN-1968-030,3.8,,3.5,2.7,,,,,,,,,,,,,,,,,,,,,,,,,,,,10.0
11,ESC-0785-001,1.9,1.7,2.1,1.3,,,,,,,,,,,,,,,,,,,,,,,,,,,,6.9
11,ESC-0786-002,5.3,,8.5,4.7,,,,4.5,,,,,,,,,,,,,,,,,,,,,,,,23.0
11,ESC-0790-006,2.0,,2.3,1.3,,,1.8,,,,,,,,,,,,,,,,,,,,,,,,,7.3
11,ESC-0793-008,1.7,,0.9,1.4,,,,,,,,,,,,,,,,,,,,,,,,,,,,4.1
11,ESC-1110-011,2.6,,,2.5,,4.2,,,,,,,,,,,,,,,,,,,,,,,,,,9.2
11,ESC-1114-013,7.9,1.7,7.0,10.0,,8.4,6.5,4.7,,,,,,,,,,,,,,,,,,,,,,,,46.1
11,VOL-1090-017,3.8,2.9,8.2,2.1,,,,,,,,,,,,,,,,,,,,,,,,,,,,17.0
11,ESC-1573-024,1.6,,,0.4,,,,,,,,,,,,,,,,,,,,,,,,,,,,2.1
11,ESC-1574-025,2.2,,2.0,2.1,,2.1,,,,,,,,,,,,,,,,,,,,,,,,,,8.3
11,ESC-1789-029,1.1,,2.1,0.5,,,,,,,,,,,,,,,,,,,,,,,,,,,,3.6
11,DAD-2309-102,1.4,,4.2,,,3.3,1.9,,,,,,,,,,,,,,,,,,,,,,,,,10.8
11,VOL-1082-009,0.7,,,,,,,,,,,,,,,,,,,,,,,,,,,,,,,0.7
11,ESC-1798-036,0.6,,,,,,,,,,,,,,,,,,,,,,,,,,,,,,,0.6
11,ESC-1803-039,0.6,,,,,,,,,,,,,,,,,,,,,,,,,,,,,,,0.6
11,VOL-2274-044,2.1,,1.6,,,,,,,,,,,,,,,,,,,,,,,,,,,,,3.7
11,PAL-2256-149,1.4,,,,,,,,,,,,,,,,,,,,,,,,,,,,,,,1.4
11,ORA-2207-061,1.2,,3.5,,,,,,,,,,,,,,,,,,,,,,,,,,,,,4.8
11,HOL-2205-004,0.7,,,,,,,,,,,,,,,,,,,,,,,,,,,,,,,0.7
11,VOL-2279-049,0.6,,,,,,,,,,,,,,,,,,,,,,,,,,,,,,,0.6
11,JAC-2197-004,0.5,,,,,,,,,,,,,,,,,,,,,,,,,,,,,,,0.5
11,ESC-2190-056,1.0,,,,,,,,,,,,,,,,,,,,,,,,,,,,,,,1.0
11,ESC-2192-058,1.1,,,,,,,,,,,,,,,,,,,,,,,,,,,,,,,1.1
11,ESC-2191-057,0.9,,0.8,,,,,,,,,,,,,,,,,,,,,,,,,,,,,1.7
11,WAL-2212-17,0.9,,0.9,,,,,,,,,,,,,,,,,,,,,,,,,,,,,1.8
11,VOL-1101-028,1.6,,2.3,,,,,,,,,,,,,,,,,,,,,,,,,,,,,3.9
11,WAL-2201-015,0.8,,,,,,,,,,,,,,,,,,,,,,,,,,,,,,,0.8
11,BAY-2185-033,0.8,,0.8,,,,,,,,,,,,,,,,,,,,,,,,,,,,,1.6
11,ESC-2188-054,0.9,,,,,,,,,,,,,,,,,,,,,,,,,,,,,,,0.9
11,BRO-2311-061,1.8,,1.6,,,,,,,,,0.8,,,,,,,,,,,,,,,,,,,,4.2
11,HAM-2411-009,0.9,,,,,,,,,,,,,,,,,,,,,,,,,,,,,,,0.9
11,SAN-1112-002,1.4,,,,,,,,,,,,,,,,,,,,,,,,,,,,,,,1.4
11,SAN-1569-007,3.3,,2.9,,,,,,,,,,,,,,,,,,,,,,,,,,,,,6.2
11,SAN-1787-016,1.4,,,,,,,,,,,,,,,,,,,,,,,,,,,,,,,1.4
11,SAN-2136-032,1.2,,1.8,,,,,,,,,,,,,,,,,,,,,,,,,,,,,3.0
11,VOL-1089-016,0.7,,,,,,,,,,,,,,,,,,,,,,,,,,,,,,,0.7
11,ESC-1416-017,1.2,,,,,,,,,,,,,,,,,,,,,,,,,,,,,,,1.2
11,ESC-1571-022,1.6,,,,,,,,,,,,,,,,,,,,,,,,,,,,,,,1.6
11,ESC-1791-031,0.7,,,,,,,,,,,,,,,,,,,,,,,,,,,,,,,0.7
11,VOL-1091-018,2.5,1.5,4.7,1.1,,,,,,,,,,,,,,,,,,,,,,,,,,,,9.8
11,LAK-2283-038,2.7,,,2.9,,,,,,,,,,,,,,,,,,,,,,,,,,,,5.6
11,ORA-2291-073,9.9,3.5,6.8,8.0,,11.2,11.7,,,,,1.4,,,,,,,,,,,,,,,,,,,,52.5
11,VOL-2271-041,2.0,,,1.2,,3.4,,,,,,,,,,,,,,,,,,,,,,,,,,6.6
11,OKA-2209-063,2.4,,19.5,2.0,,3.2,2.7,5.2,,,,,,,,,,,,,,,,,,,,,,,,35.0
11,WAS-2204-003,0.7,,,0.4,,,,,,,,,,,,,,,,,,,,,,,,,,,,1.1
11,SAR-2246-100,2.3,,,4.2,,,,,,,,,,,,,,,,,,,,,,,,,,,,6.5
11,VOL-1100-027,10.8,3.6,17.5,5.6,,10.7,8.7,12.4,,,,1.1,,,,,,,,,,,,,,,,,,,,70.6
11,MTE-2242-047,1.4,,,2.4,,,,,,,,,,,,,,,,,,,,,,,,,,,,3.8
11,DAD-2295-088,6.2,,13.9,15.8,,5.6,2.9,,,,,0.9,,,,,,,,,,,,,,,,,,,,45.2
11,SAN-1963-025,2.3,,3.1,3.8,,,,,,,,,,,,,,,,,,,,,,,,,,,,9.1
11,ESC-0789-005,4.4,,3.1,4.2,,4.7,3.9,,,,,,,,,,,,,,,,,,,,,,,,,20.3
11,ESC-0794-009,5.1,,1.9,4.1,,5.4,,5.2,,,,,,,,,,,,,,,,,,,,,,,,21.7
11,ESC-1115-014,8.2,2.8,10.9,5.0,,8.4,11.4,14.6,,,,0.7,,,,,,,,,,,,,,,,,,,,62.1
11,ESC-1572-023,4.6,1.4,1.8,0.3,,4.3,2.9,,,,,1.6,,,,,,,,,,,,,,,,,,,,16.9
11,BRO-2251-055,0.5,,,,,1.5,,,,,,,,,,,,,,,,,,,,,,,,,,2.0
11,ESC-1800-038,0.7,,,,,,,,,,,,,,,,,,,,,,,,,,,,,,,0.7
11,ESC-1805-041,0.7,,,,,,,,,,,,,,,,,,,,,,,,,,,,,,,0.7
11,ESC-1815-050,0.7,,,,,,,,,,,,,,,,,,,,,,,,,,,,,,,0.7
11,TAY-2421-011,0.8,,,,,,,,,,,,,,,,,,,,,,,,,,,,,,,0.8
11,ESC-1417-018,2.8,,,,,,,,,,,,,,,,,,,,,,,,,,,,,,,2.8
12,SEM-2462-025,3.3,,2.1,4.8,,,,,,,,,,,,,,1.9,,,,,,,,,,,,,,12.1
12,VOL-2502-063,3.4,,2.8,2.8,,,,,,,,,,,,,,4.9,,4.7,,,,,,,,,,,,18.5
12,POL-2535-040,10.7,1.1,6.3,7.6,,8.8,6.2,6.7,,,,0.5,,,,,,1.7,,9.2,,,,,,,,,,,,58.7
12,VOL-2503-064,4.1,,3.9,3.7,,,,,,,,,,,,,,3.8,,7.8,,,,,,,,,,,,23.3
12,VOL-2475-058,3.2,,2.2,4.3,,,,,,,,,,,,,,1.8,,,,,,,,,,,,,,11.5
12,POL-2538-043,8.3,,4.0,6.6,,9.9,,,,,,0.6,,,,,,,,,,,,,,,,,,,,29.4
12,PUT-2509-019,3.0,,,2.7,,,,,,,,,,,,,,,,,,,,,,,,,,,,5.6
12,POL-2531-036,9.8,,9.5,12.6,,,,7.9,,,,,,,,,,,,15.0,,,,,,,,,,,,54.8
12,WAK-2566-027,2.3,,2.9,1.6,,2.4,,,,,,,,,,,,,,,,,,,,,,,,,,9.1
12,BAY-2569-042,2.3,,3.1,1.5,,,,,,,,,,,,,,,,,,,,,,,,,,,,6.8
12,HIG-2555-026,3.8,,2.5,3.7,,3.9,,,,,,,,,,,,,,,,,,,,,,,,,,13.9
12,PIN-2497-138,6.1,,14.3,7.7,,,5.1,,,,,1.0,,,,,,,,,,,,,,,,,,,,34.2
12,VOL-2512-065,3.4,,,2.6,,,,,,,,,,,,,,,,,,,,,,,,,,,,5.9
12,POL-2541-046,9.0,,4.8,11.2,,,5.4,3.9,,,,,,,,,,,,5.8,,,,,,,,,,,,40.0
12,PUT-2507-017,3.6,,2.2,3.6,,,,,,,,,,,,,,,,,,,,,,,,,,,,9.4
12,BAY-2423-036,2.7,,2.7,1.8,,3.1,,,,,,,,,,,,,,,,,,,,,,,,,,10.3
12,POL-2552-057,6.7,2.5,8.1,6.2,,9.6,5.5,,,,,1.1,,,,,,,,6.0,,,,,,,,,,,,45.8
12,POL-2550-055,1.9,,,1.9,,,,,,,,,,,,,,,,,,,,,,,,,,,,3.9
12,IDR-2492-030,2.9,,6.2,1.7,,,,,,,,1.3,,,,,,,,,,,,,,,,,,,,12.1
12,IDR-2491-029,3.7,,3.0,4.3,,,,,,,,,,,,,,,,,,,,,,,,,,,,11.1
12,FLG-2486-024,2.3,,,3.4,,,,,,,,,,,,,,,,,,,,,,,,,,,,5.7
12,HIL-2441-093,3.3,,2.5,3.7,,,,,,,,,,,,,,,,,,,,,,,,,,,,9.5
12,POL-2547-052,3.3,,1.8,4.0,,,,,,,,,,,,,,,,,,,,,,,,,,,,9.1
12,POL-2539-044,9.4,,4.4,13.4,,,,5.1,,,,0.5,,,,,,,,8.5,,,,,,,,,,,,41.2
12,POL-2530-035,3.9,,,4.0,,3.9,,,,,,,,,,,,,,,,,,,,,,,,,,11.9
12,POL-2549-054,4.5,,2.2,3.2,,,2.2,,,,,,,,,,,,,,,,,,,,,,,,,12.2
12,PUT-2510-020,2.6,,1.6,2.3,,,,,,,,,,,,,,,,,,,,,,,,,,,,6.5
12,POL-2529-034,3.3,,1.8,4.9,,,,,,,,,,,,,,,,,,,,,,,,,,,,9.9
12,POL-2528-033,7.4,,2.8,5.5,,7.4,6.1,5.2,,,,,,,,,,,,4.9,,,,,,,,,,,,39.3
12,WAK-2564-025,2.4,,3.5,2.7,,,,,,,,,,,,,,,,5.6,,,,,,,,,,,,14.2
12,HIG-2517-021,6.2,,4.3,6.3,,,,,,,,,,,,,,,,4.5,,,,,,,,,,,,21.4
12,IDR-2324-025,2.3,,,4.1,,,,,,,,,,,,,,,,,,,,,,,,,,,,6.4
12,GAD-2385-006,3.1,,2.0,1.9,,,2.1,,,,,0.4,,,,,,,,,,,,,,,,,,,,9.6
12,PIN-2500-141,3.3,1.2,5.6,2.7,,3.6,,,,,,,,,,,,,,,,,,,,,,,,,,16.4
12,POL-2607-059,3.4,,,3.7,,,,,,,,,,,,,,,,,,,,,,,,,,,,7.1
12,PAS-2602-033,2.4,,,2.6,,,,,,,,,,,,,,,,,,,,,,,,,,,,5.0
12,HIL-2591-103,3.5,,5.1,3.0,,4.7,,,,,,0.5,,,,,,,,,,,,,,,,,,,,16.9
12,ESC-1786-028,16.4,,8.3,2.0,,4.9,,5.3,,5.5,,,,,,,,,,8.4,,,,,,,,,,,,50.8
12,HIG-2322-016,5.6,,4.4,4.4,,8.1,3.7,,,,,,,,,,,,,,,,,,,,,,,,,26.3
12,HIL-2490-101,6.2,,4.4,6.5,,,,,,,,,,,,,,,,,,,,,,,,,,,,17.1
12,POL-2540-045,2.4,,1.7,2.1,,,,,,,,,,,,,,,,,,,,,,,,,,,,6.3
12,POL-2542-047,8.1,,4.2,8.0,,,,,,,,,,,,,,,,,,,,,,,,,,,,20.3
12,BRE-2430-084,2.9,,,5.8,,,,,,,,,,,,,,,,,,,,,,,,,,,,8.7
12,POL-2534-039,5.3,,4.6,4.9,,4.1,4.0,,,,,,,,,,,,,4.3,,,,,,,,,,,,27.2
12,POL-2548-053,3.9,,2.5,2.7,,,1.8,,,,,,,,,,,,,,,,,,,,,,,,,11.0
12,DES-2485-008,3.1,,2.2,3.9,,,,,,,,,,,,,,,,,,,,,,,,,,,,9.2
12,STL-2624-026,7.9,,3.2,9.7,,5.7,,,,,,,,,,,,,,,,,,,,,,,,,,26.5
12,PIN-2494-135,5.5,,3.8,4.5,,,,,,,,,,,,,,,,,,,,,,,,,,,,13.8
12,WAK-2480-023,1.8,,2.1,1.2,,2.5,,,,,,,,,,,,,,,,,,,,,,,,,,7.7
12,POL-2334-029,2.2,,,2.6,,,,,,,,,,,,,,,,,,,,,,,,,,,,4.8
12,PAS-2332-030,3.4,,2.5,4.2,,,,,,,,,,,,,,,,,,,,,,,,,,,,10.1
12,VOL-2471-054,3.7,,2.4,4.5,,,,,,,,,,,,,,,,,,,,,,,,,,,,10.7
12,VOL-2338-051,2.2,,,4.0,,,,,,,,,,,,,,,,,,,,,,,,,,,,6.2
12,LAK-2328-046,6.6,,3.5,4.5,,11.1,3.9,,,,,,,,,,,,,,,,,,,,,,,,,29.5
12,VOL-2474-057,8.1,1.3,7.2,9.4,,9.4,5.2,,,,,,,,,,,,,5.2,,,,,,,,,,,,45.7
12,ORA-2456-079,10.3,2.3,11.4,10.1,,12.9,6.5,4.8,,,,,,,,,,,,6.9,,,,,,,,,,,,65.2
12,PIN-2603-142,20.7,25.0,85.2,21.6,6.0,61.3,33.7,77.0,,8.5,3.2,,,,,,,,13.1,126.3,11.6,6.3,,,,,,,,,,499.6
12,HIG-2589-027,3.9,,2.3,3.2,,3.9,3.0,,,,,,,,,,,,,,,,,,,,,,,,,16.2
12,BAY-2521-040,4.4,,,1.9,,,,,,,,,,,,,,,,,,,,,,,,,,,,6.3
12,POL-2543-048,2.2,,,2.8,,,,,,,,,,,,,,,,,,,,,,,,,,,,5.0
12,STJ-2617-074,3.9,,9.5,2.6,,,,,,,,,,,,,,,,,,,,,,,,,,,,16.0
12,PIN-2605-144,7.7,3.9,8.9,6.6,,,,,,,,,,,,,,,,7.7,,,,,,,,,,,,34.9
12,PAL-2629-150,2.2,,,,,,,,,,,,,,,,,,,,,,,,,,,,,,,2.2
12,UNI-2619-010,1.7,,,,,,,,,,,,,,,,,,,,,,,,,,,,,,,1.7
12,BRE-2483-094,3.0,,,,,,,,,,,0.9,,,,,,,,,,,,,,,,,,,,3.9
12,POL-2533-038,1.6,,,,,,,,,,,,,,,,,,,,,,,,,,,,,,,1.6
12,GAD-2386-007,1.3,,,,,,,,,,,,,,,,,,,,,,,,,,,,,,,1.3
12,WAK-2567-028,2.0,,,,,,,,,,,,,,,,,,,,,,,,,,,,,,,2.0
12,OSC-2560-031,2.4,,,,,,,,,,,,,,,,,,,,,,,,,,,,,,,2.4
12,PAS-2601-032,1.3,,,,,,,,,,,,,,,,,,,,,,,,,,,,,,,1.3
12,GUL-2391-015,2.1,,,,,,,,,,,,,,,,,,,,,,,,,,,,,,,2.1
12,JAC-2398-012,1.3,,,,,,,,,,,,,,,,,,,,,,,,,,,,,,,1.3
12,ORA-2455-078,2.2,,,,,,,,,,,,,,,,,,,,,,,,,,,,,,,2.2
12,ESC-2439-059,1.5,,,,,,,,,,,,,,,,,,,,,,,,,,,,,,,1.5
12,CAH-2317-002,1.1,,,,,,,,,,,,,,,,,,,,,,,,,,,,,,,1.1
12,GUL-2319-010,1.8,,,,,,,,,,,,,,,,,,,,,,,,,,,,,,,1.8
12,WAS-2341-007,1.4,,,,,,,,,,,,,,,,,,,,,,,,,,,,,,,1.4
12,HIL-2444-096,2.2,,1.8,,,,,,,,,,,,,,,,,,,,,,,,,,,,,4.0
12,HAM-2410-008,1.6,,,,,,,,,,,,,,,,,,,,,,,,,,,,,,,1.6
12,BAY-2572-045,1.4,,,,,,,,,,,,,,,,,,,,,,,,,,,,,,,1.4
12,LAK-2595-048,1.6,,,,,,,,,,,,,,,,,,,,,,,,,,,,,,,1.6
12,BAY-2520-039,3.7,,3.1,,,,,,,,,,,,,,,,,,,,,,,,,,,,,6.8
12,HIG-2523-023,1.8,,,1.9,,,,,,,,,,,,,,1.5,,,,,,,,,,,,,,5.2
12,FLG-2487-025,3.2,,3.0,2.7,,4.9,,,,,,,,,,,,2.8,,,,,,,,,,,,,,16.7
12,FLG-2489-027,3.2,,2.7,3.2,,,,,,,,,,,,,,3.4,,4.4,,,,,,,,,,,,16.9
12,BRE-2432-086,3.1,,,4.7,,,,,,,,,,,,,,3.1,,,,,,,,,,,,,,10.9
12,HIL-2448-100,7.8,6.6,53.1,9.4,5.4,24.9,14.9,44.7,,4.3,,1.4,,,,,,4.0,11.1,59.9,,2.0,0.6,,,,,,,,,250.2
12,BRO-2315-065,5.9,,8.4,6.5,,9.6,6.0,,,,,1.2,,,,,,,,5.4,,,,,,,,,,,,43.0
12,BRE-2625-100,3.2,,4.2,2.3,,,,4.3,,,,,,,,,,,,6.4,,,,,,,,,,,,20.3
12,JAC-2397-011,3.5,,2.1,1.5,,,,,,,,0.6,,,,,,,,,,,,,,,,,,,,7.7
12,POL-2545-050,3.5,,2.1,3.6,,,,,,,,,,,,,,,,,,,,,,,,,,,,9.2
12,STJ-2616-073,2.2,,1.9,2.0,,,,,,,,,,,,,,,,,,,,,,,,,,,,6.2
12,BAY-2570-043,1.7,,3.4,1.4,,,,,,,,,,,,,,,,,,,,,,,,,,,,6.5
12,POL-2544-049,9.0,,3.6,8.5,,9.1,,,,,,,,,,,,,,6.0,,,,,,,,,,,,36.1
12,GUL-2622-031,1.9,,2.7,1.4,,,,,,,,,,,,,,,,,,,,,,,,,,,,6.0
12,PIN-2604-143,4.0,1.8,16.6,3.2,,,4.4,,,,2.9,2.6,,,,,,,,4.7,,1.6,,,,,,,,,,41.9
12,ALC-2522-100,32.4,6.5,29.0,20.6,,43.6,20.3,7.3,,,4.7,5.1,,,,,,,,11.1,,,,,,,,,,,,180.8
12,HIG-2513-017,9.4,,3.9,8.0,,9.7,3.7,,,,,,,,,,,,,4.5,,,,,,,,,,,,39.2
12,PIN-2495-136,18.8,,5.5,9.4,,15.9,,,,,,,,,,,,,,7.0,,,,,,,,,,,,56.6
12,HIG-2516-020,7.2,,11.0,5.3,,8.8,6.7,8.1,,,,,,,,,,,,10.4,,,,,,,,,,,,57.4
12,WAK-2565-026,1.4,,,1.7,,,,,,,,,,,,,,,,,,,,,,,,,,,,3.1
12,BAY-2519-038,3.8,,,1.8,,,,,,,,,,,,,,,,,,,,,,,,,,,,5.6
12,PUT-2506-016,2.9,,2.1,3.3,,,,,,,,,,,,,,,,,,,,,,,,,,,,8.3
12,HIL-2440-092,,,,1.1,,,,,,,,,,,,,,,,,,,,,,,,,,,,1.1
12,LAK-2504-047,4.0,,,4.7,,,,,,,,,,,,,,,,,,,,,,,,,,,,8.7
12,PIN-2493-134,5.2,,18.7,4.4,,10.3,4.5,,,,,,,,,,,,,5.6,,,,,,,,,,,,48.9
12,POL-2526-031,3.9,,,2.8,,,,,,,,,,,,,,,,,,,,,,,,,,,,6.7
12,POL-2551-056,2.4,,,4.4,,,,,,,,,,,,,,,,,,,,,,,,,,,,6.9
12,HIL-2442-094,4.0,,2.9,4.0,,,,,,,,,,,,,,,,,,,,,,,,,,,,10.9
12,OSC-2600-032,3.3,,,3.2,,,,,,,,,,,,,,,,,,,,,,,,,,,,6.6
12,HIG-2515-019,9.0,,8.0,11.3,,8.5,5.0,9.3,,,,,,,,,,,,8.8,,,,,,,,,,,,60.0
12,HIL-2443-095,7.0,,3.9,3.9,,,,,,,,0.8,,,,,,,,,,,,,,,,,,,,15.5
12,WAK-2406-020,,,,1.6,,,,,,,,,,,,,,,,,,,,,,,,,,,,1.6
12,LEO-2401-020,1.4,,,0.8,,3.1,,,,,,,,,,,,,,,,,,,,,,,,,,5.3
12,PIN-2496-137,5.4,,5.2,4.3,,,3.1,,,,,,,,,,,,,,,,,,,,,,,,,17.9
12,GUL-2393-017,2.5,,,1.0,,,,,,,,,,,,,,,,,,,,,,,,,,,,3.5
12,PUT-2511-021,2.6,,,2.1,,,,,,,,,,,,,,,,,,,,,,,,,,,,4.7
12,MTE-2329-049,1.9,,,2.4,,,,,,,,,,,,,,,,,,,,,,,,,,,,4.3
12,PAS-2621-034,1.9,,,2.5,,,,,,,,,,,,,,,,,,,,,,,,,,,,4.4
12,HIG-2524-024,2.9,,1.5,2.3,,,,,,,,,,,,,,,,,,,,,,,,,,,,6.7
12,OSC-2525-030,3.7,,,4.0,,,,,,,,,,,,,,,,,,,,,,,,,,,,7.7
12,HIG-2514-018,7.0,,5.2,5.6,1.1,,2.6,,,,,,,,,,,,,,,,,,,,,,,,,21.5
12,POL-2537-042,9.8,,4.3,7.4,,7.2,5.0,4.2,,,,,,,,,,,,4.5,,,,,,,,,,,,42.4
12,HIG-2320-014,2.5,,,2.3,,5.0,,,,,,,,,,,,,,,,,,,,,,,,,,9.7
12,HIG-2321-015,7.3,,4.4,6.8,,8.1,4.4,,,,,,,,,,,,,,,,,,,,,,,,,31.0
12,WAK-2481-024,1.6,,2.6,1.1,,,,,,,,,,,,,,,,,,,,,,,,,,,,5.3
12,SAN-2459-044,2.1,,2.6,1.3,,,,,,,,,,,,,,,,,,,,,,,,,,,,5.9
12,ORA-2330-077,3.1,,,3.4,,,3.2,,,,,,,,,,,,,,,,,,,,,,,,,9.6
12,POL-2333-028,4.4,,,7.4,,,,,,,,,,,,,,,,,,,,,,,,,,,,11.8
12,VOL-2472-055,3.5,,2.0,3.8,,,,,,,,,,,,,,,,4.6,,,,,,,,,,,,13.9
12,VOL-2473-056,3.6,,3.1,13.7,,,,,,,,,,,,,,,,,,,,,,,,,,,,20.3
12,SEM-2463-026,5.2,,3.6,5.6,,8.8,5.2,,,,,,,,,,,,,4.6,,,,,,,,,,,,33.0
12,SEM-2464-027,7.7,,4.1,10.0,,5.8,5.1,,,,,,,,,,,,,,,,,,,,,,,,,32.7
12,VOL-2476-059,3.3,,2.3,3.4,,,,,,,,,,,,,,,,,,,,,,,,,,,,9.0
12,ORA-2459-080,9.9,,8.4,8.7,,9.6,5.1,,,,,1.3,,,,,,,,7.2,,,,,,,,,,,,50.2
12,HIL-2446-098,3.1,,2.1,3.5,,,,,,,,,,,,,,,,,,,,,,,,,,,,8.8
12,HIL-2445-097,2.4,,2.2,3.5,,,,,,,,,,,,,,,,,,,,,,,,,,,,8.1
12,POL-2546-051,3.3,,,3.4,,,,,,,,,,,,,,,,,,,,,,,,,,,,6.7
12,ALC-2623-101,23.6,20.0,62.4,6.7,3.0,39.0,25.5,55.1,,14.3,,,,,,,,,,63.3,,1.3,,,,,,,,,,314.1
12,STJ-2615-072,2.9,,3.1,3.5,,,,,,,,,,,,,,,,,,,,,,,,,,,,9.5
12,POL-2532-037,10.0,,11.9,11.2,,11.4,6.8,,,,,0.9,,,,,,,,9.6,,,,,,,,,,,,61.8
12,BAY-2568-041,1.9,,,1.2,,,,,,,,,,,,,,,,,,,,,,,,,,,,3.1
12,UNI-2618-009,2.0,,,1.0,,,,,,,,,,,,,,,,,,,,,,,,,,,,3.0
12,HIL-2590-102,4.9,,13.2,3.6,,,,5.1,,,,0.9,,,,,,,,7.3,,,,,,,,,,,,35.1
12,LAF-2413-005,1.5,,,,,,,,,,,,,,,,,,,,,,,,,,,,,,,1.5
12,CAH-2382-004,1.3,,,,,,,,,,,,,,,,,,,,,,,,,,,,,,,1.3
12,WAK-2408-022,1.2,,,,,,,,,,,,,,,,,,,,,,,,,,,,,,,1.2
12,LEO-2559-024,1.6,,,,,,,,,,,,,,,,,,,,,,,,,,,,,,,1.6
12,FLG-2488-026,1.1,,,,,,,,,,,,,,,,,,,,,,,,,,,,,,,1.1
12,JAC-2396-010,1.4,,,,,,,,,,,,,,,,,,,,,,,,,,,,,,,1.4
12,BRE-2484-095,1.8,,,,,,,,,,,,,,,,,,,,,,,,,,,,,,,1.8
12,SUW-2563-012,1.7,,1.4,,,,,,,,,,,,,,,,,,,,,,,,,,,,,3.1
12,PIN-2499-140,1.7,,,,,,,,,,,,,,,,,,,,,,,,,,,,,,,1.7
12,VOL-2339-052,2.9,,,,,,,,,,,,,,,,,,,,,,,,,,,,,,,2.9
12,JAC-2325-007,1.4,,,,,,,,,,,,,,,,,,,,,,,,,,,,,,,1.4
12,VOL-2470-053,1.5,,1.5,,,,,,,,,,,,,,,,,,,,,,,,,,,,,3.0
12,SAN-2460-045,3.9,,3.3,,,,,,,,,,,,,,,,,,,,,,,,,,,,,7.2
12,WAL-2340-021,1.6,,,,,,,,,,,,,,,,,,,,,,,,,,,,,,,1.6
12,DIX-2409-018,1.4,,,,,,,,,,,,,,,,,,,,,,,,,,,,,,,1.4
12,TAY-2420-010,1.0,,,,,,,,,,,,,,,,,,,,,,,,,,,,,,,1.0
12,SUW-2563-012,1.6,,,,,,,,,,,,,,,,,,,,,,,,,,,,,,,1.6
12,ORA-2599-082,1.5,,,,,,,,,,,,,,,,,,,,,,,,,,,,,,,1.5
13,SAN-2610-048,44.7,1.6,32.9,3.3,4.8,17.4,7.4,46.0,,18.3,,,,,,,,1.6,,41.1,,,,,,,,,,,,219.2
13,POL-2608-060,14.6,,7.6,9.2,,11.5,10.1,9.7,,,,,,,,,,1.9,,8.5,1.6,,,,,,,,,,,74.7
13,VOL-2478-061,4.0,,4.9,4.1,,4.1,4.8,,,,,,,,,,,,,4.6,,,,,,,,,,,,26.5
13,DAD-2354-114,1.9,2.2,22.9,1.5,,,,,,,,0.8,,,,,,,,,,,,,,,,,,,,29.4
13,LIB-2404-002,4.1,,2.0,2.1,,,2.5,,,,,,,,,,,,,,,,,,,,,,,,,10.6
13,HIL-2365-077,3.4,,2.6,5.1,,,5.6,,,,,,,,,,,,,,,,,,,,,,,,,16.7
13,HIL-2376-088,4.2,1.9,3.7,5.2,,6.5,3.4,,,,,1.3,,,,,,,,,,,,,,,,,,,,26.2
13,GUL-2389-013,2.6,,,1.2,,,,,,,,,,,,,,,,,,,,,,,,,,,,3.7
13,BRE-2437-091,6.8,4.0,45.6,3.8,,5.8,4.9,13.5,,,3.9,4.3,,,,,,,,13.0,,1.5,,,,,,,,,,107.1
13,DUV-2259-058,4.5,1.9,4.7,5.2,,6.5,4.3,6.7,,,,,,,,,,,,7.6,,,,,,,,,,,,41.3
13,DAD-2355-115,2.4,,2.5,0.7,,1.5,2.2,,,,,1.2,,,,,,,,,,,,,,,,,,,,10.5
13,DUV-2257-056,2.6,,2.3,2.3,,,,,,,,,,,,,,,,,,,,,,,,,,,,7.2
13,HIL-2377-089,9.6,,3.1,5.0,,9.3,7.6,,,,,,,,,,,,,,,,,,,,,,,,,34.5
13,HIL-2366-078,1.6,,1.4,2.4,,,,,,,,,,,,,,,,,,,,,,,,,,,,5.4
13,HIL-2368-080,1.6,,1.8,1.6,,,,,,,,,,,,,,,,,,,,,,,,,,,,5.0
13,DAD-2299-092,5.5,1.9,7.6,3.7,,15.1,12.1,,,,,,,,,,,,,,,,,,,,,,,,,45.9
13,HIL-2370-082,3.3,,,3.5,,4.5,1.6,,,,,,,,,,,,,,,,,,,,,,,,,12.9
13,LEO-2402-021,1.9,,1.9,3.9,,,,,,,,,,,,,,,,,,,,,,,,,,,,7.7
13,HIL-2367-079,1.8,,1.7,2.3,,,,,,,,,,,,,,,,,,,,,,,,,,,,5.8
13,BRO-2358-068,4.1,,4.5,3.4,,,5.3,,,,,,,,,,,,,,,,,,,,,,,,,17.3
13,DAD-2344-104,10.5,2.7,18.3,15.4,,11.5,7.7,7.2,,,,1.4,,,,,,,,7.7,,,,,,,,,,,,82.3
13,BRE-2482-093,2.1,1.9,8.0,1.9,,,,,,,,1.3,,,,,,,,,,,,,,,,,,,,15.2
13,PAS-2380-031,4.8,,,2.7,,,4.2,,,,,,,,,,,,,,,,,,,,,,,,,11.7
13,DAD-2296-089,6.7,,10.1,14.9,,5.1,5.0,5.8,,,,,,,,,,,,4.4,,,,,,,,,,,,52.1
13,DUV-2263-062,6.6,,7.7,6.2,,,3.8,,,,,,,,,,,,,6.3,,,,,,,,,,,,30.5
13,HIL-2374-086,3.2,,2.3,4.2,,,4.2,,,,,,,,,,,,,,,,,,,,,,,,,14.0
13,DAD-2356-116,2.1,,4.1,2.1,,4.2,3.7,,,,,,,,,,,,,,,,,,,,,,,,,16.1
13,BRE-2433-087,7.0,3.9,19.1,3.6,,6.2,5.8,10.7,,,,1.4,,,,,,,,7.5,,,,,,,,,,,,65.2
13,PIN-2498-139,2.1,,,1.4,,,,,,,,,,,,,,,,,,,,,,,,,,,,3.5
13,DAD-2345-105,7.6,2.5,8.7,5.6,,15.3,6.3,7.3,,,,1.3,,,,,,,,6.2,,,,,,,,,,,,60.7
13,DUV-2266-065,4.1,,5.5,3.6,,,,8.7,,,,,,,,,,,,7.3,,,,,,,,,,,,29.1
13,DUV-2264-063,2.0,,,3.2,,,,,,,,,,,,,,,,,,,,,,,,,,,,5.2
13,DUV-2269-067,9.3,2.4,12.4,9.4,,12.6,7.8,19.2,,,,,,,,,,,,19.1,,,,,,,,,,,,92.3
13,HIL-2378-090,6.3,,4.1,7.3,,,,,,,,,,,,,,,,,,,,,,,,,,,,17.7
13,CAH-2381-003,3.6,,1.9,2.7,,,2.7,,,,,,,,,,,,,,,,,,,,,,,,,10.8
13,CAH-2384-006,4.4,,2.2,2.5,,3.0,3.0,,,,,,,,,,,,,,,,,,,,,,,,,15.0
13,HIL-2364-076,3.8,,2.9,4.1,,,,,,,,,,,,,,,,,,,,,,,,,,,,10.8
13,DUV-2260-059,4.0,,3.9,3.9,,,,7.4,,,,,,,,,,,,6.2,,,,,,,,,,,,25.5
13,IDR-2449-026,1.9,,,1.4,,,,,,,,,,,,,,,,,,,,,,,,,,,,3.4
13,HIL-2369-081,4.6,,4.2,4.0,,,,,,,,,,,,,,,,,,,,,,,,,,,,12.8
13,STL-2468-022,8.1,,6.2,10.6,,8.0,4.7,,,,,0.8,,,,,,,,5.1,,,,,,,,,,,,43.6
13,STL-2469-023,11.8,2.6,4.2,12.8,,7.4,8.0,,,,,,,,,,,,,,,,,,,,,,,,,46.8
13,IDR-2451-028,1.7,,,1.4,,,,,,,,,,,,,,,,,,,,,,,,,,,,3.1
13,BRO-2314-064,5.7,3.4,40.8,5.8,,5.4,4.3,,,,7.8,7.2,,,,,,,,,,1.9,,,,,,,,,,82.5
13,MRT-2454-055,1.9,,,2.2,,,,,,,,,,,,,,,,,,,,,,,,,,,,4.1
13,STL-2465-019,2.3,,8.3,2.4,,,,,,,,,,,,,,,,,,,,,,,,,,,,13.0
13,BRE-2431-085,9.6,,9.9,7.6,,7.3,7.3,10.2,,,,,,,,,,,,9.8,,,,,,,,,,,,61.9
13,DAD-2298-091,1.5,,1.3,2.0,,2.0,,,,,,,,,,,,,,,,,,,,,,,,,,6.7
13,BRA-2229-005,2.2,1.5,,1.8,,,2.4,,,,,,,,,,,,,,,,,,,,,,,,,7.9
13,BRO-2316-066,6.1,2.6,16.5,3.9,,6.3,5.0,,,,,2.2,,,,,,,,4.7,,,,,,,,,,,,47.4
13,DAD-2306-099,10.0,2.6,14.8,8.5,,15.6,11.8,7.5,,,,1.1,,,,,,,,7.3,,,,,,,,,,,,79.2
13,CLA-2230-020,3.0,1.6,,2.8,,3.5,3.2,,,,,,,,,,,,,,,,,,,,,,,,,14.3
13,DAD-2353-113,2.3,,3.2,2.2,,4.4,3.9,,,,,,,,,,,,,,,,,,,,,,,,,16.1
13,DAD-2352-112,5.2,3.5,5.9,3.9,,14.8,12.1,,,,,,,,,,,,,,,,,,,,,,,,,45.2
13,DAD-2302-095,5.0,,16.9,3.9,,6.7,,,,,3.3,3.2,,,,,,,,,,,,,,,,,,,,38.9
13,DAD-2348-108,6.5,,10.9,6.4,,10.2,6.4,7.9,,,,,,,,,,,,4.8,,,,,,,,,,,,53.0
13,HIL-2447-099,4.1,,4.0,4.8,,,4.8,,,,,,,,,,,,,,,,,,,,,,,,,17.7
13,DAD-2347-107,10.3,2.6,12.8,11.1,,20.3,12.7,6.4,,,,1.2,,,,,,,,6.9,,,,,,,,,,,,84.2
13,STL-2466-020,1.1,,,1.7,,,,,,,,,,,,,,,,,,,,,,,,,,,,2.8
13,BRE-2434-088,3.7,1.9,6.6,3.3,,4.2,3.1,7.2,,,,,,,,,,,,7.3,,,,,,,,,,,,37.4
13,DAD-2351-111,2.5,1.3,3.7,1.9,,3.4,1.9,,,,,,,,,,,,,,,,,,,,,,,,,14.7
13,DAD-2343-103,4.3,1.7,3.9,3.8,,7.4,6.6,,,,,0.9,,,,,,,,,,,,,,,,,,,,28.6
13,BRE-2429-083,37.9,3.1,6.4,44.3,,102.7,11.8,11.9,,,3.8,3.8,,,,,,,,12.8,,,,,,,,,,,,238.5
13,ORA-2598-081,10.5,2.8,8.4,7.2,,11.4,6.2,,,,,0.9,,,,,,,,6.3,,,,,,,,,,,,53.7
13,PUT-2508-018,2.9,,1.6,3.2,,,,,,,,,,,,,,,,,,,,,,,,,,,,7.7
13,POL-2536-041,11.5,,8.5,10.7,,10.4,6.3,9.0,,,,1.0,,,,,,,,9.6,1.2,,,,,,,,,,,68.2
13,HIG-2518-022,7.0,,7.2,6.5,,6.1,4.4,,,,,,,,,,,,,5.0,,,,,,,,,,,,36.1
13,POL-2527-032,4.3,1.8,1.7,3.0,,,3.1,,,,,,,,,,,,,,,,,,,,,,,,,13.9
13,ORA-2626-084,12.5,3.8,9.9,10.0,3.8,10.6,7.2,7.0,,,,2.6,,,,,,,,6.6,3.3,1.6,,,,,,,,,,78.8
13,VOL-2477-060,3.2,,3.3,2.5,,,,,,,,,,,,,,,,5.6,,,,,,,,,,,,14.6
13,LEO-2634-026,2.8,,3.6,3.6,,,,,,,,1.8,,,,,,,,,,,,,,,,,,,,11.7
13,BRE-2574-097,2.5,,3.1,2.6,,,,,,,,,,,,,,,,4.9,,,,,,,,,,,,13.2
13,IDR-2593-032,2.5,,,4.3,,,,,,,,,,,,,,,,,,,,,,,,,,,,6.8
13,LIB-2596-003,1.0,,,1.1,,,,,,,,,,,,,,,,,,,,,,,,,,,,2.1
13,LEO-2633-025,1.1,,,2.1,,,,,,,,,,,,,,,,,,,,,,,,,,,,3.2
13,BRE-2435-089,4.7,,8.5,4.9,,5.9,5.1,,,,,,,,,,,,,10.0,,,,,,,,,,,,39.0
13,BRO-2359-069,4.4,2.0,5.4,2.8,,9.8,7.1,5.3,,,,1.0,,,,,,,,,,,,,,,,,,,,37.9
13,HIL-2373-085,3.7,,2.9,3.9,,,,,,,,,,,,,,,,,,,,,,,,,,,,10.5
13,SAR-2613-106,7.9,,4.9,6.2,,9.4,4.9,,,,,,,,,,,,,,,,,,,,,,,,,33.2
13,STL-2614-024,7.4,,5.7,6.9,,,,,,,,,,,,,,,,,,,,,,,,,,,,20.0
13,BRE-2436-090,4.9,,17.6,4.8,,7.1,6.5,18.5,,,,,,,,,,,,10.5,,,,,,,,,,,,69.9
13,SAR-2611-104,13.0,3.9,10.8,8.3,,12.3,6.7,6.3,,,,1.2,,,,,,,,6.8,,,,,,,,,,,,69.3
13,SAR-2612-105,7.9,,6.4,6.0,,12.5,,7.1,,,,1.2,,,,,,,,5.4,,,,,,,,,,,,46.6
13,DUV-2258-057,4.2,,17.2,3.5,,8.1,,11.3,,,2.9,2.9,,,,,,,,5.3,,,,,,,,,,,,55.3
13,HIL-2372-084,5.1,,3.8,7.6,,9.7,6.4,,,,,,,,,,,,,,,,,,,,,,,,,32.5
13,DAD-2346-106,7.7,2.6,13.7,7.0,,15.9,6.5,6.7,,,,1.3,,,,,,,,7.9,,,,,,,,,,,,69.5
13,BRO-2357-067,5.5,,9.0,3.6,,6.7,7.0,,,,,0.9,,,,,,,,,,,,,,,,,,,,32.8
13,HIL-2371-083,6.9,,4.9,6.2,,6.6,4.9,,,,,,,,,,,,,4.6,,,,,,,,,,,,34.0
13,VOL-2479-062,2.5,1.6,3.7,3.0,,2.7,2.7,5.5,,,,,,,,,,,,3.9,,,,,,,,,,,,25.6
13,DAD-2352-112,4.4,2.5,4.8,2.5,,16.6,9.0,,,,,0.8,,,,,,,,,,,,,,,,,,,,40.7
13,BRE-2573-096,5.7,,3.4,2.0,,8.0,,,,,,,,,,,,,,,,,,,,,,,,,,19.0
13,HIL-2363-075,3.4,,2.2,3.6,,,,,,,,,,,,,,,,,,,,,,,,,,,,9.2
13,HIL-2379-091,3.9,,3.7,5.4,,,,,,,,0.9,,,,,,,,,,,,,,,,,,,,13.9
13,DAD-2303-096,11.5,3.0,18.7,9.9,,16.7,6.5,7.2,,,2.9,3.0,,,,,,,,7.0,,,,,,,,,,,,86.4
13,GUL-2388-012,3.8,,2.2,2.2,,4.7,3.1,,,,,,,,,,,,,,,,,,,,,,,,,16.0
13,BAY-2571-044,1.8,,2.4,1.0,,,,,,,,,,,,,,,,,,,,,,,,,,,,5.2
13,DUV-2262-061,5.5,,2.1,,,,5.1,,,,,,,,,,,,,5.2,,,,,,,,,,,,17.9
13,BRE-2438-092,3.3,,,,,,,6.5,,,,,,,,,,,,6.4,,,,,,,,,,,,16.1
13,DUV-2265-064,2.2,,2.4,,,,,,,,,,,,,,,,,4.6,,,,,,,,,,,,9.2
13,LEO-2463-022,1.7,,,,,,,,,,,1.0,,,,,,,,,,1.5,,,,,,,,,,4.1
13,DUV-2269-068,1.3,,,,,,,,,,,,,,,,,,,,,,,,,,,,,,,1.3
13,GUL-2582-024,7.6,4.3,4.7,,,,,,,,,,,,,,,,,,,,,,,,,,,,,16.6
13,GUL-2578-020,1.2,,,,,,,,,,,,,,,,,,,,,,,,,,,,,,,1.2
13,DUV-2267-066,1.6,,2.0,,,,,,,,,,,,,,,,,,,,,,,,,,,,,3.6
13,HER-2361-010,1.2,,,,,,,,,,,,,,,,,,,,,,,,,,,,,,,1.2
13,GUL-2588-030,1.6,,,,,,,,,,,,,,,,,,,,,,,,,,,,,,,1.6
13,IDR-2592-031,1.1,,,,,,,,,,,,,,,,,,,,,,,,,,,,,,,1.1
13,GUL-2387-011,1.0,,,,,,,,,,,,,,,,,,,,,,,,,,,,,,,1.0
13,JAC-2394-008,1.9,,,,,,,,,,,,,,,,,,,,,,,,,,,,,,,1.9
13,NAS-2270-045,1.5,,,,,,,,,,,,,,,,,,,,,,,,,,,,,,,1.5
13,GUL-2580-022,1.8,,,,,,,,,,,,,,,,,,,,,,,,,,,,,,,1.8
13,JEF-2452-005,1.0,,,,,,,,,,,,,,,,,,,,,,,,,,,,,,,1.0
13,JEF-2453-006,1.3,,,,,,,,,,,,,,,,,,,,,,,,,,,,,,,1.3
13,CLA-2231-021,1.1,,,,,,,,,,,,,,,,,,,,,,,,,,,,,,,1.1
13,STL-2467-021,1.6,,,,,,,,,,,,,,,,,,,,,,,,,,,,,,,1.6
13,GUL-2583-025,0.9,,,,,,,,,,,,,,,,,,,,,,,,,,,,,,,0.9
13,HER-2360-009,1.4,,,,,,,,,,,,,,,,,,,,,,,,,,,,,,,1.4
13,GUL-2576-018,1.3,,,,,,,,,,,,,,,,,,,,,,,,,,,,,,,1.3
13,HER-2362-011,2.1,,,,,,,,,,,,,,,,,,,,,,,,,,,,,,,2.1
1,NAS-0206-005,4.5,1.0,5.4,,,,3.2,,,,,1.7,,,,,,,,,,,,39.5,,,,,,,,55.2
1,NAS-0198-001,2.8,0.7,4.8,6.3,,4.3,3.2,,,,,,,,,,,3.0,,12.6,,,,,,,,,,,,37.6
1,LEE-0066-025,2.2,,,4.6,,2.3,,,,,,,,,,,,,,,,,,,,,,,,,,9.1
1,LEE-1873-036,6.7,1.4,10.8,10.1,,6.1,5.5,,,,,2.0,,,,,,,,,,,,,,,,,,,,42.5
1,BRA-0811-001,3.3,1.0,,5.2,,3.1,3.4,,,,,,,,,,,,,,,,,,,,,,,,,16.0
1,BRA-1622-003,3.7,0.9,4.2,6.5,,4.5,3.4,,,,,,,,,,,,,,,,,,,,,,,,,23.2
1,BRA-1682-004,4.0,0.9,,7.3,,5.0,3.7,,,,,,,,,,,,,10.7,,,,,,,,,,,,31.6
1,NAS-0536-009,6.5,0.8,6.7,6.7,,4.3,5.2,,,,,,,,,,,,,,,,,,,,,,,,,30.2
1,NAS-2178-038,4.5,0.8,,6.4,,8.3,4.5,,,,,,,,,,,,,,,,,,,,,,,,,24.5
1,LEO-1381-011,4.7,0.9,,15.8,10.9,5.7,4.6,,,,,,,,,,,,,,,,,,,,,,,,,42.5
1,LEO-1390-014,2.5,,,5.0,,2.7,2.8,,,,,,,,,,,,,,,,,,,,,,,,,13.0
1,LEO-1579-016,3.5,0.7,,7.2,,4.4,3.4,,,,,1.5,,,,,,,,,,,,,,,,,,,,20.7
1,CLA-1127-004,4.9,1.0,5.6,8.0,,5.6,4.7,,,,,,,,,,,,,12.8,,,,,,,,,,,,42.6
1,CLA-1130-007,7.6,1.2,20.9,6.7,11.8,6.0,5.9,27.5,,13.3,,,,,,,,,,30.9,,,,,,,,,,,,131.9
1,CLA-1135-010,4.9,1.0,5.0,6.8,,5.5,4.4,,,,,,,,,,,,,11.7,,,,,,,,,,,,39.3
1,CLA-1185-015,4.4,1.7,11.2,7.0,,5.3,4.6,12.6,,,,1.7,,,,,,,,14.7,,,,,,,,,,,,63.2
1,GUL-1445-002,4.0,0.8,4.3,7.6,,3.9,3.8,,,,,,,,,,,,,,,,,,,,,,,,,24.4
1,GUL-1448-005,13.1,2.0,15.5,12.8,,8.7,8.1,,,,,2.0,,,,,,,,16.6,,,,,,,,,,,,78.8
1,CLM-1830-005,2.3,0.7,,4.3,,,,,,,,,,,,,,,,,,,,,,,,,,,,7.2
1,CLM-2146-015,2.7,0.6,,4.9,,,,,,,,,,,,,,,,,,,,,,,,,,,,8.2
1,LEE-0026-002,7.0,2.5,12.8,9.7,,5.8,5.2,,,,,3.1,,,,,,,,,,,,,,,,,,,,46.1
1,LEE-0034-005,4.7,1.2,4.7,6.6,,4.5,3.7,,,,,,,,,,,,,,,,,,,,,,,,,25.3
1,LEE-0037-008,5.9,1.2,10.4,14.3,,21.8,10.7,,,,,2.1,,,,,,,,,,,,,,,,,,,,66.5
1,WAK-1388-008,2.9,,4.2,4.9,,2.7,,,,,,,,,,,,,,,,,,,,,,,,,,14.8
1,LEE-0040-010,5.8,1.1,8.3,9.7,,7.4,4.9,,,,,1.6,,,,,,,,11.8,,,,,,,,,,,,50.6
1,LEE-0045-015,5.1,1.2,5.6,8.5,,5.0,4.3,,,,,1.6,,,,,,,,,,,,,,,,,,,,31.3
1,LEE-0051-019,3.1,0.7,4.6,5.8,,3.5,3.2,,,,,,,,,,,,,,,,,,,,,,,,,20.9
1,LEE-1891-039,14.7,2.8,10.3,10.5,,6.4,7.8,,,,,1.5,,,,,,,,,,,,,,,,,,,,53.9
1,LEE-1952-043,2.9,,,5.5,,3.0,3.0,,,,,,,,,,,,,,,,,,,,,,,,,14.4
1,LEE-1972-051,4.0,0.6,,7.7,,5.4,4.8,,,,,,,,,,,,,,,,,,,,,,,,,22.5
1,LEE-1973-052,3.7,0.6,,6.8,,5.0,4.6,,,,,,,,,,,,,,,,,,,,,,,,,20.7
1,NAS-0195-012,10.4,2.3,12.3,,8.9,11.6,7.6,16.0,,,,1.9,,,,,,,,18.5,,,,,,,,,,,,89.7
1,LEE-1871-034,4.4,1.0,5.6,,,3.3,,,,,,1.6,,,,,,,,,,,,,,,,,,,,15.9
1,NAS-0209-007,4.3,1.2,6.1,,,3.7,3.3,,,,,,,,,,,,,,,,,,,,,,,,,18.7
1,NAS-0538-011,7.2,,10.3,,,4.4,3.9,,,,,,,,,,,,,,,,,,,,,,,,,25.9
1,NAS-2149-017,2.2,,,,,2.6,,,,,,,,,,,,,,,,,,,,,,,,,,4.9
1,NAS-2150-018,2.1,,,,,2.2,,,,,,,,,,,,,,,,,,,,,,,,,,4.3
1,NAS-2155-023,2.2,,,,,2.5,,,,,,,,,,,,,,,,,,,,,,,,,,4.7
1,NAS-2182-041,5.0,0.7,,,,4.4,4.7,,,,,,,,,,,,,,,,,,,,,,,,,14.8
1,LEO-0733-003,3.9,0.9,3.5,,,5.3,3.0,,,,,2.2,1.1,,,,,,,,,,,,,,,,,,,19.9
1,LEO-0735-005,3.0,0.9,3.6,,,4.4,2.8,,,,,2.1,1.4,,,,,,,,,3.1,,,,,,,,,,21.3
1,GUL-1449-006,2.6,,,,,2.7,,,,,,1.8,,,,,,,,,,,,,,,,,,,,7.0
1,GUL-1454-008,2.5,,,,,2.3,,,,,,1.6,,,,,,,,,,,,,,,,,,,,6.4
1,CLM-0082-013,21.0,6.2,38.2,,,20.5,17.6,22.1,,10.6,,1.8,,,,,,,,32.3,,,,,,,,,,,,170.2
1,NAS-0537-010,3.8,,,,,,,,,,,,,,,,,,57.6,,,,,,,,,,,,,61.3
1,NAS-0196-013,4.1,0.8,4.4,,,,3.8,,,,,,,,,,,,,,,,,,,,,,,,,13.1
1,LEO-0737-007,2.4,0.7,,,,,2.8,,,,,,,,,,,,,,,,,,,,,,,,,5.8
1,WAK-1840-013,2.1,0.6,,,,,,,,,,,,,,,,,,,,,,,,,,,,,,2.7
1,NAS-0203-002,2.3,0.6,,,,,,,,,,,,,,,,,,,,,,,,,,,,,,3.0
1,NAS-0204-003,2.2,,,,,,,,,,,,,,,,,,,,,,,,,,,,,,,2.2
1,NAS-0205-004,2.6,,,,,,,,,,,,,,,,,,,,,,,,,,,,,,,2.6
1,CAH-1608-001,2.0,,,,,,,,,,,,,,,,,,,,,,,,,,,,,,,2.0
1,NAS-0197-014,3.0,0.7,,,,,,,,,,,,,,,,,,,,,,,,,,,,,,3.7
1,NAS-2148-016,2.2,,,,,,,,,,,,,,,,,,,,,,,,,,,,,,,2.2
1,NAS-2153-021,3.1,0.8,,,,,,,,,,,,,,,,,,,,,,,,,,,,,,3.9
1,WAK-0119-017,2.2,0.7,,,,,,,,,,,,,,,,,,,,,,,,,,,,,,2.9
1,NAS-2157-025,3.0,0.7,,,,,,,,,,,,,,,,,,,,,,,,,,,,,,3.6
1,NAS-2160-027,2.5,0.6,,,,,,,,,,,,,,,,,,,,,,,,,,,,,,3.1
1,NAS-2162-029,2.7,,,,,,,,,,,,,,,,,,,,,,,,,,,,,,,2.7
1,NAS-2164-031,3.0,0.8,,,,,,,,,,,,,,,,,,,,,,,,,,,,,,3.7
1,NAS-2172-034,2.4,0.6,,,,,,,,,,,,,,,,,,,,,,,,,,,,,,3.0
1,LEO-1377-009,2.4,0.6,,,,,,,,,,,,,,,,,,,,,,,,,,,,,,3.0
1,TAY-0117-001,3.6,,,,,,,,,,,2.4,,,,,,,,,,,,,,,,,,,,6.0
1,CLA-0552-001,2.9,,4.1,,,,,,,,,,,,,,,,,,,,,,,,,,,,,7.0
1,WAK-1836-011,2.1,,,,,,,,,,,,,,,,,,,,,,,,,,,,,,,2.1
1,LEE-1717-032,2.5,0.7,,6.0,,3.2,,,,,,,,,,,,,,,,,,10.0,,,,,,,,22.3
1,SUM-0294-002,2.9,,,7.8,,2.6,,,,,,,,,,,,3.0,,,,,,,,,,,,,,16.4
1,SUM-0353-004,2.5,,,,,,,,,,,,,1.0,,,,3.1,,,,,,,,,,,,,,6.6
1,SUM-0766-008,4.0,,,7.2,,4.4,3.5,,,,,,,,,,,3.3,,,,,,,,,,,,,,22.4
1,SUM-0767-009,3.5,,,6.9,,3.5,3.0,,,,,,,,,,,3.3,,,,,,,,,,,,,,20.3
1,CLM-0080-011,8.2,3.1,18.5,11.9,10.0,13.8,9.5,25.4,,,,,,,,,,5.5,,35.0,,,,,,,,,,,,140.9
1,LEE-0041-011,10.6,1.6,31.1,14.7,10.0,12.4,7.7,14.0,,10.2,,2.4,,,,,,5.3,,21.4,,,,,,,,,,,,141.3
1,LEE-1970-049,4.2,0.9,,8.1,,5.8,5.1,,2.4,,,1.7,1.5,,,,,3.1,,,,3.8,,,,,,,,,,36.6
1,LEE-1872-035,6.1,1.1,5.5,8.3,,6.1,5.1,,,,,,,,,,,,,,,,,,,,,,,,,32.2
1,LEE-1874-037,10.8,4.2,35.3,11.5,,7.2,5.8,,,,,3.3,,,,,,,,,,,,,,,,,,,,78.0
1,LEE-1890-038,5.7,0.9,6.5,11.1,,5.4,4.0,,,,,,,,,,,,,,,,,,,,,,,,,33.4
1,UNI-0443-005,3.5,0.9,4.7,6.4,,3.4,3.5,,,,,,,,,,,,,,,,,,,,,,,,,22.3
1,UNI-0445-007,3.6,0.7,,6.2,,4.1,3.6,,,,,,,,,,,,,,,,,,,,,,,,,18.1
1,SUM-0765-007,11.4,0.6,6.4,9.4,,10.6,7.2,,,,,,,,,,,,,11.8,,,,,,,,,,,,57.3
1,SUM-1050-010,5.6,1.0,,10.0,,6.8,5.5,,,,,,,,,,,,,,,,,,,,,,,,,29.0
1,SUM-1051-011,7.8,1.1,,9.5,,11.2,6.9,,,,,,,,,,,,,,,,,,,,,,,,,36.5
1,SUM-1052-012,3.7,0.7,,8.1,,5.5,4.3,,,,,,,,,,,,,,,,,,,,,,,,,22.3
1,SUM-1053-013,7.1,0.9,6.2,9.4,,11.0,5.9,,,,,,,,,,,,,,,,,,,,,,,,,40.5
1,CLM-1161-002,2.5,0.7,,5.5,,,,,,,,,,,,,,,,,,,,,,,,,,,,8.7
1,CLM-0078-009,9.4,1.5,9.0,11.5,,9.1,,11.1,,,,2.3,,,,,,,,13.6,,,,,,,,,,,,67.4
1,CLM-0079-010,9.1,1.2,7.0,7.5,,8.6,,10.8,,,,2.7,,,,,,,,13.0,,,,,,,,,,,,60.0
1,CLM-0081-012,5.3,0.9,5.4,5.9,,8.7,,10.2,,,,,,,,,,,,11.9,,,,,,,,,,,,48.2
1,LEE-0021-001,3.1,,,6.1,,3.1,,,,,,,,,,,,,,,,,,,,,,,,,,12.2
1,LEE-0033-004,3.9,0.7,4.7,7.5,,4.5,3.6,,,,,,,,,,,,,,,,,,,,,,,,,24.9
1,LEE-0039-009,8.4,1.4,17.2,11.5,8.9,7.3,5.8,17.2,,9.6,,,,,,,,,,17.5,,,,,,,,,,,,104.9
1,LEE-0042-012,5.1,1.3,5.1,9.7,8.8,10.1,4.8,,,,,1.8,,,,,,,,,,,,,,,,,,,,46.6
1,LEE-0043-013,3.9,0.9,,8.5,,4.2,3.7,,,,,2.2,,,,,,,,,,,,,,,,,,,,23.5
1,LEE-0044-014,12.2,2.0,16.4,19.6,10.2,15.6,9.2,13.2,,,,2.7,,,,,,,,20.1,,,,,,,,,,,,121.3
1,LEE-0046-016,7.2,1.7,9.9,10.4,,7.6,5.2,,,,,2.7,1.6,,,,,,,11.3,,,,,,,,,,,,57.7
1,LEE-0049-017,4.9,0.9,5.2,7.4,,4.4,,,,,,,,,,,,,,,,,,,,,,,,,,22.9
1,LEE-0053-021,3.0,0.7,,5.3,,3.0,,,2.3,,,,,,,,,,,,,,,,,,,,,,,14.3
1,LEE-0058-022,2.6,,,5.6,,2.7,,,,,,,,,,,,,,,,,,,,,,,,,,10.9
1,LEE-0059-023,5.3,1.0,5.9,11.3,,6.7,4.1,,,,,2.0,,,,,,,,,,3.9,,,,,,,,,,40.2
1,LEE-0060-024,3.0,,,6.7,,3.0,,,,,,,,,,,,,,,,,,,,,,,,,,12.7
1,LEE-0068-027,2.2,,,4.6,,2.3,,,,,,,,,,,,,,,,,,,,,,,,,,9.1
1,LEE-0473-029,2.8,0.8,3.9,6.0,,,,,,,,,,,,,,,,,,,,,,,,,,,,13.5
1,LEE-0474-030,6.4,1.4,6.1,10.0,9.6,8.2,4.9,,2.3,,,2.1,2.0,,,4.2,,,,,,3.8,,,,,,,,,,60.9
1,LEE-1716-031,2.8,0.8,,6.1,,3.2,,,,,,,,,,,,,,,,,,,,,,,,,,12.9
1,LEE-1718-033,3.1,,,6.8,,4.0,3.1,,,,,,,1.0,,,,,,,,,,,,,,,,,,18.0
1,LEE-1947-040,2.4,0.6,,5.0,,2.6,,,,,,,,,,,,,,,,,,,,,,,,,,10.6
1,LEE-1948-041,2.4,,,5.1,,2.7,,,,,,,,1.0,,,,,,,,,,,,,,,,,,11.2
1,LEE-1950-042,2.1,,,4.5,,2.4,,,,,,,,,,,,,,,,,,,,,,,,,,9.0
1,LEE-1953-044,2.2,,,4.9,,2.5,,,,,,,,,,,,,,,,,,,,,,,,,,9.6
1,LEE-1955-046,2.3,0.6,,4.9,,2.4,,,,,,,,,,,,,,,,,,,,,,,,,,10.2
1,LEE-1957-047,2.8,0.7,,5.2,,2.8,,,,,,,,,,,,,,,,,,,,,,,,,,11.5
1,LEE-1961-048,4.5,0.9,5.1,7.4,,4.3,3.7,,2.1,,,,,,,,,,,,,,,,,,,,,,,28.0
1,LEE-1971-050,4.5,0.8,4.6,8.2,,5.8,4.8,,,,,1.5,,,,,,,,,,,,,,,,,,,,30.1
1,LEE-2046-054,7.3,1.2,9.0,9.4,,6.1,5.5,,,,,1.5,,,,,,,,,,,,,,,,,,,,39.9
1,LEE-2047-055,2.5,0.6,4.2,5.4,,2.7,,,,,,,,,,,,,,,,,,,,,,,,,,15.5
1,LEE-0055-056,4.0,0.7,,7.5,,3.7,3.6,,,,,,,,,,,,,,,,,,,,,,,,,19.5
1,UNI-0440-002,2.1,,,,,2.7,,,,,,,,,,,,,,,,,,,,,,,,,,4.8
1,UNI-0444-006,3.1,0.8,4.3,,,2.6,3.0,,,,,,,,,,,,,,,,,,,,,,,,,13.9
1,WAK-1374-006,2.6,,3.9,,,2.5,,,,,,1.6,,,,,,,,,,,,,,,,,,,,10.6
1,LEE-0050-018,2.1,,,,,2.1,,,,,,,,,,,,,,,,,,,,,,,,,,4.3
1,LEE-1954-045,1.9,,,,,2.1,,,,,,,,,,,,,,,,,,,,,,,,,,4.0
1,WAK-0122-001,2.1,,,,,,,,,,,,,,,,,,,,,,,,,,,,,,,2.1
1,WAK-1853-015,2.1,,,,,,,,,,,,,,,,,,,,,,,,,,,,,,,2.1
1,WAK-0118-016,2.3,1.0,,,,,,,,,,,,,,,,,,,,,,,,,,,,,,3.4
1,WAK-0120-018,2.0,0.6,,,,,,,,,,,,,,,,,,,,,,,,,,,,,,2.5
1,UNI-0439-001,2.4,0.8,,,,,,,,,,,,,,,,,,,,,,,,,,,,,,3.2
1,UNI-0442-004,2.0,,,,,,,,,,,,,,,,,,,,,,,,,,,,,,,2.0
1,WAK-1372-004,2.4,,,,,,,,,,,,,,,,,,,,,,,,,,,,,,,2.4
1,SUM-0354-005,2.6,,,,,,,,,,,,,,,,,,,,,,,,,,,,,,,2.6
1,SUM-0764-006,2.9,,,,,,,,,,,,,,,,,,,,,,,,,,,,,,,2.9
1,WAK-1373-005,2.6,1.0,,,,,,,,,,2.0,,,,4.6,,,,,,3.8,,,4.4,,,,,,,18.4
1,CLM-1829-004,2.2,0.6,,,,,,,,,,,,,,,,,,,,,,,,,,,,,,2.8
1,CLM-1831-006,2.5,,,,,,,,,,,,,,,,,,,,,,,,,,,,,,,2.5
1,CLM-1832-007,2.6,0.7,,,,,,,,,,,,,,,,,,,,,,,,,,,,,,3.2
1,CLM-0077-008,2.7,0.7,,,,,,,,,,,,,,,,,,,,,,,,,,,,,,3.4
1,CLM-1437-014,2.6,0.8,,,,,,,,,,,,,,,,,,,,,,,,,,,,,,3.3
1,LEE-0032-003,2.5,0.7,,,,,,,,,,,,,,,,,,,,,,,,,,,,,,3.2
1,WAK-1837-012,2.3,0.9,4.6,,,,,,,,,,,,,,,,,,,,,,,,,,,,,7.8
1,LEO-0734-004,3.2,0.9,5.8,6.7,,,,,,,,2.2,3.7,,,,4.3,,,,,3.5,,,,,,,,,,30.2
1,CLA-0554-002,4.8,1.0,4.8,8.2,,4.9,3.9,,,,,1.6,,,,,,,,,,,,,,,,,,,,29.3
1,CLA-1128-005,4.5,0.9,5.6,7.7,,4.8,4.4,,,,,,,,,,,,,,,,,,,,,,,,,27.9
1,CLA-1129-006,8.5,1.3,22.5,7.9,11.8,8.4,5.9,27.9,,13.0,,,,,,,,,,33.3,,,,,,,,,,,,140.6
1,CLA-1133-008,11.9,2.4,10.7,12.4,9.2,11.3,8.6,16.9,,,,1.9,,,,,,,,20.3,,,,,,,,,,,,105.5
1,CLA-1134-009,4.1,0.8,,6.9,,5.0,3.9,,,,,,,,,,,,,,,,,,,,,,,,,20.7
1,CLA-1136-011,4.9,1.0,5.1,9.0,,6.0,4.7,,,,,1.5,,,,,,,,11.3,,,,,,,,,,,,43.6
1,CLA-1137-012,8.9,1.2,10.2,14.9,8.7,9.3,6.4,12.5,,,,1.6,,,,,,,,14.7,,,,,,,,,,,,88.4
1,CLA-1623-016,3.6,0.8,,5.0,,3.7,3.4,,,,,,,,,,,,,,,,,,,,,,,,,16.5
1,NAS-2156-024,20.1,0.8,7.7,,8.8,7.6,13.9,15.0,,,,,,,,,,,,15.9,,,,,,,,,,,,89.9
1,NAS-2154-022,4.2,0.7,5.6,,,3.6,3.5,,,,,,,,,,,,,,,,,,,,,,,,,17.5
1,CLA-1138-013,4.5,0.9,4.5,,,5.0,4.0,,,,,,,,,,,,,,,,,,,,,,,,,18.9
1,CLA-1184-014,4.8,1.0,5.1,,,5.1,3.9,,,,,,,,,,,,,,,,,,,,,,,,,19.9
1,GUL-1446-003,4.5,0.9,5.7,,,3.4,3.4,,,,,1.5,,,,,,,,,,,,,,,,,,,,19.2
1,NAS-2161-028,2.3,,,,,,,,,,,,,,,,,,22.6,,,,,,,,,,,,,24.8
1,NAS-2163-030,2.2,,,,,,,,,,,,,,,,,,19.1,,,,,,,,,,,,,21.3
1,CLA-1126-003,4.6,1.0,5.1,,,,3.8,,,,,,,,,,,,,,,,,,,,,,,,,14.5
1,GUL-1453-007,4.7,0.8,3.9,,,,3.7,,,,,,,,,,,,,,,,,,,,,,,,,13.0
1,NAS-2147-015,2.6,,4.0,,,,,,,,,,,,,,,,,,,,,,,,,,,,,6.6
1,NAS-2151-019,3.0,0.8,,,,,,,,,,,,,,,,,,,,,,,,,,,,,,3.7
1,NAS-2152-020,4.5,0.8,4.2,,,,,,,,,,,,,,,,,,,,,,,,,,,,,9.4
1,NAS-2158-026,3.2,0.7,,,,,,,,,,,,,,,,,,,,,,,,,,,,,,3.9
1,NAS-2169-033,2.7,0.8,3.9,,,,,,,,,,,,,,,,,,,,,,,,,,,,,7.5
1,NAS-2173-035,3.3,0.7,,,,,,,,,,,,,,,,,,,,,,,,,,,,,,4.0
1,NAS-2175-036,3.2,0.8,,,,,,,,,,,,,,,,,,,,,,,,,,,,,,3.9
1,NAS-2176-037,2.5,,,,,,,,,,,,,,,,,,,,,,,,,,,,,,,2.5
1,NAS-2179-039,2.5,0.7,,,,,,,,,,,,,,,,,,,,,,,,,,,,,,3.2
1,NAS-2180-040,3.8,0.7,,,,,,,,,,,,,,,,,,,,,,,,,,,,,,4.5
1,NAS-2184-042,3.3,,,,,,,,,,,,,,,,,,,,,,,,,,,,,,,3.3
1,LEO-0732-002,2.7,0.9,,,,,,,,,,,,,,,,,,,,,,,,,,,,,,3.6
1,LEO-0736-006,2.3,0.6,,,,,,,,,,1.4,,,,,,,,,,,,,,,,,,,,4.4
1,LEO-1375-008,2.5,0.7,,,,,,,,,,,,,,,,,,,,,,,,,,,,,,3.2
1,LEO-1380-010,2.3,0.6,,,,,,,,,,,,,,,,,,,,,,,,,,,,,,3.0
1,LEO-1385-012,2.0,,,,,,,,,,,,,,,,,,,,,,,,,,,,,,,2.0
1,LEO-1391-015,2.4,0.6,,,,,,,,,,,,,,,,,,,,,,,,,,,,,,3.0
1,GUL-1439-001,2.8,,,,,,,,,,,,,,,,,,,,,,,,,,,,,,,2.8
1,GUL-1447-004,4.8,1.3,4.8,,,,,,,,,,,,,,,,,,,,,,,,,,,,,10.9
1,GUL-1844-009,2.9,,,,,,,,,,,,,,,,,,,,,,,,,,,,,,,2.9
2,SAR-0017-003,3.7,1.7,4.5,,,,4.1,,,,,,,,,,,3.4,,,,,,,,,,,,,,17.4
2,SAR-0458-005,6.2,5.8,6.8,16.6,5.3,9.1,4.7,1.1,,,,,,,,,,3.7,,9.6,,2.0,,,,,,,,,,71.0
2,SAR-0619-047,7.5,2.3,6.3,9.5,,8.3,5.1,,,,,2.4,,,,,,4.2,,,,,,,,,,,,,,45.6
2,SAR-0621-049,8.2,2.4,7.4,8.1,,6.8,5.1,,,,,2.5,,,,,,2.5,,,,,,,,,,,,,,42.9
2,SAR-0622-050,4.4,1.6,4.7,6.5,4.8,4.7,3.5,,,,,,,,,,,2.3,,,,,,,,,,,,,,32.6
2,SAR-0624-052,6.0,2.0,5.1,,,6.6,4.5,,,,,2.3,,,,,,5.8,,,,2.0,,,,,,,,,,34.3
2,SAR-0625-053,5.3,5.2,5.9,9.8,,6.0,4.3,,,,,,,,,,,6.1,,,,,,,,,,,,,,42.6
2,SAR-1401-056,14.5,3.5,15.8,21.2,7.1,13.8,8.9,3.4,,,,4.2,,,,,,4.1,,14.6,,1.9,,,,,,,,,,113.1
2,SAR-2014-087,10.9,2.1,9.0,15.7,5.0,10.9,6.8,4.4,,,,2.6,,,,,,8.4,,10.9,,,,,,,,,,,,86.7
2,GAD-1379-003,2.5,1.5,3.8,,,,3.0,,1.8,,,,,,,,,2.7,,,,1.9,,,,,,,,,,17.3
2,GAD-1382-004,2.3,1.5,3.9,5.1,,,2.6,,,,,,,,,,,2.5,,,,,,,,,,,,,,17.8
2,MON-2118-098,2.4,,4.9,3.9,,1.8,,,,,,,,,,,,,,,,,,,,,,,,,,13.0
2,SAR-0571-007,2.8,1.6,4.1,3.8,,2.1,,,,,,,,,,,,,,,,,,,,,,,,,,14.4
2,SAR-0572-008,2.9,1.4,4.1,4.2,,2.5,2.7,,,,,,,,,,,,,,,,,,,,,,,,,17.8
2,SAR-0574-010,3.8,1.7,4.7,5.0,,2.9,2.9,,,,,,,,,,,,,,,,,,,,,,,,,21.0
2,SAR-0575-011,3.7,1.6,4.5,4.1,,3.1,3.1,,,,,,,,,,,,,,,1.8,,,,,,,,,,21.8
2,SAR-0576-012,3.9,1.7,5.5,4.2,,2.8,3.0,,,,,,,,,,,,,,,,,,,,,,,,,21.0
2,SAR-0577-013,3.9,1.7,4.9,4.3,,3.2,3.4,,,,,,,,,,,,,,,,,,,,,,,,,21.5
2,SAR-0578-014,3.7,1.4,5.2,5.0,,3.5,3.1,,,,,,,,,,,,,,,,,,,,,,,,,21.8
2,SAR-0581-017,3.2,1.5,3.8,3.5,,2.2,,,,,,,,,,,,,,,,,,,,,,,,,,14.2
2,SAR-0582-018,2.8,1.5,4.2,3.6,,2.0,,,,,,,,,,,,,,,,,,,,,,,,,,14.2
2,SAR-0584-020,2.4,1.4,,3.7,,1.7,,,,,,,,,,,,,,,,,,,,,,,,,,9.2
2,SAR-0586-022,2.7,1.4,3.9,4.8,,2.3,,,,,,,,,,,,,,,,,,,,,,,,,,15.0
2,SAR-0587-023,2.8,1.3,3.9,3.9,,2.4,,,,,,,,,,,,,,,,,,,,,,,,,,14.3
2,SAR-0588-024,2.2,,,3.7,,1.7,,,,,,,,,,,,,,,,,,,,,,,,,,7.7
2,SAR-0589-025,2.3,1.4,,3.6,,1.9,,,,,,,,,,,,,,,,,,,,,,,,,,9.1
2,SAR-0590-026,2.6,1.4,3.8,3.7,,1.8,,,,,,,,,,,,,,,,,,,,,,,,,,13.3
2,SAR-0591-027,3.9,1.7,4.8,5.0,,3.1,3.1,,,,,,,,,,,,,,,,,,,,,,,,,21.6
2,SAR-0592-028,3.6,1.5,4.8,5.4,,3.1,3.0,,,,,,,,,,,,,,,,,,,,,,,,,21.4
2,SAR-0593-029,3.5,1.7,4.8,5.0,4.9,3.4,3.0,,,,,,,,,,,,,,,,,,,,,,,,,26.4
2,SAR-0597-033,,,,3.6,,1.6,,,,,,,,,,,,,,,,,,,,,,,,,,5.2
2,SAR-0598-034,,,,3.5,,1.5,,,,,,,,,,,,,,,,,,,,,,,,,,5.0
2,SAR-0599-035,2.0,,,3.4,,1.6,,,,,,,,,,,,,,,,,,,,,,,,,,7.0
2,SAR-0601-037,,,,3.5,,1.7,,,,,,,,,,,,,,,,,,,,,,,,,,5.1
2,SAR-0604-040,,,,3.6,,1.6,,,,,,,,,,,,,,,,,,,,,,,,,,5.1
2,SAR-0607-043,2.3,,3.7,3.8,,1.9,,,,,,,,,,,,,,,,,,,,,,,,,,11.7
2,SAR-0609-045,2.1,,,3.7,,2.0,,,,,,,,,,,,,,,,,,,,,,,,,,7.8
2,SAR-0610-046,2.0,1.3,3.5,3.5,,1.7,,,,,,,,,,,,,,,,,,,,,,,,,,12.1
2,SAR-0620-048,8.3,2.7,8.5,7.1,5.0,7.0,5.5,,,,,3.0,0.3,,,,,,,,,,,,,,,,,,,47.4
2,SAR-0623-051,16.9,2.6,10.5,18.7,4.9,19.2,11.7,6.2,,,,2.7,,,,,,,,13.0,,,,,,,,,,,,106.3
2,SAR-1403-057,19.2,2.7,10.5,6.6,5.2,10.6,9.5,1.9,,,,2.5,,,,,,,,13.4,,,,,,,,,,,,82.2
2,SAR-1404-058,10.7,2.6,7.4,10.3,5.6,12.9,6.4,,,,,2.8,,,,,,,,,,,,,,,,,,,,58.6
2,SAR-1523-061,11.8,3.2,20.6,12.8,5.5,9.8,7.8,0.9,,,,4.5,,,,,,,,11.7,,2.5,,,,,,,,,,91.1
2,SAR-1524-062,12.0,2.9,10.7,15.3,5.3,13.9,8.0,2.1,,,,2.6,,,,,,,,11.6,,,,,,,,,,,,84.4
2,SAR-1525-063,3.2,1.8,6.6,4.7,,2.8,2.8,,,,,2.4,,,,,,,,,,,,,,,,,,,,24.2
2,SAR-1526-064,5.9,1.8,4.9,12.6,,6.8,6.2,,,,,,,,,,,,,9.2,,,,,,,,,,,,47.4
2,SAR-1527-065,5.2,2.5,8.3,8.7,,4.7,4.6,,,,,2.8,,,,,,,,,,,,,,,,,,,,36.8
2,SAR-1827-071,3.8,1.5,4.3,8.5,,3.9,4.1,,,,,,,,,,,,,,,,,,,,,,,,,26.1
2,SAR-1959-072,3.8,1.6,5.4,6.8,,3.9,3.2,,,,,,,,,,,,,,,,,,,,,,,,,24.7
2,SAR-1990-073,3.6,1.5,4.4,8.0,,4.8,4.0,,,,,,,,,,,,,,,,,,,,,,,,,26.3
2,SAR-1995-074,6.0,1.7,4.5,13.3,5.2,10.4,5.8,,,,,,,,,,,,,,,,,,,,,,,,,46.8
2,SAR-1997-075,4.1,1.6,4.4,6.7,,4.4,4.5,,,,,,,,,,,,,,,,,,,,,,,,,25.7
2,SAR-2003-077,4.7,1.7,5.0,9.7,,3.6,4.5,,,,,,,,,,,,,,,,,,,,,,,,,29.2
2,SAR-2005-078,4.4,1.8,5.7,6.6,,4.1,3.5,,,,,,,,,,,,,,,,,,,,,,,,,26.0
2,SAR-2012-085,4.2,1.4,3.8,8.0,,3.9,4.4,,,,,,,,,,,,,,,,,,,,,,,,,25.7
2,SAR-2013-086,6.5,1.6,4.4,7.8,,6.0,5.0,,,,,,,,,,,,,,,,,,,,,,,,,31.1
2,SAR-2015-088,2.7,,4.1,4.8,,2.4,,,,,,,,,,,,,,,,,,,,,,,,,,14.0
2,MON-2105-085,2.9,,5.0,5.2,,3.2,3.1,0.9,,,,,,,,,,,,8.7,,,,,,,,,,,,28.9
2,MON-2106-086,,,,3.7,,1.6,,,,,,,,,,,,,,,,,,,,,,,,,,5.4
2,MON-2114-094,,,,3.7,,1.6,,,,,,,,,,,,,,,,,,,,,,,,,,5.3
2,MON-2115-095,2.0,,3.5,4.2,,1.9,,,,,,,,,,,,,,,,,,,,,,,,,,11.7
2,MON-2117-097,2.5,,3.6,5.3,,2.3,,,,,,,,,,,,,,,,,,,,,,,,,,13.7
2,SAR-0585-021,2.2,,,,,1.6,,,,,,,,,,,,,,,,,,,,,,,,,,3.8
2,SAR-0596-032,,,,,,1.7,,,,,,,,,,,,,,,,,,,,,,,,,,1.7
2,SAR-0784-054,2.4,1.6,4.0,,,1.7,,,,,,,,,,,,,,,,2.2,,,,,,,,,,11.9
2,SAR-1530-068,3.3,1.6,,,,5.5,4.0,,,,,,,,,,,,,,,,,,,,,,,,,14.3
2,SAR-2007-080,,,,,,1.5,,,,,,,,,,,,,,,,,,,,,,,,,,1.5
2,SAR-2009-082,3.1,1.5,4.4,,,2.5,,,,,,,,,,,,,,,,,,,,,,,,,,11.5
2,SAR-2010-083,2.2,,,,,1.8,,,,,,,,,,,,,,,,,,,,,,,,,,4.0
2,MON-2107-087,,,3.7,,,1.6,,,,,,,,,,,,,,,,,,,,,,,,,,5.3
2,MON-2111-091,,,,,,1.5,,,,,,,,,,,,,,,,,,,,,,,,,,1.5
2,MON-2119-099,2.8,3.7,6.7,,,,,,,,,2.7,,,,,,,,,,,,,,,,,,,,15.9
2,GAD-1378-002,2.4,1.5,4.0,,,,,,,,,,,,,,,,,,,,,,,,,,,,,7.9
2,MON-2109-089,,,3.6,,,,,,,,,,,,,,,,,,,,,,,,,,,,,3.6
2,MON-0676-035,2.6,,4.3,4.5,,2.8,3.1,,,,,,,,,,,,,,,,,1.5,,,,,,,,18.8
2,MON-0688-047,2.4,,5.3,6.6,,1.9,,,,,,,,,,,,,,,,,,1.5,,,,,,,,17.6
2,MON-0670-029,32.6,3.9,78.3,6.0,5.4,12.8,5.6,29.4,,8.9,,2.7,,,,,,2.8,,37.3,,,,,,,,,,,,225.7
2,MON-0673-032,5.8,,7.8,4.9,6.1,5.1,3.1,10.8,,,,,,,,,,2.3,,21.7,,,,,,,,,,,,67.7
2,MON-2097-077,3.5,,3.6,5.5,,8.0,6.8,,,,,,,,,,,5.8,,,,,,,,12.2,,,,,,45.4
2,MON-2099-079,3.3,2.1,7.4,5.6,,4.3,3.8,3.6,,,,,,,,,,2.6,,12.8,,,,,,,,,,,,45.5
2,MON-1147-059,2.1,,,3.8,,2.0,,,,,,,,,,,,,,,,,,,,7.5,,,,,,15.4
2,SAR-0594-030,3.5,1.5,4.2,3.8,,2.6,2.7,,,,,,,,,,,,,,,,,,,,,,,,,18.3
2,SAR-0600-036,2.6,1.5,4.4,3.9,,2.0,,,,,,,,,,,,,,,,,,,,,,,,,,14.4
2,SAR-0606-042,2.3,1.4,3.7,3.8,,1.9,,,,,,,,,,,,,,,,1.9,,,,,,,,,,15.0
2,SAR-0608-044,2.2,1.4,,3.7,,2.0,,,,,,,,,,,,,,,,,,,,,,,,,,9.3
2,SAR-1826-070,3.7,1.4,4.3,6.5,,3.3,3.6,,,,,,,,,,,,,,,,,,,,,,,,,22.8
2,MON-0661-021,3.6,4.0,22.3,4.5,4.6,7.6,8.1,1.1,,,,2.7,0.3,,,,,,,9.1,,1.9,,,,,,,,,,69.8
2,MON-0662-022,4.9,3.5,12.6,7.7,4.8,25.5,31.4,9.6,,,,2.1,,,,,,,,18.0,,,,,,,,,,,,120.1
2,MON-0663-023,3.4,1.3,6.4,4.5,,3.1,2.8,,,,,,,,,,,,,,,,,,,,,,,,,21.5
2,MON-0669-028,2.6,,5.0,3.6,,2.2,,,,,,,,,,,,,,,,,,,,,,,,,,13.4
2,MON-0671-030,2.4,,4.0,3.8,,2.4,,,,,,,,,,,,,,,,,,,,,,,,,,12.6
2,MON-0672-031,,,,3.4,,1.7,,,,,,,,,,,,,,,,,,,,,,,,,,5.2
2,MON-0674-033,2.3,,,4.2,,2.5,,,,,,,,,,,,,,,,,,,,,,,,,,9.0
2,MON-0675-034,,,,4.4,,,,,,,,,,,,,,,,,,,,,,,,,,,,4.4
2,MON-0678-037,,,,3.9,,,,,,,,,,,,,,,,,,,,,,,,,,,,3.9
2,MON-0679-038,,,,3.6,,1.9,,,,,,,,,,,,,,,,,,,,,,,,,,5.5
2,MON-0682-041,2.6,2.0,4.6,4.3,,3.6,3.3,,,,,,,,,,,,,,,,,,,,,,,,,20.3
2,MON-0684-043,2.8,,4.1,4.7,,2.3,,,,,,,,,,,,,,,,,,,,,,,,,,13.8
2,MON-0689-048,2.2,,,4.5,,,,,,,,,,,,,,,,,,,,,,,,,,,,6.7
2,MON-0690-049,2.6,,4.0,3.7,,2.6,,,,,,,,,,,,,,,,,,,,,,,,,,12.9
2,MON-0692-051,3.6,1.5,4.2,5.7,,3.4,,,,,,,,,,,,,,,,,,,,,,,,,,18.4
2,MON-0694-053,2.5,,4.1,4.8,,2.0,,,,,,,,,,,,,,,,,,,,,,,,,,13.4
2,MON-1145-057,4.3,1.7,6.1,5.6,4.7,4.0,3.4,,,,,,,,,,,,,10.4,,,,,,,,,,,,40.3
2,MON-1626-064,2.1,,3.5,3.7,,1.9,,,3.5,,,,,,,,,,,,,,,,,,,,,,,14.8
2,MON-1920-067,2.1,,,4.1,,,,,,,,,,,,,,,,,,,,,,,,,,,,6.3
2,MON-1921-068,2.4,,,4.8,,,,,,,,,,,,,,,,,,,,,,,,,,,,7.2
2,MON-2091-071,,,,4.9,,,,,,,,,,,,,,,,,,,,,,,,,,,,4.9
2,MON-2092-072,,,,3.5,,,,,,,,,,,,,,,,,,,,,,,,,,,,3.5
2,MON-2093-073,2.1,,,3.4,,1.8,,,,,,,,,,,,,,,,,,,,,,,,,,7.3
2,MON-2094-074,,,,3.7,,1.6,,,,,,,,,,,,,,,,,,,,,,,,,,5.3
2,MON-2096-076,2.4,,3.9,4.2,,2.0,,,,,,,,,,,,,,,,,,,,,,,,,,12.5
2,MON-2098-078,3.0,,,4.8,,3.9,3.5,,,,,,,,,,,,,,,,,,,,,,,,,15.2
2,MON-0650-010,,,,,,1.4,,,,,,,,,,,,,,,,,,,,,,,,,,1.4
2,MON-0651-011,,,,,,1.6,,,,,,,,,,,,,,,,,,,,,,,,,,1.6
2,MON-0652-012,,,,,,1.6,,,,,,,,,,,,,,,,,,,,,,,,,,1.6
2,MON-0654-014,2.9,,4.2,,,2.0,,,,,,,,,,,,,,,,,,,,,,,,,,9.1
2,MON-0655-015,2.1,,,,,1.8,,,,,,,,,,,,,,,,,,,,,,,,,,3.8
2,MON-0657-017,2.9,1.5,5.4,,,3.6,3.2,,,,,,,,,,,,,,,,,,,,,,,,,16.7
2,MON-0658-018,2.3,1.4,5.2,,,2.9,2.9,,,,,,,,,,,,,,,,,,,,,,,,,14.6
2,MON-0659-019,2.3,,4.8,,,3.3,3.0,,,,,,,,,,,,,,,,,,,,,,,,,13.4
2,MON-0660-020,2.2,,3.9,,,2.1,,,,,,,,,,,,,,,,,,,,,,,,,,8.1
2,MON-0666-025,2.2,,3.9,,,2.0,,,,,,,,,,,,,,,,,,,,,,,,,,8.1
2,MON-0667-026,2.6,,4.8,,,2.3,,,,,,,,,,,,,,,,,,,,,,,,,,9.7
2,MON-0668-027,2.1,,3.9,,,1.9,,,,,,,,,,,,,,,,,,,,,,,,,,7.9
2,MON-0677-036,,,,,,1.8,,,,,,,,,,,,,,,,,,,,,,,,,,1.8
2,MON-0644-004,,,,,,1.3,,,,,,,,,,,,,,,,,,,,,,,,,,1.3
2,MON-0680-039,2.2,,,,,2.0,,,,,,,,,,,,,,,,,,,,,,,,,,4.2
2,MON-0681-040,3.9,1.5,4.7,,,3.7,3.3,,1.8,,,,,,,,,,,,,,,,,,,,,,,18.9
2,MON-0683-042,2.2,,3.7,,,2.5,,,,,,,,,,,,,,,,,,,,,,,,,,8.4
2,MON-0685-044,2.8,,4.3,,,3.3,3.0,,,,,,,,,,,,,,,,,,,,,,,,,13.4
2,MON-0645-005,,,,,,1.3,,,,,,,,,,,,,,,,,,,,,,,,,,1.3
2,MON-0693-052,2.8,,5.1,,,2.3,,,,,,,,,,,,,,,,,,,,,,,,,,10.2
2,MON-1143-055,2.8,1.6,7.0,,,2.6,,,,,,2.3,,,,,,,,,,1.9,,,,,,,,,,18.1
2,MON-1146-058,2.9,1.5,4.6,,,2.1,,,,,,,,,,,,,,,,,,,,,,,,,,11.1
2,MON-0646-006,,,,,,1.3,,,,,,,,,,,,,,,,,,,,,,,,,,1.3
2,MON-1149-061,2.2,,3.8,,,1.8,,,,,,,,,,,,,,,,,,,,,,,,,,7.8
2,MON-1624-062,2.4,,4.4,,,2.8,2.8,,,,,,,,,,,,,,,,,,,,,,,,,12.4
2,MON-1625-063,,,,,,1.8,,,,,,,,,,,,,,,,,,,,,,,,,,1.8
2,MON-1628-066,2.1,,4.0,,,1.6,,,,,,,,,,,,,,,,,,,,,,,,,,7.8
2,MON-2095-075,2.1,,3.7,,,1.7,,,,,,,,,,,,,,,,,,,,,,,,,,7.5
2,MON-0648-008,,,,,,1.5,,,,,,,,,,,,,,,,,,,,,,,,,,1.5
2,MON-2103-083,,,,,,1.6,,,,,,,,,,,,,,,,,,,,,,,,,,1.6
2,MON-0691-050,2.9,,4.2,,,,2.9,,,,,,,,,,,,,,,,,,,,,,,,,10.1
2,MON-1144-056,2.1,,,,,,,,,,,,,,,,,,,,,,,,,,,,,,,2.1
2,MON-1148-060,2.3,,3.7,,,,,,,,,,,,,,,,,,,,,,,,,,,,,6.0
2,MON-1922-069,2.4,,,,,,,,,,,,,,,,,,,,,,,,,,,,,,,2.4
2,MON-1930-070,2.4,1.6,4.5,,,,,,,,,,,,,,,,,,,1.9,,,,,,,,,,10.5
2,MON-1142-054,,1.4,4.5,,,,,,,,,,,,,,,,,,,2.0,,,,,,,,,,7.9
2,SAR-0459-006,10.4,2.0,5.3,12.9,5.5,12.4,5.8,,,,,2.6,,,,,,,,,,,,2.6,,,,,,,,59.5
2,SAR-1825-069,3.9,1.4,,8.8,,3.8,3.9,,,,,,,,,,,,,,,,,3.5,,,,,,,,25.3
2,SAR-1998-076,4.2,1.6,5.2,9.2,,4.5,3.6,,,,,,,,,,,,,,,2.0,,1.5,,,,,,,,31.9
2,SAR-2006-079,2.5,,,4.6,,2.2,,,,,,,,,,,,,,,,,,1.3,,,,,,,,10.6
2,SAR-2011-084,14.2,2.3,12.3,16.6,4.9,13.2,8.8,6.0,,,,2.9,,,,,,12.4,,13.5,,,,2.6,,,,,,,,109.6
2,GAD-1376-001,2.1,1.4,,,,,,,,,,,,,,,,,,,,,,2.9,,,,,,,,6.4
2,SAR-0573-009,3.4,1.7,4.4,3.8,,2.5,2.7,,,,,,,,,,,,,,,,,,,,,,,,,18.5
2,SAR-0579-015,3.6,1.6,4.1,4.8,,3.1,3.0,,,,,,,,,,,,,,,,,,,,,,,,,20.0
2,SAR-0580-016,3.1,1.5,4.2,4.2,,2.5,2.6,,,,,,,,,,,,,,,,,,,,,,,,,18.3
2,SAR-0595-031,2.8,1.5,3.7,4.8,,2.3,,,,,,,,,,,,,,,,,,,,,,,,,,15.1
2,SAR-0602-038,2.1,,,3.5,,1.5,,,,,,,,,,,,,,,,,,,,,,,,,,7.1
2,SAR-0605-041,,,,3.6,,1.6,,,,,,,,,,,,,,,,,,,,,,,,,,5.2
2,SAR-1406-059,8.0,5.9,7.6,9.6,5.2,26.1,14.1,3.7,,,,2.9,,,,,,,,16.3,,2.6,,,,,,,,,,102.0
2,SAR-1522-060,12.5,5.2,39.8,10.8,5.0,9.1,6.9,,,,5.9,6.9,,,,,,,,9.0,,3.4,,,,,,,,,,114.6
2,SAR-1528-066,8.9,1.8,5.4,9.4,,7.8,5.4,,,,,,,,,,,,,,,,,,,,,,,,,38.7
2,MON-2100-080,,,,3.7,,1.7,,,,,,,,,,,,,,,,,,,,,,,,,,5.4
2,MON-2104-084,2.3,,,4.2,,2.0,,,,,,,,,,,,,,,,,,,,,,,,,,8.5
2,MON-2108-088,,,,3.5,,1.5,,,,,,,,,,,,,,,,,,,,,,,,,,5.0
2,MON-2113-093,,,,3.6,,1.6,,,,,,,,,,,,,,,,,,,,,,,,,,5.2
2,MON-2116-096,2.2,,4.0,3.7,,1.6,,,,,,,,,,,,,,,,,,,,,,,,,,11.6
2,SAR-0583-019,2.7,1.5,3.9,,,2.2,,,,,,,,,,,,,,,,,,,,,,,,,,10.3
2,SAR-0603-039,,,,,,1.7,,,,,,,,,,,,,,,,,,,,,,,,,,1.7
2,SAR-2008-081,2.3,,,,,1.4,,,,,,,,,,,,,,,,,,,,,,,,,,3.8
2,MON-2101-081,,,,,,1.6,,,,,,,,,,,,,,,,,,,,,,,,,,1.6
2,MON-2102-082,,,,,,1.5,,,,,,,,,,,,,,,,,,,,,,,,,,1.5
3,PIN-1106-076,14.3,2.5,16.6,11.2,4.3,14.2,7.3,10.7,,,,2.5,,,,,,2.9,,12.6,,,,,,,,,,,,98.9
3,HIL-1032-020,4.2,1.3,5.6,4.2,4.0,3.4,2.5,,,,,,,,,,,4.4,,,,,,,,,,,,,,29.5
3,HIL-1045-025,12.7,2.4,28.6,11.2,4.7,10.0,6.1,30.0,,,,2.3,,,,,,2.2,,35.8,,,,,,,,,,,,145.9
3,PIN-2029-103,2.2,,,,,,,,,,,,,,,,,,,,,,,,,7.4,,,,,,9.5
3,PIN-0755-024,4.0,1.7,6.0,4.2,,3.3,2.0,,,,,2.3,,,,,,,,,,,,,,,,,,,,23.6
3,PIN-0756-025,11.4,2.2,8.4,11.2,5.0,12.6,6.0,8.9,,,,2.2,,,,,,,,,,,,,,,,,,,,67.9
3,PIN-0759-028,7.7,2.3,8.8,8.2,4.7,8.2,4.6,9.6,,,,2.5,,,,,,,,,,,,,,,,,,,,56.4
3,HIL-0875-011,5.4,1.5,4.4,5.4,,6.3,2.9,,,,,2.5,,,,,,,,,,,,,,,,,,,,28.4
3,PIN-0769-034,7.2,1.5,5.7,5.4,4.3,5.6,3.6,6.9,,,,2.0,,,,,,,,,,,,,,,,,,,,42.1
3,PIN-0815-035,12.1,1.7,26.8,8.4,,6.7,5.0,8.5,,,,2.8,,,,,,,,13.4,,,,,,,,,,,,85.4
3,PIN-0818-038,24.4,3.8,22.8,11.8,,19.2,11.5,,,,,3.1,,,,,,,,24.2,,,,,,,,,,,,120.8
3,PIN-0821-041,5.4,1.4,7.2,3.6,,3.9,2.5,,,,,,,,,,,,,,,,,,,,,,,,,24.0
3,PIN-0912-043,9.5,2.1,6.7,8.6,4.7,9.6,5.1,,,,,2.4,,,,,,,,,,,,,,,,,,,,48.6
3,PIN-0914-045,4.1,1.2,5.3,2.9,,2.6,2.1,,,,,,,,,,,,,,,,,,,,,,,,,18.2
3,PIN-0916-047,21.1,2.7,16.4,13.5,4.6,13.4,5.6,11.1,,,,2.1,,,,,,,,10.4,,,,,,,,,,,,100.9
3,PIN-0919-050,4.1,2.4,9.7,3.2,,,2.2,,,,,,,,,,,,,,,,,,,,,,,,,21.6
3,PIN-0920-051,5.6,1.7,7.6,8.5,4.7,4.6,2.9,,,,,2.6,,,,,,,,,,,,,,,,,,,,38.2
3,HIL-0877-013,6.9,1.6,5.2,5.2,,6.2,3.2,,,,,,,,,,,,,,,,,,,,,,,,,28.4
3,PIN-0965-053,11.0,2.3,16.3,11.0,4.2,9.0,4.5,,,,,2.4,,,,,,,,11.4,,,,,,,,,,,,72.1
3,PIN-0970-058,7.8,1.6,8.5,8.6,4.6,11.5,4.1,,,,,2.6,,,,,,,,,,,,,,,,,,,,49.2
3,PIN-0973-061,2.7,,,3.2,,2.6,,,,,,,,,,,,,,,,,,,,,,,,,,8.5
3,PIN-0975-063,2.4,,,2.4,,2.2,,,,,,,,,,,,,,,,,,,,,,,,,,7.0
3,PIN-0978-066,15.4,3.5,23.0,18.8,7.0,16.9,9.5,19.2,,11.0,,3.0,,,,,,,,24.6,,,,,,,,,,,,151.7
3,PIN-0989-067,17.9,2.2,10.8,16.5,5.5,19.1,5.4,9.7,,,,2.4,,,,,,,,10.9,,,,,,,,,,,,100.4
3,PIN-0993-068,5.4,,18.8,4.4,,3.2,2.6,,,,,,,,,,,,,,,,,,,,,,,,,34.3
3,PIN-1034-070,8.9,3.4,19.4,8.1,4.6,9.1,5.9,9.9,,,,3.3,,,,,,,,11.9,,2.8,,,,,,,,,,87.4
3,PIN-1037-073,4.8,1.3,4.6,10.1,4.2,12.1,4.4,,,,,1.9,,,,,,,,,,,,,,,,,,,,43.4
3,PIN-1038-074,14.0,2.7,25.2,13.1,4.4,38.4,27.3,10.4,,,,2.3,,,,,,,,13.2,,,,,,,,,,,,151.0
3,PIN-1504-079,9.8,6.4,14.4,11.3,6.4,16.9,10.8,17.3,,,,2.5,,,,,,,,23.2,,,,,,,,,,,,119.0
3,PIN-1507-082,11.9,12.1,12.1,12.9,4.1,14.8,8.6,16.7,,,,1.9,,,,,,,,17.9,,,,,,,,,,,,112.9
3,PIN-1510-085,6.3,2.1,13.8,6.4,3.7,6.0,3.6,9.0,,,,2.2,,,,,,,,10.5,,,,,,,,,,,,63.8
3,PIN-1511-086,20.2,6.8,24.5,11.7,5.5,20.3,12.5,25.9,,8.5,,2.5,,,,,,,,23.5,,2.9,,,,,,,,,,164.9
3,PIN-1514-089,12.3,2.0,15.2,13.8,4.2,10.7,6.8,8.8,,,,2.3,,,,,,,,11.5,,,,,,,,,,,,87.7
3,PIN-1515-090,2.5,1.2,,2.6,,2.3,,,,,,,,,,,,,,,,,,,,,,,,,,8.5
3,PIN-1516-091,5.1,3.0,11.3,3.8,3.8,3.3,2.1,,,,,2.7,,,,,,,,,,,,,,,,,,,,35.1
3,PIN-1676-102,6.1,1.5,9.7,10.4,,6.2,3.1,9.0,,,,2.3,,,,,,,,10.8,,,,,,,,,,,,59.1
3,PIN-2031-105,2.9,,,3.4,,2.3,,,,,,,,,,,,,,,,,,,,,,,,,,8.6
3,PIN-2124-115,2.9,,4.2,3.2,,2.7,2.0,,,,,,,,,,,,,,,,,,,,,,,,,14.9
3,PIN-2125-116,2.6,,4.1,2.7,,2.4,,,,,,,,,,,,,,,,,,,,,,,,,,11.9
3,PIN-2127-118,2.6,1.0,4.4,3.0,3.6,2.7,1.8,6.1,,,,,,,,,,,,,,,,,,,,,,,,25.3
3,PIN-2140-122,4.4,2.0,13.1,6.6,,6.1,3.2,,,,,3.0,,,,,,,,10.3,,,,,,,,,,,,48.7
3,PIN-2142-124,4.1,1.3,5.7,4.9,4.3,4.5,2.6,,,,,,,,,,,,,,,,,,,,,,,,,27.5
3,HIL-0099-002,6.1,3.2,13.4,6.0,4.7,7.1,4.0,,,,,2.3,,,,,,,,12.2,,,,,,,,,,,,58.9
3,HER-0984-007,2.6,,,2.6,,1.9,,,,,,,,,,,,,,,,,,,,,,,,,,7.0
3,HIL-1042-022,4.7,1.6,7.6,6.0,4.1,5.3,3.1,7.7,,,,1.9,,,,,,,,9.5,,,,,,,,,,,,51.5
3,HIL-1043-023,6.1,3.1,20.9,6.8,4.3,6.2,3.9,10.4,,,,3.3,,,,,,,,9.4,,,,,,,,,,,,74.4
3,HIL-1482-027,6.2,2.0,7.7,8.2,3.9,7.1,5.3,6.8,,,,2.3,,,,,,,,,,3.1,,,,,,,,,,52.5
3,HIL-0100-003,10.8,2.4,15.3,10.0,5.3,13.6,6.8,13.0,,,,3.0,,,,,,,,14.6,,,,,,,,,,,,94.8
3,HIL-1650-033,11.3,1.7,6.7,8.2,4.2,13.6,5.4,,,,,2.0,,,,,,,,,,,,,,,,,,,,53.2
3,HIL-1652-035,6.2,1.8,7.4,10.7,4.8,7.2,3.2,,,,,2.8,,,,,,,,,,,,,,,,,,,,44.0
3,HIL-1653-036,12.2,1.9,8.0,16.1,4.7,17.9,5.5,8.3,,,,2.2,,,,,,,,,,,,,,,,,,,,76.9
3,HIL-1976-039,8.5,1.5,23.6,6.9,4.9,17.7,5.6,55.0,,8.9,,,,,,,,,,70.2,,,,,,,,,,,,202.8
3,HIL-1979-042,3.7,1.2,6.1,4.6,4.0,4.4,2.8,,,,,,,,,,,,,9.2,,,,,,,,,,,,36.1
3,HIL-0102-005,7.0,2.2,9.0,6.5,4.0,6.5,3.8,8.9,,,,2.1,,,,,,,,,,,,,,,,,,,,50.0
3,HIL-2043-052,4.7,1.7,6.8,5.6,4.0,4.7,3.3,,,,,,,,,,,,,,,,,,,,,,,,,30.8
3,HIL-2061-053,3.4,1.1,5.3,4.4,,3.5,2.3,6.3,,,,,,,,,,,,,,,,,,,,,,,,26.3
3,HIL-2065-056,2.7,1.0,4.4,3.3,,2.4,1.8,,,,,,,,,,,,,,,,,,,,,,,,,15.7
3,HIL-2068-058,2.9,1.1,4.4,3.9,3.9,3.1,2.0,8.0,,,,,,,,,,,,,,,,,,,,,,,,29.3
3,HIL-2069-059,2.7,1.1,,3.1,,2.3,,,,,,,,,,,,,,,,,,,,,,,,,,9.1
3,HIL-2074-061,2.7,1.2,5.7,3.0,,2.3,,,,,,,,,,,,,,,,,,,,,,,,,,14.9
3,HIL-2087-067,2.2,,,2.4,,2.0,,,,,,,,,,,,,,,,,,,,,,,,,,6.7
3,HIL-2130-069,4.1,1.2,6.0,4.3,3.9,3.7,2.6,6.6,,,,,,,,,,,,,,,,,,,,,,,,32.4
3,HIL-0104-007,5.6,2.0,10.5,5.6,,5.8,3.1,7.5,,,,2.1,,0.3,,,,,,,,,,,,,,,,,,42.4
3,PIN-0314-003,2.9,1.3,4.7,2.6,,2.2,,,,,,,,,,,,,,,,,,,,,,,,,,13.7
3,PIN-0320-009,3.0,1.3,4.5,3.0,,2.6,,,,,,,,,,,,,,,,,,,,,,,,,,14.4
3,PIN-0326-015,2.5,1.2,,2.8,,2.0,,,,,,,,,,,,,,,,,,,,,,,,,,8.4
3,PIN-0560-020,4.0,1.4,5.2,3.3,,3.1,2.3,,,,,,,,,,,,,,,,,,,,,,,,,19.4
3,HIL-0879-015,10.8,1.8,6.0,,6.1,19.7,4.0,,,,,2.9,,,,,,,,,,,,,,,,,,,,51.4
3,PIN-1675-101,4.1,2.7,,,4.1,3.8,,,,,,1.9,,,,,,,,,,,,,,,,,,,,16.6
3,PIN-0312-001,2.7,1.2,,,,1.8,,,,,,,,,,,,,,,,,,,,,,,,,,5.8
3,PIN-0318-007,2.5,1.1,,,,2.0,,,,,,,,,,,,,,,,,,,,,,,,,,5.7
3,PIN-0322-011,2.5,,3.7,,,2.0,,,,,,,,,,,,,,,,,,,,,,,,,,8.2
3,PIN-0325-014,3.0,1.2,4.9,,,2.5,,,,,,,,,,,,,,,,,,,,,,,,,,11.6
3,HER-0361-001,3.3,1.5,,,,,2.5,,,,,,,,,,,,,,,,,,,,,,,,,7.2
3,HER-0362-002,2.4,,,,,,,,,,,,,,,,,,,,,,,,,,,,,,,2.4
3,HER-0365-005,2.8,1.1,,,,,,,,,,,,,,,,,,,,,,,,,,,,,,3.9
3,HIL-1483-028,5.4,2.0,8.1,5.5,3.7,6.1,3.4,,,,,2.2,,,,,,,,,,,,24.2,,39.6,,,,,,100.3
3,HIL-1484-029,4.0,1.5,5.8,4.1,4.0,4.9,2.8,,,,,,,,,,,,,,,,,12.3,,28.7,,,,,,68.1
3,PIN-0968-056,11.6,2.8,9.3,13.9,7.6,50.1,20.5,,,,,,,,,,,7.8,18.9,40.7,,,,,,,,,,,,183.1
3,PIN-0976-064,12.3,1.9,12.4,18.3,5.7,11.4,6.9,13.3,,,,2.1,,,,,,1.9,,18.9,,,,,,,,,,,,105.0
3,HIL-1033-021,4.5,1.4,5.0,6.7,4.1,3.9,2.8,,,,,,,,,,,3.0,,,,,,,,,,,,,,31.3
3,HIL-0098-001,7.2,3.2,15.3,6.0,5.5,6.9,4.1,10.9,,,,2.9,,,,,,,,12.0,,,,,,,,,,,,74.0
3,PIN-0563-023,9.0,2.2,13.3,9.3,4.5,8.9,4.5,8.3,,,,2.8,,,,,,,,10.7,,,,,,,,,,,,73.4
3,PIN-0757-026,7.4,1.5,5.3,6.5,,7.4,4.5,6.9,,,,,,,,,,,,,,,,,,,,,,,,39.4
3,PIN-0758-027,6.9,2.0,8.0,6.2,4.3,7.7,3.8,,,,,2.0,,,,,,,,,,,,,,,,,,,,40.9
3,PIN-0761-030,10.4,1.7,9.7,13.6,4.7,9.9,5.3,,,,,2.6,,,,,,,,,,,,,,,,,,,,57.9
3,PIN-0762-031,10.4,2.6,16.5,10.2,4.6,8.3,4.5,,,,,2.5,,,,,,,,11.0,,,,,,,,,,,,70.6
3,PIN-0768-033,9.3,1.6,13.9,8.3,,4.6,3.8,,,,,,,,,,,,,11.2,,,,,,,,,,,,52.7
3,PIN-0817-037,21.1,4.9,21.9,22.8,6.9,27.2,14.2,17.5,,,,3.3,,,,,,,,26.4,,,,,,,,,,,,166.2
3,PIN-0819-039,20.3,3.6,35.8,18.4,4.3,21.1,11.8,19.2,,,,2.1,0.4,,,,,,,30.2,,2.3,,,,,,,,,,169.5
3,PIN-0911-042,8.5,1.7,6.0,7.9,4.2,7.7,4.5,,,,,1.9,,,,,,,,,,,,,,,,,,,,42.3
3,HIL-0876-012,3.8,1.5,,2.5,4.7,2.8,2.4,,,,,,,,,,,,,,,,,,,,,,,,,17.7
3,PIN-0915-046,4.0,1.2,,3.7,,3.2,2.2,,,,,,,,,,,,,,,,,,,,,,,,,14.3
3,PIN-0917-048,8.5,2.3,13.2,11.6,,7.4,4.1,8.4,,,,3.3,0.8,,,,,,,,,3.6,,,,,,,,,,63.3
3,PIN-0918-049,3.5,1.5,6.3,2.6,4.3,2.6,,,,,,2.1,0.8,,,,,,,,,,,,,,,,,,,23.6
3,PIN-0964-052,3.0,1.3,5.7,2.7,,2.5,,,,,,1.9,,,,,,,,,1.7,,,,,,,,,,,18.9
3,PIN-0966-054,8.4,1.7,7.2,10.0,4.5,14.4,6.4,,,,,2.2,,,,,,,,,,,,,,,,,,,,54.9
3,PIN-0967-055,12.8,3.0,15.3,13.7,5.3,28.2,15.1,10.1,,,,2.5,,,,,,,,10.8,,,,,,,,,,,,116.8
3,PIN-0969-057,7.4,2.4,15.6,7.6,4.6,9.1,5.4,12.0,,,,2.5,,,,,,,,13.9,,,,,,,,,,,,80.5
3,PIN-0972-060,13.7,2.5,29.6,15.2,5.5,13.5,5.9,,,,,3.5,0.2,,,,,,,,,,,,,,,,,,,89.7
3,HIL-0878-014,6.0,1.7,5.5,6.0,,4.7,3.3,,,,,,0.5,,,,,,,,,,,,,,,,,,,27.6
3,PIN-0974-062,2.6,,,2.7,,2.4,,,,,,,,,,,,,,,,,,,,,,,,,,7.8
3,PIN-0977-065,17.5,3.6,20.3,33.0,8.7,17.4,9.1,16.2,,,,2.7,0.2,,,,,,,26.2,,,,,,,,,,,,155.0
3,PIN-0994-069,6.4,1.6,6.6,5.5,,5.3,3.5,,,,,2.1,,,,,,,,,,,,,,,,,,,,30.9
3,PIN-1036-072,16.3,2.5,17.8,21.7,4.1,19.6,7.4,7.8,,,,2.8,1.1,,,,,,,10.2,,2.6,,,,,,,,,,113.9
3,PIN-1105-075,11.8,2.3,13.8,13.4,4.3,11.9,6.4,9.6,,,,2.5,,,,,,,,12.5,,,,,,,,,,,,88.4
3,PIN-1108-078,17.2,2.6,9.8,3.2,,15.7,9.4,11.2,,,,,,,,,,,,19.5,,,,,,,,,,,,88.5
3,PIN-1505-080,4.8,1.9,7.6,4.2,4.2,6.2,4.0,8.6,,,,1.9,,,,,,,,10.0,,,,,,,,,,,,53.4
3,HIL-0880-016,16.1,2.1,11.9,13.8,5.1,18.8,6.3,,,,,2.3,,,,,,,,10.8,,,,,,,,,,,,87.2
3,PIN-1509-084,5.0,2.1,10.6,5.5,,4.5,3.0,,,,,2.3,,,,,,,,,,,,,,,,,,,,33.0
3,PIN-1513-088,4.9,2.0,10.6,5.4,4.3,5.3,3.6,7.9,,,,2.0,,,,,,,,9.5,,,,,,,,,,,,55.5
3,HIL-0881-017,,,,2.7,,,,,,,,,1.0,,,,,,,,,,,,,,,,,,,3.7
3,PIN-1672-098,3.1,,,3.1,,2.4,,,,,,,,,,,,,,,,,,,,,,,,,,8.6
3,PIN-1673-099,3.0,1.1,,3.0,4.3,3.3,,,,,,2.0,,,,,,,,,,,,,,,,,,,,16.6
3,PIN-1674-100,2.9,1.4,,2.5,,2.0,,,,,,2.1,,,,,,,,,,,,,,,,,,,,10.9
3,PIN-2030-104,2.8,1.2,,2.4,,2.2,,,1.4,,,1.9,,,,,,,,,,,,,,,,,,,,11.9
3,PIN-2041-107,4.6,5.5,32.4,2.5,,2.9,2.5,,,,4.6,4.4,,,,,,,,,,,,,,,,,,,,59.4
3,PIN-2045-109,7.3,2.6,10.4,5.7,4.1,6.6,4.1,7.3,,,,2.6,,,,,,,,9.2,,,,,,,,,,,,59.9
3,PIN-2081-114,3.2,1.0,4.5,3.9,3.8,3.5,2.3,6.3,,,,,,,,,,,,,,,,,,,,,,,,28.6
3,PIN-2126-117,2.8,1.1,,3.5,3.7,3.0,2.1,,,,,,,,,,,,,,,,,,,,,,,,,16.1
3,PIN-2138-120,4.5,1.4,8.1,5.5,,5.4,2.9,,,,,1.8,,,,,,,,9.1,,,,,,,,,,,,38.7
3,HIL-1031-019,4.6,1.4,5.6,5.5,4.2,3.8,2.9,,,,,,,,,,,,,,,,,,,,,,,,,28.1
3,PIN-2141-123,8.0,4.7,31.8,6.6,,6.7,3.9,11.3,,,,3.7,,,,,,,,10.4,,2.9,,,,,,,,,,89.9
3,HER-0363-003,2.4,,,3.6,,1.7,,,,,,,,,,,,,,,,,,,,,,,,,,7.7
3,HER-0366-006,5.0,1.1,6.2,4.5,,3.5,2.8,,,,,,,,,,,,,,,,,,,,,,,,,23.1
3,HIL-1044-024,4.6,1.6,7.6,4.4,,4.5,3.0,,,,,,,,,,,,,10.7,,,,,,,,,,,,36.4
3,HIL-1046-026,13.2,1.9,7.3,19.9,5.4,22.1,5.8,,,,,2.0,,,,,,,,9.2,,,,,,,,,,,,86.8
3,HIL-1487-032,6.5,1.4,7.0,5.8,,5.1,3.7,,,,,,,,,,,,,,,,,,,,,,,,,29.5
3,HIL-1651-034,11.8,2.2,10.9,10.7,4.6,11.1,6.5,,,,,3.0,,,,,,,,10.9,,,,,,,,,,,,71.7
3,HIL-1654-037,6.6,1.6,5.7,4.9,,6.3,3.6,7.3,,,,1.9,,,,,,,,,,,,,,,,,,,,37.9
3,HIL-0101-004,12.6,2.0,11.9,18.6,4.9,10.9,6.9,9.0,,,,2.3,,,,,,,,11.4,,,,,,,,,,,,90.5
3,HIL-1655-038,4.8,1.3,6.6,5.6,4.0,5.0,3.1,,,,,,,,,,,,,,,,,,,,,,,,,30.5
3,HIL-1977-040,14.0,2.7,22.8,16.0,5.4,15.2,7.9,16.0,,,,2.4,,,,,,,,19.7,,,,,,,,,,,,122.1
3,HIL-1978-041,3.7,1.4,6.5,4.3,3.8,4.1,2.7,7.6,,,,,,,,,,,,,,,,,,,,,,,,34.2
3,HIL-1980-043,4.4,1.8,14.0,4.3,4.0,3.8,2.8,,,,,2.2,,,,,,,,9.4,,,,,,,,,,,,46.6
3,HIL-1981-044,3.8,1.3,7.7,4.4,4.0,3.6,2.4,,,,,,,0.4,,,,,,,,,,,,,,,,,,27.6
3,HIL-2062-054,2.9,1.1,,2.8,,2.8,2.0,,,,,,,,,,,,,,,,,,,,,,,,,11.6
3,HIL-2066-057,2.0,,,2.1,,1.7,,,,,,,0.4,,,,,,,,,,,,,,,,,,,6.3
3,HIL-0103-006,9.3,2.9,209.0,6.7,5.0,18.2,5.4,,,10.3,5.1,5.2,0.4,,,,,,,72.1,,4.5,,,,,,,,,,354.2
3,HIL-2072-060,2.3,,,2.4,,1.9,,,,,,,,,,,,,,,,,,,,,,,,,,6.7
3,HIL-2075-062,2.4,,,2.5,,2.0,,,,,,,,,,,,,,,,,,,,,,,,,,6.9
3,HIL-2076-063,2.2,1.0,,2.2,,1.9,,,,,,,,,,,,,,,,,,,,,,,,,,7.4
3,HIL-2129-068,4.4,1.3,6.2,4.0,3.9,3.4,2.6,,,,,,,,,,,,,,,,,,,,,,,,,25.9
3,HIL-2131-070,3.2,1.3,5.5,3.2,,3.0,2.1,,,,,,,,,,,,,,,,,,,,,,,,,18.4
3,HIL-2132-071,4.9,1.1,5.7,6.0,,4.3,3.3,,,,,,,,,,,,,,,,,,,,,,,,,25.3
3,PIN-0313-002,8.0,3.1,11.4,5.8,,8.3,4.1,8.0,,,,3.8,,,,,,,,10.7,,3.7,,,,,,,,,,66.9
3,PIN-0315-004,2.4,,,2.7,,2.1,,,,,,,,,,,,,,,,,,,,,,,,,,7.3
3,HIL-0105-008,5.5,2.3,12.4,5.3,4.4,5.0,3.2,,,,,2.4,,,,,,,,10.3,,2.7,,,,,,,,,,53.5
3,PIN-0317-006,4.6,1.7,6.9,4.4,4.0,4.4,2.4,,,,,2.1,,,,,,,,,,,,,,,,,,,,30.5
3,PIN-0319-008,3.3,1.7,4.3,3.0,,2.9,1.9,,,,,,,,,,,,,,,,,,,,,,,,,17.0
3,PIN-0321-010,2.9,1.4,5.0,2.7,,2.5,,,,,,,,,,,,,,,,,,,,,,,,,,14.4
3,PIN-0323-012,2.8,1.2,4.7,2.9,,2.6,,,,,,,,,,,,,,,,,,,,,,,,,,14.1
3,HIL-0106-009,6.9,2.9,16.4,7.0,4.5,7.5,4.1,8.6,,,,2.9,,,,,,,,10.4,,,,,,,,,,,,71.3
3,PIN-0327-016,3.2,1.3,5.3,2.8,,2.9,,,,,,,,,,,,,,,,,,,,,,,,,,15.5
3,PIN-0329-018,2.3,1.1,3.9,2.1,,1.7,,,,,,,,,,,,,,,,,,,,,,,,,,11.2
3,PIN-0559-019,6.5,2.6,12.3,6.9,,6.1,3.5,7.3,,,,2.3,,,,,,,,10.0,,2.6,,,,,,,,,,60.1
3,PIN-0562-022,11.3,3.3,13.2,10.9,,12.3,6.8,8.9,,,5.2,5.2,1.0,,,,,,,12.7,,4.5,,,,,,,,,,95.3
3,PIN-0820-040,25.0,2.9,11.9,11.5,,11.8,7.2,14.2,,,,5.0,,,,,,23.6,,18.1,,,,,,,,,,,,131.3
3,PIN-2044-108,5.7,2.7,13.8,5.4,,5.5,3.5,,,,,2.3,,,,,,,,10.0,,,,,,,,,,,,48.9
3,PIN-0760-029,9.3,1.9,9.2,9.9,,10.6,5.2,,,,,3.0,,,,,,,,,,,,,,,,,,,,49.1
3,PIN-0763-032,2.9,1.1,,2.7,,,,,,,,,,,,,,,,,,,,,,,,,,,,6.7
3,PIN-0816-036,11.2,2.9,21.2,10.1,5.1,11.3,6.7,14.3,,,,2.3,,,,,,,,17.4,,,,,,,,,,,,102.5
3,PIN-0971-059,16.7,1.7,17.2,21.6,5.0,16.2,9.5,13.8,,,,2.2,,,,,,,,13.9,,,,,,,,,,,,117.9
3,PIN-1107-077,17.7,2.9,20.5,16.6,4.0,15.8,9.0,13.7,,,,2.4,,,,,,,,16.1,,,,,,,,,,,,118.7
3,PIN-1506-081,4.8,1.5,6.9,3.9,,4.2,3.0,,,,,2.0,,,,,,,,9.5,,,,,,,,,,,,35.7
3,PIN-2038-106,7.2,4.7,35.6,5.9,,5.1,3.5,10.1,,,,3.5,,,,,,,,11.9,,,,,,,,,,,,87.5
3,HIL-0885-018,6.9,1.6,6.5,8.0,,7.3,4.2,8.2,,,,2.0,,,,,,,,,,,,,,,,,,,,44.8
3,PIN-2139-121,4.4,1.4,6.9,5.1,,5.3,3.2,,,,,,,,,,,,,9.6,,,,,,,,,,,,35.9
3,HER-0364-004,3.4,,4.5,4.1,,2.6,,,,,,,,,,,,,,,,,,,,,,,,,,14.6
3,HIL-2063-055,2.2,,,2.6,,2.2,,,,,,,,,,,,,,,,,,,,,,,,,,7.1
3,HIL-2083-065,2.9,1.1,6.0,2.8,,2.3,,,,,,,,,,,,,,,,,,,,,,,,,,15.1
3,PIN-0316-005,2.9,1.1,4.2,2.7,,2.4,,,,,,,,,,,,,,,,,,,,,,,,,,13.3
3,PIN-0328-017,3.4,1.7,7.6,3.2,,2.8,2.0,,,,,2.3,,,,,,,,,,,,,,,,,,,,22.9
3,PIN-0561-021,14.9,,24.7,9.4,,9.7,,,,,,2.7,,,,,,,,11.8,,,,,,,,,,,,73.2
3,PIN-0324-013,2.6,1.2,4.3,,4.0,2.5,1.8,,,,,,,,,,,,,,,,,,,,,,,,,16.4
3,HIL-0107-010,5.6,1.7,10.4,,,7.7,3.6,,,,,3.1,,,,,,,,,,,,,,,,,,,,32.1
4,MTE-0618-020,6.5,2.0,8.9,5.7,,6.6,5.2,8.9,,,,,,,,,,,,13.9,,,,,,,,,,,,57.8
4,MTE-1488-022,1.8,,,2.5,,,,,,,,,,,,,,,,,,,,,,,,,,,,4.2
4,MTE-1489-023,3.4,0.2,4.1,2.4,,3.7,3.0,,,,,,,,,,,,,,,,,,,,,,,,,16.7
4,MTE-2027-030,1.2,,,3.4,,,,,,,,,,,,,,,,,,,,,,,,,,,,4.6
4,MTE-2073-034,,,,3.1,,,,,,,,,,,,,,,,,,,,,,,,,,,,3.1
4,MTE-2086-039,,,,2.6,,,,,,,,,,,,,,,,,,,,,,,,,,,,2.6
4,MTE-2135-045,5.4,,5.9,8.0,,8.1,3.3,,,,,,,,,,,,,,,,,,,,,,,,,30.6
4,CHA-0002-002,2.9,,,6.5,6.2,,,,,,,,,,,,,,,,,,,,,,,,,,,15.7
4,BRE-0717-013,3.1,,2.9,3.7,,,,,,,,,,,,,,,,,,,,,,,,,,,,9.6
4,CHA-0004-004,3.4,,,4.4,,,,,,,,,,,,,,,,,,,,,,,,,,,,7.8
4,CHA-0013-012,3.0,,,5.2,,,,,,,,,,,,,,,,,,,,,,,,,,,,8.2
4,CHA-0019-015,2.4,,,3.8,,,,,,,,,,,,,,,,,,,,,,,,,,,,6.2
4,BRE-0718-014,13.5,13.6,16.9,5.5,7.1,14.0,27.4,15.3,,,,4.4,,,,,,,,20.9,,,,,,,,,,,,138.5
4,CHA-0022-017,3.9,,3.8,15.2,,6.1,3.7,,,,,,,,,,,,,,,,,,,,,,,,,32.8
4,CHA-0027-021,,,,4.6,,,,,,,,,,,,,,,,,,,,,,,,,,,,4.6
4,CHA-0028-022,0.9,,,4.6,,,,,,,,,,,,,,,,,,,,,,,,,,,,5.6
4,CHA-0031-025,2.5,,,6.1,,,,,,,,,,,,,,,,,,,,,,,,,,,,8.6
4,CHA-0056-028,2.0,,,4.7,,,,,,,,,,,,,,,,,,,,,,,,,,,,6.8
4,CHA-0062-031,2.7,,,6.2,,,2.6,,,,,,,,,,,,,,,,,,,,,,,,,11.4
4,CHA-0065-034,1.7,,,3.9,,,2.1,,,,,,,,,,,,,,,,,,,,,,,,,7.7
4,CHA-0781-037,,,,7.6,,,,,,,,,,,,,,,,,,,,,,,,,,,,7.6
4,CHA-0783-039,0.9,,,2.5,,,,,,,,,,,,,,,,,,,,,,,,,,,,3.4
4,CHA-1714-040,1.3,,,3.0,,,,,,,,,,,,,,,,,,,,,,,,,,,,4.3
4,CHA-1951-043,4.1,,,6.1,,4.0,3.6,,,,,,,,,,,,,13.1,,,,,,,,,,,,31.0
4,CHA-1956-044,1.5,,,3.2,,,,,,,,,,,,,,,,,,,,,,,,,,,,4.7
4,CHA-1958-045,1.3,,,3.3,,,,,,,,,,,,,,,,,,,,,,,,,,,,4.6
4,CHA-1989-050,3.9,,,4.2,,3.6,3.3,,,,,,,,,,,,,,,,,,,,,,,,,15.1
4,CHA-1993-051,3.6,,5.4,4.7,,,,,,,,,,,,,,,,,,,,,,,,,,,,13.6
4,CHA-1994-052,3.0,,,3.3,,,2.7,,,,,,,,,,,,,,,,,,,,,,,,,9.0
4,DUV-0303-012,8.9,,16.6,10.5,6.5,10.4,6.2,16.3,,7.4,,,,,,,,,,26.5,,,,,,,,,,,,109.3
4,DUV-0332-015,5.4,,6.6,3.3,6.5,6.0,3.5,,,,,,,,,,,,,16.7,,,,,,,,,,,,48.0
4,DUV-0336-019,5.1,0.6,6.9,4.8,,5.6,3.8,,,,,,,,,,,,,18.6,,,,,,,,,,,,45.4
4,DUV-0337-020,9.9,1.4,11.9,10.0,,12.3,6.7,15.3,,,,,,,,,,,,20.4,,,,,,,,,,,,87.7
4,DUV-0338-021,8.2,,13.5,7.5,6.8,11.1,5.5,14.8,,,,,,,,,,,,23.6,,,,,,,,,,,,90.9
4,BRE-0703-002,4.3,,7.7,2.6,5.9,7.0,6.2,19.9,,,,,,,,,,,,20.0,,,,,,,,,,,,73.6
4,DUV-0339-022,5.1,,9.1,6.2,6.6,7.2,3.5,12.7,,,,,,,,,,,,20.0,,,,,,,,,,,,70.5
4,DUV-0551-035,3.8,,6.1,2.9,,5.0,3.3,,,,,,,,,,,,,14.6,,,,,,,,,,,,35.5
4,DUV-1117-036,3.7,,3.7,3.2,6.6,,,,,,,,,,,,,,,,,,,,,,,,,,,17.3
4,BRE-0897-022,3.7,0.8,4.5,4.2,,5.5,3.6,,,,,,,,,,,,,,,,,,,,,,,,,22.3
4,BRE-0898-023,5.2,0.7,11.1,5.3,,7.0,4.7,13.3,,,,,,,,,,,,21.5,,,,,,,,,,,,68.6
4,BRE-0903-027,6.8,1.7,19.7,5.3,6.4,9.4,6.9,14.8,,,,,,,,,,,,21.9,,,,,,,,,,,,93.0
4,BRE-0704-003,4.5,0.3,9.0,2.5,6.0,7.6,5.9,15.9,,,,,,,,,,,,22.2,,,,,,,,,,,,73.9
4,BRE-1729-042,5.5,1.1,10.2,5.0,6.7,9.9,6.6,17.5,,,,,,,,,,,,29.0,,,,,,,,,,,,91.6
4,BRE-0706-005,4.5,0.5,9.3,2.7,,11.0,5.5,,,,,,,,,,,,,17.8,,,,,,,,,,,,51.4
4,BRE-1736-048,5.9,1.0,10.5,5.4,6.4,9.4,7.3,17.5,,,,,,,,,,,,25.5,,,,,,,,,,,,88.9
4,BRE-1747-059,5.4,0.7,11.0,3.8,6.8,7.0,5.5,,,,,,,,,,,,,19.2,,,,,,,,,,,,59.3
4,BRE-1749-061,5.6,1.3,13.6,3.7,6.6,6.3,5.6,,,,,,,,,,,,,20.6,,,,,,,,,,,,63.2
4,BRE-1750-062,5.2,1.3,13.9,5.4,,7.7,6.3,13.2,,,,,,,,,,,,23.3,,,,,,,,,,,,76.2
4,BRE-1759-070,5.4,1.3,16.5,4.5,6.5,7.8,6.2,13.8,,,,,,,,,,,,20.1,,,,,,,,,,,,82.1
4,BRE-1764-075,4.2,0.6,6.9,4.2,6.1,,4.7,,,,,,,,,,,,,17.8,,,,,,,,,,,,44.5
4,MTE-0428-002,1.6,,3.2,3.8,,,,,,,,,,,,,,,,,,,,,,,,,,,,8.7
4,MTE-0433-007,11.8,1.3,11.4,13.1,7.2,16.5,9.6,,,,,,,,,,,,,,,,,,,,,,,,,70.9
4,MTE-0434-008,5.3,,4.7,7.4,,6.2,4.0,,,,,,,,,,,,,,,,,,,,,,,,,27.6
4,MTE-0612-014,1.7,,,3.4,,2.2,,,,,,,,,,,,,,,,,,,,,,,,,,7.3
4,MTE-0613-015,1.3,,,3.4,,2.1,,,,,,,,,,,,,,,,,,,,,,,,,,6.8
4,MTE-0614-016,1.9,,3.1,4.9,,2.7,2.0,,,,,,,,,,,,,,,,,,,,,,,,,14.6
4,BRE-1753-065,2.2,,4.5,,5.8,3.5,3.1,,,,,,,,,,,,,12.6,,,,,,,,,,,,31.8
4,MTE-2042-031,1.7,,4.1,,,2.4,2.0,,,,,,,,,,,,,,,,,,,,,,,,,10.1
4,MTE-2082-037,1.1,,,,,2.2,,,,,,,,,,,,,,,,,,,,,,,,,,3.4
4,MTE-2084-038,1.2,,,,,2.3,,,,,,,,,,,,,,,,,,,,,,,,,,3.5
4,BRE-0900-025,3.8,,6.7,,,5.7,4.2,,,,,,,,,,,,,14.9,,,,,,,,,,,,35.3
4,BRE-1722-035,6.4,,15.1,,,8.7,7.8,17.9,,,,,,,,,,,,28.4,,,,,,,,,,,,84.3
4,BRE-1755-067,4.6,0.4,8.6,,,8.0,5.9,13.6,,,,,,,,,,,,21.0,,,,,,,,,,,,62.1
4,BRE-1761-072,5.5,0.8,10.9,,,8.1,6.8,16.0,,,,,,,,,,,,21.6,,,,,,,,,,,,69.7
4,BRE-0719-015,4.1,0.3,3.8,,,,3.7,,,,,,,,,,,,,13.4,,,,,,,,,,,,25.3
4,BRE-0712-011,1.4,,,,,,,,,,,,,,,,,,,,,,,,,,,,,,,1.4
4,MTE-2133-043,1.5,,,,,,,,,,,,,,,,,,,,,,,,,,,,,,,1.5
4,DUV-0202-004,2.8,,,,,,,,,,,,,,,,,,,,,,,,,,,,,,,2.8
4,DUV-0213-009,2.1,,,,,,,,,,,,,,,,,,,,,,,,,,,,,,,2.1
4,DUV-0334-017,3.3,,,,,,,,,,,,,,,,,,,,,,,,,,,,,,,3.3
4,BRE-0724-020,2.5,,2.7,,,,,,,,,,,,,,,,,,,,,,,,,,,,,5.2
4,DUV-0542-026,2.2,,4.0,,,,,,,,,,,,,,,,,,,,,,,,,,,,,6.2
4,DUV-0548-032,2.0,,,,,,,,,,,,,,,,,,,,,,,,,,,,,,,2.0
4,BRE-1739-051,1.7,,5.3,,,,,,,,,,,,,,,,,,,,,,,,,,,,,7.1
4,BRE-1738-050,,,4.4,,,,,,,,,,,,,,,,,,,,,,,,,,,,,4.4
4,BRE-0702-001,4.0,0.3,7.1,3.5,6.0,6.8,5.9,15.3,,,,,,,,,,,,21.3,,,,,,,,,,,,70.1
4,MTE-1491-025,3.0,,,5.6,6.7,,2.8,,,,,,,,,,,,,,,,,,,,,,,,,18.2
4,MTE-1492-026,1.7,,,2.3,,2.8,2.1,,,,,,,,,,,,,,,,,,,,,,,,,8.9
4,MTE-1494-028,1.5,,,2.8,,2.2,,,,,,,,,,,,,,,,,,,,,,,,,,6.4
4,MTE-2071-033,1.1,,,4.0,,,,,,,,,,,,,,,,,,,,,,,,,,,,5.1
4,MTE-2077-035,,,,3.3,,1.5,,,,,,,,,,,,,,,,,,,,,,,,,,4.8
4,BRE-0716-012,2.8,,,4.0,,,,,,,,,,,,,,,,,,,,,,,,,,,,6.7
4,MTE-2134-044,1.6,,,3.9,,,,,,,,,,,,,,,,,,,,,,,,,,,,5.4
4,CHA-0003-003,4.8,1.0,7.6,7.2,,4.5,3.3,,,,,,,,,,,,,,,,,,,,,,,,,28.5
4,CHA-0008-008,4.5,,,11.6,,,3.6,,,,,,,,,,,,,,,,,,,,,,,,,19.7
4,CHA-0010-009,35.0,0.7,48.0,4.2,7.3,8.4,7.2,16.9,,,,,,,,,,,,24.4,,,,,,,,,,,,151.9
4,CHA-0011-010,6.3,0.7,10.2,11.3,6.6,5.1,3.6,,,,,4.1,,,,,,,,14.0,,,,,,,,,,,,61.9
4,CHA-0012-011,3.3,,5.4,10.1,,,,,,,,,,,,,,,,,,,,,,,,,,,,18.8
4,CHA-0018-014,1.1,,,2.9,,,,,,,,,,,,,,,,,,,,,,,,,,,,4.0
4,CHA-0020-016,,,,3.5,,,,,,,,,,,,,,,,,,,,,,,,,,,,3.5
4,CHA-0024-019,1.8,,,5.0,,,,,,,,,,,,,,,,,,,,,,,,,,,,6.7
4,CHA-0025-020,2.2,,,6.9,,,,,,,,,,,,,,,,,,,,,,,,,,,,9.2
4,CHA-0054-027,3.4,,5.4,7.0,,3.1,2.9,,,,,,,,,,,,,,,,,,,,,,,,,21.8
4,CHA-0057-029,1.9,,,4.4,,,2.2,,,,,,,,,,,,,,,,,,,,,,,,,8.4
4,CHA-0061-030,2.7,,,5.0,,2.7,2.5,,,,,,,,,,,,,,,,,,,,,,,,,12.9
4,CHA-0064-033,3.5,,,7.9,,,3.2,,,,,,,,,,,,,,,,,,,,,,,,,14.7
4,CHA-0779-035,1.0,,,2.8,,,,,,,,,,,,,,,,,,,,,,,,,,,,3.8
4,CHA-1715-041,2.2,,,3.9,,3.0,2.4,,,,,,,,,,,,,,,,,,,,,,,,,11.6
4,CHA-1960-046,,,,5.9,,,,,,,,,,,,,,,,,,,,,,,,,,,,5.9
4,CHA-1962-047,1.3,,,3.6,,2.3,,,,,,,,,,,,,,,,,,,,,,,,,,7.2
4,CHA-1987-048,1.7,,,4.3,,2.9,,,,,,,,,,,,,,,,,,,,,,,,,,8.9
4,CHA-2004-054,4.6,,,5.2,,6.2,3.7,,,,,,,,,,,,,,,,,,,,,,,,,19.7
4,DUV-0214-010,7.9,,20.1,5.2,7.6,8.1,4.9,15.1,,8.2,,,,,,,,,,25.7,,,,,,,,,,,,102.7
4,DUV-0333-016,12.3,2.8,20.7,11.8,6.8,14.1,7.8,,,,,,,,,,,,,20.5,,,,,,,,,,,,96.8
4,DUV-0541-025,4.2,0.8,10.6,4.7,,6.5,,,,8.9,,4.2,,,,,,,,20.9,,,,,,,,,,,,60.7
4,DUV-0543-027,8.1,3.3,33.1,7.1,8.6,11.1,5.8,24.5,,9.3,,,,,,,,,,36.2,,,,,,,,,,,,147.2
4,DUV-0546-030,5.1,2.3,6.4,3.1,,5.7,4.1,,,,,,,,,,,,,,,,,,,,,,,,,26.7
4,DUV-0550-034,8.3,1.1,11.9,9.5,,10.1,6.2,,,,,4.8,,,,,,,,21.8,,,,,,,,,,,,73.7
4,BRE-0705-004,3.7,,7.9,2.2,,5.8,5.1,,,,,,,,,,,,,16.5,,,,,,,,,,,,41.2
4,BRE-1728-041,5.8,1.0,14.0,3.5,6.1,7.9,7.0,16.8,,,,,,,,,,,,21.9,,,,,,,,,,,,84.0
4,BRE-1730-043,6.3,3.1,38.8,4.4,7.4,8.3,7.7,,,,,5.2,,,,,,,,27.6,,,,,,,,,,,,108.8
4,BRE-1732-045,6.1,0.7,9.6,3.7,6.0,8.3,7.2,17.8,,,,,,,,,,,,24.5,,,,,,,,,,,,83.9
4,BRE-1740-052,5.8,1.1,12.3,3.9,6.1,7.5,6.7,13.2,,,,,,,,,,,,23.0,,,,,,,,,,,,79.6
4,BRE-0707-006,5.1,0.7,9.3,3.0,6.8,7.3,7.9,16.5,,,,,,,,,,,,22.5,,,,,,,,,,,,78.9
4,BRE-1746-058,3.8,0.6,13.0,2.6,6.8,5.5,4.7,,,,,,,,,,,,,18.3,,,,,,,,,,,,55.2
4,BRE-1748-060,5.1,1.0,13.5,4.2,8.2,6.6,5.5,,,,,,,,,,,,,21.2,,,,,,,,,,,,65.2
4,BRE-1751-063,6.8,1.6,10.5,5.2,6.5,9.3,7.4,,,,,,,,,,,,,17.9,,,,,,,,,,,,65.2
4,BRE-1754-066,4.9,0.5,9.7,5.4,6.5,7.9,5.6,,,,,,,,,,,,,22.3,,,,,,,,,,,,62.9
4,BRE-1757-068,4.8,0.8,8.8,3.6,,5.9,5.7,12.6,,,,,,,,,,,,19.7,,,,,,,,,,,,62.0
4,BRE-1758-069,7.1,3.3,41.5,3.9,6.3,7.7,6.1,,,,,4.4,,,,,,,,24.3,,,,,,,,,,,,104.7
4,BRE-1760-071,5.8,1.5,20.2,4.4,6.8,8.2,6.4,,,,,,,,,,,,,22.3,,,,,,,,,,,,75.7
4,BRE-1765-076,4.2,0.9,8.5,2.9,,,4.1,,,,,,,,,,,,,,,,,,,,,,,,,20.6
4,MTE-0430-004,9.8,0.9,11.2,23.6,7.6,10.8,6.4,12.1,,,,4.0,,,,,,,,15.0,,,,,,,,,,,,101.4
4,MTE-0435-009,4.2,0.4,,5.3,7.0,,3.6,,,,,3.9,,,,,,,,,,,,,,,,,,,,24.4
4,MTE-0437-011,5.7,,5.5,12.9,,,4.2,,,,,,,,,,,,,,,,,,,,,,,,,28.4
4,MTE-0615-017,3.1,0.3,3.9,3.0,,2.9,2.6,,,,,,,,,,,,,,,,,,,,,,,,,15.9
4,MTE-0617-019,5.6,0.9,7.0,5.4,6.0,5.7,3.2,,,,,3.6,,,,,,,,,,,,,,,,,,,,37.3
4,BRE-0910-034,4.3,1.6,14.6,,6.2,,4.4,10.4,,,,4.0,,,,,,,,16.7,,,,,,,,,,,,62.2
4,BRE-1727-040,7.2,2.7,33.6,,8.7,9.0,7.5,22.1,,,,5.8,,,,,,,,28.9,,,,,,,,,,,,125.5
4,BRE-1763-074,4.4,0.6,6.9,,6.2,5.4,4.7,,,,,,,,,,,,,17.2,,,,,,,,,,,,45.3
4,MTE-2089-041,,,,,,1.7,,,,,,,,,,,,,,,,,,,,,,,,,,1.7
4,DUV-0335-018,3.3,,5.1,,,4.3,2.7,,,,,,,,,,,,,15.1,,,,,,,,,,,,30.4
4,BRE-0906-030,4.8,0.5,7.0,,,7.0,4.6,,,,,,,,,,,,,,,,,,,,,,,,,23.9
4,BRE-0908-032,3.1,0.5,7.2,,,4.3,4.5,,,,,,,,,,,,,15.8,,,,,,,,,,,,35.3
4,BRE-0909-033,6.7,1.0,10.1,,,9.6,8.1,,,,,,,,,,,,,25.3,,,,,,,,,,,,60.8
4,BRE-0896-021,2.9,0.4,4.9,,,,3.5,,,,,,,,,,,,,13.3,,,,,,,,,,,,25.0
4,BRE-0710-009,1.7,,3.5,,,,2.3,,,,,,,,,,,,,,,,,,,,,,,,,7.5
4,BRE-0720-016,3.7,,3.4,,,,,,,,,,,,,,,,,,,,,,,,,,,,,7.0
4,BRE-0721-017,4.0,,3.5,,,,,,,,,,,,,,,,,,,,,,,,,,,,,7.5
4,BRE-0723-019,3.1,,,,,,,,,,,,,,,,,,,,,,,,,,,,,,,3.1
4,DUV-0304-013,2.6,,,,,,,,,,,,,,,,,,,,,,,,,,,,,,,2.6
4,BRE-0709-008,,,4.6,,,,,,,,,,,,,,,,,,,,,,,,,,,,,4.6
4,DUV-0199-001,55.8,10.8,,47.8,20.6,72.9,26.4,224.3,,15.1,,,,,,,,24.3,56.8,308.2,,,3.9,,,,,,,,,867.0
4,CHA-0038-026,,,,,,,,,,,,,,,,,,9.6,,,,,,,,,,,,,,9.6
4,DUV-0201-003,19.6,4.3,96.8,15.1,8.9,26.2,11.6,91.9,,8.6,,,,,,,,10.3,27.5,134.5,,,4.8,,,,,,,,,460.0
4,MTE-1405-021,5.0,,4.9,6.5,6.2,7.3,4.1,,,,,,,,,,,,,,,,,,,,,,,,,34.1
4,MTE-1490-024,4.6,,4.1,6.6,6.2,5.0,3.9,,,,,,,,,,,,,,,,,,,,,,,,,30.5
4,MTE-2064-032,1.1,,,2.4,,2.1,,,,,,,,,,,,,,,,,,,,,,,,,,5.6
4,MTE-2078-036,,,,4.1,,1.8,,,,,,,,,,,,,,,,,,,,,,,,,,5.9
4,CHA-0001-001,2.5,,,3.7,6.6,,,,,,,,,,,,,,,,,,,,,,,,,,,12.8
4,CHA-0014-013,2.4,,,6.2,,,,,,,,,,,,,,,,,,,,,,,,,,,,8.6
4,CHA-0063-032,3.4,,,6.4,,,2.9,,,,,,,,,,,,,,,,,,,,,,,,,12.7
4,CHA-0780-036,,,,4.2,,,,,,,,,,,,,,,,,,,,,,,,,,,,4.2
4,CHA-1949-042,,,,2.9,,,,,,,,,,,,,,,,,,,,,,,,,,,,2.9
4,CHA-1988-049,3.7,,4.5,6.4,,,2.7,,,,,,,,,,,,,,,,,,,,,,,,,17.2
4,BRE-0722-018,3.7,0.5,3.8,4.9,,,,,,,,,,,,,,,,,,,,,,,,,,,,12.9
4,BRE-0907-031,5.5,1.4,16.5,4.7,6.6,8.6,8.8,16.6,,,,,,,,,,,,26.4,,,,,,,,,,,,95.0
4,BRE-1723-036,5.3,1.0,11.7,3.5,6.3,8.1,6.5,16.5,,,,,,,,,,,,23.1,,,,,,,,,,,,81.9
4,BRE-1752-064,4.3,,8.5,3.2,,6.8,5.6,,,,,,,,,,,,,18.2,,,,,,,,,,,,46.6
4,MTE-0427-001,,,,4.8,,,,,,,,,,,,,,,,,,,,,,,,,,,,4.8
4,MTE-0429-003,10.2,1.4,14.6,18.6,6.6,9.4,6.2,,,,,,,,,,,,,16.6,,,,,,,,,,,,83.6
4,MTE-0431-005,7.2,1.3,8.9,16.0,6.6,8.3,5.4,,,,,3.8,,,,,,,,17.1,,,,,,,,,,,,74.5
4,MTE-0436-010,3.3,,3.6,3.3,,,3.1,,,,,,,,,,,,,,,,,,,,,,,,,13.3
4,MTE-0616-018,2.1,0.5,5.6,4.6,,2.6,2.2,,,,,,,,,,,,,,,,,,,,,,,,,17.4
4,BRE-1741-053,5.2,1.1,11.4,,7.5,8.6,6.1,13.5,,,,,,,,,,,,20.4,,,,,,,,,,,,73.9
4,DUV-0547-031,1.7,,,,,3.3,,,,,,,,,,,,,,,,,,,,,,,,,,5.0
4,BRE-0904-028,4.2,1.5,16.8,,,5.3,4.8,13.1,,,,4.1,,,,,,,,17.2,,,,,,,,,,,,66.9
4,CHA-1999-053,5.3,,5.3,,,,5.5,,,,,,,,,,,,,,,,,,,,,,,,,16.2
4,BRE-0708-007,2.2,,,,,,2.8,,,,,,,,,,,,,,,,,,,,,,,,,5.0
4,BRE-0711-010,1.1,,,,,,,,,,,,,,,,,,,,,,,,,,,,,,,1.1
4,MTE-1493-027,3.5,0.9,6.5,,,,,,,,,,,,,,,,,,,,,,,,,,,,,10.9
4,DUV-0544-028,1.9,,,,,,,,,,,,,,,,,,,,,,,,,,,,,,,1.9
4,BRE-1745-057,1.2,,,,,,,,,,,,,,,,,,,,,,,,,,,,,,,1.2
4,BRE-1762-073,6.0,0.8,,,,,,,,,,,,,,,,,,,,,,,,,,,,,,6.8
5,ALC-2120-084,9.1,0.5,9.8,9.3,1.5,8.4,5.7,8.7,,,,,,,,,,,,7.2,,,,,,,,,,,,60.3
5,ALC-2121-085,7.1,0.3,9.3,5.2,1.3,5.8,4.9,9.8,,,,,,,,,,,,5.7,,,,,,,,,,,,49.4
5,DUV-1190-047,2.0,,,3.1,1.3,2.2,2.2,,,,,,,,,,,,,,,,,,,,,,,,,10.8
5,ORA-0487-002,11.1,0.0,5.3,14.0,,10.7,8.1,,,,,,,,,,,,,5.4,,,,,,,,,,,,54.5
5,ORA-0501-006,4.4,,,2.8,,5.9,4.3,,,,,,,,,,,,,,,,,,,,,,,,,17.4
5,ORA-0507-010,4.2,,,2.6,,5.4,3.8,,,,,,,,,,,,,,,,,,,,,,,,,16.0
5,ORA-0512-015,4.2,,,2.3,2.0,5.3,4.1,,,,,,,,,,,,,,,,,,,,,,,,,17.9
5,DUV-1192-049,1.8,,,2.7,,,,,,,,,,,,,,,,,,,,,,,,,,,,4.6
5,ORA-0521-018,4.3,,4.3,2.5,1.5,5.6,3.7,,,,,,,,,,,,,,,,,,,,,,,,,21.8
5,ORA-0533-025,4.1,,4.0,3.0,,5.0,4.0,,,,,,,,,,,,,,,,,,,,,,,,,20.0
5,ORA-0557-028,3.2,,3.9,0.8,,1.6,2.5,,,,,,,,,,,,,,,,,,,,,,,,,12.1
5,ORA-0626-030,8.6,1.1,8.3,7.6,2.0,9.3,5.9,,,,,,,,,,,,,,,,,,,,,,,,,42.8
5,ORA-0635-039,3.8,0.1,3.5,1.2,,5.6,4.0,,,,,,,,,,,,,,,,,,,,5.2,,,,,23.4
5,ORA-0636-040,8.9,1.2,9.8,7.0,2.1,8.6,6.7,9.2,,,,,,,,,,,,11.0,,,,,,,,,,,,64.6
5,ORA-0725-043,7.3,1.1,12.5,5.0,2.0,6.0,4.6,,,,,,,,,,,,,9.4,,,,,,,,,,,,47.8
5,ORA-0828-046,5.2,0.1,4.0,4.0,2.3,8.2,4.7,,,,,,,,,,,,,,,,,,,,,,,,,28.4
5,ORA-0829-047,3.0,0.1,,3.1,1.6,9.0,2.9,,,,,,,,,,,,,,,,,,,,,,,,,19.7
5,ORA-0841-050,5.5,0.3,3.6,4.2,1.9,7.1,3.9,,,,,,,,,,,,,,,,,,,,,,,,,26.4
5,ORA-1455-054,8.4,1.2,7.9,4.0,,9.5,5.8,,,,,,,,,,,,,5.3,,,,,,,,,,,,42.3
5,ORA-2033-058,13.7,2.5,19.6,5.4,,9.9,7.1,,,,,,,,,,,,,6.4,,,,,,,,,,,,64.5
5,ORA-2036-060,13.2,0.9,14.4,5.7,1.7,11.3,7.4,15.5,,,,,,,,,,,,11.6,,,,,,,,,,,,81.9
5,PAL-0138-005,2.6,0.1,7.1,3.2,3.3,3.5,2.4,9.4,,,,,,,,,,,,11.1,,,,,,,,,,,,42.8
5,PAL-0140-006,2.2,0.2,4.5,1.4,,1.8,2.0,,,,,,,,,,,,,,,,,,,,,,,,,12.1
5,PAL-0155-008,6.6,0.9,10.8,5.9,,6.8,4.4,,,,,,,,,,,,,,,,,,,,,,,,,35.3
5,PAL-0177-009,3.1,0.3,5.0,3.6,,3.9,3.3,,,,,,,,,,,,,,,,,,,,,,,,,19.3
5,PAL-0181-011,4.1,0.1,8.1,2.2,1.7,4.4,6.7,,,,,,,,,,,,,7.2,,,,,,,,,,,,34.5
5,PAL-0188-016,,,,1.9,,,,,,,,,,,,,,,,,,,,,,,,,,,,1.9
5,PAL-0190-018,2.5,0.1,4.4,2.9,,2.9,2.5,,,,,,,,,,,,,,,,,,,,,,,,,15.3
5,PAL-0192-020,2.0,0.2,,2.1,,2.3,2.0,,,,,,,,,,,,,,,,,,,,,,,,,8.6
5,PAL-0193-021,3.7,0.5,,3.3,,5.0,3.0,,,,,,,,,,,,,,,,,,,,,,,,,15.4
5,PAL-0194-022,2.4,0.0,,1.3,,2.4,2.5,,,,,,,,,,,,,,,,,,,,,,,,,8.7
5,DUV-1119-038,3.0,,,2.8,,,,,,,,,,,,,,,,,,,,,,,,,,,,5.8
5,PAL-0251-025,10.9,4.9,20.5,7.7,,10.2,6.6,,,,,,,,,,,,,8.7,,,,,,,,,,,,69.6
5,PAL-0254-028,1.4,,,2.8,,1.5,,,,,,,,,,,,,,,,,,,,,,,,,,5.7
5,PAL-0256-030,3.6,0.2,6.1,3.9,,3.3,2.9,,,,,,,,,,,,,,,,,,,,,,,,,20.0
5,PAL-0257-031,5.4,0.6,6.7,5.2,,11.0,5.5,,,,,,,,,,,,,,,,,,,,,,,,,34.4
5,PAL-0260-034,2.6,0.0,5.1,2.6,,2.6,2.2,,,,,,,,,,,,,,,,,,,,,,,,,15.1
5,ALC-0127-001,15.9,1.2,9.9,6.2,,18.8,7.9,,,,,,,,,,,,,,,,,,,,,,,,,59.9
5,ALC-0128-002,8.5,1.4,5.0,4.0,,15.2,5.3,,,,3.8,,3.9,,,,,,,,,1.7,,,,,,,,,,48.8
5,ALC-0130-004,19.5,1.9,14.4,15.8,2.0,26.8,10.5,,,,,,,,,,,,,7.1,,,,,,,,,,,,98.1
5,DUV-1120-039,6.8,0.7,9.2,8.9,,6.6,4.4,,,,,,,,,,,,,6.5,,,,,,,,,,,,43.2
5,ALC-0715-015,1.6,,,2.2,,,,,,,,,,,,,,,,,,,,,,,,,,,,3.8
5,ALC-0776-017,5.5,2.5,10.5,2.7,1.5,8.5,7.6,10.0,,,,,,,,,,,,12.0,,,,,,,,,,,,60.7
5,ALC-0809-021,2.2,0.2,,1.9,,2.3,2.6,,,,,,,,,,,,,,,,,,,,,,,,,9.3
5,ALC-0894-024,11.1,3.8,9.4,6.8,1.7,15.7,6.9,,,,,,0.1,,,,,,,,,1.5,,,,,,,,,,56.9
5,ALC-0930-027,7.2,0.4,8.6,5.4,,6.6,4.7,8.0,,,,,,,,,,,,6.1,,,,,,,,,,,,46.9
5,DUV-1122-041,10.6,1.6,15.5,8.5,,9.3,6.6,10.3,,,,,,,,,,,,9.9,,,,,,,,,,,,72.4
5,ALC-0932-029,,,,1.3,,,,,,,,,,,,,,,,,,,,,,,,,,,,1.3
5,ALC-0935-032,1.6,0.0,,3.2,,,,,,,,,,,,,,,,,,,,,,,,,,,,4.8
5,ALC-0936-033,1.6,0.1,,2.8,,,,,,,,,,,,,,,,,,,,,,,,,,,,4.5
5,ALC-0955-036,14.8,1.0,13.6,15.4,1.8,14.3,8.9,12.5,,,,,,,,,,,,13.3,,,,,,,,,,,,95.4
5,ALC-0957-038,4.8,0.7,,3.7,,9.3,4.7,,,,,,,,,,,,,,,1.3,,,,,,,,,,24.5
5,ALC-0958-039,7.9,0.7,9.5,5.2,,8.8,5.0,7.3,,,,,,,,,,,,7.4,,,,,,,,,,,,51.9
5,ALC-0996-041,,,,1.6,,,,,,,,,,,,,,,,,,,,,,,,,,,,1.6
5,ALC-1150-047,7.0,0.8,11.3,8.1,1.7,7.0,5.1,13.3,,,,,,,,,,,,14.6,,,,,,,,,,,,68.8
5,ALC-1152-049,11.5,0.7,11.2,12.0,,10.4,7.3,,,,,,,,,,,,,8.7,,,,,,,,,,,,61.8
5,DUV-1124-043,3.2,0.2,4.7,3.8,,3.0,2.7,,,,,,,,,,,,,,,,,,,,,,,,,17.7
5,ALC-1155-052,6.4,0.2,8.1,6.8,,5.8,4.4,8.8,,,,,,,,,,,,8.5,,,,,,,,,,,,49.1
5,ALC-1495-062,11.4,1.0,11.4,6.6,,12.4,8.3,8.1,,,,,,,,,,,,7.8,,,,,,,,,,,,67.1
5,ALC-1500-067,8.4,3.3,15.8,2.5,,6.6,5.4,9.0,,,,,,,,,,,,9.5,,,,,,,,,,,,60.6
5,ALC-1640-072,5.5,2.6,12.1,1.1,,7.8,7.4,10.7,,,,,,,,,,,,12.1,,,,,,,,,,,,59.4
5,ALC-1641-073,6.5,0.3,5.5,7.3,,0.7,,,,,,,,,,,,,,,,,,,,,,,,,,20.4
5,ALC-1643-075,5.8,2.1,8.4,1.5,,8.2,7.9,11.9,,,,,,,,,,,,13.6,,,,,,,,,,,,59.5
5,ALC-0998-043,2.8,0.6,,,,3.9,3.9,,,,,,,,,,,,,,,,,,,,,,,,,11.3
5,ALC-1158-055,1.5,,,,,1.0,,,,,,,,,,,,,,,,,,,,,,,,,,2.5
5,ALC-1496-063,2.9,0.0,3.3,,,2.4,2.3,,,,,,,,,,,,,,,,,,,,,,,,,10.9
5,ORA-0632-036,3.0,0.1,,,,,,,,,,,,,,,,,,,,,,,,,,,,,,3.0
5,DUV-1118-037,3.1,0.2,,4.4,,,2.8,,,,,,,,,,,,,,,,,,,,,,,,,10.6
5,ALC-2123-087,11.6,0.7,12.7,6.5,1.5,14.1,8.4,10.6,,,,,,,,,,,,10.3,,,,,,,,,,,,76.4
5,DUV-1191-048,3.1,1.2,13.8,2.5,,2.5,2.4,,,,,,,,,,,,,,,,,,,,,,,,,25.5
5,ORA-0488-003,8.2,0.1,6.4,7.0,1.6,10.8,4.8,,,,,,,,,,,,,,,,,,,,,,,,,38.9
5,ORA-0503-008,4.4,,4.4,3.1,1.6,5.7,4.0,,,,,,,,,,,,,,,,,,,,,,,,,23.1
5,ORA-0508-011,4.5,,,2.1,,4.5,3.7,,,,,,3.8,,,,,,,,,2.4,,,,,,,,,,21.0
5,ORA-0509-012,4.5,,,2.4,,5.5,4.0,,,,,,,,,,,,,,,,,,,,,,,,,16.5
5,ORA-0514-016,4.8,0.0,,2.5,2.0,5.2,3.9,,,,,,2.0,,,,,,,,,,,,,,,,,,,20.5
5,ORA-0523-019,4.2,,,2.6,,5.5,3.7,,,,,,,,,,,,,,,,,,,,,,,,,15.9
5,ORA-0524-020,3.6,,,2.4,1.5,4.4,3.2,,,,,,1.3,,,,,,,,,,,,,,,,,,,16.4
5,ORA-0525-021,4.4,,4.1,2.5,,5.3,3.8,,,,,,,,,,,,,,,,,,,,,,,,,20.1
5,ORA-0531-023,4.1,,,2.4,1.6,4.7,3.7,,,,,,1.4,,,,,,,,,1.5,,,,,,,,,,19.5
5,ORA-0556-027,4.2,0.5,,5.0,,8.4,3.1,,,,,,,,,,,,,,,,,,,,,,,,,21.2
5,ORA-0558-029,13.8,0.9,8.1,4.1,,11.6,7.6,,,,,,,,,,,,,,,,,,,,,,,,,46.1
5,ORA-0631-035,13.1,1.0,9.1,5.3,1.9,9.4,7.0,8.3,,,,,,0.4,4.3,,,,,8.5,,,,,,,,,,,,68.3
5,ORA-0634-038,5.5,0.4,,4.1,,10.5,5.2,,,,,,,,,,,,,,,,,,,,,,,,,25.7
5,ORA-0840-049,5.9,0.4,3.9,5.3,,7.8,4.0,,,,,,,,,,,,,,,,,,,,,,,,,27.3
5,ORA-1060-052,10.6,0.4,15.8,7.7,,7.5,5.8,,,,,,4.1,,,,,,,5.9,,,,,,,,,,,,57.8
5,ORA-1457-056,6.7,0.4,5.8,5.9,1.5,6.9,4.1,,,,,,,,,,,,,,,,,,,,4.5,,,,,35.9
5,ORA-2035-059,5.7,0.4,4.6,4.0,,9.0,4.5,,,,,,,,,,,,,,,1.3,,,,,,,,,,29.6
5,PAL-0135-002,5.0,0.1,9.6,2.5,1.9,6.4,,12.6,,,,,0.2,,,,,,,12.2,,,,,,,,,,,,50.4
5,PAL-0137-004,7.2,,15.7,1.2,,14.3,7.9,19.3,,,,,,,,,,,,23.3,,,,,,,,,,,,89.0
5,PAL-0144-007,5.3,0.4,7.0,4.8,,5.8,3.5,,,,,,,,,,,,,,,,,,,,,,,,,26.8
5,PAL-0180-010,2.0,,4.9,0.9,,1.6,,,,,,,0.1,,,,,,,,,,,,,,,,,,,9.4
5,PAL-0183-013,1.9,0.1,4.0,1.1,,2.1,2.2,,,,,,0.3,,,,,,,,,,,,,,,,,,,11.8
5,JEF-1384-002,,0.1,,2.5,,,,,,,,,,,,,,,,,,,,,,,,,,,,2.5
5,PAL-0187-015,5.7,1.0,5.8,4.3,,8.2,5.1,,,,,,,,,,,,,,,,,,,,,,,,,30.0
5,PAL-0189-017,4.4,0.7,5.6,4.5,,4.9,3.3,,,,,,,,,,,,,,,,,,,,,,,,,23.3
5,PAL-0191-019,8.1,2.7,8.1,4.2,,7.2,5.3,,,,,,,,,,,,,5.7,,,,,,,,,,,,41.3
5,PAL-0248-024,1.6,,,1.0,,2.9,2.5,,,,,,,,,,,,,,,,,,,,,,,,,7.9
5,PAL-0252-026,6.7,1.1,8.7,4.8,,7.0,5.3,,,,,,,,,,,,,7.9,,,,,,,,,,,,41.5
5,PAL-0255-029,1.9,0.0,5.0,1.9,,2.0,2.1,,,,,,,,,,,,,,,,,,,,,,,,,13.0
5,PAL-0258-032,2.3,0.1,5.7,1.5,,2.3,2.2,,,,,,,,,,,,,,,,,,,,,,,,,14.1
5,LIB-1607-001,3.5,0.1,3.5,3.5,1.5,4.0,2.8,,,,,,,,,,,,,,,,,,,,,,,,,18.8
5,ALC-0129-003,9.0,0.6,6.3,4.8,,14.5,5.4,,,,,,2.8,,,,,,,,,2.4,,,,,,4.6,,,,50.4
5,ALC-0131-005,20.4,1.2,14.3,18.3,,24.6,10.7,9.7,,,,,,,,,,,,8.6,,,,,,,,,,,,107.8
5,ALC-0132-006,7.8,1.1,7.4,4.3,,11.9,4.4,,,,,,0.4,,,,,,,,,,,,,,,,,,,37.4
5,ALC-0564-009,,,,0.2,,,,,,,,,,,,,,,,,,,,,,,,,,,,0.2
5,ALC-0568-013,1.6,,,1.5,,,2.0,,,,,,,,,,,,,,,,,,,,,,,,,5.1
5,ALC-0714-014,1.8,,,1.6,,,,,,,,,,,,,,,,,,,,,,,,,,,,3.4
5,ALC-0777-018,5.3,2.4,10.3,3.2,,9.0,8.3,,,,,,,,,,,,,13.0,,,,,,,,,,,,51.6
5,DUV-1121-040,3.2,,4.9,4.8,,,2.9,,,,,,,,,,,,,,,,,,,,,,,,,15.8
5,ALC-0778-019,5.4,2.3,8.2,3.0,,9.1,9.1,,,,,,,,,,,,,14.4,,,,,,,,,,,,51.5
5,ALC-0813-022,2.1,0.2,,2.6,,,,,,,,,,,,,,,,,,,,,,,,,,,,5.0
5,ALC-0893-023,11.2,3.9,8.7,8.1,,17.3,6.8,,,,,,,,,,,,,4.6,,,,,,,,,,,,60.6
5,ALC-0895-025,21.6,2.4,16.2,15.7,,26.0,10.6,8.0,,,,,,,,,,,,7.2,,,,,,,,,,,,107.8
5,ALC-0929-026,5.0,1.9,8.3,3.8,,9.2,7.8,10.6,,,,,,,,,,,,10.8,,,,,,,,,,,,57.5
5,ALC-0934-031,32.3,3.0,19.8,21.2,1.8,41.1,15.2,10.6,,,,,0.7,,,,,,,12.3,,,,,,,,,,,,157.9
5,ALC-0937-034,81.2,4.9,17.8,17.6,4.4,67.0,55.9,43.2,,,,,,0.0,,,,,,48.9,,,,,,,,,,,,340.8
5,ALC-0956-037,18.4,1.4,19.7,16.6,2.0,16.3,9.9,12.2,,,,,1.2,,,,,,,15.2,,,,,,,,,,,,112.9
5,DUV-1123-042,3.1,0.3,,3.7,,2.8,2.9,,,,,,,,,,,,,,,,,,,,,,,,,12.8
5,ALC-0995-040,1.4,,,0.3,,0.7,,,,,,,,,,,,,,,,,,,,,,,,,,2.4
5,ALC-0997-042,1.5,,,1.7,,,,,,,,,,,,,,,,,,,,,,,,,,,,3.2
5,ALC-1000-044,3.7,1.0,5.6,1.3,,6.1,,,,,,,,,,,,,,7.7,,,,,,,,,,,,25.3
5,ALC-1151-048,8.4,0.8,11.7,11.9,,8.6,5.2,10.9,,,,,,,,,,,,17.1,,,,,,,,,,,,74.7
5,ALC-1153-050,6.9,0.2,9.4,12.0,2.3,5.8,4.1,10.8,,,,,,,,,,,,12.5,,,,,,,,,,,,63.9
5,ALC-1154-051,5.5,0.2,8.0,5.3,,4.6,3.7,8.1,,,,,,,,,,,,7.7,,,,,,,,,,,,43.1
5,ALC-1157-054,7.6,0.5,11.0,8.1,,6.4,4.8,10.4,,,,,2.4,,,,,,,10.9,,,,,,,,,,,,62.0
5,DUV-1131-044,8.2,1.1,12.1,7.1,,8.3,4.8,9.8,,,,,,,,,,,,9.5,,,,,,,,,,,,60.9
5,DUV-1132-045,9.1,0.6,9.9,12.5,,11.8,6.5,8.1,,,,,,,,,,,,10.0,,,,,,,,,,,,68.6
5,ALC-1501-068,2.8,,3.3,1.2,,,,,,,,,0.5,,,,,,,,,,,,,,,,,,,7.8
5,ALC-1644-076,26.5,22.3,79.4,6.5,2.8,59.0,34.8,66.7,,10.1,,,,,,,,,17.5,83.0,,2.1,,,,,,,,,,410.7
5,ALC-1647-079,5.8,2.2,8.7,3.7,,9.9,6.8,,,,,,,,,,,,,7.4,,,,,,,,,,,,44.5
5,ALC-2122-086,9.3,0.3,20.1,,3.8,23.6,8.9,10.6,,,,,,,,,,,,5.8,,,,,,,,,,,,82.5
5,ORA-0640-042,4.6,0.5,6.9,,,5.2,3.9,,,,,,,,,,,,,,,,,,,,,,,,,21.0
5,ALC-0931-028,5.0,0.7,4.6,,,7.2,4.4,,,,,,,,,,,,,,,1.5,,,,,,,,,,23.3
5,ALC-1621-071,1.9,,,,,1.7,2.1,,,,,,,,,,,,,,,,,,,,,,,,,5.7
5,ORA-0827-045,2.0,,,,,,2.6,,,,,,,,,,,,,,,,,,,,,,,,,4.6
5,ORA-0627-031,8.2,,6.9,,,,,45.8,,,,,,,,,,,,71.6,,,,,,,,,,,,132.5
5,ALC-0567-012,1.6,0.0,,,,,,,,,,,,,,,,,,,,,,,,,,,,,,1.6
5,ALC-1172-058,1.6,,,,,,,,,,,,4.1,,,,,,,,,,,,,,,,,,,5.7
5,ALC-1177-060,1.7,,,,,,,,,,,,,,,,,,,,,,,,,,,,,,,1.7
5,ALC-1497-064,1.8,,,,,,,,,,,,,,,,,,,,,,,,,,,,,,,1.8
5,ALC-1620-070,1.7,,,,,,,,,,,,,,,,,,,,,,,,,,,,,,,1.7
5,PAL-0253-027,,,,,,,,,,,,,0.0,,,,,,,,,,,,,,,,,,,0.0
5,PAL-0136-003,3.3,0.4,5.6,3.4,,2.7,2.8,,,,,,,,,,,,,,,,,,,,,,,,,18.2
5,ALC-1074-046,5.1,2.4,9.0,1.0,1.2,7.3,7.0,9.0,,,,,,,,,,,,10.8,,,,,,,,,,,,52.9
5,DUV-1186-046,2.7,0.1,5.2,3.2,,3.1,2.6,,,,,,,,,,,,,,,,,,,,,,,,,16.9
5,ORA-0300-001,7.4,0.9,6.4,1.7,1.2,3.5,4.0,,,,,,,,,,,,,,,,,,,,,,,,,25.2
5,ORA-0489-004,7.6,0.5,5.6,5.3,1.5,6.2,4.9,,,,,,,,,,,,,,,,,,,,,,,,,31.7
5,ORA-0511-014,4.2,,,2.4,2.3,4.8,3.5,,,,,,,,,,,,,,,,,,,,,,,,,17.1
5,ORA-0534-026,4.5,0.1,4.3,2.4,1.6,5.2,3.9,,,,,,,,,,,,,,,,,,,,,,,,,22.0
5,ORA-1057-051,4.8,0.3,4.5,2.9,,7.6,6.2,,,,,,,,,,,,,,,,,,,,,,,,,26.4
5,ORA-2032-057,13.2,1.4,22.8,7.5,2.5,18.0,7.0,16.3,,,,,,,,,,,,14.6,,,,,,,,,,,,103.4
5,PAL-0134-001,2.0,0.1,4.6,2.0,,1.9,2.1,,,,,,,,,,,,,,,,,,,,,,,,,12.7
5,PAL-0184-014,,,,2.7,,,,,,,,,,,,,,,,,,,,,,,,,,,,2.7
5,PAL-0247-023,1.6,,,1.6,,2.3,2.2,,,,,,,,,,,,,,,,,,,,,,,,,7.7
5,PAL-0259-033,,,,0.5,,0.8,,,,,,,,,,,,,,,,,,,,,,,,,,1.3
5,ALC-0133-007,12.4,2.6,10.3,10.1,1.5,21.9,7.6,,,,,,0.3,,,,,,,,,1.2,,,,,,,,,,68.0
5,ALC-0446-008,,,4.2,1.9,,,,,,,,,,,,,,,,,,,,,,,,,,,,6.1
5,ALC-0565-010,1.5,,,0.5,,,,,,,,,,,,,,,,,,,,,,,,,,,,2.0
5,ALC-0954-035,7.3,1.0,6.3,6.2,1.8,11.4,5.5,,,,,,,,,,,,,,,,,,,,,,,,,39.4
5,ALC-1156-053,8.4,1.0,12.7,7.2,,8.0,4.9,12.0,,,,,,,,,,,,12.7,,,,,,,,,,,,66.9
5,ALC-1162-057,1.6,,3.5,0.4,,,,,,,,,,,,,,,,,,,,,,,,,,,,5.4
5,ALC-1498-065,4.8,0.6,6.5,2.0,,5.8,4.4,7.9,,,,,,,,,,,,6.0,,,,,,,,,,,,37.9
5,ALC-1646-078,10.6,10.5,34.6,2.8,1.8,24.6,18.0,30.8,,7.3,,,,,,,,,,32.0,,1.7,,,,,,,,,,174.7
5,ALC-1468-061,1.2,0.0,,,,,,,,,,,,,,,,,,,,,,,,,,,,,,1.2
5,ALC-1502-069,1.3,,3.8,,,,,,,,,,,,,,,,,,,,,,,,,,,,,5.2
6,POL-0156-001,7.7,2.9,,8.9,,9.0,6.0,8.7,,,,,,,,,,5.8,,11.9,,,,,,,0.3,,,,,61.1
6,POL-0164-009,7.9,2.5,,11.3,,10.8,5.9,,,,,,,,,,,4.3,,11.3,,,,,,,0.4,,,,,54.3
6,PAS-0771-004,7.9,1.9,,7.3,,4.6,,,,,,1.1,,,,,,,,,,0.4,,,,,0.3,,,,,23.5
6,PAS-0882-008,12.4,2.1,,15.4,,13.6,6.0,,,,,,,,,,,,,11.1,,,,,,,0.5,,,,,61.1
6,PAS-0883-009,14.0,2.5,12.3,15.1,,13.6,6.7,,,,,,,,,,,,,11.7,,,,,,,0.3,,,,,76.3
6,PAS-0884-010,9.5,2.1,,12.8,,10.4,5.2,,,,,,,,,,,,,,,,,,,,0.3,,,,,40.4
6,PAS-0979-012,2.4,,,5.8,,2.5,,,,,,,,,,,,,,,,,,,,,0.4,,,,,11.1
6,PAS-0980-013,5.2,,,7.0,,4.9,,,,,,,,,,,,,,,,,,,,,0.4,,,,,17.5
6,PAS-0981-014,7.6,,,8.8,,7.4,3.9,,,,,,,,,,,,,,,,,,,,1.6,,,,,29.3
6,PAS-0982-015,5.4,,,6.9,,5.4,,,,,,,,,,,,,,,,,,,,,0.2,,,,,17.9
6,PAS-0983-016,4.4,,,8.2,,4.6,,,,,,,,,,,,,,,,,,,,,0.2,,,,,17.5
6,PAS-0987-019,6.0,,,7.8,,3.6,,7.2,,,,,,,,,,,,,,,,,,,0.3,,,,,25.0
6,PAS-1039-024,8.6,,,10.9,,9.8,4.9,,,,,,,,,,,,,,,,,,,,0.2,,,,,34.5
6,PAS-1041-026,3.5,,,6.0,,3.0,,,,,,,,,,,,,,,,,,,,,0.3,,,,,12.7
6,OKE-1270-002,3.1,,,7.1,,4.7,,,,,,,,,,,,,,,,,,,,,0.3,,,,,15.1
6,OKE-1271-003,3.0,,,6.1,,4.5,,,,,,,,,,,,,,,,,,,,,0.4,,,,,14.0
6,OKE-1285-007,3.2,,,6.1,,3.6,,,,,,,,,,,,,,,,,,,,,0.4,,,,,13.3
6,OKE-1293-014,3.6,,,6.3,,4.1,,,,,,,,,,,,,,,,,,,,,6.8,,,,,20.8
6,OKE-1304-016,3.6,,,6.1,,4.5,,,,,,,,,,,,,,,,,,,,,0.4,,,,,14.5
6,OKE-1307-019,3.0,,,6.1,,5.2,,,,,,,,,,,,,,,,,,,,,0.3,,,,,14.5
6,OKE-1322-022,3.2,,,5.8,,4.1,,,,,,,,,,,,,,,,,,,,,0.3,,,,,13.4
6,OKE-1335-024,2.9,,,6.5,,4.0,,,,,,,,,,,,,,,,,,,,,0.3,,,,,13.8
6,POL-0157-002,9.0,4.4,,9.3,,10.9,7.3,9.8,,,,,,,,,,,,13.2,,,,,,,0.3,,,,,64.3
6,POL-0158-003,9.0,3.3,,9.5,,10.9,7.6,7.9,,,,,,,,,,,,12.1,,,,,,,0.3,,,,,60.5
6,POL-0160-005,8.8,2.0,,11.7,,8.8,5.2,7.2,,,,,,,,,,,,,,,,,,,0.3,,,,,44.0
6,POL-0161-006,8.6,1.8,15.5,10.9,,8.2,5.1,21.1,,,,,,,,,,,,25.7,,,,,,,0.3,,,,,97.1
6,POL-0162-007,3.7,,,6.3,,3.8,,9.9,,,,,,,,,,,,14.4,,,,,,,0.4,,,,,38.5
6,POL-0163-008,7.1,,,7.7,,5.3,3.8,,,,,,,,,,,,,10.2,,,,,,,0.2,,,,,34.2
6,POL-0165-010,7.4,1.7,,7.3,,5.9,4.1,,,,,,,,,,,,,,,,,,,,0.2,,,,,26.6
6,POL-0166-011,11.2,2.3,10.3,12.6,,7.3,6.4,7.7,,,,,,,,,,,,11.8,,,,,,,0.4,,,,,69.9
6,POL-0167-012,11.6,3.0,11.6,12.6,,9.9,6.9,10.2,,,,,,,,,,,,13.7,,,,,,,0.3,,,,,79.9
6,POL-0168-013,8.2,,,9.7,,8.7,4.9,,,,,,,,,,,,,,,,,,,,0.2,,,,,31.7
6,POL-0169-014,7.0,2.2,18.3,7.2,,8.1,4.7,12.3,,,,,,,,,,,,14.1,,,,,,,0.4,,,,,74.3
6,POL-0171-015,5.2,2.0,,6.2,,12.6,5.1,13.3,,,,,,,,,,,,15.1,,,,,,,0.2,,,,,59.7
6,POL-0172-016,3.6,,,6.8,,4.1,,,,,,,,,,,,,,,,,,,,,0.3,,,,,14.7
6,POL-0173-017,4.6,,,6.1,,4.8,,,,,,,,,,,,,,,,,,,,,0.2,,,,,15.7
6,POL-0174-018,6.2,,,8.6,,5.1,3.6,,,,,,,,,,,,,,,,,,,,0.3,,,,,23.8
6,POL-0301-019,5.6,,,6.5,,3.7,,,,,,,,,,,,,,,,,,,,,0.3,,,,,16.2
6,POL-1694-021,6.3,1.8,,7.3,,5.3,3.7,6.9,,,,,,,,,,,,,,,,,,,,,,,,31.3
6,POL-1695-022,16.9,3.1,10.3,11.7,,10.2,7.1,12.9,,,,,,,,,,,,15.1,,,,,,,,,,,,87.2
6,POL-1696-023,7.3,3.3,,8.8,,9.5,6.6,7.9,,,,,,,,,,,,,,,,,,,,,,,,43.5
6,POL-1984-024,5.7,2.0,,8.6,,7.4,,7.9,,,,,,,,,,,,11.6,,,,,,,,,,,,43.1
6,POL-1986-025,5.4,2.2,,8.4,,4.5,,10.3,,,,,,,,,,,,13.3,,,,,,,,,,,,44.1
6,SEM-0637-001,5.2,,,8.0,,5.6,,,,,,1.1,,,,,,,,,,,,,,,,,,,,19.9
6,SEM-0638-002,7.2,2.1,,9.0,,8.5,4.5,,,,,,,,,,,,,10.3,,,,,,,,,,,,41.5
6,SEM-0726-003,3.8,,,5.6,,3.7,,,,,,,,,,,,,,,,,,,,,,,,,,13.1
6,SEM-0727-004,8.3,2.2,15.6,7.8,,6.2,4.4,11.2,,,,,,,,,,,,15.4,,,,,,,,,,,,71.2
6,SEM-0728-005,8.6,2.0,,10.1,,15.7,6.6,,,,,1.0,,,,,,,,,,,,,,,,,,,,44.0
6,SEM-0941-006,4.3,2.0,,7.5,,4.7,,,,,,,,,,,,,,,,,,,,,,,,,,18.5
6,SEM-0944-008,4.6,,,7.0,,4.3,,,,,,,,,,,,,,,,,,,,,,,,,,15.9
6,SEM-0945-009,6.9,2.4,,8.1,,8.4,5.1,,,,,,,,,,,,,11.7,,,,,,,,,,,,42.6
6,SEM-1058-010,9.5,2.0,,7.5,,10.4,6.7,,,,,,,,,,,,,10.9,,,,,,,,,,,,46.9
6,SEM-1059-011,3.2,,,6.3,,2.2,,,,,,,,,,,,,,,,,,,,,,,,,,11.7
6,PAS-0770-003,5.7,1.8,,8.7,,4.9,,7.6,,,,,,,,,,,,,,,,,,,0.3,,,,,28.9
6,PAS-0772-005,3.9,,,,,4.1,,,,,,,,,,,,,,,,,,,,,0.5,,,,,8.5
6,PAS-0773-006,3.0,,,,,3.0,,,,,,,,,,,,,,,,,,,,,0.4,,,,,6.4
6,PAS-0774-007,1.6,,,,,1.4,,,,,,,,,,,,,,,,,,,,,0.3,,,,,3.3
6,PAS-0921-011,2.7,,,,,2.7,,,,,,,,,,,,,,,,,,,,,0.4,,,,,5.7
6,PAS-0985-017,1.8,,,,,2.0,,,,,,,,,,,,,,,,,,,,,0.4,,,,,4.1
6,PAS-0986-018,2.9,,,,,1.5,,,,,,,,,,,,,,,,,,,,,0.3,,,,,4.7
6,PAS-0988-020,2.6,,,,,2.3,,,,,,,,,,,,,,,,,,,,,0.3,,,,,5.3
6,PAS-0990-021,2.2,,,,,1.9,,,,,,,,,,,,,,,,,,,,,0.3,,,,,4.4
6,PAS-0991-022,1.8,,,,,1.5,,,,,,,,,,,,,,,,,,,,,0.1,,,,,3.4
6,PAS-0992-023,3.0,,,,,2.6,,,,,,,,,,,,,,,,,,,,,0.8,,,,,6.4
6,OKE-1269-001,3.2,,,,,3.2,,,,,,,,,,,,,,,,,,,,,0.3,,,,,6.7
6,OKE-1274-006,2.9,,,,,4.8,,,,,,,,,,,,,,,,,,,,,0.3,,,,,8.0
6,OKE-1320-020,3.8,,,,,3.0,,,,,,,,,,,,,,,,,,,,,0.3,,,,,7.1
6,OKE-1350-027,3.2,,,,,2.8,,,,,,,,,,,,,,,,,,,,,0.5,,,,,6.4
6,POL-1693-020,1.6,,,,,2.0,,,,,,,,,,,,,,,,,,,,,,,,,,3.6
6,PAS-0367-001,3.7,,,,,3.3,,,,,,,,,,,,,,,,,,,,,0.2,,,,,7.2
6,PAS-0368-002,2.0,,,,,1.4,,,,,,,,,,,,,,,,,,,,,0.4,,,,,3.8
6,PAS-2028-029,,,,,,,,,,,,,,,,,,,,,,,,,,,0.2,,,,,0.2
6,POL-0159-004,,,,,,,,,,,,,,,,,,,,,,,,,,,0.1,,,,,0.1
6,LAF-1194-001,,,,,,,,,,,,,,,,,,,,,,,,,,,0.9,,,,,0.9
6,LAF-1677-002,,,,,,,,,,,,,,,,,,,,,,,,,,,0.8,,,,,0.8
6,LAF-1678-003,,,,,,,,,,,,,,,,,,,,,,,,,,,0.8,,,,,0.8
6,PAS-1040-025,2.1,,,,,,,,,,,,,,,,,,,,,,,,,,,,,,,2.1
6,PAL-0377-047,2.8,,,,,2.8,,,,,,,,,,,,,,,,0.4,,8.7,,,0.8,,,,,15.5
6,PAL-1367-131,3.4,,,,,4.6,,,,,,,,,,,,,,,,,,9.1,,,0.9,,,,,17.9
6,PAL-0381-051,2.8,,,6.5,,3.6,,,,,,,,,,,,3.8,,,,,,,,,1.0,,,,,17.7
6,PAL-0422-056,2.6,,,,,3.5,,,,,,,,,,,,4.7,,,,0.4,,,,,0.8,,,,,12.0
6,PAL-0490-059,8.6,2.9,21.8,9.8,,16.1,8.3,11.1,,,,1.6,,,,,,3.7,,18.6,,0.5,,,,,0.7,,,,,103.6
6,PAL-0492-061,12.4,3.9,56.3,11.9,,57.1,18.3,43.3,,20.4,,1.8,,,,,,5.5,,51.1,,0.9,,,,,0.7,,,,,283.6
6,PAL-0345-044,8.5,2.4,,,,2.6,,,,,,2.7,0.6,,,,,4.7,,,,1.3,,,,,0.6,,,,,23.6
6,PAL-0261-035,6.2,1.9,,9.6,,5.9,,,,,,,,,,,,,,10.3,,,,,,,0.8,,,,,34.7
6,PAL-0347-045,4.9,2.0,,6.8,,4.9,,,,,,,,,,,,,,,,0.7,,,,,0.9,,,,,20.2
6,PAL-0379-049,3.8,,,8.7,,10.3,,,,,,,,,,,,,,,,,,,,,0.8,,,,,23.5
6,PAL-0380-050,7.2,2.5,,7.9,,10.1,7.9,,,,,1.3,,,,,,,,13.1,,,,,,,4.0,,,,,54.0
6,PAL-0382-052,6.0,,,9.5,,6.0,,,,,,,,,,,,,,12.8,,,,,,,1.0,,,,,35.2
6,PAL-0383-053,6.5,2.1,,9.8,,6.6,,8.8,,,,,,,,,,,,12.0,,,,,,,0.8,,,,,46.7
6,PAL-0420-054,5.5,1.9,,7.1,,6.2,,,,,,1.2,,,,,,,,,,,,,,,0.8,,,,,22.7
6,PAL-0262-036,6.5,,10.9,7.9,,5.2,,10.9,,,,,,,,,,,,13.9,,,,,,,0.8,,,,,56.2
6,PAL-0421-055,8.6,2.4,9.1,7.7,,8.6,6.6,9.6,,,,1.6,,,,,,,,12.4,,0.3,,,,,1.0,,,,,67.8
6,PAL-0424-058,7.8,2.3,,7.7,,8.1,4.1,,,,,,,,,,,,,10.9,,,,,,,0.8,,,,,41.5
6,PAL-0493-062,6.7,2.7,9.2,9.7,,7.6,4.1,9.0,,,,1.3,,,,,,,,11.0,,0.3,,,,,0.8,,,,,62.5
6,PAL-0263-037,7.5,3.0,19.0,9.8,,7.4,4.1,7.7,,,,2.1,,,,,,,,11.4,,0.5,,,,,0.7,,,,,73.0
6,PAL-0494-063,5.7,2.3,9.6,9.3,,5.5,,,,,,1.3,,,,,,,,12.4,,,,,,,0.7,,,,,46.7
6,PAL-0495-064,7.3,3.2,,10.4,,8.8,4.3,,,,,1.2,,,,,,,,11.3,,,,,,,0.9,,,,,47.4
6,PAL-0497-066,3.2,,,6.3,,3.7,,,,,,,,,,,,,,,,,,,,,2.0,,,,,15.2
6,PAL-0264-038,6.7,1.9,9.6,10.5,,5.9,,8.7,,,,,,,,,,,,12.6,,,,,,,0.9,,,,,56.7
6,PAL-0743-073,5.8,2.0,,6.2,,5.8,4.0,,,,,,,,,,,,,,,,,,,,0.7,,,,,24.4
6,PAL-1268-082,2.6,,,5.4,,4.0,,,,,,,,,,,,,,,,,,,,,0.7,,,,,12.7
6,PAL-1277-084,2.4,,,5.8,,4.0,,,,,,,,,,,,,,,,,,,,,0.7,,,,,12.9
6,PAL-1284-091,2.4,,,5.6,,3.8,,,,,,,,,,,,,,,,,,,,,0.3,,,,,12.1
6,PAL-0340-039,4.7,,,6.7,,5.5,,,,,,,,,,,,,,,,,,,,,0.9,,,,,17.8
6,PAL-1295-093,2.6,,,5.5,,3.4,,,,,,,,,,,,,,,,,,,,,0.5,,,,,12.1
6,PAL-1296-094,2.2,,,5.6,,3.6,,,,,,,,,,,,,,,,,,,,,0.5,,,,,11.9
6,PAL-1297-095,2.5,,,5.6,,4.9,,,,,,,,,,,,,,,,,,,,,0.6,,,,,13.5
6,PAL-1298-096,2.5,,,5.2,,4.3,,,,,,,,,,,,,,,,,,,,,0.5,,,,,12.4
6,PAL-1300-098,2.4,,,5.3,,3.4,,,,,,,,,,,,,,,,,,,,,0.3,,,,,11.4
6,PAL-1317-107,2.5,,,5.3,,4.3,,,,,,,,,,,,,,,,,,,,,0.2,,,,,12.4
6,PAL-1318-108,9.0,,,6.0,,11.7,5.7,,,,,1.6,,,,,,,,,,,,,,,0.7,,,,,34.7
6,PAL-0341-040,15.3,11.4,109.2,9.3,,151.6,47.9,47.9,,14.4,,2.5,,,,,,,,53.8,,0.7,,,,,0.8,,,,,464.9
6,PAL-1328-110,2.9,,,7.1,,4.3,,,,,,,,,,,,,,,,,,,,,0.7,,,,,15.0
6,PAL-1330-112,2.4,,,5.4,,4.0,,,,,,,,,,,,,,,,,,,,,0.4,,,,,12.3
6,PAL-1331-113,2.3,,,6.6,,4.5,,,,,,,,,,,,,,,,,,,,,0.4,,,,,13.7
6,PAL-1347-122,2.9,,,5.6,,3.6,,,,,,,,,,,,,,,,,,,,,0.6,,,,,12.7
6,PAL-1357-126,3.5,,,6.5,,4.2,,,,,,,,,,,,,,,,,,,,,0.4,,,,,14.6
6,PAL-0342-041,7.2,1.9,9.0,7.0,,5.2,3.7,,,,,,,,,,,,,,,,,,,,0.6,,,,,34.6
6,PAL-1537-133,2.5,,,6.0,,3.1,,,,,,,,,,,,,,,,,,,,,0.9,,,,,12.5
6,PAL-1538-134,5.5,2.8,21.4,5.9,,5.3,,,,,,4.4,,,,,,,,,,,,,,,1.4,,,,,46.6
6,PAL-0343-042,8.6,2.3,,9.7,,8.6,4.7,,,,,,,,,,,,,11.8,,,,,,,0.9,,,,,46.7
6,PAL-2055-139,2.5,,,7.3,,4.5,,,,,,,,,,,,,,,,,,,,,1.2,,,,,15.5
6,PAL-2057-140,2.0,,,6.7,,4.2,,,,,,,,,,,,,,,,,,,,,1.0,,,,,13.9
6,PAL-0348-046,3.2,,,,,4.1,,,,,,,,,,,,,,,,0.3,,,,,0.8,,,,,8.5
6,PAL-0378-048,3.6,,,,,4.5,,,,,,,,,,,,,,,,,,,,,0.9,,,,,8.9
6,PAL-0423-057,,,,,,1.2,,,,,,,,,,,,,,,,,,,,,0.6,,,,,1.9
6,PAL-0491-060,3.4,1.9,10.6,,,4.1,,,,,,1.0,,,,,,,,,,,,,,,0.8,,,,,21.7
6,PAL-0496-065,1.9,,,,,1.5,,,,,,,,,,,,,,,,,,,,,0.9,,,,,4.3
6,PAL-0696-067,2.3,,,,,2.2,,,,,,,,,,,,,,,,,,,,,0.6,,,,,5.2
6,PAL-0697-068,2.6,,,,,2.6,,,,,,,,,,,,,,,,,,,,,0.7,,,,,5.8
6,PAL-0698-069,1.9,,,,,1.7,,,,,,,,,,,,,,,,,,,,,1.8,,,,,5.4
6,PAL-0742-072,4.4,1.8,,,,4.8,,,,,,,,,,,,,,,,,,,,,0.8,,,,,11.8
6,PAL-1261-075,2.3,,,,,3.2,,,,,,,,,,,,,,,,,,,,,0.6,,,,,6.0
6,PAL-1263-077,2.1,,,,,3.3,,,,,,,,,,,,,,,,,,,,,0.7,,,,,6.1
6,PAL-1265-079,1.8,,,,,3.4,,,,,,,,,,,,,,,,,,,,,1.1,,,,,6.3
6,PAL-1266-080,1.6,,,,,3.4,,,,,,,,,,,,,,,,,,,,,0.7,,,,,5.7
6,PAL-1267-081,2.6,,,,,4.1,,,,,,,,,,,,,,,,,,,,,0.7,,,,,7.4
6,PAL-1294-092,2.5,,,,,3.5,,,,,,,,,,,,,,,,,,,,,0.4,,,,,6.4
6,PAL-1302-100,19.5,,,,,16.1,6.1,,,,,2.8,,,,,,,,,,,,,,,0.6,,,,,45.1
6,PAL-1316-106,2.4,,,,,4.1,,,,,,,,,,,,,,,,,,,,,0.4,,,,,6.9
6,PAL-1319-109,4.1,,,,,4.7,,,,,,,,,,,,,,,,,,,,,0.4,,,,,9.2
6,PAL-1329-111,2.4,,,,,4.0,,,,,,,,,,,,,,,,,,,,,0.6,,,,,7.0
6,PAL-1346-121,2.5,,,,,4.0,,,,,,,,,,,,,,,,,,,,,0.6,,,,,7.1
6,PAL-1348-123,2.7,,,,,4.2,,,,,,,,,,,,,,,,,,,,,0.6,,,,,7.4
6,PAL-1349-124,2.5,,,,,3.6,,,,,,,,,,,,,,,,,,,,,0.6,,,,,6.7
6,PAL-1358-127,2.2,,,,,3.9,,,,,,,,,,,,,,,,,,,,,0.5,,,,,6.6
6,PAL-1359-128,1.9,,,,,3.6,,,,,,,,,,,,,,,,,,,,,0.3,,,,,5.8
6,PAL-1368-132,2.2,,,,,3.4,,,,,,,,,,,,,,,,,,,,,0.8,,,,,6.4
6,PAL-1539-135,3.5,1.9,8.9,,,1.8,,,,,,1.1,,,,,,,,,,,,,,,0.9,,,,,18.0
6,PAL-1937-136,1.9,,,,,2.6,,,,,,,,,,,,,,,,,,,,,0.8,,,,,5.3
6,PAL-2052-137,2.5,,,,,4.6,,,,,,,,,,,,,,,,,,,,,0.8,,,,,8.0
6,PAL-2054-138,2.6,,,,,4.7,,,,,,,,,,,,,,,,,,,,,1.1,,,,,8.4
6,PAL-0699-070,,,,,,,,,,,,,,,,,,,,,,,,,,,0.6,,,,,0.6
6,PAL-0741-071,,,,,,,,,,,,,,,,,,,,,,,,,,,0.8,,,,,0.8
6,SEM-1061-012,7.9,2.3,,8.8,,7.6,5.0,7.4,,,,1.6,,,,,,,,,,,,,,,,,,,,40.6
6,SEM-1062-013,9.9,2.4,,10.9,,9.4,6.2,7.3,,,,1.1,,,,,,,,10.9,,,,,,,,,,,,58.2
6,SEM-1063-014,11.1,2.3,9.8,7.9,,10.5,6.9,8.2,,,,1.5,,,,,,,,,,,,,,,,,,,,58.1
6,SEM-1521-015,3.7,,,6.8,,4.4,,,,,,,,,,,,,,,,,,,,,,,,,,14.9
6,SEM-1697-016,4.6,,,7.1,,5.8,,,,,,,,,,,,,,,,,,,,,,,,,,17.5
6,SEM-1698-017,25.0,2.7,18.5,9.0,,16.5,10.6,18.9,,,,1.1,,,,,,,,18.4,,,,,,,,,,,,120.6
6,SEM-1699-018,6.9,1.9,,8.7,,7.5,6.0,9.8,,,,,,,,,,,,14.1,,,,,,,,,,,,55.0
6,SEM-1700-019,7.6,2.0,,8.3,,6.1,4.3,,,,,,,,,,,,,,,,,,,,,,,,,28.2
6,SEM-2034-024,6.9,1.9,,7.7,,8.2,6.2,9.3,,,,,,,,,,,,11.7,,,,,,,,,,,,52.0
6,PUT-0570-002,3.2,,,5.8,,3.2,,,,,,,,,,,,,,,,,,,,,,,,,,12.2
6,PUT-0713-003,2.0,,,,,1.9,,,,,,,,,,,,,,,,,,,,,,,,,,4.0
6,PUT-0953-005,2.9,2.9,15.2,,,2.7,,,,,,1.2,,,,,,,,,,,,,,,,,,,,24.8
6,PUT-1002-006,2.6,,,,,1.8,,,,,,,,,,,,,,,,,,,,,,,,,,4.5
6,PUT-1178-011,4.6,,,,,2.7,3.8,,,,,,,,,,,,,,,,,,,,,,,,,11.1
6,PUT-1683-012,,,,,,1.2,,,,,,,,,,,,,,,,,,,,,,,,,,1.2
6,PUT-0952-004,2.1,,,,,,,,,,,,,,,,,,,,,,,,,,,,,,,2.1
6,PUT-1174-008,1.6,,,,,,,,,,,,,,,,,,,,,,,,,,,,,,,1.6
6,PUT-1176-010,1.9,,,,,,,,,,,,,,,,,,,,,,,,,,,,,,,1.9
7,GLA-1208-009,2.1,,,,,3.9,2.2,,,,,,,,,,,4.9,,,,,,,,,,,,,,13.1
7,OSC-0170-001,1.7,,,,,,2.1,,,,,,,,,,,15.7,,,,,,,,,,,,,,19.6
7,GLA-1214-015,2.3,,,1.6,,,2.4,,,,,,,,,,,3.1,,,,,,,,,,,,,,9.4
7,GLA-1226-027,2.9,,,2.0,,5.2,3.2,,,,,,,,,,,3.9,,,,,,,,,,,,,,17.2
7,MAO-0888-014,4.5,4.2,4.6,1.7,,5.5,3.0,,,,,,,,,,,,,,,,,,,,,,,,,23.4
7,MAO-0889-015,2.2,,,0.3,,3.2,2.0,,,,,,,,,,,,,,,,,,,,,,,,,7.7
7,MAO-0959-024,3.1,,,1.2,,4.4,2.9,,,,,,,,,,,,,,,,,,,,,,,,,11.7
7,MAO-0999-025,2.9,4.0,4.3,0.8,,5.0,3.7,,,,,,,,,,,,,,,,,,,,,,,,,20.8
7,MAO-1047-026,4.0,4.3,,1.1,,4.8,3.4,,,,,,,,,,,,,,,,,,,,,,,,,17.7
7,OSC-0299-005,6.8,4.3,6.3,2.3,,6.2,3.5,,,,,4.1,,,,,,,,,,,,,,,,,,,,33.6
7,GLA-1210-011,2.1,,,1.0,,4.2,2.3,,,,,,,,,,,,,,,,,,,,,,,,,9.6
7,OSC-0832-007,3.4,,,2.2,,6.1,2.8,,,,,,,,,,,,,,,,,,,,,,,,,14.5
7,OSC-0837-012,4.6,4.1,6.8,3.7,,7.2,3.3,,,,,4.1,,,,,,,,3.7,,1.5,,,,,,,,,,38.9
7,OSC-0855-015,4.9,4.4,6.3,4.3,,8.4,3.4,,,,,4.1,,,,,,,,4.1,,,,,,,,,,,,40.0
7,GLA-1213-014,2.5,,,1.7,,4.5,2.7,,,,,,,,,,,,,,,,,,,,,,,,,11.3
7,OSC-0857-017,7.7,5.1,6.2,6.0,,12.3,7.7,14.7,,,,,,,,,,,,18.2,,1.6,,,,,,,,,,79.5
7,OSC-1073-020,5.2,3.8,5.9,6.0,0.9,8.6,4.2,,,,,,,,,,,,,3.5,,,,,,,,,,,,38.1
7,OSC-1982-022,6.6,5.1,5.9,4.1,,10.6,5.3,9.4,,,,,,,,,,,,8.8,,,,,,,,,,,,55.9
7,OSC-1983-023,2.3,,,1.1,,3.6,2.1,,,,,,,,,,,,,,,,,,,,,,,,,9.2
7,HEN-1251-005,2.3,,,1.9,,4.8,2.9,,,,,,,,,,,,,,,,,,,,,,,,,11.8
7,HEN-2048-015,2.4,,,2.3,,6.0,3.0,,,,,,,,,,,,,,,,,,,,,,,,,13.8
7,HEN-2058-016,2.3,,,1.2,,4.7,2.5,,,,,,,,,,,,,,,,,,,,,,,,,10.8
7,HIG-2016-002,2.4,,4.6,1.8,,3.6,2.4,,,,,,,,,,,,,,,,,,,,,,,,,14.8
7,HIG-2021-007,4.6,,6.0,3.8,,5.4,3.2,,,,,,,,,,,,,4.0,,,,,,,,,,,,26.9
7,HIG-2022-008,2.8,,4.5,2.3,,4.0,2.3,,,,,,,,,,,,,,,,,,,,,,,,,15.9
7,HIG-2024-010,2.3,,4.2,2.1,,3.5,2.4,,,,,,,,,,,,,3.4,,,,,,,,,,,,17.9
7,DES-1991-002,4.4,,4.7,6.1,,6.2,3.5,,,,,,,,,,,,,,,,,,,,,,,,,25.0
7,DES-2001-005,4.7,4.5,6.8,3.6,,5.6,3.7,,,,,,,,,,,,,,,,,,,,,,,,,28.9
7,DES-2002-006,4.8,4.0,5.1,5.0,,5.5,3.0,,,,,,,,,,,,,,,,,,,,,,,,,27.5
7,JAC-1581-001,4.0,,4.1,2.0,,5.0,2.5,,,,,3.7,,,,,,,,,,,,,,,,,,,,21.2
7,SUW-1165-002,1.3,,,0.1,,,,,,,,,,,,,,,,,,,,,,,,,,,,1.4
7,WAL-1583-005,4.1,4.3,4.5,2.9,,6.2,3.2,,,,,3.8,,,,,,,,,,,,,,,,,,,,28.9
7,GLA-1228-029,3.0,,,2.8,,5.8,3.1,,,,,,,,,,,,,,,,,,,,,,,,,14.7
7,GLA-1229-030,1.6,,,1.5,,3.7,2.1,,,,,,,,,,,,,,,,,,,,,,,,,9.0
7,GLA-1231-032,2.0,,,1.5,,4.4,2.6,,,,,,,,,,,,,,,,,,,,,,,,,10.5
7,GLA-1233-034,2.2,,,1.6,,4.4,2.5,,,,,,,,,,,,,,,,,,,,,,,,,10.7
7,SUW-1429-006,1.6,,,1.2,,,,,,,,,,,,,,,,,,,,,,,,,,,,2.8
7,GLA-1245-043,2.4,,,1.7,,4.7,2.7,,,,,,,,,,,,,,,,,,,,,,,,,11.6
7,GLA-1259-051,2.4,,,1.8,,5.1,3.1,,,,,,,,,,,,,,,,,,,,,,,,,12.3
7,GLA-2050-054,2.4,,4.1,1.4,,4.9,2.4,,,,,,,,,,,,,,,,,,,,,,,,,15.1
7,GLA-2053-056,2.4,,,2.2,,,,,,,,,,,,,,,,,,,,,,,,,,,,4.6
7,GLA-2143-058,3.0,,,1.0,,3.6,,,,,,,,,,,,,,,,,,,,,,,,,,7.6
7,GLA-2145-059,2.0,4.3,,1.1,,,,,,,,,,,,,,,,,,,,,,,,,,,,7.4
7,LAK-0351-002,4.6,4.4,,1.6,,5.2,3.1,,,,,,,,,,,,,,,,,,,,,,,,,18.8
7,LAK-0500-005,3.6,,,2.0,,5.7,2.9,,,,,,,,,,,,,,,,,,,,,,,,,14.2
7,LAK-0505-006,3.4,,,2.3,,5.4,2.7,,,,,,,,,,,,,,,,,,,,,,,,,13.8
7,LAK-0517-011,7.0,4.3,,8.0,,7.2,4.1,,,,,4.1,,,,,,,,,,,,,,,,,,,,34.6
7,LAK-0519-012,3.6,,,3.1,,5.6,3.4,,,,,,,,,,,,,,,,,,,,,,,,,15.7
7,LAK-0526-015,3.3,,4.0,2.2,,5.2,2.8,,,,,,,,,,,,,,,,,,,,,,,,,17.6
7,LAK-0529-017,2.6,,3.9,2.4,,3.8,2.0,,,,,,,,,,,,,,,,,,,,,,,,,14.7
7,LAK-1054-020,2.8,,,2.5,,4.2,2.7,,,,,,,,,,,,,,,,,,,,,,,,,12.2
7,LAK-1458-023,3.1,4.1,,1.5,,3.7,2.8,,,,,,,,,,,,,,,,,,,,,,,,,15.2
7,LAK-1462-027,3.0,,,2.1,,3.8,2.4,,,,,,,,,,,,,,,,,,,,,,,,,11.3
7,LAK-1465-030,2.9,4.0,,2.1,,3.5,2.2,,,,,,,,,,,,,,,,,,,,,,,,,14.7
7,LAK-1833-031,2.7,3.9,3.8,1.6,,3.5,2.7,,,,,,,,,,,,,,,,,,,,,,,,,18.1
7,MAO-0870-007,3.2,,5.0,2.4,,4.5,2.8,,,,,,,,,,,,,,,,,,,,,,,,,17.9
7,MAO-0871-008,2.0,,6.9,1.4,,3.9,2.0,11.3,,,,,,,,,,,,,,,,,,,,,,,,27.6
7,GIL-1686-004,,,,,,2.7,,,,,,,,,,,,,,,,,,,,,,,,,,2.7
7,LAK-0515-009,2.2,,,,,3.3,1.9,,,,,,,,,,,,,,,,,,,,,,,,,7.4
7,MAO-0891-017,1.5,,,,,,,,,,,,,,,,,,,,,,,,,,,,,,,1.5
7,HEN-1944-012,1.3,,,,,,,,,,,,,,,,,,,,,,,,,,,,,,,1.3
7,HAM-1434-003,1.2,,,,,,,,,,,,,,,,,,,,,,,,,,,,,,,1.2
7,HAM-1469-006,1.5,,,,,,,,,,,,,,,,,,,,,,,,,,,,,,,1.5
7,MAD-1471-005,1.2,,,,,,,,,,,,,,,,,,,,,,,,,,,,,,,1.2
7,GLA-1255-047,2.3,,,,,,,,,,,,,,,,,,,,,,,,,,,,,,,2.3
7,SUW-1431-008,1.3,,,,,,,,,,,,,,,,,,,,,,,,,,,,,,,1.3
7,SUW-1609-010,1.2,,,,,,,,,,,,,,,,,,,,,,,,,,,,,,,1.2
7,GLA-1209-010,2.1,,,1.3,,3.8,,,,,,,,,,,,3.4,,,,,,,,,,,,,,10.7
7,GLA-1215-016,2.1,,,,,4.0,2.4,,,,,,,,,,,3.5,,,,,,,,,,,,,,12.0
7,GLA-1220-021,3.4,,,1.3,,5.6,2.7,,,,,,,,,,,3.0,,,,,,,,,,,,,,16.1
7,LAK-0516-010,2.5,3.9,,1.1,,4.8,2.4,,,,,,,,,,,7.4,,,,,,,,,,,,,,22.2
7,SUW-1164-001,,,,1.9,,,,,,,,,,,,,,,,,,,,,,,,,,,,1.9
7,MAO-0886-012,2.4,,,2.0,,5.5,2.7,,,,,,,,,,,,,,,,,,,,,,,,,12.6
7,MAO-0890-016,2.5,,5.2,1.7,,4.3,2.2,,,,,,,,,,,,,6.0,,,,,,,,,,,,21.9
7,MAO-1048-027,3.2,4.1,,2.0,,4.7,3.2,,,,,,,,,,,,,,,,,,,,,,,,,17.3
7,OSC-0296-002,8.3,5.0,6.4,4.7,,13.1,5.8,,,,,4.8,,,,,,,,,,,,,,,,,,,,48.2
7,OSC-0297-003,7.9,4.5,6.7,4.4,,8.8,4.8,,,,,4.0,,,,,,,,,,,,,,,,,,,,41.1
7,OSC-0831-006,1.3,,,0.6,,3.3,,,,,,,,,,,,,,,,,,,,,,,,,,5.2
7,OSC-0834-009,8.4,5.2,7.2,2.9,0.5,13.9,7.1,16.3,,,,4.0,,,,,,,,16.6,,1.7,,,,,,,,,,83.8
7,OSC-0835-010,8.4,5.6,8.3,3.1,,13.8,8.2,16.2,,,,4.2,,,,,,,,15.9,,2.0,,,,,,,,,,85.8
7,OSC-0836-011,4.9,4.2,6.8,5.7,0.7,8.1,3.5,,,,,4.0,,,,,,,,5.2,,,,,,,,,,,,43.2
7,OSC-0839-014,4.2,4.4,8.8,3.3,,9.5,3.6,10.1,,,,,,,,,,,,7.7,,,,,,,,,,,,51.6
7,OSC-0856-016,8.1,5.4,6.8,3.7,,12.9,8.0,13.2,,,,4.1,,,,,,,,17.0,,1.9,,,,,,,,,,81.1
7,OSC-0858-018,4.7,4.5,5.6,5.6,,7.3,3.8,9.0,,,,,,,,,,,,6.2,,,,,,,,,,,,46.7
7,OSC-0859-019,5.5,4.7,5.3,2.7,,8.9,4.9,9.2,,,,,,,,,,,,6.7,,,,,,,,,,,,47.8
7,OSC-1076-021,1.7,,,3.2,,,,,,,,,,,,,,,,,,,,,,,7.0,,,,,11.9
7,OSC-1985-024,2.1,,,10.1,,5.8,2.8,,,,,,,,,,,,,,,,,,,,,,,,,20.8
7,HEN-1242-003,2.7,,,2.0,,4.6,3.0,,,,,,,,,,,,,,,,,,,,,,,,,12.4
7,HEN-1254-008,2.2,,,1.1,,4.8,2.9,,,,,,,,,,,,,,,,,,,,,,,,,11.0
7,HEN-1894-010,5.9,4.3,,5.7,,5.8,3.7,,,,,,,,,,,,,,,,,,,,,,,,,25.4
7,HEN-2059-017,2.1,,,1.7,,5.0,2.4,,,,,,,,,,,,,,,,,,,,,,,,,11.2
7,HIG-2017-003,2.6,,4.4,1.4,,3.8,2.3,,,,,,,,,,,,,,,,,,,,,,,,,14.5
7,HIG-2018-004,6.1,4.3,5.9,5.0,,7.0,4.8,,,,,,,,,,,,,4.5,,,,,,,,,,,,37.7
7,HIG-2019-005,2.0,,,2.0,,3.7,,,,,,,,,,,,,,,,,,,,,,,,,,7.7
7,HIG-2023-009,2.8,,4.7,2.4,,4.0,2.6,,,,,,,,,,,,,,,,,,,,,,,,,16.5
7,GIL-1681-003,,,,0.1,,,,,,,,,,,,,,,,,,,,,,,,,,,,0.1
7,DES-0009-001,4.1,,4.7,5.0,,4.5,3.1,,,,,,,,,,,,,,,,,,,,,,,,,21.4
7,DES-1992-003,4.1,,5.3,3.2,,5.7,3.4,,,,,,,,,,,,,,,,,,,,,,,,,21.7
7,GLA-1222-023,3.5,,4.4,1.9,,5.8,3.2,,,,,,,,,,,,,,,,,,,,,,,,,18.9
7,HAM-1418-001,1.6,,4.0,1.0,,3.0,,,,,,,,,,,,,,,,,,,,,,,,,,9.6
7,MAD-1470-004,1.9,,,0.5,,4.3,2.3,,,,,,,,,,,,,,,,,,,,,,,,,9.0
7,GLA-1227-028,3.7,,,1.9,,6.2,3.4,,,,,,,,,,,,,,,,,,,,,,,,,15.2
7,WAL-1584-006,1.3,,,0.3,,2.8,,,,,,,,,,,,,,,,,,,,,,,,,,4.4
7,GLA-1230-031,2.2,,,2.4,,4.8,2.7,,,,,,,,,,,,,,,,,,,,,,,,,12.1
7,GLA-1236-037,2.5,,,1.9,,5.0,2.8,,,,,,,,,,,,,,,,,,,,,,,,,12.2
7,GLA-1238-039,2.0,,,2.0,,4.6,2.4,,,,,,,,,,,,,,,,,,,,,,,,,11.0
7,GLA-1243-041,1.7,,,0.4,,,2.0,,,,,,,,,,,,,,,,,,,,,,,,,4.1
7,GLA-1244-042,2.7,,,1.9,,5.3,3.2,,,,,,,,,,,,,,,,,,,,,,,,,13.1
7,GLA-1247-045,2.2,,,2.5,,4.6,2.5,,,,,,,,,,,,,,,,,,,,,,,,,11.8
7,SUW-1430-007,1.3,,,0.0,,,,,,,,,,,,,,,,,,,,,,,,,,,,1.3
7,GLA-1248-046,2.1,,,1.2,,4.9,2.8,,,,,,,,,,,,,,,,,,,,,,,,,11.0
7,GLA-1257-049,2.8,,,2.8,,6.3,3.2,,,,,,,,,,,,,,,,,,,,,,,,,15.0
7,GLA-1258-050,2.2,,,1.4,,4.9,2.6,,,,,,,,,,,,,,,,,,,,,,,,,11.2
7,GLA-1260-052,2.3,,,2.8,,5.3,3.0,,,,,,,,,,,,,,,,,,,,,,,,,13.5
7,GLA-2049-053,2.2,,4.7,1.8,,4.9,2.8,,,,,,,,,,,,,,,,,,,,,,,,,16.4
7,GLA-2051-055,2.0,,,1.2,,4.2,2.7,,,,,,,,,,,,,,,,,,,,,,,,,10.1
7,GLA-2056-057,2.2,,,1.2,,4.1,2.4,,,,,,,,,,,,,,,,,,,,,,,,,9.8
7,LAK-0498-004,3.1,3.8,,9.4,,5.0,2.7,,,,,,,,,,,,,,,,,,,,,,,,,24.0
7,LAK-0513-008,3.8,,4.1,5.2,,6.3,3.3,,,,,,,,,,,,,,,,,,,,,,,,,22.6
7,LAK-0520-013,3.7,,3.9,3.4,,5.6,3.0,,,,,,,,,,,,,,,,,,,,,,,,,19.6
7,LAK-0528-016,3.5,,3.8,2.5,,4.9,2.6,,,,,,,,,,,,,,,,,,,,,,,,,17.3
7,LAK-0530-018,2.3,,,2.0,,4.5,2.9,,,,,,,,,,,,,,,,,,,,,,,,,11.7
7,LAK-1049-019,10.3,,,9.6,,7.2,5.9,9.1,,,,,,,,,,,,6.5,,,,,,,,,,,,48.6
7,LAK-1056-022,5.4,4.8,6.5,2.6,,6.3,4.1,,,,,,,,,,,,,,,,,,,,,,,,,29.7
7,LAK-1459-024,3.0,4.0,,1.6,,3.8,2.8,,,,,,,,,,,,,,,,,,,,,,,,,15.2
7,SUW-1680-011,1.2,,,0.6,,2.4,,,,,,,,,,,,,,,,,,,,,,,,,,4.2
7,LAK-1461-026,3.2,4.3,4.9,3.4,,4.0,2.3,,,,,,,,,,,,,,,,,,,,,,,,,22.1
7,LAK-1463-028,2.5,3.9,,1.2,,3.3,2.2,,,,,,,,,,,,,,,,,,,,,,,,,13.2
7,LAK-1834-032,2.3,3.8,,1.4,,3.5,2.2,,,,,,,,,,,,,,,,,,,,,,,,,13.2
7,GLA-0249-001,1.9,,,0.9,,3.2,1.9,,,,,,,,,,,,,,,,,,,,,,,,,7.9
7,MAO-0274-002,,,,0.0,,2.4,,,,,,,,,,,,,,,,,,,,,,,,,,2.4
7,MAO-0279-005,,,,0.3,,,,,,,,,,,,,,,,,,,,,,,,,,,,0.3
7,MAO-0349-006,4.2,4.5,4.9,2.0,,5.0,2.9,,,,,,,,,,,,,,,,,,,,,,,,,23.4
7,MAO-0874-011,,,,,,2.4,,,,,,,,,,,,,,,,,,,,,,,,,,2.4
7,MAO-0947-019,1.3,,,,,,,,,,,,,,,,,,,,,,,,,,,,,,,1.3
7,MAO-0948-020,1.3,,,,,,,,,,,,,,,,,,,,,,,,,,,,,,,1.3
7,MAO-0951-023,1.5,,,,,,,,,,,,,,,,,,,,,,,,,,,,,,,1.5
7,HEN-1945-013,1.2,,,,,,,,,,,,,,,,,,,,,,,,,,,,,,,1.2
7,HAM-1435-004,1.3,,,,,,,,,,,,,,,,,,,,,,,,,,,,,,,1.3
7,GLA-1232-033,1.7,3.9,,,,,,,,,,,,,,,,,,,,,,,,,,,,,,5.6
7,SUW-1433-009,1.3,,,,,,,,,,,,,,,,,,,,,,,,,,,,,,,1.3
7,OSC-0838-013,28.0,15.3,110.0,14.1,4.1,37.8,24.4,97.9,,29.1,5.1,6.6,0.2,,,,,5.8,20.4,122.5,,2.7,,,,,,,,,,524.0
7,LAK-0522-014,3.4,,,10.7,,5.7,2.9,,,,,,,,,,,,,,,,,,,,,,,,,22.6
7,GLA-1207-008,2.9,,,0.9,,6.3,3.2,,,,,,,,,,,,,,,,,,,,,,,,,13.4
7,MAO-0887-013,2.7,,,1.3,,4.0,2.3,,,,,,,,,,,,,,,,,,,,,,,,,10.3
7,MAO-0949-021,3.2,,5.6,4.0,,5.1,2.6,9.7,,,,,,,,,,,,9.3,,,,,,,,,,,,39.5
7,OSC-0298-004,1.5,,,2.0,,,,,,,,,,,,,,,,,,,,,,,,,,,,3.4
7,HEN-1253-007,2.6,,,2.6,,5.3,3.3,,,,,,,,,,,,,,,,,,,,,,,,,13.8
7,HEN-1943-011,2.6,4.0,4.5,0.4,,,2.3,,,,,,,,,,,,,,,,,,,,,,,,,13.9
7,HIG-1072-001,3.8,3.8,3.7,3.9,,5.9,3.8,,,,,,,,,,,,,4.3,,,,,,,,,,,,29.3
7,HIG-2020-006,2.2,,,0.7,,3.5,2.1,,,,,,,,,,,,,,,,,,,,,,,,,8.5
7,HIG-2025-011,2.2,,4.1,1.2,,3.6,2.0,,,,,,,,,,,,,,,,,,,,,,,,,13.1
7,GLA-1221-022,2.8,,,1.4,,5.8,3.3,,,,,,,,,,,,,,,,,,,,,,,,,13.3
7,GLA-1234-035,2.6,,,1.8,,5.3,3.3,,,,,,,,,,,,,,,,,,,,,,,,,13.0
7,GLA-1235-036,2.8,,,2.0,,5.9,3.2,,,,,,,,,,,,,,,,,,,,,,,,,13.9
7,GLA-1237-038,2.2,,,1.1,,4.9,2.9,,,,,,,,,,,,,,,,,,,,,,,,,11.1
7,GLA-1246-044,2.0,,,1.1,,4.0,2.3,,,,,,,,,,,,,,,,,,,,,,,,,9.5
7,LAK-0350-001,5.4,4.6,5.1,4.4,,6.1,4.2,,,,,,,,,,,,,,,,,,,,,,,,,29.9
7,LAK-1055-021,3.3,,,1.4,,4.4,2.8,,,,,,,,,,,,,,,,,,,,,,,,,12.0
7,LAK-1460-025,2.7,4.0,,1.6,,4.0,2.3,,,,,,,,,,,,,,,,,,,,,,,,,14.6
7,LAK-1464-029,2.7,,,1.4,,3.6,,,,,,,,,,,,,,,,,,,,,,,,,,7.7
7,MAO-0276-004,,,,0.0,,,,,,,,,,,,,,,,,,,,,,,,,,,,0.0
7,MAO-0892-018,2.4,6.1,,,,3.8,2.3,,,,,4.2,,,,,,,,,,1.8,,,,,,,,,,20.5
7,MAO-1532-030,,,,,,2.4,,,,,,,,,,,,,,,,,,,,,,,,,,2.4
7,WAL-1582-004,1.4,,,,,2.6,,,,,,,,,,,,,,,,,,,,,,,,,,4.0
7,MAO-0873-010,,,,,,2.3,,,,,,,,,,,,,,,,,,,,,,,,,,2.3
7,GIL-1427-002,1.3,,,,,,,,,,,,,,,,,,,,,,,,,,,,,,,1.3
8,OKA-1691-042,4.3,,31.2,2.7,1.8,8.2,2.9,18.0,,10.5,,,,,,,,4.5,,14.6,,,,,,,,,,,,98.5
8,STJ-0406-013,5.1,2.6,16.9,4.5,,9.0,4.2,25.8,,,,,,,,,,5.3,,26.2,,1.2,,,,,,,,,,100.9
8,STJ-0403-010,5.0,1.9,6.0,0.2,,12.7,9.5,,1.4,,,,0.3,,5.2,,,,,,,1.1,,,,,,,4.9,,,48.1
8,DAD-0479-011,2.3,,6.5,0.6,,1.9,0.6,,,,,,,,,,,,,,,,,,,,,,,,,11.8
8,OKA-1562-033,2.7,,4.7,0.9,,2.1,0.9,8.2,,,,,,,,,,,,,,,,,,,,,,,,19.5
8,OKA-1866-054,3.4,,4.6,0.9,,2.2,0.7,,,,,,,,,,,,,,,,,,,,,,,,,11.8
8,STJ-0306-002,10.9,1.9,7.6,7.0,1.6,10.3,3.6,,,,,2.4,,,,,,,,,,,,,,,,,,,,45.2
8,DAD-0482-014,3.3,1.1,6.1,1.5,,3.5,1.0,,,,,,,,,,,,,,,,,,,,,,,,,16.6
8,DAD-0483-015,3.5,1.2,8.7,1.7,,3.2,0.8,,,,,,,,,,,,,,,,,,,,,,,,,19.1
8,STJ-0408-015,8.3,1.9,11.1,7.2,1.7,9.2,4.4,10.3,,,,1.7,,,,,,,,6.3,,,,,,,,,,,,62.1
8,STJ-0414-021,5.7,1.9,8.0,5.4,,5.7,2.7,7.6,,,,,,,,,,,,,,,,,,,,,,,,37.1
8,STJ-0555-027,3.6,1.2,3.7,1.1,,3.4,1.3,,,,,,,,,,,,,,,,,,,,,,,,,14.2
8,STJ-0861-034,4.1,1.5,6.0,1.9,,3.0,0.9,,,,,1.9,,,,,,,,,,1.0,,,,,,,,,,20.4
8,STJ-0866-039,3.3,1.3,4.5,0.3,,2.7,1.1,,,,,,,,,,,,,,,,,,,,,,,,,13.3
8,STJ-1125-047,3.1,1.2,4.4,0.2,,2.6,0.8,,,,,,,,,,,,,,,,,,,,,,,,,12.4
8,STJ-1139-048,5.1,1.3,5.5,3.0,,4.6,2.0,,,,,,,,,,,,,,,,,,,,,,,,,21.6
8,STJ-1141-050,3.0,,3.8,1.4,,2.6,1.1,,,,,,,,,,,,,,,,,,,,,,,,,12.0
8,STJ-1547-062,2.7,1.1,4.4,0.4,,2.7,0.7,,,,,,,,,,,,,,,,,,,,,,,,,12.0
8,DAD-0370-002,3.6,1.2,7.8,2.1,,3.7,1.2,,,,,1.6,,,,,,,,,,,,,,,,,,,,21.1
8,DAD-1004-020,5.1,1.4,8.3,1.9,,7.0,3.9,,,,,1.9,,,,,,,,,,,,,,,,,,,,29.4
8,WAL-1864-014,2.2,,,0.3,,1.3,,,,,,,,,,,,,,,,,,,,,,,,,,3.8
8,DAD-1006-022,6.9,1.8,9.5,2.3,1.4,7.5,3.7,,,,,3.1,,,,,,,,,,1.6,,,,,,,,,,37.9
8,DAD-1007-023,3.2,1.1,4.6,0.5,,3.1,1.0,,,,,1.7,,,,,,,,,,,,,,,,,,,,15.3
8,DAD-0371-003,4.7,1.4,8.1,3.8,,8.5,3.2,,,,,1.8,,,,,,,,,,,,,,,,,,,,31.5
8,DAD-1019-035,7.4,2.1,15.6,4.4,,9.0,4.0,,,,,2.7,,,,,,,,,,,,,,,,,,,,45.3
8,DAD-1024-040,,,6.2,1.9,,,,,,,,,,,,,,,,,,,,,,,,,,,,8.1
8,DAD-1027-043,7.7,1.5,16.6,5.8,,6.4,2.5,9.1,,,,1.9,,,,,,,,4.5,,,,,,,,,,,,56.0
8,DAD-1030-046,5.4,1.3,9.6,1.8,,3.8,1.5,7.6,,,,1.7,,,,,,,,,,,,,,,,,,,,32.7
8,DAD-0373-005,3.1,,3.9,0.4,,3.1,0.9,,,,,,,,,,,,,,,,,,,,,,,,,11.4
8,DAD-1611-048,3.0,1.0,6.7,2.5,,3.1,1.1,,,,,,,,,,,,,,,,,,,,,,,,,17.4
8,DAD-1613-050,4.2,,10.3,9.7,,2.6,1.0,,,,,,,,,,,,,,,,,,,,,,,,,27.8
8,DAD-1614-051,5.2,1.7,13.0,7.0,,6.0,2.9,7.6,,,,,,,,,,,,5.6,,,,,,,,,,,,49.1
8,DAD-1618-055,,,6.0,4.0,,,,,,,,,,,,,,,,,,,,,,,,,,,,10.1
8,DAD-1638-058,3.3,1.1,,0.6,,4.4,1.3,,,,,,,,,,,,,,,,,,,,,,,,,10.8
8,DAD-0375-007,3.0,1.6,17.9,2.4,,2.6,1.1,,,,,1.8,,,,,,,,,,,,,,,,,,,,30.4
8,OKA-0234-009,8.0,2.0,43.2,1.2,3.3,8.3,5.5,32.6,,16.6,,,,,,,,,,28.4,,,,,,,,,,,,149.3
8,OKA-0235-010,8.6,2.8,61.9,1.6,1.9,6.6,4.2,23.7,,9.8,,1.8,,,,,,,,20.4,,,,,,,,,,,,143.4
8,OKA-0242-017,2.3,,4.6,,,1.2,,,,,,,,,,,,,,,,,,,,,,,,,,8.1
8,OKA-0795-018,2.6,1.2,8.0,,,1.6,,,,,,1.6,,,,,,,,,,,,,,,,,,,,14.9
8,OKA-0797-020,2.9,,6.2,,,1.9,0.9,,,,,,,,,,,,,,,,,,,,,,,,,11.8
8,OKA-1544-028,2.1,,5.8,,,1.6,,,,,,,,,,,,,,,,,,,,,,,,,,9.4
8,OKA-1545-029,2.2,,7.0,,,1.8,0.6,,,,,,,,,,,,,,,,,,,,,,,,,11.5
8,OKA-1565-036,2.6,1.0,15.3,,,1.5,,6.6,,,,1.5,,,,,,,,,,,,,,,,,,,,28.6
8,OKA-1591-040,2.2,,4.6,,,1.6,,,,,,,,,,,,,,,,,,,,,,,,,,8.4
8,OKA-1859-052,2.0,,,,,1.3,,,,,,,,,,,,,,,,,,,,,,,,,,3.3
8,DAD-0481-013,2.5,,3.9,,,2.3,0.8,,,,,,,,,,,,,,,,,,,,,,,,,9.4
8,STJ-0309-005,,,,,,1.1,,,,,,,,,,,,,,,,,,,,,,,,,,1.1
8,STJ-0311-007,1.9,,,,,1.2,,,,,,,,,,,,,,,,,,,,,,,,,,3.1
8,STJ-0405-012,13.0,8.9,9.8,,,180.1,84.0,8.9,,,,2.3,,,,,,,,4.2,,,,,,,,,,,,311.1
8,STJ-0410-017,2.0,,,,,1.2,,,,,,,,,,,,,,,,,,,,,,,,,,3.2
8,STJ-0823-030,2.1,,,,,1.4,,,,,,,,,,,,,,,,,,,,,,,,,,3.5
8,STJ-0824-031,2.0,,,,,1.5,,,,,,,,,,,,,,,,,,,,,,,,,,3.5
8,STJ-0869-042,2.1,,3.4,,,1.3,,,,,,,,,,,,,,,,,,,,,,,,,,6.8
8,STJ-1392-054,1.8,,,,,1.1,,,,,,,,,,,,,,,,,,,,,,,,,,2.9
8,WAL-1860-010,,,,,,1.2,,,,,,,,,,,,,,,,,,,,,,,,,,1.2
8,DAD-1011-027,2.0,,,,,1.3,,,,,,,,,,,,,,,,,,,,,,,,,,3.3
8,DAD-1639-059,4.3,1.5,6.1,,,3.4,1.1,,,,,1.6,,,,,,,,,,,,,,,,,,,,17.9
8,DAD-1705-063,2.3,,,,,2.4,0.7,,,,,,,,,,,,,,,,,,,,,,,,,5.3
8,DAD-1708-066,2.0,,,,,2.2,0.7,,,,,,,,,,,,,,,,,,,,,,,,,4.9
8,DAD-1709-067,,,,,,2.6,,,,,,,,,,,,,,,,,,,,,,,,,,2.6
8,DAD-1712-070,2.0,,,,,2.3,0.8,,,,,,,,,,,,,,,,,,,,,,,,,5.1
8,DAD-1927-076,2.2,,,,,2.7,,,,,,,,,,,,,,,,,,,,,,,,,,4.9
8,DAD-1935-083,2.2,,3.9,,,1.5,,,,,,,,,,,,,,,,,,,,,,,,,,7.6
8,OKA-0228-003,2.3,,3.8,,,1.8,,,,,,,,,,,,,,,,,,,,,,,,,,7.9
8,OKA-0229-004,2.9,,3.7,,,2.3,,,,,,,,,,,,,,,,,,,,,,,,,,8.9
8,STJ-0867-040,2.4,1.1,,,,,,,,,,,,,,,,,,,,,,,,,,,,,,3.5
8,STJ-1398-058,2.0,,,,,,,,,,,,,,,,,,,,,,,,,,,,,,,2.0
8,STJ-1503-060,2.0,,,,,,,,,,,,,,,,,,,,,,,,,,,,,,,2.0
8,DAD-1924-073,2.3,1.0,,,,,,,,,,,,,,,,,,,,,,,,,,,,,,3.3
8,DAD-1931-079,,1.3,,,,,,,,,,1.7,,,,,,,,,,,,,,,,,,,,3.0
8,OKA-1543-027,,,4.9,,,,,,,,,,,,,,,,,,,,,,,,,,,,,4.9
8,STJ-0407-014,4.3,2.2,10.6,4.8,,6.8,2.8,14.0,,,,1.6,,,,,,4.3,,12.1,,,,,,,,,,,,63.4
8,STJ-0418-025,,,,,,,,,,,,,,,,,,4.0,,,,,,,,,,,,,,4.0
8,STJ-0825-032,2.2,1.1,4.7,,,,,,,,,,,,,,,4.1,,,,,,,,,,,,,,12.1
8,DAD-0369-001,3.3,1.3,8.8,1.8,,3.2,1.1,,,,,1.8,,,,,,,,,,,,,,,,,,,,21.3
8,OKA-0799-022,3.9,1.9,16.1,0.2,,7.0,6.0,11.7,,,,1.6,,,,,,,,6.7,,,,,,,,,,,,55.1
8,OKA-0801-024,2.7,1.1,6.7,0.0,,1.9,0.6,,,,,,,,,,,,,,,,,,,,,,,,,13.1
8,DAD-0480-012,2.2,,,0.4,,,,,,,,,,,,,,,,,,,,,,,,,,,,2.6
8,OKA-1589-038,2.8,,5.0,0.4,,1.6,,6.9,,,,,,,,,,,,,,,,,,,,,,,,16.6
8,OKA-1592-041,2.2,1.1,10.6,0.1,,1.2,,,,,,,,,,,,,,,,,,,,,,,,,,15.2
8,OKA-1692-043,10.7,4.1,49.3,1.9,4.0,12.3,12.2,40.0,,9.4,,,,,,,,,,40.6,,,,,,,,,,,,184.5
8,STJ-0305-001,11.3,2.1,9.1,5.5,1.5,11.1,3.8,,,,7.2,7.2,0.4,,,,,,,,,2.3,,,,,,,,,,61.7
8,STJ-0330-008,4.7,1.4,5.3,1.3,,4.2,1.7,,,,,1.9,,,,,,,,,,,,,,,,,,,,20.4
8,STJ-0402-009,3.0,,,0.6,,3.1,,,,,,,,,,,,,,,,,,,,,,,,,,6.7
8,STJ-0404-011,4.7,1.3,5.1,1.9,,6.0,2.4,8.4,,,,,,,,,,,,,,,,,,,,,,,,29.8
8,DAD-0484-016,7.2,1.4,9.0,1.0,,4.5,2.4,,,,,1.6,,,,,,,,,,,,,,,,,,,,27.1
8,STJ-0731-028,2.4,,,0.8,,1.8,0.6,,,,,,,,,,,,,,,,,,,,,,,,,5.5
8,DAD-0485-017,7.7,1.5,11.5,1.3,,4.3,2.5,,,,,1.9,,,,,,,,,,,,,,,,,,,,30.7
8,STJ-0862-035,3.8,1.1,4.9,1.3,,3.0,1.4,,,,,,,,,,,,,,,,,,,,,,,,,15.6
8,STJ-0863-036,4.6,1.5,10.2,3.2,,3.7,1.5,,,,,2.2,,,,,,,,,,,,,,,,,,,,26.8
8,STJ-0864-037,3.3,,5.3,0.7,,2.6,,,,,,,,,,,,,,,,,,,,,,,,,,12.0
8,STJ-0939-044,2.8,1.1,,0.8,,3.0,0.7,,,,,,,,,,,,,,,,,,,,,,,,,8.4
8,STJ-1071-046,5.5,1.1,4.4,3.5,,7.9,3.1,,,,,,,,,,,,,,,,,,,,,,,,,25.5
8,STJ-1140-049,4.0,1.2,4.9,1.9,,3.4,1.4,,,,,,,,,,,,,,,,,,,,,,,,,16.8
8,STJ-1534-061,3.7,,4.4,1.9,,2.5,,,,,,,,,,,,,,,,,,,,,,,,,,12.5
8,DAD-1005-021,6.2,1.8,10.1,2.3,,9.6,5.7,7.8,,,,2.0,,,,,,,,,,,,,,,,,,,,45.6
8,DAD-1008-024,7.2,1.9,15.1,4.9,2.4,10.5,6.1,8.8,,,,2.1,,,,,,,,3.9,,,,,,,,,,,,62.9
8,DAD-1010-026,2.7,1.0,4.6,0.1,,2.8,0.9,,,,,1.6,,,,,,,,,,,,,,,,,,,,13.6
8,DAD-1014-030,3.7,1.3,6.2,0.6,,4.6,1.7,,,,,1.9,,,,,,,,,,,,,,,,,,,,20.0
8,DAD-1018-034,4.4,1.1,4.7,3.6,,4.4,1.7,7.4,,,,,,,,,,,,,,,,,,,,,,,,27.3
8,DAD-1021-037,3.1,,15.7,6.4,,,,,,,,,,,,,,,,,,,,,,,,,,,,25.2
8,DAD-0372-004,3.2,1.3,7.1,0.3,,2.2,0.8,,,,,,,,,,,,,,,,,,,,,,,,,14.8
8,DAD-1022-038,3.8,,16.0,7.1,,,,,,,,,,,,,,,,,,,,,,,,,,,,26.9
8,DAD-1025-041,3.5,1.2,7.0,2.1,,4.1,2.2,,,,,,,,,,,,,,,,,,,,,,,,,20.1
8,DAD-1026-042,2.9,1.1,6.4,1.3,,2.8,0.9,,,,,,,,,,,,,,,,,,,,,,,,,15.3
8,DAD-1028-044,5.9,1.6,10.0,4.1,,6.0,2.6,,,,,1.7,,,,,,,,,,,,,,,,,,,,31.8
8,DAD-1610-047,13.7,2.0,12.8,5.3,,10.4,4.9,9.6,,,,1.7,,,,,,,,4.6,,,,,,,,,,,,65.0
8,DAD-1612-049,5.0,1.3,7.4,2.9,,6.3,2.9,6.8,,,,,,,,,,,,,,,,,,,,,,,,32.5
8,DAD-1615-052,4.5,1.3,10.1,5.9,,3.3,1.3,9.2,,,,,,,,,,,,,,,,,,,,,,,,35.7
8,DAD-1637-057,8.5,1.8,9.2,3.7,,8.8,5.5,,,,,2.0,,,,,,,,4.7,,,,,,,,,,,,44.2
8,DAD-1710-068,2.0,,,0.5,,,0.7,,,,,,,,,,,,,,,,,,,,,,,,,3.2
8,DAD-0477-009,2.0,,5.0,0.3,,2.2,,,,,,,,,,,,,,,,,,,,,,,,,,9.5
8,OKA-0230-005,11.6,2.2,7.9,9.7,,13.9,3.1,,,,,3.1,,,,,,,,,,,,,,,,,,,,51.4
8,OKA-0238-013,4.6,1.2,7.5,2.4,,3.7,1.8,,,,,1.6,,,,,,,,5.8,,,,,,,,,,,,28.6
8,OKA-0240-015,2.3,,4.6,,,1.3,,,,,,,,,,,,,,,,,,,,,,,,,,8.2
8,OKA-0796-019,2.7,1.1,7.2,,,1.8,0.6,,,,,,,,,,,,,,,,,,,,,,,,,13.4
8,OKA-1560-031,,,,,,1.1,,,,,,,,,,,,,,,,,,,,,,,,,,1.1
8,OKA-1563-034,3.0,1.0,15.0,,,2.5,1.2,12.5,,10.0,,,,,,,,,,5.2,,,,,,,,,,,,50.5
8,OKA-1856-050,2.2,,4.2,,,1.3,0.8,,,,,,,,,,,,,,,,,,,,,,,,,8.5
8,STJ-0310-006,1.9,,,,,1.3,,,,,,,,,,,,,,,,,,,,,,,,,,3.2
8,STJ-0409-016,2.2,,,,,1.5,,,,,,,,,,,,,,,,,,,,,,,,,,3.7
8,STJ-0416-023,2.4,,3.8,,,1.8,0.9,,,,,,,,,,,,,,,,,,,,,,,,,8.9
8,DAD-0695-019,2.1,,,,,1.5,,,,,,,,,,,,,,,,,,,,,,,,,,3.5
8,FRA-1472-001,3.0,,3.5,,,2.2,0.8,,,,,,,,,,,,,,,,,,,,,,,,,9.5
8,DAD-1016-032,2.6,1.1,,,,2.1,0.7,,,,,1.7,,,,,,,,,,,,,,,,,,,,8.2
8,DAD-1017-033,4.0,1.1,4.3,,,4.0,1.4,,,,,1.5,,,,,,,,,,,,,,,,,,,,16.3
8,DAD-1029-045,2.4,,4.3,,,2.1,0.7,,,,,,,,,,,,,,,,,,,,,,,,,9.6
8,DAD-0374-006,2.6,1.1,5.4,,,1.9,,,,,,1.6,,,,,,,,,,,,,,,,,,,,12.6
8,OKA-0226-001,,,,,,1.2,,,,,,,,,,,,,,,,,,,,,,,,,,1.2
8,OKA-0232-007,2.3,,4.1,,,1.6,,,,,,1.7,,,,,,,,,,,,,,,,,,,,9.6
8,OKA-0233-008,1.9,,4.2,,,1.4,,,,,,,,,,,,,,,,,,,,,,,,,,7.4
8,OKA-0236-011,2.4,,4.6,,,1.6,,,,,,,,,,,,,,,,,,,,,,,,,,8.6
8,DAD-1704-062,2.2,,,,,,0.8,,,,,,,,,,,,,,,,,,,,,,,,,3.0
8,DAD-1706-064,2.1,,,,,,0.8,,,,,,,,,,,,,,,,,,,,,,,,,2.9
8,STJ-0868-041,2.0,,,,,,,,,,,,,,,,,,,,,,,,,,,,,,,2.0
8,STJ-1400-059,1.9,,,,,,,,,,,,,,,,,,,,,,,,,,,,,,,1.9
8,DAD-1923-072,2.7,1.2,,,,,,,,,,,,,,,,,,,,,,,,,,,,,,3.9
8,DAD-1925-074,2.3,,,,,,,,,,,,,,,,,,,,,,,,,,,,,,,2.3
8,DAD-1926-075,2.1,,,,,,,,,,,,,,,,,,,,,,,,,,,,,,,2.1
8,DAD-1929-078,2.0,,,,,,,,,,,,,,,,,,,,,,,,,,,,,,,2.0
8,DAD-0376-008,2.5,1.7,10.9,,,,,,,,,2.4,,,,,,,,,,,,,,,,,,,,17.5
8,DAD-1012-028,,,,,,,,,,,,,,,,,,5.4,,,,,,,,,,,,,,5.4
8,OKA-0237-012,9.0,1.1,11.5,7.2,,6.6,3.4,25.7,,,,,,,,,,3.8,,25.5,,,,,,,,,,,,93.7
8,STJ-0940-045,3.4,1.4,6.5,1.3,,3.5,1.3,,,,,,,,,,,,,,,,,,,,,,,,,17.4
8,DAD-0478-010,3.9,1.1,6.5,1.5,,3.4,1.0,,,,,1.6,,,,,,,,,,,,,,,,,,,,19.0
8,OKA-1541-025,6.3,1.8,8.0,6.8,,3.7,2.3,,,,,2.2,,,,,,,,,,,,,,,,,,,,31.1
8,STJ-0307-003,4.1,1.2,4.0,1.5,,3.0,1.1,,,,,,,,,,,,,,,,,,,,,,,,,14.9
8,STJ-0553-026,3.5,1.2,,1.2,,2.9,1.3,,,,,,,,,,,,,,,,,,,,,,,,,10.1
8,STJ-0860-033,3.7,1.4,6.0,2.3,,3.5,1.3,,,,,1.5,,,,,,,,,,,,,,,,,,,,19.8
8,STJ-0865-038,2.8,1.1,4.3,0.2,,1.9,,,,,,,,,,,,,,,,,,,,,,,,,,10.2
8,STJ-0938-043,2.3,,,0.8,,1.9,,,,,,,,,,,,,,,,,,,,,,,,,,5.0
8,DAD-0486-018,7.1,1.5,10.8,1.7,,6.4,2.9,8.3,,,,1.6,,,,,,,,4.0,,,,,,,,,,,,44.3
8,WAL-1863-013,2.3,1.3,6.7,0.3,,2.0,,,,,,2.4,,,,,,,,,,1.2,,,,,,,,,,16.1
8,DAD-1013-029,3.7,1.3,5.8,1.7,,4.8,2.4,,,,,1.8,,,,,,,,,,,,,,,,,,,,21.4
8,DAD-1015-031,4.1,1.5,6.6,1.2,,6.1,3.0,,,,,1.7,,,,,,,,,,,,,,,,,,,,24.3
8,DAD-1020-036,3.8,1.2,4.3,0.4,,4.0,1.3,,,,,1.9,,,,,,,,,,,,,,,,,,,,16.8
8,DAD-1616-053,2.8,1.1,10.6,7.6,,2.5,,,,,,,,,,,,,,,,,,,,,,,,,,24.6
8,DAD-1933-081,1.9,,,0.0,,1.3,,,,,,,,,,,,,,,,,,,,,,,,,,3.3
8,OKA-0227-002,11.5,2.0,16.2,8.2,,7.5,4.5,8.8,,,,2.7,,,,,,,,5.9,,1.2,,,,,,,,,,68.8
8,DAD-1711-069,2.1,,,,,2.3,0.8,,,,,,,,,,,,,,,,,,,,,,,,,5.2
8,OKA-0241-016,2.4,,5.0,,,1.7,,,,,,,,,,,,,,,,,,,,,,,,,,9.1
8,OKA-0798-021,2.5,,4.8,,,1.8,,,,,,,,,,,,,,,,,,,,,,,,,,9.0
8,OKA-1564-035,2.2,,5.3,,,1.5,,,,8.3,,,,,,,,,,,,,,,,,,,,,,17.3
8,OKA-1590-039,3.4,1.4,41.5,,,2.4,0.8,9.9,,8.1,,1.8,,,,,,,,4.7,,,,,,,,,,,,74.1
8,OKA-1857-051,2.2,,3.9,,,1.6,0.6,,,,,,,,,,,,,,,,,,,,,,,,,8.3
8,STJ-0411-018,2.1,,,,,1.4,,,,,,,,,,,,,,,,,,,,,,,,,,3.4
8,STJ-0415-022,2.4,,,,,1.7,,,,,,,,,,,,,,,,,,,,,,,,,,4.1
8,OKA-0231-006,2.3,,,,,1.8,,,,,,,,,,,,,,,,,,,,,,,,,,4.2
8,DAD-1928-077,2.0,,,,,,0.6,,,,,,,,,,,,,,,,,,,,,,,,,2.7
9,CLR-0047-001,3.6,1.2,,3.1,,2.7,1.7,,,,,,,,,,,3.1,,,,,,,,,,,,,,15.4
9,CLR-0467-031,22.9,1.7,2.1,5.0,5.1,11.7,6.1,,,,,2.1,,,,,,4.8,,8.2,,,,,,,,,,,,69.8
9,BAY-1443-004,12.7,7.0,126.0,10.6,6.1,12.5,8.2,34.6,,10.9,,1.8,,,,,,3.0,,46.0,,,,,,,,,,,,279.4
9,STL-0097-011,,,,2.0,4.7,,,,,,,,,,,,,3.4,,,,,,,,,,,,,,10.1
9,BRO-0346-001,5.3,1.4,,3.1,,8.3,3.7,,,,,,,,,,,4.1,,,,,,,,,,,,,,25.9
9,BRO-0752-019,52.9,351.8,1135.2,36.7,85.0,129.3,43.5,321.7,,320.3,7.5,8.0,,,,,,17.8,53.5,364.7,,114.3,0.1,,,,,,,0.7,5.4,3048.4
9,STL-0094-008,5.3,1.0,,3.9,,2.9,2.3,,,,,,,,,,,,,,,,,,,,,,,,,15.3
9,BRO-0925-025,5.2,1.6,2.8,3.4,,6.6,3.2,8.5,,,,1.8,,,,,,,,,,,,,,,,,,,,33.3
9,BRO-0926-026,6.8,1.7,8.3,5.2,4.7,7.1,3.2,10.1,,,,2.0,,,,,,,,11.1,,1.2,,,,,,,,,,61.2
9,BRO-1064-029,7.4,2.0,0.1,4.2,,10.1,6.2,,,,,2.1,,,,,,,,,,,,,,,,,,,,32.1
9,BRO-1065-030,9.2,2.6,1.3,3.5,,16.5,13.3,,,,,2.7,,,,,,,,8.7,,,,,,,,,,,,57.8
9,BRO-1068-033,2.0,,,1.9,,2.5,1.0,,,,,,,,,,,,,,,,,,,,,,,,,7.4
9,BRO-1070-035,4.5,1.0,,3.3,,4.5,1.9,,,,,,,,,,,,,,,,,,,,,,,,,15.1
9,BRO-1540-041,5.1,1.4,4.5,3.6,,4.2,2.2,,,,,1.8,,,,,,,,,,,,,,,,,,,,22.9
9,BRO-1938-044,1.9,,,1.8,,2.0,0.7,,,,,,,,,,,,,,,,,,,,,,,,,6.4
9,CLR-0219-007,3.8,1.1,0.0,3.4,4.4,3.8,1.5,,,,,1.8,,,,,,,,,,1.0,,,,,,,,,,21.0
9,CLR-0222-010,7.9,1.5,4.2,6.1,,5.1,2.5,,,,,1.7,,,,,,,,,,,,,,,,,,,,28.9
9,CLR-0224-012,8.7,1.5,4.3,12.5,4.6,8.1,2.8,7.3,,,,1.7,,,,,,,,,,,,,,,,,,,,51.5
9,CLR-0448-015,7.6,1.2,2.9,4.6,,5.1,3.2,7.7,,,,,,,,,,,,,,,,,,,,,,,,32.3
9,CLR-0451-018,4.5,1.3,1.6,7.0,4.8,4.5,1.5,,,,,1.6,,,,,,,,,,,,,,,,,,,,26.8
9,CLR-0455-022,3.1,1.2,,1.9,,2.6,0.6,,,,,1.6,,,,,,,,,,,,,,,,,,,,10.9
9,CLR-0462-026,2.8,0.9,,1.9,,2.3,0.7,,,,,1.5,,,,,,,,,,,,,,,,,,,,10.1
9,CLR-0463-027,13.8,3.4,8.3,10.4,5.6,13.3,6.6,11.0,,,,2.8,,,,,,,,11.7,,1.1,,,,,,,,,,88.3
9,CLR-0476-038,2.1,1.0,,1.2,,1.4,,,,,,,,,,,,,,,,,,,,,,,,,,5.7
9,CLR-0806-043,1.5,,,1.1,,,,,,,,,,,,,,,,,,,,,,,,,,,,2.6
9,CLR-0847-049,1.7,,,1.3,,1.3,,,,,,,,,,,,,,,,,,,,,,,,,,4.2
9,CLR-0851-053,,0.9,,1.3,,1.1,,,,,,,,,,,,,,,,,,,,,,,,,,3.3
9,CLR-1870-060,1.9,,,2.3,,1.8,0.9,,,,,,,,,,,,,,,,,,,,,,,,,6.9
9,CLR-1876-062,1.7,,,2.9,,,,,,,,,,,,,,,,,,,,,,,,,,,,4.6
9,CLR-1877-063,,,,1.6,,1.1,,,,,,,,,,,,,,,,,,,,,,,,,,2.7
9,CLR-1878-064,,,,1.2,,1.0,,,,,,,,,,,,,,,,,,,,,,,,,,2.2
9,CLR-1880-066,,,,1.2,,1.2,,,,,,,,,,,,,,,,,,,,,,,,,,2.4
9,CLR-1882-068,,,,1.1,,,,,,,,,,,,,,,,,,,,,,,,,,,,1.1
9,FRA-1850-021,2.2,0.9,,2.2,,1.9,,,,,,,,,,,,,,,,,,,,,,,,,,7.2
9,CLR-1885-071,2.5,,,2.7,,2.4,0.6,,,,,,,,,,,,,,,,,,,,,,,,,8.1
9,CLR-1892-076,7.1,1.1,1.7,4.9,,3.3,2.9,,,,,,,,,,,,,,,,,,,,,,,,,21.0
9,CLR-1896-078,2.5,,,3.1,,2.5,1.0,,,,,,,,,,,,,,,,,,,,,,,,,9.1
9,CLR-1899-081,3.0,,,6.1,,2.7,,,,,,,,,,,,,,,,,,,,,,,,,,11.9
9,CLR-1900-082,2.9,0.9,1.0,2.5,,2.7,1.3,7.6,,,,,,,,,,,,,,,,,,,,,,,,18.9
9,BAY-1444-005,1.7,,,1.1,,1.2,,,,,,,,,,,,,,,,,,,,,,,,,,4.0
9,BAY-1597-012,,,,1.0,,1.1,,,,,,,,,,,,,,,,,,,,,,,,,,2.1
9,BAY-1600-015,,,,1.2,,1.1,,,,,,,,,,,,,,,,,,,,,,,,,,2.2
9,BAY-1603-018,2.6,0.9,0.2,1.6,,1.8,,,,,,,,,,,,,,,,,,,,,,,,,,7.1
9,BAY-1606-021,4.3,1.5,2.9,3.1,,2.8,1.2,,,,,2.2,,,,,,,,,,,,,,,,,,,,18.0
9,BAY-1450-029,3.9,1.1,,1.7,,2.3,1.3,,,,,,,,,,,,,,,,,,,,,,,,,10.4
9,STL-0084-001,1.5,,,1.1,,1.0,,,,,,,,,,,,,,,,,,,,,,,,,,3.7
9,STL-0086-003,1.5,,,1.2,,1.0,,,,,,,,,,,,,,,,,,,,,,,,,,3.7
9,BRO-0396-003,4.8,1.3,0.0,5.0,,4.0,1.8,,,,,,,,,,,,,,,,,,,,,,,,,16.8
9,BRO-0400-007,5.9,3.5,13.2,4.2,5.7,8.8,4.6,11.5,,10.6,,1.8,,,,,,,,12.4,,1.6,,,,,,,,,,83.7
9,BRO-0419-009,4.2,1.3,,2.5,,4.4,1.3,,,,,1.8,,,,,,,,,,,,,,,,,,,,15.5
9,BRO-0426-011,7.0,1.7,0.2,3.6,,10.5,5.3,,,,,1.5,,,,,,,,,,,,,,,,,,,,29.7
9,BRO-0739-015,3.4,1.1,0.1,2.8,,3.2,1.6,,,,,,,,,,,,,,,,,,,,,,,,,12.1
9,BRO-0922-022,3.8,1.0,,2.8,,4.4,2.3,,,,,,,,,,,,,,,,,,,,,,,,,14.4
9,CLR-0849-051,2.1,,,,,1.8,,,,,,,,,,,,,,,,,,,,,,,,,,3.9
9,BRO-1182-039,1.8,,,,,1.7,,,,,,,,,,,,,,,,,,,,,,,,,,3.5
9,CLR-0456-023,1.9,,,,,1.2,,,,,,,,,,,,,,,,,,,,,,,,,,3.1
9,CLR-0843-045,2.2,,,,,2.9,1.1,,,,,,,,,,,,,,,,,,,,,,,,,6.1
9,CLR-0852-054,1.7,,,,,1.5,,,,,,,,,,,,,,,,,,,,,,,,,,3.2
9,CLR-1867-057,3.3,,0.5,,,1.9,0.9,,,,,,,,,,,,,,,,,,,,,,,,,6.7
9,FRA-1474-003,2.5,,,,,1.6,,,,,,,,,,,,,,,,,,,,,,,,,,4.1
9,FRA-1475-004,2.2,,,,,1.7,,,,,,,,,,,,,,,,,,,,,,,,,,3.9
9,BAY-1452-007,1.7,,,,,1.4,,,,,,,,,,,,,,,,,,,,,,,,,,3.2
9,BAY-1633-026,,,,,,0.9,,,,,,,,,,,,,,,,,,,,,,,,,,0.9
9,FRA-1479-008,,,,,,1.2,,,,,,,,,,,,,,,,,,,,,,,,,,1.2
9,BRO-0398-005,1.8,,,,,1.7,0.6,,,,,,,,,,,,,,,,,,,,,,,,,4.2
9,FRA-1845-016,2.3,,,,,,,,,,,,,,,,,,,,,,,,,,,,,,,2.3
9,FRA-0123-024,1.7,,,,,,,,,,,,,,,,,,,,,,,,,,,,,,,1.7
9,BAY-1631-024,1.6,,,,,,,,,,,,,,,,,,,,,,,,,,,,,,,1.6
9,BRO-1939-045,1.5,,,,,1.2,,,,,,,,,,,,3.0,,,,,,,,,,,,,,5.8
9,BAY-1440-001,4.8,2.2,28.1,3.4,5.5,4.9,1.4,36.9,,,,3.2,,,,,,2.8,,46.0,,1.3,,,,,,,,,,140.3
9,BRO-0425-010,3.6,1.0,0.8,2.6,,4.0,1.4,,,,,1.8,,,,,,3.2,,,,,,,,,,,,,,18.3
9,BRO-0924-024,6.5,1.8,6.8,5.3,5.2,7.0,3.2,9.8,,,,1.8,,,,,,,,10.1,,,,,,,,,,,,57.4
9,BRO-0927-027,2.8,1.0,,1.9,,3.2,1.0,,,,,,,,,,,,,,,,,,,,,,,,,9.9
9,BRO-0928-028,5.1,1.8,1.2,2.1,,10.6,5.7,7.6,,,,1.5,,,,,,,,,,,,,,,,,,,,35.6
9,BRO-1067-032,4.3,1.3,3.0,3.9,,4.3,2.0,,,,,1.9,,,,,,,,,,,,,,,,,,,,20.7
9,BRO-1069-034,3.5,0.9,,3.4,,3.6,1.3,,,,,,,,,,,,,,,,,,,,,,,,,12.7
9,BRO-1179-036,2.5,0.8,,1.4,,4.1,2.4,,,,,1.6,,,,,,,,,,,,,,,,,,,,12.8
9,BRO-1180-037,2.6,0.9,,2.1,,3.1,1.0,,,,,,,,,,,,,,,,,,,,,,,,,9.6
9,BRO-1181-038,5.6,1.2,,3.7,,11.2,5.5,7.5,,,,,,,,,,,,8.8,,,,,,,,,,,,43.3
9,BRO-1183-040,6.1,1.1,0.8,6.1,4.7,5.5,2.5,7.1,,,,,,,,,,,,,,,,,,,,,,,,33.8
9,BRO-1936-043,1.7,,,1.7,,2.0,,,,,,,,,,,,,,,,,,,,,,,,,,5.4
9,BRO-1940-046,1.8,,,1.6,,2.1,0.6,,,,,,,,,,,,,,,,,,,,,,,,,6.2
9,BRO-1942-047,2.0,,,1.8,,1.5,,,,,,,,,,,,,,,,,,,,,,,,,,5.3
9,FRA-1842-014,,,,1.1,,0.9,,,,,,,,,,,,,,,,,,,,,,,,,,2.0
9,CLR-0048-002,2.7,,,2.7,4.9,2.3,0.6,,,,,,,,,,,,,,,,,,,,,,,,,13.2
9,CLR-0215-003,8.5,1.3,0.4,7.7,4.2,7.6,2.6,,,,,,,,,,,,,,,,,,,,,,,,,32.4
9,CLR-0216-004,4.2,2.7,0.9,2.8,,3.3,1.7,,,,,1.5,,,,,,,,,,,,,,,,,,,,17.1
9,CLR-0217-005,6.9,4.3,5.0,3.5,,4.0,2.7,7.9,,,,1.8,,,,,,,,,,1.2,,,,,,,,,,37.1
9,CLR-0218-006,1.7,,,1.2,,1.0,,,,,,,,,,,,,,,,,,,,,,,,,,3.9
9,CLR-0221-009,1.5,,,1.0,,1.0,,,,,,,,,,,,,,,,,,,,,,,,,,3.5
9,CLR-0223-011,7.8,1.1,2.9,4.5,4.3,5.9,3.2,6.9,,,,1.5,,,,,,,,8.0,,,,,,,,,,,,46.2
9,CLR-0225-013,5.4,1.5,6.4,2.3,,4.4,1.6,,,,,3.4,,,,,,,,,,1.2,,,,,,,,,,26.2
9,CLR-0447-014,4.5,1.5,2.8,3.3,4.6,3.4,2.1,,,,,1.9,,,,,,,,,,,,,,,,,,,,24.1
9,CLR-0449-016,11.3,2.1,8.4,13.6,4.8,12.3,3.4,7.9,,,,1.7,,,,,,,,8.1,,,,,,,,,,,,73.7
9,CLR-0450-017,4.7,1.0,,4.2,,3.8,1.9,,,,,,,,,,,,,,,,,,,,,,,,,15.7
9,CLR-0452-019,3.4,1.0,,3.9,,2.5,0.8,,,,,,,,,,,,,,,,,,,,,,,,,11.6
9,CLR-0454-021,2.7,,0.8,8.8,,2.4,1.0,,,,,,,,,,,,,,,,,,,,,,,,,15.7
9,CLR-0461-025,1.8,,,1.1,,1.3,,,,,,,,,,,,,,,,,,,,,,,,,,4.1
9,CLR-0464-028,5.8,1.5,4.3,4.5,,5.6,2.0,,,,,1.9,,,,,,,,,,,,,,,,,,,,25.5
9,CLR-0465-029,10.6,2.8,7.9,7.4,4.9,10.9,5.5,8.3,,,,2.5,,,,,,,,8.6,,,,,,,,,,,,69.4
9,CLR-0466-030,3.0,1.0,,3.8,,2.6,1.0,,,,,,,,,,,,,,,,,,,,,,,,,11.3
9,FRA-1846-017,2.8,,,1.3,,1.9,,,,,,,,,,,,,,,,,,,,,,,,,,6.1
9,CLR-0468-032,3.6,1.1,1.5,4.2,,2.9,1.1,,,,,1.7,,,,,,,,,,,,,,,,,,,,16.0
9,CLR-0469-033,2.0,,,1.7,,1.5,,,,,,,,,,,,,,,,,,,,,,,,,,5.2
9,CLR-0471-035,8.1,2.1,2.8,6.4,4.5,5.1,3.0,,,,,2.4,,,,,,,,,,1.1,,,,,,,,,,35.7
9,CLR-0472-036,3.4,,,3.0,,3.7,0.8,,,,,,,,,,,,,,,,,,,,,,,,,10.9
9,CLR-0475-037,2.2,,,2.1,,2.5,,,,,,,,,,,,,,,,,,,,,,,,,,6.8
9,CLR-0802-039,,,,1.1,,1.1,,,,,,,,,,,,,,,,,,,,,,,,,,2.2
9,FRA-1847-018,2.8,,,2.3,,2.2,0.7,,,,,,,,,,,,,,,,,,,,,,,,,8.1
9,CLR-0803-040,1.7,,,1.5,,1.2,,,,,,,,,,,,,,,,,,,,,,,,,,4.4
9,CLR-0804-041,2.2,,,2.2,,1.8,,,,,,,,,,,,,,,,,,,,,,,,,,6.2
9,CLR-0842-044,2.2,0.9,,1.4,,1.5,,,,,,,,,,,,,,,,,,,,,,,,,,6.0
9,CLR-0844-046,4.5,1.1,,2.5,,4.3,1.3,,,,,1.6,,,,,,,,,,,,,,,,,,,,15.3
9,CLR-0846-048,1.7,,,1.3,,1.1,,,,,,,,,,,,,,,,,,,,,,,,,,4.1
9,CLR-0848-050,,,,1.0,,1.0,,,,,,,,,,,,,,,,,,,,,,,,,,2.0
9,CLR-0850-052,2.0,,,1.4,,1.3,,,,,,,,,,,,,,,,,,,,,,,,,,4.8
9,CLR-0853-055,2.0,0.9,,1.7,,2.2,,,,,,,,,,,,,,,,,,,,,,,,,,6.8
9,CLR-1868-058,3.0,,,1.8,,,,,,,,,,,,,,,,,,,,,,,,,,,,4.8
9,CLR-1869-059,,,,1.5,,,,,,,,,,,,,,,,,,,,,,,,,,,,1.5
9,CLR-1875-061,2.3,,,1.5,,,,,,,,,,,,,,,,,,,,,,,,,,,,3.8
9,CLR-1886-072,,,,1.1,,1.0,,,,,,,,,,,,,,,,,,,,,,,,,,2.1
9,CLR-1887-073,,,,1.2,,1.0,,,,,,,,,,,,,,,,,,,,,,,,,,2.2
9,CLR-1888-074,1.7,,,1.4,,1.3,,,,,,,,,,,,,,,,,,,,,,,,,,4.3
9,CLR-1889-075,,,,1.2,,0.9,,,,,,,,,,,,,,,,,,,,,,,,,,2.2
9,CLR-1895-077,5.7,1.0,,11.7,5.5,4.0,2.0,,,,,,,,,,,,,,,,,,,,,,,,,29.9
9,CLR-1898-080,3.0,,,2.0,,2.8,0.9,,,,,,,,,,,,,,,,,,,,,,,,,8.7
9,CLR-1901-083,2.1,,,2.0,,,,,,,,,,,,,,,,,,,,,,,,,,,,4.1
9,BAY-1441-002,1.9,0.9,0.9,1.3,,1.6,,7.2,,,,1.7,,,,,,,,,,,,,,,,,,,,15.5
9,BAY-1442-003,1.9,,,1.3,,1.4,,,,,,,,,,,,,,,,,,,,,,,,,,4.6
9,BAY-1451-006,2.0,,,1.1,,1.4,,,,,,,,,,,,,,,,,,,,,,,,,,4.5
9,BAY-1593-008,,,,1.0,,0.9,,,,,,,,,,,,,,,,,,,,,,,,,,1.8
9,BAY-1594-009,,,,1.1,,1.0,,,,,,,,,,,,,,,,,,,,,,,,,,2.1
9,BAY-1596-011,,,,1.1,,,,,,,,,,,,,,,,,,,,,,,,,,,,1.1
9,BAY-1598-013,1.7,,,1.3,,1.2,,,,,,,,,,,,,,,,,,,,,,,,,,4.3
9,FRA-1476-005,2.4,,,1.5,,1.7,,,,,,2.2,,,,,,,,,,,,,,,,,,,,7.7
9,BAY-1599-014,4.3,0.9,,3.4,,3.0,1.3,7.4,,,,,,,,,,,,7.8,,,,,,,,,,,,28.3
9,BAY-1601-016,3.3,,1.0,2.6,,2.6,0.8,7.8,,,,,,,,,,,,7.9,,,,,,,,,,,,26.1
9,BAY-1602-017,1.9,,,1.2,,1.2,,,,,,,,,,,,,,,,,,,,,,,,,,4.3
9,BAY-1605-020,1.7,,,1.1,,1.1,,,,,,,,,,,,,,,,,,,,,,,,,,4.0
9,BAY-1634-027,1.5,,,1.1,,1.0,,,,,,,,,,,,,,,,,,,,,,,,,,3.7
9,BAY-1635-028,,,,1.0,,0.9,,,,,,,,,,,,,,,,,,,,,,,,,,1.9
9,STL-0085-002,2.8,1.0,,1.9,,2.4,0.7,,,,,,,,,,,,,,,,,,,,,,,,,8.8
9,STL-0087-004,1.9,,,1.5,,1.3,,,,,,,,,,,,,,,,,,,,,,,,,,4.7
9,STL-0091-005,3.0,0.9,6.3,2.8,,2.9,1.1,12.1,,,,,,,,,,,,14.4,,,,,,,,,,,,43.5
9,STL-0092-006,2.8,,,1.7,,18.4,2.5,,,,,1.6,,,,,,,,,,,,,,,,,,,,27.0
9,STL-0093-007,4.1,0.9,0.2,2.1,,3.4,1.8,,,,,,,,,,,,,,,,,,,,,,,,,12.4
9,STL-0095-009,6.0,1.0,0.3,5.1,,3.3,2.2,,,,,,,,,,,,,,,,,,,,,,,,,18.0
9,STL-0096-010,5.3,1.0,0.2,4.4,,3.4,2.1,,,,,,,,,,,,,,,,,,,,,,,,,16.4
9,STL-0151-012,6.0,1.1,,7.1,,4.0,2.5,,,,,,,,,,,,,,,,,,,,,,,,,20.8
9,STL-0152-013,11.7,1.9,0.0,12.0,,6.1,5.8,,,,,1.6,,,,,,,,,,,,,,,,,,,,39.1
9,STL-0153-014,7.1,1.3,3.2,4.9,,3.8,2.7,7.1,,,,,,,,,,,,,,,,,,,,,,,,30.0
9,BRO-0395-002,2.1,1.0,,1.4,,2.1,0.7,,,,,,,,,,,,,,,,,,,,,,,,,7.3
9,FRA-1480-009,2.0,,,1.3,,1.3,,,,,,,,,,,,,,,,,,,,,,,,,,4.6
9,BRO-0397-004,2.4,,,1.7,,2.4,1.3,,,,,,,,,,,,,,,,,,,,,,,,,7.8
9,BRO-0399-006,2.1,,,1.7,,2.1,0.7,,,,,,,,,,,,,,,,,,,,,,,,,6.7
9,BRO-0701-013,4.5,1.5,4.4,2.8,,4.2,1.7,7.5,,,,2.2,,,,,,,,,,,,,,,,,,,,28.7
9,FRA-1481-010,2.2,,,1.3,,1.6,,,,,,,,,,,,,,,,,,,,,,,,,,5.2
9,BRO-0738-014,6.5,1.4,2.4,5.0,4.8,6.5,3.3,7.4,,,,,,,,,,,,8.2,,,,,,,,,,,,45.4
9,BRO-0740-016,,,,1.0,,0.9,,,,,,,,,,,,,,,,,,,,,,,,,,1.9
9,BRO-0750-017,3.8,0.9,,2.7,,4.7,1.8,,,,,,,,,,,,,,,,,,,,,,,,,13.9
9,BRO-0753-020,4.5,1.5,,3.9,4.7,6.6,3.6,,,,,1.6,,,,,,,,,,1.1,,,,,,,,,,27.3
9,BRO-0754-021,1.9,,,3.8,,2.0,0.7,,,,,,,,,,,,,,,,,,,,,,,,,8.4
9,BRO-0923-023,2.9,1.3,,1.8,,4.2,4.0,,,,,,,,,,,,,,,,,,,,,,,,,14.2
9,FRA-1473-002,2.4,,,,,1.8,,,,,,,,,,,,,,,,,,,,,,,,,,4.1
9,BRO-1066-031,3.2,1.3,,,,4.7,1.4,,,,,2.0,,,,,,,,,,,,,,,,,,,,12.5
9,CLR-0453-020,1.7,,,,,1.4,,,,,,,,,,,,,,,,,,,,,,,,,,3.1
9,CLR-1879-065,,,,,,0.9,,,,,,,,,,,,,,,,,,,,,,,,,,0.9
9,BAY-1595-010,,,,,,0.9,,,,,,,,,,,,,,,,,,,,,,,,,,0.9
9,BAY-1604-019,,,,,,0.9,,,,,,,,,,,,,,,,,,,,,,,,,,0.9
9,BAY-1630-023,,,,,,0.9,,,,,,,,,,,,,,,,,,,,,,,,,,0.9
9,FRA-1477-006,,,,,,0.9,,,,,,,,,,,,,,,,,,,,,,,,,,0.9
9,BAY-1632-025,,,,,,0.9,,,,,,,,,,,,,,,,,,,,,,,,,,0.9
9,FRA-1478-007,2.0,,,,,1.3,,,,,,,,,,,,,,,,,,,,,,,,,,3.3
9,BRO-0401-008,2.1,,,,,2.6,0.7,,,,,,,,,,,,,,,,,,,,,,,,,5.4
9,BRO-0700-012,,,,,,1.1,,,,,,,,,,,,,,,,,,,,,,,,,,1.1
9,FRA-1843-015,2.2,1.3,,,,,,,,,,,,,,,,,,,,,,,,,,,,,,3.5
9,CLR-0805-042,1.5,,,,,,,,,,,,,,,,,,,,,,,,,,,,,,,1.5
9,CLR-1884-070,1.8,,,,,,,,,,,,,,,,,,,,,,,,,,,,,,,1.8
9,CLR-1897-079,2.1,,,,,,,,,,,,,,,,,,,,,,,,,,,,,,,2.1
