Sample #,Sample Name on LC/MS,Location,Date,Time,Collecter,Type,Project,Comment,Container Mass (g),Total mass (g),Sample Mass (g),TOC/IC sample collected?,PFAS Collected?,TOC/TN analyzed,IC analyzed,UV254 analyzed,PFAS Analyzed?,Isotope #,Delta 2H,Delta 18O,Delta 17O,Ran on Auto SPE,Corresponding Table,11Cl-PF3OUdS Results,3-3 FTCA Results,4:2FTS Results,5-3 FTCA Results,6:2FTS Results,7-3 FTCA Results,8:2FTS Results,9Cl-PF3ONS Results,ADONA Results,HFPO-DA Results,NEtFOSA Results,NEtFOSAA Results,NEtFOSE Results,NFDHA Results,NMeFOSA Results,NMeFOSAA Results,NMeFOSE Results,PFBA Results,PFBS Results,PFDA Results,PFDoA Results,PFDoS Results,PFDS Results,PFEESA Results,PFHpA Results,PFHpS Results,PFHxA Results,PFHxS Results,PFMBA Results,PFMPA Results,PFNA Results,PFNS Results,PFOA Results,PFOS Results,PFOSA Results,PFPeA Results,PFPeS Results,PFTeDA Results,PFTrDA Results,PFUnA Results
1,,Wet Center ,6/24/2025,11:26:00 AM,RV,Stream,Baseflow,,,,,,Yes,,,,,1912,-50.13,-8.1,-4.09,,,,,,,,,,,,,,,,,,,,,,,,,,,,,,,,,,,,,,,,,,
2,,Wet Center UP,6/24/2025,11:39:00 AM,RV,Stream,Baseflow,,,,,,Yes,,,,,1914,-50.64,-7.83,-4.76,,,,,,,,,,,,,,,,,,,,,,,,,,,,,,,,,,,,,,,,,,
3,,Wet Center ,7/7/2025,12:00:00 PM,"RV,XG",Stream,Baseflow,Storm #11 occured between baseflow samples on 6/24 and those on 7/7,,,,,Yes,,,,,1964,-49.98,-8.02,-3.77,,,,,,,,,,,,,,,,,,,,,,,,,,,,,,,,,,,,,,,,,,
4,,Wet Center UP,7/7/2025,12:00:00 PM,"RV,XG",Stream,Baseflow,,,,,,Yes,,,,,1965,-50.26,-8.09,-3.8,,,,,,,,,,,,,,,,,,,,,,,,,,,,,,,,,,,,,,,,,,
5,SE12_1,Wet Center ,7/9/2025,4:20:00 PM,RV,Stream,Stream_Storm,"Storm 12. Sample #1: 0.16"" of rain on 7/9 and 0.28"" on 7/10",41.3,438.9,397.6,,Yes,,,,Yes,1973,-51.01,-8.11,-3.9,6/3/2026,RV_PFAS_07082026,0.03 bdl,0.29 bdl,0.00 bdl,0.57 bdl,0.42 bdl,0.44 bdl,0.03 bdl,0.02 bdl,0.05 bdl,0.18 bdl,0.22 bdl,0.12 bdl,1.30 bdl,0.08 bdl,0.59 bdl,0.37 bdl,1.38 bdl,1.07 bdl,2.03,0.18 bdl,0.10 bdl,0.03 bdl,0.02 bdl,0.03 bdl,2.41,0.09 bdl,5.3,1.01 bdl,0.01 bdl,0.01 bdl,0.75 bdl,0.03 bdl,4.9,2.71,12.04,4.4,0.15 bdl,0.04 bdl,0.10 bdl,0.07 bdl
6,SE12_3,Wet Center ,7/9/2025,10:20:00 PM,RV,Stream,Stream_Storm,Storm 12. Sample #3,,433.69,,"Yes, subsampled 100 Ml from PFAS sample",Yes,,,,Yes,1975,-51.05,-8.03,-3.81,6/3/2026,RV_PFAS_07082026,0.02 bdl,0.00 bdl,0.00 bdl,0.38 bdl,0.49 bdl,0.44 bdl,0.02 bdl,0.01 bdl,0.01 bdl,0.08 bdl,0.23 bdl,0.20 bdl,0.88 bdl,0.08 bdl,0.48 bdl,0.26 bdl,1.04 bdl,3.20 bdl,1.64,0.26 bdl,0.10 bdl,0.02 bdl,0.02 bdl,0.01 bdl,2.59,0.02 bdl,4.73,0.98 bdl,0.03 bdl,0.02 bdl,0.78 bdl,0.02 bdl,4.6,2.36,17.67,3.75,0.16 bdl,0.09 bdl,0.13 bdl,0.09 bdl
10,SE12_11,Wet Center ,7/10/2025,10:20:00 PM,RV,Stream,Stream_Storm,Storm 12. Sample #11,,420.77,,"Yes, subsampled 100 Ml from PFAS sample",Yes,,,,Yes,1983,-51,-8.16,-3.862586,6/3/2026,RV_PFAS_07082026,0.01 bdl,0.09 bdl,0.00 bdl,0.39 bdl,0.63 bdl,0.63 bdl,0.05 bdl,0.00 bdl,0.01 bdl,0.20 bdl,0.27 bdl,0.17 bdl,0.68 bdl,0.09 bdl,0.34 bdl,0.40 bdl,0.90 bdl,2.86 bdl,1.5,0.15 bdl,0.05 bdl,0.00 bdl,0.01 bdl,0.00 bdl,2.09,0.01 bdl,4.77,1.00 bdl,0.02 bdl,0.01 bdl,0.63 bdl,0.03 bdl,4.47,2.08,9.33,3.86,0.08 bdl,0.08 bdl,0.03 bdl,0.02 bdl
11,SE12_13,Wet Center ,7/11/2025,4:20:00 AM,RV,Stream,Stream_Storm,Storm 12. Sample #13,,414.81,,"Yes, subsampled 100 Ml from PFAS sample",Yes,,,,Yes,1985,-51.08,-8.21,-3.906247,6/3/2026,RV_PFAS_07082026,0.01 bdl,0.16 bdl,0.00 bdl,0.84 bdl,0.86 bdl,0.38 bdl,0.02 bdl,0.01 bdl,0.02 bdl,0.06 bdl,0.27 bdl,0.18 bdl,0.78 bdl,0.08 bdl,0.46 bdl,0.32 bdl,1.02 bdl,0.83 bdl,1.43,0.12 bdl,0.03 bdl,0.02 bdl,0.02 bdl,0.02 bdl,2.47,0.05 bdl,4.83,1.17 bdl,0.01 bdl,0.02 bdl,0.68 bdl,0.01 bdl,4.57,1.95,10.29,3.92,0.23 bdl,0.04 bdl,0.05 bdl,0.03 bdl
12,SE12_15,Wet Center ,7/11/2025,10:20:00 AM,RV,Stream,Stream_Storm,Storm 12. Sample #15,,423.05,,"Yes, subsampled 100 Ml from PFAS sample",Yes,,,,Yes,1987,-50.42,-8.21,-3.922179,6/3/2026,RV_PFAS_07082026,0.00 bdl,0.14 bdl,0.00 bdl,0.66 bdl,0.77 bdl,0.16 bdl,0.10 bdl,0.01 bdl,0.00 bdl,0.07 bdl,0.40 bdl,0.19 bdl,1.12 bdl,0.06 bdl,0.79 bdl,0.30 bdl,1.27 bdl,0.29 bdl,1.68,0.15 bdl,0.03 bdl,0.00 bdl,0.00 bdl,0.01 bdl,2.81,0.03 bdl,4.9,1.13 bdl,0.02 bdl,0.02 bdl,0.56 bdl,0.00 bdl,5.08,2.3,12.65,3.97,0.22 bdl,0.05 bdl,0.04 bdl,0.06 bdl
13,SE12_17,Wet Center ,7/11/2025,4:20:00 PM,RV,Stream,Stream_Storm,Storm 12. Sample #17,,429.58,,"Yes, subsampled 100 Ml from PFAS sample",Yes,,,,Yes,1989,-51.04,-8.16,-3.945318,6/3/2026,RV_PFAS_07082026,0.00 bdl,0.49 bdl,0.00 bdl,0.13 bdl,0.80 bdl,0.33 bdl,0.03 bdl,0.02 bdl,0.01 bdl,0.03 bdl,0.40 bdl,0.11 bdl,0.99 bdl,0.09 bdl,0.63 bdl,0.31 bdl,0.98 bdl,0.74 bdl,1.53,0.19 bdl,0.06 bdl,0.01 bdl,0.00 bdl,0.00 bdl,2.52,0.09 bdl,5.2,0.86 bdl,0.01 bdl,0.01 bdl,0.67 bdl,0.02 bdl,4.31,2.32,11.28,4.15,0.16 bdl,0.02 bdl,0.06 bdl,0.03 bdl
14,SE12_19,Wet Center ,7/11/2025,10:20:00 PM,RV,Stream,Stream_Storm,Storm 12. Sample #19,,441.7,,"Yes, subsampled 100 Ml from PFAS sample",Yes,,,,Yes,1991,-51.53,-8.25,-3.906524,6/3/2026,RV_PFAS_07082026,0.00 bdl,0.00 bdl,0.00 bdl,0.00 bdl,0.81 bdl,0.11 bdl,0.06 bdl,0.02 bdl,0.01 bdl,0.10 bdl,0.27 bdl,0.15 bdl,0.67 bdl,0.09 bdl,0.42 bdl,0.30 bdl,0.63 bdl,0.78 bdl,1.69,0.13 bdl,0.03 bdl,0.03 bdl,0.00 bdl,0.01 bdl,2.36,0.13 bdl,4.92,1.09 bdl,0.01 bdl,0.01 bdl,0.72 bdl,0.04 bdl,4.26,1.91,8.11,4.06,0.14 bdl,0.06 bdl,0.03 bdl,0.03 bdl
15,SE12_21,Wet Center ,7/12/2025,4:20:00 AM,RV,Stream,Stream_Storm,"Storm 12. Sample #21, estimated tare",41.58,447.4,,"Yes, subsampled 100 Ml from PFAS sample",Yes,,,,Yes,1993,-50.94,-8.15,-3.896606,6/4/2026,RV_PFAS_07082026,0.00 bdl,0.02 bdl,0.00 bdl,0.23 bdl,0.69 bdl,0.49 bdl,0.04 bdl,0.01 bdl,0.00 bdl,0.12 bdl,0.29 bdl,0.18 bdl,0.37 bdl,0.07 bdl,0.36 bdl,0.46 bdl,0.44 bdl,2.76 bdl,1.54,0.12 bdl,0.04 bdl,0.03 bdl,0.01 bdl,0.01 bdl,2.75,0.09 bdl,5.02,1.06 bdl,0.00 bdl,0.01 bdl,0.59 bdl,0.01 bdl,3.86,1.81,0.40 bdl,3.92,0.16 bdl,0.05 bdl,0.08 bdl,0.07 bdl
16,SE12_23,Wet Center ,7/12/2025,10:20:00 AM,RV,Stream,Stream_Storm,"Storm 12. Sample #23, estimated tare",41.58,442.82,,"Yes, subsampled 100 Ml from PFAS sample",Yes,,,,Yes,1995,-53.24,-8.51,-4.149485,6/4/2026,RV_PFAS_07082026,0.01 bdl,0.09 bdl,0.00 bdl,0.32 bdl,0.66 bdl,0.43 bdl,0.01 bdl,0.00 bdl,0.01 bdl,0.05 bdl,0.30 bdl,0.14 bdl,0.37 bdl,0.09 bdl,0.27 bdl,0.40 bdl,0.33 bdl,0.68 bdl,1.51,0.13 bdl,0.07 bdl,0.00 bdl,0.01 bdl,0.00 bdl,2.48,0.01 bdl,4.72,0.87 bdl,0.01 bdl,0.01 bdl,0.55 bdl,0.00 bdl,3.8,1.84,0.28 bdl,3.9,0.15 bdl,0.08 bdl,0.01 bdl,0.06 bdl
,B2_5_26,Blank,5/4/2026,,,,,Blank,42.05,541.72,499.67,,,,,,Yes,,,,,6/3/2026,RV_PFAS_07082026,0.01 bdl,0.01 bdl,0.00 bdl,0.15 bdl,0.15 bdl,0.02 bdl,0.02 bdl,0.00 bdl,0.01 bdl,0.03 bdl,0.28 bdl,0.31 bdl,0.55 bdl,0.06 bdl,0.65 bdl,0.29 bdl,0.43 bdl,0.04 bdl,0.04 bdl,0.02 bdl,0.01 bdl,0.01 bdl,0.00 bdl,0.00 bdl,0.04 bdl,0.00 bdl,0.06 bdl,0.21 bdl,0.01 bdl,0.00 bdl,0.17 bdl,0.02 bdl,0.35 bdl,0.28 bdl,0.07 bdl,0.07 bdl,0.01 bdl,0.02 bdl,0.04 bdl,0.00 bdl
17,SE13_P1,Wet Center,7/14/2025,11:59:00 PM,RV,Precipitation,Stream_Storm,"Storm #13. First half of storm. Rain sample collected from 2:31pm-5:23PM. I put the time as 4:00PM because that's the middle point.  We collected exactly 500mL of rain in those 3 hours in the euro collector, which equals 1.38 inches of rain. This was a rapid, flash flood storm, and in this short amount of time, the WET stream gage went up about 1.5 feet.",41.58,506.3,464.72,,Yes,,,,Yes,1971,-35.05,-5.64,-2.91,11/8/2025,RV_PFAS_11132025,0.006,0.296,0.029,0.498,0.071,0.272,0.009,0.002,0.004,0.39,0.097,0.081,0.23,0.065,0.11,0.116,0.203,0.903,0.057,0.085,0.185,0.011,0.01,0.003,0.432,0.004,0.682,0.269,0.011,0.661,0.223,0.007,0.704,0.393,0.142,0.474,0.034,0.137,0.224,0.068
18,SE13_1,Wet Center,7/14/2025,5:00:00 PM,RV,Stream,Stream_Storm,Storm #13. Sample 1 Intense rainfall and flash flood warning,42,536.2,494.2,,Yes,,,,Yes,2165,-43.8105,-7.037331,-3.266076,11/8/2025,RV_PFAS_11132025,0.015,0.372,0.043,0.558,0.148,0.422,0.073,0.011,0.008,0.164,0.249,0.241,0.612,0.064,0.278,0.125,0.599,3.797,1.77,0.474,0.154,0.027,0.04,0.013,2.374,0.085,5.032,1.013,0.008,0.015,1.524,0.024,5.368,3.804,1.598,4.556,0.077,0.065,0.049,0.19
22,SE13_9,Wet Center,7/15/2025,9:00:00 AM,RV,Stream,Stream_Storm,Storm #13. Sample 9,42.3,448.11,405.81,"Yes, subsampled 100 Ml from PFAS sample",Yes,,,,Yes,2173,-47.581898,-7.784226,-3.713219,5/4/2026,,,,,,,,,,,,,,,,,,,,,,,,,,,,,,,,,,,,,,,,,
23,SE13_11,Wet Center,7/15/2025,1:00:00 PM,RV,Stream,Stream_Storm,Storm #13. Sample 11,41.5,426.57,385.07,"Yes, subsampled 100 Ml from PFAS sample",Yes,,,,Yes,2175,-48.567641,-8.005837,-3.86852,5/4/2026,,,,,,,,,,,,,,,,,,,,,,,,,,,,,,,,,,,,,,,,,
24,SE13_13,Wet Center,7/15/2025,5:00:00 PM,RV,Stream,Stream_Storm,Storm #13. Sample 13,42.3,434.99,392.69,"Yes, subsampled 100 Ml from PFAS sample",Yes,,,,Yes,2177,-49.652887,-8.183519,-4.017609,5/4/2026,,,,,,,,,,,,,,,,,,,,,,,,,,,,,,,,,,,,,,,,,
25,SE13_15,Wet Center,7/15/2025,9:00:00 PM,RV,Stream,Stream_Storm,Storm #13. Sample 15,41.6,432.45,390.85,"Yes, subsampled 100 Ml from PFAS sample",Yes,,,,Yes,2179,-49.732722,-8.26163,-4.003073,5/4/2026,,,,,,,,,,,,,,,,,,,,,,,,,,,,,,,,,,,,,,,,,
26,SE13_17,Wet Center,7/16/2025,1:00:00 AM,RV,Stream,Stream_Storm,Storm #13. Sample 17,41.5,435.49,393.99,"Yes, subsampled 100 Ml from PFAS sample",Yes,,,,Yes,2181,-49.635801,-8.321926,-3.892706,5/4/2026,,,,,,,,,,,,,,,,,,,,,,,,,,,,,,,,,,,,,,,,,
27,SE13_19,Wet Center,7/16/2025,5:00:00 AM,RV,Stream,Stream_Storm,Storm #13. Sample 19,41.5,542.7,501.2,,Yes,,,,Yes,2183,-50.031729,-8.190813,-3.852274,11/8/2025,RV_PFAS_11132025,0.011,0.639,0.078,0.206,0.151,0.76,0.011,0.022,0,0.068,0.223,0.188,0.437,0.081,0.234,0.197,0.394,2.497,1.395,0.131,0.043,0.032,0.006,0.01,1.843,0.059,3.382,0.865,0.007,0.016,0.902,0.006,3.366,2.069,0.65,2.827,0.147,0.057,0.056,0.014
28,SE13_21,Wet Center,7/16/2025,9:00:00 AM,RV,Stream,Stream_Storm,Storm #13. Sample 21,41.5,431.61,390.11,"Yes, subsampled 100 Ml from PFAS sample",Yes,,,,Yes,2185,-49.999914,-8.069252,-3.825327,5/4/2026,,,,,,,,,,,,,,,,,,,,,,,,,,,,,,,,,,,,,,,,,
29,SE13_23,Wet Center,7/16/2025,1:00:00 PM,RV,Stream,Stream_Storm,Storm #13. Sample 23,42,437.78,395.78,"Yes, subsampled 100 Ml from PFAS sample",Yes,,,,Yes,2187,-49.583884,-7.965952,-3.74051,5/4/2026,,,,,,,,,,,,,,,,,,,,,,,,,,,,,,,,,,,,,,,,,
30,WC_1,Wet Center,7/23/2025,2:36 PM,RV,Stream,Baseflow,,41.93,536.8,494.87,,Yes,,,,,,,,,6/1/2026,RV_PFAS_07082026,0.00 bdl,0.00 bdl,0.00 bdl,0.69 bdl,1.19 bdl,0.06 bdl,0.03 bdl,0.01 bdl,0.01 bdl,0.08 bdl,0.16 bdl,0.11 bdl,0.27 bdl,0.07 bdl,0.19 bdl,0.28 bdl,0.33 bdl,0.48 bdl,1.85,0.11 bdl,0.07 bdl,0.00 bdl,0.04 bdl,0.01 bdl,2.75,0.04 bdl,6.41,0.92 bdl,0.01 bdl,0.01 bdl,0.62 bdl,0.01 bdl,4.58,2.4,3.78,5.49,0.12 bdl,0.03 bdl,0.03 bdl,0.07 bdl
31,,Wet Center UP,7/23/2025,2:42 PM,RV,Stream,Baseflow,,,,,,Yes,,,,,,,,,,,,,,,,,,,,,,,,,,,,,,,,,,,,,,,,,,,,,,,,,,
32,WC_8,Wet Center,7/28/2025,2:09 PM,RV,Stream,Baseflow,,41.58,453.84,412.26,,Yes,,,,,,,,,6/4/2026,RV_PFAS_07082026,0.00 bdl,0.14 bdl,0.00 bdl,0.59 bdl,0.37 bdl,0.33 bdl,0.01 bdl,0.00 bdl,0.00 bdl,0.11 bdl,0.35 bdl,0.13 bdl,0.42 bdl,0.07 bdl,0.35 bdl,0.32 bdl,0.40 bdl,2.39 bdl,1.48,0.12 bdl,0.00 bdl,0.01 bdl,0.01 bdl,0.00 bdl,2.07,0.10 bdl,4.89,0.96 bdl,0.01 bdl,0.00 bdl,0.54 bdl,0.00 bdl,3.67,1.82,0.19 bdl,3.88,0.10 bdl,0.07 bdl,0.05 bdl,0.04 bdl
33,,Wet Center UP,7/28/2025,2:45 PM,RV,Stream,Baseflow,,,,,,Yes,,,,,,,,,,,,,,,,,,,,,,,,,,,,,,,,,,,,,,,,,,,,,,,,,,
34,,Wet Center UP,8/7/2025,10:58:00 AM,"RV,XG",Stream,Baseflow,,,,,,Yes,,,,,2039,,,,,,,,,,,,,,,,,,,,,,,,,,,,,,,,,,,,,,,,,,,,,
35,WC_2,Wet Center ,8/7/2025,11:07:00 AM,"RV,XG",Stream,Baseflow,,41.58,586,544.42,,Yes,,,,,2040,,,,6/1/2026,RV_PFAS_07082026,0.00 bdl,0.19 bdl,0.00 bdl,0.28 bdl,0.29 bdl,0.06 bdl,0.01 bdl,0.00 bdl,0.01 bdl,0.04 bdl,0.21 bdl,0.13 bdl,0.48 bdl,0.08 bdl,0.30 bdl,0.31 bdl,0.79 bdl,0.49 bdl,2.23,0.16 bdl,0.07 bdl,0.01 bdl,0.03 bdl,0.01 bdl,2.72,0.04 bdl,6.63,0.99 bdl,0.01 bdl,0.01 bdl,0.71 bdl,0.01 bdl,4.61,2.5,5.61,5.73,0.17 bdl,0.08 bdl,0.02 bdl,0.10 bdl
36,,Wet Center UP,8/13/2025,12:02 PM,"RV,XG",Stream,Baseflow,,,,,,Yes,,,,,,,,,,,,,,,,,,,,,,,,,,,,,,,,,,,,,,,,,,,,,,,,,,
37,WC_3,Wet Center ,8/13/2025,11:52 AM,"RV,XG",Stream,Baseflow,,41.58,559.07,517.49,,Yes,,,,,,,,,6/1/2026,RV_PFAS_07082026,0.00 bdl,0.29 bdl,0.00 bdl,0.44 bdl,0.36 bdl,0.22 bdl,0.01 bdl,0.00 bdl,0.00 bdl,0.10 bdl,0.21 bdl,0.11 bdl,0.39 bdl,0.06 bdl,0.29 bdl,0.26 bdl,0.50 bdl,0.50 bdl,1.8,0.11 bdl,0.02 bdl,0.01 bdl,0.03 bdl,0.01 bdl,2.78,0.07 bdl,6.8,1.10 bdl,0.01 bdl,0.03 bdl,0.60 bdl,0.01 bdl,4.94,2.46,8.15,5.95,0.09 bdl,0.02 bdl,0.02 bdl,0.04 bdl
38,,Wet Center UP,8/18/2025,12:30 PM,"XG,EW,TN",Stream,Baseflow,Collected by XG while RV was on personal trip.,,,,,Yes,,,,,,,,,,,,,,,,,,,,,,,,,,,,,,,,,,,,,,,,,,,,,,,,,,
39,WC_4,Wet Center ,8/18/2025,12:46 PM,"XG, EW, TN",Stream,Baseflow,Collected by XG while RV was on personal trip.,41.58,529.9,488.32,,Yes,,,,,2084,,,,6/1/2026,RV_PFAS_07082026,0.00 bdl,0.12 bdl,0.00 bdl,0.38 bdl,0.42 bdl,0.17 bdl,0.01 bdl,0.01 bdl,0.01 bdl,0.09 bdl,0.20 bdl,0.17 bdl,0.42 bdl,0.07 bdl,0.25 bdl,0.18 bdl,0.55 bdl,0.42 bdl,1.69,0.20 bdl,0.03 bdl,0.02 bdl,0.02 bdl,0.00 bdl,2.38,0.10 bdl,6.76,0.96 bdl,0.00 bdl,0.01 bdl,0.55 bdl,0.06 bdl,4.59,2.31,8.53,5.45,0.14 bdl,0.02 bdl,0.03 bdl,0.03 bdl
40,Data Lost. Method Creation error,Wet Center,8/25/2025,2:44 PM,XG,Stream,Baseflow,Collected by XG while RV was on personal trip.Ran by Shane,,,,,Yes,,,,,2110,,,,8/25/2025,,,,,,,,,,,,,,,,,,,,,,,,,,,,,,,,,,,,,,,,,
41,Lost. Method Creation error,Wet Center UP,8/25/2025,2:34 PM,XG,Stream,Baseflow,Collected by XG while RV was on personal trip.Ran by Shane,,,,,Yes,,,,,2109,,,,8/25/2025,,,,,,,,,,,,,,,,,,,,,,,,,,,,,,,,,,,,,,,,,
42,Lost. Method Creation error,Wet Center UP,8/25/2025,2:34 PM,XG,Stream,Baseflow,Collected by XG while RV was on personal trip.Ran by Shane,,,,,Yes,,,,,2109,,,,8/25/2025,,,,,,,,,,,,,,,,,,,,,,,,,,,,,,,,,,,,,,,,,
43,WC_5,Wet Center,9/9/2025,2:04 PM,RV,Stream,Baseflow,,41.58,566.09,524.51,,Yes,,,,,,,,,6/1/2026,RV_PFAS_07082026,0.00 bdl,0.12 bdl,0.00 bdl,0.69 bdl,0.84 bdl,0.20 bdl,0.01 bdl,0.01 bdl,0.00 bdl,0.08 bdl,0.31 bdl,0.16 bdl,0.64 bdl,0.06 bdl,0.31 bdl,0.21 bdl,0.80 bdl,0.44 bdl,1.32,0.07 bdl,0.03 bdl,0.01 bdl,0.03 bdl,0.01 bdl,2.11,0.09 bdl,4.97,0.88 bdl,0.00 bdl,0.01 bdl,0.47 bdl,0.03 bdl,3.55,1.91,4.29,4.63,0.20 bdl,0.03 bdl,0.04 bdl,0.02 bdl
44,,Wet Center UP,9/9/2025,2:00 PM,RV,Stream,Baseflow,,,,,,Yes,,,,,,,,,,,,,,,,,,,,,,,,,,,,,,,,,,,,,,,,,,,,,,,,,,
48,WC_6,Wet Center,9/26/2025,5:49 PM,RV,Stream,Baseflow,Samples collected post-Storm 14.,41.58,565.83,524.25,,Yes,,,,,2151,,,,6/1/2026,RV_PFAS_07082026,0.00 bdl,0.05 bdl,0.00 bdl,0.21 bdl,0.17 bdl,0.14 bdl,0.05 bdl,0.00 bdl,0.01 bdl,0.10 bdl,0.21 bdl,0.13 bdl,0.51 bdl,0.12 bdl,0.37 bdl,0.24 bdl,0.82 bdl,0.25 bdl,1.3,0.12 bdl,0.03 bdl,0.01 bdl,0.01 bdl,0.02 bdl,1.36,0.02 bdl,2.98,0.80 bdl,0.01 bdl,0.01 bdl,0.57 bdl,0.01 bdl,3.05,2.26,11.99,2.84,0.08 bdl,0.06 bdl,0.04 bdl,0.06 bdl
49,,Wet Center UP,9/26/2025,5:58 AM,RV,Stream,Baseflow,Samples collected post-Storm 14.,,,,,Yes,,,,,2152,,,,,,,,,,,,,,,,,,,,,,,,,,,,,,,,,,,,,,,,,,,,,
50,WC_7,Wet Center,10/8/2025,11:06:00 AM,"RV, KW",Stream,Baseflow,Took sample after it rained ~0.5in from 5am-10am,41.4,543.1,501.7,Yes,Yes,Yes but with too small of a filter - only TN,no more sample,no more sample,,2189,,,,6/1/2026,RV_PFAS_07082026,0.00 bdl,0.55 bdl,0.00 bdl,0.59 bdl,0.41 bdl,0.04 bdl,0.05 bdl,0.00 bdl,0.01 bdl,0.11 bdl,0.34 bdl,0.39 bdl,0.84 bdl,0.07 bdl,0.57 bdl,0.25 bdl,1.17 bdl,0.93 bdl,2.39,0.32 bdl,0.06 bdl,0.01 bdl,0.04 bdl,0.01 bdl,2.91,0.13 bdl,8.01,1.26,0.00 bdl,0.00 bdl,0.82 bdl,0.00 bdl,4.81,2.65,13.15,5.99,0.20 bdl,0.16 bdl,0.08 bdl,0.10 bdl
51,WCU_2,Wet Center UP,10/8/2025,11:14:00 AM,"RV, KW",Stream,Baseflow,Took sample after it rained ~0.5in from 5am-10am. Murky water being released from undocumented pipe discharging into stream,41.66,549.9,508.24,Yes,Yes,Yes but with too small of a filter - only TN,no more sample,no more sample,,2190,,,,6/23/2026,RV_PFAS_07082026,,,,,,,,,,,,,,,,,,,,,,,,,,,,,,,,,,,,,,,,
52,BF_1010,Wet Center,10/10/2025,8:39 AM,"RV, KW, NA",Stream,Baseflow,"Rained two days prior, really cold outside (~33 deg F)",41.5,552.4,510.9,Yes,Yes,Yes but with too small of a filter - only TN,no more sample,no more sample,Yes,2191,,,,11/14/2025,RV_PFAS_11132025,0.001,0.112,0.09,0.482,2.57,0.199,0.046,0.015,0.002,0.015,0.192,0.141,0.296,0.048,0.175,0.113,0.192,2.352,1.565,0.067,0.04,0,0.019,0.008,1.664,0.069,4.27,1.057,0.007,0.008,0.736,0.027,3.641,1.841,0.184,3.744,0.196,0.101,0.044,0.063
53,BF_UP_1010,Wet Center UP,10/10/2025,8:48 AM,"RV, KW, NA",Stream,Baseflow,"Rained two days prior, really cold outside (~33 deg F)",42.1,545.4,503.3,Yes,Yes,Yes but with too small of a filter - only TN,no more sample,no more sample,Yes,2192,,,,11/14/2025,,,,,,,,,,,,,,,,,,,,,,,,,,,,,,,,,,,,,,,,,
54,S1_1,Wet Center,10/11/2025,8:53 AM,"RV, XG",Stream,Spatial,1,41.5,559.1,517.6,,Yes,,,,Yes,2194,-48.98789,-7.505433,-3.611322,11/14/2025,RV_PFAS_11132025,0.013,0.017,0.149,0.798,2.309,0.142,0.02,0.01,0.003,0.068,0.172,0.131,0.206,0.068,0.164,0.1,0.193,2.544,1.628,0.095,0.095,0.002,0.01,0.006,2.118,0.093,4.88,1.081,0.008,0.01,1.047,0.015,4.664,2.09,0.321,4.335,0.157,0.036,0.045,0.019
55,S1_2,MR Rec Area (picnic tables),10/11/2025,9:55 AM,"RV, XG",Stream,Spatial,2,41.2,560.7,519.5,,Yes,,,,Yes,2198,-48.910681,-7.794977,-3.662333,11/16/2025,RV_PFAS_11132025,0.004,0.115,0.032,0.176,0.03,0.214,0.015,0.013,0.002,0.024,0.188,0.15,0.203,0.043,0.161,0.09,0.208,0.068,1.117,0.042,0.087,0.049,0.008,0.001,0.472,0.026,0.604,0.661,0.03,0.011,0.672,0.021,1.652,1.286,0.333,0.505,0.053,0.031,0.016,0.018
56,S1_3,Puffers Waterfall,10/11/2025,10:38 AM,"RV, XG",Stream,Spatial,3,41.8,560,518.2,,Yes,,,,Yes,2202,-48.366421,-7.958838,-3.760248,11/16/2025,RV_PFAS_11132025,0.008,0.071,0.033,0,0.015,0.111,0.021,0.007,0.004,0.1,0.241,0.122,0.195,0.061,0.192,0.135,0.218,0.097,0.576,0.011,0.045,0.008,0.016,0.022,0.57,0.046,0.584,0.492,0.009,0.007,0.711,0.009,1.443,1.079,0.541,0.487,0.065,0.021,0.027,0.053
57,S1_4,Puffers Beach,10/11/2025,10:46 AM,"RV, XG",Stream,Spatial,4,41.8,540.1,498.3,,Yes,,,,Yes,2203,-50.252468,-8.253205,-3.975413,11/16/2025,RV_PFAS_11132025,0.009,0.074,0.076,0.313,0.012,0.211,0,0.021,0.002,0.04,0.229,0.136,0.257,0.08,0.205,0.101,0.226,0.61,0.559,0.064,0.054,0,0,0.008,0.342,0.057,0.435,0.432,0.001,0.015,0.696,0.028,1.327,0.776,0.259,0.276,0.031,0.06,0.035,0.01
58,S1_5,Upper puffers - Railroad,10/11/2025,10:59 AM,"RV, XG",Stream,Spatial,5,41.1,551.3,510.2,,Yes,,,,Yes,2205,-50.455181,-8.266131,-3.952553,11/16/2025,RV_PFAS_11132025,0.009,0.09,0.061,0.425,0.019,0.375,0.069,0.006,0.003,0.035,0.356,0.133,0.3,0.058,0.233,0.106,0.261,0.124,0.348,0.029,0.106,0,0,0.009,0.233,0.022,0.337,0.442,0.004,0,0.791,0.016,1.591,0.926,0.303,0.317,0.037,0.053,0.077,0.009
59,S1_6,Haskin Meadows (fishing spot),10/11/2025,11:57 AM,"RV, XG",Stream,Spatial,6,41.3,561.1,519.8,,Yes,,,,Yes,2206,-51.252082,-8.353361,-4.063671,11/16/2025,RV_PFAS_11132025,0.002,0.041,0.034,0.141,0.038,0.264,0.048,0.018,0.003,0.048,0.209,0.15,0.216,0.046,0.182,0.124,0.234,0.574,0.364,0.044,0.076,0,0.003,0.002,0.338,0.019,0.345,0.554,0.003,0.016,0.556,0,1.503,0.803,0.371,0.311,0.066,0.024,0.004,0.016
60,S1_7,Atkins Reservoir,10/11/2025,12:19 PM,"RV, XG",Stream,Spatial,7,41.5,558.2,516.7,,Yes,,,,Yes,2208,-40.325465,-5.954212,-2.672796,11/24/2025,RV_PFAS_11132025,0,0.054,0.022,0.436,0.103,0.154,0.026,0.005,0.004,0.121,0.127,0.11,0.223,0.073,0.174,0.379,0.215,0.654,0.187,0.177,0.705,0.022,0.124,0.003,0.356,0.011,0.373,0.353,0.003,0.004,0.415,0.024,1.148,1.142,1.115,0.404,0.02,0.074,0.372,1.582
61,S1_8,Roaring,10/11/2025,12:18 PM,"RV, XG",Stream,Spatial,8,41.7,560.3,518.6,,Yes,,,,Yes,2209,-53.08,-8.8,-4.32,11/24/2025,RV_PFAS_11132025,0,0.113,0.05,0.125,0.062,0.518,0.007,0.009,0.008,0.027,0.142,0.125,0.19,0.057,0.179,0.27,0.171,0.428,0.198,0.011,0.008,0.006,0.008,0.004,0.165,0.013,0.273,0.409,0.008,0.008,0.31,0.01,0.808,0.738,0.15,0.28,0.026,0.014,0.03,0.028
62,S1_9,Broad Hil,10/11/2025,12:36 PM,"RV, XG",Stream,Spatial,9,41.8,554.3,512.5,,Yes,,,,Yes,2210,-51.73,-8.62,-4.27,11/24/2025,RV_PFAS_11132025,0.007,0.05,0.022,0.288,0.067,0.74,0.011,0.004,0.002,0.017,0.218,0.162,0.262,0.063,0.207,0.473,0.26,0.518,0.167,0.017,0.018,0.007,0.005,0.005,0.187,0.022,0.295,0.333,0.004,0.006,0.376,0.019,1.123,0.735,0.144,0.399,0.047,0.017,0.012,0.009
63,S1_10,Shutesbury Cemetary,10/11/2025,12:48 PM,"RV, XG",Stream,Spatial,10,42,559.4,517.4,,Yes,,,,Yes,2211,-48.17,-8.17,-3.97,11/24/2025,RV_PFAS_11132025,0.001,0.061,0.031,0.666,0.058,0.607,0.022,0.005,0.006,0.07,0.187,0.152,0.271,0.044,0.204,0.399,0.23,0.254,0.486,0.178,0.022,0.001,0.021,0.004,0.6,0.053,0.728,0.521,0.007,0.011,0.592,0,2.294,1.575,0.891,1.195,0.056,0.017,0.011,0.057
64,S1_11,Doolittle,10/11/2025,1:10 PM,"RV, XG",Stream,Spatial,11,41.4,550.4,509,,Yes,,,,Yes,2212,-49.96,-7.75,-3.69,11/24/2025,RV_PFAS_11132025,0.009,0,0.047,0.585,0.043,0.253,0.018,0.001,0.004,0.044,0.137,0.122,0.179,0.047,0.141,0.306,0.142,1.502,0.686,0.09,0.056,0,0.01,0.001,0.522,0.004,1.463,0.442,0.016,0.014,0.674,0.008,1.93,1.518,0.3,1.518,0.063,0.009,0.032,0.063
65,S1_12,Leverett Library,10/11/2025,1:22 PM,"RV, XG",Stream,Spatial,12,41.1,559.6,518.5,,Yes,,,,Yes,2213,-52.79,-8.4,-4.05,11/24/2025,RV_PFAS_11132025,0.001,0.067,0.046,0.166,0.014,0.277,0.035,0.003,0.004,0.037,0.08,0.137,0.134,0.083,0.107,0.386,0.133,0.713,0.439,0.018,0.018,0.005,0.013,0.005,0.429,0.008,1.128,0.316,0.006,0.006,0.44,0.007,1.35,1.298,0.204,1.107,0.041,0.013,0.011,0.033
66,S1_13,Leverett Pond,10/11/2025,1:44 PM,"RV, XG",Stream,Spatial,13,41.7,558.2,516.5,,Yes,,,,Yes,2214,-24.9,-2.52,-0.79,11/24/2025,RV_PFAS_11132025,0.003,0.063,0.028,0.5,0.021,0.188,0.012,0.004,0.008,0.102,0.185,0.129,0.247,0.075,0.197,0.28,0.22,2.216,1.085,0.14,0.043,0.016,0.056,0.003,1.367,0.133,1.201,0.947,0.008,0.012,0.652,0.01,3.52,2.076,0.432,1.41,0.124,0.007,0.022,0.128
67,S1_14,Eastman Up,10/11/2025,1:55 PM,"RV, XG",Stream,Spatial,14,41.3,560.6,519.3,,Yes,,,,Yes,2215,-47.7,-7.48,-3.52,11/24/2025,RV_PFAS_11132025,0,0,0.103,0.187,0.042,0.366,0.041,0.001,0.002,0.065,0.184,0.121,0.261,0.074,0.2,0.38,0.224,0.732,0.52,0.032,0.01,0.007,0.002,0.01,0.229,0.014,0.19,0.452,0.012,0.004,0.341,0.007,0.869,0.919,0.794,0.238,0.081,0.009,0.007,0.021
68,S1_15,LW Boat Ramp,10/11/2025,2:27 PM,"RV, XG",Stream,Spatial,15,41.5,563.7,522.2,,Yes,,,,Yes,2219,-41.366062,-6.750631,-3.134985,11/24/2025,RV_PFAS_11132025,0.003,0.385,0.063,0.346,0.109,0.629,0.012,0,0.004,0.051,0.146,0.151,0.187,0.05,0.133,0.39,0.148,3.529,2.813,0.098,0.02,0.005,0.025,0.009,3.664,0.055,7.533,0.74,0.011,0.007,0.665,0.011,8.582,1.853,0.324,6.6,0.109,0.013,0.02,0.028
69,S1_16,Prindle School,10/11/2025,2:51 PM,"RV, XG",Stream,Spatial,16,41.7,550.1,508.4,,Yes,,,,Yes,2221,-35.65,-6,-2.79,11/16/2025,RV_PFAS_11132025,0.005,2.852,0.06,0.268,0.067,0.365,0.032,0.006,0.006,0.132,0.248,0.323,0.376,0.052,0.223,0.235,0.315,6.603,13.566,0.479,0.046,0.007,0.062,0.011,1.524,0.435,3.282,2.914,0.13,0.039,1.846,0.112,5.068,5.155,1.513,4.374,0.391,0.027,0.031,0.089
70,S1_17,Horse Farm Down,10/11/2025,3:07 PM,"RV, XG",Stream,Spatial,17,42,540.7,498.7,,Yes,,,,Yes,2222,-31.85,-5.29,-2.37,11/24/2025,RV_PFAS_11132025,0.004,0.183,0.041,0.652,0.025,0.513,0.031,0.013,0.002,0.112,0.197,0.09,0.23,0.056,0.161,0.23,0.189,3.878,12.842,0.232,0.029,0.001,0.035,0.026,1.132,0.204,2.786,1.334,0.019,0.009,0.71,0.005,2.999,2.422,1.785,2.949,0.127,0.014,0.015,0.13
71,S1_18,Fieldstone,10/11/2025,3:29 PM,"RV, XG",Stream,Spatial,18,42,536.9,494.9,,Yes,,,,Yes,2225,-50.28,-7.98,-3.94,11/24/2025,This sample was lost. Sediment clogged the SPE line.,,,,,,,,,,,,,,,,,,,,,,,,,,,,,,,,,,,,,,,,
72,S1_19,Wildwood Cemetary,10/11/2025,3:39 PM,"RV, XG",Stream,Spatial,19,41.6,,-41.6,,Yes,,,,Yes,2226,-17.14,-1.51,-0.37,,,,,,,,,,,,,,,,,,,,,,,,,,,,,,,,,,,,,,,,,,
73,S1_20,Campus Pond Down,10/11/2025,3:51 PM,"RV, XG",Stream,Spatial,20,41.4,,-41.4,,Yes,,,,Yes,2228,-41.630391,-6.582862,-3.132073,,,,,,,,,,,,,,,,,,,,,,,,,,,,,,,,,,,,,,,,,,
74,SE15_P1,Wet Center,10/12/2025,11:59 PM,RV,Precipitation,Stream_Storm,"Storm 15 Precip. Received ~0.7"". 0.28"" on 10/12 and 0.42"" on 10/13.",41.58,542.7,501.12,,Yes,Yes - all 1-24,Yes evens (so NOT the ones that are PFAs),Yes evens (so NOT the ones that are PFAs),Yes,2291,-60.504758,-9.406446,-4.415,,RV_PFAS_11132025,0.01,0.095,0.037,7.189,0.236,1.297,0.042,0.023,0.002,0.092,0.084,0.091,0.214,0.102,0.144,0.067,0.255,7.95,0.089,0.174,0.022,0.008,0.024,0.006,2.995,0.013,37.785,0.419,0.021,0.025,1.53,0.002,1.141,0.463,0.069,8.184,0.051,0.055,0.036,0.07
75,SE15_1,Wet Center,10/12/2025,12:15 PM,RV,Stream,Stream_Storm,Storm 15. Sample #1,41.3,550.5,509.2,,Yes,Yes,Yes evens (so NOT the ones that are PFAs),Yes evens (so NOT the ones that are PFAs),Yes,2229,-50.22,-8.01,-3.86,,RV_PFAS_11132025,0.022,0.147,0.093,0.455,2.253,0.38,0.058,0.004,0,0.034,0.164,0.113,0.211,0.079,0.123,0.113,0.203,2.365,1.29,0.047,0.115,0,0.008,0.001,1.932,0.031,4.373,0.966,0.006,0.013,1.026,0.012,3.841,1.852,0.256,3.867,0.116,0.053,0.023,0.016
76,SE15_3,Wet Center,10/12/2025,6:15 PM,RV,Stream,Stream_Storm,Storm 15. Sample #3,41.1,529.2,488.1,,Yes,Yes,Yes evens (so NOT the ones that are PFAs),Yes evens (so NOT the ones that are PFAs),Yes,2231,-48.89,-7.79,-3.75,,RV_PFAS_11132025,0.005,0.251,0.084,1.065,2.838,0.358,0.029,0.006,0.01,0.091,0.286,0.248,0.558,0.076,0.371,0.212,0.451,2.823,1.571,0.098,0.032,0.017,0.015,0.016,2.107,0.056,4.931,1.057,0.004,0.027,0.954,0.005,4.071,2.316,0.186,4.103,0.136,0.065,0.017,0.03
77,SE15_5,Wet Center,10/13/2025,12:15 AM,RV,Stream,Stream_Storm,Storm 15. Sample #5,41.3,545.1,503.8,,Yes,Yes,Yes evens (so NOT the ones that are PFAs),Yes evens (so NOT the ones that are PFAs),Yes,2233,-45.11,-7.37,-3.41,,RV_PFAS_11132025,0.011,0.653,0.071,1.102,2.837,1.069,0.017,0.036,0.015,0.032,0.174,0.281,0.391,0.071,0.203,0.12,0.359,5.754,1.698,0.348,0.142,0.016,0.034,0.007,2.199,0.046,6.706,1.514,0,0.022,1.446,0.089,4.307,2.999,0.234,4.725,0.166,0.031,0.01,0.109
78,SE15_7,Wet Center,10/13/2025,6:15 AM,RV,Stream,Stream_Storm,Storm 15. Sample #7,41.9,527.9,486,,Yes,Yes,Yes evens (so NOT the ones that are PFAs),Yes evens (so NOT the ones that are PFAs),Yes,2235,-50.15,-7.8,-3.78,,RV_PFAS_11132025,0.01,0.326,0.078,1.292,0.82,0.694,0.009,0.011,0.003,0.102,0.126,0.255,0.248,0.053,0.138,0.117,0.273,5.139,2.755,0.256,0.111,0.014,0.038,0.007,2.131,0.097,5.947,1.512,0.011,0.022,1.557,0.061,6.213,3.647,0.45,5.036,0.149,0.027,0.078,0.119
79,SE15_9,Wet Center,10/13/2025,12:15 PM,RV,Stream,Stream_Storm,Storm 15. Sample #9,42,528.5,486.5,,Yes,Yes,Yes evens (so NOT the ones that are PFAs),Yes evens (so NOT the ones that are PFAs),Yes,2237,-49.65,-7.82,-3.77,,RV_PFAS_11132025,0.004,0.124,0.067,0.596,0.877,1.447,0.018,0.025,0.034,0.137,0.212,0.176,0.343,0.071,0.244,0.146,0.411,3.205,1.725,0.169,0.061,0.002,0.03,0.002,1.484,0.088,3.192,1.008,0.006,0.01,1.477,0.024,3.774,2.497,0.311,3.264,0.183,0.033,0.037,0.047
80,SE15_11,Wet Center,10/13/2025,6:15 PM,RV,Stream,Stream_Storm,Storm 15. Sample #11,41.4,547.3,505.9,,Yes,Yes,Yes evens (so NOT the ones that are PFAs),Yes evens (so NOT the ones that are PFAs),Yes,2239,-50.22,-7.96,-3.85,,RV_PFAS_11132025,0.012,0.391,0.041,0.651,0.747,0.752,0.015,0.008,0.001,0.062,0.137,0.096,0.218,0.053,0.131,0.066,0.225,1.875,1.117,0.097,0.077,0,0.01,0.003,1.046,0.023,2.136,0.799,0.009,0.006,1.226,0.029,2.471,1.659,0.25,1.754,0.108,0.066,0.038,0.033
81,SE15_13,Wet Center,10/14/2025,12:15 AM,RV,Stream,Stream_Storm,Storm 15. Sample #13,41.5,535,493.5,,Yes,Yes,Yes evens (so NOT the ones that are PFAs),Yes evens (so NOT the ones that are PFAs),Yes,2241,-49.61,-7.86,-3.85,,RV_PFAS_11132025,0.015,0.147,0.072,0.162,0.779,0.294,0.024,0.016,0,0.044,0.341,0.191,0.442,0.067,0.258,0.131,0.426,1.746,0.894,0.089,0.117,0.028,0.017,0.005,1.082,0.036,2.16,0.728,0.005,0.019,2.119,0.021,2.537,1.693,0.183,1.737,0.084,0.096,0.057,0.05
82,SE15_15,Wet Center,10/14/2025,6:15 AM,RV,Stream,Stream_Storm,Storm 15. Sample #15,41.1,542.1,501,,Yes,Yes,Yes evens (so NOT the ones that are PFAs),Yes evens (so NOT the ones that are PFAs),Yes,2243,-50.12,-7.93,-3.85,,RV_PFAS_11132025,0.005,0.062,0.078,0.254,0.878,0.37,0.018,0.021,0.004,0.032,0.18,0.14,0.304,0.061,0.171,0.099,0.289,1.669,1.02,0.036,0.066,0.007,0,0.012,0.967,0.071,1.965,0.75,0.001,0.023,1.031,0.012,2.881,1.642,0.217,1.807,0.059,0.022,0.043,0.04
83,SE15_17,Wet Center,10/14/2025,12:15 PM,RV,Stream,Stream_Storm,Storm 15. Sample #17,42,543.5,501.5,,Yes,Yes,Yes evens (so NOT the ones that are PFAs),Yes evens (so NOT the ones that are PFAs),Yes,2245,-48.01,-7.79,-3.73,,RV_PFAS_11132025,0.009,0.111,0.056,0.554,1.078,0.77,0.029,0.011,0.005,0.042,0.206,0.147,0.214,0.081,0.138,0.079,0.234,1.836,1.137,0.067,0.109,0.022,0.009,0.001,1.097,0.053,2.491,0.819,0.014,0.011,0.95,0.005,2.872,1.716,0.229,2.328,0.123,0.02,0.08,0.041
84,SE15_19,Wet Center,10/14/2025,6:15 PM,RV,Stream,Stream_Storm,Storm 15. Sample #19,42.1,543.4,501.3,,Yes,Yes,Yes evens (so NOT the ones that are PFAs),Yes evens (so NOT the ones that are PFAs),Yes,2247,-50.29,-8.08,-3.89,,RV_PFAS_11132025,0.011,0.137,0.07,0.216,1.103,0.368,0.041,0.017,0.002,0.062,0.274,0.112,0.26,0.075,0.176,0.123,0.28,1.732,1.161,0.106,0.057,0.011,0.018,0.009,1.21,0.062,2.897,0.829,0.007,0.021,0.751,0.029,2.723,1.601,0.268,2.306,0.05,0.068,0.011,0.019
85,SE15_21,Wet Center,10/15/2025,12:15 AM,RV,Stream,Stream_Storm,Storm 15. Sample #21,41.2,554,512.8,,Yes,Yes,Yes evens (so NOT the ones that are PFAs),Yes evens (so NOT the ones that are PFAs),Yes,2249,-50.3,-8.11,-3.95,11/14/2025,RV_PFAS_11132025,0.005,0.027,0.062,0.175,1.049,0.366,0.015,0.008,0.009,0.061,0.134,0.114,0.324,0.075,0.121,0.079,0.196,1.851,1.443,0.087,0.082,0,0.044,0.001,1.274,0,3.007,0.75,0.011,0.007,1.097,0.029,3.027,1.889,0.317,2.44,0.115,0.03,0.142,0.013
86,SE15_23,Wet Center,10/15/2025,6:15 AM,RV,Stream,Stream_Storm,Storm 15. Sample #23,42.2,541.8,499.6,,Yes,Yes,Yes evens (so NOT the ones that are PFAs),Yes evens (so NOT the ones that are PFAs),Yes,2251,-50.02,-8.08,-3.73,11/14/2025,RV_PFAS_11132025,0.006,0,0.135,0.506,1.654,0.152,0.05,0.017,0.005,0.054,0.296,0.241,0.407,0.047,0.295,0.196,0.378,2.905,1.905,0.13,0.179,0.004,0.01,0.003,1.818,0.065,3.982,1.135,0.009,0.037,1.381,0.027,4.7,2.183,0.659,3.483,0.113,0.053,0.078,0.034
87,S2_1,MR Rec Area (picnic tables),10/15/2025,7:19 AM,RV,Stream,Spatial,1,41.3,563.8,522.5,,Yes,,,,Yes,2263,-50.91624,-7.975555,-4.20245,11/24/2025,RV_PFAS_11132025,0,0.104,0.041,0.317,0.015,1.225,0.043,0.002,0.005,0.079,0.159,0.178,0.222,0.07,0.181,0.469,0.196,1.202,1.014,0.038,0.027,0.004,0.014,0.003,0.645,0.027,0.756,0.566,0.008,0.01,0.517,0.005,1.883,1.136,0.529,0.972,0.075,0.016,0.023,0.022
88,S2_2,Puffers Waterfall,10/15/2025,7:48 AM,RV,Stream,Spatial,2,41.4,,,,Yes,,,,,2267,-50.43,-7.97,-4.14,,,,,,,,,,,,,,,,,,,,,,,,,,,,,,,,,,,,,,,,,,
89,S2_3,Puffers Beach,10/15/2025,7:55 AM,RV,Stream,Spatial,3,41.3,,,,Yes,,,,,2268,-50.86,-8.03,-4.25,,,,,,,,,,,,,,,,,,,,,,,,,,,,,,,,,,,,,,,,,,
90,S2_4,Upper puffers - Railroad,10/15/2025,8:07 AM,RV,Stream,Spatial,4,42.1,,,,Yes,,,,,2270,-49.69,-8.01,-4.05,,,,,,,,,,,,,,,,,,,,,,,,,,,,,,,,,,,,,,,,,,
91,S2_5,Haskin Meadows (fishing spot),10/15/2025,8:16 AM,RV,Stream,Spatial,5,41.9,,,,Yes,,,,,2271,-49.9,-8.14,-3.93,,,,,,,,,,,,,,,,,,,,,,,,,,,,,,,,,,,,,,,,,,
92,S2_6,Atkins Reservoir,10/15/2025,8:34 AM,RV,Stream,Spatial,6,41.1,,,,Yes,,,,,2273,-41.06,-5.78,-3.22,,,,,,,,,,,,,,,,,,,,,,,,,,,,,,,,,,,,,,,,,,
93,S2_7,Roaring,10/15/2025,8:43 AM,RV,Stream,Spatial,7,41.3,,,,Yes,,,,,2274,-51.83,-8.24,-4.49,,,,,,,,,,,,,,,,,,,,,,,,,,,,,,,,,,,,,,,,,,
94,S2_8,Broad Hil,10/15/2025,8:50 AM,RV,Stream,Spatial,8,41.2,,,,Yes,,,,,2275,-52.22,-8.38,-4.5,,,,,,,,,,,,,,,,,,,,,,,,,,,,,,,,,,,,,,,,,,
95,S2_9,Shutesbury Cemetary,10/15/2025,9:01 AM,RV,Stream,Spatial,9,41.7,,,,Yes,,,,,2276,-46.42,-7.46,-3.87,,,,,,,,,,,,,,,,,,,,,,,,,,,,,,,,,,,,,,,,,,
96,S2_10,Doolittle,10/15/2025,9:22 AM,RV,Stream,Spatial,10,41.8,,,,Yes,,,,,2277,-50.68,-8.05,-4.2,,,,,,,,,,,,,,,,,,,,,,,,,,,,,,,,,,,,,,,,,,
97,S2_11,Leverett Library,10/15/2025,9:33 AM,RV,Stream,Spatial,11,41.3,,,,Yes,,,,,2278,-53.58,-8.48,-4.39,,,,,,,,,,,,,,,,,,,,,,,,,,,,,,,,,,,,,,,,,,
98,S2_12,Leverett Pond,10/15/2025,9:44 AM,RV,Stream,Spatial,12,41.6,,,,Yes,,,,,2279,-29.8,-3.49,-1.31,,,,,,,,,,,,,,,,,,,,,,,,,,,,,,,,,,,,,,,,,,
99,S2_13,Eastman Up,10/15/2025,9:59 AM,RV,Stream,Spatial,13,41.5,,,,Yes,,,,,2280,-41.15,-6.17,-2.62,,,,,,,,,,,,,,,,,,,,,,,,,,,,,,,,,,,,,,,,,,
100,S2_14,LW Boat Ramp,10/15/2025,1:50 PM,RV,Stream,Spatial,14,41.4,,,,Yes,,,,,2284,-42.63,-7.02,-3.22,,,,,,,,,,,,,,,,,,,,,,,,,,,,,,,,,,,,,,,,,,
101,S2_15,Prindle School,10/15/2025,2:20 PM,RV,Stream,Spatial,15,41.4,,,,Yes,,,,,2285,-39.77,-6.4,-3.18,,,,,,,,,,,,,,,,,,,,,,,,,,,,,,,,,,,,,,,,,,
102,S2_16,Horse Farm Up,10/15/2025,2:30 PM,RV,Stream,Spatial,16,41.2,,,,Yes,,,,,2286,-42.25,-6.79,-3.46,,,,,,,,,,,,,,,,,,,,,,,,,,,,,,,,,,,,,,,,,,
103,S2_17,Fieldstone,10/15/2025,2:47 PM,RV,Stream,Spatial,17,41.8,,,,Yes,,,,,2289,-50.932099,-8.091308,-4.185691,,,,,,,,,,,,,,,,,,,,,,,,,,,,,,,,,,,,,,,,,,
104,WC_9,Wet Center,10/17/2025,9:22:00 AM,RV,Stream,Baseflow,,41.58,548.82,,Yes,Yes,Yes - no TN,No (no more sample),No (no more sample),,2292,-50.73,-7.99,-2.78,6/4/2026,RV_PFAS_07082026,0.00 bdl,0.16 bdl,0.00 bdl,0.58 bdl,0.32 bdl,0.24 bdl,0.02 bdl,0.00 bdl,0.01 bdl,0.06 bdl,0.21 bdl,0.11 bdl,0.26 bdl,0.07 bdl,0.20 bdl,0.33 bdl,0.21 bdl,0.67 bdl,1.56,0.07 bdl,0.03 bdl,0.00 bdl,0.04 bdl,0.00 bdl,2.27,0.03 bdl,5.49,0.98 bdl,0.01 bdl,0.01 bdl,0.58 bdl,0.02 bdl,3.97,1.8,0.44 bdl,4.62,0.16 bdl,0.01 bdl,0.02 bdl,0.06 bdl
105,,Wet Center UP,10/17/2025,9:30:00 AM,RV,Stream,Baseflow,,41.4,,,Yes,Yes,Yes - no TN,No (no more sample),No (no more sample),,2293,-50.45,-7.88,-2.75,,,,,,,,,,,,,,,,,,,,,,,,,,,,,,,,,,,,,,,,,,
,,Roaring ,10/18/2025,10:57:00 AM,"RV, TN, CG, XG",Stream,13-Site,,N/A,,,Yes,NO,Yes,Yes,Yes,NO,2295,,,,,,,,,,,,,,,,,,,,,,,,,,,,,,,,,,,,,,,,,,,,,
,,Doolittle,10/18/2025,11:14:00 AM,"RV, TN, CG, XG",Stream,13-Site,,N/A,,,Yes,NO,Yes,Yes,Yes,NO,2296,,,,,,,,,,,,,,,,,,,,,,,,,,,,,,,,,,,,,,,,,,,,,
,,Eastman Up ,10/18/2025,11:35:00 AM,"RV, TN, CG, XG",Stream,13-Site,,N/A,,,Yes,NO,Yes,Yes,Yes,NO,2297,,,,,,,,,,,,,,,,,,,,,,,,,,,,,,,,,,,,,,,,,,,,,
,,Eastman Down,10/18/2025,1:18:00 PM,"RV, TN, CG, XG",Stream,13-Site,,N/A,,,Yes,NO,Yes,Yes,Yes,NO,2298,,,,,,,,,,,,,,,,,,,,,,,,,,,,,,,,,,,,,,,,,,,,,
,,Lake Warner Outlet,10/18/2025,2:01:00 PM,"RV, TN, CG, XG",Stream,13-Site,,N/A,,,Yes,NO,Yes,Yes,Yes,NO,2299,,,,,,,,,,,,,,,,,,,,,,,,,,,,,,,,,,,,,,,,,,,,,
,,Knightly,10/18/2025,1:39:00 PM,"RV, TN, CG, XG",Stream,13-Site,,N/A,,,Yes,NO,Yes,Yes,Yes,NO,2300,,,,,,,,,,,,,,,,,,,,,,,,,,,,,,,,,,,,,,,,,,,,,
,,Campus Pond Up ,10/18/2025,1:18:00 PM,"RV, TN, CG, XG",Stream,13-Site,,N/A,,,Yes,NO,Yes,Yes,Yes,NO,2301,,,,,,,,,,,,,,,,,,,,,,,,,,,,,,,,,,,,,,,,,,,,,
,,Horse Down,10/18/2025,11:58:00 PM,"RV, TN, CG, XG",Stream,13-Site,,N/A,,,Yes,NO,Yes,Yes,Yes,NO,2302,,,,,,,,,,,,,,,,,,,,,,,,,,,,,,,,,,,,,,,,,,,,,
,,Horse Up,10/18/2025,12:31:00 PM,"RV, TN, CG, XG",Stream,13-Site,,N/A,,,Yes,NO,Yes,Yes,Yes,NO,2303,,,,,,,,,,,,,,,,,,,,,,,,,,,,,,,,,,,,,,,,,,,,,
,,Tan Brook Down,10/18/2025,11:13:00 AM,"RV, TN, CG, XG",Stream,13-Site,,N/A,,,Yes,NO,Yes,Yes,Yes,NO,2304,,,,,,,,,,,,,,,,,,,,,,,,,,,,,,,,,,,,,,,,,,,,,
,,Campus Pond Down,10/18/2025,1:32:00 PM,"RV, TN, CG, XG",Stream,13-Site,,N/A,,,Yes,NO,Yes,Yes,Yes,NO,2305,,,,,,,,,,,,,,,,,,,,,,,,,,,,,,,,,,,,,,,,,,,,,
,,Tan Brook Up ,10/18/2025,12:51:00 PM,"RV, TN, CG, XG",Stream,13-Site,,N/A,,,Yes,NO,Yes,Yes,Yes,NO,2306,,,,,,,,,,,,,,,,,,,,,,,,,,,,,,,,,,,,,,,,,,,,,
,,Mill Site,10/18/2025,2:27:00 PM,"RV, TN, CG, XG",Stream,13-Site,,N/A,,,Yes,NO,Yes,Yes,Yes,NO,2307,,,,,,,,,,,,,,,,,,,,,,,,,,,,,,,,,,,,,,,,,,,,,
106,WC_17,Wet Center,10/24/2025,10:07:00 AM,RV,Stream,Baseflow,,42.22,544.8,502.58,Yes,Yes,Yes,Yes,Yes,,2321,-47.46,-7.55,-2.67,6/18/2026,RV_PFAS_07082026,0.00 bdl,0.07 bdl,0.00 bdl,0.37 bdl,0.15 bdl,0.13 bdl,0.02 bdl,0.00 bdl,0.01 bdl,0.16 bdl,0.28 bdl,0.09 bdl,0.25 bdl,0.04 bdl,0.18 bdl,0.28 bdl,0.23 bdl,0.63 bdl,1.32,0.08 bdl,0.03 bdl,0.01 bdl,0.01 bdl,0.01 bdl,1.59,0.08 bdl,3.63,0.85 bdl,0.01 bdl,0.01 bdl,0.52 bdl,0.00 bdl,2.91,1.41,0.64 bdl,2.87,0.21 bdl,0.02 bdl,0.03 bdl,0.02 bdl
107,,Wet Center UP,10/24/2025,10:14:00 AM,RV,Stream,Baseflow,,41.51,546.9,505.39,Yes,Yes,Yes,Yes,Yes,,2322,-47.61,-7.47,-2.81,,,,,,,,,,,,,,,,,,,,,,,,,,,,,,,,,,,,,,,,,,
108,SE16_P1_H,Wet Center,10/29/2025,11:12:00 AM,"XG, ZW",Precipitation,Stream_Storm,Storm 16 bulk. Homemade precip collector,41.15,551.8,510.65,Yes,Yes,Yes,Yes,Yes,Yes,2323,-108.98,-14.44,-6.74,11/14/2025,,0.004,0.047,0.051,0.286,0.139,0.315,0.004,0.009,0.003,0.521,0.146,0.069,0.135,0.036,0.106,0.045,0.141,0.887,0.023,0.059,0.068,0,0.032,0.008,0.639,0.024,13.335,0.301,0.007,0.297,0.866,0.028,1.443,0.395,0.033,1.171,0.01,0.043,0.084,0.057
109,SE16_P1_E,Wet Center,10/21/2025,11:12:00 AM,"XG, ZW",Precipitation,Stream_Storm,Storm 16 bulk Precip. Euro precip collector. Collected a small storm on October 12 and wasn't replaced ,41.03,565.3,524.27,Yes,Yes,Yes,Yes,Yes,Yes,2324,-91.54,-12.67,-5.92,11/14/2025,,0.002,0.043,0.031,0.333,0.053,0.192,0.024,0.013,0.01,0.06,0.164,0.107,0.242,0.063,0.156,0.088,0.184,4.213,0.096,0.086,0.084,0.007,0.014,0.002,0.313,0.01,0.328,0.185,0.012,0.361,0.848,0.005,0.566,0.361,0.111,0.3,0.041,0.025,0.028,0.068
110,SE16_1,Wet Center,10/30/2025,3:40:00 AM,"XG, ZW",Stream,Stream_Storm,Storm 16: Sample 1,41.74,539.7,497.96,Yes,Yes,Yes,Yes,Yes,Yes,2325,-49.39,-7.76,-3.51,2/15/2026,RV_PFAS_02202026,0.01 bdl,0.13 bdl,0.09 bdl,0.71 bdl,0.81 bdl,0.66 bdl,0.02 bdl,0.00 bdl,0.01 bdl,0.05 bdl,0.19 bdl,0.10 bdl,0.23 bdl,0.07 bdl,0.11 bdl,0.31 bdl,0.22 bdl,2.97 bdl,1.37 bdl,0.08 bdl,0.05 bdl,0.01 bdl,0.01 bdl,0.01 bdl,2.2,0.05 bdl,4.2,0.83 bdl,0.00 bdl,0.02 bdl,0.58 bdl,0.01 bdl,3.87,1.71 bdl,0.47 bdl,3.83 bdl,0.15 bdl,0.03 bdl,0.02 bdl,0.03 bdl
111,SE16_2,Wet Center,10/30/2025,5:40:00 AM,"XG, ZW",Stream,Stream_Storm,Storm 16: Sample 2,41.6,558.9,517.3,Yes,Yes,Yes,Yes,Yes,Yes,2326,-49.66,-7.86,-3.63,2/25/2026,RV_PFAS_03122026,0.05 bdl,0.25 bdl,0.00 bdl,0.62 bdl,0.58 bdl,0.46 bdl,0.02 bdl,0.02 bdl,0.02 bdl,0.07 bdl,0.23 bdl,0.22 bdl,0.94 bdl,0.07 bdl,0.22 bdl,0.41 bdl,0.61 bdl,0.61 bdl,1.46 bdl,0.06 bdl,0.04 bdl,0.03 bdl,0.02 bdl,0.01 bdl,2.26,0.13 bdl,4.21,0.92 bdl,0.01 bdl,0.01 bdl,0.49 bdl,0.00 bdl,3.51,1.63 bdl,0.24 bdl,3.8,0.19 bdl,0.04 bdl,0.03 bdl,0.03 bdl
112,SE16_3,Wet Center,10/30/2025,7:40:00 AM,"XG, ZW",Stream,Stream_Storm,Storm 16: Sample 3,41.72,535.6,493.88,Yes,Yes,Yes,Yes,Yes,Yes,2327,-49.39,-7.89,-3.74,2/25/2026,RV_PFAS_03122026,0.02 bdl,0.07 bdl,0.00 bdl,0.62 bdl,0.59 bdl,0.55 bdl,0.05 bdl,0.00 bdl,0.02 bdl,0.13 bdl,0.24 bdl,0.23 bdl,0.62 bdl,0.06 bdl,0.22 bdl,0.43 bdl,0.54 bdl,0.52 bdl,1.38 bdl,0.10 bdl,0.06 bdl,0.02 bdl,0.02 bdl,0.00 bdl,2.16,0.10 bdl,4.1,0.89 bdl,0.01 bdl,0.01 bdl,0.47 bdl,0.01 bdl,3.39,1.62 bdl,0.20 bdl,3.55 bdl,0.12 bdl,0.04 bdl,0.05 bdl,0.03 bdl
113,SE16_4,Wet Center,10/30/2025,9:40:00 AM,"XG, ZW",Stream,Stream_Storm,Storm 16: Sample 4,42.15,544.1,501.95,Yes,Yes,Yes,Yes,Yes,Yes,2328,-49,-7.89,-3.89,2/25/2026,RV_PFAS_03122026,0.01 bdl,0.00 bdl,0.00 bdl,0.51 bdl,0.93 bdl,0.12 bdl,0.02 bdl,0.00 bdl,0.01 bdl,0.11 bdl,0.30 bdl,0.18 bdl,0.59 bdl,0.06 bdl,0.27 bdl,0.36 bdl,0.48 bdl,0.52 bdl,1.35 bdl,0.05 bdl,0.03 bdl,0.00 bdl,0.02 bdl,0.01 bdl,2.08,0.05 bdl,4.11,0.78 bdl,0.01 bdl,0.01 bdl,0.50 bdl,0.05 bdl,3.61,1.67 bdl,0.21 bdl,3.59 bdl,0.06 bdl,0.03 bdl,0.01 bdl,0.03 bdl
114,SE16_5,Wet Center,10/30/2025,11:40:00 AM,"XG, ZW",Stream,Stream_Storm,Storm 16: Sample 5,42.33,562.2,519.87,Yes,Yes,Yes,Yes,Yes,Yes,2329,-49.23,-7.95,-3.95,2/25/2026,RV_PFAS_03122026,0.00 bdl,0.08 bdl,0.00 bdl,0.44 bdl,1.11 bdl,0.25 bdl,0.03 bdl,0.01 bdl,0.00 bdl,0.07 bdl,0.26 bdl,0.19 bdl,0.54 bdl,0.07 bdl,0.32 bdl,0.42 bdl,0.51 bdl,0.58 bdl,1.60 bdl,0.06 bdl,0.02 bdl,0.00 bdl,0.01 bdl,0.01 bdl,2,0.08 bdl,4.45,0.87 bdl,0.01 bdl,0.02 bdl,0.54 bdl,0.01 bdl,3.49,1.94 bdl,0.18 bdl,3.89,0.10 bdl,0.02 bdl,0.02 bdl,0.02 bdl
115,SE16_6,Wet Center,10/30/2025,1:40:00 PM,"XG, ZW",Stream,Stream_Storm,Storm 16: Sample 6,41.67,540.7,499.03,Yes,Yes,Yes,Yes,Yes,Yes,2330,-49.45,-7.91,-3.82,2/25/2026,RV_PFAS_03122026,0.00 bdl,0.14 bdl,0.00 bdl,0.54 bdl,1.35 bdl,0.31 bdl,0.03 bdl,0.01 bdl,0.00 bdl,0.06 bdl,0.18 bdl,0.22 bdl,0.38 bdl,0.08 bdl,0.20 bdl,0.39 bdl,0.31 bdl,0.60 bdl,1.56 bdl,0.07 bdl,0.01 bdl,0.00 bdl,0.02 bdl,0.00 bdl,1.99,0.05 bdl,4.19,0.74 bdl,0.01 bdl,0.01 bdl,0.44 bdl,0.07 bdl,3.59,2.05 bdl,0.17 bdl,3.70 bdl,0.13 bdl,0.02 bdl,0.02 bdl,0.03 bdl
116,SE16_7,Wet Center,10/30/2025,3:40:00 PM,"XG, ZW",Stream,Stream_Storm,Storm 16: Sample 7,41.67,564.3,522.63,Yes,Yes,Yes,Yes,Yes,Yes,2331,-49.25,-7.94,-3.84,2/25/2026,RV_PFAS_03122026,0.00 bdl,0.02 bdl,0.00 bdl,0.58 bdl,0.09 bdl,0.06 bdl,0.01 bdl,0.01 bdl,0.01 bdl,0.07 bdl,0.16 bdl,0.09 bdl,0.25 bdl,0.09 bdl,0.20 bdl,0.29 bdl,0.24 bdl,0.44 bdl,1.33 bdl,0.05 bdl,0.01 bdl,0.01 bdl,0.03 bdl,0.01 bdl,1.36 bdl,0.04 bdl,3.08,0.69 bdl,0.01 bdl,0.01 bdl,0.35 bdl,0.01 bdl,2.61,1.58 bdl,0.40 bdl,2.25 bdl,0.09 bdl,0.01 bdl,0.01 bdl,0.03 bdl
117,SE16_8,Wet Center,10/30/2025,5:40:00 PM,"XG, ZW",Stream,Stream_Storm,Storm 16: Sample 8,41.56,539.7,498.14,Yes,Yes,Yes,Yes,Yes,Yes,2332,-41.83,-6.39,-2.97,2/25/2026,RV_PFAS_03122026,0.01 bdl,0.10 bdl,0.00 bdl,0.53 bdl,0.22 bdl,0.17 bdl,0.02 bdl,0.00 bdl,0.00 bdl,0.06 bdl,0.19 bdl,0.26 bdl,0.39 bdl,0.09 bdl,0.20 bdl,0.42 bdl,0.30 bdl,0.20 bdl,0.99 bdl,0.08 bdl,0.03 bdl,0.01 bdl,0.05 bdl,0.01 bdl,1.64 bdl,0.07 bdl,2.49,0.70 bdl,0.00 bdl,0.02 bdl,0.58 bdl,0.05 bdl,3.09,1.59 bdl,0.53 bdl,2.30 bdl,0.11 bdl,0.02 bdl,0.02 bdl,0.07 bdl
118,SE16_9,Wet Center,10/30/2025,7:40:00 PM,"XG, ZW",Stream,Stream_Storm,Storm 16: Sample 9,41.87,556.4,514.53,Yes,Yes,Yes,Yes,Yes,Yes,2333,-44.21,-6.9,-3.37,3/7/2026,RV_PFAS_03122026,0.00 bdl,0.32 bdl,0.00 bdl,0.48 bdl,0.27 bdl,0.29 bdl,0.01 bdl,0.00 bdl,0.02 bdl,0.17 bdl,0.22 bdl,0.21 bdl,0.36 bdl,0.04 bdl,0.23 bdl,0.49 bdl,0.32 bdl,0.39 bdl,0.49 bdl,0.25 bdl,0.08 bdl,0.00 bdl,0.12 bdl,0.01 bdl,1.56 bdl,0.13 bdl,3.55,0.90 bdl,0.03 bdl,0.01 bdl,0.73 bdl,0.02 bdl,2.92,2.25,0.37 bdl,3.13 bdl,0.10 bdl,0.02 bdl,0.03 bdl,0.07 bdl
119,SE16_10,Wet Center,10/30/2025,9:40:00 PM,"XG, ZW",Stream,Stream_Storm,Storm 16: Sample 10,42.09,547,504.91,Yes,Yes,Yes,Yes,Yes,Yes,2334,-86.41,-12.11,-6.29,3/7/2026,RV_PFAS_03122026,0.00 bdl,0.18 bdl,0.00 bdl,0.33 bdl,0.31 bdl,0.38 bdl,0.04 bdl,0.00 bdl,0.00 bdl,0.12 bdl,0.20 bdl,0.14 bdl,0.32 bdl,0.04 bdl,0.22 bdl,0.30 bdl,0.26 bdl,2.22 bdl,1.39 bdl,0.30 bdl,0.13 bdl,0.03 bdl,0.09 bdl,0.01 bdl,1.17 bdl,0.13 bdl,2.94,0.68 bdl,0.01 bdl,0.01 bdl,0.67 bdl,0.02 bdl,2.47,1.87 bdl,0.75 bdl,2.92 bdl,0.13 bdl,0.07 bdl,0.07 bdl,0.13 bdl
120,SE16_11,Wet Center,10/30/2025,11:40:00 PM,"XG, ZW",Stream,Stream_Storm,Storm 16: Sample 11,41.65,541.7,500.05,Yes,Yes,Yes,Yes,Yes,Yes,2335,-69.33,-10.12,-5.21,3/7/2026,RV_PFAS_03122026,0.01 bdl,0.15 bdl,0.00 bdl,0.26 bdl,0.51 bdl,0.19 bdl,0.16 bdl,0.01 bdl,0.00 bdl,0.04 bdl,0.13 bdl,0.27 bdl,0.27 bdl,0.03 bdl,0.14 bdl,0.33 bdl,0.19 bdl,1.00 bdl,1.59 bdl,0.29 bdl,0.07 bdl,0.02 bdl,0.03 bdl,0.00 bdl,1.67 bdl,0.08 bdl,3.63,0.78 bdl,0.01 bdl,0.05 bdl,1.07 bdl,0.00 bdl,3.78,2.18,0.34 bdl,4.29,0.15 bdl,0.04 bdl,0.04 bdl,0.08 bdl
121,SE16_12,Wet Center,10/31/2025,1:40:00 AM,"XG, ZW",Stream,Stream_Storm,Storm 16: Sample 12,42.23,545.9,503.67,Yes,Yes,Yes,Yes,Yes,Yes,2336,-71.01,-10.39,-5.36,3/7/2026,RV_PFAS_03122026,0.00 bdl,0.26 bdl,0.00 bdl,0.34 bdl,0.08 bdl,0.41 bdl,0.03 bdl,0.00 bdl,0.01 bdl,0.19 bdl,0.18 bdl,0.30 bdl,0.29 bdl,0.06 bdl,0.18 bdl,0.41 bdl,0.27 bdl,0.18 bdl,1.52 bdl,0.33 bdl,0.06 bdl,0.01 bdl,0.03 bdl,0.02 bdl,1.24 bdl,0.14 bdl,2.96,0.94 bdl,0.02 bdl,0.01 bdl,0.75 bdl,0.04 bdl,3.07,2.58,0.55 bdl,3.74 bdl,0.27 bdl,0.04 bdl,0.03 bdl,0.15 bdl
122,SE16_13,Wet Center,10/31/2025,3:40:00 AM,"XG, ZW",Stream,Stream_Storm,Storm 16: Sample 13,41.42,536.5,495.08,Yes,Yes,Yes,Yes,Yes,Yes,2337,-72.52,-10.62,-5.23,3/7/2026,RV_PFAS_03122026,0.00 bdl,0.05 bdl,0.00 bdl,0.38 bdl,0.19 bdl,0.17 bdl,0.10 bdl,0.00 bdl,0.00 bdl,0.10 bdl,0.28 bdl,0.23 bdl,0.46 bdl,0.07 bdl,0.32 bdl,0.33 bdl,0.37 bdl,3.31 bdl,1.45 bdl,0.24 bdl,0.03 bdl,0.00 bdl,0.02 bdl,0.00 bdl,1.55 bdl,0.04 bdl,3.04,0.63 bdl,0.01 bdl,0.02 bdl,0.88 bdl,0.02 bdl,3.09,2.41,0.30 bdl,3.52 bdl,0.07 bdl,0.03 bdl,0.02 bdl,0.08 bdl
123,SE16_14,Wet Center,10/31/2025,5:40:00 AM,"XG, ZW",Stream,Stream_Storm,Storm 16: Sample 14,41.39,549.8,508.41,Yes,Yes,Yes,Yes,Yes,Yes,2338,-105.47,-14.83,-7.36,3/7/2026,RV_PFAS_03122026,0.01 bdl,0.11 bdl,0.00 bdl,0.23 bdl,0.17 bdl,0.28 bdl,0.09 bdl,0.00 bdl,0.00 bdl,0.06 bdl,0.16 bdl,0.18 bdl,0.31 bdl,0.05 bdl,0.19 bdl,0.26 bdl,0.23 bdl,2.19 bdl,0.79 bdl,0.28 bdl,0.07 bdl,0.02 bdl,0.03 bdl,0.03 bdl,1.01 bdl,0.10 bdl,2.74,0.54 bdl,0.01 bdl,0.01 bdl,0.76 bdl,0.02 bdl,2.39,1.52 bdl,0.35 bdl,2.51 bdl,0.15 bdl,0.05 bdl,0.05 bdl,0.12 bdl
124,SE16_15,Wet Center,10/31/2025,7:40:00 AM,"XG, ZW",Stream,Stream_Storm,Storm 16: Sample 15,41.43,553,511.57,Yes,Yes,Yes,Yes,Yes,Yes,2339,-79.3,-11.64,-5.8,3/7/2026,RV_PFAS_03122026,0.00 bdl,0.09 bdl,0.00 bdl,0.29 bdl,0.11 bdl,0.25 bdl,0.01 bdl,0.01 bdl,0.00 bdl,0.09 bdl,0.22 bdl,0.20 bdl,0.36 bdl,0.08 bdl,0.23 bdl,0.34 bdl,0.28 bdl,2.66 bdl,1.33 bdl,0.21 bdl,0.06 bdl,0.01 bdl,0.06 bdl,0.02 bdl,1.26 bdl,0.01 bdl,2.39,0.67 bdl,0.01 bdl,0.01 bdl,0.68 bdl,0.03 bdl,2.71,2.02 bdl,0.49 bdl,2.37 bdl,0.11 bdl,0.05 bdl,0.03 bdl,0.08 bdl
125,SE16_16,Wet Center,10/31/2025,9:40:00 AM,"XG, ZW",Stream,Stream_Storm,Storm 16: Sample 16,41.47,562.1,520.63,Yes,Yes,Yes,Yes,Yes,Yes,2340,-78.19,-11.5,-5.66,3/7/2026,RV_PFAS_03122026,0.00 bdl,0.04 bdl,0.00 bdl,0.18 bdl,0.15 bdl,0.28 bdl,0.03 bdl,0.00 bdl,0.01 bdl,0.07 bdl,0.25 bdl,0.20 bdl,0.35 bdl,0.07 bdl,0.25 bdl,0.32 bdl,0.31 bdl,2.86 bdl,1.14 bdl,0.22 bdl,0.04 bdl,0.00 bdl,0.07 bdl,0.01 bdl,1.23 bdl,0.03 bdl,2.06,0.63 bdl,0.01 bdl,0.01 bdl,0.74 bdl,0.01 bdl,2.8,1.90 bdl,0.86 bdl,2.94 bdl,0.07 bdl,0.01 bdl,0.05 bdl,0.07 bdl
126,SE16_17,Wet Center,10/31/2025,11:40:00 AM,"XG, ZW",Stream,Stream_Storm,Storm 16: Sample 17,41.44,571.9,530.46,Yes,Yes,Yes,Yes,Yes,Yes,2341,-70.55,-10.5,-5.06,3/7/2026,RV_PFAS_03122026,0.00 bdl,0.03 bdl,0.00 bdl,4.06 bdl,0.20 bdl,0.37 bdl,0.02 bdl,0.00 bdl,0.00 bdl,0.08 bdl,0.25 bdl,0.27 bdl,0.45 bdl,0.05 bdl,0.28 bdl,0.48 bdl,0.42 bdl,2.67 bdl,1.10 bdl,0.12 bdl,0.03 bdl,0.00 bdl,0.03 bdl,0.02 bdl,1.12 bdl,0.15 bdl,2.01,0.73 bdl,0.01 bdl,0.01 bdl,0.68 bdl,0.03 bdl,2.82,2.02,0.65 bdl,2.37 bdl,0.09 bdl,0.05 bdl,0.05 bdl,0.08 bdl
127,SE16_18,Wet Center,10/31/2025,1:40:00 PM,"XG, ZW",Stream,Stream_Storm,Storm 16: Sample 18,42.29,548.3,506.01,Yes,Yes,Yes,Yes,Yes,Yes,2342,-64.33,-9.7,-4.63,3/7/2026,RV_PFAS_03122026,0.00 bdl,0.22 bdl,0.00 bdl,0.26 bdl,0.07 bdl,0.46 bdl,0.04 bdl,0.00 bdl,0.01 bdl,0.09 bdl,0.03 bdl,0.17 bdl,0.05 bdl,0.03 bdl,0.03 bdl,0.34 bdl,0.08 bdl,2.35 bdl,0.91 bdl,0.15 bdl,0.03 bdl,0.01 bdl,0.01 bdl,0.00 bdl,0.98 bdl,0.07 bdl,2.03,0.64 bdl,0.01 bdl,0.01 bdl,0.52 bdl,0.01 bdl,2.73,1.85 bdl,0.86 bdl,2.03 bdl,0.07 bdl,0.01 bdl,0.02 bdl,0.02 bdl
128,SE16_19,Wet Center,10/31/2025,3:40:00 PM,"XG, ZW",Stream,Stream_Storm,Storm 16: Sample 19,41.45,569.3,527.85,Yes,Yes,Yes,Yes,Yes,Yes,2343,-60.55,-9.21,-4.39,3/7/2026,RV_PFAS_03122026,0.00 bdl,0.13 bdl,0.00 bdl,0.17 bdl,0.13 bdl,0.54 bdl,0.00 bdl,0.00 bdl,0.00 bdl,0.11 bdl,0.20 bdl,0.12 bdl,0.33 bdl,0.08 bdl,0.24 bdl,0.41 bdl,0.29 bdl,0.83 bdl,1.03 bdl,0.10 bdl,0.02 bdl,0.05 bdl,0.05 bdl,0.01 bdl,1.10 bdl,0.02 bdl,2.08,0.65 bdl,0.01 bdl,0.01 bdl,0.53 bdl,0.04 bdl,2.94,1.69 bdl,0.90 bdl,2.13 bdl,0.06 bdl,0.02 bdl,0.01 bdl,0.04 bdl
129,SE16_20,Wet Center,10/31/2025,5:40:00 PM,"XG, ZW",Stream,Stream_Storm,Storm 16: Sample 20,41.31,559.4,518.09,Yes,Yes,Yes,Yes,Yes,Yes,2344,-59.1,-9.05,-4.25,3/7/2026,RV_PFAS_03122026,0.00 bdl,0.07 bdl,0.00 bdl,0.56 bdl,0.09 bdl,0.47 bdl,0.02 bdl,0.01 bdl,0.00 bdl,0.11 bdl,0.17 bdl,0.15 bdl,0.27 bdl,0.04 bdl,0.18 bdl,0.31 bdl,0.25 bdl,0.94 bdl,1.06 bdl,0.10 bdl,0.03 bdl,0.00 bdl,0.03 bdl,0.01 bdl,1.11 bdl,0.01 bdl,1.98,0.61 bdl,0.01 bdl,0.01 bdl,0.64 bdl,0.03 bdl,2.86,1.62 bdl,0.78 bdl,2.10 bdl,0.10 bdl,0.02 bdl,0.04 bdl,0.05 bdl
130,SE16_21,Wet Center,10/31/2025,7:40:00 PM,"XG, ZW",Stream,Stream_Storm,Storm 16: Sample 21,41.68,539.5,497.82,Yes,Yes,Yes,Yes,Yes,Yes,2345,-58.66,-8.95,-4.18,3/7/2026,RV_PFAS_03122026,0.00 bdl,0.15 bdl,0.00 bdl,0.77 bdl,0.13 bdl,0.18 bdl,0.04 bdl,0.00 bdl,0.00 bdl,0.16 bdl,0.19 bdl,0.22 bdl,0.24 bdl,0.05 bdl,0.21 bdl,0.37 bdl,0.26 bdl,0.84 bdl,1.02 bdl,0.09 bdl,0.01 bdl,0.00 bdl,0.02 bdl,0.02 bdl,1.17 bdl,0.00 bdl,1.86,0.59 bdl,0.00 bdl,0.01 bdl,0.63 bdl,0.05 bdl,2.57,1.86 bdl,0.94 bdl,1.96 bdl,0.09 bdl,0.04 bdl,0.03 bdl,0.03 bdl
131,SE16_22,Wet Center,10/31/2025,9:40:00 PM,"XG, ZW",Stream,Stream_Storm,Storm 16: Sample 22,41.46,548.3,506.84,Yes,Yes,Yes,Yes,Yes,Yes,2346,-59.19,-9.17,-4.53,3/7/2026,RV_PFAS_03122026,0.00 bdl,0.10 bdl,0.00 bdl,2.65 bdl,0.08 bdl,0.24 bdl,0.03 bdl,0.01 bdl,0.01 bdl,0.10 bdl,0.29 bdl,0.21 bdl,0.42 bdl,0.07 bdl,0.27 bdl,0.29 bdl,0.35 bdl,1.55 bdl,1.07 bdl,0.10 bdl,0.03 bdl,0.00 bdl,0.01 bdl,0.00 bdl,1.34 bdl,0.07 bdl,2.03,0.77 bdl,0.01 bdl,0.01 bdl,0.53 bdl,0.01 bdl,2.96,1.70 bdl,0.91 bdl,2.12 bdl,0.11 bdl,0.03 bdl,0.01 bdl,0.04 bdl
132,SE16_23,Wet Center,10/31/2025,11:40:00 PM,"XG, ZW",Stream,Stream_Storm,Storm 16: Sample 23,41.53,,,Yes,Yes,Yes,Yes,Yes,Yes,2347,-59.25,-9.15,-4.46,4/3/2026,RV_PFAS_04172026,0.00 bdl,0.00 bdl,0.00 bdl,0.52 bdl,0.09 bdl,0.16 bdl,0.00 bdl,0.02 bdl,0.01 bdl,0.19 bdl,0.26 bdl,0.11 bdl,0.36 bdl,0.06 bdl,0.18 bdl,0.34 bdl,0.30 bdl,1.16 bdl,1.24,0.13 bdl,0.02 bdl,0.02 bdl,0.00 bdl,0.01 bdl,1.33,0.07 bdl,2.57,0.61 bdl,0.01 bdl,0.01 bdl,0.57 bdl,0.01 bdl,3.2,1.69,2.4,2.37,0.12 bdl,0.02 bdl,0.01 bdl,0.02 bdl
133,SE16_24,Wet Center,11/1/2025,1:40:00 AM,"XG, ZW",Stream,Stream_Storm,Storm 16: Sample 24,41.48,,,Yes,Yes,Yes,Yes,Yes,Yes,2348,-57.86,-9.01,-4.34,4/3/2026,RV_PFAS_04172026,0.00 bdl,0.14 bdl,0.00 bdl,0.48 bdl,0.14 bdl,0.17 bdl,0.01 bdl,0.00 bdl,0.00 bdl,0.17 bdl,0.19 bdl,0.12 bdl,0.24 bdl,0.08 bdl,0.14 bdl,0.42 bdl,0.23 bdl,1.18 bdl,0.99,0.07 bdl,0.02 bdl,0.01 bdl,0.02 bdl,0.01 bdl,1.27,0.08 bdl,2.69,0.61 bdl,0.00 bdl,0.01 bdl,0.56 bdl,0.02 bdl,3.14,1.53,2.5,2.28,0.05 bdl,0.02 bdl,0.03 bdl,0.04 bdl
134,WC_19,Wet Center,10/31/2025,8:49:00 AM,"ZW, TN",Stream,Baseflow,During storm 16.,42.1,546.69,504.59,Yes,Yes,Yes,Yes,Yes,Yes,2349,-77.13,-11.26,-5.35,6/23/2026,RV_PFAS_07082026,0.00 bdl,0.00 bdl,0.00 bdl,0.35 bdl,0.11 bdl,0.08 bdl,0.00 bdl,0.01 bdl,0.02 bdl,0.04 bdl,0.31 bdl,0.22 bdl,0.36 bdl,0.10 bdl,0.34 bdl,0.40 bdl,0.35 bdl,2.58 bdl,1.09,0.19 bdl,0.03 bdl,0.00 bdl,0.03 bdl,0.01 bdl,1.26,0.05 bdl,2.02,0.73 bdl,0.01 bdl,0.01 bdl,0.65 bdl,0.01 bdl,2.65,2.06,1.07,2.25,0.05 bdl,0.01 bdl,0.09 bdl,0.08 bdl
135,BF_UP_1031,Wet Center UP,10/31/2025,9:02:00 AM,"ZW, TN",Stream,Baseflow,Taken straight from the mystery outflow pipe!,41.3,537,495.7,Yes,Yes,Yes,Yes,Yes,Yes,2350,-77.62,-11.26,-5.36,11/14/2025,RV_PFAS_11132025,0.013,0.508,0.027,0.783,0.898,0.299,0.275,0.023,0.007,0.064,0.208,0.112,0.245,0.05,0.188,0.114,0.27,2.808,0.786,0.294,0.074,0.011,0.012,0.004,1.419,0.074,2.27,0.678,0.022,0.026,1.387,0.008,3.083,2.029,0.697,3.44,0.221,0.037,0.082,0.127
136,WC_18,Wet Center,11/3/2025,6:00 PM,"RV, ZW",Stream,Baseflow,After storm 16,41.19,543.44,502.26,Yes,Yes,Yes,Yes,Yes,,2351,-53.98,-8.48,-3.98,6/18/2026,RV_PFAS_07082026,0.00 bdl,0.00 bdl,0.00 bdl,0.23 bdl,0.14 bdl,0.18 bdl,0.02 bdl,0.00 bdl,0.01 bdl,0.06 bdl,0.33 bdl,0.14 bdl,0.29 bdl,0.07 bdl,0.26 bdl,0.26 bdl,0.32 bdl,0.56 bdl,1.51,0.09 bdl,0.02 bdl,0.00 bdl,0.01 bdl,0.01 bdl,1.87,0.03 bdl,4.14,0.85 bdl,0.01 bdl,0.01 bdl,0.56 bdl,0.00 bdl,3.49,1.79,0.65 bdl,3.64,0.11 bdl,0.02 bdl,0.05 bdl,0.03 bdl
137,SE16_Post,Wet Center,11/4/2025,1:26 PM,"RV, ZW",Stream,Baseflow,"Quick and heavy thunderstorm the night before. ~0.17"" rain",41.34,556.6,515.26,Yes,Yes,Yes,Yes,Yes,Yes,2352,-54.16,-8.441188,-4.02,2/15/2026,RV_PFAS_02202026,0.01 bdl,0.06 bdl,0.06 bdl,0.39 bdl,0.23 bdl,0.67 bdl,0.02 bdl,0.01 bdl,0.00 bdl,0.11 bdl,0.38 bdl,0.13 bdl,0.44 bdl,0.04 bdl,0.28 bdl,0.37 bdl,0.40 bdl,2.41 bdl,1.40 bdl,0.10 bdl,0.02 bdl,0.00 bdl,0.03 bdl,0.01 bdl,1.75 bdl,0.04 bdl,3.57,0.85 bdl,0.01 bdl,0.01 bdl,0.53 bdl,0.01 bdl,3.33,1.78 bdl,0.57 bdl,3.88,0.19 bdl,0.01 bdl,0.04 bdl,0.01 bdl
138,,Wet Center,11/5/2025,2:20 PM,"RV, XG",Stream,Baseflow,,41.58,,-41.58,Yes,Yes,Yes,Yes,Yes,,2354,,,,,,,,,,,,,,,,,,,,,,,,,,,,,,,,,,,,,,,,,,,,,
139,WC_10,Wet Center,11/7/2025,8:54:00 AM,"RV, NA",Stream,Baseflow,,41.58,566.22,524.64,Yes,Yes,Yes,Yes,Yes,,2355,,,,6/4/2026,RV_PFAS_07082026,0.00 bdl,0.12 bdl,0.00 bdl,0.61 bdl,0.18 bdl,0.57 bdl,0.02 bdl,0.00 bdl,0.00 bdl,0.26 bdl,0.35 bdl,0.10 bdl,0.34 bdl,0.07 bdl,0.30 bdl,0.39 bdl,0.35 bdl,0.45 bdl,1.65,0.07 bdl,0.01 bdl,0.00 bdl,0.01 bdl,0.00 bdl,1.99,0.02 bdl,4.7,0.86 bdl,0.01 bdl,0.01 bdl,0.47 bdl,0.01 bdl,3.34,1.53,0.32 bdl,4.12,0.07 bdl,0.02 bdl,0.02 bdl,0.06 bdl
140,,Wet Center UP,11/7/2025,8:43:00 AM,"RV, NA",Stream,Baseflow,,41.98,,-41.98,Yes,Yes,Yes,Yes,Yes,,2356,,,,,,,,,,,,,,,,,,,,,,,,,,,,,,,,,,,,,,,,,,,,,
141,WC_11,Wet Center,11/14/2025,8:57:00 AM,RV,Stream,Baseflow,,42.3,569.41,527.11,Yes,Yes,Yes,Yes,Yes,,2357,,,,6/4/2026,RV_PFAS_07082026,0.01 bdl,0.10 bdl,0.00 bdl,0.50 bdl,0.33 bdl,0.23 bdl,0.01 bdl,0.00 bdl,0.00 bdl,0.07 bdl,0.33 bdl,0.09 bdl,0.31 bdl,0.06 bdl,0.22 bdl,0.24 bdl,0.30 bdl,0.12 bdl,1.6,0.09 bdl,0.02 bdl,0.00 bdl,0.02 bdl,0.02 bdl,1.72,0.03 bdl,4.63,0.87 bdl,0.00 bdl,0.01 bdl,0.47 bdl,0.00 bdl,3.11,1.47,0.40 bdl,3.48,0.09 bdl,0.01 bdl,0.02 bdl,0.03 bdl
142,WC_U_1,Wet Center UP,11/14/2025,8:40:00 AM,RV,Stream,Baseflow,,42.2,555.69,513.49,Yes,Yes,Yes,Yes,Yes,,2358,,,,6/4/2026,RV_PFAS_07082026,0.00 bdl,0.07 bdl,0.00 bdl,0.95 bdl,0.32 bdl,0.03 bdl,0.04 bdl,0.00 bdl,0.01 bdl,0.15 bdl,0.29 bdl,0.12 bdl,0.38 bdl,0.07 bdl,0.31 bdl,0.30 bdl,0.32 bdl,0.55 bdl,1.87,0.07 bdl,0.02 bdl,0.00 bdl,0.01 bdl,0.01 bdl,1.88,0.05 bdl,5,0.69 bdl,0.00 bdl,0.01 bdl,0.55 bdl,0.00 bdl,3.23,1.83,0.41 bdl,3.84,0.11 bdl,0.02 bdl,0.02 bdl,0.02 bdl
143,,Equipment Blank,11/16/2025,1:00 PM,RV,MilliQ,Equipment Blank,EB on Precip Collector #2. ,41.5,555.3,513.8,,Yes,,,,Yes,,,,,11/16/2025,,,,,,,,,,,,,,,,,,,,,,,,,,,,,,,,,,,,,,,,,
142,,Wet Center,11/21/2025,6:45:00 AM,RV,Stream,Baseflow,,,,0,Yes,Yes,Yes,Yes,Yes,,2375,,,,,,,,,,,,,,,,,,,,,,,,,,,,,,,,,,,,,,,,,,,,,
145,,Wet Center UP,11/21/2025,6:55:00 AM,RV,Stream,Baseflow,,,,,Yes,Yes,Yes,Yes,Yes,,2376,,,,,,,,,,,,,,,,,,,,,,,,,,,,,,,,,,,,,,,,,,,,,
146,EB_PCE,Equipment Blank,11/24/2025,2:30 PM,RV,MilliQ,Equipment Blank,EB on European collector,41.7,476.9,435.2,,Yes,,,,Yes,,,,,,RV_PFAS_11132025,0.004,0.322,0.07,0.141,0.003,0.281,0.049,0.005,0.004,0.057,0.204,0.266,0.266,0.049,0.251,0.499,0.242,0.209,0.009,0.034,0.026,0.03,0,0.004,0.051,0,0.022,0.335,0.03,0.009,0.334,0.01,0.249,0.387,0.057,0.141,0,0.037,0.03,0.024
147,EB_PC1,Equipment Blank,11/24/2025,2:30 PM,RV,MilliQ,Equipment Blank,EB on Precip Collector #1,41.3,561.5,520.2,,Yes,,,,Yes,,,,,,RV_PFAS_11132025,0.001,0.059,0.04,0.102,0.031,0.191,0.041,0.005,0.001,0.023,0.154,0.108,0.183,0.051,0.168,0.348,0.172,0.267,0.016,0.019,0.034,0,0.002,0.001,0.136,0.002,1.283,0.211,0.026,0.006,0.495,0.005,0.165,0.301,0.039,0.261,0.023,0.023,0.033,0.015
143,R_N25,Roaring,11/15/2025,10:42 AM,"RV, XG",Stream,13-Site,,41.5,559.7,518.2,Yes,Yes,Yes,Yes,Yes,Yes,2361,,,,1/28/2025,RV_PFAS_02202026,0.00 bdl,0.02 bdl,0.04 bdl,0.28 bdl,0.03 bdl,0.61 bdl,0.01 bdl,0.00 bdl,0.01 bdl,0.07 bdl,0.25 bdl,0.12 bdl,0.25 bdl,0.06 bdl,0.15 bdl,0.30 bdl,0.21 bdl,0.40 bdl,0.18 bdl,0.05 bdl,0.01 bdl,0.00 bdl,0.00 bdl,0.01 bdl,0.20 bdl,0.05 bdl,0.22 bdl,0.46 bdl,0.01 bdl,0.00 bdl,0.29 bdl,0.00 bdl,0.56 bdl,0.56 bdl,0.32 bdl,0.22 bdl,0.01 bdl,0.02 bdl,0.04 bdl,0.02 bdl
144,D_N25,Doolittle,11/15/2025,10:48 AM,"RV, XG",Stream,13-Site,,41.4,547.5,506.1,Yes,Yes,Yes,Yes,Yes,Yes,2362,,,,1/28/2025,RV_PFAS_02202026,0.00 bdl,0.09 bdl,0.04 bdl,0.31 bdl,0.03 bdl,0.47 bdl,0.04 bdl,0.00 bdl,0.00 bdl,0.11 bdl,0.12 bdl,0.07 bdl,0.12 bdl,0.04 bdl,0.08 bdl,0.23 bdl,0.11 bdl,1.14 bdl,0.40 bdl,0.06 bdl,0.03 bdl,0.02 bdl,0.02 bdl,0.00 bdl,0.49 bdl,0.03 bdl,0.58 bdl,0.28 bdl,0.01 bdl,0.01 bdl,0.42 bdl,0.00 bdl,1.30 bdl,1.10 bdl,0.35 bdl,0.70 bdl,0.04 bdl,0.02 bdl,0.02 bdl,0.04 bdl
145,EU_N25,Eastman Up,11/15/2025,11:24 AM,"RV, XG",Stream,13-Site,,41.5,544.6,503.1,Yes,Yes,Yes,Yes,Yes,Yes,2363,,,,1/28/2025,RV_PFAS_02202026,0.04 bdl,5.28 bdl,0.64 bdl,29.60 bdl,0.71 bdl,31.49 bdl,0.09 bdl,0.19 bdl,0.14 bdl,0.81 bdl,0.28 bdl,4.76,12.93 bdl,1.02 bdl,9.04,10.64,11.54 bdl,4.71 bdl,2.65,0.12 bdl,0.69 bdl,1.30 bdl,0.61 bdl,0.22 bdl,2.14,0.84 bdl,1.50 bdl,5.03,0.68 bdl,0.14 bdl,6.89,0.05 bdl,12.55,10.26,0.50 bdl,3.94,0.07 bdl,0.16 bdl,0.29 bdl,0.19 bdl
146,ED_N25,Eastman Down,11/15/2025,1:08 PM,"RV, XG",Stream,13-Site,,41.3,547.9,506.6,Yes,Yes,Yes,Yes,Yes,Yes,2364,,,,1/28/2025,RV_PFAS_02202026,0.00 bdl,0.07 bdl,0.06 bdl,0.20 bdl,0.01 bdl,0.37 bdl,0.03 bdl,0.00 bdl,0.00 bdl,0.20 bdl,0.22 bdl,0.11 bdl,0.24 bdl,0.06 bdl,0.15 bdl,0.41 bdl,0.19 bdl,1.85 bdl,1.09 bdl,0.05 bdl,0.04 bdl,0.00 bdl,0.02 bdl,0.01 bdl,0.62 bdl,0.01 bdl,1.67 bdl,0.52 bdl,0.01 bdl,0.02 bdl,0.50 bdl,0.00 bdl,2.01,1.37 bdl,0.75 bdl,1.62 bdl,0.08 bdl,0.02 bdl,0.04 bdl,0.02 bdl
147,MS_N25,Mill site,11/15/2025,11:45 AM,"RV, XG",Stream,13-Site,,42.4,554.2,511.8,Yes,Yes,Yes,Yes,Yes,Yes,2365,,,,1/28/2025,RV_PFAS_02202026,0.00 bdl,0.00 bdl,0.06 bdl,0.66 bdl,0.41 bdl,0.69 bdl,0.01 bdl,0.00 bdl,0.00 bdl,0.12 bdl,0.35 bdl,0.12 bdl,0.38 bdl,0.04 bdl,0.19 bdl,0.23 bdl,0.29 bdl,2.24 bdl,1.71 bdl,0.09 bdl,0.03 bdl,0.00 bdl,0.00 bdl,0.01 bdl,1.94 bdl,0.08 bdl,4.12,0.97 bdl,0.01 bdl,0.01 bdl,0.53 bdl,0.02 bdl,3.34,1.84 bdl,0.26 bdl,3.81,0.17 bdl,0.01 bdl,0.04 bdl,0.02 bdl
148,K_N25,Knightly,11/15/2025,12:46 PM,"RV, XG",Stream,13-Site,,41.7,527.3,485.6,Yes,Yes,Yes,Yes,Yes,Yes,2366,,,,1/28/2025,RV_PFAS_03122026,0.00 bdl,0.09 bdl,0.00 bdl,0.23 bdl,0.04 bdl,0.27 bdl,0.03 bdl,0.01 bdl,0.01 bdl,0.30 bdl,0.23 bdl,0.09 bdl,0.40 bdl,0.06 bdl,0.27 bdl,0.57 bdl,0.35 bdl,73.47,30.13,0.18 bdl,0.06 bdl,0.02 bdl,0.01 bdl,0.01 bdl,124.38,0.08 bdl,212.88,2.34,0.04 bdl,0.04 bdl,2.63,0.00 bdl,303.41,1.84 bdl,0.78 bdl,189.81,0.50 bdl,0.04 bdl,0.04 bdl,0.07 bdl
149,LW_N25,Lake Warner Outlet,11/15/2025,12:26 PM,"RV, XG",Stream,13-Site,,42.2,541.8,499.6,Yes,Yes,Yes,Yes,Yes,Yes,2367,,,,1/28/2025,RV_PFAS_02202026,0.00 bdl,0.06 bdl,0.05 bdl,0.95 bdl,0.39 bdl,0.27 bdl,0.02 bdl,0.00 bdl,0.00 bdl,0.22 bdl,0.36 bdl,0.14 bdl,0.37 bdl,0.06 bdl,0.21 bdl,0.31 bdl,0.28 bdl,4.44 bdl,2.72,0.11 bdl,0.04 bdl,0.00 bdl,0.03 bdl,0.02 bdl,4.35,0.03 bdl,8.41,1.01 bdl,0.00 bdl,0.02 bdl,0.67 bdl,0.01 bdl,10.16,1.99 bdl,0.32 bdl,7.81,0.19 bdl,0.03 bdl,0.02 bdl,0.04 bdl
150,CD_N25,Campus Pond Down,11/15/2025,5:42 PM,"TN, KW",Stream,13-Site,,41.4,496.5,455.1,Yes,Yes,Yes,Yes,Yes,Yes,2368,,,,1/28/2025,RV_PFAS_02202026,0.00 bdl,0.17 bdl,0.06 bdl,0.00 bdl,0.06 bdl,1.05 bdl,0.01 bdl,0.00 bdl,0.00 bdl,0.21 bdl,0.42 bdl,0.58 bdl,0.45 bdl,0.07 bdl,0.24 bdl,0.46 bdl,0.38 bdl,5.06 bdl,4.8,0.58 bdl,0.17 bdl,0.01 bdl,0.21 bdl,0.00 bdl,3.02,0.12 bdl,5.38,2.3,0.04 bdl,0.02 bdl,1.67 bdl,0.04 bdl,7.95,5.52,1.29 bdl,5.3,0.14 bdl,0.08 bdl,0.11 bdl,0.30 bdl
151,CU_N25,Campus Pond Up,11/15/2025,6:42 PM,"TN, KW",Stream,13-Site,,42.2,520.6,478.4,Yes,Yes,Yes,Yes,Yes,Yes,2369,,,,1/28/2025,RV_PFAS_02202026,0.00 bdl,0.12 bdl,0.06 bdl,0.75 bdl,0.01 bdl,0.52 bdl,0.00 bdl,0.00 bdl,0.00 bdl,0.17 bdl,0.15 bdl,0.17 bdl,0.18 bdl,0.06 bdl,0.10 bdl,0.36 bdl,0.12 bdl,3.65 bdl,5.92,0.34 bdl,0.05 bdl,0.00 bdl,0.11 bdl,0.01 bdl,2.74,0.10 bdl,5.51,2.39,0.01 bdl,0.01 bdl,1.27 bdl,0.01 bdl,8.18,5.84,1.00 bdl,5.21,0.57 bdl,0.02 bdl,0.02 bdl,0.06 bdl
152,TD_N25,Tan Brook Down,11/15/2025,7:42 PM,"TN, KW",Stream,13-Site,,42.2,548.5,506.3,Yes,Yes,Yes,Yes,Yes,Yes,2370,,,,1/28/2025,RV_PFAS_02202026,0.00 bdl,0.10 bdl,0.05 bdl,0.49 bdl,0.01 bdl,0.44 bdl,0.02 bdl,0.01 bdl,0.00 bdl,0.12 bdl,0.35 bdl,0.26 bdl,0.39 bdl,0.06 bdl,0.20 bdl,0.35 bdl,0.30 bdl,4.59 bdl,3.82,0.28 bdl,0.05 bdl,0.00 bdl,0.13 bdl,0.01 bdl,2.92,0.11 bdl,7.15,2.52,0.01 bdl,0.02 bdl,1.26 bdl,0.02 bdl,7.9,5.52,0.73 bdl,6.51,0.43 bdl,0.04 bdl,0.03 bdl,0.05 bdl
153,HD_N25,Horse Down,11/15/2025,8:42 PM,"TN, KW",Stream,13-Site,,41.4,529.8,488.4,Yes,Yes,Yes,Yes,Yes,Yes,2371,,,,1/28/2025,RV_PFAS_02202026,0.00 bdl,0.13 bdl,0.07 bdl,0.60 bdl,0.01 bdl,0.84 bdl,0.00 bdl,0.01 bdl,0.01 bdl,0.11 bdl,0.41 bdl,0.12 bdl,0.48 bdl,0.07 bdl,0.29 bdl,0.36 bdl,0.41 bdl,1.98 bdl,7.66,0.10 bdl,0.01 bdl,0.00 bdl,0.02 bdl,0.01 bdl,0.67 bdl,0.02 bdl,1.67 bdl,1.23 bdl,0.02 bdl,0.00 bdl,0.67 bdl,0.03 bdl,1.93 bdl,1.84 bdl,0.63 bdl,1.51 bdl,0.25 bdl,0.03 bdl,0.01 bdl,0.05 bdl
154,HU_N25,Horse Up ,11/15/2025,9:42 PM,"TN, KW",Stream,13-Site,,42.5,532.7,490.2,Yes,Yes,Yes,Yes,Yes,Yes,2372,,,,1/28/2025,RV_PFAS_02202026,0.00 bdl,0.38 bdl,0.06 bdl,0.55 bdl,0.05 bdl,0.97 bdl,0.03 bdl,0.01 bdl,0.01 bdl,0.09 bdl,0.20 bdl,0.17 bdl,0.23 bdl,0.08 bdl,0.11 bdl,0.31 bdl,0.15 bdl,2.75 bdl,5.86,0.27 bdl,0.06 bdl,0.01 bdl,0.06 bdl,0.01 bdl,1.60 bdl,0.10 bdl,4.23,1.50 bdl,0.02 bdl,0.01 bdl,0.89 bdl,0.03 bdl,4.17,3.11,0.71 bdl,4.24,0.23 bdl,0.02 bdl,0.02 bdl,0.10 bdl
155,TU_N25,Tan Brook Up ,11/15/2025,10:42 PM,"TN, KW",Stream,13-Site,,41.1,515.7,474.6,Yes,Yes,Yes,Yes,Yes,Yes,2373,,,,1/28/2025,RV_PFAS_02202026,0.00 bdl,0.10 bdl,0.06 bdl,0.52 bdl,0.01 bdl,0.21 bdl,0.01 bdl,0.01 bdl,0.01 bdl,0.11 bdl,0.55 bdl,0.21 bdl,0.39 bdl,0.04 bdl,0.25 bdl,0.41 bdl,0.35 bdl,3.63 bdl,6.72,0.19 bdl,0.06 bdl,0.00 bdl,0.02 bdl,0.00 bdl,2.92,0.18 bdl,5.24,2.27,0.01 bdl,0.01 bdl,1.02 bdl,0.02 bdl,7.93,5.2,0.36 bdl,4.77,0.63 bdl,0.03 bdl,0.01 bdl,0.01 bdl
,B2_128,Blank,1/28/2026,,RV,MilliQ,Blank,,41.8,543.1,501.3,,,,,,Yes,,,,,,RV_PFAS_02202026,0.00 bdl,0.00 bdl,0.06 bdl,0.03 bdl,0.01 bdl,0.22 bdl,0.00 bdl,0.01 bdl,0.00 bdl,0.09 bdl,0.33 bdl,0.07 bdl,0.23 bdl,0.03 bdl,0.14 bdl,0.21 bdl,0.17 bdl,0.15 bdl,0.01 bdl,0.02 bdl,0.02 bdl,0.01 bdl,0.01 bdl,0.00 bdl,0.02 bdl,0.00 bdl,0.05 bdl,0.17 bdl,0.05 bdl,0.01 bdl,0.16 bdl,0.00 bdl,0.24 bdl,0.21 bdl,0.05 bdl,0.11 bdl,0.01 bdl,0.02 bdl,0.00 bdl,0.01 bdl
,B1_128,Blank,1/28/2026,,RV,MilliQ,Blank,"Assuming sample mass is 500g, sample was not added prior",,,500,,,,,,,,,,,,RV_PFAS_02202026,0.00 bdl,0.00 bdl,0.06 bdl,0.27 bdl,0.03 bdl,0.44 bdl,0.00 bdl,0.00 bdl,0.00 bdl,0.07 bdl,0.24 bdl,0.06 bdl,0.23 bdl,0.05 bdl,0.12 bdl,0.23 bdl,0.15 bdl,0.15 bdl,0.02 bdl,0.02 bdl,0.02 bdl,0.01 bdl,0.01 bdl,0.00 bdl,0.03 bdl,0.01 bdl,0.05 bdl,0.20 bdl,0.08 bdl,0.01 bdl,0.13 bdl,0.01 bdl,0.16 bdl,0.20 bdl,0.04 bdl,0.05 bdl,0.00 bdl,0.02 bdl,0.01 bdl,0.02 bdl
,WC_12,Wet Center,11/28/2025,12:10 PM,RV,Stream,Baseflow,,42.1,584.48,542.38,Yes,Yes,Yes,Yes,Yes,,2391,,,,6/18/2026,RV_PFAS_07082026,0.00 bdl,0.00 bdl,0.00 bdl,0.58 bdl,0.28 bdl,0.22 bdl,0.03 bdl,0.01 bdl,0.01 bdl,0.02 bdl,0.15 bdl,0.09 bdl,0.19 bdl,0.09 bdl,0.11 bdl,0.22 bdl,0.12 bdl,0.42 bdl,1.37,0.06 bdl,0.04 bdl,0.00 bdl,0.00 bdl,0.02 bdl,2.05,0.06 bdl,4.23,0.58 bdl,0.01 bdl,0.00 bdl,0.44 bdl,0.04 bdl,2.75,1.10 bdl,0.82 bdl,3.7,0.09 bdl,0.01 bdl,0.03 bdl,0.05 bdl
,,WC Upstream,11/28/2025,12:00 PM,RV,Stream,Baseflow,,41.5,,,Yes,Yes,Yes,Yes,Yes,,2392,,,,,,,,,,,,,,,,,,,,,,,,,,,,,,,,,,,,,,,,,,,,,
,SNO_12_2,E-Lab II,12/2/2025,4:32 PM,RV,Snow,Baseflow,Snowed 5 inches,41.2,544.8,503.6,Yes,Yes,Yes,Yes,Yes,,2393,,,,6/23/2026,RV_PFAS_07082026,Need to rerun!!,,,,,,,,,,,,,,,,,,,,,,,,,,,,,,,,,,,,,,,
,R_D25,Roaring,12/6/2025,10:54 AM,"TN, RV, KW, ZW",Stream,13-Site,,41.6,580.4,538.8,Yes,Yes,Yes,Yes,Yes,Yes,2405,,,,2/15/2026,RV_PFAS_02202026,0.01 bdl,0.03 bdl,0.03 bdl,0.20 bdl,0.02 bdl,0.53 bdl,0.01 bdl,0.01 bdl,0.01 bdl,0.06 bdl,0.12 bdl,0.06 bdl,0.38 bdl,0.06 bdl,0.12 bdl,0.30 bdl,0.26 bdl,0.46 bdl,0.20 bdl,0.06 bdl,0.01 bdl,0.00 bdl,0.02 bdl,0.00 bdl,0.18 bdl,0.02 bdl,0.18 bdl,0.28 bdl,0.01 bdl,0.00 bdl,0.34 bdl,0.00 bdl,0.61 bdl,0.53 bdl,0.18 bdl,0.27 bdl,0.02 bdl,0.02 bdl,0.02 bdl,0.02 bdl
,D_D25,Doolittle,12/6/2025,11:07 AM,"TN, RV, KW, ZW",Stream,13-Site,,41.7,569.4,527.7,Yes,Yes,Yes,Yes,Yes,Yes,2406,,,,2/15/2026,RV_PFAS_02202026,0.00 bdl,0.01 bdl,0.01 bdl,0.22 bdl,0.06 bdl,0.65 bdl,0.01 bdl,0.01 bdl,0.00 bdl,0.03 bdl,0.10 bdl,0.10 bdl,0.21 bdl,0.06 bdl,0.12 bdl,0.30 bdl,0.17 bdl,0.73 bdl,0.30 bdl,0.04 bdl,0.01 bdl,0.00 bdl,0.00 bdl,0.00 bdl,0.35 bdl,0.02 bdl,0.45 bdl,0.35 bdl,0.01 bdl,0.01 bdl,0.34 bdl,0.00 bdl,0.83 bdl,0.74 bdl,0.19 bdl,0.58 bdl,0.04 bdl,0.01 bdl,0.02 bdl,0.02 bdl
,EU_D25,Eastman Up,12/6/2025,11:31 AM,"TN, RV, KW, ZW",Stream,13-Site,,42.4,566.3,523.9,Yes,Yes,Yes,Yes,Yes,Yes,2407,,,,2/15/2026,RV_PFAS_02202026,0.00 bdl,0.18 bdl,0.03 bdl,0.83 bdl,0.01 bdl,0.52 bdl,0.01 bdl,0.00 bdl,0.01 bdl,0.07 bdl,0.23 bdl,0.14 bdl,0.36 bdl,0.05 bdl,0.22 bdl,0.38 bdl,0.30 bdl,1.42 bdl,0.60 bdl,0.09 bdl,0.01 bdl,0.02 bdl,0.01 bdl,0.00 bdl,0.48 bdl,0.02 bdl,0.70 bdl,0.59 bdl,0.02 bdl,0.00 bdl,0.41 bdl,0.01 bdl,1.42 bdl,0.89 bdl,0.34 bdl,0.63 bdl,0.05 bdl,0.02 bdl,0.01 bdl,0.07 bdl
,K_D25,Knightly,12/6/2025,12:05 PM,"TN, RV, KW, ZW",Stream,13-Site,,42.4,577.8,535.4,Yes,Yes,Yes,Yes,Yes,Yes,2408,,,,2/15/2026,RV_PFAS_03122026,0.00 bdl,0.02 bdl,0.00 bdl,0.51 bdl,0.03 bdl,0.27 bdl,0.01 bdl,0.00 bdl,0.00 bdl,0.24 bdl,0.30 bdl,0.15 bdl,0.37 bdl,0.05 bdl,0.26 bdl,0.24 bdl,0.30 bdl,54.51,23.39,0.11 bdl,0.01 bdl,0.00 bdl,0.02 bdl,0.00 bdl,90.13,0.03 bdl,156.7,1.67 bdl,0.02 bdl,0.02 bdl,1.98,0.00 bdl,226.78,1.38 bdl,0.15 bdl,144.27,0.34 bdl,0.02 bdl,0.04 bdl,0.02 bdl
,LW_D25,Lake Warner Outlet,12/6/2025,11:50 AM,"TN, RV, KW, ZW",Stream,13-Site,,42,568.5,526.5,Yes,Yes,Yes,Yes,Yes,Yes,2409,,,,2/15/2026,RV_PFAS_02202026,0.00 bdl,0.47 bdl,0.06 bdl,0.49 bdl,0.60 bdl,1.86 bdl,0.01 bdl,0.00 bdl,0.00 bdl,0.11 bdl,0.26 bdl,0.15 bdl,0.43 bdl,0.06 bdl,0.24 bdl,0.34 bdl,0.33 bdl,4.04 bdl,2.78,0.11 bdl,0.04 bdl,0.00 bdl,0.01 bdl,0.02 bdl,4.79,0.05 bdl,9.3,0.83 bdl,0.01 bdl,0.00 bdl,0.64 bdl,0.02 bdl,10.9,1.73 bdl,0.22 bdl,8.63,0.15 bdl,0.03 bdl,0.03 bdl,0.05 bdl
,MS_D25,Mill Site,12/6/2025,12:20 PM,"TN, RV, KW, ZW",Stream,13-Site,,41.6,572.8,531.2,Yes,Yes,Yes,Yes,Yes,Yes,2410,,,,2/15/2026,RV_PFAS_02202026,0.00 bdl,0.00 bdl,0.12 bdl,0.62 bdl,1.27 bdl,0.41 bdl,0.01 bdl,0.00 bdl,0.00 bdl,0.09 bdl,0.24 bdl,0.11 bdl,0.28 bdl,0.03 bdl,0.15 bdl,0.30 bdl,0.24 bdl,2.08 bdl,1.49 bdl,0.04 bdl,0.04 bdl,0.00 bdl,0.00 bdl,0.00 bdl,1.55 bdl,0.03 bdl,3.68,0.70 bdl,0.01 bdl,0.01 bdl,0.46 bdl,0.01 bdl,2.91,1.39 bdl,0.54 bdl,3.42 bdl,0.06 bdl,0.01 bdl,0.03 bdl,0.02 bdl
,HD_D25,Horse Down,12/6/2025,11:32 AM,"TN, RV, KW, ZW",Stream,13-Site,,41.8,520.7,478.9,Yes,Yes,Yes,Yes,Yes,Yes,2422,,,,2/15/2026,RV_PFAS_02202026,0.00 bdl,0.18 bdl,0.07 bdl,0.52 bdl,0.11 bdl,0.75 bdl,0.00 bdl,0.01 bdl,0.01 bdl,0.09 bdl,0.39 bdl,0.27 bdl,0.71 bdl,0.07 bdl,0.41 bdl,0.36 bdl,0.58 bdl,3.07 bdl,4.38,0.18 bdl,0.05 bdl,0.01 bdl,0.06 bdl,0.01 bdl,1.49 bdl,0.04 bdl,4.23,1.40 bdl,0.03 bdl,0.02 bdl,0.75 bdl,0.03 bdl,3.81,2.45,0.82 bdl,4.13,0.31 bdl,0.02 bdl,0.04 bdl,0.07 bdl
,HU_D25,Horse Up ,12/6/2025,12:05 PM,"TN, RV, KW, ZW",Stream,13-Site,,42.1,527.5,485.4,Yes,Yes,Yes,Yes,Yes,Yes,2421,,,,2/15/2026,RV_PFAS_02202026,0.01 bdl,0.12 bdl,0.11 bdl,0.32 bdl,0.02 bdl,1.42 bdl,0.02 bdl,0.00 bdl,0.00 bdl,0.14 bdl,0.14 bdl,0.10 bdl,0.23 bdl,0.06 bdl,0.14 bdl,0.34 bdl,0.17 bdl,3.03 bdl,5.3,0.07 bdl,0.04 bdl,0.00 bdl,0.03 bdl,0.01 bdl,0.86 bdl,0.07 bdl,1.77 bdl,0.92 bdl,0.02 bdl,0.01 bdl,0.63 bdl,0.01 bdl,1.91 bdl,1.38 bdl,0.24 bdl,1.31 bdl,0.21 bdl,0.02 bdl,0.01 bdl,0.06 bdl
,TBU_D25,Tan Brook Up ,12/6/2025,12:29 PM,"TN, RV, KW, ZW",Stream,13-Site,,41.4,527.6,486.2,Yes,Yes,Yes,Yes,Yes,Yes,2420,,,,2/15/2026,RV_PFAS_02202026,0.00 bdl,0.46 bdl,0.06 bdl,0.98 bdl,0.04 bdl,0.56 bdl,0.00 bdl,0.01 bdl,0.01 bdl,0.05 bdl,0.16 bdl,0.24 bdl,0.23 bdl,0.08 bdl,0.14 bdl,0.29 bdl,0.19 bdl,4.60 bdl,6.52,0.22 bdl,0.03 bdl,0.00 bdl,0.01 bdl,0.01 bdl,2.53,0.18 bdl,4.87,2.3,0.01 bdl,0.01 bdl,0.91 bdl,0.04 bdl,7.5,4.96,0.45 bdl,4.42,0.41 bdl,0.03 bdl,0.01 bdl,0.03 bdl
,CPU_D25,Campus Pond Up,12/6/2025,12:45 PM,"TN, RV, KW, ZW",Stream,13-Site,,42.2,496.2,454,Yes,Yes,Yes,Yes,Yes,Yes,2416,,,,2/15/2026,RV_PFAS_02202026,0.00 bdl,0.12 bdl,0.06 bdl,0.26 bdl,0.03 bdl,0.87 bdl,0.02 bdl,0.01 bdl,0.00 bdl,0.17 bdl,0.24 bdl,0.19 bdl,0.29 bdl,0.07 bdl,0.18 bdl,0.50 bdl,0.25 bdl,4.00 bdl,6.1,0.34 bdl,0.10 bdl,0.01 bdl,0.09 bdl,0.01 bdl,2.61,0.13 bdl,6.67,2.3,0.02 bdl,0.02 bdl,1.43 bdl,0.02 bdl,8.02,5.86,0.64 bdl,5.53,0.32 bdl,0.06 bdl,0.07 bdl,0.14 bdl
,TBD_D25,Tan Brook Down,12/6/2025,10:50 AM,"TN, RV, KW, ZW",Stream,13-Site,,41.3,533,491.7,Yes,Yes,Yes,Yes,Yes,Yes,2419,,,,2/15/2026,RV_PFAS_02202026,0.00 bdl,0.20 bdl,0.05 bdl,0.71 bdl,0.06 bdl,1.03 bdl,0.02 bdl,0.01 bdl,0.01 bdl,0.10 bdl,0.20 bdl,0.12 bdl,0.31 bdl,0.09 bdl,0.17 bdl,0.26 bdl,0.24 bdl,4.69 bdl,4.08,0.23 bdl,0.05 bdl,0.01 bdl,0.06 bdl,0.01 bdl,3.01,0.24 bdl,7.25,2.43,0.00 bdl,0.01 bdl,1.12 bdl,0.02 bdl,8.06,5.5,1.55 bdl,6.29,0.34 bdl,0.06 bdl,0.03 bdl,0.03 bdl
,WC_D25,Wet Center,12/6/2025,11:10 AM,"TN, RV, KW, ZW",Stream,13-Site,,42.2,523.4,481.2,Yes,Yes,Yes,Yes,Yes,Yes,2417,,,,2/15/2026,RV_PFAS_02202026,0.00 bdl,0.00 bdl,0.10 bdl,0.98 bdl,0.95 bdl,0.18 bdl,0.04 bdl,0.00 bdl,0.01 bdl,0.08 bdl,0.23 bdl,0.10 bdl,0.39 bdl,0.07 bdl,0.23 bdl,0.39 bdl,0.33 bdl,2.71 bdl,1.07 bdl,0.08 bdl,0.02 bdl,0.00 bdl,0.01 bdl,0.01 bdl,1.57 bdl,0.04 bdl,3.52,0.81 bdl,0.01 bdl,0.00 bdl,0.47 bdl,0.01 bdl,2.8,1.35 bdl,0.48 bdl,3.32 bdl,0.10 bdl,0.02 bdl,0.01 bdl,0.00 bdl
,B1_215,Blank,2/15/2026,,RV,MilliQ,Blank,Dec2025 samples,42,541.8,499.8,,,,,,Yes,,,,,2/15/2026,RV_PFAS_02202026,0.01 bdl,0.02 bdl,0.03 bdl,0.19 bdl,0.03 bdl,0.42 bdl,0.06 bdl,0.00 bdl,0.01 bdl,0.04 bdl,0.17 bdl,0.10 bdl,0.28 bdl,0.05 bdl,0.14 bdl,0.20 bdl,0.23 bdl,0.15 bdl,0.04 bdl,0.02 bdl,0.01 bdl,0.00 bdl,0.02 bdl,0.00 bdl,0.04 bdl,0.02 bdl,0.05 bdl,0.16 bdl,0.04 bdl,0.00 bdl,0.19 bdl,0.03 bdl,0.20 bdl,0.18 bdl,0.05 bdl,0.05 bdl,0.01 bdl,0.01 bdl,0.01 bdl,0.01 bdl
,B2_215,Blank,2/15/2026,,RV,MilliQ,Blank,Dec2025 samples,41.99,542.2,500.21,,,,,,Yes,,,,,2/15/2026,RV_PFAS_02202026,0.00 bdl,0.08 bdl,0.03 bdl,0.26 bdl,0.03 bdl,0.41 bdl,0.01 bdl,0.00 bdl,0.00 bdl,0.08 bdl,0.24 bdl,0.07 bdl,0.20 bdl,0.06 bdl,0.14 bdl,0.25 bdl,0.18 bdl,0.16 bdl,0.02 bdl,0.03 bdl,0.02 bdl,0.02 bdl,0.01 bdl,0.00 bdl,0.04 bdl,0.04 bdl,0.04 bdl,0.19 bdl,0.07 bdl,0.01 bdl,0.18 bdl,0.00 bdl,0.22 bdl,0.24 bdl,0.05 bdl,0.11 bdl,0.01 bdl,0.02 bdl,0.02 bdl,0.02 bdl
,WC_13,Wet Center,12/12/2025,10:40 AM,"RV, KW",Stream,Baseflow,,41.58,553.46,511.88,Yes,Yes,Yes,Yes,Yes,,2432,-55.66,-8.57,-4.62,6/18/2026,RV_PFAS_07082026,0.00 bdl,0.17 bdl,0.00 bdl,0.59 bdl,0.38 bdl,0.41 bdl,0.02 bdl,0.00 bdl,0.01 bdl,0.05 bdl,0.26 bdl,0.08 bdl,0.25 bdl,0.06 bdl,0.22 bdl,0.31 bdl,0.31 bdl,0.41 bdl,1.18,0.17 bdl,0.07 bdl,0.00 bdl,0.02 bdl,0.00 bdl,1.84,0.06 bdl,4.6,0.83 bdl,0.01 bdl,0.01 bdl,0.58 bdl,0.01 bdl,3.32,1.91,0.79 bdl,4.19,0.07 bdl,0.03 bdl,0.03 bdl,0.08 bdl
,,WC Upstream,12/12/2025,10:49 AM,"RV,KW",Stream,Baseflow,,,,,Yes,Yes,Yes,Yes,Yes,,2433,-54.68,-8.47,-4.63,,,,,,,,,,,,,,,,,,,,,,,,,,,,,,,,,,,,,,,,,,
,WC_14,Wet Center,12/19/2025,9:56 AM,"KW, ZW",Stream,Baseflow,,41.83,561.7,519.87,Yes,Yes,Yes,Yes,Yes,Yes,2434,-54.77,-8.57,-4.95,6/18/2026,RV_PFAS_07082026,0.00 bdl,0.47 bdl,0.00 bdl,0.20 bdl,0.67 bdl,0.06 bdl,0.01 bdl,0.01 bdl,0.01 bdl,0.06 bdl,0.31 bdl,0.16 bdl,0.42 bdl,0.08 bdl,0.30 bdl,0.32 bdl,0.33 bdl,0.62 bdl,1.2,0.31 bdl,0.15 bdl,0.01 bdl,0.01 bdl,0.00 bdl,2.39,0.08 bdl,6.52,0.87 bdl,0.01 bdl,0.01 bdl,0.79 bdl,0.02 bdl,3.94,1.94,1.57,4.87,0.17 bdl,0.03 bdl,0.02 bdl,0.11 bdl
,,WC Upstream,12/19/2025,10:05 AM,"KW, ZW",Stream,Baseflow,,41.91,555.3,513.39,Yes,Yes,Yes,Yes,Yes,Yes,2435,-54.94,-8.42,-4.08,,,,,,,,,,,,,,,,,,,,,,,,,,,,,,,,,,,,,,,,,,
,WC_15,Wet Center,1/10/2026,1:38 PM,"RV, KW",Stream,Baseflow,,42.78,573.97,531.19,Yes,Yes,Yes,Yes,Yes,,2434,-54.77,-8.57,-4.95,6/18/2026,RV_PFAS_07082026,0.00 bdl,0.10 bdl,0.00 bdl,0.41 bdl,0.19 bdl,0.16 bdl,0.00 bdl,0.00 bdl,0.00 bdl,0.06 bdl,0.61 bdl,0.16 bdl,0.49 bdl,0.07 bdl,0.42 bdl,0.43 bdl,0.51 bdl,0.34 bdl,1.05,0.09 bdl,0.05 bdl,0.02 bdl,0.01 bdl,0.01 bdl,1.6,0.04 bdl,3.43,0.58 bdl,0.01 bdl,0.01 bdl,0.54 bdl,0.00 bdl,2.78,1.28,0.95 bdl,3.22,0.07 bdl,0.04 bdl,0.01 bdl,0.03 bdl
,,WC Upstream,1/10/2026,1:33 PM,"RV, KW",Stream,Baseflow,,42.23,,,Yes,Yes,Yes,Yes,Yes,,2435,-54.94,-8.42,-4.08,,,,,,,,,,,,,,,,,,,,,,,,,,,,,,,,,,,,,,,,,,
,,Eastman Up,1/15/2026,10:13 AM,"RV,KW",Stream,13-Site,,,,,Yes,Yes,Yes,Yes,Yes,,2438,,,,,,,,,,,,,,,,,,,,,,,,,,,,,,,,,,,,,,,,,,,,,
,,Horse Down,1/15/2026,1:44 PM,"RV, KW",Stream,13-Site,,,,,Yes,Yes,Yes,Yes,Yes,,2446,,,,,,,,,,,,,,,,,,,,,,,,,,,,,,,,,,,,,,,,,,,,,
,,Mill Site,1/15/2026,11:27 AM,"RV, KW",Stream,13-Site,,,,,Yes,Yes,Yes,Yes,Yes,,2442,,,,,,,,,,,,,,,,,,,,,,,,,,,,,,,,,,,,,,,,,,,,,
,,Knightly,1/15/2026,10:47 AM,"RV, KW",Stream,13-Site,,,,,Yes,Yes,Yes,Yes,Yes,,2440,,,,,,,,,,,,,,,,,,,,,,,,,,,,,,,,,,,,,,,,,,,,,
,,Tan Brook Up ,1/15/2026,12:02 PM,"RV, KW",Stream,13-Site,,,,,Yes,Yes,Yes,Yes,Yes,,2444,,,,,,,,,,,,,,,,,,,,,,,,,,,,,,,,,,,,,,,,,,,,,
,,Doolittle,1/15/2026,9:50 AM,"RV, KW",Stream,13-Site,,,,,Yes,Yes,Yes,Yes,Yes,,2437,,,,,,,,,,,,,,,,,,,,,,,,,,,,,,,,,,,,,,,,,,,,,
,,Eastman Down,1/15/2026,10:30 AM,"RV, KW",Stream,13-Site,,,,,Yes,Yes,Yes,Yes,Yes,,2439,,,,,,,,,,,,,,,,,,,,,,,,,,,,,,,,,,,,,,,,,,,,,
,,Horse Up ,1/15/2026,10:43 AM,"RV, KW",Stream,13-Site,,,,,Yes,Yes,Yes,Yes,Yes,,2443,,,,,,,,,,,,,,,,,,,,,,,,,,,,,,,,,,,,,,,,,,,,,
,,Lake Warner Outlet,1/15/2026,11:11 AM,"RV, KW",Stream,13-Site,,,,,Yes,Yes,Yes,Yes,Yes,,2441,,,,,,,,,,,,,,,,,,,,,,,,,,,,,,,,,,,,,,,,,,,,,
,,Roaring,1/15/2026,9:30 AM,"RV, KW",Stream,13-Site,,,,,Yes,Yes,Yes,Yes,Yes,,2436,,,,,,,,,,,,,,,,,,,,,,,,,,,,,,,,,,,,,,,,,,,,,
,,Tan Brook Down,1/15/2026,1:25 PM,"RV, KW",Stream,13-Site,,,,,Yes,Yes,Yes,Yes,Yes,,2445,,,,,,,,,,,,,,,,,,,,,,,,,,,,,,,,,,,,,,,,,,,,,
,,Campus Pond Down,1/15/2026,2:13 PM,"RV, KW",Stream,13-Site,,,,,Yes,Yes,Yes,Yes,Yes,,2448,,,,,,,,,,,,,,,,,,,,,,,,,,,,,,,,,,,,,,,,,,,,,
,,Campus Pond Up,1/15/2026,1:58 PM,"RV, KW",Stream,13-Site,,,,,Yes,Yes,Yes,Yes,Yes,,2447,,,,,,,,,,,,,,,,,,,,,,,,,,,,,,,,,,,,,,,,,,,,,
,BF_0120,Wet Center,1/20/2026,2:12 PM,RV,Stream,Baseflow,,41.77,552.9,511.13,Yes,Yes,Yes,Yes,Yes,Yes,Missing?,,,,1/28/2025,RV_PFAS_02202026,0.00 bdl,0.00 bdl,0.05 bdl,0.16 bdl,3.58 bdl,0.67 bdl,0.07 bdl,0.01 bdl,0.00 bdl,0.13 bdl,0.44 bdl,0.11 bdl,0.42 bdl,0.04 bdl,0.27 bdl,0.41 bdl,0.33 bdl,1.61 bdl,1.05 bdl,0.03 bdl,0.02 bdl,0.00 bdl,0.00 bdl,0.00 bdl,1.07 bdl,0.03 bdl,2.53,0.67 bdl,0.01 bdl,0.01 bdl,0.42 bdl,0.01 bdl,2.59,1.22 bdl,0.17 bdl,2.65 bdl,0.08 bdl,0.02 bdl,0.00 bdl,0.02 bdl
,WC_16,Wet Center,1/23/2026,4:18,RV,Stream,Baseflow,,41.5,587.28,545.78,Yes,Yes,Yes,Yes,Yes,,Missing?,,,,6/18/2026,RV_PFAS_07082026,0.00 bdl,0.08 bdl,0.00 bdl,0.52 bdl,0.30 bdl,0.05 bdl,0.00 bdl,0.00 bdl,0.01 bdl,0.05 bdl,0.25 bdl,0.11 bdl,0.23 bdl,0.06 bdl,0.20 bdl,0.30 bdl,0.27 bdl,0.14 bdl,1.05,0.05 bdl,0.02 bdl,0.00 bdl,0.01 bdl,0.01 bdl,1.59,0.01 bdl,3.51,0.62 bdl,0.01 bdl,0.01 bdl,0.39 bdl,0.02 bdl,2.77,1.33,0.69 bdl,3.18,0.13 bdl,0.08 bdl,0.02 bdl,0.02 bdl
,WC_B3,Blank,6/18/2026,9:47,RV,MilliQ,Blank,SPE blank. for wc RUN 3,42.19,542.14,499.95,,,,,,,,,,,6/18/2026,RV_PFAS_07082026,0.00 bdl,0.00 bdl,0.00 bdl,0.13 bdl,0.12 bdl,0.20 bdl,0.05 bdl,0.00 bdl,0.00 bdl,0.03 bdl,0.38 bdl,0.08 bdl,0.28 bdl,0.09 bdl,0.27 bdl,0.24 bdl,0.29 bdl,0.02 bdl,0.01 bdl,0.02 bdl,0.04 bdl,0.01 bdl,0.01 bdl,0.00 bdl,0.04 bdl,0.02 bdl,0.06 bdl,0.18 bdl,0.09 bdl,0.01 bdl,0.29 bdl,0.01 bdl,0.25 bdl,0.23 bdl,0.08 bdl,0.07 bdl,0.02 bdl,0.02 bdl,0.02 bdl,0.02 bdl
,WC_B4,Blank,6/18/2026,9:47,RV,MilliQ,Blank,SPE blank. for wc RUN 4,41.1,541.48,500.38,,,,,,,,,,,6/23/2026,RV_PFAS_07082026,0.00 bdl,0.01 bdl,0.00 bdl,0.07 bdl,0.15 bdl,0.03 bdl,0.00 bdl,0.00 bdl,0.01 bdl,0.03 bdl,0.35 bdl,0.16 bdl,0.22 bdl,0.08 bdl,0.23 bdl,0.34 bdl,0.23 bdl,0.16 bdl,0.02 bdl,0.02 bdl,0.00 bdl,0.01 bdl,0.00 bdl,0.00 bdl,0.07 bdl,0.00 bdl,0.05 bdl,0.35 bdl,0.03 bdl,0.01 bdl,0.24 bdl,0.00 bdl,0.26 bdl,0.28 bdl,0.07 bdl,0.05 bdl,0.01 bdl,0.00 bdl,0.04 bdl,0.02 bdl
,WC_B5,Blank,6/25/2026,11:00,RV,MilliQ,Blank,SPE blank. for wc RUN 5 (WC 23 - 29),,,,,,,,,,,,,,Shealyn run while RV on ECU trip,RV_PFAS_07082026,0.00 bdl,0.00 bdl,0.00 bdl,0.24 bdl,0.08 bdl,0.04 bdl,0.01 bdl,0.00 bdl,0.00 bdl,0.02 bdl,0.20 bdl,0.08 bdl,0.16 bdl,0.07 bdl,0.15 bdl,0.20 bdl,0.17 bdl,0.10 bdl,0.01 bdl,0.02 bdl,0.01 bdl,0.02 bdl,0.00 bdl,0.00 bdl,0.06 bdl,0.01 bdl,0.05 bdl,0.19 bdl,0.03 bdl,0.01 bdl,0.13 bdl,0.00 bdl,0.18 bdl,0.23 bdl,0.05 bdl,0.06 bdl,0.01 bdl,0.01 bdl,0.02 bdl,0.04 bdl
,WC_20,Wet Center,1/29/2026,9:30,RV,Stream,Baseflow,,41.5,567.61,526.11,Yes,Yes,Yes,Yes,Yes,,2451,-5.58E+01,-8.70E+00,-4.634273,6/23/2026,RV_PFAS_07082026,0.00 bdl,0.08 bdl,0.00 bdl,0.57 bdl,0.42 bdl,0.10 bdl,0.05 bdl,0.00 bdl,0.01 bdl,0.06 bdl,0.17 bdl,0.17 bdl,0.21 bdl,0.09 bdl,0.13 bdl,0.26 bdl,0.15 bdl,0.09 bdl,1.18,0.04 bdl,0.04 bdl,0.00 bdl,0.02 bdl,0.00 bdl,1.41,0.04 bdl,2.69,0.75 bdl,0.00 bdl,0.00 bdl,0.40 bdl,0.01 bdl,2.52,1.19,0.38 bdl,2.49,0.04 bdl,0.02 bdl,0.06 bdl,0.02 bdl
,,Eastman Down,2/21/2026,12:21,"RV, OW",Stream,13-Site,Bad day! snow made it so that very few sites were actually accessible,41.58,,,,,,,,,2457,,,,,,,,,,,,,,,,,,,,,,,,,,,,,,,,,,,,,,,,,,,,,
,,Knightly,2/21/2026,12:40,"RV, OW",Stream,13-Site,The tare weight wasn't taken for each bottle. Assuming the mean weight...,41.58,,,,,,,,,2458,,,,,,,,,,,,,,,,,,,,,,,,,,,,,,,,,,,,,,,,,,,,,
,,Tan Brook Up ,2/21/2026,,"TN, SH, JC",Stream,13-Site,Asumption. Tare weight,41.58,,,,,,,,,2461,,,,,,,,,,,,,,,,,,,,,,,,,,,,,,,,,,,,,,,,,,,,,
,,Wet Center,2/21/2026,11:04,"RV, OW",Stream,13-Site,Asumption. Tare weight,41.58,,,,,,,,,2455,,,,,,,,,,,,,,,,,,,,,,,,,,,,,,,,,,,,,,,,,,,,,
,,Tan Brook Down,2/21/2026,,"TN, SH, JC",Stream,13-Site,Asumption. Tare weight,41.58,,,,,,,,,2462,,,,,,,,,,,,,,,,,,,,,,,,,,,,,,,,,,,,,,,,,,,,,
,,Eastman Up,2/21/2026,11:56,"RV, OW",Stream,13-Site,Asumption. Tare weight,41.58,,,,,,,,,2456,,,,,,,,,,,,,,,,,,,,,,,,,,,,,,,,,,,,,,,,,,,,,
,,Campus Pond Up,2/21/2026,,"TN, SH, JC",Stream,13-Site,Asumption. Tare weight,41.58,,,,,,,,,2465,,,,,,,,,,,,,,,,,,,,,,,,,,,,,,,,,,,,,,,,,,,,,
,,Lake Warner Outlet,2/21/2026,,"TN, SH, JC",Stream,13-Site,Asumption. Tare weight,41.58,,,,,,,,,2460,,,,,,,,,,,,,,,,,,,,,,,,,,,,,,,,,,,,,,,,,,,,,
,,Mill Site,2/21/2026,12:59,"RV, OW",Stream,13-Site,Asumption. Tare weight,41.58,,,,,,,,,2459,,,,,,,,,,,,,,,,,,,,,,,,,,,,,,,,,,,,,,,,,,,,,
,B1_225,Blank,2/25/2026,,RV,MilliQ,Blank,SPE blank. for samples SE16_2 through 8.,41.8,540.2,498.4,,,,,,Yes,,,,,,RV_PFAS_03122026,0.01 bdl,0.11 bdl,0.00 bdl,0.28 bdl,0.05 bdl,1.01 bdl,0.07 bdl,0.00 bdl,0.01 bdl,0.08 bdl,0.22 bdl,0.12 bdl,0.36 bdl,0.07 bdl,0.19 bdl,0.22 bdl,0.25 bdl,0.21 bdl,0.01 bdl,0.01 bdl,0.01 bdl,0.00 bdl,0.02 bdl,0.01 bdl,0.03 bdl,0.02 bdl,0.11 bdl,0.37 bdl,0.02 bdl,0.01 bdl,0.26 bdl,0.04 bdl,0.21 bdl,0.51 bdl,0.03 bdl,0.07 bdl,0.02 bdl,0.01 bdl,0.02 bdl,0.03 bdl
,WC_21,Wet Center,2/27/2026,8:30 AM,RV,Stream,Baseflow,,42,568.85,526.85,Yes,Yes,,,,,2467,,,,6/23/2026,RV_PFAS_07082026,0.00 bdl,0.08 bdl,0.00 bdl,0.87 bdl,1.81 bdl,0.06 bdl,0.01 bdl,0.01 bdl,0.00 bdl,0.05 bdl,0.21 bdl,0.12 bdl,0.16 bdl,0.05 bdl,0.19 bdl,0.24 bdl,0.20 bdl,0.28 bdl,1.3,0.05 bdl,0.01 bdl,0.00 bdl,0.01 bdl,0.00 bdl,2.1,0.08 bdl,4.42,0.57 bdl,0.00 bdl,0.01 bdl,0.48 bdl,0.00 bdl,3.44,1.37,0.25 bdl,4.23,0.15 bdl,0.03 bdl,0.03 bdl,0.03 bdl
,B1_306,Blank,3/6/2026,,RV,MilliQ,Blank,SPE blank. for samples SE16_9 through 15.,42.42,539.31,496.89,,,,,,Yes,,,,,,RV_PFAS_03122026,0.00 bdl,0.06 bdl,0.00 bdl,0.03 bdl,0.14 bdl,0.14 bdl,0.01 bdl,0.00 bdl,0.01 bdl,0.06 bdl,0.16 bdl,0.15 bdl,0.29 bdl,0.04 bdl,0.20 bdl,0.32 bdl,0.22 bdl,0.14 bdl,0.01 bdl,0.04 bdl,0.03 bdl,0.00 bdl,0.03 bdl,0.00 bdl,0.05 bdl,0.01 bdl,0.04 bdl,0.34 bdl,0.01 bdl,0.01 bdl,0.19 bdl,0.01 bdl,0.21 bdl,0.40 bdl,0.03 bdl,0.05 bdl,0.02 bdl,0.02 bdl,0.04 bdl,0.01 bdl
,B1_307,Blank,3/7/2026,,RV,MilliQ,Blank,SPE blank. for samples SE16_16 through 20.,42.1,538.1,496,,,,,,Yes,,,,,,RV_PFAS_03122026,0.00 bdl,0.11 bdl,0.00 bdl,0.19 bdl,0.02 bdl,0.26 bdl,0.00 bdl,0.01 bdl,0.00 bdl,0.06 bdl,0.19 bdl,0.15 bdl,0.31 bdl,0.05 bdl,0.24 bdl,0.29 bdl,0.24 bdl,0.01 bdl,0.02 bdl,0.06 bdl,0.03 bdl,0.00 bdl,0.03 bdl,0.00 bdl,0.02 bdl,0.06 bdl,0.05 bdl,0.23 bdl,0.01 bdl,0.01 bdl,0.15 bdl,0.01 bdl,0.28 bdl,0.46 bdl,0.05 bdl,0.05 bdl,0.01 bdl,0.01 bdl,0.01 bdl,0.00 bdl
,WC_23,Wet Center,3/4/2026,9:55 AM,RV,Stream,Baseflow,Snowed in the morning ,42,563.4,521.4,Yes,Yes,,,,,2468,,,,Shealyn run while RV on ECU trip,RV_PFAS_07082026,0.00 bdl,0.19 bdl,0.00 bdl,0.26 bdl,1.43 bdl,0.29 bdl,0.05 bdl,0.00 bdl,0.01 bdl,0.11 bdl,0.21 bdl,0.07 bdl,0.25 bdl,0.07 bdl,0.16 bdl,0.30 bdl,0.23 bdl,1.40 bdl,1.11,0.10 bdl,0.01 bdl,0.00 bdl,0.01 bdl,0.00 bdl,1.49,0.04 bdl,2.94,0.64 bdl,0.01 bdl,0.00 bdl,0.54 bdl,0.01 bdl,3.1,1.26,3.06,2.8,0.16 bdl,0.02 bdl,0.04 bdl,0.02 bdl
,WC_22,Wet Center,3/4/2026,12:21 PM,"RV, JC, OW",Stream,Baseflow,Rapid snow melt,41.99,568.88,526.89,Yes,Yes,,,,,2469,,,,6/23/2026,RV_PFAS_07082026,0.00 bdl,0.09 bdl,0.00 bdl,0.88 bdl,2.52 bdl,0.20 bdl,0.05 bdl,0.00 bdl,0.01 bdl,0.14 bdl,0.50 bdl,0.24 bdl,0.45 bdl,0.07 bdl,0.40 bdl,0.40 bdl,0.44 bdl,2.24 bdl,1.1,0.11 bdl,0.06 bdl,0.00 bdl,0.01 bdl,0.00 bdl,1.72,0.07 bdl,3.4,0.59 bdl,0.00 bdl,0.01 bdl,0.55 bdl,0.01 bdl,3.42,1.56,0.32 bdl,3.01,0.09 bdl,0.03 bdl,0.04 bdl,0.03 bdl
,WC_24,Wet Center,3/4/2026,2:25 PM,"RV, JC ",Stream,Baseflow,"high in 50s, more snowmelt",42.06,560.41,518.35,Yes,Yes,,,,,2470,,,,Shealyn run while RV on ECU trip,RV_PFAS_07082026,0.00 bdl,0.30 bdl,0.00 bdl,0.55 bdl,1.98 bdl,0.04 bdl,0.02 bdl,0.00 bdl,0.00 bdl,0.08 bdl,0.37 bdl,0.09 bdl,0.31 bdl,0.05 bdl,0.26 bdl,0.30 bdl,0.33 bdl,1.97 bdl,1.41,0.21 bdl,0.06 bdl,0.01 bdl,0.02 bdl,0.00 bdl,1.71,0.05 bdl,3.9,0.74 bdl,0.01 bdl,0.02 bdl,0.61 bdl,0.00 bdl,3.4,1.64,5.53,3.41,0.14 bdl,0.03 bdl,0.04 bdl,0.05 bdl
,WC_25,Wet Center,3/9/2026,2:37 PM,"RV, JC, OW",Stream,Baseflow,High in 60s. Even MORE snowmelt,42.36,571,528.64,Yes,Yes,,,,,2471,,,,Shealyn run while RV on ECU trip,RV_PFAS_07082026,0.00 bdl,0.00 bdl,0.00 bdl,0.74 bdl,0.83 bdl,0.09 bdl,0.02 bdl,0.00 bdl,0.00 bdl,0.05 bdl,0.28 bdl,0.11 bdl,0.25 bdl,0.04 bdl,0.22 bdl,0.24 bdl,0.30 bdl,2.25 bdl,1.22,0.05 bdl,0.02 bdl,0.01 bdl,0.01 bdl,0.01 bdl,1.99,0.03 bdl,3.6,0.56 bdl,0.01 bdl,0.00 bdl,0.50 bdl,0.00 bdl,3.54,1.22,3.53,3.35,0.17 bdl,0.02 bdl,0.06 bdl,0.04 bdl
,WC_26,Wet Center,3/16/2026,3:40 PM,RV,Stream,Baseflow,Very high flow. ~3.5 ft depth,42.02,584.75,542.73,Yes,Yes,,,,,2472,,,,Shealyn run while RV on ECU trip,RV_PFAS_07082026,0.00 bdl,0.14 bdl,0.00 bdl,0.45 bdl,0.78 bdl,0.44 bdl,0.03 bdl,0.01 bdl,0.01 bdl,0.04 bdl,0.21 bdl,0.09 bdl,0.23 bdl,0.07 bdl,0.16 bdl,0.27 bdl,0.23 bdl,0.26 bdl,1.25,0.07 bdl,0.04 bdl,0.00 bdl,0.02 bdl,0.01 bdl,1.62,0.04 bdl,2.31,0.64 bdl,0.01 bdl,0.01 bdl,0.61 bdl,0.00 bdl,3.12,1.54,4.32,2.12,0.09 bdl,0.04 bdl,0.04 bdl,0.06 bdl
,WC_27,Wet Center,3/23/2026,2:30 PM,"RV, JC, OW",Stream,Baseflow,Very high flow. ~3.45 ft depth,41.98,565.65,523.67,Yes,Yes,,,,,2473,,,,Shealyn run while RV on ECU trip,RV_PFAS_07082026,0.00 bdl,0.02 bdl,0.00 bdl,0.51 bdl,0.49 bdl,0.09 bdl,0.00 bdl,0.00 bdl,0.00 bdl,0.09 bdl,0.25 bdl,0.12 bdl,0.25 bdl,0.06 bdl,0.20 bdl,0.28 bdl,0.28 bdl,0.20 bdl,0.78 bdl,0.08 bdl,0.02 bdl,0.00 bdl,0.00 bdl,0.00 bdl,1.14,0.02 bdl,1.67,0.47 bdl,0.00 bdl,0.01 bdl,0.53 bdl,0.02 bdl,2.02,1.32,2.9,1.57 bdl,0.10 bdl,0.03 bdl,0.02 bdl,0.03 bdl
,R_M26,Roaring,3/28/2026,10:37:00 AM,"OW, KW",Stream,13-Site,,42.23,562.6,520.37,Yes,Yes,,,,Yes,2477,,,,3/29/2026,RV_PFAS_04172026,0.00 bdl,0.04 bdl,0.00 bdl,0.11 bdl,0.05 bdl,0.15 bdl,0.00 bdl,0.00 bdl,0.00 bdl,0.04 bdl,0.40 bdl,0.16 bdl,0.45 bdl,0.08 bdl,0.30 bdl,0.41 bdl,0.44 bdl,0.19 bdl,0.16 bdl,0.03 bdl,0.03 bdl,0.03 bdl,0.01 bdl,0.01 bdl,0.10 bdl,0.01 bdl,0.22 bdl,0.35 bdl,0.01 bdl,0.01 bdl,0.44 bdl,0.02 bdl,0.63 bdl,0.73 bdl,0.02 bdl,0.24 bdl,0.03 bdl,0.01 bdl,0.07 bdl,0.01 bdl
,D_M26,Doolittle,3/28/2026,10:56:00 AM,"OW, KW",Stream,13-Site,,42.23,578.72,536.49,Yes,Yes,,,,Yes,2478,,,,3/29/2026,RV_PFAS_04172026,0.00 bdl,0.10 bdl,0.00 bdl,0.25 bdl,0.04 bdl,0.46 bdl,0.01 bdl,0.01 bdl,0.00 bdl,0.02 bdl,0.32 bdl,0.14 bdl,0.37 bdl,0.08 bdl,0.24 bdl,0.40 bdl,0.27 bdl,0.55 bdl,0.47 bdl,0.16 bdl,0.04 bdl,0.03 bdl,0.01 bdl,0.00 bdl,0.39 bdl,0.02 bdl,0.53 bdl,0.38 bdl,0.00 bdl,0.01 bdl,0.47 bdl,0.01 bdl,1.13,1.16,0.05 bdl,0.51 bdl,0.03 bdl,0.02 bdl,0.03 bdl,0.14 bdl
,EU_M26,Eastman Up,3/28/2026,11:26:00 AM,"OW, KW",Stream,13-Site,,42.28,561.45,519.17,Yes,Yes,,,,Yes,2479,,,,3/29/2026,RV_PFAS_04172026,0.00 bdl,0.06 bdl,0.00 bdl,0.19 bdl,0.08 bdl,0.00 bdl,0.02 bdl,0.00 bdl,0.02 bdl,0.13 bdl,0.27 bdl,0.12 bdl,0.30 bdl,0.07 bdl,0.17 bdl,0.28 bdl,0.26 bdl,0.95 bdl,0.48 bdl,0.05 bdl,0.01 bdl,0.00 bdl,0.02 bdl,0.00 bdl,0.27 bdl,0.03 bdl,0.36 bdl,0.38 bdl,0.01 bdl,0.01 bdl,0.44 bdl,0.02 bdl,0.99 bdl,0.93 bdl,0.04 bdl,0.29 bdl,0.03 bdl,0.04 bdl,0.03 bdl,0.04 bdl
,ED_M26,Eastman Down,3/28/2026,11:53:00 AM,"OW, KW",Stream,13-Site,,42.18,576.12,533.94,Yes,Yes,,,,Yes,2480,,,,3/29/2026,RV_PFAS_04172026,0.00 bdl,0.01 bdl,0.00 bdl,0.26 bdl,0.10 bdl,0.50 bdl,0.04 bdl,0.01 bdl,0.01 bdl,0.06 bdl,0.21 bdl,0.08 bdl,0.25 bdl,0.09 bdl,0.19 bdl,0.26 bdl,0.23 bdl,0.65 bdl,0.62 bdl,0.08 bdl,0.02 bdl,0.00 bdl,0.01 bdl,0.02 bdl,0.47 bdl,0.06 bdl,0.77 bdl,0.36 bdl,0.00 bdl,0.01 bdl,0.43 bdl,0.01 bdl,1.73,1.14 bdl,0.07 bdl,0.69 bdl,0.03 bdl,0.01 bdl,0.03 bdl,0.02 bdl
,MS_M26,Mill Site,3/28/2026,12:45:00 PM,"OW, KW",Stream,13-Site,,42.26,571.67,529.41,Yes,Yes,,,,Yes,2482,,,,3/29/2026,RV_PFAS_04172026,0.00 bdl,0.01 bdl,0.00 bdl,0.26 bdl,2.86 bdl,0.17 bdl,0.07 bdl,0.00 bdl,0.00 bdl,0.07 bdl,0.33 bdl,0.06 bdl,0.32 bdl,0.12 bdl,0.16 bdl,0.35 bdl,0.23 bdl,1.26 bdl,1.14,0.09 bdl,0.03 bdl,0.01 bdl,0.01 bdl,0.00 bdl,0.81 bdl,0.00 bdl,2.08,0.60 bdl,0.01 bdl,0.00 bdl,0.51 bdl,0.00 bdl,2.53,1.28,0.05 bdl,1.89,0.06 bdl,0.04 bdl,0.01 bdl,0.02 bdl
,K_M26,Knightly,3/28/2026,12:24:00 PM,"OW, KW",Stream,13-Site,,42.17,556.19,514.02,Yes,Yes,,,,Yes,2481,,,,3/29/2026,RV_PFAS_04172026,0.00 bdl,0.03 bdl,0.00 bdl,0.50 bdl,0.08 bdl,0.52 bdl,0.01 bdl,0.01 bdl,0.01 bdl,0.14 bdl,0.34 bdl,0.18 bdl,0.40 bdl,0.04 bdl,0.24 bdl,0.35 bdl,0.32 bdl,52.79,24.39,0.32 bdl,0.05 bdl,0.01 bdl,0.01 bdl,0.01 bdl,88.68,0.08 bdl,167.21,1.61,0.01 bdl,0.02 bdl,2.67,0.08 bdl,217.14,1.78,0.05 bdl,146.7,0.35 bdl,0.03 bdl,0.01 bdl,0.03 bdl
,B1_329,Blank,3/29/2026,,RV,MilliQ,Blank,SPE blank. for samples March 13 sites +WC.,42.38,549.72,507.34,Yes,Yes,,,,Yes,,,,,3/29/2026,RV_PFAS_04172026,0.00 bdl,0.03 bdl,0.00 bdl,0.09 bdl,0.07 bdl,0.10 bdl,0.01 bdl,0.01 bdl,0.00 bdl,0.05 bdl,0.14 bdl,0.11 bdl,0.14 bdl,0.07 bdl,0.09 bdl,0.24 bdl,0.13 bdl,0.04 bdl,0.02 bdl,0.03 bdl,0.01 bdl,0.00 bdl,0.00 bdl,0.00 bdl,0.03 bdl,0.01 bdl,0.05 bdl,0.26 bdl,0.06 bdl,0.01 bdl,0.18 bdl,0.01 bdl,0.24 bdl,0.25 bdl,0.04 bdl,0.05 bdl,0.01 bdl,0.01 bdl,0.01 bdl,0.01 bdl
,LW_M26,Lake Warner Outlet,3/28/2026,1:17:00 AM,"OW, KW",Stream,13-Site,,42.07,578.91,536.84,Yes,Yes,,,,Yes,2483,,,,3/29/2026,RV_PFAS_04172026,0.00 bdl,0.01 bdl,0.00 bdl,0.36 bdl,2.96 bdl,0.05 bdl,0.06 bdl,0.01 bdl,0.01 bdl,0.08 bdl,0.38 bdl,0.14 bdl,0.47 bdl,0.07 bdl,0.28 bdl,0.38 bdl,0.37 bdl,2.67 bdl,1.56,0.10 bdl,0.01 bdl,0.00 bdl,0.02 bdl,0.01 bdl,2.78,0.10 bdl,5.57,0.66 bdl,0.02 bdl,0.00 bdl,0.56 bdl,0.00 bdl,7.37,1.55,0.09 bdl,5.14,0.04 bdl,0.02 bdl,0.04 bdl,0.03 bdl
,HD_M26,Horse Down,3/28/2026,2:02:00 PM,"OW, KW",Stream,13-Site,,41.58,569.06,527.48,Yes,Yes,,,,Yes,2485,,,,3/29/2026,RV_PFAS_04172026,0.00 bdl,0.03 bdl,0.00 bdl,0.36 bdl,0.69 bdl,0.18 bdl,0.03 bdl,0.01 bdl,0.01 bdl,0.09 bdl,0.25 bdl,0.15 bdl,0.34 bdl,0.06 bdl,0.16 bdl,0.31 bdl,0.27 bdl,1.22 bdl,3.04,0.21 bdl,0.06 bdl,0.01 bdl,0.02 bdl,0.01 bdl,1.64,0.08 bdl,3.47,1.22,0.02 bdl,0.01 bdl,0.79 bdl,0.01 bdl,3.71,2.13,0.34 bdl,3.47,0.22 bdl,0.02 bdl,0.03 bdl,0.05 bdl
,HU_M26,Horse Up,3/28/2026,1:44:00 PM,"OW, KW",Stream,13-Site,,42.32,564.91,522.59,Yes,Yes,,,,Yes,2484,,,,3/29/2026,RV_PFAS_04172026,0.00 bdl,0.52 bdl,0.00 bdl,0.23 bdl,0.09 bdl,0.65 bdl,0.02 bdl,0.00 bdl,0.00 bdl,0.14 bdl,0.33 bdl,0.16 bdl,0.36 bdl,0.08 bdl,0.22 bdl,0.29 bdl,0.32 bdl,1.33 bdl,3.19,0.20 bdl,0.08 bdl,0.01 bdl,0.03 bdl,0.02 bdl,1.05,0.15 bdl,2,1.1,0.02 bdl,0.01 bdl,0.80 bdl,0.01 bdl,2.71,1.97,0.13 bdl,1.51 bdl,0.26 bdl,0.04 bdl,0.07 bdl,0.11 bdl
,TU_M26,Tan Brook Up ,3/28/2026,9:29:00 AM,"OW, KW",Stream,13-Site,13 site and spatial on same day.,42.25,555.86,513.61,Yes,Yes,,,,Yes,2474,,,,3/29/2026,RV_PFAS_04172026,0.00 bdl,0.11 bdl,0.00 bdl,0.10 bdl,0.11 bdl,0.06 bdl,0.02 bdl,0.00 bdl,0.01 bdl,0.09 bdl,0.42 bdl,0.23 bdl,0.57 bdl,0.08 bdl,0.30 bdl,0.27 bdl,0.50 bdl,3.52 bdl,5.38,0.16 bdl,0.02 bdl,0.00 bdl,0.03 bdl,0.01 bdl,2.44,0.15 bdl,4.55,1.73,0.02 bdl,0.01 bdl,1.00 bdl,0.02 bdl,7.27,4.46,0.12 bdl,4.21,0.69 bdl,0.01 bdl,0.02 bdl,0.03 bdl
,TD_M26,Tan Brook Down,3/28/2026,2:40:00 PM,"OW, KW",Stream,13-Site,,42.43,578.35,535.92,Yes,Yes,,,,Yes,2487,,,,3/29/2026,RV_PFAS_04172026,0.00 bdl,0.25 bdl,0.00 bdl,0.39 bdl,0.10 bdl,0.20 bdl,0.00 bdl,0.00 bdl,0.01 bdl,0.24 bdl,0.46 bdl,0.24 bdl,0.53 bdl,0.05 bdl,0.28 bdl,0.37 bdl,0.41 bdl,7.38,5.2,0.46 bdl,0.04 bdl,0.00 bdl,0.15 bdl,0.00 bdl,3.44,0.23 bdl,7.11,2.71,0.02 bdl,0.02 bdl,1.51,0.03 bdl,9.43,6.85,0.08 bdl,6.32,0.72 bdl,0.03 bdl,0.01 bdl,0.04 bdl
,CU_M26,Campus Pond UP,3/28/2026,9:51:00 AM,"OW, KW",Stream,13-Site,,42.47,560.42,517.95,Yes,Yes,,,,Yes,2475,,,,3/29/2026,RV_PFAS_04172026,0.00 bdl,0.11 bdl,0.00 bdl,0.71 bdl,0.07 bdl,0.40 bdl,0.00 bdl,0.01 bdl,0.01 bdl,0.11 bdl,0.26 bdl,0.27 bdl,0.55 bdl,0.07 bdl,0.31 bdl,0.43 bdl,0.38 bdl,5.16,6.31,0.43 bdl,0.05 bdl,0.00 bdl,0.14 bdl,0.01 bdl,3.14,0.11 bdl,6.62,2.78,0.01 bdl,0.03 bdl,1.67,0.01 bdl,10.16,7.4,0.21 bdl,6.19,0.45 bdl,0.02 bdl,0.06 bdl,0.06 bdl
,CD_M26,Campus Pond Down,3/28/2026,10:03:00 AM,"OW, KW",Stream,13-Site,,42.22,570,527.78,Yes,Yes,,,,Yes,2476,,,,3/29/2026,RV_PFAS_04172026,0.00 bdl,0.18 bdl,0.00 bdl,1.01 bdl,0.14 bdl,0.00 bdl,0.02 bdl,0.01 bdl,0.01 bdl,0.10 bdl,0.51 bdl,0.47 bdl,1.24 bdl,0.00 bdl,0.71 bdl,0.62 bdl,0.87 bdl,5.95,5.55,0.41 bdl,0.22 bdl,0.01 bdl,0.14 bdl,0.02 bdl,3.44,0.16 bdl,6.49,2.59,0.01 bdl,0.05 bdl,1.48,0.00 bdl,9.54,5.82,0.76 bdl,5.91,0.61 bdl,0.04 bdl,0.23 bdl,0.09 bdl
,WC_M26,Wet Center,3/28/2026,2:22:00 PM,"OW, KW",Stream,Baseflow,,42.14,588.54,546.4,Yes,Yes,,,,Yes,2486,,,,3/29/2026,RV_PFAS_04172026,0.00 bdl,0.09 bdl,0.00 bdl,0.03 bdl,3.58 bdl,0.32 bdl,0.06 bdl,0.00 bdl,0.01 bdl,0.11 bdl,0.37 bdl,0.13 bdl,0.50 bdl,0.07 bdl,0.31 bdl,0.33 bdl,0.37 bdl,1.25 bdl,0.95,0.09 bdl,0.03 bdl,0.00 bdl,0.00 bdl,0.00 bdl,0.98,0.06 bdl,1.78,0.54 bdl,0.01 bdl,0.01 bdl,0.42 bdl,0.01 bdl,2.26,1.23,0.12 bdl,1.78,0.07 bdl,0.04 bdl,0.02 bdl,0.05 bdl
,B2_329,Blank,3/29/2026,,RV,MilliQ,Blank,SPE blank. for samples March 13 sites +WC.,41.77,548.12,506.35,Yes,Yes,,,,Yes,,,,,3/29/2026,RV_PFAS_04172026,0.00 bdl,0.00 bdl,0.00 bdl,0.15 bdl,0.04 bdl,0.13 bdl,0.00 bdl,0.01 bdl,0.00 bdl,0.05 bdl,0.33 bdl,0.12 bdl,0.29 bdl,0.06 bdl,0.19 bdl,0.39 bdl,0.27 bdl,0.07 bdl,0.02 bdl,0.06 bdl,0.01 bdl,0.01 bdl,0.01 bdl,0.01 bdl,0.03 bdl,0.01 bdl,0.06 bdl,0.25 bdl,0.09 bdl,0.00 bdl,0.18 bdl,0.00 bdl,0.24 bdl,0.26 bdl,0.03 bdl,0.07 bdl,0.00 bdl,0.01 bdl,0.01 bdl,0.01 bdl
,B1_S3,Blank,3/30/2026,,RV,MilliQ,Blank,SPE Blank for S3,42.12,547.9,505.78,Yes,Yes,,,,Yes,,,,,3/30/2026,RV_PFAS_04172026,0.02 bdl,0.10 bdl,0.00 bdl,0.27 bdl,0.09 bdl,0.10 bdl,0.01 bdl,0.02 bdl,0.01 bdl,0.04 bdl,0.23 bdl,0.14 bdl,0.48 bdl,0.05 bdl,0.19 bdl,0.26 bdl,0.43 bdl,0.07 bdl,0.04 bdl,0.02 bdl,0.02 bdl,0.03 bdl,0.00 bdl,0.00 bdl,0.01 bdl,0.00 bdl,0.04 bdl,0.22 bdl,0.13 bdl,0.01 bdl,0.19 bdl,0.02 bdl,0.26 bdl,0.32 bdl,0.04 bdl,0.04 bdl,0.01 bdl,0.03 bdl,0.07 bdl,0.01 bdl
,S3_14,UMass Farm,3/28/2026,9:39 AM,"RV, SH",Stream,Spatial,,42.11,551.61,509.5,Yes,Yes,,,,Yes,2510,,,,3/30/2026,RV_PFAS_04172026,0.01 bdl,0.05 bdl,0.00 bdl,0.31 bdl,0.16 bdl,0.28 bdl,0.03 bdl,0.00 bdl,0.01 bdl,0.13 bdl,0.20 bdl,0.19 bdl,0.42 bdl,0.13 bdl,0.21 bdl,0.34 bdl,0.39 bdl,0.68 bdl,3.18,0.11 bdl,0.05 bdl,0.00 bdl,0.01 bdl,0.01 bdl,0.70 bdl,0.10 bdl,1.24,1.04,0.03 bdl,0.01 bdl,0.48 bdl,0.00 bdl,2.28,1.64,0.18 bdl,1.24 bdl,0.15 bdl,0.04 bdl,0.08 bdl,0.06 bdl
,S3_15,Brandywine Pond,3/28/2026,9:51 AM,"RV, SH",Stream,Spatial,,42.27,572.72,530.45,Yes,Yes,,,,Yes,2511,,,,3/30/2026,RV_PFAS_04172026,0.01 bdl,0.04 bdl,0.00 bdl,0.06 bdl,0.07 bdl,0.30 bdl,0.01 bdl,0.01 bdl,0.00 bdl,0.05 bdl,0.16 bdl,0.15 bdl,0.24 bdl,0.06 bdl,0.14 bdl,0.43 bdl,0.29 bdl,0.33 bdl,2.14,0.06 bdl,0.03 bdl,0.00 bdl,0.01 bdl,0.01 bdl,0.53 bdl,0.06 bdl,0.88 bdl,0.83 bdl,0.00 bdl,0.00 bdl,0.42 bdl,0.00 bdl,1.82,1.63,0.15 bdl,1.03 bdl,0.16 bdl,0.02 bdl,0.04 bdl,0.01 bdl
,S3_16,MR Julius Bridge,3/28/2026,10:08 AM,"RV, SH",Stream,Spatial,,42.29,567.55,525.26,Yes,Yes,,,,Yes,2512,,,,3/30/2026,RV_PFAS_04172026,0.01 bdl,0.08 bdl,0.00 bdl,0.79 bdl,0.06 bdl,0.50 bdl,0.01 bdl,0.00 bdl,0.01 bdl,0.10 bdl,0.41 bdl,0.16 bdl,0.58 bdl,0.04 bdl,0.32 bdl,0.37 bdl,0.48 bdl,2.02 bdl,0.46 bdl,0.08 bdl,0.02 bdl,0.00 bdl,0.02 bdl,0.00 bdl,0.35 bdl,0.03 bdl,0.27 bdl,0.53 bdl,0.00 bdl,0.01 bdl,0.51 bdl,0.02 bdl,1.04,0.86 bdl,0.08 bdl,0.27 bdl,0.07 bdl,0.02 bdl,0.04 bdl,0.03 bdl
,S3_17,Puffers Waterfall,3/28/2026,10:32 AM,"RV, SH",Stream,Spatial,,41.96,584.54,542.58,Yes,Yes,,,,Yes,2513,,,,3/30/2026,RV_PFAS_04172026,0.01 bdl,0.13 bdl,0.00 bdl,0.48 bdl,0.09 bdl,0.74 bdl,0.02 bdl,0.00 bdl,0.00 bdl,0.07 bdl,0.30 bdl,0.12 bdl,0.38 bdl,0.09 bdl,0.26 bdl,0.29 bdl,0.38 bdl,0.45 bdl,0.40 bdl,0.13 bdl,0.05 bdl,0.02 bdl,0.02 bdl,0.00 bdl,0.28 bdl,0.07 bdl,0.27 bdl,0.43 bdl,0.00 bdl,0.01 bdl,0.46 bdl,0.02 bdl,1.07,0.87 bdl,0.06 bdl,0.38 bdl,0.06 bdl,0.01 bdl,0.07 bdl,0.01 bdl
,S3_18,Puffers Pond Beach,3/28/2026,10:42 AM,"RV, SH",Stream,Spatial,,42.02,564.38,522.36,Yes,Yes,,,,Yes,2514,,,,3/30/2026,RV_PFAS_04172026,0.00 bdl,0.03 bdl,0.00 bdl,0.13 bdl,0.06 bdl,0.45 bdl,0.02 bdl,0.01 bdl,0.00 bdl,0.05 bdl,0.29 bdl,0.12 bdl,0.39 bdl,0.04 bdl,0.23 bdl,0.32 bdl,0.37 bdl,0.74 bdl,0.34 bdl,0.12 bdl,0.01 bdl,0.00 bdl,0.00 bdl,0.01 bdl,0.47 bdl,0.03 bdl,0.32 bdl,0.41 bdl,0.00 bdl,0.01 bdl,0.36 bdl,0.01 bdl,1.04,0.88 bdl,0.07 bdl,0.34 bdl,0.05 bdl,0.03 bdl,0.02 bdl,0.02 bdl
,S3_19,Puffers Railroad,3/28/2026,10:56 AM,"RV, SH",Stream,Spatial,,42.14,583.85,541.71,Yes,Yes,,,,Yes,2515,,,,3/30/2026,RV_PFAS_04172026,0.00 bdl,0.06 bdl,0.00 bdl,0.12 bdl,0.05 bdl,0.66 bdl,0.01 bdl,0.01 bdl,0.01 bdl,0.03 bdl,0.39 bdl,0.12 bdl,0.42 bdl,0.09 bdl,0.29 bdl,0.37 bdl,0.47 bdl,0.38 bdl,0.30 bdl,0.10 bdl,0.04 bdl,0.01 bdl,0.00 bdl,0.00 bdl,0.28 bdl,0.03 bdl,0.29 bdl,0.36 bdl,0.01 bdl,0.00 bdl,0.37 bdl,0.01 bdl,1.22,0.73 bdl,0.08 bdl,0.28 bdl,0.03 bdl,0.02 bdl,0.02 bdl,0.04 bdl
,S3_20,Haskins Meadows,3/28/2026,12:05 PM,"RV, SH",Stream,Spatial,,42.13,569.39,527.26,Yes,Yes,,,,Yes,2516,,,,3/30/2026,RV_PFAS_04172026,0.00 bdl,0.00 bdl,0.00 bdl,0.23 bdl,0.06 bdl,0.29 bdl,0.03 bdl,0.01 bdl,0.00 bdl,0.04 bdl,0.17 bdl,0.08 bdl,0.23 bdl,0.05 bdl,0.12 bdl,0.40 bdl,0.19 bdl,0.47 bdl,0.31 bdl,0.04 bdl,0.01 bdl,0.01 bdl,0.03 bdl,0.02 bdl,0.30 bdl,0.00 bdl,0.31 bdl,0.50 bdl,0.01 bdl,0.02 bdl,0.41 bdl,0.03 bdl,1.18,0.69 bdl,0.07 bdl,0.29 bdl,0.02 bdl,0.03 bdl,0.02 bdl,0.03 bdl
,S3_21,Haskins Meadows Up,3/28/2026,12:15 PM,"RV, SH",Stream,Spatial,,42.38,558.29,515.91,Yes,Yes,,,,Yes,2517,,,,3/30/2026,RV_PFAS_04172026,0.00 bdl,0.01 bdl,0.00 bdl,0.15 bdl,0.05 bdl,0.48 bdl,0.01 bdl,0.01 bdl,0.00 bdl,0.05 bdl,0.26 bdl,0.12 bdl,0.37 bdl,0.07 bdl,0.21 bdl,0.38 bdl,0.31 bdl,0.53 bdl,0.37 bdl,0.03 bdl,0.01 bdl,0.01 bdl,0.02 bdl,0.01 bdl,0.37 bdl,0.05 bdl,0.34 bdl,0.41 bdl,0.01 bdl,0.01 bdl,0.43 bdl,0.02 bdl,1.02,0.82 bdl,0.12 bdl,0.32 bdl,0.05 bdl,0.03 bdl,0.06 bdl,0.03 bdl
,B2_S3,Blank,,,RV,MilliQ,Blank,SPE Blank for S3,42.13,548.3,506.17,Yes,Yes,,,,Yes,,,,,3/30/2026,RV_PFAS_04172026,0.00 bdl,0.00 bdl,0.00 bdl,0.04 bdl,0.05 bdl,0.16 bdl,0.03 bdl,0.00 bdl,0.00 bdl,0.02 bdl,0.37 bdl,0.08 bdl,0.17 bdl,0.07 bdl,0.13 bdl,0.20 bdl,0.16 bdl,0.08 bdl,0.01 bdl,0.03 bdl,0.01 bdl,0.00 bdl,0.01 bdl,0.00 bdl,0.03 bdl,0.00 bdl,0.03 bdl,0.16 bdl,0.06 bdl,0.01 bdl,0.12 bdl,0.00 bdl,0.21 bdl,0.23 bdl,0.03 bdl,0.05 bdl,0.01 bdl,0.02 bdl,0.03 bdl,0.01 bdl
,S3_22,Atkins Reservoir,3/28/2026,12:33 PM,"RV, SH",Stream,Spatial,,42.09,574.36,532.27,Yes,Yes,,,,Yes,2518,,,,3/30/2026,RV_PFAS_04172026,0.00 bdl,0.10 bdl,0.00 bdl,0.46 bdl,0.05 bdl,0.09 bdl,0.00 bdl,0.01 bdl,0.00 bdl,0.07 bdl,0.36 bdl,0.13 bdl,0.41 bdl,0.07 bdl,0.28 bdl,0.40 bdl,0.42 bdl,0.37 bdl,0.13 bdl,0.05 bdl,0.01 bdl,0.00 bdl,0.00 bdl,0.00 bdl,0.27 bdl,0.03 bdl,0.26 bdl,0.35 bdl,0.00 bdl,0.01 bdl,0.41 bdl,0.02 bdl,0.89 bdl,1.09 bdl,0.11 bdl,0.35 bdl,0.04 bdl,0.01 bdl,0.02 bdl,0.03 bdl
,S3_23,Dean Brook,3/28/2026,12:44 PM,"RV, SH",Stream,Spatial,,42.43,567.36,524.93,Yes,Yes,,,,Yes,2519,,,,3/30/2026,RV_PFAS_04172026,0.00 bdl,0.07 bdl,0.00 bdl,0.56 bdl,0.04 bdl,0.07 bdl,0.04 bdl,0.00 bdl,0.00 bdl,0.06 bdl,0.30 bdl,0.13 bdl,0.39 bdl,0.05 bdl,0.23 bdl,0.28 bdl,0.31 bdl,0.19 bdl,0.11 bdl,0.09 bdl,0.02 bdl,0.01 bdl,0.01 bdl,0.01 bdl,0.15 bdl,0.01 bdl,0.11 bdl,0.34 bdl,0.01 bdl,0.00 bdl,0.39 bdl,0.00 bdl,0.82 bdl,0.90 bdl,0.08 bdl,0.13 bdl,0.05 bdl,0.04 bdl,0.03 bdl,0.03 bdl
,S3_24,Nurse Brook,3/28/2026,12:56 PM,"RV, SH",Stream,Spatial,,42.45,538.72,496.27,Yes,Yes,,,,Yes,2520,,,,3/30/2026,RV_PFAS_04172026,0.00 bdl,0.00 bdl,0.00 bdl,0.33 bdl,0.07 bdl,0.11 bdl,0.03 bdl,0.00 bdl,0.00 bdl,0.08 bdl,0.31 bdl,0.26 bdl,0.45 bdl,0.06 bdl,0.30 bdl,0.48 bdl,0.39 bdl,0.10 bdl,0.02 bdl,0.05 bdl,0.03 bdl,0.00 bdl,0.00 bdl,0.01 bdl,0.13 bdl,0.04 bdl,0.06 bdl,0.32 bdl,0.01 bdl,0.01 bdl,0.42 bdl,0.01 bdl,0.60 bdl,0.71 bdl,0.09 bdl,0.03 bdl,0.03 bdl,0.02 bdl,0.03 bdl,0.04 bdl
,S3_25,Shutesbury Cemetery,3/28/2026,1:17 PM,"RV, SH",Stream,Spatial,,42.3,535.87,493.57,Yes,Yes,,,,Yes,2521,,,,3/30/2026,RV_PFAS_04172026,0.00 bdl,0.08 bdl,0.00 bdl,0.49 bdl,0.14 bdl,0.42 bdl,0.01 bdl,0.01 bdl,0.00 bdl,0.08 bdl,0.41 bdl,0.14 bdl,0.50 bdl,0.05 bdl,0.34 bdl,0.53 bdl,0.41 bdl,0.22 bdl,0.21 bdl,0.04 bdl,0.02 bdl,0.00 bdl,0.02 bdl,0.01 bdl,0.12 bdl,0.03 bdl,0.26 bdl,0.33 bdl,0.00 bdl,0.01 bdl,0.49 bdl,0.02 bdl,0.83 bdl,0.97 bdl,0.08 bdl,0.14 bdl,0.01 bdl,0.01 bdl,0.06 bdl,0.06 bdl
,S3_26,Broad Hill,3/28/2026,1:30 PM,"RV, SH",Stream,Spatial,,42.63,568.94,526.31,Yes,Yes,,,,Yes,2522,,,,3/30/2026,RV_PFAS_04172026,0.01 bdl,0.00 bdl,0.00 bdl,0.42 bdl,0.06 bdl,0.11 bdl,0.06 bdl,0.00 bdl,0.01 bdl,0.05 bdl,0.35 bdl,0.14 bdl,0.33 bdl,0.07 bdl,0.23 bdl,0.44 bdl,0.30 bdl,0.14 bdl,0.11 bdl,0.04 bdl,0.02 bdl,0.00 bdl,0.01 bdl,0.00 bdl,0.17 bdl,0.01 bdl,0.23 bdl,0.30 bdl,0.00 bdl,0.01 bdl,0.36 bdl,0.00 bdl,0.62 bdl,0.68 bdl,0.07 bdl,0.17 bdl,0.03 bdl,0.03 bdl,0.01 bdl,0.03 bdl
,S3_27,Number 6 Rd,3/28/2026,1:41 PM,"RV, SH",Stream,Spatial,,42.29,557.16,514.87,Yes,Yes,,,,Yes,2523,,,,3/30/2026,RV_PFAS_04172026,0.00 bdl,0.07 bdl,0.00 bdl,0.32 bdl,0.13 bdl,1.17 bdl,0.06 bdl,0.00 bdl,0.62 bdl,0.05 bdl,0.28 bdl,0.19 bdl,0.34 bdl,0.07 bdl,0.19 bdl,0.40 bdl,0.27 bdl,0.04 bdl,0.27 bdl,0.10 bdl,0.01 bdl,0.00 bdl,0.01 bdl,0.01 bdl,0.59 bdl,0.01 bdl,1.01,0.33 bdl,0.00 bdl,0.03 bdl,0.45 bdl,0.01 bdl,1.84,0.72 bdl,0.08 bdl,0.93 bdl,0.02 bdl,0.03 bdl,0.01 bdl,0.02 bdl
,S3_28,Leverett Library,3/28/2026,2:00 PM,"RV, SH",Stream,Spatial,,42.03,571.27,529.24,Yes,Yes,,,,Yes,2524,,,,4/3/2026,RV_PFAS_04172026,0.00 bdl,0.09 bdl,0.00 bdl,0.41 bdl,0.09 bdl,0.04 bdl,0.00 bdl,0.00 bdl,0.00 bdl,0.09 bdl,0.29 bdl,0.21 bdl,0.39 bdl,0.07 bdl,0.22 bdl,0.31 bdl,0.27 bdl,0.34 bdl,0.58 bdl,0.02 bdl,0.03 bdl,0.00 bdl,0.00 bdl,0.00 bdl,0.20 bdl,0.03 bdl,0.54 bdl,0.45 bdl,0.00 bdl,0.00 bdl,0.27 bdl,0.01 bdl,0.83 bdl,0.91 bdl,0.25 bdl,0.38 bdl,0.03 bdl,0.01 bdl,0.08 bdl,0.03 bdl
,S3_29,Leverett Pond,3/28/2026,2:25 PM,"RV, SH",Stream,Spatial,,42.45,523.23,480.78,Yes,Yes,,,,Yes,2525,,,,4/3/2026,RV_PFAS_04172026,0.00 bdl,0.03 bdl,0.00 bdl,0.12 bdl,0.08 bdl,0.10 bdl,0.03 bdl,0.00 bdl,0.00 bdl,0.05 bdl,0.24 bdl,0.06 bdl,0.17 bdl,0.07 bdl,0.09 bdl,0.17 bdl,0.13 bdl,0.79 bdl,0.35 bdl,0.08 bdl,0.01 bdl,0.01 bdl,0.02 bdl,0.00 bdl,0.41 bdl,0.06 bdl,0.34 bdl,0.30 bdl,0.01 bdl,0.01 bdl,0.27 bdl,0.01 bdl,1.27,0.82 bdl,0.99,0.34 bdl,0.04 bdl,0.04 bdl,0.01 bdl,0.05 bdl
,B3_S3,Blank,,,RV,MilliQ,Blank,SPE Blank for S3,42.3,547.5,505.2,Yes,Yes,,,,Yes,,,,,4/3/2026,RV_PFAS_04172026,0.00 bdl,0.13 bdl,0.00 bdl,0.12 bdl,0.09 bdl,0.05 bdl,0.03 bdl,0.00 bdl,0.01 bdl,0.04 bdl,0.34 bdl,0.19 bdl,0.28 bdl,0.06 bdl,0.20 bdl,0.31 bdl,0.27 bdl,0.09 bdl,0.02 bdl,0.03 bdl,0.03 bdl,0.00 bdl,0.01 bdl,0.00 bdl,0.08 bdl,0.00 bdl,0.05 bdl,0.27 bdl,0.04 bdl,0.00 bdl,0.20 bdl,0.00 bdl,0.23 bdl,0.31 bdl,0.03 bdl,0.05 bdl,0.00 bdl,0.03 bdl,0.02 bdl,0.03 bdl
,S3_30,MR Montague Bridge,3/28/2026,2:42 PM,"RV, SH",Stream,Spatial,,42.09,520.73,478.64,Yes,Yes,,,,Yes,2526,,,,4/3/2026,RV_PFAS_04172026,0.00 bdl,0.00 bdl,0.00 bdl,0.43 bdl,0.13 bdl,0.21 bdl,0.01 bdl,0.00 bdl,0.00 bdl,0.09 bdl,0.22 bdl,0.05 bdl,0.26 bdl,0.08 bdl,0.15 bdl,0.33 bdl,0.22 bdl,0.75 bdl,0.31 bdl,0.03 bdl,0.02 bdl,0.00 bdl,0.00 bdl,0.01 bdl,0.39 bdl,0.01 bdl,0.30 bdl,0.44 bdl,0.01 bdl,0.01 bdl,0.40 bdl,0.01 bdl,1.1,0.91 bdl,0.34 bdl,0.42 bdl,0.03 bdl,0.02 bdl,0.04 bdl,0.03 bdl
,S3_31,Lake Warner Trail,3/28/2026,3:17 PM,"RV, SH",Stream,Spatial,,42.09,550,507.91,Yes,Yes,,,,Yes,2526,,,,4/3/2026,RV_PFAS_04172026,0.01 bdl,0.00 bdl,0.00 bdl,0.29 bdl,0.85 bdl,0.28 bdl,0.03 bdl,0.00 bdl,0.00 bdl,0.08 bdl,0.35 bdl,0.36 bdl,0.93 bdl,0.10 bdl,0.57 bdl,0.60 bdl,0.83 bdl,3.03 bdl,2.03,0.16 bdl,0.05 bdl,0.03 bdl,0.05 bdl,0.01 bdl,3.64,0.05 bdl,6.58,1.1,0.01 bdl,0.02 bdl,0.86 bdl,0.03 bdl,8.3,2.18,3.62,5.92,0.07 bdl,0.09 bdl,0.27 bdl,0.09 bdl
,S3_32,Prindle School,3/28/2026,3:38 PM,"RV, SH",Stream,Spatial,,42.23,571.56,529.33,Yes,Yes,,,,Yes,2526,,,,4/3/2026,RV_PFAS_04172026,0.00 bdl,0.57 bdl,0.00 bdl,0.53 bdl,0.11 bdl,0.51 bdl,0.03 bdl,0.00 bdl,0.01 bdl,0.20 bdl,0.25 bdl,0.20 bdl,0.33 bdl,0.07 bdl,0.20 bdl,0.39 bdl,0.26 bdl,3.06 bdl,3.05,0.16 bdl,0.01 bdl,0.12 bdl,0.01 bdl,0.00 bdl,0.79 bdl,0.23 bdl,2.13,1.43,0.03 bdl,0.02 bdl,0.81 bdl,0.03 bdl,2.55,2.54,1.38,1.73 bdl,0.65 bdl,0.03 bdl,0.02 bdl,0.04 bdl
,WC_28,Wet Center,3/30/2026,4:10 PM,"JC,RV",Stream,Baseflow,"High 60s, all snow melted ",42.07,596.25,554.18,Yes,Yes,,,,,2488,,,,Shealyn run while RV on ECU trip,RV_PFAS_07082026,0.00 bdl,0.21 bdl,0.00 bdl,0.57 bdl,1.00 bdl,0.07 bdl,0.06 bdl,0.00 bdl,0.00 bdl,0.04 bdl,0.28 bdl,0.10 bdl,0.34 bdl,0.07 bdl,0.30 bdl,0.31 bdl,0.40 bdl,0.16 bdl,1.18,0.06 bdl,0.02 bdl,0.00 bdl,0.04 bdl,0.01 bdl,1.3,0.01 bdl,2.28,0.58 bdl,0.01 bdl,0.00 bdl,0.44 bdl,0.01 bdl,2.62,1.32,2.36,2.05,0.10 bdl,0.03 bdl,0.02 bdl,0.03 bdl
,WC_29,Wet Center,4/6/2026,8:08 AM,RV,Stream,Baseflow,,42.68,563.96,521.28,Yes,Yes,,,,,2489,,,,Shealyn run while RV on ECU trip,RV_PFAS_07082026,0.00 bdl,0.03 bdl,0.00 bdl,0.44 bdl,1.05 bdl,0.14 bdl,0.00 bdl,0.00 bdl,0.00 bdl,0.10 bdl,0.32 bdl,0.08 bdl,0.38 bdl,0.07 bdl,0.30 bdl,0.24 bdl,0.42 bdl,0.23 bdl,1.07,0.05 bdl,0.01 bdl,0.00 bdl,0.00 bdl,0.01 bdl,1.08,0.00 bdl,2.09,0.52 bdl,0.00 bdl,0.01 bdl,0.35 bdl,0.01 bdl,2.44,1.23,2.25,2.04,0.09 bdl,0.02 bdl,0.03 bdl,0.02 bdl
,,Wet Center,4/13/2026,2:28 PM,"RV, JC, OW",Stream,Baseflow,Cartridge comparison,41.72,,,Yes,Yes,,,,,2490,,,,,,,,,,,,,,,,,,,,,,,,,,,,,,,,,,,,,,,,,,,,,
,,Wet Center,4/13/2026,2:28 PM,"RV, JC, OW",Stream,Baseflow,Cartridge comparison,42.05,,,No,Yes,,,,,2490,,,,,,,,,,,,,,,,,,,,,,,,,,,,,,,,,,,,,,,,,,,,,
,,Mill River Rec Area,4/13/2026,2:52 PM,"RV, JC, OW",Stream,Spatial,Cartridge comparison,42.18,,,No,Yes,,,,,,,,,,,,,,,,,,,,,,,,,,,,,,,,,,,,,,,,,,,,,,,,,,
,,Mill River Rec Area,4/13/2026,2:52 PM,"RV, JC, OW",Stream,Spatial,Cartridge comparison,42.38,,,No,Yes,,,,,,,,,,,,,,,,,,,,,,,,,,,,,,,,,,,,,,,,,,,,,,,,,,
,,Knightly,4/13/2026,3:05 PM,"RV, JC, OW",Stream,Spatial,Cartridge comparison,41.98,,,No,Yes,,,,,,,,,,,,,,,,,,,,,,,,,,,,,,,,,,,,,,,,,,,,,,,,,,
,,Knightly,4/13/2026,3:05 PM,"RV, JC, OW",Stream,Spatial,Cartridge comparison,42.49,,,No,Yes,,,,,,,,,,,,,,,,,,,,,,,,,,,,,,,,,,,,,,,,,,,,,,,,,,
,WC_30,Wet Center,4/21/2026,3:20 PM,RV,Stream,Baseflow,1.6' gage reading. clear stream,42.1,,,Yes,Yes,,,,,,,,,7/17/2026,,,,,,,,,,,,,,,,,,,,,,,,,,,,,,,,,,,,,,,,,
,,Tan Brook Down,4/26/2026,8:28 AM,"KW, OW",Stream ,13 site,,,,,Yes,Yes,,,,,2495,,,,,,,,,,,,,,,,,,,,,,,,,,,,,,,,,,,,,,,,,,,,,
,,Wet Center,4/26/2026,8:54 AM,"KW, OW",Stream ,13 site,,,,,Yes,Yes,,,,,2496,,,,,,,,,,,,,,,,,,,,,,,,,,,,,,,,,,,,,,,,,,,,,
,,Horse Down,4/26/2026,9:15 AM,"KW, OW",Stream ,13 site,,,,,Yes,Yes,,,,,2497,,,,,,,,,,,,,,,,,,,,,,,,,,,,,,,,,,,,,,,,,,,,,
,,Horse Up,4/26/2026,9:34 AM,"KW, OW",Stream ,13 site,,,,,Yes,Yes,,,,,2498,,,,,,,,,,,,,,,,,,,,,,,,,,,,,,,,,,,,,,,,,,,,,
,,Tan Brook Up ,4/26/2026,10:01,"KW, OW",Stream ,13 site,,,,,Yes,Yes,,,,,2499,,,,,,,,,,,,,,,,,,,,,,,,,,,,,,,,,,,,,,,,,,,,,
,,Campus Pond Up,4/26/2026,10:15 AM,"KW, OW",Stream ,13 site,,,,,Yes,Yes,,,,,2500,,,,,,,,,,,,,,,,,,,,,,,,,,,,,,,,,,,,,,,,,,,,,
,,Campus Pond Down,4/26/2026,10:28 AM,"KW, OW",Stream ,13 site,,,,,Yes,Yes,,,,,2501,,,,,,,,,,,,,,,,,,,,,,,,,,,,,,,,,,,,,,,,,,,,,
,ISCO_EB,ISCO _ WetCenter,4/27/2026,9:24:00 AM,"RV, JC",Stream,Equipment Blank,"ISCO equipment blank. Ran 3 runs of MilliQ from the 4L field bucket. First two runs were discarded into the environment. The third run of MilliQ was kept and bottled, to test PFAS in the ISCO line ",42.38,590.59,548.21,No,Yes,,,,,,,,,6/23/2026,RV_PFAS_07082026,0.00 bdl,0.00 bdl,0.00 bdl,0.16 bdl,0.19 bdl,0.20 bdl,0.05 bdl,0.00 bdl,0.00 bdl,0.07 bdl,0.26 bdl,0.16 bdl,0.34 bdl,0.03 bdl,0.32 bdl,0.42 bdl,0.33 bdl,0.16 bdl,0.11 bdl,0.03 bdl,0.02 bdl,0.02 bdl,0.00 bdl,0.00 bdl,0.14 bdl,0.00 bdl,0.11 bdl,0.24 bdl,0.05 bdl,0.00 bdl,0.24 bdl,0.00 bdl,0.39 bdl,0.30 bdl,0.26 bdl,0.09 bdl,0.01 bdl,0.08 bdl,0.12 bdl,0.02 bdl
,WC_31,Wet Center,5/1/2026,9:24:00 AM,"RV, KW, HS",Stream,Baseflow,,42.3,588.28,545.98,Yes,Yes,,,,,2509,,,,,,,,,,,,,,,,,,,,,,,,,,,,,,,,,,,,,,,,,,,,,
,B1_5_26,Blank,5/4/2026,,RV,MilliQ,Blank,Blank ran with Storm 13 samples,42.5,542.34,499.84,No,Yes,,,,,,,,,,,0.00 bdl,0.04 bdl,0.00 bdl,0.02 bdl,0.17 bdl,0.14 bdl,0.05 bdl,0.00 bdl,0.00 bdl,0.03 bdl,0.27 bdl,0.11 bdl,0.28 bdl,0.05 bdl,0.24 bdl,0.31 bdl,0.25 bdl,0.03 bdl,0.01 bdl,0.07 bdl,0.01 bdl,0.00 bdl,0.01 bdl,0.00 bdl,0.03 bdl,0.01 bdl,0.06 bdl,0.22 bdl,0.05 bdl,0.01 bdl,0.17 bdl,0.00 bdl,0.21 bdl,0.21 bdl,0.09 bdl,0.03 bdl,0.01 bdl,0.02 bdl,0.02 bdl,0.02 bdl
,B2_5_26,Blank,5/4/2026,,RV,MilliQ,Blank,Blank ran with Storm 12 samples,,,0,No,Yes,,,,,,,,,,RV_PFAS_07082026,0.00 bdl,0.00 bdl,0.00 bdl,0.06 bdl,0.12 bdl,0.14 bdl,0.13 bdl,0.00 bdl,0.01 bdl,0.07 bdl,0.38 bdl,0.14 bdl,0.34 bdl,0.07 bdl,0.31 bdl,0.33 bdl,0.35 bdl,0.18 bdl,0.02 bdl,0.01 bdl,0.02 bdl,0.01 bdl,0.00 bdl,0.00 bdl,0.04 bdl,0.00 bdl,0.05 bdl,0.24 bdl,0.03 bdl,0.01 bdl,0.23 bdl,0.00 bdl,0.22 bdl,0.33 bdl,0.08 bdl,0.06 bdl,0.00 bdl,0.01 bdl,0.03 bdl,0.01 bdl
,SE17_1,Wet Center,5/13/2026,9:18:00 PM,RV,Stream,Stream_Storm,Sampling every 2.5 hours. Cleared line 2 times before starting. Collected 1000mL.,41.95,,,Yes,Yes,,,,,2533,,,,,,,,,,,,,,,,,,,,,,,,,,,,,,,,,,,,,,,,,,,,,
,SE17_2,Wet Center,5/13/2026,11:48:00 PM,RV,Stream,Stream_Storm,,41.45,,,Yes,Yes,,,,,2534,,,,,,,,,,,,,,,,,,,,,,,,,,,,,,,,,,,,,,,,,,,,,
,SE17_3,Wet Center,5/14/2026,2:18:00 AM,RV,Stream,Stream_Storm,,41.89,,,Yes,Yes,,,,,2535,,,,,,,,,,,,,,,,,,,,,,,,,,,,,,,,,,,,,,,,,,,,,
,SE17_4,Wet Center,5/14/2026,4:48:00 AM,RV,Stream,Stream_Storm,,42.15,,,Yes,Yes,,,,,2536,,,,,,,,,,,,,,,,,,,,,,,,,,,,,,,,,,,,,,,,,,,,,
,SE17_5,Wet Center,5/14/2026,7:18:00 AM,RV,Stream,Stream_Storm,,42.43,,,Yes,Yes,,,,,2537,,,,,,,,,,,,,,,,,,,,,,,,,,,,,,,,,,,,,,,,,,,,,
,SE17_6,Wet Center,5/14/2026,9:48:00 AM,RV,Stream,Stream_Storm,,41.34,,,Yes,Yes,,,,,2538,,,,,,,,,,,,,,,,,,,,,,,,,,,,,,,,,,,,,,,,,,,,,
,SE17_7,Wet Center,5/14/2026,12:18:00 PM,RV,Stream,Stream_Storm,,41.73,,,Yes,Yes,,,,,2539,,,,,,,,,,,,,,,,,,,,,,,,,,,,,,,,,,,,,,,,,,,,,
,SE17_8,Wet Center,5/14/2026,2:48:00 PM,RV,Stream,Stream_Storm,,42.37,,,Yes,Yes,,,,,2540,,,,,,,,,,,,,,,,,,,,,,,,,,,,,,,,,,,,,,,,,,,,,
,SE17_9,Wet Center,5/14/2026,5:18:00 PM,RV,Stream,Stream_Storm,,43.11,,,Yes,Yes,,,,,2541,,,,,,,,,,,,,,,,,,,,,,,,,,,,,,,,,,,,,,,,,,,,,
,SE17_10,Wet Center,5/14/2026,7:48:00 PM,RV,Stream,Stream_Storm,,41.97,,,Yes,Yes,,,,,2542,,,,,,,,,,,,,,,,,,,,,,,,,,,,,,,,,,,,,,,,,,,,,
,SE17_11,Wet Center,5/14/2026,10:18:00 PM,RV,Stream,Stream_Storm,,41.51,,,Yes,Yes,,,,,2543,,,,,,,,,,,,,,,,,,,,,,,,,,,,,,,,,,,,,,,,,,,,,
,SE17_12,Wet Center,5/15/2026,12:48:00 AM,RV,Stream,Stream_Storm,,42.11,,,Yes,Yes,,,,,2544,,,,,,,,,,,,,,,,,,,,,,,,,,,,,,,,,,,,,,,,,,,,,
,SE17_13,Wet Center,5/15/2026,3:18:00 AM,RV,Stream,Stream_Storm,,41.89,,,Yes,Yes,,,,,2545,,,,,,,,,,,,,,,,,,,,,,,,,,,,,,,,,,,,,,,,,,,,,
,SE17_14,Wet Center,5/15/2026,5:48:00 AM,RV,Stream,Stream_Storm,,42.08,,,Yes,Yes,,,,,2546,,,,,,,,,,,,,,,,,,,,,,,,,,,,,,,,,,,,,,,,,,,,,
,SE17_15,Wet Center,5/15/2026,8:18:00 AM,RV,Stream,Stream_Storm,,42.38,,,Yes,Yes,,,,,2547,,,,,,,,,,,,,,,,,,,,,,,,,,,,,,,,,,,,,,,,,,,,,
,SE17_16,Wet Center,5/15/2026,10:48:00 AM,RV,Stream,Stream_Storm,,41.78,,,Yes,Yes,,,,,2548,,,,,,,,,,,,,,,,,,,,,,,,,,,,,,,,,,,,,,,,,,,,,
,SE17_17,Wet Center,5/15/2026,1:18:00 PM,RV,Stream,Stream_Storm,,41.05,,,Yes,Yes,,,,,2549,,,,,,,,,,,,,,,,,,,,,,,,,,,,,,,,,,,,,,,,,,,,,
,SE17_18,Wet Center,5/15/2026,3:48:00 PM,RV,Stream,Stream_Storm,,41.63,,,Yes,Yes,,,,,2550,,,,,,,,,,,,,,,,,,,,,,,,,,,,,,,,,,,,,,,,,,,,,
,SE17_19,Wet Center,5/15/2026,6:18:00 PM,RV,Stream,Stream_Storm,,41.48,,,Yes,Yes,,,,,2551,,,,,,,,,,,,,,,,,,,,,,,,,,,,,,,,,,,,,,,,,,,,,
,SE17_20,Wet Center,5/15/2026,8:48:00 PM,RV,Stream,Stream_Storm,,41.29,,,Yes,Yes,,,,,2552,,,,,,,,,,,,,,,,,,,,,,,,,,,,,,,,,,,,,,,,,,,,,
,SE17_21,Wet Center,5/15/2026,11:18:00 PM,RV,Stream,Stream_Storm,,42.02,,,Yes,Yes,,,,,2553,,,,,,,,,,,,,,,,,,,,,,,,,,,,,,,,,,,,,,,,,,,,,
,SE17_22,Wet Center,5/16/2026,1:48:00 AM,RV,Stream,Stream_Storm,,41.29,,,Yes,Yes,,,,,2554,,,,,,,,,,,,,,,,,,,,,,,,,,,,,,,,,,,,,,,,,,,,,
,SE17_23,Wet Center,5/16/2026,4:18:00 AM,RV,Stream,Stream_Storm,,41.83,,,Yes,Yes,,,,,2555,,,,,,,,,,,,,,,,,,,,,,,,,,,,,,,,,,,,,,,,,,,,,
,SE17_24,Wet Center,5/16/2026,6:48:00 AM,RV,Stream,Stream_Storm,,41.43,,,Yes,Yes,,,,,2556,,,,,,,,,,,,,,,,,,,,,,,,,,,,,,,,,,,,,,,,,,,,,
,R_My26,Roaring,5/22/2026,,,Stream,13 site,,,,,Yes,Yes,,,,,2557,,,,,,,,,,,,,,,,,,,,,,,,,,,,,,,,,,,,,,,,,,,,,
,D_My26,Doolittle,5/22/2026,,,Stream,13 site,,,,,Yes,Yes,,,,,2558,,,,,,,,,,,,,,,,,,,,,,,,,,,,,,,,,,,,,,,,,,,,,
,EU_My26,Eastman Up,5/22/2026,,,Stream,13 site,,,,,Yes,Yes,,,,,2559,,,,,,,,,,,,,,,,,,,,,,,,,,,,,,,,,,,,,,,,,,,,,
,ED_My26,Eastman Down,5/22/2026,,,Stream,13 site,,,,,Yes,Yes,,,,,2560,,,,,,,,,,,,,,,,,,,,,,,,,,,,,,,,,,,,,,,,,,,,,
,K_My26,Knightly,5/22/2026,,,Stream,13 site,,,,,Yes,Yes,,,,,2561,,,,,,,,,,,,,,,,,,,,,,,,,,,,,,,,,,,,,,,,,,,,,
,LW_My26,Lake Warner Outlet,5/22/2026,,,Stream,13 site,,,,,Yes,Yes,,,,,2562,,,,,,,,,,,,,,,,,,,,,,,,,,,,,,,,,,,,,,,,,,,,,
,MS_My26,Mill Site,5/22/2026,,,Stream,13 site,,,,,Yes,Yes,,,,,2563,,,,,,,,,,,,,,,,,,,,,,,,,,,,,,,,,,,,,,,,,,,,,
,,Horse Down,5/22/2026,,,Stream,13 site,,,,,Yes,Yes,,,,,2564,,,,,,,,,,,,,,,,,,,,,,,,,,,,,,,,,,,,,,,,,,,,,
,,Horse Up ,5/22/2026,,,Stream,13 site,,,,,Yes,Yes,,,,,2565,,,,,,,,,,,,,,,,,,,,,,,,,,,,,,,,,,,,,,,,,,,,,
,,Tan Brook Up ,5/22/2026,,,Stream,13 site,,,,,Yes,Yes,,,,,2566,,,,,,,,,,,,,,,,,,,,,,,,,,,,,,,,,,,,,,,,,,,,,
,,Tan Brook Down,5/22/2026,,,Stream,13 site,,,,,Yes,Yes,,,,,2567,,,,,,,,,,,,,,,,,,,,,,,,,,,,,,,,,,,,,,,,,,,,,
,,Campus Pond Up,5/22/2026,,,Stream,13 site,,,,,Yes,Yes,,,,,2568,,,,,,,,,,,,,,,,,,,,,,,,,,,,,,,,,,,,,,,,,,,,,
,,Campus Pond Down,5/22/2026,,,Stream,13 site,,,,,Yes,Yes,,,,,2569,,,,,,,,,,,,,,,,,,,,,,,,,,,,,,,,,,,,,,,,,,,,,
,,Wet Center,5/22/2026,,,Stream,13 site,,,,,Yes,Yes,,,,,2570,,,,,,,,,,,,,,,,,,,,,,,,,,,,,,,,,,,,,,,,,,,,,
,SE18_1,Wet Center,5/23/2026,9:10 PM,RV,Stream,Stream_Storm,,41.69,590.42,,Yes,Yes,,,,,2572,,,,,,,,,,,,,,,,,,,,,,,,,,,,,,,,,,,,,,,,,,,,,
,SE18_2,Wet Center,5/23/2026,11:40 PM,RV,Stream,Stream_Storm,,41.68,578.68,,Yes,Yes,,,,,2573,,,,,,,,,,,,,,,,,,,,,,,,,,,,,,,,,,,,,,,,,,,,,
,SE18_3,Wet Center,5/24/2026,2:10 AM,RV,Stream,Stream_Storm,,41.76,588.6,,Yes,Yes,,,,,2574,,,,,,,,,,,,,,,,,,,,,,,,,,,,,,,,,,,,,,,,,,,,,
,SE18_4,Wet Center,5/24/2026,4:40 AM,RV,Stream,Stream_Storm,,42.24,572.42,,Yes,Yes,,,,,2575,,,,,,,,,,,,,,,,,,,,,,,,,,,,,,,,,,,,,,,,,,,,,
,SE18_5,Wet Center,5/24/2026,7:10 AM,RV,Stream,Stream_Storm,,41.39,591.79,,Yes,Yes,,,,,2576,,,,,,,,,,,,,,,,,,,,,,,,,,,,,,,,,,,,,,,,,,,,,
,SE18_6,Wet Center,5/24/2026,9:40 AM,RV,Stream,Stream_Storm,,42.04,577.9,,Yes,Yes,,,,,2577,,,,,,,,,,,,,,,,,,,,,,,,,,,,,,,,,,,,,,,,,,,,,
,SE18_7,Wet Center,5/24/2026,12:10 PM,RV,Stream,Stream_Storm,,42.16,581.49,,Yes,Yes,,,,,2578,,,,,,,,,,,,,,,,,,,,,,,,,,,,,,,,,,,,,,,,,,,,,
,SE18_8,Wet Center,5/24/2026,2:40 PM,RV,Stream,Stream_Storm,,42.04,572.35,,Yes,Yes,,,,,2579,,,,,,,,,,,,,,,,,,,,,,,,,,,,,,,,,,,,,,,,,,,,,
,SE18_9,Wet Center,5/24/2026,5:10 PM,RV,Stream,Stream_Storm,,41.84,585.63,,Yes,Yes,,,,,2580,,,,,,,,,,,,,,,,,,,,,,,,,,,,,,,,,,,,,,,,,,,,,
,SE18_10,Wet Center,5/24/2026,7:40 PM,RV,Stream,Stream_Storm,,41.41,582.55,,Yes,Yes,,,,,2581,,,,,,,,,,,,,,,,,,,,,,,,,,,,,,,,,,,,,,,,,,,,,
,SE18_11,Wet Center,5/24/2026,10:10 PM,RV,Stream,Stream_Storm,,42.16,573.09,,Yes,Yes,,,,,2582,,,,,,,,,,,,,,,,,,,,,,,,,,,,,,,,,,,,,,,,,,,,,
,SE18_12,Wet Center,5/25/2026,12:40 AM,RV,Stream,Stream_Storm,,42.54,574.28,,Yes,Yes,,,,,2583,,,,,,,,,,,,,,,,,,,,,,,,,,,,,,,,,,,,,,,,,,,,,
,SE18_13,Wet Center,5/25/2026,3:10 AM,RV,Stream,Stream_Storm,,42.74,578.63,,Yes,Yes,,,,,2584,,,,,,,,,,,,,,,,,,,,,,,,,,,,,,,,,,,,,,,,,,,,,
,SE18_14,Wet Center,5/25/2026,5:40 AM,RV,Stream,Stream_Storm,,41.28,584.64,,Yes,Yes,,,,,2585,,,,,,,,,,,,,,,,,,,,,,,,,,,,,,,,,,,,,,,,,,,,,
,SE18_15,Wet Center,5/25/2026,8:10 AM,RV,Stream,Stream_Storm,,41.82,581.09,,Yes,Yes,,,,,2586,,,,,,,,,,,,,,,,,,,,,,,,,,,,,,,,,,,,,,,,,,,,,
,SE18_16,Wet Center,5/25/2026,10:40 AM,RV,Stream,Stream_Storm,,41.67,576.02,,Yes,Yes,,,,,2587,,,,,,,,,,,,,,,,,,,,,,,,,,,,,,,,,,,,,,,,,,,,,
,SE18_17,Wet Center,5/25/2026,1:10 PM,RV,Stream,Stream_Storm,,41.92,577.35,,Yes,Yes,,,,,2588,,,,,,,,,,,,,,,,,,,,,,,,,,,,,,,,,,,,,,,,,,,,,
,SE18_18,Wet Center,5/25/2026,3:40 PM,RV,Stream,Stream_Storm,,41.95,569.05,,Yes,Yes,,,,,2589,,,,,,,,,,,,,,,,,,,,,,,,,,,,,,,,,,,,,,,,,,,,,
,SE18_19,Wet Center,5/25/2026,6:10 PM,RV,Stream,Stream_Storm,,42.04,575.36,,Yes,Yes,,,,,2590,,,,,,,,,,,,,,,,,,,,,,,,,,,,,,,,,,,,,,,,,,,,,
,SE18_20,Wet Center,5/25/2026,8:40 PM,RV,Stream,Stream_Storm,,41.25,583.81,,Yes,Yes,,,,,2591,,,,,,,,,,,,,,,,,,,,,,,,,,,,,,,,,,,,,,,,,,,,,
,SE18_21,Wet Center,5/25/2026,11:10 PM,RV,Stream,Stream_Storm,,42.26,585.62,,Yes,Yes,,,,,2592,,,,,,,,,,,,,,,,,,,,,,,,,,,,,,,,,,,,,,,,,,,,,
,SE18_22,Wet Center,5/26/2026,1:40 AM,RV,Stream,Stream_Storm,,43.26,577.24,,Yes,Yes,,,,,2593,,,,,,,,,,,,,,,,,,,,,,,,,,,,,,,,,,,,,,,,,,,,,
,SE18_23,Wet Center,5/26/2026,4:10 AM,RV,Stream,Stream_Storm,,41.99,590,,Yes,Yes,,,,,2594,,,,,,,,,,,,,,,,,,,,,,,,,,,,,,,,,,,,,,,,,,,,,
,SE18_24,Wet Center,5/26/2026,6:40 AM,RV,Stream,Stream_Storm,storm samples collected 5/26/26 in the afternoon,42.3,581.95,,Yes,Yes,,,,,2595,,,,,,,,,,,,,,,,,,,,,,,,,,,,,,,,,,,,,,,,,,,,,
,WC_32,Wet Center,5/29/2026,11:19:00 AM,"KW, RV",Stream,Baseflow,,,588.52,,Yes,Yes,,,,,2596,,,,,,,,,,,,,,,,,,,,,,,,,,,,,,,,,,,,,,,,,,,,,
,B1_6_26,Blank,6/1/2026,10:08 AM,"RV, SG",MilliQ,Blank,blank for first batch of baseflow samples,42.2,542.54,500.34,No,Yes,,,,,NA,,,,6/1/2026,RV_PFAS_07082026,,,,,,,,,,,,,,,,,,,,,,,,,,,,,,,,,,,,,,,,
,B2_6_26,Blank,6/4/2026,10:08 AM,"RV, SG",MilliQ,Blank,blank for second batch of baseflow samples,42.13,542.22,500.09,No,Yes,,,,,NA,,,,6/4/2026,RV_PFAS_07082026,,,,,,,,,,,,,,,,,,,,,,,,,,,,,,,,,,,,,,,,
,SE19_1,Wet Center,6/22/2026,9:45:00 AM,RV,Stream,Stream_Storm,,42.17,,,,,,,,,2628,,,,,,,,,,,,,,,,,,,,,,,,,,,,,,,,,,,,,,,,,,,,,
,SE19_2,Wet Center,6/22/2026,12:15 PM,RV,Stream,Stream_Storm,,41.6,,,,,,,,,2629,,,,,,,,,,,,,,,,,,,,,,,,,,,,,,,,,,,,,,,,,,,,,
,SE19_3,Wet Center,6/22/2026,2:45:00 PM,RV,Stream,Stream_Storm,,41.49,,,,,,,,,2630,,,,,,,,,,,,,,,,,,,,,,,,,,,,,,,,,,,,,,,,,,,,,
,SE19_4,Wet Center,6/22/2026,5:15 PM,RV,Stream,Stream_Storm,,41.71,,,,,,,,,2631,,,,,,,,,,,,,,,,,,,,,,,,,,,,,,,,,,,,,,,,,,,,,
,SE19_5,Wet Center,6/22/2026,7:45:00 PM,RV,Stream,Stream_Storm,,41.72,,,,,,,,,2632,,,,,,,,,,,,,,,,,,,,,,,,,,,,,,,,,,,,,,,,,,,,,
,SE19_6,Wet Center,6/22/2026,10:15 PM,RV,Stream,Stream_Storm,,41.59,,,,,,,,,2633,,,,,,,,,,,,,,,,,,,,,,,,,,,,,,,,,,,,,,,,,,,,,
,SE19_7,Wet Center,6/23/2026,12:45:00 AM,RV,Stream,Stream_Storm,,41.74,,,,,,,,,2634,,,,,,,,,,,,,,,,,,,,,,,,,,,,,,,,,,,,,,,,,,,,,
,SE19_8,Wet Center,6/23/2026,3:15 AM,RV,Stream,Stream_Storm,,41.86,,,,,,,,,2635,,,,,,,,,,,,,,,,,,,,,,,,,,,,,,,,,,,,,,,,,,,,,
,SE19_9,Wet Center,6/23/2026,5:45:00 AM,RV,Stream,Stream_Storm,,41.87,,,,,,,,,2636,,,,,,,,,,,,,,,,,,,,,,,,,,,,,,,,,,,,,,,,,,,,,
,SE19_10,Wet Center,6/23/2026,8:15 AM,RV,Stream,Stream_Storm,,41.91,,,,,,,,,2637,,,,,,,,,,,,,,,,,,,,,,,,,,,,,,,,,,,,,,,,,,,,,
,SE19_11,Wet Center,6/23/2026,10:45:00 AM,RV,Stream,Stream_Storm,,41.12,,,,,,,,,2638,,,,,,,,,,,,,,,,,,,,,,,,,,,,,,,,,,,,,,,,,,,,,
,SE19_12,Wet Center,6/23/2026,1:15 PM,RV,Stream,Stream_Storm,,41.68,,,,,,,,,2639,,,,,,,,,,,,,,,,,,,,,,,,,,,,,,,,,,,,,,,,,,,,,
,SE19_13,Wet Center,6/23/2026,3:45:00 PM,RV,Stream,Stream_Storm,,41.54,,,,,,,,,2640,,,,,,,,,,,,,,,,,,,,,,,,,,,,,,,,,,,,,,,,,,,,,
,SE19_14,Wet Center,6/23/2026,6:15 PM,RV,Stream,Stream_Storm,,42.04,,,,,,,,,2641,,,,,,,,,,,,,,,,,,,,,,,,,,,,,,,,,,,,,,,,,,,,,
,SE19_15,Wet Center,6/23/2026,8:45:00 PM,RV,Stream,Stream_Storm,,41.87,,,,,,,,,2642,,,,,,,,,,,,,,,,,,,,,,,,,,,,,,,,,,,,,,,,,,,,,
,SE19_16,Wet Center,6/23/2026,11:15 PM,RV,Stream,Stream_Storm,,41.84,,,,,,,,,2643,,,,,,,,,,,,,,,,,,,,,,,,,,,,,,,,,,,,,,,,,,,,,
,SE19_17,Wet Center,6/24/2026,1:45:00 AM,RV,Stream,Stream_Storm,,41.6,,,,,,,,,2644,,,,,,,,,,,,,,,,,,,,,,,,,,,,,,,,,,,,,,,,,,,,,
,SE19_18,Wet Center,6/24/2026,4:15 AM,RV,Stream,Stream_Storm,,42.01,,,,,,,,,2645,,,,,,,,,,,,,,,,,,,,,,,,,,,,,,,,,,,,,,,,,,,,,
,SE19_19,Wet Center,6/24/2026,6:45:00 AM,RV,Stream,Stream_Storm,,42.39,,,,,,,,,2646,,,,,,,,,,,,,,,,,,,,,,,,,,,,,,,,,,,,,,,,,,,,,
,SE19_20,Wet Center,6/24/2026,9:15 AM,RV,Stream,Stream_Storm,,41.67,,,,,,,,,2647,,,,,,,,,,,,,,,,,,,,,,,,,,,,,,,,,,,,,,,,,,,,,
,SE19_21,Wet Center,6/24/2026,11:45:00 AM,RV,Stream,Stream_Storm,,41.94,,,,,,,,,2648,,,,,,,,,,,,,,,,,,,,,,,,,,,,,,,,,,,,,,,,,,,,,
,SE19_22,Wet Center,6/24/2026,2:15 PM,RV,Stream,Stream_Storm,,41.52,,,,,,,,,2649,,,,,,,,,,,,,,,,,,,,,,,,,,,,,,,,,,,,,,,,,,,,,
,SE19_23,Wet Center,6/24/2026,4:45:00 PM,RV,Stream,Stream_Storm,,42.56,,,,,,,,,2650,,,,,,,,,,,,,,,,,,,,,,,,,,,,,,,,,,,,,,,,,,,,,
,SE19_24,Wet Center,6/24/2026,7:15 PM,RV,Stream,Stream_Storm,,41.99,,,,,,,,,2651,,,,,,,,,,,,,,,,,,,,,,,,,,,,,,,,,,,,,,,,,,,,,
,SP_A1,Los Algarrobos Park Upstream,7/1/2026,11:35 AM,"RV, CDG",Stream,Ecuador Exploratory Visit 2026,"Ecuador Urban site. Bottle 3. Sampled near rapids of San Pedro river, for homogeneous mixing. Sample taken with latex gloves",41.76,589.12,547.36,Yes,Yes,,,,,,,,,7/17/2026,,,,,,,,,,,,,,,,,,,,,,,,,,,,,,,,,,,,,,,,,
,SP_A2,Los Algarrobos Park Downstream,7/1/2026,12:04 PM,"RV, CDG",Stream,Ecuador Exploratory Visit 2026,"Ecuador Urban site. Bottle 5. Sampled near rapids San Pedro river, for homogeneous mixing. Sample taken with latex gloves",41.91,583.27,541.36,Yes,Yes,,,,,,,,,7/17/2026,,,,,,,,,,,,,,,,,,,,,,,,,,,,,,,,,,,,,,,,,
,SP_B1,Los Algarrobos Park Upstream,7/1/2026,11:35 AM,"RV, CDG",MilliQ,Ecuador Exploratory Visit 2026,Ecuador Urban site. Bottle 4. QA/QC. Transfered milliq from a QSeal bottle into another. used cleaning gloves from the SuperMaxi grocery store. Sample taken with latex gloves,41.26,597.49,556.23,Yes,Yes,,,,,,,,,7/17/2026,,,,,,,,,,,,,,,,,,,,,,,,,,,,,,,,,,,,,,,,,
,CC_B1,Cayambe Coca 7,7/3/2026,,"RV, CDG",MilliQ,Ecuador Exploratory Visit 2026,Ecuador Paramo site. Bottle 1. QA/QC at Cayambe Coca site 2. Sample taken without gloves,41.38,592.96,551.58,Yes,Yes,,,,,,,,,7/17/2026,,,,,,,,,,,,,,,,,,,,,,,,,,,,,,,,,,,,,,,,,
,CC_2,Cayambe Coca 2,7/3/2026,,"RV, CDG",Stream,Ecuador Exploratory Visit 2026,Ecuador Paramo site. Bottle 2. Cayambe Coca site 2. most upstream site,41.86,588.54,546.68,Yes,Yes,,,,,,,,,7/17/2026,,,,,,,,,,,,,,,,,,,,,,,,,,,,,,,,,,,,,,,,,
,CC_9,Cayambe Coca 9,7/3/2026,,"RV, CDG",Stream,Ecuador Exploratory Visit 2026,Ecuador Paramo site. Bottle 6. Cayambe Coca site 9 ,42.04,59.24,17.2,Yes,Yes,,,,,,,,,7/17/2026,,,,,,,,,,,,,,,,,,,,,,,,,,,,,,,,,,,,,,,,,
,SE20_1,Wet Center,6/30/2026,8:30 PM,KW,Stream,Stream_Storm,,41.92,,,Yes,Yes,,,,,2653,,,,,,,,,,,,,,,,,,,,,,,,,,,,,,,,,,,,,,,,,,,,,
,SE20_2,Wet Center,6/30/2026,11:00 PM,KW,Stream,Stream_Storm,,42.09,,,Yes,Yes,,,,,2654,,,,,,,,,,,,,,,,,,,,,,,,,,,,,,,,,,,,,,,,,,,,,
,SE20_3,Wet Center,6/30/2026,1:30 PM,KW,Stream,Stream_Storm,,41.81,,,Yes,Yes,,,,,2655,,,,,,,,,,,,,,,,,,,,,,,,,,,,,,,,,,,,,,,,,,,,,
,SE20_4,Wet Center,6/30/2026,4:00 AM,KW,Stream,Stream_Storm,,41.4,,,Yes,Yes,,,,,2656,,,,,,,,,,,,,,,,,,,,,,,,,,,,,,,,,,,,,,,,,,,,,
,SE20_5,Wet Center,6/30/2026,6:30 AM,KW,Stream,Stream_Storm,,42.25,,,Yes,Yes,,,,,2657,,,,,,,,,,,,,,,,,,,,,,,,,,,,,,,,,,,,,,,,,,,,,
,SE20_6,Wet Center,6/30/2026,9:00 AM,KW,Stream,Stream_Storm,,42.26,,,Yes,Yes,,,,,2658,,,,,,,,,,,,,,,,,,,,,,,,,,,,,,,,,,,,,,,,,,,,,
,SE20_7,Wet Center,6/30/2026,11:30 AM,KW,Stream,Stream_Storm,,42.22,,,Yes,Yes,,,,,2659,,,,,,,,,,,,,,,,,,,,,,,,,,,,,,,,,,,,,,,,,,,,,
,SE20_8,Wet Center,6/30/2026,2:00 PM,KW,Stream,Stream_Storm,,42.5,,,Yes,Yes,,,,,2660,,,,,,,,,,,,,,,,,,,,,,,,,,,,,,,,,,,,,,,,,,,,,
,SE20_9,Wet Center,6/30/2026,4:30 PM,KW,Stream,Stream_Storm,,41.3,,,Yes,Yes,,,,,2661,,,,,,,,,,,,,,,,,,,,,,,,,,,,,,,,,,,,,,,,,,,,,
,SE20_10,Wet Center,6/30/2026,7:00 PM,KW,Stream,Stream_Storm,,41.93,,,Yes,Yes,,,,,2662,,,,,,,,,,,,,,,,,,,,,,,,,,,,,,,,,,,,,,,,,,,,,
,SE20_11,Wet Center,6/30/2026,9:30 PM,KW,Stream,Stream_Storm,,41.72,,,Yes,Yes,,,,,2663,,,,,,,,,,,,,,,,,,,,,,,,,,,,,,,,,,,,,,,,,,,,,
,SE20_12,Wet Center,7/1/2026,12:00 AM,KW,Stream,Stream_Storm,,41.75,,,Yes,Yes,,,,,2664,,,,,,,,,,,,,,,,,,,,,,,,,,,,,,,,,,,,,,,,,,,,,
,SE20_13,Wet Center,7/1/2026,2:30 AM,KW,Stream,Stream_Storm,,41.63,,,Yes,Yes,,,,,2665,,,,,,,,,,,,,,,,,,,,,,,,,,,,,,,,,,,,,,,,,,,,,
,SE20_14,Wet Center,7/1/2026,5:00 AM,KW,Stream,Stream_Storm,,42.24,,,Yes,Yes,,,,,2666,,,,,,,,,,,,,,,,,,,,,,,,,,,,,,,,,,,,,,,,,,,,,
,SE20_15,Wet Center,7/1/2026,7:30 AM,KW,Stream,Stream_Storm,,41.23,,,Yes,Yes,,,,,2667,,,,,,,,,,,,,,,,,,,,,,,,,,,,,,,,,,,,,,,,,,,,,
,SE20_16,Wet Center,7/1/2026,10:00 AM,KW,Stream,Stream_Storm,,42.35,,,Yes,Yes,,,,,2668,,,,,,,,,,,,,,,,,,,,,,,,,,,,,,,,,,,,,,,,,,,,,
,SE20_17,Wet Center,7/1/2026,12:30 PM,KW,Stream,Stream_Storm,,42.62,,,Yes,Yes,,,,,2669,,,,,,,,,,,,,,,,,,,,,,,,,,,,,,,,,,,,,,,,,,,,,
,SE20_18,Wet Center,7/1/2026,3:00 PM,KW,Stream,Stream_Storm,,42.44,,,Yes,Yes,,,,,2670,,,,,,,,,,,,,,,,,,,,,,,,,,,,,,,,,,,,,,,,,,,,,
,SE20_19,Wet Center,7/1/2026,5:30 PM,KW,Stream,Stream_Storm,,42.32,,,Yes,Yes,,,,,2671,,,,,,,,,,,,,,,,,,,,,,,,,,,,,,,,,,,,,,,,,,,,,
,SE20_20,Wet Center,7/1/2026,8:00 PM,KW,Stream,Stream_Storm,,41.74,,,Yes,Yes,,,,,2672,,,,,,,,,,,,,,,,,,,,,,,,,,,,,,,,,,,,,,,,,,,,,
,SE20_21,Wet Center,7/1/2026,10:30 PM,KW,Stream,Stream_Storm,,42.01,,,Yes,Yes,,,,,2673,,,,,,,,,,,,,,,,,,,,,,,,,,,,,,,,,,,,,,,,,,,,,
,SE20_22,Wet Center,7/2/2026,1:00 AM,KW,Stream,Stream_Storm,,41.67,,,Yes,Yes,,,,,2674,,,,,,,,,,,,,,,,,,,,,,,,,,,,,,,,,,,,,,,,,,,,,
,SE20_23,Wet Center,7/2/2026,3:30 AM,KW,Stream,Stream_Storm,,41.95,,,Yes,Yes,,,,,2675,,,,,,,,,,,,,,,,,,,,,,,,,,,,,,,,,,,,,,,,,,,,,
,SE20_24,Wet Center,7/2/2026,6:00 AM,KW,Stream,Stream_Storm,,41.71,,,Yes,Yes,,,,,2676,,,,,,,,,,,,,,,,,,,,,,,,,,,,,,,,,,,,,,,,,,,,,
,SE21_1,Wet Center,7/5/2026,6:00:00 PM,RV,Stream,Stream_Storm,,,,,Yes,Yes,,,,,2679,,,,,,,,,,,,,,,,,,,,,,,,,,,,,,,,,,,,,,,,,,,,,
,SE21_2,Wet Center,7/5/2026,9:00:00 PM,RV,Stream,Stream_Storm,,,,,Yes,Yes,,,,,2680,,,,,,,,,,,,,,,,,,,,,,,,,,,,,,,,,,,,,,,,,,,,,
,SE21_3,Wet Center,7/6/2026,12:00:00 AM,RV,Stream,Stream_Storm,,,,,Yes,Yes,,,,,2681,,,,,,,,,,,,,,,,,,,,,,,,,,,,,,,,,,,,,,,,,,,,,
,SE21_4,Wet Center,7/6/2026,3:00:00 AM,RV,Stream,Stream_Storm,,,,,Yes,Yes,,,,,2682,,,,,,,,,,,,,,,,,,,,,,,,,,,,,,,,,,,,,,,,,,,,,
,SE21_5,Wet Center,7/6/2026,6:00:00 AM,RV,Stream,Stream_Storm,,,,,Yes,Yes,,,,,2683,,,,,,,,,,,,,,,,,,,,,,,,,,,,,,,,,,,,,,,,,,,,,
,SE21_6,Wet Center,7/6/2026,9:00:00 AM,RV,Stream,Stream_Storm,,,,,Yes,Yes,,,,,2684,,,,,,,,,,,,,,,,,,,,,,,,,,,,,,,,,,,,,,,,,,,,,
,SE21_7,Wet Center,7/6/2026,12:00:00 PM,RV,Stream,Stream_Storm,,,,,Yes,Yes,,,,,2685,,,,,,,,,,,,,,,,,,,,,,,,,,,,,,,,,,,,,,,,,,,,,
,SE21_8,Wet Center,7/6/2026,3:00:00 PM,RV,Stream,Stream_Storm,,,,,Yes,Yes,,,,,2686,,,,,,,,,,,,,,,,,,,,,,,,,,,,,,,,,,,,,,,,,,,,,
,SE21_9,Wet Center,7/6/2026,6:00:00 PM,RV,Stream,Stream_Storm,,,,,Yes,Yes,,,,,2687,,,,,,,,,,,,,,,,,,,,,,,,,,,,,,,,,,,,,,,,,,,,,
,SE21_10,Wet Center,7/6/2026,9:00:00 PM,RV,Stream,Stream_Storm,,,,,Yes,Yes,,,,,2688,,,,,,,,,,,,,,,,,,,,,,,,,,,,,,,,,,,,,,,,,,,,,
,SE21_11,Wet Center,7/7/2026,12:00:00 AM,RV,Stream,Stream_Storm,,,,,Yes,Yes,,,,,2689,,,,,,,,,,,,,,,,,,,,,,,,,,,,,,,,,,,,,,,,,,,,,
,SE21_12,Wet Center,7/7/2026,3:00:00 AM,RV,Stream,Stream_Storm,,,,,Yes,Yes,,,,,2690,,,,,,,,,,,,,,,,,,,,,,,,,,,,,,,,,,,,,,,,,,,,,
,SE21_13,Wet Center,7/7/2026,6:00:00 AM,RV,Stream,Stream_Storm,,,,,Yes,Yes,,,,,2691,,,,,,,,,,,,,,,,,,,,,,,,,,,,,,,,,,,,,,,,,,,,,
,SE21_14,Wet Center,7/7/2026,9:00:00 AM,RV,Stream,Stream_Storm,,,,,Yes,Yes,,,,,2692,,,,,,,,,,,,,,,,,,,,,,,,,,,,,,,,,,,,,,,,,,,,,
,SE21_15,Wet Center,7/7/2026,12:00:00 PM,RV,Stream,Stream_Storm,,,,,Yes,Yes,,,,,2693,,,,,,,,,,,,,,,,,,,,,,,,,,,,,,,,,,,,,,,,,,,,,
,SE21_16,Wet Center,7/7/2026,3:00:00 PM,RV,Stream,Stream_Storm,,,,,Yes,Yes,,,,,2694,,,,,,,,,,,,,,,,,,,,,,,,,,,,,,,,,,,,,,,,,,,,,
,SE21_17,Wet Center,7/7/2026,6:00:00 PM,RV,Stream,Stream_Storm,,,,,Yes,Yes,,,,,2695,,,,,,,,,,,,,,,,,,,,,,,,,,,,,,,,,,,,,,,,,,,,,
,SE21_18,Wet Center,7/7/2026,9:00:00 PM,RV,Stream,Stream_Storm,,,,,Yes,Yes,,,,,2696,,,,,,,,,,,,,,,,,,,,,,,,,,,,,,,,,,,,,,,,,,,,,
,SE21_19,Wet Center,7/8/2026,12:00:00 AM,RV,Stream,Stream_Storm,,,,,Yes,Yes,,,,,2697,,,,,,,,,,,,,,,,,,,,,,,,,,,,,,,,,,,,,,,,,,,,,
,SE21_20,Wet Center,7/8/2026,3:00:00 AM,RV,Stream,Stream_Storm,,,,,Yes,Yes,,,,,2698,,,,,,,,,,,,,,,,,,,,,,,,,,,,,,,,,,,,,,,,,,,,,
,SE21_21,Wet Center,7/8/2026,6:00:00 AM,RV,Stream,Stream_Storm,,,,,Yes,Yes,,,,,2699,,,,,,,,,,,,,,,,,,,,,,,,,,,,,,,,,,,,,,,,,,,,,
,SE21_22,Wet Center,7/8/2026,9:00:00 AM,RV,Stream,Stream_Storm,,,,,Yes,Yes,,,,,2700,,,,,,,,,,,,,,,,,,,,,,,,,,,,,,,,,,,,,,,,,,,,,
,SE21_23,Wet Center,7/8/2026,12:00:00 PM,RV,Stream,Stream_Storm,,,,,Yes,Yes,,,,,2701,,,,,,,,,,,,,,,,,,,,,,,,,,,,,,,,,,,,,,,,,,,,,
,SE21_24,Wet Center,7/8/2026,3:00:00 PM,RV,Stream,Stream_Storm,,,,,Yes,Yes,,,,,2702,,,,,,,,,,,,,,,,,,,,,,,,,,,,,,,,,,,,,,,,,,,,,
,,Wet Center,7/13/2026,10:30 AM,"KK,RV",Stream,Baseflow,"Rained from 9:00-9:15 am, sudden downpour, Forgot to tare",41.58,,,Yes,Yes,,,,,2704,,,,,,,,,,,,,,,,,,,,,,,,,,,,,,,,,,,,,,,,,,,,,
,R_Jy26,Roaring,7/20/2026,11:56 PM,"KW, KK",Stream,13 site,,41.47,,,,,,,,,2712,,,,,,,,,,,,,,,,,,,,,,,,,,,,,,,,,,,,,,,,,,,,,
,D_Jy26,Doolittle,7/20/2026,12:16 PM,"KW, KK",Stream,13 site,,42.27,,,,,,,,,2711,,,,,,,,,,,,,,,,,,,,,,,,,,,,,,,,,,,,,,,,,,,,,
,EU_Jy26,Eastman Up,7/20/2026,11:46 PM,"KW, KK",Stream,13 site,,42.42,,,,,,,,,2709,,,,,,,,,,,,,,,,,,,,,,,,,,,,,,,,,,,,,,,,,,,,,
,ED_Jy26,Eastman Down,7/20/2026,1:10 PM,"KW, KK",Stream,13 site,,41.9,,,,,,,,,2719,,,,,,,,,,,,,,,,,,,,,,,,,,,,,,,,,,,,,,,,,,,,,
,MS_Jy26,Mill Site,7/20/2026,2:19:00 PM,"KW, KK",Stream,13 site,,42.67,,,,,,,,,2708,,,,,,,,,,,,,,,,,,,,,,,,,,,,,,,,,,,,,,,,,,,,,
,K_Jy26,Knightly,7/20/2026,1:31 PM,"KW, KK",Stream,13 site,,42.19,,,,,,,,,2721,,,,,,,,,,,,,,,,,,,,,,,,,,,,,,,,,,,,,,,,,,,,,
,LW_Jy26,Lake Warner Outlet,7/20/2026,1:56 PM,"KW, KK",Stream,13 site,,41.2,,,,,,,,,2714,,,,,,,,,,,,,,,,,,,,,,,,,,,,,,,,,,,,,,,,,,,,,
,HD_Jy26,Horse Down,7/20/2026,10:26 AM,"KW, KK",Stream,13 site,,41.88,,,,,,,,,2718,,,,,,,,,,,,,,,,,,,,,,,,,,,,,,,,,,,,,,,,,,,,,
,HU_Jy26,Horse Up,7/20/2026,10:46 AM,"KW, KK",Stream,13 site,,42.2,,,,,,,,,2720,,,,,,,,,,,,,,,,,,,,,,,,,,,,,,,,,,,,,,,,,,,,,
,TU_Jy26,Tan Brook Up ,7/20/2026,11:11 AM,"KW, KK",Stream,13 site,,41.44,,,,,,,,,2713,,,,,,,,,,,,,,,,,,,,,,,,,,,,,,,,,,,,,,,,,,,,,
,TD_Jy26,Tan Brook Down,7/20/2026,9:42:00 AM,"KW, KK",Stream,13 site,,42.15,,,,,,,,,2710,,,,,,,,,,,,,,,,,,,,,,,,,,,,,,,,,,,,,,,,,,,,,
,CU_Jy26,Campus Pond UP,7/20/2026,8:59 AM,"KW, KK",Stream,13 site,,41.55,,,,,,,,,2715,,,,,,,,,,,,,,,,,,,,,,,,,,,,,,,,,,,,,,,,,,,,,
,CD_Jy26,Campus Pond Down,7/20/2026,9:06 AM,"KW, KK",Stream,13 site,,42.32,,,,,,,,,2716,,,,,,,,,,,,,,,,,,,,,,,,,,,,,,,,,,,,,,,,,,,,,
,S4_14,Wet Center,7/20/2026,10:01 AM,"RV, SH",Stream,Spatial,Spatial 4. 33 total samples,41.61,603.48,561.87,,yes,,,,,2717,,,,7/21/2026,,,,,,,,,,,,,,,,,,,,,,,,,,,,,,,,,,,,,,,,,
,S4_15,UMass Farm,7/20/2026,8:45 AM,"RV, SH",Stream,Spatial,,41.44,593.15,,,yes,,,,,2722,,,,7/20/2026,,,,,,,,,,,,,,,,,,,,,,,,,,,,,,,,,,,,,,,,,
,S4_16,Brandywine Pond,7/20/2026,9:07 AM,"RV, SH",Stream,Spatial,,42.29,582.14,,,yes,,,,,2735,,,,7/20/2026,,,,,,,,,,,,,,,,,,,,,,,,,,,,,,,,,,,,,,,,,
,S4_17,MR Julius Bridge,7/20/2026,9:37 AM,"RV, SH",Stream,Spatial,,42.57,565.86,,,yes,,,,,2727,,,,7/20/2026,,,,,,,,,,,,,,,,,,,,,,,,,,,,,,,,,,,,,,,,,
,S4_18,Puffers Waterfall,7/20/2026,9:56 AM,"RV, SH",Stream,Spatial,,41.8,582.56,,,yes,,,,,2731,,,,7/20/2026,,,,,,,,,,,,,,,,,,,,,,,,,,,,,,,,,,,,,,,,,
,S4_19,Puffers Pond Beach,7/20/2026,10:07 AM,"RV, SH",Stream,Spatial,,41.97,573.7,,,yes,,,,,2724,,,,7/20/2026,,,,,,,,,,,,,,,,,,,,,,,,,,,,,,,,,,,,,,,,,
,S4_20,Puffers Railroad,7/20/2026,10:21 AM,"RV, SH",Stream,Spatial,,41.81,579.97,,,yes,,,,,2725,,,,7/20/2026,,,,,,,,,,,,,,,,,,,,,,,,,,,,,,,,,,,,,,,,,
,S4_21,Haskins Meadows,7/20/2026,10:36 AM,"RV, SH",Stream,Spatial,,41.88,575.88,,,yes,,,,,2734,,,,7/20/2026,,,,,,,,,,,,,,,,,,,,,,,,,,,,,,,,,,,,,,,,,
,S4_22,Haskins Meadows Up,,,"RV, SH",Stream,Spatial,Skipped Haskins Up,41.83,,,,no,,,,,,,,,,,,,,,,,,,,,,,,,,,,,,,,,,,,,,,,,,,,,,,,,,
,S4_23,Atkins Reservoir,7/20/2026,10:53 AM,"RV, SH",Stream,Spatial,,41.94,595.87,553.93,,yes,,,,,2730,,,,7/21/2026,,,,,,,,,,,,,,,,,,,,,,,,,,,,,,,,,,,,,,,,,
,S4_24,Dean Brook,7/20/2026,11:00 AM,"RV, SH",Stream,Spatial,,41.91,601,559.09,,yes,,,,,2733,,,,7/21/2026,,,,,,,,,,,,,,,,,,,,,,,,,,,,,,,,,,,,,,,,,
,S4_25,Nurse Brook,,,"RV, SH",Stream,Spatial,Nurse Brook Dried up,41.19,,,,no,,,,,,,,,,,,,,,,,,,,,,,,,,,,,,,,,,,,,,,,,,,,,,,,,,
,S4_26,Shutesbury Cemetery,7/20/2026,11:41 AM,"RV, SH",Stream,Spatial,,42.14,610.55,568.41,,yes,,,,,2729,,,,7/21/2026,,,,,,,,,,,,,,,,,,,,,,,,,,,,,,,,,,,,,,,,,
,S4_27,Broad Hill,7/20/2026,12:01 PM,"RV, SH",Stream,Spatial,,42.1,604.92,562.82,,yes,,,,,2726,,,,7/21/2026,,,,,,,,,,,,,,,,,,,,,,,,,,,,,,,,,,,,,,,,,
,S4_28,Number 6 Rd,,,"RV, SH",Stream,Spatial,Number 6 dried up,41.77,,,,no,,,,,2732,,,,,,,,,,,,,,,,,,,,,,,,,,,,,,,,,,,,,,,,,,,,,
,S4_29,Leverett Library,,,"RV, SH",Stream,Spatial,Skipped Library,41.89,,,,no,,,,,,,,,,,,,,,,,,,,,,,,,,,,,,,,,,,,,,,,,,,,,,,,,,
,S4_30,Leverett Pond,7/20/2026,12:22 PM,"RV, SH",Stream,Spatial,,41.48,607.88,566.4,,yes,,,,,2728,,,,7/21/2026,,,,,,,,,,,,,,,,,,,,,,,,,,,,,,,,,,,,,,,,,
,S4_31,MR Montague Bridge,7/20/2026,9:44 AM,"RV, SH",Stream,Spatial,,42.35,,,,yes,,,,,2723,,,,,,,,,,,,,,,,,,,,,,,,,,,,,,,,,,,,,,,,,,,,,
,S4_32,Lake Warner Trail,7/20/2026,4:21 PM,"RV, SH",Stream,Spatial,,41.79,,,,yes,,,,,2736,,,,,,,,,,,,,,,,,,,,,,,,,,,,,,,,,,,,,,,,,,,,,
,S4_33,Prindle School,7/20/2026,4:54 PM,"RV, SH",Stream,Spatial,,42.04,,,,yes,,,,,2737,,,,,,,,,,,,,,,,,,,,,,,,,,,,,,,,,,,,,,,,,,,,,
,S4_B1,Blank,7/17/2026,1:30 PM,"RV, SG",MilliQ,Blank,Blank for S4 run 1,41.85,559.42,517.57,,,,,,,NA,,,,7/20/2026,,,,,,,,,,,,,,,,,,,,,,,,,,,,,,,,,,,,,,,,,
,S4_B2,Blank,7/17/2026,1:30 PM,"RV, SG",MilliQ,Blank,Blank for S4 run 2,41.22,558.2,516.98,,,,,,,NA,,,,7/21/2026,,,,,,,,,,,,,,,,,,,,,,,,,,,,,,,,,,,,,,,,,
,S4_B3,Blank,7/17/2026,1:30 PM,"RV, SG",MilliQ,Blank,Blank for S4 run 3,41.65,559.15,517.5,,,,,,,NA,,,,,,,,,,,,,,,,,,,,,,,,,,,,,,,,,,,,,,,,,,,,,
,S4_B4,Blank,7/17/2026,1:30 PM,"RV, SG",MilliQ,Blank,Blank for S4 run 4,41.23,558.73,517.5,,,,,,,NA,,,,,,,,,,,,,,,,,,,,,,,,,,,,,,,,,,,,,,,,,,,,,
,S4_B5,Blank,7/17/2026,1:30 PM,"RV, SG",MilliQ,Blank,Blank for S4 run 5,41.55,558.6,517.05,,,,,,,NA,,,,,,,,,,,,,,,,,,,,,,,,,,,,,,,,,,,,,,,,,,,,,
,s4_FB,,,,,,,Field Blank for S4 run 2,41.83,571.51,529.68,,,,,,,,,,,,,,,,,,,,,,,,,,,,,,,,,,,,,,,,,,,,,,,,,,,,
