#,Date-Time (EDT),"Temperature , °C","Absolute Pressure , kPa"
1,10/17/2025 09:12:15,8.32,100.985
2,10/17/2025 09:22:15,9.18,103.804
3,10/17/2025 09:32:15,9.35,103.805
4,10/17/2025 09:42:15,9.41,103.812
5,10/17/2025 09:52:15,9.46,103.774
6,10/17/2025 10:02:15,9.49,103.762
7,10/17/2025 10:12:15,9.52,103.759
8,10/17/2025 10:22:15,9.55,103.751
9,10/17/2025 10:32:15,9.59,103.748
10,10/17/2025 10:42:15,9.62,103.740
11,10/17/2025 10:52:15,9.66,103.737
12,10/17/2025 11:02:15,9.70,103.734
13,10/17/2025 11:12:15,9.75,103.700
14,10/17/2025 11:22:15,9.80,103.706
15,10/17/2025 11:32:15,9.86,103.700
16,10/17/2025 11:42:15,9.92,103.675
17,10/17/2025 11:52:15,9.98,103.673
18,10/17/2025 12:02:15,10.04,103.671
19,10/17/2025 12:12:15,10.11,103.646
20,10/17/2025 12:22:15,10.17,103.627
21,10/17/2025 12:32:15,10.24,103.616
22,10/17/2025 12:42:15,10.32,103.605
23,10/17/2025 12:52:15,10.40,103.577
24,10/17/2025 13:02:15,10.48,103.553
25,10/17/2025 13:12:15,10.56,103.525
26,10/17/2025 13:22:15,10.64,103.524
27,10/17/2025 13:32:15,10.72,103.491
28,10/17/2025 13:42:15,10.78,103.493
29,10/17/2025 13:52:15,10.85,103.486
30,10/17/2025 14:02:15,10.90,103.462
31,10/17/2025 14:12:15,10.95,103.437
32,10/17/2025 14:22:15,11.01,103.408
33,10/17/2025 14:32:15,11.06,103.410
34,10/17/2025 14:42:15,11.12,103.372
35,10/17/2025 14:52:15,11.16,103.360
36,10/17/2025 15:02:15,11.19,103.370
37,10/17/2025 15:12:15,11.21,103.366
38,10/17/2025 15:22:15,11.22,103.345
39,10/17/2025 15:32:15,11.23,103.349
40,10/17/2025 15:42:15,11.23,103.327
41,10/17/2025 15:52:15,11.22,103.354
42,10/17/2025 16:02:15,11.22,103.336
43,10/17/2025 16:12:15,11.21,103.318
44,10/17/2025 16:22:15,11.20,103.326
45,10/17/2025 16:32:15,11.19,103.313
46,10/17/2025 16:42:15,11.17,103.308
47,10/17/2025 16:52:15,11.16,103.307
48,10/17/2025 17:02:15,11.15,103.325
49,10/17/2025 17:12:15,11.15,103.325
50,10/17/2025 17:22:15,11.15,103.347
51,10/17/2025 17:32:15,11.14,103.351
52,10/17/2025 17:42:15,11.14,103.351
53,10/17/2025 17:52:15,11.13,103.355
54,10/17/2025 18:02:15,11.12,103.377
55,10/17/2025 18:12:15,11.11,103.372
56,10/17/2025 18:22:15,11.09,103.389
57,10/17/2025 18:32:15,11.08,103.393
58,10/17/2025 18:42:15,11.06,103.401
59,10/17/2025 18:52:15,11.05,103.427
60,10/17/2025 19:02:15,11.03,103.444
61,10/17/2025 19:12:15,11.02,103.435
62,10/17/2025 19:22:15,11.00,103.439
63,10/17/2025 19:32:15,10.99,103.452
64,10/17/2025 19:42:15,10.98,103.456
65,10/17/2025 19:52:15,10.97,103.455
66,10/17/2025 20:02:15,10.96,103.468
67,10/17/2025 20:12:15,10.95,103.472
68,10/17/2025 20:22:15,10.94,103.481
69,10/17/2025 20:32:15,10.93,103.476
70,10/17/2025 20:42:15,10.90,103.502
71,10/17/2025 20:52:15,10.88,103.496
72,10/17/2025 21:02:15,10.85,103.504
73,10/17/2025 21:12:15,10.82,103.508
74,10/17/2025 21:22:15,10.79,103.515
75,10/17/2025 21:32:15,10.77,103.519
76,10/17/2025 21:42:15,10.74,103.514
77,10/17/2025 21:52:15,10.72,103.531
78,10/17/2025 22:02:15,10.70,103.517
79,10/17/2025 22:12:15,10.68,103.542
80,10/17/2025 22:22:15,10.66,103.564
81,10/17/2025 22:32:15,10.64,103.554
82,10/17/2025 22:42:15,10.63,103.545
83,10/17/2025 22:52:15,10.61,103.549
84,10/17/2025 23:02:15,10.60,103.566
85,10/17/2025 23:12:15,10.60,103.557
86,10/17/2025 23:22:15,10.59,103.566
87,10/17/2025 23:32:15,10.58,103.565
88,10/17/2025 23:42:15,10.57,103.565
89,10/17/2025 23:52:15,10.56,103.569
90,10/18/2025 00:02:15,10.55,103.569
91,10/18/2025 00:12:15,10.54,103.577
92,10/18/2025 00:22:15,10.53,103.586
93,10/18/2025 00:32:15,10.52,103.577
94,10/18/2025 00:42:15,10.51,103.559
95,10/18/2025 00:52:15,10.50,103.558
96,10/18/2025 01:02:15,10.48,103.580
97,10/18/2025 01:12:15,10.47,103.606
98,10/18/2025 01:22:15,10.45,103.596
99,10/18/2025 01:32:15,10.43,103.605
100,10/18/2025 01:42:15,10.42,103.622
101,10/18/2025 01:52:15,10.41,103.613
102,10/18/2025 02:02:15,10.40,103.617
103,10/18/2025 02:12:15,10.38,103.620
104,10/18/2025 02:22:15,10.37,103.615
105,10/18/2025 02:32:15,10.35,103.624
106,10/18/2025 02:42:15,10.33,103.623
107,10/18/2025 02:52:15,10.30,103.618
108,10/18/2025 03:02:15,10.28,103.621
109,10/18/2025 03:12:15,10.26,103.607
110,10/18/2025 03:22:15,10.23,103.593
111,10/18/2025 03:32:15,10.20,103.610
112,10/18/2025 03:42:15,10.18,103.591
113,10/18/2025 03:52:15,10.15,103.604
114,10/18/2025 04:02:15,10.12,103.594
115,10/18/2025 04:12:15,10.09,103.615
116,10/18/2025 04:22:15,10.06,103.614
117,10/18/2025 04:32:15,10.03,103.630
118,10/18/2025 04:42:15,10.00,103.634
119,10/18/2025 04:52:15,9.97,103.646
120,10/18/2025 05:02:15,9.94,103.641
121,10/18/2025 05:12:15,9.91,103.644
122,10/18/2025 05:22:15,9.88,103.678
123,10/18/2025 05:32:15,9.84,103.650
124,10/18/2025 05:42:15,9.80,103.653
125,10/18/2025 05:52:15,9.76,103.665
126,10/18/2025 06:02:15,9.72,103.691
127,10/18/2025 06:12:15,9.69,103.689
128,10/18/2025 06:22:15,9.65,103.692
129,10/18/2025 06:32:15,9.62,103.700
130,10/18/2025 06:42:15,9.58,103.717
131,10/18/2025 06:52:15,9.55,103.742
132,10/18/2025 07:02:15,9.52,103.754
133,10/18/2025 07:12:15,9.49,103.779
134,10/18/2025 07:22:15,9.46,103.778
135,10/18/2025 07:32:15,9.43,103.777
136,10/18/2025 07:42:15,9.40,103.803
137,10/18/2025 07:52:15,9.38,103.815
138,10/18/2025 08:02:15,9.37,103.806
139,10/18/2025 08:12:15,9.35,103.836
140,10/18/2025 08:22:15,9.33,103.827
141,10/18/2025 08:32:15,9.30,103.830
142,10/18/2025 08:42:15,9.29,103.847
143,10/18/2025 08:52:15,9.28,103.834
144,10/18/2025 09:02:15,9.26,103.855
145,10/18/2025 09:12:15,9.26,103.855
146,10/18/2025 09:22:15,9.25,103.859
147,10/18/2025 09:32:15,9.25,103.868
148,10/18/2025 09:42:15,9.26,103.864
149,10/18/2025 09:52:15,9.26,103.864
150,10/18/2025 10:02:15,9.28,103.865
151,10/18/2025 10:12:15,9.30,103.883
152,10/18/2025 10:22:15,9.32,103.858
153,10/18/2025 10:32:15,9.35,103.841
154,10/18/2025 10:42:15,9.38,103.828
155,10/18/2025 10:52:15,9.40,103.812
156,10/18/2025 11:02:15,9.43,103.795
157,10/18/2025 11:12:15,9.47,103.796
158,10/18/2025 11:22:15,9.51,103.811
159,10/18/2025 11:32:15,9.56,103.808
160,10/18/2025 11:42:15,9.61,103.806
161,10/18/2025 11:52:15,9.66,103.799
162,10/18/2025 12:02:15,9.71,103.787
163,10/18/2025 12:12:15,9.77,103.772
164,10/18/2025 12:22:15,9.84,103.761
165,10/18/2025 12:32:15,9.91,103.741
166,10/18/2025 12:42:15,9.99,103.713
167,10/18/2025 12:52:15,10.07,103.702
168,10/18/2025 13:02:15,10.14,103.683
169,10/18/2025 13:12:15,10.23,103.686
170,10/18/2025 13:22:15,10.31,103.662
171,10/18/2025 13:32:15,10.38,103.634
172,10/18/2025 13:42:15,10.45,103.640
173,10/18/2025 13:52:15,10.51,103.620
174,10/18/2025 14:02:15,10.56,103.627
175,10/18/2025 14:12:15,10.62,103.620
176,10/18/2025 14:22:15,10.67,103.600
177,10/18/2025 14:32:15,10.73,103.584
178,10/18/2025 14:42:15,10.78,103.581
179,10/18/2025 14:52:15,10.82,103.587
180,10/18/2025 15:02:15,10.86,103.580
181,10/18/2025 15:12:15,10.89,103.585
182,10/18/2025 15:22:15,10.91,103.590
183,10/18/2025 15:32:15,10.92,103.604
184,10/18/2025 15:42:15,10.92,103.577
185,10/18/2025 15:52:15,10.92,103.568
186,10/18/2025 16:02:15,10.93,103.591
187,10/18/2025 16:12:15,10.93,103.573
188,10/18/2025 16:22:15,10.92,103.595
189,10/18/2025 16:32:15,10.91,103.603
190,10/18/2025 16:42:15,10.90,103.598
191,10/18/2025 16:52:15,10.89,103.611
192,10/18/2025 17:02:15,10.88,103.598
193,10/18/2025 17:12:15,10.87,103.602
194,10/18/2025 17:22:15,10.87,103.606
195,10/18/2025 17:32:15,10.86,103.610
196,10/18/2025 17:42:15,10.85,103.610
197,10/18/2025 17:52:15,10.85,103.619
198,10/18/2025 18:02:15,10.84,103.610
199,10/18/2025 18:12:15,10.83,103.622
200,10/18/2025 18:22:15,10.81,103.618
201,10/18/2025 18:32:15,10.80,103.635
202,10/18/2025 18:42:15,10.79,103.639
203,10/18/2025 18:52:15,10.80,103.652
204,10/18/2025 19:02:15,10.79,103.674
205,10/18/2025 19:12:15,10.78,103.678
206,10/18/2025 19:22:15,10.77,103.674
207,10/18/2025 19:32:15,10.76,103.656
208,10/18/2025 19:42:15,10.76,103.646
209,10/18/2025 19:52:15,10.75,103.642
210,10/18/2025 20:02:15,10.73,103.641
211,10/18/2025 20:12:15,10.72,103.641
212,10/18/2025 20:22:15,10.71,103.667
213,10/18/2025 20:32:15,10.70,103.666
214,10/18/2025 20:42:15,10.68,103.710
215,10/18/2025 20:52:15,10.67,103.688
216,10/18/2025 21:02:15,10.67,103.696
217,10/18/2025 21:12:15,10.66,103.714
218,10/18/2025 21:22:15,10.65,103.713
219,10/18/2025 21:32:15,10.65,103.713
220,10/18/2025 21:42:15,10.65,103.691
221,10/18/2025 21:52:15,10.65,103.678
222,10/18/2025 22:02:15,10.64,103.718
223,10/18/2025 22:12:15,10.63,103.700
224,10/18/2025 22:22:15,10.63,103.735
225,10/18/2025 22:32:15,10.62,103.748
226,10/18/2025 22:42:15,10.62,103.739
227,10/18/2025 22:52:15,10.61,103.756
228,10/18/2025 23:02:15,10.61,103.752
229,10/18/2025 23:12:15,10.61,103.792
230,10/18/2025 23:22:15,10.62,103.787
231,10/18/2025 23:32:15,10.62,103.783
232,10/18/2025 23:42:15,10.63,103.788
233,10/18/2025 23:52:15,10.63,103.788
234,10/19/2025 00:02:15,10.64,103.775
235,10/19/2025 00:12:15,10.65,103.788
236,10/19/2025 00:22:15,10.66,103.798
237,10/19/2025 00:32:15,10.68,103.803
238,10/19/2025 00:42:15,10.70,103.817
239,10/19/2025 00:52:15,10.71,103.826
240,10/19/2025 01:02:15,10.73,103.822
241,10/19/2025 01:12:15,10.74,103.822
242,10/19/2025 01:22:15,10.75,103.805
243,10/19/2025 01:32:15,10.76,103.801
244,10/19/2025 01:42:15,10.77,103.779
245,10/19/2025 01:52:15,10.78,103.766
246,10/19/2025 02:02:15,10.78,103.740
247,10/19/2025 02:12:15,10.79,103.718
248,10/19/2025 02:22:15,10.79,103.740
249,10/19/2025 02:32:15,10.80,103.723
250,10/19/2025 02:42:15,10.80,103.732
251,10/19/2025 02:52:15,10.80,103.723
252,10/19/2025 03:02:15,10.80,103.723
253,10/19/2025 03:12:15,10.80,103.692
254,10/19/2025 03:22:15,10.81,103.697
255,10/19/2025 03:32:15,10.81,103.706
256,10/19/2025 03:42:15,10.80,103.701
257,10/19/2025 03:52:15,10.79,103.718
258,10/19/2025 04:02:15,10.79,103.705
259,10/19/2025 04:12:15,10.77,103.704
260,10/19/2025 04:22:15,10.76,103.748
261,10/19/2025 04:32:15,10.75,103.726
262,10/19/2025 04:42:15,10.73,103.712
263,10/19/2025 04:52:15,10.72,103.685
264,10/19/2025 05:02:15,10.70,103.676
265,10/19/2025 05:12:15,10.69,103.688
266,10/19/2025 05:22:15,10.67,103.688
267,10/19/2025 05:32:15,10.65,103.696
268,10/19/2025 05:42:15,10.62,103.708
269,10/19/2025 05:52:15,10.60,103.721
270,10/19/2025 06:02:15,10.59,103.725
271,10/19/2025 06:12:15,10.58,103.733
272,10/19/2025 06:22:15,10.56,103.706
273,10/19/2025 06:32:15,10.54,103.714
274,10/19/2025 06:42:15,10.52,103.705
275,10/19/2025 06:52:15,10.50,103.682
276,10/19/2025 07:02:15,10.47,103.668
277,10/19/2025 07:12:15,10.44,103.680
278,10/19/2025 07:22:15,10.41,103.688
279,10/19/2025 07:32:15,10.38,103.678
280,10/19/2025 07:42:15,10.36,103.699
281,10/19/2025 07:52:15,10.34,103.720
282,10/19/2025 08:02:15,10.32,103.742
283,10/19/2025 08:12:15,10.31,103.741
284,10/19/2025 08:22:15,10.30,103.750
285,10/19/2025 08:32:15,10.29,103.745
286,10/19/2025 08:42:15,10.29,103.754
287,10/19/2025 08:52:15,10.30,103.754
288,10/19/2025 09:02:15,10.30,103.763
289,10/19/2025 09:12:15,10.31,103.763
290,10/19/2025 09:22:15,10.32,103.755
291,10/19/2025 09:32:15,10.34,103.742
292,10/19/2025 09:42:15,10.35,103.743
293,10/19/2025 09:52:15,10.37,103.748
294,10/19/2025 10:02:15,10.40,103.718
295,10/19/2025 10:12:15,10.43,103.728
296,10/19/2025 10:22:15,10.45,103.715
297,10/19/2025 10:32:15,10.48,103.703
298,10/19/2025 10:42:15,10.52,103.713
299,10/19/2025 10:52:15,10.56,103.679
300,10/19/2025 11:02:15,10.60,103.685
301,10/19/2025 11:12:15,10.64,103.687
302,10/19/2025 11:22:15,10.69,103.666
303,10/19/2025 11:32:15,10.74,103.659
304,10/19/2025 11:42:15,10.80,103.657
305,10/19/2025 11:52:15,10.86,103.641
306,10/19/2025 12:02:15,10.93,103.630
307,10/19/2025 12:12:15,11.00,103.619
308,10/19/2025 12:22:15,11.08,103.604
309,10/19/2025 12:32:15,11.16,103.581
310,10/19/2025 12:42:15,11.24,103.579
311,10/19/2025 12:52:15,11.33,103.560
312,10/19/2025 13:02:15,11.42,103.550
313,10/19/2025 13:12:15,11.50,103.513
314,10/19/2025 13:22:15,11.58,103.525
315,10/19/2025 13:32:15,11.66,103.518
316,10/19/2025 13:42:15,11.72,103.494
317,10/19/2025 13:52:15,11.77,103.474
318,10/19/2025 14:02:15,11.82,103.449
319,10/19/2025 14:12:15,11.88,103.447
320,10/19/2025 14:22:15,11.95,103.431
321,10/19/2025 14:32:15,12.01,103.429
322,10/19/2025 14:42:15,12.07,103.414
323,10/19/2025 14:52:15,12.13,103.398
324,10/19/2025 15:02:15,12.17,103.399
325,10/19/2025 15:12:15,12.20,103.383
326,10/19/2025 15:22:15,12.23,103.366
327,10/19/2025 15:32:15,12.26,103.358
328,10/19/2025 15:42:15,12.29,103.350
329,10/19/2025 15:52:15,12.31,103.338
330,10/19/2025 16:02:15,12.33,103.338
331,10/19/2025 16:12:15,12.34,103.312
332,10/19/2025 16:22:15,12.35,103.304
333,10/19/2025 16:32:15,12.37,103.318
334,10/19/2025 16:42:15,12.39,103.332
335,10/19/2025 16:52:15,12.41,103.315
336,10/19/2025 17:02:15,12.44,103.311
337,10/19/2025 17:12:15,12.46,103.343
338,10/19/2025 17:22:15,12.47,103.334
339,10/19/2025 17:32:15,12.48,103.313
340,10/19/2025 17:42:15,12.49,103.313
341,10/19/2025 17:52:15,12.50,103.282
342,10/19/2025 18:02:15,12.50,103.278
343,10/19/2025 18:12:15,12.51,103.291
344,10/19/2025 18:22:15,12.51,103.309
345,10/19/2025 18:32:15,12.51,103.314
346,10/19/2025 18:42:15,12.51,103.318
347,10/19/2025 18:52:15,12.51,103.336
348,10/19/2025 19:02:15,12.52,103.336
349,10/19/2025 19:12:15,12.52,103.340
350,10/19/2025 19:22:15,12.52,103.340
351,10/19/2025 19:32:15,12.52,103.345
352,10/19/2025 19:42:15,12.53,103.332
353,10/19/2025 19:52:15,12.54,103.297
354,10/19/2025 20:02:15,12.55,103.297
355,10/19/2025 20:12:15,12.56,103.271
356,10/19/2025 20:22:15,12.56,103.284
357,10/19/2025 20:32:15,12.57,103.285
358,10/19/2025 20:42:15,12.58,103.272
359,10/19/2025 20:52:15,12.59,103.303
360,10/19/2025 21:02:15,12.59,103.285
361,10/19/2025 21:12:15,12.60,103.277
362,10/19/2025 21:22:15,12.61,103.290
363,10/19/2025 21:32:15,12.62,103.291
364,10/19/2025 21:42:15,12.63,103.273
365,10/19/2025 21:52:15,12.64,103.274
366,10/19/2025 22:02:15,12.65,103.265
367,10/19/2025 22:12:15,12.66,103.274
368,10/19/2025 22:22:15,12.67,103.297
369,10/19/2025 22:32:15,12.69,103.302
370,10/19/2025 22:42:15,12.70,103.298
371,10/19/2025 22:52:15,12.72,103.299
372,10/19/2025 23:02:15,12.73,103.290
373,10/19/2025 23:12:15,12.75,103.295
374,10/19/2025 23:22:15,12.76,103.287
375,10/19/2025 23:32:15,12.78,103.279
376,10/19/2025 23:42:15,12.80,103.270
377,10/19/2025 23:52:15,12.82,103.262
378,10/20/2025 00:02:15,12.84,103.258
379,10/20/2025 00:12:15,12.86,103.241
380,10/20/2025 00:22:15,12.88,103.251
381,10/20/2025 00:32:15,12.90,103.234
382,10/20/2025 00:42:15,12.92,103.244
383,10/20/2025 00:52:15,12.94,103.227
384,10/20/2025 01:02:15,12.97,103.210
385,10/20/2025 01:12:15,12.99,103.189
386,10/20/2025 01:22:15,13.02,103.176
387,10/20/2025 01:32:15,13.04,103.181
388,10/20/2025 01:42:15,13.06,103.169
389,10/20/2025 01:52:15,13.08,103.143
390,10/20/2025 02:02:15,13.10,103.122
391,10/20/2025 02:12:15,13.12,103.100
392,10/20/2025 02:22:15,13.14,103.088
393,10/20/2025 02:32:15,13.17,103.080
394,10/20/2025 02:42:15,13.19,103.045
395,10/20/2025 02:52:15,13.21,103.019
396,10/20/2025 03:02:15,13.24,102.998
397,10/20/2025 03:12:15,13.26,102.964
398,10/20/2025 03:22:15,13.28,102.938
399,10/20/2025 03:32:15,13.30,102.908
400,10/20/2025 03:42:15,13.32,102.913
401,10/20/2025 03:52:15,13.35,102.909
402,10/20/2025 04:02:15,13.37,102.892
403,10/20/2025 04:12:15,13.40,102.862
404,10/20/2025 04:22:15,13.42,102.854
405,10/20/2025 04:32:15,13.44,102.824
406,10/20/2025 04:42:15,13.46,102.811
407,10/20/2025 04:52:15,13.48,102.781
408,10/20/2025 05:02:15,13.50,102.746
409,10/20/2025 05:12:15,13.52,102.738
410,10/20/2025 05:22:15,13.54,102.739
411,10/20/2025 05:32:15,13.56,102.726
412,10/20/2025 05:42:15,13.58,102.740
413,10/20/2025 05:52:15,13.60,102.741
414,10/20/2025 06:02:15,13.63,102.928
415,10/20/2025 06:12:15,13.93,103.172
416,10/20/2025 06:22:15,14.39,103.660
417,10/20/2025 06:32:15,14.69,104.157
418,10/20/2025 06:42:15,14.73,104.308
419,10/20/2025 06:52:15,15.05,104.253
420,10/20/2025 07:02:15,15.57,104.098
421,10/20/2025 07:12:15,15.99,103.976
422,10/20/2025 07:22:15,16.21,103.855
423,10/20/2025 07:32:15,16.26,103.821
424,10/20/2025 07:42:15,16.21,103.838
425,10/20/2025 07:52:15,16.14,103.910
426,10/20/2025 08:02:15,15.94,103.952
427,10/20/2025 08:12:15,15.75,103.923
428,10/20/2025 08:22:15,15.71,103.825
429,10/20/2025 08:32:15,15.76,103.729
430,10/20/2025 08:42:15,15.82,103.660
431,10/20/2025 08:52:15,15.83,103.630
432,10/20/2025 09:02:15,15.79,103.584
433,10/20/2025 09:12:15,15.67,103.598
434,10/20/2025 09:22:15,15.55,103.620
435,10/20/2025 09:32:15,15.46,103.653
436,10/20/2025 09:42:15,15.50,103.822
437,10/20/2025 09:52:15,15.56,104.005
438,10/20/2025 10:02:15,15.56,104.125
439,10/20/2025 10:12:15,15.54,104.191
440,10/20/2025 10:22:15,15.62,104.175
441,10/20/2025 10:32:15,15.76,104.154
442,10/20/2025 10:42:15,15.88,104.096
443,10/20/2025 10:52:15,15.91,104.053
444,10/20/2025 11:02:15,15.89,103.990
445,10/20/2025 11:12:15,15.84,104.019
446,10/20/2025 11:22:15,15.77,104.030
447,10/20/2025 11:32:15,15.69,104.010
448,10/20/2025 11:42:15,15.62,103.972
449,10/20/2025 11:52:15,15.56,103.952
450,10/20/2025 12:02:15,15.52,103.876
451,10/20/2025 12:12:15,15.50,103.849
452,10/20/2025 12:22:15,15.49,103.835
453,10/20/2025 12:32:15,15.46,103.821
454,10/20/2025 12:42:15,15.43,103.789
455,10/20/2025 12:52:15,15.39,103.708
456,10/20/2025 13:02:15,15.35,103.733
457,10/20/2025 13:12:15,15.31,103.727
458,10/20/2025 13:22:15,15.26,103.725
459,10/20/2025 13:32:15,15.23,103.645
460,10/20/2025 13:42:15,15.20,103.630
461,10/20/2025 13:52:15,15.18,103.599
462,10/20/2025 14:02:15,15.18,103.568
463,10/20/2025 14:12:15,15.18,103.532
464,10/20/2025 14:22:15,15.18,103.524
465,10/20/2025 14:32:15,15.18,103.519
466,10/20/2025 14:42:15,15.19,103.506
467,10/20/2025 14:52:15,15.19,103.498
468,10/20/2025 15:02:15,15.19,103.498
469,10/20/2025 15:12:15,15.19,103.502
470,10/20/2025 15:22:15,15.19,103.471
471,10/20/2025 15:32:15,15.18,103.440
472,10/20/2025 15:42:15,15.18,103.444
473,10/20/2025 15:52:15,15.16,103.413
474,10/20/2025 16:02:15,15.16,103.403
475,10/20/2025 16:12:15,15.15,103.403
476,10/20/2025 16:22:15,15.13,103.429
477,10/20/2025 16:32:15,15.12,103.451
478,10/20/2025 16:42:15,15.10,103.424
479,10/20/2025 16:52:15,15.09,103.441
480,10/20/2025 17:02:15,15.07,103.449
481,10/20/2025 17:12:15,15.05,103.480
482,10/20/2025 17:22:15,15.03,103.505
483,10/20/2025 17:32:15,15.01,103.509
484,10/20/2025 17:42:15,14.99,103.499
485,10/20/2025 17:52:15,14.96,103.525
486,10/20/2025 18:02:15,14.94,103.547
487,10/20/2025 18:12:15,14.94,103.586
488,10/20/2025 18:22:15,14.93,103.617
489,10/20/2025 18:32:15,14.91,103.660
490,10/20/2025 18:42:15,14.88,103.704
491,10/20/2025 18:52:15,14.86,103.707
492,10/20/2025 19:02:15,14.85,103.707
493,10/20/2025 19:12:15,14.85,103.725
494,10/20/2025 19:22:15,14.84,103.707
495,10/20/2025 19:32:15,14.82,103.697
496,10/20/2025 19:42:15,14.81,103.723
497,10/20/2025 19:52:15,14.79,103.709
498,10/20/2025 20:02:15,14.76,103.739
499,10/20/2025 20:12:15,14.74,103.761
500,10/20/2025 20:22:15,14.71,103.773
501,10/20/2025 20:32:15,14.68,103.781
502,10/20/2025 20:42:15,14.65,103.780
503,10/20/2025 20:52:15,14.63,103.797
504,10/20/2025 21:02:15,14.60,103.813
505,10/20/2025 21:12:15,14.57,103.826
506,10/20/2025 21:22:15,14.55,103.820
507,10/20/2025 21:32:15,14.53,103.824
508,10/20/2025 21:42:15,14.50,103.836
509,10/20/2025 21:52:15,14.48,103.840
510,10/20/2025 22:02:15,14.46,103.870
511,10/20/2025 22:12:15,14.44,103.878
512,10/20/2025 22:22:15,14.41,103.895
513,10/20/2025 22:32:15,14.39,103.930
514,10/20/2025 22:42:15,14.37,103.956
515,10/20/2025 22:52:15,14.35,103.951
516,10/20/2025 23:02:15,14.33,103.945
517,10/20/2025 23:12:15,14.30,103.962
518,10/20/2025 23:22:15,14.28,103.975
519,10/20/2025 23:32:15,14.25,103.978
520,10/20/2025 23:42:15,14.23,104.004
521,10/20/2025 23:52:15,14.20,103.990
522,10/21/2025 00:02:15,14.18,103.998
523,10/21/2025 00:12:15,14.15,104.010
524,10/21/2025 00:22:15,14.12,103.987
525,10/21/2025 00:32:15,14.09,104.017
526,10/21/2025 00:42:15,14.06,104.011
527,10/21/2025 00:52:15,14.03,104.010
528,10/21/2025 01:02:15,14.00,104.036
529,10/21/2025 01:12:15,13.97,104.022
530,10/21/2025 01:22:15,13.94,104.029
531,10/21/2025 01:32:15,13.91,104.024
532,10/21/2025 01:42:15,13.88,104.045
533,10/21/2025 01:52:15,13.85,104.044
534,10/21/2025 02:02:15,13.82,104.056
535,10/21/2025 02:12:15,13.79,104.051
536,10/21/2025 02:22:15,13.76,104.076
537,10/21/2025 02:32:15,13.74,104.062
538,10/21/2025 02:42:15,13.71,104.079
539,10/21/2025 02:52:15,13.68,104.073
540,10/21/2025 03:02:15,13.65,104.068
541,10/21/2025 03:12:15,13.61,104.071
542,10/21/2025 03:22:15,13.58,104.061
543,10/21/2025 03:32:15,13.55,104.065
544,10/21/2025 03:42:15,13.53,104.064
545,10/21/2025 03:52:15,13.50,104.063
546,10/21/2025 04:02:15,13.47,104.053
547,10/21/2025 04:12:15,13.44,104.047
548,10/21/2025 04:22:15,13.41,104.055
549,10/21/2025 04:32:15,13.38,104.041
550,10/21/2025 04:42:15,13.34,104.057
551,10/21/2025 04:52:15,13.31,104.056
552,10/21/2025 05:02:15,13.27,104.068
553,10/21/2025 05:12:15,13.23,104.071
554,10/21/2025 05:22:15,13.19,104.083
555,10/21/2025 05:32:15,13.15,104.095
556,10/21/2025 05:42:15,13.11,104.116
557,10/21/2025 05:52:15,13.07,104.128
558,10/21/2025 06:02:15,13.03,104.131
559,10/21/2025 06:12:15,12.99,104.134
560,10/21/2025 06:22:15,12.95,104.123
561,10/21/2025 06:32:15,12.91,104.109
562,10/21/2025 06:42:15,12.86,104.134
563,10/21/2025 06:52:15,12.82,104.128
564,10/21/2025 07:02:15,12.78,104.135
565,10/21/2025 07:12:15,12.74,104.125
566,10/21/2025 07:22:15,12.70,104.137
567,10/21/2025 07:32:15,12.66,104.153
568,10/21/2025 07:42:15,12.62,104.147
569,10/21/2025 07:52:15,12.58,104.151
570,10/21/2025 08:02:15,12.55,104.185
571,10/21/2025 08:12:15,12.52,104.188
572,10/21/2025 08:22:15,12.50,104.192
573,10/21/2025 08:32:15,12.47,104.173
574,10/21/2025 08:42:15,12.45,104.150
575,10/21/2025 08:52:15,12.43,104.150
576,10/21/2025 09:02:15,12.41,104.167
577,10/21/2025 09:12:15,12.40,104.188
578,10/21/2025 09:22:15,12.39,104.175
579,10/21/2025 09:32:15,12.39,104.179
580,10/21/2025 09:42:15,12.38,104.179
581,10/21/2025 09:52:15,12.39,104.170
582,10/21/2025 10:02:15,12.40,104.175
583,10/21/2025 10:12:15,12.41,104.184
584,10/21/2025 10:22:15,12.42,104.189
585,10/21/2025 10:32:15,12.44,104.176
586,10/21/2025 10:42:15,12.46,104.195
587,10/21/2025 10:52:15,12.48,104.187
588,10/21/2025 11:02:15,12.51,104.152
589,10/21/2025 11:12:15,12.54,104.162
590,10/21/2025 11:22:15,12.57,104.141
591,10/21/2025 11:32:15,12.61,104.129
592,10/21/2025 11:42:15,12.64,104.100
593,10/21/2025 11:52:15,12.68,104.061
594,10/21/2025 12:02:15,12.71,104.049
595,10/21/2025 12:12:15,12.75,104.037
596,10/21/2025 12:22:15,12.80,104.017
597,10/21/2025 12:32:15,12.84,103.983
598,10/21/2025 12:42:15,12.89,103.967
599,10/21/2025 12:52:15,12.94,103.960
600,10/21/2025 13:02:15,12.99,103.935
601,10/21/2025 13:12:15,13.05,103.932
602,10/21/2025 13:22:15,13.10,103.917
603,10/21/2025 13:32:15,13.15,103.914
604,10/21/2025 13:42:15,13.18,103.880
605,10/21/2025 13:52:15,13.22,103.881
606,10/21/2025 14:02:15,13.24,103.864
607,10/21/2025 14:12:15,13.26,103.838
608,10/21/2025 14:22:15,13.28,103.826
609,10/21/2025 14:32:15,13.29,103.813
610,10/21/2025 14:42:15,13.30,103.795
611,10/21/2025 14:52:15,13.30,103.809
612,10/21/2025 15:02:15,13.30,103.804
613,10/21/2025 15:12:15,13.29,103.791
614,10/21/2025 15:22:15,13.28,103.790
615,10/21/2025 15:32:15,13.28,103.795
616,10/21/2025 15:42:15,13.27,103.768
617,10/21/2025 15:52:15,13.26,103.759
618,10/21/2025 16:02:15,13.25,103.749
619,10/21/2025 16:12:15,13.24,103.731
620,10/21/2025 16:22:15,13.23,103.727
621,10/21/2025 16:32:15,13.21,103.744
622,10/21/2025 16:42:15,13.20,103.730
623,10/21/2025 16:52:15,13.19,103.748
624,10/21/2025 17:02:15,13.19,103.747
625,10/21/2025 17:12:15,13.18,103.747
626,10/21/2025 17:22:15,13.18,103.725
627,10/21/2025 17:32:15,13.17,103.725
628,10/21/2025 17:42:15,13.17,103.720
629,10/21/2025 17:52:15,13.16,103.707
630,10/21/2025 18:02:15,13.16,103.702
631,10/21/2025 18:12:15,13.15,103.715
632,10/21/2025 18:22:15,13.14,103.728
633,10/21/2025 18:32:15,13.14,103.737
634,10/21/2025 18:42:15,13.13,103.763
635,10/21/2025 18:52:15,13.13,103.763
636,10/21/2025 19:02:15,13.13,103.776
637,10/21/2025 19:12:15,13.12,103.789
638,10/21/2025 19:22:15,13.12,103.816
639,10/21/2025 19:32:15,13.12,103.811
640,10/21/2025 19:42:15,13.11,103.820
641,10/21/2025 19:52:15,13.11,103.815
642,10/21/2025 20:02:15,13.11,103.815
643,10/21/2025 20:12:15,13.11,103.815
644,10/21/2025 20:22:15,13.11,103.833
645,10/21/2025 20:32:15,13.11,103.842
646,10/21/2025 20:42:15,13.11,103.855
647,10/21/2025 20:52:15,13.11,103.846
648,10/21/2025 21:02:15,13.12,103.869
649,10/21/2025 21:12:15,13.12,103.864
650,10/21/2025 21:22:15,13.13,103.838
651,10/21/2025 21:32:15,13.13,103.843
652,10/21/2025 21:42:15,13.14,103.847
653,10/21/2025 21:52:15,13.15,103.856
654,10/21/2025 22:02:15,13.16,103.839
655,10/21/2025 22:12:15,13.17,103.809
656,10/21/2025 22:22:15,13.18,103.827
657,10/21/2025 22:32:15,13.19,103.814
658,10/21/2025 22:42:15,13.20,103.810
659,10/21/2025 22:52:15,13.21,103.779
660,10/21/2025 23:02:15,13.22,103.792
661,10/21/2025 23:12:15,13.22,103.788
662,10/21/2025 23:22:15,13.23,103.811
663,10/21/2025 23:32:15,13.24,103.771
664,10/21/2025 23:42:15,13.25,103.727
665,10/21/2025 23:52:15,13.25,103.736
666,10/22/2025 00:02:15,13.25,103.719
667,10/22/2025 00:12:15,13.25,103.657
668,10/22/2025 00:22:15,13.26,103.631
669,10/22/2025 00:32:15,13.28,103.636
670,10/22/2025 00:42:15,13.31,103.654
671,10/22/2025 00:52:15,13.32,103.619
672,10/22/2025 01:02:15,13.32,103.721
673,10/22/2025 01:12:15,13.31,103.822
674,10/22/2025 01:22:15,13.31,103.809
675,10/22/2025 01:32:15,13.31,103.805
676,10/22/2025 01:42:15,13.33,103.832
677,10/22/2025 01:52:15,13.37,103.891
678,10/22/2025 02:02:15,13.53,104.002
679,10/22/2025 02:12:15,13.57,104.127
680,10/22/2025 02:22:15,13.53,104.201
681,10/22/2025 02:32:15,13.53,104.152
682,10/22/2025 02:42:15,13.72,104.097
683,10/22/2025 02:52:15,13.97,104.070
684,10/22/2025 03:02:15,14.13,104.053
685,10/22/2025 03:12:15,14.20,104.074
686,10/22/2025 03:22:15,14.19,104.215
687,10/22/2025 03:32:15,14.06,104.409
688,10/22/2025 03:42:15,13.90,104.426
689,10/22/2025 03:52:15,13.86,104.499
690,10/22/2025 04:02:15,13.93,104.546
691,10/22/2025 04:12:15,14.01,104.575
692,10/22/2025 04:22:15,14.00,104.584
693,10/22/2025 04:32:15,13.95,104.520
694,10/22/2025 04:42:15,13.91,104.448
695,10/22/2025 04:52:15,13.87,104.310
696,10/22/2025 05:02:15,13.82,104.290
697,10/22/2025 05:12:15,13.78,104.320
698,10/22/2025 05:22:15,13.73,104.353
699,10/22/2025 05:32:15,13.67,104.426
700,10/22/2025 05:42:15,13.63,104.451
701,10/22/2025 05:52:15,13.65,104.435
702,10/22/2025 06:02:15,13.70,104.450
703,10/22/2025 06:12:15,13.73,104.429
704,10/22/2025 06:22:15,13.74,104.380
705,10/22/2025 06:32:15,13.71,104.348
706,10/22/2025 06:42:15,13.66,104.307
707,10/22/2025 06:52:15,13.62,104.283
708,10/22/2025 07:02:15,13.58,104.238
709,10/22/2025 07:12:15,13.54,104.241
710,10/22/2025 07:22:15,13.50,104.213
711,10/22/2025 07:32:15,13.46,104.216
712,10/22/2025 07:42:15,13.43,104.233
713,10/22/2025 07:52:15,13.39,104.183
714,10/22/2025 08:02:15,13.36,104.182
715,10/22/2025 08:12:15,13.33,104.167
716,10/22/2025 08:22:15,13.30,104.153
717,10/22/2025 08:32:15,13.27,104.157
718,10/22/2025 08:42:15,13.25,104.134
719,10/22/2025 08:52:15,13.22,104.146
720,10/22/2025 09:02:15,13.19,104.145
721,10/22/2025 09:12:15,13.16,104.228
722,10/22/2025 09:22:15,13.19,104.419
723,10/22/2025 09:32:15,13.22,104.756
724,10/22/2025 09:42:15,13.20,104.949
725,10/22/2025 09:52:15,13.25,105.021
726,10/22/2025 10:02:15,13.39,104.973
727,10/22/2025 10:12:15,13.48,104.888
728,10/22/2025 10:22:15,13.53,104.771
729,10/22/2025 10:32:15,13.53,104.669
730,10/22/2025 10:42:15,13.49,104.597
731,10/22/2025 10:52:15,13.46,104.516
732,10/22/2025 11:02:15,13.44,104.454
733,10/22/2025 11:12:15,13.43,104.405
734,10/22/2025 11:22:15,13.43,104.387
735,10/22/2025 11:32:15,13.44,104.348
736,10/22/2025 11:42:15,13.45,104.335
737,10/22/2025 11:52:15,13.46,104.335
738,10/22/2025 12:02:15,13.48,104.310
739,10/22/2025 12:12:15,13.50,104.323
740,10/22/2025 12:22:15,13.51,104.315
741,10/22/2025 12:32:15,13.52,104.289
742,10/22/2025 12:42:15,13.53,104.289
743,10/22/2025 12:52:15,13.56,104.281
744,10/22/2025 13:02:15,13.59,104.287
745,10/22/2025 13:12:15,13.62,104.283
746,10/22/2025 13:22:15,13.65,104.280
747,10/22/2025 13:32:15,13.68,104.272
748,10/22/2025 13:42:15,13.70,104.251
749,10/22/2025 13:52:15,13.72,104.265
750,10/22/2025 14:02:15,13.73,104.261
751,10/22/2025 14:12:15,13.75,104.261
752,10/22/2025 14:22:15,13.76,104.253
753,10/22/2025 14:32:15,13.77,104.227
754,10/22/2025 14:42:15,13.78,104.249
755,10/22/2025 14:52:15,13.78,104.236
756,10/22/2025 15:02:15,13.78,104.232
757,10/22/2025 15:12:15,13.79,104.223
758,10/22/2025 15:22:15,13.79,104.236
759,10/22/2025 15:32:15,13.79,104.223
760,10/22/2025 15:42:15,13.78,104.232
761,10/22/2025 15:52:15,13.78,104.236
762,10/22/2025 16:02:15,13.77,104.245
763,10/22/2025 16:12:15,13.77,104.244
764,10/22/2025 16:22:15,13.76,104.257
765,10/22/2025 16:32:15,13.75,104.244
766,10/22/2025 16:42:15,13.75,104.248
767,10/22/2025 16:52:15,13.74,104.274
768,10/22/2025 17:02:15,13.73,104.292
769,10/22/2025 17:12:15,13.73,104.322
770,10/22/2025 17:22:15,13.72,104.331
771,10/22/2025 17:32:15,13.72,104.357
772,10/22/2025 17:42:15,13.72,104.380
773,10/22/2025 17:52:15,13.72,104.388
774,10/22/2025 18:02:15,13.72,104.419
775,10/22/2025 18:12:15,13.71,104.450
776,10/22/2025 18:22:15,13.71,104.477
777,10/22/2025 18:32:15,13.71,104.516
778,10/22/2025 18:42:15,13.71,104.552
779,10/22/2025 18:52:15,13.72,104.569
780,10/22/2025 19:02:15,13.72,104.587
781,10/22/2025 19:12:15,13.72,104.596
782,10/22/2025 19:22:15,13.73,104.610
783,10/22/2025 19:32:15,13.74,104.619
784,10/22/2025 19:42:15,13.74,104.637
785,10/22/2025 19:52:15,13.75,104.659
786,10/22/2025 20:02:15,13.75,104.641
787,10/22/2025 20:12:15,13.75,104.637
788,10/22/2025 20:22:15,13.75,104.659
789,10/22/2025 20:32:15,13.75,104.668
790,10/22/2025 20:42:15,13.74,104.667
791,10/22/2025 20:52:15,13.73,104.680
792,10/22/2025 21:02:15,13.71,104.666
793,10/22/2025 21:12:15,13.69,104.670
794,10/22/2025 21:22:15,13.68,104.670
795,10/22/2025 21:32:15,13.65,104.669
796,10/22/2025 21:42:15,13.63,104.686
797,10/22/2025 21:52:15,13.61,104.676
798,10/22/2025 22:02:15,13.59,104.684
799,10/22/2025 22:12:15,13.56,104.683
800,10/22/2025 22:22:15,13.54,104.665
801,10/22/2025 22:32:15,13.52,104.660
802,10/22/2025 22:42:15,13.49,104.659
803,10/22/2025 22:52:15,13.47,104.649
804,10/22/2025 23:02:15,13.45,104.635
805,10/22/2025 23:12:15,13.42,104.617
806,10/22/2025 23:22:15,13.39,104.633
807,10/22/2025 23:32:15,13.36,104.632
808,10/22/2025 23:42:15,13.33,104.618
809,10/22/2025 23:52:15,13.30,104.630
810,10/23/2025 00:02:15,13.26,104.589
811,10/23/2025 00:12:15,13.22,104.579
812,10/23/2025 00:22:15,13.17,104.577
813,10/23/2025 00:32:15,13.13,104.562
814,10/23/2025 00:42:15,13.08,104.570
815,10/23/2025 00:52:15,13.04,104.564
816,10/23/2025 01:02:15,12.99,104.553
817,10/23/2025 01:12:15,12.95,104.556
818,10/23/2025 01:22:15,12.91,104.537
819,10/23/2025 01:32:15,12.86,104.540
820,10/23/2025 01:42:15,12.81,104.543
821,10/23/2025 01:52:15,12.77,104.528
822,10/23/2025 02:02:15,12.73,104.535
823,10/23/2025 02:12:15,12.68,104.516
824,10/23/2025 02:22:15,12.64,104.528
825,10/23/2025 02:32:15,12.60,104.526
826,10/23/2025 02:42:15,12.56,104.516
827,10/23/2025 02:52:15,12.52,104.497
828,10/23/2025 03:02:15,12.48,104.496
829,10/23/2025 03:12:15,12.44,104.494
830,10/23/2025 03:22:15,12.41,104.520
831,10/23/2025 03:32:15,12.37,104.518
832,10/23/2025 03:42:15,12.33,104.500
833,10/23/2025 03:52:15,12.30,104.503
834,10/23/2025 04:02:15,12.27,104.493
835,10/23/2025 04:12:15,12.23,104.465
836,10/23/2025 04:22:15,12.20,104.482
837,10/23/2025 04:32:15,12.16,104.489
838,10/23/2025 04:42:15,12.13,104.492
839,10/23/2025 04:52:15,12.10,104.478
840,10/23/2025 05:02:15,12.07,104.490
841,10/23/2025 05:12:15,12.03,104.498
842,10/23/2025 05:22:15,12.00,104.497
843,10/23/2025 05:32:15,11.97,104.505
844,10/23/2025 05:42:15,11.94,104.499
845,10/23/2025 05:52:15,11.91,104.502
846,10/23/2025 06:02:15,11.88,104.510
847,10/23/2025 06:12:15,11.84,104.496
848,10/23/2025 06:22:15,11.81,104.481
849,10/23/2025 06:32:15,11.78,104.472
850,10/23/2025 06:42:15,11.75,104.448
851,10/23/2025 06:52:15,11.72,104.452
852,10/23/2025 07:02:15,11.69,104.442
853,10/23/2025 07:12:15,11.66,104.454
854,10/23/2025 07:22:15,11.63,104.453
855,10/23/2025 07:32:15,11.60,104.434
856,10/23/2025 07:42:15,11.57,104.433
857,10/23/2025 07:52:15,11.54,104.445
858,10/23/2025 08:02:15,11.51,104.449
859,10/23/2025 08:12:15,11.48,104.479
860,10/23/2025 08:22:15,11.45,104.460
861,10/23/2025 08:32:15,11.43,104.473
862,10/23/2025 08:42:15,11.41,104.477
863,10/23/2025 08:52:15,11.40,104.441
864,10/23/2025 09:02:15,11.40,104.441
865,10/23/2025 09:12:15,11.39,104.440
866,10/23/2025 09:22:15,11.38,104.449
867,10/23/2025 09:32:15,11.38,104.475
868,10/23/2025 09:42:15,11.39,104.440
869,10/23/2025 09:52:15,11.39,104.458
870,10/23/2025 10:02:15,11.40,104.454
871,10/23/2025 10:12:15,11.40,104.450
872,10/23/2025 10:22:15,11.41,104.428
873,10/23/2025 10:32:15,11.42,104.428
874,10/23/2025 10:42:15,11.44,104.407
875,10/23/2025 10:52:15,11.46,104.421
876,10/23/2025 11:02:15,11.49,104.417
877,10/23/2025 11:12:15,11.52,104.418
878,10/23/2025 11:22:15,11.55,104.402
879,10/23/2025 11:32:15,11.58,104.403
880,10/23/2025 11:42:15,11.61,104.391
881,10/23/2025 11:52:15,11.64,104.383
882,10/23/2025 12:02:15,11.67,104.384
883,10/23/2025 12:12:15,11.70,104.359
884,10/23/2025 12:22:15,11.75,104.356
885,10/23/2025 12:32:15,11.79,104.340
886,10/23/2025 12:42:15,11.85,104.328
887,10/23/2025 12:52:15,11.91,104.313
888,10/23/2025 13:02:15,11.96,104.310
889,10/23/2025 13:12:15,12.01,104.303
890,10/23/2025 13:22:15,12.06,104.278
891,10/23/2025 13:32:15,12.09,104.275
892,10/23/2025 13:42:15,12.13,104.259
893,10/23/2025 13:52:15,12.17,104.264
894,10/23/2025 14:02:15,12.20,104.234
895,10/23/2025 14:12:15,12.22,104.218
896,10/23/2025 14:22:15,12.25,104.219
897,10/23/2025 14:32:15,12.28,104.233
898,10/23/2025 14:42:15,12.30,104.238
899,10/23/2025 14:52:15,12.32,104.238
900,10/23/2025 15:02:15,12.32,104.234
901,10/23/2025 15:12:15,12.33,104.248
902,10/23/2025 15:22:15,12.34,104.230
903,10/23/2025 15:32:15,12.34,104.257
904,10/23/2025 15:42:15,12.34,104.266
905,10/23/2025 15:52:15,12.33,104.252
906,10/23/2025 16:02:15,12.33,104.266
907,10/23/2025 16:12:15,12.34,104.279
908,10/23/2025 16:22:15,12.34,104.261
909,10/23/2025 16:32:15,12.34,104.266
910,10/23/2025 16:42:15,12.35,104.288
911,10/23/2025 16:52:15,12.35,104.288
912,10/23/2025 17:02:15,12.35,104.297
913,10/23/2025 17:12:15,12.35,104.302
914,10/23/2025 17:22:15,12.35,104.315
915,10/23/2025 17:32:15,12.35,104.306
916,10/23/2025 17:42:15,12.35,104.310
917,10/23/2025 17:52:15,12.35,104.319
918,10/23/2025 18:02:15,12.35,104.328
919,10/23/2025 18:12:15,12.35,104.328
920,10/23/2025 18:22:15,12.36,104.337
921,10/23/2025 18:32:15,12.36,104.350
922,10/23/2025 18:42:15,12.36,104.355
923,10/23/2025 18:52:15,12.37,104.351
924,10/23/2025 19:02:15,12.37,104.377
925,10/23/2025 19:12:15,12.38,104.386
926,10/23/2025 19:22:15,12.38,104.391
927,10/23/2025 19:32:15,12.38,104.382
928,10/23/2025 19:42:15,12.38,104.382
929,10/23/2025 19:52:15,12.38,104.386
930,10/23/2025 20:02:15,12.38,104.382
931,10/23/2025 20:12:15,12.38,104.395
932,10/23/2025 20:22:15,12.38,104.400
933,10/23/2025 20:32:15,12.38,104.417
934,10/23/2025 20:42:15,12.37,104.426
935,10/23/2025 20:52:15,12.37,104.435
936,10/23/2025 21:02:15,12.36,104.461
937,10/23/2025 21:12:15,12.36,104.465
938,10/23/2025 21:22:15,12.35,104.478
939,10/23/2025 21:32:15,12.34,104.473
940,10/23/2025 21:42:15,12.33,104.473
941,10/23/2025 21:52:15,12.32,104.486
942,10/23/2025 22:02:15,12.31,104.481
943,10/23/2025 22:12:15,12.30,104.503
944,10/23/2025 22:22:15,12.28,104.489
945,10/23/2025 22:32:15,12.27,104.502
946,10/23/2025 22:42:15,12.25,104.510
947,10/23/2025 22:52:15,12.23,104.496
948,10/23/2025 23:02:15,12.21,104.491
949,10/23/2025 23:12:15,12.19,104.495
950,10/23/2025 23:22:15,12.17,104.503
951,10/23/2025 23:32:15,12.15,104.511
952,10/23/2025 23:42:15,12.13,104.492
953,10/23/2025 23:52:15,12.11,104.496
954,10/24/2025 00:02:15,12.09,104.504
955,10/24/2025 00:12:15,12.07,104.482
956,10/24/2025 00:22:15,12.04,104.476
957,10/24/2025 00:32:15,12.02,104.475
958,10/24/2025 00:42:15,11.99,104.475
959,10/24/2025 00:52:15,11.97,104.474
960,10/24/2025 01:02:15,11.94,104.468
961,10/24/2025 01:12:15,11.91,104.459
962,10/24/2025 01:22:15,11.89,104.458
963,10/24/2025 01:32:15,11.86,104.465
964,10/24/2025 01:42:15,11.83,104.464
965,10/24/2025 01:52:15,11.80,104.455
966,10/24/2025 02:02:15,11.77,104.458
967,10/24/2025 02:12:15,11.74,104.453
968,10/24/2025 02:22:15,11.72,104.452
969,10/24/2025 02:32:15,11.68,104.451
970,10/24/2025 02:42:15,11.65,104.449
971,10/24/2025 02:52:15,11.62,104.475
972,10/24/2025 03:02:15,11.58,104.482
973,10/24/2025 03:12:15,11.54,104.472
974,10/24/2025 03:22:15,11.51,104.471
975,10/24/2025 03:32:15,11.47,104.461
976,10/24/2025 03:42:15,11.43,104.464
977,10/24/2025 03:52:15,11.39,104.462
978,10/24/2025 04:02:15,11.35,104.461
979,10/24/2025 04:12:15,11.31,104.460
980,10/24/2025 04:22:15,11.27,104.480
981,10/24/2025 04:32:15,11.22,104.466
982,10/24/2025 04:42:15,11.18,104.491
983,10/24/2025 04:52:15,11.14,104.493
984,10/24/2025 05:02:15,11.10,104.496
985,10/24/2025 05:12:15,11.05,104.508
986,10/24/2025 05:22:15,11.01,104.511
987,10/24/2025 05:32:15,10.97,104.518
988,10/24/2025 05:42:15,10.93,104.517
989,10/24/2025 05:52:15,10.89,104.533
990,10/24/2025 06:02:15,10.85,104.523
991,10/24/2025 06:12:15,10.80,104.517
992,10/24/2025 06:22:15,10.76,104.524
993,10/24/2025 06:32:15,10.72,104.541
994,10/24/2025 06:42:15,10.67,104.557
995,10/24/2025 06:52:15,10.63,104.542
996,10/24/2025 07:02:15,10.59,104.536
997,10/24/2025 07:12:15,10.55,104.552
998,10/24/2025 07:22:15,10.50,104.573
999,10/24/2025 07:32:15,10.46,104.598
1000,10/24/2025 07:42:15,10.41,104.609
1001,10/24/2025 07:52:15,10.37,104.617
1002,10/24/2025 08:02:15,10.34,104.633
1003,10/24/2025 08:12:15,10.30,104.628
1004,10/24/2025 08:22:15,10.27,104.648
1005,10/24/2025 08:32:15,10.24,104.648
1006,10/24/2025 08:42:15,10.21,104.647
1007,10/24/2025 08:52:15,10.19,104.668
1008,10/24/2025 09:02:15,10.17,104.663
1009,10/24/2025 09:12:15,10.15,104.666
1010,10/24/2025 09:22:15,10.14,104.662
1011,10/24/2025 09:32:15,10.14,104.666
1012,10/24/2025 09:42:15,10.14,104.675
1013,10/24/2025 09:52:15,10.14,104.657
1014,10/24/2025 10:02:15,10.14,104.657
1015,10/24/2025 10:12:15,10.14,104.657
1016,10/24/2025 10:22:15,10.15,104.671
1017,10/24/2025 10:32:15,10.16,104.645
1018,10/24/2025 10:42:15,10.17,104.641
1019,10/24/2025 10:52:15,10.18,104.646
1020,10/24/2025 11:02:15,10.20,104.659
1021,10/24/2025 11:12:15,10.22,104.642
1022,10/24/2025 11:22:15,10.24,104.621
1023,10/24/2025 11:32:15,10.27,104.618
1024,10/24/2025 11:42:15,10.29,104.618
1025,10/24/2025 11:52:15,10.31,104.610
1026,10/24/2025 12:02:15,10.35,104.612
1027,10/24/2025 12:12:15,10.40,104.596
1028,10/24/2025 12:22:15,10.46,104.584
1029,10/24/2025 12:32:15,10.50,104.573
1030,10/24/2025 12:42:15,10.54,104.552
1031,10/24/2025 12:52:15,10.58,104.549
1032,10/24/2025 13:02:15,10.63,104.533
1033,10/24/2025 13:12:15,10.69,104.504
1034,10/24/2025 13:22:15,10.76,104.507
1035,10/24/2025 13:32:15,10.84,104.492
1036,10/24/2025 13:42:15,10.92,104.504
1037,10/24/2025 13:52:15,10.99,104.511
1038,10/24/2025 14:02:15,11.05,104.508
1039,10/24/2025 14:12:15,11.10,104.510
1040,10/24/2025 14:22:15,11.14,104.511
1041,10/24/2025 14:32:15,11.18,104.508
1042,10/24/2025 14:42:15,11.21,104.518
1043,10/24/2025 14:52:15,11.22,104.532
1044,10/24/2025 15:02:15,11.23,104.505
1045,10/24/2025 15:12:15,11.23,104.505
1046,10/24/2025 15:22:15,11.24,104.510
1047,10/24/2025 15:32:15,11.25,104.515
1048,10/24/2025 15:42:15,11.27,104.533
1049,10/24/2025 15:52:15,11.28,104.507
1050,10/24/2025 16:02:15,11.29,104.529
1051,10/24/2025 16:12:15,11.29,104.521
1052,10/24/2025 16:22:15,11.30,104.534
1053,10/24/2025 16:32:15,11.30,104.543
1054,10/24/2025 16:42:15,11.30,104.565
1055,10/24/2025 16:52:15,11.30,104.570
1056,10/24/2025 17:02:15,11.29,104.596
1057,10/24/2025 17:12:15,11.29,104.609
1058,10/24/2025 17:22:15,11.28,104.613
1059,10/24/2025 17:32:15,11.28,104.631
1060,10/24/2025 17:42:15,11.27,104.635
1061,10/24/2025 17:52:15,11.26,104.657
1062,10/24/2025 18:02:15,11.25,104.669
1063,10/24/2025 18:12:15,11.24,104.678
1064,10/24/2025 18:22:15,11.24,104.704
1065,10/24/2025 18:32:15,11.23,104.713
1066,10/24/2025 18:42:15,11.23,104.726
1067,10/24/2025 18:52:15,11.22,104.735
1068,10/24/2025 19:02:15,11.22,104.752
1069,10/24/2025 19:12:15,11.21,104.765
1070,10/24/2025 19:22:15,11.21,104.774
1071,10/24/2025 19:32:15,11.20,104.769
1072,10/24/2025 19:42:15,11.19,104.804
1073,10/24/2025 19:52:15,11.17,104.799
1074,10/24/2025 20:02:15,11.17,104.816
1075,10/24/2025 20:12:15,11.16,104.794
1076,10/24/2025 20:22:15,11.15,104.812
1077,10/24/2025 20:32:15,11.14,104.802
1078,10/24/2025 20:42:15,11.13,104.824
1079,10/24/2025 20:52:15,11.13,104.819
1080,10/24/2025 21:02:15,11.12,104.841
1081,10/24/2025 21:12:15,11.12,104.841
1082,10/24/2025 21:22:15,11.11,104.837
1083,10/24/2025 21:32:15,11.11,104.858
1084,10/24/2025 21:42:15,11.10,104.836
1085,10/24/2025 21:52:15,11.10,104.845
1086,10/24/2025 22:02:15,11.10,104.849
1087,10/24/2025 22:12:15,11.09,104.858
1088,10/24/2025 22:22:15,11.09,104.867
1089,10/24/2025 22:32:15,11.08,104.875
1090,10/24/2025 22:42:15,11.07,104.884
1091,10/24/2025 22:52:15,11.06,104.888
1092,10/24/2025 23:02:15,11.06,104.888
1093,10/24/2025 23:12:15,11.05,104.883
1094,10/24/2025 23:22:15,11.04,104.878
1095,10/24/2025 23:32:15,11.02,104.864
1096,10/24/2025 23:42:15,11.00,104.886
1097,10/24/2025 23:52:15,10.98,104.889
1098,10/25/2025 00:02:15,10.97,104.898
1099,10/25/2025 00:12:15,10.95,104.888
1100,10/25/2025 00:22:15,10.93,104.901
1101,10/25/2025 00:32:15,10.91,104.922
1102,10/25/2025 00:42:15,10.89,104.926
1103,10/25/2025 00:52:15,10.87,104.943
1104,10/25/2025 01:02:15,10.84,104.955
1105,10/25/2025 01:12:15,10.82,104.976
1106,10/25/2025 01:22:15,10.79,104.966
1107,10/25/2025 01:32:15,10.76,104.961
1108,10/25/2025 01:42:15,10.73,104.978
1109,10/25/2025 01:52:15,10.70,104.981
1110,10/25/2025 02:02:15,10.67,104.984
1111,10/25/2025 02:12:15,10.64,105.014
1112,10/25/2025 02:22:15,10.61,105.004
1113,10/25/2025 02:32:15,10.57,104.999
1114,10/25/2025 02:42:15,10.54,105.028
1115,10/25/2025 02:52:15,10.51,105.018
1116,10/25/2025 03:02:15,10.48,105.035
1117,10/25/2025 03:12:15,10.45,105.038
1118,10/25/2025 03:22:15,10.42,105.042
1119,10/25/2025 03:32:15,10.39,105.054
1120,10/25/2025 03:42:15,10.36,105.049
1121,10/25/2025 03:52:15,10.33,105.056
1122,10/25/2025 04:02:15,10.30,105.069
1123,10/25/2025 04:12:15,10.27,105.063
1124,10/25/2025 04:22:15,10.24,105.062
1125,10/25/2025 04:32:15,10.21,105.070
1126,10/25/2025 04:42:15,10.17,105.086
1127,10/25/2025 04:52:15,10.14,105.081
1128,10/25/2025 05:02:15,10.11,105.102
1129,10/25/2025 05:12:15,10.08,105.096
1130,10/25/2025 05:22:15,10.04,105.104
1131,10/25/2025 05:32:15,10.01,105.116
1132,10/25/2025 05:42:15,9.97,105.119
1133,10/25/2025 05:52:15,9.93,105.135
1134,10/25/2025 06:02:15,9.90,105.138
1135,10/25/2025 06:12:15,9.86,105.150
1136,10/25/2025 06:22:15,9.82,105.180
1137,10/25/2025 06:32:15,9.78,105.183
1138,10/25/2025 06:42:15,9.74,105.208
1139,10/25/2025 06:52:15,9.70,105.197
1140,10/25/2025 07:02:15,9.66,105.196
1141,10/25/2025 07:12:15,9.62,105.217
1142,10/25/2025 07:22:15,9.58,105.237
1143,10/25/2025 07:32:15,9.54,105.249
1144,10/25/2025 07:42:15,9.50,105.252
1145,10/25/2025 07:52:15,9.47,105.268
1146,10/25/2025 08:02:15,9.43,105.289
1147,10/25/2025 08:12:15,9.39,105.288
1148,10/25/2025 08:22:15,9.36,105.304
1149,10/25/2025 08:32:15,9.33,105.330
1150,10/25/2025 08:42:15,9.30,105.333
1151,10/25/2025 08:52:15,9.27,105.337
1152,10/25/2025 09:02:15,9.25,105.336
1153,10/25/2025 09:12:15,9.23,105.326
1154,10/25/2025 09:22:15,9.21,105.317
1155,10/25/2025 09:32:15,9.20,105.316
1156,10/25/2025 09:42:15,9.19,105.329
1157,10/25/2025 09:52:15,9.19,105.316
1158,10/25/2025 10:02:15,9.20,105.285
1159,10/25/2025 10:12:15,9.20,105.281
1160,10/25/2025 10:22:15,9.22,105.299
1161,10/25/2025 10:32:15,9.24,105.309
1162,10/25/2025 10:42:15,9.26,105.314
1163,10/25/2025 10:52:15,9.30,105.324
1164,10/25/2025 11:02:15,9.33,105.312
1165,10/25/2025 11:12:15,9.37,105.314
1166,10/25/2025 11:22:15,9.41,105.337
1167,10/25/2025 11:32:15,9.45,105.325
1168,10/25/2025 11:42:15,9.49,105.318
1169,10/25/2025 11:52:15,9.54,105.311
1170,10/25/2025 12:02:15,9.59,105.312
1171,10/25/2025 12:12:15,9.64,105.319
1172,10/25/2025 12:22:15,9.71,105.312
1173,10/25/2025 12:32:15,9.77,105.297
1174,10/25/2025 12:42:15,9.83,105.286
1175,10/25/2025 12:52:15,9.90,105.275
1176,10/25/2025 13:02:15,9.96,105.255
1177,10/25/2025 13:12:15,10.02,105.239
1178,10/25/2025 13:22:15,10.07,105.237
1179,10/25/2025 13:32:15,10.13,105.226
1180,10/25/2025 13:42:15,10.19,105.201
1181,10/25/2025 13:52:15,10.24,105.194
1182,10/25/2025 14:02:15,10.28,105.182
1183,10/25/2025 14:12:15,10.31,105.153
1184,10/25/2025 14:22:15,10.35,105.154
1185,10/25/2025 14:32:15,10.38,105.142
1186,10/25/2025 14:42:15,10.39,105.125
1187,10/25/2025 14:52:15,10.40,105.129
1188,10/25/2025 15:02:15,10.40,105.138
1189,10/25/2025 15:12:15,10.40,105.120
1190,10/25/2025 15:22:15,10.39,105.129
1191,10/25/2025 15:32:15,10.38,105.146
1192,10/25/2025 15:42:15,10.38,105.151
1193,10/25/2025 15:52:15,10.37,105.172
1194,10/25/2025 16:02:15,10.37,105.181
1195,10/25/2025 16:12:15,10.37,105.190
1196,10/25/2025 16:22:15,10.37,105.190
1197,10/25/2025 16:32:15,10.37,105.208
1198,10/25/2025 16:42:15,10.38,105.204
1199,10/25/2025 16:52:15,10.39,105.204
1200,10/25/2025 17:02:15,10.39,105.217
1201,10/25/2025 17:12:15,10.40,105.217
1202,10/25/2025 17:22:15,10.40,105.222
1203,10/25/2025 17:32:15,10.40,105.231
1204,10/25/2025 17:42:15,10.39,105.235
1205,10/25/2025 17:52:15,10.40,105.217
1206,10/25/2025 18:02:15,10.40,105.217
1207,10/25/2025 18:12:15,10.39,105.239
1208,10/25/2025 18:22:15,10.39,105.244
1209,10/25/2025 18:32:15,10.38,105.239
1210,10/25/2025 18:42:15,10.37,105.243
1211,10/25/2025 18:52:15,10.37,105.247
1212,10/25/2025 19:02:15,10.36,105.234
1213,10/25/2025 19:12:15,10.35,105.251
1214,10/25/2025 19:22:15,10.33,105.272
1215,10/25/2025 19:32:15,10.31,105.303
1216,10/25/2025 19:42:15,10.29,105.297
1217,10/25/2025 19:52:15,10.28,105.315
1218,10/25/2025 20:02:15,10.26,105.305
1219,10/25/2025 20:12:15,10.25,105.300
1220,10/25/2025 20:22:15,10.23,105.300
1221,10/25/2025 20:32:15,10.22,105.299
1222,10/25/2025 20:42:15,10.21,105.294
1223,10/25/2025 20:52:15,10.20,105.299
1224,10/25/2025 21:02:15,10.19,105.303
1225,10/25/2025 21:12:15,10.18,105.311
1226,10/25/2025 21:22:15,10.18,105.289
1227,10/25/2025 21:32:15,10.17,105.311
1228,10/25/2025 21:42:15,10.16,105.319
1229,10/25/2025 21:52:15,10.15,105.297
1230,10/25/2025 22:02:15,10.14,105.288
1231,10/25/2025 22:12:15,10.13,105.288
1232,10/25/2025 22:22:15,10.12,105.296
1233,10/25/2025 22:32:15,10.11,105.291
1234,10/25/2025 22:42:15,10.10,105.291
1235,10/25/2025 22:52:15,10.09,105.299
1236,10/25/2025 23:02:15,10.07,105.285
1237,10/25/2025 23:12:15,10.06,105.289
1238,10/25/2025 23:22:15,10.05,105.307
1239,10/25/2025 23:32:15,10.04,105.315
1240,10/25/2025 23:42:15,10.03,105.284
1241,10/25/2025 23:52:15,10.02,105.284
1242,10/26/2025 00:02:15,10.01,105.288
1243,10/26/2025 00:12:15,10.00,105.283
1244,10/26/2025 00:22:15,9.99,105.291
1245,10/26/2025 00:32:15,9.97,105.291
1246,10/26/2025 00:42:15,9.96,105.299
1247,10/26/2025 00:52:15,9.95,105.281
1248,10/26/2025 01:02:15,9.93,105.293
1249,10/26/2025 01:12:15,9.90,105.284
1250,10/26/2025 01:22:15,9.88,105.287
1251,10/26/2025 01:32:15,9.85,105.286
1252,10/26/2025 01:42:15,9.83,105.286
1253,10/26/2025 01:52:15,9.80,105.302
1254,10/26/2025 02:02:15,9.77,105.315
1255,10/26/2025 02:12:15,9.75,105.318
1256,10/26/2025 02:22:15,9.72,105.313
1257,10/26/2025 02:32:15,9.69,105.303
1258,10/26/2025 02:42:15,9.67,105.311
1259,10/26/2025 02:52:15,9.64,105.292
1260,10/26/2025 03:02:15,9.60,105.295
1261,10/26/2025 03:12:15,9.57,105.299
1262,10/26/2025 03:22:15,9.54,105.289
1263,10/26/2025 03:32:15,9.52,105.284
1264,10/26/2025 03:42:15,9.50,105.270
1265,10/26/2025 03:52:15,9.47,105.269
1266,10/26/2025 04:02:15,9.45,105.290
1267,10/26/2025 04:12:15,9.42,105.280
1268,10/26/2025 04:22:15,9.40,105.266
1269,10/26/2025 04:32:15,9.37,105.270
1270,10/26/2025 04:42:15,9.34,105.291
1271,10/26/2025 04:52:15,9.31,105.289
1272,10/26/2025 05:02:15,9.28,105.301
1273,10/26/2025 05:12:15,9.24,105.287
1274,10/26/2025 05:22:15,9.21,105.295
1275,10/26/2025 05:32:15,9.17,105.289
1276,10/26/2025 05:42:15,9.14,105.288
1277,10/26/2025 05:52:15,9.10,105.291
1278,10/26/2025 06:02:15,9.07,105.307
1279,10/26/2025 06:12:15,9.04,105.306
1280,10/26/2025 06:22:15,9.01,105.305
1281,10/26/2025 06:32:15,8.98,105.318
1282,10/26/2025 06:42:15,8.95,105.325
1283,10/26/2025 06:52:15,8.92,105.329
1284,10/26/2025 07:02:15,8.89,105.345
1285,10/26/2025 07:12:15,8.86,105.344
1286,10/26/2025 07:22:15,8.82,105.361
1287,10/26/2025 07:32:15,8.79,105.373
1288,10/26/2025 07:42:15,8.76,105.385
1289,10/26/2025 07:52:15,8.73,105.388
1290,10/26/2025 08:02:15,8.70,105.387
1291,10/26/2025 08:12:15,8.67,105.395
1292,10/26/2025 08:22:15,8.64,105.420
1293,10/26/2025 08:32:15,8.61,105.410
1294,10/26/2025 08:42:15,8.59,105.431
1295,10/26/2025 08:52:15,8.56,105.431
1296,10/26/2025 09:02:15,8.54,105.443
1297,10/26/2025 09:12:15,8.53,105.434
1298,10/26/2025 09:22:15,8.52,105.438
1299,10/26/2025 09:32:15,8.52,105.425
1300,10/26/2025 09:42:15,8.52,105.407
1301,10/26/2025 09:52:15,8.52,105.420
1302,10/26/2025 10:02:15,8.52,105.407
1303,10/26/2025 10:12:15,8.53,105.399
1304,10/26/2025 10:22:15,8.54,105.408
1305,10/26/2025 10:32:15,8.56,105.395
1306,10/26/2025 10:42:15,8.58,105.387
1307,10/26/2025 10:52:15,8.61,105.375
1308,10/26/2025 11:02:15,8.64,105.358
1309,10/26/2025 11:12:15,8.68,105.351
1310,10/26/2025 11:22:15,8.72,105.344
1311,10/26/2025 11:32:15,8.77,105.328
1312,10/26/2025 11:42:15,8.82,105.321
1313,10/26/2025 11:52:15,8.87,105.318
1314,10/26/2025 12:02:15,8.92,105.307
1315,10/26/2025 12:12:15,8.99,105.309
1316,10/26/2025 12:22:15,9.06,105.285
1317,10/26/2025 12:32:15,9.13,105.261
1318,10/26/2025 12:42:15,9.21,105.246
1319,10/26/2025 12:52:15,9.28,105.244
1320,10/26/2025 13:02:15,9.36,105.230
1321,10/26/2025 13:12:15,9.44,105.215
1322,10/26/2025 13:22:15,9.53,105.204
1323,10/26/2025 13:32:15,9.60,105.203
1324,10/26/2025 13:42:15,9.66,105.169
1325,10/26/2025 13:52:15,9.71,105.171
1326,10/26/2025 14:02:15,9.75,105.168
1327,10/26/2025 14:12:15,9.80,105.161
1328,10/26/2025 14:22:15,9.85,105.154
1329,10/26/2025 14:32:15,9.88,105.155
1330,10/26/2025 14:42:15,9.92,105.156
1331,10/26/2025 14:52:15,9.94,105.149
1332,10/26/2025 15:02:15,9.96,105.114
1333,10/26/2025 15:12:15,9.97,105.114
1334,10/26/2025 15:22:15,9.96,105.114
1335,10/26/2025 15:32:15,9.94,105.118
1336,10/26/2025 15:42:15,9.92,105.112
1337,10/26/2025 15:52:15,9.90,105.094
1338,10/26/2025 16:02:15,9.89,105.103
1339,10/26/2025 16:12:15,9.88,105.102
1340,10/26/2025 16:22:15,9.88,105.111
1341,10/26/2025 16:32:15,9.87,105.098
1342,10/26/2025 16:42:15,9.87,105.093
1343,10/26/2025 16:52:15,9.86,105.106
1344,10/26/2025 17:02:15,9.86,105.115
1345,10/26/2025 17:12:15,9.86,105.128
1346,10/26/2025 17:22:15,9.85,105.141
1347,10/26/2025 17:32:15,9.85,105.136
1348,10/26/2025 17:42:15,9.84,105.149
1349,10/26/2025 17:52:15,9.83,105.149
1350,10/26/2025 18:02:15,9.83,105.149
1351,10/26/2025 18:12:15,9.81,105.140
1352,10/26/2025 18:22:15,9.79,105.165
1353,10/26/2025 18:32:15,9.77,105.182
1354,10/26/2025 18:42:15,9.75,105.182
1355,10/26/2025 18:52:15,9.74,105.190
1356,10/26/2025 19:02:15,9.72,105.207
1357,10/26/2025 19:12:15,9.70,105.215
1358,10/26/2025 19:22:15,9.68,105.223
1359,10/26/2025 19:32:15,9.66,105.236
1360,10/26/2025 19:42:15,9.63,105.244
1361,10/26/2025 19:52:15,9.61,105.256
1362,10/26/2025 20:02:15,9.59,105.268
1363,10/26/2025 20:12:15,9.57,105.263
1364,10/26/2025 20:22:15,9.55,105.276
1365,10/26/2025 20:32:15,9.53,105.306
1366,10/26/2025 20:42:15,9.51,105.292
1367,10/26/2025 20:52:15,9.50,105.314
1368,10/26/2025 21:02:15,9.49,105.322
1369,10/26/2025 21:12:15,9.47,105.322
1370,10/26/2025 21:22:15,9.46,105.339
1371,10/26/2025 21:32:15,9.45,105.360
1372,10/26/2025 21:42:15,9.43,105.355
1373,10/26/2025 21:52:15,9.42,105.359
1374,10/26/2025 22:02:15,9.40,105.363
1375,10/26/2025 22:12:15,9.39,105.367
1376,10/26/2025 22:22:15,9.37,105.358
1377,10/26/2025 22:32:15,9.35,105.357
1378,10/26/2025 22:42:15,9.34,105.365
1379,10/26/2025 22:52:15,9.33,105.374
1380,10/26/2025 23:02:15,9.31,105.369
1381,10/26/2025 23:12:15,9.30,105.373
1382,10/26/2025 23:22:15,9.28,105.381
1383,10/26/2025 23:32:15,9.27,105.376
1384,10/26/2025 23:42:15,9.26,105.380
1385,10/26/2025 23:52:15,9.25,105.367
1386,10/27/2025 00:02:15,9.23,105.348
1387,10/27/2025 00:12:15,9.22,105.352
1388,10/27/2025 00:22:15,9.20,105.360
1389,10/27/2025 00:32:15,9.18,105.355
1390,10/27/2025 00:42:15,9.16,105.341
1391,10/27/2025 00:52:15,9.13,105.336
1392,10/27/2025 01:02:15,9.11,105.348
1393,10/27/2025 01:12:15,9.08,105.348
1394,10/27/2025 01:22:15,9.06,105.347
1395,10/27/2025 01:32:15,9.03,105.346
1396,10/27/2025 01:42:15,9.00,105.340
1397,10/27/2025 01:52:15,8.97,105.357
1398,10/27/2025 02:02:15,8.94,105.356
1399,10/27/2025 02:12:15,8.91,105.337
1400,10/27/2025 02:22:15,8.88,105.354
1401,10/27/2025 02:32:15,8.85,105.335
1402,10/27/2025 02:42:15,8.82,105.338
1403,10/27/2025 02:52:15,8.79,105.315
1404,10/27/2025 03:02:15,8.76,105.323
1405,10/27/2025 03:12:15,8.72,105.309
1406,10/27/2025 03:22:15,8.69,105.312
1407,10/27/2025 03:32:15,8.65,105.310
1408,10/27/2025 03:42:15,8.62,105.327
1409,10/27/2025 03:52:15,8.58,105.304
1410,10/27/2025 04:02:15,8.55,105.294
1411,10/27/2025 04:12:15,8.51,105.275
1412,10/27/2025 04:22:15,8.48,105.278
1413,10/27/2025 04:32:15,8.44,105.263
1414,10/27/2025 04:42:15,8.41,105.271
1415,10/27/2025 04:52:15,8.37,105.283
1416,10/27/2025 05:02:15,8.34,105.286
1417,10/27/2025 05:12:15,8.30,105.285
1418,10/27/2025 05:22:15,8.27,105.301
1419,10/27/2025 05:32:15,8.24,105.296
1420,10/27/2025 05:42:15,8.20,105.303
1421,10/27/2025 05:52:15,8.16,105.307
1422,10/27/2025 06:02:15,8.13,105.314
1423,10/27/2025 06:12:15,8.09,105.308
1424,10/27/2025 06:22:15,8.05,105.320
1425,10/27/2025 06:32:15,8.02,105.315
1426,10/27/2025 06:42:15,7.98,105.309
1427,10/27/2025 06:52:15,7.94,105.334
1428,10/27/2025 07:02:15,7.90,105.315
1429,10/27/2025 07:12:15,7.86,105.322
1430,10/27/2025 07:22:15,7.82,105.334
1431,10/27/2025 07:32:15,7.79,105.350
1432,10/27/2025 07:42:15,7.75,105.367
1433,10/27/2025 07:52:15,7.71,105.374
1434,10/27/2025 08:02:15,7.68,105.386
1435,10/27/2025 08:12:15,7.65,105.403
1436,10/27/2025 08:22:15,7.63,105.398
1437,10/27/2025 08:32:15,7.61,105.402
1438,10/27/2025 08:42:15,7.59,105.396
1439,10/27/2025 08:52:15,7.57,105.405
1440,10/27/2025 09:02:15,7.56,105.400
1441,10/27/2025 09:12:15,7.54,105.395
1442,10/27/2025 09:22:15,7.53,105.385
1443,10/27/2025 09:32:15,7.51,105.372
1444,10/27/2025 09:42:15,7.50,105.354
1445,10/27/2025 09:52:15,7.50,105.353
1446,10/27/2025 10:02:15,7.50,105.340
1447,10/27/2025 10:12:15,7.50,105.345
1448,10/27/2025 10:22:15,7.51,105.332
1449,10/27/2025 10:32:15,7.52,105.324
1450,10/27/2025 10:42:15,7.54,105.316
1451,10/27/2025 10:52:15,7.57,105.303
1452,10/27/2025 11:02:15,7.61,105.309
1453,10/27/2025 11:12:15,7.67,105.298
1454,10/27/2025 11:22:15,7.72,105.295
1455,10/27/2025 11:32:15,7.77,105.306
1456,10/27/2025 11:42:15,7.82,105.281
1457,10/27/2025 11:52:15,7.88,105.252
1458,10/27/2025 12:02:15,7.94,105.255
1459,10/27/2025 12:12:15,8.00,105.230
1460,10/27/2025 12:22:15,8.06,105.206
1461,10/27/2025 12:32:15,8.13,105.195
1462,10/27/2025 12:42:15,8.21,105.189
1463,10/27/2025 12:52:15,8.29,105.170
1464,10/27/2025 13:02:15,8.37,105.164
1465,10/27/2025 13:12:15,8.46,105.150
1466,10/27/2025 13:22:15,8.55,105.140
1467,10/27/2025 13:32:15,8.64,105.134
1468,10/27/2025 13:42:15,8.72,105.123
1469,10/27/2025 13:52:15,8.79,105.122
1470,10/27/2025 14:02:15,8.86,105.106
1471,10/27/2025 14:12:15,8.92,105.104
1472,10/27/2025 14:22:15,8.97,105.097
1473,10/27/2025 14:32:15,9.02,105.103
1474,10/27/2025 14:42:15,9.07,105.113
1475,10/27/2025 14:52:15,9.09,105.097
1476,10/27/2025 15:02:15,9.11,105.093
1477,10/27/2025 15:12:15,9.12,105.080
1478,10/27/2025 15:22:15,9.13,105.085
1479,10/27/2025 15:32:15,9.12,105.084
1480,10/27/2025 15:42:15,9.10,105.079
1481,10/27/2025 15:52:15,9.09,105.079
1482,10/27/2025 16:02:15,9.08,105.079
1483,10/27/2025 16:12:15,9.07,105.083
1484,10/27/2025 16:22:15,9.07,105.074
1485,10/27/2025 16:32:15,9.07,105.070
1486,10/27/2025 16:42:15,9.07,105.087
1487,10/27/2025 16:52:15,9.07,105.065
1488,10/27/2025 17:02:15,9.07,105.074
1489,10/27/2025 17:12:15,9.06,105.074
1490,10/27/2025 17:22:15,9.06,105.078
1491,10/27/2025 17:32:15,9.05,105.087
1492,10/27/2025 17:42:15,9.05,105.086
1493,10/27/2025 17:52:15,9.03,105.104
1494,10/27/2025 18:02:15,9.02,105.107
1495,10/27/2025 18:12:15,9.01,105.138
1496,10/27/2025 18:22:15,8.99,105.151
1497,10/27/2025 18:32:15,8.98,105.172
1498,10/27/2025 18:42:15,8.97,105.158
1499,10/27/2025 18:52:15,8.95,105.167
1500,10/27/2025 19:02:15,8.94,105.171
1501,10/27/2025 19:12:15,8.93,105.192
1502,10/27/2025 19:22:15,8.91,105.196
1503,10/27/2025 19:32:15,8.91,105.200
1504,10/27/2025 19:42:15,8.90,105.209
1505,10/27/2025 19:52:15,8.88,105.226
1506,10/27/2025 20:02:15,8.86,105.212
1507,10/27/2025 20:12:15,8.85,105.220
1508,10/27/2025 20:22:15,8.83,105.229
1509,10/27/2025 20:32:15,8.82,105.224
1510,10/27/2025 20:42:15,8.80,105.245
1511,10/27/2025 20:52:15,8.79,105.267
1512,10/27/2025 21:02:15,8.78,105.280
1513,10/27/2025 21:12:15,8.76,105.284
1514,10/27/2025 21:22:15,8.75,105.270
1515,10/27/2025 21:32:15,8.75,105.270
1516,10/27/2025 21:42:15,8.75,105.283
1517,10/27/2025 21:52:15,8.74,105.296
1518,10/27/2025 22:02:15,8.74,105.296
1519,10/27/2025 22:12:15,8.73,105.326
1520,10/27/2025 22:22:15,8.72,105.322
1521,10/27/2025 22:32:15,8.72,105.313
1522,10/27/2025 22:42:15,8.71,105.304
1523,10/27/2025 22:52:15,8.70,105.308
1524,10/27/2025 23:02:15,8.69,105.285
1525,10/27/2025 23:12:15,8.67,105.311
1526,10/27/2025 23:22:15,8.66,105.311
1527,10/27/2025 23:32:15,8.65,105.302
1528,10/27/2025 23:42:15,8.64,105.315
1529,10/27/2025 23:52:15,8.63,105.314
1530,10/28/2025 00:02:15,8.62,105.331
1531,10/28/2025 00:12:15,8.61,105.322
1532,10/28/2025 00:22:15,8.60,105.322
1533,10/28/2025 00:32:15,8.58,105.330
1534,10/28/2025 00:42:15,8.57,105.338
1535,10/28/2025 00:52:15,8.55,105.329
1536,10/28/2025 01:02:15,8.54,105.324
1537,10/28/2025 01:12:15,8.52,105.319
1538,10/28/2025 01:22:15,8.51,105.341
1539,10/28/2025 01:32:15,8.49,105.327
1540,10/28/2025 01:42:15,8.47,105.335
1541,10/28/2025 01:52:15,8.45,105.330
1542,10/28/2025 02:02:15,8.43,105.333
1543,10/28/2025 02:12:15,8.40,105.337
1544,10/28/2025 02:22:15,8.38,105.332
1545,10/28/2025 02:32:15,8.35,105.318
1546,10/28/2025 02:42:15,8.33,105.317
1547,10/28/2025 02:52:15,8.30,105.325
1548,10/28/2025 03:02:15,8.28,105.306
1549,10/28/2025 03:12:15,8.25,105.314
1550,10/28/2025 03:22:15,8.22,105.317
1551,10/28/2025 03:32:15,8.20,105.303
1552,10/28/2025 03:42:15,8.17,105.315
1553,10/28/2025 03:52:15,8.14,105.306
1554,10/28/2025 04:02:15,8.11,105.296
1555,10/28/2025 04:12:15,8.09,105.286
1556,10/28/2025 04:22:15,8.07,105.268
1557,10/28/2025 04:32:15,8.05,105.258
1558,10/28/2025 04:42:15,8.02,105.240
1559,10/28/2025 04:52:15,7.99,105.256
1560,10/28/2025 05:02:15,7.96,105.269
1561,10/28/2025 05:12:15,7.93,105.250
1562,10/28/2025 05:22:15,7.90,105.262
1563,10/28/2025 05:32:15,7.87,105.270
1564,10/28/2025 05:42:15,7.84,105.247
1565,10/28/2025 05:52:15,7.81,105.259
1566,10/28/2025 06:02:15,7.78,105.275
1567,10/28/2025 06:12:15,7.75,105.270
1568,10/28/2025 06:22:15,7.72,105.269
1569,10/28/2025 06:32:15,7.69,105.259
1570,10/28/2025 06:42:15,7.66,105.271
1571,10/28/2025 06:52:15,7.64,105.270
1572,10/28/2025 07:02:15,7.61,105.278
1573,10/28/2025 07:12:15,7.59,105.273
1574,10/28/2025 07:22:15,7.57,105.263
1575,10/28/2025 07:32:15,7.54,105.280
1576,10/28/2025 07:42:15,7.51,105.279
1577,10/28/2025 07:52:15,7.48,105.287
1578,10/28/2025 08:02:15,7.46,105.277
1579,10/28/2025 08:12:15,7.43,105.276
1580,10/28/2025 08:22:15,7.41,105.267
1581,10/28/2025 08:32:15,7.39,105.275
1582,10/28/2025 08:42:15,7.37,105.296
1583,10/28/2025 08:52:15,7.37,105.305
1584,10/28/2025 09:02:15,7.36,105.305
1585,10/28/2025 09:12:15,7.36,105.322
1586,10/28/2025 09:22:15,7.36,105.313
1587,10/28/2025 09:32:15,7.36,105.322
1588,10/28/2025 09:42:15,7.37,105.331
1589,10/28/2025 09:52:15,7.39,105.328
1590,10/28/2025 10:02:15,7.41,105.298
1591,10/28/2025 10:12:15,7.44,105.290
1592,10/28/2025 10:22:15,7.47,105.291
1593,10/28/2025 10:32:15,7.50,105.274
1594,10/28/2025 10:42:15,7.54,105.254
1595,10/28/2025 10:52:15,7.58,105.229
1596,10/28/2025 11:02:15,7.63,105.226
1597,10/28/2025 11:12:15,7.69,105.206
1598,10/28/2025 11:22:15,7.74,105.190
1599,10/28/2025 11:32:15,7.80,105.170
1600,10/28/2025 11:42:15,7.86,105.164
1601,10/28/2025 11:52:15,7.93,105.135
1602,10/28/2025 12:02:15,7.99,105.124
1603,10/28/2025 12:12:15,8.07,105.096
1604,10/28/2025 12:22:15,8.14,105.098
1605,10/28/2025 12:32:15,8.20,105.074
1606,10/28/2025 12:42:15,8.28,105.068
1607,10/28/2025 12:52:15,8.36,105.053
1608,10/28/2025 13:02:15,8.45,105.039
1609,10/28/2025 13:12:15,8.55,105.016
1610,10/28/2025 13:22:15,8.64,105.002
1611,10/28/2025 13:32:15,8.73,104.996
1612,10/28/2025 13:42:15,8.81,104.977
1613,10/28/2025 13:52:15,8.88,104.966
1614,10/28/2025 14:02:15,8.95,104.960
1615,10/28/2025 14:12:15,9.00,104.922
1616,10/28/2025 14:22:15,9.05,104.928
1617,10/28/2025 14:32:15,9.10,104.903
1618,10/28/2025 14:42:15,9.14,104.900
1619,10/28/2025 14:52:15,9.17,104.892
1620,10/28/2025 15:02:15,9.19,104.889
1621,10/28/2025 15:12:15,9.20,104.902
1622,10/28/2025 15:22:15,9.20,104.902
1623,10/28/2025 15:32:15,9.19,104.920
1624,10/28/2025 15:42:15,9.19,104.897
1625,10/28/2025 15:52:15,9.18,104.902
1626,10/28/2025 16:02:15,9.18,104.893
1627,10/28/2025 16:12:15,9.17,104.888
1628,10/28/2025 16:22:15,9.16,104.892
1629,10/28/2025 16:32:15,9.16,104.905
1630,10/28/2025 16:42:15,9.15,104.918
1631,10/28/2025 16:52:15,9.14,104.935
1632,10/28/2025 17:02:15,9.13,104.948
1633,10/28/2025 17:12:15,9.12,104.965
1634,10/28/2025 17:22:15,9.11,105.000
1635,10/28/2025 17:32:15,9.10,104.996
1636,10/28/2025 17:42:15,9.08,105.017
1637,10/28/2025 17:52:15,9.07,105.043
1638,10/28/2025 18:02:15,9.05,105.073
1639,10/28/2025 18:12:15,9.04,105.082
1640,10/28/2025 18:22:15,9.03,105.099
1641,10/28/2025 18:32:15,9.01,105.134
1642,10/28/2025 18:42:15,9.00,105.146
1643,10/28/2025 18:52:15,8.98,105.155
1644,10/28/2025 19:02:15,8.96,105.158
1645,10/28/2025 19:12:15,8.94,105.157
1646,10/28/2025 19:22:15,8.92,105.174
1647,10/28/2025 19:32:15,8.89,105.204
1648,10/28/2025 19:42:15,8.87,105.182
1649,10/28/2025 19:52:15,8.86,105.221
1650,10/28/2025 20:02:15,8.84,105.216
1651,10/28/2025 20:12:15,8.84,105.202
1652,10/28/2025 20:22:15,8.84,105.211
1653,10/28/2025 20:32:15,8.84,105.198
1654,10/28/2025 20:42:15,8.84,105.203
1655,10/28/2025 20:52:15,8.85,105.207
1656,10/28/2025 21:02:15,8.85,105.207
1657,10/28/2025 21:12:15,8.86,105.203
1658,10/28/2025 21:22:15,8.88,105.199
1659,10/28/2025 21:32:15,8.89,105.200
1660,10/28/2025 21:42:15,8.90,105.191
1661,10/28/2025 21:52:15,8.91,105.170
1662,10/28/2025 22:02:15,8.91,105.174
1663,10/28/2025 22:12:15,8.91,105.148
1664,10/28/2025 22:22:15,8.91,105.139
1665,10/28/2025 22:32:15,8.91,105.161
1666,10/28/2025 22:42:15,8.90,105.147
1667,10/28/2025 22:52:15,8.89,105.151
1668,10/28/2025 23:02:15,8.88,105.138
1669,10/28/2025 23:12:15,8.86,105.111
1670,10/28/2025 23:22:15,8.84,105.079
1671,10/28/2025 23:32:15,8.82,105.087
1672,10/28/2025 23:42:15,8.80,105.082
1673,10/28/2025 23:52:15,8.79,105.060
1674,10/29/2025 00:02:15,8.77,105.028
1675,10/29/2025 00:12:15,8.75,105.010
1676,10/29/2025 00:22:15,8.73,104.978
1677,10/29/2025 00:32:15,8.71,104.973
1678,10/29/2025 00:42:15,8.70,104.973
1679,10/29/2025 00:52:15,8.68,104.963
1680,10/29/2025 01:02:15,8.66,104.927
1681,10/29/2025 01:12:15,8.63,104.904
1682,10/29/2025 01:22:15,8.61,104.877
1683,10/29/2025 01:32:15,8.59,104.863
1684,10/29/2025 01:42:15,8.57,104.823
1685,10/29/2025 01:52:15,8.55,104.813
1686,10/29/2025 02:02:15,8.54,104.804
1687,10/29/2025 02:12:15,8.52,104.791
1688,10/29/2025 02:22:15,8.51,104.764
1689,10/29/2025 02:32:15,8.50,104.763
1690,10/29/2025 02:42:15,8.50,104.728
1691,10/29/2025 02:52:15,8.49,104.706
1692,10/29/2025 03:02:15,8.49,104.688
1693,10/29/2025 03:12:15,8.49,104.688
1694,10/29/2025 03:22:15,8.50,104.649
1695,10/29/2025 03:32:15,8.50,104.653
1696,10/29/2025 03:42:15,8.50,104.627
1697,10/29/2025 03:52:15,8.50,104.618
1698,10/29/2025 04:02:15,8.50,104.627
1699,10/29/2025 04:12:15,8.50,104.613
1700,10/29/2025 04:22:15,8.50,104.613
1701,10/29/2025 04:32:15,8.50,104.600
1702,10/29/2025 04:42:15,8.50,104.605
1703,10/29/2025 04:52:15,8.50,104.600
1704,10/29/2025 05:02:15,8.50,104.627
1705,10/29/2025 05:12:15,8.50,104.613
1706,10/29/2025 05:22:15,8.50,104.613
1707,10/29/2025 05:32:15,8.50,104.622
1708,10/29/2025 05:42:15,8.50,104.627
1709,10/29/2025 05:52:15,8.50,104.605
1710,10/29/2025 06:02:15,8.50,104.600
1711,10/29/2025 06:12:15,8.51,104.596
1712,10/29/2025 06:22:15,8.51,104.596
1713,10/29/2025 06:32:15,8.51,104.570
1714,10/29/2025 06:42:15,8.51,104.570
1715,10/29/2025 06:52:15,8.51,104.561
1716,10/29/2025 07:02:15,8.51,104.574
1717,10/29/2025 07:12:15,8.50,104.561
1718,10/29/2025 07:22:15,8.50,104.578
1719,10/29/2025 07:32:15,8.50,104.574
1720,10/29/2025 07:42:15,8.50,104.596
1721,10/29/2025 07:52:15,8.50,104.587
1722,10/29/2025 08:02:15,8.51,104.587
1723,10/29/2025 08:12:15,8.51,104.578
1724,10/29/2025 08:22:15,8.51,104.561
1725,10/29/2025 08:32:15,8.51,104.561
1726,10/29/2025 08:42:15,8.51,104.548
1727,10/29/2025 08:52:15,8.52,104.548
1728,10/29/2025 09:02:15,8.53,104.535
1729,10/29/2025 09:12:15,8.54,104.540
1730,10/29/2025 09:22:15,8.55,104.527
1731,10/29/2025 09:32:15,8.56,104.541
1732,10/29/2025 09:42:15,8.57,104.519
1733,10/29/2025 09:52:15,8.58,104.519
1734,10/29/2025 10:02:15,8.59,104.511
1735,10/29/2025 10:12:15,8.61,104.520
1736,10/29/2025 10:22:15,8.62,104.521
1737,10/29/2025 10:32:15,8.64,104.495
1738,10/29/2025 10:42:15,8.65,104.517
1739,10/29/2025 10:52:15,8.67,104.518
1740,10/29/2025 11:02:15,8.69,104.528
1741,10/29/2025 11:12:15,8.71,104.511
1742,10/29/2025 11:22:15,8.73,104.503
1743,10/29/2025 11:32:15,8.76,104.477
1744,10/29/2025 11:42:15,8.78,104.491
1745,10/29/2025 11:52:15,8.81,104.488
1746,10/29/2025 12:02:15,8.84,104.484
1747,10/29/2025 12:12:15,8.87,104.454
1748,10/29/2025 12:22:15,8.90,104.464
1749,10/29/2025 12:32:15,8.93,104.461
1750,10/29/2025 12:42:15,8.96,104.462
1751,10/29/2025 12:52:15,8.99,104.467
1752,10/29/2025 13:02:15,9.02,104.464
1753,10/29/2025 13:12:15,9.05,104.461
1754,10/29/2025 13:22:15,9.09,104.436
1755,10/29/2025 13:32:15,9.12,104.432
1756,10/29/2025 13:42:15,9.15,104.420
1757,10/29/2025 13:52:15,9.18,104.390
1758,10/29/2025 14:02:15,9.22,104.374
1759,10/29/2025 14:12:15,9.25,104.366
1760,10/29/2025 14:22:15,9.28,104.385
1761,10/29/2025 14:32:15,9.32,104.373
1762,10/29/2025 14:42:15,9.35,104.370
1763,10/29/2025 14:52:15,9.39,104.345
1764,10/29/2025 15:02:15,9.42,104.328
1765,10/29/2025 15:12:15,9.45,104.325
1766,10/29/2025 15:22:15,9.47,104.334
1767,10/29/2025 15:32:15,9.49,104.330
1768,10/29/2025 15:42:15,9.51,104.331
1769,10/29/2025 15:52:15,9.52,104.341
1770,10/29/2025 16:02:15,9.54,104.350
1771,10/29/2025 16:12:15,9.55,104.337
1772,10/29/2025 16:22:15,9.56,104.333
1773,10/29/2025 16:32:15,9.57,104.320
1774,10/29/2025 16:42:15,9.58,104.312
1775,10/29/2025 16:52:15,9.58,104.312
1776,10/29/2025 17:02:15,9.59,104.330
1777,10/29/2025 17:12:15,9.59,104.361
1778,10/29/2025 17:22:15,9.60,104.352
1779,10/29/2025 17:32:15,9.60,104.356
1780,10/29/2025 17:42:15,9.61,104.370
1781,10/29/2025 17:52:15,9.62,104.348
1782,10/29/2025 18:02:15,9.62,104.362
1783,10/29/2025 18:12:15,9.62,104.339
1784,10/29/2025 18:22:15,9.62,104.366
1785,10/29/2025 18:32:15,9.62,104.370
1786,10/29/2025 18:42:15,9.62,104.388
1787,10/29/2025 18:52:15,9.61,104.405
1788,10/29/2025 19:02:15,9.61,104.432
1789,10/29/2025 19:12:15,9.61,104.432
1790,10/29/2025 19:22:15,9.60,104.423
1791,10/29/2025 19:32:15,9.60,104.409
1792,10/29/2025 19:42:15,9.60,104.414
1793,10/29/2025 19:52:15,9.60,104.409
1794,10/29/2025 20:02:15,9.59,104.409
1795,10/29/2025 20:12:15,9.59,104.422
1796,10/29/2025 20:22:15,9.59,104.409
1797,10/29/2025 20:32:15,9.60,104.401
1798,10/29/2025 20:42:15,9.61,104.410
1799,10/29/2025 20:52:15,9.62,104.428
1800,10/29/2025 21:02:15,9.62,104.445
1801,10/29/2025 21:12:15,9.62,104.459
1802,10/29/2025 21:22:15,9.62,104.459
1803,10/29/2025 21:32:15,9.62,104.467
1804,10/29/2025 21:42:15,9.62,104.463
1805,10/29/2025 21:52:15,9.62,104.476
1806,10/29/2025 22:02:15,9.62,104.458
1807,10/29/2025 22:12:15,9.62,104.428
1808,10/29/2025 22:22:15,9.62,104.419
1809,10/29/2025 22:32:15,9.63,104.450
1810,10/29/2025 22:42:15,9.63,104.446
1811,10/29/2025 22:52:15,9.63,104.424
1812,10/29/2025 23:02:15,9.63,104.424
1813,10/29/2025 23:12:15,9.64,104.420
1814,10/29/2025 23:22:15,9.65,104.424
1815,10/29/2025 23:32:15,9.66,104.416
1816,10/29/2025 23:42:15,9.66,104.389
1817,10/29/2025 23:52:15,9.66,104.389
1818,10/30/2025 00:02:15,9.66,104.380
1819,10/30/2025 00:12:15,9.66,104.358
1820,10/30/2025 00:22:15,9.66,104.350
1821,10/30/2025 00:32:15,9.67,104.345
1822,10/30/2025 00:42:15,9.67,104.350
1823,10/30/2025 00:52:15,9.67,104.346
1824,10/30/2025 01:02:15,9.68,104.381
1825,10/30/2025 01:12:15,9.68,104.350
1826,10/30/2025 01:22:15,9.68,104.333
1827,10/30/2025 01:32:15,9.69,104.342
1828,10/30/2025 01:42:15,9.69,104.342
1829,10/30/2025 01:52:15,9.71,104.320
1830,10/30/2025 02:02:15,9.71,104.290
1831,10/30/2025 02:12:15,9.71,104.307
1832,10/30/2025 02:22:15,9.71,104.299
1833,10/30/2025 02:32:15,9.72,104.312
1834,10/30/2025 02:42:15,9.72,104.268
1835,10/30/2025 02:52:15,9.72,104.255
1836,10/30/2025 03:02:15,9.72,104.215
1837,10/30/2025 03:12:15,9.72,104.189
1838,10/30/2025 03:22:15,9.72,104.166
1839,10/30/2025 03:32:15,9.72,104.149
1840,10/30/2025 03:42:15,9.71,104.127
1841,10/30/2025 03:52:15,9.71,104.122
1842,10/30/2025 04:02:15,9.71,104.131
1843,10/30/2025 04:12:15,9.71,104.109
1844,10/30/2025 04:22:15,9.71,104.135
1845,10/30/2025 04:32:15,9.71,104.113
1846,10/30/2025 04:42:15,9.71,104.135
1847,10/30/2025 04:52:15,9.71,104.122
1848,10/30/2025 05:02:15,9.71,104.122
1849,10/30/2025 05:12:15,9.71,104.135
1850,10/30/2025 05:22:15,9.71,104.087
1851,10/30/2025 05:32:15,9.70,104.078
1852,10/30/2025 05:42:15,9.70,104.082
1853,10/30/2025 05:52:15,9.69,104.095
1854,10/30/2025 06:02:15,9.69,104.068
1855,10/30/2025 06:12:15,9.68,104.064
1856,10/30/2025 06:22:15,9.67,104.015
1857,10/30/2025 06:32:15,9.66,104.010
1858,10/30/2025 06:42:15,9.66,104.028
1859,10/30/2025 06:52:15,9.65,103.997
1860,10/30/2025 07:02:15,9.65,104.023
1861,10/30/2025 07:12:15,9.64,104.023
1862,10/30/2025 07:22:15,9.64,104.005
1863,10/30/2025 07:32:15,9.64,104.009
1864,10/30/2025 07:42:15,9.64,104.014
1865,10/30/2025 07:52:15,9.64,103.983
1866,10/30/2025 08:02:15,9.64,103.970
1867,10/30/2025 08:12:15,9.63,103.978
1868,10/30/2025 08:22:15,9.63,103.969
1869,10/30/2025 08:32:15,9.63,103.952
1870,10/30/2025 08:42:15,9.62,103.956
1871,10/30/2025 08:52:15,9.62,103.956
1872,10/30/2025 09:02:15,9.62,103.929
1873,10/30/2025 09:12:15,9.63,103.934
1874,10/30/2025 09:22:15,9.63,103.961
1875,10/30/2025 09:32:15,9.64,103.957
1876,10/30/2025 09:42:15,9.64,104.001
1877,10/30/2025 09:52:15,9.64,103.992
1878,10/30/2025 10:02:15,9.65,103.935
1879,10/30/2025 10:12:15,9.65,103.917
1880,10/30/2025 10:22:15,9.66,103.909
1881,10/30/2025 10:32:15,9.68,103.870
1882,10/30/2025 10:42:15,9.69,103.831
1883,10/30/2025 10:52:15,9.71,103.827
1884,10/30/2025 11:02:15,9.72,103.801
1885,10/30/2025 11:12:15,9.74,103.806
1886,10/30/2025 11:22:15,9.75,103.789
1887,10/30/2025 11:32:15,9.78,103.767
1888,10/30/2025 11:42:15,9.82,103.707
1889,10/30/2025 11:52:15,9.87,103.691
1890,10/30/2025 12:02:15,9.91,103.635
1891,10/30/2025 12:12:15,9.95,103.615
1892,10/30/2025 12:22:15,9.99,103.563
1893,10/30/2025 12:32:15,10.01,103.533
1894,10/30/2025 12:42:15,10.04,103.490
1895,10/30/2025 12:52:15,10.07,103.464
1896,10/30/2025 13:02:15,10.09,103.408
1897,10/30/2025 13:12:15,10.13,103.387
1898,10/30/2025 13:22:15,10.16,103.326
1899,10/30/2025 13:32:15,10.20,103.305
1900,10/30/2025 13:42:15,10.22,103.249
1901,10/30/2025 13:52:15,10.25,103.285
1902,10/30/2025 14:02:15,10.28,103.370
1903,10/30/2025 14:12:15,10.30,103.600
1904,10/30/2025 14:22:15,10.32,103.892
1905,10/30/2025 14:32:15,10.32,104.196
1906,10/30/2025 14:42:15,10.28,104.455
1907,10/30/2025 14:52:15,10.23,104.612
1908,10/30/2025 15:02:15,10.18,104.654
1909,10/30/2025 15:12:15,10.14,104.679
1910,10/30/2025 15:22:15,10.10,104.704
1911,10/30/2025 15:32:15,10.07,104.690
1912,10/30/2025 15:42:15,10.05,104.659
1913,10/30/2025 15:52:15,10.04,104.561
1914,10/30/2025 16:02:15,10.03,104.490
1915,10/30/2025 16:12:15,10.02,104.402
1916,10/30/2025 16:22:15,10.00,104.357
1917,10/30/2025 16:32:15,9.98,104.228
1918,10/30/2025 16:42:15,9.95,104.148
1919,10/30/2025 16:52:15,9.92,104.054
1920,10/30/2025 17:02:15,9.90,103.948
1921,10/30/2025 17:12:15,9.88,103.850
1922,10/30/2025 17:22:15,9.86,103.766
1923,10/30/2025 17:32:15,9.86,103.682
1924,10/30/2025 17:42:15,9.85,103.607
1925,10/30/2025 17:52:15,9.86,103.545
1926,10/30/2025 18:02:15,9.87,103.488
1927,10/30/2025 18:12:15,9.88,103.418
1928,10/30/2025 18:22:15,9.89,103.357
1929,10/30/2025 18:32:15,9.91,103.327
1930,10/30/2025 18:42:15,9.93,103.305
1931,10/30/2025 18:52:15,9.95,103.275
1932,10/30/2025 19:02:15,9.98,103.254
1933,10/30/2025 19:12:15,10.02,103.260
1934,10/30/2025 19:22:15,10.20,103.350
1935,10/30/2025 19:32:15,10.47,103.592
1936,10/30/2025 19:42:15,10.68,104.005
1937,10/30/2025 19:52:15,10.89,104.485
1938,10/30/2025 20:02:15,11.17,104.825
1939,10/30/2025 20:12:15,11.84,104.871
1940,10/30/2025 20:22:15,12.46,104.879
1941,10/30/2025 20:32:15,12.83,105.020
1942,10/30/2025 20:42:15,12.64,105.225
1943,10/30/2025 20:52:15,12.40,105.327
1944,10/30/2025 21:02:15,12.37,105.432
1945,10/30/2025 21:12:15,12.33,105.718
1946,10/30/2025 21:22:15,12.09,106.225
1947,10/30/2025 21:32:15,11.99,106.685
1948,10/30/2025 21:42:15,12.08,106.856
1949,10/30/2025 21:52:15,12.11,106.830
1950,10/30/2025 22:02:15,11.99,106.791
1951,10/30/2025 22:12:15,11.83,106.768
1952,10/30/2025 22:22:15,11.74,106.716
1953,10/30/2025 22:32:15,11.78,106.572
1954,10/30/2025 22:42:15,11.94,106.718
1955,10/30/2025 22:52:15,12.02,106.660
1956,10/30/2025 23:02:15,11.99,106.535
1957,10/30/2025 23:12:15,11.91,106.523
1958,10/30/2025 23:22:15,11.80,106.414
1959,10/30/2025 23:32:15,11.70,106.295
1960,10/30/2025 23:42:15,11.63,106.240
1961,10/30/2025 23:52:15,11.56,106.185
1962,10/31/2025 00:02:15,11.52,106.143
1963,10/31/2025 00:12:15,11.50,106.116
1964,10/31/2025 00:22:15,11.50,106.112
1965,10/31/2025 00:32:15,11.51,106.041
1966,10/31/2025 00:42:15,11.52,105.980
1967,10/31/2025 00:52:15,11.51,105.971
1968,10/31/2025 01:02:15,11.51,105.887
1969,10/31/2025 01:12:15,11.49,105.794
1970,10/31/2025 01:22:15,11.47,105.749
1971,10/31/2025 01:32:15,11.44,105.647
1972,10/31/2025 01:42:15,11.42,105.588
1973,10/31/2025 01:52:15,11.41,105.504
1974,10/31/2025 02:02:15,11.39,105.402
1975,10/31/2025 02:12:15,11.37,105.274
1976,10/31/2025 02:22:15,11.36,105.198
1977,10/31/2025 02:32:15,11.43,105.161
1978,10/31/2025 02:42:15,11.47,105.096
1979,10/31/2025 02:52:15,11.44,105.020
1980,10/31/2025 03:02:15,11.54,104.887
1981,10/31/2025 03:12:15,11.62,104.771
1982,10/31/2025 03:22:15,11.63,104.665
1983,10/31/2025 03:32:15,11.60,104.611
1984,10/31/2025 03:42:15,11.56,104.486
1985,10/31/2025 03:52:15,11.50,104.409
1986,10/31/2025 04:02:15,11.62,104.519
1987,10/31/2025 04:12:15,11.83,104.813
1988,10/31/2025 04:22:15,11.79,104.957
1989,10/31/2025 04:32:15,12.17,105.063
1990,10/31/2025 04:42:15,12.42,105.129
1991,10/31/2025 04:52:15,12.48,105.484
1992,10/31/2025 05:02:15,12.38,105.883
1993,10/31/2025 05:12:15,12.57,106.273
1994,10/31/2025 05:22:15,12.69,106.750
1995,10/31/2025 05:32:15,12.67,106.970
1996,10/31/2025 05:42:15,12.73,106.959
1997,10/31/2025 05:52:15,12.64,106.871
1998,10/31/2025 06:02:15,12.43,106.846
1999,10/31/2025 06:12:15,12.24,106.954
2000,10/31/2025 06:22:15,12.09,107.033
2001,10/31/2025 06:32:15,11.98,107.086
2002,10/31/2025 06:42:15,11.86,107.144
2003,10/31/2025 06:52:15,11.77,107.224
2004,10/31/2025 07:02:15,11.69,107.261
2005,10/31/2025 07:12:15,11.69,107.305
2006,10/31/2025 07:22:15,11.68,107.357
2007,10/31/2025 07:32:15,11.63,107.391
2008,10/31/2025 07:42:15,11.60,107.421
2009,10/31/2025 07:52:15,11.59,107.451
2010,10/31/2025 08:02:15,11.57,107.481
2011,10/31/2025 08:12:15,11.54,107.520
2012,10/31/2025 08:22:15,11.49,107.531
2013,10/31/2025 08:32:15,11.45,107.512
2014,10/31/2025 08:42:15,11.41,107.506
2015,10/31/2025 08:52:15,11.37,107.474
2016,10/31/2025 09:02:15,11.34,107.460
2017,10/31/2025 09:12:15,11.32,107.450
2018,10/31/2025 09:22:15,11.31,107.379
2019,10/31/2025 09:32:15,11.30,107.348
2020,10/31/2025 09:42:15,11.29,107.286
2021,10/31/2025 09:52:15,11.28,107.237
2022,10/31/2025 10:02:15,11.28,107.184
2023,10/31/2025 10:12:15,11.27,107.140
2024,10/31/2025 10:22:15,11.26,107.117
2025,10/31/2025 10:32:15,11.25,107.064
2026,10/31/2025 10:42:15,11.23,107.028
2027,10/31/2025 10:52:15,11.21,107.023
2028,10/31/2025 11:02:15,11.19,106.965
2029,10/31/2025 11:12:15,11.17,106.925
2030,10/31/2025 11:22:15,11.16,106.898
2031,10/31/2025 11:32:15,11.15,106.875
2032,10/31/2025 11:42:15,11.15,106.871
2033,10/31/2025 11:52:15,11.14,106.866
2034,10/31/2025 12:02:15,11.14,106.857
2035,10/31/2025 12:12:15,11.12,106.830
2036,10/31/2025 12:22:15,11.12,106.826
2037,10/31/2025 12:32:15,11.11,106.790
2038,10/31/2025 12:42:15,11.10,106.781
2039,10/31/2025 12:52:15,11.10,106.777
2040,10/31/2025 13:02:15,11.10,106.768
2041,10/31/2025 13:12:15,11.10,106.750
2042,10/31/2025 13:22:15,11.11,106.742
2043,10/31/2025 13:32:15,11.12,106.724
2044,10/31/2025 13:42:15,11.12,106.716
2045,10/31/2025 13:52:15,11.11,106.720
2046,10/31/2025 14:02:15,11.11,106.706
2047,10/31/2025 14:12:15,11.10,106.693
2048,10/31/2025 14:22:15,11.10,106.640
2049,10/31/2025 14:32:15,11.09,106.640
2050,10/31/2025 14:42:15,11.09,106.653
2051,10/31/2025 14:52:15,11.09,106.648
2052,10/31/2025 15:02:15,11.09,106.609
2053,10/31/2025 15:12:15,11.09,106.569
2054,10/31/2025 15:22:15,11.09,106.569
2055,10/31/2025 15:32:15,11.09,106.530
2056,10/31/2025 15:42:15,11.10,106.543
2057,10/31/2025 15:52:15,11.10,106.530
2058,10/31/2025 16:02:15,11.10,106.477
2059,10/31/2025 16:12:15,11.10,106.468
2060,10/31/2025 16:22:15,11.11,106.451
2061,10/31/2025 16:32:15,11.11,106.429
2062,10/31/2025 16:42:15,11.11,106.424
2063,10/31/2025 16:52:15,11.10,106.375
2064,10/31/2025 17:02:15,11.09,106.366
2065,10/31/2025 17:12:15,11.08,106.370
2066,10/31/2025 17:22:15,11.06,106.347
2067,10/31/2025 17:32:15,11.04,106.333
2068,10/31/2025 17:42:15,11.01,106.297
2069,10/31/2025 17:52:15,10.99,106.235
2070,10/31/2025 18:02:15,10.97,106.230
2071,10/31/2025 18:12:15,10.94,106.171
2072,10/31/2025 18:22:15,10.92,106.149
2073,10/31/2025 18:32:15,10.90,106.126
2074,10/31/2025 18:42:15,10.88,106.094
2075,10/31/2025 18:52:15,10.87,106.085
2076,10/31/2025 19:02:15,10.85,106.058
2077,10/31/2025 19:12:15,10.83,106.022
2078,10/31/2025 19:22:15,10.81,106.013
2079,10/31/2025 19:32:15,10.80,105.981
2080,10/31/2025 19:42:15,10.78,105.971
2081,10/31/2025 19:52:15,10.75,105.931
2082,10/31/2025 20:02:15,10.73,105.908
2083,10/31/2025 20:12:15,10.70,105.854
2084,10/31/2025 20:22:15,10.68,105.858
2085,10/31/2025 20:32:15,10.66,105.839
2086,10/31/2025 20:42:15,10.63,105.817
2087,10/31/2025 20:52:15,10.61,105.785
2088,10/31/2025 21:02:15,10.59,105.780
2089,10/31/2025 21:12:15,10.57,105.735
2090,10/31/2025 21:22:15,10.55,105.694
2091,10/31/2025 21:32:15,10.52,105.685
2092,10/31/2025 21:42:15,10.50,105.644
2093,10/31/2025 21:52:15,10.48,105.622
2094,10/31/2025 22:02:15,10.46,105.590
2095,10/31/2025 22:12:15,10.44,105.558
2096,10/31/2025 22:22:15,10.42,105.553
2097,10/31/2025 22:32:15,10.39,105.495
2098,10/31/2025 22:42:15,10.37,105.485
2099,10/31/2025 22:52:15,10.35,105.432
2100,10/31/2025 23:02:15,10.32,105.417
2101,10/31/2025 23:12:15,10.29,105.416
2102,10/31/2025 23:22:15,10.27,105.416
2103,10/31/2025 23:32:15,10.24,105.406
2104,10/31/2025 23:42:15,10.22,105.405
2105,10/31/2025 23:52:15,10.20,105.396
2106,11/01/2025 00:02:15,10.18,105.391
2107,11/01/2025 00:12:15,10.16,105.394
2108,11/01/2025 00:22:15,10.14,105.385
2109,11/01/2025 00:32:15,10.12,105.375
2110,11/01/2025 00:42:15,10.10,105.353
2111,11/01/2025 00:52:15,10.08,105.330
2112,11/01/2025 01:02:15,10.06,105.320
2113,11/01/2025 01:12:15,10.03,105.284
2114,11/01/2025 01:22:15,10.01,105.283
2115,11/01/2025 01:32:15,9.99,105.265
2116,11/01/2025 01:42:15,9.97,105.286
2117,11/01/2025 01:52:15,9.95,105.281
2118,11/01/2025 02:02:15,9.93,105.267
2119,11/01/2025 02:12:15,9.92,105.258
2120,11/01/2025 02:22:15,9.90,105.248
2121,11/01/2025 02:32:15,9.88,105.230
2122,11/01/2025 02:42:15,9.86,105.256
2123,11/01/2025 02:52:15,9.83,105.251
2124,11/01/2025 03:02:15,9.81,105.241
2125,11/01/2025 03:12:15,9.79,105.249
2126,11/01/2025 03:22:15,9.77,105.266
2127,11/01/2025 03:32:15,9.75,105.248
2128,11/01/2025 03:42:15,9.73,105.251
2129,11/01/2025 03:52:15,9.71,105.268
2130,11/01/2025 04:02:15,9.69,105.272
2131,11/01/2025 04:12:15,9.67,105.254
2132,11/01/2025 04:22:15,9.66,105.253
2133,11/01/2025 04:32:15,9.64,105.261
2134,11/01/2025 04:42:15,9.62,105.269
2135,11/01/2025 04:52:15,9.60,105.273
2136,11/01/2025 05:02:15,9.58,105.290
2137,11/01/2025 05:12:15,9.56,105.285
2138,11/01/2025 05:22:15,9.54,105.319
2139,11/01/2025 05:32:15,9.52,105.288
2140,11/01/2025 05:42:15,9.50,105.292
2141,11/01/2025 05:52:15,9.49,105.322
2142,11/01/2025 06:02:15,9.47,105.304
2143,11/01/2025 06:12:15,9.47,105.295
2144,11/01/2025 06:22:15,9.46,105.290
2145,11/01/2025 06:32:15,9.45,105.308
2146,11/01/2025 06:42:15,9.44,105.298
2147,11/01/2025 06:52:15,9.43,105.320
2148,11/01/2025 07:02:15,9.42,105.346
2149,11/01/2025 07:12:15,9.41,105.355
2150,11/01/2025 07:22:15,9.39,105.354
2151,11/01/2025 07:32:15,9.37,105.349
2152,11/01/2025 07:42:15,9.36,105.371
2153,11/01/2025 07:52:15,9.35,105.348
2154,11/01/2025 08:02:15,9.33,105.356
2155,11/01/2025 08:12:15,9.32,105.334
2156,11/01/2025 08:22:15,9.31,105.325
2157,11/01/2025 08:32:15,9.30,105.342
2158,11/01/2025 08:42:15,9.28,105.350
2159,11/01/2025 08:52:15,9.27,105.337
2160,11/01/2025 09:02:15,9.26,105.354
2161,11/01/2025 09:12:15,9.25,105.367
2162,11/01/2025 09:22:15,9.25,105.345
2163,11/01/2025 09:32:15,9.25,105.331
2164,11/01/2025 09:42:15,9.25,105.331
2165,11/01/2025 09:52:15,9.26,105.327
2166,11/01/2025 10:02:15,9.26,105.297
2167,11/01/2025 10:12:15,9.27,105.301
2168,11/01/2025 10:22:15,9.29,105.315
2169,11/01/2025 10:32:15,9.30,105.294
2170,11/01/2025 10:42:15,9.32,105.285
2171,11/01/2025 10:52:15,9.34,105.277
2172,11/01/2025 11:02:15,9.37,105.287
2173,11/01/2025 11:12:15,9.39,105.288
2174,11/01/2025 11:22:15,9.43,105.302
2175,11/01/2025 11:32:15,9.46,105.290
2176,11/01/2025 11:42:15,9.50,105.278
2177,11/01/2025 11:52:15,9.55,105.258
2178,11/01/2025 12:02:15,9.59,105.264
2179,11/01/2025 12:12:15,9.63,105.252
2180,11/01/2025 12:22:15,9.67,105.262
2181,11/01/2025 12:32:15,9.71,105.268
2182,11/01/2025 12:42:15,9.74,105.239
2183,11/01/2025 12:52:15,9.78,105.231
2184,11/01/2025 13:02:15,9.82,105.241
2185,11/01/2025 13:12:15,9.85,105.234
2186,11/01/2025 13:22:15,9.89,105.248
2187,11/01/2025 13:32:15,9.91,105.253
2188,11/01/2025 13:42:15,9.93,105.245
2189,11/01/2025 13:52:15,9.95,105.250
2190,11/01/2025 14:02:15,9.97,105.264
2191,11/01/2025 14:12:15,9.99,105.265
2192,11/01/2025 14:22:15,10.00,105.265
2193,11/01/2025 14:32:15,10.02,105.270
2194,11/01/2025 14:42:15,10.04,105.258
2195,11/01/2025 14:52:15,10.06,105.267
2196,11/01/2025 15:02:15,10.08,105.241
2197,11/01/2025 15:12:15,10.09,105.268
2198,11/01/2025 15:22:15,10.11,105.287
2199,11/01/2025 15:32:15,10.12,105.300
2200,11/01/2025 15:42:15,10.12,105.314
2201,11/01/2025 15:52:15,10.13,105.318
2202,11/01/2025 16:02:15,10.13,105.332
2203,11/01/2025 16:12:15,10.14,105.336
2204,11/01/2025 16:22:15,10.14,105.349
2205,11/01/2025 16:32:15,10.14,105.367
2206,11/01/2025 16:42:15,10.14,105.367
2207,11/01/2025 16:52:15,10.13,105.367
2208,11/01/2025 17:02:15,10.13,105.376
2209,11/01/2025 17:12:15,10.13,105.385
2210,11/01/2025 17:22:15,10.14,105.411
2211,11/01/2025 17:32:15,10.14,105.424
2212,11/01/2025 17:42:15,10.14,105.411
2213,11/01/2025 17:52:15,10.13,105.428
2214,11/01/2025 18:02:15,10.12,105.446
2215,11/01/2025 18:12:15,10.11,105.454
2216,11/01/2025 18:22:15,10.11,105.480
2217,11/01/2025 18:32:15,10.10,105.502
2218,11/01/2025 18:42:15,10.09,105.485
2219,11/01/2025 18:52:15,10.09,105.484
2220,11/01/2025 19:02:15,10.09,105.493
2221,11/01/2025 19:12:15,10.08,105.493
2222,11/01/2025 19:22:15,10.07,105.493
2223,11/01/2025 19:32:15,10.07,105.501
2224,11/01/2025 19:42:15,10.05,105.509
2225,11/01/2025 19:52:15,10.04,105.513
2226,11/01/2025 20:02:15,10.03,105.513
2227,11/01/2025 20:12:15,10.01,105.530
2228,11/01/2025 20:22:15,9.99,105.525
2229,11/01/2025 20:32:15,9.97,105.533
2230,11/01/2025 20:42:15,9.95,105.537
2231,11/01/2025 20:52:15,9.92,105.553
2232,11/01/2025 21:02:15,9.89,105.552
2233,11/01/2025 21:12:15,9.86,105.591
2234,11/01/2025 21:22:15,9.83,105.581
2235,11/01/2025 21:32:15,9.79,105.611
2236,11/01/2025 21:42:15,9.76,105.605
2237,11/01/2025 21:52:15,9.73,105.617
2238,11/01/2025 22:02:15,9.69,105.629
2239,11/01/2025 22:12:15,9.66,105.637
2240,11/01/2025 22:22:15,9.63,105.649
2241,11/01/2025 22:32:15,9.59,105.656
2242,11/01/2025 22:42:15,9.55,105.668
2243,11/01/2025 22:52:15,9.52,105.649
2244,11/01/2025 23:02:15,9.48,105.648
2245,11/01/2025 23:12:15,9.44,105.655
2246,11/01/2025 23:22:15,9.40,105.663
2247,11/01/2025 23:32:15,9.36,105.670
2248,11/01/2025 23:42:15,9.31,105.677
2249,11/01/2025 23:52:15,9.27,105.680
2250,11/02/2025 00:02:15,9.22,105.692
2251,11/02/2025 00:12:15,9.18,105.651
2252,11/02/2025 00:22:15,9.13,105.675
2253,11/02/2025 00:32:15,9.09,105.691
2254,11/02/2025 00:42:15,9.04,105.721
2255,11/02/2025 00:52:15,9.00,105.710
2256,11/02/2025 01:02:15,8.95,105.726
2257,11/02/2025 01:12:15,8.91,105.725
2258,11/02/2025 01:22:15,8.86,105.719
2259,11/02/2025 01:32:15,8.82,105.726
2260,11/02/2025 01:42:15,8.77,105.724
2261,11/02/2025 01:52:15,8.72,105.749
2262,11/02/2025 01:02:15,8.68,105.747
2263,11/02/2025 01:12:15,8.63,105.764
2264,11/02/2025 01:22:15,8.59,105.788
2265,11/02/2025 01:32:15,8.55,105.778
2266,11/02/2025 01:42:15,8.51,105.781
2267,11/02/2025 01:52:15,8.47,105.775
2268,11/02/2025 02:02:15,8.43,105.770
2269,11/02/2025 02:12:15,8.40,105.755
2270,11/02/2025 02:22:15,8.37,105.754
2271,11/02/2025 02:32:15,8.33,105.757
2272,11/02/2025 02:42:15,8.29,105.769
2273,11/02/2025 02:52:15,8.25,105.768
2274,11/02/2025 03:02:15,8.21,105.775
2275,11/02/2025 03:12:15,8.17,105.791
2276,11/02/2025 03:22:15,8.13,105.794
2277,11/02/2025 03:32:15,8.10,105.793
2278,11/02/2025 03:42:15,8.06,105.814
2279,11/02/2025 03:52:15,8.02,105.799
2280,11/02/2025 04:02:15,7.98,105.820
2281,11/02/2025 04:12:15,7.95,105.840
2282,11/02/2025 04:22:15,7.91,105.852
2283,11/02/2025 04:32:15,7.87,105.873
2284,11/02/2025 04:42:15,7.84,105.867
2285,11/02/2025 04:52:15,7.80,105.888
2286,11/02/2025 05:02:15,7.76,105.887
2287,11/02/2025 05:12:15,7.73,105.903
2288,11/02/2025 05:22:15,7.69,105.880
2289,11/02/2025 05:32:15,7.66,105.892
2290,11/02/2025 05:42:15,7.62,105.891
2291,11/02/2025 05:52:15,7.59,105.898
2292,11/02/2025 06:02:15,7.56,105.893
2293,11/02/2025 06:12:15,7.52,105.909
2294,11/02/2025 06:22:15,7.48,105.917
2295,11/02/2025 06:32:15,7.45,105.907
2296,11/02/2025 06:42:15,7.41,105.923
2297,11/02/2025 06:52:15,7.38,105.913
2298,11/02/2025 07:02:15,7.35,105.929
2299,11/02/2025 07:12:15,7.31,105.937
2300,11/02/2025 07:22:15,7.29,105.940
2301,11/02/2025 07:32:15,7.26,105.944
2302,11/02/2025 07:42:15,7.24,105.961
2303,11/02/2025 07:52:15,7.23,105.965
2304,11/02/2025 08:02:15,7.21,105.986
2305,11/02/2025 08:12:15,7.20,105.968
2306,11/02/2025 08:22:15,7.19,105.955
2307,11/02/2025 08:32:15,7.19,105.959
2308,11/02/2025 08:42:15,7.19,105.950
2309,11/02/2025 08:52:15,7.19,105.963
2310,11/02/2025 09:02:15,7.19,105.968
2311,11/02/2025 09:12:15,7.20,105.994
2312,11/02/2025 09:22:15,7.21,105.995
2313,11/02/2025 09:32:15,7.23,105.995
2314,11/02/2025 09:42:15,7.25,106.005
2315,11/02/2025 09:52:15,7.28,106.006
2316,11/02/2025 10:02:15,7.33,105.999
2317,11/02/2025 10:12:15,7.38,106.005
2318,11/02/2025 10:22:15,7.42,106.011
2319,11/02/2025 10:32:15,7.47,105.991
2320,11/02/2025 10:42:15,7.51,105.966
2321,11/02/2025 10:52:15,7.56,105.954
2322,11/02/2025 11:02:15,7.60,105.947
2323,11/02/2025 11:12:15,7.65,105.949
2324,11/02/2025 11:22:15,7.70,105.911
2325,11/02/2025 11:32:15,7.75,105.913
2326,11/02/2025 11:42:15,7.80,105.897
2327,11/02/2025 11:52:15,7.85,105.890
2328,11/02/2025 12:02:15,7.91,105.866
2329,11/02/2025 12:12:15,7.97,105.850
2330,11/02/2025 12:22:15,8.03,105.852
2331,11/02/2025 12:32:15,8.08,105.823
2332,11/02/2025 12:42:15,8.12,105.811
2333,11/02/2025 12:52:15,8.15,105.799
2334,11/02/2025 13:02:15,8.18,105.796
2335,11/02/2025 13:12:15,8.21,105.779
2336,11/02/2025 13:22:15,8.23,105.767
2337,11/02/2025 13:32:15,8.25,105.754
2338,11/02/2025 13:42:15,8.28,105.738
2339,11/02/2025 13:52:15,8.30,105.734
2340,11/02/2025 14:02:15,8.32,105.748
2341,11/02/2025 14:12:15,8.35,105.731
2342,11/02/2025 14:22:15,8.37,105.728
2343,11/02/2025 14:32:15,8.39,105.737
2344,11/02/2025 14:42:15,8.41,105.729
2345,11/02/2025 14:52:15,8.43,105.725
2346,11/02/2025 15:02:15,8.45,105.722
2347,11/02/2025 15:12:15,8.46,105.718
2348,11/02/2025 15:22:15,8.48,105.736
2349,11/02/2025 15:32:15,8.49,105.719
2350,11/02/2025 15:42:15,8.51,105.733
2351,11/02/2025 15:52:15,8.52,105.733
2352,11/02/2025 16:02:15,8.53,105.729
2353,11/02/2025 16:12:15,8.55,105.734
2354,11/02/2025 16:22:15,8.56,105.735
2355,11/02/2025 16:32:15,8.57,105.722
2356,11/02/2025 16:42:15,8.59,105.709
2357,11/02/2025 16:52:15,8.59,105.705
2358,11/02/2025 17:02:15,8.60,105.718
2359,11/02/2025 17:12:15,8.61,105.732
2360,11/02/2025 17:22:15,8.61,105.741
2361,11/02/2025 17:32:15,8.61,105.763
2362,11/02/2025 17:42:15,8.61,105.798
2363,11/02/2025 17:52:15,8.61,105.798
2364,11/02/2025 18:02:15,8.62,105.776
2365,11/02/2025 18:12:15,8.62,105.767
2366,11/02/2025 18:22:15,8.62,105.781
2367,11/02/2025 18:32:15,8.62,105.789
2368,11/02/2025 18:42:15,8.62,105.812
2369,11/02/2025 18:52:15,8.63,105.803
2370,11/02/2025 19:02:15,8.63,105.821
2371,11/02/2025 19:12:15,8.63,105.812
2372,11/02/2025 19:22:15,8.63,105.829
2373,11/02/2025 19:32:15,8.63,105.807
2374,11/02/2025 19:42:15,8.63,105.798
2375,11/02/2025 19:52:15,8.63,105.798
2376,11/02/2025 20:02:15,8.62,105.803
2377,11/02/2025 20:12:15,8.62,105.816
2378,11/02/2025 20:22:15,8.61,105.789
2379,11/02/2025 20:32:15,8.61,105.798
2380,11/02/2025 20:42:15,8.60,105.806
2381,11/02/2025 20:52:15,8.59,105.797
2382,11/02/2025 21:02:15,8.57,105.801
2383,11/02/2025 21:12:15,8.56,105.805
2384,11/02/2025 21:22:15,8.54,105.817
2385,11/02/2025 21:32:15,8.52,105.808
2386,11/02/2025 21:42:15,8.51,105.807
2387,11/02/2025 21:52:15,8.49,105.802
2388,11/02/2025 22:02:15,8.47,105.788
2389,11/02/2025 22:12:15,8.45,105.775
2390,11/02/2025 22:22:15,8.43,105.774
2391,11/02/2025 22:32:15,8.40,105.791
2392,11/02/2025 22:42:15,8.38,105.763
2393,11/02/2025 22:52:15,8.35,105.762
2394,11/02/2025 23:02:15,8.33,105.761
2395,11/02/2025 23:12:15,8.30,105.747
2396,11/02/2025 23:22:15,8.27,105.742
2397,11/02/2025 23:32:15,8.24,105.781
2398,11/02/2025 23:42:15,8.22,105.775
2399,11/02/2025 23:52:15,8.19,105.748
2400,11/03/2025 00:02:15,8.16,105.769
2401,11/03/2025 00:12:15,8.13,105.750
2402,11/03/2025 00:22:15,8.10,105.731
2403,11/03/2025 00:32:15,8.07,105.708
2404,11/03/2025 00:42:15,8.04,105.703
2405,11/03/2025 00:52:15,8.00,105.701
2406,11/03/2025 01:02:15,7.97,105.691
2407,11/03/2025 01:12:15,7.93,105.668
2408,11/03/2025 01:22:15,7.90,105.649
2409,11/03/2025 01:32:15,7.86,105.635
2410,11/03/2025 01:42:15,7.83,105.629
2411,11/03/2025 01:52:15,7.79,105.624
2412,11/03/2025 02:02:15,7.76,105.605
2413,11/03/2025 02:12:15,7.73,105.608
2414,11/03/2025 02:22:15,7.69,105.598
2415,11/03/2025 02:32:15,7.66,105.597
2416,11/03/2025 02:42:15,7.63,105.622
2417,11/03/2025 02:52:15,7.59,105.612
2418,11/03/2025 03:02:15,7.56,105.602
2419,11/03/2025 03:12:15,7.53,105.588
2420,11/03/2025 03:22:15,7.49,105.604
2421,11/03/2025 03:32:15,7.46,105.612
2422,11/03/2025 03:42:15,7.43,105.598
2423,11/03/2025 03:52:15,7.39,105.592
2424,11/03/2025 04:02:15,7.36,105.600
2425,11/03/2025 04:12:15,7.33,105.590
2426,11/03/2025 04:22:15,7.30,105.598
2427,11/03/2025 04:32:15,7.27,105.570
2428,11/03/2025 04:42:15,7.24,105.587
2429,11/03/2025 04:52:15,7.22,105.564
2430,11/03/2025 05:02:15,7.19,105.549
2431,11/03/2025 05:12:15,7.16,105.562
2432,11/03/2025 05:22:15,7.14,105.530
2433,11/03/2025 05:32:15,7.11,105.481
2434,11/03/2025 05:42:15,7.08,105.475
2435,11/03/2025 05:52:15,7.06,105.444
2436,11/03/2025 06:02:15,7.03,105.421
2437,11/03/2025 06:12:15,7.01,105.376
2438,11/03/2025 06:22:15,6.98,105.384
2439,11/03/2025 06:32:15,6.96,105.396
2440,11/03/2025 06:42:15,6.93,105.382
2441,11/03/2025 06:52:15,6.91,105.355
2442,11/03/2025 07:02:15,6.88,105.349
2443,11/03/2025 07:12:15,6.86,105.331
2444,11/03/2025 07:22:15,6.84,105.335
2445,11/03/2025 07:32:15,6.83,105.369
2446,11/03/2025 07:42:15,6.81,105.338
2447,11/03/2025 07:52:15,6.81,105.347
2448,11/03/2025 08:02:15,6.80,105.355
2449,11/03/2025 08:12:15,6.79,105.342
2450,11/03/2025 08:22:15,6.79,105.342
2451,11/03/2025 08:32:15,6.79,105.329
2452,11/03/2025 08:42:15,6.80,105.347
2453,11/03/2025 08:52:15,6.81,105.316
2454,11/03/2025 09:02:15,6.81,105.272
2455,11/03/2025 09:12:15,6.82,105.255
2456,11/03/2025 09:22:15,6.82,105.264
2457,11/03/2025 09:32:15,6.83,105.260
2458,11/03/2025 09:42:15,6.84,105.247
2459,11/03/2025 09:52:15,6.86,105.212
2460,11/03/2025 10:02:15,6.89,105.196
2461,11/03/2025 10:12:15,6.93,105.162
2462,11/03/2025 10:22:15,6.96,105.159
2463,11/03/2025 10:32:15,7.00,105.120
2464,11/03/2025 10:42:15,7.04,105.095
2465,11/03/2025 10:52:15,7.07,105.074
2466,11/03/2025 11:02:15,7.11,105.027
2467,11/03/2025 11:12:15,7.14,105.007
2468,11/03/2025 11:22:15,7.18,104.946
2469,11/03/2025 11:32:15,7.22,104.895
2470,11/03/2025 11:42:15,7.26,104.852
2471,11/03/2025 11:52:15,7.31,104.814
2472,11/03/2025 12:02:15,7.35,104.793
2473,11/03/2025 12:12:15,7.38,104.755
2474,11/03/2025 12:22:15,7.42,104.695
2475,11/03/2025 12:32:15,7.45,104.683
2476,11/03/2025 12:42:15,7.49,104.649
2477,11/03/2025 12:52:15,7.52,104.645
2478,11/03/2025 13:02:15,7.55,104.611
2479,11/03/2025 13:12:15,7.58,104.590
2480,11/03/2025 13:22:15,7.60,104.573
2481,11/03/2025 13:32:15,7.63,104.526
2482,11/03/2025 13:42:15,7.66,104.509
2483,11/03/2025 13:52:15,7.68,104.466
2484,11/03/2025 14:02:15,7.71,104.432
2485,11/03/2025 14:12:15,7.75,104.415
2486,11/03/2025 14:22:15,7.78,104.395
2487,11/03/2025 14:32:15,7.82,104.361
2488,11/03/2025 14:42:15,7.85,104.335
2489,11/03/2025 14:52:15,7.88,104.301
2490,11/03/2025 15:02:15,7.91,104.289
2491,11/03/2025 15:12:15,7.94,104.250
2492,11/03/2025 15:22:15,7.97,104.207
2493,11/03/2025 15:32:15,8.01,104.182
2494,11/03/2025 15:42:15,8.05,104.153
2495,11/03/2025 15:52:15,8.08,104.141
2496,11/03/2025 16:02:15,8.11,104.111
2497,11/03/2025 16:12:15,8.13,104.112
2498,11/03/2025 16:22:15,8.15,104.099
2499,11/03/2025 16:32:15,8.18,104.096
2500,11/03/2025 16:42:15,8.20,104.127
2501,11/03/2025 16:52:15,8.22,104.132
2502,11/03/2025 17:02:15,8.24,104.129
2503,11/03/2025 17:12:15,8.26,104.112
2504,11/03/2025 17:22:15,8.29,104.104
2505,11/03/2025 17:32:15,8.31,104.087
2506,11/03/2025 17:42:15,8.33,104.088
2507,11/03/2025 17:52:15,8.35,104.088
2508,11/03/2025 18:02:15,8.36,104.058
2509,11/03/2025 18:12:15,8.38,104.045
2510,11/03/2025 18:22:15,8.39,104.011
2511,11/03/2025 18:32:15,8.41,104.011
2512,11/03/2025 18:42:15,8.42,104.047
2513,11/03/2025 18:52:15,8.44,104.034
2514,11/03/2025 19:02:15,8.46,103.995
2515,11/03/2025 19:12:15,8.48,103.943
2516,11/03/2025 19:22:15,8.51,103.944
2517,11/03/2025 19:32:15,8.53,103.914
2518,11/03/2025 19:42:15,8.55,103.906
2519,11/03/2025 19:52:15,8.58,103.902
2520,11/03/2025 20:02:15,8.61,103.895
2521,11/03/2025 20:12:15,8.64,103.865
2522,11/03/2025 20:22:15,8.66,104.029
2523,11/03/2025 20:32:15,8.66,104.139
2524,11/03/2025 20:42:15,8.73,104.251
2525,11/03/2025 20:52:15,8.74,104.494
2526,11/03/2025 21:02:15,8.72,104.555
2527,11/03/2025 21:12:15,8.80,104.509
2528,11/03/2025 21:22:15,9.24,104.432
2529,11/03/2025 21:32:15,9.52,104.358
2530,11/03/2025 21:42:15,9.50,104.247
2531,11/03/2025 21:52:15,9.31,104.161
2532,11/03/2025 22:02:15,9.14,104.129
2533,11/03/2025 22:12:15,9.00,104.080
2534,11/03/2025 22:22:15,8.90,104.055
2535,11/03/2025 22:32:15,8.83,104.114
2536,11/03/2025 22:42:15,8.79,104.108
2537,11/03/2025 22:52:15,8.77,104.068
2538,11/03/2025 23:02:15,8.77,104.138
2539,11/03/2025 23:12:15,8.81,104.166
2540,11/03/2025 23:22:15,8.85,104.159
2541,11/03/2025 23:32:15,8.87,104.190
2542,11/03/2025 23:42:15,8.90,104.191
2543,11/03/2025 23:52:15,8.97,104.211
2544,11/04/2025 00:02:15,9.02,104.222
2545,11/04/2025 00:12:15,9.04,104.191
2546,11/04/2025 00:22:15,9.02,104.226
2547,11/04/2025 00:32:15,8.99,104.203
2548,11/04/2025 00:42:15,8.96,104.189
2549,11/04/2025 00:52:15,8.92,104.165
2550,11/04/2025 01:02:15,8.88,104.146
2551,11/04/2025 01:12:15,8.84,104.167
2552,11/04/2025 01:22:15,8.81,104.148
2553,11/04/2025 01:32:15,8.78,104.160
2554,11/04/2025 01:42:15,8.74,104.164
2555,11/04/2025 01:52:15,8.71,104.158
2556,11/04/2025 02:02:15,8.68,104.126
2557,11/04/2025 02:12:15,8.65,104.129
2558,11/04/2025 02:22:15,8.62,104.115
2559,11/04/2025 02:32:15,8.59,104.114
2560,11/04/2025 02:42:15,8.57,104.113
2561,11/04/2025 02:52:15,8.54,104.117
2562,11/04/2025 03:02:15,8.51,104.085
2563,11/04/2025 03:12:15,8.49,104.102
2564,11/04/2025 03:22:15,8.47,104.114
2565,11/04/2025 03:32:15,8.45,104.100
2566,11/04/2025 03:42:15,8.43,104.113
2567,11/04/2025 03:52:15,8.42,104.095
2568,11/04/2025 04:02:15,8.40,104.134
2569,11/04/2025 04:12:15,8.39,104.147
2570,11/04/2025 04:22:15,8.37,104.142
2571,11/04/2025 04:32:15,8.36,104.155
2572,11/04/2025 04:42:15,8.34,104.163
2573,11/04/2025 04:52:15,8.32,104.180
2574,11/04/2025 05:02:15,8.30,104.206
2575,11/04/2025 05:12:15,8.29,104.210
2576,11/04/2025 05:22:15,8.27,104.218
2577,11/04/2025 05:32:15,8.26,104.217
2578,11/04/2025 05:42:15,8.24,104.230
2579,11/04/2025 05:52:15,8.22,104.216
2580,11/04/2025 06:02:15,8.21,104.202
2581,11/04/2025 06:12:15,8.19,104.237
2582,11/04/2025 06:22:15,8.18,104.254
2583,11/04/2025 06:32:15,8.16,104.241
2584,11/04/2025 06:42:15,8.15,104.271
2585,11/04/2025 06:52:15,8.13,104.283
2586,11/04/2025 07:02:15,8.11,104.322
2587,11/04/2025 07:12:15,8.09,104.326
2588,11/04/2025 07:22:15,8.08,104.339
2589,11/04/2025 07:32:15,8.06,104.356
2590,11/04/2025 07:42:15,8.05,104.369
2591,11/04/2025 07:52:15,8.04,104.399
2592,11/04/2025 08:02:15,8.03,104.412
2593,11/04/2025 08:12:15,8.02,104.443
2594,11/04/2025 08:22:15,8.02,104.443
2595,11/04/2025 08:32:15,8.02,104.447
2596,11/04/2025 08:42:15,8.02,104.469
2597,11/04/2025 08:52:15,8.03,104.474
2598,11/04/2025 09:02:15,8.03,104.487
2599,11/04/2025 09:12:15,8.04,104.470
2600,11/04/2025 09:22:15,8.05,104.488
2601,11/04/2025 09:32:15,8.07,104.493
2602,11/04/2025 09:42:15,8.09,104.493
2603,11/04/2025 09:52:15,8.12,104.499
2604,11/04/2025 10:02:15,8.16,104.496
2605,11/04/2025 10:12:15,8.20,104.528
2606,11/04/2025 10:22:15,8.24,104.521
2607,11/04/2025 10:32:15,8.28,104.535
2608,11/04/2025 10:42:15,8.32,104.559
2609,11/04/2025 10:52:15,8.36,104.565
2610,11/04/2025 11:02:15,8.40,104.548
2611,11/04/2025 11:12:15,8.44,104.563
2612,11/04/2025 11:22:15,8.48,104.551
2613,11/04/2025 11:32:15,8.54,104.553
2614,11/04/2025 11:42:15,8.59,104.537
2615,11/04/2025 11:52:15,8.64,104.552
2616,11/04/2025 12:02:15,8.69,104.541
2617,11/04/2025 12:12:15,8.75,104.543
2618,11/04/2025 12:22:15,8.79,104.553
2619,11/04/2025 12:32:15,8.82,104.523
2620,11/04/2025 12:42:15,8.83,104.537
2621,11/04/2025 12:52:15,8.82,104.523
2622,11/04/2025 13:02:15,8.82,104.514
2623,11/04/2025 13:12:15,8.81,104.519
2624,11/04/2025 13:22:15,8.81,104.505
2625,11/04/2025 13:32:15,8.81,104.514
2626,11/04/2025 13:42:15,8.81,104.510
2627,11/04/2025 13:52:15,8.80,104.518
2628,11/04/2025 14:02:15,8.81,104.492
2629,11/04/2025 14:12:15,8.82,104.488
2630,11/04/2025 14:22:15,8.82,104.479
2631,11/04/2025 14:32:15,8.81,104.479
2632,11/04/2025 14:42:15,8.80,104.487
2633,11/04/2025 14:52:15,8.79,104.491
2634,11/04/2025 15:02:15,8.78,104.509
2635,11/04/2025 15:12:15,8.77,104.504
2636,11/04/2025 15:22:15,8.77,104.499
2637,11/04/2025 15:32:15,8.77,104.499
2638,11/04/2025 15:42:15,8.77,104.513
2639,11/04/2025 15:52:15,8.77,104.535
2640,11/04/2025 16:02:15,8.78,104.539
2641,11/04/2025 16:12:15,8.78,104.566
2642,11/04/2025 16:22:15,8.78,104.588
2643,11/04/2025 16:32:15,8.78,104.579
2644,11/04/2025 16:42:15,8.78,104.597
2645,11/04/2025 16:52:15,8.77,104.627
2646,11/04/2025 17:02:15,8.77,104.654
2647,11/04/2025 17:12:15,8.76,104.649
2648,11/04/2025 17:22:15,8.75,104.675
2649,11/04/2025 17:32:15,8.75,104.684
2650,11/04/2025 17:42:15,8.74,104.706
2651,11/04/2025 17:52:15,8.74,104.714
2652,11/04/2025 18:02:15,8.74,104.719
2653,11/04/2025 18:12:15,8.73,104.723
2654,11/04/2025 18:22:15,8.73,104.749
2655,11/04/2025 18:32:15,8.72,104.745
2656,11/04/2025 18:42:15,8.72,104.753
2657,11/04/2025 18:52:15,8.71,104.762
2658,11/04/2025 19:02:15,8.71,104.779
2659,11/04/2025 19:12:15,8.71,104.788
2660,11/04/2025 19:22:15,8.70,104.810
2661,11/04/2025 19:32:15,8.69,104.827
2662,11/04/2025 19:42:15,8.68,104.844
2663,11/04/2025 19:52:15,8.67,104.826
2664,11/04/2025 20:02:15,8.66,104.844
2665,11/04/2025 20:12:15,8.65,104.826
2666,11/04/2025 20:22:15,8.63,104.825
2667,11/04/2025 20:32:15,8.62,104.820
2668,11/04/2025 20:42:15,8.61,104.811
2669,11/04/2025 20:52:15,8.59,104.833
2670,11/04/2025 21:02:15,8.58,104.836
2671,11/04/2025 21:12:15,8.56,104.849
2672,11/04/2025 21:22:15,8.54,104.840
2673,11/04/2025 21:32:15,8.53,104.826
2674,11/04/2025 21:42:15,8.51,104.838
2675,11/04/2025 21:52:15,8.50,104.856
2676,11/04/2025 22:02:15,8.48,104.855
2677,11/04/2025 22:12:15,8.46,104.845
2678,11/04/2025 22:22:15,8.44,104.862
2679,11/04/2025 22:32:15,8.41,104.879
2680,11/04/2025 22:42:15,8.39,104.891
2681,11/04/2025 22:52:15,8.36,104.904
2682,11/04/2025 23:02:15,8.34,104.916
2683,11/04/2025 23:12:15,8.32,104.915
2684,11/04/2025 23:22:15,8.29,104.897
2685,11/04/2025 23:32:15,8.27,104.892
2686,11/04/2025 23:42:15,8.24,104.917
2687,11/04/2025 23:52:15,8.22,104.899
2688,11/05/2025 00:02:15,8.19,104.885
2689,11/05/2025 00:12:15,8.17,104.897
2690,11/05/2025 00:22:15,8.14,104.887
2691,11/05/2025 00:32:15,8.11,104.891
2692,11/05/2025 00:42:15,8.08,104.907
2693,11/05/2025 00:52:15,8.04,104.888
2694,11/05/2025 01:02:15,8.01,104.887
2695,11/05/2025 01:12:15,7.97,104.881
2696,11/05/2025 01:22:15,7.94,104.880
2697,11/05/2025 01:32:15,7.90,104.861
2698,11/05/2025 01:42:15,7.87,104.860
2699,11/05/2025 01:52:15,7.83,104.872
2700,11/05/2025 02:02:15,7.79,104.862
2701,11/05/2025 02:12:15,7.76,104.878
2702,11/05/2025 02:22:15,7.72,104.886
2703,11/05/2025 02:32:15,7.68,104.854
2704,11/05/2025 02:42:15,7.64,104.843
2705,11/05/2025 02:52:15,7.61,104.842
2706,11/05/2025 03:02:15,7.57,104.854
2707,11/05/2025 03:12:15,7.53,104.835
2708,11/05/2025 03:22:15,7.50,104.847
2709,11/05/2025 03:32:15,7.46,104.846
2710,11/05/2025 03:42:15,7.42,104.853
2711,11/05/2025 03:52:15,7.38,104.856
2712,11/05/2025 04:02:15,7.34,104.859
2713,11/05/2025 04:12:15,7.30,104.867
2714,11/05/2025 04:22:15,7.26,104.896
2715,11/05/2025 04:32:15,7.22,104.917
2716,11/05/2025 04:42:15,7.18,104.889
2717,11/05/2025 04:52:15,7.15,104.883
2718,11/05/2025 05:02:15,7.11,104.864
2719,11/05/2025 05:12:15,7.08,104.868
2720,11/05/2025 05:22:15,7.04,104.871
2721,11/05/2025 05:32:15,7.01,104.857
2722,11/05/2025 05:42:15,6.98,104.842
2723,11/05/2025 05:52:15,6.95,104.837
2724,11/05/2025 06:02:15,6.92,104.858
2725,11/05/2025 06:12:15,6.89,104.839
2726,11/05/2025 06:22:15,6.87,104.825
2727,11/05/2025 06:32:15,6.84,104.829
2728,11/05/2025 06:42:15,6.82,104.788
2729,11/05/2025 06:52:15,6.80,104.801
2730,11/05/2025 07:02:15,6.78,104.809
2731,11/05/2025 07:12:15,6.76,104.817
2732,11/05/2025 07:22:15,6.75,104.799
2733,11/05/2025 07:32:15,6.74,104.829
2734,11/05/2025 07:42:15,6.73,104.842
2735,11/05/2025 07:52:15,6.73,104.816
2736,11/05/2025 08:02:15,6.73,104.789
2737,11/05/2025 08:12:15,6.73,104.741
2738,11/05/2025 08:22:15,6.74,104.733
2739,11/05/2025 08:32:15,6.75,104.706
2740,11/05/2025 08:42:15,6.75,104.720
2741,11/05/2025 08:52:15,6.76,104.707
2742,11/05/2025 09:02:15,6.77,104.655
2743,11/05/2025 09:12:15,6.79,104.607
2744,11/05/2025 09:22:15,6.81,104.563
2745,11/05/2025 09:32:15,6.83,104.546
2746,11/05/2025 09:42:15,6.85,104.516
2747,11/05/2025 09:52:15,6.87,104.521
2748,11/05/2025 10:02:15,6.89,104.496
2749,11/05/2025 10:12:15,6.91,104.492
2750,11/05/2025 10:22:15,6.95,104.502
2751,11/05/2025 10:32:15,7.00,104.460
2752,11/05/2025 10:42:15,7.04,104.426
2753,11/05/2025 10:52:15,7.07,104.392
2754,11/05/2025 11:02:15,7.10,104.340
2755,11/05/2025 11:12:15,7.13,104.315
2756,11/05/2025 11:22:15,7.17,104.281
2757,11/05/2025 11:32:15,7.21,104.234
2758,11/05/2025 11:42:15,7.26,104.205
2759,11/05/2025 11:52:15,7.30,104.166
2760,11/05/2025 12:02:15,7.33,104.124
2761,11/05/2025 12:12:15,7.37,104.090
2762,11/05/2025 12:22:15,7.42,104.034
2763,11/05/2025 12:32:15,7.46,103.992
2764,11/05/2025 12:42:15,7.51,103.945
2765,11/05/2025 12:52:15,7.55,103.902
2766,11/05/2025 13:02:15,7.60,103.860
2767,11/05/2025 13:12:15,7.65,103.813
2768,11/05/2025 13:22:15,7.69,103.788
2769,11/05/2025 13:32:15,7.72,103.736
2770,11/05/2025 13:42:15,7.76,103.720
2771,11/05/2025 13:52:15,7.79,103.677
2772,11/05/2025 14:02:15,7.83,103.630
2773,11/05/2025 14:12:15,7.86,103.587
2774,11/05/2025 14:22:15,7.89,103.531
2775,11/05/2025 14:32:15,7.92,103.514
2776,11/05/2025 14:42:15,7.95,103.480
2777,11/05/2025 14:52:15,7.98,103.463
2778,11/05/2025 15:02:15,8.00,103.446
2779,11/05/2025 15:12:15,8.02,103.434
2780,11/05/2025 15:22:15,8.04,103.448
2781,11/05/2025 15:32:15,8.05,103.457
2782,11/05/2025 15:42:15,8.06,103.448
2783,11/05/2025 15:52:15,8.06,103.453
2784,11/05/2025 16:02:15,8.07,103.413
2785,11/05/2025 16:12:15,8.07,103.418
2786,11/05/2025 16:22:15,8.07,103.418
2787,11/05/2025 16:32:15,8.08,103.431
2788,11/05/2025 16:42:15,8.09,103.414
2789,11/05/2025 16:52:15,8.09,103.379
2790,11/05/2025 17:02:15,8.11,103.371
2791,11/05/2025 17:12:15,8.12,103.327
2792,11/05/2025 17:22:15,8.13,103.292
2793,11/05/2025 17:32:15,8.15,103.271
2794,11/05/2025 17:42:15,8.17,103.249
2795,11/05/2025 17:52:15,8.19,103.228
2796,11/05/2025 18:02:15,8.21,103.189
2797,11/05/2025 18:12:15,8.24,103.150
2798,11/05/2025 18:22:15,8.26,103.116
2799,11/05/2025 18:32:15,8.29,103.112
2800,11/05/2025 18:42:15,8.31,103.074
2801,11/05/2025 18:52:15,8.34,103.061
2802,11/05/2025 19:02:15,8.36,103.044
2803,11/05/2025 19:12:15,8.38,103.006
2804,11/05/2025 19:22:15,8.41,102.989
2805,11/05/2025 19:32:15,8.43,102.954
2806,11/05/2025 19:42:15,8.44,102.928
2807,11/05/2025 19:52:15,8.46,102.920
2808,11/05/2025 20:02:15,8.48,102.894
2809,11/05/2025 20:12:15,8.49,102.846
2810,11/05/2025 20:22:15,8.51,102.825
2811,11/05/2025 20:32:15,8.52,102.825
2812,11/05/2025 20:42:15,8.54,102.826
2813,11/05/2025 20:52:15,8.56,102.809
2814,11/05/2025 21:02:15,8.58,102.805
2815,11/05/2025 21:12:15,8.59,102.828
2816,11/05/2025 21:22:15,8.61,102.815
2817,11/05/2025 21:32:15,8.62,102.802
2818,11/05/2025 21:42:15,8.64,102.803
2819,11/05/2025 21:52:15,8.65,102.812
2820,11/05/2025 22:02:15,8.67,102.764
2821,11/05/2025 22:12:15,8.69,102.787
2822,11/05/2025 22:22:15,8.71,102.818
2823,11/05/2025 22:32:15,8.73,102.872
2824,11/05/2025 22:42:15,8.74,102.894
2825,11/05/2025 22:52:15,8.76,102.899
2826,11/05/2025 23:02:15,8.78,102.869
2827,11/05/2025 23:12:15,8.80,102.874
2828,11/05/2025 23:22:15,8.83,102.849
2829,11/05/2025 23:32:15,8.85,102.876
2830,11/05/2025 23:42:15,8.87,102.885
2831,11/05/2025 23:52:15,8.87,102.872
2832,11/06/2025 00:02:15,8.90,102.904
2833,11/06/2025 00:12:15,8.94,102.919
2834,11/06/2025 00:22:15,8.98,102.955
2835,11/06/2025 00:32:15,9.01,102.934
2836,11/06/2025 00:42:15,9.02,102.939
2837,11/06/2025 00:52:15,9.02,102.970
2838,11/06/2025 01:02:15,9.01,103.018
2839,11/06/2025 01:12:15,9.00,103.049
2840,11/06/2025 01:22:15,8.99,103.092
2841,11/06/2025 01:32:15,8.98,103.136
2842,11/06/2025 01:42:15,8.97,103.202
2843,11/06/2025 01:52:15,8.96,103.237
2844,11/06/2025 02:02:15,8.95,103.276
2845,11/06/2025 02:12:15,8.94,103.315
2846,11/06/2025 02:22:15,8.92,103.332
2847,11/06/2025 02:32:15,8.91,103.358
2848,11/06/2025 02:42:15,8.89,103.384
2849,11/06/2025 02:52:15,8.88,103.428
2850,11/06/2025 03:02:15,8.86,103.449
2851,11/06/2025 03:12:15,8.84,103.466
2852,11/06/2025 03:22:15,8.82,103.483
2853,11/06/2025 03:32:15,8.80,103.500
2854,11/06/2025 03:42:15,8.78,103.513
2855,11/06/2025 03:52:15,8.77,103.543
2856,11/06/2025 04:02:15,8.76,103.565
2857,11/06/2025 04:12:15,8.74,103.586
2858,11/06/2025 04:22:15,8.74,103.630
2859,11/06/2025 04:32:15,8.72,103.652
2860,11/06/2025 04:42:15,8.71,103.682
2861,11/06/2025 04:52:15,8.70,103.704
2862,11/06/2025 05:02:15,8.69,103.717
2863,11/06/2025 05:12:15,8.67,103.729
2864,11/06/2025 05:22:15,8.66,103.760
2865,11/06/2025 05:32:15,8.64,103.786
2866,11/06/2025 05:42:15,8.62,103.781
2867,11/06/2025 05:52:15,8.61,103.798
2868,11/06/2025 06:02:15,8.58,103.819
2869,11/06/2025 06:12:15,8.56,103.840
2870,11/06/2025 06:22:15,8.54,103.852
2871,11/06/2025 06:32:15,8.51,103.865
2872,11/06/2025 06:42:15,8.49,103.904
2873,11/06/2025 06:52:15,8.46,103.942
2874,11/06/2025 07:02:15,8.43,103.941
2875,11/06/2025 07:12:15,8.41,103.941
2876,11/06/2025 07:22:15,8.38,103.966
2877,11/06/2025 07:32:15,8.36,103.970
2878,11/06/2025 07:42:15,8.34,103.991
2879,11/06/2025 07:52:15,8.33,103.999
2880,11/06/2025 08:02:15,8.32,104.008
2881,11/06/2025 08:12:15,8.31,104.030
2882,11/06/2025 08:22:15,8.30,104.056
2883,11/06/2025 08:32:15,8.30,104.060
2884,11/06/2025 08:42:15,8.29,104.082
2885,11/06/2025 08:52:15,8.29,104.073
2886,11/06/2025 09:02:15,8.30,104.104
2887,11/06/2025 09:12:15,8.30,104.126
2888,11/06/2025 09:22:15,8.31,104.140
2889,11/06/2025 09:32:15,8.33,104.163
2890,11/06/2025 09:42:15,8.35,104.159
2891,11/06/2025 09:52:15,8.37,104.186
2892,11/06/2025 10:02:15,8.39,104.178
2893,11/06/2025 10:12:15,8.43,104.219
2894,11/06/2025 10:22:15,8.46,104.229
2895,11/06/2025 10:32:15,8.49,104.217
2896,11/06/2025 10:42:15,8.52,104.253
2897,11/06/2025 10:52:15,8.55,104.236
2898,11/06/2025 11:02:15,8.58,104.215
2899,11/06/2025 11:12:15,8.61,104.212
2900,11/06/2025 11:22:15,8.64,104.222
2901,11/06/2025 11:32:15,8.67,104.227
2902,11/06/2025 11:42:15,8.69,104.232
2903,11/06/2025 11:52:15,8.71,104.207
2904,11/06/2025 12:02:15,8.72,104.225
2905,11/06/2025 12:12:15,8.74,104.212
2906,11/06/2025 12:22:15,8.77,104.213
2907,11/06/2025 12:32:15,8.79,104.209
2908,11/06/2025 12:42:15,8.82,104.210
2909,11/06/2025 12:52:15,8.85,104.247
2910,11/06/2025 13:02:15,8.88,104.243
2911,11/06/2025 13:12:15,8.90,104.244
2912,11/06/2025 13:22:15,8.92,104.262
2913,11/06/2025 13:32:15,8.94,104.289
2914,11/06/2025 13:42:15,8.94,104.311
2915,11/06/2025 13:52:15,8.94,104.316
2916,11/06/2025 14:02:15,8.94,104.347
2917,11/06/2025 14:12:15,8.92,104.324
2918,11/06/2025 14:22:15,8.91,104.346
2919,11/06/2025 14:32:15,8.90,104.341
2920,11/06/2025 14:42:15,8.90,104.363
2921,11/06/2025 14:52:15,8.90,104.367
2922,11/06/2025 15:02:15,8.90,104.394
2923,11/06/2025 15:12:15,8.90,104.411
2924,11/06/2025 15:22:15,8.90,104.451
2925,11/06/2025 15:32:15,8.90,104.442
2926,11/06/2025 15:42:15,8.90,104.464
2927,11/06/2025 15:52:15,8.89,104.464
2928,11/06/2025 16:02:15,8.87,104.468
2929,11/06/2025 16:12:15,8.85,104.485
2930,11/06/2025 16:22:15,8.83,104.510
2931,11/06/2025 16:32:15,8.80,104.544
2932,11/06/2025 16:42:15,8.77,104.548
2933,11/06/2025 16:52:15,8.74,104.560
2934,11/06/2025 17:02:15,8.71,104.572
2935,11/06/2025 17:12:15,8.69,104.585
2936,11/06/2025 17:22:15,8.67,104.606
2937,11/06/2025 17:32:15,8.65,104.623
2938,11/06/2025 17:42:15,8.63,104.635
2939,11/06/2025 17:52:15,8.61,104.622
2940,11/06/2025 18:02:15,8.58,104.630
2941,11/06/2025 18:12:15,8.56,104.638
2942,11/06/2025 18:22:15,8.54,104.646
2943,11/06/2025 18:32:15,8.52,104.645
2944,11/06/2025 18:42:15,8.49,104.648
2945,11/06/2025 18:52:15,8.47,104.665
2946,11/06/2025 19:02:15,8.45,104.682
2947,11/06/2025 19:12:15,8.42,104.699
2948,11/06/2025 19:22:15,8.40,104.733
2949,11/06/2025 19:32:15,8.38,104.746
2950,11/06/2025 19:42:15,8.35,104.745
2951,11/06/2025 19:52:15,8.33,104.744
2952,11/06/2025 20:02:15,8.31,104.748
2953,11/06/2025 20:12:15,8.28,104.765
2954,11/06/2025 20:22:15,8.26,104.759
2955,11/06/2025 20:32:15,8.23,104.772
2956,11/06/2025 20:42:15,8.21,104.775
2957,11/06/2025 20:52:15,8.18,104.779
2958,11/06/2025 21:02:15,8.16,104.804
2959,11/06/2025 21:12:15,8.13,104.785
2960,11/06/2025 21:22:15,8.10,104.807
2961,11/06/2025 21:32:15,8.07,104.805
2962,11/06/2025 21:42:15,8.04,104.800
2963,11/06/2025 21:52:15,8.01,104.790
2964,11/06/2025 22:02:15,7.97,104.784
2965,11/06/2025 22:12:15,7.94,104.779
2966,11/06/2025 22:22:15,7.90,104.804
2967,11/06/2025 22:32:15,7.87,104.785
2968,11/06/2025 22:42:15,7.83,104.771
2969,11/06/2025 22:52:15,7.79,104.752
2970,11/06/2025 23:02:15,7.76,104.737
2971,11/06/2025 23:12:15,7.71,104.740
2972,11/06/2025 23:22:15,7.68,104.743
2973,11/06/2025 23:32:15,7.64,104.759
2974,11/06/2025 23:42:15,7.60,104.736
2975,11/06/2025 23:52:15,7.56,104.748
2976,11/07/2025 00:02:15,7.52,104.738
2977,11/07/2025 00:12:15,7.48,104.728
2978,11/07/2025 00:22:15,7.44,104.731
2979,11/07/2025 00:32:15,7.40,104.725
2980,11/07/2025 00:42:15,7.37,104.746
2981,11/07/2025 00:52:15,7.33,104.744
2982,11/07/2025 01:02:15,7.30,104.721
2983,11/07/2025 01:12:15,7.26,104.720
2984,11/07/2025 01:22:15,7.22,104.754
2985,11/07/2025 01:32:15,7.18,104.731
2986,11/07/2025 01:42:15,7.14,104.725
2987,11/07/2025 01:52:15,7.10,104.732
2988,11/07/2025 02:02:15,7.06,104.713
2989,11/07/2025 02:12:15,7.02,104.716
2990,11/07/2025 02:22:15,6.98,104.710
2991,11/07/2025 02:32:15,6.94,104.718
2992,11/07/2025 02:42:15,6.90,104.690
2993,11/07/2025 02:52:15,6.86,104.697
2994,11/07/2025 03:02:15,6.82,104.669
2995,11/07/2025 03:12:15,6.78,104.659
2996,11/07/2025 03:22:15,6.73,104.662
2997,11/07/2025 03:32:15,6.69,104.674
2998,11/07/2025 03:42:15,6.65,104.699
2999,11/07/2025 03:52:15,6.62,104.680
3000,11/07/2025 04:02:15,6.58,104.670
3001,11/07/2025 04:12:15,6.55,104.638
3002,11/07/2025 04:22:15,6.51,104.610
3003,11/07/2025 04:32:15,6.48,104.622
3004,11/07/2025 04:42:15,6.44,104.630
3005,11/07/2025 04:52:15,6.41,104.646
3006,11/07/2025 05:02:15,6.39,104.659
3007,11/07/2025 05:12:15,6.36,104.644
3008,11/07/2025 05:22:15,6.33,104.652
3009,11/07/2025 05:32:15,6.30,104.647
3010,11/07/2025 05:42:15,6.27,104.628
3011,11/07/2025 05:52:15,6.24,104.614
3012,11/07/2025 06:02:15,6.21,104.617
3013,11/07/2025 06:12:15,6.18,104.630
3014,11/07/2025 06:22:15,6.16,104.642
3015,11/07/2025 06:32:15,6.13,104.659
3016,11/07/2025 06:42:15,6.10,104.662
3017,11/07/2025 06:52:15,6.07,104.656
3018,11/07/2025 07:02:15,6.04,104.664
3019,11/07/2025 07:12:15,6.01,104.672
3020,11/07/2025 07:22:15,5.98,104.675
3021,11/07/2025 07:32:15,5.95,104.661
3022,11/07/2025 07:42:15,5.93,104.669
3023,11/07/2025 07:52:15,5.91,104.660
3024,11/07/2025 08:02:15,5.90,104.650
3025,11/07/2025 08:12:15,5.88,104.645
3026,11/07/2025 08:22:15,5.87,104.601
3027,11/07/2025 08:32:15,5.87,104.614
3028,11/07/2025 08:42:15,5.87,104.610
3029,11/07/2025 08:52:15,5.88,104.593
3030,11/07/2025 09:02:15,5.89,104.580
3031,11/07/2025 09:12:15,5.91,104.550
3032,11/07/2025 09:22:15,5.93,104.537
3033,11/07/2025 09:32:15,5.95,104.507
3034,11/07/2025 09:42:15,5.97,104.503
3035,11/07/2025 09:52:15,5.99,104.486
3036,11/07/2025 10:02:15,6.02,104.487
3037,11/07/2025 10:12:15,6.05,104.462
3038,11/07/2025 10:22:15,6.10,104.437
3039,11/07/2025 10:32:15,6.14,104.443
3040,11/07/2025 10:42:15,6.19,104.401
3041,11/07/2025 10:52:15,6.24,104.385
3042,11/07/2025 11:02:15,6.29,104.378
3043,11/07/2025 11:12:15,6.35,104.354
3044,11/07/2025 11:22:15,6.40,104.294
3045,11/07/2025 11:32:15,6.45,104.274
3046,11/07/2025 11:42:15,6.50,104.240
3047,11/07/2025 11:52:15,6.55,104.211
3048,11/07/2025 12:02:15,6.60,104.173
3049,11/07/2025 12:12:15,6.65,104.122
3050,11/07/2025 12:22:15,6.71,104.111
3051,11/07/2025 12:32:15,6.75,104.099
3052,11/07/2025 12:42:15,6.79,104.043
3053,11/07/2025 12:52:15,6.82,104.044
3054,11/07/2025 13:02:15,6.83,104.036
3055,11/07/2025 13:12:15,6.85,104.006
3056,11/07/2025 13:22:15,6.86,103.971
3057,11/07/2025 13:32:15,6.88,103.941
3058,11/07/2025 13:42:15,6.89,103.941
3059,11/07/2025 13:52:15,6.91,103.911
3060,11/07/2025 14:02:15,6.92,103.903
3061,11/07/2025 14:12:15,6.95,103.877
3062,11/07/2025 14:22:15,6.97,103.834
3063,11/07/2025 14:32:15,7.00,103.821
3064,11/07/2025 14:42:15,7.03,103.800
3065,11/07/2025 14:52:15,7.05,103.775
3066,11/07/2025 15:02:15,7.07,103.740
3067,11/07/2025 15:12:15,7.09,103.737
3068,11/07/2025 15:22:15,7.10,103.715
3069,11/07/2025 15:32:15,7.12,103.720
3070,11/07/2025 15:42:15,7.13,103.703
3071,11/07/2025 15:52:15,7.14,103.677
3072,11/07/2025 16:02:15,7.15,103.668
3073,11/07/2025 16:12:15,7.16,103.655
3074,11/07/2025 16:22:15,7.17,103.603
3075,11/07/2025 16:32:15,7.19,103.581
3076,11/07/2025 16:42:15,7.20,103.586
3077,11/07/2025 16:52:15,7.23,103.583
3078,11/07/2025 17:02:15,7.25,103.557
3079,11/07/2025 17:12:15,7.26,103.531
3080,11/07/2025 17:22:15,7.28,103.501
3081,11/07/2025 17:32:15,7.30,103.484
3082,11/07/2025 17:42:15,7.31,103.471
3083,11/07/2025 17:52:15,7.33,103.472
3084,11/07/2025 18:02:15,7.34,103.472
3085,11/07/2025 18:12:15,7.36,103.446
3086,11/07/2025 18:22:15,7.38,103.443
3087,11/07/2025 18:32:15,7.40,103.439
3088,11/07/2025 18:42:15,7.43,103.422
3089,11/07/2025 18:52:15,7.46,103.415
3090,11/07/2025 19:02:15,7.49,103.468
3091,11/07/2025 19:12:15,7.52,103.487
3092,11/07/2025 19:22:15,7.56,103.458
3093,11/07/2025 19:32:15,7.59,103.446
3094,11/07/2025 19:42:15,7.62,103.398
3095,11/07/2025 19:52:15,7.65,103.373
3096,11/07/2025 20:02:15,7.68,103.361
3097,11/07/2025 20:12:15,7.71,103.344
3098,11/07/2025 20:22:15,7.75,103.394
3099,11/07/2025 20:32:15,7.78,103.360
3100,11/07/2025 20:42:15,7.82,103.326
3101,11/07/2025 20:52:15,7.85,103.349
3102,11/07/2025 21:02:15,7.89,103.385
3103,11/07/2025 21:12:15,7.92,103.386
3104,11/07/2025 21:22:15,7.95,103.361
3105,11/07/2025 21:32:15,7.99,103.336
3106,11/07/2025 21:42:15,8.02,103.332
3107,11/07/2025 21:52:15,8.05,103.303
3108,11/07/2025 22:02:15,8.08,103.299
3109,11/07/2025 22:12:15,8.11,103.291
3110,11/07/2025 22:22:15,8.13,103.301
3111,11/07/2025 22:32:15,8.16,103.293
3112,11/07/2025 22:42:15,8.20,103.268
3113,11/07/2025 22:52:15,8.22,103.291
3114,11/07/2025 23:02:15,8.25,103.261
3115,11/07/2025 23:12:15,8.28,103.258
3116,11/07/2025 23:22:15,8.30,103.241
3117,11/07/2025 23:32:15,8.33,103.246
3118,11/07/2025 23:42:15,8.36,103.247
3119,11/07/2025 23:52:15,8.39,103.257
3120,11/08/2025 00:02:15,8.42,103.284
3121,11/08/2025 00:12:15,8.47,103.282
3122,11/08/2025 00:22:15,8.52,103.279
3123,11/08/2025 00:32:15,8.56,103.276
3124,11/08/2025 00:42:15,8.58,103.277
3125,11/08/2025 00:52:15,8.62,103.282
3126,11/08/2025 01:02:15,8.66,103.266
3127,11/08/2025 01:12:15,8.72,103.242
3128,11/08/2025 01:22:15,8.79,103.244
3129,11/08/2025 01:32:15,8.85,103.251
3130,11/08/2025 01:42:15,8.88,103.261
3131,11/08/2025 01:52:15,8.90,103.261
3132,11/08/2025 02:02:15,8.91,103.257
3133,11/08/2025 02:12:15,8.93,103.253
3134,11/08/2025 02:22:15,8.95,103.245
3135,11/08/2025 02:32:15,8.98,103.229
3136,11/08/2025 02:42:15,9.00,103.238
3137,11/08/2025 02:52:15,9.01,103.221
3138,11/08/2025 03:02:15,9.01,103.207
3139,11/08/2025 03:12:15,9.01,103.203
3140,11/08/2025 03:22:15,9.02,103.190
3141,11/08/2025 03:32:15,9.02,103.173
3142,11/08/2025 03:42:15,9.02,103.164
3143,11/08/2025 03:52:15,9.02,103.133
3144,11/08/2025 04:02:15,9.01,103.159
3145,11/08/2025 04:12:15,9.00,103.137
3146,11/08/2025 04:22:15,9.00,103.132
3147,11/08/2025 04:32:15,8.99,103.132
3148,11/08/2025 04:42:15,8.99,103.150
3149,11/08/2025 04:52:15,8.99,103.145
3150,11/08/2025 05:02:15,8.98,103.180
3151,11/08/2025 05:12:15,8.98,103.176
3152,11/08/2025 05:22:15,8.97,103.184
3153,11/08/2025 05:32:15,8.97,103.197
3154,11/08/2025 05:42:15,8.96,103.162
3155,11/08/2025 05:52:15,8.95,103.188
3156,11/08/2025 06:02:15,8.95,103.210
3157,11/08/2025 06:12:15,8.94,103.218
3158,11/08/2025 06:22:15,8.93,103.200
3159,11/08/2025 06:32:15,8.92,103.191
3160,11/08/2025 06:42:15,8.91,103.200
3161,11/08/2025 06:52:15,8.90,103.213
3162,11/08/2025 07:02:15,8.89,103.212
3163,11/08/2025 07:12:15,8.88,103.194
3164,11/08/2025 07:22:15,8.88,103.243
3165,11/08/2025 07:32:15,8.87,103.234
3166,11/08/2025 07:42:15,8.87,103.260
3167,11/08/2025 07:52:15,8.87,103.282
3168,11/08/2025 08:02:15,8.87,103.313
3169,11/08/2025 08:12:15,8.87,103.313
3170,11/08/2025 08:22:15,8.87,103.326
3171,11/08/2025 08:32:15,8.88,103.326
3172,11/08/2025 08:42:15,8.88,103.362
3173,11/08/2025 08:52:15,8.90,103.362
3174,11/08/2025 09:02:15,8.92,103.398
3175,11/08/2025 09:12:15,8.94,103.417
3176,11/08/2025 09:22:15,8.96,103.422
3177,11/08/2025 09:32:15,8.98,103.431
3178,11/08/2025 09:42:15,9.01,103.432
3179,11/08/2025 09:52:15,9.05,103.420
3180,11/08/2025 10:02:15,9.08,103.426
3181,11/08/2025 10:12:15,9.11,103.440
3182,11/08/2025 10:22:15,9.15,103.455
3183,11/08/2025 10:32:15,9.20,103.465
3184,11/08/2025 10:42:15,9.25,103.498
3185,11/08/2025 10:52:15,9.30,103.473
3186,11/08/2025 11:02:15,9.34,103.519
3187,11/08/2025 11:12:15,9.39,103.529
3188,11/08/2025 11:22:15,9.44,103.535
3189,11/08/2025 11:32:15,9.48,103.554
3190,11/08/2025 11:42:15,9.51,103.577
3191,11/08/2025 11:52:15,9.55,103.588
3192,11/08/2025 12:02:15,9.61,103.625
3193,11/08/2025 12:12:15,9.67,103.640
3194,11/08/2025 12:22:15,9.73,103.695
3195,11/08/2025 12:32:15,9.78,103.706
3196,11/08/2025 12:42:15,9.83,103.751
3197,11/08/2025 12:52:15,9.86,103.761
3198,11/08/2025 13:02:15,9.89,103.793
3199,11/08/2025 13:12:15,9.92,103.794
3200,11/08/2025 13:22:15,9.95,103.808
3201,11/08/2025 13:32:15,9.96,103.826
3202,11/08/2025 13:42:15,9.97,103.849
3203,11/08/2025 13:52:15,9.99,103.841
3204,11/08/2025 14:02:15,10.00,103.850
3205,11/08/2025 14:12:15,10.02,103.877
3206,11/08/2025 14:22:15,10.03,103.899
3207,11/08/2025 14:32:15,10.04,103.918
3208,11/08/2025 14:42:15,10.05,103.918
3209,11/08/2025 14:52:15,10.06,103.909
3210,11/08/2025 15:02:15,10.06,103.936
3211,11/08/2025 15:12:15,10.05,103.971
3212,11/08/2025 15:22:15,10.05,103.971
3213,11/08/2025 15:32:15,10.04,103.957
3214,11/08/2025 15:42:15,10.03,103.983
3215,11/08/2025 15:52:15,10.02,103.983
3216,11/08/2025 16:02:15,10.00,104.000
3217,11/08/2025 16:12:15,9.99,104.004
3218,11/08/2025 16:22:15,9.97,104.038
3219,11/08/2025 16:32:15,9.95,104.042
3220,11/08/2025 16:42:15,9.93,104.059
3221,11/08/2025 16:52:15,9.91,104.067
3222,11/08/2025 17:02:15,9.89,104.097
3223,11/08/2025 17:12:15,9.87,104.110
3224,11/08/2025 17:22:15,9.86,104.123
3225,11/08/2025 17:32:15,9.84,104.144
3226,11/08/2025 17:42:15,9.83,104.144
3227,11/08/2025 17:52:15,9.81,104.156
3228,11/08/2025 18:02:15,9.79,104.169
3229,11/08/2025 18:12:15,9.78,104.177
3230,11/08/2025 18:22:15,9.77,104.181
3231,11/08/2025 18:32:15,9.75,104.190
3232,11/08/2025 18:42:15,9.74,104.176
3233,11/08/2025 18:52:15,9.73,104.149
3234,11/08/2025 19:02:15,9.72,104.144
3235,11/08/2025 19:12:15,9.70,104.157
3236,11/08/2025 19:22:15,9.69,104.214
3237,11/08/2025 19:32:15,9.68,104.227
3238,11/08/2025 19:42:15,9.67,104.253
3239,11/08/2025 19:52:15,9.65,104.270
3240,11/08/2025 20:02:15,9.63,104.287
3241,11/08/2025 20:12:15,9.62,104.282
3242,11/08/2025 20:22:15,9.60,104.299
3243,11/08/2025 20:32:15,9.58,104.342
3244,11/08/2025 20:42:15,9.56,104.368
3245,11/08/2025 20:52:15,9.55,104.377
3246,11/08/2025 21:02:15,9.53,104.389
3247,11/08/2025 21:12:15,9.52,104.371
3248,11/08/2025 21:22:15,9.51,104.375
3249,11/08/2025 21:32:15,9.50,104.357
3250,11/08/2025 21:42:15,9.48,104.348
3251,11/08/2025 21:52:15,9.46,104.308
3252,11/08/2025 22:02:15,9.45,104.373
3253,11/08/2025 22:12:15,9.43,104.386
3254,11/08/2025 22:22:15,9.41,104.394
3255,11/08/2025 22:32:15,9.39,104.380
3256,11/08/2025 22:42:15,9.37,104.384
3257,11/08/2025 22:52:15,9.36,104.392
3258,11/08/2025 23:02:15,9.34,104.391
3259,11/08/2025 23:12:15,9.32,104.377
3260,11/08/2025 23:22:15,9.30,104.381
3261,11/08/2025 23:32:15,9.28,104.398
3262,11/08/2025 23:42:15,9.26,104.389
3263,11/08/2025 23:52:15,9.24,104.397
3264,11/09/2025 00:02:15,9.23,104.383
3265,11/09/2025 00:12:15,9.21,104.374
3266,11/09/2025 00:22:15,9.19,104.364
3267,11/09/2025 00:32:15,9.18,104.333
3268,11/09/2025 00:42:15,9.16,104.341
3269,11/09/2025 00:52:15,9.14,104.332
3270,11/09/2025 01:02:15,9.13,104.327
3271,11/09/2025 01:12:15,9.11,104.322
3272,11/09/2025 01:22:15,9.09,104.308
3273,11/09/2025 01:32:15,9.08,104.285
3274,11/09/2025 01:42:15,9.06,104.307
3275,11/09/2025 01:52:15,9.04,104.306
3276,11/09/2025 02:02:15,9.03,104.332
3277,11/09/2025 02:12:15,9.01,104.309
3278,11/09/2025 02:22:15,8.99,104.318
3279,11/09/2025 02:32:15,8.97,104.304
3280,11/09/2025 02:42:15,8.96,104.316
3281,11/09/2025 02:52:15,8.94,104.329
3282,11/09/2025 03:02:15,8.92,104.320
3283,11/09/2025 03:12:15,8.91,104.315
3284,11/09/2025 03:22:15,8.89,104.319
3285,11/09/2025 03:32:15,8.88,104.287
3286,11/09/2025 03:42:15,8.86,104.291
3287,11/09/2025 03:52:15,8.85,104.370
3288,11/09/2025 04:02:15,8.83,104.255
3289,11/09/2025 04:12:15,8.81,104.289
3290,11/09/2025 04:22:15,8.79,104.302
3291,11/09/2025 04:32:15,8.78,104.293
3292,11/09/2025 04:42:15,8.76,104.305
3293,11/09/2025 04:52:15,8.74,104.313
3294,11/09/2025 05:02:15,8.72,104.357
3295,11/09/2025 05:12:15,8.70,104.325
3296,11/09/2025 05:22:15,8.68,104.311
3297,11/09/2025 05:32:15,8.67,104.337
3298,11/09/2025 05:42:15,8.65,104.332
3299,11/09/2025 05:52:15,8.63,104.327
3300,11/09/2025 06:02:15,8.61,104.326
3301,11/09/2025 06:12:15,8.59,104.343
3302,11/09/2025 06:22:15,8.57,104.334
3303,11/09/2025 06:32:15,8.55,104.347
3304,11/09/2025 06:42:15,8.54,104.346
3305,11/09/2025 06:52:15,8.52,104.367
3306,11/09/2025 07:02:15,8.51,104.358
3307,11/09/2025 07:12:15,8.49,104.353
3308,11/09/2025 07:22:15,8.48,104.375
3309,11/09/2025 07:32:15,8.47,104.366
3310,11/09/2025 07:42:15,8.45,104.387
3311,11/09/2025 07:52:15,8.44,104.387
3312,11/09/2025 08:02:15,8.43,104.386
3313,11/09/2025 08:12:15,8.42,104.382
3314,11/09/2025 08:22:15,8.41,104.368
3315,11/09/2025 08:32:15,8.41,104.377
3316,11/09/2025 08:42:15,8.40,104.363
3317,11/09/2025 08:52:15,8.40,104.346
3318,11/09/2025 09:02:15,8.39,104.332
3319,11/09/2025 09:12:15,8.39,104.332
3320,11/09/2025 09:22:15,8.38,104.332
3321,11/09/2025 09:32:15,8.38,104.323
3322,11/09/2025 09:42:15,8.38,104.336
3323,11/09/2025 09:52:15,8.38,104.319
3324,11/09/2025 10:02:15,8.38,104.305
3325,11/09/2025 10:12:15,8.39,104.310
3326,11/09/2025 10:22:15,8.40,104.288
3327,11/09/2025 10:32:15,8.41,104.262
3328,11/09/2025 10:42:15,8.43,104.259
3329,11/09/2025 10:52:15,8.45,104.250
3330,11/09/2025 11:02:15,8.47,104.220
3331,11/09/2025 11:12:15,8.49,104.225
3332,11/09/2025 11:22:15,8.51,104.191
3333,11/09/2025 11:32:15,8.54,104.178
3334,11/09/2025 11:42:15,8.56,104.175
3335,11/09/2025 11:52:15,8.61,104.177
3336,11/09/2025 12:02:15,8.66,104.165
3337,11/09/2025 12:12:15,8.71,104.163
3338,11/09/2025 12:22:15,8.75,104.168
3339,11/09/2025 12:32:15,8.79,104.134
3340,11/09/2025 12:42:15,8.83,104.096
3341,11/09/2025 12:52:15,8.86,104.062
3342,11/09/2025 13:02:15,8.89,104.032
3343,11/09/2025 13:12:15,8.91,104.028
3344,11/09/2025 13:22:15,8.94,104.029
3345,11/09/2025 13:32:15,8.98,104.022
3346,11/09/2025 13:42:15,9.01,104.010
3347,11/09/2025 13:52:15,9.05,103.963
3348,11/09/2025 14:02:15,9.08,103.955
3349,11/09/2025 14:12:15,9.11,103.956
3350,11/09/2025 14:22:15,9.14,103.926
3351,11/09/2025 14:32:15,9.16,103.927
3352,11/09/2025 14:42:15,9.18,103.936
3353,11/09/2025 14:52:15,9.19,103.919
3354,11/09/2025 15:02:15,9.20,103.888
3355,11/09/2025 15:12:15,9.20,103.884
3356,11/09/2025 15:22:15,9.20,103.884
3357,11/09/2025 15:32:15,9.20,103.862
3358,11/09/2025 15:42:15,9.20,103.858
3359,11/09/2025 15:52:15,9.20,103.827
3360,11/09/2025 16:02:15,9.20,103.823
3361,11/09/2025 16:12:15,9.20,103.840
3362,11/09/2025 16:22:15,9.21,103.809
3363,11/09/2025 16:32:15,9.21,103.774
3364,11/09/2025 16:42:15,9.21,103.748
3365,11/09/2025 16:52:15,9.21,103.748
3366,11/09/2025 17:02:15,9.21,103.748
3367,11/09/2025 17:12:15,9.21,103.730
3368,11/09/2025 17:22:15,9.21,103.721
3369,11/09/2025 17:32:15,9.21,103.721
3370,11/09/2025 17:42:15,9.21,103.735
3371,11/09/2025 17:52:15,9.22,103.730
3372,11/09/2025 18:02:15,9.22,103.704
3373,11/09/2025 18:12:15,9.23,103.691
3374,11/09/2025 18:22:15,9.23,103.705
3375,11/09/2025 18:32:15,9.24,103.696
3376,11/09/2025 18:42:15,9.27,103.697
3377,11/09/2025 18:52:15,9.29,103.671
3378,11/09/2025 19:02:15,9.31,103.685
3379,11/09/2025 19:12:15,9.32,103.707
3380,11/09/2025 19:22:15,9.36,103.735
3381,11/09/2025 19:32:15,9.40,103.790
3382,11/09/2025 19:42:15,9.44,103.831
3383,11/09/2025 19:52:15,9.51,103.895
3384,11/09/2025 20:02:15,9.64,104.010
3385,11/09/2025 20:12:15,9.71,104.122
3386,11/09/2025 20:22:15,9.75,104.177
3387,11/09/2025 20:32:15,9.87,104.180
3388,11/09/2025 20:42:15,10.15,104.133
3389,11/09/2025 20:52:15,10.45,104.077
3390,11/09/2025 21:02:15,10.61,103.999
3391,11/09/2025 21:12:15,10.62,103.951
3392,11/09/2025 21:22:15,10.55,103.900
3393,11/09/2025 21:32:15,10.43,103.856
3394,11/09/2025 21:42:15,10.31,103.821
3395,11/09/2025 21:52:15,10.19,103.799
3396,11/09/2025 22:02:15,10.08,103.756
3397,11/09/2025 22:12:15,9.99,103.735
3398,11/09/2025 22:22:15,9.93,103.720
3399,11/09/2025 22:32:15,9.88,103.740
3400,11/09/2025 22:42:15,9.84,103.734
3401,11/09/2025 22:52:15,9.81,103.777
3402,11/09/2025 23:02:15,9.79,103.763
3403,11/09/2025 23:12:15,9.77,103.772
3404,11/09/2025 23:22:15,9.75,103.758
3405,11/09/2025 23:32:15,9.73,103.827
3406,11/09/2025 23:42:15,9.71,103.818
3407,11/09/2025 23:52:15,9.69,103.870
3408,11/10/2025 00:02:15,9.67,103.852
3409,11/10/2025 00:12:15,9.65,103.833
3410,11/10/2025 00:22:15,9.63,103.841
3411,11/10/2025 00:32:15,9.61,103.810
3412,11/10/2025 00:42:15,9.59,103.778
3413,11/10/2025 00:52:15,9.57,103.760
3414,11/10/2025 01:02:15,9.56,103.746
3415,11/10/2025 01:12:15,9.54,103.808
3416,11/10/2025 01:22:15,9.53,103.794
3417,11/10/2025 01:32:15,9.52,103.772
3418,11/10/2025 01:42:15,9.52,103.714
3419,11/10/2025 01:52:15,9.51,103.763
3420,11/10/2025 02:02:15,9.51,103.736
3421,11/10/2025 02:12:15,9.50,103.776
3422,11/10/2025 02:22:15,9.50,103.780
3423,11/10/2025 02:32:15,9.50,103.802
3424,11/10/2025 02:42:15,9.50,103.784
3425,11/10/2025 02:52:15,9.49,103.780
3426,11/10/2025 03:02:15,9.49,103.749
3427,11/10/2025 03:12:15,9.49,103.691
3428,11/10/2025 03:22:15,9.49,103.660
3429,11/10/2025 03:32:15,9.49,103.651
3430,11/10/2025 03:42:15,9.49,103.713
3431,11/10/2025 03:52:15,9.49,103.691
3432,11/10/2025 04:02:15,9.49,103.665
3433,11/10/2025 04:12:15,9.50,103.625
3434,11/10/2025 04:22:15,9.50,103.586
3435,11/10/2025 04:32:15,9.51,103.643
3436,11/10/2025 04:42:15,9.52,103.692
3437,11/10/2025 04:52:15,9.53,103.679
3438,11/10/2025 05:02:15,9.53,103.688
3439,11/10/2025 05:12:15,9.54,103.684
3440,11/10/2025 05:22:15,9.54,103.667
3441,11/10/2025 05:32:15,9.54,103.671
3442,11/10/2025 05:42:15,9.54,103.640
3443,11/10/2025 05:52:15,9.55,103.676
3444,11/10/2025 06:02:15,9.55,103.667
3445,11/10/2025 06:12:15,9.55,103.693
3446,11/10/2025 06:22:15,9.55,103.738
3447,11/10/2025 06:32:15,9.55,103.777
3448,11/10/2025 06:42:15,9.55,103.716
3449,11/10/2025 06:52:15,9.55,103.715
3450,11/10/2025 07:02:15,9.55,103.724
3451,11/10/2025 07:12:15,9.55,103.693
3452,11/10/2025 07:22:15,9.55,103.680
3453,11/10/2025 07:32:15,9.54,103.671
3454,11/10/2025 07:42:15,9.54,103.600
3455,11/10/2025 07:52:15,9.53,103.622
3456,11/10/2025 08:02:15,9.53,103.671
3457,11/10/2025 08:12:15,9.52,103.670
3458,11/10/2025 08:22:15,9.52,103.662
3459,11/10/2025 08:32:15,9.53,103.657
3460,11/10/2025 08:42:15,9.53,103.649
3461,11/10/2025 08:52:15,9.53,103.605
3462,11/10/2025 09:02:15,9.53,103.618
3463,11/10/2025 09:12:15,9.54,103.596
3464,11/10/2025 09:22:15,9.55,103.574
3465,11/10/2025 09:32:15,9.56,103.575
3466,11/10/2025 09:42:15,9.57,103.615
3467,11/10/2025 09:52:15,9.59,103.602
3468,11/10/2025 10:02:15,9.61,103.567
3469,11/10/2025 10:12:15,9.63,103.559
3470,11/10/2025 10:22:15,9.65,103.529
3471,11/10/2025 10:32:15,9.66,103.530
3472,11/10/2025 10:42:15,9.68,103.522
3473,11/10/2025 10:52:15,9.70,103.478
3474,11/10/2025 11:02:15,9.72,103.452
3475,11/10/2025 11:12:15,9.74,103.413
3476,11/10/2025 11:22:15,9.77,103.388
3477,11/10/2025 11:32:15,9.79,103.340
3478,11/10/2025 11:42:15,9.81,103.327
3479,11/10/2025 11:52:15,9.82,103.293
3480,11/10/2025 12:02:15,9.84,103.262
3481,11/10/2025 12:12:15,9.86,103.236
3482,11/10/2025 12:22:15,9.87,103.193
3483,11/10/2025 12:32:15,9.88,103.171
3484,11/10/2025 12:42:15,9.88,103.123
3485,11/10/2025 12:52:15,9.89,103.123
3486,11/10/2025 13:02:15,9.89,103.119
3487,11/10/2025 13:12:15,9.90,103.088
3488,11/10/2025 13:22:15,9.90,103.079
3489,11/10/2025 13:32:15,9.90,103.053
3490,11/10/2025 13:42:15,9.91,103.049
3491,11/10/2025 13:52:15,9.91,103.035
3492,11/10/2025 14:02:15,9.91,103.000
3493,11/10/2025 14:12:15,9.91,102.983
3494,11/10/2025 14:22:15,9.91,102.965
3495,11/10/2025 14:32:15,9.91,102.978
3496,11/10/2025 14:42:15,9.91,102.952
3497,11/10/2025 14:52:15,9.92,102.947
3498,11/10/2025 15:02:15,9.92,102.956
3499,11/10/2025 15:12:15,9.93,103.089
3500,11/10/2025 15:22:15,9.93,103.036
3501,11/10/2025 15:32:15,9.93,102.996
3502,11/10/2025 15:42:15,9.93,103.005
3503,11/10/2025 15:52:15,9.94,103.023
3504,11/10/2025 16:02:15,9.98,103.016
3505,11/10/2025 16:12:15,10.00,103.052
3506,11/10/2025 16:22:15,10.01,103.083
3507,11/10/2025 16:32:15,10.01,103.034
3508,11/10/2025 16:42:15,10.03,103.044
3509,11/10/2025 16:52:15,10.09,103.041
3510,11/10/2025 17:02:15,10.14,103.070
3511,11/10/2025 17:12:15,10.17,103.071
3512,11/10/2025 17:22:15,10.19,103.067
3513,11/10/2025 17:32:15,10.19,103.094
3514,11/10/2025 17:42:15,10.24,103.153
3515,11/10/2025 17:52:15,10.28,103.260
3516,11/10/2025 18:02:15,10.27,103.326
3517,11/10/2025 18:12:15,10.25,103.365
3518,11/10/2025 18:22:15,10.29,103.366
3519,11/10/2025 18:32:15,10.38,103.334
3520,11/10/2025 18:42:15,10.45,103.340
3521,11/10/2025 18:52:15,10.48,103.364
3522,11/10/2025 19:02:15,10.47,103.332
3523,11/10/2025 19:12:15,10.44,103.380
3524,11/10/2025 19:22:15,10.39,103.392
3525,11/10/2025 19:32:15,10.35,103.377
3526,11/10/2025 19:42:15,10.32,103.402
3527,11/10/2025 19:52:15,10.30,103.410
3528,11/10/2025 20:02:15,10.28,103.392
3529,11/10/2025 20:12:15,10.25,103.396
3530,11/10/2025 20:22:15,10.21,103.407
3531,11/10/2025 20:32:15,10.16,103.397
3532,11/10/2025 20:42:15,10.10,103.412
3533,11/10/2025 20:52:15,10.04,103.419
3534,11/10/2025 21:02:15,9.98,103.391
3535,11/10/2025 21:12:15,9.92,103.406
3536,11/10/2025 21:22:15,9.86,103.413
3537,11/10/2025 21:32:15,9.81,103.416
3538,11/10/2025 21:42:15,9.75,103.418
3539,11/10/2025 21:52:15,9.69,103.434
3540,11/10/2025 22:02:15,9.64,103.436
3541,11/10/2025 22:12:15,9.58,103.417
3542,11/10/2025 22:22:15,9.53,103.428
3543,11/10/2025 22:32:15,9.49,103.440
3544,11/10/2025 22:42:15,9.44,103.460
3545,11/10/2025 22:52:15,9.40,103.437
3546,11/10/2025 23:02:15,9.36,103.458
3547,11/10/2025 23:12:15,9.32,103.447
3548,11/10/2025 23:22:15,9.28,103.459
3549,11/10/2025 23:32:15,9.24,103.445
3550,11/10/2025 23:42:15,9.20,103.474
3551,11/10/2025 23:52:15,9.16,103.469
3552,11/11/2025 00:02:15,9.13,103.481
3553,11/11/2025 00:12:15,9.09,103.497
3554,11/11/2025 00:22:15,9.05,103.518
3555,11/11/2025 00:32:15,9.01,103.499
3556,11/11/2025 00:42:15,8.98,103.511
3557,11/11/2025 00:52:15,8.94,103.487
3558,11/11/2025 01:02:15,8.89,103.499
3559,11/11/2025 01:12:15,8.85,103.511
3560,11/11/2025 01:22:15,8.81,103.500
3561,11/11/2025 01:32:15,8.76,103.503
3562,11/11/2025 01:42:15,8.72,103.502
3563,11/11/2025 01:52:15,8.67,103.487
3564,11/11/2025 02:02:15,8.63,103.499
3565,11/11/2025 02:12:15,8.59,103.480
3566,11/11/2025 02:22:15,8.55,103.478
3567,11/11/2025 02:32:15,8.51,103.481
3568,11/11/2025 02:42:15,8.47,103.480
3569,11/11/2025 02:52:15,8.43,103.474
3570,11/11/2025 03:02:15,8.39,103.464
3571,11/11/2025 03:12:15,8.36,103.450
3572,11/11/2025 03:22:15,8.32,103.453
3573,11/11/2025 03:32:15,8.28,103.447
3574,11/11/2025 03:42:15,8.25,103.450
3575,11/11/2025 03:52:15,8.21,103.431
3576,11/11/2025 04:02:15,8.17,103.430
3577,11/11/2025 04:12:15,8.14,103.425
3578,11/11/2025 04:22:15,8.10,103.419
3579,11/11/2025 04:32:15,8.07,103.427
3580,11/11/2025 04:42:15,8.03,103.421
3581,11/11/2025 04:52:15,7.99,103.424
3582,11/11/2025 05:02:15,7.96,103.440
3583,11/11/2025 05:12:15,7.92,103.417
3584,11/11/2025 05:22:15,7.88,103.425
3585,11/11/2025 05:32:15,7.85,103.401
3586,11/11/2025 05:42:15,7.81,103.400
3587,11/11/2025 05:52:15,7.78,103.390
3588,11/11/2025 06:02:15,7.74,103.389
3589,11/11/2025 06:12:15,7.70,103.370
3590,11/11/2025 06:22:15,7.67,103.391
3591,11/11/2025 06:32:15,7.63,103.368
3592,11/11/2025 06:42:15,7.60,103.358
3593,11/11/2025 06:52:15,7.56,103.370
3594,11/11/2025 07:02:15,7.53,103.346
3595,11/11/2025 07:12:15,7.50,103.345
3596,11/11/2025 07:22:15,7.46,103.344
3597,11/11/2025 07:32:15,7.43,103.339
3598,11/11/2025 07:42:15,7.40,103.355
3599,11/11/2025 07:52:15,7.37,103.363
3600,11/11/2025 08:02:15,7.34,103.380
3601,11/11/2025 08:12:15,7.31,103.365
3602,11/11/2025 08:22:15,7.28,103.364
3603,11/11/2025 08:32:15,7.26,103.355
3604,11/11/2025 08:42:15,7.23,103.367
3605,11/11/2025 08:52:15,7.20,103.366
3606,11/11/2025 09:02:15,7.18,103.374
3607,11/11/2025 09:12:15,7.16,103.360
3608,11/11/2025 09:22:15,7.14,103.351
3609,11/11/2025 09:32:15,7.12,103.350
3610,11/11/2025 09:42:15,7.11,103.376
3611,11/11/2025 09:52:15,7.09,103.362
3612,11/11/2025 10:02:15,7.08,103.358
3613,11/11/2025 10:12:15,7.07,103.366
3614,11/11/2025 10:22:15,7.06,103.344
3615,11/11/2025 10:32:15,7.05,103.339
3616,11/11/2025 10:42:15,7.04,103.338
3617,11/11/2025 10:52:15,7.03,103.329
3618,11/11/2025 11:02:15,7.02,103.307
3619,11/11/2025 11:12:15,7.01,103.307
3620,11/11/2025 11:22:15,7.00,103.298
3621,11/11/2025 11:32:15,7.00,103.293
3622,11/11/2025 11:42:15,6.99,103.280
3623,11/11/2025 11:52:15,6.99,103.280
3624,11/11/2025 12:02:15,6.98,103.262
3625,11/11/2025 12:12:15,6.98,103.240
3626,11/11/2025 12:22:15,7.00,103.249
3627,11/11/2025 12:32:15,7.01,103.232
3628,11/11/2025 12:42:15,7.01,103.245
3629,11/11/2025 12:52:15,7.01,103.232
3630,11/11/2025 13:02:15,7.03,103.228
3631,11/11/2025 13:12:15,7.04,103.246
3632,11/11/2025 13:22:15,7.05,103.247
3633,11/11/2025 13:32:15,7.06,103.234
3634,11/11/2025 13:42:15,7.07,103.238
3635,11/11/2025 13:52:15,7.09,103.234
3636,11/11/2025 14:02:15,7.10,103.231
3637,11/11/2025 14:12:15,7.12,103.231
3638,11/11/2025 14:22:15,7.14,103.219
3639,11/11/2025 14:32:15,7.14,103.245
3640,11/11/2025 14:42:15,7.14,103.214
3641,11/11/2025 14:52:15,7.14,103.245
3642,11/11/2025 15:02:15,7.13,103.240
3643,11/11/2025 15:12:15,7.12,103.253
3644,11/11/2025 15:22:15,7.11,103.271
3645,11/11/2025 15:32:15,7.10,103.292
3646,11/11/2025 15:42:15,7.09,103.301
3647,11/11/2025 15:52:15,7.08,103.313
3648,11/11/2025 16:02:15,7.06,103.326
3649,11/11/2025 16:12:15,7.04,103.356
3650,11/11/2025 16:22:15,7.02,103.369
3651,11/11/2025 16:32:15,7.00,103.372
3652,11/11/2025 16:42:15,6.97,103.380
3653,11/11/2025 16:52:15,6.94,103.401
3654,11/11/2025 17:02:15,6.91,103.435
3655,11/11/2025 17:12:15,6.88,103.443
3656,11/11/2025 17:22:15,6.86,103.464
3657,11/11/2025 17:32:15,6.83,103.472
3658,11/11/2025 17:42:15,6.81,103.498
3659,11/11/2025 17:52:15,6.78,103.515
3660,11/11/2025 18:02:15,6.76,103.523
3661,11/11/2025 18:12:15,6.74,103.562
3662,11/11/2025 18:22:15,6.71,103.574
3663,11/11/2025 18:32:15,6.69,103.608
3664,11/11/2025 18:42:15,6.67,103.643
3665,11/11/2025 18:52:15,6.65,103.655
3666,11/11/2025 19:02:15,6.62,103.681
3667,11/11/2025 19:12:15,6.60,103.693
3668,11/11/2025 19:22:15,6.57,103.706
3669,11/11/2025 19:32:15,6.55,103.700
3670,11/11/2025 19:42:15,6.53,103.726
3671,11/11/2025 19:52:15,6.51,103.739
3672,11/11/2025 20:02:15,6.49,103.764
3673,11/11/2025 20:12:15,6.47,103.768
3674,11/11/2025 20:22:15,6.46,103.777
3675,11/11/2025 20:32:15,6.45,103.781
3676,11/11/2025 20:42:15,6.45,103.780
3677,11/11/2025 20:52:15,6.44,103.767
3678,11/11/2025 21:02:15,6.44,103.785
3679,11/11/2025 21:12:15,6.43,103.780
3680,11/11/2025 21:22:15,6.43,103.789
3681,11/11/2025 21:32:15,6.42,103.797
3682,11/11/2025 21:42:15,6.42,103.801
3683,11/11/2025 21:52:15,6.41,103.792
3684,11/11/2025 22:02:15,6.40,103.823
3685,11/11/2025 22:12:15,6.40,103.832
3686,11/11/2025 22:22:15,6.40,103.818
3687,11/11/2025 22:32:15,6.39,103.805
3688,11/11/2025 22:42:15,6.39,103.787
3689,11/11/2025 22:52:15,6.38,103.822
3690,11/11/2025 23:02:15,6.37,103.822
3691,11/11/2025 23:12:15,6.36,103.826
3692,11/11/2025 23:22:15,6.35,103.843
3693,11/11/2025 23:32:15,6.34,103.860
3694,11/11/2025 23:42:15,6.33,103.865
3695,11/11/2025 23:52:15,6.32,103.860
3696,11/12/2025 00:02:15,6.31,103.895
3697,11/12/2025 00:12:15,6.30,103.894
3698,11/12/2025 00:22:15,6.29,103.903
3699,11/12/2025 00:32:15,6.28,103.920
3700,11/12/2025 00:42:15,6.26,103.911
3701,11/12/2025 00:52:15,6.25,103.897
3702,11/12/2025 01:02:15,6.24,103.914
3703,11/12/2025 01:12:15,6.23,103.931
3704,11/12/2025 01:22:15,6.21,103.953
3705,11/12/2025 01:32:15,6.20,103.961
3706,11/12/2025 01:42:15,6.19,103.957
3707,11/12/2025 01:52:15,6.18,103.961
3708,11/12/2025 02:02:15,6.17,103.956
3709,11/12/2025 02:12:15,6.16,103.942
3710,11/12/2025 02:22:15,6.16,103.955
3711,11/12/2025 02:32:15,6.15,103.968
3712,11/12/2025 02:42:15,6.13,103.963
3713,11/12/2025 02:52:15,6.12,103.919
3714,11/12/2025 03:02:15,6.11,103.936
3715,11/12/2025 03:12:15,6.10,103.927
3716,11/12/2025 03:22:15,6.09,103.931
3717,11/12/2025 03:32:15,6.08,103.922
3718,11/12/2025 03:42:15,6.08,103.913
3719,11/12/2025 03:52:15,6.07,103.895
3720,11/12/2025 04:02:15,6.06,103.904
3721,11/12/2025 04:12:15,6.05,103.912
3722,11/12/2025 04:22:15,6.05,103.903
3723,11/12/2025 04:32:15,6.04,103.907
3724,11/12/2025 04:42:15,6.03,103.903
3725,11/12/2025 04:52:15,6.02,103.907
3726,11/12/2025 05:02:15,6.02,103.898
3727,11/12/2025 05:12:15,6.01,103.911
3728,11/12/2025 05:22:15,6.00,103.906
3729,11/12/2025 05:32:15,5.99,103.897
3730,11/12/2025 05:42:15,5.99,103.905
3731,11/12/2025 05:52:15,5.98,103.870
3732,11/12/2025 06:02:15,5.97,103.887
3733,11/12/2025 06:12:15,5.97,103.896
3734,11/12/2025 06:22:15,5.96,103.891
3735,11/12/2025 06:32:15,5.95,103.869
3736,11/12/2025 06:42:15,5.94,103.842
3737,11/12/2025 06:52:15,5.93,103.851
3738,11/12/2025 07:02:15,5.92,103.837
3739,11/12/2025 07:12:15,5.92,103.833
3740,11/12/2025 07:22:15,5.91,103.810
3741,11/12/2025 07:32:15,5.91,103.806
3742,11/12/2025 07:42:15,5.90,103.801
3743,11/12/2025 07:52:15,5.90,103.797
3744,11/12/2025 08:02:15,5.90,103.806
3745,11/12/2025 08:12:15,5.90,103.814
3746,11/12/2025 08:22:15,5.90,103.810
3747,11/12/2025 08:32:15,5.91,103.797
3748,11/12/2025 08:42:15,5.91,103.793
3749,11/12/2025 08:52:15,5.92,103.793
3750,11/12/2025 09:02:15,5.93,103.789
3751,11/12/2025 09:12:15,5.94,103.768
3752,11/12/2025 09:22:15,5.96,103.768
3753,11/12/2025 09:32:15,5.97,103.764
3754,11/12/2025 09:42:15,5.99,103.752
3755,11/12/2025 09:52:15,6.01,103.743
3756,11/12/2025 10:02:15,6.03,103.735
3757,11/12/2025 10:12:15,6.05,103.714
3758,11/12/2025 10:22:15,6.08,103.706
3759,11/12/2025 10:32:15,6.10,103.711
3760,11/12/2025 10:42:15,6.12,103.673
3761,11/12/2025 10:52:15,6.15,103.651
3762,11/12/2025 11:02:15,6.18,103.648
3763,11/12/2025 11:12:15,6.21,103.627
3764,11/12/2025 11:22:15,6.25,103.589
3765,11/12/2025 11:32:15,6.28,103.572
3766,11/12/2025 11:42:15,6.32,103.556
3767,11/12/2025 11:52:15,6.36,103.535
3768,11/12/2025 12:02:15,6.39,103.510
3769,11/12/2025 12:12:15,6.44,103.494
3770,11/12/2025 12:22:15,6.48,103.473
3771,11/12/2025 12:32:15,6.52,103.457
3772,11/12/2025 12:42:15,6.57,103.450
3773,11/12/2025 12:52:15,6.61,103.434
3774,11/12/2025 13:02:15,6.66,103.418
3775,11/12/2025 13:12:15,6.70,103.406
3776,11/12/2025 13:22:15,6.73,103.394
3777,11/12/2025 13:32:15,6.76,103.382
3778,11/12/2025 13:42:15,6.78,103.360
3779,11/12/2025 13:52:15,6.80,103.379
3780,11/12/2025 14:02:15,6.82,103.375
3781,11/12/2025 14:12:15,6.83,103.376
3782,11/12/2025 14:22:15,6.85,103.372
3783,11/12/2025 14:32:15,6.86,103.350
3784,11/12/2025 14:42:15,6.87,103.355
3785,11/12/2025 14:52:15,6.88,103.364
3786,11/12/2025 15:02:15,6.89,103.382
3787,11/12/2025 15:12:15,6.90,103.365
3788,11/12/2025 15:22:15,6.91,103.374
3789,11/12/2025 15:32:15,6.91,103.374
3790,11/12/2025 15:42:15,6.92,103.374
3791,11/12/2025 15:52:15,6.92,103.379
3792,11/12/2025 16:02:15,6.92,103.374
3793,11/12/2025 16:12:15,6.93,103.370
3794,11/12/2025 16:22:15,6.93,103.379
3795,11/12/2025 16:32:15,6.93,103.396
3796,11/12/2025 16:42:15,6.93,103.396
3797,11/12/2025 16:52:15,6.93,103.418
3798,11/12/2025 17:02:15,6.93,103.423
3799,11/12/2025 17:12:15,6.92,103.440
3800,11/12/2025 17:22:15,6.92,103.449
3801,11/12/2025 17:32:15,6.92,103.467
3802,11/12/2025 17:42:15,6.92,103.462
3803,11/12/2025 17:52:15,6.93,103.462
3804,11/12/2025 18:02:15,6.93,103.463
3805,11/12/2025 18:12:15,6.94,103.471
3806,11/12/2025 18:22:15,6.94,103.480
3807,11/12/2025 18:32:15,6.94,103.480
3808,11/12/2025 18:42:15,6.93,103.467
3809,11/12/2025 18:52:15,6.94,103.467
3810,11/12/2025 19:02:15,6.94,103.467
3811,11/12/2025 19:12:15,6.94,103.476
3812,11/12/2025 19:22:15,6.94,103.481
3813,11/12/2025 19:32:15,6.95,103.476
3814,11/12/2025 19:42:15,6.95,103.463
3815,11/12/2025 19:52:15,6.96,103.463
3816,11/12/2025 20:02:15,6.96,103.468
3817,11/12/2025 20:12:15,6.97,103.464
3818,11/12/2025 20:22:15,6.97,103.455
3819,11/12/2025 20:32:15,6.98,103.460
3820,11/12/2025 20:42:15,6.98,103.456
3821,11/12/2025 20:52:15,6.99,103.469
3822,11/12/2025 21:02:15,6.98,103.478
3823,11/12/2025 21:12:15,6.98,103.473
3824,11/12/2025 21:22:15,6.98,103.477
3825,11/12/2025 21:32:15,6.98,103.473
3826,11/12/2025 21:42:15,6.98,103.486
3827,11/12/2025 21:52:15,6.97,103.482
3828,11/12/2025 22:02:15,6.97,103.468
3829,11/12/2025 22:12:15,6.97,103.455
3830,11/12/2025 22:22:15,6.97,103.477
3831,11/12/2025 22:32:15,6.97,103.473
3832,11/12/2025 22:42:15,6.97,103.477
3833,11/12/2025 22:52:15,6.96,103.494
3834,11/12/2025 23:02:15,6.96,103.490
3835,11/12/2025 23:12:15,6.96,103.494
3836,11/12/2025 23:22:15,6.96,103.486
3837,11/12/2025 23:32:15,6.96,103.503
3838,11/12/2025 23:42:15,6.96,103.507
3839,11/12/2025 23:52:15,6.95,103.507
3840,11/13/2025 00:02:15,6.95,103.507
3841,11/13/2025 00:12:15,6.95,103.494
3842,11/13/2025 00:22:15,6.95,103.498
3843,11/13/2025 00:32:15,6.94,103.503
3844,11/13/2025 00:42:15,6.94,103.489
3845,11/13/2025 00:52:15,6.94,103.502
3846,11/13/2025 01:02:15,6.93,103.507
3847,11/13/2025 01:12:15,6.93,103.506
3848,11/13/2025 01:22:15,6.92,103.502
3849,11/13/2025 01:32:15,6.92,103.506
3850,11/13/2025 01:42:15,6.92,103.524
3851,11/13/2025 01:52:15,6.91,103.559
3852,11/13/2025 02:02:15,6.91,103.550
3853,11/13/2025 02:12:15,6.90,103.554
3854,11/13/2025 02:22:15,6.89,103.567
3855,11/13/2025 02:32:15,6.88,103.558
3856,11/13/2025 02:42:15,6.87,103.553
3857,11/13/2025 02:52:15,6.86,103.561
3858,11/13/2025 03:02:15,6.85,103.565
3859,11/13/2025 03:12:15,6.84,103.556
3860,11/13/2025 03:22:15,6.83,103.565
3861,11/13/2025 03:32:15,6.82,103.564
3862,11/13/2025 03:42:15,6.81,103.573
3863,11/13/2025 03:52:15,6.80,103.559
3864,11/13/2025 04:02:15,6.79,103.572
3865,11/13/2025 04:12:15,6.79,103.576
3866,11/13/2025 04:22:15,6.78,103.567
3867,11/13/2025 04:32:15,6.78,103.567
3868,11/13/2025 04:42:15,6.77,103.572
3869,11/13/2025 04:52:15,6.77,103.563
3870,11/13/2025 05:02:15,6.76,103.576
3871,11/13/2025 05:12:15,6.76,103.580
3872,11/13/2025 05:22:15,6.75,103.558
3873,11/13/2025 05:32:15,6.74,103.562
3874,11/13/2025 05:42:15,6.74,103.548
3875,11/13/2025 05:52:15,6.73,103.570
3876,11/13/2025 06:02:15,6.73,103.566
3877,11/13/2025 06:12:15,6.72,103.570
3878,11/13/2025 06:22:15,6.71,103.578
3879,11/13/2025 06:32:15,6.71,103.596
3880,11/13/2025 06:42:15,6.70,103.613
3881,11/13/2025 06:52:15,6.70,103.609
3882,11/13/2025 07:02:15,6.69,103.604
3883,11/13/2025 07:12:15,6.69,103.622
3884,11/13/2025 07:22:15,6.68,103.617
3885,11/13/2025 07:32:15,6.68,103.630
3886,11/13/2025 07:42:15,6.67,103.661
3887,11/13/2025 07:52:15,6.67,103.652
3888,11/13/2025 08:02:15,6.67,103.661
3889,11/13/2025 08:12:15,6.68,103.652
3890,11/13/2025 08:22:15,6.68,103.661
3891,11/13/2025 08:32:15,6.69,103.657
3892,11/13/2025 08:42:15,6.70,103.657
3893,11/13/2025 08:52:15,6.71,103.644
3894,11/13/2025 09:02:15,6.72,103.654
3895,11/13/2025 09:12:15,6.74,103.650
3896,11/13/2025 09:22:15,6.76,103.664
3897,11/13/2025 09:32:15,6.79,103.634
3898,11/13/2025 09:42:15,6.82,103.648
3899,11/13/2025 09:52:15,6.84,103.640
3900,11/13/2025 10:02:15,6.87,103.637
3901,11/13/2025 10:12:15,6.90,103.629
3902,11/13/2025 10:22:15,6.93,103.630
3903,11/13/2025 10:32:15,6.96,103.622
3904,11/13/2025 10:42:15,6.99,103.606
3905,11/13/2025 10:52:15,7.02,103.606
3906,11/13/2025 11:02:15,7.04,103.603
3907,11/13/2025 11:12:15,7.07,103.595
3908,11/13/2025 11:22:15,7.10,103.574
3909,11/13/2025 11:32:15,7.13,103.579
3910,11/13/2025 11:42:15,7.17,103.563
3911,11/13/2025 11:52:15,7.20,103.551
3912,11/13/2025 12:02:15,7.23,103.556
3913,11/13/2025 12:12:15,7.26,103.553
3914,11/13/2025 12:22:15,7.28,103.545
3915,11/13/2025 12:32:15,7.31,103.559
3916,11/13/2025 12:42:15,7.33,103.569
3917,11/13/2025 12:52:15,7.34,103.560
3918,11/13/2025 13:02:15,7.36,103.570
3919,11/13/2025 13:12:15,7.37,103.579
3920,11/13/2025 13:22:15,7.39,103.584
3921,11/13/2025 13:32:15,7.41,103.571
3922,11/13/2025 13:42:15,7.43,103.572
3923,11/13/2025 13:52:15,7.45,103.599
3924,11/13/2025 14:02:15,7.46,103.600
3925,11/13/2025 14:12:15,7.48,103.583
3926,11/13/2025 14:22:15,7.49,103.610
3927,11/13/2025 14:32:15,7.51,103.623
3928,11/13/2025 14:42:15,7.52,103.632
3929,11/13/2025 14:52:15,7.53,103.664
3930,11/13/2025 15:02:15,7.54,103.673
3931,11/13/2025 15:12:15,7.55,103.695
3932,11/13/2025 15:22:15,7.55,103.708
3933,11/13/2025 15:32:15,7.56,103.726
3934,11/13/2025 15:42:15,7.56,103.739
3935,11/13/2025 15:52:15,7.56,103.757
3936,11/13/2025 16:02:15,7.56,103.783
3937,11/13/2025 16:12:15,7.55,103.797
3938,11/13/2025 16:22:15,7.55,103.801
3939,11/13/2025 16:32:15,7.55,103.823
3940,11/13/2025 16:42:15,7.54,103.849
3941,11/13/2025 16:52:15,7.54,103.884
3942,11/13/2025 17:02:15,7.53,103.910
3943,11/13/2025 17:12:15,7.52,103.932
3944,11/13/2025 17:22:15,7.52,103.954
3945,11/13/2025 17:32:15,7.50,103.975
3946,11/13/2025 17:42:15,7.49,103.984
3947,11/13/2025 17:52:15,7.48,103.997
3948,11/13/2025 18:02:15,7.47,104.001
3949,11/13/2025 18:12:15,7.46,104.009
3950,11/13/2025 18:22:15,7.46,104.022
3951,11/13/2025 18:32:15,7.45,104.022
3952,11/13/2025 18:42:15,7.44,104.017
3953,11/13/2025 18:52:15,7.42,104.052
3954,11/13/2025 19:02:15,7.41,104.056
3955,11/13/2025 19:12:15,7.39,104.051
3956,11/13/2025 19:22:15,7.37,104.055
3957,11/13/2025 19:32:15,7.36,104.041
3958,11/13/2025 19:42:15,7.34,104.045
3959,11/13/2025 19:52:15,7.33,104.071
3960,11/13/2025 20:02:15,7.32,104.057
3961,11/13/2025 20:12:15,7.31,104.048
3962,11/13/2025 20:22:15,7.30,104.057
3963,11/13/2025 20:32:15,7.29,104.083
3964,11/13/2025 20:42:15,7.28,104.087
3965,11/13/2025 20:52:15,7.27,104.104
3966,11/13/2025 21:02:15,7.25,104.112
3967,11/13/2025 21:12:15,7.24,104.112
3968,11/13/2025 21:22:15,7.23,104.081
3969,11/13/2025 21:32:15,7.22,104.093
3970,11/13/2025 21:42:15,7.20,104.080
3971,11/13/2025 21:52:15,7.19,104.083
3972,11/13/2025 22:02:15,7.17,104.078
3973,11/13/2025 22:12:15,7.15,104.051
3974,11/13/2025 22:22:15,7.13,104.064
3975,11/13/2025 22:32:15,7.11,104.081
3976,11/13/2025 22:42:15,7.09,104.093
3977,11/13/2025 22:52:15,7.07,104.097
3978,11/13/2025 23:02:15,7.04,104.078
3979,11/13/2025 23:12:15,7.02,104.095
3980,11/13/2025 23:22:15,7.00,104.059
3981,11/13/2025 23:32:15,6.98,104.081
3982,11/13/2025 23:42:15,6.95,104.075
3983,11/13/2025 23:52:15,6.93,104.075
3984,11/14/2025 00:02:15,6.91,104.069
3985,11/14/2025 00:12:15,6.89,104.073
3986,11/14/2025 00:22:15,6.86,104.068
3987,11/14/2025 00:32:15,6.84,104.063
3988,11/14/2025 00:42:15,6.82,104.057
3989,11/14/2025 00:52:15,6.79,104.061
3990,11/14/2025 01:02:15,6.78,104.078
3991,11/14/2025 01:12:15,6.76,104.064
3992,11/14/2025 01:22:15,6.75,104.104
3993,11/14/2025 01:32:15,6.74,104.116
3994,11/14/2025 01:42:15,6.73,104.107
3995,11/14/2025 01:52:15,6.72,104.107
3996,11/14/2025 02:02:15,6.70,104.111
3997,11/14/2025 02:12:15,6.69,104.106
3998,11/14/2025 02:22:15,6.67,104.123
3999,11/14/2025 02:32:15,6.66,104.135
4000,11/14/2025 02:42:15,6.64,104.139
4001,11/14/2025 02:52:15,6.62,104.121
4002,11/14/2025 03:02:15,6.60,104.125
4003,11/14/2025 03:12:15,6.59,104.138
4004,11/14/2025 03:22:15,6.57,104.146
4005,11/14/2025 03:32:15,6.56,104.158
4006,11/14/2025 03:42:15,6.54,104.158
4007,11/14/2025 03:52:15,6.52,104.166
4008,11/14/2025 04:02:15,6.49,104.174
4009,11/14/2025 04:12:15,6.47,104.191
4010,11/14/2025 04:22:15,6.44,104.207
4011,11/14/2025 04:32:15,6.41,104.202
4012,11/14/2025 04:42:15,6.38,104.232
4013,11/14/2025 04:52:15,6.35,104.222
4014,11/14/2025 05:02:15,6.32,104.229
4015,11/14/2025 05:12:15,6.29,104.220
4016,11/14/2025 05:22:15,6.26,104.250
4017,11/14/2025 05:32:15,6.23,104.257
4018,11/14/2025 05:42:15,6.21,104.278
4019,11/14/2025 05:52:15,6.18,104.295
4020,11/14/2025 06:02:15,6.15,104.329
4021,11/14/2025 06:12:15,6.11,104.346
4022,11/14/2025 06:22:15,6.08,104.353
4023,11/14/2025 06:32:15,6.05,104.392
4024,11/14/2025 06:42:15,6.02,104.391
4025,11/14/2025 06:52:15,5.99,104.412
4026,11/14/2025 07:02:15,5.96,104.441
4027,11/14/2025 07:12:15,5.93,104.431
4028,11/14/2025 07:22:15,5.89,104.417
4029,11/14/2025 07:32:15,5.86,104.451
4030,11/14/2025 07:42:15,5.83,104.446
4031,11/14/2025 07:52:15,5.81,104.436
4032,11/14/2025 08:02:15,5.78,104.448
4033,11/14/2025 08:12:15,5.76,104.465
4034,11/14/2025 08:22:15,5.75,104.456
4035,11/14/2025 08:32:15,5.73,104.451
4036,11/14/2025 08:42:15,5.72,104.459
4037,11/14/2025 08:52:15,5.71,104.450
4038,11/14/2025 09:02:15,5.71,104.442
4039,11/14/2025 09:12:15,5.72,104.446
4040,11/14/2025 09:22:15,5.72,104.446
4041,11/14/2025 09:32:15,5.73,104.438
4042,11/14/2025 09:42:15,5.75,104.430
4043,11/14/2025 09:52:15,5.76,104.430
4044,11/14/2025 10:02:15,5.79,104.427
4045,11/14/2025 10:12:15,5.82,104.428
4046,11/14/2025 10:22:15,5.85,104.407
4047,11/14/2025 10:32:15,5.89,104.413
4048,11/14/2025 10:42:15,5.93,104.392
4049,11/14/2025 10:52:15,5.97,104.349
4050,11/14/2025 11:02:15,6.01,104.351
4051,11/14/2025 11:12:15,6.05,104.330
4052,11/14/2025 11:22:15,6.10,104.319
4053,11/14/2025 11:32:15,6.15,104.298
4054,11/14/2025 11:42:15,6.21,104.287
4055,11/14/2025 11:52:15,6.27,104.263
4056,11/14/2025 12:02:15,6.34,104.239
4057,11/14/2025 12:12:15,6.41,104.219
4058,11/14/2025 12:22:15,6.48,104.213
4059,11/14/2025 12:32:15,6.55,104.176
4060,11/14/2025 12:42:15,6.61,104.182
4061,11/14/2025 12:52:15,6.64,104.161
4062,11/14/2025 13:02:15,6.66,104.140
4063,11/14/2025 13:12:15,6.67,104.132
4064,11/14/2025 13:22:15,6.67,104.123
4065,11/14/2025 13:32:15,6.67,104.114
4066,11/14/2025 13:42:15,6.66,104.096
4067,11/14/2025 13:52:15,6.65,104.087
4068,11/14/2025 14:02:15,6.64,104.100
4069,11/14/2025 14:12:15,6.63,104.091
4070,11/14/2025 14:22:15,6.63,104.086
4071,11/14/2025 14:32:15,6.63,104.082
4072,11/14/2025 14:42:15,6.63,104.073
4073,11/14/2025 14:52:15,6.64,104.056
4074,11/14/2025 15:02:15,6.64,104.056
4075,11/14/2025 15:12:15,6.63,104.060
4076,11/14/2025 15:22:15,6.63,104.046
4077,11/14/2025 15:32:15,6.62,104.046
4078,11/14/2025 15:42:15,6.60,104.032
4079,11/14/2025 15:52:15,6.60,104.032
4080,11/14/2025 16:02:15,6.59,104.023
4081,11/14/2025 16:12:15,6.58,104.036
4082,11/14/2025 16:22:15,6.57,104.018
4083,11/14/2025 16:32:15,6.57,104.014
4084,11/14/2025 16:42:15,6.57,104.005
4085,11/14/2025 16:52:15,6.56,104.000
4086,11/14/2025 17:02:15,6.57,104.005
4087,11/14/2025 17:12:15,6.57,103.987
4088,11/14/2025 17:22:15,6.57,103.983
4089,11/14/2025 17:32:15,6.58,103.992
4090,11/14/2025 17:42:15,6.58,103.970
4091,11/14/2025 17:52:15,6.58,103.957
4092,11/14/2025 18:02:15,6.59,103.966
4093,11/14/2025 18:12:15,6.60,103.966
4094,11/14/2025 18:22:15,6.60,103.953
4095,11/14/2025 18:32:15,6.61,103.936
4096,11/14/2025 18:42:15,6.62,103.932
4097,11/14/2025 18:52:15,6.63,103.919
4098,11/14/2025 19:02:15,6.64,103.906
4099,11/14/2025 19:12:15,6.64,103.902
4100,11/14/2025 19:22:15,6.65,103.893
4101,11/14/2025 19:32:15,6.66,103.876
4102,11/14/2025 19:42:15,6.67,103.876
4103,11/14/2025 19:52:15,6.68,103.863
4104,11/14/2025 20:02:15,6.69,103.921
4105,11/14/2025 20:12:15,6.69,103.930
4106,11/14/2025 20:22:15,6.69,103.890
4107,11/14/2025 20:32:15,6.70,103.899
4108,11/14/2025 20:42:15,6.70,103.908
4109,11/14/2025 20:52:15,6.70,103.904
4110,11/14/2025 21:02:15,6.70,103.917
4111,11/14/2025 21:12:15,6.69,103.925
4112,11/14/2025 21:22:15,6.69,103.925
4113,11/14/2025 21:32:15,6.68,103.929
4114,11/14/2025 21:42:15,6.68,103.934
4115,11/14/2025 21:52:15,6.67,103.960
4116,11/14/2025 22:02:15,6.67,103.933
4117,11/14/2025 22:12:15,6.67,103.942
4118,11/14/2025 22:22:15,6.67,103.920
4119,11/14/2025 22:32:15,6.66,103.911
4120,11/14/2025 22:42:15,6.66,103.920
4121,11/14/2025 22:52:15,6.65,103.924
4122,11/14/2025 23:02:15,6.64,103.924
4123,11/14/2025 23:12:15,6.62,103.910
4124,11/14/2025 23:22:15,6.60,103.931
4125,11/14/2025 23:32:15,6.58,103.904
4126,11/14/2025 23:42:15,6.56,103.899
4127,11/14/2025 23:52:15,6.54,103.898
4128,11/15/2025 00:02:15,6.51,103.880
4129,11/15/2025 00:12:15,6.49,103.896
4130,11/15/2025 00:22:15,6.46,103.882
4131,11/15/2025 00:32:15,6.44,103.899
4132,11/15/2025 00:42:15,6.41,103.898
4133,11/15/2025 00:52:15,6.39,103.884
4134,11/15/2025 01:02:15,6.36,103.901
4135,11/15/2025 01:12:15,6.34,103.891
4136,11/15/2025 01:22:15,6.30,103.930
4137,11/15/2025 01:32:15,6.27,103.928
4138,11/15/2025 01:42:15,6.24,103.941
4139,11/15/2025 01:52:15,6.20,103.926
4140,11/15/2025 02:02:15,6.17,103.912
4141,11/15/2025 02:12:15,6.14,103.924
4142,11/15/2025 02:22:15,6.11,103.914
4143,11/15/2025 02:32:15,6.07,103.908
4144,11/15/2025 02:42:15,6.04,103.907
4145,11/15/2025 02:52:15,6.01,103.911
4146,11/15/2025 03:02:15,5.98,103.896
4147,11/15/2025 03:12:15,5.95,103.887
4148,11/15/2025 03:22:15,5.92,103.886
4149,11/15/2025 03:32:15,5.89,103.889
4150,11/15/2025 03:42:15,5.86,103.879
4151,11/15/2025 03:52:15,5.83,103.869
4152,11/15/2025 04:02:15,5.80,103.842
4153,11/15/2025 04:12:15,5.77,103.845
4154,11/15/2025 04:22:15,5.73,103.853
4155,11/15/2025 04:32:15,5.70,103.843
4156,11/15/2025 04:42:15,5.67,103.842
4157,11/15/2025 04:52:15,5.64,103.832
4158,11/15/2025 05:02:15,5.60,103.822
4159,11/15/2025 05:12:15,5.57,103.816
4160,11/15/2025 05:22:15,5.54,103.815
4161,11/15/2025 05:32:15,5.50,103.814
4162,11/15/2025 05:42:15,5.47,103.826
4163,11/15/2025 05:52:15,5.44,103.807
4164,11/15/2025 06:02:15,5.40,103.806
4165,11/15/2025 06:12:15,5.37,103.814
4166,11/15/2025 06:22:15,5.34,103.808
4167,11/15/2025 06:32:15,5.31,103.803
4168,11/15/2025 06:42:15,5.27,103.788
4169,11/15/2025 06:52:15,5.24,103.814
4170,11/15/2025 07:02:15,5.20,103.803
4171,11/15/2025 07:12:15,5.16,103.811
4172,11/15/2025 07:22:15,5.13,103.788
4173,11/15/2025 07:32:15,5.09,103.787
4174,11/15/2025 07:42:15,5.06,103.781
4175,11/15/2025 07:52:15,5.03,103.780
4176,11/15/2025 08:02:15,5.01,103.757
4177,11/15/2025 08:12:15,4.98,103.739
4178,11/15/2025 08:22:15,4.96,103.725
4179,11/15/2025 08:32:15,4.94,103.693
4180,11/15/2025 08:42:15,4.93,103.684
4181,11/15/2025 08:52:15,4.93,103.658
4182,11/15/2025 09:02:15,4.92,103.653
4183,11/15/2025 09:12:15,4.92,103.640
4184,11/15/2025 09:22:15,4.92,103.627
4185,11/15/2025 09:32:15,4.93,103.601
4186,11/15/2025 09:42:15,4.94,103.601
4187,11/15/2025 09:52:15,4.95,103.619
4188,11/15/2025 10:02:15,4.97,103.611
4189,11/15/2025 10:12:15,5.00,103.603
4190,11/15/2025 10:22:15,5.04,103.600
4191,11/15/2025 10:32:15,5.09,103.553
4192,11/15/2025 10:42:15,5.13,103.550
4193,11/15/2025 10:52:15,5.17,103.512
4194,11/15/2025 11:02:15,5.20,103.487
4195,11/15/2025 11:12:15,5.24,103.453
4196,11/15/2025 11:22:15,5.29,103.424
4197,11/15/2025 11:32:15,5.34,103.386
4198,11/15/2025 11:42:15,5.40,103.375
4199,11/15/2025 11:52:15,5.46,103.342
4200,11/15/2025 12:02:15,5.52,103.309
4201,11/15/2025 12:12:15,5.59,103.293
4202,11/15/2025 12:22:15,5.65,103.265
4203,11/15/2025 12:32:15,5.71,103.245
4204,11/15/2025 12:42:15,5.77,103.216
4205,11/15/2025 12:52:15,5.81,103.209
4206,11/15/2025 13:02:15,5.85,103.166
4207,11/15/2025 13:12:15,5.87,103.149
4208,11/15/2025 13:22:15,5.89,103.092
4209,11/15/2025 13:32:15,5.91,103.075
4210,11/15/2025 13:42:15,5.92,103.067
4211,11/15/2025 13:52:15,5.93,103.032
4212,11/15/2025 14:02:15,5.93,103.019
4213,11/15/2025 14:12:15,5.92,103.005
4214,11/15/2025 14:22:15,5.92,102.992
4215,11/15/2025 14:32:15,5.93,102.997
4216,11/15/2025 14:42:15,5.93,102.988
4217,11/15/2025 14:52:15,5.94,102.971
4218,11/15/2025 15:02:15,5.95,102.931
4219,11/15/2025 15:12:15,5.95,102.940
4220,11/15/2025 15:22:15,5.96,102.914
4221,11/15/2025 15:32:15,5.96,102.857
4222,11/15/2025 15:42:15,5.96,102.822
4223,11/15/2025 15:52:15,5.96,102.817
4224,11/15/2025 16:02:15,5.96,102.778
4225,11/15/2025 16:12:15,5.96,102.760
4226,11/15/2025 16:22:15,5.96,102.756
4227,11/15/2025 16:32:15,5.97,102.769
4228,11/15/2025 16:42:15,5.97,102.760
4229,11/15/2025 16:52:15,5.96,102.765
4230,11/15/2025 17:02:15,5.96,102.760
4231,11/15/2025 17:12:15,5.95,102.720
4232,11/15/2025 17:22:15,5.94,102.689
4233,11/15/2025 17:32:15,5.93,102.684
4234,11/15/2025 17:42:15,5.92,102.671
4235,11/15/2025 17:52:15,5.91,102.666
4236,11/15/2025 18:02:15,5.91,102.622
4237,11/15/2025 18:12:15,5.91,102.591
4238,11/15/2025 18:22:15,5.92,102.565
4239,11/15/2025 18:32:15,5.93,102.526
4240,11/15/2025 18:42:15,5.94,102.526
4241,11/15/2025 18:52:15,5.95,102.513
4242,11/15/2025 19:02:15,5.97,102.483
4243,11/15/2025 19:12:15,5.98,102.466
4244,11/15/2025 19:22:15,5.99,102.418
4245,11/15/2025 19:32:15,6.01,102.396
4246,11/15/2025 19:42:15,6.02,102.436
4247,11/15/2025 19:52:15,6.04,102.459
4248,11/15/2025 20:02:15,6.05,102.653
4249,11/15/2025 20:12:15,6.07,102.557
4250,11/15/2025 20:22:15,6.09,102.549
4251,11/15/2025 20:32:15,6.26,102.674
4252,11/15/2025 20:42:15,6.46,102.812
4253,11/15/2025 20:52:15,6.53,103.075
4254,11/15/2025 21:02:15,6.52,103.308
4255,11/15/2025 21:12:15,6.63,103.422
4256,11/15/2025 21:22:15,7.05,103.436
4257,11/15/2025 21:32:15,7.43,103.458
4258,11/15/2025 21:42:15,7.60,103.499
4259,11/15/2025 21:52:15,7.59,103.569
4260,11/15/2025 22:02:15,7.50,103.658
4261,11/15/2025 22:12:15,7.38,103.711
4262,11/15/2025 22:22:15,7.28,103.734
4263,11/15/2025 22:32:15,7.20,103.718
4264,11/15/2025 22:42:15,7.12,103.654
4265,11/15/2025 22:52:15,7.04,103.598
4266,11/15/2025 23:02:15,6.96,103.521
4267,11/15/2025 23:12:15,6.89,103.492
4268,11/15/2025 23:22:15,6.85,103.526
4269,11/15/2025 23:32:15,6.82,103.639
4270,11/15/2025 23:42:15,6.80,103.683
4271,11/15/2025 23:52:15,6.81,103.687
4272,11/16/2025 00:02:15,6.86,103.667
4273,11/16/2025 00:12:15,6.88,103.615
4274,11/16/2025 00:22:15,6.87,103.549
4275,11/16/2025 00:32:15,6.86,103.469
4276,11/16/2025 00:42:15,6.85,103.389
4277,11/16/2025 00:52:15,6.82,103.327
4278,11/16/2025 01:02:15,6.80,103.273
4279,11/16/2025 01:12:15,6.78,103.228
4280,11/16/2025 01:22:15,6.76,103.228
4281,11/16/2025 01:32:15,6.73,103.222
4282,11/16/2025 01:42:15,6.71,103.217
4283,11/16/2025 01:52:15,6.70,103.226
4284,11/16/2025 02:02:15,6.71,103.239
4285,11/16/2025 02:12:15,6.73,103.297
4286,11/16/2025 02:22:15,6.73,103.328
4287,11/16/2025 02:32:15,6.75,103.316
4288,11/16/2025 02:42:15,6.79,103.282
4289,11/16/2025 02:52:15,6.81,103.238
4290,11/16/2025 03:02:15,6.81,103.199
4291,11/16/2025 03:12:15,6.79,103.167
4292,11/16/2025 03:22:15,6.76,103.126
4293,11/16/2025 03:32:15,6.73,103.077
4294,11/16/2025 03:42:15,6.69,103.031
4295,11/16/2025 03:52:15,6.65,103.008
4296,11/16/2025 04:02:15,6.61,102.963
4297,11/16/2025 04:12:15,6.58,102.949
4298,11/16/2025 04:22:15,6.56,102.930
4299,11/16/2025 04:32:15,6.54,102.890
4300,11/16/2025 04:42:15,6.52,102.885
4301,11/16/2025 04:52:15,6.50,102.871
4302,11/16/2025 05:02:15,6.49,102.862
4303,11/16/2025 05:12:15,6.47,102.852
4304,11/16/2025 05:22:15,6.46,102.839
4305,11/16/2025 05:32:15,6.45,102.834
4306,11/16/2025 05:42:15,6.44,102.816
4307,11/16/2025 05:52:15,6.43,102.803
4308,11/16/2025 06:02:15,6.42,102.767
4309,11/16/2025 06:12:15,6.41,102.758
4310,11/16/2025 06:22:15,6.40,102.727
4311,11/16/2025 06:32:15,6.39,102.739
4312,11/16/2025 06:42:15,6.37,102.721
4313,11/16/2025 06:52:15,6.36,102.734
4314,11/16/2025 07:02:15,6.35,102.716
4315,11/16/2025 07:12:15,6.35,102.720
4316,11/16/2025 07:22:15,6.34,102.707
4317,11/16/2025 07:32:15,6.33,102.702
4318,11/16/2025 07:42:15,6.32,102.715
4319,11/16/2025 07:52:15,6.32,102.715
4320,11/16/2025 08:02:15,6.31,102.715
4321,11/16/2025 08:12:15,6.31,102.693
4322,11/16/2025 08:22:15,6.31,102.693
4323,11/16/2025 08:32:15,6.31,102.680
4324,11/16/2025 08:42:15,6.31,102.697
4325,11/16/2025 08:52:15,6.32,102.746
4326,11/16/2025 09:02:15,6.33,102.746
4327,11/16/2025 09:12:15,6.34,102.778
4328,11/16/2025 09:22:15,6.36,102.800
4329,11/16/2025 09:32:15,6.38,102.823
4330,11/16/2025 09:42:15,6.40,102.854
4331,11/16/2025 09:52:15,6.42,102.860
4332,11/16/2025 10:02:15,6.44,102.887
4333,11/16/2025 10:12:15,6.47,102.896
4334,11/16/2025 10:22:15,6.48,102.923
4335,11/16/2025 10:32:15,6.50,102.946
4336,11/16/2025 10:42:15,6.52,102.977
4337,11/16/2025 10:52:15,6.54,102.991
4338,11/16/2025 11:02:15,6.57,103.032
4339,11/16/2025 11:12:15,6.58,103.059
4340,11/16/2025 11:22:15,6.60,103.037
4341,11/16/2025 11:32:15,6.62,103.073
4342,11/16/2025 11:42:15,6.64,103.083
4343,11/16/2025 11:52:15,6.66,103.110
4344,11/16/2025 12:02:15,6.69,103.115
4345,11/16/2025 12:12:15,6.73,103.108
4346,11/16/2025 12:22:15,6.78,103.123
4347,11/16/2025 12:32:15,6.83,103.111
4348,11/16/2025 12:42:15,6.87,103.148
4349,11/16/2025 12:52:15,6.91,103.132
4350,11/16/2025 13:02:15,6.94,103.164
4351,11/16/2025 13:12:15,6.97,103.173
4352,11/16/2025 13:22:15,6.99,103.183
4353,11/16/2025 13:32:15,7.00,103.174
4354,11/16/2025 13:42:15,7.02,103.193
4355,11/16/2025 13:52:15,7.04,103.184
4356,11/16/2025 14:02:15,7.05,103.194
4357,11/16/2025 14:12:15,7.06,103.203
4358,11/16/2025 14:22:15,7.06,103.238
4359,11/16/2025 14:32:15,7.06,103.286
4360,11/16/2025 14:42:15,7.06,103.295
4361,11/16/2025 14:52:15,7.05,103.295
4362,11/16/2025 15:02:15,7.04,103.325
4363,11/16/2025 15:12:15,7.03,103.360
4364,11/16/2025 15:22:15,7.03,103.387
4365,11/16/2025 15:32:15,7.03,103.417
4366,11/16/2025 15:42:15,7.03,103.444
4367,11/16/2025 15:52:15,7.03,103.435
4368,11/16/2025 16:02:15,7.03,103.466
4369,11/16/2025 16:12:15,7.03,103.492
4370,11/16/2025 16:22:15,7.03,103.505
4371,11/16/2025 16:32:15,7.03,103.532
4372,11/16/2025 16:42:15,7.03,103.549
4373,11/16/2025 16:52:15,7.02,103.541
4374,11/16/2025 17:02:15,7.02,103.545
4375,11/16/2025 17:12:15,7.02,103.558
4376,11/16/2025 17:22:15,7.01,103.571
4377,11/16/2025 17:32:15,7.00,103.566
4378,11/16/2025 17:42:15,7.00,103.566
4379,11/16/2025 17:52:15,6.99,103.570
4380,11/16/2025 18:02:15,6.98,103.588
4381,11/16/2025 18:12:15,6.97,103.609
4382,11/16/2025 18:22:15,6.96,103.622
4383,11/16/2025 18:32:15,6.95,103.600
4384,11/16/2025 18:42:15,6.94,103.608
4385,11/16/2025 18:52:15,6.93,103.590
4386,11/16/2025 19:02:15,6.92,103.607
4387,11/16/2025 19:12:15,6.91,103.620
4388,11/16/2025 19:22:15,6.90,103.607
4389,11/16/2025 19:32:15,6.88,103.633
4390,11/16/2025 19:42:15,6.87,103.628
4391,11/16/2025 19:52:15,6.86,103.610
4392,11/16/2025 20:02:15,6.84,103.605
4393,11/16/2025 20:12:15,6.82,103.626
4394,11/16/2025 20:22:15,6.81,103.652
4395,11/16/2025 20:32:15,6.79,103.643
4396,11/16/2025 20:42:15,6.77,103.646
4397,11/16/2025 20:52:15,6.75,103.659
4398,11/16/2025 21:02:15,6.73,103.663
4399,11/16/2025 21:12:15,6.71,103.675
4400,11/16/2025 21:22:15,6.68,103.665
4401,11/16/2025 21:32:15,6.65,103.664
4402,11/16/2025 21:42:15,6.62,103.654
4403,11/16/2025 21:52:15,6.59,103.645
4404,11/16/2025 22:02:15,6.56,103.635
4405,11/16/2025 22:12:15,6.53,103.643
4406,11/16/2025 22:22:15,6.50,103.633
4407,11/16/2025 22:32:15,6.47,103.640
4408,11/16/2025 22:42:15,6.44,103.631
4409,11/16/2025 22:52:15,6.41,103.621
4410,11/16/2025 23:02:15,6.38,103.637
4411,11/16/2025 23:12:15,6.36,103.654
4412,11/16/2025 23:22:15,6.33,103.644
4413,11/16/2025 23:32:15,6.30,103.639
4414,11/16/2025 23:42:15,6.27,103.629
4415,11/16/2025 23:52:15,6.25,103.620
4416,11/17/2025 00:02:15,6.22,103.597
4417,11/17/2025 00:12:15,6.19,103.596
4418,11/17/2025 00:22:15,6.16,103.586
4419,11/17/2025 00:32:15,6.14,103.567
4420,11/17/2025 00:42:15,6.11,103.566
4421,11/17/2025 00:52:15,6.08,103.561
4422,11/17/2025 01:02:15,6.05,103.569
4423,11/17/2025 01:12:15,6.01,103.567
4424,11/17/2025 01:22:15,5.98,103.575
4425,11/17/2025 01:32:15,5.94,103.583
4426,11/17/2025 01:42:15,5.91,103.577
4427,11/17/2025 01:52:15,5.87,103.585
4428,11/17/2025 02:02:15,5.83,103.601
4429,11/17/2025 02:12:15,5.80,103.609
4430,11/17/2025 02:22:15,5.76,103.599
4431,11/17/2025 02:32:15,5.73,103.606
4432,11/17/2025 02:42:15,5.70,103.587
4433,11/17/2025 02:52:15,5.66,103.586
4434,11/17/2025 03:02:15,5.63,103.585
4435,11/17/2025 03:12:15,5.60,103.606
4436,11/17/2025 03:22:15,5.57,103.614
4437,11/17/2025 03:32:15,5.54,103.608
4438,11/17/2025 03:42:15,5.51,103.599
4439,11/17/2025 03:52:15,5.48,103.593
4440,11/17/2025 04:02:15,5.45,103.623
4441,11/17/2025 04:12:15,5.42,103.613
4442,11/17/2025 04:22:15,5.40,103.630
4443,11/17/2025 04:32:15,5.37,103.629
4444,11/17/2025 04:42:15,5.34,103.624
4445,11/17/2025 04:52:15,5.32,103.649
4446,11/17/2025 05:02:15,5.30,103.648
4447,11/17/2025 05:12:15,5.27,103.656
4448,11/17/2025 05:22:15,5.25,103.673
4449,11/17/2025 05:32:15,5.23,103.668
4450,11/17/2025 05:42:15,5.20,103.658
4451,11/17/2025 05:52:15,5.18,103.671
4452,11/17/2025 06:02:15,5.15,103.670
4453,11/17/2025 06:12:15,5.13,103.687
4454,11/17/2025 06:22:15,5.10,103.694
4455,11/17/2025 06:32:15,5.08,103.698
4456,11/17/2025 06:42:15,5.05,103.719
4457,11/17/2025 06:52:15,5.03,103.745
4458,11/17/2025 07:02:15,5.01,103.762
4459,11/17/2025 07:12:15,4.99,103.770
4460,11/17/2025 07:22:15,4.97,103.778
4461,11/17/2025 07:32:15,4.95,103.782
4462,11/17/2025 07:42:15,4.93,103.785
4463,11/17/2025 07:52:15,4.92,103.789
4464,11/17/2025 08:02:15,4.90,103.806
4465,11/17/2025 08:12:15,4.89,103.824
4466,11/17/2025 08:22:15,4.88,103.828
4467,11/17/2025 08:32:15,4.87,103.832
4468,11/17/2025 08:42:15,4.87,103.845
4469,11/17/2025 08:52:15,4.87,103.858
4470,11/17/2025 09:02:15,4.87,103.858
4471,11/17/2025 09:12:15,4.87,103.854
4472,11/17/2025 09:22:15,4.88,103.872
4473,11/17/2025 09:32:15,4.89,103.876
4474,11/17/2025 09:42:15,4.89,103.890
4475,11/17/2025 09:52:15,4.91,103.895
4476,11/17/2025 10:02:15,4.93,103.913
4477,11/17/2025 10:12:15,4.95,103.901
4478,11/17/2025 10:22:15,4.99,103.902
4479,11/17/2025 10:32:15,5.01,103.920
4480,11/17/2025 10:42:15,5.04,103.917
4481,11/17/2025 10:52:15,5.06,103.918
4482,11/17/2025 11:02:15,5.09,103.927
4483,11/17/2025 11:12:15,5.13,103.915
4484,11/17/2025 11:22:15,5.16,103.908
4485,11/17/2025 11:32:15,5.20,103.892
4486,11/17/2025 11:42:15,5.25,103.893
4487,11/17/2025 11:52:15,5.30,103.912
4488,11/17/2025 12:02:15,5.35,103.901
4489,11/17/2025 12:12:15,5.39,103.894
4490,11/17/2025 12:22:15,5.43,103.913
4491,11/17/2025 12:32:15,5.47,103.914
4492,11/17/2025 12:42:15,5.50,103.933
4493,11/17/2025 12:52:15,5.52,103.938
4494,11/17/2025 13:02:15,5.54,103.952
4495,11/17/2025 13:12:15,5.55,103.952
4496,11/17/2025 13:22:15,5.57,103.961
4497,11/17/2025 13:32:15,5.58,103.953
4498,11/17/2025 13:42:15,5.58,103.975
4499,11/17/2025 13:52:15,5.59,103.962
4500,11/17/2025 14:02:15,5.60,103.971
4501,11/17/2025 14:12:15,5.60,103.967
4502,11/17/2025 14:22:15,5.60,103.998
4503,11/17/2025 14:32:15,5.60,104.015
4504,11/17/2025 14:42:15,5.59,104.032
4505,11/17/2025 14:52:15,5.58,104.067
4506,11/17/2025 15:02:15,5.57,104.071
4507,11/17/2025 15:12:15,5.56,104.106
4508,11/17/2025 15:22:15,5.56,104.111
4509,11/17/2025 15:32:15,5.55,104.146
4510,11/17/2025 15:42:15,5.55,104.141
4511,11/17/2025 15:52:15,5.55,104.172
4512,11/17/2025 16:02:15,5.56,104.181
4513,11/17/2025 16:12:15,5.56,104.208
4514,11/17/2025 16:22:15,5.57,104.221
4515,11/17/2025 16:32:15,5.57,104.234
4516,11/17/2025 16:42:15,5.57,104.252
4517,11/17/2025 16:52:15,5.58,104.261
4518,11/17/2025 17:02:15,5.58,104.274
4519,11/17/2025 17:12:15,5.59,104.292
4520,11/17/2025 17:22:15,5.59,104.314
4521,11/17/2025 17:32:15,5.59,104.314
4522,11/17/2025 17:42:15,5.60,104.328
4523,11/17/2025 17:52:15,5.60,104.341
4524,11/17/2025 18:02:15,5.60,104.337
4525,11/17/2025 18:12:15,5.60,104.337
4526,11/17/2025 18:22:15,5.60,104.359
4527,11/17/2025 18:32:15,5.60,104.363
4528,11/17/2025 18:42:15,5.60,104.363
4529,11/17/2025 18:52:15,5.60,104.394
4530,11/17/2025 19:02:15,5.60,104.398
4531,11/17/2025 19:12:15,5.60,104.420
4532,11/17/2025 19:22:15,5.61,104.398
4533,11/17/2025 19:32:15,5.61,104.416
4534,11/17/2025 19:42:15,5.61,104.403
4535,11/17/2025 19:52:15,5.61,104.407
4536,11/17/2025 20:02:15,5.61,104.425
4537,11/17/2025 20:12:15,5.61,104.425
4538,11/17/2025 20:22:15,5.60,104.411
4539,11/17/2025 20:32:15,5.60,104.420
4540,11/17/2025 20:42:15,5.59,104.437
4541,11/17/2025 20:52:15,5.58,104.424
4542,11/17/2025 21:02:15,5.57,104.428
4543,11/17/2025 21:12:15,5.57,104.428
4544,11/17/2025 21:22:15,5.56,104.427
4545,11/17/2025 21:32:15,5.55,104.449
4546,11/17/2025 21:42:15,5.54,104.453
4547,11/17/2025 21:52:15,5.53,104.466
4548,11/17/2025 22:02:15,5.52,104.479
4549,11/17/2025 22:12:15,5.51,104.470
4550,11/17/2025 22:22:15,5.50,104.496
4551,11/17/2025 22:32:15,5.49,104.504
4552,11/17/2025 22:42:15,5.48,104.530
4553,11/17/2025 22:52:15,5.47,104.534
4554,11/17/2025 23:02:15,5.46,104.525
4555,11/17/2025 23:12:15,5.45,104.551
4556,11/17/2025 23:22:15,5.43,104.564
4557,11/17/2025 23:32:15,5.42,104.585
4558,11/17/2025 23:42:15,5.40,104.580
4559,11/17/2025 23:52:15,5.39,104.584
4560,11/18/2025 00:02:15,5.37,104.584
4561,11/18/2025 00:12:15,5.35,104.570
4562,11/18/2025 00:22:15,5.33,104.569
4563,11/18/2025 00:32:15,5.31,104.577
4564,11/18/2025 00:42:15,5.28,104.585
4565,11/18/2025 00:52:15,5.26,104.602
4566,11/18/2025 01:02:15,5.24,104.601
4567,11/18/2025 01:12:15,5.21,104.622
4568,11/18/2025 01:22:15,5.19,104.626
4569,11/18/2025 01:32:15,5.16,104.655
4570,11/18/2025 01:42:15,5.13,104.672
4571,11/18/2025 01:52:15,5.11,104.680
4572,11/18/2025 02:02:15,5.08,104.670
4573,11/18/2025 02:12:15,5.06,104.669
4574,11/18/2025 02:22:15,5.03,104.686
4575,11/18/2025 02:32:15,5.01,104.685
4576,11/18/2025 02:42:15,4.98,104.676
4577,11/18/2025 02:52:15,4.96,104.692
4578,11/18/2025 03:02:15,4.93,104.691
4579,11/18/2025 03:12:15,4.91,104.704
4580,11/18/2025 03:22:15,4.88,104.712
4581,11/18/2025 03:32:15,4.86,104.702
4582,11/18/2025 03:42:15,4.84,104.723
4583,11/18/2025 03:52:15,4.82,104.731
4584,11/18/2025 04:02:15,4.80,104.713
4585,11/18/2025 04:12:15,4.78,104.708
4586,11/18/2025 04:22:15,4.75,104.712
4587,11/18/2025 04:32:15,4.73,104.728
4588,11/18/2025 04:42:15,4.70,104.732
4589,11/18/2025 04:52:15,4.68,104.748
4590,11/18/2025 05:02:15,4.65,104.756
4591,11/18/2025 05:12:15,4.62,104.760
4592,11/18/2025 05:22:15,4.59,104.768
4593,11/18/2025 05:32:15,4.57,104.780
4594,11/18/2025 05:42:15,4.54,104.792
4595,11/18/2025 05:52:15,4.52,104.818
4596,11/18/2025 06:02:15,4.49,104.817
4597,11/18/2025 06:12:15,4.47,104.825
4598,11/18/2025 06:22:15,4.44,104.841
4599,11/18/2025 06:32:15,4.41,104.862
4600,11/18/2025 06:42:15,4.39,104.861
4601,11/18/2025 06:52:15,4.36,104.874
4602,11/18/2025 07:02:15,4.34,104.886
4603,11/18/2025 07:12:15,4.32,104.903
4604,11/18/2025 07:22:15,4.30,104.911
4605,11/18/2025 07:32:15,4.28,104.946
4606,11/18/2025 07:42:15,4.26,104.936
4607,11/18/2025 07:52:15,4.25,104.944
4608,11/18/2025 08:02:15,4.23,104.961
4609,11/18/2025 08:12:15,4.22,104.979
4610,11/18/2025 08:22:15,4.21,104.974
4611,11/18/2025 08:32:15,4.21,104.974
4612,11/18/2025 08:42:15,4.21,104.987
4613,11/18/2025 08:52:15,4.21,104.987
4614,11/18/2025 09:02:15,4.22,104.987
4615,11/18/2025 09:12:15,4.22,105.001
4616,11/18/2025 09:22:15,4.24,104.992
4617,11/18/2025 09:32:15,4.25,105.002
4618,11/18/2025 09:42:15,4.27,104.998
4619,11/18/2025 09:52:15,4.30,105.004
4620,11/18/2025 10:02:15,4.34,105.000
4621,11/18/2025 10:12:15,4.37,104.988
4622,11/18/2025 10:22:15,4.42,104.981
4623,11/18/2025 10:32:15,4.46,104.961
4624,11/18/2025 10:42:15,4.50,104.949
4625,11/18/2025 10:52:15,4.54,104.946
4626,11/18/2025 11:02:15,4.58,104.952
4627,11/18/2025 11:12:15,4.62,104.931
4628,11/18/2025 11:22:15,4.67,104.942
4629,11/18/2025 11:32:15,4.72,104.939
4630,11/18/2025 11:42:15,4.78,104.941
4631,11/18/2025 11:52:15,4.83,104.956
4632,11/18/2025 12:02:15,4.89,104.941
4633,11/18/2025 12:12:15,4.95,104.916
4634,11/18/2025 12:22:15,5.01,104.923
4635,11/18/2025 12:32:15,5.06,104.911
4636,11/18/2025 12:42:15,5.10,104.904
4637,11/18/2025 12:52:15,5.13,104.879
4638,11/18/2025 13:02:15,5.15,104.884
4639,11/18/2025 13:12:15,5.17,104.871
4640,11/18/2025 13:22:15,5.18,104.889
4641,11/18/2025 13:32:15,5.19,104.894
4642,11/18/2025 13:42:15,5.19,104.885
4643,11/18/2025 13:52:15,5.19,104.881
4644,11/18/2025 14:02:15,5.19,104.890
4645,11/18/2025 14:12:15,5.20,104.903
4646,11/18/2025 14:22:15,5.21,104.917
4647,11/18/2025 14:32:15,5.22,104.908
4648,11/18/2025 14:42:15,5.23,104.900
4649,11/18/2025 14:52:15,5.23,104.913
4650,11/18/2025 15:02:15,5.24,104.904
4651,11/18/2025 15:12:15,5.24,104.904
4652,11/18/2025 15:22:15,5.24,104.931
4653,11/18/2025 15:32:15,5.24,104.940
4654,11/18/2025 15:42:15,5.24,104.944
4655,11/18/2025 15:52:15,5.24,104.935
4656,11/18/2025 16:02:15,5.24,104.944
4657,11/18/2025 16:12:15,5.25,104.958
4658,11/18/2025 16:22:15,5.25,104.988
4659,11/18/2025 16:32:15,5.25,105.006
4660,11/18/2025 16:42:15,5.26,105.019
4661,11/18/2025 16:52:15,5.26,105.042
4662,11/18/2025 17:02:15,5.27,105.059
4663,11/18/2025 17:12:15,5.27,105.055
4664,11/18/2025 17:22:15,5.26,105.059
4665,11/18/2025 17:32:15,5.26,105.037
4666,11/18/2025 17:42:15,5.26,105.050
4667,11/18/2025 17:52:15,5.25,105.046
4668,11/18/2025 18:02:15,5.25,105.063
4669,11/18/2025 18:12:15,5.25,105.090
4670,11/18/2025 18:22:15,5.24,105.094
4671,11/18/2025 18:32:15,5.24,105.107
4672,11/18/2025 18:42:15,5.24,105.107
4673,11/18/2025 18:52:15,5.24,105.102
4674,11/18/2025 19:02:15,5.23,105.120
4675,11/18/2025 19:12:15,5.23,105.120
4676,11/18/2025 19:22:15,5.23,105.124
4677,11/18/2025 19:32:15,5.23,105.111
4678,11/18/2025 19:42:15,5.22,105.155
4679,11/18/2025 19:52:15,5.22,105.163
4680,11/18/2025 20:02:15,5.21,105.137
4681,11/18/2025 20:12:15,5.20,105.163
4682,11/18/2025 20:22:15,5.20,105.154
4683,11/18/2025 20:32:15,5.19,105.153
4684,11/18/2025 20:42:15,5.18,105.149
4685,11/18/2025 20:52:15,5.17,105.157
4686,11/18/2025 21:02:15,5.16,105.144
4687,11/18/2025 21:12:15,5.14,105.134
4688,11/18/2025 21:22:15,5.13,105.142
4689,11/18/2025 21:32:15,5.11,105.146
4690,11/18/2025 21:42:15,5.09,105.137
4691,11/18/2025 21:52:15,5.06,105.145
4692,11/18/2025 22:02:15,5.04,105.170
4693,11/18/2025 22:12:15,5.02,105.152
4694,11/18/2025 22:22:15,5.00,105.147
4695,11/18/2025 22:32:15,4.97,105.181
4696,11/18/2025 22:42:15,4.94,105.184
4697,11/18/2025 22:52:15,4.92,105.153
4698,11/18/2025 23:02:15,4.89,105.174
4699,11/18/2025 23:12:15,4.86,105.164
4700,11/18/2025 23:22:15,4.83,105.154
4701,11/18/2025 23:32:15,4.80,105.171
4702,11/18/2025 23:42:15,4.77,105.169
4703,11/18/2025 23:52:15,4.74,105.151
4704,11/19/2025 00:02:15,4.71,105.141
4705,11/19/2025 00:12:15,4.68,105.127
4706,11/19/2025 00:22:15,4.65,105.148
4707,11/19/2025 00:32:15,4.62,105.151
4708,11/19/2025 00:42:15,4.60,105.146
4709,11/19/2025 00:52:15,4.56,105.158
4710,11/19/2025 01:02:15,4.53,105.144
4711,11/19/2025 01:12:15,4.50,105.147
4712,11/19/2025 01:22:15,4.47,105.159
4713,11/19/2025 01:32:15,4.43,105.158
4714,11/19/2025 01:42:15,4.40,105.183
4715,11/19/2025 01:52:15,4.36,105.186
4716,11/19/2025 02:02:15,4.33,105.207
4717,11/19/2025 02:12:15,4.29,105.197
4718,11/19/2025 02:22:15,4.26,105.173
4719,11/19/2025 02:32:15,4.22,105.159
4720,11/19/2025 02:42:15,4.18,105.162
4721,11/19/2025 02:52:15,4.15,105.156
4722,11/19/2025 03:02:15,4.11,105.168
4723,11/19/2025 03:12:15,4.07,105.145
4724,11/19/2025 03:22:15,4.04,105.152
4725,11/19/2025 03:32:15,4.00,105.173
4726,11/19/2025 03:42:15,3.96,105.159
4727,11/19/2025 03:52:15,3.92,105.162
4728,11/19/2025 04:02:15,3.89,105.174
4729,11/19/2025 04:12:15,3.85,105.172
4730,11/19/2025 04:22:15,3.82,105.149
4731,11/19/2025 04:32:15,3.78,105.165
4732,11/19/2025 04:42:15,3.75,105.169
4733,11/19/2025 04:52:15,3.72,105.154
4734,11/19/2025 05:02:15,3.68,105.144
4735,11/19/2025 05:12:15,3.65,105.143
4736,11/19/2025 05:22:15,3.62,105.155
4737,11/19/2025 05:32:15,3.59,105.159
4738,11/19/2025 05:42:15,3.55,105.171
4739,11/19/2025 05:52:15,3.52,105.161
4740,11/19/2025 06:02:15,3.49,105.177
4741,11/19/2025 06:12:15,3.46,105.202
4742,11/19/2025 06:22:15,3.42,105.210
4743,11/19/2025 06:32:15,3.39,105.213
4744,11/19/2025 06:42:15,3.36,105.212
4745,11/19/2025 06:52:15,3.33,105.215
4746,11/19/2025 07:02:15,3.29,105.192
4747,11/19/2025 07:12:15,3.26,105.200
4748,11/19/2025 07:22:15,3.23,105.230
4749,11/19/2025 07:32:15,3.20,105.224
4750,11/19/2025 07:42:15,3.17,105.236
4751,11/19/2025 07:52:15,3.15,105.262
4752,11/19/2025 08:02:15,3.12,105.252
4753,11/19/2025 08:12:15,3.10,105.273
4754,11/19/2025 08:22:15,3.08,105.281
4755,11/19/2025 08:32:15,3.07,105.272
4756,11/19/2025 08:42:15,3.05,105.272
4757,11/19/2025 08:52:15,3.04,105.245
4758,11/19/2025 09:02:15,3.04,105.262
4759,11/19/2025 09:12:15,3.04,105.262
4760,11/19/2025 09:22:15,3.04,105.284
4761,11/19/2025 09:32:15,3.05,105.267
4762,11/19/2025 09:42:15,3.08,105.259
4763,11/19/2025 09:52:15,3.12,105.265
4764,11/19/2025 10:02:15,3.16,105.249
4765,11/19/2025 10:12:15,3.21,105.251
4766,11/19/2025 10:22:15,3.26,105.222
4767,11/19/2025 10:32:15,3.31,105.210
4768,11/19/2025 10:42:15,3.35,105.194
4769,11/19/2025 10:52:15,3.39,105.195
4770,11/19/2025 11:02:15,3.42,105.162
4771,11/19/2025 11:12:15,3.47,105.150
4772,11/19/2025 11:22:15,3.52,105.134
4773,11/19/2025 11:32:15,3.57,105.101
4774,11/19/2025 11:42:15,3.64,105.090
4775,11/19/2025 11:52:15,3.70,105.075
4776,11/19/2025 12:02:15,3.76,105.077
4777,11/19/2025 12:12:15,3.83,105.040
4778,11/19/2025 12:22:15,3.90,105.038
4779,11/19/2025 12:32:15,3.96,105.022
4780,11/19/2025 12:42:15,4.01,105.002
4781,11/19/2025 12:52:15,4.06,104.999
4782,11/19/2025 13:02:15,4.10,104.979
4783,11/19/2025 13:12:15,4.14,104.998
4784,11/19/2025 13:22:15,4.18,104.986
4785,11/19/2025 13:32:15,4.20,104.987
4786,11/19/2025 13:42:15,4.22,104.983
4787,11/19/2025 13:52:15,4.23,104.997
4788,11/19/2025 14:02:15,4.24,104.979
4789,11/19/2025 14:12:15,4.25,104.997
4790,11/19/2025 14:22:15,4.25,105.002
4791,11/19/2025 14:32:15,4.26,105.033
4792,11/19/2025 14:42:15,4.27,105.024
4793,11/19/2025 14:52:15,4.27,105.016
4794,11/19/2025 15:02:15,4.28,105.025
4795,11/19/2025 15:12:15,4.28,105.034
4796,11/19/2025 15:22:15,4.29,105.056
4797,11/19/2025 15:32:15,4.30,105.065
4798,11/19/2025 15:42:15,4.30,105.065
4799,11/19/2025 15:52:15,4.30,105.087
4800,11/19/2025 16:02:15,4.31,105.105
4801,11/19/2025 16:12:15,4.31,105.096
4802,11/19/2025 16:22:15,4.31,105.114
4803,11/19/2025 16:32:15,4.31,105.131
4804,11/19/2025 16:42:15,4.31,105.123
4805,11/19/2025 16:52:15,4.31,105.131
4806,11/19/2025 17:02:15,4.31,105.158
4807,11/19/2025 17:12:15,4.31,105.166
4808,11/19/2025 17:22:15,4.31,105.166
4809,11/19/2025 17:32:15,4.30,105.175
4810,11/19/2025 17:42:15,4.30,105.179
4811,11/19/2025 17:52:15,4.30,105.197
4812,11/19/2025 18:02:15,4.30,105.219
4813,11/19/2025 18:12:15,4.29,105.205
4814,11/19/2025 18:22:15,4.29,105.210
4815,11/19/2025 18:32:15,4.29,105.214
4816,11/19/2025 18:42:15,4.29,105.245
4817,11/19/2025 18:52:15,4.29,105.236
4818,11/19/2025 19:02:15,4.29,105.245
4819,11/19/2025 19:12:15,4.29,105.263
4820,11/19/2025 19:22:15,4.29,105.245
4821,11/19/2025 19:32:15,4.30,105.263
4822,11/19/2025 19:42:15,4.30,105.250
4823,11/19/2025 19:52:15,4.30,105.267
4824,11/19/2025 20:02:15,4.31,105.285
4825,11/19/2025 20:12:15,4.31,105.268
4826,11/19/2025 20:22:15,4.31,105.276
4827,11/19/2025 20:32:15,4.31,105.263
4828,11/19/2025 20:42:15,4.31,105.263
4829,11/19/2025 20:52:15,4.31,105.259
4830,11/19/2025 21:02:15,4.31,105.259
4831,11/19/2025 21:12:15,4.31,105.259
4832,11/19/2025 21:22:15,4.31,105.268
4833,11/19/2025 21:32:15,4.30,105.254
4834,11/19/2025 21:42:15,4.30,105.241
4835,11/19/2025 21:52:15,4.29,105.245
4836,11/19/2025 22:02:15,4.28,105.271
4837,11/19/2025 22:12:15,4.26,105.270
4838,11/19/2025 22:22:15,4.24,105.296
4839,11/19/2025 22:32:15,4.23,105.326
4840,11/19/2025 22:42:15,4.21,105.334
4841,11/19/2025 22:52:15,4.19,105.321
4842,11/19/2025 23:02:15,4.17,105.329
4843,11/19/2025 23:12:15,4.15,105.319
4844,11/19/2025 23:22:15,4.13,105.327
4845,11/19/2025 23:32:15,4.11,105.331
4846,11/19/2025 23:42:15,4.09,105.330
4847,11/19/2025 23:52:15,4.07,105.307
4848,11/20/2025 00:02:15,4.05,105.329
4849,11/20/2025 00:12:15,4.02,105.319
4850,11/20/2025 00:22:15,4.00,105.309
4851,11/20/2025 00:32:15,3.97,105.317
4852,11/20/2025 00:42:15,3.95,105.294
4853,11/20/2025 00:52:15,3.93,105.289
4854,11/20/2025 01:02:15,3.90,105.302
4855,11/20/2025 01:12:15,3.87,105.287
4856,11/20/2025 01:22:15,3.85,105.308
4857,11/20/2025 01:32:15,3.82,105.294
4858,11/20/2025 01:42:15,3.80,105.311
4859,11/20/2025 01:52:15,3.78,105.302
4860,11/20/2025 02:02:15,3.75,105.296
4861,11/20/2025 02:12:15,3.73,105.300
4862,11/20/2025 02:22:15,3.70,105.299
4863,11/20/2025 02:32:15,3.68,105.276
4864,11/20/2025 02:42:15,3.66,105.271
4865,11/20/2025 02:52:15,3.63,105.244
4866,11/20/2025 03:02:15,3.61,105.260
4867,11/20/2025 03:12:15,3.59,105.260
4868,11/20/2025 03:22:15,3.57,105.268
4869,11/20/2025 03:32:15,3.54,105.271
4870,11/20/2025 03:42:15,3.52,105.275
4871,11/20/2025 03:52:15,3.50,105.296
4872,11/20/2025 04:02:15,3.47,105.304
4873,11/20/2025 04:12:15,3.45,105.286
4874,11/20/2025 04:22:15,3.43,105.289
4875,11/20/2025 04:32:15,3.41,105.284
4876,11/20/2025 04:42:15,3.39,105.292
4877,11/20/2025 04:52:15,3.37,105.296
4878,11/20/2025 05:02:15,3.35,105.286
4879,11/20/2025 05:12:15,3.33,105.299
4880,11/20/2025 05:22:15,3.32,105.298
4881,11/20/2025 05:32:15,3.30,105.302
4882,11/20/2025 05:42:15,3.28,105.310
4883,11/20/2025 05:52:15,3.25,105.314
4884,11/20/2025 06:02:15,3.24,105.309
4885,11/20/2025 06:12:15,3.22,105.330
4886,11/20/2025 06:22:15,3.20,105.342
4887,11/20/2025 06:32:15,3.18,105.333
4888,11/20/2025 06:42:15,3.16,105.337
4889,11/20/2025 06:52:15,3.14,105.336
4890,11/20/2025 07:02:15,3.12,105.344
4891,11/20/2025 07:12:15,3.11,105.361
4892,11/20/2025 07:22:15,3.09,105.348
4893,11/20/2025 07:32:15,3.07,105.351
4894,11/20/2025 07:42:15,3.06,105.333
4895,11/20/2025 07:52:15,3.04,105.355
4896,11/20/2025 08:02:15,3.03,105.345
4897,11/20/2025 08:12:15,3.02,105.349
4898,11/20/2025 08:22:15,3.01,105.345
4899,11/20/2025 08:32:15,3.00,105.344
4900,11/20/2025 08:42:15,3.00,105.353
4901,11/20/2025 08:52:15,3.00,105.358
4902,11/20/2025 09:02:15,3.01,105.358
4903,11/20/2025 09:12:15,3.02,105.336
4904,11/20/2025 09:22:15,3.04,105.337
4905,11/20/2025 09:32:15,3.06,105.338
4906,11/20/2025 09:42:15,3.09,105.347
4907,11/20/2025 09:52:15,3.12,105.353
4908,11/20/2025 10:02:15,3.15,105.363
4909,11/20/2025 10:12:15,3.18,105.351
4910,11/20/2025 10:22:15,3.23,105.353
4911,11/20/2025 10:32:15,3.29,105.341
4912,11/20/2025 10:42:15,3.34,105.299
4913,11/20/2025 10:52:15,3.39,105.283
4914,11/20/2025 11:02:15,3.43,105.263
4915,11/20/2025 11:12:15,3.46,105.211
4916,11/20/2025 11:22:15,3.50,105.213
4917,11/20/2025 11:32:15,3.54,105.161
4918,11/20/2025 11:42:15,3.59,105.159
4919,11/20/2025 11:52:15,3.65,105.134
4920,11/20/2025 12:02:15,3.70,105.114
4921,11/20/2025 12:12:15,3.76,105.099
4922,11/20/2025 12:22:15,3.82,105.070
4923,11/20/2025 12:32:15,3.87,105.054
4924,11/20/2025 12:42:15,3.92,105.060
4925,11/20/2025 12:52:15,3.95,105.048
4926,11/20/2025 13:02:15,3.97,105.045
4927,11/20/2025 13:12:15,3.99,105.010
4928,11/20/2025 13:22:15,4.01,104.984
4929,11/20/2025 13:32:15,4.02,104.994
4930,11/20/2025 13:42:15,4.03,104.972
4931,11/20/2025 13:52:15,4.04,104.972
4932,11/20/2025 14:02:15,4.05,104.995
4933,11/20/2025 14:12:15,4.06,104.995
4934,11/20/2025 14:22:15,4.07,105.004
4935,11/20/2025 14:32:15,4.08,105.000
4936,11/20/2025 14:42:15,4.09,104.987
4937,11/20/2025 14:52:15,4.10,104.996
4938,11/20/2025 15:02:15,4.11,104.997
4939,11/20/2025 15:12:15,4.11,104.984
4940,11/20/2025 15:22:15,4.12,104.988
4941,11/20/2025 15:32:15,4.13,104.975
4942,11/20/2025 15:42:15,4.13,104.989
4943,11/20/2025 15:52:15,4.14,104.989
4944,11/20/2025 16:02:15,4.14,104.985
4945,11/20/2025 16:12:15,4.15,104.998
4946,11/20/2025 16:22:15,4.15,104.980
4947,11/20/2025 16:32:15,4.15,104.967
4948,11/20/2025 16:42:15,4.14,104.950
4949,11/20/2025 16:52:15,4.14,104.963
4950,11/20/2025 17:02:15,4.14,104.949
4951,11/20/2025 17:12:15,4.13,104.976
4952,11/20/2025 17:22:15,4.13,104.984
4953,11/20/2025 17:32:15,4.12,105.010
4954,11/20/2025 17:42:15,4.11,105.019
4955,11/20/2025 17:52:15,4.10,105.023
4956,11/20/2025 18:02:15,4.09,105.044
4957,11/20/2025 18:12:15,4.08,105.048
4958,11/20/2025 18:22:15,4.07,105.052
4959,11/20/2025 18:32:15,4.05,105.039
4960,11/20/2025 18:42:15,4.04,105.025
4961,11/20/2025 18:52:15,4.03,105.007
4962,11/20/2025 19:02:15,4.03,105.003
4963,11/20/2025 19:12:15,4.02,105.011
4964,11/20/2025 19:22:15,4.02,104.989
4965,11/20/2025 19:32:15,4.01,104.989
4966,11/20/2025 19:42:15,4.01,104.993
4967,11/20/2025 19:52:15,4.01,104.998
4968,11/20/2025 20:02:15,4.01,105.006
4969,11/20/2025 20:12:15,4.00,105.028
4970,11/20/2025 20:22:15,4.00,105.015
4971,11/20/2025 20:32:15,4.00,105.002
4972,11/20/2025 20:42:15,4.00,104.993
4973,11/20/2025 20:52:15,4.00,105.006
4974,11/20/2025 21:02:15,3.99,105.006
4975,11/20/2025 21:12:15,3.98,104.984
4976,11/20/2025 21:22:15,3.97,105.001
4977,11/20/2025 21:32:15,3.96,104.987
4978,11/20/2025 21:42:15,3.96,104.991
4979,11/20/2025 21:52:15,3.94,105.008
4980,11/20/2025 22:02:15,3.93,105.043
4981,11/20/2025 22:12:15,3.91,105.021
4982,11/20/2025 22:22:15,3.90,104.994
4983,11/20/2025 22:32:15,3.88,104.976
4984,11/20/2025 22:42:15,3.86,104.988
4985,11/20/2025 22:52:15,3.84,105.009
4986,11/20/2025 23:02:15,3.83,105.040
4987,11/20/2025 23:12:15,3.81,105.043
4988,11/20/2025 23:22:15,3.79,105.056
4989,11/20/2025 23:32:15,3.77,105.033
4990,11/20/2025 23:42:15,3.75,105.028
4991,11/20/2025 23:52:15,3.72,105.023
4992,11/21/2025 00:02:15,3.70,105.000
4993,11/21/2025 00:12:15,3.68,104.960
4994,11/21/2025 00:22:15,3.66,104.946
4995,11/21/2025 00:32:15,3.64,104.941
4996,11/21/2025 00:42:15,3.61,104.935
4997,11/21/2025 00:52:15,3.59,104.908
4998,11/21/2025 01:02:15,3.57,104.894
4999,11/21/2025 01:12:15,3.55,104.889
5000,11/21/2025 01:22:15,3.53,104.871
5001,11/21/2025 01:32:15,3.51,104.861
5002,11/21/2025 01:42:15,3.49,104.848
5003,11/21/2025 01:52:15,3.47,104.816
5004,11/21/2025 02:02:15,3.44,104.837
5005,11/21/2025 02:12:15,3.42,104.788
5006,11/21/2025 02:22:15,3.39,104.787
5007,11/21/2025 02:32:15,3.37,104.795
5008,11/21/2025 02:42:15,3.34,104.785
5009,11/21/2025 02:52:15,3.32,104.793
5010,11/21/2025 03:02:15,3.29,104.797
5011,11/21/2025 03:12:15,3.27,104.787
5012,11/21/2025 03:22:15,3.24,104.755
5013,11/21/2025 03:32:15,3.21,104.754
5014,11/21/2025 03:42:15,3.19,104.718
5015,11/21/2025 03:52:15,3.16,104.700
5016,11/21/2025 04:02:15,3.14,104.712
5017,11/21/2025 04:12:15,3.12,104.694
5018,11/21/2025 04:22:15,3.09,104.706
5019,11/21/2025 04:32:15,3.07,104.754
5020,11/21/2025 04:42:15,3.05,104.757
5021,11/21/2025 04:52:15,3.03,104.704
5022,11/21/2025 05:02:15,3.00,104.699
5023,11/21/2025 05:12:15,2.97,104.711
5024,11/21/2025 05:22:15,2.95,104.723
5025,11/21/2025 05:32:15,2.93,104.736
5026,11/21/2025 05:42:15,2.91,104.744
5027,11/21/2025 05:52:15,2.89,104.699
5028,11/21/2025 06:02:15,2.87,104.690
5029,11/21/2025 06:12:15,2.86,104.680
5030,11/21/2025 06:22:15,2.84,104.667
5031,11/21/2025 06:32:15,2.83,104.671
5032,11/21/2025 06:42:15,2.82,104.657
5033,11/21/2025 06:52:15,2.82,104.670
5034,11/21/2025 07:02:15,2.81,104.687
5035,11/21/2025 07:12:15,2.80,104.665
5036,11/21/2025 07:22:15,2.79,104.669
5037,11/21/2025 07:32:15,2.79,104.669
5038,11/21/2025 07:42:15,2.78,104.678
5039,11/21/2025 07:52:15,2.78,104.660
5040,11/21/2025 08:02:15,2.78,104.656
5041,11/21/2025 08:12:15,2.78,104.651
5042,11/21/2025 08:22:15,2.78,104.634
5043,11/21/2025 08:32:15,2.78,104.660
5044,11/21/2025 08:42:15,2.79,104.643
5045,11/21/2025 08:52:15,2.79,104.634
5046,11/21/2025 09:02:15,2.80,104.634
5047,11/21/2025 09:12:15,2.80,104.608
5048,11/21/2025 09:22:15,2.81,104.622
5049,11/21/2025 09:32:15,2.82,104.596
5050,11/21/2025 09:42:15,2.83,104.609
5051,11/21/2025 09:52:15,2.83,104.592
5052,11/21/2025 10:02:15,2.84,104.592
5053,11/21/2025 10:12:15,2.85,104.548
5054,11/21/2025 10:22:15,2.86,104.531
5055,11/21/2025 10:32:15,2.87,104.470
5056,11/21/2025 10:42:15,2.89,104.440
5057,11/21/2025 10:52:15,2.91,104.397
5058,11/21/2025 11:02:15,2.95,104.341
5059,11/21/2025 11:12:15,2.99,104.307
5060,11/21/2025 11:22:15,3.04,104.318
5061,11/21/2025 11:32:15,3.09,104.271
5062,11/21/2025 11:42:15,3.14,104.260
5063,11/21/2025 11:52:15,3.21,104.258
5064,11/21/2025 12:02:15,3.27,104.242
5065,11/21/2025 12:12:15,3.33,104.192
5066,11/21/2025 12:22:15,3.40,104.198
5067,11/21/2025 12:32:15,3.46,104.196
5068,11/21/2025 12:42:15,3.52,104.211
5069,11/21/2025 12:52:15,3.58,104.187
5070,11/21/2025 13:02:15,3.64,104.172
5071,11/21/2025 13:12:15,3.70,104.152
5072,11/21/2025 13:22:15,3.76,104.145
5073,11/21/2025 13:32:15,3.81,104.142
5074,11/21/2025 13:42:15,3.87,104.149
5075,11/21/2025 13:52:15,3.92,104.120
5076,11/21/2025 14:02:15,3.97,104.117
5077,11/21/2025 14:12:15,4.02,104.114
5078,11/21/2025 14:22:15,4.06,104.112
5079,11/21/2025 14:32:15,4.10,104.122
5080,11/21/2025 14:42:15,4.14,104.105
5081,11/21/2025 14:52:15,4.17,104.111
5082,11/21/2025 15:02:15,4.20,104.112
5083,11/21/2025 15:12:15,4.23,104.109
5084,11/21/2025 15:22:15,4.26,104.092
5085,11/21/2025 15:32:15,4.28,104.084
5086,11/21/2025 15:42:15,4.30,104.089
5087,11/21/2025 15:52:15,4.31,104.072
5088,11/21/2025 16:02:15,4.33,104.081
5089,11/21/2025 16:12:15,4.34,104.077
5090,11/21/2025 16:22:15,4.36,104.056
5091,11/21/2025 16:32:15,4.37,104.074
5092,11/21/2025 16:42:15,4.39,104.074
5093,11/21/2025 16:52:15,4.40,104.066
5094,11/21/2025 17:02:15,4.42,104.089
5095,11/21/2025 17:12:15,4.43,104.107
5096,11/21/2025 17:22:15,4.45,104.103
5097,11/21/2025 17:32:15,4.46,104.112
5098,11/21/2025 17:42:15,4.48,104.108
5099,11/21/2025 17:52:15,4.49,104.122
5100,11/21/2025 18:02:15,4.51,104.109
5101,11/21/2025 18:12:15,4.53,104.101
5102,11/21/2025 18:22:15,4.54,104.089
5103,11/21/2025 18:32:15,4.55,104.098
5104,11/21/2025 18:42:15,4.57,104.107
5105,11/21/2025 18:52:15,4.58,104.090
5106,11/21/2025 19:02:15,4.60,104.091
5107,11/21/2025 19:12:15,4.61,104.078
5108,11/21/2025 19:22:15,4.63,104.087
5109,11/21/2025 19:32:15,4.64,104.088
5110,11/21/2025 19:42:15,4.65,104.084
5111,11/21/2025 19:52:15,4.66,104.106
5112,11/21/2025 20:02:15,4.67,104.089
5113,11/21/2025 20:12:15,4.68,104.098
5114,11/21/2025 20:22:15,4.68,104.094
5115,11/21/2025 20:32:15,4.69,104.094
5116,11/21/2025 20:42:15,4.69,104.103
5117,11/21/2025 20:52:15,4.70,104.076
5118,11/21/2025 21:02:15,4.70,104.072
5119,11/21/2025 21:12:15,4.70,104.072
5120,11/21/2025 21:22:15,4.71,104.072
5121,11/21/2025 21:32:15,4.71,104.077
5122,11/21/2025 21:42:15,4.72,104.068
5123,11/21/2025 21:52:15,4.72,104.051
5124,11/21/2025 22:02:15,4.72,104.060
5125,11/21/2025 22:12:15,4.72,104.082
5126,11/21/2025 22:22:15,4.72,104.077
5127,11/21/2025 22:32:15,4.72,104.081
5128,11/21/2025 22:42:15,4.72,104.077
5129,11/21/2025 22:52:15,4.72,104.064
5130,11/21/2025 23:02:15,4.71,104.051
5131,11/21/2025 23:12:15,4.71,104.059
5132,11/21/2025 23:22:15,4.71,104.063
5133,11/21/2025 23:32:15,4.70,104.072
5134,11/21/2025 23:42:15,4.70,104.041
5135,11/21/2025 23:52:15,4.69,104.059
5136,11/22/2025 00:02:15,4.68,104.036
5137,11/22/2025 00:12:15,4.68,104.019
5138,11/22/2025 00:22:15,4.68,104.023
5139,11/22/2025 00:32:15,4.68,104.010
5140,11/22/2025 00:42:15,4.68,104.001
5141,11/22/2025 00:52:15,4.67,104.014
5142,11/22/2025 01:02:15,4.67,104.010
5143,11/22/2025 01:12:15,4.67,103.992
5144,11/22/2025 01:22:15,4.67,103.992
5145,11/22/2025 01:32:15,4.67,103.979
5146,11/22/2025 01:42:15,4.68,103.979
5147,11/22/2025 01:52:15,4.68,103.966
5148,11/22/2025 02:02:15,4.68,103.966
5149,11/22/2025 02:12:15,4.68,103.940
5150,11/22/2025 02:22:15,4.68,103.940
5151,11/22/2025 02:32:15,4.69,103.940
5152,11/22/2025 02:42:15,4.69,103.944
5153,11/22/2025 02:52:15,4.69,103.949
5154,11/22/2025 03:02:15,4.70,103.949
5155,11/22/2025 03:12:15,4.70,103.927
5156,11/22/2025 03:22:15,4.70,103.931
5157,11/22/2025 03:32:15,4.70,103.936
5158,11/22/2025 03:42:15,4.70,103.918
5159,11/22/2025 03:52:15,4.70,103.905
5160,11/22/2025 04:02:15,4.70,103.909
5161,11/22/2025 04:12:15,4.69,103.909
5162,11/22/2025 04:22:15,4.69,103.870
5163,11/22/2025 04:32:15,4.69,103.887
5164,11/22/2025 04:42:15,4.69,103.878
5165,11/22/2025 04:52:15,4.69,103.878
5166,11/22/2025 05:02:15,4.68,103.856
5167,11/22/2025 05:12:15,4.68,103.882
5168,11/22/2025 05:22:15,4.68,103.869
5169,11/22/2025 05:32:15,4.68,103.895
5170,11/22/2025 05:42:15,4.68,103.895
5171,11/22/2025 05:52:15,4.68,103.900
5172,11/22/2025 06:02:15,4.67,103.900
5173,11/22/2025 06:12:15,4.67,103.904
5174,11/22/2025 06:22:15,4.67,103.882
5175,11/22/2025 06:32:15,4.67,103.886
5176,11/22/2025 06:42:15,4.67,103.899
5177,11/22/2025 06:52:15,4.66,103.882
5178,11/22/2025 07:02:15,4.66,103.904
5179,11/22/2025 07:12:15,4.67,103.886
5180,11/22/2025 07:22:15,4.69,103.905
5181,11/22/2025 07:32:15,4.71,103.892
5182,11/22/2025 07:42:15,4.72,103.923
5183,11/22/2025 07:52:15,4.76,103.929
5184,11/22/2025 08:02:15,4.80,103.992
5185,11/22/2025 08:12:15,4.83,104.024
5186,11/22/2025 08:22:15,4.87,104.029
5187,11/22/2025 08:32:15,4.93,104.010
5188,11/22/2025 08:42:15,5.02,104.013
5189,11/22/2025 08:52:15,5.12,103.959
5190,11/22/2025 09:02:15,5.20,103.944
5191,11/22/2025 09:12:15,5.25,103.946
5192,11/22/2025 09:22:15,5.27,103.947
5193,11/22/2025 09:32:15,5.28,103.938
5194,11/22/2025 09:42:15,5.28,103.960
5195,11/22/2025 09:52:15,5.27,103.973
5196,11/22/2025 10:02:15,5.27,103.973
5197,11/22/2025 10:12:15,5.27,103.956
5198,11/22/2025 10:22:15,5.28,103.965
5199,11/22/2025 10:32:15,5.29,103.960
5200,11/22/2025 10:42:15,5.31,103.979
5201,11/22/2025 10:52:15,5.34,103.927
5202,11/22/2025 11:02:15,5.37,103.950
5203,11/22/2025 11:12:15,5.40,103.933
5204,11/22/2025 11:22:15,5.41,103.938
5205,11/22/2025 11:32:15,5.42,103.912
5206,11/22/2025 11:42:15,5.43,103.908
5207,11/22/2025 11:52:15,5.46,103.878
5208,11/22/2025 12:02:15,5.50,103.884
5209,11/22/2025 12:12:15,5.54,103.872
5210,11/22/2025 12:22:15,5.57,103.869
5211,11/22/2025 12:32:15,5.60,103.835
5212,11/22/2025 12:42:15,5.62,103.836
5213,11/22/2025 12:52:15,5.63,103.819
5214,11/22/2025 13:02:15,5.64,103.797
5215,11/22/2025 13:12:15,5.65,103.801
5216,11/22/2025 13:22:15,5.65,103.797
5217,11/22/2025 13:32:15,5.66,103.793
5218,11/22/2025 13:42:15,5.67,103.789
5219,11/22/2025 13:52:15,5.67,103.776
5220,11/22/2025 14:02:15,5.68,103.798
5221,11/22/2025 14:12:15,5.69,103.794
5222,11/22/2025 14:22:15,5.70,103.772
5223,11/22/2025 14:32:15,5.71,103.830
5224,11/22/2025 14:42:15,5.72,103.848
5225,11/22/2025 14:52:15,5.72,103.874
5226,11/22/2025 15:02:15,5.73,103.888
5227,11/22/2025 15:12:15,5.74,103.901
5228,11/22/2025 15:22:15,5.74,103.901
5229,11/22/2025 15:32:15,5.74,103.910
5230,11/22/2025 15:42:15,5.74,103.936
5231,11/22/2025 15:52:15,5.73,103.949
5232,11/22/2025 16:02:15,5.72,103.953
5233,11/22/2025 16:12:15,5.70,103.953
5234,11/22/2025 16:22:15,5.68,103.970
5235,11/22/2025 16:32:15,5.66,103.995
5236,11/22/2025 16:42:15,5.63,104.016
5237,11/22/2025 16:52:15,5.60,104.037
5238,11/22/2025 17:02:15,5.58,104.045
5239,11/22/2025 17:12:15,5.55,104.053
5240,11/22/2025 17:22:15,5.53,104.079
5241,11/22/2025 17:32:15,5.50,104.095
5242,11/22/2025 17:42:15,5.48,104.103
5243,11/22/2025 17:52:15,5.45,104.116
5244,11/22/2025 18:02:15,5.42,104.137
5245,11/22/2025 18:12:15,5.40,104.145
5246,11/22/2025 18:22:15,5.38,104.192
5247,11/22/2025 18:32:15,5.35,104.191
5248,11/22/2025 18:42:15,5.33,104.208
5249,11/22/2025 18:52:15,5.31,104.229
5250,11/22/2025 19:02:15,5.28,104.229
5251,11/22/2025 19:12:15,5.26,104.268
5252,11/22/2025 19:22:15,5.25,104.302
5253,11/22/2025 19:32:15,5.23,104.328
5254,11/22/2025 19:42:15,5.22,104.314
5255,11/22/2025 19:52:15,5.20,104.318
5256,11/22/2025 20:02:15,5.19,104.322
5257,11/22/2025 20:12:15,5.18,104.344
5258,11/22/2025 20:22:15,5.17,104.361
5259,11/22/2025 20:32:15,5.16,104.370
5260,11/22/2025 20:42:15,5.15,104.356
5261,11/22/2025 20:52:15,5.14,104.386
5262,11/22/2025 21:02:15,5.13,104.368
5263,11/22/2025 21:12:15,5.11,104.381
5264,11/22/2025 21:22:15,5.09,104.389
5265,11/22/2025 21:32:15,5.08,104.419
5266,11/22/2025 21:42:15,5.06,104.432
5267,11/22/2025 21:52:15,5.04,104.431
5268,11/22/2025 22:02:15,5.02,104.426
5269,11/22/2025 22:12:15,4.99,104.425
5270,11/22/2025 22:22:15,4.97,104.411
5271,11/22/2025 22:32:15,4.94,104.406
5272,11/22/2025 22:42:15,4.91,104.392
5273,11/22/2025 22:52:15,4.89,104.391
5274,11/22/2025 23:02:15,4.86,104.381
5275,11/22/2025 23:12:15,4.83,104.384
5276,11/22/2025 23:22:15,4.80,104.388
5277,11/22/2025 23:32:15,4.77,104.378
5278,11/22/2025 23:42:15,4.73,104.372
5279,11/22/2025 23:52:15,4.70,104.376
5280,11/23/2025 00:02:15,4.67,104.375
5281,11/23/2025 00:12:15,4.64,104.387
5282,11/23/2025 00:22:15,4.61,104.377
5283,11/23/2025 00:32:15,4.58,104.389
5284,11/23/2025 00:42:15,4.55,104.414
5285,11/23/2025 00:52:15,4.52,104.409
5286,11/23/2025 01:02:15,4.49,104.403
5287,11/23/2025 01:12:15,4.45,104.385
5288,11/23/2025 01:22:15,4.42,104.375
5289,11/23/2025 01:32:15,4.39,104.373
5290,11/23/2025 01:42:15,4.35,104.399
5291,11/23/2025 01:52:15,4.32,104.380
5292,11/23/2025 02:02:15,4.28,104.374
5293,11/23/2025 02:12:15,4.25,104.395
5294,11/23/2025 02:22:15,4.22,104.385
5295,11/23/2025 02:32:15,4.19,104.388
5296,11/23/2025 02:42:15,4.15,104.436
5297,11/23/2025 02:52:15,4.12,104.417
5298,11/23/2025 03:02:15,4.09,104.438
5299,11/23/2025 03:12:15,4.05,104.437
5300,11/23/2025 03:22:15,4.02,104.427
5301,11/23/2025 03:32:15,3.98,104.421
5302,11/23/2025 03:42:15,3.95,104.428
5303,11/23/2025 03:52:15,3.91,104.436
5304,11/23/2025 04:02:15,3.88,104.426
5305,11/23/2025 04:12:15,3.84,104.447
5306,11/23/2025 04:22:15,3.80,104.459
5307,11/23/2025 04:32:15,3.77,104.449
5308,11/23/2025 04:42:15,3.73,104.416
5309,11/23/2025 04:52:15,3.69,104.411
5310,11/23/2025 05:02:15,3.66,104.396
5311,11/23/2025 05:12:15,3.62,104.426
5312,11/23/2025 05:22:15,3.58,104.411
5313,11/23/2025 05:32:15,3.55,104.410
5314,11/23/2025 05:42:15,3.51,104.418
5315,11/23/2025 05:52:15,3.47,104.412
5316,11/23/2025 06:02:15,3.44,104.389
5317,11/23/2025 06:12:15,3.40,104.374
5318,11/23/2025 06:22:15,3.36,104.382
5319,11/23/2025 06:32:15,3.32,104.363
5320,11/23/2025 06:42:15,3.29,104.348
5321,11/23/2025 06:52:15,3.25,104.338
5322,11/23/2025 07:02:15,3.21,104.363
5323,11/23/2025 07:12:15,3.17,104.397
5324,11/23/2025 07:22:15,3.14,104.422
5325,11/23/2025 07:32:15,3.11,104.346
5326,11/23/2025 07:42:15,3.08,104.310
5327,11/23/2025 07:52:15,3.05,104.393
5328,11/23/2025 08:02:15,3.03,104.375
5329,11/23/2025 08:12:15,3.02,104.378
5330,11/23/2025 08:22:15,3.01,104.374
5331,11/23/2025 08:32:15,3.00,104.387
5332,11/23/2025 08:42:15,3.00,104.356
5333,11/23/2025 08:52:15,3.00,104.334
5334,11/23/2025 09:02:15,3.00,104.356
5335,11/23/2025 09:12:15,3.00,104.356
5336,11/23/2025 09:22:15,3.01,104.338
5337,11/23/2025 09:32:15,3.02,104.348
5338,11/23/2025 09:42:15,3.03,104.344
5339,11/23/2025 09:52:15,3.04,104.340
5340,11/23/2025 10:02:15,3.06,104.310
5341,11/23/2025 10:12:15,3.08,104.284
5342,11/23/2025 10:22:15,3.10,104.258
5343,11/23/2025 10:32:15,3.12,104.246
5344,11/23/2025 10:42:15,3.15,104.212
5345,11/23/2025 10:52:15,3.18,104.208
5346,11/23/2025 11:02:15,3.20,104.187
5347,11/23/2025 11:12:15,3.22,104.166
5348,11/23/2025 11:22:15,3.25,104.158
5349,11/23/2025 11:32:15,3.26,104.141
5350,11/23/2025 11:42:15,3.28,104.115
5351,11/23/2025 11:52:15,3.29,104.107
5352,11/23/2025 12:02:15,3.31,104.081
5353,11/23/2025 12:12:15,3.33,104.077
5354,11/23/2025 12:22:15,3.34,104.051
5355,11/23/2025 12:32:15,3.35,104.047
5356,11/23/2025 12:42:15,3.36,104.030
5357,11/23/2025 12:52:15,3.37,104.008
5358,11/23/2025 13:02:15,3.38,104.004
5359,11/23/2025 13:12:15,3.39,103.987
5360,11/23/2025 13:22:15,3.39,103.965
5361,11/23/2025 13:32:15,3.40,103.983
5362,11/23/2025 13:42:15,3.40,103.974
5363,11/23/2025 13:52:15,3.41,103.970
5364,11/23/2025 14:02:15,3.42,103.953
5365,11/23/2025 14:12:15,3.42,103.944
5366,11/23/2025 14:22:15,3.43,103.927
5367,11/23/2025 14:32:15,3.45,103.932
5368,11/23/2025 14:42:15,3.46,103.928
5369,11/23/2025 14:52:15,3.47,103.946
5370,11/23/2025 15:02:15,3.48,103.955
5371,11/23/2025 15:12:15,3.49,103.942
5372,11/23/2025 15:22:15,3.50,103.965
5373,11/23/2025 15:32:15,3.52,103.965
5374,11/23/2025 15:42:15,3.53,103.970
5375,11/23/2025 15:52:15,3.54,103.970
5376,11/23/2025 16:02:15,3.55,103.971
5377,11/23/2025 16:12:15,3.56,103.980
5378,11/23/2025 16:22:15,3.58,103.972
5379,11/23/2025 16:32:15,3.59,103.972
5380,11/23/2025 16:42:15,3.60,103.977
5381,11/23/2025 16:52:15,3.61,103.968
5382,11/23/2025 17:02:15,3.62,103.982
5383,11/23/2025 17:12:15,3.63,103.987
5384,11/23/2025 17:22:15,3.64,103.991
5385,11/23/2025 17:32:15,3.65,104.001
5386,11/23/2025 17:42:15,3.66,103.988
5387,11/23/2025 17:52:15,3.67,103.997
5388,11/23/2025 18:02:15,3.68,103.984
5389,11/23/2025 18:12:15,3.69,103.997
5390,11/23/2025 18:22:15,3.70,103.980
5391,11/23/2025 18:32:15,3.70,103.976
5392,11/23/2025 18:42:15,3.71,103.981
5393,11/23/2025 18:52:15,3.72,103.968
5394,11/23/2025 19:02:15,3.72,103.981
5395,11/23/2025 19:12:15,3.73,103.995
5396,11/23/2025 19:22:15,3.74,103.990
5397,11/23/2025 19:32:15,3.75,104.004
5398,11/23/2025 19:42:15,3.76,104.013
5399,11/23/2025 19:52:15,3.77,104.022
5400,11/23/2025 20:02:15,3.78,104.014
5401,11/23/2025 20:12:15,3.79,104.018
5402,11/23/2025 20:22:15,3.80,104.019
5403,11/23/2025 20:32:15,3.80,104.023
5404,11/23/2025 20:42:15,3.81,104.032
5405,11/23/2025 20:52:15,3.81,104.041
5406,11/23/2025 21:02:15,3.81,104.050
5407,11/23/2025 21:12:15,3.80,104.054
5408,11/23/2025 21:22:15,3.80,104.045
5409,11/23/2025 21:32:15,3.79,104.054
5410,11/23/2025 21:42:15,3.78,104.058
5411,11/23/2025 21:52:15,3.77,104.071
5412,11/23/2025 22:02:15,3.77,104.070
5413,11/23/2025 22:12:15,3.76,104.070
5414,11/23/2025 22:22:15,3.75,104.070
5415,11/23/2025 22:32:15,3.74,104.087
5416,11/23/2025 22:42:15,3.74,104.096
5417,11/23/2025 22:52:15,3.73,104.100
5418,11/23/2025 23:02:15,3.73,104.109
5419,11/23/2025 23:12:15,3.72,104.095
5420,11/23/2025 23:22:15,3.72,104.100
5421,11/23/2025 23:32:15,3.71,104.082
5422,11/23/2025 23:42:15,3.71,104.108
5423,11/23/2025 23:52:15,3.70,104.095
5424,11/24/2025 00:02:15,3.69,104.090
5425,11/24/2025 00:12:15,3.69,104.085
5426,11/24/2025 00:22:15,3.68,104.085
5427,11/24/2025 00:32:15,3.67,104.072
5428,11/24/2025 00:42:15,3.67,104.072
5429,11/24/2025 00:52:15,3.67,104.071
5430,11/24/2025 01:02:15,3.66,104.080
5431,11/24/2025 01:12:15,3.66,104.089
5432,11/24/2025 01:22:15,3.66,104.076
5433,11/24/2025 01:32:15,3.66,104.084
5434,11/24/2025 01:42:15,3.66,104.097
5435,11/24/2025 01:52:15,3.65,104.115
5436,11/24/2025 02:02:15,3.64,104.123
5437,11/24/2025 02:12:15,3.63,104.132
5438,11/24/2025 02:22:15,3.62,104.127
5439,11/24/2025 02:32:15,3.61,104.122
5440,11/24/2025 02:42:15,3.61,104.140
5441,11/24/2025 02:52:15,3.59,104.130
5442,11/24/2025 03:02:15,3.58,104.134
5443,11/24/2025 03:12:15,3.57,104.139
5444,11/24/2025 03:22:15,3.57,104.143
5445,11/24/2025 03:32:15,3.56,104.160
5446,11/24/2025 03:42:15,3.56,104.147
5447,11/24/2025 03:52:15,3.55,104.164
5448,11/24/2025 04:02:15,3.55,104.173
5449,11/24/2025 04:12:15,3.55,104.191
5450,11/24/2025 04:22:15,3.55,104.182
5451,11/24/2025 04:32:15,3.55,104.221
5452,11/24/2025 04:42:15,3.55,104.217
5453,11/24/2025 04:52:15,3.55,104.235
5454,11/24/2025 05:02:15,3.55,104.256
5455,11/24/2025 05:12:15,3.55,104.265
5456,11/24/2025 05:22:15,3.56,104.279
5457,11/24/2025 05:32:15,3.56,104.305
5458,11/24/2025 05:42:15,3.56,104.314
5459,11/24/2025 05:52:15,3.56,104.353
5460,11/24/2025 06:02:15,3.56,104.367
5461,11/24/2025 06:12:15,3.56,104.406
5462,11/24/2025 06:22:15,3.56,104.428
5463,11/24/2025 06:32:15,3.56,104.446
5464,11/24/2025 06:42:15,3.56,104.485
5465,11/24/2025 06:52:15,3.55,104.502
5466,11/24/2025 07:02:15,3.54,104.537
5467,11/24/2025 07:12:15,3.53,104.546
5468,11/24/2025 07:22:15,3.53,104.576
5469,11/24/2025 07:32:15,3.52,104.589
5470,11/24/2025 07:42:15,3.51,104.606
5471,11/24/2025 07:52:15,3.49,104.641
5472,11/24/2025 08:02:15,3.48,104.632
5473,11/24/2025 08:12:15,3.47,104.654
5474,11/24/2025 08:22:15,3.47,104.653
5475,11/24/2025 08:32:15,3.46,104.684
5476,11/24/2025 08:42:15,3.46,104.693
5477,11/24/2025 08:52:15,3.46,104.706
5478,11/24/2025 09:02:15,3.47,104.728
5479,11/24/2025 09:12:15,3.48,104.724
5480,11/24/2025 09:22:15,3.49,104.746
5481,11/24/2025 09:32:15,3.51,104.760
5482,11/24/2025 09:42:15,3.53,104.766
5483,11/24/2025 09:52:15,3.56,104.771
5484,11/24/2025 10:02:15,3.58,104.781
5485,11/24/2025 10:12:15,3.61,104.781
5486,11/24/2025 10:22:15,3.64,104.760
5487,11/24/2025 10:32:15,3.67,104.775
5488,11/24/2025 10:42:15,3.71,104.776
5489,11/24/2025 10:52:15,3.74,104.786
5490,11/24/2025 11:02:15,3.77,104.800
5491,11/24/2025 11:12:15,3.81,104.784
5492,11/24/2025 11:22:15,3.86,104.799
5493,11/24/2025 11:32:15,3.92,104.797
5494,11/24/2025 11:42:15,3.98,104.799
5495,11/24/2025 11:52:15,4.04,104.788
5496,11/24/2025 12:02:15,4.09,104.790
5497,11/24/2025 12:12:15,4.14,104.791
5498,11/24/2025 12:22:15,4.20,104.789
5499,11/24/2025 12:32:15,4.26,104.773
5500,11/24/2025 12:42:15,4.31,104.753
5501,11/24/2025 12:52:15,4.37,104.760
5502,11/24/2025 13:02:15,4.43,104.771
5503,11/24/2025 13:12:15,4.49,104.746
5504,11/24/2025 13:22:15,4.55,104.740
5505,11/24/2025 13:32:15,4.59,104.763
5506,11/24/2025 13:42:15,4.62,104.777
5507,11/24/2025 13:52:15,4.65,104.770
5508,11/24/2025 14:02:15,4.68,104.784
5509,11/24/2025 14:12:15,4.70,104.780
5510,11/24/2025 14:22:15,4.72,104.811
5511,11/24/2025 14:32:15,4.73,104.821
5512,11/24/2025 14:42:15,4.74,104.839
5513,11/24/2025 14:52:15,4.75,104.843
5514,11/24/2025 15:02:15,4.75,104.866
5515,11/24/2025 15:12:15,4.76,104.861
5516,11/24/2025 15:22:15,4.76,104.866
5517,11/24/2025 15:32:15,4.76,104.883
5518,11/24/2025 15:42:15,4.76,104.888
5519,11/24/2025 15:52:15,4.75,104.870
5520,11/24/2025 16:02:15,4.75,104.896
5521,11/24/2025 16:12:15,4.75,104.887
5522,11/24/2025 16:22:15,4.75,104.905
5523,11/24/2025 16:32:15,4.74,104.927
5524,11/24/2025 16:42:15,4.74,104.900
5525,11/24/2025 16:52:15,4.73,104.935
5526,11/24/2025 17:02:15,4.72,104.992
5527,11/24/2025 17:12:15,4.72,105.009
5528,11/24/2025 17:22:15,4.71,105.040
5529,11/24/2025 17:32:15,4.69,105.048
5530,11/24/2025 17:42:15,4.68,105.065
5531,11/24/2025 17:52:15,4.67,105.069
5532,11/24/2025 18:02:15,4.65,105.064
5533,11/24/2025 18:12:15,4.64,105.059
5534,11/24/2025 18:22:15,4.63,105.059
5535,11/24/2025 18:32:15,4.62,105.041
5536,11/24/2025 18:42:15,4.61,105.049
5537,11/24/2025 18:52:15,4.60,105.049
5538,11/24/2025 19:02:15,4.59,105.053
5539,11/24/2025 19:12:15,4.58,105.040
5540,11/24/2025 19:22:15,4.57,105.035
5541,11/24/2025 19:32:15,4.56,105.039
5542,11/24/2025 19:42:15,4.55,105.043
5543,11/24/2025 19:52:15,4.55,105.052
5544,11/24/2025 20:02:15,4.55,105.052
5545,11/24/2025 20:12:15,4.54,105.043
5546,11/24/2025 20:22:15,4.54,105.069
5547,11/24/2025 20:32:15,4.54,105.060
5548,11/24/2025 20:42:15,4.53,105.069
5549,11/24/2025 20:52:15,4.53,105.078
5550,11/24/2025 21:02:15,4.53,105.086
5551,11/24/2025 21:12:15,4.53,105.082
5552,11/24/2025 21:22:15,4.52,105.108
5553,11/24/2025 21:32:15,4.52,105.099
5554,11/24/2025 21:42:15,4.52,105.103
5555,11/24/2025 21:52:15,4.51,105.108
5556,11/24/2025 22:02:15,4.51,105.130
5557,11/24/2025 22:12:15,4.51,105.134
5558,11/24/2025 22:22:15,4.50,105.129
5559,11/24/2025 22:32:15,4.50,105.129
5560,11/24/2025 22:42:15,4.49,105.116
5561,11/24/2025 22:52:15,4.48,105.124
5562,11/24/2025 23:02:15,4.48,105.106
5563,11/24/2025 23:12:15,4.47,105.111
5564,11/24/2025 23:22:15,4.46,105.097
5565,11/24/2025 23:32:15,4.45,105.075
5566,11/24/2025 23:42:15,4.44,105.079
5567,11/24/2025 23:52:15,4.43,105.101
5568,11/25/2025 00:02:15,4.43,105.096
5569,11/25/2025 00:12:15,4.42,105.091
5570,11/25/2025 00:22:15,4.41,105.100
5571,11/25/2025 00:32:15,4.40,105.104
5572,11/25/2025 00:42:15,4.40,105.090
5573,11/25/2025 00:52:15,4.39,105.068
5574,11/25/2025 01:02:15,4.38,105.077
5575,11/25/2025 01:12:15,4.37,105.098
5576,11/25/2025 01:22:15,4.36,105.120
5577,11/25/2025 01:32:15,4.34,105.124
5578,11/25/2025 01:42:15,4.33,105.119
5579,11/25/2025 01:52:15,4.31,105.118
5580,11/25/2025 02:02:15,4.29,105.122
5581,11/25/2025 02:12:15,4.27,105.108
5582,11/25/2025 02:22:15,4.25,105.098
5583,11/25/2025 02:32:15,4.23,105.102
5584,11/25/2025 02:42:15,4.20,105.088
5585,11/25/2025 02:52:15,4.18,105.065
5586,11/25/2025 03:02:15,4.16,105.029
5587,11/25/2025 03:12:15,4.14,105.024
5588,11/25/2025 03:22:15,4.12,105.015
5589,11/25/2025 03:32:15,4.10,105.014
5590,11/25/2025 03:42:15,4.08,105.004
5591,11/25/2025 03:52:15,4.06,105.017
5592,11/25/2025 04:02:15,4.04,105.012
5593,11/25/2025 04:12:15,4.03,105.020
5594,11/25/2025 04:22:15,4.01,105.024
5595,11/25/2025 04:32:15,4.00,105.010
5596,11/25/2025 04:42:15,3.98,105.019
5597,11/25/2025 04:52:15,3.97,105.010
5598,11/25/2025 05:02:15,3.96,105.014
5599,11/25/2025 05:12:15,3.96,105.005
5600,11/25/2025 05:22:15,3.95,105.000
5601,11/25/2025 05:32:15,3.94,105.022
5602,11/25/2025 05:42:15,3.93,105.008
5603,11/25/2025 05:52:15,3.92,104.999
5604,11/25/2025 06:02:15,3.92,104.999
5605,11/25/2025 06:12:15,3.91,105.047
5606,11/25/2025 06:22:15,3.90,105.060
5607,11/25/2025 06:32:15,3.89,105.059
5608,11/25/2025 06:42:15,3.88,105.064
5609,11/25/2025 06:52:15,3.87,105.024
5610,11/25/2025 07:02:15,3.87,105.019
5611,11/25/2025 07:12:15,3.86,105.036
5612,11/25/2025 07:22:15,3.85,105.023
5613,11/25/2025 07:32:15,3.85,105.018
5614,11/25/2025 07:42:15,3.84,105.031
5615,11/25/2025 07:52:15,3.84,105.014
5616,11/25/2025 08:02:15,3.83,104.987
5617,11/25/2025 08:12:15,3.82,104.996
5618,11/25/2025 08:22:15,3.82,104.995
5619,11/25/2025 08:32:15,3.82,104.987
5620,11/25/2025 08:42:15,3.82,105.000
5621,11/25/2025 08:52:15,3.82,105.000
5622,11/25/2025 09:02:15,3.83,104.987
5623,11/25/2025 09:12:15,3.83,104.987
5624,11/25/2025 09:22:15,3.84,104.987
5625,11/25/2025 09:32:15,3.86,104.992
5626,11/25/2025 09:42:15,3.87,104.997
5627,11/25/2025 09:52:15,3.89,105.015
5628,11/25/2025 10:02:15,3.90,104.998
5629,11/25/2025 10:12:15,3.92,105.017
5630,11/25/2025 10:22:15,3.94,104.982
5631,11/25/2025 10:32:15,3.96,104.952
5632,11/25/2025 10:42:15,3.97,104.944
5633,11/25/2025 10:52:15,3.99,104.949
5634,11/25/2025 11:02:15,4.01,104.923
5635,11/25/2025 11:12:15,4.04,104.889
5636,11/25/2025 11:22:15,4.07,104.894
5637,11/25/2025 11:32:15,4.10,104.895
5638,11/25/2025 11:42:15,4.14,104.875
5639,11/25/2025 11:52:15,4.18,104.841
5640,11/25/2025 12:02:15,4.21,104.807
5641,11/25/2025 12:12:15,4.25,104.764
5642,11/25/2025 12:22:15,4.28,104.752
5643,11/25/2025 12:32:15,4.30,104.744
5644,11/25/2025 12:42:15,4.34,104.723
5645,11/25/2025 12:52:15,4.37,104.707
5646,11/25/2025 13:02:15,4.40,104.703
5647,11/25/2025 13:12:15,4.42,104.669
5648,11/25/2025 13:22:15,4.45,104.661
5649,11/25/2025 13:32:15,4.48,104.649
5650,11/25/2025 13:42:15,4.51,104.655
5651,11/25/2025 13:52:15,4.54,104.643
5652,11/25/2025 14:02:15,4.57,104.648
5653,11/25/2025 14:12:15,4.61,104.649
5654,11/25/2025 14:22:15,4.64,104.646
5655,11/25/2025 14:32:15,4.67,104.638
5656,11/25/2025 14:42:15,4.69,104.635
5657,11/25/2025 14:52:15,4.72,104.636
5658,11/25/2025 15:02:15,4.74,104.628
5659,11/25/2025 15:12:15,4.76,104.620
5660,11/25/2025 15:22:15,4.79,104.616
5661,11/25/2025 15:32:15,4.81,104.604
5662,11/25/2025 15:42:15,4.82,104.582
5663,11/25/2025 15:52:15,4.83,104.569
5664,11/25/2025 16:02:15,4.85,104.565
5665,11/25/2025 16:12:15,4.86,104.553
5666,11/25/2025 16:22:15,4.88,104.544
5667,11/25/2025 16:32:15,4.89,104.549
5668,11/25/2025 16:42:15,4.90,104.528
5669,11/25/2025 16:52:15,4.91,104.532
5670,11/25/2025 17:02:15,4.92,104.524
5671,11/25/2025 17:12:15,4.93,104.498
5672,11/25/2025 17:22:15,4.95,104.499
5673,11/25/2025 17:32:15,4.96,104.481
5674,11/25/2025 17:42:15,4.98,104.473
5675,11/25/2025 17:52:15,5.00,104.474
5676,11/25/2025 18:02:15,5.01,104.452
5677,11/25/2025 18:12:15,5.03,104.444
5678,11/25/2025 18:22:15,5.05,104.440
5679,11/25/2025 18:32:15,5.06,104.445
5680,11/25/2025 18:42:15,5.08,104.442
5681,11/25/2025 18:52:15,5.10,104.425
5682,11/25/2025 19:02:15,5.12,104.425
5683,11/25/2025 19:12:15,5.14,104.409
5684,11/25/2025 19:22:15,5.17,104.405
5685,11/25/2025 19:32:15,5.19,104.397
5686,11/25/2025 19:42:15,5.23,104.398
5687,11/25/2025 19:52:15,5.28,104.413
5688,11/25/2025 20:02:15,5.34,104.442
5689,11/25/2025 20:12:15,5.42,104.458
5690,11/25/2025 20:22:15,5.48,104.508
5691,11/25/2025 20:32:15,5.54,104.541
5692,11/25/2025 20:42:15,5.64,104.593
5693,11/25/2025 20:52:15,5.78,104.668
5694,11/25/2025 21:02:15,5.95,104.714
5695,11/25/2025 21:12:15,6.16,104.787
5696,11/25/2025 21:22:15,6.39,104.808
5697,11/25/2025 21:32:15,6.61,104.869
5698,11/25/2025 21:42:15,6.85,104.917
5699,11/25/2025 21:52:15,7.10,104.974
5700,11/25/2025 22:02:15,7.31,105.070
5701,11/25/2025 22:12:15,7.45,105.202
5702,11/25/2025 22:22:15,7.50,105.230
5703,11/25/2025 22:32:15,7.57,105.211
5704,11/25/2025 22:42:15,7.69,105.188
5705,11/25/2025 22:52:15,7.76,105.196
5706,11/25/2025 23:02:15,7.77,105.209
5707,11/25/2025 23:12:15,7.72,105.221
5708,11/25/2025 23:22:15,7.66,105.245
5709,11/25/2025 23:32:15,7.59,105.291
5710,11/25/2025 23:42:15,7.55,105.307
5711,11/25/2025 23:52:15,7.53,105.293
5712,11/26/2025 00:02:15,7.51,105.275
5713,11/26/2025 00:12:15,7.49,105.208
5714,11/26/2025 00:22:15,7.46,105.154
5715,11/26/2025 00:32:15,7.41,105.108
5716,11/26/2025 00:42:15,7.35,105.053
5717,11/26/2025 00:52:15,7.29,105.029
5718,11/26/2025 01:02:15,7.23,105.023
5719,11/26/2025 01:12:15,7.16,104.976
5720,11/26/2025 01:22:15,7.09,104.969
5721,11/26/2025 01:32:15,7.01,104.975
5722,11/26/2025 01:42:15,6.96,105.013
5723,11/26/2025 01:52:15,6.93,105.078
5724,11/26/2025 02:02:15,6.92,105.183
5725,11/26/2025 02:12:15,6.93,105.241
5726,11/26/2025 02:22:15,6.95,105.286
5727,11/26/2025 02:32:15,7.00,105.274
5728,11/26/2025 02:42:15,7.07,105.259
5729,11/26/2025 02:52:15,7.13,105.239
5730,11/26/2025 03:02:15,7.16,105.214
5731,11/26/2025 03:12:15,7.17,105.197
5732,11/26/2025 03:22:15,7.15,105.161
5733,11/26/2025 03:32:15,7.12,105.120
5734,11/26/2025 03:42:15,7.09,105.084
5735,11/26/2025 03:52:15,7.06,105.052
5736,11/26/2025 04:02:15,7.02,105.055
5737,11/26/2025 04:12:15,6.98,104.992
5738,11/26/2025 04:22:15,6.95,105.009
5739,11/26/2025 04:32:15,6.92,104.990
5740,11/26/2025 04:42:15,6.90,104.967
5741,11/26/2025 04:52:15,6.87,104.966
5742,11/26/2025 05:02:15,6.85,104.948
5743,11/26/2025 05:12:15,6.83,104.903
5744,11/26/2025 05:22:15,6.82,104.867
5745,11/26/2025 05:32:15,6.81,104.849
5746,11/26/2025 05:42:15,6.80,104.836
5747,11/26/2025 05:52:15,6.78,104.809
5748,11/26/2025 06:02:15,6.76,104.799
5749,11/26/2025 06:12:15,6.74,104.790
5750,11/26/2025 06:22:15,6.72,104.754
5751,11/26/2025 06:32:15,6.70,104.762
5752,11/26/2025 06:42:15,6.69,104.793
5753,11/26/2025 06:52:15,6.68,104.770
5754,11/26/2025 07:02:15,6.66,104.761
5755,11/26/2025 07:12:15,6.66,104.734
5756,11/26/2025 07:22:15,6.65,104.721
5757,11/26/2025 07:32:15,6.64,104.725
5758,11/26/2025 07:42:15,6.64,104.725
5759,11/26/2025 07:52:15,6.64,104.733
5760,11/26/2025 08:02:15,6.64,104.725
5761,11/26/2025 08:12:15,6.64,104.681
5762,11/26/2025 08:22:15,6.64,104.698
5763,11/26/2025 08:32:15,6.65,104.708
5764,11/26/2025 08:42:15,6.66,104.677
5765,11/26/2025 08:52:15,6.67,104.669
5766,11/26/2025 09:02:15,6.68,104.682
5767,11/26/2025 09:12:15,6.70,104.661
5768,11/26/2025 09:22:15,6.72,104.644
5769,11/26/2025 09:32:15,6.73,104.627
5770,11/26/2025 09:42:15,6.75,104.636
5771,11/26/2025 09:52:15,6.78,104.637
5772,11/26/2025 10:02:15,6.80,104.620
5773,11/26/2025 10:12:15,6.82,104.608
5774,11/26/2025 10:22:15,6.85,104.596
5775,11/26/2025 10:32:15,6.87,104.592
5776,11/26/2025 10:42:15,6.90,104.611
5777,11/26/2025 10:52:15,6.93,104.581
5778,11/26/2025 11:02:15,6.96,104.595
5779,11/26/2025 11:12:15,7.00,104.566
5780,11/26/2025 11:22:15,7.03,104.545
5781,11/26/2025 11:32:15,7.07,104.533
5782,11/26/2025 11:42:15,7.11,104.565
5783,11/26/2025 11:52:15,7.15,104.544
5784,11/26/2025 12:02:15,7.18,104.528
5785,11/26/2025 12:12:15,7.21,104.507
5786,11/26/2025 12:22:15,7.24,104.521
5787,11/26/2025 12:32:15,7.27,104.513
5788,11/26/2025 12:42:15,7.29,104.505
5789,11/26/2025 12:52:15,7.32,104.515
5790,11/26/2025 13:02:15,7.34,104.542
5791,11/26/2025 13:12:15,7.36,104.508
5792,11/26/2025 13:22:15,7.38,104.517
5793,11/26/2025 13:32:15,7.40,104.513
5794,11/26/2025 13:42:15,7.42,104.518
5795,11/26/2025 13:52:15,7.43,104.532
5796,11/26/2025 14:02:15,7.45,104.506
5797,11/26/2025 14:12:15,7.47,104.520
5798,11/26/2025 14:22:15,7.48,104.503
5799,11/26/2025 14:32:15,7.50,104.517
5800,11/26/2025 14:42:15,7.52,104.513
5801,11/26/2025 14:52:15,7.54,104.540
5802,11/26/2025 15:02:15,7.56,104.532
5803,11/26/2025 15:12:15,7.57,104.528
5804,11/26/2025 15:22:15,7.59,104.542
5805,11/26/2025 15:32:15,7.60,104.542
5806,11/26/2025 15:42:15,7.61,104.565
5807,11/26/2025 15:52:15,7.61,104.569
5808,11/26/2025 16:02:15,7.62,104.556
5809,11/26/2025 16:12:15,7.63,104.565
5810,11/26/2025 16:22:15,7.63,104.574
5811,11/26/2025 16:32:15,7.64,104.566
5812,11/26/2025 16:42:15,7.64,104.570
5813,11/26/2025 16:52:15,7.65,104.579
5814,11/26/2025 17:02:15,7.65,104.584
5815,11/26/2025 17:12:15,7.65,104.575
5816,11/26/2025 17:22:15,7.66,104.567
5817,11/26/2025 17:32:15,7.67,104.554
5818,11/26/2025 17:42:15,7.67,104.532
5819,11/26/2025 17:52:15,7.68,104.537
5820,11/26/2025 18:02:15,7.69,104.519
5821,11/26/2025 18:12:15,7.69,104.497
5822,11/26/2025 18:22:15,7.70,104.471
5823,11/26/2025 18:32:15,7.71,104.480
5824,11/26/2025 18:42:15,7.71,104.463
5825,11/26/2025 18:52:15,7.72,104.472
5826,11/26/2025 19:02:15,7.72,104.454
5827,11/26/2025 19:12:15,7.73,104.446
5828,11/26/2025 19:22:15,7.73,104.455
5829,11/26/2025 19:32:15,7.74,104.468
5830,11/26/2025 19:42:15,7.74,104.450
5831,11/26/2025 19:52:15,7.74,104.442
5832,11/26/2025 20:02:15,7.74,104.411
5833,11/26/2025 20:12:15,7.74,104.380
5834,11/26/2025 20:22:15,7.74,104.385
5835,11/26/2025 20:32:15,7.74,104.380
5836,11/26/2025 20:42:15,7.74,104.362
5837,11/26/2025 20:52:15,7.74,104.349
5838,11/26/2025 21:02:15,7.74,104.336
5839,11/26/2025 21:12:15,7.74,104.314
5840,11/26/2025 21:22:15,7.73,104.358
5841,11/26/2025 21:32:15,7.72,104.335
5842,11/26/2025 21:42:15,7.72,104.309
5843,11/26/2025 21:52:15,7.71,104.273
5844,11/26/2025 22:02:15,7.71,104.300
5845,11/26/2025 22:12:15,7.70,104.291
5846,11/26/2025 22:22:15,7.69,104.273
5847,11/26/2025 22:32:15,7.69,104.361
5848,11/26/2025 22:42:15,7.69,104.330
5849,11/26/2025 22:52:15,7.69,104.369
5850,11/26/2025 23:02:15,7.68,104.374
5851,11/26/2025 23:12:15,7.68,104.400
5852,11/26/2025 23:22:15,7.68,104.391
5853,11/26/2025 23:32:15,7.68,104.378
5854,11/26/2025 23:42:15,7.68,104.409
5855,11/26/2025 23:52:15,7.68,104.422
5856,11/27/2025 00:02:15,7.68,104.440
5857,11/27/2025 00:12:15,7.68,104.466
5858,11/27/2025 00:22:15,7.67,104.488
5859,11/27/2025 00:32:15,7.66,104.518
5860,11/27/2025 00:42:15,7.66,104.492
5861,11/27/2025 00:52:15,7.65,104.505
5862,11/27/2025 01:02:15,7.64,104.526
5863,11/27/2025 01:12:15,7.62,104.543
5864,11/27/2025 01:22:15,7.61,104.543
5865,11/27/2025 01:32:15,7.59,104.577
5866,11/27/2025 01:42:15,7.57,104.612
5867,11/27/2025 01:52:15,7.56,104.576
5868,11/27/2025 02:02:15,7.54,104.611
5869,11/27/2025 02:12:15,7.53,104.597
5870,11/27/2025 02:22:15,7.51,104.588
5871,11/27/2025 02:32:15,7.49,104.600
5872,11/27/2025 02:42:15,7.47,104.591
5873,11/27/2025 02:52:15,7.44,104.585
5874,11/27/2025 03:02:15,7.42,104.598
5875,11/27/2025 03:12:15,7.40,104.593
5876,11/27/2025 03:22:15,7.37,104.587
5877,11/27/2025 03:32:15,7.34,104.604
5878,11/27/2025 03:42:15,7.31,104.585
5879,11/27/2025 03:52:15,7.28,104.611
5880,11/27/2025 04:02:15,7.26,104.592
5881,11/27/2025 04:12:15,7.23,104.595
5882,11/27/2025 04:22:15,7.19,104.630
5883,11/27/2025 04:32:15,7.16,104.611
5884,11/27/2025 04:42:15,7.13,104.632
5885,11/27/2025 04:52:15,7.10,104.626
5886,11/27/2025 05:02:15,7.06,104.629
5887,11/27/2025 05:12:15,7.03,104.646
5888,11/27/2025 05:22:15,7.00,104.667
5889,11/27/2025 05:32:15,6.96,104.679
5890,11/27/2025 05:42:15,6.93,104.673
5891,11/27/2025 05:52:15,6.89,104.659
5892,11/27/2025 06:02:15,6.86,104.658
5893,11/27/2025 06:12:15,6.82,104.652
5894,11/27/2025 06:22:15,6.79,104.668
5895,11/27/2025 06:32:15,6.76,104.667
5896,11/27/2025 06:42:15,6.73,104.670
5897,11/27/2025 06:52:15,6.69,104.696
5898,11/27/2025 07:02:15,6.66,104.695
5899,11/27/2025 07:12:15,6.63,104.694
5900,11/27/2025 07:22:15,6.60,104.706
5901,11/27/2025 07:32:15,6.57,104.731
5902,11/27/2025 07:42:15,6.54,104.748
5903,11/27/2025 07:52:15,6.51,104.751
5904,11/27/2025 08:02:15,6.48,104.750
5905,11/27/2025 08:12:15,6.46,104.758
5906,11/27/2025 08:22:15,6.44,104.700
5907,11/27/2025 08:32:15,6.41,104.721
5908,11/27/2025 08:42:15,6.39,104.725
5909,11/27/2025 08:52:15,6.38,104.724
5910,11/27/2025 09:02:15,6.36,104.746
5911,11/27/2025 09:12:15,6.35,104.767
5912,11/27/2025 09:22:15,6.34,104.780
5913,11/27/2025 09:32:15,6.33,104.758
5914,11/27/2025 09:42:15,6.33,104.789
5915,11/27/2025 09:52:15,6.32,104.793
5916,11/27/2025 10:02:15,6.32,104.762
5917,11/27/2025 10:12:15,6.31,104.722
5918,11/27/2025 10:22:15,6.31,104.717
5919,11/27/2025 10:32:15,6.31,104.700
5920,11/27/2025 10:42:15,6.32,104.691
5921,11/27/2025 10:52:15,6.32,104.652
5922,11/27/2025 11:02:15,6.32,104.648
5923,11/27/2025 11:12:15,6.32,104.639
5924,11/27/2025 11:22:15,6.32,104.604
5925,11/27/2025 11:32:15,6.33,104.604
5926,11/27/2025 11:42:15,6.34,104.574
5927,11/27/2025 11:52:15,6.36,104.578
5928,11/27/2025 12:02:15,6.37,104.539
5929,11/27/2025 12:12:15,6.40,104.509
5930,11/27/2025 12:22:15,6.41,104.514
5931,11/27/2025 12:32:15,6.43,104.533
5932,11/27/2025 12:42:15,6.44,104.520
5933,11/27/2025 12:52:15,6.45,104.485
5934,11/27/2025 13:02:15,6.46,104.490
5935,11/27/2025 13:12:15,6.47,104.477
5936,11/27/2025 13:22:15,6.47,104.455
5937,11/27/2025 13:32:15,6.48,104.455
5938,11/27/2025 13:42:15,6.49,104.455
5939,11/27/2025 13:52:15,6.49,104.425
5940,11/27/2025 14:02:15,6.50,104.407
5941,11/27/2025 14:12:15,6.50,104.399
5942,11/27/2025 14:22:15,6.50,104.403
5943,11/27/2025 14:32:15,6.50,104.390
5944,11/27/2025 14:42:15,6.50,104.421
5945,11/27/2025 14:52:15,6.50,104.443
5946,11/27/2025 15:02:15,6.50,104.425
5947,11/27/2025 15:12:15,6.50,104.429
5948,11/27/2025 15:22:15,6.49,104.416
5949,11/27/2025 15:32:15,6.49,104.442
5950,11/27/2025 15:42:15,6.49,104.451
5951,11/27/2025 15:52:15,6.49,104.460
5952,11/27/2025 16:02:15,6.49,104.455
5953,11/27/2025 16:12:15,6.48,104.433
5954,11/27/2025 16:22:15,6.48,104.451
5955,11/27/2025 16:32:15,6.47,104.446
5956,11/27/2025 16:42:15,6.47,104.472
5957,11/27/2025 16:52:15,6.47,104.455
5958,11/27/2025 17:02:15,6.46,104.437
5959,11/27/2025 17:12:15,6.46,104.428
5960,11/27/2025 17:22:15,6.46,104.437
5961,11/27/2025 17:32:15,6.45,104.415
5962,11/27/2025 17:42:15,6.45,104.406
5963,11/27/2025 17:52:15,6.44,104.405
5964,11/27/2025 18:02:15,6.44,104.401
5965,11/27/2025 18:12:15,6.43,104.396
5966,11/27/2025 18:22:15,6.43,104.418
5967,11/27/2025 18:32:15,6.42,104.400
5968,11/27/2025 18:42:15,6.41,104.378
5969,11/27/2025 18:52:15,6.41,104.373
5970,11/27/2025 19:02:15,6.40,104.351
5971,11/27/2025 19:12:15,6.39,104.360
5972,11/27/2025 19:22:15,6.39,104.368
5973,11/27/2025 19:32:15,6.38,104.341
5974,11/27/2025 19:42:15,6.37,104.323
5975,11/27/2025 19:52:15,6.35,104.305
5976,11/27/2025 20:02:15,6.34,104.279
5977,11/27/2025 20:12:15,6.33,104.291
5978,11/27/2025 20:22:15,6.31,104.291
5979,11/27/2025 20:32:15,6.29,104.295
5980,11/27/2025 20:42:15,6.27,104.303
5981,11/27/2025 20:52:15,6.25,104.297
5982,11/27/2025 21:02:15,6.23,104.301
5983,11/27/2025 21:12:15,6.20,104.305
5984,11/27/2025 21:22:15,6.17,104.290
5985,11/27/2025 21:32:15,6.15,104.272
5986,11/27/2025 21:42:15,6.12,104.267
5987,11/27/2025 21:52:15,6.10,104.257
5988,11/27/2025 22:02:15,6.07,104.261
5989,11/27/2025 22:12:15,6.05,104.246
5990,11/27/2025 22:22:15,6.02,104.241
5991,11/27/2025 22:32:15,6.00,104.249
5992,11/27/2025 22:42:15,5.97,104.231
5993,11/27/2025 22:52:15,5.94,104.225
5994,11/27/2025 23:02:15,5.92,104.220
5995,11/27/2025 23:12:15,5.89,104.210
5996,11/27/2025 23:22:15,5.87,104.201
5997,11/27/2025 23:32:15,5.84,104.187
5998,11/27/2025 23:42:15,5.82,104.168
5999,11/27/2025 23:52:15,5.80,104.181
6000,11/28/2025 00:02:15,5.77,104.180
6001,11/28/2025 00:12:15,5.75,104.170
6002,11/28/2025 00:22:15,5.72,104.152
6003,11/28/2025 00:32:15,5.70,104.160
6004,11/28/2025 00:42:15,5.67,104.159
6005,11/28/2025 00:52:15,5.65,104.167
6006,11/28/2025 01:02:15,5.63,104.144
6007,11/28/2025 01:12:15,5.60,104.143
6008,11/28/2025 01:22:15,5.57,104.151
6009,11/28/2025 01:32:15,5.54,104.150
6010,11/28/2025 01:42:15,5.51,104.166
6011,11/28/2025 01:52:15,5.48,104.148
6012,11/28/2025 02:02:15,5.46,104.147
6013,11/28/2025 02:12:15,5.43,104.146
6014,11/28/2025 02:22:15,5.40,104.136
6015,11/28/2025 02:32:15,5.38,104.126
6016,11/28/2025 02:42:15,5.35,104.108
6017,11/28/2025 02:52:15,5.33,104.085
6018,11/28/2025 03:02:15,5.30,104.097
6019,11/28/2025 03:12:15,5.28,104.061
6020,11/28/2025 03:22:15,5.25,104.047
6021,11/28/2025 03:32:15,5.23,104.055
6022,11/28/2025 03:42:15,5.21,104.041
6023,11/28/2025 03:52:15,5.18,104.036
6024,11/28/2025 04:02:15,5.16,104.022
6025,11/28/2025 04:12:15,5.14,104.004
6026,11/28/2025 04:22:15,5.12,104.016
6027,11/28/2025 04:32:15,5.11,103.994
6028,11/28/2025 04:42:15,5.09,104.002
6029,11/28/2025 04:52:15,5.08,103.997
6030,11/28/2025 05:02:15,5.06,103.992
6031,11/28/2025 05:12:15,5.04,103.992
6032,11/28/2025 05:22:15,5.03,103.987
6033,11/28/2025 05:32:15,5.01,103.977
6034,11/28/2025 05:42:15,5.00,103.968
6035,11/28/2025 05:52:15,4.99,103.972
6036,11/28/2025 06:02:15,4.98,103.981
6037,11/28/2025 06:12:15,4.97,103.976
6038,11/28/2025 06:22:15,4.96,103.971
6039,11/28/2025 06:32:15,4.94,103.984
6040,11/28/2025 06:42:15,4.92,103.983
6041,11/28/2025 06:52:15,4.91,103.965
6042,11/28/2025 07:02:15,4.89,103.973
6043,11/28/2025 07:12:15,4.87,103.977
6044,11/28/2025 07:22:15,4.86,103.963
6045,11/28/2025 07:32:15,4.84,103.976
6046,11/28/2025 07:42:15,4.82,103.971
6047,11/28/2025 07:52:15,4.80,103.979
6048,11/28/2025 08:02:15,4.79,103.974
6049,11/28/2025 08:12:15,4.77,103.965
6050,11/28/2025 08:22:15,4.76,103.947
6051,11/28/2025 08:32:15,4.75,103.964
6052,11/28/2025 08:42:15,4.73,103.959
6053,11/28/2025 08:52:15,4.72,103.967
6054,11/28/2025 09:02:15,4.72,103.954
6055,11/28/2025 09:12:15,4.71,103.958
6056,11/28/2025 09:22:15,4.71,103.967
6057,11/28/2025 09:32:15,4.72,103.972
6058,11/28/2025 09:42:15,4.73,103.985
6059,11/28/2025 09:52:15,4.74,103.981
6060,11/28/2025 10:02:15,4.75,103.981
6061,11/28/2025 10:12:15,4.76,103.995
6062,11/28/2025 10:22:15,4.78,103.996
6063,11/28/2025 10:32:15,4.81,103.983
6064,11/28/2025 10:42:15,4.83,103.997
6065,11/28/2025 10:52:15,4.85,103.981
6066,11/28/2025 11:02:15,4.87,103.973
6067,11/28/2025 11:12:15,4.90,103.956
6068,11/28/2025 11:22:15,4.92,103.961
6069,11/28/2025 11:32:15,4.94,103.957
6070,11/28/2025 11:42:15,4.96,103.984
6071,11/28/2025 11:52:15,4.98,103.976
6072,11/28/2025 12:02:15,5.00,103.968
6073,11/28/2025 12:12:15,5.03,104.334
6074,11/28/2025 12:22:15,5.06,104.326
6075,11/28/2025 12:32:15,5.08,104.327
6076,11/28/2025 12:42:15,5.09,104.323
6077,11/28/2025 12:52:15,5.11,104.319
6078,11/28/2025 13:02:15,5.12,104.337
6079,11/28/2025 13:12:15,5.13,104.347
6080,11/28/2025 13:22:15,5.14,104.369
6081,11/28/2025 13:32:15,5.16,104.356
6082,11/28/2025 13:42:15,5.18,104.326
6083,11/28/2025 13:52:15,5.19,104.322
6084,11/28/2025 14:02:15,5.20,104.344
6085,11/28/2025 14:12:15,5.20,104.367
6086,11/28/2025 14:22:15,5.21,104.380
6087,11/28/2025 14:32:15,5.22,104.394
6088,11/28/2025 14:42:15,5.23,104.420
6089,11/28/2025 14:52:15,5.24,104.465
6090,11/28/2025 15:02:15,5.24,104.473
6091,11/28/2025 15:12:15,5.24,104.522
6092,11/28/2025 15:22:15,5.25,104.527
6093,11/28/2025 15:32:15,5.25,104.540
6094,11/28/2025 15:42:15,5.24,104.566
6095,11/28/2025 15:52:15,5.24,104.561
6096,11/28/2025 16:02:15,5.23,104.561
6097,11/28/2025 16:12:15,5.23,104.601
6098,11/28/2025 16:22:15,5.22,104.605
6099,11/28/2025 16:32:15,5.21,104.631
6100,11/28/2025 16:42:15,5.20,104.622
6101,11/28/2025 16:52:15,5.19,104.648
6102,11/28/2025 17:02:15,5.18,104.661
6103,11/28/2025 17:12:15,5.18,104.709
6104,11/28/2025 17:22:15,5.17,104.713
6105,11/28/2025 17:32:15,5.16,104.739
6106,11/28/2025 17:42:15,5.16,104.743
6107,11/28/2025 17:52:15,5.16,104.748
6108,11/28/2025 18:02:15,5.16,104.770
6109,11/28/2025 18:12:15,5.16,104.778
6110,11/28/2025 18:22:15,5.15,104.770
6111,11/28/2025 18:32:15,5.15,104.783
6112,11/28/2025 18:42:15,5.14,104.782
6113,11/28/2025 18:52:15,5.14,104.791
6114,11/28/2025 19:02:15,5.14,104.796
6115,11/28/2025 19:12:15,5.14,104.831
6116,11/28/2025 19:22:15,5.14,104.826
6117,11/28/2025 19:32:15,5.14,104.844
6118,11/28/2025 19:42:15,5.14,104.844
6119,11/28/2025 19:52:15,5.14,104.839
6120,11/28/2025 20:02:15,5.13,104.848
6121,11/28/2025 20:12:15,5.13,104.852
6122,11/28/2025 20:22:15,5.12,104.865
6123,11/28/2025 20:32:15,5.12,104.892
6124,11/28/2025 20:42:15,5.11,104.896
6125,11/28/2025 20:52:15,5.10,104.909
6126,11/28/2025 21:02:15,5.09,104.930
6127,11/28/2025 21:12:15,5.09,104.930
6128,11/28/2025 21:22:15,5.08,104.943
6129,11/28/2025 21:32:15,5.06,104.960
6130,11/28/2025 21:42:15,5.05,104.960
6131,11/28/2025 21:52:15,5.04,104.981
6132,11/28/2025 22:02:15,5.03,104.998
6133,11/28/2025 22:12:15,5.01,104.984
6134,11/28/2025 22:22:15,4.99,105.006
6135,11/28/2025 22:32:15,4.98,105.027
6136,11/28/2025 22:42:15,4.96,105.035
6137,11/28/2025 22:52:15,4.94,105.079
6138,11/28/2025 23:02:15,4.91,105.113
6139,11/28/2025 23:12:15,4.89,105.139
6140,11/28/2025 23:22:15,4.87,105.125
6141,11/28/2025 23:32:15,4.85,105.133
6142,11/28/2025 23:42:15,4.82,105.149
6143,11/28/2025 23:52:15,4.80,105.131
6144,11/29/2025 00:02:15,4.77,105.134
6145,11/29/2025 00:12:15,4.75,105.151
6146,11/29/2025 00:22:15,4.72,105.163
6147,11/29/2025 00:32:15,4.70,105.184
6148,11/29/2025 00:42:15,4.67,105.210
6149,11/29/2025 00:52:15,4.64,105.235
6150,11/29/2025 01:02:15,4.62,105.261
6151,11/29/2025 01:12:15,4.60,105.273
6152,11/29/2025 01:22:15,4.58,105.321
6153,11/29/2025 01:32:15,4.55,105.338
6154,11/29/2025 01:42:15,4.53,105.359
6155,11/29/2025 01:52:15,4.51,105.389
6156,11/29/2025 02:02:15,4.49,105.410
6157,11/29/2025 02:12:15,4.47,105.401
6158,11/29/2025 02:22:15,4.45,105.413
6159,11/29/2025 02:32:15,4.42,105.425
6160,11/29/2025 02:42:15,4.40,105.429
6161,11/29/2025 02:52:15,4.38,105.433
6162,11/29/2025 03:02:15,4.36,105.463
6163,11/29/2025 03:12:15,4.34,105.462
6164,11/29/2025 03:22:15,4.32,105.474
6165,11/29/2025 03:32:15,4.30,105.500
6166,11/29/2025 03:42:15,4.28,105.517
6167,11/29/2025 03:52:15,4.25,105.525
6168,11/29/2025 04:02:15,4.23,105.564
6169,11/29/2025 04:12:15,4.21,105.572
6170,11/29/2025 04:22:15,4.19,105.584
6171,11/29/2025 04:32:15,4.17,105.619
6172,11/29/2025 04:42:15,4.14,105.627
6173,11/29/2025 04:52:15,4.12,105.626
6174,11/29/2025 05:02:15,4.10,105.634
6175,11/29/2025 05:12:15,4.08,105.664
6176,11/29/2025 05:22:15,4.06,105.681
6177,11/29/2025 05:32:15,4.04,105.711
6178,11/29/2025 05:42:15,4.01,105.718
6179,11/29/2025 05:52:15,3.99,105.757
6180,11/29/2025 06:02:15,3.96,105.778
6181,11/29/2025 06:12:15,3.94,105.786
6182,11/29/2025 06:22:15,3.91,105.794
6183,11/29/2025 06:32:15,3.89,105.784
6184,11/29/2025 06:42:15,3.86,105.814
6185,11/29/2025 06:52:15,3.84,105.835
6186,11/29/2025 07:02:15,3.81,105.843
6187,11/29/2025 07:12:15,3.78,105.855
6188,11/29/2025 07:22:15,3.76,105.837
6189,11/29/2025 07:32:15,3.74,105.863
6190,11/29/2025 07:42:15,3.71,105.862
6191,11/29/2025 07:52:15,3.69,105.918
6192,11/29/2025 08:02:15,3.67,105.931
6193,11/29/2025 08:12:15,3.66,105.926
6194,11/29/2025 08:22:15,3.65,105.925
6195,11/29/2025 08:32:15,3.64,105.951
6196,11/29/2025 08:42:15,3.63,105.951
6197,11/29/2025 08:52:15,3.63,105.968
6198,11/29/2025 09:02:15,3.62,106.012
6199,11/29/2025 09:12:15,3.62,106.017
6200,11/29/2025 09:22:15,3.62,106.025
6201,11/29/2025 09:32:15,3.63,106.056
6202,11/29/2025 09:42:15,3.63,106.057
6203,11/29/2025 09:52:15,3.64,106.079
6204,11/29/2025 10:02:15,3.66,106.066
6205,11/29/2025 10:12:15,3.68,106.080
6206,11/29/2025 10:22:15,3.70,106.094
6207,11/29/2025 10:32:15,3.73,106.091
6208,11/29/2025 10:42:15,3.76,106.096
6209,11/29/2025 10:52:15,3.79,106.106
6210,11/29/2025 11:02:15,3.82,106.089
6211,11/29/2025 11:12:15,3.84,106.095
6212,11/29/2025 11:22:15,3.87,106.109
6213,11/29/2025 11:32:15,3.90,106.110
6214,11/29/2025 11:42:15,3.94,106.094
6215,11/29/2025 11:52:15,3.98,106.108
6216,11/29/2025 12:02:15,4.02,106.127
6217,11/29/2025 12:12:15,4.05,106.120
6218,11/29/2025 12:22:15,4.09,106.117
6219,11/29/2025 12:32:15,4.11,106.122
6220,11/29/2025 12:42:15,4.13,106.131
6221,11/29/2025 12:52:15,4.14,106.167
6222,11/29/2025 13:02:15,4.15,106.176
6223,11/29/2025 13:12:15,4.15,106.172
6224,11/29/2025 13:22:15,4.16,106.163
6225,11/29/2025 13:32:15,4.16,106.176
6226,11/29/2025 13:42:15,4.16,106.176
6227,11/29/2025 13:52:15,4.15,106.181
6228,11/29/2025 14:02:15,4.15,106.198
6229,11/29/2025 14:12:15,4.15,106.211
6230,11/29/2025 14:22:15,4.14,106.220
6231,11/29/2025 14:32:15,4.14,106.233
6232,11/29/2025 14:42:15,4.14,106.228
6233,11/29/2025 14:52:15,4.14,106.250
6234,11/29/2025 15:02:15,4.13,106.268
6235,11/29/2025 15:12:15,4.12,106.276
6236,11/29/2025 15:22:15,4.12,106.298
6237,11/29/2025 15:32:15,4.11,106.311
6238,11/29/2025 15:42:15,4.11,106.324
6239,11/29/2025 15:52:15,4.11,106.328
6240,11/29/2025 16:02:15,4.10,106.337
6241,11/29/2025 16:12:15,4.10,106.333
6242,11/29/2025 16:22:15,4.10,106.341
6243,11/29/2025 16:32:15,4.09,106.359
6244,11/29/2025 16:42:15,4.08,106.371
6245,11/29/2025 16:52:15,4.08,106.389
6246,11/29/2025 17:02:15,4.07,106.393
6247,11/29/2025 17:12:15,4.07,106.419
6248,11/29/2025 17:22:15,4.06,106.415
6249,11/29/2025 17:32:15,4.06,106.436
6250,11/29/2025 17:42:15,4.05,106.454
6251,11/29/2025 17:52:15,4.05,106.476
6252,11/29/2025 18:02:15,4.04,106.511
6253,11/29/2025 18:12:15,4.04,106.510
6254,11/29/2025 18:22:15,4.03,106.537
6255,11/29/2025 18:32:15,4.02,106.519
6256,11/29/2025 18:42:15,4.02,106.536
6257,11/29/2025 18:52:15,4.01,106.558
6258,11/29/2025 19:02:15,4.00,106.558
6259,11/29/2025 19:12:15,4.00,106.557
6260,11/29/2025 19:22:15,3.99,106.584
6261,11/29/2025 19:32:15,3.98,106.570
6262,11/29/2025 19:42:15,3.98,106.552
6263,11/29/2025 19:52:15,3.97,106.543
6264,11/29/2025 20:02:15,3.96,106.534
6265,11/29/2025 20:12:15,3.95,106.542
6266,11/29/2025 20:22:15,3.94,106.555
6267,11/29/2025 20:32:15,3.93,106.581
6268,11/29/2025 20:42:15,3.92,106.577
6269,11/29/2025 20:52:15,3.91,106.545
6270,11/29/2025 21:02:15,3.90,106.523
6271,11/29/2025 21:12:15,3.89,106.523
6272,11/29/2025 21:22:15,3.88,106.553
6273,11/29/2025 21:32:15,3.87,106.544
6274,11/29/2025 21:42:15,3.87,106.557
6275,11/29/2025 21:52:15,3.86,106.552
6276,11/29/2025 22:02:15,3.85,106.556
6277,11/29/2025 22:12:15,3.85,106.574
6278,11/29/2025 22:22:15,3.84,106.552
6279,11/29/2025 22:32:15,3.83,106.565
6280,11/29/2025 22:42:15,3.83,106.564
6281,11/29/2025 22:52:15,3.82,106.568
6282,11/29/2025 23:02:15,3.81,106.555
6283,11/29/2025 23:12:15,3.81,106.533
6284,11/29/2025 23:22:15,3.81,106.555
6285,11/29/2025 23:32:15,3.81,106.550
6286,11/29/2025 23:42:15,3.80,106.493
6287,11/29/2025 23:52:15,3.80,106.515
6288,11/30/2025 00:02:15,3.79,106.488
6289,11/30/2025 00:12:15,3.78,106.501
6290,11/30/2025 00:22:15,3.77,106.505
6291,11/30/2025 00:32:15,3.77,106.461
6292,11/30/2025 00:42:15,3.76,106.500
6293,11/30/2025 00:52:15,3.75,106.491
6294,11/30/2025 01:02:15,3.74,106.487
6295,11/30/2025 01:12:15,3.73,106.447
6296,11/30/2025 01:22:15,3.72,106.459
6297,11/30/2025 01:32:15,3.71,106.463
6298,11/30/2025 01:42:15,3.70,106.463
6299,11/30/2025 01:52:15,3.68,106.467
6300,11/30/2025 02:02:15,3.67,106.471
6301,11/30/2025 02:12:15,3.66,106.462
6302,11/30/2025 02:22:15,3.65,106.435
6303,11/30/2025 02:32:15,3.63,106.456
6304,11/30/2025 02:42:15,3.62,106.473
6305,11/30/2025 02:52:15,3.60,106.447
6306,11/30/2025 03:02:15,3.59,106.424
6307,11/30/2025 03:12:15,3.58,106.428
6308,11/30/2025 03:22:15,3.57,106.441
6309,11/30/2025 03:32:15,3.56,106.432
6310,11/30/2025 03:42:15,3.55,106.396
6311,11/30/2025 03:52:15,3.53,106.404
6312,11/30/2025 04:02:15,3.52,106.404
6313,11/30/2025 04:12:15,3.51,106.386
6314,11/30/2025 04:22:15,3.50,106.377
6315,11/30/2025 04:32:15,3.49,106.412
6316,11/30/2025 04:42:15,3.49,106.390
6317,11/30/2025 04:52:15,3.48,106.363
6318,11/30/2025 05:02:15,3.47,106.323
6319,11/30/2025 05:12:15,3.46,106.283
6320,11/30/2025 05:22:15,3.46,106.235
6321,11/30/2025 05:32:15,3.45,106.226
6322,11/30/2025 05:42:15,3.45,106.239
6323,11/30/2025 05:52:15,3.44,106.190
6324,11/30/2025 06:02:15,3.44,106.168
6325,11/30/2025 06:12:15,3.44,106.173
6326,11/30/2025 06:22:15,3.44,106.159
6327,11/30/2025 06:32:15,3.43,106.155
6328,11/30/2025 06:42:15,3.43,106.155
6329,11/30/2025 06:52:15,3.43,106.133
6330,11/30/2025 07:02:15,3.42,106.076
6331,11/30/2025 07:12:15,3.42,106.075
6332,11/30/2025 07:22:15,3.42,106.071
6333,11/30/2025 07:32:15,3.42,106.071
6334,11/30/2025 07:42:15,3.42,106.080
6335,11/30/2025 07:52:15,3.42,106.080
6336,11/30/2025 08:02:15,3.42,106.058
6337,11/30/2025 08:12:15,3.42,106.053
6338,11/30/2025 08:22:15,3.42,106.014
6339,11/30/2025 08:32:15,3.42,105.992
6340,11/30/2025 08:42:15,3.42,105.961
6341,11/30/2025 08:52:15,3.43,105.948
6342,11/30/2025 09:02:15,3.43,105.922
6343,11/30/2025 09:12:15,3.43,105.926
6344,11/30/2025 09:22:15,3.44,105.931
6345,11/30/2025 09:32:15,3.44,105.913
6346,11/30/2025 09:42:15,3.44,105.861
6347,11/30/2025 09:52:15,3.45,105.879
6348,11/30/2025 10:02:15,3.45,105.839
6349,11/30/2025 10:12:15,3.46,105.822
6350,11/30/2025 10:22:15,3.47,105.770
6351,11/30/2025 10:32:15,3.48,105.739
6352,11/30/2025 10:42:15,3.50,105.713
6353,11/30/2025 10:52:15,3.51,105.683
6354,11/30/2025 11:02:15,3.53,105.635
6355,11/30/2025 11:12:15,3.54,105.618
6356,11/30/2025 11:22:15,3.56,105.597
6357,11/30/2025 11:32:15,3.58,105.558
6358,11/30/2025 11:42:15,3.59,105.554
6359,11/30/2025 11:52:15,3.61,105.520
6360,11/30/2025 12:02:15,3.63,105.494
6361,11/30/2025 12:12:15,3.65,105.442
6362,11/30/2025 12:22:15,3.66,105.420
6363,11/30/2025 12:32:15,3.68,105.395
6364,11/30/2025 12:42:15,3.69,105.365
6365,11/30/2025 12:52:15,3.71,105.330
6366,11/30/2025 13:02:15,3.72,105.330
6367,11/30/2025 13:12:15,3.74,105.309
6368,11/30/2025 13:22:15,3.75,105.274
6369,11/30/2025 13:32:15,3.76,105.248
6370,11/30/2025 13:42:15,3.77,105.227
6371,11/30/2025 13:52:15,3.78,105.214
6372,11/30/2025 14:02:15,3.79,105.219
6373,11/30/2025 14:12:15,3.80,105.175
6374,11/30/2025 14:22:15,3.81,105.184
6375,11/30/2025 14:32:15,3.82,105.167
6376,11/30/2025 14:42:15,3.83,105.154
6377,11/30/2025 14:52:15,3.85,105.146
6378,11/30/2025 15:02:15,3.86,105.120
6379,11/30/2025 15:12:15,3.87,105.094
6380,11/30/2025 15:22:15,3.88,105.099
6381,11/30/2025 15:32:15,3.90,105.073
6382,11/30/2025 15:42:15,3.92,105.091
6383,11/30/2025 15:52:15,3.94,105.057
6384,11/30/2025 16:02:15,3.96,105.062
6385,11/30/2025 16:12:15,3.98,105.062
6386,11/30/2025 16:22:15,4.00,105.059
6387,11/30/2025 16:32:15,4.02,105.086
6388,11/30/2025 16:42:15,4.07,105.079
6389,11/30/2025 16:52:15,4.13,105.103
6390,11/30/2025 17:02:15,4.16,105.135
6391,11/30/2025 17:12:15,4.19,105.127
6392,11/30/2025 17:22:15,4.23,105.124
6393,11/30/2025 17:32:15,4.31,105.118
6394,11/30/2025 17:42:15,4.40,105.117
6395,11/30/2025 17:52:15,4.48,105.106
6396,11/30/2025 18:02:15,4.53,105.082
6397,11/30/2025 18:12:15,4.57,105.092
6398,11/30/2025 18:22:15,4.59,105.080
6399,11/30/2025 18:32:15,4.60,105.075
6400,11/30/2025 18:42:15,4.60,105.036
6401,11/30/2025 18:52:15,4.59,104.996
6402,11/30/2025 19:02:15,4.60,104.992
6403,11/30/2025 19:12:15,4.60,104.996
6404,11/30/2025 19:22:15,4.60,104.988
6405,11/30/2025 19:32:15,4.60,104.997
6406,11/30/2025 19:42:15,4.60,104.966
6407,11/30/2025 19:52:15,4.59,104.970
6408,11/30/2025 20:02:15,4.58,104.961
6409,11/30/2025 20:12:15,4.57,104.951
6410,11/30/2025 20:22:15,4.56,104.960
6411,11/30/2025 20:32:15,4.55,104.973
6412,11/30/2025 20:42:15,4.55,104.942
6413,11/30/2025 20:52:15,4.54,104.937
6414,11/30/2025 21:02:15,4.54,104.915
6415,11/30/2025 21:12:15,4.53,104.902
6416,11/30/2025 21:22:15,4.53,104.897
6417,11/30/2025 21:32:15,4.52,104.884
6418,11/30/2025 21:42:15,4.52,104.875
6419,11/30/2025 21:52:15,4.51,104.857
6420,11/30/2025 22:02:15,4.51,104.870
6421,11/30/2025 22:12:15,4.50,104.883
6422,11/30/2025 22:22:15,4.50,104.896
6423,11/30/2025 22:32:15,4.49,104.887
6424,11/30/2025 22:42:15,4.49,104.896
6425,11/30/2025 22:52:15,4.48,104.896
6426,11/30/2025 23:02:15,4.48,104.891
6427,11/30/2025 23:12:15,4.48,104.891
6428,11/30/2025 23:22:15,4.47,104.895
6429,11/30/2025 23:32:15,4.46,104.903
6430,11/30/2025 23:42:15,4.45,104.912
6431,11/30/2025 23:52:15,4.44,104.942
6432,12/01/2025 00:02:15,4.42,104.946
6433,12/01/2025 00:12:15,4.42,104.920
6434,12/01/2025 00:22:15,4.41,104.928
6435,12/01/2025 00:32:15,4.40,104.928
6436,12/01/2025 00:42:15,4.39,104.928
6437,12/01/2025 00:52:15,4.39,104.971
6438,12/01/2025 01:02:15,4.38,104.971
6439,12/01/2025 01:12:15,4.38,104.998
6440,12/01/2025 01:22:15,4.38,105.002
6441,12/01/2025 01:32:15,4.38,105.028
6442,12/01/2025 01:42:15,4.39,105.020
6443,12/01/2025 01:52:15,4.39,105.042
6444,12/01/2025 02:02:15,4.39,105.042
6445,12/01/2025 02:12:15,4.39,105.068
6446,12/01/2025 02:22:15,4.39,105.068
6447,12/01/2025 02:32:15,4.39,105.064
6448,12/01/2025 02:42:15,4.39,105.090
6449,12/01/2025 02:52:15,4.39,105.103
6450,12/01/2025 03:02:15,4.38,105.125
6451,12/01/2025 03:12:15,4.38,105.125
6452,12/01/2025 03:22:15,4.38,105.129
6453,12/01/2025 03:32:15,4.37,105.133
6454,12/01/2025 03:42:15,4.36,105.142
6455,12/01/2025 03:52:15,4.35,105.146
6456,12/01/2025 04:02:15,4.34,105.159
6457,12/01/2025 04:12:15,4.33,105.171
6458,12/01/2025 04:22:15,4.31,105.167
6459,12/01/2025 04:32:15,4.30,105.188
6460,12/01/2025 04:42:15,4.29,105.197
6461,12/01/2025 04:52:15,4.28,105.218
6462,12/01/2025 05:02:15,4.27,105.235
6463,12/01/2025 05:12:15,4.26,105.257
6464,12/01/2025 05:22:15,4.25,105.274
6465,12/01/2025 05:32:15,4.24,105.287
6466,12/01/2025 05:42:15,4.23,105.326
6467,12/01/2025 05:52:15,4.22,105.339
6468,12/01/2025 06:02:15,4.21,105.361
6469,12/01/2025 06:12:15,4.20,105.373
6470,12/01/2025 06:22:15,4.18,105.377
6471,12/01/2025 06:32:15,4.17,105.416
6472,12/01/2025 06:42:15,4.15,105.429
6473,12/01/2025 06:52:15,4.14,105.455
6474,12/01/2025 07:02:15,4.12,105.481
6475,12/01/2025 07:12:15,4.11,105.502
6476,12/01/2025 07:22:15,4.10,105.520
6477,12/01/2025 07:32:15,4.10,105.550
6478,12/01/2025 07:42:15,4.09,105.563
6479,12/01/2025 07:52:15,4.08,105.585
6480,12/01/2025 08:02:15,4.07,105.589
6481,12/01/2025 08:12:15,4.07,105.628
6482,12/01/2025 08:22:15,4.07,105.642
6483,12/01/2025 08:32:15,4.07,105.637
6484,12/01/2025 08:42:15,4.07,105.672
6485,12/01/2025 08:52:15,4.07,105.677
6486,12/01/2025 09:02:15,4.08,105.708
6487,12/01/2025 09:12:15,4.09,105.717
6488,12/01/2025 09:22:15,4.11,105.735
6489,12/01/2025 09:32:15,4.12,105.757
6490,12/01/2025 09:42:15,4.13,105.780
6491,12/01/2025 09:52:15,4.14,105.802
6492,12/01/2025 10:02:15,4.16,105.807
6493,12/01/2025 10:12:15,4.18,105.790
6494,12/01/2025 10:22:15,4.20,105.800
6495,12/01/2025 10:32:15,4.22,105.805
6496,12/01/2025 10:42:15,4.25,105.802
6497,12/01/2025 10:52:15,4.27,105.794
6498,12/01/2025 11:02:15,4.29,105.772
6499,12/01/2025 11:12:15,4.32,105.795
6500,12/01/2025 11:22:15,4.34,105.770
6501,12/01/2025 11:32:15,4.37,105.771
6502,12/01/2025 11:42:15,4.41,105.746
6503,12/01/2025 11:52:15,4.44,105.756
6504,12/01/2025 12:02:15,4.47,105.757
6505,12/01/2025 12:12:15,4.50,105.732
6506,12/01/2025 12:22:15,4.54,105.737
6507,12/01/2025 12:32:15,4.57,105.743
6508,12/01/2025 12:42:15,4.59,105.721
6509,12/01/2025 12:52:15,4.61,105.744
6510,12/01/2025 13:02:15,4.62,105.705
6511,12/01/2025 13:12:15,4.63,105.710
6512,12/01/2025 13:22:15,4.64,105.714
6513,12/01/2025 13:32:15,4.64,105.714
6514,12/01/2025 13:42:15,4.63,105.710
6515,12/01/2025 13:52:15,4.62,105.723
6516,12/01/2025 14:02:15,4.61,105.709
6517,12/01/2025 14:12:15,4.60,105.726
6518,12/01/2025 14:22:15,4.59,105.726
6519,12/01/2025 14:32:15,4.57,105.743
6520,12/01/2025 14:42:15,4.56,105.720
6521,12/01/2025 14:52:15,4.54,105.733
6522,12/01/2025 15:02:15,4.53,105.777
6523,12/01/2025 15:12:15,4.52,105.763
6524,12/01/2025 15:22:15,4.50,105.789
6525,12/01/2025 15:32:15,4.49,105.810
6526,12/01/2025 15:42:15,4.47,105.836
6527,12/01/2025 15:52:15,4.46,105.844
6528,12/01/2025 16:02:15,4.44,105.861
6529,12/01/2025 16:12:15,4.43,105.865
6530,12/01/2025 16:22:15,4.41,105.860
6531,12/01/2025 16:32:15,4.39,105.895
6532,12/01/2025 16:42:15,4.38,105.903
6533,12/01/2025 16:52:15,4.36,105.915
6534,12/01/2025 17:02:15,4.34,105.932
6535,12/01/2025 17:12:15,4.32,105.949
6536,12/01/2025 17:22:15,4.30,105.931
6537,12/01/2025 17:32:15,4.29,105.939
6538,12/01/2025 17:42:15,4.27,105.917
6539,12/01/2025 17:52:15,4.26,105.965
6540,12/01/2025 18:02:15,4.24,105.990
6541,12/01/2025 18:12:15,4.22,105.972
6542,12/01/2025 18:22:15,4.21,105.989
6543,12/01/2025 18:32:15,4.19,105.980
6544,12/01/2025 18:42:15,4.18,105.971
6545,12/01/2025 18:52:15,4.16,105.974
6546,12/01/2025 19:02:15,4.14,105.956
6547,12/01/2025 19:12:15,4.13,105.947
6548,12/01/2025 19:22:15,4.11,105.986
6549,12/01/2025 19:32:15,4.10,105.968
6550,12/01/2025 19:42:15,4.08,105.954
6551,12/01/2025 19:52:15,4.07,105.940
6552,12/01/2025 20:02:15,4.05,105.905
6553,12/01/2025 20:12:15,4.04,105.904
6554,12/01/2025 20:22:15,4.02,105.921
6555,12/01/2025 20:32:15,4.00,105.942
6556,12/01/2025 20:42:15,3.98,105.924
6557,12/01/2025 20:52:15,3.96,105.901
6558,12/01/2025 21:02:15,3.94,105.927
6559,12/01/2025 21:12:15,3.92,105.895
6560,12/01/2025 21:22:15,3.90,105.881
6561,12/01/2025 21:32:15,3.87,105.876
6562,12/01/2025 21:42:15,3.85,105.871
6563,12/01/2025 21:52:15,3.82,105.865
6564,12/01/2025 22:02:15,3.79,105.847
6565,12/01/2025 22:12:15,3.77,105.864
6566,12/01/2025 22:22:15,3.74,105.863
6567,12/01/2025 22:32:15,3.71,105.840
6568,12/01/2025 22:42:15,3.69,105.817
6569,12/01/2025 22:52:15,3.66,105.833
6570,12/01/2025 23:02:15,3.63,105.824
6571,12/01/2025 23:12:15,3.60,105.818
6572,12/01/2025 23:22:15,3.57,105.808
6573,12/01/2025 23:32:15,3.54,105.790
6574,12/01/2025 23:42:15,3.51,105.793
6575,12/01/2025 23:52:15,3.47,105.792
6576,12/02/2025 00:02:15,3.44,105.799
6577,12/02/2025 00:12:15,3.41,105.798
6578,12/02/2025 00:22:15,3.38,105.806
6579,12/02/2025 00:32:15,3.35,105.805
6580,12/02/2025 00:42:15,3.32,105.799
6581,12/02/2025 00:52:15,3.29,105.798
6582,12/02/2025 01:02:15,3.26,105.784
6583,12/02/2025 01:12:15,3.24,105.796
6584,12/02/2025 01:22:15,3.21,105.791
6585,12/02/2025 01:32:15,3.18,105.746
6586,12/02/2025 01:42:15,3.16,105.776
6587,12/02/2025 01:52:15,3.14,105.745
6588,12/02/2025 02:02:15,3.12,105.700
6589,12/02/2025 02:12:15,3.10,105.690
6590,12/02/2025 02:22:15,3.07,105.672
6591,12/02/2025 02:32:15,3.05,105.632
6592,12/02/2025 02:42:15,3.03,105.618
6593,12/02/2025 02:52:15,3.02,105.617
6594,12/02/2025 03:02:15,3.00,105.599
6595,12/02/2025 03:12:15,2.98,105.559
6596,12/02/2025 03:22:15,2.97,105.545
6597,12/02/2025 03:32:15,2.95,105.540
6598,12/02/2025 03:42:15,2.94,105.549
6599,12/02/2025 03:52:15,2.92,105.517
6600,12/02/2025 04:02:15,2.91,105.521
6601,12/02/2025 04:12:15,2.89,105.534
6602,12/02/2025 04:22:15,2.88,105.503
6603,12/02/2025 04:32:15,2.86,105.463
6604,12/02/2025 04:42:15,2.85,105.414
6605,12/02/2025 04:52:15,2.84,105.391
6606,12/02/2025 05:02:15,2.82,105.391
6607,12/02/2025 05:12:15,2.81,105.364
6608,12/02/2025 05:22:15,2.79,105.372
6609,12/02/2025 05:32:15,2.78,105.354
6610,12/02/2025 05:42:15,2.76,105.345
6611,12/02/2025 05:52:15,2.75,105.340
6612,12/02/2025 06:02:15,2.74,105.353
6613,12/02/2025 06:12:15,2.73,105.361
6614,12/02/2025 06:22:15,2.72,105.334
6615,12/02/2025 06:32:15,2.71,105.308
6616,12/02/2025 06:42:15,2.70,105.294
6617,12/02/2025 06:52:15,2.69,105.311
6618,12/02/2025 07:02:15,2.67,105.302
6619,12/02/2025 07:12:15,2.66,105.297
6620,12/02/2025 07:22:15,2.65,105.266
6621,12/02/2025 07:32:15,2.64,105.239
6622,12/02/2025 07:42:15,2.63,105.191
6623,12/02/2025 07:52:15,2.62,105.164
6624,12/02/2025 08:02:15,2.62,105.120
6625,12/02/2025 08:12:15,2.61,105.072
6626,12/02/2025 08:22:15,2.61,105.050
6627,12/02/2025 08:32:15,2.61,105.041
6628,12/02/2025 08:42:15,2.60,105.067
6629,12/02/2025 08:52:15,2.60,105.049
6630,12/02/2025 09:02:15,2.59,105.049
6631,12/02/2025 09:12:15,2.59,105.014
6632,12/02/2025 09:22:15,2.59,104.974
6633,12/02/2025 09:32:15,2.58,104.983
6634,12/02/2025 09:42:15,2.58,104.983
6635,12/02/2025 09:52:15,2.58,104.965
6636,12/02/2025 10:02:15,2.57,104.973
6637,12/02/2025 10:12:15,2.55,104.942
6638,12/02/2025 10:22:15,2.51,104.967
6639,12/02/2025 10:32:15,2.48,104.966
6640,12/02/2025 10:42:15,2.44,104.973
6641,12/02/2025 10:52:15,2.40,104.941
6642,12/02/2025 11:02:15,2.36,104.935
6643,12/02/2025 11:12:15,2.30,104.929
6644,12/02/2025 11:22:15,2.23,104.887
6645,12/02/2025 11:32:15,2.15,104.875
6646,12/02/2025 11:42:15,2.08,104.864
6647,12/02/2025 11:52:15,2.00,104.857
6648,12/02/2025 12:02:15,1.92,104.849
6649,12/02/2025 12:12:15,1.84,104.807
6650,12/02/2025 12:22:15,1.77,104.739
6651,12/02/2025 12:32:15,1.70,104.706
6652,12/02/2025 12:42:15,1.64,104.712
6653,12/02/2025 12:52:15,1.58,104.662
6654,12/02/2025 13:02:15,1.53,104.625
6655,12/02/2025 13:12:15,1.49,104.602
6656,12/02/2025 13:22:15,1.44,104.569
6657,12/02/2025 13:32:15,1.39,104.563
6658,12/02/2025 13:42:15,1.35,104.544
6659,12/02/2025 13:52:15,1.30,104.529
6660,12/02/2025 14:02:15,1.27,104.546
6661,12/02/2025 14:12:15,1.24,104.509
6662,12/02/2025 14:22:15,1.21,104.486
6663,12/02/2025 14:32:15,1.17,104.433
6664,12/02/2025 14:42:15,1.14,104.405
6665,12/02/2025 14:52:15,1.10,104.421
6666,12/02/2025 15:02:15,1.07,104.381
6667,12/02/2025 15:12:15,1.05,104.371
6668,12/02/2025 15:22:15,1.02,104.335
6669,12/02/2025 15:32:15,0.99,104.325
6670,12/02/2025 15:42:15,0.96,104.316
6671,12/02/2025 15:52:15,0.92,104.305
6672,12/02/2025 16:02:15,0.88,104.264
6673,12/02/2025 16:12:15,0.83,104.245
6674,12/02/2025 16:22:15,0.78,104.230
6675,12/02/2025 16:32:15,0.73,104.215
6676,12/02/2025 16:42:15,0.67,104.182
6677,12/02/2025 16:52:15,0.62,104.154
6678,12/02/2025 17:02:15,0.57,104.175
6679,12/02/2025 17:12:15,0.53,104.151
6680,12/02/2025 17:22:15,0.50,104.115
6681,12/02/2025 17:32:15,0.47,104.101
6682,12/02/2025 17:42:15,0.45,104.078
6683,12/02/2025 17:52:15,0.45,104.034
6684,12/02/2025 18:02:15,0.45,103.999
6685,12/02/2025 18:12:15,0.46,104.008
6686,12/02/2025 18:22:15,0.46,103.982
6687,12/02/2025 18:32:15,0.46,103.973
6688,12/02/2025 18:42:15,0.47,103.956
6689,12/02/2025 18:52:15,0.48,103.961
6690,12/02/2025 19:02:15,0.50,103.961
6691,12/02/2025 19:12:15,0.52,103.940
6692,12/02/2025 19:22:15,0.54,103.936
6693,12/02/2025 19:32:15,0.55,103.950
6694,12/02/2025 19:42:15,0.57,103.942
6695,12/02/2025 19:52:15,0.59,103.942
6696,12/02/2025 20:02:15,0.60,103.939
6697,12/02/2025 20:12:15,0.62,103.939
6698,12/02/2025 20:22:15,0.63,103.962
6699,12/02/2025 20:32:15,0.64,103.949
6700,12/02/2025 20:42:15,0.65,103.967
6701,12/02/2025 20:52:15,0.66,103.958
6702,12/02/2025 21:02:15,0.67,103.954
6703,12/02/2025 21:12:15,0.67,103.945
6704,12/02/2025 21:22:15,0.67,103.932
6705,12/02/2025 21:32:15,0.68,103.924
6706,12/02/2025 21:42:15,0.68,103.946
6707,12/02/2025 21:52:15,0.68,103.950
6708,12/02/2025 22:02:15,0.69,103.968
6709,12/02/2025 22:12:15,0.70,103.964
6710,12/02/2025 22:22:15,0.71,103.947
6711,12/02/2025 22:32:15,0.71,103.947
6712,12/02/2025 22:42:15,0.72,103.969
6713,12/02/2025 22:52:15,0.72,103.960
6714,12/02/2025 23:02:15,0.72,103.991
6715,12/02/2025 23:12:15,0.72,103.969
6716,12/02/2025 23:22:15,0.72,103.987
6717,12/02/2025 23:32:15,0.73,103.987
6718,12/02/2025 23:42:15,0.73,104.005
6719,12/02/2025 23:52:15,0.74,104.005
6720,12/03/2025 00:02:15,0.75,104.036
6721,12/03/2025 00:12:15,0.76,104.032
6722,12/03/2025 00:22:15,0.77,104.045
6723,12/03/2025 00:32:15,0.78,104.046
6724,12/03/2025 00:42:15,0.79,104.068
6725,12/03/2025 00:52:15,0.80,104.095
6726,12/03/2025 01:02:15,0.81,104.117
6727,12/03/2025 01:12:15,0.82,104.139
6728,12/03/2025 01:22:15,0.84,104.140
6729,12/03/2025 01:32:15,0.85,104.180
6730,12/03/2025 01:42:15,0.87,104.159
6731,12/03/2025 01:52:15,0.89,104.199
6732,12/03/2025 02:02:15,0.91,104.221
6733,12/03/2025 02:12:15,0.93,104.249
6734,12/03/2025 02:22:15,0.95,104.254
6735,12/03/2025 02:32:15,0.98,104.281
6736,12/03/2025 02:42:15,1.01,104.291
6737,12/03/2025 02:52:15,1.03,104.335
6738,12/03/2025 03:02:15,1.05,104.349
6739,12/03/2025 03:12:15,1.08,104.346
6740,12/03/2025 03:22:15,1.09,104.399
6741,12/03/2025 03:32:15,1.11,104.439
6742,12/03/2025 03:42:15,1.12,104.444
6743,12/03/2025 03:52:15,1.13,104.458
6744,12/03/2025 04:02:15,1.14,104.462
6745,12/03/2025 04:12:15,1.15,104.498
6746,12/03/2025 04:22:15,1.16,104.520
6747,12/03/2025 04:32:15,1.17,104.542
6748,12/03/2025 04:42:15,1.18,104.591
6749,12/03/2025 04:52:15,1.19,104.609
6750,12/03/2025 05:02:15,1.20,104.613
6751,12/03/2025 05:12:15,1.20,104.631
6752,12/03/2025 05:22:15,1.21,104.658
6753,12/03/2025 05:32:15,1.21,104.680
6754,12/03/2025 05:42:15,1.21,104.675
6755,12/03/2025 05:52:15,1.21,104.706
6756,12/03/2025 06:02:15,1.22,104.733
6757,12/03/2025 06:12:15,1.22,104.755
6758,12/03/2025 06:22:15,1.22,104.777
6759,12/03/2025 06:32:15,1.23,104.777
6760,12/03/2025 06:42:15,1.24,104.786
6761,12/03/2025 06:52:15,1.25,104.830
6762,12/03/2025 07:02:15,1.26,104.866
6763,12/03/2025 07:12:15,1.27,104.879
6764,12/03/2025 07:22:15,1.28,104.928
6765,12/03/2025 07:32:15,1.29,104.911
6766,12/03/2025 07:42:15,1.29,104.893
6767,12/03/2025 07:52:15,1.30,104.898
6768,12/03/2025 08:02:15,1.31,104.925
6769,12/03/2025 08:12:15,1.32,104.964
6770,12/03/2025 08:22:15,1.33,104.991
6771,12/03/2025 08:32:15,1.34,104.983
6772,12/03/2025 08:42:15,1.35,104.988
6773,12/03/2025 08:52:15,1.37,105.010
6774,12/03/2025 09:02:15,1.38,105.112
6775,12/03/2025 09:12:15,1.40,105.095
6776,12/03/2025 09:22:15,1.42,105.087
6777,12/03/2025 09:32:15,1.45,105.079
6778,12/03/2025 09:42:15,1.47,105.084
6779,12/03/2025 09:52:15,1.50,105.107
6780,12/03/2025 10:02:15,1.53,105.121
6781,12/03/2025 10:12:15,1.57,105.122
6782,12/03/2025 10:22:15,1.61,105.133
6783,12/03/2025 10:32:15,1.65,105.077
6784,12/03/2025 10:42:15,1.70,105.039
6785,12/03/2025 10:52:15,1.75,105.081
6786,12/03/2025 11:02:15,1.80,105.095
6787,12/03/2025 11:12:15,1.85,105.097
6788,12/03/2025 11:22:15,1.91,105.082
6789,12/03/2025 11:32:15,1.97,105.088
6790,12/03/2025 11:42:15,2.04,105.117
6791,12/03/2025 11:52:15,2.14,105.107
6792,12/03/2025 12:02:15,2.24,105.098
6793,12/03/2025 12:12:15,2.34,105.115
6794,12/03/2025 12:22:15,2.43,105.092
6795,12/03/2025 12:32:15,2.52,105.104
6796,12/03/2025 12:42:15,2.60,105.133
6797,12/03/2025 12:52:15,2.66,105.143
6798,12/03/2025 13:02:15,2.71,105.132
6799,12/03/2025 13:12:15,2.75,105.085
6800,12/03/2025 13:22:15,2.79,105.130
6801,12/03/2025 13:32:15,2.81,105.092
6802,12/03/2025 13:42:15,2.84,105.097
6803,12/03/2025 13:52:15,2.87,105.129
6804,12/03/2025 14:02:15,2.89,105.116
6805,12/03/2025 14:12:15,2.90,105.121
6806,12/03/2025 14:22:15,2.90,105.143
6807,12/03/2025 14:32:15,2.91,105.121
6808,12/03/2025 14:42:15,2.91,105.099
6809,12/03/2025 14:52:15,2.91,105.108
6810,12/03/2025 15:02:15,2.91,105.108
6811,12/03/2025 15:12:15,2.90,105.112
6812,12/03/2025 15:22:15,2.90,105.117
6813,12/03/2025 15:32:15,2.90,105.112
6814,12/03/2025 15:42:15,2.90,105.086
6815,12/03/2025 15:52:15,2.89,105.108
6816,12/03/2025 16:02:15,2.89,105.121
6817,12/03/2025 16:12:15,2.88,105.129
6818,12/03/2025 16:22:15,2.88,105.107
6819,12/03/2025 16:32:15,2.87,105.120
6820,12/03/2025 16:42:15,2.86,105.089
6821,12/03/2025 16:52:15,2.85,105.106
6822,12/03/2025 17:02:15,2.84,105.145
6823,12/03/2025 17:12:15,2.82,105.123
6824,12/03/2025 17:22:15,2.81,105.122
6825,12/03/2025 17:32:15,2.80,105.140
6826,12/03/2025 17:42:15,2.79,105.161
6827,12/03/2025 17:52:15,2.77,105.161
6828,12/03/2025 18:02:15,2.76,105.178
6829,12/03/2025 18:12:15,2.75,105.186
6830,12/03/2025 18:22:15,2.73,105.181
6831,12/03/2025 18:32:15,2.72,105.176
6832,12/03/2025 18:42:15,2.72,105.207
6833,12/03/2025 18:52:15,2.71,105.185
6834,12/03/2025 19:02:15,2.70,105.193
6835,12/03/2025 19:12:15,2.70,105.176
6836,12/03/2025 19:22:15,2.69,105.189
6837,12/03/2025 19:32:15,2.69,105.175
6838,12/03/2025 19:42:15,2.68,105.162
6839,12/03/2025 19:52:15,2.68,105.153
6840,12/03/2025 20:02:15,2.68,105.157
6841,12/03/2025 20:12:15,2.67,105.162
6842,12/03/2025 20:22:15,2.67,105.157
6843,12/03/2025 20:32:15,2.67,105.131
6844,12/03/2025 20:42:15,2.66,105.113
6845,12/03/2025 20:52:15,2.66,105.108
6846,12/03/2025 21:02:15,2.65,105.117
6847,12/03/2025 21:12:15,2.65,105.081
6848,12/03/2025 21:22:15,2.64,105.068
6849,12/03/2025 21:32:15,2.62,105.076
6850,12/03/2025 21:42:15,2.61,105.067
6851,12/03/2025 21:52:15,2.59,105.066
6852,12/03/2025 22:02:15,2.58,105.070
6853,12/03/2025 22:12:15,2.56,105.083
6854,12/03/2025 22:22:15,2.55,105.043
6855,12/03/2025 22:32:15,2.53,105.042
6856,12/03/2025 22:42:15,2.51,105.050
6857,12/03/2025 22:52:15,2.50,105.059
6858,12/03/2025 23:02:15,2.48,105.045
6859,12/03/2025 23:12:15,2.46,105.031
6860,12/03/2025 23:22:15,2.44,105.000
6861,12/03/2025 23:32:15,2.43,104.960
6862,12/03/2025 23:42:15,2.41,104.981
6863,12/03/2025 23:52:15,2.40,104.963
6864,12/04/2025 00:02:15,2.39,104.963
6865,12/04/2025 00:12:15,2.38,104.945
6866,12/04/2025 00:22:15,2.36,104.940
6867,12/04/2025 00:32:15,2.35,104.913
6868,12/04/2025 00:42:15,2.34,104.921
6869,12/04/2025 00:52:15,2.33,104.899
6870,12/04/2025 01:02:15,2.32,104.864
6871,12/04/2025 01:12:15,2.32,104.894
6872,12/04/2025 01:22:15,2.31,104.903
6873,12/04/2025 01:32:15,2.30,104.894
6874,12/04/2025 01:42:15,2.29,104.871
6875,12/04/2025 01:52:15,2.28,104.867
6876,12/04/2025 02:02:15,2.27,104.866
6877,12/04/2025 02:12:15,2.26,104.857
6878,12/04/2025 02:22:15,2.25,104.848
6879,12/04/2025 02:32:15,2.24,104.839
6880,12/04/2025 02:42:15,2.23,104.838
6881,12/04/2025 02:52:15,2.22,104.781
6882,12/04/2025 03:02:15,2.20,104.772
6883,12/04/2025 03:12:15,2.18,104.766
6884,12/04/2025 03:22:15,2.16,104.775
6885,12/04/2025 03:32:15,2.14,104.761
6886,12/04/2025 03:42:15,2.12,104.751
6887,12/04/2025 03:52:15,2.10,104.764
6888,12/04/2025 04:02:15,2.08,104.750
6889,12/04/2025 04:12:15,2.06,104.736
6890,12/04/2025 04:22:15,2.03,104.748
6891,12/04/2025 04:32:15,2.01,104.734
6892,12/04/2025 04:42:15,1.98,104.716
6893,12/04/2025 04:52:15,1.96,104.719
6894,12/04/2025 05:02:15,1.94,104.723
6895,12/04/2025 05:12:15,1.93,104.718
6896,12/04/2025 05:22:15,1.91,104.709
6897,12/04/2025 05:32:15,1.90,104.717
6898,12/04/2025 05:42:15,1.88,104.730
6899,12/04/2025 05:52:15,1.87,104.716
6900,12/04/2025 06:02:15,1.86,104.720
6901,12/04/2025 06:12:15,1.85,104.724
6902,12/04/2025 06:22:15,1.85,104.724
6903,12/04/2025 06:32:15,1.84,104.724
6904,12/04/2025 06:42:15,1.84,104.719
6905,12/04/2025 06:52:15,1.83,104.693
6906,12/04/2025 07:02:15,1.83,104.662
6907,12/04/2025 07:12:15,1.83,104.644
6908,12/04/2025 07:22:15,1.82,104.644
6909,12/04/2025 07:32:15,1.82,104.644
6910,12/04/2025 07:42:15,1.82,104.635
6911,12/04/2025 07:52:15,1.82,104.618
6912,12/04/2025 08:02:15,1.82,104.613
6913,12/04/2025 08:12:15,1.82,104.609
6914,12/04/2025 08:22:15,1.82,104.627
6915,12/04/2025 08:32:15,1.83,104.618
6916,12/04/2025 08:42:15,1.84,104.618
6917,12/04/2025 08:52:15,1.85,104.619
6918,12/04/2025 09:02:15,1.86,104.619
6919,12/04/2025 09:12:15,1.87,104.619
6920,12/04/2025 09:22:15,1.88,104.629
6921,12/04/2025 09:32:15,1.89,104.611
6922,12/04/2025 09:42:15,1.91,104.616
6923,12/04/2025 09:52:15,1.92,104.612
6924,12/04/2025 10:02:15,1.94,104.600
6925,12/04/2025 10:12:15,1.96,104.596
6926,12/04/2025 10:22:15,1.98,104.602
6927,12/04/2025 10:32:15,2.01,104.576
6928,12/04/2025 10:42:15,2.04,104.586
6929,12/04/2025 10:52:15,2.07,104.591
6930,12/04/2025 11:02:15,2.10,104.575
6931,12/04/2025 11:12:15,2.13,104.550
6932,12/04/2025 11:22:15,2.17,104.542
6933,12/04/2025 11:32:15,2.20,104.526
6934,12/04/2025 11:42:15,2.24,104.531
6935,12/04/2025 11:52:15,2.27,104.524
6936,12/04/2025 12:02:15,2.31,104.508
6937,12/04/2025 12:12:15,2.35,104.487
6938,12/04/2025 12:22:15,2.40,104.498
6939,12/04/2025 12:32:15,2.45,104.490
6940,12/04/2025 12:42:15,2.49,104.479
6941,12/04/2025 12:52:15,2.54,104.476
6942,12/04/2025 13:02:15,2.59,104.487
6943,12/04/2025 13:12:15,2.65,104.497
6944,12/04/2025 13:22:15,2.70,104.508
6945,12/04/2025 13:32:15,2.76,104.545
6946,12/04/2025 13:42:15,2.81,104.551
6947,12/04/2025 13:52:15,2.85,104.557
6948,12/04/2025 14:02:15,2.88,104.576
6949,12/04/2025 14:12:15,2.92,104.625
6950,12/04/2025 14:22:15,2.95,104.697
6951,12/04/2025 14:32:15,2.97,104.706
6952,12/04/2025 14:42:15,2.99,104.716
6953,12/04/2025 14:52:15,3.01,104.756
6954,12/04/2025 15:02:15,3.02,104.805
6955,12/04/2025 15:12:15,3.02,104.849
6956,12/04/2025 15:22:15,3.03,104.871
6957,12/04/2025 15:32:15,3.03,104.888
6958,12/04/2025 15:42:15,3.02,104.928
6959,12/04/2025 15:52:15,3.02,104.950
6960,12/04/2025 16:02:15,3.00,104.975
6961,12/04/2025 16:12:15,2.99,105.037
6962,12/04/2025 16:22:15,2.98,105.054
6963,12/04/2025 16:32:15,2.96,105.119
6964,12/04/2025 16:42:15,2.94,105.149
6965,12/04/2025 16:52:15,2.92,105.144
6966,12/04/2025 17:02:15,2.90,105.187
6967,12/04/2025 17:12:15,2.88,105.221
6968,12/04/2025 17:22:15,2.86,105.256
6969,12/04/2025 17:32:15,2.83,105.303
6970,12/04/2025 17:42:15,2.81,105.316
6971,12/04/2025 17:52:15,2.79,105.363
6972,12/04/2025 18:02:15,2.77,105.376
6973,12/04/2025 18:12:15,2.74,105.401
6974,12/04/2025 18:22:15,2.72,105.427
6975,12/04/2025 18:32:15,2.69,105.452
6976,12/04/2025 18:42:15,2.66,105.469
6977,12/04/2025 18:52:15,2.64,105.485
6978,12/04/2025 19:02:15,2.61,105.524
6979,12/04/2025 19:12:15,2.59,105.527
6980,12/04/2025 19:22:15,2.56,105.535
6981,12/04/2025 19:32:15,2.53,105.578
6982,12/04/2025 19:42:15,2.50,105.590
6983,12/04/2025 19:52:15,2.47,105.589
6984,12/04/2025 20:02:15,2.44,105.606
6985,12/04/2025 20:12:15,2.41,105.631
6986,12/04/2025 20:22:15,2.38,105.634
6987,12/04/2025 20:32:15,2.34,105.655
6988,12/04/2025 20:42:15,2.31,105.676
6989,12/04/2025 20:52:15,2.27,105.709
6990,12/04/2025 21:02:15,2.23,105.734
6991,12/04/2025 21:12:15,2.19,105.755
6992,12/04/2025 21:22:15,2.16,105.767
6993,12/04/2025 21:32:15,2.12,105.787
6994,12/04/2025 21:42:15,2.07,105.795
6995,12/04/2025 21:52:15,2.03,105.784
6996,12/04/2025 22:02:15,1.99,105.809
6997,12/04/2025 22:12:15,1.95,105.834
6998,12/04/2025 22:22:15,1.91,105.833
6999,12/04/2025 22:32:15,1.87,105.840
7000,12/04/2025 22:42:15,1.84,105.843
7001,12/04/2025 22:52:15,1.80,105.842
7002,12/04/2025 23:02:15,1.76,105.854
7003,12/04/2025 23:12:15,1.72,105.901
7004,12/04/2025 23:22:15,1.69,105.908
7005,12/04/2025 23:32:15,1.65,105.867
7006,12/04/2025 23:42:15,1.62,105.906
7007,12/04/2025 23:52:15,1.58,105.935
7008,12/05/2025 00:02:15,1.54,105.925
7009,12/05/2025 00:12:15,1.50,105.941
7010,12/05/2025 00:22:15,1.46,105.948
7011,12/05/2025 00:32:15,1.42,105.916
7012,12/05/2025 00:42:15,1.38,105.937
7013,12/05/2025 00:52:15,1.34,105.918
7014,12/05/2025 01:02:15,1.30,105.930
7015,12/05/2025 01:12:15,1.26,105.928
7016,12/05/2025 01:22:15,1.22,105.909
7017,12/05/2025 01:32:15,1.17,105.881
7018,12/05/2025 01:42:15,1.13,105.915
7019,12/05/2025 01:52:15,1.09,105.944
7020,12/05/2025 02:02:15,1.04,105.942
7021,12/05/2025 02:12:15,1.00,105.945
7022,12/05/2025 02:22:15,0.95,105.930
7023,12/05/2025 02:32:15,0.90,105.942
7024,12/05/2025 02:42:15,0.86,105.918
7025,12/05/2025 02:52:15,0.81,105.943
7026,12/05/2025 03:02:15,0.77,105.941
7027,12/05/2025 03:12:15,0.72,105.922
7028,12/05/2025 03:22:15,0.68,105.912
7029,12/05/2025 03:32:15,0.63,105.862
7030,12/05/2025 03:42:15,0.59,105.772
7031,12/05/2025 03:52:15,0.55,105.674
7032,12/05/2025 04:02:15,0.51,105.599
7033,12/05/2025 04:12:15,0.49,105.519
7034,12/05/2025 04:22:15,0.46,105.456
7035,12/05/2025 04:32:15,0.44,105.390
7036,12/05/2025 04:42:15,0.43,105.359
7037,12/05/2025 04:52:15,0.42,105.328
7038,12/05/2025 05:02:15,0.43,105.297
7039,12/05/2025 05:12:15,0.44,105.258
7040,12/05/2025 05:22:15,0.45,105.237
7041,12/05/2025 05:32:15,0.47,105.224
7042,12/05/2025 05:42:15,0.50,105.199
7043,12/05/2025 05:52:15,0.52,105.187
7044,12/05/2025 06:02:15,0.55,105.170
7045,12/05/2025 06:12:15,0.57,105.175
7046,12/05/2025 06:22:15,0.60,105.180
7047,12/05/2025 06:32:15,0.62,105.181
7048,12/05/2025 06:42:15,0.63,105.217
7049,12/05/2025 06:52:15,0.65,105.239
7050,12/05/2025 07:02:15,0.66,105.306
7051,12/05/2025 07:12:15,0.67,105.358
7052,12/05/2025 07:22:15,0.67,105.411
7053,12/05/2025 07:32:15,0.67,105.442
7054,12/05/2025 07:42:15,0.66,105.477
7055,12/05/2025 07:52:15,0.65,105.507
7056,12/05/2025 08:02:15,0.63,105.520
7057,12/05/2025 08:12:15,0.62,105.537
7058,12/05/2025 08:22:15,0.61,105.562
7059,12/05/2025 08:32:15,0.59,105.592
7060,12/05/2025 08:42:15,0.57,105.605
7061,12/05/2025 08:52:15,0.56,105.627
7062,12/05/2025 09:02:15,0.55,105.644
7063,12/05/2025 09:12:15,0.54,105.674
7064,12/05/2025 09:22:15,0.54,105.696
7065,12/05/2025 09:32:15,0.54,105.727
7066,12/05/2025 09:42:15,0.55,105.749
7067,12/05/2025 09:52:15,0.55,105.784
7068,12/05/2025 10:02:15,0.57,105.807
7069,12/05/2025 10:12:15,0.58,105.833
7070,12/05/2025 10:22:15,0.59,105.882
7071,12/05/2025 10:32:15,0.61,105.905
7072,12/05/2025 10:42:15,0.62,105.905
7073,12/05/2025 10:52:15,0.63,105.901
7074,12/05/2025 11:02:15,0.63,105.932
7075,12/05/2025 11:12:15,0.63,105.936
7076,12/05/2025 11:22:15,0.63,105.963
7077,12/05/2025 11:32:15,0.64,105.963
7078,12/05/2025 11:42:15,0.65,105.963
7079,12/05/2025 11:52:15,0.66,105.959
7080,12/05/2025 12:02:15,0.67,105.977
7081,12/05/2025 12:12:15,0.68,105.969
7082,12/05/2025 12:22:15,0.69,105.965
7083,12/05/2025 12:32:15,0.70,105.961
7084,12/05/2025 12:42:15,0.71,105.939
7085,12/05/2025 12:52:15,0.70,105.891
7086,12/05/2025 13:02:15,0.70,105.873
7087,12/05/2025 13:12:15,0.70,105.811
7088,12/05/2025 13:22:15,0.69,105.767
7089,12/05/2025 13:32:15,0.69,105.732
7090,12/05/2025 13:42:15,0.69,105.679
7091,12/05/2025 13:52:15,0.69,105.614
7092,12/05/2025 14:02:15,0.69,105.583
7093,12/05/2025 14:12:15,0.68,105.561
7094,12/05/2025 14:22:15,0.68,105.534
7095,12/05/2025 14:32:15,0.68,105.473
7096,12/05/2025 14:42:15,0.68,105.451
7097,12/05/2025 14:52:15,0.67,105.416
7098,12/05/2025 15:02:15,0.67,105.398
7099,12/05/2025 15:12:15,0.66,105.358
7100,12/05/2025 15:22:15,0.65,105.331
7101,12/05/2025 15:32:15,0.65,105.331
7102,12/05/2025 15:42:15,0.64,105.305
7103,12/05/2025 15:52:15,0.63,105.309
7104,12/05/2025 16:02:15,0.63,105.278
7105,12/05/2025 16:12:15,0.62,105.269
7106,12/05/2025 16:22:15,0.62,105.238
7107,12/05/2025 16:32:15,0.62,105.199
7108,12/05/2025 16:42:15,0.62,105.190
7109,12/05/2025 16:52:15,0.62,105.159
7110,12/05/2025 17:02:15,0.62,105.146
7111,12/05/2025 17:12:15,0.62,105.137
7112,12/05/2025 17:22:15,0.63,105.133
7113,12/05/2025 17:32:15,0.63,105.089
7114,12/05/2025 17:42:15,0.63,105.081
7115,12/05/2025 17:52:15,0.64,105.068
7116,12/05/2025 18:02:15,0.65,105.059
7117,12/05/2025 18:12:15,0.65,105.077
7118,12/05/2025 18:22:15,0.65,105.059
7119,12/05/2025 18:32:15,0.65,105.055
7120,12/05/2025 18:42:15,0.66,105.055
7121,12/05/2025 18:52:15,0.66,105.038
7122,12/05/2025 19:02:15,0.66,105.046
7123,12/05/2025 19:12:15,0.66,105.047
7124,12/05/2025 19:22:15,0.66,105.042
7125,12/05/2025 19:32:15,0.66,105.051
7126,12/05/2025 19:42:15,0.67,105.064
7127,12/05/2025 19:52:15,0.67,105.060
7128,12/05/2025 20:02:15,0.67,105.038
7129,12/05/2025 20:12:15,0.67,105.029
7130,12/05/2025 20:22:15,0.67,105.012
7131,12/05/2025 20:32:15,0.67,104.994
7132,12/05/2025 20:42:15,0.67,104.999
7133,12/05/2025 20:52:15,0.67,104.999
7134,12/05/2025 21:02:15,0.67,104.981
7135,12/05/2025 21:12:15,0.68,105.003
7136,12/05/2025 21:22:15,0.68,104.990
7137,12/05/2025 21:32:15,0.68,104.986
7138,12/05/2025 21:42:15,0.68,104.960
7139,12/05/2025 21:52:15,0.69,104.920
7140,12/05/2025 22:02:15,0.69,104.912
7141,12/05/2025 22:12:15,0.69,104.903
7142,12/05/2025 22:22:15,0.70,104.894
7143,12/05/2025 22:32:15,0.70,104.877
7144,12/05/2025 22:42:15,0.70,104.868
7145,12/05/2025 22:52:15,0.70,104.855
7146,12/05/2025 23:02:15,0.71,104.824
7147,12/05/2025 23:12:15,0.71,104.829
7148,12/05/2025 23:22:15,0.71,104.824
7149,12/05/2025 23:32:15,0.71,104.820
7150,12/05/2025 23:42:15,0.71,104.798
7151,12/05/2025 23:52:15,0.71,104.789
7152,12/06/2025 00:02:15,0.72,104.776
7153,12/06/2025 00:12:15,0.72,104.737
7154,12/06/2025 00:22:15,0.72,104.724
7155,12/06/2025 00:32:15,0.73,104.715
7156,12/06/2025 00:42:15,0.73,104.694
7157,12/06/2025 00:52:15,0.73,104.698
7158,12/06/2025 01:02:15,0.73,104.698
7159,12/06/2025 01:12:15,0.73,104.685
7160,12/06/2025 01:22:15,0.73,104.685
7161,12/06/2025 01:32:15,0.73,104.685
7162,12/06/2025 01:42:15,0.72,104.680
7163,12/06/2025 01:52:15,0.72,104.658
7164,12/06/2025 02:02:15,0.72,104.658
7165,12/06/2025 02:12:15,0.72,104.671
7166,12/06/2025 02:22:15,0.72,104.663
7167,12/06/2025 02:32:15,0.73,104.654
7168,12/06/2025 02:42:15,0.73,104.663
7169,12/06/2025 02:52:15,0.73,104.637
7170,12/06/2025 03:02:15,0.73,104.641
7171,12/06/2025 03:12:15,0.73,104.619
7172,12/06/2025 03:22:15,0.72,104.614
7173,12/06/2025 03:32:15,0.72,104.592
7174,12/06/2025 03:42:15,0.71,104.588
7175,12/06/2025 03:52:15,0.71,104.583
7176,12/06/2025 04:02:15,0.71,104.596
7177,12/06/2025 04:12:15,0.70,104.592
7178,12/06/2025 04:22:15,0.70,104.578
7179,12/06/2025 04:32:15,0.70,104.583
7180,12/06/2025 04:42:15,0.69,104.596
7181,12/06/2025 04:52:15,0.69,104.618
7182,12/06/2025 05:02:15,0.69,104.569
7183,12/06/2025 05:12:15,0.69,104.600
7184,12/06/2025 05:22:15,0.69,104.609
7185,12/06/2025 05:32:15,0.68,104.569
7186,12/06/2025 05:42:15,0.68,104.565
7187,12/06/2025 05:52:15,0.68,104.560
7188,12/06/2025 06:02:15,0.68,104.560
7189,12/06/2025 06:12:15,0.68,104.569
7190,12/06/2025 06:22:15,0.68,104.569
7191,12/06/2025 06:32:15,0.67,104.564
7192,12/06/2025 06:42:15,0.67,104.560
7193,12/06/2025 06:52:15,0.66,104.564
7194,12/06/2025 07:02:15,0.66,104.551
7195,12/06/2025 07:12:15,0.66,104.546
7196,12/06/2025 07:22:15,0.66,104.573
7197,12/06/2025 07:32:15,0.66,104.568
7198,12/06/2025 07:42:15,0.66,104.560
7199,12/06/2025 07:52:15,0.66,104.538
7200,12/06/2025 08:02:15,0.67,104.542
7201,12/06/2025 08:12:15,0.67,104.556
7202,12/06/2025 08:22:15,0.68,104.529
7203,12/06/2025 08:32:15,0.69,104.534
7204,12/06/2025 08:42:15,0.70,104.552
7205,12/06/2025 08:52:15,0.71,104.561
7206,12/06/2025 09:02:15,0.72,104.548
7207,12/06/2025 09:12:15,0.73,104.566
7208,12/06/2025 09:22:15,0.74,104.562
7209,12/06/2025 09:32:15,0.75,104.576
7210,12/06/2025 09:42:15,0.76,104.576
7211,12/06/2025 09:52:15,0.78,104.577
7212,12/06/2025 10:02:15,0.80,104.569
7213,12/06/2025 10:12:15,0.81,104.560
7214,12/06/2025 10:22:15,0.83,104.561
7215,12/06/2025 10:32:15,0.85,104.553
7216,12/06/2025 10:42:15,0.88,104.532
7217,12/06/2025 10:52:15,0.91,104.515
7218,12/06/2025 11:02:15,0.93,104.490
7219,12/06/2025 11:12:15,0.96,104.487
7220,12/06/2025 11:22:15,0.99,104.448
7221,12/06/2025 11:32:15,1.02,104.432
7222,12/06/2025 11:42:15,1.05,104.433
7223,12/06/2025 11:52:15,1.09,104.421
7224,12/06/2025 12:02:15,1.13,104.370
7225,12/06/2025 12:12:15,1.16,104.353
7226,12/06/2025 12:22:15,1.20,104.332
7227,12/06/2025 12:32:15,1.23,104.329
7228,12/06/2025 12:42:15,1.26,104.304
7229,12/06/2025 12:52:15,1.28,104.283
7230,12/06/2025 13:02:15,1.31,104.288
7231,12/06/2025 13:12:15,1.34,104.245
7232,12/06/2025 13:22:15,1.36,104.207
7233,12/06/2025 13:32:15,1.39,104.207
7234,12/06/2025 13:42:15,1.41,104.199
7235,12/06/2025 13:52:15,1.44,104.200
7236,12/06/2025 14:02:15,1.46,104.192
7237,12/06/2025 14:12:15,1.49,104.189
7238,12/06/2025 14:22:15,1.51,104.190
7239,12/06/2025 14:32:15,1.53,104.212
7240,12/06/2025 14:42:15,1.54,104.200
7241,12/06/2025 14:52:15,1.56,104.191
7242,12/06/2025 15:02:15,1.58,104.214
7243,12/06/2025 15:12:15,1.60,104.215
7244,12/06/2025 15:22:15,1.62,104.211
7245,12/06/2025 15:32:15,1.63,104.225
7246,12/06/2025 15:42:15,1.65,104.247
7247,12/06/2025 15:52:15,1.67,104.266
7248,12/06/2025 16:02:15,1.69,104.279
7249,12/06/2025 16:12:15,1.71,104.263
7250,12/06/2025 16:22:15,1.73,104.272
7251,12/06/2025 16:32:15,1.75,104.290
7252,12/06/2025 16:42:15,1.77,104.304
7253,12/06/2025 16:52:15,1.78,104.313
7254,12/06/2025 17:02:15,1.79,104.331
7255,12/06/2025 17:12:15,1.80,104.336
7256,12/06/2025 17:22:15,1.81,104.345
7257,12/06/2025 17:32:15,1.81,104.367
7258,12/06/2025 17:42:15,1.82,104.372
7259,12/06/2025 17:52:15,1.82,104.385
7260,12/06/2025 18:02:15,1.83,104.416
7261,12/06/2025 18:12:15,1.83,104.442
7262,12/06/2025 18:22:15,1.83,104.456
7263,12/06/2025 18:32:15,1.84,104.473
7264,12/06/2025 18:42:15,1.84,104.487
7265,12/06/2025 18:52:15,1.84,104.487
7266,12/06/2025 19:02:15,1.85,104.496
7267,12/06/2025 19:12:15,1.85,104.504
7268,12/06/2025 19:22:15,1.85,104.513
7269,12/06/2025 19:32:15,1.85,104.518
7270,12/06/2025 19:42:15,1.85,104.518
7271,12/06/2025 19:52:15,1.85,104.531
7272,12/06/2025 20:02:15,1.84,104.535
7273,12/06/2025 20:12:15,1.84,104.553
7274,12/06/2025 20:22:15,1.84,104.579
7275,12/06/2025 20:32:15,1.84,104.561
7276,12/06/2025 20:42:15,1.83,104.566
7277,12/06/2025 20:52:15,1.83,104.592
7278,12/06/2025 21:02:15,1.83,104.587
7279,12/06/2025 21:12:15,1.83,104.609
7280,12/06/2025 21:22:15,1.83,104.618
7281,12/06/2025 21:32:15,1.83,104.600
7282,12/06/2025 21:42:15,1.82,104.622
7283,12/06/2025 21:52:15,1.81,104.622
7284,12/06/2025 22:02:15,1.79,104.604
7285,12/06/2025 22:12:15,1.78,104.594
7286,12/06/2025 22:22:15,1.76,104.625
7287,12/06/2025 22:32:15,1.75,104.615
7288,12/06/2025 22:42:15,1.73,104.597
7289,12/06/2025 22:52:15,1.72,104.610
7290,12/06/2025 23:02:15,1.70,104.614
7291,12/06/2025 23:12:15,1.69,104.622
7292,12/06/2025 23:22:15,1.67,104.639
7293,12/06/2025 23:32:15,1.65,104.629
7294,12/06/2025 23:42:15,1.64,104.638
7295,12/06/2025 23:52:15,1.61,104.654
7296,12/07/2025 00:02:15,1.59,104.671
7297,12/07/2025 00:12:15,1.57,104.692
7298,12/07/2025 00:22:15,1.55,104.709
7299,12/07/2025 00:32:15,1.53,104.704
7300,12/07/2025 00:42:15,1.51,104.694
7301,12/07/2025 00:52:15,1.48,104.703
7302,12/07/2025 01:02:15,1.46,104.689
7303,12/07/2025 01:12:15,1.44,104.666
7304,12/07/2025 01:22:15,1.43,104.700
7305,12/07/2025 01:32:15,1.41,104.726
7306,12/07/2025 01:42:15,1.40,104.735
7307,12/07/2025 01:52:15,1.38,104.756
7308,12/07/2025 02:02:15,1.37,104.760
7309,12/07/2025 02:12:15,1.36,104.790
7310,12/07/2025 02:22:15,1.35,104.803
7311,12/07/2025 02:32:15,1.34,104.833
7312,12/07/2025 02:42:15,1.33,104.829
7313,12/07/2025 02:52:15,1.32,104.833
7314,12/07/2025 03:02:15,1.32,104.846
7315,12/07/2025 03:12:15,1.31,104.846
7316,12/07/2025 03:22:15,1.31,104.832
7317,12/07/2025 03:32:15,1.30,104.819
7318,12/07/2025 03:42:15,1.30,104.832
7319,12/07/2025 03:52:15,1.30,104.841
7320,12/07/2025 04:02:15,1.29,104.858
7321,12/07/2025 04:12:15,1.29,104.841
7322,12/07/2025 04:22:15,1.29,104.823
7323,12/07/2025 04:32:15,1.28,104.823
7324,12/07/2025 04:42:15,1.27,104.822
7325,12/07/2025 04:52:15,1.27,104.822
7326,12/07/2025 05:02:15,1.26,104.831
7327,12/07/2025 05:12:15,1.25,104.835
7328,12/07/2025 05:22:15,1.24,104.839
7329,12/07/2025 05:32:15,1.23,104.860
7330,12/07/2025 05:42:15,1.21,104.855
7331,12/07/2025 05:52:15,1.20,104.873
7332,12/07/2025 06:02:15,1.19,104.863
7333,12/07/2025 06:12:15,1.18,104.867
7334,12/07/2025 06:22:15,1.17,104.898
7335,12/07/2025 06:32:15,1.16,104.902
7336,12/07/2025 06:42:15,1.15,104.923
7337,12/07/2025 06:52:15,1.14,104.923
7338,12/07/2025 07:02:15,1.13,104.945
7339,12/07/2025 07:12:15,1.12,104.953
7340,12/07/2025 07:22:15,1.11,104.953
7341,12/07/2025 07:32:15,1.11,104.948
7342,12/07/2025 07:42:15,1.10,104.979
7343,12/07/2025 07:52:15,1.10,104.979
7344,12/07/2025 08:02:15,1.10,104.979
7345,12/07/2025 08:12:15,1.10,104.992
7346,12/07/2025 08:22:15,1.10,105.005
7347,12/07/2025 08:32:15,1.11,105.005
7348,12/07/2025 08:42:15,1.12,105.010
7349,12/07/2025 08:52:15,1.13,105.019
7350,12/07/2025 09:02:15,1.14,105.020
7351,12/07/2025 09:12:15,1.16,105.020
7352,12/07/2025 09:22:15,1.18,105.047
7353,12/07/2025 09:32:15,1.20,105.048
7354,12/07/2025 09:42:15,1.22,105.062
7355,12/07/2025 09:52:15,1.24,105.058
7356,12/07/2025 10:02:15,1.27,105.037
7357,12/07/2025 10:12:15,1.30,105.038
7358,12/07/2025 10:22:15,1.33,105.044
7359,12/07/2025 10:32:15,1.36,105.027
7360,12/07/2025 10:42:15,1.39,105.033
7361,12/07/2025 10:52:15,1.43,105.012
7362,12/07/2025 11:02:15,1.46,104.991
7363,12/07/2025 11:12:15,1.50,104.993
7364,12/07/2025 11:22:15,1.54,104.977
7365,12/07/2025 11:32:15,1.58,104.965
7366,12/07/2025 11:42:15,1.63,104.984
7367,12/07/2025 11:52:15,1.67,104.955
7368,12/07/2025 12:02:15,1.72,104.930
7369,12/07/2025 12:12:15,1.77,104.901
7370,12/07/2025 12:22:15,1.82,104.899
7371,12/07/2025 12:32:15,1.87,104.878
7372,12/07/2025 12:42:15,1.91,104.858
7373,12/07/2025 12:52:15,1.95,104.842
7374,12/07/2025 13:02:15,1.99,104.817
7375,12/07/2025 13:12:15,2.02,104.809
7376,12/07/2025 13:22:15,2.06,104.758
7377,12/07/2025 13:32:15,2.10,104.768
7378,12/07/2025 13:42:15,2.13,104.752
7379,12/07/2025 13:52:15,2.17,104.740
7380,12/07/2025 14:02:15,2.20,104.750
7381,12/07/2025 14:12:15,2.23,104.746
7382,12/07/2025 14:22:15,2.27,104.761
7383,12/07/2025 14:32:15,2.30,104.779
7384,12/07/2025 14:42:15,2.32,104.763
7385,12/07/2025 14:52:15,2.34,104.759
7386,12/07/2025 15:02:15,2.36,104.751
7387,12/07/2025 15:12:15,2.38,104.756
7388,12/07/2025 15:22:15,2.40,104.779
7389,12/07/2025 15:32:15,2.42,104.775
7390,12/07/2025 15:42:15,2.44,104.762
7391,12/07/2025 15:52:15,2.46,104.763
7392,12/07/2025 16:02:15,2.47,104.763
7393,12/07/2025 16:12:15,2.48,104.711
7394,12/07/2025 16:22:15,2.49,104.694
7395,12/07/2025 16:32:15,2.50,104.699
7396,12/07/2025 16:42:15,2.52,104.664
7397,12/07/2025 16:52:15,2.53,104.664
7398,12/07/2025 17:02:15,2.54,104.660
7399,12/07/2025 17:12:15,2.55,104.656
7400,12/07/2025 17:22:15,2.56,104.635
7401,12/07/2025 17:32:15,2.57,104.644
7402,12/07/2025 17:42:15,2.59,104.645
7403,12/07/2025 17:52:15,2.60,104.623
7404,12/07/2025 18:02:15,2.61,104.624
7405,12/07/2025 18:12:15,2.63,104.624
7406,12/07/2025 18:22:15,2.64,104.629
7407,12/07/2025 18:32:15,2.65,104.625
7408,12/07/2025 18:42:15,2.66,104.638
7409,12/07/2025 18:52:15,2.67,104.630
7410,12/07/2025 19:02:15,2.69,104.626
7411,12/07/2025 19:12:15,2.70,104.631
7412,12/07/2025 19:22:15,2.71,104.631
7413,12/07/2025 19:32:15,2.72,104.605
7414,12/07/2025 19:42:15,2.74,104.610
7415,12/07/2025 19:52:15,2.75,104.619
7416,12/07/2025 20:02:15,2.76,104.602
7417,12/07/2025 20:12:15,2.77,104.589
7418,12/07/2025 20:22:15,2.78,104.581
7419,12/07/2025 20:32:15,2.78,104.599
7420,12/07/2025 20:42:15,2.79,104.595
7421,12/07/2025 20:52:15,2.79,104.564
7422,12/07/2025 21:02:15,2.79,104.555
7423,12/07/2025 21:12:15,2.79,104.555
7424,12/07/2025 21:22:15,2.79,104.559
7425,12/07/2025 21:32:15,2.79,104.573
7426,12/07/2025 21:42:15,2.78,104.568
7427,12/07/2025 21:52:15,2.77,104.576
7428,12/07/2025 22:02:15,2.76,104.580
7429,12/07/2025 22:12:15,2.75,104.593
7430,12/07/2025 22:22:15,2.74,104.575
7431,12/07/2025 22:32:15,2.73,104.579
7432,12/07/2025 22:42:15,2.71,104.579
7433,12/07/2025 22:52:15,2.70,104.583
7434,12/07/2025 23:02:15,2.68,104.586
7435,12/07/2025 23:12:15,2.67,104.586
7436,12/07/2025 23:22:15,2.66,104.594
7437,12/07/2025 23:32:15,2.64,104.611
7438,12/07/2025 23:42:15,2.63,104.602
7439,12/07/2025 23:52:15,2.62,104.606
7440,12/08/2025 00:02:15,2.62,104.646
7441,12/08/2025 00:12:15,2.61,104.654
7442,12/08/2025 00:22:15,2.61,104.663
7443,12/08/2025 00:32:15,2.60,104.693
7444,12/08/2025 00:42:15,2.60,104.715
7445,12/08/2025 00:52:15,2.60,104.728
7446,12/08/2025 01:02:15,2.59,104.754
7447,12/08/2025 01:12:15,2.58,104.776
7448,12/08/2025 01:22:15,2.57,104.798
7449,12/08/2025 01:32:15,2.56,104.819
7450,12/08/2025 01:42:15,2.55,104.837
7451,12/08/2025 01:52:15,2.54,104.867
7452,12/08/2025 02:02:15,2.52,104.893
7453,12/08/2025 02:12:15,2.50,104.932
7454,12/08/2025 02:22:15,2.49,104.944
7455,12/08/2025 02:32:15,2.47,104.930
7456,12/08/2025 02:42:15,2.45,104.960
7457,12/08/2025 02:52:15,2.43,104.964
7458,12/08/2025 03:02:15,2.40,104.976
7459,12/08/2025 03:12:15,2.38,104.975
7460,12/08/2025 03:22:15,2.35,104.979
7461,12/08/2025 03:32:15,2.32,105.013
7462,12/08/2025 03:42:15,2.29,105.016
7463,12/08/2025 03:52:15,2.26,105.033
7464,12/08/2025 04:02:15,2.22,105.058
7465,12/08/2025 04:12:15,2.19,105.065
7466,12/08/2025 04:22:15,2.16,105.086
7467,12/08/2025 04:32:15,2.12,105.081
7468,12/08/2025 04:42:15,2.09,105.093
7469,12/08/2025 04:52:15,2.06,105.096
7470,12/08/2025 05:02:15,2.02,105.117
7471,12/08/2025 05:12:15,1.99,105.133
7472,12/08/2025 05:22:15,1.96,105.154
7473,12/08/2025 05:32:15,1.93,105.166
7474,12/08/2025 05:42:15,1.90,105.196
7475,12/08/2025 05:52:15,1.86,105.225
7476,12/08/2025 06:02:15,1.83,105.250
7477,12/08/2025 06:12:15,1.79,105.297
7478,12/08/2025 06:22:15,1.76,105.322
7479,12/08/2025 06:32:15,1.72,105.365
7480,12/08/2025 06:42:15,1.68,105.372
7481,12/08/2025 06:52:15,1.65,105.402
7482,12/08/2025 07:02:15,1.61,105.414
7483,12/08/2025 07:12:15,1.57,105.417
7484,12/08/2025 07:22:15,1.54,105.433
7485,12/08/2025 07:32:15,1.50,105.471
7486,12/08/2025 07:42:15,1.47,105.474
7487,12/08/2025 07:52:15,1.43,105.491
7488,12/08/2025 08:02:15,1.40,105.494
7489,12/08/2025 08:12:15,1.37,105.511
7490,12/08/2025 08:22:15,1.34,105.558
7491,12/08/2025 08:32:15,1.31,105.583
7492,12/08/2025 08:42:15,1.29,105.600
7493,12/08/2025 08:52:15,1.26,105.612
7494,12/08/2025 09:02:15,1.24,105.611
7495,12/08/2025 09:12:15,1.22,105.619
7496,12/08/2025 09:22:15,1.20,105.649
7497,12/08/2025 09:32:15,1.19,105.667
7498,12/08/2025 09:42:15,1.18,105.675
7499,12/08/2025 09:52:15,1.18,105.684
7500,12/08/2025 10:02:15,1.19,105.667
7501,12/08/2025 10:12:15,1.20,105.645
7502,12/08/2025 10:22:15,1.20,105.628
7503,12/08/2025 10:32:15,1.22,105.615
7504,12/08/2025 10:42:15,1.23,105.620
7505,12/08/2025 10:52:15,1.23,105.598
7506,12/08/2025 11:02:15,1.23,105.607
7507,12/08/2025 11:12:15,1.23,105.585
7508,12/08/2025 11:22:15,1.24,105.563
7509,12/08/2025 11:32:15,1.25,105.554
7510,12/08/2025 11:42:15,1.27,105.529
7511,12/08/2025 11:52:15,1.29,105.516
7512,12/08/2025 12:02:15,1.32,105.495
7513,12/08/2025 12:12:15,1.34,105.492
7514,12/08/2025 12:22:15,1.37,105.502
7515,12/08/2025 12:32:15,1.40,105.481
7516,12/08/2025 12:42:15,1.41,105.499
7517,12/08/2025 12:52:15,1.42,105.477
7518,12/08/2025 13:02:15,1.42,105.486
7519,12/08/2025 13:12:15,1.41,105.473
7520,12/08/2025 13:22:15,1.41,105.481
7521,12/08/2025 13:32:15,1.39,105.481
7522,12/08/2025 13:42:15,1.37,105.484
7523,12/08/2025 13:52:15,1.35,105.475
7524,12/08/2025 14:02:15,1.33,105.500
7525,12/08/2025 14:12:15,1.31,105.500
7526,12/08/2025 14:22:15,1.29,105.512
7527,12/08/2025 14:32:15,1.27,105.520
7528,12/08/2025 14:42:15,1.25,105.537
7529,12/08/2025 14:52:15,1.22,105.527
7530,12/08/2025 15:02:15,1.20,105.562
7531,12/08/2025 15:12:15,1.18,105.583
7532,12/08/2025 15:22:15,1.16,105.578
7533,12/08/2025 15:32:15,1.13,105.585
7534,12/08/2025 15:42:15,1.11,105.594
7535,12/08/2025 15:52:15,1.09,105.588
7536,12/08/2025 16:02:15,1.06,105.596
7537,12/08/2025 16:12:15,1.04,105.578
7538,12/08/2025 16:22:15,1.02,105.586
7539,12/08/2025 16:32:15,1.00,105.611
7540,12/08/2025 16:42:15,0.98,105.611
7541,12/08/2025 16:52:15,0.96,105.610
7542,12/08/2025 17:02:15,0.94,105.618
7543,12/08/2025 17:12:15,0.92,105.635
7544,12/08/2025 17:22:15,0.90,105.647
7545,12/08/2025 17:32:15,0.88,105.677
7546,12/08/2025 17:42:15,0.86,105.672
7547,12/08/2025 17:52:15,0.83,105.693
7548,12/08/2025 18:02:15,0.81,105.719
7549,12/08/2025 18:12:15,0.79,105.714
7550,12/08/2025 18:22:15,0.76,105.722
7551,12/08/2025 18:32:15,0.74,105.725
7552,12/08/2025 18:42:15,0.72,105.724
7553,12/08/2025 18:52:15,0.69,105.732
7554,12/08/2025 19:02:15,0.67,105.749
7555,12/08/2025 19:12:15,0.64,105.752
7556,12/08/2025 19:22:15,0.61,105.743
7557,12/08/2025 19:32:15,0.59,105.750
7558,12/08/2025 19:42:15,0.56,105.780
7559,12/08/2025 19:52:15,0.54,105.784
7560,12/08/2025 20:02:15,0.51,105.765
7561,12/08/2025 20:12:15,0.49,105.764
7562,12/08/2025 20:22:15,0.46,105.733
7563,12/08/2025 20:32:15,0.44,105.728
7564,12/08/2025 20:42:15,0.42,105.692
7565,12/08/2025 20:52:15,0.39,105.647
7566,12/08/2025 21:02:15,0.37,105.598
7567,12/08/2025 21:12:15,0.35,105.514
7568,12/08/2025 21:22:15,0.34,105.439
7569,12/08/2025 21:32:15,0.32,105.350
7570,12/08/2025 21:42:15,0.31,105.293
7571,12/08/2025 21:52:15,0.29,105.257
7572,12/08/2025 22:02:15,0.28,105.204
7573,12/08/2025 22:12:15,0.28,105.134
7574,12/08/2025 22:22:15,0.28,105.090
7575,12/08/2025 22:32:15,0.28,105.051
7576,12/08/2025 22:42:15,0.29,105.025
7577,12/08/2025 22:52:15,0.30,104.999
7578,12/08/2025 23:02:15,0.31,104.986
7579,12/08/2025 23:12:15,0.33,104.991
7580,12/08/2025 23:22:15,0.35,105.009
7581,12/08/2025 23:32:15,0.36,105.027
7582,12/08/2025 23:42:15,0.39,105.059
7583,12/08/2025 23:52:15,0.41,105.086
7584,12/09/2025 00:02:15,0.43,105.100
7585,12/09/2025 00:12:15,0.44,105.074
7586,12/09/2025 00:22:15,0.46,105.066
7587,12/09/2025 00:32:15,0.47,105.058
7588,12/09/2025 00:42:15,0.49,105.041
7589,12/09/2025 00:52:15,0.51,105.032
7590,12/09/2025 01:02:15,0.52,105.037
7591,12/09/2025 01:12:15,0.54,105.042
7592,12/09/2025 01:22:15,0.55,105.065
7593,12/09/2025 01:32:15,0.56,105.065
7594,12/09/2025 01:42:15,0.57,105.070
7595,12/09/2025 01:52:15,0.56,105.083
7596,12/09/2025 02:02:15,0.55,105.087
7597,12/09/2025 02:12:15,0.54,105.104
7598,12/09/2025 02:22:15,0.52,105.134
7599,12/09/2025 02:32:15,0.50,105.155
7600,12/09/2025 02:42:15,0.47,105.145
7601,12/09/2025 02:52:15,0.45,105.171
7602,12/09/2025 03:02:15,0.43,105.188
7603,12/09/2025 03:12:15,0.40,105.209
7604,12/09/2025 03:22:15,0.38,105.217
7605,12/09/2025 03:32:15,0.36,105.225
7606,12/09/2025 03:42:15,0.35,105.237
7607,12/09/2025 03:52:15,0.33,105.246
7608,12/09/2025 04:02:15,0.32,105.263
7609,12/09/2025 04:12:15,0.30,105.284
7610,12/09/2025 04:22:15,0.30,105.301
7611,12/09/2025 04:32:15,0.29,105.305
7612,12/09/2025 04:42:15,0.28,105.336
7613,12/09/2025 04:52:15,0.27,105.353
7614,12/09/2025 05:02:15,0.27,105.397
7615,12/09/2025 05:12:15,0.26,105.423
7616,12/09/2025 05:22:15,0.25,105.436
7617,12/09/2025 05:32:15,0.25,105.453
7618,12/09/2025 05:42:15,0.24,105.479
7619,12/09/2025 05:52:15,0.24,105.501
7620,12/09/2025 06:02:15,0.23,105.518
7621,12/09/2025 06:12:15,0.23,105.545
7622,12/09/2025 06:22:15,0.22,105.584
7623,12/09/2025 06:32:15,0.22,105.566
7624,12/09/2025 06:42:15,0.21,105.579
7625,12/09/2025 06:52:15,0.21,105.597
7626,12/09/2025 07:02:15,0.21,105.605
7627,12/09/2025 07:12:15,0.20,105.640
7628,12/09/2025 07:22:15,0.20,105.653
7629,12/09/2025 07:32:15,0.20,105.662
7630,12/09/2025 07:42:15,0.20,105.649
7631,12/09/2025 07:52:15,0.20,105.658
7632,12/09/2025 08:02:15,0.20,105.671
7633,12/09/2025 08:12:15,0.20,105.680
7634,12/09/2025 08:22:15,0.21,105.680
7635,12/09/2025 08:32:15,0.21,105.671
7636,12/09/2025 08:42:15,0.22,105.693
7637,12/09/2025 08:52:15,0.23,105.698
7638,12/09/2025 09:02:15,0.24,105.703
7639,12/09/2025 09:12:15,0.25,105.681
7640,12/09/2025 09:22:15,0.26,105.704
7641,12/09/2025 09:32:15,0.27,105.717
7642,12/09/2025 09:42:15,0.28,105.726
7643,12/09/2025 09:52:15,0.30,105.731
7644,12/09/2025 10:02:15,0.31,105.754
7645,12/09/2025 10:12:15,0.33,105.746
7646,12/09/2025 10:22:15,0.35,105.716
7647,12/09/2025 10:32:15,0.37,105.703
7648,12/09/2025 10:42:15,0.39,105.691
7649,12/09/2025 10:52:15,0.41,105.683
7650,12/09/2025 11:02:15,0.42,105.657
7651,12/09/2025 11:12:15,0.43,105.626
7652,12/09/2025 11:22:15,0.44,105.591
7653,12/09/2025 11:32:15,0.45,105.596
7654,12/09/2025 11:42:15,0.47,105.562
7655,12/09/2025 11:52:15,0.50,105.519
7656,12/09/2025 12:02:15,0.52,105.507
7657,12/09/2025 12:12:15,0.55,105.481
7658,12/09/2025 12:22:15,0.58,105.452
7659,12/09/2025 12:32:15,0.60,105.435
7660,12/09/2025 12:42:15,0.62,105.409
7661,12/09/2025 12:52:15,0.63,105.353
7662,12/09/2025 13:02:15,0.64,105.309
7663,12/09/2025 13:12:15,0.65,105.270
7664,12/09/2025 13:22:15,0.66,105.218
7665,12/09/2025 13:32:15,0.67,105.161
7666,12/09/2025 13:42:15,0.68,105.131
7667,12/09/2025 13:52:15,0.69,105.100
7668,12/09/2025 14:02:15,0.70,105.083
7669,12/09/2025 14:12:15,0.71,105.035
7670,12/09/2025 14:22:15,0.71,105.044
7671,12/09/2025 14:32:15,0.72,105.018
7672,12/09/2025 14:42:15,0.72,105.005
7673,12/09/2025 14:52:15,0.72,105.000
7674,12/09/2025 15:02:15,0.72,104.983
7675,12/09/2025 15:12:15,0.72,104.983
7676,12/09/2025 15:22:15,0.72,104.970
7677,12/09/2025 15:32:15,0.71,104.943
7678,12/09/2025 15:42:15,0.71,104.917
7679,12/09/2025 15:52:15,0.70,104.864
7680,12/09/2025 16:02:15,0.69,104.833
7681,12/09/2025 16:12:15,0.69,104.793
7682,12/09/2025 16:22:15,0.68,104.788
7683,12/09/2025 16:32:15,0.67,104.779
7684,12/09/2025 16:42:15,0.66,104.731
7685,12/09/2025 16:52:15,0.65,104.717
7686,12/09/2025 17:02:15,0.64,104.699
7687,12/09/2025 17:12:15,0.63,104.690
7688,12/09/2025 17:22:15,0.62,104.685
7689,12/09/2025 17:32:15,0.61,104.694
7690,12/09/2025 17:42:15,0.61,104.672
7691,12/09/2025 17:52:15,0.60,104.658
7692,12/09/2025 18:02:15,0.60,104.645
7693,12/09/2025 18:12:15,0.61,104.624
7694,12/09/2025 18:22:15,0.63,104.616
7695,12/09/2025 18:32:15,0.65,104.586
7696,12/09/2025 18:42:15,0.66,104.590
7697,12/09/2025 18:52:15,0.65,104.550
7698,12/09/2025 19:02:15,0.64,104.524
7699,12/09/2025 19:12:15,0.63,104.501
7700,12/09/2025 19:22:15,0.63,104.471
7701,12/09/2025 19:32:15,0.62,104.453
7702,12/09/2025 19:42:15,0.62,104.453
7703,12/09/2025 19:52:15,0.62,104.400
7704,12/09/2025 20:02:15,0.61,104.387
7705,12/09/2025 20:12:15,0.61,104.400
7706,12/09/2025 20:22:15,0.61,104.395
7707,12/09/2025 20:32:15,0.61,104.400
7708,12/09/2025 20:42:15,0.62,104.369
7709,12/09/2025 20:52:15,0.62,104.325
7710,12/09/2025 21:02:15,0.62,104.308
7711,12/09/2025 21:12:15,0.62,104.277
7712,12/09/2025 21:22:15,0.62,104.264
7713,12/09/2025 21:32:15,0.62,104.268
7714,12/09/2025 21:42:15,0.61,104.259
7715,12/09/2025 21:52:15,0.61,104.246
7716,12/09/2025 22:02:15,0.61,104.246
7717,12/09/2025 22:12:15,0.61,104.237
7718,12/09/2025 22:22:15,0.61,104.272
7719,12/09/2025 22:32:15,0.60,104.259
7720,12/09/2025 22:42:15,0.61,104.224
7721,12/09/2025 22:52:15,0.61,104.207
7722,12/09/2025 23:02:15,0.61,104.193
7723,12/09/2025 23:12:15,0.61,104.163
7724,12/09/2025 23:22:15,0.62,104.172
7725,12/09/2025 23:32:15,0.62,104.154
7726,12/09/2025 23:42:15,0.62,104.141
7727,12/09/2025 23:52:15,0.62,104.132
7728,12/10/2025 00:02:15,0.62,104.102
7729,12/10/2025 00:12:15,0.63,104.080
7730,12/10/2025 00:22:15,0.63,104.062
7731,12/10/2025 00:32:15,0.63,104.045
7732,12/10/2025 00:42:15,0.63,104.014
7733,12/10/2025 00:52:15,0.63,103.997
7734,12/10/2025 01:02:15,0.64,103.993
7735,12/10/2025 01:12:15,0.64,104.006
7736,12/10/2025 01:22:15,0.64,104.010
7737,12/10/2025 01:32:15,0.64,103.980
7738,12/10/2025 01:42:15,0.65,103.980
7739,12/10/2025 01:52:15,0.65,103.958
7740,12/10/2025 02:02:15,0.65,103.945
7741,12/10/2025 02:12:15,0.65,103.954
7742,12/10/2025 02:22:15,0.66,103.954
7743,12/10/2025 02:32:15,0.66,103.954
7744,12/10/2025 02:42:15,0.66,103.945
7745,12/10/2025 02:52:15,0.66,103.949
7746,12/10/2025 03:02:15,0.66,103.949
7747,12/10/2025 03:12:15,0.65,103.923
7748,12/10/2025 03:22:15,0.65,103.914
7749,12/10/2025 03:32:15,0.65,103.875
7750,12/10/2025 03:42:15,0.65,103.861
7751,12/10/2025 03:52:15,0.64,103.848
7752,12/10/2025 04:02:15,0.64,103.848
7753,12/10/2025 04:12:15,0.64,103.839
7754,12/10/2025 04:22:15,0.64,103.839
7755,12/10/2025 04:32:15,0.64,103.834
7756,12/10/2025 04:42:15,0.64,103.826
7757,12/10/2025 04:52:15,0.64,103.817
7758,12/10/2025 05:02:15,0.64,103.830
7759,12/10/2025 05:12:15,0.64,103.848
7760,12/10/2025 05:22:15,0.64,103.830
7761,12/10/2025 05:32:15,0.64,103.844
7762,12/10/2025 05:42:15,0.65,103.822
7763,12/10/2025 05:52:15,0.65,103.808
7764,12/10/2025 06:02:15,0.65,103.808
7765,12/10/2025 06:12:15,0.65,103.800
7766,12/10/2025 06:22:15,0.65,103.822
7767,12/10/2025 06:32:15,0.65,103.826
7768,12/10/2025 06:42:15,0.65,103.822
7769,12/10/2025 06:52:15,0.65,103.822
7770,12/10/2025 07:02:15,0.65,103.822
7771,12/10/2025 07:12:15,0.64,103.782
7772,12/10/2025 07:22:15,0.64,103.778
7773,12/10/2025 07:32:15,0.64,103.764
7774,12/10/2025 07:42:15,0.64,103.760
7775,12/10/2025 07:52:15,0.64,103.738
7776,12/10/2025 08:02:15,0.65,103.738
7777,12/10/2025 08:12:15,0.65,103.708
7778,12/10/2025 08:22:15,0.65,103.695
7779,12/10/2025 08:32:15,0.66,103.686
7780,12/10/2025 08:42:15,0.67,103.686
7781,12/10/2025 08:52:15,0.68,103.687
7782,12/10/2025 09:02:15,0.68,103.704
7783,12/10/2025 09:12:15,0.70,103.687
7784,12/10/2025 09:22:15,0.71,103.666
7785,12/10/2025 09:32:15,0.72,103.649
7786,12/10/2025 09:42:15,0.73,103.566
7787,12/10/2025 09:52:15,0.74,103.535
7788,12/10/2025 10:02:15,0.75,103.505
7789,12/10/2025 10:12:15,0.77,103.488
7790,12/10/2025 10:22:15,0.79,103.476
7791,12/10/2025 10:32:15,0.82,103.424
7792,12/10/2025 10:42:15,0.84,103.381
7793,12/10/2025 10:52:15,0.87,103.364
7794,12/10/2025 11:02:15,0.89,103.290
7795,12/10/2025 11:12:15,0.91,103.322
7796,12/10/2025 11:22:15,0.93,103.340
7797,12/10/2025 11:32:15,0.94,103.292
7798,12/10/2025 11:42:15,0.94,103.244
7799,12/10/2025 11:52:15,0.94,103.239
7800,12/10/2025 12:02:15,0.94,103.191
7801,12/10/2025 12:12:15,0.94,103.151
7802,12/10/2025 12:22:15,0.94,103.121
7803,12/10/2025 12:32:15,0.94,103.059
7804,12/10/2025 12:42:15,0.95,103.016
7805,12/10/2025 12:52:15,0.96,102.959
7806,12/10/2025 13:02:15,0.97,102.933
7807,12/10/2025 13:12:15,0.99,102.890
7808,12/10/2025 13:22:15,1.02,102.890
7809,12/10/2025 13:32:15,1.03,102.900
7810,12/10/2025 13:42:15,1.05,102.905
7811,12/10/2025 13:52:15,1.06,102.910
7812,12/10/2025 14:02:15,1.07,102.888
7813,12/10/2025 14:12:15,1.07,102.853
7814,12/10/2025 14:22:15,1.07,102.831
7815,12/10/2025 14:32:15,1.06,102.800
7816,12/10/2025 14:42:15,1.05,102.786
7817,12/10/2025 14:52:15,1.05,102.786
7818,12/10/2025 15:02:15,1.04,102.773
7819,12/10/2025 15:12:15,1.03,102.807
7820,12/10/2025 15:22:15,1.02,102.829
7821,12/10/2025 15:32:15,1.01,102.838
7822,12/10/2025 15:42:15,1.01,102.824
7823,12/10/2025 15:52:15,1.00,102.815
7824,12/10/2025 16:02:15,0.99,102.793
7825,12/10/2025 16:12:15,0.99,102.780
7826,12/10/2025 16:22:15,0.98,102.762
7827,12/10/2025 16:32:15,0.98,102.762
7828,12/10/2025 16:42:15,0.98,102.749
7829,12/10/2025 16:52:15,0.98,102.731
7830,12/10/2025 17:02:15,0.99,102.740
7831,12/10/2025 17:12:15,1.01,102.745
7832,12/10/2025 17:22:15,1.04,102.746
7833,12/10/2025 17:32:15,1.06,102.738
7834,12/10/2025 17:42:15,1.09,102.700
7835,12/10/2025 17:52:15,1.13,102.723
7836,12/10/2025 18:02:15,1.18,102.729
7837,12/10/2025 18:12:15,1.23,102.705
7838,12/10/2025 18:22:15,1.27,102.706
7839,12/10/2025 18:32:15,1.29,102.711
7840,12/10/2025 18:42:15,1.30,102.689
7841,12/10/2025 18:52:15,1.31,102.698
7842,12/10/2025 19:02:15,1.31,102.681
7843,12/10/2025 19:12:15,1.32,102.677
7844,12/10/2025 19:22:15,1.33,102.673
7845,12/10/2025 19:32:15,1.33,102.686
7846,12/10/2025 19:42:15,1.35,102.687
7847,12/10/2025 19:52:15,1.37,102.696
7848,12/10/2025 20:02:15,1.39,102.684
7849,12/10/2025 20:12:15,1.43,102.698
7850,12/10/2025 20:22:15,1.47,102.708
7851,12/10/2025 20:32:15,1.52,102.715
7852,12/10/2025 20:42:15,1.57,102.716
7853,12/10/2025 20:52:15,1.61,102.709
7854,12/10/2025 21:02:15,1.65,102.710
7855,12/10/2025 21:12:15,1.70,102.712
7856,12/10/2025 21:22:15,1.75,102.709
7857,12/10/2025 21:32:15,1.79,102.689
7858,12/10/2025 21:42:15,1.84,102.686
7859,12/10/2025 21:52:15,1.87,102.665
7860,12/10/2025 22:02:15,1.89,102.661
7861,12/10/2025 22:12:15,1.90,102.657
7862,12/10/2025 22:22:15,1.91,102.627
7863,12/10/2025 22:32:15,1.90,102.618
7864,12/10/2025 22:42:15,1.89,102.648
7865,12/10/2025 22:52:15,1.89,102.635
7866,12/10/2025 23:02:15,1.88,102.635
7867,12/10/2025 23:12:15,1.87,102.612
7868,12/10/2025 23:22:15,1.86,102.599
7869,12/10/2025 23:32:15,1.86,102.608
7870,12/10/2025 23:42:15,1.86,102.603
7871,12/10/2025 23:52:15,1.86,102.586
7872,12/11/2025 00:02:15,1.86,102.550
7873,12/11/2025 00:12:15,1.87,102.555
7874,12/11/2025 00:22:15,1.87,102.538
7875,12/11/2025 00:32:15,1.88,102.534
7876,12/11/2025 00:42:15,1.89,102.551
7877,12/11/2025 00:52:15,1.91,102.539
7878,12/11/2025 01:02:15,1.92,102.522
7879,12/11/2025 01:12:15,1.94,102.505
7880,12/11/2025 01:22:15,1.96,102.514
7881,12/11/2025 01:32:15,1.98,102.528
7882,12/11/2025 01:42:15,2.00,102.520
7883,12/11/2025 01:52:15,2.01,102.538
7884,12/11/2025 02:02:15,2.03,102.543
7885,12/11/2025 02:12:15,2.04,102.565
7886,12/11/2025 02:22:15,2.05,102.570
7887,12/11/2025 02:32:15,2.07,102.575
7888,12/11/2025 02:42:15,2.08,102.589
7889,12/11/2025 02:52:15,2.09,102.607
7890,12/11/2025 03:02:15,2.11,102.603
7891,12/11/2025 03:12:15,2.12,102.625
7892,12/11/2025 03:22:15,2.13,102.630
7893,12/11/2025 03:32:15,2.14,102.661
7894,12/11/2025 03:42:15,2.15,102.688
7895,12/11/2025 03:52:15,2.15,102.683
7896,12/11/2025 04:02:15,2.16,102.719
7897,12/11/2025 04:12:15,2.16,102.736
7898,12/11/2025 04:22:15,2.16,102.763
7899,12/11/2025 04:32:15,2.17,102.789
7900,12/11/2025 04:42:15,2.17,102.807
7901,12/11/2025 04:52:15,2.18,102.820
7902,12/11/2025 05:02:15,2.18,102.838
7903,12/11/2025 05:12:15,2.19,102.874
7904,12/11/2025 05:22:15,2.19,102.905
7905,12/11/2025 05:32:15,2.20,102.927
7906,12/11/2025 05:42:15,2.20,102.935
7907,12/11/2025 05:52:15,2.20,102.949
7908,12/11/2025 06:02:15,2.20,102.971
7909,12/11/2025 06:12:15,2.20,103.001
7910,12/11/2025 06:22:15,2.20,103.019
7911,12/11/2025 06:32:15,2.20,103.036
7912,12/11/2025 06:42:15,2.20,103.072
7913,12/11/2025 06:52:15,2.19,103.120
7914,12/11/2025 07:02:15,2.19,103.142
7915,12/11/2025 07:12:15,2.18,103.181
7916,12/11/2025 07:22:15,2.17,103.198
7917,12/11/2025 07:32:15,2.16,103.211
7918,12/11/2025 07:42:15,2.15,103.241
7919,12/11/2025 07:52:15,2.13,103.263
7920,12/11/2025 08:02:15,2.12,103.271
7921,12/11/2025 08:12:15,2.11,103.301
7922,12/11/2025 08:22:15,2.10,103.323
7923,12/11/2025 08:32:15,2.08,103.340
7924,12/11/2025 08:42:15,2.07,103.375
7925,12/11/2025 08:52:15,2.06,103.392
7926,12/11/2025 09:02:15,2.06,103.423
7927,12/11/2025 09:12:15,2.06,103.418
7928,12/11/2025 09:22:15,2.06,103.444
7929,12/11/2025 09:32:15,2.05,103.453
7930,12/11/2025 09:42:15,2.04,103.497
7931,12/11/2025 09:52:15,2.03,103.496
7932,12/11/2025 10:02:15,2.02,103.536
7933,12/11/2025 10:12:15,2.02,103.553
7934,12/11/2025 10:22:15,2.02,103.566
7935,12/11/2025 10:32:15,2.02,103.584
7936,12/11/2025 10:42:15,2.02,103.588
7937,12/11/2025 10:52:15,2.01,103.597
7938,12/11/2025 11:02:15,2.00,103.605
7939,12/11/2025 11:12:15,2.00,103.605
7940,12/11/2025 11:22:15,2.00,103.601
7941,12/11/2025 11:32:15,2.00,103.605
7942,12/11/2025 11:42:15,2.00,103.605
7943,12/11/2025 11:52:15,2.01,103.588
7944,12/11/2025 12:02:15,2.03,103.593
7945,12/11/2025 12:12:15,2.05,103.620
7946,12/11/2025 12:22:15,2.09,103.604
7947,12/11/2025 12:32:15,2.14,103.606
7948,12/11/2025 12:42:15,2.19,103.603
7949,12/11/2025 12:52:15,2.23,103.604
7950,12/11/2025 13:02:15,2.25,103.627
7951,12/11/2025 13:12:15,2.27,103.619
7952,12/11/2025 13:22:15,2.29,103.606
7953,12/11/2025 13:32:15,2.30,103.593
7954,12/11/2025 13:42:15,2.31,103.607
7955,12/11/2025 13:52:15,2.32,103.612
7956,12/11/2025 14:02:15,2.33,103.603
7957,12/11/2025 14:12:15,2.34,103.608
7958,12/11/2025 14:22:15,2.34,103.626
7959,12/11/2025 14:32:15,2.35,103.665
7960,12/11/2025 14:42:15,2.34,103.678
7961,12/11/2025 14:52:15,2.32,103.673
7962,12/11/2025 15:02:15,2.30,103.690
7963,12/11/2025 15:12:15,2.28,103.712
7964,12/11/2025 15:22:15,2.26,103.711
7965,12/11/2025 15:32:15,2.23,103.705
7966,12/11/2025 15:42:15,2.19,103.726
7967,12/11/2025 15:52:15,2.15,103.716
7968,12/11/2025 16:02:15,2.12,103.723
7969,12/11/2025 16:12:15,2.08,103.757
7970,12/11/2025 16:22:15,2.05,103.787
7971,12/11/2025 16:32:15,2.02,103.803
7972,12/11/2025 16:42:15,1.98,103.798
7973,12/11/2025 16:52:15,1.95,103.845
7974,12/11/2025 17:02:15,1.92,103.839
7975,12/11/2025 17:12:15,1.88,103.825
7976,12/11/2025 17:22:15,1.85,103.855
7977,12/11/2025 17:32:15,1.82,103.862
7978,12/11/2025 17:42:15,1.79,103.861
7979,12/11/2025 17:52:15,1.76,103.886
7980,12/11/2025 18:02:15,1.72,103.885
7981,12/11/2025 18:12:15,1.69,103.880
7982,12/11/2025 18:22:15,1.67,103.888
7983,12/11/2025 18:32:15,1.64,103.878
7984,12/11/2025 18:42:15,1.62,103.886
7985,12/11/2025 18:52:15,1.59,103.863
7986,12/11/2025 19:02:15,1.57,103.884
7987,12/11/2025 19:12:15,1.54,103.892
7988,12/11/2025 19:22:15,1.52,103.883
7989,12/11/2025 19:32:15,1.51,103.891
7990,12/11/2025 19:42:15,1.48,103.868
7991,12/11/2025 19:52:15,1.46,103.841
7992,12/11/2025 20:02:15,1.44,103.840
7993,12/11/2025 20:12:15,1.42,103.848
7994,12/11/2025 20:22:15,1.40,103.826
7995,12/11/2025 20:32:15,1.37,103.829
7996,12/11/2025 20:42:15,1.35,103.842
7997,12/11/2025 20:52:15,1.32,103.841
7998,12/11/2025 21:02:15,1.29,103.840
7999,12/11/2025 21:12:15,1.27,103.852
8000,12/11/2025 21:22:15,1.24,103.842
8001,12/11/2025 21:32:15,1.21,103.863
8002,12/11/2025 21:42:15,1.18,103.875
8003,12/11/2025 21:52:15,1.16,103.888
8004,12/11/2025 22:02:15,1.13,103.904
8005,12/11/2025 22:12:15,1.10,103.908
8006,12/11/2025 22:22:15,1.07,103.920
8007,12/11/2025 22:32:15,1.05,103.897
8008,12/11/2025 22:42:15,1.02,103.909
8009,12/11/2025 22:52:15,1.00,103.909
8010,12/11/2025 23:02:15,0.98,103.921
8011,12/11/2025 23:12:15,0.96,103.929
8012,12/11/2025 23:22:15,0.94,103.937
8013,12/11/2025 23:32:15,0.92,103.928
8014,12/11/2025 23:42:15,0.90,103.953
8015,12/11/2025 23:52:15,0.88,103.944
8016,12/12/2025 00:02:15,0.86,103.970
8017,12/12/2025 00:12:15,0.84,103.978
8018,12/12/2025 00:22:15,0.82,103.986
8019,12/12/2025 00:32:15,0.79,103.985
8020,12/12/2025 00:42:15,0.76,104.028
8021,12/12/2025 00:52:15,0.73,104.027
8022,12/12/2025 01:02:15,0.71,104.030
8023,12/12/2025 01:12:15,0.68,104.038
8024,12/12/2025 01:22:15,0.65,104.063
8025,12/12/2025 01:32:15,0.62,104.080
8026,12/12/2025 01:42:15,0.59,104.061
8027,12/12/2025 01:52:15,0.56,104.069
8028,12/12/2025 02:02:15,0.54,104.015
8029,12/12/2025 02:12:15,0.51,103.975
8030,12/12/2025 02:22:15,0.49,103.895
8031,12/12/2025 02:32:15,0.48,103.855
8032,12/12/2025 02:42:15,0.46,103.776
8033,12/12/2025 02:52:15,0.45,103.749
8034,12/12/2025 03:02:15,0.44,103.749
8035,12/12/2025 03:12:15,0.44,103.714
8036,12/12/2025 03:22:15,0.44,103.709
8037,12/12/2025 03:32:15,0.44,103.683
8038,12/12/2025 03:42:15,0.45,103.661
8039,12/12/2025 03:52:15,0.47,103.644
8040,12/12/2025 04:02:15,0.48,103.632
8041,12/12/2025 04:12:15,0.50,103.597
8042,12/12/2025 04:22:15,0.52,103.576
8043,12/12/2025 04:32:15,0.54,103.572
8044,12/12/2025 04:42:15,0.56,103.560
8045,12/12/2025 04:52:15,0.57,103.556
8046,12/12/2025 05:02:15,0.59,103.552
8047,12/12/2025 05:12:15,0.60,103.570
8048,12/12/2025 05:22:15,0.61,103.583
8049,12/12/2025 05:32:15,0.62,103.571
8050,12/12/2025 05:42:15,0.63,103.566
8051,12/12/2025 05:52:15,0.63,103.580
8052,12/12/2025 06:02:15,0.64,103.589
8053,12/12/2025 06:12:15,0.64,103.620
8054,12/12/2025 06:22:15,0.65,103.646
8055,12/12/2025 06:32:15,0.66,103.664
8056,12/12/2025 06:42:15,0.66,103.686
8057,12/12/2025 06:52:15,0.66,103.712
8058,12/12/2025 07:02:15,0.66,103.756
8059,12/12/2025 07:12:15,0.65,103.756
8060,12/12/2025 07:22:15,0.64,103.769
8061,12/12/2025 07:32:15,0.63,103.791
8062,12/12/2025 07:42:15,0.63,103.825
8063,12/12/2025 07:52:15,0.62,103.843
8064,12/12/2025 08:02:15,0.62,103.865
8065,12/12/2025 08:12:15,0.62,103.895
8066,12/12/2025 08:22:15,0.61,103.921
8067,12/12/2025 08:32:15,0.61,103.961
8068,12/12/2025 08:42:15,0.61,103.978
8069,12/12/2025 08:52:15,0.62,104.023
8070,12/12/2025 09:02:15,0.62,104.031
8071,12/12/2025 09:12:15,0.62,104.067
8072,12/12/2025 09:22:15,0.63,104.089
8073,12/12/2025 09:32:15,0.63,104.137
8074,12/12/2025 09:42:15,0.64,104.186
8075,12/12/2025 09:52:15,0.65,104.239
8076,12/12/2025 10:02:15,0.67,104.283
8077,12/12/2025 10:12:15,0.68,104.332
8078,12/12/2025 10:22:15,0.69,104.372
8079,12/12/2025 10:32:15,0.70,104.442
8080,12/12/2025 10:42:15,0.70,104.495
8081,12/12/2025 10:52:15,0.70,104.552
8082,12/12/2025 11:02:15,0.69,104.587
8083,12/12/2025 11:12:15,0.67,104.630
8084,12/12/2025 11:22:15,0.66,104.665
8085,12/12/2025 11:32:15,0.66,104.704
8086,12/12/2025 11:42:15,0.66,104.717
8087,12/12/2025 11:52:15,0.67,104.740
8088,12/12/2025 12:02:15,0.67,104.757
8089,12/12/2025 12:12:15,0.68,104.753
8090,12/12/2025 12:22:15,0.70,104.736
8091,12/12/2025 12:32:15,0.72,104.719
8092,12/12/2025 12:42:15,0.73,104.716
8093,12/12/2025 12:52:15,0.74,104.690
8094,12/12/2025 13:02:15,0.75,104.677
8095,12/12/2025 13:12:15,0.76,104.686
8096,12/12/2025 13:22:15,0.77,104.673
8097,12/12/2025 13:32:15,0.78,104.682
8098,12/12/2025 13:42:15,0.79,104.665
8099,12/12/2025 13:52:15,0.80,104.630
8100,12/12/2025 14:02:15,0.81,104.622
8101,12/12/2025 14:12:15,0.81,104.604
8102,12/12/2025 14:22:15,0.82,104.605
8103,12/12/2025 14:32:15,0.82,104.600
8104,12/12/2025 14:42:15,0.82,104.596
8105,12/12/2025 14:52:15,0.82,104.596
8106,12/12/2025 15:02:15,0.82,104.609
8107,12/12/2025 15:12:15,0.82,104.605
8108,12/12/2025 15:22:15,0.82,104.582
8109,12/12/2025 15:32:15,0.81,104.573
8110,12/12/2025 15:42:15,0.81,104.591
8111,12/12/2025 15:52:15,0.80,104.569
8112,12/12/2025 16:02:15,0.80,104.586
8113,12/12/2025 16:12:15,0.79,104.595
8114,12/12/2025 16:22:15,0.79,104.590
8115,12/12/2025 16:32:15,0.79,104.595
8116,12/12/2025 16:42:15,0.79,104.617
8117,12/12/2025 16:52:15,0.79,104.621
8118,12/12/2025 17:02:15,0.79,104.617
8119,12/12/2025 17:12:15,0.79,104.621
8120,12/12/2025 17:22:15,0.80,104.652
8121,12/12/2025 17:32:15,0.80,104.652
8122,12/12/2025 17:42:15,0.81,104.666
8123,12/12/2025 17:52:15,0.81,104.679
8124,12/12/2025 18:02:15,0.82,104.679
8125,12/12/2025 18:12:15,0.83,104.675
8126,12/12/2025 18:22:15,0.83,104.693
8127,12/12/2025 18:32:15,0.84,104.697
8128,12/12/2025 18:42:15,0.85,104.706
8129,12/12/2025 18:52:15,0.86,104.716
8130,12/12/2025 19:02:15,0.87,104.747
8131,12/12/2025 19:12:15,0.88,104.760
8132,12/12/2025 19:22:15,0.89,104.778
8133,12/12/2025 19:32:15,0.90,104.774
8134,12/12/2025 19:42:15,0.91,104.783
8135,12/12/2025 19:52:15,0.92,104.792
8136,12/12/2025 20:02:15,0.93,104.806
8137,12/12/2025 20:12:15,0.94,104.806
8138,12/12/2025 20:22:15,0.95,104.802
8139,12/12/2025 20:32:15,0.96,104.811
8140,12/12/2025 20:42:15,0.97,104.812
8141,12/12/2025 20:52:15,0.98,104.825
8142,12/12/2025 21:02:15,0.99,104.826
8143,12/12/2025 21:12:15,0.99,104.843
8144,12/12/2025 21:22:15,1.00,104.848
8145,12/12/2025 21:32:15,1.01,104.853
8146,12/12/2025 21:42:15,1.02,104.853
8147,12/12/2025 21:52:15,1.03,104.853
8148,12/12/2025 22:02:15,1.03,104.888
8149,12/12/2025 22:12:15,1.03,104.880
8150,12/12/2025 22:22:15,1.04,104.898
8151,12/12/2025 22:32:15,1.05,104.911
8152,12/12/2025 22:42:15,1.05,104.916
8153,12/12/2025 22:52:15,1.06,104.929
8154,12/12/2025 23:02:15,1.08,104.938
8155,12/12/2025 23:12:15,1.09,104.926
8156,12/12/2025 23:22:15,1.09,104.935
8157,12/12/2025 23:32:15,1.10,104.935
8158,12/12/2025 23:42:15,1.11,104.948
8159,12/12/2025 23:52:15,1.12,104.953
8160,12/13/2025 00:02:15,1.13,104.940
8161,12/13/2025 00:12:15,1.14,104.936
8162,12/13/2025 00:22:15,1.15,104.945
8163,12/13/2025 00:32:15,1.16,104.946
8164,12/13/2025 00:42:15,1.17,104.955
8165,12/13/2025 00:52:15,1.19,104.969
8166,12/13/2025 01:02:15,1.20,104.973
8167,12/13/2025 01:12:15,1.21,105.000
8168,12/13/2025 01:22:15,1.22,105.000
8169,12/13/2025 01:32:15,1.22,105.009
8170,12/13/2025 01:42:15,1.23,105.005
8171,12/13/2025 01:52:15,1.23,105.018
8172,12/13/2025 02:02:15,1.23,105.023
8173,12/13/2025 02:12:15,1.23,105.023
8174,12/13/2025 02:22:15,1.23,105.045
8175,12/13/2025 02:32:15,1.22,105.027
8176,12/13/2025 02:42:15,1.22,105.040
8177,12/13/2025 02:52:15,1.22,105.049
8178,12/13/2025 03:02:15,1.21,105.018
8179,12/13/2025 03:12:15,1.21,105.035
8180,12/13/2025 03:22:15,1.20,105.031
8181,12/13/2025 03:32:15,1.19,105.030
8182,12/13/2025 03:42:15,1.18,104.999
8183,12/13/2025 03:52:15,1.17,104.977
8184,12/13/2025 04:02:15,1.16,104.963
8185,12/13/2025 04:12:15,1.15,104.985
8186,12/13/2025 04:22:15,1.14,104.993
8187,12/13/2025 04:32:15,1.12,104.966
8188,12/13/2025 04:42:15,1.11,104.997
8189,12/13/2025 04:52:15,1.10,105.027
8190,12/13/2025 05:02:15,1.09,104.987
8191,12/13/2025 05:12:15,1.08,105.013
8192,12/13/2025 05:22:15,1.07,105.022
8193,12/13/2025 05:32:15,1.06,105.039
8194,12/13/2025 05:42:15,1.06,105.030
8195,12/13/2025 05:52:15,1.05,105.021
8196,12/13/2025 06:02:15,1.04,105.038
8197,12/13/2025 06:12:15,1.04,105.025
8198,12/13/2025 06:22:15,1.03,105.029
8199,12/13/2025 06:32:15,1.02,105.007
8200,12/13/2025 06:42:15,1.01,104.993
8201,12/13/2025 06:52:15,1.00,104.993
8202,12/13/2025 07:02:15,1.00,105.006
8203,12/13/2025 07:12:15,0.99,105.019
8204,12/13/2025 07:22:15,0.99,104.984
8205,12/13/2025 07:32:15,0.98,104.983
8206,12/13/2025 07:42:15,0.98,104.979
8207,12/13/2025 07:52:15,0.98,104.988
8208,12/13/2025 08:02:15,0.98,104.983
8209,12/13/2025 08:12:15,0.98,104.988
8210,12/13/2025 08:22:15,0.98,104.979
8211,12/13/2025 08:32:15,0.99,105.005
8212,12/13/2025 08:42:15,0.99,104.997
8213,12/13/2025 08:52:15,1.00,104.971
8214,12/13/2025 09:02:15,1.01,104.958
8215,12/13/2025 09:12:15,1.02,104.985
8216,12/13/2025 09:22:15,1.03,104.981
8217,12/13/2025 09:32:15,1.04,104.990
8218,12/13/2025 09:42:15,1.06,104.986
8219,12/13/2025 09:52:15,1.07,104.969
8220,12/13/2025 10:02:15,1.09,104.974
8221,12/13/2025 10:12:15,1.11,104.944
8222,12/13/2025 10:22:15,1.13,104.931
8223,12/13/2025 10:32:15,1.15,104.919
8224,12/13/2025 10:42:15,1.17,104.889
8225,12/13/2025 10:52:15,1.20,104.886
8226,12/13/2025 11:02:15,1.22,104.856
8227,12/13/2025 11:12:15,1.25,104.835
8228,12/13/2025 11:22:15,1.27,104.831
8229,12/13/2025 11:32:15,1.30,104.810
8230,12/13/2025 11:42:15,1.32,104.780
8231,12/13/2025 11:52:15,1.34,104.772
8232,12/13/2025 12:02:15,1.35,104.777
8233,12/13/2025 12:12:15,1.37,104.773
8234,12/13/2025 12:22:15,1.38,104.738
8235,12/13/2025 12:32:15,1.40,104.734
8236,12/13/2025 12:42:15,1.41,104.713
8237,12/13/2025 12:52:15,1.43,104.718
8238,12/13/2025 13:02:15,1.44,104.688
8239,12/13/2025 13:12:15,1.46,104.675
8240,12/13/2025 13:22:15,1.48,104.636
8241,12/13/2025 13:32:15,1.50,104.637
8242,12/13/2025 13:42:15,1.52,104.625
8243,12/13/2025 13:52:15,1.53,104.616
8244,12/13/2025 14:02:15,1.55,104.613
8245,12/13/2025 14:12:15,1.56,104.596
8246,12/13/2025 14:22:15,1.58,104.570
8247,12/13/2025 14:32:15,1.59,104.548
8248,12/13/2025 14:42:15,1.61,104.553
8249,12/13/2025 14:52:15,1.62,104.549
8250,12/13/2025 15:02:15,1.64,104.515
8251,12/13/2025 15:12:15,1.65,104.542
8252,12/13/2025 15:22:15,1.67,104.547
8253,12/13/2025 15:32:15,1.68,104.538
8254,12/13/2025 15:42:15,1.70,104.526
8255,12/13/2025 15:52:15,1.71,104.552
8256,12/13/2025 16:02:15,1.72,104.553
8257,12/13/2025 16:12:15,1.73,104.566
8258,12/13/2025 16:22:15,1.73,104.584
8259,12/13/2025 16:32:15,1.74,104.602
8260,12/13/2025 16:42:15,1.74,104.628
8261,12/13/2025 16:52:15,1.75,104.641
8262,12/13/2025 17:02:15,1.75,104.646
8263,12/13/2025 17:12:15,1.76,104.642
8264,12/13/2025 17:22:15,1.77,104.642
8265,12/13/2025 17:32:15,1.77,104.647
8266,12/13/2025 17:42:15,1.78,104.638
8267,12/13/2025 17:52:15,1.79,104.652
8268,12/13/2025 18:02:15,1.79,104.634
8269,12/13/2025 18:12:15,1.80,104.626
8270,12/13/2025 18:22:15,1.81,104.635
8271,12/13/2025 18:32:15,1.81,104.626
8272,12/13/2025 18:42:15,1.81,104.657
8273,12/13/2025 18:52:15,1.82,104.648
8274,12/13/2025 19:02:15,1.82,104.649
8275,12/13/2025 19:12:15,1.83,104.622
8276,12/13/2025 19:22:15,1.83,104.609
8277,12/13/2025 19:32:15,1.84,104.632
8278,12/13/2025 19:42:15,1.85,104.614
8279,12/13/2025 19:52:15,1.86,104.632
8280,12/13/2025 20:02:15,1.86,104.619
8281,12/13/2025 20:12:15,1.87,104.589
8282,12/13/2025 20:22:15,1.87,104.602
8283,12/13/2025 20:32:15,1.87,104.624
8284,12/13/2025 20:42:15,1.88,104.598
8285,12/13/2025 20:52:15,1.88,104.594
8286,12/13/2025 21:02:15,1.89,104.594
8287,12/13/2025 21:12:15,1.89,104.598
8288,12/13/2025 21:22:15,1.90,104.612
8289,12/13/2025 21:32:15,1.90,104.598
8290,12/13/2025 21:42:15,1.90,104.590
8291,12/13/2025 21:52:15,1.91,104.568
8292,12/13/2025 22:02:15,1.91,104.559
8293,12/13/2025 22:12:15,1.92,104.551
8294,12/13/2025 22:22:15,1.92,104.551
8295,12/13/2025 22:32:15,1.92,104.551
8296,12/13/2025 22:42:15,1.93,104.586
8297,12/13/2025 22:52:15,1.93,104.600
8298,12/13/2025 23:02:15,1.93,104.613
8299,12/13/2025 23:12:15,1.94,104.604
8300,12/13/2025 23:22:15,1.94,104.582
8301,12/13/2025 23:32:15,1.94,104.560
8302,12/13/2025 23:42:15,1.94,104.552
8303,12/13/2025 23:52:15,1.95,104.530
8304,12/14/2025 00:02:15,1.95,104.543
8305,12/14/2025 00:12:15,1.95,104.535
8306,12/14/2025 00:22:15,1.95,104.521
8307,12/14/2025 00:32:15,1.96,104.513
8308,12/14/2025 00:42:15,1.96,104.513
8309,12/14/2025 00:52:15,1.96,104.513
8310,12/14/2025 01:02:15,1.96,104.522
8311,12/14/2025 01:12:15,1.96,104.522
8312,12/14/2025 01:22:15,1.96,104.513
8313,12/14/2025 01:32:15,1.96,104.500
8314,12/14/2025 01:42:15,1.96,104.504
8315,12/14/2025 01:52:15,1.96,104.513
8316,12/14/2025 02:02:15,1.96,104.513
8317,12/14/2025 02:12:15,1.96,104.517
8318,12/14/2025 02:22:15,1.96,104.504
8319,12/14/2025 02:32:15,1.97,104.504
8320,12/14/2025 02:42:15,1.97,104.500
8321,12/14/2025 02:52:15,1.97,104.482
8322,12/14/2025 03:02:15,1.97,104.478
8323,12/14/2025 03:12:15,1.97,104.465
8324,12/14/2025 03:22:15,1.98,104.469
8325,12/14/2025 03:32:15,1.97,104.443
8326,12/14/2025 03:42:15,1.98,104.439
8327,12/14/2025 03:52:15,1.98,104.404
8328,12/14/2025 04:02:15,1.98,104.395
8329,12/14/2025 04:12:15,1.98,104.390
8330,12/14/2025 04:22:15,1.98,104.395
8331,12/14/2025 04:32:15,1.98,104.377
8332,12/14/2025 04:42:15,1.97,104.373
8333,12/14/2025 04:52:15,1.97,104.342
8334,12/14/2025 05:02:15,1.97,104.346
8335,12/14/2025 05:12:15,1.97,104.342
8336,12/14/2025 05:22:15,1.96,104.350
8337,12/14/2025 05:32:15,1.96,104.355
8338,12/14/2025 05:42:15,1.95,104.350
8339,12/14/2025 05:52:15,1.95,104.363
8340,12/14/2025 06:02:15,1.94,104.358
8341,12/14/2025 06:12:15,1.94,104.363
8342,12/14/2025 06:22:15,1.93,104.358
8343,12/14/2025 06:32:15,1.92,104.349
8344,12/14/2025 06:42:15,1.92,104.345
8345,12/14/2025 06:52:15,1.91,104.375
8346,12/14/2025 07:02:15,1.91,104.388
8347,12/14/2025 07:12:15,1.90,104.414
8348,12/14/2025 07:22:15,1.90,104.418
8349,12/14/2025 07:32:15,1.89,104.427
8350,12/14/2025 07:42:15,1.89,104.444
8351,12/14/2025 07:52:15,1.88,104.440
8352,12/14/2025 08:02:15,1.88,104.462
8353,12/14/2025 08:12:15,1.88,104.448
8354,12/14/2025 08:22:15,1.87,104.497
8355,12/14/2025 08:32:15,1.87,104.488
8356,12/14/2025 08:42:15,1.86,104.487
8357,12/14/2025 08:52:15,1.86,104.483
8358,12/14/2025 09:02:15,1.86,104.492
8359,12/14/2025 09:12:15,1.87,104.474
8360,12/14/2025 09:22:15,1.87,104.461
8361,12/14/2025 09:32:15,1.87,104.444
8362,12/14/2025 09:42:15,1.88,104.479
8363,12/14/2025 09:52:15,1.89,104.436
8364,12/14/2025 10:02:15,1.90,104.449
8365,12/14/2025 10:12:15,1.91,104.441
8366,12/14/2025 10:22:15,1.92,104.450
8367,12/14/2025 10:32:15,1.93,104.446
8368,12/14/2025 10:42:15,1.94,104.455
8369,12/14/2025 10:52:15,1.95,104.429
8370,12/14/2025 11:02:15,1.96,104.368
8371,12/14/2025 11:12:15,1.97,104.368
8372,12/14/2025 11:22:15,1.98,104.373
8373,12/14/2025 11:32:15,1.99,104.351
8374,12/14/2025 11:42:15,2.00,104.382
8375,12/14/2025 11:52:15,2.01,104.356
8376,12/14/2025 12:02:15,2.02,104.348
8377,12/14/2025 12:12:15,2.04,104.336
8378,12/14/2025 12:22:15,2.06,104.327
8379,12/14/2025 12:32:15,2.08,104.320
8380,12/14/2025 12:42:15,2.11,104.298
8381,12/14/2025 12:52:15,2.14,104.273
8382,12/14/2025 13:02:15,2.16,104.265
8383,12/14/2025 13:12:15,2.19,104.257
8384,12/14/2025 13:22:15,2.22,104.241
8385,12/14/2025 13:32:15,2.25,104.251
8386,12/14/2025 13:42:15,2.27,104.282
8387,12/14/2025 13:52:15,2.28,104.283
8388,12/14/2025 14:02:15,2.29,104.261
8389,12/14/2025 14:12:15,2.30,104.270
8390,12/14/2025 14:22:15,2.30,104.252
8391,12/14/2025 14:32:15,2.30,104.261
8392,12/14/2025 14:42:15,2.30,104.261
8393,12/14/2025 14:52:15,2.30,104.274
8394,12/14/2025 15:02:15,2.30,104.261
8395,12/14/2025 15:12:15,2.30,104.288
8396,12/14/2025 15:22:15,2.31,104.305
8397,12/14/2025 15:32:15,2.31,104.314
8398,12/14/2025 15:42:15,2.30,104.318
8399,12/14/2025 15:52:15,2.30,104.323
8400,12/14/2025 16:02:15,2.29,104.353
8401,12/14/2025 16:12:15,2.27,104.379
8402,12/14/2025 16:22:15,2.25,104.391
8403,12/14/2025 16:32:15,2.23,104.421
8404,12/14/2025 16:42:15,2.20,104.429
8405,12/14/2025 16:52:15,2.17,104.446
8406,12/14/2025 17:02:15,2.15,104.458
8407,12/14/2025 17:12:15,2.12,104.479
8408,12/14/2025 17:22:15,2.09,104.478
8409,12/14/2025 17:32:15,2.06,104.494
8410,12/14/2025 17:42:15,2.04,104.502
8411,12/14/2025 17:52:15,2.01,104.523
8412,12/14/2025 18:02:15,1.98,104.531
8413,12/14/2025 18:12:15,1.96,104.530
8414,12/14/2025 18:22:15,1.93,104.542
8415,12/14/2025 18:32:15,1.90,104.577
8416,12/14/2025 18:42:15,1.87,104.571
8417,12/14/2025 18:52:15,1.84,104.583
8418,12/14/2025 19:02:15,1.81,104.587
8419,12/14/2025 19:12:15,1.79,104.599
8420,12/14/2025 19:22:15,1.78,104.594
8421,12/14/2025 19:32:15,1.76,104.611
8422,12/14/2025 19:42:15,1.74,104.602
8423,12/14/2025 19:52:15,1.72,104.623
8424,12/14/2025 20:02:15,1.70,104.622
8425,12/14/2025 20:12:15,1.68,104.621
8426,12/14/2025 20:22:15,1.66,104.608
8427,12/14/2025 20:32:15,1.64,104.616
8428,12/14/2025 20:42:15,1.62,104.633
8429,12/14/2025 20:52:15,1.61,104.619
8430,12/14/2025 21:02:15,1.59,104.623
8431,12/14/2025 21:12:15,1.57,104.626
8432,12/14/2025 21:22:15,1.55,104.626
8433,12/14/2025 21:32:15,1.53,104.643
8434,12/14/2025 21:42:15,1.51,104.642
8435,12/14/2025 21:52:15,1.49,104.641
8436,12/14/2025 22:02:15,1.47,104.645
8437,12/14/2025 22:12:15,1.46,104.666
8438,12/14/2025 22:22:15,1.44,104.670
8439,12/14/2025 22:32:15,1.41,104.687
8440,12/14/2025 22:42:15,1.38,104.681
8441,12/14/2025 22:52:15,1.35,104.707
8442,12/14/2025 23:02:15,1.32,104.692
8443,12/14/2025 23:12:15,1.28,104.713
8444,12/14/2025 23:22:15,1.25,104.699
8445,12/14/2025 23:32:15,1.20,104.693
8446,12/14/2025 23:42:15,1.16,104.700
8447,12/14/2025 23:52:15,1.12,104.699
8448,12/15/2025 00:02:15,1.08,104.693
8449,12/15/2025 00:12:15,1.04,104.665
8450,12/15/2025 00:22:15,1.00,104.681
8451,12/15/2025 00:32:15,0.96,104.680
8452,12/15/2025 00:42:15,0.92,104.678
8453,12/15/2025 00:52:15,0.88,104.694
8454,12/15/2025 01:02:15,0.84,104.684
8455,12/15/2025 01:12:15,0.80,104.696
8456,12/15/2025 01:22:15,0.76,104.708
8457,12/15/2025 01:32:15,0.72,104.689
8458,12/15/2025 01:42:15,0.68,104.687
8459,12/15/2025 01:52:15,0.65,104.708
8460,12/15/2025 02:02:15,0.61,104.738
8461,12/15/2025 02:12:15,0.57,104.732
8462,12/15/2025 02:22:15,0.54,104.709
8463,12/15/2025 02:32:15,0.51,104.638
8464,12/15/2025 02:42:15,0.48,104.575
8465,12/15/2025 02:52:15,0.45,104.464
8466,12/15/2025 03:02:15,0.42,104.371
8467,12/15/2025 03:12:15,0.40,104.278
8468,12/15/2025 03:22:15,0.37,104.212
8469,12/15/2025 03:32:15,0.36,104.128
8470,12/15/2025 03:42:15,0.36,104.070
8471,12/15/2025 03:52:15,0.36,104.031
8472,12/15/2025 04:02:15,0.37,104.001
8473,12/15/2025 04:12:15,0.38,103.948
8474,12/15/2025 04:22:15,0.40,103.958
8475,12/15/2025 04:32:15,0.42,103.959
8476,12/15/2025 04:42:15,0.46,103.960
8477,12/15/2025 04:52:15,0.50,104.001
8478,12/15/2025 05:02:15,0.54,104.081
8479,12/15/2025 05:12:15,0.57,104.161
8480,12/15/2025 05:22:15,0.60,104.233
8481,12/15/2025 05:32:15,0.63,104.352
8482,12/15/2025 05:42:15,0.66,104.481
8483,12/15/2025 05:52:15,0.69,104.618
8484,12/15/2025 06:02:15,0.72,104.755
8485,12/15/2025 06:12:15,0.76,104.870
8486,12/15/2025 06:22:15,0.78,104.981
8487,12/15/2025 06:32:15,0.79,105.042
8488,12/15/2025 06:42:15,0.78,105.086
8489,12/15/2025 06:52:15,0.74,105.089
8490,12/15/2025 07:02:15,0.70,105.083
8491,12/15/2025 07:12:15,0.66,105.068
8492,12/15/2025 07:22:15,0.62,105.058
8493,12/15/2025 07:32:15,0.58,105.017
8494,12/15/2025 07:42:15,0.55,104.994
8495,12/15/2025 07:52:15,0.52,104.971
8496,12/15/2025 08:02:15,0.50,104.979
8497,12/15/2025 08:12:15,0.48,104.974
8498,12/15/2025 08:22:15,0.46,105.000
8499,12/15/2025 08:32:15,0.46,105.026
8500,12/15/2025 08:42:15,0.45,105.044
8501,12/15/2025 08:52:15,0.45,105.065
8502,12/15/2025 09:02:15,0.45,105.092
8503,12/15/2025 09:12:15,0.45,105.096
8504,12/15/2025 09:22:15,0.47,105.114
8505,12/15/2025 09:32:15,0.48,105.168
8506,12/15/2025 09:42:15,0.50,105.186
8507,12/15/2025 09:52:15,0.51,105.225
8508,12/15/2025 10:02:15,0.52,105.244
8509,12/15/2025 10:12:15,0.53,105.239
8510,12/15/2025 10:22:15,0.54,105.266
8511,12/15/2025 10:32:15,0.56,105.267
8512,12/15/2025 10:42:15,0.57,105.267
8513,12/15/2025 10:52:15,0.58,105.276
8514,12/15/2025 11:02:15,0.58,105.285
8515,12/15/2025 11:12:15,0.58,105.272
8516,12/15/2025 11:22:15,0.59,105.250
8517,12/15/2025 11:32:15,0.60,105.281
8518,12/15/2025 11:42:15,0.61,105.282
8519,12/15/2025 11:52:15,0.63,105.282
8520,12/15/2025 12:02:15,0.65,105.283
8521,12/15/2025 12:12:15,0.67,105.279
8522,12/15/2025 12:22:15,0.69,105.272
8523,12/15/2025 12:32:15,0.72,105.237
8524,12/15/2025 12:42:15,0.73,105.238
8525,12/15/2025 12:52:15,0.73,105.207
8526,12/15/2025 13:02:15,0.73,105.185
8527,12/15/2025 13:12:15,0.73,105.176
8528,12/15/2025 13:22:15,0.73,105.159
8529,12/15/2025 13:32:15,0.73,105.128
8530,12/15/2025 13:42:15,0.73,105.106
8531,12/15/2025 13:52:15,0.73,105.097
8532,12/15/2025 14:02:15,0.72,105.066
8533,12/15/2025 14:12:15,0.72,105.075
8534,12/15/2025 14:22:15,0.71,105.062
8535,12/15/2025 14:32:15,0.70,105.057
8536,12/15/2025 14:42:15,0.69,105.048
8537,12/15/2025 14:52:15,0.68,105.065
8538,12/15/2025 15:02:15,0.67,105.056
8539,12/15/2025 15:12:15,0.66,105.051
8540,12/15/2025 15:22:15,0.64,105.050
8541,12/15/2025 15:32:15,0.63,105.046
8542,12/15/2025 15:42:15,0.63,105.041
8543,12/15/2025 15:52:15,0.62,105.036
8544,12/15/2025 16:02:15,0.61,105.001
8545,12/15/2025 16:12:15,0.60,105.000
8546,12/15/2025 16:22:15,0.59,104.996
8547,12/15/2025 16:32:15,0.58,104.969
8548,12/15/2025 16:42:15,0.56,104.947
8549,12/15/2025 16:52:15,0.56,104.951
8550,12/15/2025 17:02:15,0.56,104.946
8551,12/15/2025 17:12:15,0.55,104.942
8552,12/15/2025 17:22:15,0.55,104.950
8553,12/15/2025 17:32:15,0.54,104.924
8554,12/15/2025 17:42:15,0.53,104.932
8555,12/15/2025 17:52:15,0.52,104.945
8556,12/15/2025 18:02:15,0.51,104.936
8557,12/15/2025 18:12:15,0.50,104.944
8558,12/15/2025 18:22:15,0.49,104.949
8559,12/15/2025 18:32:15,0.49,104.935
8560,12/15/2025 18:42:15,0.48,104.939
8561,12/15/2025 18:52:15,0.48,104.952
8562,12/15/2025 19:02:15,0.48,104.948
8563,12/15/2025 19:12:15,0.48,104.939
8564,12/15/2025 19:22:15,0.48,104.935
8565,12/15/2025 19:32:15,0.48,104.957
8566,12/15/2025 19:42:15,0.48,104.948
8567,12/15/2025 19:52:15,0.48,104.953
8568,12/15/2025 20:02:15,0.49,104.957
8569,12/15/2025 20:12:15,0.49,104.940
8570,12/15/2025 20:22:15,0.50,104.949
8571,12/15/2025 20:32:15,0.50,104.962
8572,12/15/2025 20:42:15,0.50,104.966
8573,12/15/2025 20:52:15,0.50,104.988
8574,12/15/2025 21:02:15,0.51,105.006
8575,12/15/2025 21:12:15,0.51,104.984
8576,12/15/2025 21:22:15,0.52,104.967
8577,12/15/2025 21:32:15,0.52,104.967
8578,12/15/2025 21:42:15,0.52,104.976
8579,12/15/2025 21:52:15,0.52,104.954
8580,12/15/2025 22:02:15,0.51,104.949
8581,12/15/2025 22:12:15,0.51,104.953
8582,12/15/2025 22:22:15,0.50,104.975
8583,12/15/2025 22:32:15,0.49,104.957
8584,12/15/2025 22:42:15,0.48,104.974
8585,12/15/2025 22:52:15,0.47,104.970
8586,12/15/2025 23:02:15,0.46,104.978
8587,12/15/2025 23:12:15,0.45,104.991
8588,12/15/2025 23:22:15,0.45,104.986
8589,12/15/2025 23:32:15,0.44,104.969
8590,12/15/2025 23:42:15,0.44,104.964
8591,12/15/2025 23:52:15,0.43,104.973
8592,12/16/2025 00:02:15,0.43,104.977
8593,12/16/2025 00:12:15,0.42,104.981
8594,12/16/2025 00:22:15,0.41,104.972
8595,12/16/2025 00:32:15,0.40,104.972
8596,12/16/2025 00:42:15,0.39,104.962
8597,12/16/2025 00:52:15,0.38,104.949
8598,12/16/2025 01:02:15,0.37,104.966
8599,12/16/2025 01:12:15,0.37,104.962
8600,12/16/2025 01:22:15,0.36,104.939
8601,12/16/2025 01:32:15,0.35,104.952
8602,12/16/2025 01:42:15,0.35,104.974
8603,12/16/2025 01:52:15,0.35,104.974
8604,12/16/2025 02:02:15,0.35,104.983
8605,12/16/2025 02:12:15,0.35,104.970
8606,12/16/2025 02:22:15,0.35,104.983
8607,12/16/2025 02:32:15,0.36,104.974
8608,12/16/2025 02:42:15,0.36,104.983
8609,12/16/2025 02:52:15,0.37,104.957
8610,12/16/2025 03:02:15,0.38,104.958
8611,12/16/2025 03:12:15,0.39,104.962
8612,12/16/2025 03:22:15,0.39,104.945
8613,12/16/2025 03:32:15,0.40,104.958
8614,12/16/2025 03:42:15,0.41,104.959
8615,12/16/2025 03:52:15,0.41,104.950
8616,12/16/2025 04:02:15,0.42,104.955
8617,12/16/2025 04:12:15,0.43,104.937
8618,12/16/2025 04:22:15,0.43,104.946
8619,12/16/2025 04:32:15,0.44,104.951
8620,12/16/2025 04:42:15,0.45,104.960
8621,12/16/2025 04:52:15,0.45,104.982
8622,12/16/2025 05:02:15,0.45,104.978
8623,12/16/2025 05:12:15,0.45,105.004
8624,12/16/2025 05:22:15,0.46,105.009
8625,12/16/2025 05:32:15,0.46,105.031
8626,12/16/2025 05:42:15,0.46,105.031
8627,12/16/2025 05:52:15,0.46,105.048
8628,12/16/2025 06:02:15,0.47,105.066
8629,12/16/2025 06:12:15,0.47,105.079
8630,12/16/2025 06:22:15,0.47,105.097
8631,12/16/2025 06:32:15,0.48,105.119
8632,12/16/2025 06:42:15,0.48,105.132
8633,12/16/2025 06:52:15,0.49,105.119
8634,12/16/2025 07:02:15,0.49,105.119
8635,12/16/2025 07:12:15,0.49,105.098
8636,12/16/2025 07:22:15,0.49,105.124
8637,12/16/2025 07:32:15,0.49,105.106
8638,12/16/2025 07:42:15,0.49,105.146
8639,12/16/2025 07:52:15,0.50,105.142
8640,12/16/2025 08:02:15,0.50,105.133
8641,12/16/2025 08:12:15,0.51,105.125
8642,12/16/2025 08:22:15,0.51,105.147
8643,12/16/2025 08:32:15,0.52,105.121
8644,12/16/2025 08:42:15,0.52,105.116
8645,12/16/2025 08:52:15,0.53,105.121
8646,12/16/2025 09:02:15,0.53,105.099
8647,12/16/2025 09:12:15,0.54,105.069
8648,12/16/2025 09:22:15,0.55,105.073
8649,12/16/2025 09:32:15,0.55,105.074
8650,12/16/2025 09:42:15,0.57,105.096
8651,12/16/2025 09:52:15,0.58,105.123
8652,12/16/2025 10:02:15,0.61,105.141
8653,12/16/2025 10:12:15,0.63,105.142
8654,12/16/2025 10:22:15,0.66,105.130
8655,12/16/2025 10:32:15,0.70,105.140
8656,12/16/2025 10:42:15,0.73,105.124
8657,12/16/2025 10:52:15,0.76,105.107
8658,12/16/2025 11:02:15,0.78,105.099
8659,12/16/2025 11:12:15,0.80,105.078
8660,12/16/2025 11:22:15,0.82,105.061
8661,12/16/2025 11:32:15,0.84,105.035
8662,12/16/2025 11:42:15,0.87,104.984
8663,12/16/2025 11:52:15,0.90,104.963
8664,12/16/2025 12:02:15,0.93,104.960
8665,12/16/2025 12:12:15,0.97,104.943
8666,12/16/2025 12:22:15,1.00,104.940
8667,12/16/2025 12:32:15,1.04,104.937
8668,12/16/2025 12:42:15,1.06,104.916
8669,12/16/2025 12:52:15,1.08,104.912
8670,12/16/2025 13:02:15,1.09,104.908
8671,12/16/2025 13:12:15,1.10,104.873
8672,12/16/2025 13:22:15,1.11,104.865
8673,12/16/2025 13:32:15,1.11,104.843
8674,12/16/2025 13:42:15,1.11,104.843
8675,12/16/2025 13:52:15,1.10,104.816
8676,12/16/2025 14:02:15,1.09,104.798
8677,12/16/2025 14:12:15,1.08,104.824
8678,12/16/2025 14:22:15,1.07,104.828
8679,12/16/2025 14:32:15,1.05,104.797
8680,12/16/2025 14:42:15,1.03,104.831
8681,12/16/2025 14:52:15,1.02,104.822
8682,12/16/2025 15:02:15,1.00,104.839
8683,12/16/2025 15:12:15,0.98,104.834
8684,12/16/2025 15:22:15,0.96,104.842
8685,12/16/2025 15:32:15,0.94,104.833
8686,12/16/2025 15:42:15,0.92,104.814
8687,12/16/2025 15:52:15,0.90,104.814
8688,12/16/2025 16:02:15,0.89,104.813
8689,12/16/2025 16:12:15,0.87,104.813
8690,12/16/2025 16:22:15,0.86,104.830
8691,12/16/2025 16:32:15,0.85,104.834
8692,12/16/2025 16:42:15,0.83,104.846
8693,12/16/2025 16:52:15,0.82,104.850
8694,12/16/2025 17:02:15,0.80,104.841
8695,12/16/2025 17:12:15,0.78,104.849
8696,12/16/2025 17:22:15,0.76,104.848
8697,12/16/2025 17:32:15,0.74,104.856
8698,12/16/2025 17:42:15,0.72,104.873
8699,12/16/2025 17:52:15,0.71,104.895
8700,12/16/2025 18:02:15,0.69,104.898
8701,12/16/2025 18:12:15,0.68,104.880
8702,12/16/2025 18:22:15,0.66,104.849
8703,12/16/2025 18:32:15,0.65,104.871
8704,12/16/2025 18:42:15,0.64,104.884
8705,12/16/2025 18:52:15,0.63,104.874
8706,12/16/2025 19:02:15,0.62,104.870
8707,12/16/2025 19:12:15,0.61,104.839
8708,12/16/2025 19:22:15,0.60,104.834
8709,12/16/2025 19:32:15,0.59,104.825
8710,12/16/2025 19:42:15,0.59,104.811
8711,12/16/2025 19:52:15,0.58,104.816
8712,12/16/2025 20:02:15,0.58,104.855
8713,12/16/2025 20:12:15,0.57,104.815
8714,12/16/2025 20:22:15,0.57,104.811
8715,12/16/2025 20:32:15,0.57,104.758
8716,12/16/2025 20:42:15,0.57,104.745
8717,12/16/2025 20:52:15,0.57,104.728
8718,12/16/2025 21:02:15,0.58,104.728
8719,12/16/2025 21:12:15,0.58,104.723
8720,12/16/2025 21:22:15,0.58,104.759
8721,12/16/2025 21:32:15,0.58,104.772
8722,12/16/2025 21:42:15,0.57,104.767
8723,12/16/2025 21:52:15,0.57,104.798
8724,12/16/2025 22:02:15,0.57,104.820
8725,12/16/2025 22:12:15,0.57,104.802
8726,12/16/2025 22:22:15,0.57,104.780
8727,12/16/2025 22:32:15,0.58,104.776
8728,12/16/2025 22:42:15,0.58,104.776
8729,12/16/2025 22:52:15,0.57,104.758
8730,12/16/2025 23:02:15,0.57,104.758
8731,12/16/2025 23:12:15,0.57,104.745
8732,12/16/2025 23:22:15,0.56,104.727
8733,12/16/2025 23:32:15,0.56,104.679
8734,12/16/2025 23:42:15,0.56,104.661
8735,12/16/2025 23:52:15,0.55,104.661
8736,12/17/2025 00:02:15,0.55,104.652
8737,12/17/2025 00:12:15,0.54,104.661
8738,12/17/2025 00:22:15,0.54,104.678
8739,12/17/2025 00:32:15,0.54,104.652
8740,12/17/2025 00:42:15,0.53,104.630
8741,12/17/2025 00:52:15,0.53,104.629
8742,12/17/2025 01:02:15,0.52,104.642
8743,12/17/2025 01:12:15,0.52,104.634
8744,12/17/2025 01:22:15,0.52,104.638
8745,12/17/2025 01:32:15,0.52,104.611
8746,12/17/2025 01:42:15,0.51,104.576
8747,12/17/2025 01:52:15,0.51,104.581
8748,12/17/2025 02:02:15,0.51,104.576
8749,12/17/2025 02:12:15,0.51,104.572
8750,12/17/2025 02:22:15,0.50,104.558
8751,12/17/2025 02:32:15,0.50,104.554
8752,12/17/2025 02:42:15,0.50,104.519
8753,12/17/2025 02:52:15,0.50,104.497
8754,12/17/2025 03:02:15,0.50,104.462
8755,12/17/2025 03:12:15,0.50,104.435
8756,12/17/2025 03:22:15,0.50,104.427
8757,12/17/2025 03:32:15,0.50,104.396
8758,12/17/2025 03:42:15,0.50,104.378
8759,12/17/2025 03:52:15,0.49,104.356
8760,12/17/2025 04:02:15,0.49,104.321
8761,12/17/2025 04:12:15,0.49,104.295
8762,12/17/2025 04:22:15,0.50,104.286
8763,12/17/2025 04:32:15,0.50,104.291
8764,12/17/2025 04:42:15,0.51,104.291
8765,12/17/2025 04:52:15,0.52,104.274
8766,12/17/2025 05:02:15,0.53,104.256
8767,12/17/2025 05:12:15,0.54,104.266
8768,12/17/2025 05:22:15,0.55,104.284
8769,12/17/2025 05:32:15,0.56,104.275
8770,12/17/2025 05:42:15,0.57,104.227
8771,12/17/2025 05:52:15,0.57,104.218
8772,12/17/2025 06:02:15,0.57,104.192
8773,12/17/2025 06:12:15,0.57,104.183
8774,12/17/2025 06:22:15,0.57,104.162
8775,12/17/2025 06:32:15,0.57,104.175
8776,12/17/2025 06:42:15,0.57,104.153
8777,12/17/2025 06:52:15,0.57,104.144
8778,12/17/2025 07:02:15,0.57,104.157
8779,12/17/2025 07:12:15,0.56,104.157
8780,12/17/2025 07:22:15,0.56,104.161
8781,12/17/2025 07:32:15,0.56,104.148
8782,12/17/2025 07:42:15,0.56,104.135
8783,12/17/2025 07:52:15,0.56,104.152
8784,12/17/2025 08:02:15,0.56,104.148
8785,12/17/2025 08:12:15,0.57,104.153
8786,12/17/2025 08:22:15,0.58,104.148
8787,12/17/2025 08:32:15,0.59,104.140
8788,12/17/2025 08:42:15,0.60,104.114
8789,12/17/2025 08:52:15,0.61,104.115
8790,12/17/2025 09:02:15,0.63,104.102
8791,12/17/2025 09:12:15,0.65,104.081
8792,12/17/2025 09:22:15,0.66,104.068
8793,12/17/2025 09:32:15,0.68,104.073
8794,12/17/2025 09:42:15,0.70,104.052
8795,12/17/2025 09:52:15,0.72,104.030
8796,12/17/2025 10:02:15,0.74,104.027
8797,12/17/2025 10:12:15,0.75,104.010
8798,12/17/2025 10:22:15,0.77,103.993
8799,12/17/2025 10:32:15,0.79,103.972
8800,12/17/2025 10:42:15,0.81,103.946
8801,12/17/2025 10:52:15,0.83,103.916
8802,12/17/2025 11:02:15,0.85,103.890
8803,12/17/2025 11:12:15,0.87,103.851
8804,12/17/2025 11:22:15,0.90,103.826
8805,12/17/2025 11:32:15,0.93,103.823
8806,12/17/2025 11:42:15,0.96,103.780
8807,12/17/2025 11:52:15,0.98,103.724
8808,12/17/2025 12:02:15,1.02,103.712
8809,12/17/2025 12:12:15,1.05,103.713
8810,12/17/2025 12:22:15,1.08,103.723
8811,12/17/2025 12:32:15,1.12,103.719
8812,12/17/2025 12:42:15,1.14,103.712
8813,12/17/2025 12:52:15,1.16,103.708
8814,12/17/2025 13:02:15,1.18,103.713
8815,12/17/2025 13:12:15,1.20,103.683
8816,12/17/2025 13:22:15,1.22,103.666
8817,12/17/2025 13:32:15,1.25,103.645
8818,12/17/2025 13:42:15,1.27,103.646
8819,12/17/2025 13:52:15,1.28,103.646
8820,12/17/2025 14:02:15,1.28,103.659
8821,12/17/2025 14:12:15,1.29,103.655
8822,12/17/2025 14:22:15,1.29,103.664
8823,12/17/2025 14:32:15,1.29,103.690
8824,12/17/2025 14:42:15,1.29,103.725
8825,12/17/2025 14:52:15,1.29,103.725
8826,12/17/2025 15:02:15,1.29,103.760
8827,12/17/2025 15:12:15,1.29,103.783
8828,12/17/2025 15:22:15,1.29,103.783
8829,12/17/2025 15:32:15,1.29,103.809
8830,12/17/2025 15:42:15,1.29,103.835
8831,12/17/2025 15:52:15,1.29,103.831
8832,12/17/2025 16:02:15,1.28,103.857
8833,12/17/2025 16:12:15,1.28,103.901
8834,12/17/2025 16:22:15,1.28,103.918
8835,12/17/2025 16:32:15,1.27,103.927
8836,12/17/2025 16:42:15,1.26,103.970
8837,12/17/2025 16:52:15,1.25,103.979
8838,12/17/2025 17:02:15,1.24,103.996
8839,12/17/2025 17:12:15,1.23,103.996
8840,12/17/2025 17:22:15,1.23,104.026
8841,12/17/2025 17:32:15,1.22,104.061
8842,12/17/2025 17:42:15,1.21,104.069
8843,12/17/2025 17:52:15,1.20,104.104
8844,12/17/2025 18:02:15,1.18,104.126
8845,12/17/2025 18:12:15,1.17,104.147
8846,12/17/2025 18:22:15,1.17,104.173
8847,12/17/2025 18:32:15,1.16,104.208
8848,12/17/2025 18:42:15,1.16,104.248
8849,12/17/2025 18:52:15,1.16,104.300
8850,12/17/2025 19:02:15,1.17,104.327
8851,12/17/2025 19:12:15,1.17,104.358
8852,12/17/2025 19:22:15,1.18,104.363
8853,12/17/2025 19:32:15,1.21,104.408
8854,12/17/2025 19:42:15,1.28,104.458
8855,12/17/2025 19:52:15,1.33,104.491
8856,12/17/2025 20:02:15,1.35,104.509
8857,12/17/2025 20:12:15,1.35,104.531
8858,12/17/2025 20:22:15,1.35,104.575
8859,12/17/2025 20:32:15,1.35,104.584
8860,12/17/2025 20:42:15,1.35,104.571
8861,12/17/2025 20:52:15,1.36,104.632
8862,12/17/2025 21:02:15,1.38,104.650
8863,12/17/2025 21:12:15,1.39,104.682
8864,12/17/2025 21:22:15,1.41,104.722
8865,12/17/2025 21:32:15,1.43,104.762
8866,12/17/2025 21:42:15,1.44,104.806
8867,12/17/2025 21:52:15,1.45,104.851
8868,12/17/2025 22:02:15,1.47,104.882
8869,12/17/2025 22:12:15,1.48,104.900
8870,12/17/2025 22:22:15,1.50,104.918
8871,12/17/2025 22:32:15,1.52,104.958
8872,12/17/2025 22:42:15,1.53,104.994
8873,12/17/2025 22:52:15,1.54,104.977
8874,12/17/2025 23:02:15,1.55,105.017
8875,12/17/2025 23:12:15,1.56,105.026
8876,12/17/2025 23:22:15,1.56,105.039
8877,12/17/2025 23:32:15,1.56,105.026
8878,12/17/2025 23:42:15,1.57,105.026
8879,12/17/2025 23:52:15,1.57,105.048
8880,12/18/2025 00:02:15,1.56,105.057
8881,12/18/2025 00:12:15,1.56,105.048
8882,12/18/2025 00:22:15,1.56,105.057
8883,12/18/2025 00:32:15,1.56,105.057
8884,12/18/2025 00:42:15,1.57,105.065
8885,12/18/2025 00:52:15,1.57,105.043
8886,12/18/2025 01:02:15,1.57,105.048
8887,12/18/2025 01:12:15,1.56,105.052
8888,12/18/2025 01:22:15,1.56,105.083
8889,12/18/2025 01:32:15,1.55,105.082
8890,12/18/2025 01:42:15,1.55,105.087
8891,12/18/2025 01:52:15,1.54,105.104
8892,12/18/2025 02:02:15,1.53,105.108
8893,12/18/2025 02:12:15,1.52,105.121
8894,12/18/2025 02:22:15,1.51,105.112
8895,12/18/2025 02:32:15,1.50,105.138
8896,12/18/2025 02:42:15,1.49,105.137
8897,12/18/2025 02:52:15,1.48,105.194
8898,12/18/2025 03:02:15,1.47,105.181
8899,12/18/2025 03:12:15,1.46,105.189
8900,12/18/2025 03:22:15,1.45,105.197
8901,12/18/2025 03:32:15,1.44,105.241
8902,12/18/2025 03:42:15,1.43,105.267
8903,12/18/2025 03:52:15,1.43,105.311
8904,12/18/2025 04:02:15,1.42,105.315
8905,12/18/2025 04:12:15,1.42,105.328
8906,12/18/2025 04:22:15,1.41,105.345
8907,12/18/2025 04:32:15,1.40,105.345
8908,12/18/2025 04:42:15,1.39,105.402
8909,12/18/2025 04:52:15,1.38,105.423
8910,12/18/2025 05:02:15,1.37,105.410
8911,12/18/2025 05:12:15,1.36,105.414
8912,12/18/2025 05:22:15,1.35,105.431
8913,12/18/2025 05:32:15,1.34,105.417
8914,12/18/2025 05:42:15,1.33,105.435
8915,12/18/2025 05:52:15,1.32,105.426
8916,12/18/2025 06:02:15,1.31,105.460
8917,12/18/2025 06:12:15,1.30,105.477
8918,12/18/2025 06:22:15,1.29,105.411
8919,12/18/2025 06:32:15,1.28,105.455
8920,12/18/2025 06:42:15,1.27,105.498
8921,12/18/2025 06:52:15,1.25,105.515
8922,12/18/2025 07:02:15,1.24,105.502
8923,12/18/2025 07:12:15,1.23,105.479
8924,12/18/2025 07:22:15,1.21,105.492
8925,12/18/2025 07:32:15,1.20,105.522
8926,12/18/2025 07:42:15,1.18,105.517
8927,12/18/2025 07:52:15,1.17,105.538
8928,12/18/2025 08:02:15,1.16,105.542
8929,12/18/2025 08:12:15,1.15,105.542
8930,12/18/2025 08:22:15,1.14,105.542
8931,12/18/2025 08:32:15,1.14,105.537
8932,12/18/2025 08:42:15,1.13,105.555
8933,12/18/2025 08:52:15,1.13,105.594
8934,12/18/2025 09:02:15,1.13,105.629
8935,12/18/2025 09:12:15,1.14,105.625
8936,12/18/2025 09:22:15,1.14,105.634
8937,12/18/2025 09:32:15,1.15,105.674
8938,12/18/2025 09:42:15,1.16,105.670
8939,12/18/2025 09:52:15,1.18,105.662
8940,12/18/2025 10:02:15,1.20,105.654
8941,12/18/2025 10:12:15,1.23,105.633
8942,12/18/2025 10:22:15,1.27,105.625
8943,12/18/2025 10:32:15,1.30,105.644
8944,12/18/2025 10:42:15,1.35,105.628
8945,12/18/2025 10:52:15,1.39,105.630
8946,12/18/2025 11:02:15,1.43,105.587
8947,12/18/2025 11:12:15,1.46,105.571
8948,12/18/2025 11:22:15,1.50,105.559
8949,12/18/2025 11:32:15,1.54,105.534
8950,12/18/2025 11:42:15,1.58,105.531
8951,12/18/2025 11:52:15,1.63,105.494
8952,12/18/2025 12:02:15,1.69,105.478
8953,12/18/2025 12:12:15,1.75,105.445
8954,12/18/2025 12:22:15,1.82,105.430
8955,12/18/2025 12:32:15,1.89,105.406
8956,12/18/2025 12:42:15,1.96,105.404
8957,12/18/2025 12:52:15,2.02,105.384
8958,12/18/2025 13:02:15,2.07,105.351
8959,12/18/2025 13:12:15,2.12,105.362
8960,12/18/2025 13:22:15,2.17,105.341
8961,12/18/2025 13:32:15,2.21,105.343
8962,12/18/2025 13:42:15,2.24,105.331
8963,12/18/2025 13:52:15,2.27,105.314
8964,12/18/2025 14:02:15,2.30,105.307
8965,12/18/2025 14:12:15,2.33,105.299
8966,12/18/2025 14:22:15,2.35,105.291
8967,12/18/2025 14:32:15,2.37,105.274
8968,12/18/2025 14:42:15,2.39,105.275
8969,12/18/2025 14:52:15,2.41,105.271
8970,12/18/2025 15:02:15,2.43,105.280
8971,12/18/2025 15:12:15,2.44,105.294
8972,12/18/2025 15:22:15,2.46,105.303
8973,12/18/2025 15:32:15,2.47,105.295
8974,12/18/2025 15:42:15,2.48,105.286
8975,12/18/2025 15:52:15,2.48,105.278
8976,12/18/2025 16:02:15,2.49,105.278
8977,12/18/2025 16:12:15,2.49,105.283
8978,12/18/2025 16:22:15,2.49,105.283
8979,12/18/2025 16:32:15,2.49,105.282
8980,12/18/2025 16:42:15,2.48,105.278
8981,12/18/2025 16:52:15,2.48,105.256
8982,12/18/2025 17:02:15,2.47,105.242
8983,12/18/2025 17:12:15,2.46,105.246
8984,12/18/2025 17:22:15,2.45,105.268
8985,12/18/2025 17:32:15,2.44,105.250
8986,12/18/2025 17:42:15,2.43,105.254
8987,12/18/2025 17:52:15,2.42,105.236
8988,12/18/2025 18:02:15,2.41,105.240
8989,12/18/2025 18:12:15,2.40,105.209
8990,12/18/2025 18:22:15,2.40,105.218
8991,12/18/2025 18:32:15,2.41,105.218
8992,12/18/2025 18:42:15,2.41,105.201
8993,12/18/2025 18:52:15,2.42,105.197
8994,12/18/2025 19:02:15,2.43,105.184
8995,12/18/2025 19:12:15,2.45,105.176
8996,12/18/2025 19:22:15,2.47,105.159
8997,12/18/2025 19:32:15,2.48,105.155
8998,12/18/2025 19:42:15,2.51,105.125
8999,12/18/2025 19:52:15,2.53,105.108
9000,12/18/2025 20:02:15,2.55,105.104
9001,12/18/2025 20:12:15,2.57,105.105
9002,12/18/2025 20:22:15,2.59,105.080
9003,12/18/2025 20:32:15,2.62,105.067
9004,12/18/2025 20:42:15,2.64,105.073
9005,12/18/2025 20:52:15,2.66,105.043
9006,12/18/2025 21:02:15,2.69,105.022
9007,12/18/2025 21:12:15,2.71,105.005
9008,12/18/2025 21:22:15,2.73,104.970
9009,12/18/2025 21:32:15,2.75,104.931
9010,12/18/2025 21:42:15,2.77,104.901
9011,12/18/2025 21:52:15,2.79,104.876
9012,12/18/2025 22:02:15,2.80,104.859
9013,12/18/2025 22:12:15,2.82,104.855
9014,12/18/2025 22:22:15,2.83,104.820
9015,12/18/2025 22:32:15,2.84,104.811
9016,12/18/2025 22:42:15,2.85,104.781
9017,12/18/2025 22:52:15,2.86,104.764
9018,12/18/2025 23:02:15,2.86,104.755
9019,12/18/2025 23:12:15,2.87,104.703
9020,12/18/2025 23:22:15,2.88,104.721
9021,12/18/2025 23:32:15,2.89,104.690
9022,12/18/2025 23:42:15,2.89,104.651
9023,12/18/2025 23:52:15,2.90,104.607
9024,12/19/2025 00:02:15,2.91,104.568
9025,12/19/2025 00:12:15,2.92,104.546
9026,12/19/2025 00:22:15,2.92,104.520
9027,12/19/2025 00:32:15,2.93,104.503
9028,12/19/2025 00:42:15,2.93,104.490
9029,12/19/2025 00:52:15,2.94,104.464
9030,12/19/2025 01:02:15,2.94,104.477
9031,12/19/2025 01:12:15,2.95,104.442
9032,12/19/2025 01:22:15,2.96,104.425
9033,12/19/2025 01:32:15,2.97,104.403
9034,12/19/2025 01:42:15,2.98,104.355
9035,12/19/2025 01:52:15,2.99,104.351
9036,12/19/2025 02:02:15,2.99,104.334
9037,12/19/2025 02:12:15,3.01,104.343
9038,12/19/2025 02:22:15,3.03,104.309
9039,12/19/2025 02:32:15,3.05,104.314
9040,12/19/2025 02:42:15,3.06,104.314
9041,12/19/2025 02:52:15,3.08,104.293
9042,12/19/2025 03:02:15,3.11,104.245
9043,12/19/2025 03:12:15,3.15,104.225
9044,12/19/2025 03:22:15,3.20,104.205
9045,12/19/2025 03:32:15,3.24,104.180
9046,12/19/2025 03:42:15,3.26,104.128
9047,12/19/2025 03:52:15,3.28,104.089
9048,12/19/2025 04:02:15,3.32,104.042
9049,12/19/2025 04:12:15,3.35,103.999
9050,12/19/2025 04:22:15,3.37,103.986
9051,12/19/2025 04:32:15,3.38,103.929
9052,12/19/2025 04:42:15,3.37,103.929
9053,12/19/2025 04:52:15,3.37,103.912
9054,12/19/2025 05:02:15,3.36,103.898
9055,12/19/2025 05:12:15,3.34,103.880
9056,12/19/2025 05:22:15,3.33,103.840
9057,12/19/2025 05:32:15,3.32,103.769
9058,12/19/2025 05:42:15,3.30,103.747
9059,12/19/2025 05:52:15,3.29,103.733
9060,12/19/2025 06:02:15,3.30,103.698
9061,12/19/2025 06:12:15,3.31,103.672
9062,12/19/2025 06:22:15,3.32,103.681
9063,12/19/2025 06:32:15,3.32,103.664
9064,12/19/2025 06:42:15,3.33,103.651
9065,12/19/2025 06:52:15,3.39,103.627
9066,12/19/2025 07:02:15,3.45,103.550
9067,12/19/2025 07:12:15,3.48,103.516
9068,12/19/2025 07:22:15,3.50,103.477
9069,12/19/2025 07:32:15,3.70,103.479
9070,12/19/2025 07:42:15,3.97,103.431
9071,12/19/2025 07:52:15,3.96,103.440
9072,12/19/2025 08:02:15,3.96,103.449
9073,12/19/2025 08:12:15,3.91,103.473
9074,12/19/2025 08:22:15,3.84,103.501
9075,12/19/2025 08:32:15,3.82,103.505
9076,12/19/2025 08:42:15,4.04,103.526
9077,12/19/2025 08:52:15,4.26,103.521
9078,12/19/2025 09:02:15,4.45,103.518
9079,12/19/2025 09:12:15,4.52,103.512
9080,12/19/2025 09:22:15,4.55,103.522
9081,12/19/2025 09:32:15,4.59,103.541
9082,12/19/2025 09:42:15,4.67,103.636
9083,12/19/2025 09:52:15,4.78,103.789
9084,12/19/2025 10:02:15,4.87,103.986
9085,12/19/2025 10:12:15,5.00,104.201
9086,12/19/2025 10:22:15,5.31,104.384
9087,12/19/2025 10:32:15,5.70,104.472
9088,12/19/2025 10:42:15,6.11,104.526
9089,12/19/2025 10:52:15,6.38,104.571
9090,12/19/2025 11:02:15,6.58,104.806
9091,12/19/2025 11:12:15,6.77,105.064
9092,12/19/2025 11:22:15,6.94,105.145
9093,12/19/2025 11:32:15,7.10,105.155
9094,12/19/2025 11:42:15,7.17,105.179
9095,12/19/2025 11:52:15,7.05,105.153
9096,12/19/2025 12:02:15,6.88,105.173
9097,12/19/2025 12:12:15,6.73,105.159
9098,12/19/2025 12:22:15,6.57,105.101
9099,12/19/2025 12:32:15,6.43,105.078
9100,12/19/2025 12:42:15,6.28,105.038
9101,12/19/2025 12:52:15,6.12,105.045
9102,12/19/2025 13:02:15,5.95,105.070
9103,12/19/2025 13:12:15,5.78,105.130
9104,12/19/2025 13:22:15,5.59,105.238
9105,12/19/2025 13:32:15,5.39,105.328
9106,12/19/2025 13:42:15,5.21,105.493
9107,12/19/2025 13:52:15,5.05,105.593
9108,12/19/2025 14:02:15,4.93,105.689
9109,12/19/2025 14:12:15,4.85,105.766
9110,12/19/2025 14:22:15,4.83,105.879
9111,12/19/2025 14:32:15,4.82,106.055
9112,12/19/2025 14:42:15,4.81,106.125
9113,12/19/2025 14:52:15,4.80,106.287
9114,12/19/2025 15:02:15,4.85,106.553
9115,12/19/2025 15:12:15,4.91,106.696
9116,12/19/2025 15:22:15,4.95,106.684
9117,12/19/2025 15:32:15,5.06,106.675
9118,12/19/2025 15:42:15,5.01,106.620
9119,12/19/2025 15:52:15,4.73,106.562
9120,12/19/2025 16:02:15,4.48,106.509
9121,12/19/2025 16:12:15,4.27,106.492
9122,12/19/2025 16:22:15,4.14,106.514
9123,12/19/2025 16:32:15,4.05,106.471
9124,12/19/2025 16:42:15,3.99,106.509
9125,12/19/2025 16:52:15,3.97,106.539
9126,12/19/2025 17:02:15,3.96,106.560
9127,12/19/2025 17:12:15,3.95,106.608
9128,12/19/2025 17:22:15,3.95,106.648
9129,12/19/2025 17:32:15,3.95,106.722
9130,12/19/2025 17:42:15,3.95,106.788
9131,12/19/2025 17:52:15,3.94,106.859
9132,12/19/2025 18:02:15,3.94,106.933
9133,12/19/2025 18:12:15,3.92,107.060
9134,12/19/2025 18:22:15,3.89,107.173
9135,12/19/2025 18:32:15,3.83,107.346
9136,12/19/2025 18:42:15,3.75,107.510
9137,12/19/2025 18:52:15,3.67,107.639
9138,12/19/2025 19:02:15,3.57,107.746
9139,12/19/2025 19:12:15,3.47,107.887
9140,12/19/2025 19:22:15,3.37,108.015
9141,12/19/2025 19:32:15,3.25,108.116
9142,12/19/2025 19:42:15,3.12,108.251
9143,12/19/2025 19:52:15,2.98,108.378
9144,12/19/2025 20:02:15,2.85,108.444
9145,12/19/2025 20:12:15,2.72,108.513
9146,12/19/2025 20:22:15,2.61,108.588
9147,12/19/2025 20:32:15,2.50,108.650
9148,12/19/2025 20:42:15,2.42,108.770
9149,12/19/2025 20:52:15,2.37,108.834
9150,12/19/2025 21:02:15,2.32,108.929
9151,12/19/2025 21:12:15,2.29,109.019
9152,12/19/2025 21:22:15,2.26,109.088
9153,12/19/2025 21:32:15,2.23,109.175
9154,12/19/2025 21:42:15,2.20,109.521
9155,12/19/2025 21:52:15,2.18,109.669
9156,12/19/2025 22:02:15,2.15,109.734
9157,12/19/2025 22:12:15,2.12,109.794
9158,12/19/2025 22:22:15,2.09,109.837
9159,12/19/2025 22:32:15,2.07,109.898
9160,12/19/2025 22:42:15,2.07,109.950
9161,12/19/2025 22:52:15,2.06,109.985
9162,12/19/2025 23:02:15,2.03,110.045
9163,12/19/2025 23:12:15,2.00,110.096
9164,12/19/2025 23:22:15,1.96,110.104
9165,12/19/2025 23:32:15,1.92,110.164
9166,12/19/2025 23:42:15,1.89,110.233
9167,12/19/2025 23:52:15,1.85,110.297
9168,12/20/2025 00:02:15,1.81,110.322
9169,12/20/2025 00:12:15,1.78,110.351
9170,12/20/2025 00:22:15,1.75,110.372
9171,12/20/2025 00:32:15,1.72,110.367
9172,12/20/2025 00:42:15,1.69,110.383
9173,12/20/2025 00:52:15,1.67,110.409
9174,12/20/2025 01:02:15,1.65,110.412
9175,12/20/2025 01:12:15,1.62,110.411
9176,12/20/2025 01:22:15,1.60,110.419
9177,12/20/2025 01:32:15,1.58,110.427
9178,12/20/2025 01:42:15,1.56,110.448
9179,12/20/2025 01:52:15,1.55,110.465
9180,12/20/2025 02:02:15,1.53,110.478
9181,12/20/2025 02:12:15,1.52,110.486
9182,12/20/2025 02:22:15,1.50,110.455
9183,12/20/2025 02:32:15,1.47,110.440
9184,12/20/2025 02:42:15,1.44,110.444
9185,12/20/2025 02:52:15,1.42,110.434
9186,12/20/2025 03:02:15,1.41,110.412
9187,12/20/2025 03:12:15,1.40,110.385
9188,12/20/2025 03:22:15,1.39,110.381
9189,12/20/2025 03:32:15,1.38,110.354
9190,12/20/2025 03:42:15,1.37,110.349
9191,12/20/2025 03:52:15,1.36,110.322
9192,12/20/2025 04:02:15,1.35,110.291
9193,12/20/2025 04:12:15,1.34,110.260
9194,12/20/2025 04:22:15,1.33,110.255
9195,12/20/2025 04:32:15,1.32,110.246
9196,12/20/2025 04:42:15,1.30,110.224
9197,12/20/2025 04:52:15,1.29,110.206
9198,12/20/2025 05:02:15,1.28,110.183
9199,12/20/2025 05:12:15,1.26,110.161
9200,12/20/2025 05:22:15,1.25,110.169
9201,12/20/2025 05:32:15,1.24,110.191
9202,12/20/2025 05:42:15,1.23,110.164
9203,12/20/2025 05:52:15,1.21,110.177
9204,12/20/2025 06:02:15,1.20,110.176
9205,12/20/2025 06:12:15,1.20,110.128
9206,12/20/2025 06:22:15,1.18,110.167
9207,12/20/2025 06:32:15,1.17,110.162
9208,12/20/2025 06:42:15,1.16,110.148
9209,12/20/2025 06:52:15,1.15,110.130
9210,12/20/2025 07:02:15,1.14,110.121
9211,12/20/2025 07:12:15,1.13,110.116
9212,12/20/2025 07:22:15,1.12,110.098
9213,12/20/2025 07:32:15,1.10,110.076
9214,12/20/2025 07:42:15,1.09,110.084
9215,12/20/2025 07:52:15,1.08,110.049
9216,12/20/2025 08:02:15,1.07,109.991
9217,12/20/2025 08:12:15,1.06,109.969
9218,12/20/2025 08:22:15,1.04,109.911
9219,12/20/2025 08:32:15,1.04,109.907
9220,12/20/2025 08:42:15,1.03,109.880
9221,12/20/2025 08:52:15,1.02,109.832
9222,12/20/2025 09:02:15,1.02,109.709
9223,12/20/2025 09:12:15,1.01,109.739
9224,12/20/2025 09:22:15,1.01,109.709
9225,12/20/2025 09:32:15,1.01,109.739
9226,12/20/2025 09:42:15,1.01,109.739
9227,12/20/2025 09:52:15,1.01,109.726
9228,12/20/2025 10:02:15,1.02,109.744
9229,12/20/2025 10:12:15,1.02,109.674
9230,12/20/2025 10:22:15,1.03,109.727
9231,12/20/2025 10:32:15,1.04,109.718
9232,12/20/2025 10:42:15,1.05,109.701
9233,12/20/2025 10:52:15,1.06,109.666
9234,12/20/2025 11:02:15,1.07,109.627
9235,12/20/2025 11:12:15,1.08,109.606
9236,12/20/2025 11:22:15,1.10,109.541
9237,12/20/2025 11:32:15,1.12,109.524
9238,12/20/2025 11:42:15,1.13,109.485
9239,12/20/2025 11:52:15,1.15,109.394
9240,12/20/2025 12:02:15,1.17,109.338
9241,12/20/2025 12:12:15,1.19,109.286
9242,12/20/2025 12:22:15,1.22,109.221
9243,12/20/2025 12:32:15,1.24,109.187
9244,12/20/2025 12:42:15,1.26,109.174
9245,12/20/2025 12:52:15,1.27,109.131
9246,12/20/2025 13:02:15,1.29,109.105
9247,12/20/2025 13:12:15,1.31,109.084
9248,12/20/2025 13:22:15,1.33,109.093
9249,12/20/2025 13:32:15,1.35,109.077
9250,12/20/2025 13:42:15,1.37,109.056
9251,12/20/2025 13:52:15,1.40,109.017
9252,12/20/2025 14:02:15,1.42,109.018
9253,12/20/2025 14:12:15,1.44,108.966
9254,12/20/2025 14:22:15,1.46,108.989
9255,12/20/2025 14:32:15,1.49,108.972
9256,12/20/2025 14:42:15,1.51,108.907
9257,12/20/2025 14:52:15,1.53,108.868
9258,12/20/2025 15:02:15,1.55,108.803
9259,12/20/2025 15:12:15,1.57,108.782
9260,12/20/2025 15:22:15,1.58,108.792
9261,12/20/2025 15:32:15,1.60,108.810
9262,12/20/2025 15:42:15,1.62,108.806
9263,12/20/2025 15:52:15,1.63,108.789
9264,12/20/2025 16:02:15,1.65,108.798
9265,12/20/2025 16:12:15,1.66,108.781
9266,12/20/2025 16:22:15,1.67,108.747
9267,12/20/2025 16:32:15,1.69,108.734
9268,12/20/2025 16:42:15,1.69,108.739
9269,12/20/2025 16:52:15,1.70,108.708
9270,12/20/2025 17:02:15,1.71,108.699
9271,12/20/2025 17:12:15,1.71,108.669
9272,12/20/2025 17:22:15,1.71,108.612
9273,12/20/2025 17:32:15,1.71,108.568
9274,12/20/2025 17:42:15,1.70,108.528
9275,12/20/2025 17:52:15,1.70,108.519
9276,12/20/2025 18:02:15,1.69,108.528
9277,12/20/2025 18:12:15,1.68,108.427
9278,12/20/2025 18:22:15,1.68,108.396
9279,12/20/2025 18:32:15,1.67,108.365
9280,12/20/2025 18:42:15,1.66,108.395
9281,12/20/2025 18:52:15,1.65,108.342
9282,12/20/2025 19:02:15,1.64,108.359
9283,12/20/2025 19:12:15,1.63,108.306
9284,12/20/2025 19:22:15,1.62,108.262
9285,12/20/2025 19:32:15,1.60,108.244
9286,12/20/2025 19:42:15,1.59,108.204
9287,12/20/2025 19:52:15,1.58,108.204
9288,12/20/2025 20:02:15,1.57,108.146
9289,12/20/2025 20:12:15,1.56,108.128
9290,12/20/2025 20:22:15,1.55,108.119
9291,12/20/2025 20:32:15,1.54,108.110
9292,12/20/2025 20:42:15,1.53,108.097
9293,12/20/2025 20:52:15,1.52,108.039
9294,12/20/2025 21:02:15,1.52,107.995
9295,12/20/2025 21:12:15,1.51,108.017
9296,12/20/2025 21:22:15,1.50,108.008
9297,12/20/2025 21:32:15,1.50,107.959
9298,12/20/2025 21:42:15,1.49,107.941
9299,12/20/2025 21:52:15,1.48,107.919
9300,12/20/2025 22:02:15,1.48,107.871
9301,12/20/2025 22:12:15,1.47,107.818
9302,12/20/2025 22:22:15,1.47,107.827
9303,12/20/2025 22:32:15,1.47,107.805
9304,12/20/2025 22:42:15,1.46,107.739
9305,12/20/2025 22:52:15,1.46,107.756
9306,12/20/2025 23:02:15,1.46,107.743
9307,12/20/2025 23:12:15,1.45,107.721
9308,12/20/2025 23:22:15,1.45,107.668
9309,12/20/2025 23:32:15,1.45,107.620
9310,12/20/2025 23:42:15,1.45,107.655
9311,12/20/2025 23:52:15,1.44,107.655
9312,12/21/2025 00:02:15,1.44,107.663
9313,12/21/2025 00:12:15,1.44,107.659
9314,12/21/2025 00:22:15,1.45,107.668
9315,12/21/2025 00:32:15,1.45,107.611
9316,12/21/2025 00:42:15,1.45,107.580
9317,12/21/2025 00:52:15,1.46,107.541
9318,12/21/2025 01:02:15,1.46,107.524
9319,12/21/2025 01:12:15,1.47,107.476
9320,12/21/2025 01:22:15,1.47,107.471
9321,12/21/2025 01:32:15,1.48,107.485
9322,12/21/2025 01:42:15,1.48,107.485
9323,12/21/2025 01:52:15,1.49,107.455
9324,12/21/2025 02:02:15,1.50,107.446
9325,12/21/2025 02:12:15,1.51,107.446
9326,12/21/2025 02:22:15,1.52,107.425
9327,12/21/2025 02:32:15,1.52,107.377
9328,12/21/2025 02:42:15,1.53,107.360
9329,12/21/2025 02:52:15,1.54,107.312
9330,12/21/2025 03:02:15,1.55,107.294
9331,12/21/2025 03:12:15,1.56,107.282
9332,12/21/2025 03:22:15,1.57,107.273
9333,12/21/2025 03:32:15,1.58,107.238
9334,12/21/2025 03:42:15,1.59,107.203
9335,12/21/2025 03:52:15,1.60,107.169
9336,12/21/2025 04:02:15,1.60,107.112
9337,12/21/2025 04:12:15,1.61,107.125
9338,12/21/2025 04:22:15,1.62,107.139
9339,12/21/2025 04:32:15,1.63,107.109
9340,12/21/2025 04:42:15,1.64,107.118
9341,12/21/2025 04:52:15,1.65,107.083
9342,12/21/2025 05:02:15,1.66,107.044
9343,12/21/2025 05:12:15,1.67,107.048
9344,12/21/2025 05:22:15,1.68,107.044
9345,12/21/2025 05:32:15,1.68,107.036
9346,12/21/2025 05:42:15,1.69,107.036
9347,12/21/2025 05:52:15,1.70,107.023
9348,12/21/2025 06:02:15,1.71,106.989
9349,12/21/2025 06:12:15,1.72,106.971
9350,12/21/2025 06:22:15,1.73,106.994
9351,12/21/2025 06:32:15,1.73,106.998
9352,12/21/2025 06:42:15,1.74,107.003
9353,12/21/2025 06:52:15,1.74,107.012
9354,12/21/2025 07:02:15,1.74,106.994
9355,12/21/2025 07:12:15,1.74,106.990
9356,12/21/2025 07:22:15,1.74,106.998
9357,12/21/2025 07:32:15,1.74,106.994
9358,12/21/2025 07:42:15,1.74,106.994
9359,12/21/2025 07:52:15,1.74,106.994
9360,12/21/2025 08:02:15,1.74,106.985
9361,12/21/2025 08:12:15,1.73,106.998
9362,12/21/2025 08:22:15,1.74,107.016
9363,12/21/2025 08:32:15,1.74,107.012
9364,12/21/2025 08:42:15,1.74,107.016
9365,12/21/2025 08:52:15,1.75,107.038
9366,12/21/2025 09:02:15,1.76,107.025
9367,12/21/2025 09:12:15,1.76,107.034
9368,12/21/2025 09:22:15,1.78,107.026
9369,12/21/2025 09:32:15,1.79,107.018
9370,12/21/2025 09:42:15,1.80,107.005
9371,12/21/2025 09:52:15,1.82,107.006
9372,12/21/2025 10:02:15,1.83,106.997
9373,12/21/2025 10:12:15,1.85,107.002
9374,12/21/2025 10:22:15,1.87,107.016
9375,12/21/2025 10:32:15,1.89,107.008
9376,12/21/2025 10:42:15,1.92,107.009
9377,12/21/2025 10:52:15,1.94,107.076
9378,12/21/2025 11:02:15,1.96,107.098
9379,12/21/2025 11:12:15,1.98,107.099
9380,12/21/2025 11:22:15,2.01,107.096
9381,12/21/2025 11:32:15,2.04,107.102
9382,12/21/2025 11:42:15,2.07,107.107
9383,12/21/2025 11:52:15,2.10,107.108
9384,12/21/2025 12:02:15,2.12,107.122
9385,12/21/2025 12:12:15,2.15,107.114
9386,12/21/2025 12:22:15,2.17,107.137
9387,12/21/2025 12:32:15,2.20,107.151
9388,12/21/2025 12:42:15,2.22,107.187
9389,12/21/2025 12:52:15,2.23,107.187
9390,12/21/2025 13:02:15,2.24,107.175
9391,12/21/2025 13:12:15,2.26,107.179
9392,12/21/2025 13:22:15,2.27,107.189
9393,12/21/2025 13:32:15,2.27,107.228
9394,12/21/2025 13:42:15,2.28,107.220
9395,12/21/2025 13:52:15,2.27,107.233
9396,12/21/2025 14:02:15,2.27,107.211
9397,12/21/2025 14:12:15,2.27,107.272
9398,12/21/2025 14:22:15,2.26,107.285
9399,12/21/2025 14:32:15,2.26,107.320
9400,12/21/2025 14:42:15,2.25,107.324
9401,12/21/2025 14:52:15,2.25,107.359
9402,12/21/2025 15:02:15,2.25,107.368
9403,12/21/2025 15:12:15,2.25,107.372
9404,12/21/2025 15:22:15,2.25,107.399
9405,12/21/2025 15:32:15,2.25,107.425
9406,12/21/2025 15:42:15,2.25,107.425
9407,12/21/2025 15:52:15,2.24,107.429
9408,12/21/2025 16:02:15,2.24,107.429
9409,12/21/2025 16:12:15,2.24,107.438
9410,12/21/2025 16:22:15,2.23,107.442
9411,12/21/2025 16:32:15,2.22,107.450
9412,12/21/2025 16:42:15,2.21,107.472
9413,12/21/2025 16:52:15,2.20,107.489
9414,12/21/2025 17:02:15,2.19,107.502
9415,12/21/2025 17:12:15,2.18,107.524
9416,12/21/2025 17:22:15,2.18,107.532
9417,12/21/2025 17:32:15,2.17,107.545
9418,12/21/2025 17:42:15,2.16,107.549
9419,12/21/2025 17:52:15,2.15,107.558
9420,12/21/2025 18:02:15,2.14,107.566
9421,12/21/2025 18:12:15,2.13,107.574
9422,12/21/2025 18:22:15,2.12,107.569
9423,12/21/2025 18:32:15,2.10,107.573
9424,12/21/2025 18:42:15,2.09,107.595
9425,12/21/2025 18:52:15,2.07,107.603
9426,12/21/2025 19:02:15,2.06,107.585
9427,12/21/2025 19:12:15,2.04,107.580
9428,12/21/2025 19:22:15,2.02,107.601
9429,12/21/2025 19:32:15,2.00,107.600
9430,12/21/2025 19:42:15,1.98,107.622
9431,12/21/2025 19:52:15,1.96,107.616
9432,12/21/2025 20:02:15,1.94,107.637
9433,12/21/2025 20:12:15,1.91,107.623
9434,12/21/2025 20:22:15,1.88,107.622
9435,12/21/2025 20:32:15,1.85,107.639
9436,12/21/2025 20:42:15,1.82,107.660
9437,12/21/2025 20:52:15,1.79,107.681
9438,12/21/2025 21:02:15,1.77,107.715
9439,12/21/2025 21:12:15,1.74,107.705
9440,12/21/2025 21:22:15,1.71,107.708
9441,12/21/2025 21:32:15,1.69,107.721
9442,12/21/2025 21:42:15,1.66,107.737
9443,12/21/2025 21:52:15,1.64,107.741
9444,12/21/2025 22:02:15,1.62,107.753
9445,12/21/2025 22:12:15,1.60,107.744
9446,12/21/2025 22:22:15,1.58,107.752
9447,12/21/2025 22:32:15,1.56,107.742
9448,12/21/2025 22:42:15,1.54,107.728
9449,12/21/2025 22:52:15,1.52,107.745
9450,12/21/2025 23:02:15,1.50,107.749
9451,12/21/2025 23:12:15,1.48,107.757
9452,12/21/2025 23:22:15,1.47,107.748
9453,12/21/2025 23:32:15,1.45,107.765
9454,12/21/2025 23:42:15,1.44,107.777
9455,12/21/2025 23:52:15,1.42,107.781
9456,12/22/2025 00:02:15,1.40,107.789
9457,12/22/2025 00:12:15,1.39,107.775
9458,12/22/2025 00:22:15,1.38,107.788
9459,12/22/2025 00:32:15,1.36,107.779
9460,12/22/2025 00:42:15,1.35,107.800
9461,12/22/2025 00:52:15,1.33,107.826
9462,12/22/2025 01:02:15,1.31,107.830
9463,12/22/2025 01:12:15,1.29,107.820
9464,12/22/2025 01:22:15,1.28,107.859
9465,12/22/2025 01:32:15,1.26,107.858
9466,12/22/2025 01:42:15,1.24,107.875
9467,12/22/2025 01:52:15,1.22,107.883
9468,12/22/2025 02:02:15,1.20,107.891
9469,12/22/2025 02:12:15,1.18,107.921
9470,12/22/2025 02:22:15,1.16,107.916
9471,12/22/2025 02:32:15,1.15,107.898
9472,12/22/2025 02:42:15,1.13,107.889
9473,12/22/2025 02:52:15,1.12,107.901
9474,12/22/2025 03:02:15,1.10,107.940
9475,12/22/2025 03:12:15,1.09,107.957
9476,12/22/2025 03:22:15,1.08,107.957
9477,12/22/2025 03:32:15,1.07,107.952
9478,12/22/2025 03:42:15,1.06,107.939
9479,12/22/2025 03:52:15,1.04,107.938
9480,12/22/2025 04:02:15,1.03,107.938
9481,12/22/2025 04:12:15,1.02,107.968
9482,12/22/2025 04:22:15,1.01,107.976
9483,12/22/2025 04:32:15,0.99,107.963
9484,12/22/2025 04:42:15,0.98,107.993
9485,12/22/2025 04:52:15,0.96,108.001
9486,12/22/2025 05:02:15,0.95,108.036
9487,12/22/2025 05:12:15,0.93,108.031
9488,12/22/2025 05:22:15,0.92,108.048
9489,12/22/2025 05:32:15,0.90,108.065
9490,12/22/2025 05:42:15,0.89,108.077
9491,12/22/2025 05:52:15,0.87,108.103
9492,12/22/2025 06:02:15,0.85,108.115
9493,12/22/2025 06:12:15,0.84,108.097
9494,12/22/2025 06:22:15,0.82,108.119
9495,12/22/2025 06:32:15,0.81,108.092
9496,12/22/2025 06:42:15,0.80,108.096
9497,12/22/2025 06:52:15,0.79,108.109
9498,12/22/2025 07:02:15,0.79,108.095
9499,12/22/2025 07:12:15,0.78,108.117
9500,12/22/2025 07:22:15,0.77,108.126
9501,12/22/2025 07:32:15,0.77,108.134
9502,12/22/2025 07:42:15,0.76,108.160
9503,12/22/2025 07:52:15,0.76,108.164
9504,12/22/2025 08:02:15,0.75,108.151
9505,12/22/2025 08:12:15,0.74,108.182
9506,12/22/2025 08:22:15,0.74,108.173
9507,12/22/2025 08:32:15,0.74,108.168
9508,12/22/2025 08:42:15,0.74,108.142
9509,12/22/2025 08:52:15,0.74,108.138
9510,12/22/2025 09:02:15,0.75,108.129
9511,12/22/2025 09:12:15,0.75,108.125
9512,12/22/2025 09:22:15,0.75,108.129
9513,12/22/2025 09:32:15,0.76,108.121
9514,12/22/2025 09:42:15,0.77,108.095
9515,12/22/2025 09:52:15,0.78,108.086
9516,12/22/2025 10:02:15,0.80,108.061
9517,12/22/2025 10:12:15,0.82,108.035
9518,12/22/2025 10:22:15,0.84,108.001
9519,12/22/2025 10:32:15,0.86,107.971
9520,12/22/2025 10:42:15,0.87,107.923
9521,12/22/2025 10:52:15,0.89,107.933
9522,12/22/2025 11:02:15,0.91,107.902
9523,12/22/2025 11:12:15,0.92,107.885
9524,12/22/2025 11:22:15,0.94,107.847
9525,12/22/2025 11:32:15,0.96,107.830
9526,12/22/2025 11:42:15,0.98,107.796
9527,12/22/2025 11:52:15,1.01,107.792
9528,12/22/2025 12:02:15,1.04,107.749
9529,12/22/2025 12:12:15,1.07,107.755
9530,12/22/2025 12:22:15,1.10,107.756
9531,12/22/2025 12:32:15,1.13,107.739
9532,12/22/2025 12:42:15,1.15,107.727
9533,12/22/2025 12:52:15,1.18,107.728
9534,12/22/2025 13:02:15,1.19,107.716
9535,12/22/2025 13:12:15,1.21,107.703
9536,12/22/2025 13:22:15,1.23,107.708
9537,12/22/2025 13:32:15,1.25,107.709
9538,12/22/2025 13:42:15,1.26,107.701
9539,12/22/2025 13:52:15,1.27,107.705
9540,12/22/2025 14:02:15,1.29,107.706
9541,12/22/2025 14:12:15,1.30,107.698
9542,12/22/2025 14:22:15,1.31,107.716
9543,12/22/2025 14:32:15,1.32,107.725
9544,12/22/2025 14:42:15,1.34,107.725
9545,12/22/2025 14:52:15,1.35,107.739
9546,12/22/2025 15:02:15,1.37,107.744
9547,12/22/2025 15:12:15,1.38,107.758
9548,12/22/2025 15:22:15,1.39,107.749
9549,12/22/2025 15:32:15,1.41,107.789
9550,12/22/2025 15:42:15,1.42,107.785
9551,12/22/2025 15:52:15,1.43,107.790
9552,12/22/2025 16:02:15,1.45,107.808
9553,12/22/2025 16:12:15,1.46,107.800
9554,12/22/2025 16:22:15,1.46,107.809
9555,12/22/2025 16:32:15,1.47,107.822
9556,12/22/2025 16:42:15,1.47,107.831
9557,12/22/2025 16:52:15,1.47,107.840
9558,12/22/2025 17:02:15,1.47,107.844
9559,12/22/2025 17:12:15,1.47,107.827
9560,12/22/2025 17:22:15,1.47,107.805
9561,12/22/2025 17:32:15,1.47,107.800
9562,12/22/2025 17:42:15,1.46,107.787
9563,12/22/2025 17:52:15,1.46,107.782
9564,12/22/2025 18:02:15,1.45,107.791
9565,12/22/2025 18:12:15,1.45,107.773
9566,12/22/2025 18:22:15,1.45,107.756
9567,12/22/2025 18:32:15,1.44,107.747
9568,12/22/2025 18:42:15,1.44,107.716
9569,12/22/2025 18:52:15,1.44,107.720
9570,12/22/2025 19:02:15,1.44,107.703
9571,12/22/2025 19:12:15,1.43,107.694
9572,12/22/2025 19:22:15,1.43,107.694
9573,12/22/2025 19:32:15,1.43,107.672
9574,12/22/2025 19:42:15,1.42,107.636
9575,12/22/2025 19:52:15,1.42,107.645
9576,12/22/2025 20:02:15,1.41,107.631
9577,12/22/2025 20:12:15,1.40,107.636
9578,12/22/2025 20:22:15,1.40,107.631
9579,12/22/2025 20:32:15,1.39,107.631
9580,12/22/2025 20:42:15,1.38,107.604
9581,12/22/2025 20:52:15,1.37,107.608
9582,12/22/2025 21:02:15,1.36,107.612
9583,12/22/2025 21:12:15,1.35,107.585
9584,12/22/2025 21:22:15,1.34,107.602
9585,12/22/2025 21:32:15,1.32,107.593
9586,12/22/2025 21:42:15,1.31,107.606
9587,12/22/2025 21:52:15,1.29,107.610
9588,12/22/2025 22:02:15,1.27,107.618
9589,12/22/2025 22:12:15,1.25,107.595
9590,12/22/2025 22:22:15,1.23,107.616
9591,12/22/2025 22:32:15,1.21,107.585
9592,12/22/2025 22:42:15,1.19,107.557
9593,12/22/2025 22:52:15,1.16,107.548
9594,12/22/2025 23:02:15,1.14,107.547
9595,12/22/2025 23:12:15,1.12,107.546
9596,12/22/2025 23:22:15,1.10,107.550
9597,12/22/2025 23:32:15,1.08,107.497
9598,12/22/2025 23:42:15,1.06,107.505
9599,12/22/2025 23:52:15,1.04,107.486
9600,12/23/2025 00:02:15,1.02,107.486
9601,12/23/2025 00:12:15,1.00,107.481
9602,12/23/2025 00:22:15,0.98,107.475
9603,12/23/2025 00:32:15,0.97,107.470
9604,12/23/2025 00:42:15,0.95,107.479
9605,12/23/2025 00:52:15,0.93,107.465
9606,12/23/2025 01:02:15,0.91,107.447
9607,12/23/2025 01:12:15,0.90,107.464
9608,12/23/2025 01:22:15,0.88,107.446
9609,12/23/2025 01:32:15,0.87,107.458
9610,12/23/2025 01:42:15,0.86,107.475
9611,12/23/2025 01:52:15,0.85,107.444
9612,12/23/2025 02:02:15,0.83,107.444
9613,12/23/2025 02:12:15,0.82,107.434
9614,12/23/2025 02:22:15,0.81,107.443
9615,12/23/2025 02:32:15,0.80,107.425
9616,12/23/2025 02:42:15,0.79,107.398
9617,12/23/2025 02:52:15,0.78,107.411
9618,12/23/2025 03:02:15,0.78,107.398
9619,12/23/2025 03:12:15,0.77,107.411
9620,12/23/2025 03:22:15,0.77,107.363
9621,12/23/2025 03:32:15,0.77,107.354
9622,12/23/2025 03:42:15,0.77,107.332
9623,12/23/2025 03:52:15,0.77,107.297
9624,12/23/2025 04:02:15,0.77,107.288
9625,12/23/2025 04:12:15,0.77,107.266
9626,12/23/2025 04:22:15,0.77,107.257
9627,12/23/2025 04:32:15,0.77,107.222
9628,12/23/2025 04:42:15,0.77,107.231
9629,12/23/2025 04:52:15,0.77,107.218
9630,12/23/2025 05:02:15,0.77,107.231
9631,12/23/2025 05:12:15,0.77,107.227
9632,12/23/2025 05:22:15,0.78,107.183
9633,12/23/2025 05:32:15,0.78,107.148
9634,12/23/2025 05:42:15,0.79,107.152
9635,12/23/2025 05:52:15,0.79,107.170
9636,12/23/2025 06:02:15,0.79,107.144
9637,12/23/2025 06:12:15,0.79,107.166
9638,12/23/2025 06:22:15,0.80,107.140
9639,12/23/2025 06:32:15,0.80,107.135
9640,12/23/2025 06:42:15,0.80,107.109
9641,12/23/2025 06:52:15,0.81,107.092
9642,12/23/2025 07:02:15,0.82,107.105
9643,12/23/2025 07:12:15,0.83,107.088
9644,12/23/2025 07:22:15,0.84,107.102
9645,12/23/2025 07:32:15,0.84,107.089
9646,12/23/2025 07:42:15,0.85,107.085
9647,12/23/2025 07:52:15,0.86,107.098
9648,12/23/2025 08:02:15,0.87,107.099
9649,12/23/2025 08:12:15,0.88,107.121
9650,12/23/2025 08:22:15,0.89,107.104
9651,12/23/2025 08:32:15,0.91,107.109
9652,12/23/2025 08:42:15,0.92,107.078
9653,12/23/2025 08:52:15,0.94,107.097
9654,12/23/2025 09:02:15,0.95,107.102
9655,12/23/2025 09:12:15,0.97,107.111
9656,12/23/2025 09:22:15,0.99,107.116
9657,12/23/2025 09:32:15,1.02,107.121
9658,12/23/2025 09:42:15,1.04,107.109
9659,12/23/2025 09:52:15,1.06,107.092
9660,12/23/2025 10:02:15,1.08,107.062
9661,12/23/2025 10:12:15,1.10,107.041
9662,12/23/2025 10:22:15,1.12,107.011
9663,12/23/2025 10:32:15,1.15,106.994
9664,12/23/2025 10:42:15,1.17,106.960
9665,12/23/2025 10:52:15,1.21,106.926
9666,12/23/2025 11:02:15,1.24,106.910
9667,12/23/2025 11:12:15,1.28,106.885
9668,12/23/2025 11:22:15,1.31,106.878
9669,12/23/2025 11:32:15,1.34,106.866
9670,12/23/2025 11:42:15,1.37,106.832
9671,12/23/2025 11:52:15,1.40,106.798
9672,12/23/2025 12:02:15,1.43,106.755
9673,12/23/2025 12:12:15,1.46,106.712
9674,12/23/2025 12:22:15,1.48,106.708
9675,12/23/2025 12:32:15,1.51,106.661
9676,12/23/2025 12:42:15,1.53,106.649
9677,12/23/2025 12:52:15,1.56,106.650
9678,12/23/2025 13:02:15,1.58,106.624
9679,12/23/2025 13:12:15,1.60,106.603
9680,12/23/2025 13:22:15,1.62,106.568
9681,12/23/2025 13:32:15,1.64,106.534
9682,12/23/2025 13:42:15,1.67,106.535
9683,12/23/2025 13:52:15,1.69,106.501
9684,12/23/2025 14:02:15,1.72,106.497
9685,12/23/2025 14:12:15,1.74,106.498
9686,12/23/2025 14:22:15,1.77,106.499
9687,12/23/2025 14:32:15,1.79,106.496
9688,12/23/2025 14:42:15,1.82,106.497
9689,12/23/2025 14:52:15,1.84,106.489
9690,12/23/2025 15:02:15,1.86,106.454
9691,12/23/2025 15:12:15,1.89,106.411
9692,12/23/2025 15:22:15,1.91,106.403
9693,12/23/2025 15:32:15,1.93,106.382
9694,12/23/2025 15:42:15,1.95,106.418
9695,12/23/2025 15:52:15,1.97,106.414
9696,12/23/2025 16:02:15,1.99,106.393
9697,12/23/2025 16:12:15,2.01,106.332
9698,12/23/2025 16:22:15,2.03,106.337
9699,12/23/2025 16:32:15,2.05,106.347
9700,12/23/2025 16:42:15,2.06,106.330
9701,12/23/2025 16:52:15,2.08,106.309
9702,12/23/2025 17:02:15,2.10,106.296
9703,12/23/2025 17:12:15,2.12,106.231
9704,12/23/2025 17:22:15,2.13,106.231
9705,12/23/2025 17:32:15,2.15,106.197
9706,12/23/2025 17:42:15,2.16,106.202
9707,12/23/2025 17:52:15,2.18,106.211
9708,12/23/2025 18:02:15,2.19,106.207
9709,12/23/2025 18:12:15,2.20,106.194
9710,12/23/2025 18:22:15,2.22,106.182
9711,12/23/2025 18:32:15,2.23,106.129
9712,12/23/2025 18:42:15,2.24,106.064
9713,12/23/2025 18:52:15,2.26,106.135
9714,12/23/2025 19:02:15,2.27,106.091
9715,12/23/2025 19:12:15,2.28,106.039
9716,12/23/2025 19:22:15,2.29,106.061
9717,12/23/2025 19:32:15,2.30,106.071
9718,12/23/2025 19:42:15,2.32,106.106
9719,12/23/2025 19:52:15,2.32,106.097
9720,12/23/2025 20:02:15,2.32,106.137
9721,12/23/2025 20:12:15,2.33,106.106
9722,12/23/2025 20:22:15,2.34,106.089
9723,12/23/2025 20:32:15,2.34,106.107
9724,12/23/2025 20:42:15,2.35,106.077
9725,12/23/2025 20:52:15,2.36,106.068
9726,12/23/2025 21:02:15,2.35,106.020
9727,12/23/2025 21:12:15,2.35,106.015
9728,12/23/2025 21:22:15,2.34,105.975
9729,12/23/2025 21:32:15,2.33,105.975
9730,12/23/2025 21:42:15,2.32,105.939
9731,12/23/2025 21:52:15,2.31,105.922
9732,12/23/2025 22:02:15,2.32,105.909
9733,12/23/2025 22:12:15,2.33,105.905
9734,12/23/2025 22:22:15,2.34,105.887
9735,12/23/2025 22:32:15,2.35,105.879
9736,12/23/2025 22:42:15,2.36,105.884
9737,12/23/2025 22:52:15,2.37,105.854
9738,12/23/2025 23:02:15,2.38,105.858
9739,12/23/2025 23:12:15,2.39,105.841
9740,12/23/2025 23:22:15,2.40,105.815
9741,12/23/2025 23:32:15,2.40,105.802
9742,12/23/2025 23:42:15,2.41,105.785
9743,12/23/2025 23:52:15,2.41,105.780
9744,12/24/2025 00:02:15,2.42,105.759
9745,12/24/2025 00:12:15,2.42,105.754
9746,12/24/2025 00:22:15,2.42,105.737
9747,12/24/2025 00:32:15,2.42,105.737
9748,12/24/2025 00:42:15,2.43,105.741
9749,12/24/2025 00:52:15,2.43,105.728
9750,12/24/2025 01:02:15,2.43,105.702
9751,12/24/2025 01:12:15,2.44,105.685
9752,12/24/2025 01:22:15,2.44,105.689
9753,12/24/2025 01:32:15,2.44,105.676
9754,12/24/2025 01:42:15,2.43,105.684
9755,12/24/2025 01:52:15,2.43,105.676
9756,12/24/2025 02:02:15,2.43,105.702
9757,12/24/2025 02:12:15,2.42,105.684
9758,12/24/2025 02:22:15,2.42,105.675
9759,12/24/2025 02:32:15,2.42,105.649
9760,12/24/2025 02:42:15,2.41,105.631
9761,12/24/2025 02:52:15,2.40,105.657
9762,12/24/2025 03:02:15,2.39,105.630
9763,12/24/2025 03:12:15,2.38,105.595
9764,12/24/2025 03:22:15,2.37,105.586
9765,12/24/2025 03:32:15,2.37,105.594
9766,12/24/2025 03:42:15,2.37,105.608
9767,12/24/2025 03:52:15,2.37,105.612
9768,12/24/2025 04:02:15,2.36,105.625
9769,12/24/2025 04:12:15,2.36,105.607
9770,12/24/2025 04:22:15,2.36,105.598
9771,12/24/2025 04:32:15,2.36,105.616
9772,12/24/2025 04:42:15,2.36,105.625
9773,12/24/2025 04:52:15,2.36,105.629
9774,12/24/2025 05:02:15,2.35,105.642
9775,12/24/2025 05:12:15,2.35,105.646
9776,12/24/2025 05:22:15,2.35,105.668
9777,12/24/2025 05:32:15,2.34,105.677
9778,12/24/2025 05:42:15,2.33,105.707
9779,12/24/2025 05:52:15,2.32,105.738
9780,12/24/2025 06:02:15,2.31,105.728
9781,12/24/2025 06:12:15,2.30,105.754
9782,12/24/2025 06:22:15,2.29,105.780
9783,12/24/2025 06:32:15,2.28,105.806
9784,12/24/2025 06:42:15,2.28,105.802
9785,12/24/2025 06:52:15,2.27,105.810
9786,12/24/2025 07:02:15,2.26,105.828
9787,12/24/2025 07:12:15,2.26,105.836
9788,12/24/2025 07:22:15,2.25,105.876
9789,12/24/2025 07:32:15,2.25,105.897
9790,12/24/2025 07:42:15,2.25,105.937
9791,12/24/2025 07:52:15,2.25,105.950
9792,12/24/2025 08:02:15,2.26,105.959
9793,12/24/2025 08:12:15,2.26,105.999
9794,12/24/2025 08:22:15,2.27,106.039
9795,12/24/2025 08:32:15,2.28,106.061
9796,12/24/2025 08:42:15,2.29,106.110
9797,12/24/2025 08:52:15,2.31,106.141
9798,12/24/2025 09:02:15,2.32,106.159
9799,12/24/2025 09:12:15,2.34,106.182
9800,12/24/2025 09:22:15,2.36,106.231
9801,12/24/2025 09:32:15,2.38,106.262
9802,12/24/2025 09:42:15,2.41,106.268
9803,12/24/2025 09:52:15,2.44,106.304
9804,12/24/2025 10:02:15,2.47,106.327
9805,12/24/2025 10:12:15,2.49,106.336
9806,12/24/2025 10:22:15,2.51,106.363
9807,12/24/2025 10:32:15,2.53,106.382
9808,12/24/2025 10:42:15,2.55,106.422
9809,12/24/2025 10:52:15,2.56,106.435
9810,12/24/2025 11:02:15,2.57,106.440
9811,12/24/2025 11:12:15,2.59,106.458
9812,12/24/2025 11:22:15,2.60,106.468
9813,12/24/2025 11:32:15,2.62,106.442
9814,12/24/2025 11:42:15,2.63,106.482
9815,12/24/2025 11:52:15,2.65,106.487
9816,12/24/2025 12:02:15,2.67,106.488
9817,12/24/2025 12:12:15,2.69,106.510
9818,12/24/2025 12:22:15,2.71,106.515
9819,12/24/2025 12:32:15,2.73,106.538
9820,12/24/2025 12:42:15,2.75,106.570
9821,12/24/2025 12:52:15,2.77,106.588
9822,12/24/2025 13:02:15,2.78,106.623
9823,12/24/2025 13:12:15,2.79,106.633
9824,12/24/2025 13:22:15,2.81,106.664
9825,12/24/2025 13:32:15,2.82,106.664
9826,12/24/2025 13:42:15,2.83,106.700
9827,12/24/2025 13:52:15,2.83,106.713
9828,12/24/2025 14:02:15,2.84,106.727
9829,12/24/2025 14:12:15,2.85,106.762
9830,12/24/2025 14:22:15,2.86,106.771
9831,12/24/2025 14:32:15,2.86,106.806
9832,12/24/2025 14:42:15,2.87,106.837
9833,12/24/2025 14:52:15,2.86,106.872
9834,12/24/2025 15:02:15,2.86,106.850
9835,12/24/2025 15:12:15,2.85,106.885
9836,12/24/2025 15:22:15,2.85,106.924
9837,12/24/2025 15:32:15,2.84,106.915
9838,12/24/2025 15:42:15,2.83,106.928
9839,12/24/2025 15:52:15,2.82,106.959
9840,12/24/2025 16:02:15,2.81,106.980
9841,12/24/2025 16:12:15,2.80,106.993
9842,12/24/2025 16:22:15,2.79,106.988
9843,12/24/2025 16:32:15,2.78,107.045
9844,12/24/2025 16:42:15,2.76,107.044
9845,12/24/2025 16:52:15,2.74,107.048
9846,12/24/2025 17:02:15,2.73,107.074
9847,12/24/2025 17:12:15,2.71,107.073
9848,12/24/2025 17:22:15,2.69,107.072
9849,12/24/2025 17:32:15,2.67,107.098
9850,12/24/2025 17:42:15,2.66,107.124
9851,12/24/2025 17:52:15,2.65,107.119
9852,12/24/2025 18:02:15,2.63,107.123
9853,12/24/2025 18:12:15,2.62,107.109
9854,12/24/2025 18:22:15,2.60,107.122
9855,12/24/2025 18:32:15,2.59,107.143
9856,12/24/2025 18:42:15,2.58,107.165
9857,12/24/2025 18:52:15,2.56,107.208
9858,12/24/2025 19:02:15,2.54,107.177
9859,12/24/2025 19:12:15,2.53,107.176
9860,12/24/2025 19:22:15,2.51,107.176
9861,12/24/2025 19:32:15,2.50,107.245
9862,12/24/2025 19:42:15,2.48,107.240
9863,12/24/2025 19:52:15,2.46,107.227
9864,12/24/2025 20:02:15,2.44,107.217
9865,12/24/2025 20:12:15,2.42,107.177
9866,12/24/2025 20:22:15,2.39,107.154
9867,12/24/2025 20:32:15,2.37,107.157
9868,12/24/2025 20:42:15,2.35,107.143
9869,12/24/2025 20:52:15,2.32,107.142
9870,12/24/2025 21:02:15,2.29,107.146
9871,12/24/2025 21:12:15,2.27,107.202
9872,12/24/2025 21:22:15,2.24,107.214
9873,12/24/2025 21:32:15,2.21,107.195
9874,12/24/2025 21:42:15,2.18,107.164
9875,12/24/2025 21:52:15,2.15,107.145
9876,12/24/2025 22:02:15,2.12,107.113
9877,12/24/2025 22:12:15,2.09,107.077
9878,12/24/2025 22:22:15,2.06,107.050
9879,12/24/2025 22:32:15,2.03,107.000
9880,12/24/2025 22:42:15,2.00,106.951
9881,12/24/2025 22:52:15,1.97,106.914
9882,12/24/2025 23:02:15,1.94,106.896
9883,12/24/2025 23:12:15,1.91,106.921
9884,12/24/2025 23:22:15,1.88,106.946
9885,12/24/2025 23:32:15,1.85,106.959
9886,12/24/2025 23:42:15,1.83,106.953
9887,12/24/2025 23:52:15,1.80,106.979
9888,12/25/2025 00:02:15,1.77,106.982
9889,12/25/2025 00:12:15,1.74,106.963
9890,12/25/2025 00:22:15,1.72,106.971
9891,12/25/2025 00:32:15,1.69,106.970
9892,12/25/2025 00:42:15,1.67,106.956
9893,12/25/2025 00:52:15,1.65,106.956
9894,12/25/2025 01:02:15,1.63,106.972
9895,12/25/2025 01:12:15,1.61,106.950
9896,12/25/2025 01:22:15,1.59,106.923
9897,12/25/2025 01:32:15,1.57,106.900
9898,12/25/2025 01:42:15,1.56,106.904
9899,12/25/2025 01:52:15,1.54,106.868
9900,12/25/2025 02:02:15,1.52,106.837
9901,12/25/2025 02:12:15,1.50,106.805
9902,12/25/2025 02:22:15,1.48,106.792
9903,12/25/2025 02:32:15,1.47,106.787
9904,12/25/2025 02:42:15,1.45,106.729
9905,12/25/2025 02:52:15,1.44,106.680
9906,12/25/2025 03:02:15,1.42,106.662
9907,12/25/2025 03:12:15,1.41,106.640
9908,12/25/2025 03:22:15,1.40,106.626
9909,12/25/2025 03:32:15,1.39,106.591
9910,12/25/2025 03:42:15,1.38,106.533
9911,12/25/2025 03:52:15,1.36,106.537
9912,12/25/2025 04:02:15,1.35,106.475
9913,12/25/2025 04:12:15,1.34,106.466
9914,12/25/2025 04:22:15,1.33,106.461
9915,12/25/2025 04:32:15,1.32,106.439
9916,12/25/2025 04:42:15,1.31,106.399
9917,12/25/2025 04:52:15,1.30,106.421
9918,12/25/2025 05:02:15,1.30,106.368
9919,12/25/2025 05:12:15,1.29,106.408
9920,12/25/2025 05:22:15,1.30,106.337
9921,12/25/2025 05:32:15,1.30,106.280
9922,12/25/2025 05:42:15,1.30,106.245
9923,12/25/2025 05:52:15,1.29,106.236
9924,12/25/2025 06:02:15,1.29,106.162
9925,12/25/2025 06:12:15,1.29,106.100
9926,12/25/2025 06:22:15,1.29,106.074
9927,12/25/2025 06:32:15,1.29,106.008
9928,12/25/2025 06:42:15,1.30,105.964
9929,12/25/2025 06:52:15,1.30,105.934
9930,12/25/2025 07:02:15,1.30,105.947
9931,12/25/2025 07:12:15,1.31,105.925
9932,12/25/2025 07:22:15,1.31,105.860
9933,12/25/2025 07:32:15,1.32,105.842
9934,12/25/2025 07:42:15,1.32,105.847
9935,12/25/2025 07:52:15,1.32,105.834
9936,12/25/2025 08:02:15,1.33,105.856
9937,12/25/2025 08:12:15,1.33,105.825
9938,12/25/2025 08:22:15,1.34,105.803
9939,12/25/2025 08:32:15,1.34,105.830
9940,12/25/2025 08:42:15,1.35,105.799
9941,12/25/2025 08:52:15,1.36,105.782
9942,12/25/2025 09:02:15,1.36,105.743
9943,12/25/2025 09:12:15,1.38,105.752
9944,12/25/2025 09:22:15,1.40,105.770
9945,12/25/2025 09:32:15,1.41,105.762
9946,12/25/2025 09:42:15,1.42,105.780
9947,12/25/2025 09:52:15,1.44,105.746
9948,12/25/2025 10:02:15,1.45,105.777
9949,12/25/2025 10:12:15,1.47,105.764
9950,12/25/2025 10:22:15,1.48,105.765
9951,12/25/2025 10:32:15,1.50,105.713
9952,12/25/2025 10:42:15,1.52,105.665
9953,12/25/2025 10:52:15,1.54,105.613
9954,12/25/2025 11:02:15,1.56,105.596
9955,12/25/2025 11:12:15,1.58,105.545
9956,12/25/2025 11:22:15,1.61,105.519
9957,12/25/2025 11:32:15,1.63,105.489
9958,12/25/2025 11:42:15,1.66,105.508
9959,12/25/2025 11:52:15,1.69,105.460
9960,12/25/2025 12:02:15,1.72,105.448
9961,12/25/2025 12:12:15,1.76,105.406
9962,12/25/2025 12:22:15,1.80,105.399
9963,12/25/2025 12:32:15,1.85,105.391
9964,12/25/2025 12:42:15,1.88,105.406
9965,12/25/2025 12:52:15,1.92,105.359
9966,12/25/2025 13:02:15,1.96,105.352
9967,12/25/2025 13:12:15,2.01,105.349
9968,12/25/2025 13:22:15,2.05,105.337
9969,12/25/2025 13:32:15,2.09,105.360
9970,12/25/2025 13:42:15,2.12,105.344
9971,12/25/2025 13:52:15,2.14,105.354
9972,12/25/2025 14:02:15,2.16,105.368
9973,12/25/2025 14:12:15,2.18,105.381
9974,12/25/2025 14:22:15,2.20,105.422
9975,12/25/2025 14:32:15,2.22,105.435
9976,12/25/2025 14:42:15,2.23,105.484
9977,12/25/2025 14:52:15,2.24,105.524
9978,12/25/2025 15:02:15,2.25,105.542
9979,12/25/2025 15:12:15,2.26,105.577
9980,12/25/2025 15:22:15,2.26,105.626
9981,12/25/2025 15:32:15,2.27,105.617
9982,12/25/2025 15:42:15,2.27,105.670
9983,12/25/2025 15:52:15,2.27,105.714
9984,12/25/2025 16:02:15,2.26,105.762
9985,12/25/2025 16:12:15,2.26,105.793
9986,12/25/2025 16:22:15,2.26,105.814
9987,12/25/2025 16:32:15,2.26,105.841
9988,12/25/2025 16:42:15,2.26,105.845
9989,12/25/2025 16:52:15,2.26,105.880
9990,12/25/2025 17:02:15,2.25,105.919
9991,12/25/2025 17:12:15,2.24,105.928
9992,12/25/2025 17:22:15,2.23,105.932
9993,12/25/2025 17:32:15,2.22,105.945
9994,12/25/2025 17:42:15,2.20,105.957
9995,12/25/2025 17:52:15,2.19,105.992
9996,12/25/2025 18:02:15,2.17,106.005
9997,12/25/2025 18:12:15,2.16,106.043
9998,12/25/2025 18:22:15,2.14,106.060
9999,12/25/2025 18:32:15,2.13,106.082
10000,12/25/2025 18:42:15,2.11,106.081
10001,12/25/2025 18:52:15,2.10,106.116
10002,12/25/2025 19:02:15,2.08,106.159
10003,12/25/2025 19:12:15,2.06,106.194
10004,12/25/2025 19:22:15,2.04,106.202
10005,12/25/2025 19:32:15,2.02,106.232
10006,12/25/2025 19:42:15,2.00,106.266
10007,12/25/2025 19:52:15,1.98,106.279
10008,12/25/2025 20:02:15,1.96,106.273
10009,12/25/2025 20:12:15,1.94,106.295
10010,12/25/2025 20:22:15,1.92,106.312
10011,12/25/2025 20:32:15,1.90,106.315
10012,12/25/2025 20:42:15,1.88,106.336
10013,12/25/2025 20:52:15,1.86,106.344
10014,12/25/2025 21:02:15,1.83,106.361
10015,12/25/2025 21:12:15,1.80,106.364
10016,12/25/2025 21:22:15,1.77,106.381
10017,12/25/2025 21:32:15,1.74,106.393
10018,12/25/2025 21:42:15,1.70,106.391
10019,12/25/2025 21:52:15,1.67,106.395
10020,12/25/2025 22:02:15,1.64,106.402
10021,12/25/2025 22:12:15,1.60,106.414
10022,12/25/2025 22:22:15,1.57,106.417
10023,12/25/2025 22:32:15,1.53,106.434
10024,12/25/2025 22:42:15,1.50,106.432
10025,12/25/2025 22:52:15,1.46,106.466
10026,12/25/2025 23:02:15,1.42,106.478
10027,12/25/2025 23:12:15,1.39,106.477
10028,12/25/2025 23:22:15,1.35,106.480
10029,12/25/2025 23:32:15,1.31,106.474
10030,12/25/2025 23:42:15,1.27,106.481
10031,12/25/2025 23:52:15,1.23,106.497
10032,12/26/2025 00:02:15,1.19,106.509
10033,12/26/2025 00:12:15,1.16,106.521
10034,12/26/2025 00:22:15,1.12,106.533
10035,12/26/2025 00:32:15,1.08,106.536
10036,12/26/2025 00:42:15,1.04,106.561
10037,12/26/2025 00:52:15,1.00,106.559
10038,12/26/2025 01:02:15,0.96,106.558
10039,12/26/2025 01:12:15,0.92,106.596
10040,12/26/2025 01:22:15,0.88,106.612
10041,12/26/2025 01:32:15,0.84,106.624
10042,12/26/2025 01:42:15,0.80,106.648
10043,12/26/2025 01:52:15,0.76,106.630
10044,12/26/2025 02:02:15,0.72,106.624
10045,12/26/2025 02:12:15,0.68,106.631
10046,12/26/2025 02:22:15,0.65,106.656
10047,12/26/2025 02:32:15,0.61,106.642
10048,12/26/2025 02:42:15,0.57,106.640
10049,12/26/2025 02:52:15,0.53,106.656
10050,12/26/2025 03:02:15,0.49,106.629
10051,12/26/2025 03:12:15,0.46,106.544
10052,12/26/2025 03:22:15,0.42,106.446
10053,12/26/2025 03:32:15,0.39,106.349
10054,12/26/2025 03:42:15,0.36,106.269
10055,12/26/2025 03:52:15,0.34,106.180
10056,12/26/2025 04:02:15,0.33,106.105
10057,12/26/2025 04:12:15,0.33,106.062
10058,12/26/2025 04:22:15,0.34,106.035
10059,12/26/2025 04:32:15,0.34,106.022
10060,12/26/2025 04:42:15,0.35,106.040
10061,12/26/2025 04:52:15,0.36,106.045
10062,12/26/2025 05:02:15,0.37,106.050
10063,12/26/2025 05:12:15,0.38,106.050
10064,12/26/2025 05:22:15,0.39,106.050
10065,12/26/2025 05:32:15,0.39,106.046
10066,12/26/2025 05:42:15,0.39,106.068
10067,12/26/2025 05:52:15,0.40,106.103
10068,12/26/2025 06:02:15,0.41,106.104
10069,12/26/2025 06:12:15,0.41,106.121
10070,12/26/2025 06:22:15,0.42,106.113
10071,12/26/2025 06:32:15,0.42,106.109
10072,12/26/2025 06:42:15,0.42,106.091
10073,12/26/2025 06:52:15,0.43,106.104
10074,12/26/2025 07:02:15,0.43,106.074
10075,12/26/2025 07:12:15,0.43,106.104
10076,12/26/2025 07:22:15,0.42,106.117
10077,12/26/2025 07:32:15,0.43,106.100
10078,12/26/2025 07:42:15,0.43,106.109
10079,12/26/2025 07:52:15,0.43,106.135
10080,12/26/2025 08:02:15,0.44,106.109
10081,12/26/2025 08:12:15,0.44,106.127
10082,12/26/2025 08:22:15,0.44,106.136
10083,12/26/2025 08:32:15,0.45,106.127
10084,12/26/2025 08:42:15,0.45,106.167
10085,12/26/2025 08:52:15,0.45,106.202
10086,12/26/2025 09:02:15,0.46,106.237
10087,12/26/2025 09:12:15,0.46,106.259
10088,12/26/2025 09:22:15,0.47,106.277
10089,12/26/2025 09:32:15,0.47,106.317
10090,12/26/2025 09:42:15,0.48,106.352
10091,12/26/2025 09:52:15,0.48,106.400
10092,12/26/2025 10:02:15,0.48,106.413
10093,12/26/2025 10:12:15,0.48,106.444
10094,12/26/2025 10:22:15,0.48,106.483
10095,12/26/2025 10:32:15,0.48,106.523
10096,12/26/2025 10:42:15,0.48,106.567
10097,12/26/2025 10:52:15,0.48,106.593
10098,12/26/2025 11:02:15,0.48,106.637
10099,12/26/2025 11:12:15,0.49,106.677
10100,12/26/2025 11:22:15,0.49,106.712
10101,12/26/2025 11:32:15,0.49,106.725
10102,12/26/2025 11:42:15,0.49,106.729
10103,12/26/2025 11:52:15,0.48,106.720
10104,12/26/2025 12:02:15,0.47,106.707
10105,12/26/2025 12:12:15,0.47,106.672
10106,12/26/2025 12:22:15,0.47,106.628
10107,12/26/2025 12:32:15,0.47,106.602
10108,12/26/2025 12:42:15,0.48,106.571
10109,12/26/2025 12:52:15,0.49,106.580
10110,12/26/2025 13:02:15,0.50,106.572
10111,12/26/2025 13:12:15,0.51,106.546
10112,12/26/2025 13:22:15,0.51,106.520
10113,12/26/2025 13:32:15,0.51,106.498
10114,12/26/2025 13:42:15,0.51,106.533
10115,12/26/2025 13:52:15,0.50,106.528
10116,12/26/2025 14:02:15,0.50,106.484
10117,12/26/2025 14:12:15,0.50,106.497
10118,12/26/2025 14:22:15,0.50,106.467
10119,12/26/2025 14:32:15,0.50,106.423
10120,12/26/2025 14:42:15,0.50,106.383
10121,12/26/2025 14:52:15,0.50,106.374
10122,12/26/2025 15:02:15,0.49,106.361
10123,12/26/2025 15:12:15,0.49,106.326
10124,12/26/2025 15:22:15,0.49,106.291
10125,12/26/2025 15:32:15,0.48,106.273
10126,12/26/2025 15:42:15,0.48,106.260
10127,12/26/2025 15:52:15,0.47,106.233
10128,12/26/2025 16:02:15,0.47,106.242
10129,12/26/2025 16:12:15,0.47,106.207
10130,12/26/2025 16:22:15,0.47,106.189
10131,12/26/2025 16:32:15,0.47,106.159
10132,12/26/2025 16:42:15,0.47,106.145
10133,12/26/2025 16:52:15,0.47,106.115
10134,12/26/2025 17:02:15,0.47,106.088
10135,12/26/2025 17:12:15,0.47,106.058
10136,12/26/2025 17:22:15,0.47,106.071
10137,12/26/2025 17:32:15,0.47,106.102
10138,12/26/2025 17:42:15,0.47,106.123
10139,12/26/2025 17:52:15,0.46,106.132
10140,12/26/2025 18:02:15,0.46,106.128
10141,12/26/2025 18:12:15,0.46,106.106
10142,12/26/2025 18:22:15,0.46,106.040
10143,12/26/2025 18:32:15,0.46,106.018
10144,12/26/2025 18:42:15,0.47,105.996
10145,12/26/2025 18:52:15,0.47,105.983
10146,12/26/2025 19:02:15,0.47,105.966
10147,12/26/2025 19:12:15,0.47,105.935
10148,12/26/2025 19:22:15,0.47,105.913
10149,12/26/2025 19:32:15,0.47,105.930
10150,12/26/2025 19:42:15,0.46,105.939
10151,12/26/2025 19:52:15,0.46,105.961
10152,12/26/2025 20:02:15,0.46,105.961
10153,12/26/2025 20:12:15,0.46,105.943
10154,12/26/2025 20:22:15,0.46,105.952
10155,12/26/2025 20:32:15,0.46,105.983
10156,12/26/2025 20:42:15,0.45,105.996
10157,12/26/2025 20:52:15,0.43,106.034
10158,12/26/2025 21:02:15,0.40,106.051
10159,12/26/2025 21:12:15,0.36,106.023
10160,12/26/2025 21:22:15,0.31,106.030
10161,12/26/2025 21:32:15,0.27,105.998
10162,12/26/2025 21:42:15,0.23,105.979
10163,12/26/2025 21:52:15,0.20,106.009
10164,12/26/2025 22:02:15,0.18,106.030
10165,12/26/2025 22:12:15,0.17,106.073
10166,12/26/2025 22:22:15,0.17,106.135
10167,12/26/2025 22:32:15,0.17,106.205
10168,12/26/2025 22:42:15,0.17,106.253
10169,12/26/2025 22:52:15,0.17,106.315
10170,12/26/2025 23:02:15,0.17,106.337
10171,12/26/2025 23:12:15,0.17,106.337
10172,12/26/2025 23:22:15,0.17,106.341
10173,12/26/2025 23:32:15,0.18,106.341
10174,12/26/2025 23:42:15,0.18,106.341
10175,12/26/2025 23:52:15,0.19,106.311
10176,12/27/2025 00:02:15,0.20,106.285
10177,12/27/2025 00:12:15,0.22,106.281
10178,12/27/2025 00:22:15,0.23,106.242
10179,12/27/2025 00:32:15,0.25,106.243
10180,12/27/2025 00:42:15,0.26,106.217
10181,12/27/2025 00:52:15,0.27,106.204
10182,12/27/2025 01:02:15,0.27,106.187
10183,12/27/2025 01:12:15,0.27,106.147
10184,12/27/2025 01:22:15,0.27,106.125
10185,12/27/2025 01:32:15,0.26,106.094
10186,12/27/2025 01:42:15,0.25,106.085
10187,12/27/2025 01:52:15,0.24,106.071
10188,12/27/2025 02:02:15,0.23,106.062
10189,12/27/2025 02:12:15,0.22,106.036
10190,12/27/2025 02:22:15,0.23,106.027
10191,12/27/2025 02:32:15,0.23,106.014
10192,12/27/2025 02:42:15,0.24,106.010
10193,12/27/2025 02:52:15,0.25,106.028
10194,12/27/2025 03:02:15,0.26,106.028
10195,12/27/2025 03:12:15,0.27,105.993
10196,12/27/2025 03:22:15,0.28,105.976
10197,12/27/2025 03:32:15,0.29,105.963
10198,12/27/2025 03:42:15,0.30,105.942
10199,12/27/2025 03:52:15,0.31,105.929
10200,12/27/2025 04:02:15,0.32,105.947
10201,12/27/2025 04:12:15,0.32,105.925
10202,12/27/2025 04:22:15,0.32,105.938
10203,12/27/2025 04:32:15,0.32,105.921
10204,12/27/2025 04:42:15,0.33,105.930
10205,12/27/2025 04:52:15,0.33,105.930
10206,12/27/2025 05:02:15,0.33,105.943
10207,12/27/2025 05:12:15,0.34,105.922
10208,12/27/2025 05:22:15,0.35,105.922
10209,12/27/2025 05:32:15,0.36,105.948
10210,12/27/2025 05:42:15,0.36,105.966
10211,12/27/2025 05:52:15,0.36,105.970
10212,12/27/2025 06:02:15,0.36,105.988
10213,12/27/2025 06:12:15,0.36,105.988
10214,12/27/2025 06:22:15,0.36,105.997
10215,12/27/2025 06:32:15,0.36,105.984
10216,12/27/2025 06:42:15,0.36,106.010
10217,12/27/2025 06:52:15,0.37,106.028
10218,12/27/2025 07:02:15,0.37,106.028
10219,12/27/2025 07:12:15,0.38,106.050
10220,12/27/2025 07:22:15,0.38,106.081
10221,12/27/2025 07:32:15,0.38,106.103
10222,12/27/2025 07:42:15,0.38,106.125
10223,12/27/2025 07:52:15,0.38,106.164
10224,12/27/2025 08:02:15,0.38,106.199
10225,12/27/2025 08:12:15,0.38,106.234
10226,12/27/2025 08:22:15,0.39,106.252
10227,12/27/2025 08:32:15,0.41,106.262
10228,12/27/2025 08:42:15,0.42,106.288
10229,12/27/2025 08:52:15,0.43,106.320
10230,12/27/2025 09:02:15,0.45,106.333
10231,12/27/2025 09:12:15,0.46,106.351
10232,12/27/2025 09:22:15,0.46,106.365
10233,12/27/2025 09:32:15,0.47,106.404
10234,12/27/2025 09:42:15,0.48,106.418
10235,12/27/2025 09:52:15,0.49,106.427
10236,12/27/2025 10:02:15,0.51,106.410
10237,12/27/2025 10:12:15,0.52,106.406
10238,12/27/2025 10:22:15,0.54,106.433
10239,12/27/2025 10:32:15,0.55,106.429
10240,12/27/2025 10:42:15,0.56,106.416
10241,12/27/2025 10:52:15,0.57,106.425
10242,12/27/2025 11:02:15,0.57,106.412
10243,12/27/2025 11:12:15,0.58,106.421
10244,12/27/2025 11:22:15,0.59,106.422
10245,12/27/2025 11:32:15,0.59,106.413
10246,12/27/2025 11:42:15,0.60,106.413
10247,12/27/2025 11:52:15,0.60,106.396
10248,12/27/2025 12:02:15,0.60,106.400
10249,12/27/2025 12:12:15,0.61,106.405
10250,12/27/2025 12:22:15,0.61,106.383
10251,12/27/2025 12:32:15,0.62,106.388
10252,12/27/2025 12:42:15,0.62,106.383
10253,12/27/2025 12:52:15,0.62,106.375
10254,12/27/2025 13:02:15,0.62,106.388
10255,12/27/2025 13:12:15,0.62,106.379
10256,12/27/2025 13:22:15,0.63,106.383
10257,12/27/2025 13:32:15,0.63,106.366
10258,12/27/2025 13:42:15,0.63,106.357
10259,12/27/2025 13:52:15,0.63,106.370
10260,12/27/2025 14:02:15,0.63,106.344
10261,12/27/2025 14:12:15,0.63,106.357
10262,12/27/2025 14:22:15,0.63,106.331
10263,12/27/2025 14:32:15,0.63,106.348
10264,12/27/2025 14:42:15,0.62,106.331
10265,12/27/2025 14:52:15,0.61,106.334
10266,12/27/2025 15:02:15,0.59,106.338
10267,12/27/2025 15:12:15,0.57,106.338
10268,12/27/2025 15:22:15,0.56,106.342
10269,12/27/2025 15:32:15,0.54,106.319
10270,12/27/2025 15:42:15,0.53,106.345
10271,12/27/2025 15:52:15,0.52,106.340
10272,12/27/2025 16:02:15,0.51,106.349
10273,12/27/2025 16:12:15,0.51,106.353
10274,12/27/2025 16:22:15,0.50,106.357
10275,12/27/2025 16:32:15,0.48,106.365
10276,12/27/2025 16:42:15,0.46,106.360
10277,12/27/2025 16:52:15,0.45,106.381
10278,12/27/2025 17:02:15,0.43,106.403
10279,12/27/2025 17:12:15,0.41,106.420
10280,12/27/2025 17:22:15,0.40,106.428
10281,12/27/2025 17:32:15,0.39,106.436
10282,12/27/2025 17:42:15,0.37,106.444
10283,12/27/2025 17:52:15,0.36,106.457
10284,12/27/2025 18:02:15,0.35,106.448
10285,12/27/2025 18:12:15,0.34,106.461
10286,12/27/2025 18:22:15,0.33,106.465
10287,12/27/2025 18:32:15,0.32,106.469
10288,12/27/2025 18:42:15,0.31,106.486
10289,12/27/2025 18:52:15,0.30,106.481
10290,12/27/2025 19:02:15,0.29,106.477
10291,12/27/2025 19:12:15,0.28,106.485
10292,12/27/2025 19:22:15,0.27,106.494
10293,12/27/2025 19:32:15,0.27,106.511
10294,12/27/2025 19:42:15,0.26,106.515
10295,12/27/2025 19:52:15,0.26,106.515
10296,12/27/2025 20:02:15,0.25,106.524
10297,12/27/2025 20:12:15,0.25,106.523
10298,12/27/2025 20:22:15,0.24,106.527
10299,12/27/2025 20:32:15,0.23,106.527
10300,12/27/2025 20:42:15,0.23,106.514
10301,12/27/2025 20:52:15,0.22,106.558
10302,12/27/2025 21:02:15,0.22,106.540
10303,12/27/2025 21:12:15,0.22,106.518
10304,12/27/2025 21:22:15,0.22,106.509
10305,12/27/2025 21:32:15,0.21,106.478
10306,12/27/2025 21:42:15,0.22,106.443
10307,12/27/2025 21:52:15,0.22,106.426
10308,12/27/2025 22:02:15,0.22,106.417
10309,12/27/2025 22:12:15,0.22,106.395
10310,12/27/2025 22:22:15,0.22,106.360
10311,12/27/2025 22:32:15,0.22,106.364
10312,12/27/2025 22:42:15,0.22,106.351
10313,12/27/2025 22:52:15,0.22,106.347
10314,12/27/2025 23:02:15,0.22,106.334
10315,12/27/2025 23:12:15,0.22,106.316
10316,12/27/2025 23:22:15,0.22,106.312
10317,12/27/2025 23:32:15,0.22,106.303
10318,12/27/2025 23:42:15,0.23,106.303
10319,12/27/2025 23:52:15,0.23,106.286
10320,12/28/2025 00:02:15,0.22,106.286
10321,12/28/2025 00:12:15,0.22,106.277
10322,12/28/2025 00:22:15,0.22,106.242
10323,12/28/2025 00:32:15,0.21,106.228
10324,12/28/2025 00:42:15,0.21,106.237
10325,12/28/2025 00:52:15,0.21,106.263
10326,12/28/2025 01:02:15,0.21,106.250
10327,12/28/2025 01:12:15,0.21,106.241
10328,12/28/2025 01:22:15,0.21,106.233
10329,12/28/2025 01:32:15,0.22,106.255
10330,12/28/2025 01:42:15,0.22,106.242
10331,12/28/2025 01:52:15,0.22,106.242
10332,12/28/2025 02:02:15,0.21,106.224
10333,12/28/2025 02:12:15,0.21,106.233
10334,12/28/2025 02:22:15,0.21,106.241
10335,12/28/2025 02:32:15,0.21,106.246
10336,12/28/2025 02:42:15,0.21,106.241
10337,12/28/2025 02:52:15,0.21,106.250
10338,12/28/2025 03:02:15,0.21,106.228
10339,12/28/2025 03:12:15,0.21,106.237
10340,12/28/2025 03:22:15,0.22,106.250
10341,12/28/2025 03:32:15,0.22,106.242
10342,12/28/2025 03:42:15,0.22,106.259
10343,12/28/2025 03:52:15,0.21,106.259
10344,12/28/2025 04:02:15,0.21,106.241
10345,12/28/2025 04:12:15,0.21,106.246
10346,12/28/2025 04:22:15,0.21,106.232
10347,12/28/2025 04:32:15,0.21,106.250
10348,12/28/2025 04:42:15,0.20,106.276
10349,12/28/2025 04:52:15,0.20,106.250
10350,12/28/2025 05:02:15,0.20,106.272
10351,12/28/2025 05:12:15,0.21,106.289
10352,12/28/2025 05:22:15,0.21,106.294
10353,12/28/2025 05:32:15,0.21,106.289
10354,12/28/2025 05:42:15,0.21,106.316
10355,12/28/2025 05:52:15,0.20,106.324
10356,12/28/2025 06:02:15,0.20,106.333
10357,12/28/2025 06:12:15,0.20,106.320
10358,12/28/2025 06:22:15,0.20,106.333
10359,12/28/2025 06:32:15,0.20,106.351
10360,12/28/2025 06:42:15,0.20,106.359
10361,12/28/2025 06:52:15,0.20,106.372
10362,12/28/2025 07:02:15,0.20,106.355
10363,12/28/2025 07:12:15,0.20,106.381
10364,12/28/2025 07:22:15,0.20,106.381
10365,12/28/2025 07:32:15,0.19,106.381
10366,12/28/2025 07:42:15,0.19,106.398
10367,12/28/2025 07:52:15,0.19,106.372
10368,12/28/2025 08:02:15,0.19,106.350
10369,12/28/2025 08:12:15,0.19,106.368
10370,12/28/2025 08:22:15,0.19,106.368
10371,12/28/2025 08:32:15,0.20,106.377
10372,12/28/2025 08:42:15,0.22,106.382
10373,12/28/2025 08:52:15,0.23,106.378
10374,12/28/2025 09:02:15,0.24,106.387
10375,12/28/2025 09:12:15,0.25,106.383
10376,12/28/2025 09:22:15,0.26,106.388
10377,12/28/2025 09:32:15,0.28,106.353
10378,12/28/2025 09:42:15,0.29,106.332
10379,12/28/2025 09:52:15,0.31,106.328
10380,12/28/2025 10:02:15,0.32,106.311
10381,12/28/2025 10:12:15,0.34,106.308
10382,12/28/2025 10:22:15,0.37,106.291
10383,12/28/2025 10:32:15,0.39,106.252
10384,12/28/2025 10:42:15,0.41,106.244
10385,12/28/2025 10:52:15,0.43,106.223
10386,12/28/2025 11:02:15,0.45,106.202
10387,12/28/2025 11:12:15,0.46,106.185
10388,12/28/2025 11:22:15,0.49,106.155
10389,12/28/2025 11:32:15,0.51,106.160
10390,12/28/2025 11:42:15,0.53,106.143
10391,12/28/2025 11:52:15,0.54,106.130
10392,12/28/2025 12:02:15,0.56,106.135
10393,12/28/2025 12:12:15,0.57,106.136
10394,12/28/2025 12:22:15,0.59,106.119
10395,12/28/2025 12:32:15,0.60,106.102
10396,12/28/2025 12:42:15,0.61,106.084
10397,12/28/2025 12:52:15,0.61,106.085
10398,12/28/2025 13:02:15,0.61,106.063
10399,12/28/2025 13:12:15,0.61,106.089
10400,12/28/2025 13:22:15,0.61,106.107
10401,12/28/2025 13:32:15,0.61,106.093
10402,12/28/2025 13:42:15,0.61,106.089
10403,12/28/2025 13:52:15,0.61,106.115
10404,12/28/2025 14:02:15,0.61,106.120
10405,12/28/2025 14:12:15,0.60,106.119
10406,12/28/2025 14:22:15,0.60,106.110
10407,12/28/2025 14:32:15,0.59,106.110
10408,12/28/2025 14:42:15,0.58,106.127
10409,12/28/2025 14:52:15,0.57,106.123
10410,12/28/2025 15:02:15,0.56,106.101
10411,12/28/2025 15:12:15,0.56,106.083
10412,12/28/2025 15:22:15,0.55,106.065
10413,12/28/2025 15:32:15,0.54,106.056
10414,12/28/2025 15:42:15,0.54,106.029
10415,12/28/2025 15:52:15,0.53,106.012
10416,12/28/2025 16:02:15,0.52,105.989
10417,12/28/2025 16:12:15,0.51,105.967
10418,12/28/2025 16:22:15,0.50,105.940
10419,12/28/2025 16:32:15,0.49,105.918
10420,12/28/2025 16:42:15,0.48,105.922
10421,12/28/2025 16:52:15,0.47,105.913
10422,12/28/2025 17:02:15,0.47,105.922
10423,12/28/2025 17:12:15,0.46,105.913
10424,12/28/2025 17:22:15,0.46,105.943
10425,12/28/2025 17:32:15,0.46,105.921
10426,12/28/2025 17:42:15,0.46,105.948
10427,12/28/2025 17:52:15,0.46,105.930
10428,12/28/2025 18:02:15,0.46,105.934
10429,12/28/2025 18:12:15,0.45,105.925
10430,12/28/2025 18:22:15,0.45,105.899
10431,12/28/2025 18:32:15,0.45,105.868
10432,12/28/2025 18:42:15,0.45,105.859
10433,12/28/2025 18:52:15,0.44,105.855
10434,12/28/2025 19:02:15,0.44,105.820
10435,12/28/2025 19:12:15,0.45,105.824
10436,12/28/2025 19:22:15,0.45,105.802
10437,12/28/2025 19:32:15,0.45,105.789
10438,12/28/2025 19:42:15,0.45,105.750
10439,12/28/2025 19:52:15,0.45,105.715
10440,12/28/2025 20:02:15,0.45,105.710
10441,12/28/2025 20:12:15,0.45,105.702
10442,12/28/2025 20:22:15,0.45,105.666
10443,12/28/2025 20:32:15,0.45,105.680
10444,12/28/2025 20:42:15,0.45,105.675
10445,12/28/2025 20:52:15,0.45,105.667
10446,12/28/2025 21:02:15,0.45,105.645
10447,12/28/2025 21:12:15,0.46,105.566
10448,12/28/2025 21:22:15,0.47,105.483
10449,12/28/2025 21:32:15,0.47,105.474
10450,12/28/2025 21:42:15,0.47,105.452
10451,12/28/2025 21:52:15,0.47,105.492
10452,12/28/2025 22:02:15,0.48,105.448
10453,12/28/2025 22:12:15,0.48,105.444
10454,12/28/2025 22:22:15,0.49,105.453
10455,12/28/2025 22:32:15,0.50,105.449
10456,12/28/2025 22:42:15,0.51,105.388
10457,12/28/2025 22:52:15,0.53,105.349
10458,12/28/2025 23:02:15,0.54,105.345
10459,12/28/2025 23:12:15,0.56,105.328
10460,12/28/2025 23:22:15,0.58,105.324
10461,12/28/2025 23:32:15,0.67,105.297
10462,12/28/2025 23:42:15,0.75,105.300
10463,12/28/2025 23:52:15,0.81,105.284
10464,12/29/2025 00:02:15,0.85,105.251
10465,12/29/2025 00:12:15,0.91,105.244
10466,12/29/2025 00:22:15,1.06,105.245
10467,12/29/2025 00:32:15,1.17,105.196
10468,12/29/2025 00:42:15,1.24,105.212
10469,12/29/2025 00:52:15,1.30,105.219
10470,12/29/2025 01:02:15,1.36,105.216
10471,12/29/2025 01:12:15,1.43,105.214
10472,12/29/2025 01:22:15,1.47,105.198
10473,12/29/2025 01:32:15,1.49,105.150
10474,12/29/2025 01:42:15,1.47,105.150
10475,12/29/2025 01:52:15,1.44,105.131
10476,12/29/2025 02:02:15,1.41,105.082
10477,12/29/2025 02:12:15,1.37,105.041
10478,12/29/2025 02:22:15,1.33,105.048
10479,12/29/2025 02:32:15,1.28,104.981
10480,12/29/2025 02:42:15,1.22,104.961
10481,12/29/2025 02:52:15,1.18,104.946
10482,12/29/2025 03:02:15,1.13,104.936
10483,12/29/2025 03:12:15,1.09,104.921
10484,12/29/2025 03:22:15,1.06,104.894
10485,12/29/2025 03:32:15,1.04,104.876
10486,12/29/2025 03:42:15,1.03,104.871
10487,12/29/2025 03:52:15,1.02,104.862
10488,12/29/2025 04:02:15,1.01,104.822
10489,12/29/2025 04:12:15,1.00,104.742
10490,12/29/2025 04:22:15,1.00,104.747
10491,12/29/2025 04:32:15,1.00,104.787
10492,12/29/2025 04:42:15,1.01,104.730
10493,12/29/2025 04:52:15,1.02,104.699
10494,12/29/2025 05:02:15,1.03,104.700
10495,12/29/2025 05:12:15,1.05,104.696
10496,12/29/2025 05:22:15,1.07,104.679
10497,12/29/2025 05:32:15,1.08,104.662
10498,12/29/2025 05:42:15,1.08,104.644
10499,12/29/2025 05:52:15,1.07,104.622
10500,12/29/2025 06:02:15,1.07,104.583
10501,12/29/2025 06:12:15,1.06,104.591
10502,12/29/2025 06:22:15,1.06,104.556
10503,12/29/2025 06:32:15,1.05,104.485
10504,12/29/2025 06:42:15,1.05,104.428
10505,12/29/2025 06:52:15,1.06,104.446
10506,12/29/2025 07:02:15,1.10,104.557
10507,12/29/2025 07:12:15,1.14,104.559
10508,12/29/2025 07:22:15,1.17,104.468
10509,12/29/2025 07:32:15,1.20,104.504
10510,12/29/2025 07:42:15,1.23,104.553
10511,12/29/2025 07:52:15,1.26,104.497
10512,12/29/2025 08:02:15,1.29,104.507
10513,12/29/2025 08:12:15,1.34,104.583
10514,12/29/2025 08:22:15,1.38,104.567
10515,12/29/2025 08:32:15,1.43,104.604
10516,12/29/2025 08:42:15,1.46,104.574
10517,12/29/2025 08:52:15,1.54,104.590
10518,12/29/2025 09:02:15,1.63,104.602
10519,12/29/2025 09:12:15,1.64,104.620
10520,12/29/2025 09:22:15,1.64,104.695
10521,12/29/2025 09:32:15,1.67,104.727
10522,12/29/2025 09:42:15,1.70,104.736
10523,12/29/2025 09:52:15,1.71,104.719
10524,12/29/2025 10:02:15,1.69,104.684
10525,12/29/2025 10:12:15,1.68,104.744
10526,12/29/2025 10:22:15,1.67,104.801
10527,12/29/2025 10:32:15,1.68,104.832
10528,12/29/2025 10:42:15,1.70,104.807
10529,12/29/2025 10:52:15,1.72,104.799
10530,12/29/2025 11:02:15,1.75,104.734
10531,12/29/2025 11:12:15,1.74,104.729
10532,12/29/2025 11:22:15,1.73,104.781
10533,12/29/2025 11:32:15,1.72,104.939
10534,12/29/2025 11:42:15,1.73,105.014
10535,12/29/2025 11:52:15,1.75,105.050
10536,12/29/2025 12:02:15,1.78,105.091
10537,12/29/2025 12:12:15,1.82,105.215
10538,12/29/2025 12:22:15,1.84,105.233
10539,12/29/2025 12:32:15,1.85,105.356
10540,12/29/2025 12:42:15,1.86,105.497
10541,12/29/2025 12:52:15,1.86,105.567
10542,12/29/2025 13:02:15,1.86,105.620
10543,12/29/2025 13:12:15,1.86,105.699
10544,12/29/2025 13:22:15,1.85,105.773
10545,12/29/2025 13:32:15,1.84,105.782
10546,12/29/2025 13:42:15,1.82,105.825
10547,12/29/2025 13:52:15,1.80,105.803
10548,12/29/2025 14:02:15,1.78,105.797
10549,12/29/2025 14:12:15,1.74,105.770
10550,12/29/2025 14:22:15,1.70,105.777
10551,12/29/2025 14:32:15,1.66,105.775
10552,12/29/2025 14:42:15,1.61,105.761
10553,12/29/2025 14:52:15,1.56,105.772
10554,12/29/2025 15:02:15,1.51,105.797
10555,12/29/2025 15:12:15,1.47,105.817
10556,12/29/2025 15:22:15,1.42,105.789
10557,12/29/2025 15:32:15,1.37,105.818
10558,12/29/2025 15:42:15,1.32,105.803
10559,12/29/2025 15:52:15,1.28,105.775
10560,12/29/2025 16:02:15,1.24,105.839
10561,12/29/2025 16:12:15,1.20,105.759
10562,12/29/2025 16:22:15,1.16,105.652
10563,12/29/2025 16:32:15,1.12,105.651
10564,12/29/2025 16:42:15,1.09,105.720
10565,12/29/2025 16:52:15,1.06,105.715
10566,12/29/2025 17:02:15,1.04,105.753
10567,12/29/2025 17:12:15,1.01,105.831
10568,12/29/2025 17:22:15,0.99,105.936
10569,12/29/2025 17:32:15,0.97,105.882
10570,12/29/2025 17:42:15,0.94,105.803
10571,12/29/2025 17:52:15,0.93,105.868
10572,12/29/2025 18:02:15,0.93,105.960
10573,12/29/2025 18:12:15,0.93,106.021
10574,12/29/2025 18:22:15,0.95,106.062
10575,12/29/2025 18:32:15,0.96,106.053
10576,12/29/2025 18:42:15,0.96,106.040
10577,12/29/2025 18:52:15,0.94,106.057
10578,12/29/2025 19:02:15,0.91,106.065
10579,12/29/2025 19:12:15,0.88,106.077
10580,12/29/2025 19:22:15,0.85,106.128
10581,12/29/2025 19:32:15,0.81,106.171
10582,12/29/2025 19:42:15,0.78,106.192
10583,12/29/2025 19:52:15,0.76,106.200
10584,12/29/2025 20:02:15,0.73,106.243
10585,12/29/2025 20:12:15,0.71,106.277
10586,12/29/2025 20:22:15,0.69,106.329
10587,12/29/2025 20:32:15,0.67,106.359
10588,12/29/2025 20:42:15,0.65,106.397
10589,12/29/2025 20:52:15,0.63,106.423
10590,12/29/2025 21:02:15,0.61,106.453
10591,12/29/2025 21:12:15,0.60,106.483
10592,12/29/2025 21:22:15,0.58,106.544
10593,12/29/2025 21:32:15,0.56,106.561
10594,12/29/2025 21:42:15,0.55,106.596
10595,12/29/2025 21:52:15,0.54,106.639
10596,12/29/2025 22:02:15,0.52,106.647
10597,12/29/2025 22:12:15,0.51,106.673
10598,12/29/2025 22:22:15,0.50,106.695
10599,12/29/2025 22:32:15,0.48,106.729
10600,12/29/2025 22:42:15,0.47,106.755
10601,12/29/2025 22:52:15,0.46,106.803
10602,12/29/2025 23:02:15,0.45,106.846
10603,12/29/2025 23:12:15,0.44,106.859
10604,12/29/2025 23:22:15,0.42,106.872
10605,12/29/2025 23:32:15,0.41,106.832
10606,12/29/2025 23:42:15,0.41,106.827
10607,12/29/2025 23:52:15,0.40,106.844
10608,12/30/2025 00:02:15,0.39,106.849
10609,12/30/2025 00:12:15,0.38,106.910
10610,12/30/2025 00:22:15,0.37,106.887
10611,12/30/2025 00:32:15,0.36,106.931
10612,12/30/2025 00:42:15,0.35,106.931
10613,12/30/2025 00:52:15,0.35,106.944
10614,12/30/2025 01:02:15,0.34,106.983
10615,12/30/2025 01:12:15,0.33,106.996
10616,12/30/2025 01:22:15,0.33,107.004
10617,12/30/2025 01:32:15,0.33,107.000
10618,12/30/2025 01:42:15,0.32,106.965
10619,12/30/2025 01:52:15,0.32,106.973
10620,12/30/2025 02:02:15,0.31,106.977
10621,12/30/2025 02:12:15,0.31,107.004
10622,12/30/2025 02:22:15,0.30,106.995
10623,12/30/2025 02:32:15,0.30,106.981
10624,12/30/2025 02:42:15,0.29,106.999
10625,12/30/2025 02:52:15,0.29,106.976
10626,12/30/2025 03:02:15,0.28,106.972
10627,12/30/2025 03:12:15,0.27,106.980
10628,12/30/2025 03:22:15,0.27,106.950
10629,12/30/2025 03:32:15,0.26,106.945
10630,12/30/2025 03:42:15,0.26,106.936
10631,12/30/2025 03:52:15,0.26,106.958
10632,12/30/2025 04:02:15,0.25,106.962
10633,12/30/2025 04:12:15,0.25,106.944
10634,12/30/2025 04:22:15,0.24,106.905
10635,12/30/2025 04:32:15,0.24,106.909
10636,12/30/2025 04:42:15,0.23,106.909
10637,12/30/2025 04:52:15,0.23,106.860
10638,12/30/2025 05:02:15,0.23,106.838
10639,12/30/2025 05:12:15,0.23,106.838
10640,12/30/2025 05:22:15,0.23,106.821
10641,12/30/2025 05:32:15,0.23,106.803
10642,12/30/2025 05:42:15,0.23,106.768
10643,12/30/2025 05:52:15,0.23,106.742
10644,12/30/2025 06:02:15,0.23,106.707
10645,12/30/2025 06:12:15,0.23,106.676
10646,12/30/2025 06:22:15,0.23,106.685
10647,12/30/2025 06:32:15,0.23,106.641
10648,12/30/2025 06:42:15,0.23,106.623
10649,12/30/2025 06:52:15,0.23,106.593
10650,12/30/2025 07:02:15,0.23,106.562
10651,12/30/2025 07:12:15,0.23,106.545
10652,12/30/2025 07:22:15,0.23,106.545
10653,12/30/2025 07:32:15,0.24,106.523
10654,12/30/2025 07:42:15,0.24,106.519
10655,12/30/2025 07:52:15,0.24,106.514
10656,12/30/2025 08:02:15,0.24,106.514
10657,12/30/2025 08:12:15,0.25,106.510
10658,12/30/2025 08:22:15,0.25,106.510
10659,12/30/2025 08:32:15,0.25,106.510
10660,12/30/2025 08:42:15,0.26,106.511
10661,12/30/2025 08:52:15,0.26,106.498
10662,12/30/2025 09:02:15,0.27,106.507
10663,12/30/2025 09:12:15,0.27,106.520
10664,12/30/2025 09:22:15,0.27,106.559
10665,12/30/2025 09:32:15,0.28,106.581
10666,12/30/2025 09:42:15,0.29,106.595
10667,12/30/2025 09:52:15,0.30,106.617
10668,12/30/2025 10:02:15,0.31,106.635
10669,12/30/2025 10:12:15,0.31,106.662
10670,12/30/2025 10:22:15,0.32,106.675
10671,12/30/2025 10:32:15,0.32,106.715
10672,12/30/2025 10:42:15,0.32,106.772
10673,12/30/2025 10:52:15,0.32,106.807
10674,12/30/2025 11:02:15,0.31,106.828
10675,12/30/2025 11:12:15,0.31,106.872
10676,12/30/2025 11:22:15,0.30,106.863
10677,12/30/2025 11:32:15,0.30,106.893
10678,12/30/2025 11:42:15,0.29,106.907
10679,12/30/2025 11:52:15,0.29,106.911
10680,12/30/2025 12:02:15,0.29,106.915
10681,12/30/2025 12:12:15,0.28,106.928
10682,12/30/2025 12:22:15,0.28,106.932
10683,12/30/2025 12:32:15,0.28,106.915
10684,12/30/2025 12:42:15,0.28,106.906
10685,12/30/2025 12:52:15,0.28,106.902
10686,12/30/2025 13:02:15,0.28,106.919
10687,12/30/2025 13:12:15,0.28,106.928
10688,12/30/2025 13:22:15,0.28,106.932
10689,12/30/2025 13:32:15,0.28,106.946
10690,12/30/2025 13:42:15,0.28,106.946
10691,12/30/2025 13:52:15,0.28,106.928
10692,12/30/2025 14:02:15,0.28,106.928
10693,12/30/2025 14:12:15,0.29,106.915
10694,12/30/2025 14:22:15,0.29,106.889
10695,12/30/2025 14:32:15,0.29,106.876
10696,12/30/2025 14:42:15,0.29,106.854
10697,12/30/2025 14:52:15,0.29,106.828
10698,12/30/2025 15:02:15,0.30,106.819
10699,12/30/2025 15:12:15,0.30,106.793
10700,12/30/2025 15:22:15,0.30,106.806
10701,12/30/2025 15:32:15,0.30,106.806
10702,12/30/2025 15:42:15,0.30,106.815
10703,12/30/2025 15:52:15,0.30,106.815
10704,12/30/2025 16:02:15,0.30,106.806
10705,12/30/2025 16:12:15,0.30,106.784
10706,12/30/2025 16:22:15,0.30,106.775
10707,12/30/2025 16:32:15,0.30,106.758
10708,12/30/2025 16:42:15,0.30,106.749
10709,12/30/2025 16:52:15,0.30,106.749
10710,12/30/2025 17:02:15,0.30,106.723
10711,12/30/2025 17:12:15,0.30,106.723
10712,12/30/2025 17:22:15,0.30,106.692
10713,12/30/2025 17:32:15,0.30,106.687
10714,12/30/2025 17:42:15,0.30,106.696
10715,12/30/2025 17:52:15,0.30,106.679
10716,12/30/2025 18:02:15,0.29,106.670
10717,12/30/2025 18:12:15,0.29,106.648
10718,12/30/2025 18:22:15,0.29,106.630
10719,12/30/2025 18:32:15,0.29,106.595
10720,12/30/2025 18:42:15,0.28,106.608
10721,12/30/2025 18:52:15,0.28,106.590
10722,12/30/2025 19:02:15,0.28,106.577
10723,12/30/2025 19:12:15,0.28,106.555
10724,12/30/2025 19:22:15,0.28,106.564
10725,12/30/2025 19:32:15,0.27,106.529
10726,12/30/2025 19:42:15,0.27,106.537
10727,12/30/2025 19:52:15,0.27,106.524
10728,12/30/2025 20:02:15,0.26,106.520
10729,12/30/2025 20:12:15,0.26,106.515
10730,12/30/2025 20:22:15,0.26,106.497
10731,12/30/2025 20:32:15,0.25,106.471
10732,12/30/2025 20:42:15,0.25,106.462
10733,12/30/2025 20:52:15,0.24,106.431
10734,12/30/2025 21:02:15,0.24,106.418
10735,12/30/2025 21:12:15,0.24,106.383
10736,12/30/2025 21:22:15,0.24,106.383
10737,12/30/2025 21:32:15,0.24,106.370
10738,12/30/2025 21:42:15,0.24,106.374
10739,12/30/2025 21:52:15,0.25,106.352
10740,12/30/2025 22:02:15,0.25,106.335
10741,12/30/2025 22:12:15,0.25,106.339
10742,12/30/2025 22:22:15,0.25,106.374
10743,12/30/2025 22:32:15,0.25,106.383
10744,12/30/2025 22:42:15,0.25,106.383
10745,12/30/2025 22:52:15,0.25,106.361
10746,12/30/2025 23:02:15,0.25,106.348
10747,12/30/2025 23:12:15,0.25,106.357
10748,12/30/2025 23:22:15,0.25,106.361
10749,12/30/2025 23:32:15,0.25,106.361
10750,12/30/2025 23:42:15,0.25,106.374
10751,12/30/2025 23:52:15,0.25,106.366
10752,12/31/2025 00:02:15,0.25,106.361
10753,12/31/2025 00:12:15,0.25,106.366
10754,12/31/2025 00:22:15,0.25,106.361
10755,12/31/2025 00:32:15,0.25,106.357
10756,12/31/2025 00:42:15,0.25,106.361
10757,12/31/2025 00:52:15,0.25,106.353
10758,12/31/2025 01:02:15,0.25,106.361
10759,12/31/2025 01:12:15,0.25,106.370
10760,12/31/2025 01:22:15,0.26,106.353
10761,12/31/2025 01:32:15,0.26,106.366
10762,12/31/2025 01:42:15,0.26,106.370
10763,12/31/2025 01:52:15,0.26,106.370
10764,12/31/2025 02:02:15,0.26,106.370
10765,12/31/2025 02:12:15,0.26,106.362
10766,12/31/2025 02:22:15,0.27,106.362
10767,12/31/2025 02:32:15,0.27,106.379
10768,12/31/2025 02:42:15,0.27,106.362
10769,12/31/2025 02:52:15,0.27,106.357
10770,12/31/2025 03:02:15,0.27,106.357
10771,12/31/2025 03:12:15,0.27,106.349
10772,12/31/2025 03:22:15,0.27,106.371
10773,12/31/2025 03:32:15,0.27,106.362
10774,12/31/2025 03:42:15,0.27,106.366
10775,12/31/2025 03:52:15,0.27,106.344
10776,12/31/2025 04:02:15,0.27,106.353
10777,12/31/2025 04:12:15,0.27,106.362
10778,12/31/2025 04:22:15,0.27,106.353
10779,12/31/2025 04:32:15,0.27,106.358
10780,12/31/2025 04:42:15,0.27,106.371
10781,12/31/2025 04:52:15,0.28,106.353
10782,12/31/2025 05:02:15,0.28,106.358
10783,12/31/2025 05:12:15,0.28,106.367
10784,12/31/2025 05:22:15,0.28,106.345
10785,12/31/2025 05:32:15,0.28,106.332
10786,12/31/2025 05:42:15,0.28,106.314
10787,12/31/2025 05:52:15,0.28,106.314
10788,12/31/2025 06:02:15,0.28,106.327
10789,12/31/2025 06:12:15,0.28,106.336
10790,12/31/2025 06:22:15,0.28,106.336
10791,12/31/2025 06:32:15,0.27,106.340
10792,12/31/2025 06:42:15,0.27,106.349
10793,12/31/2025 06:52:15,0.27,106.366
10794,12/31/2025 07:02:15,0.26,106.370
10795,12/31/2025 07:12:15,0.26,106.383
10796,12/31/2025 07:22:15,0.26,106.388
10797,12/31/2025 07:32:15,0.26,106.392
10798,12/31/2025 07:42:15,0.25,106.392
10799,12/31/2025 07:52:15,0.25,106.392
10800,12/31/2025 08:02:15,0.25,106.392
10801,12/31/2025 08:12:15,0.25,106.401
10802,12/31/2025 08:22:15,0.25,106.418
10803,12/31/2025 08:32:15,0.25,106.418
10804,12/31/2025 08:42:15,0.26,106.423
10805,12/31/2025 08:52:15,0.26,106.414
10806,12/31/2025 09:02:15,0.27,106.428
10807,12/31/2025 09:12:15,0.27,106.419
10808,12/31/2025 09:22:15,0.28,106.419
10809,12/31/2025 09:32:15,0.29,106.402
10810,12/31/2025 09:42:15,0.30,106.385
10811,12/31/2025 09:52:15,0.31,106.381
10812,12/31/2025 10:02:15,0.32,106.390
10813,12/31/2025 10:12:15,0.33,106.390
10814,12/31/2025 10:22:15,0.35,106.378
10815,12/31/2025 10:32:15,0.36,106.365
10816,12/31/2025 10:42:15,0.37,106.322
10817,12/31/2025 10:52:15,0.39,106.314
10818,12/31/2025 11:02:15,0.41,106.292
10819,12/31/2025 11:12:15,0.43,106.289
10820,12/31/2025 11:22:15,0.45,106.267
10821,12/31/2025 11:32:15,0.46,106.277
10822,12/31/2025 11:42:15,0.48,106.273
10823,12/31/2025 11:52:15,0.50,106.274
10824,12/31/2025 12:02:15,0.51,106.274
10825,12/31/2025 12:12:15,0.53,106.266
10826,12/31/2025 12:22:15,0.55,106.249
10827,12/31/2025 12:32:15,0.56,106.263
10828,12/31/2025 12:42:15,0.58,106.250
10829,12/31/2025 12:52:15,0.59,106.229
10830,12/31/2025 13:02:15,0.61,106.220
10831,12/31/2025 13:12:15,0.62,106.208
10832,12/31/2025 13:22:15,0.63,106.217
10833,12/31/2025 13:32:15,0.63,106.204
10834,12/31/2025 13:42:15,0.64,106.209
10835,12/31/2025 13:52:15,0.65,106.196
10836,12/31/2025 14:02:15,0.67,106.179
10837,12/31/2025 14:12:15,0.68,106.157
10838,12/31/2025 14:22:15,0.69,106.158
10839,12/31/2025 14:32:15,0.70,106.149
10840,12/31/2025 14:42:15,0.71,106.136
10841,12/31/2025 14:52:15,0.71,106.132
10842,12/31/2025 15:02:15,0.72,106.128
10843,12/31/2025 15:12:15,0.72,106.119
10844,12/31/2025 15:22:15,0.72,106.111
10845,12/31/2025 15:32:15,0.73,106.111
10846,12/31/2025 15:42:15,0.73,106.111
10847,12/31/2025 15:52:15,0.73,106.111
10848,12/31/2025 16:02:15,0.73,106.115
10849,12/31/2025 16:12:15,0.73,106.128
10850,12/31/2025 16:22:15,0.74,106.142
10851,12/31/2025 16:32:15,0.74,106.125
10852,12/31/2025 16:42:15,0.75,106.116
10853,12/31/2025 16:52:15,0.75,106.129
10854,12/31/2025 17:02:15,0.75,106.125
10855,12/31/2025 17:12:15,0.75,106.129
10856,12/31/2025 17:22:15,0.75,106.120
10857,12/31/2025 17:32:15,0.74,106.138
10858,12/31/2025 17:42:15,0.74,106.159
10859,12/31/2025 17:52:15,0.73,106.159
10860,12/31/2025 18:02:15,0.73,106.163
10861,12/31/2025 18:12:15,0.72,106.146
10862,12/31/2025 18:22:15,0.71,106.150
10863,12/31/2025 18:32:15,0.71,106.154
10864,12/31/2025 18:42:15,0.70,106.162
10865,12/31/2025 18:52:15,0.69,106.162
10866,12/31/2025 19:02:15,0.68,106.131
10867,12/31/2025 19:12:15,0.67,106.126
10868,12/31/2025 19:22:15,0.66,106.117
10869,12/31/2025 19:32:15,0.65,106.099
10870,12/31/2025 19:42:15,0.63,106.090
10871,12/31/2025 19:52:15,0.62,106.072
10872,12/31/2025 20:02:15,0.61,106.063
10873,12/31/2025 20:12:15,0.60,106.054
10874,12/31/2025 20:22:15,0.59,106.058
10875,12/31/2025 20:32:15,0.58,106.044
10876,12/31/2025 20:42:15,0.57,106.053
10877,12/31/2025 20:52:15,0.56,106.039
10878,12/31/2025 21:02:15,0.55,106.025
10879,12/31/2025 21:12:15,0.54,106.012
10880,12/31/2025 21:22:15,0.53,105.998
10881,12/31/2025 21:32:15,0.52,105.972
10882,12/31/2025 21:42:15,0.51,105.962
10883,12/31/2025 21:52:15,0.50,105.940
10884,12/31/2025 22:02:15,0.49,105.927
10885,12/31/2025 22:12:15,0.48,105.900
10886,12/31/2025 22:22:15,0.47,105.882
10887,12/31/2025 22:32:15,0.46,105.864
10888,12/31/2025 22:42:15,0.46,105.851
10889,12/31/2025 22:52:15,0.45,105.833
10890,12/31/2025 23:02:15,0.44,105.811
10891,12/31/2025 23:12:15,0.44,105.798
10892,12/31/2025 23:22:15,0.43,105.780
10893,12/31/2025 23:32:15,0.43,105.749
10894,12/31/2025 23:42:15,0.42,105.701
10895,12/31/2025 23:52:15,0.42,105.679
10896,01/01/2026 00:02:15,0.41,105.652
10897,01/01/2026 00:12:15,0.41,105.608
10898,01/01/2026 00:22:15,0.40,105.608
10899,01/01/2026 00:32:15,0.40,105.586
10900,01/01/2026 00:42:15,0.39,105.568
10901,01/01/2026 00:52:15,0.38,105.554
10902,01/01/2026 01:02:15,0.38,105.519
10903,01/01/2026 01:12:15,0.37,105.514
10904,01/01/2026 01:22:15,0.36,105.510
10905,01/01/2026 01:32:15,0.35,105.496
10906,01/01/2026 01:42:15,0.34,105.492
10907,01/01/2026 01:52:15,0.34,105.465
10908,01/01/2026 02:02:15,0.33,105.461
10909,01/01/2026 02:12:15,0.33,105.443
10910,01/01/2026 02:22:15,0.33,105.452
10911,01/01/2026 02:32:15,0.33,105.439
10912,01/01/2026 02:42:15,0.33,105.408
10913,01/01/2026 02:52:15,0.33,105.395
10914,01/01/2026 03:02:15,0.32,105.377
10915,01/01/2026 03:12:15,0.32,105.359
10916,01/01/2026 03:22:15,0.32,105.346
10917,01/01/2026 03:32:15,0.32,105.337
10918,01/01/2026 03:42:15,0.32,105.311
10919,01/01/2026 03:52:15,0.32,105.293
10920,01/01/2026 04:02:15,0.32,105.263
10921,01/01/2026 04:12:15,0.33,105.250
10922,01/01/2026 04:22:15,0.33,105.250
10923,01/01/2026 04:32:15,0.34,105.237
10924,01/01/2026 04:42:15,0.34,105.224
10925,01/01/2026 04:52:15,0.35,105.229
10926,01/01/2026 05:02:15,0.36,105.233
10927,01/01/2026 05:12:15,0.36,105.203
10928,01/01/2026 05:22:15,0.37,105.190
10929,01/01/2026 05:32:15,0.37,105.194
10930,01/01/2026 05:42:15,0.38,105.203
10931,01/01/2026 05:52:15,0.39,105.195
10932,01/01/2026 06:02:15,0.39,105.199
10933,01/01/2026 06:12:15,0.40,105.274
10934,01/01/2026 06:22:15,0.40,105.296
10935,01/01/2026 06:32:15,0.40,105.296
10936,01/01/2026 06:42:15,0.40,105.327
10937,01/01/2026 06:52:15,0.40,105.345
10938,01/01/2026 07:02:15,0.40,105.345
10939,01/01/2026 07:12:15,0.40,105.384
10940,01/01/2026 07:22:15,0.40,105.375
10941,01/01/2026 07:32:15,0.40,105.380
10942,01/01/2026 07:42:15,0.40,105.402
10943,01/01/2026 07:52:15,0.40,105.410
10944,01/01/2026 08:02:15,0.40,105.428
10945,01/01/2026 08:12:15,0.40,105.446
10946,01/01/2026 08:22:15,0.40,105.419
10947,01/01/2026 08:32:15,0.41,105.441
10948,01/01/2026 08:42:15,0.41,105.485
10949,01/01/2026 08:52:15,0.41,105.507
10950,01/01/2026 09:02:15,0.41,105.547
10951,01/01/2026 09:12:15,0.41,105.578
10952,01/01/2026 09:22:15,0.41,105.608
10953,01/01/2026 09:32:15,0.41,105.573
10954,01/01/2026 09:42:15,0.41,105.582
10955,01/01/2026 09:52:15,0.41,105.595
10956,01/01/2026 10:02:15,0.41,105.599
10957,01/01/2026 10:12:15,0.41,105.612
10958,01/01/2026 10:22:15,0.41,105.608
10959,01/01/2026 10:32:15,0.41,105.599
10960,01/01/2026 10:42:15,0.42,105.591
10961,01/01/2026 10:52:15,0.43,105.618
10962,01/01/2026 11:02:15,0.44,105.605
10963,01/01/2026 11:12:15,0.46,105.583
10964,01/01/2026 11:22:15,0.47,105.575
10965,01/01/2026 11:32:15,0.48,105.597
10966,01/01/2026 11:42:15,0.50,105.594
10967,01/01/2026 11:52:15,0.52,105.616
10968,01/01/2026 12:02:15,0.53,105.595
10969,01/01/2026 12:12:15,0.55,105.609
10970,01/01/2026 12:22:15,0.57,105.631
10971,01/01/2026 12:32:15,0.58,105.623
10972,01/01/2026 12:42:15,0.60,105.619
10973,01/01/2026 12:52:15,0.61,105.615
10974,01/01/2026 13:02:15,0.62,105.611
10975,01/01/2026 13:12:15,0.62,105.629
10976,01/01/2026 13:22:15,0.63,105.607
10977,01/01/2026 13:32:15,0.63,105.638
10978,01/01/2026 13:42:15,0.63,105.647
10979,01/01/2026 13:52:15,0.63,105.655
10980,01/01/2026 14:02:15,0.63,105.673
10981,01/01/2026 14:12:15,0.62,105.668
10982,01/01/2026 14:22:15,0.62,105.677
10983,01/01/2026 14:32:15,0.62,105.699
10984,01/01/2026 14:42:15,0.61,105.681
10985,01/01/2026 14:52:15,0.60,105.729
10986,01/01/2026 15:02:15,0.59,105.742
10987,01/01/2026 15:12:15,0.57,105.754
10988,01/01/2026 15:22:15,0.57,105.758
10989,01/01/2026 15:32:15,0.55,105.771
10990,01/01/2026 15:42:15,0.54,105.793
10991,01/01/2026 15:52:15,0.52,105.814
10992,01/01/2026 16:02:15,0.51,105.831
10993,01/01/2026 16:12:15,0.49,105.844
10994,01/01/2026 16:22:15,0.48,105.843
10995,01/01/2026 16:32:15,0.46,105.864
10996,01/01/2026 16:42:15,0.44,105.886
10997,01/01/2026 16:52:15,0.42,105.894
10998,01/01/2026 17:02:15,0.40,105.906
10999,01/01/2026 17:12:15,0.38,105.905
11000,01/01/2026 17:22:15,0.36,105.922
11001,01/01/2026 17:32:15,0.35,105.939
11002,01/01/2026 17:42:15,0.33,105.908
11003,01/01/2026 17:52:15,0.31,105.898
11004,01/01/2026 18:02:15,0.30,105.885
11005,01/01/2026 18:12:15,0.28,105.823
11006,01/01/2026 18:22:15,0.27,105.748
11007,01/01/2026 18:32:15,0.26,105.647
11008,01/01/2026 18:42:15,0.25,105.558
11009,01/01/2026 18:52:15,0.24,105.475
11010,01/01/2026 19:02:15,0.24,105.387
11011,01/01/2026 19:12:15,0.24,105.308
11012,01/01/2026 19:22:15,0.25,105.238
11013,01/01/2026 19:32:15,0.26,105.173
11014,01/01/2026 19:42:15,0.27,105.121
11015,01/01/2026 19:52:15,0.28,105.073
11016,01/01/2026 20:02:15,0.30,105.047
11017,01/01/2026 20:12:15,0.31,105.021
11018,01/01/2026 20:22:15,0.32,104.986
11019,01/01/2026 20:32:15,0.33,105.004
11020,01/01/2026 20:42:15,0.34,105.013
11021,01/01/2026 20:52:15,0.35,105.023
11022,01/01/2026 21:02:15,0.36,105.067
11023,01/01/2026 21:12:15,0.37,105.076
11024,01/01/2026 21:22:15,0.38,105.102
11025,01/01/2026 21:32:15,0.38,105.107
11026,01/01/2026 21:42:15,0.39,105.120
11027,01/01/2026 21:52:15,0.39,105.151
11028,01/01/2026 22:02:15,0.39,105.169
11029,01/01/2026 22:12:15,0.39,105.190
11030,01/01/2026 22:22:15,0.39,105.204
11031,01/01/2026 22:32:15,0.38,105.234
11032,01/01/2026 22:42:15,0.38,105.269
11033,01/01/2026 22:52:15,0.38,105.282
11034,01/01/2026 23:02:15,0.38,105.282
11035,01/01/2026 23:12:15,0.37,105.278
11036,01/01/2026 23:22:15,0.37,105.278
11037,01/01/2026 23:32:15,0.37,105.278
11038,01/01/2026 23:42:15,0.37,105.247
11039,01/01/2026 23:52:15,0.37,105.247
11040,01/02/2026 00:02:15,0.37,105.234
11041,01/02/2026 00:12:15,0.38,105.221
11042,01/02/2026 00:22:15,0.38,105.208
11043,01/02/2026 00:32:15,0.39,105.199
11044,01/02/2026 00:42:15,0.39,105.208
11045,01/02/2026 00:52:15,0.40,105.213
11046,01/02/2026 01:02:15,0.40,105.200
11047,01/02/2026 01:12:15,0.40,105.200
11048,01/02/2026 01:22:15,0.40,105.195
11049,01/02/2026 01:32:15,0.40,105.195
11050,01/02/2026 01:42:15,0.40,105.186
11051,01/02/2026 01:52:15,0.39,105.221
11052,01/02/2026 02:02:15,0.39,105.208
11053,01/02/2026 02:12:15,0.39,105.235
11054,01/02/2026 02:22:15,0.40,105.248
11055,01/02/2026 02:32:15,0.40,105.239
11056,01/02/2026 02:42:15,0.40,105.248
11057,01/02/2026 02:52:15,0.39,105.261
11058,01/02/2026 03:02:15,0.38,105.282
11059,01/02/2026 03:12:15,0.37,105.291
11060,01/02/2026 03:22:15,0.36,105.295
11061,01/02/2026 03:32:15,0.35,105.295
11062,01/02/2026 03:42:15,0.34,105.299
11063,01/02/2026 03:52:15,0.33,105.285
11064,01/02/2026 04:02:15,0.33,105.263
11065,01/02/2026 04:12:15,0.32,105.272
11066,01/02/2026 04:22:15,0.32,105.276
11067,01/02/2026 04:32:15,0.32,105.258
11068,01/02/2026 04:42:15,0.32,105.236
11069,01/02/2026 04:52:15,0.32,105.232
11070,01/02/2026 05:02:15,0.32,105.223
11071,01/02/2026 05:12:15,0.32,105.214
11072,01/02/2026 05:22:15,0.32,105.201
11073,01/02/2026 05:32:15,0.32,105.214
11074,01/02/2026 05:42:15,0.32,105.214
11075,01/02/2026 05:52:15,0.32,105.188
11076,01/02/2026 06:02:15,0.32,105.201
11077,01/02/2026 06:12:15,0.32,105.206
11078,01/02/2026 06:22:15,0.32,105.215
11079,01/02/2026 06:32:15,0.32,105.210
11080,01/02/2026 06:42:15,0.32,105.215
11081,01/02/2026 06:52:15,0.33,105.202
11082,01/02/2026 07:02:15,0.33,105.206
11083,01/02/2026 07:12:15,0.33,105.202
11084,01/02/2026 07:22:15,0.33,105.180
11085,01/02/2026 07:32:15,0.33,105.184
11086,01/02/2026 07:42:15,0.34,105.193
11087,01/02/2026 07:52:15,0.34,105.207
11088,01/02/2026 08:02:15,0.35,105.207
11089,01/02/2026 08:12:15,0.35,105.215
11090,01/02/2026 08:22:15,0.35,105.216
11091,01/02/2026 08:32:15,0.35,105.242
11092,01/02/2026 08:42:15,0.36,105.242
11093,01/02/2026 08:52:15,0.36,105.255
11094,01/02/2026 09:02:15,0.36,105.286
11095,01/02/2026 09:12:15,0.36,105.295
11096,01/02/2026 09:22:15,0.36,105.286
11097,01/02/2026 09:32:15,0.36,105.304
11098,01/02/2026 09:42:15,0.37,105.317
11099,01/02/2026 09:52:15,0.37,105.343
11100,01/02/2026 10:02:15,0.37,105.370
11101,01/02/2026 10:12:15,0.38,105.388
11102,01/02/2026 10:22:15,0.39,105.414
11103,01/02/2026 10:32:15,0.39,105.441
11104,01/02/2026 10:42:15,0.40,105.441
11105,01/02/2026 10:52:15,0.41,105.450
11106,01/02/2026 11:02:15,0.42,105.468
11107,01/02/2026 11:12:15,0.42,105.494
11108,01/02/2026 11:22:15,0.42,105.508
11109,01/02/2026 11:32:15,0.43,105.530
11110,01/02/2026 11:42:15,0.44,105.539
11111,01/02/2026 11:52:15,0.44,105.535
11112,01/02/2026 12:02:15,0.45,105.574
11113,01/02/2026 12:12:15,0.46,105.584
11114,01/02/2026 12:22:15,0.47,105.593
11115,01/02/2026 12:32:15,0.47,105.580
11116,01/02/2026 12:42:15,0.47,105.566
11117,01/02/2026 12:52:15,0.47,105.566
11118,01/02/2026 13:02:15,0.47,105.558
11119,01/02/2026 13:12:15,0.47,105.562
11120,01/02/2026 13:22:15,0.46,105.562
11121,01/02/2026 13:32:15,0.46,105.570
11122,01/02/2026 13:42:15,0.45,105.570
11123,01/02/2026 13:52:15,0.45,105.570
11124,01/02/2026 14:02:15,0.44,105.587
11125,01/02/2026 14:12:15,0.44,105.596
11126,01/02/2026 14:22:15,0.44,105.613
11127,01/02/2026 14:32:15,0.43,105.609
11128,01/02/2026 14:42:15,0.42,105.635
11129,01/02/2026 14:52:15,0.42,105.661
11130,01/02/2026 15:02:15,0.41,105.674
11131,01/02/2026 15:12:15,0.40,105.687
11132,01/02/2026 15:22:15,0.39,105.686
11133,01/02/2026 15:32:15,0.38,105.690
11134,01/02/2026 15:42:15,0.37,105.703
11135,01/02/2026 15:52:15,0.36,105.703
11136,01/02/2026 16:02:15,0.36,105.694
11137,01/02/2026 16:12:15,0.35,105.667
11138,01/02/2026 16:22:15,0.35,105.667
11139,01/02/2026 16:32:15,0.35,105.667
11140,01/02/2026 16:42:15,0.35,105.645
11141,01/02/2026 16:52:15,0.34,105.636
11142,01/02/2026 17:02:15,0.34,105.632
11143,01/02/2026 17:12:15,0.34,105.623
11144,01/02/2026 17:22:15,0.33,105.623
11145,01/02/2026 17:32:15,0.33,105.610
11146,01/02/2026 17:42:15,0.32,105.609
11147,01/02/2026 17:52:15,0.32,105.596
11148,01/02/2026 18:02:15,0.32,105.596
11149,01/02/2026 18:12:15,0.31,105.609
11150,01/02/2026 18:22:15,0.31,105.613
11151,01/02/2026 18:32:15,0.31,105.609
11152,01/02/2026 18:42:15,0.30,105.604
11153,01/02/2026 18:52:15,0.30,105.631
11154,01/02/2026 19:02:15,0.30,105.648
11155,01/02/2026 19:12:15,0.30,105.648
11156,01/02/2026 19:22:15,0.30,105.644
11157,01/02/2026 19:32:15,0.30,105.657
11158,01/02/2026 19:42:15,0.30,105.648
11159,01/02/2026 19:52:15,0.30,105.661
11160,01/02/2026 20:02:15,0.29,105.639
11161,01/02/2026 20:12:15,0.29,105.657
11162,01/02/2026 20:22:15,0.29,105.639
11163,01/02/2026 20:32:15,0.29,105.639
11164,01/02/2026 20:42:15,0.29,105.648
11165,01/02/2026 20:52:15,0.29,105.634
11166,01/02/2026 21:02:15,0.29,105.639
11167,01/02/2026 21:12:15,0.29,105.648
11168,01/02/2026 21:22:15,0.28,105.656
11169,01/02/2026 21:32:15,0.28,105.661
11170,01/02/2026 21:42:15,0.28,105.652
11171,01/02/2026 21:52:15,0.28,105.643
11172,01/02/2026 22:02:15,0.28,105.639
11173,01/02/2026 22:12:15,0.28,105.652
11174,01/02/2026 22:22:15,0.28,105.652
11175,01/02/2026 22:32:15,0.29,105.661
11176,01/02/2026 22:42:15,0.29,105.657
11177,01/02/2026 22:52:15,0.29,105.665
11178,01/02/2026 23:02:15,0.29,105.652
11179,01/02/2026 23:12:15,0.30,105.652
11180,01/02/2026 23:22:15,0.30,105.652
11181,01/02/2026 23:32:15,0.30,105.648
11182,01/02/2026 23:42:15,0.30,105.657
11183,01/02/2026 23:52:15,0.30,105.657
11184,01/03/2026 00:02:15,0.31,105.657
11185,01/03/2026 00:12:15,0.31,105.657
11186,01/03/2026 00:22:15,0.31,105.657
11187,01/03/2026 00:32:15,0.31,105.635
11188,01/03/2026 00:42:15,0.32,105.618
11189,01/03/2026 00:52:15,0.32,105.618
11190,01/03/2026 01:02:15,0.32,105.636
11191,01/03/2026 01:12:15,0.32,105.649
11192,01/03/2026 01:22:15,0.32,105.662
11193,01/03/2026 01:32:15,0.32,105.653
11194,01/03/2026 01:42:15,0.32,105.658
11195,01/03/2026 01:52:15,0.33,105.636
11196,01/03/2026 02:02:15,0.33,105.640
11197,01/03/2026 02:12:15,0.33,105.649
11198,01/03/2026 02:22:15,0.33,105.662
11199,01/03/2026 02:32:15,0.33,105.662
11200,01/03/2026 02:42:15,0.33,105.675
11201,01/03/2026 02:52:15,0.33,105.662
11202,01/03/2026 03:02:15,0.33,105.667
11203,01/03/2026 03:12:15,0.33,105.653
11204,01/03/2026 03:22:15,0.33,105.640
11205,01/03/2026 03:32:15,0.34,105.636
11206,01/03/2026 03:42:15,0.34,105.645
11207,01/03/2026 03:52:15,0.35,105.636
11208,01/03/2026 04:02:15,0.35,105.628
11209,01/03/2026 04:12:15,0.35,105.619
11210,01/03/2026 04:22:15,0.35,105.615
11211,01/03/2026 04:32:15,0.35,105.624
11212,01/03/2026 04:42:15,0.35,105.619
11213,01/03/2026 04:52:15,0.35,105.619
11214,01/03/2026 05:02:15,0.36,105.650
11215,01/03/2026 05:12:15,0.36,105.650
11216,01/03/2026 05:22:15,0.36,105.641
11217,01/03/2026 05:32:15,0.36,105.637
11218,01/03/2026 05:42:15,0.36,105.633
11219,01/03/2026 05:52:15,0.36,105.655
11220,01/03/2026 06:02:15,0.36,105.642
11221,01/03/2026 06:12:15,0.36,105.655
11222,01/03/2026 06:22:15,0.36,105.690
11223,01/03/2026 06:32:15,0.37,105.694
11224,01/03/2026 06:42:15,0.37,105.707
11225,01/03/2026 06:52:15,0.37,105.712
11226,01/03/2026 07:02:15,0.37,105.712
11227,01/03/2026 07:12:15,0.37,105.734
11228,01/03/2026 07:22:15,0.37,105.747
11229,01/03/2026 07:32:15,0.36,105.760
11230,01/03/2026 07:42:15,0.36,105.764
11231,01/03/2026 07:52:15,0.35,105.764
11232,01/03/2026 08:02:15,0.35,105.768
11233,01/03/2026 08:12:15,0.35,105.781
11234,01/03/2026 08:22:15,0.35,105.786
11235,01/03/2026 08:32:15,0.35,105.794
11236,01/03/2026 08:42:15,0.35,105.799
11237,01/03/2026 08:52:15,0.36,105.817
11238,01/03/2026 09:02:15,0.36,105.839
11239,01/03/2026 09:12:15,0.36,105.856
11240,01/03/2026 09:22:15,0.37,105.839
11241,01/03/2026 09:32:15,0.37,105.852
11242,01/03/2026 09:42:15,0.38,105.831
11243,01/03/2026 09:52:15,0.39,105.835
11244,01/03/2026 10:02:15,0.40,105.853
11245,01/03/2026 10:12:15,0.41,105.845
11246,01/03/2026 10:22:15,0.42,105.845
11247,01/03/2026 10:32:15,0.44,105.828
11248,01/03/2026 10:42:15,0.46,105.842
11249,01/03/2026 10:52:15,0.47,105.856
11250,01/03/2026 11:02:15,0.49,105.843
11251,01/03/2026 11:12:15,0.51,105.853
11252,01/03/2026 11:22:15,0.53,105.836
11253,01/03/2026 11:32:15,0.55,105.837
11254,01/03/2026 11:42:15,0.57,105.842
11255,01/03/2026 11:52:15,0.60,105.839
11256,01/03/2026 12:02:15,0.62,105.844
11257,01/03/2026 12:12:15,0.64,105.827
11258,01/03/2026 12:22:15,0.66,105.819
11259,01/03/2026 12:32:15,0.67,105.806
11260,01/03/2026 12:42:15,0.69,105.824
11261,01/03/2026 12:52:15,0.70,105.829
11262,01/03/2026 13:02:15,0.71,105.847
11263,01/03/2026 13:12:15,0.71,105.829
11264,01/03/2026 13:22:15,0.72,105.838
11265,01/03/2026 13:32:15,0.72,105.834
11266,01/03/2026 13:42:15,0.72,105.843
11267,01/03/2026 13:52:15,0.72,105.860
11268,01/03/2026 14:02:15,0.72,105.865
11269,01/03/2026 14:12:15,0.71,105.895
11270,01/03/2026 14:22:15,0.70,105.912
11271,01/03/2026 14:32:15,0.68,105.934
11272,01/03/2026 14:42:15,0.67,105.938
11273,01/03/2026 14:52:15,0.66,105.937
11274,01/03/2026 15:02:15,0.65,105.968
11275,01/03/2026 15:12:15,0.64,105.981
11276,01/03/2026 15:22:15,0.63,105.993
11277,01/03/2026 15:32:15,0.62,105.993
11278,01/03/2026 15:42:15,0.61,105.997
11279,01/03/2026 15:52:15,0.60,106.010
11280,01/03/2026 16:02:15,0.59,106.027
11281,01/03/2026 16:12:15,0.57,106.044
11282,01/03/2026 16:22:15,0.56,106.070
11283,01/03/2026 16:32:15,0.55,106.069
11284,01/03/2026 16:42:15,0.53,106.073
11285,01/03/2026 16:52:15,0.52,106.112
11286,01/03/2026 17:02:15,0.51,106.107
11287,01/03/2026 17:12:15,0.50,106.116
11288,01/03/2026 17:22:15,0.49,106.124
11289,01/03/2026 17:32:15,0.48,106.133
11290,01/03/2026 17:42:15,0.47,106.132
11291,01/03/2026 17:52:15,0.47,106.136
11292,01/03/2026 18:02:15,0.46,106.132
11293,01/03/2026 18:12:15,0.46,106.158
11294,01/03/2026 18:22:15,0.45,106.149
11295,01/03/2026 18:32:15,0.45,106.149
11296,01/03/2026 18:42:15,0.45,106.153
11297,01/03/2026 18:52:15,0.44,106.158
11298,01/03/2026 19:02:15,0.44,106.153
11299,01/03/2026 19:12:15,0.44,106.153
11300,01/03/2026 19:22:15,0.43,106.148
11301,01/03/2026 19:32:15,0.43,106.161
11302,01/03/2026 19:42:15,0.43,106.153
11303,01/03/2026 19:52:15,0.43,106.157
11304,01/03/2026 20:02:15,0.42,106.166
11305,01/03/2026 20:12:15,0.42,106.144
11306,01/03/2026 20:22:15,0.42,106.135
11307,01/03/2026 20:32:15,0.42,106.144
11308,01/03/2026 20:42:15,0.42,106.139
11309,01/03/2026 20:52:15,0.42,106.139
11310,01/03/2026 21:02:15,0.42,106.144
11311,01/03/2026 21:12:15,0.42,106.143
11312,01/03/2026 21:22:15,0.41,106.135
11313,01/03/2026 21:32:15,0.41,106.135
11314,01/03/2026 21:42:15,0.41,106.148
11315,01/03/2026 21:52:15,0.41,106.139
11316,01/03/2026 22:02:15,0.41,106.134
11317,01/03/2026 22:12:15,0.41,106.139
11318,01/03/2026 22:22:15,0.41,106.139
11319,01/03/2026 22:32:15,0.41,106.130
11320,01/03/2026 22:42:15,0.41,106.148
11321,01/03/2026 22:52:15,0.41,106.143
11322,01/03/2026 23:02:15,0.41,106.099
11323,01/03/2026 23:12:15,0.41,106.117
11324,01/03/2026 23:22:15,0.41,106.104
11325,01/03/2026 23:32:15,0.40,106.099
11326,01/03/2026 23:42:15,0.40,106.090
11327,01/03/2026 23:52:15,0.41,106.082
11328,01/04/2026 00:02:15,0.41,106.095
11329,01/04/2026 00:12:15,0.41,106.091
11330,01/04/2026 00:22:15,0.41,106.126
11331,01/04/2026 00:32:15,0.41,106.112
11332,01/04/2026 00:42:15,0.41,106.121
11333,01/04/2026 00:52:15,0.41,106.121
11334,01/04/2026 01:02:15,0.41,106.126
11335,01/04/2026 01:12:15,0.41,106.099
11336,01/04/2026 01:22:15,0.41,106.108
11337,01/04/2026 01:32:15,0.41,106.117
11338,01/04/2026 01:42:15,0.42,106.126
11339,01/04/2026 01:52:15,0.42,106.126
11340,01/04/2026 02:02:15,0.42,106.130
11341,01/04/2026 02:12:15,0.42,106.144
11342,01/04/2026 02:22:15,0.42,106.148
11343,01/04/2026 02:32:15,0.42,106.148
11344,01/04/2026 02:42:15,0.42,106.122
11345,01/04/2026 02:52:15,0.43,106.131
11346,01/04/2026 03:02:15,0.43,106.148
11347,01/04/2026 03:12:15,0.43,106.131
11348,01/04/2026 03:22:15,0.44,106.118
11349,01/04/2026 03:32:15,0.44,106.122
11350,01/04/2026 03:42:15,0.44,106.127
11351,01/04/2026 03:52:15,0.44,106.114
11352,01/04/2026 04:02:15,0.44,106.122
11353,01/04/2026 04:12:15,0.44,106.127
11354,01/04/2026 04:22:15,0.44,106.127
11355,01/04/2026 04:32:15,0.44,106.118
11356,01/04/2026 04:42:15,0.44,106.144
11357,01/04/2026 04:52:15,0.44,106.158
11358,01/04/2026 05:02:15,0.45,106.162
11359,01/04/2026 05:12:15,0.45,106.184
11360,01/04/2026 05:22:15,0.45,106.175
11361,01/04/2026 05:32:15,0.45,106.202
11362,01/04/2026 05:42:15,0.45,106.197
11363,01/04/2026 05:52:15,0.45,106.206
11364,01/04/2026 06:02:15,0.44,106.197
11365,01/04/2026 06:12:15,0.44,106.206
11366,01/04/2026 06:22:15,0.44,106.219
11367,01/04/2026 06:32:15,0.44,106.228
11368,01/04/2026 06:42:15,0.44,106.236
11369,01/04/2026 06:52:15,0.43,106.223
11370,01/04/2026 07:02:15,0.43,106.240
11371,01/04/2026 07:12:15,0.43,106.236
11372,01/04/2026 07:22:15,0.42,106.245
11373,01/04/2026 07:32:15,0.42,106.244
11374,01/04/2026 07:42:15,0.42,106.240
11375,01/04/2026 07:52:15,0.41,106.236
11376,01/04/2026 08:02:15,0.41,106.257
11377,01/04/2026 08:12:15,0.42,106.266
11378,01/04/2026 08:22:15,0.42,106.293
11379,01/04/2026 08:32:15,0.42,106.288
11380,01/04/2026 08:42:15,0.43,106.302
11381,01/04/2026 08:52:15,0.43,106.306
11382,01/04/2026 09:02:15,0.43,106.320
11383,01/04/2026 09:12:15,0.44,106.337
11384,01/04/2026 09:22:15,0.44,106.346
11385,01/04/2026 09:32:15,0.45,106.355
11386,01/04/2026 09:42:15,0.46,106.351
11387,01/04/2026 09:52:15,0.47,106.356
11388,01/04/2026 10:02:15,0.49,106.357
11389,01/04/2026 10:12:15,0.50,106.361
11390,01/04/2026 10:22:15,0.51,106.340
11391,01/04/2026 10:32:15,0.53,106.336
11392,01/04/2026 10:42:15,0.55,106.328
11393,01/04/2026 10:52:15,0.58,106.320
11394,01/04/2026 11:02:15,0.60,106.308
11395,01/04/2026 11:12:15,0.62,106.296
11396,01/04/2026 11:22:15,0.65,106.275
11397,01/04/2026 11:32:15,0.68,106.263
11398,01/04/2026 11:42:15,0.70,106.250
11399,01/04/2026 11:52:15,0.72,106.229
11400,01/04/2026 12:02:15,0.73,106.216
11401,01/04/2026 12:12:15,0.74,106.199
11402,01/04/2026 12:22:15,0.75,106.204
11403,01/04/2026 12:32:15,0.76,106.186
11404,01/04/2026 12:42:15,0.77,106.187
11405,01/04/2026 12:52:15,0.78,106.174
11406,01/04/2026 13:02:15,0.79,106.170
11407,01/04/2026 13:12:15,0.80,106.170
11408,01/04/2026 13:22:15,0.81,106.171
11409,01/04/2026 13:32:15,0.82,106.162
11410,01/04/2026 13:42:15,0.83,106.163
11411,01/04/2026 13:52:15,0.84,106.167
11412,01/04/2026 14:02:15,0.84,106.181
11413,01/04/2026 14:12:15,0.84,106.181
11414,01/04/2026 14:22:15,0.84,106.185
11415,01/04/2026 14:32:15,0.85,106.203
11416,01/04/2026 14:42:15,0.85,106.203
11417,01/04/2026 14:52:15,0.85,106.220
11418,01/04/2026 15:02:15,0.85,106.203
11419,01/04/2026 15:12:15,0.85,106.229
11420,01/04/2026 15:22:15,0.85,106.225
11421,01/04/2026 15:32:15,0.84,106.233
11422,01/04/2026 15:42:15,0.84,106.238
11423,01/04/2026 15:52:15,0.84,106.255
11424,01/04/2026 16:02:15,0.83,106.237
11425,01/04/2026 16:12:15,0.82,106.259
11426,01/04/2026 16:22:15,0.82,106.267
11427,01/04/2026 16:32:15,0.81,106.289
11428,01/04/2026 16:42:15,0.80,106.284
11429,01/04/2026 16:52:15,0.80,106.302
11430,01/04/2026 17:02:15,0.79,106.288
11431,01/04/2026 17:12:15,0.78,106.288
11432,01/04/2026 17:22:15,0.77,106.314
11433,01/04/2026 17:32:15,0.77,106.323
11434,01/04/2026 17:42:15,0.76,106.327
11435,01/04/2026 17:52:15,0.75,106.313
11436,01/04/2026 18:02:15,0.74,106.326
11437,01/04/2026 18:12:15,0.74,106.352
11438,01/04/2026 18:22:15,0.73,106.357
11439,01/04/2026 18:32:15,0.73,106.374
11440,01/04/2026 18:42:15,0.73,106.383
11441,01/04/2026 18:52:15,0.72,106.387
11442,01/04/2026 19:02:15,0.72,106.396
11443,01/04/2026 19:12:15,0.71,106.387
11444,01/04/2026 19:22:15,0.71,106.391
11445,01/04/2026 19:32:15,0.70,106.386
11446,01/04/2026 19:42:15,0.70,106.395
11447,01/04/2026 19:52:15,0.69,106.399
11448,01/04/2026 20:02:15,0.69,106.377
11449,01/04/2026 20:12:15,0.69,106.408
11450,01/04/2026 20:22:15,0.68,106.407
11451,01/04/2026 20:32:15,0.68,106.425
11452,01/04/2026 20:42:15,0.67,106.433
11453,01/04/2026 20:52:15,0.66,106.433
11454,01/04/2026 21:02:15,0.66,106.433
11455,01/04/2026 21:12:15,0.65,106.424
11456,01/04/2026 21:22:15,0.65,106.446
11457,01/04/2026 21:32:15,0.64,106.463
11458,01/04/2026 21:42:15,0.63,106.467
11459,01/04/2026 21:52:15,0.63,106.480
11460,01/04/2026 22:02:15,0.63,106.484
11461,01/04/2026 22:12:15,0.62,106.497
11462,01/04/2026 22:22:15,0.62,106.515
11463,01/04/2026 22:32:15,0.61,106.501
11464,01/04/2026 22:42:15,0.60,106.497
11465,01/04/2026 22:52:15,0.60,106.514
11466,01/04/2026 23:02:15,0.60,106.518
11467,01/04/2026 23:12:15,0.59,106.544
11468,01/04/2026 23:22:15,0.58,106.566
11469,01/04/2026 23:32:15,0.58,106.562
11470,01/04/2026 23:42:15,0.58,106.553
11471,01/04/2026 23:52:15,0.57,106.579
11472,01/05/2026 00:02:15,0.57,106.583
11473,01/05/2026 00:12:15,0.56,106.574
11474,01/05/2026 00:22:15,0.55,106.609
11475,01/05/2026 00:32:15,0.54,106.622
11476,01/05/2026 00:42:15,0.53,106.621
11477,01/05/2026 00:52:15,0.52,106.647
11478,01/05/2026 01:02:15,0.51,106.638
11479,01/05/2026 01:12:15,0.50,106.642
11480,01/05/2026 01:22:15,0.49,106.668
11481,01/05/2026 01:32:15,0.48,106.668
11482,01/05/2026 01:42:15,0.46,106.685
11483,01/05/2026 01:52:15,0.45,106.689
11484,01/05/2026 02:02:15,0.44,106.710
11485,01/05/2026 02:12:15,0.42,106.705
11486,01/05/2026 02:22:15,0.41,106.705
11487,01/05/2026 02:32:15,0.40,106.691
11488,01/05/2026 02:42:15,0.39,106.695
11489,01/05/2026 02:52:15,0.37,106.721
11490,01/05/2026 03:02:15,0.36,106.707
11491,01/05/2026 03:12:15,0.35,106.716
11492,01/05/2026 03:22:15,0.34,106.693
11493,01/05/2026 03:32:15,0.33,106.680
11494,01/05/2026 03:42:15,0.32,106.640
11495,01/05/2026 03:52:15,0.31,106.587
11496,01/05/2026 04:02:15,0.31,106.547
11497,01/05/2026 04:12:15,0.30,106.517
11498,01/05/2026 04:22:15,0.30,106.477
11499,01/05/2026 04:32:15,0.30,106.442
11500,01/05/2026 04:42:15,0.30,106.438
11501,01/05/2026 04:52:15,0.31,106.420
11502,01/05/2026 05:02:15,0.31,106.429
11503,01/05/2026 05:12:15,0.31,106.425
11504,01/05/2026 05:22:15,0.31,106.420
11505,01/05/2026 05:32:15,0.32,106.407
11506,01/05/2026 05:42:15,0.32,106.359
11507,01/05/2026 05:52:15,0.32,106.338
11508,01/05/2026 06:02:15,0.33,106.307
11509,01/05/2026 06:12:15,0.34,106.294
11510,01/05/2026 06:22:15,0.35,106.290
11511,01/05/2026 06:32:15,0.36,106.290
11512,01/05/2026 06:42:15,0.37,106.286
11513,01/05/2026 06:52:15,0.37,106.273
11514,01/05/2026 07:02:15,0.37,106.274
11515,01/05/2026 07:12:15,0.38,106.287
11516,01/05/2026 07:22:15,0.38,106.291
11517,01/05/2026 07:32:15,0.38,106.287
11518,01/05/2026 07:42:15,0.38,106.287
11519,01/05/2026 07:52:15,0.39,106.327
11520,01/05/2026 08:02:15,0.39,106.344
11521,01/05/2026 08:12:15,0.40,106.358
11522,01/05/2026 08:22:15,0.41,106.389
11523,01/05/2026 08:32:15,0.43,106.429
11524,01/05/2026 08:42:15,0.44,106.421
11525,01/05/2026 08:52:15,0.46,106.435
11526,01/05/2026 09:02:15,0.48,106.449
11527,01/05/2026 09:12:15,0.51,106.436
11528,01/05/2026 09:22:15,0.54,106.464
11529,01/05/2026 09:32:15,0.55,106.486
11530,01/05/2026 09:42:15,0.57,106.500
11531,01/05/2026 09:52:15,0.58,106.531
11532,01/05/2026 10:02:15,0.58,106.579
11533,01/05/2026 10:12:15,0.59,106.615
11534,01/05/2026 10:22:15,0.59,106.645
11535,01/05/2026 10:32:15,0.59,106.672
11536,01/05/2026 10:42:15,0.59,106.707
11537,01/05/2026 10:52:15,0.59,106.737
11538,01/05/2026 11:02:15,0.58,106.781
11539,01/05/2026 11:12:15,0.58,106.825
11540,01/05/2026 11:22:15,0.57,106.851
11541,01/05/2026 11:32:15,0.56,106.899
11542,01/05/2026 11:42:15,0.55,106.903
11543,01/05/2026 11:52:15,0.54,106.946
11544,01/05/2026 12:02:15,0.53,106.933
11545,01/05/2026 12:12:15,0.52,106.937
11546,01/05/2026 12:22:15,0.51,106.954
11547,01/05/2026 12:32:15,0.51,106.967
11548,01/05/2026 12:42:15,0.50,106.971
11549,01/05/2026 12:52:15,0.49,106.988
11550,01/05/2026 13:02:15,0.49,106.997
11551,01/05/2026 13:12:15,0.48,106.997
11552,01/05/2026 13:22:15,0.47,106.957
11553,01/05/2026 13:32:15,0.47,106.922
11554,01/05/2026 13:42:15,0.46,106.904
11555,01/05/2026 13:52:15,0.46,106.886
11556,01/05/2026 14:02:15,0.46,106.851
11557,01/05/2026 14:12:15,0.47,106.808
11558,01/05/2026 14:22:15,0.47,106.777
11559,01/05/2026 14:32:15,0.48,106.760
11560,01/05/2026 14:42:15,0.48,106.769
11561,01/05/2026 14:52:15,0.49,106.756
11562,01/05/2026 15:02:15,0.49,106.769
11563,01/05/2026 15:12:15,0.48,106.773
11564,01/05/2026 15:22:15,0.48,106.725
11565,01/05/2026 15:32:15,0.47,106.676
11566,01/05/2026 15:42:15,0.46,106.636
11567,01/05/2026 15:52:15,0.44,106.631
11568,01/05/2026 16:02:15,0.43,106.609
11569,01/05/2026 16:12:15,0.42,106.582
11570,01/05/2026 16:22:15,0.41,106.556
11571,01/05/2026 16:32:15,0.41,106.538
11572,01/05/2026 16:42:15,0.41,106.512
11573,01/05/2026 16:52:15,0.41,106.512
11574,01/05/2026 17:02:15,0.41,106.503
11575,01/05/2026 17:12:15,0.41,106.459
11576,01/05/2026 17:22:15,0.41,106.437
11577,01/05/2026 17:32:15,0.41,106.459
11578,01/05/2026 17:42:15,0.41,106.433
11579,01/05/2026 17:52:15,0.41,106.402
11580,01/05/2026 18:02:15,0.41,106.406
11581,01/05/2026 18:12:15,0.41,106.371
11582,01/05/2026 18:22:15,0.41,106.367
11583,01/05/2026 18:32:15,0.41,106.363
11584,01/05/2026 18:42:15,0.41,106.349
11585,01/05/2026 18:52:15,0.42,106.332
11586,01/05/2026 19:02:15,0.42,106.323
11587,01/05/2026 19:12:15,0.42,106.324
11588,01/05/2026 19:22:15,0.42,106.289
11589,01/05/2026 19:32:15,0.43,106.275
11590,01/05/2026 19:42:15,0.43,106.262
11591,01/05/2026 19:52:15,0.43,106.267
11592,01/05/2026 20:02:15,0.43,106.240
11593,01/05/2026 20:12:15,0.43,106.236
11594,01/05/2026 20:22:15,0.43,106.227
11595,01/05/2026 20:32:15,0.43,106.205
11596,01/05/2026 20:42:15,0.43,106.197
11597,01/05/2026 20:52:15,0.43,106.205
11598,01/05/2026 21:02:15,0.43,106.188
11599,01/05/2026 21:12:15,0.43,106.197
11600,01/05/2026 21:22:15,0.43,106.210
11601,01/05/2026 21:32:15,0.43,106.227
11602,01/05/2026 21:42:15,0.43,106.205
11603,01/05/2026 21:52:15,0.43,106.214
11604,01/05/2026 22:02:15,0.43,106.188
11605,01/05/2026 22:12:15,0.43,106.188
11606,01/05/2026 22:22:15,0.44,106.171
11607,01/05/2026 22:32:15,0.44,106.166
11608,01/05/2026 22:42:15,0.44,106.149
11609,01/05/2026 22:52:15,0.44,106.144
11610,01/05/2026 23:02:15,0.44,106.122
11611,01/05/2026 23:12:15,0.44,106.096
11612,01/05/2026 23:22:15,0.44,106.096
11613,01/05/2026 23:32:15,0.45,106.070
11614,01/05/2026 23:42:15,0.45,106.079
11615,01/05/2026 23:52:15,0.45,106.061
11616,01/06/2026 00:02:15,0.45,106.035
11617,01/06/2026 00:12:15,0.45,106.039
11618,01/06/2026 00:22:15,0.45,106.018
11619,01/06/2026 00:32:15,0.45,106.022
11620,01/06/2026 00:42:15,0.45,106.022
11621,01/06/2026 00:52:15,0.45,106.031
11622,01/06/2026 01:02:15,0.46,106.009
11623,01/06/2026 01:12:15,0.46,106.005
11624,01/06/2026 01:22:15,0.46,105.996
11625,01/06/2026 01:32:15,0.46,106.005
11626,01/06/2026 01:42:15,0.46,106.009
11627,01/06/2026 01:52:15,0.46,106.027
11628,01/06/2026 02:02:15,0.46,106.018
11629,01/06/2026 02:12:15,0.47,106.009
11630,01/06/2026 02:22:15,0.47,106.027
11631,01/06/2026 02:32:15,0.47,106.027
11632,01/06/2026 02:42:15,0.47,106.009
11633,01/06/2026 02:52:15,0.47,105.996
11634,01/06/2026 03:02:15,0.47,106.009
11635,01/06/2026 03:12:15,0.47,106.001
11636,01/06/2026 03:22:15,0.48,106.005
11637,01/06/2026 03:32:15,0.48,106.001
11638,01/06/2026 03:42:15,0.48,106.005
11639,01/06/2026 03:52:15,0.48,106.010
11640,01/06/2026 04:02:15,0.48,105.992
11641,01/06/2026 04:12:15,0.48,105.997
11642,01/06/2026 04:22:15,0.49,105.984
11643,01/06/2026 04:32:15,0.49,105.984
11644,01/06/2026 04:42:15,0.49,105.975
11645,01/06/2026 04:52:15,0.49,105.975
11646,01/06/2026 05:02:15,0.50,105.980
11647,01/06/2026 05:12:15,0.50,105.984
11648,01/06/2026 05:22:15,0.50,105.980
11649,01/06/2026 05:32:15,0.50,105.989
11650,01/06/2026 05:42:15,0.50,106.002
11651,01/06/2026 05:52:15,0.50,106.002
11652,01/06/2026 06:02:15,0.50,105.984
11653,01/06/2026 06:12:15,0.50,105.967
11654,01/06/2026 06:22:15,0.50,105.989
11655,01/06/2026 06:32:15,0.50,105.997
11656,01/06/2026 06:42:15,0.51,106.011
11657,01/06/2026 06:52:15,0.51,106.020
11658,01/06/2026 07:02:15,0.51,106.024
11659,01/06/2026 07:12:15,0.51,106.033
11660,01/06/2026 07:22:15,0.51,106.033
11661,01/06/2026 07:32:15,0.51,106.042
11662,01/06/2026 07:42:15,0.51,106.028
11663,01/06/2026 07:52:15,0.51,106.028
11664,01/06/2026 08:02:15,0.51,106.046
11665,01/06/2026 08:12:15,0.51,106.077
11666,01/06/2026 08:22:15,0.51,106.072
11667,01/06/2026 08:32:15,0.51,106.059
11668,01/06/2026 08:42:15,0.51,106.072
11669,01/06/2026 08:52:15,0.51,106.064
11670,01/06/2026 09:02:15,0.52,106.046
11671,01/06/2026 09:12:15,0.52,106.073
11672,01/06/2026 09:22:15,0.52,106.055
11673,01/06/2026 09:32:15,0.52,106.055
11674,01/06/2026 09:42:15,0.53,106.060
11675,01/06/2026 09:52:15,0.54,106.056
11676,01/06/2026 10:02:15,0.55,106.038
11677,01/06/2026 10:12:15,0.56,106.048
11678,01/06/2026 10:22:15,0.57,106.048
11679,01/06/2026 10:32:15,0.59,106.040
11680,01/06/2026 10:42:15,0.61,106.006
11681,01/06/2026 10:52:15,0.63,106.041
11682,01/06/2026 11:02:15,0.64,106.029
11683,01/06/2026 11:12:15,0.66,105.964
11684,01/06/2026 11:22:15,0.68,105.951
11685,01/06/2026 11:32:15,0.70,105.956
11686,01/06/2026 11:42:15,0.72,105.917
11687,01/06/2026 11:52:15,0.74,105.874
11688,01/06/2026 12:02:15,0.76,105.893
11689,01/06/2026 12:12:15,0.78,105.889
11690,01/06/2026 12:22:15,0.80,105.885
11691,01/06/2026 12:32:15,0.81,105.881
11692,01/06/2026 12:42:15,0.83,105.838
11693,01/06/2026 12:52:15,0.85,105.799
11694,01/06/2026 13:02:15,0.86,105.743
11695,01/06/2026 13:12:15,0.88,105.721
11696,01/06/2026 13:22:15,0.89,105.695
11697,01/06/2026 13:32:15,0.90,105.691
11698,01/06/2026 13:42:15,0.91,105.727
11699,01/06/2026 13:52:15,0.92,105.758
11700,01/06/2026 14:02:15,0.92,105.736
11701,01/06/2026 14:12:15,0.93,105.728
11702,01/06/2026 14:22:15,0.95,105.768
11703,01/06/2026 14:32:15,0.96,105.790
11704,01/06/2026 14:42:15,0.98,105.777
11705,01/06/2026 14:52:15,1.00,105.747
11706,01/06/2026 15:02:15,1.01,105.717
11707,01/06/2026 15:12:15,1.03,105.709
11708,01/06/2026 15:22:15,1.05,105.701
11709,01/06/2026 15:32:15,1.06,105.653
11710,01/06/2026 15:42:15,1.06,105.662
11711,01/06/2026 15:52:15,1.06,105.675
11712,01/06/2026 16:02:15,1.07,105.671
11713,01/06/2026 16:12:15,1.07,105.645
11714,01/06/2026 16:22:15,1.07,105.627
11715,01/06/2026 16:32:15,1.08,105.623
11716,01/06/2026 16:42:15,1.08,105.628
11717,01/06/2026 16:52:15,1.09,105.628
11718,01/06/2026 17:02:15,1.09,105.641
11719,01/06/2026 17:12:15,1.09,105.654
11720,01/06/2026 17:22:15,1.10,105.672
11721,01/06/2026 17:32:15,1.10,105.659
11722,01/06/2026 17:42:15,1.10,105.663
11723,01/06/2026 17:52:15,1.10,105.650
11724,01/06/2026 18:02:15,1.10,105.611
11725,01/06/2026 18:12:15,1.10,105.619
11726,01/06/2026 18:22:15,1.10,105.584
11727,01/06/2026 18:32:15,1.10,105.602
11728,01/06/2026 18:42:15,1.09,105.580
11729,01/06/2026 18:52:15,1.08,105.606
11730,01/06/2026 19:02:15,1.07,105.574
11731,01/06/2026 19:12:15,1.05,105.578
11732,01/06/2026 19:22:15,1.04,105.556
11733,01/06/2026 19:32:15,1.03,105.569
11734,01/06/2026 19:42:15,1.02,105.559
11735,01/06/2026 19:52:15,1.01,105.537
11736,01/06/2026 20:02:15,1.00,105.519
11737,01/06/2026 20:12:15,0.99,105.506
11738,01/06/2026 20:22:15,0.98,105.514
11739,01/06/2026 20:32:15,0.98,105.492
11740,01/06/2026 20:42:15,0.97,105.479
11741,01/06/2026 20:52:15,0.96,105.487
11742,01/06/2026 21:02:15,0.96,105.483
11743,01/06/2026 21:12:15,0.96,105.474
11744,01/06/2026 21:22:15,0.96,105.465
11745,01/06/2026 21:32:15,0.96,105.435
11746,01/06/2026 21:42:15,0.96,105.439
11747,01/06/2026 21:52:15,0.96,105.426
11748,01/06/2026 22:02:15,0.97,105.408
11749,01/06/2026 22:12:15,0.97,105.400
11750,01/06/2026 22:22:15,0.97,105.378
11751,01/06/2026 22:32:15,0.98,105.369
11752,01/06/2026 22:42:15,0.98,105.361
11753,01/06/2026 22:52:15,0.98,105.365
11754,01/06/2026 23:02:15,0.98,105.356
11755,01/06/2026 23:12:15,0.98,105.330
11756,01/06/2026 23:22:15,0.98,105.290
11757,01/06/2026 23:32:15,0.97,105.251
11758,01/06/2026 23:42:15,0.97,105.224
11759,01/06/2026 23:52:15,0.96,105.211
11760,01/07/2026 00:02:15,0.95,105.215
11761,01/07/2026 00:12:15,0.95,105.193
11762,01/07/2026 00:22:15,0.95,105.167
11763,01/07/2026 00:32:15,0.95,105.149
11764,01/07/2026 00:42:15,0.96,105.145
11765,01/07/2026 00:52:15,0.96,105.149
11766,01/07/2026 01:02:15,0.96,105.154
11767,01/07/2026 01:12:15,0.96,105.145
11768,01/07/2026 01:22:15,0.96,105.132
11769,01/07/2026 01:32:15,0.96,105.105
11770,01/07/2026 01:42:15,0.96,105.079
11771,01/07/2026 01:52:15,0.96,105.070
11772,01/07/2026 02:02:15,0.97,105.071
11773,01/07/2026 02:12:15,0.97,105.058
11774,01/07/2026 02:22:15,0.98,105.075
11775,01/07/2026 02:32:15,0.98,105.075
11776,01/07/2026 02:42:15,0.99,105.067
11777,01/07/2026 02:52:15,0.99,105.054
11778,01/07/2026 03:02:15,1.00,105.041
11779,01/07/2026 03:12:15,1.01,105.011
11780,01/07/2026 03:22:15,1.02,105.024
11781,01/07/2026 03:32:15,1.03,105.011
11782,01/07/2026 03:42:15,1.03,105.016
11783,01/07/2026 03:52:15,1.04,104.972
11784,01/07/2026 04:02:15,1.05,104.981
11785,01/07/2026 04:12:15,1.05,104.968
11786,01/07/2026 04:22:15,1.06,104.951
11787,01/07/2026 04:32:15,1.06,104.947
11788,01/07/2026 04:42:15,1.08,104.952
11789,01/07/2026 04:52:15,1.12,104.971
11790,01/07/2026 05:02:15,1.16,104.959
11791,01/07/2026 05:12:15,1.19,104.956
11792,01/07/2026 05:22:15,1.20,104.960
11793,01/07/2026 05:32:15,1.23,104.966
11794,01/07/2026 05:42:15,1.26,104.971
11795,01/07/2026 05:52:15,1.28,104.946
11796,01/07/2026 06:02:15,1.30,104.955
11797,01/07/2026 06:12:15,1.31,104.969
11798,01/07/2026 06:22:15,1.32,104.978
11799,01/07/2026 06:32:15,1.32,104.960
11800,01/07/2026 06:42:15,1.32,104.956
11801,01/07/2026 06:52:15,1.32,104.969
11802,01/07/2026 07:02:15,1.32,104.964
11803,01/07/2026 07:12:15,1.30,104.955
11804,01/07/2026 07:22:15,1.30,104.946
11805,01/07/2026 07:32:15,1.29,104.937
11806,01/07/2026 07:42:15,1.28,104.941
11807,01/07/2026 07:52:15,1.27,104.950
11808,01/07/2026 08:02:15,1.26,104.971
11809,01/07/2026 08:12:15,1.26,104.976
11810,01/07/2026 08:22:15,1.26,104.993
11811,01/07/2026 08:32:15,1.25,105.019
11812,01/07/2026 08:42:15,1.25,105.019
11813,01/07/2026 08:52:15,1.25,105.037
11814,01/07/2026 09:02:15,1.24,105.032
11815,01/07/2026 09:12:15,1.25,105.041
11816,01/07/2026 09:22:15,1.25,105.054
11817,01/07/2026 09:32:15,1.25,105.068
11818,01/07/2026 09:42:15,1.26,105.072
11819,01/07/2026 09:52:15,1.26,105.068
11820,01/07/2026 10:02:15,1.26,105.085
11821,01/07/2026 10:12:15,1.27,105.077
11822,01/07/2026 10:22:15,1.27,105.086
11823,01/07/2026 10:32:15,1.28,105.073
11824,01/07/2026 10:42:15,1.29,105.069
11825,01/07/2026 10:52:15,1.32,105.065
11826,01/07/2026 11:02:15,1.34,105.062
11827,01/07/2026 11:12:15,1.36,105.071
11828,01/07/2026 11:22:15,1.39,105.072
11829,01/07/2026 11:32:15,1.42,105.087
11830,01/07/2026 11:42:15,1.45,105.083
11831,01/07/2026 11:52:15,1.48,105.089
11832,01/07/2026 12:02:15,1.53,105.099
11833,01/07/2026 12:12:15,1.58,105.118
11834,01/07/2026 12:22:15,1.63,105.133
11835,01/07/2026 12:32:15,1.68,105.113
11836,01/07/2026 12:42:15,1.72,105.106
11837,01/07/2026 12:52:15,1.76,105.116
11838,01/07/2026 13:02:15,1.79,105.117
11839,01/07/2026 13:12:15,1.82,105.123
11840,01/07/2026 13:22:15,1.85,105.119
11841,01/07/2026 13:32:15,1.86,105.111
11842,01/07/2026 13:42:15,1.88,105.125
11843,01/07/2026 13:52:15,1.89,105.107
11844,01/07/2026 14:02:15,1.90,105.121
11845,01/07/2026 14:12:15,1.90,105.147
11846,01/07/2026 14:22:15,1.90,105.178
11847,01/07/2026 14:32:15,1.90,105.196
11848,01/07/2026 14:42:15,1.90,105.213
11849,01/07/2026 14:52:15,1.90,105.240
11850,01/07/2026 15:02:15,1.91,105.271
11851,01/07/2026 15:12:15,1.91,105.288
11852,01/07/2026 15:22:15,1.92,105.297
11853,01/07/2026 15:32:15,1.92,105.324
11854,01/07/2026 15:42:15,1.92,105.363
11855,01/07/2026 15:52:15,1.92,105.372
11856,01/07/2026 16:02:15,1.92,105.398
11857,01/07/2026 16:12:15,1.92,105.411
11858,01/07/2026 16:22:15,1.91,105.442
11859,01/07/2026 16:32:15,1.91,105.460
11860,01/07/2026 16:42:15,1.91,105.473
11861,01/07/2026 16:52:15,1.91,105.490
11862,01/07/2026 17:02:15,1.90,105.529
11863,01/07/2026 17:12:15,1.89,105.525
11864,01/07/2026 17:22:15,1.88,105.529
11865,01/07/2026 17:32:15,1.87,105.559
11866,01/07/2026 17:42:15,1.86,105.590
11867,01/07/2026 17:52:15,1.85,105.572
11868,01/07/2026 18:02:15,1.84,105.571
11869,01/07/2026 18:12:15,1.83,105.597
11870,01/07/2026 18:22:15,1.82,105.610
11871,01/07/2026 18:32:15,1.81,105.614
11872,01/07/2026 18:42:15,1.80,105.631
11873,01/07/2026 18:52:15,1.78,105.639
11874,01/07/2026 19:02:15,1.77,105.643
11875,01/07/2026 19:12:15,1.76,105.661
11876,01/07/2026 19:22:15,1.75,105.686
11877,01/07/2026 19:32:15,1.74,105.691
11878,01/07/2026 19:42:15,1.73,105.717
11879,01/07/2026 19:52:15,1.72,105.725
11880,01/07/2026 20:02:15,1.71,105.768
11881,01/07/2026 20:12:15,1.70,105.794
11882,01/07/2026 20:22:15,1.69,105.816
11883,01/07/2026 20:32:15,1.68,105.794
11884,01/07/2026 20:42:15,1.67,105.789
11885,01/07/2026 20:52:15,1.67,105.763
11886,01/07/2026 21:02:15,1.66,105.797
11887,01/07/2026 21:12:15,1.66,105.810
11888,01/07/2026 21:22:15,1.65,105.819
11889,01/07/2026 21:32:15,1.64,105.819
11890,01/07/2026 21:42:15,1.64,105.836
11891,01/07/2026 21:52:15,1.63,105.871
11892,01/07/2026 22:02:15,1.63,105.902
11893,01/07/2026 22:12:15,1.62,105.888
11894,01/07/2026 22:22:15,1.62,105.888
11895,01/07/2026 22:32:15,1.61,105.910
11896,01/07/2026 22:42:15,1.61,105.914
11897,01/07/2026 22:52:15,1.61,105.918
11898,01/07/2026 23:02:15,1.60,105.923
11899,01/07/2026 23:12:15,1.60,105.931
11900,01/07/2026 23:22:15,1.59,105.931
11901,01/07/2026 23:32:15,1.59,105.896
11902,01/07/2026 23:42:15,1.58,105.900
11903,01/07/2026 23:52:15,1.57,105.900
11904,01/08/2026 00:02:15,1.56,105.912
11905,01/08/2026 00:12:15,1.55,105.890
11906,01/08/2026 00:22:15,1.54,105.903
11907,01/08/2026 00:32:15,1.53,105.924
11908,01/08/2026 00:42:15,1.52,105.928
11909,01/08/2026 00:52:15,1.51,105.932
11910,01/08/2026 01:02:15,1.50,105.932
11911,01/08/2026 01:12:15,1.49,105.945
11912,01/08/2026 01:22:15,1.48,105.962
11913,01/08/2026 01:32:15,1.47,105.979
11914,01/08/2026 01:42:15,1.46,105.974
11915,01/08/2026 01:52:15,1.45,106.014
11916,01/08/2026 02:02:15,1.43,106.013
11917,01/08/2026 02:12:15,1.42,106.039
11918,01/08/2026 02:22:15,1.41,106.060
11919,01/08/2026 02:32:15,1.39,106.095
11920,01/08/2026 02:42:15,1.38,106.108
11921,01/08/2026 02:52:15,1.37,106.103
11922,01/08/2026 03:02:15,1.35,106.102
11923,01/08/2026 03:12:15,1.34,106.115
11924,01/08/2026 03:22:15,1.33,106.123
11925,01/08/2026 03:32:15,1.32,106.136
11926,01/08/2026 03:42:15,1.30,106.153
11927,01/08/2026 03:52:15,1.29,106.170
11928,01/08/2026 04:02:15,1.28,106.170
11929,01/08/2026 04:12:15,1.26,106.191
11930,01/08/2026 04:22:15,1.25,106.204
11931,01/08/2026 04:32:15,1.24,106.226
11932,01/08/2026 04:42:15,1.22,106.229
11933,01/08/2026 04:52:15,1.21,106.242
11934,01/08/2026 05:02:15,1.20,106.264
11935,01/08/2026 05:12:15,1.20,106.281
11936,01/08/2026 05:22:15,1.19,106.277
11937,01/08/2026 05:32:15,1.18,106.285
11938,01/08/2026 05:42:15,1.18,106.298
11939,01/08/2026 05:52:15,1.17,106.307
11940,01/08/2026 06:02:15,1.17,106.315
11941,01/08/2026 06:12:15,1.16,106.324
11942,01/08/2026 06:22:15,1.15,106.332
11943,01/08/2026 06:32:15,1.15,106.323
11944,01/08/2026 06:42:15,1.14,106.371
11945,01/08/2026 06:52:15,1.13,106.358
11946,01/08/2026 07:02:15,1.12,106.349
11947,01/08/2026 07:12:15,1.11,106.379
11948,01/08/2026 07:22:15,1.10,106.383
11949,01/08/2026 07:32:15,1.09,106.400
11950,01/08/2026 07:42:15,1.08,106.400
11951,01/08/2026 07:52:15,1.07,106.421
11952,01/08/2026 08:02:15,1.05,106.416
11953,01/08/2026 08:12:15,1.04,106.442
11954,01/08/2026 08:22:15,1.03,106.451
11955,01/08/2026 08:32:15,1.02,106.437
11956,01/08/2026 08:42:15,1.02,106.450
11957,01/08/2026 08:52:15,1.01,106.454
11958,01/08/2026 09:02:15,1.00,106.480
11959,01/08/2026 09:12:15,1.00,106.506
11960,01/08/2026 09:22:15,1.00,106.506
11961,01/08/2026 09:32:15,1.00,106.520
11962,01/08/2026 09:42:15,1.00,106.537
11963,01/08/2026 09:52:15,1.01,106.538
11964,01/08/2026 10:02:15,1.02,106.538
11965,01/08/2026 10:12:15,1.03,106.556
11966,01/08/2026 10:22:15,1.05,106.592
11967,01/08/2026 10:32:15,1.07,106.592
11968,01/08/2026 10:42:15,1.09,106.580
11969,01/08/2026 10:52:15,1.11,106.563
11970,01/08/2026 11:02:15,1.14,106.573
11971,01/08/2026 11:12:15,1.17,106.570
11972,01/08/2026 11:22:15,1.20,106.553
11973,01/08/2026 11:32:15,1.23,106.572
11974,01/08/2026 11:42:15,1.27,106.591
11975,01/08/2026 11:52:15,1.31,106.623
11976,01/08/2026 12:02:15,1.35,106.624
11977,01/08/2026 12:12:15,1.39,106.626
11978,01/08/2026 12:22:15,1.43,106.627
11979,01/08/2026 12:32:15,1.47,106.638
11980,01/08/2026 12:42:15,1.51,106.657
11981,01/08/2026 12:52:15,1.56,106.658
11982,01/08/2026 13:02:15,1.60,106.651
11983,01/08/2026 13:12:15,1.64,106.648
11984,01/08/2026 13:22:15,1.67,106.654
11985,01/08/2026 13:32:15,1.70,106.677
11986,01/08/2026 13:42:15,1.73,106.673
11987,01/08/2026 13:52:15,1.77,106.666
11988,01/08/2026 14:02:15,1.80,106.680
11989,01/08/2026 14:12:15,1.84,106.695
11990,01/08/2026 14:22:15,1.87,106.687
11991,01/08/2026 14:32:15,1.90,106.706
11992,01/08/2026 14:42:15,1.93,106.711
11993,01/08/2026 14:52:15,1.95,106.708
11994,01/08/2026 15:02:15,1.98,106.726
11995,01/08/2026 15:12:15,2.01,106.727
11996,01/08/2026 15:22:15,2.03,106.715
11997,01/08/2026 15:32:15,2.05,106.733
11998,01/08/2026 15:42:15,2.06,106.756
11999,01/08/2026 15:52:15,2.07,106.769
12000,01/08/2026 16:02:15,2.08,106.778
12001,01/08/2026 16:12:15,2.09,106.792
12002,01/08/2026 16:22:15,2.09,106.779
12003,01/08/2026 16:32:15,2.09,106.774
12004,01/08/2026 16:42:15,2.09,106.801
12005,01/08/2026 16:52:15,2.09,106.818
12006,01/08/2026 17:02:15,2.09,106.844
12007,01/08/2026 17:12:15,2.09,106.871
12008,01/08/2026 17:22:15,2.08,106.857
12009,01/08/2026 17:32:15,2.07,106.852
12010,01/08/2026 17:42:15,2.06,106.856
12011,01/08/2026 17:52:15,2.05,106.847
12012,01/08/2026 18:02:15,2.04,106.878
12013,01/08/2026 18:12:15,2.03,106.869
12014,01/08/2026 18:22:15,2.03,106.890
12015,01/08/2026 18:32:15,2.02,106.886
12016,01/08/2026 18:42:15,2.01,106.881
12017,01/08/2026 18:52:15,2.01,106.898
12018,01/08/2026 19:02:15,2.00,106.898
12019,01/08/2026 19:12:15,2.00,106.920
12020,01/08/2026 19:22:15,1.99,106.937
12021,01/08/2026 19:32:15,1.99,106.972
12022,01/08/2026 19:42:15,1.98,106.990
12023,01/08/2026 19:52:15,1.97,106.998
12024,01/08/2026 20:02:15,1.96,107.015
12025,01/08/2026 20:12:15,1.95,107.032
12026,01/08/2026 20:22:15,1.94,107.019
12027,01/08/2026 20:32:15,1.93,107.045
12028,01/08/2026 20:42:15,1.91,107.053
12029,01/08/2026 20:52:15,1.90,107.057
12030,01/08/2026 21:02:15,1.88,107.078
12031,01/08/2026 21:12:15,1.86,107.056
12032,01/08/2026 21:22:15,1.85,107.068
12033,01/08/2026 21:32:15,1.83,107.054
12034,01/08/2026 21:42:15,1.82,107.063
12035,01/08/2026 21:52:15,1.80,107.071
12036,01/08/2026 22:02:15,1.78,107.079
12037,01/08/2026 22:12:15,1.76,107.078
12038,01/08/2026 22:22:15,1.74,107.095
12039,01/08/2026 22:32:15,1.72,107.077
12040,01/08/2026 22:42:15,1.70,107.080
12041,01/08/2026 22:52:15,1.68,107.067
12042,01/08/2026 23:02:15,1.66,107.066
12043,01/08/2026 23:12:15,1.64,107.065
12044,01/08/2026 23:22:15,1.61,107.047
12045,01/08/2026 23:32:15,1.59,107.041
12046,01/08/2026 23:42:15,1.57,107.054
12047,01/08/2026 23:52:15,1.54,107.035
12048,01/09/2026 00:02:15,1.52,107.034
12049,01/09/2026 00:12:15,1.50,107.042
12050,01/09/2026 00:22:15,1.47,107.041
12051,01/09/2026 00:32:15,1.45,107.054
12052,01/09/2026 00:42:15,1.42,107.066
12053,01/09/2026 00:52:15,1.40,107.065
12054,01/09/2026 01:02:15,1.37,107.064
12055,01/09/2026 01:12:15,1.34,107.089
12056,01/09/2026 01:22:15,1.32,107.084
12057,01/09/2026 01:32:15,1.29,107.070
12058,01/09/2026 01:42:15,1.27,107.109
12059,01/09/2026 01:52:15,1.25,107.099
12060,01/09/2026 02:02:15,1.22,107.076
12061,01/09/2026 02:12:15,1.20,107.102
12062,01/09/2026 02:22:15,1.18,107.127
12063,01/09/2026 02:32:15,1.15,107.140
12064,01/09/2026 02:42:15,1.13,107.130
12065,01/09/2026 02:52:15,1.11,107.120
12066,01/09/2026 03:02:15,1.08,107.137
12067,01/09/2026 03:12:15,1.06,107.154
12068,01/09/2026 03:22:15,1.04,107.157
12069,01/09/2026 03:32:15,1.02,107.126
12070,01/09/2026 03:42:15,1.00,107.134
12071,01/09/2026 03:52:15,0.98,107.151
12072,01/09/2026 04:02:15,0.96,107.124
12073,01/09/2026 04:12:15,0.95,107.128
12074,01/09/2026 04:22:15,0.93,107.105
12075,01/09/2026 04:32:15,0.91,107.087
12076,01/09/2026 04:42:15,0.90,107.086
12077,01/09/2026 04:52:15,0.88,107.108
12078,01/09/2026 05:02:15,0.86,107.085
12079,01/09/2026 05:12:15,0.85,107.089
12080,01/09/2026 05:22:15,0.84,107.124
12081,01/09/2026 05:32:15,0.82,107.136
12082,01/09/2026 05:42:15,0.81,107.140
12083,01/09/2026 05:52:15,0.80,107.135
12084,01/09/2026 06:02:15,0.79,107.157
12085,01/09/2026 06:12:15,0.78,107.148
12086,01/09/2026 06:22:15,0.77,107.112
12087,01/09/2026 06:32:15,0.76,107.112
12088,01/09/2026 06:42:15,0.75,107.081
12089,01/09/2026 06:52:15,0.73,107.098
12090,01/09/2026 07:02:15,0.72,107.093
12091,01/09/2026 07:12:15,0.71,107.128
12092,01/09/2026 07:22:15,0.70,107.141
12093,01/09/2026 07:32:15,0.69,107.123
12094,01/09/2026 07:42:15,0.68,107.092
12095,01/09/2026 07:52:15,0.67,107.104
12096,01/09/2026 08:02:15,0.66,107.104
12097,01/09/2026 08:12:15,0.65,107.082
12098,01/09/2026 08:22:15,0.64,107.103
12099,01/09/2026 08:32:15,0.64,107.094
12100,01/09/2026 08:42:15,0.63,107.121
12101,01/09/2026 08:52:15,0.63,107.116
12102,01/09/2026 09:02:15,0.63,107.103
12103,01/09/2026 09:12:15,0.64,107.086
12104,01/09/2026 09:22:15,0.65,107.068
12105,01/09/2026 09:32:15,0.65,107.064
12106,01/09/2026 09:42:15,0.67,107.056
12107,01/09/2026 09:52:15,0.68,107.008
12108,01/09/2026 10:02:15,0.69,107.013
12109,01/09/2026 10:12:15,0.71,106.970
12110,01/09/2026 10:22:15,0.73,106.988
12111,01/09/2026 10:32:15,0.74,107.011
12112,01/09/2026 10:42:15,0.77,106.985
12113,01/09/2026 10:52:15,0.79,106.973
12114,01/09/2026 11:02:15,0.82,106.926
12115,01/09/2026 11:12:15,0.84,106.874
12116,01/09/2026 11:22:15,0.87,106.848
12117,01/09/2026 11:32:15,0.89,106.849
12118,01/09/2026 11:42:15,0.92,106.820
12119,01/09/2026 11:52:15,0.94,106.785
12120,01/09/2026 12:02:15,0.97,106.755
12121,01/09/2026 12:12:15,0.99,106.743
12122,01/09/2026 12:22:15,1.02,106.713
12123,01/09/2026 12:32:15,1.04,106.666
12124,01/09/2026 12:42:15,1.07,106.636
12125,01/09/2026 12:52:15,1.10,106.580
12126,01/09/2026 13:02:15,1.13,106.533
12127,01/09/2026 13:12:15,1.16,106.482
12128,01/09/2026 13:22:15,1.19,106.470
12129,01/09/2026 13:32:15,1.23,106.462
12130,01/09/2026 13:42:15,1.27,106.433
12131,01/09/2026 13:52:15,1.31,106.452
12132,01/09/2026 14:02:15,1.34,106.422
12133,01/09/2026 14:12:15,1.38,106.367
12134,01/09/2026 14:22:15,1.41,106.311
12135,01/09/2026 14:32:15,1.45,106.299
12136,01/09/2026 14:42:15,1.48,106.309
12137,01/09/2026 14:52:15,1.52,106.284
12138,01/09/2026 15:02:15,1.55,106.272
12139,01/09/2026 15:12:15,1.58,106.260
12140,01/09/2026 15:22:15,1.62,106.235
12141,01/09/2026 15:32:15,1.65,106.196
12142,01/09/2026 15:42:15,1.68,106.198
12143,01/09/2026 15:52:15,1.71,106.181
12144,01/09/2026 16:02:15,1.74,106.164
12145,01/09/2026 16:12:15,1.76,106.179
12146,01/09/2026 16:22:15,1.79,106.206
12147,01/09/2026 16:32:15,1.82,106.163
12148,01/09/2026 16:42:15,1.85,106.133
12149,01/09/2026 16:52:15,1.87,106.095
12150,01/09/2026 17:02:15,1.90,106.091
12151,01/09/2026 17:12:15,1.94,106.080
12152,01/09/2026 17:22:15,1.98,106.116
12153,01/09/2026 17:32:15,2.02,106.152
12154,01/09/2026 17:42:15,2.06,106.189
12155,01/09/2026 17:52:15,2.12,106.226
12156,01/09/2026 18:02:15,2.19,106.247
12157,01/09/2026 18:12:15,2.28,106.324
12158,01/09/2026 18:22:15,2.37,106.406
12159,01/09/2026 18:32:15,2.46,106.476
12160,01/09/2026 18:42:15,2.56,106.515
12161,01/09/2026 18:52:15,2.66,106.523
12162,01/09/2026 19:02:15,2.71,106.551
12163,01/09/2026 19:12:15,2.71,106.533
12164,01/09/2026 19:22:15,2.69,106.541
12165,01/09/2026 19:32:15,2.65,106.579
12166,01/09/2026 19:42:15,2.62,106.609
12167,01/09/2026 19:52:15,2.59,106.634
12168,01/09/2026 20:02:15,2.57,106.625
12169,01/09/2026 20:12:15,2.56,106.646
12170,01/09/2026 20:22:15,2.55,106.650
12171,01/09/2026 20:32:15,2.55,106.668
12172,01/09/2026 20:42:15,2.54,106.689
12173,01/09/2026 20:52:15,2.53,106.671
12174,01/09/2026 21:02:15,2.52,106.662
12175,01/09/2026 21:12:15,2.50,106.688
12176,01/09/2026 21:22:15,2.49,106.657
12177,01/09/2026 21:32:15,2.48,106.692
12178,01/09/2026 21:42:15,2.47,106.691
12179,01/09/2026 21:52:15,2.46,106.735
12180,01/09/2026 22:02:15,2.46,106.792
12181,01/09/2026 22:12:15,2.45,106.813
12182,01/09/2026 22:22:15,2.44,106.826
12183,01/09/2026 22:32:15,2.43,106.843
12184,01/09/2026 22:42:15,2.42,106.869
12185,01/09/2026 22:52:15,2.41,106.882
12186,01/09/2026 23:02:15,2.40,106.842
12187,01/09/2026 23:12:15,2.39,106.851
12188,01/09/2026 23:22:15,2.38,106.868
12189,01/09/2026 23:32:15,2.37,106.854
12190,01/09/2026 23:42:15,2.36,106.854
12191,01/09/2026 23:52:15,2.36,106.867
12192,01/10/2026 00:02:15,2.35,106.893
12193,01/10/2026 00:12:15,2.34,106.906
12194,01/10/2026 00:22:15,2.33,106.910
12195,01/10/2026 00:32:15,2.32,106.918
12196,01/10/2026 00:42:15,2.31,106.945
12197,01/10/2026 00:52:15,2.31,106.966
12198,01/10/2026 01:02:15,2.30,107.023
12199,01/10/2026 01:12:15,2.29,107.040
12200,01/10/2026 01:22:15,2.29,107.062
12201,01/10/2026 01:32:15,2.28,107.079
12202,01/10/2026 01:42:15,2.27,107.092
12203,01/10/2026 01:52:15,2.26,107.088
12204,01/10/2026 02:02:15,2.26,107.118
12205,01/10/2026 02:12:15,2.25,107.140
12206,01/10/2026 02:22:15,2.23,107.139
12207,01/10/2026 02:32:15,2.22,107.143
12208,01/10/2026 02:42:15,2.21,107.147
12209,01/10/2026 02:52:15,2.20,107.138
12210,01/10/2026 03:02:15,2.19,107.137
12211,01/10/2026 03:12:15,2.17,107.146
12212,01/10/2026 03:22:15,2.16,107.167
12213,01/10/2026 03:32:15,2.14,107.180
12214,01/10/2026 03:42:15,2.13,107.157
12215,01/10/2026 03:52:15,2.11,107.130
12216,01/10/2026 04:02:15,2.10,107.174
12217,01/10/2026 04:12:15,2.08,107.182
12218,01/10/2026 04:22:15,2.07,107.173
12219,01/10/2026 04:32:15,2.06,107.168
12220,01/10/2026 04:42:15,2.04,107.203
12221,01/10/2026 04:52:15,2.03,107.206
12222,01/10/2026 05:02:15,2.02,107.206
12223,01/10/2026 05:12:15,2.01,107.210
12224,01/10/2026 05:22:15,1.99,107.227
12225,01/10/2026 05:32:15,1.98,107.222
12226,01/10/2026 05:42:15,1.97,107.239
12227,01/10/2026 05:52:15,1.95,107.239
12228,01/10/2026 06:02:15,1.94,107.216
12229,01/10/2026 06:12:15,1.92,107.233
12230,01/10/2026 06:22:15,1.91,107.259
12231,01/10/2026 06:32:15,1.89,107.259
12232,01/10/2026 06:42:15,1.88,107.227
12233,01/10/2026 06:52:15,1.86,107.209
12234,01/10/2026 07:02:15,1.85,107.222
12235,01/10/2026 07:12:15,1.83,107.247
12236,01/10/2026 07:22:15,1.81,107.256
12237,01/10/2026 07:32:15,1.80,107.259
12238,01/10/2026 07:42:15,1.78,107.263
12239,01/10/2026 07:52:15,1.76,107.276
12240,01/10/2026 08:02:15,1.75,107.301
12241,01/10/2026 08:12:15,1.73,107.332
12242,01/10/2026 08:22:15,1.72,107.336
12243,01/10/2026 08:32:15,1.71,107.313
12244,01/10/2026 08:42:15,1.69,107.343
12245,01/10/2026 08:52:15,1.69,107.348
12246,01/10/2026 09:02:15,1.68,107.343
12247,01/10/2026 09:12:15,1.67,107.343
12248,01/10/2026 09:22:15,1.67,107.365
12249,01/10/2026 09:32:15,1.67,107.365
12250,01/10/2026 09:42:15,1.67,107.364
12251,01/10/2026 09:52:15,1.67,107.343
12252,01/10/2026 10:02:15,1.68,107.369
12253,01/10/2026 10:12:15,1.68,107.361
12254,01/10/2026 10:22:15,1.69,107.352
12255,01/10/2026 10:32:15,1.70,107.339
12256,01/10/2026 10:42:15,1.71,107.300
12257,01/10/2026 10:52:15,1.72,107.279
12258,01/10/2026 11:02:15,1.74,107.284
12259,01/10/2026 11:12:15,1.75,107.280
12260,01/10/2026 11:22:15,1.77,107.254
12261,01/10/2026 11:32:15,1.79,107.264
12262,01/10/2026 11:42:15,1.81,107.225
12263,01/10/2026 11:52:15,1.83,107.204
12264,01/10/2026 12:02:15,1.85,107.187
12265,01/10/2026 12:12:15,1.87,107.161
12266,01/10/2026 12:22:15,1.89,107.144
12267,01/10/2026 12:32:15,1.91,107.119
12268,01/10/2026 12:42:15,1.93,107.111
12269,01/10/2026 12:52:15,1.95,107.081
12270,01/10/2026 13:02:15,1.96,107.042
12271,01/10/2026 13:12:15,1.98,107.033
12272,01/10/2026 13:22:15,2.00,107.038
12273,01/10/2026 13:32:15,2.01,107.057
12274,01/10/2026 13:42:15,2.04,106.105
12275,01/10/2026 13:52:15,2.11,106.029
12276,01/10/2026 14:02:15,2.14,106.008
12277,01/10/2026 14:12:15,2.17,106.022
12278,01/10/2026 14:22:15,2.19,106.023
12279,01/10/2026 14:32:15,2.21,105.993
12280,01/10/2026 14:42:15,2.23,105.993
12281,01/10/2026 14:52:15,2.25,105.998
12282,01/10/2026 15:02:15,2.26,106.003
12283,01/10/2026 15:12:15,2.28,106.065
12284,01/10/2026 15:22:15,2.29,106.096
12285,01/10/2026 15:32:15,2.31,106.115
12286,01/10/2026 15:42:15,2.32,106.102
12287,01/10/2026 15:52:15,2.33,106.085
12288,01/10/2026 16:02:15,2.33,106.067
12289,01/10/2026 16:12:15,2.34,106.089
12290,01/10/2026 16:22:15,2.34,106.050
12291,01/10/2026 16:32:15,2.34,106.011
12292,01/10/2026 16:42:15,2.35,106.020
12293,01/10/2026 16:52:15,2.36,106.020
12294,01/10/2026 17:02:15,2.36,106.007
12295,01/10/2026 17:12:15,2.37,105.976
12296,01/10/2026 17:22:15,2.38,105.964
12297,01/10/2026 17:32:15,2.39,105.955
12298,01/10/2026 17:42:15,2.40,105.964
12299,01/10/2026 17:52:15,2.41,105.938
12300,01/10/2026 18:02:15,2.41,105.938
12301,01/10/2026 18:12:15,2.42,105.939
12302,01/10/2026 18:22:15,2.43,105.961
12303,01/10/2026 18:32:15,2.50,105.981
12304,01/10/2026 18:42:15,2.53,106.017
12305,01/10/2026 18:52:15,2.56,106.044
12306,01/10/2026 19:02:15,2.64,106.114
12307,01/10/2026 19:12:15,2.78,106.145
12308,01/10/2026 19:22:15,2.91,106.180
12309,01/10/2026 19:32:15,3.03,106.264
12310,01/10/2026 19:42:15,3.10,106.332
12311,01/10/2026 19:52:15,3.12,106.372
12312,01/10/2026 20:02:15,3.07,106.401
12313,01/10/2026 20:12:15,3.00,106.460
12314,01/10/2026 20:22:15,2.97,106.560
12315,01/10/2026 20:32:15,2.95,106.647
12316,01/10/2026 20:42:15,2.98,106.648
12317,01/10/2026 20:52:15,2.98,106.608
12318,01/10/2026 21:02:15,2.90,106.588
12319,01/10/2026 21:12:15,2.81,106.611
12320,01/10/2026 21:22:15,2.75,106.653
12321,01/10/2026 21:32:15,2.71,106.718
12322,01/10/2026 21:42:15,2.74,106.714
12323,01/10/2026 21:52:15,2.79,106.729
12324,01/10/2026 22:02:15,2.77,106.750
12325,01/10/2026 22:12:15,2.71,106.770
12326,01/10/2026 22:22:15,2.66,106.738
12327,01/10/2026 22:32:15,2.62,106.771
12328,01/10/2026 22:42:15,2.57,106.787
12329,01/10/2026 22:52:15,2.54,106.768
12330,01/10/2026 23:02:15,2.51,106.772
12331,01/10/2026 23:12:15,2.50,106.767
12332,01/10/2026 23:22:15,2.48,106.797
12333,01/10/2026 23:32:15,2.46,106.805
12334,01/10/2026 23:42:15,2.46,106.792
12335,01/10/2026 23:52:15,2.45,106.791
12336,01/11/2026 00:02:15,2.40,106.816
12337,01/11/2026 00:12:15,2.34,106.792
12338,01/11/2026 00:22:15,2.28,106.750
12339,01/11/2026 00:32:15,2.23,106.766
12340,01/11/2026 00:42:15,2.18,106.817
12341,01/11/2026 00:52:15,2.13,106.784
12342,01/11/2026 01:02:15,2.09,106.809
12343,01/11/2026 01:12:15,2.06,106.843
12344,01/11/2026 01:22:15,2.05,106.931
12345,01/11/2026 01:32:15,2.04,106.952
12346,01/11/2026 01:42:15,2.06,106.949
12347,01/11/2026 01:52:15,2.06,106.997
12348,01/11/2026 02:02:15,2.03,106.961
12349,01/11/2026 02:12:15,1.98,106.989
12350,01/11/2026 02:22:15,1.93,106.975
12351,01/11/2026 02:32:15,1.89,106.991
12352,01/11/2026 02:42:15,1.86,107.025
12353,01/11/2026 02:52:15,1.83,106.993
12354,01/11/2026 03:02:15,1.81,106.970
12355,01/11/2026 03:12:15,1.78,106.960
12356,01/11/2026 03:22:15,1.76,106.951
12357,01/11/2026 03:32:15,1.73,106.924
12358,01/11/2026 03:42:15,1.71,106.896
12359,01/11/2026 03:52:15,1.69,106.869
12360,01/11/2026 04:02:15,1.67,106.917
12361,01/11/2026 04:12:15,1.65,106.912
12362,01/11/2026 04:22:15,1.63,106.929
12363,01/11/2026 04:32:15,1.61,106.998
12364,01/11/2026 04:42:15,1.60,106.958
12365,01/11/2026 04:52:15,1.58,106.979
12366,01/11/2026 05:02:15,1.56,106.996
12367,01/11/2026 05:12:15,1.55,106.987
12368,01/11/2026 05:22:15,1.54,106.991
12369,01/11/2026 05:32:15,1.52,106.973
12370,01/11/2026 05:42:15,1.50,106.994
12371,01/11/2026 05:52:15,1.48,107.042
12372,01/11/2026 06:02:15,1.47,107.068
12373,01/11/2026 06:12:15,1.46,107.036
12374,01/11/2026 06:22:15,1.45,107.067
12375,01/11/2026 06:32:15,1.43,107.075
12376,01/11/2026 06:42:15,1.43,107.070
12377,01/11/2026 06:52:15,1.42,107.057
12378,01/11/2026 07:02:15,1.41,107.061
12379,01/11/2026 07:12:15,1.40,107.083
12380,01/11/2026 07:22:15,1.39,107.082
12381,01/11/2026 07:32:15,1.38,107.056
12382,01/11/2026 07:42:15,1.37,107.046
12383,01/11/2026 07:52:15,1.36,107.029
12384,01/11/2026 08:02:15,1.35,107.077
12385,01/11/2026 08:12:15,1.35,107.103
12386,01/11/2026 08:22:15,1.34,107.054
12387,01/11/2026 08:32:15,1.33,107.063
12388,01/11/2026 08:42:15,1.33,107.067
12389,01/11/2026 08:52:15,1.32,107.075
12390,01/11/2026 09:02:15,1.32,107.071
12391,01/11/2026 09:12:15,1.31,107.093
12392,01/11/2026 09:22:15,1.31,107.071
12393,01/11/2026 09:32:15,1.31,107.040
12394,01/11/2026 09:42:15,1.32,107.045
12395,01/11/2026 09:52:15,1.33,107.040
12396,01/11/2026 10:02:15,1.34,107.036
12397,01/11/2026 10:12:15,1.35,107.046
12398,01/11/2026 10:22:15,1.36,107.020
12399,01/11/2026 10:32:15,1.38,106.990
12400,01/11/2026 10:42:15,1.39,106.990
12401,01/11/2026 10:52:15,1.41,106.982
12402,01/11/2026 11:02:15,1.42,106.969
12403,01/11/2026 11:12:15,1.44,106.926
12404,01/11/2026 11:22:15,1.47,106.896
12405,01/11/2026 11:32:15,1.49,106.871
12406,01/11/2026 11:42:15,1.52,106.832
12407,01/11/2026 11:52:15,1.54,106.811
12408,01/11/2026 12:02:15,1.57,106.825
12409,01/11/2026 12:12:15,1.60,106.805
12410,01/11/2026 12:22:15,1.63,106.788
12411,01/11/2026 12:32:15,1.66,106.776
12412,01/11/2026 12:42:15,1.68,106.790
12413,01/11/2026 12:52:15,1.71,106.787
12414,01/11/2026 13:02:15,1.73,106.792
12415,01/11/2026 13:12:15,1.75,106.788
12416,01/11/2026 13:22:15,1.77,106.807
12417,01/11/2026 13:32:15,1.80,106.807
12418,01/11/2026 13:42:15,1.82,106.813
12419,01/11/2026 13:52:15,1.85,106.818
12420,01/11/2026 14:02:15,1.88,106.810
12421,01/11/2026 14:12:15,1.90,106.798
12422,01/11/2026 14:22:15,1.92,106.781
12423,01/11/2026 14:32:15,1.93,106.773
12424,01/11/2026 14:42:15,1.95,106.778
12425,01/11/2026 14:52:15,1.96,106.787
12426,01/11/2026 15:02:15,1.97,106.814
12427,01/11/2026 15:12:15,1.99,106.814
12428,01/11/2026 15:22:15,2.00,106.828
12429,01/11/2026 15:32:15,2.02,106.842
12430,01/11/2026 15:42:15,2.03,106.842
12431,01/11/2026 15:52:15,2.04,106.838
12432,01/11/2026 16:02:15,2.05,106.847
12433,01/11/2026 16:12:15,2.06,106.856
12434,01/11/2026 16:22:15,2.06,106.861
12435,01/11/2026 16:32:15,2.06,106.839
12436,01/11/2026 16:42:15,2.06,106.826
12437,01/11/2026 16:52:15,2.06,106.808
12438,01/11/2026 17:02:15,2.05,106.808
12439,01/11/2026 17:12:15,2.04,106.799
12440,01/11/2026 17:22:15,2.03,106.802
12441,01/11/2026 17:32:15,2.01,106.784
12442,01/11/2026 17:42:15,1.98,106.779
12443,01/11/2026 17:52:15,1.96,106.791
12444,01/11/2026 18:02:15,1.93,106.760
12445,01/11/2026 18:12:15,1.91,106.794
12446,01/11/2026 18:22:15,1.88,106.824
12447,01/11/2026 18:32:15,1.86,106.836
12448,01/11/2026 18:42:15,1.83,106.844
12449,01/11/2026 18:52:15,1.81,106.826
12450,01/11/2026 19:02:15,1.79,106.833
12451,01/11/2026 19:12:15,1.76,106.841
12452,01/11/2026 19:22:15,1.74,106.845
12453,01/11/2026 19:32:15,1.71,106.826
12454,01/11/2026 19:42:15,1.69,106.834
12455,01/11/2026 19:52:15,1.66,106.833
12456,01/11/2026 20:02:15,1.64,106.819
12457,01/11/2026 20:12:15,1.61,106.845
12458,01/11/2026 20:22:15,1.58,106.835
12459,01/11/2026 20:32:15,1.56,106.847
12460,01/11/2026 20:42:15,1.53,106.837
12461,01/11/2026 20:52:15,1.51,106.819
12462,01/11/2026 21:02:15,1.49,106.823
12463,01/11/2026 21:12:15,1.47,106.826
12464,01/11/2026 21:22:15,1.44,106.817
12465,01/11/2026 21:32:15,1.43,106.820
12466,01/11/2026 21:42:15,1.41,106.833
12467,01/11/2026 21:52:15,1.39,106.841
12468,01/11/2026 22:02:15,1.38,106.840
12469,01/11/2026 22:12:15,1.36,106.827
12470,01/11/2026 22:22:15,1.34,106.826
12471,01/11/2026 22:32:15,1.33,106.861
12472,01/11/2026 22:42:15,1.31,106.834
12473,01/11/2026 22:52:15,1.30,106.868
12474,01/11/2026 23:02:15,1.28,106.876
12475,01/11/2026 23:12:15,1.26,106.911
12476,01/11/2026 23:22:15,1.25,106.906
12477,01/11/2026 23:32:15,1.23,106.905
12478,01/11/2026 23:42:15,1.21,106.914
12479,01/11/2026 23:52:15,1.19,106.895
12480,01/12/2026 00:02:15,1.17,106.903
12481,01/12/2026 00:12:15,1.15,106.920
12482,01/12/2026 00:22:15,1.14,106.924
12483,01/12/2026 00:32:15,1.12,106.884
12484,01/12/2026 00:42:15,1.11,106.897
12485,01/12/2026 00:52:15,1.10,106.918
12486,01/12/2026 01:02:15,1.08,106.918
12487,01/12/2026 01:12:15,1.07,106.908
12488,01/12/2026 01:22:15,1.06,106.930
12489,01/12/2026 01:32:15,1.04,106.921
12490,01/12/2026 01:42:15,1.03,106.929
12491,01/12/2026 01:52:15,1.01,106.928
12492,01/12/2026 02:02:15,0.99,106.941
12493,01/12/2026 02:12:15,0.98,106.953
12494,01/12/2026 02:22:15,0.96,106.957
12495,01/12/2026 02:32:15,0.94,106.978
12496,01/12/2026 02:42:15,0.92,107.004
12497,01/12/2026 02:52:15,0.90,107.016
12498,01/12/2026 03:02:15,0.89,107.046
12499,01/12/2026 03:12:15,0.87,107.002
12500,01/12/2026 03:22:15,0.86,107.010
12501,01/12/2026 03:32:15,0.84,106.992
12502,01/12/2026 03:42:15,0.83,106.987
12503,01/12/2026 03:52:15,0.81,106.978
12504,01/12/2026 04:02:15,0.80,106.960
12505,01/12/2026 04:12:15,0.78,106.964
12506,01/12/2026 04:22:15,0.77,106.994
12507,01/12/2026 04:32:15,0.75,106.967
12508,01/12/2026 04:42:15,0.73,106.975
12509,01/12/2026 04:52:15,0.72,106.975
12510,01/12/2026 05:02:15,0.70,106.974
12511,01/12/2026 05:12:15,0.69,106.978
12512,01/12/2026 05:22:15,0.67,106.973
12513,01/12/2026 05:32:15,0.66,106.981
12514,01/12/2026 05:42:15,0.64,106.981
12515,01/12/2026 05:52:15,0.63,106.989
12516,01/12/2026 06:02:15,0.61,106.962
12517,01/12/2026 06:12:15,0.60,107.014
12518,01/12/2026 06:22:15,0.58,107.027
12519,01/12/2026 06:32:15,0.57,107.053
12520,01/12/2026 06:42:15,0.56,107.052
12521,01/12/2026 06:52:15,0.54,107.060
12522,01/12/2026 07:02:15,0.53,107.073
12523,01/12/2026 07:12:15,0.51,107.099
12524,01/12/2026 07:22:15,0.50,107.103
12525,01/12/2026 07:32:15,0.49,107.102
12526,01/12/2026 07:42:15,0.48,107.111
12527,01/12/2026 07:52:15,0.47,107.119
12528,01/12/2026 08:02:15,0.46,107.123
12529,01/12/2026 08:12:15,0.46,107.132
12530,01/12/2026 08:22:15,0.46,107.136
12531,01/12/2026 08:32:15,0.46,107.136
12532,01/12/2026 08:42:15,0.48,107.119
12533,01/12/2026 08:52:15,0.50,107.129
12534,01/12/2026 09:02:15,0.51,107.112
12535,01/12/2026 09:12:15,0.53,107.091
12536,01/12/2026 09:22:15,0.55,107.087
12537,01/12/2026 09:32:15,0.57,107.088
12538,01/12/2026 09:42:15,0.59,107.084
12539,01/12/2026 09:52:15,0.61,107.093
12540,01/12/2026 10:02:15,0.63,107.063
12541,01/12/2026 10:12:15,0.65,107.047
12542,01/12/2026 10:22:15,0.67,107.034
12543,01/12/2026 10:32:15,0.70,107.018
12544,01/12/2026 10:42:15,0.73,106.984
12545,01/12/2026 10:52:15,0.76,106.994
12546,01/12/2026 11:02:15,0.80,106.982
12547,01/12/2026 11:12:15,0.83,106.970
12548,01/12/2026 11:22:15,0.86,106.936
12549,01/12/2026 11:32:15,0.89,106.920
12550,01/12/2026 11:42:15,0.93,106.872
12551,01/12/2026 11:52:15,0.97,106.852
12552,01/12/2026 12:02:15,1.02,106.867
12553,01/12/2026 12:12:15,1.06,106.829
12554,01/12/2026 12:22:15,1.11,106.818
12555,01/12/2026 12:32:15,1.17,106.798
12556,01/12/2026 12:42:15,1.22,106.786
12557,01/12/2026 12:52:15,1.26,106.779
12558,01/12/2026 13:02:15,1.31,106.777
12559,01/12/2026 13:12:15,1.35,106.804
12560,01/12/2026 13:22:15,1.39,106.780
12561,01/12/2026 13:32:15,1.43,106.803
12562,01/12/2026 13:42:15,1.47,106.809
12563,01/12/2026 13:52:15,1.51,106.814
12564,01/12/2026 14:02:15,1.54,106.807
12565,01/12/2026 14:12:15,1.56,106.803
12566,01/12/2026 14:22:15,1.59,106.782
12567,01/12/2026 14:32:15,1.61,106.792
12568,01/12/2026 14:42:15,1.64,106.806
12569,01/12/2026 14:52:15,1.66,106.780
12570,01/12/2026 15:02:15,1.68,106.772
12571,01/12/2026 15:12:15,1.70,106.769
12572,01/12/2026 15:22:15,1.71,106.765
12573,01/12/2026 15:32:15,1.72,106.752
12574,01/12/2026 15:42:15,1.73,106.735
12575,01/12/2026 15:52:15,1.74,106.713
12576,01/12/2026 16:02:15,1.75,106.692
12577,01/12/2026 16:12:15,1.76,106.692
12578,01/12/2026 16:22:15,1.77,106.666
12579,01/12/2026 16:32:15,1.78,106.675
12580,01/12/2026 16:42:15,1.79,106.667
12581,01/12/2026 16:52:15,1.79,106.662
12582,01/12/2026 17:02:15,1.80,106.663
12583,01/12/2026 17:12:15,1.81,106.663
12584,01/12/2026 17:22:15,1.81,106.676
12585,01/12/2026 17:32:15,1.82,106.681
12586,01/12/2026 17:42:15,1.83,106.672
12587,01/12/2026 17:52:15,1.83,106.651
12588,01/12/2026 18:02:15,1.83,106.681
12589,01/12/2026 18:12:15,1.83,106.668
12590,01/12/2026 18:22:15,1.83,106.664
12591,01/12/2026 18:32:15,1.83,106.642
12592,01/12/2026 18:42:15,1.83,106.629
12593,01/12/2026 18:52:15,1.82,106.650
12594,01/12/2026 19:02:15,1.82,106.628
12595,01/12/2026 19:12:15,1.81,106.637
12596,01/12/2026 19:22:15,1.80,106.641
12597,01/12/2026 19:32:15,1.78,106.623
12598,01/12/2026 19:42:15,1.77,106.631
12599,01/12/2026 19:52:15,1.75,106.630
12600,01/12/2026 20:02:15,1.73,106.630
12601,01/12/2026 20:12:15,1.71,106.638
12602,01/12/2026 20:22:15,1.69,106.624
12603,01/12/2026 20:32:15,1.67,106.614
12604,01/12/2026 20:42:15,1.65,106.605
12605,01/12/2026 20:52:15,1.63,106.604
12606,01/12/2026 21:02:15,1.61,106.630
12607,01/12/2026 21:12:15,1.59,106.589
12608,01/12/2026 21:22:15,1.57,106.593
12609,01/12/2026 21:32:15,1.56,106.566
12610,01/12/2026 21:42:15,1.54,106.566
12611,01/12/2026 21:52:15,1.53,106.569
12612,01/12/2026 22:02:15,1.51,106.582
12613,01/12/2026 22:12:15,1.50,106.573
12614,01/12/2026 22:22:15,1.48,106.577
12615,01/12/2026 22:32:15,1.47,106.545
12616,01/12/2026 22:42:15,1.46,106.545
12617,01/12/2026 22:52:15,1.44,106.531
12618,01/12/2026 23:02:15,1.44,106.531
12619,01/12/2026 23:12:15,1.43,106.531
12620,01/12/2026 23:22:15,1.42,106.548
12621,01/12/2026 23:32:15,1.41,106.535
12622,01/12/2026 23:42:15,1.41,106.508
12623,01/12/2026 23:52:15,1.41,106.495
12624,01/13/2026 00:02:15,1.40,106.490
12625,01/13/2026 00:12:15,1.40,106.464
12626,01/13/2026 00:22:15,1.39,106.455
12627,01/13/2026 00:32:15,1.39,106.450
12628,01/13/2026 00:42:15,1.38,106.463
12629,01/13/2026 00:52:15,1.38,106.441
12630,01/13/2026 01:02:15,1.38,106.441
12631,01/13/2026 01:12:15,1.37,106.432
12632,01/13/2026 01:22:15,1.37,106.441
12633,01/13/2026 01:32:15,1.37,106.450
12634,01/13/2026 01:42:15,1.37,106.436
12635,01/13/2026 01:52:15,1.36,106.436
12636,01/13/2026 02:02:15,1.36,106.445
12637,01/13/2026 02:12:15,1.36,106.423
12638,01/13/2026 02:22:15,1.36,106.427
12639,01/13/2026 02:32:15,1.35,106.432
12640,01/13/2026 02:42:15,1.35,106.409
12641,01/13/2026 02:52:15,1.34,106.427
12642,01/13/2026 03:02:15,1.34,106.405
12643,01/13/2026 03:12:15,1.33,106.400
12644,01/13/2026 03:22:15,1.32,106.360
12645,01/13/2026 03:32:15,1.32,106.347
12646,01/13/2026 03:42:15,1.32,106.369
12647,01/13/2026 03:52:15,1.32,106.347
12648,01/13/2026 04:02:15,1.31,106.355
12649,01/13/2026 04:12:15,1.30,106.373
12650,01/13/2026 04:22:15,1.30,106.364
12651,01/13/2026 04:32:15,1.29,106.350
12652,01/13/2026 04:42:15,1.29,106.328
12653,01/13/2026 04:52:15,1.28,106.328
12654,01/13/2026 05:02:15,1.27,106.328
12655,01/13/2026 05:12:15,1.26,106.345
12656,01/13/2026 05:22:15,1.26,106.362
12657,01/13/2026 05:32:15,1.25,106.336
12658,01/13/2026 05:42:15,1.24,106.349
12659,01/13/2026 05:52:15,1.23,106.361
12660,01/13/2026 06:02:15,1.22,106.352
12661,01/13/2026 06:12:15,1.21,106.356
12662,01/13/2026 06:22:15,1.20,106.352
12663,01/13/2026 06:32:15,1.19,106.351
12664,01/13/2026 06:42:15,1.18,106.333
12665,01/13/2026 06:52:15,1.17,106.350
12666,01/13/2026 07:02:15,1.15,106.354
12667,01/13/2026 07:12:15,1.14,106.349
12668,01/13/2026 07:22:15,1.12,106.340
12669,01/13/2026 07:32:15,1.11,106.348
12670,01/13/2026 07:42:15,1.09,106.330
12671,01/13/2026 07:52:15,1.07,106.329
12672,01/13/2026 08:02:15,1.06,106.338
12673,01/13/2026 08:12:15,1.05,106.315
12674,01/13/2026 08:22:15,1.03,106.332
12675,01/13/2026 08:32:15,1.03,106.332
12676,01/13/2026 08:42:15,1.02,106.341
12677,01/13/2026 08:52:15,1.02,106.318
12678,01/13/2026 09:02:15,1.01,106.292
12679,01/13/2026 09:12:15,1.01,106.296
12680,01/13/2026 09:22:15,1.01,106.301
12681,01/13/2026 09:32:15,1.02,106.284
12682,01/13/2026 09:42:15,1.03,106.275
12683,01/13/2026 09:52:15,1.04,106.289
12684,01/13/2026 10:02:15,1.05,106.276
12685,01/13/2026 10:12:15,1.07,106.268
12686,01/13/2026 10:22:15,1.10,106.256
12687,01/13/2026 10:32:15,1.12,106.230
12688,01/13/2026 10:42:15,1.14,106.231
12689,01/13/2026 10:52:15,1.17,106.184
12690,01/13/2026 11:02:15,1.20,106.154
12691,01/13/2026 11:12:15,1.22,106.111
12692,01/13/2026 11:22:15,1.25,106.090
12693,01/13/2026 11:32:15,1.29,106.052
12694,01/13/2026 11:42:15,1.32,106.035
12695,01/13/2026 11:52:15,1.35,106.006
12696,01/13/2026 12:02:15,1.38,105.972
12697,01/13/2026 12:12:15,1.42,105.951
12698,01/13/2026 12:22:15,1.45,105.904
12699,01/13/2026 12:32:15,1.49,105.901
12700,01/13/2026 12:42:15,1.53,105.863
12701,01/13/2026 12:52:15,1.57,105.851
12702,01/13/2026 13:02:15,1.61,105.831
12703,01/13/2026 13:12:15,1.65,105.810
12704,01/13/2026 13:22:15,1.68,105.776
12705,01/13/2026 13:32:15,1.72,105.760
12706,01/13/2026 13:42:15,1.76,105.753
12707,01/13/2026 13:52:15,1.80,105.745
12708,01/13/2026 14:02:15,1.84,105.725
12709,01/13/2026 14:12:15,1.87,105.735
12710,01/13/2026 14:22:15,1.91,105.692
12711,01/13/2026 14:32:15,1.94,105.667
12712,01/13/2026 14:42:15,1.97,105.659
12713,01/13/2026 14:52:15,1.99,105.629
12714,01/13/2026 15:02:15,2.02,105.582
12715,01/13/2026 15:12:15,2.04,105.605
12716,01/13/2026 15:22:15,2.06,105.605
12717,01/13/2026 15:32:15,2.09,105.580
12718,01/13/2026 15:42:15,2.11,105.546
12719,01/13/2026 15:52:15,2.13,105.520
12720,01/13/2026 16:02:15,2.15,105.494
12721,01/13/2026 16:12:15,2.17,105.500
12722,01/13/2026 16:22:15,2.19,105.505
12723,01/13/2026 16:32:15,2.22,105.457
12724,01/13/2026 16:42:15,2.24,105.440
12725,01/13/2026 16:52:15,2.26,105.463
12726,01/13/2026 17:02:15,2.28,105.472
12727,01/13/2026 17:12:15,2.30,105.451
12728,01/13/2026 17:22:15,2.32,105.457
12729,01/13/2026 17:32:15,2.35,105.431
12730,01/13/2026 17:42:15,2.37,105.401
12731,01/13/2026 17:52:15,2.39,105.384
12732,01/13/2026 18:02:15,2.41,105.341
12733,01/13/2026 18:12:15,2.43,105.364
12734,01/13/2026 18:22:15,2.45,105.364
12735,01/13/2026 18:32:15,2.47,105.391
12736,01/13/2026 18:42:15,2.48,105.405
12737,01/13/2026 18:52:15,2.49,105.339
12738,01/13/2026 19:02:15,2.50,105.340
12739,01/13/2026 19:12:15,2.50,105.344
12740,01/13/2026 19:22:15,2.51,105.305
12741,01/13/2026 19:32:15,2.51,105.327
12742,01/13/2026 19:42:15,2.51,105.305
12743,01/13/2026 19:52:15,2.51,105.287
12744,01/13/2026 20:02:15,2.51,105.279
12745,01/13/2026 20:12:15,2.50,105.239
12746,01/13/2026 20:22:15,2.50,105.212
12747,01/13/2026 20:32:15,2.49,105.186
12748,01/13/2026 20:42:15,2.49,105.186
12749,01/13/2026 20:52:15,2.48,105.155
12750,01/13/2026 21:02:15,2.47,105.207
12751,01/13/2026 21:12:15,2.46,105.180
12752,01/13/2026 21:22:15,2.45,105.163
12753,01/13/2026 21:32:15,2.44,105.145
12754,01/13/2026 21:42:15,2.43,105.113
12755,01/13/2026 21:52:15,2.42,105.109
12756,01/13/2026 22:02:15,2.41,105.082
12757,01/13/2026 22:12:15,2.40,105.064
12758,01/13/2026 22:22:15,2.38,105.059
12759,01/13/2026 22:32:15,2.37,105.045
12760,01/13/2026 22:42:15,2.36,105.032
12761,01/13/2026 22:52:15,2.35,104.996
12762,01/13/2026 23:02:15,2.34,104.992
12763,01/13/2026 23:12:15,2.33,105.005
12764,01/13/2026 23:22:15,2.33,104.960
12765,01/13/2026 23:32:15,2.32,104.978
12766,01/13/2026 23:42:15,2.32,104.973
12767,01/13/2026 23:52:15,2.31,104.951
12768,01/14/2026 00:02:15,2.31,104.920
12769,01/14/2026 00:12:15,2.31,104.885
12770,01/14/2026 00:22:15,2.31,104.854
12771,01/14/2026 00:32:15,2.31,104.863
12772,01/14/2026 00:42:15,2.31,104.850
12773,01/14/2026 00:52:15,2.31,104.841
12774,01/14/2026 01:02:15,2.31,104.837
12775,01/14/2026 01:12:15,2.32,104.837
12776,01/14/2026 01:22:15,2.32,104.846
12777,01/14/2026 01:32:15,2.32,104.846
12778,01/14/2026 01:42:15,2.32,104.837
12779,01/14/2026 01:52:15,2.32,104.811
12780,01/14/2026 02:02:15,2.32,104.829
12781,01/14/2026 02:12:15,2.32,104.807
12782,01/14/2026 02:22:15,2.33,104.829
12783,01/14/2026 02:32:15,2.33,104.816
12784,01/14/2026 02:42:15,2.33,104.789
12785,01/14/2026 02:52:15,2.33,104.776
12786,01/14/2026 03:02:15,2.34,104.754
12787,01/14/2026 03:12:15,2.34,104.746
12788,01/14/2026 03:22:15,2.34,104.746
12789,01/14/2026 03:32:15,2.34,104.750
12790,01/14/2026 03:42:15,2.34,104.732
12791,01/14/2026 03:52:15,2.34,104.719
12792,01/14/2026 04:02:15,2.34,104.702
12793,01/14/2026 04:12:15,2.34,104.702
12794,01/14/2026 04:22:15,2.34,104.719
12795,01/14/2026 04:32:15,2.34,104.706
12796,01/14/2026 04:42:15,2.34,104.710
12797,01/14/2026 04:52:15,2.33,104.719
12798,01/14/2026 05:02:15,2.33,104.715
12799,01/14/2026 05:12:15,2.33,104.710
12800,01/14/2026 05:22:15,2.32,104.701
12801,01/14/2026 05:32:15,2.32,104.719
12802,01/14/2026 05:42:15,2.32,104.732
12803,01/14/2026 05:52:15,2.32,104.732
12804,01/14/2026 06:02:15,2.31,104.705
12805,01/14/2026 06:12:15,2.31,104.705
12806,01/14/2026 06:22:15,2.31,104.727
12807,01/14/2026 06:32:15,2.31,104.709
12808,01/14/2026 06:42:15,2.30,104.718
12809,01/14/2026 06:52:15,2.30,104.714
12810,01/14/2026 07:02:15,2.30,104.705
12811,01/14/2026 07:12:15,2.30,104.700
12812,01/14/2026 07:22:15,2.29,104.722
12813,01/14/2026 07:32:15,2.29,104.705
12814,01/14/2026 07:42:15,2.29,104.700
12815,01/14/2026 07:52:15,2.29,104.691
12816,01/14/2026 08:02:15,2.29,104.713
12817,01/14/2026 08:12:15,2.29,104.722
12818,01/14/2026 08:22:15,2.29,104.735
12819,01/14/2026 08:32:15,2.30,104.744
12820,01/14/2026 08:42:15,2.30,104.727
12821,01/14/2026 08:52:15,2.30,104.753
12822,01/14/2026 09:02:15,2.31,104.767
12823,01/14/2026 09:12:15,2.32,104.762
12824,01/14/2026 09:22:15,2.33,104.754
12825,01/14/2026 09:32:15,2.34,104.746
12826,01/14/2026 09:42:15,2.36,104.742
12827,01/14/2026 09:52:15,2.38,104.760
12828,01/14/2026 10:02:15,2.40,104.783
12829,01/14/2026 10:12:15,2.42,104.784
12830,01/14/2026 10:22:15,2.45,104.767
12831,01/14/2026 10:32:15,2.47,104.785
12832,01/14/2026 10:42:15,2.49,104.734
12833,01/14/2026 10:52:15,2.52,104.730
12834,01/14/2026 11:02:15,2.54,104.718
12835,01/14/2026 11:12:15,2.56,104.709
12836,01/14/2026 11:22:15,2.57,104.675
12837,01/14/2026 11:32:15,2.59,104.636
12838,01/14/2026 11:42:15,2.61,104.615
12839,01/14/2026 11:52:15,2.64,104.589
12840,01/14/2026 12:02:15,2.66,104.572
12841,01/14/2026 12:12:15,2.68,104.556
12842,01/14/2026 12:22:15,2.70,104.552
12843,01/14/2026 12:32:15,2.72,104.539
12844,01/14/2026 12:42:15,2.73,104.527
12845,01/14/2026 12:52:15,2.75,104.527
12846,01/14/2026 13:02:15,2.77,104.537
12847,01/14/2026 13:12:15,2.79,104.516
12848,01/14/2026 13:22:15,2.81,104.512
12849,01/14/2026 13:32:15,2.83,104.517
12850,01/14/2026 13:42:15,2.85,104.500
12851,01/14/2026 13:52:15,2.88,104.488
12852,01/14/2026 14:02:15,2.90,104.493
12853,01/14/2026 14:12:15,2.93,104.507
12854,01/14/2026 14:22:15,2.95,104.481
12855,01/14/2026 14:32:15,2.97,104.487
12856,01/14/2026 14:42:15,3.00,104.496
12857,01/14/2026 14:52:15,3.02,104.480
12858,01/14/2026 15:02:15,3.04,104.458
12859,01/14/2026 15:12:15,3.06,104.455
12860,01/14/2026 15:22:15,3.09,104.464
12861,01/14/2026 15:32:15,3.11,104.465
12862,01/14/2026 15:42:15,3.13,104.483
12863,01/14/2026 15:52:15,3.14,104.475
12864,01/14/2026 16:02:15,3.16,104.476
12865,01/14/2026 16:12:15,3.17,104.476
12866,01/14/2026 16:22:15,3.18,104.477
12867,01/14/2026 16:32:15,3.20,104.473
12868,01/14/2026 16:42:15,3.21,104.473
12869,01/14/2026 16:52:15,3.22,104.478
12870,01/14/2026 17:02:15,3.23,104.483
12871,01/14/2026 17:12:15,3.24,104.501
12872,01/14/2026 17:22:15,3.25,104.505
12873,01/14/2026 17:32:15,3.26,104.510
12874,01/14/2026 17:42:15,3.27,104.497
12875,01/14/2026 17:52:15,3.28,104.511
12876,01/14/2026 18:02:15,3.28,104.502
12877,01/14/2026 18:12:15,3.29,104.485
12878,01/14/2026 18:22:15,3.30,104.476
12879,01/14/2026 18:32:15,3.30,104.472
12880,01/14/2026 18:42:15,3.30,104.463
12881,01/14/2026 18:52:15,3.30,104.437
12882,01/14/2026 19:02:15,3.30,104.406
12883,01/14/2026 19:12:15,3.30,104.402
12884,01/14/2026 19:22:15,3.30,104.362
12885,01/14/2026 19:32:15,3.30,104.349
12886,01/14/2026 19:42:15,3.30,104.366
12887,01/14/2026 19:52:15,3.29,104.326
12888,01/14/2026 20:02:15,3.29,104.331
12889,01/14/2026 20:12:15,3.28,104.308
12890,01/14/2026 20:22:15,3.27,104.304
12891,01/14/2026 20:32:15,3.26,104.246
12892,01/14/2026 20:42:15,3.25,104.308
12893,01/14/2026 20:52:15,3.24,104.334
12894,01/14/2026 21:02:15,3.23,104.311
12895,01/14/2026 21:12:15,3.22,104.241
12896,01/14/2026 21:22:15,3.21,104.280
12897,01/14/2026 21:32:15,3.20,104.293
12898,01/14/2026 21:42:15,3.19,104.270
12899,01/14/2026 21:52:15,3.18,104.288
12900,01/14/2026 22:02:15,3.17,104.300
12901,01/14/2026 22:12:15,3.16,104.300
12902,01/14/2026 22:22:15,3.15,104.256
12903,01/14/2026 22:32:15,3.14,104.273
12904,01/14/2026 22:42:15,3.13,104.229
12905,01/14/2026 22:52:15,3.12,104.237
12906,01/14/2026 23:02:15,3.11,104.215
12907,01/14/2026 23:12:15,3.10,104.175
12908,01/14/2026 23:22:15,3.10,104.157
12909,01/14/2026 23:32:15,3.09,104.144
12910,01/14/2026 23:42:15,3.08,104.086
12911,01/14/2026 23:52:15,3.07,104.051
12912,01/15/2026 00:02:15,3.06,104.059
12913,01/15/2026 00:12:15,3.05,104.015
12914,01/15/2026 00:22:15,3.04,104.010
12915,01/15/2026 00:32:15,3.03,103.970
12916,01/15/2026 00:42:15,3.03,103.975
12917,01/15/2026 00:52:15,3.02,103.957
12918,01/15/2026 01:02:15,3.02,103.943
12919,01/15/2026 01:12:15,3.01,103.948
12920,01/15/2026 01:22:15,3.01,103.947
12921,01/15/2026 01:32:15,3.00,103.961
12922,01/15/2026 01:42:15,3.00,103.934
12923,01/15/2026 01:52:15,3.00,103.947
12924,01/15/2026 02:02:15,3.00,103.908
12925,01/15/2026 02:12:15,3.00,103.930
12926,01/15/2026 02:22:15,3.01,103.943
12927,01/15/2026 02:32:15,3.02,103.948
12928,01/15/2026 02:42:15,3.02,103.935
12929,01/15/2026 02:52:15,3.03,103.922
12930,01/15/2026 03:02:15,3.03,103.922
12931,01/15/2026 03:12:15,3.03,103.896
12932,01/15/2026 03:22:15,3.03,103.874
12933,01/15/2026 03:32:15,3.03,103.856
12934,01/15/2026 03:42:15,3.03,103.847
12935,01/15/2026 03:52:15,3.02,103.794
12936,01/15/2026 04:02:15,3.02,103.807
12937,01/15/2026 04:12:15,3.02,103.790
12938,01/15/2026 04:22:15,3.01,103.781
12939,01/15/2026 04:32:15,3.01,103.758
12940,01/15/2026 04:42:15,3.00,103.750
12941,01/15/2026 04:52:15,3.00,103.754
12942,01/15/2026 05:02:15,2.99,103.789
12943,01/15/2026 05:12:15,2.99,103.793
12944,01/15/2026 05:22:15,2.98,103.775
12945,01/15/2026 05:32:15,2.98,103.793
12946,01/15/2026 05:42:15,2.97,103.784
12947,01/15/2026 05:52:15,2.97,103.757
12948,01/15/2026 06:02:15,2.97,103.753
12949,01/15/2026 06:12:15,2.96,103.748
12950,01/15/2026 06:22:15,2.96,103.752
12951,01/15/2026 06:32:15,2.96,103.814
12952,01/15/2026 06:42:15,2.96,103.810
12953,01/15/2026 06:52:15,2.95,103.774
12954,01/15/2026 07:02:15,2.95,103.743
12955,01/15/2026 07:12:15,2.95,103.756
12956,01/15/2026 07:22:15,2.95,103.765
12957,01/15/2026 07:32:15,2.95,103.770
12958,01/15/2026 07:42:15,2.94,103.743
12959,01/15/2026 07:52:15,2.94,103.756
12960,01/15/2026 08:02:15,2.94,103.765
12961,01/15/2026 08:12:15,2.94,103.778
12962,01/15/2026 08:22:15,2.94,103.778
12963,01/15/2026 08:32:15,2.94,103.769
12964,01/15/2026 08:42:15,2.94,103.783
12965,01/15/2026 08:52:15,2.94,103.787
12966,01/15/2026 09:02:15,2.95,103.796
12967,01/15/2026 09:12:15,2.95,103.805
12968,01/15/2026 09:22:15,2.96,103.831
12969,01/15/2026 09:32:15,2.97,103.832
12970,01/15/2026 09:42:15,2.97,103.832
12971,01/15/2026 09:52:15,2.98,103.841
12972,01/15/2026 10:02:15,2.99,103.846
12973,01/15/2026 10:12:15,3.00,103.846
12974,01/15/2026 10:22:15,3.01,103.873
12975,01/15/2026 10:32:15,3.02,103.882
12976,01/15/2026 10:42:15,3.03,103.856
12977,01/15/2026 10:52:15,3.04,103.861
12978,01/15/2026 11:02:15,3.05,103.852
12979,01/15/2026 11:12:15,3.06,103.839
12980,01/15/2026 11:22:15,3.07,103.818
12981,01/15/2026 11:32:15,3.09,103.814
12982,01/15/2026 11:42:15,3.10,103.775
12983,01/15/2026 11:52:15,3.12,103.767
12984,01/15/2026 12:02:15,3.14,103.763
12985,01/15/2026 12:12:15,3.16,103.790
12986,01/15/2026 12:22:15,3.18,103.769
12987,01/15/2026 12:32:15,3.21,103.774
12988,01/15/2026 12:42:15,3.24,103.753
12989,01/15/2026 12:52:15,3.26,103.750
12990,01/15/2026 13:02:15,3.29,103.751
12991,01/15/2026 13:12:15,3.33,103.756
12992,01/15/2026 13:22:15,3.35,103.757
12993,01/15/2026 13:32:15,3.38,103.749
12994,01/15/2026 13:42:15,3.41,103.742
12995,01/15/2026 13:52:15,3.43,103.734
12996,01/15/2026 14:02:15,3.46,103.757
12997,01/15/2026 14:12:15,3.49,103.753
12998,01/15/2026 14:22:15,3.51,103.758
12999,01/15/2026 14:32:15,3.52,103.768
13000,01/15/2026 14:42:15,3.54,103.794
13001,01/15/2026 14:52:15,3.55,103.786
13002,01/15/2026 15:02:15,3.55,103.821
13003,01/15/2026 15:12:15,3.56,103.835
13004,01/15/2026 15:22:15,3.57,103.875
13005,01/15/2026 15:32:15,3.57,103.932
13006,01/15/2026 15:42:15,3.57,103.971
13007,01/15/2026 15:52:15,3.57,103.993
13008,01/15/2026 16:02:15,3.57,104.051
13009,01/15/2026 16:12:15,3.57,104.072
13010,01/15/2026 16:22:15,3.57,104.108
13011,01/15/2026 16:32:15,3.56,104.138
13012,01/15/2026 16:42:15,3.56,104.125
13013,01/15/2026 16:52:15,3.56,104.160
13014,01/15/2026 17:02:15,3.55,104.173
13015,01/15/2026 17:12:15,3.54,104.208
13016,01/15/2026 17:22:15,3.53,104.243
13017,01/15/2026 17:32:15,3.52,104.277
13018,01/15/2026 17:42:15,3.50,104.268
13019,01/15/2026 17:52:15,3.48,104.298
13020,01/15/2026 18:02:15,3.46,104.306
13021,01/15/2026 18:12:15,3.44,104.332
13022,01/15/2026 18:22:15,3.41,104.313
13023,01/15/2026 18:32:15,3.39,104.290
13024,01/15/2026 18:42:15,3.36,104.342
13025,01/15/2026 18:52:15,3.33,104.328
13026,01/15/2026 19:02:15,3.30,104.331
13027,01/15/2026 19:12:15,3.27,104.361
13028,01/15/2026 19:22:15,3.24,104.369
13029,01/15/2026 19:32:15,3.21,104.363
13030,01/15/2026 19:42:15,3.17,104.349
13031,01/15/2026 19:52:15,3.14,104.361
13032,01/15/2026 20:02:15,3.11,104.360
13033,01/15/2026 20:12:15,3.07,104.354
13034,01/15/2026 20:22:15,3.04,104.362
13035,01/15/2026 20:32:15,3.01,104.360
13036,01/15/2026 20:42:15,2.97,104.333
13037,01/15/2026 20:52:15,2.94,104.323
13038,01/15/2026 21:02:15,2.90,104.308
13039,01/15/2026 21:12:15,2.86,104.303
13040,01/15/2026 21:22:15,2.82,104.328
13041,01/15/2026 21:32:15,2.78,104.331
13042,01/15/2026 21:42:15,2.74,104.356
13043,01/15/2026 21:52:15,2.70,104.407
13044,01/15/2026 22:02:15,2.65,104.440
13045,01/15/2026 22:12:15,2.61,104.426
13046,01/15/2026 22:22:15,2.56,104.446
13047,01/15/2026 22:32:15,2.52,104.414
13048,01/15/2026 22:42:15,2.47,104.430
13049,01/15/2026 22:52:15,2.42,104.410
13050,01/15/2026 23:02:15,2.38,104.431
13051,01/15/2026 23:12:15,2.33,104.420
13052,01/15/2026 23:22:15,2.29,104.432
13053,01/15/2026 23:32:15,2.24,104.448
13054,01/15/2026 23:42:15,2.20,104.403
13055,01/15/2026 23:52:15,2.16,104.441
13056,01/16/2026 00:02:15,2.11,104.439
13057,01/16/2026 00:12:15,2.07,104.451
13058,01/16/2026 00:22:15,2.03,104.458
13059,01/16/2026 00:32:15,1.99,104.435
13060,01/16/2026 00:42:15,1.95,104.468
13061,01/16/2026 00:52:15,1.91,104.458
13062,01/16/2026 01:02:15,1.87,104.470
13063,01/16/2026 01:12:15,1.83,104.482
13064,01/16/2026 01:22:15,1.80,104.477
13065,01/16/2026 01:32:15,1.77,104.458
13066,01/16/2026 01:42:15,1.74,104.470
13067,01/16/2026 01:52:15,1.70,104.482
13068,01/16/2026 02:02:15,1.67,104.476
13069,01/16/2026 02:12:15,1.63,104.501
13070,01/16/2026 02:22:15,1.60,104.535
13071,01/16/2026 02:32:15,1.57,104.561
13072,01/16/2026 02:42:15,1.54,104.559
13073,01/16/2026 02:52:15,1.50,104.593
13074,01/16/2026 03:02:15,1.47,104.561
13075,01/16/2026 03:12:15,1.43,104.547
13076,01/16/2026 03:22:15,1.40,104.542
13077,01/16/2026 03:32:15,1.37,104.549
13078,01/16/2026 03:42:15,1.34,104.579
13079,01/16/2026 03:52:15,1.30,104.578
13080,01/16/2026 04:02:15,1.27,104.585
13081,01/16/2026 04:12:15,1.24,104.602
13082,01/16/2026 04:22:15,1.21,104.618
13083,01/16/2026 04:32:15,1.18,104.626
13084,01/16/2026 04:42:15,1.14,104.655
13085,01/16/2026 04:52:15,1.11,104.690
13086,01/16/2026 05:02:15,1.08,104.702
13087,01/16/2026 05:12:15,1.05,104.718
13088,01/16/2026 05:22:15,1.03,104.743
13089,01/16/2026 05:32:15,0.99,104.764
13090,01/16/2026 05:42:15,0.96,104.763
13091,01/16/2026 05:52:15,0.93,104.775
13092,01/16/2026 06:02:15,0.91,104.779
13093,01/16/2026 06:12:15,0.88,104.773
13094,01/16/2026 06:22:15,0.85,104.799
13095,01/16/2026 06:32:15,0.82,104.815
13096,01/16/2026 06:42:15,0.79,104.827
13097,01/16/2026 06:52:15,0.77,104.818
13098,01/16/2026 07:02:15,0.74,104.817
13099,01/16/2026 07:12:15,0.72,104.851
13100,01/16/2026 07:22:15,0.70,104.868
13101,01/16/2026 07:32:15,0.67,104.889
13102,01/16/2026 07:42:15,0.65,104.892
13103,01/16/2026 07:52:15,0.62,104.918
13104,01/16/2026 08:02:15,0.59,104.904
13105,01/16/2026 08:12:15,0.56,104.929
13106,01/16/2026 08:22:15,0.54,104.933
13107,01/16/2026 08:32:15,0.51,104.945
13108,01/16/2026 08:42:15,0.49,104.953
13109,01/16/2026 08:52:15,0.47,104.939
13110,01/16/2026 09:02:15,0.45,104.934
13111,01/16/2026 09:12:15,0.44,104.964
13112,01/16/2026 09:22:15,0.43,104.977
13113,01/16/2026 09:32:15,0.42,104.994
13114,01/16/2026 09:42:15,0.41,104.950
13115,01/16/2026 09:52:15,0.41,104.968
13116,01/16/2026 10:02:15,0.41,104.976
13117,01/16/2026 10:12:15,0.42,104.972
13118,01/16/2026 10:22:15,0.43,104.995
13119,01/16/2026 10:32:15,0.45,104.982
13120,01/16/2026 10:42:15,0.47,104.992
13121,01/16/2026 10:52:15,0.50,104.997
13122,01/16/2026 11:02:15,0.53,105.029
13123,01/16/2026 11:12:15,0.55,105.043
13124,01/16/2026 11:22:15,0.58,105.017
13125,01/16/2026 11:32:15,0.61,105.010
13126,01/16/2026 11:42:15,0.64,104.976
13127,01/16/2026 11:52:15,0.67,104.990
13128,01/16/2026 12:02:15,0.71,105.053
13129,01/16/2026 12:12:15,0.74,105.071
13130,01/16/2026 12:22:15,0.77,105.099
13131,01/16/2026 12:32:15,0.81,105.082
13132,01/16/2026 12:42:15,0.84,105.075
13133,01/16/2026 12:52:15,0.88,105.080
13134,01/16/2026 13:02:15,0.90,105.090
13135,01/16/2026 13:12:15,0.93,105.060
13136,01/16/2026 13:22:15,0.95,105.039
13137,01/16/2026 13:32:15,0.97,105.049
13138,01/16/2026 13:42:15,0.99,105.067
13139,01/16/2026 13:52:15,1.02,105.129
13140,01/16/2026 14:02:15,1.03,105.152
13141,01/16/2026 14:12:15,1.06,105.166
13142,01/16/2026 14:22:15,1.07,105.202
13143,01/16/2026 14:32:15,1.09,105.228
13144,01/16/2026 14:42:15,1.10,105.273
13145,01/16/2026 14:52:15,1.11,105.299
13146,01/16/2026 15:02:15,1.12,105.330
13147,01/16/2026 15:12:15,1.12,105.370
13148,01/16/2026 15:22:15,1.13,105.388
13149,01/16/2026 15:32:15,1.13,105.406
13150,01/16/2026 15:42:15,1.14,105.467
13151,01/16/2026 15:52:15,1.15,105.507
13152,01/16/2026 16:02:15,1.16,105.516
13153,01/16/2026 16:12:15,1.16,105.525
13154,01/16/2026 16:22:15,1.17,105.552
13155,01/16/2026 16:32:15,1.18,105.587
13156,01/16/2026 16:42:15,1.19,105.609
13157,01/16/2026 16:52:15,1.20,105.658
13158,01/16/2026 17:02:15,1.21,105.698
13159,01/16/2026 17:12:15,1.21,105.707
13160,01/16/2026 17:22:15,1.22,105.716
13161,01/16/2026 17:32:15,1.23,105.729
13162,01/16/2026 17:42:15,1.23,105.769
13163,01/16/2026 17:52:15,1.24,105.800
13164,01/16/2026 18:02:15,1.24,105.804
13165,01/16/2026 18:12:15,1.24,105.822
13166,01/16/2026 18:22:15,1.25,105.831
13167,01/16/2026 18:32:15,1.24,105.853
13168,01/16/2026 18:42:15,1.24,105.826
13169,01/16/2026 18:52:15,1.23,105.857
13170,01/16/2026 19:02:15,1.22,105.918
13171,01/16/2026 19:12:15,1.21,105.917
13172,01/16/2026 19:22:15,1.19,105.930
13173,01/16/2026 19:32:15,1.18,105.929
13174,01/16/2026 19:42:15,1.16,105.938
13175,01/16/2026 19:52:15,1.14,105.941
13176,01/16/2026 20:02:15,1.12,105.923
13177,01/16/2026 20:12:15,1.10,105.957
13178,01/16/2026 20:22:15,1.08,105.952
13179,01/16/2026 20:32:15,1.06,105.960
13180,01/16/2026 20:42:15,1.04,105.951
13181,01/16/2026 20:52:15,1.02,105.989
13182,01/16/2026 21:02:15,0.99,105.997
13183,01/16/2026 21:12:15,0.97,106.001
13184,01/16/2026 21:22:15,0.95,105.970
13185,01/16/2026 21:32:15,0.93,105.978
13186,01/16/2026 21:42:15,0.90,105.977
13187,01/16/2026 21:52:15,0.88,105.993
13188,01/16/2026 22:02:15,0.86,106.019
13189,01/16/2026 22:12:15,0.83,106.005
13190,01/16/2026 22:22:15,0.82,106.017
13191,01/16/2026 22:32:15,0.80,106.004
13192,01/16/2026 22:42:15,0.79,105.990
13193,01/16/2026 22:52:15,0.78,106.003
13194,01/16/2026 23:02:15,0.77,105.994
13195,01/16/2026 23:12:15,0.76,105.998
13196,01/16/2026 23:22:15,0.75,106.006
13197,01/16/2026 23:32:15,0.75,106.011
13198,01/16/2026 23:42:15,0.74,106.024
13199,01/16/2026 23:52:15,0.74,105.980
13200,01/17/2026 00:02:15,0.74,105.971
13201,01/17/2026 00:12:15,0.74,105.940
13202,01/17/2026 00:22:15,0.74,105.901
13203,01/17/2026 00:32:15,0.74,105.887
13204,01/17/2026 00:42:15,0.74,105.922
13205,01/17/2026 00:52:15,0.74,105.896
13206,01/17/2026 01:02:15,0.74,105.901
13207,01/17/2026 01:12:15,0.74,105.914
13208,01/17/2026 01:22:15,0.74,105.905
13209,01/17/2026 01:32:15,0.74,105.896
13210,01/17/2026 01:42:15,0.75,105.888
13211,01/17/2026 01:52:15,0.75,105.884
13212,01/17/2026 02:02:15,0.76,105.871
13213,01/17/2026 02:12:15,0.76,105.857
13214,01/17/2026 02:22:15,0.76,105.875
13215,01/17/2026 02:32:15,0.77,105.893
13216,01/17/2026 02:42:15,0.77,105.884
13217,01/17/2026 02:52:15,0.78,105.858
13218,01/17/2026 03:02:15,0.79,105.850
13219,01/17/2026 03:12:15,0.80,105.903
13220,01/17/2026 03:22:15,0.81,105.903
13221,01/17/2026 03:32:15,0.82,105.938
13222,01/17/2026 03:42:15,0.83,105.886
13223,01/17/2026 03:52:15,0.84,105.851
13224,01/17/2026 04:02:15,0.84,105.799
13225,01/17/2026 04:12:15,0.85,105.808
13226,01/17/2026 04:22:15,0.85,105.865
13227,01/17/2026 04:32:15,0.85,105.883
13228,01/17/2026 04:42:15,0.85,105.887
13229,01/17/2026 04:52:15,0.84,105.895
13230,01/17/2026 05:02:15,0.83,105.921
13231,01/17/2026 05:12:15,0.81,105.951
13232,01/17/2026 05:22:15,0.79,105.951
13233,01/17/2026 05:32:15,0.77,105.981
13234,01/17/2026 05:42:15,0.75,105.980
13235,01/17/2026 05:52:15,0.71,105.979
13236,01/17/2026 06:02:15,0.67,106.008
13237,01/17/2026 06:12:15,0.63,106.037
13238,01/17/2026 06:22:15,0.59,106.049
13239,01/17/2026 06:32:15,0.55,106.047
13240,01/17/2026 06:42:15,0.51,106.055
13241,01/17/2026 06:52:15,0.47,106.036
13242,01/17/2026 07:02:15,0.44,106.008
13243,01/17/2026 07:12:15,0.42,106.043
13244,01/17/2026 07:22:15,0.41,106.090
13245,01/17/2026 07:32:15,0.40,106.077
13246,01/17/2026 07:42:15,0.40,106.047
13247,01/17/2026 07:52:15,0.41,106.060
13248,01/17/2026 08:02:15,0.42,106.073
13249,01/17/2026 08:12:15,0.43,106.030
13250,01/17/2026 08:22:15,0.44,106.013
13251,01/17/2026 08:32:15,0.46,105.970
13252,01/17/2026 08:42:15,0.48,106.010
13253,01/17/2026 08:52:15,0.50,106.028
13254,01/17/2026 09:02:15,0.51,106.024
13255,01/17/2026 09:12:15,0.53,105.985
13256,01/17/2026 09:22:15,0.55,105.960
13257,01/17/2026 09:32:15,0.56,105.991
13258,01/17/2026 09:42:15,0.57,105.978
13259,01/17/2026 09:52:15,0.59,105.978
13260,01/17/2026 10:02:15,0.60,105.953
13261,01/17/2026 10:12:15,0.62,105.936
13262,01/17/2026 10:22:15,0.64,105.928
13263,01/17/2026 10:32:15,0.66,105.898
13264,01/17/2026 10:42:15,0.69,105.842
13265,01/17/2026 10:52:15,0.71,105.821
13266,01/17/2026 11:02:15,0.75,105.809
13267,01/17/2026 11:12:15,0.79,105.771
13268,01/17/2026 11:22:15,0.83,105.737
13269,01/17/2026 11:32:15,0.86,105.729
13270,01/17/2026 11:42:15,0.89,105.686
13271,01/17/2026 11:52:15,0.91,105.657
13272,01/17/2026 12:02:15,0.94,105.631
13273,01/17/2026 12:12:15,0.96,105.667
13274,01/17/2026 12:22:15,0.98,105.655
13275,01/17/2026 12:32:15,0.99,105.633
13276,01/17/2026 12:42:15,0.99,105.651
13277,01/17/2026 12:52:15,0.99,105.642
13278,01/17/2026 13:02:15,0.98,105.659
13279,01/17/2026 13:12:15,0.97,105.663
13280,01/17/2026 13:22:15,0.96,105.680
13281,01/17/2026 13:32:15,0.95,105.675
13282,01/17/2026 13:42:15,0.93,105.697
13283,01/17/2026 13:52:15,0.91,105.709
13284,01/17/2026 14:02:15,0.89,105.717
13285,01/17/2026 14:12:15,0.87,105.695
13286,01/17/2026 14:22:15,0.86,105.699
13287,01/17/2026 14:32:15,0.84,105.694
13288,01/17/2026 14:42:15,0.84,105.685
13289,01/17/2026 14:52:15,0.84,105.689
13290,01/17/2026 15:02:15,0.84,105.694
13291,01/17/2026 15:12:15,0.86,105.677
13292,01/17/2026 15:22:15,0.88,105.686
13293,01/17/2026 15:32:15,0.90,105.687
13294,01/17/2026 15:42:15,0.92,105.710
13295,01/17/2026 15:52:15,0.95,105.719
13296,01/17/2026 16:02:15,0.98,105.707
13297,01/17/2026 16:12:15,1.02,105.709
13298,01/17/2026 16:22:15,1.07,105.711
13299,01/17/2026 16:32:15,1.10,105.729
13300,01/17/2026 16:42:15,1.13,105.744
13301,01/17/2026 16:52:15,1.16,105.744
13302,01/17/2026 17:02:15,1.17,105.767
13303,01/17/2026 17:12:15,1.19,105.794
13304,01/17/2026 17:22:15,1.20,105.816
13305,01/17/2026 17:32:15,1.21,105.829
13306,01/17/2026 17:42:15,1.21,105.825
13307,01/17/2026 17:52:15,1.22,105.826
13308,01/17/2026 18:02:15,1.22,105.848
13309,01/17/2026 18:12:15,1.23,105.848
13310,01/17/2026 18:22:15,1.23,105.874
13311,01/17/2026 18:32:15,1.23,105.878
13312,01/17/2026 18:42:15,1.22,105.878
13313,01/17/2026 18:52:15,1.22,105.913
13314,01/17/2026 19:02:15,1.21,105.904
13315,01/17/2026 19:12:15,1.21,105.935
13316,01/17/2026 19:22:15,1.20,105.943
13317,01/17/2026 19:32:15,1.20,105.943
13318,01/17/2026 19:42:15,1.19,105.939
13319,01/17/2026 19:52:15,1.18,105.930
13320,01/17/2026 20:02:15,1.18,105.929
13321,01/17/2026 20:12:15,1.17,105.947
13322,01/17/2026 20:22:15,1.16,105.959
13323,01/17/2026 20:32:15,1.15,105.981
13324,01/17/2026 20:42:15,1.13,105.980
13325,01/17/2026 20:52:15,1.12,105.997
13326,01/17/2026 21:02:15,1.10,105.979
13327,01/17/2026 21:12:15,1.09,105.970
13328,01/17/2026 21:22:15,1.08,105.965
13329,01/17/2026 21:32:15,1.06,105.996
13330,01/17/2026 21:42:15,1.05,105.960
13331,01/17/2026 21:52:15,1.04,105.951
13332,01/17/2026 22:02:15,1.04,105.973
13333,01/17/2026 22:12:15,1.03,105.959
13334,01/17/2026 22:22:15,1.02,105.937
13335,01/17/2026 22:32:15,1.02,105.955
13336,01/17/2026 22:42:15,1.02,105.954
13337,01/17/2026 22:52:15,1.02,105.972
13338,01/17/2026 23:02:15,1.01,105.981
13339,01/17/2026 23:12:15,1.01,105.976
13340,01/17/2026 23:22:15,1.01,105.985
13341,01/17/2026 23:32:15,1.01,105.945
13342,01/17/2026 23:42:15,1.00,105.963
13343,01/17/2026 23:52:15,1.00,105.910
13344,01/18/2026 00:02:15,1.00,105.914
13345,01/18/2026 00:12:15,0.99,105.918
13346,01/18/2026 00:22:15,0.99,105.896
13347,01/18/2026 00:32:15,0.99,105.883
13348,01/18/2026 00:42:15,0.98,105.900
13349,01/18/2026 00:52:15,0.97,105.887
13350,01/18/2026 01:02:15,0.96,105.891
13351,01/18/2026 01:12:15,0.95,105.895
13352,01/18/2026 01:22:15,0.94,105.921
13353,01/18/2026 01:32:15,0.93,105.908
13354,01/18/2026 01:42:15,0.92,105.894
13355,01/18/2026 01:52:15,0.91,105.889
13356,01/18/2026 02:02:15,0.90,105.863
13357,01/18/2026 02:12:15,0.89,105.862
13358,01/18/2026 02:22:15,0.88,105.884
13359,01/18/2026 02:32:15,0.88,105.862
13360,01/18/2026 02:42:15,0.87,105.826
13361,01/18/2026 02:52:15,0.86,105.809
13362,01/18/2026 03:02:15,0.86,105.804
13363,01/18/2026 03:12:15,0.85,105.856
13364,01/18/2026 03:22:15,0.84,105.856
13365,01/18/2026 03:32:15,0.84,105.865
13366,01/18/2026 03:42:15,0.83,105.825
13367,01/18/2026 03:52:15,0.82,105.794
13368,01/18/2026 04:02:15,0.81,105.772
13369,01/18/2026 04:12:15,0.81,105.754
13370,01/18/2026 04:22:15,0.80,105.763
13371,01/18/2026 04:32:15,0.80,105.758
13372,01/18/2026 04:42:15,0.80,105.758
13373,01/18/2026 04:52:15,0.80,105.736
13374,01/18/2026 05:02:15,0.80,105.701
13375,01/18/2026 05:12:15,0.80,105.679
13376,01/18/2026 05:22:15,0.80,105.644
13377,01/18/2026 05:32:15,0.80,105.644
13378,01/18/2026 05:42:15,0.80,105.683
13379,01/18/2026 05:52:15,0.79,105.688
13380,01/18/2026 06:02:15,0.79,105.709
13381,01/18/2026 06:12:15,0.79,105.705
13382,01/18/2026 06:22:15,0.79,105.666
13383,01/18/2026 06:32:15,0.79,105.714
13384,01/18/2026 06:42:15,0.79,105.701
13385,01/18/2026 06:52:15,0.79,105.674
13386,01/18/2026 07:02:15,0.80,105.701
13387,01/18/2026 07:12:15,0.80,105.723
13388,01/18/2026 07:22:15,0.80,105.749
13389,01/18/2026 07:32:15,0.81,105.745
13390,01/18/2026 07:42:15,0.81,105.785
13391,01/18/2026 07:52:15,0.82,105.780
13392,01/18/2026 08:02:15,0.82,105.798
13393,01/18/2026 08:12:15,0.82,105.816
13394,01/18/2026 08:22:15,0.83,105.838
13395,01/18/2026 08:32:15,0.83,105.834
13396,01/18/2026 08:42:15,0.84,105.847
13397,01/18/2026 08:52:15,0.84,105.856
13398,01/18/2026 09:02:15,0.85,105.839
13399,01/18/2026 09:12:15,0.85,105.826
13400,01/18/2026 09:22:15,0.86,105.835
13401,01/18/2026 09:32:15,0.88,105.831
13402,01/18/2026 09:42:15,0.89,105.818
13403,01/18/2026 09:52:15,0.91,105.832
13404,01/18/2026 10:02:15,0.93,105.798
13405,01/18/2026 10:12:15,0.96,105.768
13406,01/18/2026 10:22:15,0.98,105.769
13407,01/18/2026 10:32:15,1.01,105.744
13408,01/18/2026 10:42:15,1.05,105.749
13409,01/18/2026 10:52:15,1.08,105.768
13410,01/18/2026 11:02:15,1.11,105.756
13411,01/18/2026 11:12:15,1.14,105.722
13412,01/18/2026 11:22:15,1.17,105.670
13413,01/18/2026 11:32:15,1.20,105.654
13414,01/18/2026 11:42:15,1.23,105.646
13415,01/18/2026 11:52:15,1.25,105.590
13416,01/18/2026 12:02:15,1.28,105.613
13417,01/18/2026 12:12:15,1.30,105.613
13418,01/18/2026 12:22:15,1.32,105.605
13419,01/18/2026 12:32:15,1.33,105.593
13420,01/18/2026 12:42:15,1.35,105.611
13421,01/18/2026 12:52:15,1.36,105.550
13422,01/18/2026 13:02:15,1.37,105.528
13423,01/18/2026 13:12:15,1.39,105.498
13424,01/18/2026 13:22:15,1.40,105.463
13425,01/18/2026 13:32:15,1.41,105.481
13426,01/18/2026 13:42:15,1.43,105.421
13427,01/18/2026 13:52:15,1.45,105.461
13428,01/18/2026 14:02:15,1.47,105.400
13429,01/18/2026 14:12:15,1.49,105.370
13430,01/18/2026 14:22:15,1.50,105.327
13431,01/18/2026 14:32:15,1.52,105.349
13432,01/18/2026 14:42:15,1.54,105.323
13433,01/18/2026 14:52:15,1.55,105.315
13434,01/18/2026 15:02:15,1.57,105.320
13435,01/18/2026 15:12:15,1.59,105.294
13436,01/18/2026 15:22:15,1.60,105.273
13437,01/18/2026 15:32:15,1.62,105.269
13438,01/18/2026 15:42:15,1.63,105.248
13439,01/18/2026 15:52:15,1.65,105.217
13440,01/18/2026 16:02:15,1.66,105.200
13441,01/18/2026 16:12:15,1.67,105.183
13442,01/18/2026 16:22:15,1.68,105.175
13443,01/18/2026 16:32:15,1.69,105.131
13444,01/18/2026 16:42:15,1.70,105.109
13445,01/18/2026 16:52:15,1.71,105.070
13446,01/18/2026 17:02:15,1.71,105.053
13447,01/18/2026 17:12:15,1.72,105.093
13448,01/18/2026 17:22:15,1.72,105.102
13449,01/18/2026 17:32:15,1.73,105.110
13450,01/18/2026 17:42:15,1.73,105.102
13451,01/18/2026 17:52:15,1.73,105.106
13452,01/18/2026 18:02:15,1.73,105.058
13453,01/18/2026 18:12:15,1.74,105.027
13454,01/18/2026 18:22:15,1.74,105.027
13455,01/18/2026 18:32:15,1.74,104.997
13456,01/18/2026 18:42:15,1.73,105.036
13457,01/18/2026 18:52:15,1.73,105.036
13458,01/18/2026 19:02:15,1.73,105.036
13459,01/18/2026 19:12:15,1.72,105.053
13460,01/18/2026 19:22:15,1.72,105.044
13461,01/18/2026 19:32:15,1.71,104.983
13462,01/18/2026 19:42:15,1.70,105.026
13463,01/18/2026 19:52:15,1.69,104.987
13464,01/18/2026 20:02:15,1.68,104.995
13465,01/18/2026 20:12:15,1.67,104.977
13466,01/18/2026 20:22:15,1.66,105.025
13467,01/18/2026 20:32:15,1.65,104.998
13468,01/18/2026 20:42:15,1.64,104.980
13469,01/18/2026 20:52:15,1.62,105.023
13470,01/18/2026 21:02:15,1.61,105.040
13471,01/18/2026 21:12:15,1.59,105.018
13472,01/18/2026 21:22:15,1.58,105.040
13473,01/18/2026 21:32:15,1.57,104.995
13474,01/18/2026 21:42:15,1.55,104.990
13475,01/18/2026 21:52:15,1.53,105.007
13476,01/18/2026 22:02:15,1.51,104.985
13477,01/18/2026 22:12:15,1.50,104.984
13478,01/18/2026 22:22:15,1.48,104.957
13479,01/18/2026 22:32:15,1.47,104.961
13480,01/18/2026 22:42:15,1.46,104.939
13481,01/18/2026 22:52:15,1.45,104.917
13482,01/18/2026 23:02:15,1.45,104.899
13483,01/18/2026 23:12:15,1.44,104.885
13484,01/18/2026 23:22:15,1.43,104.898
13485,01/18/2026 23:32:15,1.43,104.867
13486,01/18/2026 23:42:15,1.43,104.894
13487,01/18/2026 23:52:15,1.46,104.882
13488,01/19/2026 00:02:15,1.47,104.860
13489,01/19/2026 00:12:15,1.47,104.829
13490,01/19/2026 00:22:15,1.47,104.825
13491,01/19/2026 00:32:15,1.47,104.851
13492,01/19/2026 00:42:15,1.46,104.847
13493,01/19/2026 00:52:15,1.45,104.846
13494,01/19/2026 01:02:15,1.44,104.833
13495,01/19/2026 01:12:15,1.43,104.819
13496,01/19/2026 01:22:15,1.41,104.801
13497,01/19/2026 01:32:15,1.40,104.801
13498,01/19/2026 01:42:15,1.40,104.827
13499,01/19/2026 01:52:15,1.39,104.840
13500,01/19/2026 02:02:15,1.39,104.879
13501,01/19/2026 02:12:15,1.38,104.923
13502,01/19/2026 02:22:15,1.36,104.887
13503,01/19/2026 02:32:15,1.35,104.860
13504,01/19/2026 02:42:15,1.34,104.847
13505,01/19/2026 02:52:15,1.32,104.886
13506,01/19/2026 03:02:15,1.31,104.890
13507,01/19/2026 03:12:15,1.30,104.902
13508,01/19/2026 03:22:15,1.29,104.911
13509,01/19/2026 03:32:15,1.28,104.875
13510,01/19/2026 03:42:15,1.27,104.853
13511,01/19/2026 03:52:15,1.27,104.857
13512,01/19/2026 04:02:15,1.26,104.853
13513,01/19/2026 04:12:15,1.25,104.852
13514,01/19/2026 04:22:15,1.24,104.861
13515,01/19/2026 04:32:15,1.23,104.869
13516,01/19/2026 04:42:15,1.23,104.882
13517,01/19/2026 04:52:15,1.23,104.878
13518,01/19/2026 05:02:15,1.23,104.878
13519,01/19/2026 05:12:15,1.23,104.873
13520,01/19/2026 05:22:15,1.22,104.882
13521,01/19/2026 05:32:15,1.22,104.917
13522,01/19/2026 05:42:15,1.22,104.930
13523,01/19/2026 05:52:15,1.22,104.952
13524,01/19/2026 06:02:15,1.22,104.983
13525,01/19/2026 06:12:15,1.21,104.991
13526,01/19/2026 06:22:15,1.21,104.983
13527,01/19/2026 06:32:15,1.21,104.974
13528,01/19/2026 06:42:15,1.20,104.969
13529,01/19/2026 06:52:15,1.20,104.969
13530,01/19/2026 07:02:15,1.19,105.008
13531,01/19/2026 07:12:15,1.19,105.021
13532,01/19/2026 07:22:15,1.19,105.017
13533,01/19/2026 07:32:15,1.18,105.034
13534,01/19/2026 07:42:15,1.18,104.995
13535,01/19/2026 07:52:15,1.18,104.951
13536,01/19/2026 08:02:15,1.17,104.973
13537,01/19/2026 08:12:15,1.17,104.959
13538,01/19/2026 08:22:15,1.17,104.950
13539,01/19/2026 08:32:15,1.17,104.986
13540,01/19/2026 08:42:15,1.17,105.012
13541,01/19/2026 08:52:15,1.17,105.025
13542,01/19/2026 09:02:15,1.17,105.021
13543,01/19/2026 09:12:15,1.18,105.039
13544,01/19/2026 09:22:15,1.19,105.061
13545,01/19/2026 09:32:15,1.21,105.048
13546,01/19/2026 09:42:15,1.22,105.066
13547,01/19/2026 09:52:15,1.23,105.102
13548,01/19/2026 10:02:15,1.25,105.076
13549,01/19/2026 10:12:15,1.26,105.076
13550,01/19/2026 10:22:15,1.27,105.077
13551,01/19/2026 10:32:15,1.28,105.060
13552,01/19/2026 10:42:15,1.29,105.047
13553,01/19/2026 10:52:15,1.31,105.043
13554,01/19/2026 11:02:15,1.33,105.017
13555,01/19/2026 11:12:15,1.35,104.979
13556,01/19/2026 11:22:15,1.36,104.948
13557,01/19/2026 11:32:15,1.38,104.962
13558,01/19/2026 11:42:15,1.39,104.941
13559,01/19/2026 11:52:15,1.41,104.906
13560,01/19/2026 12:02:15,1.43,104.907
13561,01/19/2026 12:12:15,1.46,104.899
13562,01/19/2026 12:22:15,1.48,104.913
13563,01/19/2026 12:32:15,1.51,104.892
13564,01/19/2026 12:42:15,1.54,104.880
13565,01/19/2026 12:52:15,1.56,104.872
13566,01/19/2026 13:02:15,1.57,104.894
13567,01/19/2026 13:12:15,1.58,104.886
13568,01/19/2026 13:22:15,1.58,104.868
13569,01/19/2026 13:32:15,1.60,104.869
13570,01/19/2026 13:42:15,1.62,104.887
13571,01/19/2026 13:52:15,1.64,104.901
13572,01/19/2026 14:02:15,1.66,104.906
13573,01/19/2026 14:12:15,1.68,104.916
13574,01/19/2026 14:22:15,1.70,104.908
13575,01/19/2026 14:32:15,1.72,104.930
13576,01/19/2026 14:42:15,1.73,104.957
13577,01/19/2026 14:52:15,1.74,104.984
13578,01/19/2026 15:02:15,1.75,104.988
13579,01/19/2026 15:12:15,1.76,104.998
13580,01/19/2026 15:22:15,1.78,105.020
13581,01/19/2026 15:32:15,1.79,105.069
13582,01/19/2026 15:42:15,1.79,105.087
13583,01/19/2026 15:52:15,1.80,105.087
13584,01/19/2026 16:02:15,1.80,105.074
13585,01/19/2026 16:12:15,1.80,105.078
13586,01/19/2026 16:22:15,1.80,105.118
13587,01/19/2026 16:32:15,1.80,105.144
13588,01/19/2026 16:42:15,1.81,105.170
13589,01/19/2026 16:52:15,1.81,105.188
13590,01/19/2026 17:02:15,1.81,105.214
13591,01/19/2026 17:12:15,1.80,105.219
13592,01/19/2026 17:22:15,1.80,105.254
13593,01/19/2026 17:32:15,1.79,105.275
13594,01/19/2026 17:42:15,1.78,105.279
13595,01/19/2026 17:52:15,1.76,105.274
13596,01/19/2026 18:02:15,1.74,105.287
13597,01/19/2026 18:12:15,1.73,105.308
13598,01/19/2026 18:22:15,1.71,105.286
13599,01/19/2026 18:32:15,1.69,105.276
13600,01/19/2026 18:42:15,1.67,105.275
13601,01/19/2026 18:52:15,1.65,105.283
13602,01/19/2026 19:02:15,1.62,105.274
13603,01/19/2026 19:12:15,1.60,105.255
13604,01/19/2026 19:22:15,1.57,105.241
13605,01/19/2026 19:32:15,1.55,105.271
13606,01/19/2026 19:42:15,1.53,105.279
13607,01/19/2026 19:52:15,1.50,105.265
13608,01/19/2026 20:02:15,1.47,105.282
13609,01/19/2026 20:12:15,1.45,105.289
13610,01/19/2026 20:22:15,1.42,105.271
13611,01/19/2026 20:32:15,1.39,105.274
13612,01/19/2026 20:42:15,1.36,105.273
13613,01/19/2026 20:52:15,1.33,105.290
13614,01/19/2026 21:02:15,1.30,105.293
13615,01/19/2026 21:12:15,1.27,105.301
13616,01/19/2026 21:22:15,1.24,105.321
13617,01/19/2026 21:32:15,1.21,105.316
13618,01/19/2026 21:42:15,1.17,105.319
13619,01/19/2026 21:52:15,1.14,105.345
13620,01/19/2026 22:02:15,1.11,105.330
13621,01/19/2026 22:12:15,1.08,105.364
13622,01/19/2026 22:22:15,1.04,105.350
13623,01/19/2026 22:32:15,1.01,105.375
13624,01/19/2026 22:42:15,0.97,105.391
13625,01/19/2026 22:52:15,0.93,105.411
13626,01/19/2026 23:02:15,0.89,105.428
13627,01/19/2026 23:12:15,0.85,105.426
13628,01/19/2026 23:22:15,0.82,105.399
13629,01/19/2026 23:32:15,0.78,105.393
13630,01/19/2026 23:42:15,0.74,105.392
13631,01/19/2026 23:52:15,0.71,105.382
13632,01/20/2026 00:02:15,0.67,105.363
13633,01/20/2026 00:12:15,0.64,105.384
13634,01/20/2026 00:22:15,0.61,105.365
13635,01/20/2026 00:32:15,0.58,105.364
13636,01/20/2026 00:42:15,0.55,105.376
13637,01/20/2026 00:52:15,0.52,105.393
13638,01/20/2026 01:02:15,0.50,105.409
13639,01/20/2026 01:12:15,0.47,105.422
13640,01/20/2026 01:22:15,0.44,105.425
13641,01/20/2026 01:32:15,0.42,105.450
13642,01/20/2026 01:42:15,0.39,105.449
13643,01/20/2026 01:52:15,0.35,105.426
13644,01/20/2026 02:02:15,0.33,105.421
13645,01/20/2026 02:12:15,0.30,105.376
13646,01/20/2026 02:22:15,0.28,105.340
13647,01/20/2026 02:32:15,0.26,105.309
13648,01/20/2026 02:42:15,0.25,105.273
13649,01/20/2026 02:52:15,0.24,105.256
13650,01/20/2026 03:02:15,0.24,105.212
13651,01/20/2026 03:12:15,0.24,105.207
13652,01/20/2026 03:22:15,0.24,105.150
13653,01/20/2026 03:32:15,0.24,105.119
13654,01/20/2026 03:42:15,0.24,105.124
13655,01/20/2026 03:52:15,0.24,105.071
13656,01/20/2026 04:02:15,0.25,105.041
13657,01/20/2026 04:12:15,0.25,105.059
13658,01/20/2026 04:22:15,0.26,105.063
13659,01/20/2026 04:32:15,0.26,105.045
13660,01/20/2026 04:42:15,0.26,105.037
13661,01/20/2026 04:52:15,0.26,104.997
13662,01/20/2026 05:02:15,0.26,105.006
13663,01/20/2026 05:12:15,0.26,104.997
13664,01/20/2026 05:22:15,0.26,104.989
13665,01/20/2026 05:32:15,0.27,104.989
13666,01/20/2026 05:42:15,0.28,104.976
13667,01/20/2026 05:52:15,0.28,104.972
13668,01/20/2026 06:02:15,0.28,105.002
13669,01/20/2026 06:12:15,0.28,105.002
13670,01/20/2026 06:22:15,0.28,105.020
13671,01/20/2026 06:32:15,0.28,105.011
13672,01/20/2026 06:42:15,0.28,105.037
13673,01/20/2026 06:52:15,0.28,105.042
13674,01/20/2026 07:02:15,0.28,105.051
13675,01/20/2026 07:12:15,0.29,105.055
13676,01/20/2026 07:22:15,0.29,105.069
13677,01/20/2026 07:32:15,0.29,105.099
13678,01/20/2026 07:42:15,0.29,105.104
13679,01/20/2026 07:52:15,0.29,105.117
13680,01/20/2026 08:02:15,0.29,105.130
13681,01/20/2026 08:12:15,0.29,105.152
13682,01/20/2026 08:22:15,0.30,105.179
13683,01/20/2026 08:32:15,0.31,105.188
13684,01/20/2026 08:42:15,0.32,105.210
13685,01/20/2026 08:52:15,0.34,105.233
13686,01/20/2026 09:02:15,0.35,105.246
13687,01/20/2026 09:12:15,0.36,105.273
13688,01/20/2026 09:22:15,0.37,105.300
13689,01/20/2026 09:32:15,0.38,105.326
13690,01/20/2026 09:42:15,0.39,105.371
13691,01/20/2026 09:52:15,0.40,105.415
13692,01/20/2026 10:02:15,0.40,105.454
13693,01/20/2026 10:12:15,0.41,105.494
13694,01/20/2026 10:22:15,0.41,105.529
13695,01/20/2026 10:32:15,0.41,105.582
13696,01/20/2026 10:42:15,0.42,105.643
13697,01/20/2026 10:52:15,0.42,105.692
13698,01/20/2026 11:02:15,0.42,105.731
13699,01/20/2026 11:12:15,0.42,105.771
13700,01/20/2026 11:22:15,0.42,105.802
13701,01/20/2026 11:32:15,0.42,105.828
13702,01/20/2026 11:42:15,0.42,105.872
13703,01/20/2026 11:52:15,0.42,105.929
13704,01/20/2026 12:02:15,0.42,105.937
13705,01/20/2026 12:12:15,0.41,105.968
13706,01/20/2026 12:22:15,0.40,105.994
13707,01/20/2026 12:32:15,0.40,106.007
13708,01/20/2026 12:42:15,0.39,106.037
13709,01/20/2026 12:52:15,0.39,106.050
13710,01/20/2026 13:02:15,0.39,106.094
13711,01/20/2026 13:12:15,0.39,106.120
13712,01/20/2026 13:22:15,0.38,106.129
13713,01/20/2026 13:32:15,0.38,106.164
13714,01/20/2026 13:42:15,0.37,106.199
13715,01/20/2026 13:52:15,0.35,106.207
13716,01/20/2026 14:02:15,0.34,106.215
13717,01/20/2026 14:12:15,0.34,106.224
13718,01/20/2026 14:22:15,0.33,106.219
13719,01/20/2026 14:32:15,0.33,106.224
13720,01/20/2026 14:42:15,0.32,106.232
13721,01/20/2026 14:52:15,0.31,106.241
13722,01/20/2026 15:02:15,0.30,106.253
13723,01/20/2026 15:12:15,0.28,106.218
13724,01/20/2026 15:22:15,0.27,106.230
13725,01/20/2026 15:32:15,0.26,106.221
13726,01/20/2026 15:42:15,0.25,106.212
13727,01/20/2026 15:52:15,0.25,106.234
13728,01/20/2026 16:02:15,0.25,106.251
13729,01/20/2026 16:12:15,0.25,106.238
13730,01/20/2026 16:22:15,0.24,106.234
13731,01/20/2026 16:32:15,0.23,106.233
13732,01/20/2026 16:42:15,0.22,106.264
13733,01/20/2026 16:52:15,0.22,106.268
13734,01/20/2026 17:02:15,0.21,106.294
13735,01/20/2026 17:12:15,0.20,106.294
13736,01/20/2026 17:22:15,0.19,106.311
13737,01/20/2026 17:32:15,0.18,106.328
13738,01/20/2026 17:42:15,0.17,106.367
13739,01/20/2026 17:52:15,0.17,106.380
13740,01/20/2026 18:02:15,0.16,106.384
13741,01/20/2026 18:12:15,0.16,106.406
13742,01/20/2026 18:22:15,0.16,106.415
13743,01/20/2026 18:32:15,0.15,106.419
13744,01/20/2026 18:42:15,0.14,106.423
13745,01/20/2026 18:52:15,0.14,106.432
13746,01/20/2026 19:02:15,0.14,106.423
13747,01/20/2026 19:12:15,0.13,106.379
13748,01/20/2026 19:22:15,0.13,106.353
13749,01/20/2026 19:32:15,0.13,106.317
13750,01/20/2026 19:42:15,0.14,106.278
13751,01/20/2026 19:52:15,0.14,106.256
13752,01/20/2026 20:02:15,0.14,106.234
13753,01/20/2026 20:12:15,0.14,106.213
13754,01/20/2026 20:22:15,0.14,106.200
13755,01/20/2026 20:32:15,0.15,106.191
13756,01/20/2026 20:42:15,0.15,106.182
13757,01/20/2026 20:52:15,0.15,106.178
13758,01/20/2026 21:02:15,0.15,106.187
13759,01/20/2026 21:12:15,0.15,106.182
13760,01/20/2026 21:22:15,0.15,106.165
13761,01/20/2026 21:32:15,0.15,106.156
13762,01/20/2026 21:42:15,0.15,106.178
13763,01/20/2026 21:52:15,0.15,106.178
13764,01/20/2026 22:02:15,0.15,106.169
13765,01/20/2026 22:12:15,0.14,106.200
13766,01/20/2026 22:22:15,0.14,106.213
13767,01/20/2026 22:32:15,0.14,106.243
13768,01/20/2026 22:42:15,0.14,106.261
13769,01/20/2026 22:52:15,0.14,106.261
13770,01/20/2026 23:02:15,0.14,106.278
13771,01/20/2026 23:12:15,0.14,106.300
13772,01/20/2026 23:22:15,0.14,106.309
13773,01/20/2026 23:32:15,0.14,106.335
13774,01/20/2026 23:42:15,0.13,106.366
13775,01/20/2026 23:52:15,0.13,106.396
13776,01/21/2026 00:02:15,0.13,106.422
13777,01/21/2026 00:12:15,0.12,106.457
13778,01/21/2026 00:22:15,0.12,106.479
13779,01/21/2026 00:32:15,0.12,106.497
13780,01/21/2026 00:42:15,0.12,106.554
13781,01/21/2026 00:52:15,0.12,106.598
13782,01/21/2026 01:02:15,0.12,106.633
13783,01/21/2026 01:12:15,0.12,106.668
13784,01/21/2026 01:22:15,0.12,106.703
13785,01/21/2026 01:32:15,0.11,106.729
13786,01/21/2026 01:42:15,0.11,106.751
13787,01/21/2026 01:52:15,0.11,106.839
13788,01/21/2026 02:02:15,0.11,106.861
13789,01/21/2026 02:12:15,0.11,106.948
13790,01/21/2026 02:22:15,0.11,106.996
13791,01/21/2026 02:32:15,0.10,107.044
13792,01/21/2026 02:42:15,0.10,107.088
13793,01/21/2026 02:52:15,0.09,107.118
13794,01/21/2026 03:02:15,0.09,107.136
13795,01/21/2026 03:12:15,0.09,107.149
13796,01/21/2026 03:22:15,0.08,107.180
13797,01/21/2026 03:32:15,0.09,107.215
13798,01/21/2026 03:42:15,0.09,107.276
13799,01/21/2026 03:52:15,0.08,107.285
13800,01/21/2026 04:02:15,0.08,107.320
13801,01/21/2026 04:12:15,0.07,107.398
13802,01/21/2026 04:22:15,0.07,107.425
13803,01/21/2026 04:32:15,0.07,107.451
13804,01/21/2026 04:42:15,0.07,107.442
13805,01/21/2026 04:52:15,0.07,107.468
13806,01/21/2026 05:02:15,0.07,107.477
13807,01/21/2026 05:12:15,0.07,107.499
13808,01/21/2026 05:22:15,0.08,107.486
13809,01/21/2026 05:32:15,0.08,107.473
13810,01/21/2026 05:42:15,0.08,107.530
13811,01/21/2026 05:52:15,0.08,107.495
13812,01/21/2026 06:02:15,0.07,107.530
13813,01/21/2026 06:12:15,0.07,107.517
13814,01/21/2026 06:22:15,0.08,107.565
13815,01/21/2026 06:32:15,0.07,107.596
13816,01/21/2026 06:42:15,0.07,107.609
13817,01/21/2026 06:52:15,0.07,107.600
13818,01/21/2026 07:02:15,0.07,107.587
13819,01/21/2026 07:12:15,0.07,107.565
13820,01/21/2026 07:22:15,0.07,107.534
13821,01/21/2026 07:32:15,0.07,107.512
13822,01/21/2026 07:42:15,0.07,107.482
13823,01/21/2026 07:52:15,0.07,107.490
13824,01/21/2026 08:02:15,0.07,107.438
13825,01/21/2026 08:12:15,0.07,107.416
13826,01/21/2026 08:22:15,0.08,107.381
13827,01/21/2026 08:32:15,0.08,107.373
13828,01/21/2026 08:42:15,0.09,107.351
13829,01/21/2026 08:52:15,0.10,107.290
13830,01/21/2026 09:02:15,0.11,107.237
13831,01/21/2026 09:12:15,0.12,107.181
13832,01/21/2026 09:22:15,0.13,107.111
13833,01/21/2026 09:32:15,0.15,107.085
13834,01/21/2026 09:42:15,0.16,107.064
13835,01/21/2026 09:52:15,0.18,107.043
13836,01/21/2026 10:02:15,0.20,107.030
13837,01/21/2026 10:12:15,0.22,106.996
13838,01/21/2026 10:22:15,0.24,106.949
13839,01/21/2026 10:32:15,0.26,106.932
13840,01/21/2026 10:42:15,0.28,106.880
13841,01/21/2026 10:52:15,0.30,106.867
13842,01/21/2026 11:02:15,0.32,106.837
13843,01/21/2026 11:12:15,0.33,106.790
13844,01/21/2026 11:22:15,0.35,106.746
13845,01/21/2026 11:32:15,0.37,106.664
13846,01/21/2026 11:42:15,0.38,106.642
13847,01/21/2026 11:52:15,0.40,106.595
13848,01/21/2026 12:02:15,0.41,106.608
13849,01/21/2026 12:12:15,0.42,106.591
13850,01/21/2026 12:22:15,0.43,106.583
13851,01/21/2026 12:32:15,0.44,106.565
13852,01/21/2026 12:42:15,0.45,106.517
13853,01/21/2026 12:52:15,0.45,106.491
13854,01/21/2026 13:02:15,0.46,106.461
13855,01/21/2026 13:12:15,0.47,106.448
13856,01/21/2026 13:22:15,0.48,106.422
13857,01/21/2026 13:32:15,0.49,106.409
13858,01/21/2026 13:42:15,0.49,106.392
13859,01/21/2026 13:52:15,0.50,106.370
13860,01/21/2026 14:02:15,0.51,106.300
13861,01/21/2026 14:12:15,0.51,106.279
13862,01/21/2026 14:22:15,0.52,106.244
13863,01/21/2026 14:32:15,0.51,106.200
13864,01/21/2026 14:42:15,0.51,106.169
13865,01/21/2026 14:52:15,0.50,106.186
13866,01/21/2026 15:02:15,0.50,106.173
13867,01/21/2026 15:12:15,0.49,106.155
13868,01/21/2026 15:22:15,0.48,106.141
13869,01/21/2026 15:32:15,0.47,106.128
13870,01/21/2026 15:42:15,0.46,106.105
13871,01/21/2026 15:52:15,0.45,106.088
13872,01/21/2026 16:02:15,0.44,106.043
13873,01/21/2026 16:12:15,0.44,106.004
13874,01/21/2026 16:22:15,0.43,106.012
13875,01/21/2026 16:32:15,0.43,105.955
13876,01/21/2026 16:42:15,0.42,105.933
13877,01/21/2026 16:52:15,0.41,105.906
13878,01/21/2026 17:02:15,0.40,105.923
13879,01/21/2026 17:12:15,0.39,105.923
13880,01/21/2026 17:22:15,0.38,105.905
13881,01/21/2026 17:32:15,0.37,105.874
13882,01/21/2026 17:42:15,0.36,105.817
13883,01/21/2026 17:52:15,0.36,105.834
13884,01/21/2026 18:02:15,0.36,105.861
13885,01/21/2026 18:12:15,0.35,105.891
13886,01/21/2026 18:22:15,0.35,105.878
13887,01/21/2026 18:32:15,0.34,105.900
13888,01/21/2026 18:42:15,0.34,105.864
13889,01/21/2026 18:52:15,0.34,105.869
13890,01/21/2026 19:02:15,0.33,105.869
13891,01/21/2026 19:12:15,0.33,105.860
13892,01/21/2026 19:22:15,0.33,105.860
13893,01/21/2026 19:32:15,0.32,105.833
13894,01/21/2026 19:42:15,0.32,105.824
13895,01/21/2026 19:52:15,0.31,105.833
13896,01/21/2026 20:02:15,0.31,105.832
13897,01/21/2026 20:12:15,0.30,105.832
13898,01/21/2026 20:22:15,0.30,105.815
13899,01/21/2026 20:32:15,0.30,105.828
13900,01/21/2026 20:42:15,0.30,105.806
13901,01/21/2026 20:52:15,0.30,105.806
13902,01/21/2026 21:02:15,0.30,105.775
13903,01/21/2026 21:12:15,0.30,105.771
13904,01/21/2026 21:22:15,0.30,105.732
13905,01/21/2026 21:32:15,0.30,105.727
13906,01/21/2026 21:42:15,0.31,105.736
13907,01/21/2026 21:52:15,0.32,105.706
13908,01/21/2026 22:02:15,0.32,105.693
13909,01/21/2026 22:12:15,0.33,105.706
13910,01/21/2026 22:22:15,0.33,105.689
13911,01/21/2026 22:32:15,0.34,105.658
13912,01/21/2026 22:42:15,0.34,105.654
13913,01/21/2026 22:52:15,0.33,105.654
13914,01/21/2026 23:02:15,0.33,105.658
13915,01/21/2026 23:12:15,0.33,105.649
13916,01/21/2026 23:22:15,0.33,105.631
13917,01/21/2026 23:32:15,0.33,105.605
13918,01/21/2026 23:42:15,0.34,105.597
13919,01/21/2026 23:52:15,0.35,105.606
13920,01/22/2026 00:02:15,0.35,105.584
13921,01/22/2026 00:12:15,0.36,105.549
13922,01/22/2026 00:22:15,0.37,105.528
13923,01/22/2026 00:32:15,0.37,105.506
13924,01/22/2026 00:42:15,0.37,105.502
13925,01/22/2026 00:52:15,0.37,105.480
13926,01/22/2026 01:02:15,0.37,105.458
13927,01/22/2026 01:12:15,0.38,105.449
13928,01/22/2026 01:22:15,0.37,105.423
13929,01/22/2026 01:32:15,0.37,105.440
13930,01/22/2026 01:42:15,0.37,105.409
13931,01/22/2026 01:52:15,0.37,105.401
13932,01/22/2026 02:02:15,0.37,105.387
13933,01/22/2026 02:12:15,0.37,105.374
13934,01/22/2026 02:22:15,0.37,105.352
13935,01/22/2026 02:32:15,0.37,105.335
13936,01/22/2026 02:42:15,0.37,105.308
13937,01/22/2026 02:52:15,0.37,105.278
13938,01/22/2026 03:02:15,0.37,105.256
13939,01/22/2026 03:12:15,0.37,105.260
13940,01/22/2026 03:22:15,0.37,105.221
13941,01/22/2026 03:32:15,0.37,105.229
13942,01/22/2026 03:42:15,0.37,105.212
13943,01/22/2026 03:52:15,0.37,105.212
13944,01/22/2026 04:02:15,0.36,105.155
13945,01/22/2026 04:12:15,0.36,105.168
13946,01/22/2026 04:22:15,0.36,105.150
13947,01/22/2026 04:32:15,0.36,105.106
13948,01/22/2026 04:42:15,0.36,105.106
13949,01/22/2026 04:52:15,0.36,105.089
13950,01/22/2026 05:02:15,0.36,105.084
13951,01/22/2026 05:12:15,0.36,105.062
13952,01/22/2026 05:22:15,0.36,105.018
13953,01/22/2026 05:32:15,0.36,105.036
13954,01/22/2026 05:42:15,0.36,105.010
13955,01/22/2026 05:52:15,0.36,105.067
13956,01/22/2026 06:02:15,0.36,105.067
13957,01/22/2026 06:12:15,0.36,105.080
13958,01/22/2026 06:22:15,0.36,105.084
13959,01/22/2026 06:32:15,0.36,105.076
13960,01/22/2026 06:42:15,0.36,105.071
13961,01/22/2026 06:52:15,0.36,105.071
13962,01/22/2026 07:02:15,0.36,105.071
13963,01/22/2026 07:12:15,0.36,105.071
13964,01/22/2026 07:22:15,0.35,105.040
13965,01/22/2026 07:32:15,0.35,105.049
13966,01/22/2026 07:42:15,0.35,105.066
13967,01/22/2026 07:52:15,0.34,105.070
13968,01/22/2026 08:02:15,0.34,105.084
13969,01/22/2026 08:12:15,0.34,105.105
13970,01/22/2026 08:22:15,0.34,105.123
13971,01/22/2026 08:32:15,0.34,105.127
13972,01/22/2026 08:42:15,0.34,105.123
13973,01/22/2026 08:52:15,0.34,105.119
13974,01/22/2026 09:02:15,0.35,105.119
13975,01/22/2026 09:12:15,0.35,105.119
13976,01/22/2026 09:22:15,0.35,105.123
13977,01/22/2026 09:32:15,0.35,105.132
13978,01/22/2026 09:42:15,0.35,105.154
13979,01/22/2026 09:52:15,0.36,105.163
13980,01/22/2026 10:02:15,0.36,105.185
13981,01/22/2026 10:12:15,0.38,105.177
13982,01/22/2026 10:22:15,0.40,105.178
13983,01/22/2026 10:32:15,0.41,105.178
13984,01/22/2026 10:42:15,0.43,105.170
13985,01/22/2026 10:52:15,0.44,105.162
13986,01/22/2026 11:02:15,0.46,105.123
13987,01/22/2026 11:12:15,0.49,105.111
13988,01/22/2026 11:22:15,0.51,105.081
13989,01/22/2026 11:32:15,0.54,105.060
13990,01/22/2026 11:42:15,0.56,105.039
13991,01/22/2026 11:52:15,0.58,105.035
13992,01/22/2026 12:02:15,0.59,105.009
13993,01/22/2026 12:12:15,0.60,104.992
13994,01/22/2026 12:22:15,0.61,104.979
13995,01/22/2026 12:32:15,0.62,104.975
13996,01/22/2026 12:42:15,0.62,104.966
13997,01/22/2026 12:52:15,0.62,104.966
13998,01/22/2026 13:02:15,0.62,104.971
13999,01/22/2026 13:12:15,0.62,104.957
14000,01/22/2026 13:22:15,0.63,104.971
14001,01/22/2026 13:32:15,0.63,104.989
14002,01/22/2026 13:42:15,0.63,104.975
14003,01/22/2026 13:52:15,0.64,105.002
14004,01/22/2026 14:02:15,0.64,105.019
14005,01/22/2026 14:12:15,0.64,105.041
14006,01/22/2026 14:22:15,0.64,105.037
14007,01/22/2026 14:32:15,0.65,105.046
14008,01/22/2026 14:42:15,0.66,105.051
14009,01/22/2026 14:52:15,0.67,105.073
14010,01/22/2026 15:02:15,0.68,105.078
14011,01/22/2026 15:12:15,0.69,105.087
14012,01/22/2026 15:22:15,0.68,105.109
14013,01/22/2026 15:32:15,0.68,105.148
14014,01/22/2026 15:42:15,0.67,105.196
14015,01/22/2026 15:52:15,0.65,105.231
14016,01/22/2026 16:02:15,0.63,105.252
14017,01/22/2026 16:12:15,0.62,105.282
14018,01/22/2026 16:22:15,0.60,105.317
14019,01/22/2026 16:32:15,0.58,105.351
14020,01/22/2026 16:42:15,0.56,105.394
14021,01/22/2026 16:52:15,0.55,105.415
14022,01/22/2026 17:02:15,0.52,105.445
14023,01/22/2026 17:12:15,0.51,105.449
14024,01/22/2026 17:22:15,0.49,105.462
14025,01/22/2026 17:32:15,0.47,105.466
14026,01/22/2026 17:42:15,0.46,105.448
14027,01/22/2026 17:52:15,0.45,105.447
14028,01/22/2026 18:02:15,0.44,105.451
14029,01/22/2026 18:12:15,0.43,105.460
14030,01/22/2026 18:22:15,0.43,105.442
14031,01/22/2026 18:32:15,0.42,105.446
14032,01/22/2026 18:42:15,0.41,105.476
14033,01/22/2026 18:52:15,0.40,105.476
14034,01/22/2026 19:02:15,0.39,105.463
14035,01/22/2026 19:12:15,0.39,105.458
14036,01/22/2026 19:22:15,0.38,105.453
14037,01/22/2026 19:32:15,0.37,105.457
14038,01/22/2026 19:42:15,0.36,105.466
14039,01/22/2026 19:52:15,0.35,105.461
14040,01/22/2026 20:02:15,0.35,105.479
14041,01/22/2026 20:12:15,0.33,105.469
14042,01/22/2026 20:22:15,0.33,105.469
14043,01/22/2026 20:32:15,0.32,105.447
14044,01/22/2026 20:42:15,0.31,105.477
14045,01/22/2026 20:52:15,0.30,105.477
14046,01/22/2026 21:02:15,0.30,105.490
14047,01/22/2026 21:12:15,0.29,105.477
14048,01/22/2026 21:22:15,0.28,105.476
14049,01/22/2026 21:32:15,0.28,105.476
14050,01/22/2026 21:42:15,0.27,105.485
14051,01/22/2026 21:52:15,0.26,105.489
14052,01/22/2026 22:02:15,0.25,105.502
14053,01/22/2026 22:12:15,0.25,105.514
14054,01/22/2026 22:22:15,0.24,105.527
14055,01/22/2026 22:32:15,0.23,105.523
14056,01/22/2026 22:42:15,0.23,105.505
14057,01/22/2026 22:52:15,0.22,105.500
14058,01/22/2026 23:02:15,0.21,105.496
14059,01/22/2026 23:12:15,0.21,105.482
14060,01/22/2026 23:22:15,0.20,105.487
14061,01/22/2026 23:32:15,0.20,105.465
14062,01/22/2026 23:42:15,0.19,105.469
14063,01/22/2026 23:52:15,0.19,105.451
14064,01/23/2026 00:02:15,0.19,105.451
14065,01/23/2026 00:12:15,0.19,105.469
14066,01/23/2026 00:22:15,0.19,105.473
14067,01/23/2026 00:32:15,0.19,105.451
14068,01/23/2026 00:42:15,0.19,105.443
14069,01/23/2026 00:52:15,0.19,105.438
14070,01/23/2026 01:02:15,0.19,105.425
14071,01/23/2026 01:12:15,0.19,105.412
14072,01/23/2026 01:22:15,0.19,105.416
14073,01/23/2026 01:32:15,0.19,105.429
14074,01/23/2026 01:42:15,0.19,105.416
14075,01/23/2026 01:52:15,0.19,105.425
14076,01/23/2026 02:02:15,0.19,105.411
14077,01/23/2026 02:12:15,0.19,105.416
14078,01/23/2026 02:22:15,0.18,105.403
14079,01/23/2026 02:32:15,0.18,105.411
14080,01/23/2026 02:42:15,0.18,105.398
14081,01/23/2026 02:52:15,0.18,105.381
14082,01/23/2026 03:02:15,0.19,105.354
14083,01/23/2026 03:12:15,0.19,105.324
14084,01/23/2026 03:22:15,0.19,105.302
14085,01/23/2026 03:32:15,0.19,105.302
14086,01/23/2026 03:42:15,0.19,105.302
14087,01/23/2026 03:52:15,0.20,105.280
14088,01/23/2026 04:02:15,0.21,105.281
14089,01/23/2026 04:12:15,0.22,105.277
14090,01/23/2026 04:22:15,0.23,105.260
14091,01/23/2026 04:32:15,0.23,105.233
14092,01/23/2026 04:42:15,0.23,105.251
14093,01/23/2026 04:52:15,0.23,105.242
14094,01/23/2026 05:02:15,0.22,105.242
14095,01/23/2026 05:12:15,0.22,105.215
14096,01/23/2026 05:22:15,0.22,105.211
14097,01/23/2026 05:32:15,0.22,105.206
14098,01/23/2026 05:42:15,0.22,105.233
14099,01/23/2026 05:52:15,0.22,105.233
14100,01/23/2026 06:02:15,0.22,105.224
14101,01/23/2026 06:12:15,0.22,105.228
14102,01/23/2026 06:22:15,0.21,105.215
14103,01/23/2026 06:32:15,0.21,105.202
14104,01/23/2026 06:42:15,0.21,105.197
14105,01/23/2026 06:52:15,0.20,105.210
14106,01/23/2026 07:02:15,0.20,105.206
14107,01/23/2026 07:12:15,0.19,105.206
14108,01/23/2026 07:22:15,0.19,105.201
14109,01/23/2026 07:32:15,0.19,105.219
14110,01/23/2026 07:42:15,0.19,105.206
14111,01/23/2026 07:52:15,0.19,105.210
14112,01/23/2026 08:02:15,0.20,105.210
14113,01/23/2026 08:12:15,0.20,105.193
14114,01/23/2026 08:22:15,0.21,105.189
14115,01/23/2026 08:32:15,0.22,105.193
14116,01/23/2026 08:42:15,0.23,105.189
14117,01/23/2026 08:52:15,0.25,105.199
14118,01/23/2026 09:02:15,0.26,105.186
14119,01/23/2026 09:12:15,0.27,105.195
14120,01/23/2026 09:22:15,0.28,105.204
14121,01/23/2026 09:32:15,0.30,105.222
14122,01/23/2026 09:42:15,0.32,105.258
14123,01/23/2026 09:52:15,0.34,105.263
14124,01/23/2026 10:02:15,0.37,105.304
14125,01/23/2026 10:12:15,0.40,105.314
14126,01/23/2026 10:22:15,0.43,105.345
14127,01/23/2026 10:32:15,0.46,105.368
14128,01/23/2026 10:42:15,0.48,105.374
14129,01/23/2026 10:52:15,0.50,105.392
14130,01/23/2026 11:02:15,0.52,105.401
14131,01/23/2026 11:12:15,0.54,105.424
14132,01/23/2026 11:22:15,0.58,105.443
14133,01/23/2026 11:32:15,0.61,105.510
14134,01/23/2026 11:42:15,0.64,105.542
14135,01/23/2026 11:52:15,0.66,105.569
14136,01/23/2026 12:02:15,0.67,105.573
14137,01/23/2026 12:12:15,0.67,105.565
14138,01/23/2026 12:22:15,0.67,105.560
14139,01/23/2026 12:32:15,0.67,105.569
14140,01/23/2026 12:42:15,0.68,105.569
14141,01/23/2026 12:52:15,0.68,105.561
14142,01/23/2026 13:02:15,0.69,105.526
14143,01/23/2026 13:12:15,0.69,105.508
14144,01/23/2026 13:22:15,0.69,105.495
14145,01/23/2026 13:32:15,0.68,105.456
14146,01/23/2026 13:42:15,0.68,105.460
14147,01/23/2026 13:52:15,0.67,105.442
14148,01/23/2026 14:02:15,0.66,105.428
14149,01/23/2026 14:12:15,0.65,105.406
14150,01/23/2026 14:22:15,0.65,105.384
14151,01/23/2026 14:32:15,0.64,105.375
14152,01/23/2026 14:42:15,0.64,105.366
14153,01/23/2026 14:52:15,0.63,105.362
14154,01/23/2026 15:02:15,0.63,105.357
14155,01/23/2026 15:12:15,0.62,105.357
14156,01/23/2026 15:22:15,0.61,105.361
14157,01/23/2026 15:32:15,0.61,105.374
14158,01/23/2026 15:42:15,0.59,105.404
14159,01/23/2026 15:52:15,0.58,105.408
14160,01/23/2026 16:02:15,0.57,105.407
14161,01/23/2026 16:12:15,0.55,105.455
14162,01/23/2026 16:22:15,0.54,105.468
14163,01/23/2026 16:32:15,0.52,105.498
14164,01/23/2026 16:42:15,0.50,105.537
14165,01/23/2026 16:52:15,0.48,105.584
14166,01/23/2026 17:02:15,0.46,105.584
14167,01/23/2026 17:12:15,0.44,105.578
14168,01/23/2026 17:22:15,0.42,105.617
14169,01/23/2026 17:32:15,0.40,105.630
14170,01/23/2026 17:42:15,0.39,105.660
14171,01/23/2026 17:52:15,0.37,105.699
14172,01/23/2026 18:02:15,0.36,105.720
14173,01/23/2026 18:12:15,0.34,105.768
14174,01/23/2026 18:22:15,0.32,105.785
14175,01/23/2026 18:32:15,0.31,105.776
14176,01/23/2026 18:42:15,0.29,105.806
14177,01/23/2026 18:52:15,0.27,105.818
14178,01/23/2026 19:02:15,0.26,105.853
14179,01/23/2026 19:12:15,0.24,105.874
14180,01/23/2026 19:22:15,0.22,105.887
14181,01/23/2026 19:32:15,0.20,105.890
14182,01/23/2026 19:42:15,0.18,105.885
14183,01/23/2026 19:52:15,0.16,105.893
14184,01/23/2026 20:02:15,0.15,105.879
14185,01/23/2026 20:12:15,0.13,105.914
14186,01/23/2026 20:22:15,0.13,105.931
14187,01/23/2026 20:32:15,0.12,105.971
14188,01/23/2026 20:42:15,0.11,106.049
14189,01/23/2026 20:52:15,0.11,106.133
14190,01/23/2026 21:02:15,0.11,106.207
14191,01/23/2026 21:12:15,0.12,106.321
14192,01/23/2026 21:22:15,0.11,106.422
14193,01/23/2026 21:32:15,0.11,106.536
14194,01/23/2026 21:42:15,0.11,106.624
14195,01/23/2026 21:52:15,0.12,106.720
14196,01/23/2026 22:02:15,0.12,106.799
14197,01/23/2026 22:12:15,0.12,106.900
14198,01/23/2026 22:22:15,0.13,106.966
14199,01/23/2026 22:32:15,0.14,107.059
14200,01/23/2026 22:42:15,0.16,107.121
14201,01/23/2026 22:52:15,0.17,107.200
14202,01/23/2026 23:02:15,0.17,107.266
14203,01/23/2026 23:12:15,0.18,107.310
14204,01/23/2026 23:22:15,0.18,107.376
14205,01/23/2026 23:32:15,0.18,107.433
14206,01/23/2026 23:42:15,0.17,107.468
14207,01/23/2026 23:52:15,0.17,107.529
14208,01/24/2026 00:02:15,0.17,107.577
14209,01/24/2026 00:12:15,0.17,107.612
14210,01/24/2026 00:22:15,0.17,107.656
14211,01/24/2026 00:32:15,0.16,107.682
14212,01/24/2026 00:42:15,0.15,107.717
14213,01/24/2026 00:52:15,0.14,107.739
14214,01/24/2026 01:02:15,0.14,107.751
14215,01/24/2026 01:12:15,0.13,107.782
14216,01/24/2026 01:22:15,0.12,107.795
14217,01/24/2026 01:32:15,0.12,107.803
14218,01/24/2026 01:42:15,0.12,107.816
14219,01/24/2026 01:52:15,0.12,107.843
14220,01/24/2026 02:02:15,0.12,107.821
14221,01/24/2026 02:12:15,0.12,107.821
14222,01/24/2026 02:22:15,0.11,107.799
14223,01/24/2026 02:32:15,0.11,107.812
14224,01/24/2026 02:42:15,0.11,107.786
14225,01/24/2026 02:52:15,0.11,107.777
14226,01/24/2026 03:02:15,0.11,107.742
14227,01/24/2026 03:12:15,0.11,107.733
14228,01/24/2026 03:22:15,0.11,107.715
14229,01/24/2026 03:32:15,0.11,107.698
14230,01/24/2026 03:42:15,0.11,107.676
14231,01/24/2026 03:52:15,0.11,107.632
14232,01/24/2026 04:02:15,0.11,107.601
14233,01/24/2026 04:12:15,0.10,107.562
14234,01/24/2026 04:22:15,0.10,107.549
14235,01/24/2026 04:32:15,0.10,107.513
14236,01/24/2026 04:42:15,0.10,107.461
14237,01/24/2026 04:52:15,0.10,107.413
14238,01/24/2026 05:02:15,0.10,107.386
14239,01/24/2026 05:12:15,0.10,107.347
14240,01/24/2026 05:22:15,0.10,107.303
14241,01/24/2026 05:32:15,0.10,107.281
14242,01/24/2026 05:42:15,0.10,107.237
14243,01/24/2026 05:52:15,0.10,107.202
14244,01/24/2026 06:02:15,0.10,107.171
14245,01/24/2026 06:12:15,0.09,107.158
14246,01/24/2026 06:22:15,0.09,107.127
14247,01/24/2026 06:32:15,0.09,107.101
14248,01/24/2026 06:42:15,0.09,107.101
14249,01/24/2026 06:52:15,0.09,107.088
14250,01/24/2026 07:02:15,0.08,107.083
14251,01/24/2026 07:12:15,0.08,107.087
14252,01/24/2026 07:22:15,0.08,107.096
14253,01/24/2026 07:32:15,0.08,107.122
14254,01/24/2026 07:42:15,0.08,107.127
14255,01/24/2026 07:52:15,0.08,107.118
14256,01/24/2026 08:02:15,0.08,107.114
14257,01/24/2026 08:12:15,0.08,107.144
14258,01/24/2026 08:22:15,0.09,107.153
14259,01/24/2026 08:32:15,0.09,107.180
14260,01/24/2026 08:42:15,0.10,107.176
14261,01/24/2026 08:52:15,0.10,107.202
14262,01/24/2026 09:02:15,0.11,107.216
14263,01/24/2026 09:12:15,0.11,107.238
14264,01/24/2026 09:22:15,0.13,107.251
14265,01/24/2026 09:32:15,0.14,107.252
14266,01/24/2026 09:42:15,0.16,107.252
14267,01/24/2026 09:52:15,0.17,107.249
14268,01/24/2026 10:02:15,0.19,107.275
14269,01/24/2026 10:12:15,0.20,107.298
14270,01/24/2026 10:22:15,0.21,107.307
14271,01/24/2026 10:32:15,0.23,107.316
14272,01/24/2026 10:42:15,0.24,107.321
14273,01/24/2026 10:52:15,0.26,107.304
14274,01/24/2026 11:02:15,0.27,107.287
14275,01/24/2026 11:12:15,0.29,107.270
14276,01/24/2026 11:22:15,0.30,107.249
14277,01/24/2026 11:32:15,0.31,107.214
14278,01/24/2026 11:42:15,0.32,107.201
14279,01/24/2026 11:52:15,0.34,107.193
14280,01/24/2026 12:02:15,0.36,107.172
14281,01/24/2026 12:12:15,0.38,107.160
14282,01/24/2026 12:22:15,0.40,107.156
14283,01/24/2026 12:32:15,0.42,107.130
14284,01/24/2026 12:42:15,0.44,107.131
14285,01/24/2026 12:52:15,0.45,107.097
14286,01/24/2026 13:02:15,0.47,107.075
14287,01/24/2026 13:12:15,0.48,107.062
14288,01/24/2026 13:22:15,0.48,107.049
14289,01/24/2026 13:32:15,0.49,107.023
14290,01/24/2026 13:42:15,0.49,107.014
14291,01/24/2026 13:52:15,0.49,107.010
14292,01/24/2026 14:02:15,0.48,107.023
14293,01/24/2026 14:12:15,0.47,107.005
14294,01/24/2026 14:22:15,0.47,107.018
14295,01/24/2026 14:32:15,0.46,107.005
14296,01/24/2026 14:42:15,0.44,107.039
14297,01/24/2026 14:52:15,0.42,107.043
14298,01/24/2026 15:02:15,0.40,107.060
14299,01/24/2026 15:12:15,0.38,107.081
14300,01/24/2026 15:22:15,0.36,107.076
14301,01/24/2026 15:32:15,0.34,107.093
14302,01/24/2026 15:42:15,0.33,107.092
14303,01/24/2026 15:52:15,0.31,107.109
14304,01/24/2026 16:02:15,0.30,107.104
14305,01/24/2026 16:12:15,0.29,107.134
14306,01/24/2026 16:22:15,0.28,107.116
14307,01/24/2026 16:32:15,0.26,107.125
14308,01/24/2026 16:42:15,0.25,107.107
14309,01/24/2026 16:52:15,0.24,107.098
14310,01/24/2026 17:02:15,0.23,107.097
14311,01/24/2026 17:12:15,0.22,107.092
14312,01/24/2026 17:22:15,0.21,107.096
14313,01/24/2026 17:32:15,0.20,107.096
14314,01/24/2026 17:42:15,0.19,107.105
14315,01/24/2026 17:52:15,0.18,107.104
14316,01/24/2026 18:02:15,0.18,107.113
14317,01/24/2026 18:12:15,0.17,107.104
14318,01/24/2026 18:22:15,0.16,107.104
14319,01/24/2026 18:32:15,0.16,107.099
14320,01/24/2026 18:42:15,0.16,107.108
14321,01/24/2026 18:52:15,0.15,107.112
14322,01/24/2026 19:02:15,0.14,107.116
14323,01/24/2026 19:12:15,0.14,107.125
14324,01/24/2026 19:22:15,0.13,107.159
14325,01/24/2026 19:32:15,0.13,107.142
14326,01/24/2026 19:42:15,0.13,107.137
14327,01/24/2026 19:52:15,0.13,107.146
14328,01/24/2026 20:02:15,0.13,107.142
14329,01/24/2026 20:12:15,0.14,107.116
14330,01/24/2026 20:22:15,0.14,107.116
14331,01/24/2026 20:32:15,0.14,107.125
14332,01/24/2026 20:42:15,0.15,107.125
14333,01/24/2026 20:52:15,0.15,107.134
14334,01/24/2026 21:02:15,0.15,107.169
14335,01/24/2026 21:12:15,0.15,107.169
14336,01/24/2026 21:22:15,0.15,107.173
14337,01/24/2026 21:32:15,0.15,107.173
14338,01/24/2026 21:42:15,0.16,107.173
14339,01/24/2026 21:52:15,0.16,107.147
14340,01/24/2026 22:02:15,0.16,107.156
14341,01/24/2026 22:12:15,0.16,107.160
14342,01/24/2026 22:22:15,0.16,107.165
14343,01/24/2026 22:32:15,0.15,107.165
14344,01/24/2026 22:42:15,0.15,107.151
14345,01/24/2026 22:52:15,0.15,107.169
14346,01/24/2026 23:02:15,0.15,107.156
14347,01/24/2026 23:12:15,0.15,107.191
14348,01/24/2026 23:22:15,0.14,107.160
14349,01/24/2026 23:32:15,0.14,107.182
14350,01/24/2026 23:42:15,0.14,107.142
14351,01/24/2026 23:52:15,0.13,107.151
14352,01/25/2026 00:02:15,0.13,107.146
14353,01/25/2026 00:12:15,0.13,107.142
14354,01/25/2026 00:22:15,0.13,107.146
14355,01/25/2026 00:32:15,0.12,107.150
14356,01/25/2026 00:42:15,0.12,107.159
14357,01/25/2026 00:52:15,0.12,107.155
14358,01/25/2026 01:02:15,0.12,107.133
14359,01/25/2026 01:12:15,0.12,107.119
14360,01/25/2026 01:22:15,0.12,107.128
14361,01/25/2026 01:32:15,0.12,107.137
14362,01/25/2026 01:42:15,0.12,107.159
14363,01/25/2026 01:52:15,0.12,107.172
14364,01/25/2026 02:02:15,0.12,107.176
14365,01/25/2026 02:12:15,0.12,107.181
14366,01/25/2026 02:22:15,0.12,107.181
14367,01/25/2026 02:32:15,0.12,107.137
14368,01/25/2026 02:42:15,0.13,107.133
14369,01/25/2026 02:52:15,0.13,107.151
14370,01/25/2026 03:02:15,0.13,107.168
14371,01/25/2026 03:12:15,0.13,107.120
14372,01/25/2026 03:22:15,0.13,107.138
14373,01/25/2026 03:32:15,0.13,107.098
14374,01/25/2026 03:42:15,0.13,107.098
14375,01/25/2026 03:52:15,0.13,107.098
14376,01/25/2026 04:02:15,0.13,107.138
14377,01/25/2026 04:12:15,0.13,107.116
14378,01/25/2026 04:22:15,0.14,107.103
14379,01/25/2026 04:32:15,0.14,107.089
14380,01/25/2026 04:42:15,0.14,107.120
14381,01/25/2026 04:52:15,0.14,107.103
14382,01/25/2026 05:02:15,0.15,107.116
14383,01/25/2026 05:12:15,0.15,107.147
14384,01/25/2026 05:22:15,0.16,107.125
14385,01/25/2026 05:32:15,0.16,107.099
14386,01/25/2026 05:42:15,0.16,107.099
14387,01/25/2026 05:52:15,0.16,107.081
14388,01/25/2026 06:02:15,0.16,107.064
14389,01/25/2026 06:12:15,0.16,107.046
14390,01/25/2026 06:22:15,0.16,107.042
14391,01/25/2026 06:32:15,0.16,107.033
14392,01/25/2026 06:42:15,0.16,107.016
14393,01/25/2026 06:52:15,0.16,107.060
14394,01/25/2026 07:02:15,0.17,106.994
14395,01/25/2026 07:12:15,0.17,106.998
14396,01/25/2026 07:22:15,0.17,106.985
14397,01/25/2026 07:32:15,0.17,106.985
14398,01/25/2026 07:42:15,0.17,106.977
14399,01/25/2026 07:52:15,0.18,106.959
14400,01/25/2026 08:02:15,0.18,106.951
14401,01/25/2026 08:12:15,0.18,106.885
14402,01/25/2026 08:22:15,0.19,106.881
14403,01/25/2026 08:32:15,0.19,106.885
14404,01/25/2026 08:42:15,0.19,106.903
14405,01/25/2026 08:52:15,0.19,106.885
14406,01/25/2026 09:02:15,0.20,106.881
14407,01/25/2026 09:12:15,0.20,106.921
14408,01/25/2026 09:22:15,0.20,106.947
14409,01/25/2026 09:32:15,0.21,106.939
14410,01/25/2026 09:42:15,0.21,106.969
14411,01/25/2026 09:52:15,0.20,106.973
14412,01/25/2026 10:02:15,0.20,106.951
14413,01/25/2026 10:12:15,0.19,106.947
14414,01/25/2026 10:22:15,0.18,106.920
14415,01/25/2026 10:32:15,0.17,106.880
14416,01/25/2026 10:42:15,0.15,106.866
14417,01/25/2026 10:52:15,0.14,106.813
14418,01/25/2026 11:02:15,0.13,106.817
14419,01/25/2026 11:12:15,0.12,106.769
14420,01/25/2026 11:22:15,0.10,106.768
14421,01/25/2026 11:32:15,0.09,106.746
14422,01/25/2026 11:42:15,0.08,106.741
14423,01/25/2026 11:52:15,0.08,106.684
14424,01/25/2026 12:02:15,0.07,106.640
14425,01/25/2026 12:12:15,0.07,106.653
14426,01/25/2026 12:22:15,0.06,106.683
14427,01/25/2026 12:32:15,0.06,106.705
14428,01/25/2026 12:42:15,0.05,106.683
14429,01/25/2026 12:52:15,0.04,106.700
14430,01/25/2026 13:02:15,0.03,106.691
14431,01/25/2026 13:12:15,0.03,106.665
14432,01/25/2026 13:22:15,0.02,106.713
14433,01/25/2026 13:32:15,0.02,106.765
14434,01/25/2026 13:42:15,0.02,106.840
14435,01/25/2026 13:52:15,0.03,106.928
14436,01/25/2026 14:02:15,0.03,106.971
14437,01/25/2026 14:12:15,0.03,107.064
14438,01/25/2026 14:22:15,0.03,107.099
14439,01/25/2026 14:32:15,0.03,107.195
14440,01/25/2026 14:42:15,0.03,107.200
14441,01/25/2026 14:52:15,0.03,107.252
14442,01/25/2026 15:02:15,0.02,107.327
14443,01/25/2026 15:12:15,0.03,107.357
14444,01/25/2026 15:22:15,0.03,107.419
14445,01/25/2026 15:32:15,0.03,107.379
14446,01/25/2026 15:42:15,0.04,107.340
14447,01/25/2026 15:52:15,0.03,107.305
14448,01/25/2026 16:02:15,0.03,107.397
14449,01/25/2026 16:12:15,0.04,107.410
14450,01/25/2026 16:22:15,0.04,107.380
14451,01/25/2026 16:32:15,0.05,107.428
14452,01/25/2026 16:42:15,0.06,107.459
14453,01/25/2026 16:52:15,0.05,107.468
14454,01/25/2026 17:02:15,0.05,107.490
14455,01/25/2026 17:12:15,0.05,107.503
14456,01/25/2026 17:22:15,0.05,107.516
14457,01/25/2026 17:32:15,0.06,107.551
14458,01/25/2026 17:42:15,0.06,107.604
14459,01/25/2026 17:52:15,0.08,107.662
14460,01/25/2026 18:02:15,0.09,107.592
14461,01/25/2026 18:12:15,0.07,107.569
14462,01/25/2026 18:22:15,0.06,107.556
14463,01/25/2026 18:32:15,0.05,107.534
14464,01/25/2026 18:42:15,0.05,107.490
14465,01/25/2026 18:52:15,0.05,107.446
14466,01/25/2026 19:02:15,0.05,107.411
14467,01/25/2026 19:12:15,0.06,107.385
14468,01/25/2026 19:22:15,0.07,107.350
14469,01/25/2026 19:32:15,0.07,107.289
14470,01/25/2026 19:42:15,0.06,107.227
14471,01/25/2026 19:52:15,0.06,107.205
14472,01/25/2026 20:02:15,0.06,107.179
14473,01/25/2026 20:12:15,0.06,107.157
14474,01/25/2026 20:22:15,0.06,107.087
14475,01/25/2026 20:32:15,0.07,107.061
14476,01/25/2026 20:42:15,0.08,106.987
14477,01/25/2026 20:52:15,0.09,106.903
14478,01/25/2026 21:02:15,0.08,106.859
14479,01/25/2026 21:12:15,0.08,106.802
14480,01/25/2026 21:22:15,0.08,106.750
14481,01/25/2026 21:32:15,0.08,106.706
14482,01/25/2026 21:42:15,0.07,106.697
14483,01/25/2026 21:52:15,0.08,106.614
14484,01/25/2026 22:02:15,0.08,106.487
14485,01/25/2026 22:12:15,0.08,106.522
14486,01/25/2026 22:22:15,0.07,106.552
14487,01/25/2026 22:32:15,0.06,106.631
14488,01/25/2026 22:42:15,0.06,106.670
14489,01/25/2026 22:52:15,0.06,106.679
14490,01/25/2026 23:02:15,0.05,106.582
14491,01/25/2026 23:12:15,0.05,106.551
14492,01/25/2026 23:22:15,0.06,106.530
14493,01/25/2026 23:32:15,0.05,106.512
14494,01/25/2026 23:42:15,0.05,106.455
14495,01/25/2026 23:52:15,0.05,106.459
14496,01/26/2026 00:02:15,0.04,106.459
14497,01/26/2026 00:12:15,0.04,106.406
14498,01/26/2026 00:22:15,0.04,106.349
14499,01/26/2026 00:32:15,0.03,106.279
14500,01/26/2026 00:42:15,0.03,106.231
14501,01/26/2026 00:52:15,0.03,106.143
14502,01/26/2026 01:02:15,0.03,106.152
14503,01/26/2026 01:12:15,0.03,106.130
14504,01/26/2026 01:22:15,0.03,106.099
14505,01/26/2026 01:32:15,0.04,106.033
14506,01/26/2026 01:42:15,0.06,105.995
14507,01/26/2026 01:52:15,0.08,105.978
14508,01/26/2026 02:02:15,0.10,106.027
14509,01/26/2026 02:12:15,0.09,106.031
14510,01/26/2026 02:22:15,0.08,106.013
14511,01/26/2026 02:32:15,0.07,106.004
14512,01/26/2026 02:42:15,0.06,105.929
14513,01/26/2026 02:52:15,0.06,105.916
14514,01/26/2026 03:02:15,0.05,105.911
14515,01/26/2026 03:12:15,0.05,105.907
14516,01/26/2026 03:22:15,0.05,105.880
14517,01/26/2026 03:32:15,0.05,105.837
14518,01/26/2026 03:42:15,0.05,105.872
14519,01/26/2026 03:52:15,0.06,105.841
14520,01/26/2026 04:02:15,0.06,105.867
14521,01/26/2026 04:12:15,0.06,105.815
14522,01/26/2026 04:22:15,0.06,105.749
14523,01/26/2026 04:32:15,0.06,105.710
14524,01/26/2026 04:42:15,0.06,105.648
14525,01/26/2026 04:52:15,0.06,105.688
14526,01/26/2026 05:02:15,0.07,105.679
14527,01/26/2026 05:12:15,0.07,105.561
14528,01/26/2026 05:22:15,0.07,105.631
14529,01/26/2026 05:32:15,0.07,105.614
14530,01/26/2026 05:42:15,0.07,105.627
14531,01/26/2026 05:52:15,0.08,105.601
14532,01/26/2026 06:02:15,0.08,105.566
14533,01/26/2026 06:12:15,0.08,105.583
14534,01/26/2026 06:22:15,0.08,105.605
14535,01/26/2026 06:32:15,0.08,105.596
14536,01/26/2026 06:42:15,0.08,105.579
14537,01/26/2026 06:52:15,0.09,105.522
14538,01/26/2026 07:02:15,0.09,105.544
14539,01/26/2026 07:12:15,0.09,105.544
14540,01/26/2026 07:22:15,0.10,105.496
14541,01/26/2026 07:32:15,0.10,105.487
14542,01/26/2026 07:42:15,0.10,105.457
14543,01/26/2026 07:52:15,0.11,105.479
14544,01/26/2026 08:02:15,0.11,105.497
14545,01/26/2026 08:12:15,0.11,105.505
14546,01/26/2026 08:22:15,0.12,105.492
14547,01/26/2026 08:32:15,0.12,105.475
14548,01/26/2026 08:42:15,0.13,105.475
14549,01/26/2026 08:52:15,0.13,105.445
14550,01/26/2026 09:02:15,0.13,105.405
14551,01/26/2026 09:12:15,0.14,105.392
14552,01/26/2026 09:22:15,0.14,105.375
14553,01/26/2026 09:32:15,0.15,105.336
14554,01/26/2026 09:42:15,0.16,105.318
14555,01/26/2026 09:52:15,0.16,105.310
14556,01/26/2026 10:02:15,0.17,105.297
14557,01/26/2026 10:12:15,0.18,105.288
14558,01/26/2026 10:22:15,0.18,105.267
14559,01/26/2026 10:32:15,0.19,105.219
14560,01/26/2026 10:42:15,0.20,105.197
14561,01/26/2026 10:52:15,0.20,105.197
14562,01/26/2026 11:02:15,0.20,105.188
14563,01/26/2026 11:12:15,0.20,105.193
14564,01/26/2026 11:22:15,0.20,105.144
14565,01/26/2026 11:32:15,0.20,105.101
14566,01/26/2026 11:42:15,0.20,105.065
14567,01/26/2026 11:52:15,0.20,105.048
14568,01/26/2026 12:02:15,0.20,105.022
14569,01/26/2026 12:12:15,0.20,105.004
14570,01/26/2026 12:22:15,0.21,105.009
14571,01/26/2026 12:32:15,0.22,105.013
14572,01/26/2026 12:42:15,0.23,104.970
14573,01/26/2026 12:52:15,0.24,104.953
14574,01/26/2026 13:02:15,0.25,104.931
14575,01/26/2026 13:12:15,0.26,104.901
14576,01/26/2026 13:22:15,0.27,104.901
14577,01/26/2026 13:32:15,0.28,104.866
14578,01/26/2026 13:42:15,0.28,104.849
14579,01/26/2026 13:52:15,0.29,104.854
14580,01/26/2026 14:02:15,0.30,104.867
14581,01/26/2026 14:12:15,0.30,104.841
14582,01/26/2026 14:22:15,0.31,104.854
14583,01/26/2026 14:32:15,0.31,104.863
14584,01/26/2026 14:42:15,0.31,104.841
14585,01/26/2026 14:52:15,0.31,104.811
14586,01/26/2026 15:02:15,0.31,104.810
14587,01/26/2026 15:12:15,0.31,104.797
14588,01/26/2026 15:22:15,0.31,104.784
14589,01/26/2026 15:32:15,0.31,104.806
14590,01/26/2026 15:42:15,0.31,104.793
14591,01/26/2026 15:52:15,0.30,104.797
14592,01/26/2026 16:02:15,0.30,104.806
14593,01/26/2026 16:12:15,0.30,104.845
14594,01/26/2026 16:22:15,0.30,104.863
14595,01/26/2026 16:32:15,0.30,104.854
14596,01/26/2026 16:42:15,0.29,104.845
14597,01/26/2026 16:52:15,0.29,104.858
14598,01/26/2026 17:02:15,0.28,104.880
14599,01/26/2026 17:12:15,0.28,104.902
14600,01/26/2026 17:22:15,0.28,104.910
14601,01/26/2026 17:32:15,0.27,104.936
14602,01/26/2026 17:42:15,0.27,104.958
14603,01/26/2026 17:52:15,0.26,105.002
14604,01/26/2026 18:02:15,0.26,105.032
14605,01/26/2026 18:12:15,0.26,105.045
14606,01/26/2026 18:22:15,0.25,105.054
14607,01/26/2026 18:32:15,0.24,105.063
14608,01/26/2026 18:42:15,0.24,105.084
14609,01/26/2026 18:52:15,0.24,105.106
14610,01/26/2026 19:02:15,0.23,105.132
14611,01/26/2026 19:12:15,0.22,105.123
14612,01/26/2026 19:22:15,0.22,105.141
14613,01/26/2026 19:32:15,0.22,105.180
14614,01/26/2026 19:42:15,0.22,105.171
14615,01/26/2026 19:52:15,0.22,105.163
14616,01/26/2026 20:02:15,0.22,105.167
14617,01/26/2026 20:12:15,0.22,105.167
14618,01/26/2026 20:22:15,0.22,105.158
14619,01/26/2026 20:32:15,0.21,105.149
14620,01/26/2026 20:42:15,0.21,105.154
14621,01/26/2026 20:52:15,0.21,105.162
14622,01/26/2026 21:02:15,0.21,105.188
14623,01/26/2026 21:12:15,0.20,105.193
14624,01/26/2026 21:22:15,0.20,105.175
14625,01/26/2026 21:32:15,0.19,105.210
14626,01/26/2026 21:42:15,0.19,105.201
14627,01/26/2026 21:52:15,0.18,105.205
14628,01/26/2026 22:02:15,0.18,105.231
14629,01/26/2026 22:12:15,0.17,105.240
14630,01/26/2026 22:22:15,0.16,105.248
14631,01/26/2026 22:32:15,0.15,105.252
14632,01/26/2026 22:42:15,0.15,105.261
14633,01/26/2026 22:52:15,0.14,105.270
14634,01/26/2026 23:02:15,0.14,105.278
14635,01/26/2026 23:12:15,0.13,105.287
14636,01/26/2026 23:22:15,0.13,105.331
14637,01/26/2026 23:32:15,0.13,105.326
14638,01/26/2026 23:42:15,0.13,105.339
14639,01/26/2026 23:52:15,0.12,105.357
14640,01/27/2026 00:02:15,0.12,105.370
14641,01/27/2026 00:12:15,0.12,105.427
14642,01/27/2026 00:22:15,0.12,105.462
14643,01/27/2026 00:32:15,0.12,105.462
14644,01/27/2026 00:42:15,0.12,105.501
14645,01/27/2026 00:52:15,0.12,105.527
14646,01/27/2026 01:02:15,0.11,105.532
14647,01/27/2026 01:12:15,0.11,105.576
14648,01/27/2026 01:22:15,0.11,105.597
14649,01/27/2026 01:32:15,0.11,105.615
14650,01/27/2026 01:42:15,0.10,105.628
14651,01/27/2026 01:52:15,0.10,105.632
14652,01/27/2026 02:02:15,0.10,105.654
14653,01/27/2026 02:12:15,0.10,105.650
14654,01/27/2026 02:22:15,0.09,105.676
14655,01/27/2026 02:32:15,0.09,105.689
14656,01/27/2026 02:42:15,0.09,105.724
14657,01/27/2026 02:52:15,0.09,105.759
14658,01/27/2026 03:02:15,0.09,105.772
14659,01/27/2026 03:12:15,0.08,105.781
14660,01/27/2026 03:22:15,0.08,105.767
14661,01/27/2026 03:32:15,0.08,105.745
14662,01/27/2026 03:42:15,0.07,105.763
14663,01/27/2026 03:52:15,0.07,105.785
14664,01/27/2026 04:02:15,0.07,105.802
14665,01/27/2026 04:12:15,0.06,105.841
14666,01/27/2026 04:22:15,0.06,105.872
14667,01/27/2026 04:32:15,0.06,105.872
14668,01/27/2026 04:42:15,0.06,105.872
14669,01/27/2026 04:52:15,0.06,105.894
14670,01/27/2026 05:02:15,0.05,105.907
14671,01/27/2026 05:12:15,0.05,105.929
14672,01/27/2026 05:22:15,0.05,105.951
14673,01/27/2026 05:32:15,0.05,105.964
14674,01/27/2026 05:42:15,0.05,105.968
14675,01/27/2026 05:52:15,0.05,105.959
14676,01/27/2026 06:02:15,0.04,105.955
14677,01/27/2026 06:12:15,0.04,105.985
14678,01/27/2026 06:22:15,0.04,106.020
14679,01/27/2026 06:32:15,0.03,106.016
14680,01/27/2026 06:42:15,0.03,106.042
14681,01/27/2026 06:52:15,0.03,106.038
14682,01/27/2026 07:02:15,0.03,106.033
14683,01/27/2026 07:12:15,0.03,106.055
14684,01/27/2026 07:22:15,0.03,106.077
14685,01/27/2026 07:32:15,0.04,106.073
14686,01/27/2026 07:42:15,0.04,106.060
14687,01/27/2026 07:52:15,0.04,106.077
14688,01/27/2026 08:02:15,0.04,106.082
14689,01/27/2026 08:12:15,0.05,106.091
14690,01/27/2026 08:22:15,0.05,106.100
14691,01/27/2026 08:32:15,0.06,106.109
14692,01/27/2026 08:42:15,0.07,106.100
14693,01/27/2026 08:52:15,0.08,106.105
14694,01/27/2026 09:02:15,0.10,106.084
14695,01/27/2026 09:12:15,0.11,106.076
14696,01/27/2026 09:22:15,0.13,106.063
14697,01/27/2026 09:32:15,0.15,106.081
14698,01/27/2026 09:42:15,0.17,106.064
14699,01/27/2026 09:52:15,0.18,106.021
14700,01/27/2026 10:02:15,0.19,106.008
14701,01/27/2026 10:12:15,0.20,105.991
14702,01/27/2026 10:22:15,0.20,105.969
14703,01/27/2026 10:32:15,0.21,105.956
14704,01/27/2026 10:42:15,0.22,105.952
14705,01/27/2026 10:52:15,0.23,105.904
14706,01/27/2026 11:02:15,0.25,105.887
14707,01/27/2026 11:12:15,0.27,105.871
14708,01/27/2026 11:22:15,0.28,105.840
14709,01/27/2026 11:32:15,0.30,105.841
14710,01/27/2026 11:42:15,0.32,105.833
14711,01/27/2026 11:52:15,0.33,105.807
14712,01/27/2026 12:02:15,0.35,105.790
14713,01/27/2026 12:12:15,0.37,105.765
14714,01/27/2026 12:22:15,0.39,105.748
14715,01/27/2026 12:32:15,0.40,105.708
14716,01/27/2026 12:42:15,0.40,105.704
14717,01/27/2026 12:52:15,0.41,105.652
14718,01/27/2026 13:02:15,0.41,105.639
14719,01/27/2026 13:12:15,0.41,105.599
14720,01/27/2026 13:22:15,0.41,105.578
14721,01/27/2026 13:32:15,0.41,105.538
14722,01/27/2026 13:42:15,0.41,105.511
14723,01/27/2026 13:52:15,0.40,105.502
14724,01/27/2026 14:02:15,0.39,105.476
14725,01/27/2026 14:12:15,0.39,105.462
14726,01/27/2026 14:22:15,0.38,105.445
14727,01/27/2026 14:32:15,0.37,105.444
14728,01/27/2026 14:42:15,0.36,105.426
14729,01/27/2026 14:52:15,0.35,105.439
14730,01/27/2026 15:02:15,0.35,105.439
14731,01/27/2026 15:12:15,0.34,105.439
14732,01/27/2026 15:22:15,0.33,105.439
14733,01/27/2026 15:32:15,0.32,105.460
14734,01/27/2026 15:42:15,0.32,105.456
14735,01/27/2026 15:52:15,0.31,105.482
14736,01/27/2026 16:02:15,0.30,105.486
14737,01/27/2026 16:12:15,0.29,105.485
14738,01/27/2026 16:22:15,0.28,105.494
14739,01/27/2026 16:32:15,0.27,105.476
14740,01/27/2026 16:42:15,0.27,105.489
14741,01/27/2026 16:52:15,0.26,105.511
14742,01/27/2026 17:02:15,0.25,105.506
14743,01/27/2026 17:12:15,0.24,105.519
14744,01/27/2026 17:22:15,0.23,105.527
14745,01/27/2026 17:32:15,0.22,105.549
14746,01/27/2026 17:42:15,0.21,105.518
14747,01/27/2026 17:52:15,0.20,105.530
14748,01/27/2026 18:02:15,0.19,105.543
14749,01/27/2026 18:12:15,0.18,105.573
14750,01/27/2026 18:22:15,0.17,105.591
14751,01/27/2026 18:32:15,0.16,105.617
14752,01/27/2026 18:42:15,0.16,105.630
14753,01/27/2026 18:52:15,0.15,105.638
14754,01/27/2026 19:02:15,0.15,105.647
14755,01/27/2026 19:12:15,0.15,105.652
14756,01/27/2026 19:22:15,0.15,105.665
14757,01/27/2026 19:32:15,0.15,105.647
14758,01/27/2026 19:42:15,0.15,105.638
14759,01/27/2026 19:52:15,0.14,105.629
14760,01/27/2026 20:02:15,0.14,105.642
14761,01/27/2026 20:12:15,0.13,105.655
14762,01/27/2026 20:22:15,0.13,105.646
14763,01/27/2026 20:32:15,0.12,105.650
14764,01/27/2026 20:42:15,0.12,105.685
14765,01/27/2026 20:52:15,0.11,105.672
14766,01/27/2026 21:02:15,0.11,105.668
14767,01/27/2026 21:12:15,0.11,105.694
14768,01/27/2026 21:22:15,0.11,105.707
14769,01/27/2026 21:32:15,0.10,105.711
14770,01/27/2026 21:42:15,0.10,105.720
14771,01/27/2026 21:52:15,0.10,105.729
14772,01/27/2026 22:02:15,0.09,105.733
14773,01/27/2026 22:12:15,0.09,105.737
14774,01/27/2026 22:22:15,0.09,105.728
14775,01/27/2026 22:32:15,0.08,105.732
14776,01/27/2026 22:42:15,0.08,105.745
14777,01/27/2026 22:52:15,0.08,105.741
14778,01/27/2026 23:02:15,0.07,105.750
14779,01/27/2026 23:12:15,0.07,105.745
14780,01/27/2026 23:22:15,0.07,105.763
14781,01/27/2026 23:32:15,0.06,105.758
14782,01/27/2026 23:42:15,0.06,105.745
14783,01/27/2026 23:52:15,0.06,105.767
14784,01/28/2026 00:02:15,0.05,105.766
14785,01/28/2026 00:12:15,0.05,105.766
14786,01/28/2026 00:22:15,0.05,105.766
14787,01/28/2026 00:32:15,0.05,105.758
14788,01/28/2026 00:42:15,0.05,105.753
14789,01/28/2026 00:52:15,0.05,105.762
14790,01/28/2026 01:02:15,0.04,105.788
14791,01/28/2026 01:12:15,0.04,105.784
14792,01/28/2026 01:22:15,0.04,105.797
14793,01/28/2026 01:32:15,0.04,105.797
14794,01/28/2026 01:42:15,0.04,105.797
14795,01/28/2026 01:52:15,0.04,105.805
14796,01/28/2026 02:02:15,0.04,105.827
14797,01/28/2026 02:12:15,0.04,105.818
14798,01/28/2026 02:22:15,0.04,105.832
14799,01/28/2026 02:32:15,0.04,105.840
14800,01/28/2026 02:42:15,0.03,105.858
14801,01/28/2026 02:52:15,0.03,105.853
14802,01/28/2026 03:02:15,0.03,105.858
14803,01/28/2026 03:12:15,0.03,105.849
14804,01/28/2026 03:22:15,0.03,105.840
14805,01/28/2026 03:32:15,0.03,105.853
14806,01/28/2026 03:42:15,0.04,105.862
14807,01/28/2026 03:52:15,0.04,105.862
14808,01/28/2026 04:02:15,0.04,105.880
14809,01/28/2026 04:12:15,0.04,105.880
14810,01/28/2026 04:22:15,0.04,105.889
14811,01/28/2026 04:32:15,0.04,105.902
14812,01/28/2026 04:42:15,0.04,105.906
14813,01/28/2026 04:52:15,0.04,105.906
14814,01/28/2026 05:02:15,0.03,105.910
14815,01/28/2026 05:12:15,0.03,105.906
14816,01/28/2026 05:22:15,0.03,105.919
14817,01/28/2026 05:32:15,0.03,105.941
14818,01/28/2026 05:42:15,0.03,105.945
14819,01/28/2026 05:52:15,0.03,105.945
14820,01/28/2026 06:02:15,0.03,105.954
14821,01/28/2026 06:12:15,0.02,105.958
14822,01/28/2026 06:22:15,0.02,105.967
14823,01/28/2026 06:32:15,0.02,105.998
14824,01/28/2026 06:42:15,0.02,105.998
14825,01/28/2026 06:52:15,0.02,106.015
14826,01/28/2026 07:02:15,0.02,106.028
14827,01/28/2026 07:12:15,0.02,106.050
14828,01/28/2026 07:22:15,0.02,106.064
14829,01/28/2026 07:32:15,0.02,106.099
14830,01/28/2026 07:42:15,0.02,106.103
14831,01/28/2026 07:52:15,0.02,106.103
14832,01/28/2026 08:02:15,0.03,106.121
14833,01/28/2026 08:12:15,0.03,106.121
14834,01/28/2026 08:22:15,0.04,106.139
14835,01/28/2026 08:32:15,0.04,106.139
14836,01/28/2026 08:42:15,0.05,106.152
14837,01/28/2026 08:52:15,0.05,106.144
14838,01/28/2026 09:02:15,0.06,106.148
14839,01/28/2026 09:12:15,0.07,106.131
14840,01/28/2026 09:22:15,0.08,106.127
14841,01/28/2026 09:32:15,0.09,106.119
14842,01/28/2026 09:42:15,0.11,106.106
14843,01/28/2026 09:52:15,0.12,106.094
14844,01/28/2026 10:02:15,0.14,106.103
14845,01/28/2026 10:12:15,0.16,106.108
14846,01/28/2026 10:22:15,0.17,106.104
14847,01/28/2026 10:32:15,0.19,106.083
14848,01/28/2026 10:42:15,0.21,106.083
14849,01/28/2026 10:52:15,0.22,106.062
14850,01/28/2026 11:02:15,0.24,106.010
14851,01/28/2026 11:12:15,0.26,106.002
14852,01/28/2026 11:22:15,0.27,105.980
14853,01/28/2026 11:32:15,0.28,105.937
14854,01/28/2026 11:42:15,0.29,105.929
14855,01/28/2026 11:52:15,0.30,105.911
14856,01/28/2026 12:02:15,0.31,105.881
14857,01/28/2026 12:12:15,0.33,105.864
14858,01/28/2026 12:22:15,0.34,105.882
14859,01/28/2026 12:32:15,0.36,105.852
14860,01/28/2026 12:42:15,0.37,105.852
14861,01/28/2026 12:52:15,0.38,105.835
14862,01/28/2026 13:02:15,0.38,105.809
14863,01/28/2026 13:12:15,0.38,105.783
14864,01/28/2026 13:22:15,0.38,105.787
14865,01/28/2026 13:32:15,0.38,105.782
14866,01/28/2026 13:42:15,0.38,105.752
14867,01/28/2026 13:52:15,0.37,105.743
14868,01/28/2026 14:02:15,0.37,105.729
14869,01/28/2026 14:12:15,0.36,105.720
14870,01/28/2026 14:22:15,0.35,105.729
14871,01/28/2026 14:32:15,0.35,105.715
14872,01/28/2026 14:42:15,0.34,105.706
14873,01/28/2026 14:52:15,0.33,105.671
14874,01/28/2026 15:02:15,0.32,105.684
14875,01/28/2026 15:12:15,0.31,105.692
14876,01/28/2026 15:22:15,0.31,105.692
14877,01/28/2026 15:32:15,0.30,105.674
14878,01/28/2026 15:42:15,0.29,105.674
14879,01/28/2026 15:52:15,0.28,105.678
14880,01/28/2026 16:02:15,0.27,105.656
14881,01/28/2026 16:12:15,0.26,105.664
14882,01/28/2026 16:22:15,0.26,105.668
14883,01/28/2026 16:32:15,0.25,105.681
14884,01/28/2026 16:42:15,0.24,105.668
14885,01/28/2026 16:52:15,0.23,105.667
14886,01/28/2026 17:02:15,0.22,105.676
14887,01/28/2026 17:12:15,0.21,105.667
14888,01/28/2026 17:22:15,0.21,105.667
14889,01/28/2026 17:32:15,0.20,105.662
14890,01/28/2026 17:42:15,0.19,105.662
14891,01/28/2026 17:52:15,0.19,105.679
14892,01/28/2026 18:02:15,0.18,105.679
14893,01/28/2026 18:12:15,0.17,105.696
14894,01/28/2026 18:22:15,0.17,105.700
14895,01/28/2026 18:32:15,0.16,105.722
14896,01/28/2026 18:42:15,0.15,105.695
14897,01/28/2026 18:52:15,0.15,105.713
14898,01/28/2026 19:02:15,0.14,105.721
14899,01/28/2026 19:12:15,0.13,105.721
14900,01/28/2026 19:22:15,0.13,105.721
14901,01/28/2026 19:32:15,0.12,105.712
14902,01/28/2026 19:42:15,0.12,105.681
14903,01/28/2026 19:52:15,0.12,105.685
14904,01/28/2026 20:02:15,0.11,105.681
14905,01/28/2026 20:12:15,0.11,105.668
14906,01/28/2026 20:22:15,0.11,105.654
14907,01/28/2026 20:32:15,0.10,105.672
14908,01/28/2026 20:42:15,0.10,105.654
14909,01/28/2026 20:52:15,0.10,105.658
14910,01/28/2026 21:02:15,0.09,105.654
14911,01/28/2026 21:12:15,0.09,105.667
14912,01/28/2026 21:22:15,0.09,105.671
14913,01/28/2026 21:32:15,0.09,105.645
14914,01/28/2026 21:42:15,0.09,105.649
14915,01/28/2026 21:52:15,0.08,105.623
14916,01/28/2026 22:02:15,0.08,105.640
14917,01/28/2026 22:12:15,0.08,105.649
14918,01/28/2026 22:22:15,0.08,105.623
14919,01/28/2026 22:32:15,0.08,105.631
14920,01/28/2026 22:42:15,0.08,105.623
14921,01/28/2026 22:52:15,0.08,105.631
14922,01/28/2026 23:02:15,0.08,105.614
14923,01/28/2026 23:12:15,0.08,105.622
14924,01/28/2026 23:22:15,0.07,105.631
14925,01/28/2026 23:32:15,0.07,105.614
14926,01/28/2026 23:42:15,0.07,105.618
14927,01/28/2026 23:52:15,0.07,105.622
14928,01/29/2026 00:02:15,0.07,105.627
14929,01/29/2026 00:12:15,0.06,105.613
14930,01/29/2026 00:22:15,0.06,105.631
14931,01/29/2026 00:32:15,0.06,105.613
14932,01/29/2026 00:42:15,0.07,105.609
14933,01/29/2026 00:52:15,0.07,105.587
14934,01/29/2026 01:02:15,0.07,105.596
14935,01/29/2026 01:12:15,0.07,105.592
14936,01/29/2026 01:22:15,0.07,105.578
14937,01/29/2026 01:32:15,0.07,105.574
14938,01/29/2026 01:42:15,0.07,105.578
14939,01/29/2026 01:52:15,0.07,105.605
14940,01/29/2026 02:02:15,0.07,105.587
14941,01/29/2026 02:12:15,0.06,105.600
14942,01/29/2026 02:22:15,0.06,105.591
14943,01/29/2026 02:32:15,0.06,105.613
14944,01/29/2026 02:42:15,0.06,105.613
14945,01/29/2026 02:52:15,0.06,105.604
14946,01/29/2026 03:02:15,0.06,105.587
14947,01/29/2026 03:12:15,0.06,105.596
14948,01/29/2026 03:22:15,0.06,105.617
14949,01/29/2026 03:32:15,0.06,105.617
14950,01/29/2026 03:42:15,0.05,105.609
14951,01/29/2026 03:52:15,0.05,105.600
14952,01/29/2026 04:02:15,0.05,105.595
14953,01/29/2026 04:12:15,0.05,105.630
14954,01/29/2026 04:22:15,0.04,105.635
14955,01/29/2026 04:32:15,0.04,105.630
14956,01/29/2026 04:42:15,0.04,105.630
14957,01/29/2026 04:52:15,0.04,105.630
14958,01/29/2026 05:02:15,0.03,105.639
14959,01/29/2026 05:12:15,0.03,105.643
14960,01/29/2026 05:22:15,0.03,105.652
14961,01/29/2026 05:32:15,0.03,105.643
14962,01/29/2026 05:42:15,0.03,105.647
14963,01/29/2026 05:52:15,0.03,105.652
14964,01/29/2026 06:02:15,0.03,105.660
14965,01/29/2026 06:12:15,0.03,105.673
14966,01/29/2026 06:22:15,0.03,105.691
14967,01/29/2026 06:32:15,0.03,105.713
14968,01/29/2026 06:42:15,0.03,105.708
14969,01/29/2026 06:52:15,0.03,105.713
14970,01/29/2026 07:02:15,0.03,105.722
14971,01/29/2026 07:12:15,0.03,105.726
14972,01/29/2026 07:22:15,0.03,105.744
14973,01/29/2026 07:32:15,0.03,105.752
14974,01/29/2026 07:42:15,0.03,105.774
14975,01/29/2026 07:52:15,0.03,105.788
14976,01/29/2026 08:02:15,0.04,105.770
14977,01/29/2026 08:12:15,0.04,105.775
14978,01/29/2026 08:22:15,0.05,105.780
14979,01/29/2026 08:32:15,0.06,105.780
14980,01/29/2026 08:42:15,0.06,105.767
14981,01/29/2026 08:52:15,0.07,105.750
14982,01/29/2026 09:02:15,0.08,105.750
14983,01/29/2026 09:12:15,0.09,105.733
14984,01/29/2026 09:22:15,0.10,105.746
14985,01/29/2026 09:32:15,0.11,105.738
14986,01/29/2026 09:42:15,0.12,105.707
14987,01/29/2026 09:52:15,0.13,105.725
14988,01/29/2026 10:02:15,0.14,105.730
14989,01/29/2026 10:12:15,0.16,105.731
14990,01/29/2026 10:22:15,0.17,105.705
14991,01/29/2026 10:32:15,0.19,105.697
14992,01/29/2026 10:42:15,0.20,105.693
14993,01/29/2026 10:52:15,0.22,105.680
14994,01/29/2026 11:02:15,0.23,105.672
14995,01/29/2026 11:12:15,0.25,105.659
14996,01/29/2026 11:22:15,0.27,105.647
14997,01/29/2026 11:32:15,0.28,105.630
14998,01/29/2026 11:42:15,0.30,105.617
14999,01/29/2026 11:52:15,0.32,105.605
15000,01/29/2026 12:02:15,0.33,105.623
15001,01/29/2026 12:12:15,0.35,105.597
15002,01/29/2026 12:22:15,0.36,105.571
15003,01/29/2026 12:32:15,0.38,105.572
15004,01/29/2026 12:42:15,0.39,105.542
15005,01/29/2026 12:52:15,0.40,105.542
15006,01/29/2026 13:02:15,0.40,105.525
15007,01/29/2026 13:12:15,0.40,105.511
15008,01/29/2026 13:22:15,0.40,105.533
15009,01/29/2026 13:32:15,0.40,105.533
15010,01/29/2026 13:42:15,0.39,105.529
15011,01/29/2026 13:52:15,0.39,105.528
15012,01/29/2026 14:02:15,0.38,105.524
15013,01/29/2026 14:12:15,0.37,105.532
15014,01/29/2026 14:22:15,0.36,105.527
15015,01/29/2026 14:32:15,0.35,105.540
15016,01/29/2026 14:42:15,0.35,105.553
15017,01/29/2026 14:52:15,0.33,105.561
15018,01/29/2026 15:02:15,0.32,105.570
15019,01/29/2026 15:12:15,0.31,105.574
15020,01/29/2026 15:22:15,0.29,105.564
15021,01/29/2026 15:32:15,0.28,105.586
15022,01/29/2026 15:42:15,0.27,105.586
15023,01/29/2026 15:52:15,0.26,105.603
15024,01/29/2026 16:02:15,0.25,105.607
15025,01/29/2026 16:12:15,0.25,105.611
15026,01/29/2026 16:22:15,0.24,105.624
15027,01/29/2026 16:32:15,0.23,105.624
15028,01/29/2026 16:42:15,0.22,105.628
15029,01/29/2026 16:52:15,0.22,105.636
15030,01/29/2026 17:02:15,0.21,105.623
15031,01/29/2026 17:12:15,0.20,105.631
15032,01/29/2026 17:22:15,0.19,105.622
15033,01/29/2026 17:32:15,0.18,105.622
15034,01/29/2026 17:42:15,0.17,105.639
15035,01/29/2026 17:52:15,0.17,105.661
15036,01/29/2026 18:02:15,0.16,105.652
15037,01/29/2026 18:12:15,0.15,105.678
15038,01/29/2026 18:22:15,0.15,105.691
15039,01/29/2026 18:32:15,0.14,105.682
15040,01/29/2026 18:42:15,0.14,105.695
15041,01/29/2026 18:52:15,0.14,105.691
15042,01/29/2026 19:02:15,0.14,105.690
15043,01/29/2026 19:12:15,0.14,105.695
15044,01/29/2026 19:22:15,0.13,105.690
15045,01/29/2026 19:32:15,0.13,105.682
15046,01/29/2026 19:42:15,0.13,105.677
15047,01/29/2026 19:52:15,0.13,105.695
15048,01/29/2026 20:02:15,0.13,105.695
15049,01/29/2026 20:12:15,0.13,105.681
15050,01/29/2026 20:22:15,0.12,105.703
15051,01/29/2026 20:32:15,0.12,105.707
15052,01/29/2026 20:42:15,0.12,105.725
15053,01/29/2026 20:52:15,0.12,105.716
15054,01/29/2026 21:02:15,0.12,105.721
15055,01/29/2026 21:12:15,0.12,105.707
15056,01/29/2026 21:22:15,0.12,105.721
15057,01/29/2026 21:32:15,0.12,105.721
15058,01/29/2026 21:42:15,0.12,105.747
15059,01/29/2026 21:52:15,0.12,105.747
15060,01/29/2026 22:02:15,0.12,105.734
15061,01/29/2026 22:12:15,0.12,105.707
15062,01/29/2026 22:22:15,0.12,105.734
15063,01/29/2026 22:32:15,0.12,105.720
15064,01/29/2026 22:42:15,0.11,105.725
15065,01/29/2026 22:52:15,0.11,105.733
15066,01/29/2026 23:02:15,0.11,105.733
15067,01/29/2026 23:12:15,0.11,105.733
15068,01/29/2026 23:22:15,0.11,105.716
15069,01/29/2026 23:32:15,0.11,105.694
15070,01/29/2026 23:42:15,0.11,105.711
15071,01/29/2026 23:52:15,0.11,105.685
15072,01/30/2026 00:02:15,0.11,105.663
15073,01/30/2026 00:12:15,0.11,105.668
15074,01/30/2026 00:22:15,0.12,105.655
15075,01/30/2026 00:32:15,0.12,105.641
15076,01/30/2026 00:42:15,0.11,105.646
15077,01/30/2026 00:52:15,0.11,105.637
15078,01/30/2026 01:02:15,0.11,105.646
15079,01/30/2026 01:12:15,0.11,105.650
15080,01/30/2026 01:22:15,0.11,105.633
15081,01/30/2026 01:32:15,0.11,105.637
15082,01/30/2026 01:42:15,0.11,105.633
15083,01/30/2026 01:52:15,0.11,105.641
15084,01/30/2026 02:02:15,0.11,105.628
15085,01/30/2026 02:12:15,0.11,105.632
15086,01/30/2026 02:22:15,0.11,105.637
15087,01/30/2026 02:32:15,0.10,105.637
15088,01/30/2026 02:42:15,0.10,105.641
15089,01/30/2026 02:52:15,0.10,105.641
15090,01/30/2026 03:02:15,0.10,105.636
15091,01/30/2026 03:12:15,0.10,105.641
15092,01/30/2026 03:22:15,0.10,105.641
15093,01/30/2026 03:32:15,0.10,105.641
15094,01/30/2026 03:42:15,0.10,105.645
15095,01/30/2026 03:52:15,0.10,105.654
15096,01/30/2026 04:02:15,0.10,105.636
15097,01/30/2026 04:12:15,0.10,105.650
15098,01/30/2026 04:22:15,0.09,105.632
15099,01/30/2026 04:32:15,0.09,105.641
15100,01/30/2026 04:42:15,0.09,105.623
15101,01/30/2026 04:52:15,0.09,105.623
15102,01/30/2026 05:02:15,0.09,105.605
15103,01/30/2026 05:12:15,0.09,105.605
15104,01/30/2026 05:22:15,0.08,105.588
15105,01/30/2026 05:32:15,0.08,105.583
15106,01/30/2026 05:42:15,0.08,105.592
15107,01/30/2026 05:52:15,0.08,105.592
15108,01/30/2026 06:02:15,0.08,105.609
15109,01/30/2026 06:12:15,0.08,105.636
15110,01/30/2026 06:22:15,0.08,105.636
15111,01/30/2026 06:32:15,0.08,105.636
15112,01/30/2026 06:42:15,0.07,105.649
15113,01/30/2026 06:52:15,0.07,105.666
15114,01/30/2026 07:02:15,0.06,105.675
15115,01/30/2026 07:12:15,0.06,105.675
15116,01/30/2026 07:22:15,0.06,105.705
15117,01/30/2026 07:32:15,0.06,105.714
15118,01/30/2026 07:42:15,0.06,105.710
15119,01/30/2026 07:52:15,0.06,105.732
15120,01/30/2026 08:02:15,0.06,105.740
15121,01/30/2026 08:12:15,0.07,105.719
15122,01/30/2026 08:22:15,0.07,105.732
15123,01/30/2026 08:32:15,0.08,105.745
15124,01/30/2026 08:42:15,0.09,105.750
15125,01/30/2026 08:52:15,0.09,105.750
15126,01/30/2026 09:02:15,0.10,105.746
15127,01/30/2026 09:12:15,0.10,105.768
15128,01/30/2026 09:22:15,0.11,105.760
15129,01/30/2026 09:32:15,0.12,105.769
15130,01/30/2026 09:42:15,0.13,105.760
15131,01/30/2026 09:52:15,0.13,105.769
15132,01/30/2026 10:02:15,0.14,105.787
15133,01/30/2026 10:12:15,0.16,105.783
15134,01/30/2026 10:22:15,0.17,105.819
15135,01/30/2026 10:32:15,0.19,105.820
15136,01/30/2026 10:42:15,0.23,105.799
15137,01/30/2026 10:52:15,0.24,105.791
15138,01/30/2026 11:02:15,0.25,105.769
15139,01/30/2026 11:12:15,0.26,105.743
15140,01/30/2026 11:22:15,0.27,105.708
15141,01/30/2026 11:32:15,0.28,105.709
15142,01/30/2026 11:42:15,0.29,105.691
15143,01/30/2026 11:52:15,0.30,105.701
15144,01/30/2026 12:02:15,0.31,105.670
15145,01/30/2026 12:12:15,0.33,105.671
15146,01/30/2026 12:22:15,0.34,105.663
15147,01/30/2026 12:32:15,0.35,105.650
15148,01/30/2026 12:42:15,0.37,105.615
15149,01/30/2026 12:52:15,0.38,105.629
15150,01/30/2026 13:02:15,0.38,105.620
15151,01/30/2026 13:12:15,0.38,105.620
15152,01/30/2026 13:22:15,0.38,105.611
15153,01/30/2026 13:32:15,0.37,105.598
15154,01/30/2026 13:42:15,0.37,105.602
15155,01/30/2026 13:52:15,0.36,105.589
15156,01/30/2026 14:02:15,0.36,105.606
15157,01/30/2026 14:12:15,0.35,105.606
15158,01/30/2026 14:22:15,0.33,105.601
15159,01/30/2026 14:32:15,0.32,105.609
15160,01/30/2026 14:42:15,0.31,105.627
15161,01/30/2026 14:52:15,0.30,105.622
15162,01/30/2026 15:02:15,0.29,105.630
15163,01/30/2026 15:12:15,0.28,105.647
15164,01/30/2026 15:22:15,0.27,105.651
15165,01/30/2026 15:32:15,0.25,105.673
15166,01/30/2026 15:42:15,0.24,105.668
15167,01/30/2026 15:52:15,0.23,105.680
15168,01/30/2026 16:02:15,0.22,105.676
15169,01/30/2026 16:12:15,0.21,105.675
15170,01/30/2026 16:22:15,0.20,105.701
15171,01/30/2026 16:32:15,0.19,105.710
15172,01/30/2026 16:42:15,0.18,105.714
15173,01/30/2026 16:52:15,0.18,105.740
15174,01/30/2026 17:02:15,0.17,105.744
15175,01/30/2026 17:12:15,0.17,105.762
15176,01/30/2026 17:22:15,0.16,105.775
15177,01/30/2026 17:32:15,0.16,105.788
15178,01/30/2026 17:42:15,0.15,105.805
15179,01/30/2026 17:52:15,0.15,105.805
15180,01/30/2026 18:02:15,0.14,105.796
15181,01/30/2026 18:12:15,0.14,105.809
15182,01/30/2026 18:22:15,0.14,105.800
15183,01/30/2026 18:32:15,0.13,105.800
15184,01/30/2026 18:42:15,0.13,105.826
15185,01/30/2026 18:52:15,0.12,105.839
15186,01/30/2026 19:02:15,0.12,105.826
15187,01/30/2026 19:12:15,0.12,105.830
15188,01/30/2026 19:22:15,0.11,105.826
15189,01/30/2026 19:32:15,0.11,105.821
15190,01/30/2026 19:42:15,0.11,105.825
15191,01/30/2026 19:52:15,0.10,105.812
15192,01/30/2026 20:02:15,0.10,105.821
15193,01/30/2026 20:12:15,0.10,105.803
15194,01/30/2026 20:22:15,0.09,105.816
15195,01/30/2026 20:32:15,0.09,105.834
15196,01/30/2026 20:42:15,0.09,105.816
15197,01/30/2026 20:52:15,0.08,105.820
15198,01/30/2026 21:02:15,0.08,105.798
15199,01/30/2026 21:12:15,0.08,105.816
15200,01/30/2026 21:22:15,0.08,105.820
15201,01/30/2026 21:32:15,0.08,105.816
15202,01/30/2026 21:42:15,0.08,105.820
15203,01/30/2026 21:52:15,0.08,105.842
15204,01/30/2026 22:02:15,0.08,105.842
15205,01/30/2026 22:12:15,0.07,105.842
15206,01/30/2026 22:22:15,0.07,105.833
15207,01/30/2026 22:32:15,0.07,105.846
15208,01/30/2026 22:42:15,0.07,105.846
15209,01/30/2026 22:52:15,0.07,105.859
15210,01/30/2026 23:02:15,0.06,105.855
15211,01/30/2026 23:12:15,0.06,105.833
15212,01/30/2026 23:22:15,0.06,105.833
15213,01/30/2026 23:32:15,0.06,105.832
15214,01/30/2026 23:42:15,0.06,105.832
15215,01/30/2026 23:52:15,0.06,105.828
15216,01/31/2026 00:02:15,0.06,105.819
15217,01/31/2026 00:12:15,0.06,105.810
15218,01/31/2026 00:22:15,0.05,105.823
15219,01/31/2026 00:32:15,0.05,105.810
15220,01/31/2026 00:42:15,0.05,105.837
15221,01/31/2026 00:52:15,0.05,105.845
15222,01/31/2026 01:02:15,0.05,105.850
15223,01/31/2026 01:12:15,0.05,105.863
15224,01/31/2026 01:22:15,0.05,105.858
15225,01/31/2026 01:32:15,0.05,105.885
15226,01/31/2026 01:42:15,0.05,105.885
15227,01/31/2026 01:52:15,0.05,105.889
15228,01/31/2026 02:02:15,0.05,105.889
15229,01/31/2026 02:12:15,0.05,105.889
15230,01/31/2026 02:22:15,0.05,105.898
15231,01/31/2026 02:32:15,0.05,105.889
15232,01/31/2026 02:42:15,0.05,105.893
15233,01/31/2026 02:52:15,0.05,105.907
15234,01/31/2026 03:02:15,0.05,105.911
15235,01/31/2026 03:12:15,0.05,105.902
15236,01/31/2026 03:22:15,0.04,105.898
15237,01/31/2026 03:32:15,0.04,105.893
15238,01/31/2026 03:42:15,0.04,105.906
15239,01/31/2026 03:52:15,0.04,105.902
15240,01/31/2026 04:02:15,0.04,105.898
15241,01/31/2026 04:12:15,0.04,105.898
15242,01/31/2026 04:22:15,0.04,105.911
15243,01/31/2026 04:32:15,0.04,105.919
15244,01/31/2026 04:42:15,0.04,105.924
15245,01/31/2026 04:52:15,0.04,105.924
15246,01/31/2026 05:02:15,0.04,105.906
15247,01/31/2026 05:12:15,0.04,105.898
15248,01/31/2026 05:22:15,0.04,105.919
15249,01/31/2026 05:32:15,0.04,105.924
15250,01/31/2026 05:42:15,0.04,105.911
15251,01/31/2026 05:52:15,0.04,105.924
15252,01/31/2026 06:02:15,0.04,105.933
15253,01/31/2026 06:12:15,0.04,105.933
15254,01/31/2026 06:22:15,0.04,105.959
15255,01/31/2026 06:32:15,0.04,105.972
15256,01/31/2026 06:42:15,0.04,105.985
15257,01/31/2026 06:52:15,0.04,106.003
15258,01/31/2026 07:02:15,0.04,106.007
15259,01/31/2026 07:12:15,0.04,106.020
15260,01/31/2026 07:22:15,0.04,106.038
15261,01/31/2026 07:32:15,0.04,106.042
15262,01/31/2026 07:42:15,0.04,106.047
15263,01/31/2026 07:52:15,0.04,106.051
15264,01/31/2026 08:02:15,0.05,106.064
15265,01/31/2026 08:12:15,0.05,106.056
15266,01/31/2026 08:22:15,0.06,106.056
15267,01/31/2026 08:32:15,0.06,106.061
15268,01/31/2026 08:42:15,0.07,106.043
15269,01/31/2026 08:52:15,0.08,106.026
15270,01/31/2026 09:02:15,0.08,106.044
15271,01/31/2026 09:12:15,0.09,106.048
15272,01/31/2026 09:22:15,0.09,106.057
15273,01/31/2026 09:32:15,0.10,106.058
15274,01/31/2026 09:42:15,0.12,106.049
15275,01/31/2026 09:52:15,0.13,106.032
15276,01/31/2026 10:02:15,0.14,106.024
15277,01/31/2026 10:12:15,0.15,105.994
15278,01/31/2026 10:22:15,0.17,105.999
15279,01/31/2026 10:32:15,0.19,105.973
15280,01/31/2026 10:42:15,0.20,105.973
15281,01/31/2026 10:52:15,0.22,105.961
15282,01/31/2026 11:02:15,0.23,105.966
15283,01/31/2026 11:12:15,0.25,105.949
15284,01/31/2026 11:22:15,0.26,105.914
15285,01/31/2026 11:32:15,0.27,105.914
15286,01/31/2026 11:42:15,0.28,105.893
15287,01/31/2026 11:52:15,0.29,105.858
15288,01/31/2026 12:02:15,0.31,105.837
15289,01/31/2026 12:12:15,0.32,105.816
15290,01/31/2026 12:22:15,0.34,105.794
15291,01/31/2026 12:32:15,0.35,105.777
15292,01/31/2026 12:42:15,0.37,105.751
15293,01/31/2026 12:52:15,0.38,105.752
15294,01/31/2026 13:02:15,0.39,105.739
15295,01/31/2026 13:12:15,0.39,105.730
15296,01/31/2026 13:22:15,0.39,105.695
15297,01/31/2026 13:32:15,0.39,105.686
15298,01/31/2026 13:42:15,0.39,105.651
15299,01/31/2026 13:52:15,0.39,105.656
15300,01/31/2026 14:02:15,0.39,105.647
15301,01/31/2026 14:12:15,0.38,105.633
15302,01/31/2026 14:22:15,0.38,105.638
15303,01/31/2026 14:32:15,0.37,105.629
15304,01/31/2026 14:42:15,0.36,105.628
15305,01/31/2026 14:52:15,0.36,105.637
15306,01/31/2026 15:02:15,0.35,105.610
15307,01/31/2026 15:12:15,0.34,105.610
15308,01/31/2026 15:22:15,0.33,105.640
15309,01/31/2026 15:32:15,0.32,105.636
15310,01/31/2026 15:42:15,0.31,105.640
15311,01/31/2026 15:52:15,0.30,105.666
15312,01/31/2026 16:02:15,0.30,105.692
15313,01/31/2026 16:12:15,0.29,105.696
15314,01/31/2026 16:22:15,0.28,105.717
15315,01/31/2026 16:32:15,0.27,105.735
15316,01/31/2026 16:42:15,0.26,105.730
15317,01/31/2026 16:52:15,0.26,105.734
15318,01/31/2026 17:02:15,0.25,105.782
15319,01/31/2026 17:12:15,0.24,105.791
15320,01/31/2026 17:22:15,0.23,105.782
15321,01/31/2026 17:32:15,0.23,105.803
15322,01/31/2026 17:42:15,0.22,105.829
15323,01/31/2026 17:52:15,0.21,105.842
15324,01/31/2026 18:02:15,0.20,105.829
15325,01/31/2026 18:12:15,0.19,105.829
15326,01/31/2026 18:22:15,0.19,105.850
15327,01/31/2026 18:32:15,0.18,105.859
15328,01/31/2026 18:42:15,0.18,105.859
15329,01/31/2026 18:52:15,0.17,105.885
15330,01/31/2026 19:02:15,0.17,105.863
15331,01/31/2026 19:12:15,0.17,105.867
15332,01/31/2026 19:22:15,0.17,105.854
15333,01/31/2026 19:32:15,0.16,105.884
15334,01/31/2026 19:42:15,0.16,105.928
15335,01/31/2026 19:52:15,0.16,105.932
15336,01/31/2026 20:02:15,0.16,105.950
15337,01/31/2026 20:12:15,0.15,105.923
15338,01/31/2026 20:22:15,0.15,105.919
15339,01/31/2026 20:32:15,0.14,105.919
15340,01/31/2026 20:42:15,0.14,105.919
15341,01/31/2026 20:52:15,0.14,105.892
15342,01/31/2026 21:02:15,0.13,105.897
15343,01/31/2026 21:12:15,0.13,105.870
15344,01/31/2026 21:22:15,0.13,105.901
15345,01/31/2026 21:32:15,0.13,105.896
15346,01/31/2026 21:42:15,0.13,105.866
15347,01/31/2026 21:52:15,0.12,105.857
15348,01/31/2026 22:02:15,0.12,105.835
15349,01/31/2026 22:12:15,0.12,105.848
15350,01/31/2026 22:22:15,0.12,105.839
15351,01/31/2026 22:32:15,0.12,105.817
15352,01/31/2026 22:42:15,0.12,105.782
15353,01/31/2026 22:52:15,0.12,105.756
15354,01/31/2026 23:02:15,0.12,105.729
15355,01/31/2026 23:12:15,0.13,105.677
15356,01/31/2026 23:22:15,0.13,105.703
15357,01/31/2026 23:32:15,0.13,105.659
15358,01/31/2026 23:42:15,0.13,105.681
15359,01/31/2026 23:52:15,0.13,105.760
15360,02/01/2026 00:02:15,0.13,105.773
15361,02/01/2026 00:12:15,0.13,105.769
15362,02/01/2026 00:22:15,0.13,105.760
15363,02/01/2026 00:32:15,0.13,105.730
15364,02/01/2026 00:42:15,0.13,105.725
15365,02/01/2026 00:52:15,0.13,105.716
15366,02/01/2026 01:02:15,0.13,105.703
15367,02/01/2026 01:12:15,0.13,105.721
15368,02/01/2026 01:22:15,0.13,105.677
15369,02/01/2026 01:32:15,0.13,105.642
15370,02/01/2026 01:42:15,0.14,105.607
15371,02/01/2026 01:52:15,0.14,105.590
15372,02/01/2026 02:02:15,0.14,105.585
15373,02/01/2026 02:12:15,0.14,105.598
15374,02/01/2026 02:22:15,0.14,105.590
15375,02/01/2026 02:32:15,0.13,105.576
15376,02/01/2026 02:42:15,0.13,105.546
15377,02/01/2026 02:52:15,0.13,105.519
15378,02/01/2026 03:02:15,0.13,105.506
15379,02/01/2026 03:12:15,0.13,105.502
15380,02/01/2026 03:22:15,0.13,105.497
15381,02/01/2026 03:32:15,0.13,105.458
15382,02/01/2026 03:42:15,0.13,105.449
15383,02/01/2026 03:52:15,0.13,105.432
15384,02/01/2026 04:02:15,0.13,105.445
15385,02/01/2026 04:12:15,0.13,105.432
15386,02/01/2026 04:22:15,0.13,105.436
15387,02/01/2026 04:32:15,0.13,105.427
15388,02/01/2026 04:42:15,0.13,105.396
15389,02/01/2026 04:52:15,0.13,105.418
15390,02/01/2026 05:02:15,0.13,105.449
15391,02/01/2026 05:12:15,0.13,105.436
15392,02/01/2026 05:22:15,0.13,105.410
15393,02/01/2026 05:32:15,0.13,105.335
15394,02/01/2026 05:42:15,0.14,105.331
15395,02/01/2026 05:52:15,0.14,105.322
15396,02/01/2026 06:02:15,0.13,105.339
15397,02/01/2026 06:12:15,0.13,105.296
15398,02/01/2026 06:22:15,0.13,105.278
15399,02/01/2026 06:32:15,0.13,105.274
15400,02/01/2026 06:42:15,0.13,105.269
15401,02/01/2026 06:52:15,0.13,105.274
15402,02/01/2026 07:02:15,0.13,105.239
15403,02/01/2026 07:12:15,0.13,105.217
15404,02/01/2026 07:22:15,0.13,105.195
15405,02/01/2026 07:32:15,0.13,105.221
15406,02/01/2026 07:42:15,0.14,105.225
15407,02/01/2026 07:52:15,0.14,105.243
15408,02/01/2026 08:02:15,0.14,105.234
15409,02/01/2026 08:12:15,0.14,105.243
15410,02/01/2026 08:22:15,0.14,105.230
15411,02/01/2026 08:32:15,0.14,105.234
15412,02/01/2026 08:42:15,0.15,105.239
15413,02/01/2026 08:52:15,0.15,105.235
15414,02/01/2026 09:02:15,0.16,105.213
15415,02/01/2026 09:12:15,0.16,105.213
15416,02/01/2026 09:22:15,0.17,105.222
15417,02/01/2026 09:32:15,0.18,105.232
15418,02/01/2026 09:42:15,0.20,105.228
15419,02/01/2026 09:52:15,0.21,105.241
15420,02/01/2026 10:02:15,0.23,105.224
15421,02/01/2026 10:12:15,0.24,105.199
15422,02/01/2026 10:22:15,0.26,105.160
15423,02/01/2026 10:32:15,0.27,105.129
15424,02/01/2026 10:42:15,0.29,105.112
15425,02/01/2026 10:52:15,0.30,105.073
15426,02/01/2026 11:02:15,0.31,105.069
15427,02/01/2026 11:12:15,0.33,105.057
15428,02/01/2026 11:22:15,0.34,105.027
15429,02/01/2026 11:32:15,0.35,104.992
15430,02/01/2026 11:42:15,0.37,104.970
15431,02/01/2026 11:52:15,0.38,104.936
15432,02/01/2026 12:02:15,0.40,104.910
15433,02/01/2026 12:12:15,0.41,104.893
15434,02/01/2026 12:22:15,0.43,104.850
15435,02/01/2026 12:32:15,0.44,104.841
15436,02/01/2026 12:42:15,0.46,104.824
15437,02/01/2026 12:52:15,0.47,104.790
15438,02/01/2026 13:02:15,0.47,104.755
15439,02/01/2026 13:12:15,0.47,104.741
15440,02/01/2026 13:22:15,0.47,104.733
15441,02/01/2026 13:32:15,0.46,104.711
15442,02/01/2026 13:42:15,0.46,104.671
15443,02/01/2026 13:52:15,0.45,104.680
15444,02/01/2026 14:02:15,0.45,104.644
15445,02/01/2026 14:12:15,0.44,104.640
15446,02/01/2026 14:22:15,0.44,104.626
15447,02/01/2026 14:32:15,0.43,104.617
15448,02/01/2026 14:42:15,0.42,104.608
15449,02/01/2026 14:52:15,0.41,104.599
15450,02/01/2026 15:02:15,0.41,104.608
15451,02/01/2026 15:12:15,0.40,104.599
15452,02/01/2026 15:22:15,0.39,104.598
15453,02/01/2026 15:32:15,0.38,104.589
15454,02/01/2026 15:42:15,0.37,104.602
15455,02/01/2026 15:52:15,0.37,104.593
15456,02/01/2026 16:02:15,0.36,104.602
15457,02/01/2026 16:12:15,0.35,104.610
15458,02/01/2026 16:22:15,0.35,104.610
15459,02/01/2026 16:32:15,0.34,104.614
15460,02/01/2026 16:42:15,0.33,104.627
15461,02/01/2026 16:52:15,0.32,104.627
15462,02/01/2026 17:02:15,0.31,104.657
15463,02/01/2026 17:12:15,0.30,104.652
15464,02/01/2026 17:22:15,0.29,104.661
15465,02/01/2026 17:32:15,0.28,104.669
15466,02/01/2026 17:42:15,0.27,104.695
15467,02/01/2026 17:52:15,0.26,104.686
15468,02/01/2026 18:02:15,0.26,104.699
15469,02/01/2026 18:12:15,0.25,104.716
15470,02/01/2026 18:22:15,0.25,104.716
15471,02/01/2026 18:32:15,0.24,104.725
15472,02/01/2026 18:42:15,0.23,104.720
15473,02/01/2026 18:52:15,0.22,104.711
15474,02/01/2026 19:02:15,0.22,104.728
15475,02/01/2026 19:12:15,0.21,104.719
15476,02/01/2026 19:22:15,0.21,104.728
15477,02/01/2026 19:32:15,0.20,104.741
15478,02/01/2026 19:42:15,0.20,104.750
15479,02/01/2026 19:52:15,0.20,104.749
15480,02/01/2026 20:02:15,0.19,104.745
15481,02/01/2026 20:12:15,0.19,104.762
15482,02/01/2026 20:22:15,0.19,104.776
15483,02/01/2026 20:32:15,0.19,104.789
15484,02/01/2026 20:42:15,0.19,104.797
15485,02/01/2026 20:52:15,0.19,104.802
15486,02/01/2026 21:02:15,0.18,104.824
15487,02/01/2026 21:12:15,0.18,104.837
15488,02/01/2026 21:22:15,0.18,104.841
15489,02/01/2026 21:32:15,0.18,104.832
15490,02/01/2026 21:42:15,0.18,104.850
15491,02/01/2026 21:52:15,0.18,104.836
15492,02/01/2026 22:02:15,0.17,104.854
15493,02/01/2026 22:12:15,0.17,104.850
15494,02/01/2026 22:22:15,0.18,104.832
15495,02/01/2026 22:32:15,0.18,104.850
15496,02/01/2026 22:42:15,0.18,104.858
15497,02/01/2026 22:52:15,0.18,104.872
15498,02/01/2026 23:02:15,0.18,104.867
15499,02/01/2026 23:12:15,0.17,104.871
15500,02/01/2026 23:22:15,0.17,104.880
15501,02/01/2026 23:32:15,0.17,104.889
15502,02/01/2026 23:42:15,0.17,104.902
15503,02/01/2026 23:52:15,0.16,104.906
15504,02/02/2026 00:02:15,0.16,104.919
15505,02/02/2026 00:12:15,0.16,104.924
15506,02/02/2026 00:22:15,0.16,104.937
15507,02/02/2026 00:32:15,0.16,104.924
15508,02/02/2026 00:42:15,0.16,104.937
15509,02/02/2026 00:52:15,0.16,104.928
15510,02/02/2026 01:02:15,0.15,104.950
15511,02/02/2026 01:12:15,0.15,104.958
15512,02/02/2026 01:22:15,0.15,104.954
15513,02/02/2026 01:32:15,0.14,104.976
15514,02/02/2026 01:42:15,0.14,104.998
15515,02/02/2026 01:52:15,0.14,105.002
15516,02/02/2026 02:02:15,0.14,105.015
15517,02/02/2026 02:12:15,0.13,105.002
15518,02/02/2026 02:22:15,0.13,105.015
15519,02/02/2026 02:32:15,0.13,105.019
15520,02/02/2026 02:42:15,0.13,105.019
15521,02/02/2026 02:52:15,0.13,105.023
15522,02/02/2026 03:02:15,0.13,105.019
15523,02/02/2026 03:12:15,0.12,105.036
15524,02/02/2026 03:22:15,0.12,105.054
15525,02/02/2026 03:32:15,0.12,105.054
15526,02/02/2026 03:42:15,0.11,105.058
15527,02/02/2026 03:52:15,0.11,105.062
15528,02/02/2026 04:02:15,0.11,105.071
15529,02/02/2026 04:12:15,0.11,105.080
15530,02/02/2026 04:22:15,0.10,105.093
15531,02/02/2026 04:32:15,0.10,105.093
15532,02/02/2026 04:42:15,0.10,105.101
15533,02/02/2026 04:52:15,0.10,105.106
15534,02/02/2026 05:02:15,0.10,105.097
15535,02/02/2026 05:12:15,0.10,105.084
15536,02/02/2026 05:22:15,0.10,105.097
15537,02/02/2026 05:32:15,0.09,105.101
15538,02/02/2026 05:42:15,0.09,105.101
15539,02/02/2026 05:52:15,0.09,105.110
15540,02/02/2026 06:02:15,0.09,105.127
15541,02/02/2026 06:12:15,0.09,105.118
15542,02/02/2026 06:22:15,0.09,105.132
15543,02/02/2026 06:32:15,0.08,105.162
15544,02/02/2026 06:42:15,0.08,105.162
15545,02/02/2026 06:52:15,0.08,105.180
15546,02/02/2026 07:02:15,0.08,105.206
15547,02/02/2026 07:12:15,0.08,105.193
15548,02/02/2026 07:22:15,0.08,105.210
15549,02/02/2026 07:32:15,0.08,105.228
15550,02/02/2026 07:42:15,0.08,105.250
15551,02/02/2026 07:52:15,0.08,105.254
15552,02/02/2026 08:02:15,0.08,105.276
15553,02/02/2026 08:12:15,0.09,105.290
15554,02/02/2026 08:22:15,0.10,105.285
15555,02/02/2026 08:32:15,0.11,105.282
15556,02/02/2026 08:42:15,0.12,105.304
15557,02/02/2026 08:52:15,0.14,105.300
15558,02/02/2026 09:02:15,0.16,105.301
15559,02/02/2026 09:12:15,0.17,105.288
15560,02/02/2026 09:22:15,0.19,105.302
15561,02/02/2026 09:32:15,0.21,105.307
15562,02/02/2026 09:42:15,0.22,105.299
15563,02/02/2026 09:52:15,0.24,105.299
15564,02/02/2026 10:02:15,0.26,105.296
15565,02/02/2026 10:12:15,0.28,105.296
15566,02/02/2026 10:22:15,0.30,105.319
15567,02/02/2026 10:32:15,0.33,105.303
15568,02/02/2026 10:42:15,0.35,105.295
15569,02/02/2026 10:52:15,0.38,105.291
15570,02/02/2026 11:02:15,0.40,105.274
15571,02/02/2026 11:12:15,0.42,105.262
15572,02/02/2026 11:22:15,0.44,105.245
15573,02/02/2026 11:32:15,0.45,105.237
15574,02/02/2026 11:42:15,0.47,105.202
15575,02/02/2026 11:52:15,0.48,105.211
15576,02/02/2026 12:02:15,0.50,105.186
15577,02/02/2026 12:12:15,0.52,105.169
15578,02/02/2026 12:22:15,0.54,105.165
15579,02/02/2026 12:32:15,0.55,105.157
15580,02/02/2026 12:42:15,0.57,105.144
15581,02/02/2026 12:52:15,0.58,105.145
15582,02/02/2026 13:02:15,0.59,105.132
15583,02/02/2026 13:12:15,0.59,105.114
15584,02/02/2026 13:22:15,0.59,105.106
15585,02/02/2026 13:32:15,0.59,105.101
15586,02/02/2026 13:42:15,0.58,105.110
15587,02/02/2026 13:52:15,0.57,105.096
15588,02/02/2026 14:02:15,0.56,105.074
15589,02/02/2026 14:12:15,0.55,105.078
15590,02/02/2026 14:22:15,0.54,105.086
15591,02/02/2026 14:32:15,0.53,105.095
15592,02/02/2026 14:42:15,0.52,105.077
15593,02/02/2026 14:52:15,0.50,105.102
15594,02/02/2026 15:02:15,0.49,105.106
15595,02/02/2026 15:12:15,0.47,105.114
15596,02/02/2026 15:22:15,0.45,105.136
15597,02/02/2026 15:32:15,0.44,105.140
15598,02/02/2026 15:42:15,0.42,105.157
15599,02/02/2026 15:52:15,0.41,105.165
15600,02/02/2026 16:02:15,0.40,105.191
15601,02/02/2026 16:12:15,0.39,105.190
15602,02/02/2026 16:22:15,0.38,105.199
15603,02/02/2026 16:32:15,0.36,105.225
15604,02/02/2026 16:42:15,0.35,105.238
15605,02/02/2026 16:52:15,0.34,105.228
15606,02/02/2026 17:02:15,0.33,105.254
15607,02/02/2026 17:12:15,0.32,105.236
15608,02/02/2026 17:22:15,0.30,105.253
15609,02/02/2026 17:32:15,0.29,105.249
15610,02/02/2026 17:42:15,0.28,105.283
15611,02/02/2026 17:52:15,0.27,105.292
15612,02/02/2026 18:02:15,0.27,105.305
15613,02/02/2026 18:12:15,0.26,105.317
15614,02/02/2026 18:22:15,0.25,105.344
15615,02/02/2026 18:32:15,0.24,105.321
15616,02/02/2026 18:42:15,0.24,105.334
15617,02/02/2026 18:52:15,0.23,105.330
15618,02/02/2026 19:02:15,0.23,105.356
15619,02/02/2026 19:12:15,0.22,105.369
15620,02/02/2026 19:22:15,0.22,105.364
15621,02/02/2026 19:32:15,0.22,105.386
15622,02/02/2026 19:42:15,0.21,105.395
15623,02/02/2026 19:52:15,0.21,105.399
15624,02/02/2026 20:02:15,0.21,105.403
15625,02/02/2026 20:12:15,0.20,105.421
15626,02/02/2026 20:22:15,0.20,105.425
15627,02/02/2026 20:32:15,0.19,105.451
15628,02/02/2026 20:42:15,0.19,105.447
15629,02/02/2026 20:52:15,0.18,105.438
15630,02/02/2026 21:02:15,0.18,105.446
15631,02/02/2026 21:12:15,0.18,105.446
15632,02/02/2026 21:22:15,0.17,105.459
15633,02/02/2026 21:32:15,0.17,105.450
15634,02/02/2026 21:42:15,0.17,105.463
15635,02/02/2026 21:52:15,0.16,105.468
15636,02/02/2026 22:02:15,0.16,105.468
15637,02/02/2026 22:12:15,0.16,105.481
15638,02/02/2026 22:22:15,0.16,105.498
15639,02/02/2026 22:32:15,0.15,105.485
15640,02/02/2026 22:42:15,0.15,105.498
15641,02/02/2026 22:52:15,0.15,105.507
15642,02/02/2026 23:02:15,0.15,105.515
15643,02/02/2026 23:12:15,0.14,105.507
15644,02/02/2026 23:22:15,0.14,105.520
15645,02/02/2026 23:32:15,0.14,105.533
15646,02/02/2026 23:42:15,0.13,105.515
15647,02/02/2026 23:52:15,0.13,105.528
15648,02/03/2026 00:02:15,0.13,105.523
15649,02/03/2026 00:12:15,0.13,105.537
15650,02/03/2026 00:22:15,0.12,105.550
15651,02/03/2026 00:32:15,0.12,105.536
15652,02/03/2026 00:42:15,0.12,105.541
15653,02/03/2026 00:52:15,0.12,105.536
15654,02/03/2026 01:02:15,0.11,105.536
15655,02/03/2026 01:12:15,0.11,105.567
15656,02/03/2026 01:22:15,0.10,105.584
15657,02/03/2026 01:32:15,0.10,105.593
15658,02/03/2026 01:42:15,0.10,105.580
15659,02/03/2026 01:52:15,0.10,105.601
15660,02/03/2026 02:02:15,0.10,105.606
15661,02/03/2026 02:12:15,0.09,105.614
15662,02/03/2026 02:22:15,0.09,105.597
15663,02/03/2026 02:32:15,0.09,105.623
15664,02/03/2026 02:42:15,0.09,105.614
15665,02/03/2026 02:52:15,0.09,105.605
15666,02/03/2026 03:02:15,0.09,105.623
15667,02/03/2026 03:12:15,0.09,105.618
15668,02/03/2026 03:22:15,0.08,105.640
15669,02/03/2026 03:32:15,0.08,105.645
15670,02/03/2026 03:42:15,0.08,105.627
15671,02/03/2026 03:52:15,0.07,105.675
15672,02/03/2026 04:02:15,0.07,105.653
15673,02/03/2026 04:12:15,0.07,105.635
15674,02/03/2026 04:22:15,0.07,105.649
15675,02/03/2026 04:32:15,0.07,105.644
15676,02/03/2026 04:42:15,0.07,105.662
15677,02/03/2026 04:52:15,0.06,105.662
15678,02/03/2026 05:02:15,0.06,105.675
15679,02/03/2026 05:12:15,0.06,105.670
15680,02/03/2026 05:22:15,0.06,105.670
15681,02/03/2026 05:32:15,0.06,105.666
15682,02/03/2026 05:42:15,0.06,105.661
15683,02/03/2026 05:52:15,0.06,105.674
15684,02/03/2026 06:02:15,0.06,105.688
15685,02/03/2026 06:12:15,0.06,105.696
15686,02/03/2026 06:22:15,0.05,105.692
15687,02/03/2026 06:32:15,0.05,105.709
15688,02/03/2026 06:42:15,0.05,105.736
15689,02/03/2026 06:52:15,0.05,105.758
15690,02/03/2026 07:02:15,0.05,105.762
15691,02/03/2026 07:12:15,0.05,105.757
15692,02/03/2026 07:22:15,0.05,105.784
15693,02/03/2026 07:32:15,0.05,105.810
15694,02/03/2026 07:42:15,0.05,105.819
15695,02/03/2026 07:52:15,0.05,105.832
15696,02/03/2026 08:02:15,0.05,105.837
15697,02/03/2026 08:12:15,0.06,105.819
15698,02/03/2026 08:22:15,0.07,105.833
15699,02/03/2026 08:32:15,0.08,105.846
15700,02/03/2026 08:42:15,0.09,105.829
15701,02/03/2026 08:52:15,0.11,105.830
15702,02/03/2026 09:02:15,0.12,105.813
15703,02/03/2026 09:12:15,0.14,105.831
15704,02/03/2026 09:22:15,0.16,105.801
15705,02/03/2026 09:32:15,0.17,105.806
15706,02/03/2026 09:42:15,0.19,105.811
15707,02/03/2026 09:52:15,0.21,105.811
15708,02/03/2026 10:02:15,0.23,105.803
15709,02/03/2026 10:12:15,0.25,105.796
15710,02/03/2026 10:22:15,0.28,105.805
15711,02/03/2026 10:32:15,0.31,105.802
15712,02/03/2026 10:42:15,0.34,105.807
15713,02/03/2026 10:52:15,0.37,105.804
15714,02/03/2026 11:02:15,0.39,105.792
15715,02/03/2026 11:12:15,0.42,105.797
15716,02/03/2026 11:22:15,0.44,105.771
15717,02/03/2026 11:32:15,0.46,105.763
15718,02/03/2026 11:42:15,0.48,105.720
15719,02/03/2026 11:52:15,0.50,105.721
15720,02/03/2026 12:02:15,0.52,105.691
15721,02/03/2026 12:12:15,0.55,105.688
15722,02/03/2026 12:22:15,0.57,105.680
15723,02/03/2026 12:32:15,0.59,105.663
15724,02/03/2026 12:42:15,0.61,105.642
15725,02/03/2026 12:52:15,0.63,105.625
15726,02/03/2026 13:02:15,0.64,105.599
15727,02/03/2026 13:12:15,0.64,105.586
15728,02/03/2026 13:22:15,0.63,105.590
15729,02/03/2026 13:32:15,0.63,105.576
15730,02/03/2026 13:42:15,0.62,105.545
15731,02/03/2026 13:52:15,0.61,105.554
15732,02/03/2026 14:02:15,0.60,105.523
15733,02/03/2026 14:12:15,0.59,105.527
15734,02/03/2026 14:22:15,0.58,105.518
15735,02/03/2026 14:32:15,0.57,105.513
15736,02/03/2026 14:42:15,0.55,105.512
15737,02/03/2026 14:52:15,0.54,105.503
15738,02/03/2026 15:02:15,0.53,105.520
15739,02/03/2026 15:12:15,0.51,105.506
15740,02/03/2026 15:22:15,0.50,105.484
15741,02/03/2026 15:32:15,0.48,105.483
15742,02/03/2026 15:42:15,0.47,105.492
15743,02/03/2026 15:52:15,0.45,105.509
15744,02/03/2026 16:02:15,0.43,105.495
15745,02/03/2026 16:12:15,0.42,105.512
15746,02/03/2026 16:22:15,0.40,105.525
15747,02/03/2026 16:32:15,0.39,105.528
15748,02/03/2026 16:42:15,0.38,105.537
15749,02/03/2026 16:52:15,0.37,105.541
15750,02/03/2026 17:02:15,0.37,105.558
15751,02/03/2026 17:12:15,0.36,105.571
15752,02/03/2026 17:22:15,0.36,105.589
15753,02/03/2026 17:32:15,0.36,105.615
15754,02/03/2026 17:42:15,0.35,105.619
15755,02/03/2026 17:52:15,0.35,105.619
15756,02/03/2026 18:02:15,0.34,105.628
15757,02/03/2026 18:12:15,0.33,105.636
15758,02/03/2026 18:22:15,0.33,105.645
15759,02/03/2026 18:32:15,0.32,105.653
15760,02/03/2026 18:42:15,0.32,105.657
15761,02/03/2026 18:52:15,0.31,105.653
15762,02/03/2026 19:02:15,0.31,105.666
15763,02/03/2026 19:12:15,0.31,105.653
15764,02/03/2026 19:22:15,0.31,105.661
15765,02/03/2026 19:32:15,0.30,105.657
15766,02/03/2026 19:42:15,0.30,105.670
15767,02/03/2026 19:52:15,0.30,105.665
15768,02/03/2026 20:02:15,0.29,105.674
15769,02/03/2026 20:12:15,0.29,105.665
15770,02/03/2026 20:22:15,0.29,105.665
15771,02/03/2026 20:32:15,0.29,105.665
15772,02/03/2026 20:42:15,0.28,105.652
15773,02/03/2026 20:52:15,0.28,105.652
15774,02/03/2026 21:02:15,0.28,105.647
15775,02/03/2026 21:12:15,0.27,105.647
15776,02/03/2026 21:22:15,0.27,105.651
15777,02/03/2026 21:32:15,0.27,105.643
15778,02/03/2026 21:42:15,0.27,105.643
15779,02/03/2026 21:52:15,0.27,105.634
15780,02/03/2026 22:02:15,0.26,105.647
15781,02/03/2026 22:12:15,0.25,105.642
15782,02/03/2026 22:22:15,0.24,105.633
15783,02/03/2026 22:32:15,0.24,105.628
15784,02/03/2026 22:42:15,0.23,105.615
15785,02/03/2026 22:52:15,0.23,105.624
15786,02/03/2026 23:02:15,0.23,105.619
15787,02/03/2026 23:12:15,0.23,105.615
15788,02/03/2026 23:22:15,0.24,105.606
15789,02/03/2026 23:32:15,0.24,105.602
15790,02/03/2026 23:42:15,0.24,105.606
15791,02/03/2026 23:52:15,0.24,105.615
15792,02/04/2026 00:02:15,0.23,105.602
15793,02/04/2026 00:12:15,0.23,105.624
15794,02/04/2026 00:22:15,0.22,105.637
15795,02/04/2026 00:32:15,0.22,105.623
15796,02/04/2026 00:42:15,0.22,105.628
15797,02/04/2026 00:52:15,0.22,105.623
15798,02/04/2026 01:02:15,0.22,105.632
15799,02/04/2026 01:12:15,0.23,105.619
15800,02/04/2026 01:22:15,0.23,105.610
15801,02/04/2026 01:32:15,0.23,105.606
15802,02/04/2026 01:42:15,0.24,105.619
15803,02/04/2026 01:52:15,0.24,105.615
15804,02/04/2026 02:02:15,0.24,105.628
15805,02/04/2026 02:12:15,0.24,105.624
15806,02/04/2026 02:22:15,0.24,105.598
15807,02/04/2026 02:32:15,0.23,105.584
15808,02/04/2026 02:42:15,0.23,105.597
15809,02/04/2026 02:52:15,0.23,105.602
15810,02/04/2026 03:02:15,0.23,105.584
15811,02/04/2026 03:12:15,0.23,105.597
15812,02/04/2026 03:22:15,0.24,105.598
15813,02/04/2026 03:32:15,0.24,105.611
15814,02/04/2026 03:42:15,0.24,105.593
15815,02/04/2026 03:52:15,0.24,105.585
15816,02/04/2026 04:02:15,0.25,105.594
15817,02/04/2026 04:12:15,0.25,105.585
15818,02/04/2026 04:22:15,0.25,105.585
15819,02/04/2026 04:32:15,0.25,105.581
15820,02/04/2026 04:42:15,0.25,105.589
15821,02/04/2026 04:52:15,0.25,105.563
15822,02/04/2026 05:02:15,0.25,105.572
15823,02/04/2026 05:12:15,0.26,105.572
15824,02/04/2026 05:22:15,0.25,105.581
15825,02/04/2026 05:32:15,0.26,105.581
15826,02/04/2026 05:42:15,0.26,105.563
15827,02/04/2026 05:52:15,0.26,105.567
15828,02/04/2026 06:02:15,0.26,105.576
15829,02/04/2026 06:12:15,0.26,105.598
15830,02/04/2026 06:22:15,0.26,105.598
15831,02/04/2026 06:32:15,0.25,105.589
15832,02/04/2026 06:42:15,0.25,105.594
15833,02/04/2026 06:52:15,0.25,105.598
15834,02/04/2026 07:02:15,0.25,105.598
15835,02/04/2026 07:12:15,0.25,105.633
15836,02/04/2026 07:22:15,0.25,105.624
15837,02/04/2026 07:32:15,0.25,105.646
15838,02/04/2026 07:42:15,0.24,105.672
15839,02/04/2026 07:52:15,0.23,105.676
15840,02/04/2026 08:02:15,0.23,105.681
15841,02/04/2026 08:12:15,0.23,105.676
15842,02/04/2026 08:22:15,0.23,105.646
15843,02/04/2026 08:32:15,0.24,105.677
15844,02/04/2026 08:42:15,0.25,105.668
15845,02/04/2026 08:52:15,0.27,105.669
15846,02/04/2026 09:02:15,0.28,105.669
15847,02/04/2026 09:12:15,0.29,105.683
15848,02/04/2026 09:22:15,0.30,105.683
15849,02/04/2026 09:32:15,0.32,105.693
15850,02/04/2026 09:42:15,0.34,105.684
15851,02/04/2026 09:52:15,0.35,105.703
15852,02/04/2026 10:02:15,0.37,105.708
15853,02/04/2026 10:12:15,0.39,105.691
15854,02/04/2026 10:22:15,0.41,105.687
15855,02/04/2026 10:32:15,0.43,105.670
15856,02/04/2026 10:42:15,0.45,105.702
15857,02/04/2026 10:52:15,0.47,105.685
15858,02/04/2026 11:02:15,0.50,105.668
15859,02/04/2026 11:12:15,0.52,105.647
15860,02/04/2026 11:22:15,0.54,105.635
15861,02/04/2026 11:32:15,0.56,105.627
15862,02/04/2026 11:42:15,0.58,105.636
15863,02/04/2026 11:52:15,0.60,105.628
15864,02/04/2026 12:02:15,0.61,105.628
15865,02/04/2026 12:12:15,0.62,105.611
15866,02/04/2026 12:22:15,0.63,105.598
15867,02/04/2026 12:32:15,0.65,105.595
15868,02/04/2026 12:42:15,0.67,105.578
15869,02/04/2026 12:52:15,0.70,105.566
15870,02/04/2026 13:02:15,0.72,105.553
15871,02/04/2026 13:12:15,0.72,105.567
15872,02/04/2026 13:22:15,0.71,105.544
15873,02/04/2026 13:32:15,0.70,105.548
15874,02/04/2026 13:42:15,0.68,105.543
15875,02/04/2026 13:52:15,0.67,105.560
15876,02/04/2026 14:02:15,0.65,105.555
15877,02/04/2026 14:12:15,0.63,105.546
15878,02/04/2026 14:22:15,0.62,105.537
15879,02/04/2026 14:32:15,0.61,105.510
15880,02/04/2026 14:42:15,0.60,105.514
15881,02/04/2026 14:52:15,0.59,105.487
15882,02/04/2026 15:02:15,0.57,105.491
15883,02/04/2026 15:12:15,0.56,105.469
15884,02/04/2026 15:22:15,0.54,105.490
15885,02/04/2026 15:32:15,0.52,105.480
15886,02/04/2026 15:42:15,0.50,105.471
15887,02/04/2026 15:52:15,0.47,105.474
15888,02/04/2026 16:02:15,0.46,105.461
15889,02/04/2026 16:12:15,0.44,105.473
15890,02/04/2026 16:22:15,0.43,105.468
15891,02/04/2026 16:32:15,0.41,105.455
15892,02/04/2026 16:42:15,0.40,105.437
15893,02/04/2026 16:52:15,0.39,105.454
15894,02/04/2026 17:02:15,0.38,105.458
15895,02/04/2026 17:12:15,0.37,105.462
15896,02/04/2026 17:22:15,0.36,105.479
15897,02/04/2026 17:32:15,0.35,105.483
15898,02/04/2026 17:42:15,0.33,105.465
15899,02/04/2026 17:52:15,0.32,105.465
15900,02/04/2026 18:02:15,0.31,105.456
15901,02/04/2026 18:12:15,0.32,105.447
15902,02/04/2026 18:22:15,0.32,105.443
15903,02/04/2026 18:32:15,0.31,105.469
15904,02/04/2026 18:42:15,0.30,105.490
15905,02/04/2026 18:52:15,0.29,105.490
15906,02/04/2026 19:02:15,0.28,105.524
15907,02/04/2026 19:12:15,0.27,105.537
15908,02/04/2026 19:22:15,0.26,105.537
15909,02/04/2026 19:32:15,0.25,105.550
15910,02/04/2026 19:42:15,0.24,105.580
15911,02/04/2026 19:52:15,0.23,105.597
15912,02/04/2026 20:02:15,0.23,105.597
15913,02/04/2026 20:12:15,0.23,105.588
15914,02/04/2026 20:22:15,0.22,105.588
15915,02/04/2026 20:32:15,0.22,105.588
15916,02/04/2026 20:42:15,0.22,105.575
15917,02/04/2026 20:52:15,0.21,105.557
15918,02/04/2026 21:02:15,0.21,105.535
15919,02/04/2026 21:12:15,0.21,105.522
15920,02/04/2026 21:22:15,0.20,105.522
15921,02/04/2026 21:32:15,0.20,105.495
15922,02/04/2026 21:42:15,0.19,105.482
15923,02/04/2026 21:52:15,0.18,105.473
15924,02/04/2026 22:02:15,0.18,105.473
15925,02/04/2026 22:12:15,0.17,105.468
15926,02/04/2026 22:22:15,0.17,105.472
15927,02/04/2026 22:32:15,0.16,105.468
15928,02/04/2026 22:42:15,0.16,105.463
15929,02/04/2026 22:52:15,0.15,105.459
15930,02/04/2026 23:02:15,0.15,105.458
15931,02/04/2026 23:12:15,0.15,105.437
15932,02/04/2026 23:22:15,0.16,105.441
15933,02/04/2026 23:32:15,0.17,105.442
15934,02/04/2026 23:42:15,0.18,105.424
15935,02/04/2026 23:52:15,0.17,105.429
15936,02/05/2026 00:02:15,0.17,105.380
15937,02/05/2026 00:12:15,0.16,105.375
15938,02/05/2026 00:22:15,0.15,105.362
15939,02/05/2026 00:32:15,0.15,105.357
15940,02/05/2026 00:42:15,0.14,105.366
15941,02/05/2026 00:52:15,0.14,105.340
15942,02/05/2026 01:02:15,0.14,105.357
15943,02/05/2026 01:12:15,0.14,105.362
15944,02/05/2026 01:22:15,0.14,105.348
15945,02/05/2026 01:32:15,0.14,105.340
15946,02/05/2026 01:42:15,0.14,105.340
15947,02/05/2026 01:52:15,0.14,105.331
15948,02/05/2026 02:02:15,0.13,105.322
15949,02/05/2026 02:12:15,0.13,105.317
15950,02/05/2026 02:22:15,0.13,105.304
15951,02/05/2026 02:32:15,0.12,105.295
15952,02/05/2026 02:42:15,0.12,105.299
15953,02/05/2026 02:52:15,0.11,105.286
15954,02/05/2026 03:02:15,0.11,105.290
15955,02/05/2026 03:12:15,0.10,105.281
15956,02/05/2026 03:22:15,0.10,105.277
15957,02/05/2026 03:32:15,0.10,105.290
15958,02/05/2026 03:42:15,0.09,105.272
15959,02/05/2026 03:52:15,0.09,105.277
15960,02/05/2026 04:02:15,0.09,105.303
15961,02/05/2026 04:12:15,0.09,105.303
15962,02/05/2026 04:22:15,0.09,105.320
15963,02/05/2026 04:32:15,0.08,105.324
15964,02/05/2026 04:42:15,0.08,105.338
15965,02/05/2026 04:52:15,0.08,105.342
15966,02/05/2026 05:02:15,0.10,105.338
15967,02/05/2026 05:12:15,0.10,105.330
15968,02/05/2026 05:22:15,0.10,105.343
15969,02/05/2026 05:32:15,0.09,105.342
15970,02/05/2026 05:42:15,0.09,105.320
15971,02/05/2026 05:52:15,0.08,105.329
15972,02/05/2026 06:02:15,0.08,105.324
15973,02/05/2026 06:12:15,0.07,105.346
15974,02/05/2026 06:22:15,0.07,105.355
15975,02/05/2026 06:32:15,0.06,105.359
15976,02/05/2026 06:42:15,0.07,105.359
15977,02/05/2026 06:52:15,0.06,105.363
15978,02/05/2026 07:02:15,0.06,105.385
15979,02/05/2026 07:12:15,0.06,105.390
15980,02/05/2026 07:22:15,0.06,105.407
15981,02/05/2026 07:32:15,0.06,105.407
15982,02/05/2026 07:42:15,0.06,105.394
15983,02/05/2026 07:52:15,0.07,105.390
15984,02/05/2026 08:02:15,0.07,105.394
15985,02/05/2026 08:12:15,0.08,105.399
15986,02/05/2026 08:22:15,0.08,105.390
15987,02/05/2026 08:32:15,0.09,105.369
15988,02/05/2026 08:42:15,0.10,105.364
15989,02/05/2026 08:52:15,0.11,105.365
15990,02/05/2026 09:02:15,0.12,105.339
15991,02/05/2026 09:12:15,0.14,105.313
15992,02/05/2026 09:22:15,0.15,105.305
15993,02/05/2026 09:32:15,0.17,105.293
15994,02/05/2026 09:42:15,0.19,105.271
15995,02/05/2026 09:52:15,0.22,105.259
15996,02/05/2026 10:02:15,0.24,105.251
15997,02/05/2026 10:12:15,0.27,105.248
15998,02/05/2026 10:22:15,0.30,105.227
15999,02/05/2026 10:32:15,0.33,105.206
16000,02/05/2026 10:42:15,0.37,105.203
16001,02/05/2026 10:52:15,0.41,105.174
16002,02/05/2026 11:02:15,0.43,105.153
16003,02/05/2026 11:12:15,0.46,105.140
16004,02/05/2026 11:22:15,0.48,105.110
16005,02/05/2026 11:32:15,0.50,105.080
16006,02/05/2026 11:42:15,0.52,105.064
16007,02/05/2026 11:52:15,0.56,105.052
16008,02/05/2026 12:02:15,0.59,105.040
16009,02/05/2026 12:12:15,0.62,105.010
16010,02/05/2026 12:22:15,0.65,104.976
16011,02/05/2026 12:32:15,0.68,104.973
16012,02/05/2026 12:42:15,0.70,104.952
16013,02/05/2026 12:52:15,0.72,104.917
16014,02/05/2026 13:02:15,0.73,104.882
16015,02/05/2026 13:12:15,0.73,104.878
16016,02/05/2026 13:22:15,0.73,104.843
16017,02/05/2026 13:32:15,0.72,104.829
16018,02/05/2026 13:42:15,0.72,104.798
16019,02/05/2026 13:52:15,0.71,104.785
16020,02/05/2026 14:02:15,0.70,104.771
16021,02/05/2026 14:12:15,0.69,104.758
16022,02/05/2026 14:22:15,0.67,104.749
16023,02/05/2026 14:32:15,0.66,104.766
16024,02/05/2026 14:42:15,0.65,104.743
16025,02/05/2026 14:52:15,0.64,104.739
16026,02/05/2026 15:02:15,0.63,104.716
16027,02/05/2026 15:12:15,0.62,104.721
16028,02/05/2026 15:22:15,0.61,104.716
16029,02/05/2026 15:32:15,0.60,104.702
16030,02/05/2026 15:42:15,0.59,104.689
16031,02/05/2026 15:52:15,0.59,104.684
16032,02/05/2026 16:02:15,0.59,104.662
16033,02/05/2026 16:12:15,0.59,104.636
16034,02/05/2026 16:22:15,0.57,104.644
16035,02/05/2026 16:32:15,0.55,104.639
16036,02/05/2026 16:42:15,0.53,104.647
16037,02/05/2026 16:52:15,0.51,104.646
16038,02/05/2026 17:02:15,0.49,104.628
16039,02/05/2026 17:12:15,0.46,104.636
16040,02/05/2026 17:22:15,0.44,104.648
16041,02/05/2026 17:32:15,0.43,104.652
16042,02/05/2026 17:42:15,0.41,104.652
16043,02/05/2026 17:52:15,0.40,104.669
16044,02/05/2026 18:02:15,0.38,104.664
16045,02/05/2026 18:12:15,0.37,104.676
16046,02/05/2026 18:22:15,0.35,104.689
16047,02/05/2026 18:32:15,0.34,104.693
16048,02/05/2026 18:42:15,0.33,104.710
16049,02/05/2026 18:52:15,0.32,104.710
16050,02/05/2026 19:02:15,0.31,104.701
16051,02/05/2026 19:12:15,0.29,104.700
16052,02/05/2026 19:22:15,0.28,104.691
16053,02/05/2026 19:32:15,0.27,104.691
16054,02/05/2026 19:42:15,0.26,104.690
16055,02/05/2026 19:52:15,0.25,104.699
16056,02/05/2026 20:02:15,0.24,104.712
16057,02/05/2026 20:12:15,0.23,104.720
16058,02/05/2026 20:22:15,0.23,104.724
16059,02/05/2026 20:32:15,0.22,104.733
16060,02/05/2026 20:42:15,0.21,104.728
16061,02/05/2026 20:52:15,0.21,104.732
16062,02/05/2026 21:02:15,0.22,104.715
16063,02/05/2026 21:12:15,0.22,104.706
16064,02/05/2026 21:22:15,0.21,104.706
16065,02/05/2026 21:32:15,0.20,104.684
16066,02/05/2026 21:42:15,0.19,104.675
16067,02/05/2026 21:52:15,0.18,104.670
16068,02/05/2026 22:02:15,0.18,104.643
16069,02/05/2026 22:12:15,0.17,104.643
16070,02/05/2026 22:22:15,0.17,104.647
16071,02/05/2026 22:32:15,0.17,104.643
16072,02/05/2026 22:42:15,0.16,104.621
16073,02/05/2026 22:52:15,0.16,104.590
16074,02/05/2026 23:02:15,0.16,104.582
16075,02/05/2026 23:12:15,0.16,104.555
16076,02/05/2026 23:22:15,0.16,104.551
16077,02/05/2026 23:32:15,0.16,104.542
16078,02/05/2026 23:42:15,0.16,104.524
16079,02/05/2026 23:52:15,0.15,104.511
16080,02/06/2026 00:02:15,0.15,104.502
16081,02/06/2026 00:12:15,0.15,104.489
16082,02/06/2026 00:22:15,0.14,104.493
16083,02/06/2026 00:32:15,0.14,104.506
16084,02/06/2026 00:42:15,0.14,104.506
16085,02/06/2026 00:52:15,0.14,104.493
16086,02/06/2026 01:02:15,0.14,104.515
16087,02/06/2026 01:12:15,0.14,104.541
16088,02/06/2026 01:22:15,0.13,104.567
16089,02/06/2026 01:32:15,0.13,104.580
16090,02/06/2026 01:42:15,0.13,104.589
16091,02/06/2026 01:52:15,0.13,104.593
16092,02/06/2026 02:02:15,0.13,104.593
16093,02/06/2026 02:12:15,0.13,104.598
16094,02/06/2026 02:22:15,0.14,104.576
16095,02/06/2026 02:32:15,0.15,104.572
16096,02/06/2026 02:42:15,0.15,104.572
16097,02/06/2026 02:52:15,0.14,104.581
16098,02/06/2026 03:02:15,0.13,104.550
16099,02/06/2026 03:12:15,0.12,104.532
16100,02/06/2026 03:22:15,0.11,104.518
16101,02/06/2026 03:32:15,0.11,104.492
16102,02/06/2026 03:42:15,0.10,104.492
16103,02/06/2026 03:52:15,0.10,104.478
16104,02/06/2026 04:02:15,0.10,104.483
16105,02/06/2026 04:12:15,0.10,104.483
16106,02/06/2026 04:22:15,0.10,104.474
16107,02/06/2026 04:32:15,0.10,104.465
16108,02/06/2026 04:42:15,0.10,104.470
16109,02/06/2026 04:52:15,0.09,104.478
16110,02/06/2026 05:02:15,0.09,104.487
16111,02/06/2026 05:12:15,0.09,104.452
16112,02/06/2026 05:22:15,0.09,104.434
16113,02/06/2026 05:32:15,0.09,104.452
16114,02/06/2026 05:42:15,0.09,104.456
16115,02/06/2026 05:52:15,0.09,104.434
16116,02/06/2026 06:02:15,0.09,104.425
16117,02/06/2026 06:12:15,0.09,104.425
16118,02/06/2026 06:22:15,0.09,104.443
16119,02/06/2026 06:32:15,0.10,104.434
16120,02/06/2026 06:42:15,0.10,104.443
16121,02/06/2026 06:52:15,0.11,104.430
16122,02/06/2026 07:02:15,0.11,104.417
16123,02/06/2026 07:12:15,0.12,104.400
16124,02/06/2026 07:22:15,0.12,104.405
16125,02/06/2026 07:32:15,0.13,104.396
16126,02/06/2026 07:42:15,0.13,104.379
16127,02/06/2026 07:52:15,0.15,104.353
16128,02/06/2026 08:02:15,0.17,104.332
16129,02/06/2026 08:12:15,0.18,104.319
16130,02/06/2026 08:22:15,0.19,104.319
16131,02/06/2026 08:32:15,0.19,104.302
16132,02/06/2026 08:42:15,0.20,104.271
16133,02/06/2026 08:52:15,0.22,104.250
16134,02/06/2026 09:02:15,0.23,104.215
16135,02/06/2026 09:12:15,0.25,104.203
16136,02/06/2026 09:22:15,0.27,104.190
16137,02/06/2026 09:32:15,0.29,104.169
16138,02/06/2026 09:42:15,0.31,104.157
16139,02/06/2026 09:52:15,0.33,104.144
16140,02/06/2026 10:02:15,0.35,104.114
16141,02/06/2026 10:12:15,0.37,104.102
16142,02/06/2026 10:22:15,0.38,104.071
16143,02/06/2026 10:32:15,0.40,104.041
16144,02/06/2026 10:42:15,0.41,104.024
16145,02/06/2026 10:52:15,0.43,103.981
16146,02/06/2026 11:02:15,0.44,103.964
16147,02/06/2026 11:12:15,0.46,103.947
16148,02/06/2026 11:22:15,0.47,103.921
16149,02/06/2026 11:32:15,0.49,103.873
16150,02/06/2026 11:42:15,0.50,103.847
16151,02/06/2026 11:52:15,0.51,103.826
16152,02/06/2026 12:02:15,0.53,103.809
16153,02/06/2026 12:12:15,0.55,103.788
16154,02/06/2026 12:22:15,0.58,103.753
16155,02/06/2026 12:32:15,0.60,103.741
16156,02/06/2026 12:42:15,0.62,103.737
16157,02/06/2026 12:52:15,0.64,103.716
16158,02/06/2026 13:02:15,0.65,103.712
16159,02/06/2026 13:12:15,0.66,103.690
16160,02/06/2026 13:22:15,0.68,103.673
16161,02/06/2026 13:32:15,0.69,103.639
16162,02/06/2026 13:42:15,0.69,103.626
16163,02/06/2026 13:52:15,0.67,103.616
16164,02/06/2026 14:02:15,0.66,103.607
16165,02/06/2026 14:12:15,0.65,103.607
16166,02/06/2026 14:22:15,0.63,103.593
16167,02/06/2026 14:32:15,0.62,103.593
16168,02/06/2026 14:42:15,0.61,103.579
16169,02/06/2026 14:52:15,0.60,103.574
16170,02/06/2026 15:02:15,0.59,103.574
16171,02/06/2026 15:12:15,0.59,103.547
16172,02/06/2026 15:22:15,0.58,103.534
16173,02/06/2026 15:32:15,0.57,103.512
16174,02/06/2026 15:42:15,0.56,103.525
16175,02/06/2026 15:52:15,0.56,103.502
16176,02/06/2026 16:02:15,0.55,103.498
16177,02/06/2026 16:12:15,0.54,103.493
16178,02/06/2026 16:22:15,0.52,103.488
16179,02/06/2026 16:32:15,0.51,103.479
16180,02/06/2026 16:42:15,0.49,103.478
16181,02/06/2026 16:52:15,0.47,103.491
16182,02/06/2026 17:02:15,0.45,103.490
16183,02/06/2026 17:12:15,0.44,103.490
16184,02/06/2026 17:22:15,0.43,103.472
16185,02/06/2026 17:32:15,0.41,103.480
16186,02/06/2026 17:42:15,0.40,103.453
16187,02/06/2026 17:52:15,0.38,103.475
16188,02/06/2026 18:02:15,0.37,103.461
16189,02/06/2026 18:12:15,0.36,103.469
16190,02/06/2026 18:22:15,0.36,103.465
16191,02/06/2026 18:32:15,0.36,103.448
16192,02/06/2026 18:42:15,0.35,103.443
16193,02/06/2026 18:52:15,0.34,103.469
16194,02/06/2026 19:02:15,0.34,103.464
16195,02/06/2026 19:12:15,0.33,103.455
16196,02/06/2026 19:22:15,0.33,103.460
16197,02/06/2026 19:32:15,0.33,103.455
16198,02/06/2026 19:42:15,0.32,103.468
16199,02/06/2026 19:52:15,0.32,103.459
16200,02/06/2026 20:02:15,0.32,103.442
16201,02/06/2026 20:12:15,0.32,103.424
16202,02/06/2026 20:22:15,0.32,103.424
16203,02/06/2026 20:32:15,0.32,103.407
16204,02/06/2026 20:42:15,0.32,103.393
16205,02/06/2026 20:52:15,0.32,103.376
16206,02/06/2026 21:02:15,0.31,103.367
16207,02/06/2026 21:12:15,0.31,103.367
16208,02/06/2026 21:22:15,0.31,103.345
16209,02/06/2026 21:32:15,0.31,103.362
16210,02/06/2026 21:42:15,0.30,103.353
16211,02/06/2026 21:52:15,0.30,103.353
16212,02/06/2026 22:02:15,0.30,103.336
16213,02/06/2026 22:12:15,0.30,103.344
16214,02/06/2026 22:22:15,0.30,103.327
16215,02/06/2026 22:32:15,0.29,103.335
16216,02/06/2026 22:42:15,0.29,103.357
16217,02/06/2026 22:52:15,0.29,103.353
16218,02/06/2026 23:02:15,0.29,103.331
16219,02/06/2026 23:12:15,0.30,103.318
16220,02/06/2026 23:22:15,0.32,103.310
16221,02/06/2026 23:32:15,0.33,103.306
16222,02/06/2026 23:42:15,0.32,103.297
16223,02/06/2026 23:52:15,0.32,103.288
16224,02/07/2026 00:02:15,0.31,103.279
16225,02/07/2026 00:12:15,0.31,103.274
16226,02/07/2026 00:22:15,0.30,103.265
16227,02/07/2026 00:32:15,0.30,103.248
16228,02/07/2026 00:42:15,0.29,103.239
16229,02/07/2026 00:52:15,0.29,103.225
16230,02/07/2026 01:02:15,0.28,103.217
16231,02/07/2026 01:12:15,0.28,103.221
16232,02/07/2026 01:22:15,0.28,103.208
16233,02/07/2026 01:32:15,0.28,103.225
16234,02/07/2026 01:42:15,0.28,103.203
16235,02/07/2026 01:52:15,0.28,103.203
16236,02/07/2026 02:02:15,0.28,103.186
16237,02/07/2026 02:12:15,0.27,103.172
16238,02/07/2026 02:22:15,0.27,103.155
16239,02/07/2026 02:32:15,0.26,103.154
16240,02/07/2026 02:42:15,0.26,103.141
16241,02/07/2026 02:52:15,0.26,103.137
16242,02/07/2026 03:02:15,0.25,103.132
16243,02/07/2026 03:12:15,0.25,103.123
16244,02/07/2026 03:22:15,0.25,103.101
16245,02/07/2026 03:32:15,0.25,103.110
16246,02/07/2026 03:42:15,0.25,103.097
16247,02/07/2026 03:52:15,0.25,103.097
16248,02/07/2026 04:02:15,0.25,103.097
16249,02/07/2026 04:12:15,0.26,103.097
16250,02/07/2026 04:22:15,0.27,103.089
16251,02/07/2026 04:32:15,0.28,103.098
16252,02/07/2026 04:42:15,0.28,103.098
16253,02/07/2026 04:52:15,0.27,103.084
16254,02/07/2026 05:02:15,0.26,103.097
16255,02/07/2026 05:12:15,0.26,103.093
16256,02/07/2026 05:22:15,0.25,103.093
16257,02/07/2026 05:32:15,0.25,103.084
16258,02/07/2026 05:42:15,0.25,103.079
16259,02/07/2026 05:52:15,0.25,103.088
16260,02/07/2026 06:02:15,0.26,103.084
16261,02/07/2026 06:12:15,0.26,103.084
16262,02/07/2026 06:22:15,0.27,103.093
16263,02/07/2026 06:32:15,0.28,103.093
16264,02/07/2026 06:42:15,0.28,103.098
16265,02/07/2026 06:52:15,0.28,103.116
16266,02/07/2026 07:02:15,0.28,103.151
16267,02/07/2026 07:12:15,0.28,103.168
16268,02/07/2026 07:22:15,0.27,103.194
16269,02/07/2026 07:32:15,0.26,103.211
16270,02/07/2026 07:42:15,0.24,103.228
16271,02/07/2026 07:52:15,0.22,103.276
16272,02/07/2026 08:02:15,0.21,103.293
16273,02/07/2026 08:12:15,0.20,103.328
16274,02/07/2026 08:22:15,0.20,103.341
16275,02/07/2026 08:32:15,0.21,103.381
16276,02/07/2026 08:42:15,0.23,103.390
16277,02/07/2026 08:52:15,0.24,103.426
16278,02/07/2026 09:02:15,0.25,103.426
16279,02/07/2026 09:12:15,0.26,103.431
16280,02/07/2026 09:22:15,0.28,103.471
16281,02/07/2026 09:32:15,0.30,103.467
16282,02/07/2026 09:42:15,0.31,103.503
16283,02/07/2026 09:52:15,0.31,103.512
16284,02/07/2026 10:02:15,0.31,103.542
16285,02/07/2026 10:12:15,0.32,103.551
16286,02/07/2026 10:22:15,0.32,103.578
16287,02/07/2026 10:32:15,0.32,103.595
16288,02/07/2026 10:42:15,0.33,103.613
16289,02/07/2026 10:52:15,0.33,103.582
16290,02/07/2026 11:02:15,0.33,103.591
16291,02/07/2026 11:12:15,0.34,103.605
16292,02/07/2026 11:22:15,0.35,103.605
16293,02/07/2026 11:32:15,0.37,103.610
16294,02/07/2026 11:42:15,0.38,103.624
16295,02/07/2026 11:52:15,0.39,103.615
16296,02/07/2026 12:02:15,0.41,103.633
16297,02/07/2026 12:12:15,0.43,103.625
16298,02/07/2026 12:22:15,0.44,103.635
16299,02/07/2026 12:32:15,0.44,103.635
16300,02/07/2026 12:42:15,0.45,103.644
16301,02/07/2026 12:52:15,0.45,103.653
16302,02/07/2026 13:02:15,0.45,103.661
16303,02/07/2026 13:12:15,0.45,103.696
16304,02/07/2026 13:22:15,0.45,103.718
16305,02/07/2026 13:32:15,0.45,103.723
16306,02/07/2026 13:42:15,0.44,103.727
16307,02/07/2026 13:52:15,0.44,103.766
16308,02/07/2026 14:02:15,0.43,103.770
16309,02/07/2026 14:12:15,0.41,103.796
16310,02/07/2026 14:22:15,0.41,103.796
16311,02/07/2026 14:32:15,0.41,103.822
16312,02/07/2026 14:42:15,0.41,103.862
16313,02/07/2026 14:52:15,0.40,103.879
16314,02/07/2026 15:02:15,0.39,103.892
16315,02/07/2026 15:12:15,0.37,103.917
16316,02/07/2026 15:22:15,0.35,103.912
16317,02/07/2026 15:32:15,0.33,103.947
16318,02/07/2026 15:42:15,0.31,103.972
16319,02/07/2026 15:52:15,0.30,103.998
16320,02/07/2026 16:02:15,0.28,104.015
16321,02/07/2026 16:12:15,0.27,104.054
16322,02/07/2026 16:22:15,0.27,104.089
16323,02/07/2026 16:32:15,0.26,104.124
16324,02/07/2026 16:42:15,0.25,104.168
16325,02/07/2026 16:52:15,0.24,104.185
16326,02/07/2026 17:02:15,0.23,104.233
16327,02/07/2026 17:12:15,0.21,104.259
16328,02/07/2026 17:22:15,0.20,104.276
16329,02/07/2026 17:32:15,0.18,104.306
16330,02/07/2026 17:42:15,0.17,104.358
16331,02/07/2026 17:52:15,0.15,104.410
16332,02/07/2026 18:02:15,0.14,104.462
16333,02/07/2026 18:12:15,0.13,104.532
16334,02/07/2026 18:22:15,0.12,104.576
16335,02/07/2026 18:32:15,0.11,104.615
16336,02/07/2026 18:42:15,0.10,104.693
16337,02/07/2026 18:52:15,0.09,104.733
16338,02/07/2026 19:02:15,0.08,104.789
16339,02/07/2026 19:12:15,0.08,104.846
16340,02/07/2026 19:22:15,0.07,104.894
16341,02/07/2026 19:32:15,0.06,104.942
16342,02/07/2026 19:42:15,0.06,104.986
16343,02/07/2026 19:52:15,0.07,105.052
16344,02/07/2026 20:02:15,0.07,105.105
16345,02/07/2026 20:12:15,0.06,105.153
16346,02/07/2026 20:22:15,0.05,105.192
16347,02/07/2026 20:32:15,0.04,105.262
16348,02/07/2026 20:42:15,0.04,105.292
16349,02/07/2026 20:52:15,0.03,105.340
16350,02/07/2026 21:02:15,0.03,105.402
16351,02/07/2026 21:12:15,0.03,105.454
16352,02/07/2026 21:22:15,0.03,105.516
16353,02/07/2026 21:32:15,0.03,105.559
16354,02/07/2026 21:42:15,0.03,105.616
16355,02/07/2026 21:52:15,0.03,105.652
16356,02/07/2026 22:02:15,0.03,105.709
16357,02/07/2026 22:12:15,0.03,105.748
16358,02/07/2026 22:22:15,0.03,105.779
16359,02/07/2026 22:32:15,0.03,105.814
16360,02/07/2026 22:42:15,0.02,105.858
16361,02/07/2026 22:52:15,0.02,105.897
16362,02/07/2026 23:02:15,0.02,105.919
16363,02/07/2026 23:12:15,0.01,105.945
16364,02/07/2026 23:22:15,0.01,105.962
16365,02/07/2026 23:32:15,0.01,105.989
16366,02/07/2026 23:42:15,0.01,106.032
16367,02/07/2026 23:52:15,0.01,106.059
16368,02/08/2026 00:02:15,0.01,106.081
16369,02/08/2026 00:12:15,0.01,106.124
16370,02/08/2026 00:22:15,0.01,106.151
16371,02/08/2026 00:32:15,0.00,106.190
16372,02/08/2026 00:42:15,0.00,106.216
16373,02/08/2026 00:52:15,0.00,106.221
16374,02/08/2026 01:02:15,0.01,106.274
16375,02/08/2026 01:12:15,0.01,106.287
16376,02/08/2026 01:22:15,0.01,106.318
16377,02/08/2026 01:32:15,0.01,106.340
16378,02/08/2026 01:42:15,0.01,106.353
16379,02/08/2026 01:52:15,0.01,106.388
16380,02/08/2026 02:02:15,0.01,106.392
16381,02/08/2026 02:12:15,0.01,106.405
16382,02/08/2026 02:22:15,0.01,106.405
16383,02/08/2026 02:32:15,0.01,106.414
16384,02/08/2026 02:42:15,0.01,106.418
16385,02/08/2026 02:52:15,0.01,106.436
16386,02/08/2026 03:02:15,0.02,106.440
16387,02/08/2026 03:12:15,0.02,106.445
16388,02/08/2026 03:22:15,0.02,106.450
16389,02/08/2026 03:32:15,0.03,106.463
16390,02/08/2026 03:42:15,0.03,106.476
16391,02/08/2026 03:52:15,0.03,106.503
16392,02/08/2026 04:02:15,0.03,106.533
16393,02/08/2026 04:12:15,0.03,106.529
16394,02/08/2026 04:22:15,0.03,106.538
16395,02/08/2026 04:32:15,0.04,106.542
16396,02/08/2026 04:42:15,0.04,106.555
16397,02/08/2026 04:52:15,0.04,106.581
16398,02/08/2026 05:02:15,0.04,106.586
16399,02/08/2026 05:12:15,0.04,106.590
16400,02/08/2026 05:22:15,0.04,106.595
16401,02/08/2026 05:32:15,0.04,106.586
16402,02/08/2026 05:42:15,0.04,106.586
16403,02/08/2026 05:52:15,0.04,106.599
16404,02/08/2026 06:02:15,0.04,106.608
16405,02/08/2026 06:12:15,0.04,106.617
16406,02/08/2026 06:22:15,0.05,106.608
16407,02/08/2026 06:32:15,0.05,106.604
16408,02/08/2026 06:42:15,0.05,106.604
16409,02/08/2026 06:52:15,0.05,106.573
16410,02/08/2026 07:02:15,0.05,106.578
16411,02/08/2026 07:12:15,0.05,106.573
16412,02/08/2026 07:22:15,0.05,106.556
16413,02/08/2026 07:32:15,0.05,106.538
16414,02/08/2026 07:42:15,0.06,106.521
16415,02/08/2026 07:52:15,0.06,106.508
16416,02/08/2026 08:02:15,0.06,106.486
16417,02/08/2026 08:12:15,0.07,106.456
16418,02/08/2026 08:22:15,0.07,106.407
16419,02/08/2026 08:32:15,0.08,106.390
16420,02/08/2026 08:42:15,0.09,106.333
16421,02/08/2026 08:52:15,0.09,106.298
16422,02/08/2026 09:02:15,0.09,106.237
16423,02/08/2026 09:12:15,0.10,106.202
16424,02/08/2026 09:22:15,0.11,106.154
16425,02/08/2026 09:32:15,0.11,106.115
16426,02/08/2026 09:42:15,0.12,106.072
16427,02/08/2026 09:52:15,0.13,106.046
16428,02/08/2026 10:02:15,0.14,105.980
16429,02/08/2026 10:12:15,0.16,105.932
16430,02/08/2026 10:22:15,0.17,105.880
16431,02/08/2026 10:32:15,0.19,105.837
16432,02/08/2026 10:42:15,0.20,105.776
16433,02/08/2026 10:52:15,0.22,105.737
16434,02/08/2026 11:02:15,0.23,105.689
16435,02/08/2026 11:12:15,0.24,105.646
16436,02/08/2026 11:22:15,0.26,105.629
16437,02/08/2026 11:32:15,0.27,105.586
16438,02/08/2026 11:42:15,0.28,105.547
16439,02/08/2026 11:52:15,0.30,105.516
16440,02/08/2026 12:02:15,0.32,105.504
16441,02/08/2026 12:12:15,0.34,105.470
16442,02/08/2026 12:22:15,0.36,105.440
16443,02/08/2026 12:32:15,0.38,105.405
16444,02/08/2026 12:42:15,0.40,105.388
16445,02/08/2026 12:52:15,0.42,105.380
16446,02/08/2026 13:02:15,0.43,105.359
16447,02/08/2026 13:12:15,0.44,105.346
16448,02/08/2026 13:22:15,0.44,105.328
16449,02/08/2026 13:32:15,0.44,105.315
16450,02/08/2026 13:42:15,0.43,105.306
16451,02/08/2026 13:52:15,0.43,105.297
16452,02/08/2026 14:02:15,0.42,105.293
16453,02/08/2026 14:12:15,0.42,105.301
16454,02/08/2026 14:22:15,0.41,105.301
16455,02/08/2026 14:32:15,0.40,105.301
16456,02/08/2026 14:42:15,0.40,105.314
16457,02/08/2026 14:52:15,0.39,105.309
16458,02/08/2026 15:02:15,0.38,105.322
16459,02/08/2026 15:12:15,0.37,105.330
16460,02/08/2026 15:22:15,0.36,105.330
16461,02/08/2026 15:32:15,0.35,105.330
16462,02/08/2026 15:42:15,0.33,105.351
16463,02/08/2026 15:52:15,0.32,105.350
16464,02/08/2026 16:02:15,0.29,105.358
16465,02/08/2026 16:12:15,0.27,105.371
16466,02/08/2026 16:22:15,0.26,105.374
16467,02/08/2026 16:32:15,0.24,105.374
16468,02/08/2026 16:42:15,0.22,105.387
16469,02/08/2026 16:52:15,0.21,105.395
16470,02/08/2026 17:02:15,0.20,105.408
16471,02/08/2026 17:12:15,0.19,105.425
16472,02/08/2026 17:22:15,0.19,105.425
16473,02/08/2026 17:32:15,0.18,105.425
16474,02/08/2026 17:42:15,0.18,105.464
16475,02/08/2026 17:52:15,0.18,105.482
16476,02/08/2026 18:02:15,0.18,105.481
16477,02/08/2026 18:12:15,0.17,105.485
16478,02/08/2026 18:22:15,0.16,105.494
16479,02/08/2026 18:32:15,0.15,105.502
16480,02/08/2026 18:42:15,0.14,105.541
16481,02/08/2026 18:52:15,0.13,105.545
16482,02/08/2026 19:02:15,0.12,105.545
16483,02/08/2026 19:12:15,0.12,105.545
16484,02/08/2026 19:22:15,0.12,105.536
16485,02/08/2026 19:32:15,0.12,105.550
16486,02/08/2026 19:42:15,0.13,105.554
16487,02/08/2026 19:52:15,0.13,105.572
16488,02/08/2026 20:02:15,0.12,105.580
16489,02/08/2026 20:12:15,0.11,105.593
16490,02/08/2026 20:22:15,0.10,105.602
16491,02/08/2026 20:32:15,0.10,105.601
16492,02/08/2026 20:42:15,0.10,105.614
16493,02/08/2026 20:52:15,0.09,105.627
16494,02/08/2026 21:02:15,0.09,105.627
16495,02/08/2026 21:12:15,0.09,105.632
16496,02/08/2026 21:22:15,0.09,105.658
16497,02/08/2026 21:32:15,0.10,105.672
16498,02/08/2026 21:42:15,0.10,105.685
16499,02/08/2026 21:52:15,0.11,105.685
16500,02/08/2026 22:02:15,0.11,105.698
16501,02/08/2026 22:12:15,0.11,105.694
16502,02/08/2026 22:22:15,0.10,105.707
16503,02/08/2026 22:32:15,0.10,105.707
16504,02/08/2026 22:42:15,0.10,105.728
16505,02/08/2026 22:52:15,0.09,105.711
16506,02/08/2026 23:02:15,0.09,105.724
16507,02/08/2026 23:12:15,0.08,105.728
16508,02/08/2026 23:22:15,0.08,105.732
16509,02/08/2026 23:32:15,0.08,105.737
16510,02/08/2026 23:42:15,0.07,105.723
16511,02/08/2026 23:52:15,0.07,105.741
16512,02/09/2026 00:02:15,0.07,105.750
16513,02/09/2026 00:12:15,0.07,105.749
16514,02/09/2026 00:22:15,0.07,105.758
16515,02/09/2026 00:32:15,0.07,105.749
16516,02/09/2026 00:42:15,0.07,105.736
16517,02/09/2026 00:52:15,0.08,105.710
16518,02/09/2026 01:02:15,0.08,105.728
16519,02/09/2026 01:12:15,0.07,105.728
16520,02/09/2026 01:22:15,0.07,105.736
16521,02/09/2026 01:32:15,0.06,105.749
16522,02/09/2026 01:42:15,0.05,105.749
16523,02/09/2026 01:52:15,0.05,105.758
16524,02/09/2026 02:02:15,0.05,105.753
16525,02/09/2026 02:12:15,0.05,105.744
16526,02/09/2026 02:22:15,0.05,105.749
16527,02/09/2026 02:32:15,0.05,105.757
16528,02/09/2026 02:42:15,0.05,105.749
16529,02/09/2026 02:52:15,0.05,105.758
16530,02/09/2026 03:02:15,0.05,105.762
16531,02/09/2026 03:12:15,0.05,105.771
16532,02/09/2026 03:22:15,0.05,105.753
16533,02/09/2026 03:32:15,0.05,105.749
16534,02/09/2026 03:42:15,0.05,105.744
16535,02/09/2026 03:52:15,0.04,105.753
16536,02/09/2026 04:02:15,0.04,105.753
16537,02/09/2026 04:12:15,0.04,105.766
16538,02/09/2026 04:22:15,0.04,105.770
16539,02/09/2026 04:32:15,0.03,105.775
16540,02/09/2026 04:42:15,0.04,105.792
16541,02/09/2026 04:52:15,0.05,105.806
16542,02/09/2026 05:02:15,0.05,105.801
16543,02/09/2026 05:12:15,0.04,105.797
16544,02/09/2026 05:22:15,0.04,105.805
16545,02/09/2026 05:32:15,0.03,105.801
16546,02/09/2026 05:42:15,0.03,105.818
16547,02/09/2026 05:52:15,0.02,105.809
16548,02/09/2026 06:02:15,0.02,105.822
16549,02/09/2026 06:12:15,0.02,105.818
16550,02/09/2026 06:22:15,0.02,105.827
16551,02/09/2026 06:32:15,0.02,105.827
16552,02/09/2026 06:42:15,0.02,105.827
16553,02/09/2026 06:52:15,0.02,105.844
16554,02/09/2026 07:02:15,0.02,105.858
16555,02/09/2026 07:12:15,0.02,105.862
16556,02/09/2026 07:22:15,0.02,105.871
16557,02/09/2026 07:32:15,0.02,105.892
16558,02/09/2026 07:42:15,0.02,105.897
16559,02/09/2026 07:52:15,0.02,105.893
16560,02/09/2026 08:02:15,0.03,105.862
16561,02/09/2026 08:12:15,0.03,105.880
16562,02/09/2026 08:22:15,0.04,105.897
16563,02/09/2026 08:32:15,0.04,105.889
16564,02/09/2026 08:42:15,0.05,105.898
16565,02/09/2026 08:52:15,0.06,105.881
16566,02/09/2026 09:02:15,0.08,105.886
16567,02/09/2026 09:12:15,0.09,105.886
16568,02/09/2026 09:22:15,0.10,105.887
16569,02/09/2026 09:32:15,0.12,105.892
16570,02/09/2026 09:42:15,0.14,105.897
16571,02/09/2026 09:52:15,0.16,105.884
16572,02/09/2026 10:02:15,0.18,105.885
16573,02/09/2026 10:12:15,0.20,105.886
16574,02/09/2026 10:22:15,0.22,105.873
16575,02/09/2026 10:32:15,0.25,105.843
16576,02/09/2026 10:42:15,0.27,105.818
16577,02/09/2026 10:52:15,0.29,105.801
16578,02/09/2026 11:02:15,0.32,105.807
16579,02/09/2026 11:12:15,0.35,105.781
16580,02/09/2026 11:22:15,0.37,105.751
16581,02/09/2026 11:32:15,0.39,105.730
16582,02/09/2026 11:42:15,0.42,105.718
16583,02/09/2026 11:52:15,0.44,105.701
16584,02/09/2026 12:02:15,0.47,105.667
16585,02/09/2026 12:12:15,0.49,105.650
16586,02/09/2026 12:22:15,0.51,105.656
16587,02/09/2026 12:32:15,0.54,105.670
16588,02/09/2026 12:42:15,0.56,105.648
16589,02/09/2026 12:52:15,0.59,105.619
16590,02/09/2026 13:02:15,0.61,105.593
16591,02/09/2026 13:12:15,0.62,105.572
16592,02/09/2026 13:22:15,0.62,105.528
16593,02/09/2026 13:32:15,0.60,105.505
16594,02/09/2026 13:42:15,0.59,105.465
16595,02/09/2026 13:52:15,0.57,105.482
16596,02/09/2026 14:02:15,0.56,105.460
16597,02/09/2026 14:12:15,0.53,105.428
16598,02/09/2026 14:22:15,0.51,105.414
16599,02/09/2026 14:32:15,0.51,105.423
16600,02/09/2026 14:42:15,0.50,105.409
16601,02/09/2026 14:52:15,0.50,105.409
16602,02/09/2026 15:02:15,0.49,105.422
16603,02/09/2026 15:12:15,0.48,105.426
16604,02/09/2026 15:22:15,0.48,105.426
16605,02/09/2026 15:32:15,0.48,105.409
16606,02/09/2026 15:42:15,0.48,105.435
16607,02/09/2026 15:52:15,0.46,105.417
16608,02/09/2026 16:02:15,0.44,105.399
16609,02/09/2026 16:12:15,0.42,105.411
16610,02/09/2026 16:22:15,0.40,105.397
16611,02/09/2026 16:32:15,0.39,105.405
16612,02/09/2026 16:42:15,0.37,105.400
16613,02/09/2026 16:52:15,0.36,105.426
16614,02/09/2026 17:02:15,0.34,105.421
16615,02/09/2026 17:12:15,0.33,105.399
16616,02/09/2026 17:22:15,0.32,105.394
16617,02/09/2026 17:32:15,0.31,105.376
16618,02/09/2026 17:42:15,0.30,105.402
16619,02/09/2026 17:52:15,0.30,105.398
16620,02/09/2026 18:02:15,0.29,105.402
16621,02/09/2026 18:12:15,0.28,105.397
16622,02/09/2026 18:22:15,0.27,105.384
16623,02/09/2026 18:32:15,0.27,105.401
16624,02/09/2026 18:42:15,0.26,105.410
16625,02/09/2026 18:52:15,0.26,105.397
16626,02/09/2026 19:02:15,0.26,105.405
16627,02/09/2026 19:12:15,0.25,105.409
16628,02/09/2026 19:22:15,0.25,105.418
16629,02/09/2026 19:32:15,0.25,105.422
16630,02/09/2026 19:42:15,0.25,105.453
16631,02/09/2026 19:52:15,0.25,105.471
16632,02/09/2026 20:02:15,0.25,105.449
16633,02/09/2026 20:12:15,0.25,105.444
16634,02/09/2026 20:22:15,0.25,105.449
16635,02/09/2026 20:32:15,0.27,105.436
16636,02/09/2026 20:42:15,0.28,105.419
16637,02/09/2026 20:52:15,0.28,105.428
16638,02/09/2026 21:02:15,0.27,105.410
16639,02/09/2026 21:12:15,0.27,105.414
16640,02/09/2026 21:22:15,0.26,105.405
16641,02/09/2026 21:32:15,0.26,105.392
16642,02/09/2026 21:42:15,0.25,105.392
16643,02/09/2026 21:52:15,0.25,105.388
16644,02/09/2026 22:02:15,0.26,105.374
16645,02/09/2026 22:12:15,0.26,105.370
16646,02/09/2026 22:22:15,0.26,105.357
16647,02/09/2026 22:32:15,0.26,105.366
16648,02/09/2026 22:42:15,0.26,105.370
16649,02/09/2026 22:52:15,0.26,105.379
16650,02/09/2026 23:02:15,0.26,105.366
16651,02/09/2026 23:12:15,0.26,105.375
16652,02/09/2026 23:22:15,0.26,105.357
16653,02/09/2026 23:32:15,0.26,105.357
16654,02/09/2026 23:42:15,0.26,105.361
16655,02/09/2026 23:52:15,0.26,105.348
16656,02/10/2026 00:02:15,0.26,105.361
16657,02/10/2026 00:12:15,0.26,105.348
16658,02/10/2026 00:22:15,0.26,105.335
16659,02/10/2026 00:32:15,0.26,105.317
16660,02/10/2026 00:42:15,0.25,105.331
16661,02/10/2026 00:52:15,0.26,105.348
16662,02/10/2026 01:02:15,0.26,105.344
16663,02/10/2026 01:12:15,0.26,105.361
16664,02/10/2026 01:22:15,0.26,105.388
16665,02/10/2026 01:32:15,0.27,105.379
16666,02/10/2026 01:42:15,0.28,105.371
16667,02/10/2026 01:52:15,0.29,105.354
16668,02/10/2026 02:02:15,0.30,105.354
16669,02/10/2026 02:12:15,0.29,105.376
16670,02/10/2026 02:22:15,0.29,105.398
16671,02/10/2026 02:32:15,0.29,105.393
16672,02/10/2026 02:42:15,0.28,105.380
16673,02/10/2026 02:52:15,0.28,105.406
16674,02/10/2026 03:02:15,0.28,105.393
16675,02/10/2026 03:12:15,0.29,105.384
16676,02/10/2026 03:22:15,0.29,105.407
16677,02/10/2026 03:32:15,0.30,105.407
16678,02/10/2026 03:42:15,0.30,105.411
16679,02/10/2026 03:52:15,0.30,105.411
16680,02/10/2026 04:02:15,0.31,105.385
16681,02/10/2026 04:12:15,0.31,105.372
16682,02/10/2026 04:22:15,0.30,105.363
16683,02/10/2026 04:32:15,0.30,105.359
16684,02/10/2026 04:42:15,0.30,105.354
16685,02/10/2026 04:52:15,0.29,105.358
16686,02/10/2026 05:02:15,0.29,105.341
16687,02/10/2026 05:12:15,0.28,105.336
16688,02/10/2026 05:22:15,0.28,105.318
16689,02/10/2026 05:32:15,0.28,105.340
16690,02/10/2026 05:42:15,0.27,105.331
16691,02/10/2026 05:52:15,0.27,105.335
16692,02/10/2026 06:02:15,0.26,105.348
16693,02/10/2026 06:12:15,0.26,105.344
16694,02/10/2026 06:22:15,0.25,105.352
16695,02/10/2026 06:32:15,0.24,105.378
16696,02/10/2026 06:42:15,0.24,105.391
16697,02/10/2026 06:52:15,0.24,105.378
16698,02/10/2026 07:02:15,0.25,105.374
16699,02/10/2026 07:12:15,0.24,105.365
16700,02/10/2026 07:22:15,0.23,105.374
16701,02/10/2026 07:32:15,0.22,105.369
16702,02/10/2026 07:42:15,0.22,105.360
16703,02/10/2026 07:52:15,0.21,105.364
16704,02/10/2026 08:02:15,0.21,105.347
16705,02/10/2026 08:12:15,0.21,105.347
16706,02/10/2026 08:22:15,0.22,105.356
16707,02/10/2026 08:32:15,0.23,105.369
16708,02/10/2026 08:42:15,0.24,105.356
16709,02/10/2026 08:52:15,0.25,105.357
16710,02/10/2026 09:02:15,0.27,105.349
16711,02/10/2026 09:12:15,0.29,105.327
16712,02/10/2026 09:22:15,0.30,105.319
16713,02/10/2026 09:32:15,0.32,105.306
16714,02/10/2026 09:42:15,0.33,105.307
16715,02/10/2026 09:52:15,0.35,105.303
16716,02/10/2026 10:02:15,0.36,105.299
16717,02/10/2026 10:12:15,0.38,105.287
16718,02/10/2026 10:22:15,0.40,105.292
16719,02/10/2026 10:32:15,0.42,105.258
16720,02/10/2026 10:42:15,0.45,105.250
16721,02/10/2026 10:52:15,0.47,105.228
16722,02/10/2026 11:02:15,0.49,105.203
16723,02/10/2026 11:12:15,0.51,105.168
16724,02/10/2026 11:22:15,0.53,105.156
16725,02/10/2026 11:32:15,0.54,105.139
16726,02/10/2026 11:42:15,0.56,105.126
16727,02/10/2026 11:52:15,0.57,105.100
16728,02/10/2026 12:02:15,0.59,105.075
16729,02/10/2026 12:12:15,0.61,105.054
16730,02/10/2026 12:22:15,0.63,105.037
16731,02/10/2026 12:32:15,0.63,105.011
16732,02/10/2026 12:42:15,0.64,104.984
16733,02/10/2026 12:52:15,0.63,104.953
16734,02/10/2026 13:02:15,0.63,104.927
16735,02/10/2026 13:12:15,0.63,104.866
16736,02/10/2026 13:22:15,0.62,104.817
16737,02/10/2026 13:32:15,0.62,104.790
16738,02/10/2026 13:42:15,0.61,104.764
16739,02/10/2026 13:52:15,0.61,104.764
16740,02/10/2026 14:02:15,0.62,104.760
16741,02/10/2026 14:12:15,0.62,104.747
16742,02/10/2026 14:22:15,0.62,104.721
16743,02/10/2026 14:32:15,0.62,104.712
16744,02/10/2026 14:42:15,0.63,104.703
16745,02/10/2026 14:52:15,0.62,104.668
16746,02/10/2026 15:02:15,0.62,104.650
16747,02/10/2026 15:12:15,0.62,104.655
16748,02/10/2026 15:22:15,0.60,104.628
16749,02/10/2026 15:32:15,0.58,104.636
16750,02/10/2026 15:42:15,0.57,104.635
16751,02/10/2026 15:52:15,0.55,104.604
16752,02/10/2026 16:02:15,0.53,104.590
16753,02/10/2026 16:12:15,0.52,104.572
16754,02/10/2026 16:22:15,0.51,104.541
16755,02/10/2026 16:32:15,0.49,104.518
16756,02/10/2026 16:42:15,0.48,104.540
16757,02/10/2026 16:52:15,0.47,104.544
16758,02/10/2026 17:02:15,0.47,104.478
16759,02/10/2026 17:12:15,0.48,104.478
16760,02/10/2026 17:22:15,0.48,104.483
16761,02/10/2026 17:32:15,0.47,104.465
16762,02/10/2026 17:42:15,0.46,104.421
16763,02/10/2026 17:52:15,0.44,104.416
16764,02/10/2026 18:02:15,0.43,104.385
16765,02/10/2026 18:12:15,0.42,104.336
16766,02/10/2026 18:22:15,0.41,104.301
16767,02/10/2026 18:32:15,0.41,104.336
16768,02/10/2026 18:42:15,0.40,104.313
16769,02/10/2026 18:52:15,0.40,104.287
16770,02/10/2026 19:02:15,0.40,104.256
16771,02/10/2026 19:12:15,0.40,104.221
16772,02/10/2026 19:22:15,0.40,104.204
16773,02/10/2026 19:32:15,0.40,104.191
16774,02/10/2026 19:42:15,0.40,104.221
16775,02/10/2026 19:52:15,0.40,104.239
16776,02/10/2026 20:02:15,0.40,104.243
16777,02/10/2026 20:12:15,0.40,104.186
16778,02/10/2026 20:22:15,0.40,104.186
16779,02/10/2026 20:32:15,0.40,104.239
16780,02/10/2026 20:42:15,0.39,104.230
16781,02/10/2026 20:52:15,0.39,104.221
16782,02/10/2026 21:02:15,0.39,104.190
16783,02/10/2026 21:12:15,0.38,104.120
16784,02/10/2026 21:22:15,0.38,104.120
16785,02/10/2026 21:32:15,0.37,104.106
16786,02/10/2026 21:42:15,0.37,104.119
16787,02/10/2026 21:52:15,0.36,104.106
16788,02/10/2026 22:02:15,0.36,104.119
16789,02/10/2026 22:12:15,0.37,104.093
16790,02/10/2026 22:22:15,0.37,104.036
16791,02/10/2026 22:32:15,0.35,103.987
16792,02/10/2026 22:42:15,0.34,103.952
16793,02/10/2026 22:52:15,0.33,103.925
16794,02/10/2026 23:02:15,0.33,103.934
16795,02/10/2026 23:12:15,0.33,103.920
16796,02/10/2026 23:22:15,0.33,103.894
16797,02/10/2026 23:32:15,0.33,103.859
16798,02/10/2026 23:42:15,0.33,103.824
16799,02/10/2026 23:52:15,0.34,103.824
16800,02/11/2026 00:02:15,0.35,103.820
16801,02/11/2026 00:12:15,0.36,103.807
16802,02/11/2026 00:22:15,0.37,103.786
16803,02/11/2026 00:32:15,0.38,103.790
16804,02/11/2026 00:42:15,0.38,103.751
16805,02/11/2026 00:52:15,0.38,103.725
16806,02/11/2026 01:02:15,0.39,103.707
16807,02/11/2026 01:12:15,0.39,103.681
16808,02/11/2026 01:22:15,0.39,103.690
16809,02/11/2026 01:32:15,0.39,103.677
16810,02/11/2026 01:42:15,0.39,103.650
16811,02/11/2026 01:52:15,0.39,103.655
16812,02/11/2026 02:02:15,0.39,103.650
16813,02/11/2026 02:12:15,0.39,103.651
16814,02/11/2026 02:22:15,0.40,103.589
16815,02/11/2026 02:32:15,0.40,103.558
16816,02/11/2026 02:42:15,0.40,103.589
16817,02/11/2026 02:52:15,0.40,103.563
16818,02/11/2026 03:02:15,0.39,103.589
16819,02/11/2026 03:12:15,0.39,103.576
16820,02/11/2026 03:22:15,0.40,103.567
16821,02/11/2026 03:32:15,0.41,103.533
16822,02/11/2026 03:42:15,0.41,103.502
16823,02/11/2026 03:52:15,0.40,103.475
16824,02/11/2026 04:02:15,0.40,103.471
16825,02/11/2026 04:12:15,0.39,103.488
16826,02/11/2026 04:22:15,0.38,103.501
16827,02/11/2026 04:32:15,0.37,103.514
16828,02/11/2026 04:42:15,0.36,103.518
16829,02/11/2026 04:52:15,0.35,103.495
16830,02/11/2026 05:02:15,0.34,103.486
16831,02/11/2026 05:12:15,0.34,103.495
16832,02/11/2026 05:22:15,0.33,103.482
16833,02/11/2026 05:32:15,0.32,103.477
16834,02/11/2026 05:42:15,0.32,103.485
16835,02/11/2026 05:52:15,0.31,103.511
16836,02/11/2026 06:02:15,0.30,103.520
16837,02/11/2026 06:12:15,0.30,103.520
16838,02/11/2026 06:22:15,0.29,103.546
16839,02/11/2026 06:32:15,0.29,103.528
16840,02/11/2026 06:42:15,0.29,103.528
16841,02/11/2026 06:52:15,0.28,103.546
16842,02/11/2026 07:02:15,0.28,103.541
16843,02/11/2026 07:12:15,0.27,103.558
16844,02/11/2026 07:22:15,0.26,103.563
16845,02/11/2026 07:32:15,0.26,103.558
16846,02/11/2026 07:42:15,0.26,103.567
16847,02/11/2026 07:52:15,0.26,103.580
16848,02/11/2026 08:02:15,0.26,103.606
16849,02/11/2026 08:12:15,0.26,103.589
16850,02/11/2026 08:22:15,0.27,103.585
16851,02/11/2026 08:32:15,0.29,103.581
16852,02/11/2026 08:42:15,0.31,103.573
16853,02/11/2026 08:52:15,0.33,103.582
16854,02/11/2026 09:02:15,0.34,103.574
16855,02/11/2026 09:12:15,0.35,103.575
16856,02/11/2026 09:22:15,0.38,103.553
16857,02/11/2026 09:32:15,0.40,103.541
16858,02/11/2026 09:42:15,0.43,103.538
16859,02/11/2026 09:52:15,0.44,103.547
16860,02/11/2026 10:02:15,0.46,103.534
16861,02/11/2026 10:12:15,0.47,103.535
16862,02/11/2026 10:22:15,0.49,103.531
16863,02/11/2026 10:32:15,0.51,103.518
16864,02/11/2026 10:42:15,0.53,103.515
16865,02/11/2026 10:52:15,0.56,103.520
16866,02/11/2026 11:02:15,0.59,103.521
16867,02/11/2026 11:12:15,0.61,103.496
16868,02/11/2026 11:22:15,0.63,103.487
16869,02/11/2026 11:32:15,0.64,103.479
16870,02/11/2026 11:42:15,0.65,103.462
16871,02/11/2026 11:52:15,0.65,103.458
16872,02/11/2026 12:02:15,0.66,103.449
16873,02/11/2026 12:12:15,0.67,103.463
16874,02/11/2026 12:22:15,0.68,103.445
16875,02/11/2026 12:32:15,0.68,103.454
16876,02/11/2026 12:42:15,0.68,103.454
16877,02/11/2026 12:52:15,0.68,103.441
16878,02/11/2026 13:02:15,0.68,103.441
16879,02/11/2026 13:12:15,0.68,103.436
16880,02/11/2026 13:22:15,0.67,103.445
16881,02/11/2026 13:32:15,0.68,103.419
16882,02/11/2026 13:42:15,0.68,103.410
16883,02/11/2026 13:52:15,0.69,103.402
16884,02/11/2026 14:02:15,0.69,103.419
16885,02/11/2026 14:12:15,0.69,103.428
16886,02/11/2026 14:22:15,0.69,103.419
16887,02/11/2026 14:32:15,0.69,103.428
16888,02/11/2026 14:42:15,0.69,103.468
16889,02/11/2026 14:52:15,0.69,103.459
16890,02/11/2026 15:02:15,0.68,103.454
16891,02/11/2026 15:12:15,0.66,103.467
16892,02/11/2026 15:22:15,0.65,103.466
16893,02/11/2026 15:32:15,0.64,103.479
16894,02/11/2026 15:42:15,0.64,103.466
16895,02/11/2026 15:52:15,0.63,103.479
16896,02/11/2026 16:02:15,0.62,103.487
16897,02/11/2026 16:12:15,0.61,103.487
16898,02/11/2026 16:22:15,0.60,103.486
16899,02/11/2026 16:32:15,0.60,103.513
16900,02/11/2026 16:42:15,0.60,103.522
16901,02/11/2026 16:52:15,0.60,103.521
16902,02/11/2026 17:02:15,0.59,103.508
16903,02/11/2026 17:12:15,0.57,103.516
16904,02/11/2026 17:22:15,0.56,103.538
16905,02/11/2026 17:32:15,0.54,103.555
16906,02/11/2026 17:42:15,0.53,103.567
16907,02/11/2026 17:52:15,0.52,103.549
16908,02/11/2026 18:02:15,0.50,103.571
16909,02/11/2026 18:12:15,0.50,103.584
16910,02/11/2026 18:22:15,0.49,103.601
16911,02/11/2026 18:32:15,0.48,103.605
16912,02/11/2026 18:42:15,0.48,103.614
16913,02/11/2026 18:52:15,0.47,103.636
16914,02/11/2026 19:02:15,0.46,103.627
16915,02/11/2026 19:12:15,0.46,103.626
16916,02/11/2026 19:22:15,0.45,103.626
16917,02/11/2026 19:32:15,0.44,103.639
16918,02/11/2026 19:42:15,0.43,103.634
16919,02/11/2026 19:52:15,0.42,103.634
16920,02/11/2026 20:02:15,0.41,103.642
16921,02/11/2026 20:12:15,0.41,103.655
16922,02/11/2026 20:22:15,0.41,103.668
16923,02/11/2026 20:32:15,0.41,103.677
16924,02/11/2026 20:42:15,0.40,103.690
16925,02/11/2026 20:52:15,0.40,103.695
16926,02/11/2026 21:02:15,0.40,103.708
16927,02/11/2026 21:12:15,0.40,103.725
16928,02/11/2026 21:22:15,0.40,103.730
16929,02/11/2026 21:32:15,0.40,103.765
16930,02/11/2026 21:42:15,0.40,103.787
16931,02/11/2026 21:52:15,0.40,103.791
16932,02/11/2026 22:02:15,0.40,103.795
16933,02/11/2026 22:12:15,0.39,103.800
16934,02/11/2026 22:22:15,0.39,103.830
16935,02/11/2026 22:32:15,0.38,103.848
16936,02/11/2026 22:42:15,0.37,103.865
16937,02/11/2026 22:52:15,0.37,103.860
16938,02/11/2026 23:02:15,0.36,103.886
16939,02/11/2026 23:12:15,0.35,103.895
16940,02/11/2026 23:22:15,0.35,103.925
16941,02/11/2026 23:32:15,0.34,103.921
16942,02/11/2026 23:42:15,0.34,103.956
16943,02/11/2026 23:52:15,0.35,103.947
16944,02/12/2026 00:02:15,0.36,103.952
16945,02/12/2026 00:12:15,0.36,103.952
16946,02/12/2026 00:22:15,0.35,103.961
16947,02/12/2026 00:32:15,0.35,103.960
16948,02/12/2026 00:42:15,0.34,103.969
16949,02/12/2026 00:52:15,0.33,103.982
16950,02/12/2026 01:02:15,0.33,103.986
16951,02/12/2026 01:12:15,0.32,103.995
16952,02/12/2026 01:22:15,0.32,104.008
16953,02/12/2026 01:32:15,0.31,104.003
16954,02/12/2026 01:42:15,0.31,104.003
16955,02/12/2026 01:52:15,0.31,104.025
16956,02/12/2026 02:02:15,0.31,104.034
16957,02/12/2026 02:12:15,0.31,104.008
16958,02/12/2026 02:22:15,0.31,103.994
16959,02/12/2026 02:32:15,0.31,104.003
16960,02/12/2026 02:42:15,0.30,104.034
16961,02/12/2026 02:52:15,0.30,104.025
16962,02/12/2026 03:02:15,0.29,104.016
16963,02/12/2026 03:12:15,0.28,104.011
16964,02/12/2026 03:22:15,0.28,104.020
16965,02/12/2026 03:32:15,0.28,104.002
16966,02/12/2026 03:42:15,0.27,104.028
16967,02/12/2026 03:52:15,0.27,104.037
16968,02/12/2026 04:02:15,0.27,104.050
16969,02/12/2026 04:12:15,0.27,104.050
16970,02/12/2026 04:22:15,0.26,104.045
16971,02/12/2026 04:32:15,0.26,104.089
16972,02/12/2026 04:42:15,0.25,104.093
16973,02/12/2026 04:52:15,0.25,104.102
16974,02/12/2026 05:02:15,0.25,104.106
16975,02/12/2026 05:12:15,0.25,104.106
16976,02/12/2026 05:22:15,0.24,104.106
16977,02/12/2026 05:32:15,0.24,104.115
16978,02/12/2026 05:42:15,0.24,104.128
16979,02/12/2026 05:52:15,0.23,104.136
16980,02/12/2026 06:02:15,0.23,104.171
16981,02/12/2026 06:12:15,0.23,104.167
16982,02/12/2026 06:22:15,0.22,104.171
16983,02/12/2026 06:32:15,0.22,104.184
16984,02/12/2026 06:42:15,0.22,104.193
16985,02/12/2026 06:52:15,0.22,104.211
16986,02/12/2026 07:02:15,0.22,104.232
16987,02/12/2026 07:12:15,0.22,104.219
16988,02/12/2026 07:22:15,0.22,104.237
16989,02/12/2026 07:32:15,0.23,104.255
16990,02/12/2026 07:42:15,0.23,104.268
16991,02/12/2026 07:52:15,0.24,104.281
16992,02/12/2026 08:02:15,0.25,104.299
16993,02/12/2026 08:12:15,0.25,104.304
16994,02/12/2026 08:22:15,0.26,104.322
16995,02/12/2026 08:32:15,0.27,104.309
16996,02/12/2026 08:42:15,0.28,104.305
16997,02/12/2026 08:52:15,0.29,104.318
16998,02/12/2026 09:02:15,0.31,104.323
16999,02/12/2026 09:12:15,0.32,104.315
17000,02/12/2026 09:22:15,0.34,104.320
17001,02/12/2026 09:32:15,0.36,104.330
17002,02/12/2026 09:42:15,0.38,104.352
17003,02/12/2026 09:52:15,0.40,104.353
17004,02/12/2026 10:02:15,0.42,104.354
17005,02/12/2026 10:12:15,0.45,104.368
17006,02/12/2026 10:22:15,0.47,104.369
17007,02/12/2026 10:32:15,0.50,104.370
17008,02/12/2026 10:42:15,0.53,104.371
17009,02/12/2026 10:52:15,0.57,104.372
17010,02/12/2026 11:02:15,0.61,104.360
17011,02/12/2026 11:12:15,0.63,104.361
17012,02/12/2026 11:22:15,0.65,104.344
17013,02/12/2026 11:32:15,0.67,104.349
17014,02/12/2026 11:42:15,0.70,104.346
17015,02/12/2026 11:52:15,0.74,104.330
17016,02/12/2026 12:02:15,0.78,104.335
17017,02/12/2026 12:12:15,0.80,104.345
17018,02/12/2026 12:22:15,0.80,104.336
17019,02/12/2026 12:32:15,0.79,104.340
17020,02/12/2026 12:42:15,0.77,104.331
17021,02/12/2026 12:52:15,0.76,104.326
17022,02/12/2026 13:02:15,0.75,104.313
17023,02/12/2026 13:12:15,0.75,104.330
17024,02/12/2026 13:22:15,0.74,104.317
17025,02/12/2026 13:32:15,0.73,104.303
17026,02/12/2026 13:42:15,0.72,104.303
17027,02/12/2026 13:52:15,0.72,104.307
17028,02/12/2026 14:02:15,0.71,104.298
17029,02/12/2026 14:12:15,0.71,104.320
17030,02/12/2026 14:22:15,0.72,104.320
17031,02/12/2026 14:32:15,0.71,104.324
17032,02/12/2026 14:42:15,0.71,104.337
17033,02/12/2026 14:52:15,0.71,104.333
17034,02/12/2026 15:02:15,0.71,104.364
17035,02/12/2026 15:12:15,0.70,104.346
17036,02/12/2026 15:22:15,0.68,104.354
17037,02/12/2026 15:32:15,0.66,104.362
17038,02/12/2026 15:42:15,0.64,104.379
17039,02/12/2026 15:52:15,0.62,104.374
17040,02/12/2026 16:02:15,0.60,104.382
17041,02/12/2026 16:12:15,0.58,104.394
17042,02/12/2026 16:22:15,0.57,104.381
17043,02/12/2026 16:32:15,0.55,104.406
17044,02/12/2026 16:42:15,0.54,104.428
17045,02/12/2026 16:52:15,0.52,104.427
17046,02/12/2026 17:02:15,0.51,104.436
17047,02/12/2026 17:12:15,0.49,104.444
17048,02/12/2026 17:22:15,0.48,104.457
17049,02/12/2026 17:32:15,0.46,104.460
17050,02/12/2026 17:42:15,0.44,104.455
17051,02/12/2026 17:52:15,0.42,104.477
17052,02/12/2026 18:02:15,0.41,104.502
17053,02/12/2026 18:12:15,0.40,104.502
17054,02/12/2026 18:22:15,0.39,104.510
17055,02/12/2026 18:32:15,0.38,104.510
17056,02/12/2026 18:42:15,0.37,104.523
17057,02/12/2026 18:52:15,0.36,104.531
17058,02/12/2026 19:02:15,0.35,104.562
17059,02/12/2026 19:12:15,0.34,104.562
17060,02/12/2026 19:22:15,0.34,104.561
17061,02/12/2026 19:32:15,0.33,104.566
17062,02/12/2026 19:42:15,0.33,104.574
17063,02/12/2026 19:52:15,0.32,104.591
17064,02/12/2026 20:02:15,0.31,104.600
17065,02/12/2026 20:12:15,0.31,104.595
17066,02/12/2026 20:22:15,0.30,104.622
17067,02/12/2026 20:32:15,0.30,104.643
17068,02/12/2026 20:42:15,0.29,104.639
17069,02/12/2026 20:52:15,0.28,104.630
17070,02/12/2026 21:02:15,0.28,104.651
17071,02/12/2026 21:12:15,0.27,104.642
17072,02/12/2026 21:22:15,0.27,104.655
17073,02/12/2026 21:32:15,0.26,104.677
17074,02/12/2026 21:42:15,0.26,104.655
17075,02/12/2026 21:52:15,0.26,104.660
17076,02/12/2026 22:02:15,0.26,104.686
17077,02/12/2026 22:12:15,0.26,104.681
17078,02/12/2026 22:22:15,0.26,104.686
17079,02/12/2026 22:32:15,0.26,104.686
17080,02/12/2026 22:42:15,0.25,104.672
17081,02/12/2026 22:52:15,0.25,104.685
17082,02/12/2026 23:02:15,0.25,104.699
17083,02/12/2026 23:12:15,0.25,104.694
17084,02/12/2026 23:22:15,0.24,104.703
17085,02/12/2026 23:32:15,0.24,104.716
17086,02/12/2026 23:42:15,0.23,104.720
17087,02/12/2026 23:52:15,0.23,104.733
17088,02/13/2026 00:02:15,0.23,104.715
17089,02/13/2026 00:12:15,0.23,104.729
17090,02/13/2026 00:22:15,0.22,104.720
17091,02/13/2026 00:32:15,0.22,104.728
17092,02/13/2026 00:42:15,0.22,104.737
17093,02/13/2026 00:52:15,0.23,104.746
17094,02/13/2026 01:02:15,0.23,104.733
17095,02/13/2026 01:12:15,0.23,104.755
17096,02/13/2026 01:22:15,0.22,104.764
17097,02/13/2026 01:32:15,0.22,104.776
17098,02/13/2026 01:42:15,0.21,104.776
17099,02/13/2026 01:52:15,0.20,104.780
17100,02/13/2026 02:02:15,0.20,104.785
17101,02/13/2026 02:12:15,0.19,104.771
17102,02/13/2026 02:22:15,0.19,104.784
17103,02/13/2026 02:32:15,0.19,104.780
17104,02/13/2026 02:42:15,0.19,104.784
17105,02/13/2026 02:52:15,0.19,104.784
17106,02/13/2026 03:02:15,0.19,104.784
17107,02/13/2026 03:12:15,0.19,104.789
17108,02/13/2026 03:22:15,0.19,104.802
17109,02/13/2026 03:32:15,0.19,104.789
17110,02/13/2026 03:42:15,0.18,104.788
17111,02/13/2026 03:52:15,0.18,104.797
17112,02/13/2026 04:02:15,0.18,104.788
17113,02/13/2026 04:12:15,0.17,104.797
17114,02/13/2026 04:22:15,0.17,104.823
17115,02/13/2026 04:32:15,0.17,104.827
17116,02/13/2026 04:42:15,0.17,104.836
17117,02/13/2026 04:52:15,0.17,104.854
17118,02/13/2026 05:02:15,0.17,104.836
17119,02/13/2026 05:12:15,0.17,104.871
17120,02/13/2026 05:22:15,0.17,104.849
17121,02/13/2026 05:32:15,0.17,104.867
17122,02/13/2026 05:42:15,0.16,104.889
17123,02/13/2026 05:52:15,0.16,104.893
17124,02/13/2026 06:02:15,0.16,104.902
17125,02/13/2026 06:12:15,0.17,104.911
17126,02/13/2026 06:22:15,0.16,104.928
17127,02/13/2026 06:32:15,0.16,104.923
17128,02/13/2026 06:42:15,0.15,104.949
17129,02/13/2026 06:52:15,0.14,104.971
17130,02/13/2026 07:02:15,0.13,104.975
17131,02/13/2026 07:12:15,0.13,105.010
17132,02/13/2026 07:22:15,0.13,105.036
17133,02/13/2026 07:32:15,0.13,105.058
17134,02/13/2026 07:42:15,0.13,105.076
17135,02/13/2026 07:52:15,0.13,105.111
17136,02/13/2026 08:02:15,0.14,105.125
17137,02/13/2026 08:12:15,0.16,105.134
17138,02/13/2026 08:22:15,0.17,105.165
17139,02/13/2026 08:32:15,0.18,105.148
17140,02/13/2026 08:42:15,0.20,105.153
17141,02/13/2026 08:52:15,0.21,105.154
17142,02/13/2026 09:02:15,0.22,105.158
17143,02/13/2026 09:12:15,0.24,105.150
17144,02/13/2026 09:22:15,0.26,105.125
17145,02/13/2026 09:32:15,0.28,105.117
17146,02/13/2026 09:42:15,0.31,105.096
17147,02/13/2026 09:52:15,0.33,105.092
17148,02/13/2026 10:02:15,0.36,105.089
17149,02/13/2026 10:12:15,0.39,105.076
17150,02/13/2026 10:22:15,0.41,105.073
17151,02/13/2026 10:32:15,0.44,105.069
17152,02/13/2026 10:42:15,0.46,105.057
17153,02/13/2026 10:52:15,0.49,105.063
17154,02/13/2026 11:02:15,0.52,105.042
17155,02/13/2026 11:12:15,0.55,105.043
17156,02/13/2026 11:22:15,0.57,105.021
17157,02/13/2026 11:32:15,0.60,105.009
17158,02/13/2026 11:42:15,0.62,104.997
17159,02/13/2026 11:52:15,0.66,104.989
17160,02/13/2026 12:02:15,0.69,104.969
17161,02/13/2026 12:12:15,0.72,104.921
17162,02/13/2026 12:22:15,0.75,104.900
17163,02/13/2026 12:32:15,0.77,104.879
17164,02/13/2026 12:42:15,0.80,104.863
17165,02/13/2026 12:52:15,0.82,104.855
17166,02/13/2026 13:02:15,0.83,104.846
17167,02/13/2026 13:12:15,0.84,104.829
17168,02/13/2026 13:22:15,0.84,104.812
17169,02/13/2026 13:32:15,0.84,104.798
17170,02/13/2026 13:42:15,0.84,104.776
17171,02/13/2026 13:52:15,0.83,104.767
17172,02/13/2026 14:02:15,0.82,104.754
17173,02/13/2026 14:12:15,0.82,104.754
17174,02/13/2026 14:22:15,0.81,104.731
17175,02/13/2026 14:32:15,0.80,104.744
17176,02/13/2026 14:42:15,0.78,104.735
17177,02/13/2026 14:52:15,0.77,104.739
17178,02/13/2026 15:02:15,0.75,104.738
17179,02/13/2026 15:12:15,0.73,104.733
17180,02/13/2026 15:22:15,0.71,104.737
17181,02/13/2026 15:32:15,0.69,104.745
17182,02/13/2026 15:42:15,0.66,104.757
17183,02/13/2026 15:52:15,0.64,104.747
17184,02/13/2026 16:02:15,0.62,104.751
17185,02/13/2026 16:12:15,0.60,104.764
17186,02/13/2026 16:22:15,0.58,104.776
17187,02/13/2026 16:32:15,0.56,104.789
17188,02/13/2026 16:42:15,0.55,104.801
17189,02/13/2026 16:52:15,0.53,104.805
17190,02/13/2026 17:02:15,0.52,104.822
17191,02/13/2026 17:12:15,0.50,104.808
17192,02/13/2026 17:22:15,0.49,104.839
17193,02/13/2026 17:32:15,0.47,104.838
17194,02/13/2026 17:42:15,0.46,104.846
17195,02/13/2026 17:52:15,0.44,104.863
17196,02/13/2026 18:02:15,0.43,104.872
17197,02/13/2026 18:12:15,0.41,104.880
17198,02/13/2026 18:22:15,0.40,104.884
17199,02/13/2026 18:32:15,0.40,104.884
17200,02/13/2026 18:42:15,0.39,104.897
17201,02/13/2026 18:52:15,0.38,104.896
17202,02/13/2026 19:02:15,0.37,104.883
17203,02/13/2026 19:12:15,0.36,104.887
17204,02/13/2026 19:22:15,0.36,104.891
17205,02/13/2026 19:32:15,0.35,104.895
17206,02/13/2026 19:42:15,0.34,104.890
17207,02/13/2026 19:52:15,0.33,104.890
17208,02/13/2026 20:02:15,0.32,104.886
17209,02/13/2026 20:12:15,0.32,104.877
17210,02/13/2026 20:22:15,0.31,104.881
17211,02/13/2026 20:32:15,0.30,104.863
17212,02/13/2026 20:42:15,0.30,104.867
17213,02/13/2026 20:52:15,0.29,104.867
17214,02/13/2026 21:02:15,0.29,104.871
17215,02/13/2026 21:12:15,0.28,104.884
17216,02/13/2026 21:22:15,0.28,104.884
17217,02/13/2026 21:32:15,0.28,104.893
17218,02/13/2026 21:42:15,0.27,104.893
17219,02/13/2026 21:52:15,0.27,104.892
17220,02/13/2026 22:02:15,0.27,104.892
17221,02/13/2026 22:12:15,0.26,104.896
17222,02/13/2026 22:22:15,0.26,104.901
17223,02/13/2026 22:32:15,0.26,104.896
17224,02/13/2026 22:42:15,0.26,104.901
17225,02/13/2026 22:52:15,0.25,104.918
17226,02/13/2026 23:02:15,0.25,104.922
17227,02/13/2026 23:12:15,0.24,104.918
17228,02/13/2026 23:22:15,0.24,104.935
17229,02/13/2026 23:32:15,0.24,104.926
17230,02/13/2026 23:42:15,0.23,104.935
17231,02/13/2026 23:52:15,0.23,104.926
17232,02/14/2026 00:02:15,0.23,104.917
17233,02/14/2026 00:12:15,0.24,104.896
17234,02/14/2026 00:22:15,0.24,104.874
17235,02/14/2026 00:32:15,0.25,104.870
17236,02/14/2026 00:42:15,0.25,104.865
17237,02/14/2026 00:52:15,0.25,104.861
17238,02/14/2026 01:02:15,0.26,104.844
17239,02/14/2026 01:12:15,0.26,104.852
17240,02/14/2026 01:22:15,0.26,104.831
17241,02/14/2026 01:32:15,0.26,104.835
17242,02/14/2026 01:42:15,0.26,104.852
17243,02/14/2026 01:52:15,0.26,104.839
17244,02/14/2026 02:02:15,0.25,104.839
17245,02/14/2026 02:12:15,0.25,104.808
17246,02/14/2026 02:22:15,0.26,104.804
17247,02/14/2026 02:32:15,0.26,104.773
17248,02/14/2026 02:42:15,0.26,104.795
17249,02/14/2026 02:52:15,0.26,104.773
17250,02/14/2026 03:02:15,0.26,104.769
17251,02/14/2026 03:12:15,0.26,104.769
17252,02/14/2026 03:22:15,0.26,104.756
17253,02/14/2026 03:32:15,0.27,104.761
17254,02/14/2026 03:42:15,0.27,104.770
17255,02/14/2026 03:52:15,0.27,104.770
17256,02/14/2026 04:02:15,0.27,104.748
17257,02/14/2026 04:12:15,0.28,104.757
17258,02/14/2026 04:22:15,0.28,104.761
17259,02/14/2026 04:32:15,0.28,104.752
17260,02/14/2026 04:42:15,0.28,104.752
17261,02/14/2026 04:52:15,0.28,104.730
17262,02/14/2026 05:02:15,0.27,104.726
17263,02/14/2026 05:12:15,0.27,104.730
17264,02/14/2026 05:22:15,0.27,104.730
17265,02/14/2026 05:32:15,0.28,104.735
17266,02/14/2026 05:42:15,0.28,104.735
17267,02/14/2026 05:52:15,0.29,104.739
17268,02/14/2026 06:02:15,0.29,104.757
17269,02/14/2026 06:12:15,0.29,104.762
17270,02/14/2026 06:22:15,0.30,104.766
17271,02/14/2026 06:32:15,0.30,104.775
17272,02/14/2026 06:42:15,0.30,104.766
17273,02/14/2026 06:52:15,0.30,104.766
17274,02/14/2026 07:02:15,0.30,104.771
17275,02/14/2026 07:12:15,0.31,104.771
17276,02/14/2026 07:22:15,0.31,104.766
17277,02/14/2026 07:32:15,0.31,104.762
17278,02/14/2026 07:42:15,0.32,104.758
17279,02/14/2026 07:52:15,0.32,104.750
17280,02/14/2026 08:02:15,0.33,104.750
17281,02/14/2026 08:12:15,0.34,104.746
17282,02/14/2026 08:22:15,0.35,104.755
17283,02/14/2026 08:32:15,0.36,104.755
17284,02/14/2026 08:42:15,0.37,104.760
17285,02/14/2026 08:52:15,0.38,104.765
17286,02/14/2026 09:02:15,0.38,104.738
17287,02/14/2026 09:12:15,0.39,104.756
17288,02/14/2026 09:22:15,0.40,104.756
17289,02/14/2026 09:32:15,0.40,104.748
17290,02/14/2026 09:42:15,0.41,104.731
17291,02/14/2026 09:52:15,0.41,104.722
17292,02/14/2026 10:02:15,0.42,104.713
17293,02/14/2026 10:12:15,0.43,104.705
17294,02/14/2026 10:22:15,0.44,104.705
17295,02/14/2026 10:32:15,0.45,104.706
17296,02/14/2026 10:42:15,0.45,104.701
17297,02/14/2026 10:52:15,0.46,104.710
17298,02/14/2026 11:02:15,0.47,104.706
17299,02/14/2026 11:12:15,0.48,104.689
17300,02/14/2026 11:22:15,0.48,104.663
17301,02/14/2026 11:32:15,0.49,104.676
17302,02/14/2026 11:42:15,0.49,104.668
17303,02/14/2026 11:52:15,0.50,104.655
17304,02/14/2026 12:02:15,0.50,104.637
17305,02/14/2026 12:12:15,0.51,104.633
17306,02/14/2026 12:22:15,0.51,104.633
17307,02/14/2026 12:32:15,0.51,104.616
17308,02/14/2026 12:42:15,0.52,104.612
17309,02/14/2026 12:52:15,0.52,104.612
17310,02/14/2026 13:02:15,0.52,104.616
17311,02/14/2026 13:12:15,0.52,104.621
17312,02/14/2026 13:22:15,0.52,104.625
17313,02/14/2026 13:32:15,0.52,104.621
17314,02/14/2026 13:42:15,0.52,104.621
17315,02/14/2026 13:52:15,0.52,104.616
17316,02/14/2026 14:02:15,0.52,104.616
17317,02/14/2026 14:12:15,0.52,104.634
17318,02/14/2026 14:22:15,0.52,104.625
17319,02/14/2026 14:32:15,0.52,104.620
17320,02/14/2026 14:42:15,0.53,104.625
17321,02/14/2026 14:52:15,0.54,104.634
17322,02/14/2026 15:02:15,0.54,104.626
17323,02/14/2026 15:12:15,0.55,104.630
17324,02/14/2026 15:22:15,0.55,104.630
17325,02/14/2026 15:32:15,0.55,104.617
17326,02/14/2026 15:42:15,0.55,104.639
17327,02/14/2026 15:52:15,0.54,104.661
17328,02/14/2026 16:02:15,0.54,104.652
17329,02/14/2026 16:12:15,0.53,104.673
17330,02/14/2026 16:22:15,0.53,104.660
17331,02/14/2026 16:32:15,0.54,104.678
17332,02/14/2026 16:42:15,0.54,104.665
17333,02/14/2026 16:52:15,0.53,104.660
17334,02/14/2026 17:02:15,0.52,104.682
17335,02/14/2026 17:12:15,0.51,104.677
17336,02/14/2026 17:22:15,0.50,104.681
17337,02/14/2026 17:32:15,0.49,104.694
17338,02/14/2026 17:42:15,0.48,104.689
17339,02/14/2026 17:52:15,0.47,104.702
17340,02/14/2026 18:02:15,0.46,104.715
17341,02/14/2026 18:12:15,0.45,104.706
17342,02/14/2026 18:22:15,0.45,104.745
17343,02/14/2026 18:32:15,0.44,104.723
17344,02/14/2026 18:42:15,0.44,104.736
17345,02/14/2026 18:52:15,0.44,104.749
17346,02/14/2026 19:02:15,0.44,104.749
17347,02/14/2026 19:12:15,0.43,104.758
17348,02/14/2026 19:22:15,0.41,104.775
17349,02/14/2026 19:32:15,0.40,104.774
17350,02/14/2026 19:42:15,0.38,104.765
17351,02/14/2026 19:52:15,0.37,104.791
17352,02/14/2026 20:02:15,0.36,104.781
17353,02/14/2026 20:12:15,0.35,104.785
17354,02/14/2026 20:22:15,0.34,104.790
17355,02/14/2026 20:32:15,0.33,104.794
17356,02/14/2026 20:42:15,0.32,104.789
17357,02/14/2026 20:52:15,0.32,104.767
17358,02/14/2026 21:02:15,0.31,104.745
17359,02/14/2026 21:12:15,0.31,104.753
17360,02/14/2026 21:22:15,0.30,104.753
17361,02/14/2026 21:32:15,0.30,104.744
17362,02/14/2026 21:42:15,0.29,104.757
17363,02/14/2026 21:52:15,0.28,104.757
17364,02/14/2026 22:02:15,0.28,104.765
17365,02/14/2026 22:12:15,0.27,104.765
17366,02/14/2026 22:22:15,0.26,104.778
17367,02/14/2026 22:32:15,0.26,104.778
17368,02/14/2026 22:42:15,0.25,104.778
17369,02/14/2026 22:52:15,0.25,104.786
17370,02/14/2026 23:02:15,0.24,104.777
17371,02/14/2026 23:12:15,0.24,104.746
17372,02/14/2026 23:22:15,0.23,104.711
17373,02/14/2026 23:32:15,0.23,104.711
17374,02/14/2026 23:42:15,0.23,104.724
17375,02/14/2026 23:52:15,0.23,104.720
17376,02/15/2026 00:02:15,0.23,104.720
17377,02/15/2026 00:12:15,0.23,104.711
17378,02/15/2026 00:22:15,0.23,104.672
17379,02/15/2026 00:32:15,0.23,104.667
17380,02/15/2026 00:42:15,0.22,104.684
17381,02/15/2026 00:52:15,0.22,104.671
17382,02/15/2026 01:02:15,0.21,104.680
17383,02/15/2026 01:12:15,0.20,104.684
17384,02/15/2026 01:22:15,0.20,104.692
17385,02/15/2026 01:32:15,0.19,104.701
17386,02/15/2026 01:42:15,0.19,104.705
17387,02/15/2026 01:52:15,0.19,104.697
17388,02/15/2026 02:02:15,0.19,104.701
17389,02/15/2026 02:12:15,0.19,104.696
17390,02/15/2026 02:22:15,0.18,104.688
17391,02/15/2026 02:32:15,0.18,104.657
17392,02/15/2026 02:42:15,0.17,104.674
17393,02/15/2026 02:52:15,0.17,104.665
17394,02/15/2026 03:02:15,0.17,104.661
17395,02/15/2026 03:12:15,0.16,104.682
17396,02/15/2026 03:22:15,0.16,104.665
17397,02/15/2026 03:32:15,0.16,104.665
17398,02/15/2026 03:42:15,0.16,104.682
17399,02/15/2026 03:52:15,0.16,104.678
17400,02/15/2026 04:02:15,0.16,104.665
17401,02/15/2026 04:12:15,0.16,104.660
17402,02/15/2026 04:22:15,0.15,104.651
17403,02/15/2026 04:32:15,0.15,104.638
17404,02/15/2026 04:42:15,0.16,104.634
17405,02/15/2026 04:52:15,0.16,104.625
17406,02/15/2026 05:02:15,0.16,104.634
17407,02/15/2026 05:12:15,0.16,104.638
17408,02/15/2026 05:22:15,0.16,104.647
17409,02/15/2026 05:32:15,0.16,104.656
17410,02/15/2026 05:42:15,0.15,104.673
17411,02/15/2026 05:52:15,0.15,104.691
17412,02/15/2026 06:02:15,0.15,104.717
17413,02/15/2026 06:12:15,0.15,104.743
17414,02/15/2026 06:22:15,0.14,104.778
17415,02/15/2026 06:32:15,0.14,104.831
17416,02/15/2026 06:42:15,0.13,104.861
17417,02/15/2026 06:52:15,0.13,104.905
17418,02/15/2026 07:02:15,0.13,104.966
17419,02/15/2026 07:12:15,0.12,105.023
17420,02/15/2026 07:22:15,0.12,105.089
17421,02/15/2026 07:32:15,0.12,105.142
17422,02/15/2026 07:42:15,0.13,105.208
17423,02/15/2026 07:52:15,0.13,105.252
17424,02/15/2026 08:02:15,0.14,105.283
17425,02/15/2026 08:12:15,0.15,105.318
17426,02/15/2026 08:22:15,0.16,105.353
17427,02/15/2026 08:32:15,0.17,105.367
17428,02/15/2026 08:42:15,0.18,105.367
17429,02/15/2026 08:52:15,0.19,105.381
17430,02/15/2026 09:02:15,0.21,105.351
17431,02/15/2026 09:12:15,0.23,105.286
17432,02/15/2026 09:22:15,0.26,105.247
17433,02/15/2026 09:32:15,0.28,105.174
17434,02/15/2026 09:42:15,0.31,105.122
17435,02/15/2026 09:52:15,0.34,105.079
17436,02/15/2026 10:02:15,0.37,105.050
17437,02/15/2026 10:12:15,0.40,105.029
17438,02/15/2026 10:22:15,0.44,105.017
17439,02/15/2026 10:32:15,0.46,105.035
17440,02/15/2026 10:42:15,0.49,105.045
17441,02/15/2026 10:52:15,0.52,105.077
17442,02/15/2026 11:02:15,0.54,105.060
17443,02/15/2026 11:12:15,0.56,105.078
17444,02/15/2026 11:22:15,0.58,105.075
17445,02/15/2026 11:32:15,0.60,105.093
17446,02/15/2026 11:42:15,0.62,105.107
17447,02/15/2026 11:52:15,0.64,105.112
17448,02/15/2026 12:02:15,0.66,105.130
17449,02/15/2026 12:12:15,0.68,105.100
17450,02/15/2026 12:22:15,0.70,105.057
17451,02/15/2026 12:32:15,0.73,105.036
17452,02/15/2026 12:42:15,0.75,105.006
17453,02/15/2026 12:52:15,0.77,104.971
17454,02/15/2026 13:02:15,0.79,104.963
17455,02/15/2026 13:12:15,0.80,104.942
17456,02/15/2026 13:22:15,0.80,104.907
17457,02/15/2026 13:32:15,0.80,104.915
17458,02/15/2026 13:42:15,0.80,104.937
17459,02/15/2026 13:52:15,0.79,104.911
17460,02/15/2026 14:02:15,0.79,104.911
17461,02/15/2026 14:12:15,0.78,104.897
17462,02/15/2026 14:22:15,0.77,104.910
17463,02/15/2026 14:32:15,0.76,104.897
17464,02/15/2026 14:42:15,0.76,104.879
17465,02/15/2026 14:52:15,0.75,104.870
17466,02/15/2026 15:02:15,0.74,104.874
17467,02/15/2026 15:12:15,0.74,104.874
17468,02/15/2026 15:22:15,0.73,104.873
17469,02/15/2026 15:32:15,0.72,104.882
17470,02/15/2026 15:42:15,0.70,104.894
17471,02/15/2026 15:52:15,0.68,104.907
17472,02/15/2026 16:02:15,0.67,104.915
17473,02/15/2026 16:12:15,0.65,104.932
17474,02/15/2026 16:22:15,0.63,104.927
17475,02/15/2026 16:32:15,0.61,104.948
17476,02/15/2026 16:42:15,0.59,104.969
17477,02/15/2026 16:52:15,0.57,104.964
17478,02/15/2026 17:02:15,0.55,104.973
17479,02/15/2026 17:12:15,0.54,104.968
17480,02/15/2026 17:22:15,0.52,104.958
17481,02/15/2026 17:32:15,0.51,104.949
17482,02/15/2026 17:42:15,0.49,104.979
17483,02/15/2026 17:52:15,0.47,104.992
17484,02/15/2026 18:02:15,0.45,104.965
17485,02/15/2026 18:12:15,0.44,104.964
17486,02/15/2026 18:22:15,0.43,104.964
17487,02/15/2026 18:32:15,0.41,104.955
17488,02/15/2026 18:42:15,0.40,104.945
17489,02/15/2026 18:52:15,0.40,104.932
17490,02/15/2026 19:02:15,0.39,104.923
17491,02/15/2026 19:12:15,0.38,104.905
17492,02/15/2026 19:22:15,0.37,104.905
17493,02/15/2026 19:32:15,0.36,104.918
17494,02/15/2026 19:42:15,0.36,104.913
17495,02/15/2026 19:52:15,0.35,104.909
17496,02/15/2026 20:02:15,0.35,104.913
17497,02/15/2026 20:12:15,0.35,104.935
17498,02/15/2026 20:22:15,0.35,104.952
17499,02/15/2026 20:32:15,0.34,104.987
17500,02/15/2026 20:42:15,0.34,105.005
17501,02/15/2026 20:52:15,0.34,105.026
17502,02/15/2026 21:02:15,0.33,105.026
17503,02/15/2026 21:12:15,0.33,105.031
17504,02/15/2026 21:22:15,0.33,105.039
17505,02/15/2026 21:32:15,0.33,105.061
17506,02/15/2026 21:42:15,0.33,105.070
17507,02/15/2026 21:52:15,0.33,105.079
17508,02/15/2026 22:02:15,0.33,105.075
17509,02/15/2026 22:12:15,0.33,105.092
17510,02/15/2026 22:22:15,0.33,105.105
17511,02/15/2026 22:32:15,0.33,105.101
17512,02/15/2026 22:42:15,0.33,105.088
17513,02/15/2026 22:52:15,0.33,105.083
17514,02/15/2026 23:02:15,0.34,105.079
17515,02/15/2026 23:12:15,0.34,105.070
17516,02/15/2026 23:22:15,0.34,105.084
17517,02/15/2026 23:32:15,0.34,105.070
17518,02/15/2026 23:42:15,0.34,105.053
17519,02/15/2026 23:52:15,0.35,105.040
17520,02/16/2026 00:02:15,0.35,105.036
17521,02/16/2026 00:12:15,0.35,105.031
17522,02/16/2026 00:22:15,0.35,105.027
17523,02/16/2026 00:32:15,0.35,105.009
17524,02/16/2026 00:42:15,0.36,105.005
17525,02/16/2026 00:52:15,0.36,105.009
17526,02/16/2026 01:02:15,0.36,105.027
17527,02/16/2026 01:12:15,0.36,105.045
17528,02/16/2026 01:22:15,0.36,105.045
17529,02/16/2026 01:32:15,0.36,105.040
17530,02/16/2026 01:42:15,0.36,105.014
17531,02/16/2026 01:52:15,0.36,105.040
17532,02/16/2026 02:02:15,0.35,105.014
17533,02/16/2026 02:12:15,0.35,105.023
17534,02/16/2026 02:22:15,0.35,105.005
17535,02/16/2026 02:32:15,0.35,105.009
17536,02/16/2026 02:42:15,0.35,104.987
17537,02/16/2026 02:52:15,0.35,104.992
17538,02/16/2026 03:02:15,0.35,104.996
17539,02/16/2026 03:12:15,0.34,104.996
17540,02/16/2026 03:22:15,0.34,105.018
17541,02/16/2026 03:32:15,0.34,105.040
17542,02/16/2026 03:42:15,0.34,105.057
17543,02/16/2026 03:52:15,0.34,105.053
17544,02/16/2026 04:02:15,0.34,105.062
17545,02/16/2026 04:12:15,0.34,105.048
17546,02/16/2026 04:22:15,0.34,105.053
17547,02/16/2026 04:32:15,0.35,105.066
17548,02/16/2026 04:42:15,0.35,105.049
17549,02/16/2026 04:52:15,0.35,105.040
17550,02/16/2026 05:02:15,0.35,105.031
17551,02/16/2026 05:12:15,0.35,105.040
17552,02/16/2026 05:22:15,0.35,105.027
17553,02/16/2026 05:32:15,0.35,105.031
17554,02/16/2026 05:42:15,0.34,105.049
17555,02/16/2026 05:52:15,0.34,105.044
17556,02/16/2026 06:02:15,0.34,105.057
17557,02/16/2026 06:12:15,0.35,105.071
17558,02/16/2026 06:22:15,0.35,105.066
17559,02/16/2026 06:32:15,0.35,105.066
17560,02/16/2026 06:42:15,0.35,105.080
17561,02/16/2026 06:52:15,0.35,105.088
17562,02/16/2026 07:02:15,0.35,105.106
17563,02/16/2026 07:12:15,0.36,105.119
17564,02/16/2026 07:22:15,0.35,105.128
17565,02/16/2026 07:32:15,0.36,105.154
17566,02/16/2026 07:42:15,0.36,105.159
17567,02/16/2026 07:52:15,0.36,105.190
17568,02/16/2026 08:02:15,0.37,105.185
17569,02/16/2026 08:12:15,0.37,105.177
17570,02/16/2026 08:22:15,0.38,105.190
17571,02/16/2026 08:32:15,0.38,105.208
17572,02/16/2026 08:42:15,0.39,105.226
17573,02/16/2026 08:52:15,0.40,105.235
17574,02/16/2026 09:02:15,0.41,105.231
17575,02/16/2026 09:12:15,0.42,105.240
17576,02/16/2026 09:22:15,0.43,105.245
17577,02/16/2026 09:32:15,0.45,105.245
17578,02/16/2026 09:42:15,0.46,105.246
17579,02/16/2026 09:52:15,0.47,105.237
17580,02/16/2026 10:02:15,0.49,105.234
17581,02/16/2026 10:12:15,0.50,105.234
17582,02/16/2026 10:22:15,0.52,105.208
17583,02/16/2026 10:32:15,0.54,105.191
17584,02/16/2026 10:42:15,0.56,105.205
17585,02/16/2026 10:52:15,0.58,105.189
17586,02/16/2026 11:02:15,0.61,105.185
17587,02/16/2026 11:12:15,0.64,105.177
17588,02/16/2026 11:22:15,0.67,105.183
17589,02/16/2026 11:32:15,0.70,105.149
17590,02/16/2026 11:42:15,0.72,105.136
17591,02/16/2026 11:52:15,0.74,105.106
17592,02/16/2026 12:02:15,0.76,105.085
17593,02/16/2026 12:12:15,0.78,105.068
17594,02/16/2026 12:22:15,0.81,105.056
17595,02/16/2026 12:32:15,0.83,105.039
17596,02/16/2026 12:42:15,0.85,105.014
17597,02/16/2026 12:52:15,0.87,105.019
17598,02/16/2026 13:02:15,0.89,105.002
17599,02/16/2026 13:12:15,0.90,104.994
17600,02/16/2026 13:22:15,0.91,104.994
17601,02/16/2026 13:32:15,0.91,105.003
17602,02/16/2026 13:42:15,0.90,105.003
17603,02/16/2026 13:52:15,0.89,104.980
17604,02/16/2026 14:02:15,0.88,104.984
17605,02/16/2026 14:12:15,0.87,104.984
17606,02/16/2026 14:22:15,0.86,104.983
17607,02/16/2026 14:32:15,0.86,105.001
17608,02/16/2026 14:42:15,0.85,105.001
17609,02/16/2026 14:52:15,0.85,105.005
17610,02/16/2026 15:02:15,0.84,105.018
17611,02/16/2026 15:12:15,0.83,105.022
17612,02/16/2026 15:22:15,0.82,105.043
17613,02/16/2026 15:32:15,0.80,105.034
17614,02/16/2026 15:42:15,0.78,105.051
17615,02/16/2026 15:52:15,0.77,105.055
17616,02/16/2026 16:02:15,0.76,105.068
17617,02/16/2026 16:12:15,0.75,105.076
17618,02/16/2026 16:22:15,0.73,105.062
17619,02/16/2026 16:32:15,0.71,105.083
17620,02/16/2026 16:42:15,0.68,105.065
17621,02/16/2026 16:52:15,0.66,105.055
17622,02/16/2026 17:02:15,0.63,105.068
17623,02/16/2026 17:12:15,0.62,105.063
17624,02/16/2026 17:22:15,0.60,105.053
17625,02/16/2026 17:32:15,0.58,105.053
17626,02/16/2026 17:42:15,0.57,105.100
17627,02/16/2026 17:52:15,0.55,105.087
17628,02/16/2026 18:02:15,0.54,105.095
17629,02/16/2026 18:12:15,0.53,105.095
17630,02/16/2026 18:22:15,0.51,105.112
17631,02/16/2026 18:32:15,0.50,105.129
17632,02/16/2026 18:42:15,0.49,105.119
17633,02/16/2026 18:52:15,0.47,105.097
17634,02/16/2026 19:02:15,0.46,105.123
17635,02/16/2026 19:12:15,0.45,105.123
17636,02/16/2026 19:22:15,0.44,105.114
17637,02/16/2026 19:32:15,0.44,105.122
17638,02/16/2026 19:42:15,0.43,105.131
17639,02/16/2026 19:52:15,0.42,105.121
17640,02/16/2026 20:02:15,0.41,105.139
17641,02/16/2026 20:12:15,0.41,105.156
17642,02/16/2026 20:22:15,0.40,105.147
17643,02/16/2026 20:32:15,0.40,105.151
17644,02/16/2026 20:42:15,0.39,105.147
17645,02/16/2026 20:52:15,0.39,105.120
17646,02/16/2026 21:02:15,0.38,105.116
17647,02/16/2026 21:12:15,0.37,105.146
17648,02/16/2026 21:22:15,0.36,105.159
17649,02/16/2026 21:32:15,0.36,105.185
17650,02/16/2026 21:42:15,0.35,105.194
17651,02/16/2026 21:52:15,0.35,105.211
17652,02/16/2026 22:02:15,0.34,105.193
17653,02/16/2026 22:12:15,0.34,105.206
17654,02/16/2026 22:22:15,0.33,105.184
17655,02/16/2026 22:32:15,0.33,105.162
17656,02/16/2026 22:42:15,0.33,105.193
17657,02/16/2026 22:52:15,0.33,105.202
17658,02/16/2026 23:02:15,0.33,105.210
17659,02/16/2026 23:12:15,0.33,105.184
17660,02/16/2026 23:22:15,0.33,105.184
17661,02/16/2026 23:32:15,0.33,105.171
17662,02/16/2026 23:42:15,0.33,105.175
17663,02/16/2026 23:52:15,0.33,105.171
17664,02/17/2026 00:02:15,0.34,105.176
17665,02/17/2026 00:12:15,0.34,105.158
17666,02/17/2026 00:22:15,0.34,105.154
17667,02/17/2026 00:32:15,0.34,105.136
17668,02/17/2026 00:42:15,0.35,105.123
17669,02/17/2026 00:52:15,0.35,105.106
17670,02/17/2026 01:02:15,0.36,105.084
17671,02/17/2026 01:12:15,0.36,105.102
17672,02/17/2026 01:22:15,0.36,105.124
17673,02/17/2026 01:32:15,0.36,105.097
17674,02/17/2026 01:42:15,0.36,105.080
17675,02/17/2026 01:52:15,0.37,105.049
17676,02/17/2026 02:02:15,0.38,105.063
17677,02/17/2026 02:12:15,0.39,105.054
17678,02/17/2026 02:22:15,0.38,105.054
17679,02/17/2026 02:32:15,0.38,105.054
17680,02/17/2026 02:42:15,0.38,105.032
17681,02/17/2026 02:52:15,0.38,105.037
17682,02/17/2026 03:02:15,0.38,105.037
17683,02/17/2026 03:12:15,0.38,105.010
17684,02/17/2026 03:22:15,0.38,105.015
17685,02/17/2026 03:32:15,0.38,105.006
17686,02/17/2026 03:42:15,0.38,104.988
17687,02/17/2026 03:52:15,0.38,104.997
17688,02/17/2026 04:02:15,0.38,105.006
17689,02/17/2026 04:12:15,0.39,105.015
17690,02/17/2026 04:22:15,0.39,105.019
17691,02/17/2026 04:32:15,0.39,105.006
17692,02/17/2026 04:42:15,0.38,105.006
17693,02/17/2026 04:52:15,0.38,105.019
17694,02/17/2026 05:02:15,0.37,105.032
17695,02/17/2026 05:12:15,0.37,105.019
17696,02/17/2026 05:22:15,0.37,105.010
17697,02/17/2026 05:32:15,0.37,105.023
17698,02/17/2026 05:42:15,0.37,104.997
17699,02/17/2026 05:52:15,0.37,105.014
17700,02/17/2026 06:02:15,0.37,105.014
17701,02/17/2026 06:12:15,0.37,105.010
17702,02/17/2026 06:22:15,0.37,105.036
17703,02/17/2026 06:32:15,0.37,105.023
17704,02/17/2026 06:42:15,0.37,105.032
17705,02/17/2026 06:52:15,0.37,105.063
17706,02/17/2026 07:02:15,0.37,105.063
17707,02/17/2026 07:12:15,0.37,105.058
17708,02/17/2026 07:22:15,0.37,105.071
17709,02/17/2026 07:32:15,0.37,105.063
17710,02/17/2026 07:42:15,0.37,105.050
17711,02/17/2026 07:52:15,0.38,105.041
17712,02/17/2026 08:02:15,0.39,105.033
17713,02/17/2026 08:12:15,0.39,105.037
17714,02/17/2026 08:22:15,0.40,105.059
17715,02/17/2026 08:32:15,0.41,105.064
17716,02/17/2026 08:42:15,0.41,105.064
17717,02/17/2026 08:52:15,0.42,105.060
17718,02/17/2026 09:02:15,0.43,105.030
17719,02/17/2026 09:12:15,0.44,105.004
17720,02/17/2026 09:22:15,0.45,104.978
17721,02/17/2026 09:32:15,0.46,104.960
17722,02/17/2026 09:42:15,0.47,104.987
17723,02/17/2026 09:52:15,0.49,104.983
17724,02/17/2026 10:02:15,0.50,104.997
17725,02/17/2026 10:12:15,0.52,104.994
17726,02/17/2026 10:22:15,0.54,104.990
17727,02/17/2026 10:32:15,0.56,104.982
17728,02/17/2026 10:42:15,0.57,104.991
17729,02/17/2026 10:52:15,0.58,104.991
17730,02/17/2026 11:02:15,0.58,104.987
17731,02/17/2026 11:12:15,0.58,104.978
17732,02/17/2026 11:22:15,0.59,104.939
17733,02/17/2026 11:32:15,0.60,104.943
17734,02/17/2026 11:42:15,0.61,104.922
17735,02/17/2026 11:52:15,0.62,104.913
17736,02/17/2026 12:02:15,0.63,104.896
17737,02/17/2026 12:12:15,0.65,104.879
17738,02/17/2026 12:22:15,0.66,104.880
17739,02/17/2026 12:32:15,0.67,104.867
17740,02/17/2026 12:42:15,0.68,104.867
17741,02/17/2026 12:52:15,0.68,104.854
17742,02/17/2026 13:02:15,0.68,104.850
17743,02/17/2026 13:12:15,0.67,104.854
17744,02/17/2026 13:22:15,0.67,104.823
17745,02/17/2026 13:32:15,0.67,104.810
17746,02/17/2026 13:42:15,0.68,104.780
17747,02/17/2026 13:52:15,0.70,104.763
17748,02/17/2026 14:02:15,0.72,104.759
17749,02/17/2026 14:12:15,0.74,104.790
17750,02/17/2026 14:22:15,0.76,104.782
17751,02/17/2026 14:32:15,0.78,104.774
17752,02/17/2026 14:42:15,0.78,104.748
17753,02/17/2026 14:52:15,0.78,104.766
17754,02/17/2026 15:02:15,0.78,104.765
17755,02/17/2026 15:12:15,0.77,104.752
17756,02/17/2026 15:22:15,0.77,104.769
17757,02/17/2026 15:32:15,0.76,104.782
17758,02/17/2026 15:42:15,0.76,104.774
17759,02/17/2026 15:52:15,0.76,104.782
17760,02/17/2026 16:02:15,0.75,104.773
17761,02/17/2026 16:12:15,0.75,104.778
17762,02/17/2026 16:22:15,0.73,104.782
17763,02/17/2026 16:32:15,0.72,104.772
17764,02/17/2026 16:42:15,0.71,104.789
17765,02/17/2026 16:52:15,0.69,104.802
17766,02/17/2026 17:02:15,0.68,104.802
17767,02/17/2026 17:12:15,0.67,104.797
17768,02/17/2026 17:22:15,0.66,104.797
17769,02/17/2026 17:32:15,0.65,104.814
17770,02/17/2026 17:42:15,0.65,104.818
17771,02/17/2026 17:52:15,0.64,104.818
17772,02/17/2026 18:02:15,0.63,104.813
17773,02/17/2026 18:12:15,0.62,104.826
17774,02/17/2026 18:22:15,0.62,104.834
17775,02/17/2026 18:32:15,0.61,104.861
17776,02/17/2026 18:42:15,0.61,104.852
17777,02/17/2026 18:52:15,0.60,104.856
17778,02/17/2026 19:02:15,0.60,104.869
17779,02/17/2026 19:12:15,0.60,104.873
17780,02/17/2026 19:22:15,0.60,104.860
17781,02/17/2026 19:32:15,0.60,104.856
17782,02/17/2026 19:42:15,0.59,104.864
17783,02/17/2026 19:52:15,0.59,104.842
17784,02/17/2026 20:02:15,0.58,104.873
17785,02/17/2026 20:12:15,0.58,104.873
17786,02/17/2026 20:22:15,0.58,104.838
17787,02/17/2026 20:32:15,0.58,104.837
17788,02/17/2026 20:42:15,0.58,104.846
17789,02/17/2026 20:52:15,0.57,104.850
17790,02/17/2026 21:02:15,0.57,104.837
17791,02/17/2026 21:12:15,0.57,104.841
17792,02/17/2026 21:22:15,0.56,104.833
17793,02/17/2026 21:32:15,0.56,104.832
17794,02/17/2026 21:42:15,0.56,104.823
17795,02/17/2026 21:52:15,0.55,104.810
17796,02/17/2026 22:02:15,0.54,104.814
17797,02/17/2026 22:12:15,0.54,104.783
17798,02/17/2026 22:22:15,0.53,104.801
17799,02/17/2026 22:32:15,0.52,104.774
17800,02/17/2026 22:42:15,0.51,104.787
17801,02/17/2026 22:52:15,0.51,104.774
17802,02/17/2026 23:02:15,0.50,104.760
17803,02/17/2026 23:12:15,0.49,104.764
17804,02/17/2026 23:22:15,0.49,104.764
17805,02/17/2026 23:32:15,0.49,104.751
17806,02/17/2026 23:42:15,0.48,104.742
17807,02/17/2026 23:52:15,0.48,104.751
17808,02/18/2026 00:02:15,0.47,104.715
17809,02/18/2026 00:12:15,0.47,104.693
17810,02/18/2026 00:22:15,0.46,104.684
17811,02/18/2026 00:32:15,0.46,104.684
17812,02/18/2026 00:42:15,0.45,104.675
17813,02/18/2026 00:52:15,0.45,104.684
17814,02/18/2026 01:02:15,0.45,104.679
17815,02/18/2026 01:12:15,0.45,104.679
17816,02/18/2026 01:22:15,0.45,104.679
17817,02/18/2026 01:32:15,0.44,104.657
17818,02/18/2026 01:42:15,0.44,104.653
17819,02/18/2026 01:52:15,0.44,104.661
17820,02/18/2026 02:02:15,0.43,104.665
17821,02/18/2026 02:12:15,0.42,104.648
17822,02/18/2026 02:22:15,0.42,104.617
17823,02/18/2026 02:32:15,0.42,104.612
17824,02/18/2026 02:42:15,0.42,104.604
17825,02/18/2026 02:52:15,0.42,104.604
17826,02/18/2026 03:02:15,0.42,104.599
17827,02/18/2026 03:12:15,0.42,104.577
17828,02/18/2026 03:22:15,0.43,104.560
17829,02/18/2026 03:32:15,0.43,104.556
17830,02/18/2026 03:42:15,0.43,104.547
17831,02/18/2026 03:52:15,0.44,104.569
17832,02/18/2026 04:02:15,0.44,104.552
17833,02/18/2026 04:12:15,0.45,104.539
17834,02/18/2026 04:22:15,0.45,104.526
17835,02/18/2026 04:32:15,0.45,104.530
17836,02/18/2026 04:42:15,0.45,104.504
17837,02/18/2026 04:52:15,0.45,104.504
17838,02/18/2026 05:02:15,0.45,104.521
17839,02/18/2026 05:12:15,0.44,104.526
17840,02/18/2026 05:22:15,0.44,104.539
17841,02/18/2026 05:32:15,0.45,104.521
17842,02/18/2026 05:42:15,0.45,104.517
17843,02/18/2026 05:52:15,0.45,104.508
17844,02/18/2026 06:02:15,0.45,104.478
17845,02/18/2026 06:12:15,0.45,104.482
17846,02/18/2026 06:22:15,0.46,104.486
17847,02/18/2026 06:32:15,0.46,104.469
17848,02/18/2026 06:42:15,0.46,104.473
17849,02/18/2026 06:52:15,0.45,104.464
17850,02/18/2026 07:02:15,0.45,104.447
17851,02/18/2026 07:12:15,0.45,104.434
17852,02/18/2026 07:22:15,0.45,104.438
17853,02/18/2026 07:32:15,0.45,104.425
17854,02/18/2026 07:42:15,0.46,104.416
17855,02/18/2026 07:52:15,0.46,104.412
17856,02/18/2026 08:02:15,0.46,104.403
17857,02/18/2026 08:12:15,0.47,104.395
17858,02/18/2026 08:22:15,0.48,104.378
17859,02/18/2026 08:32:15,0.48,104.356
17860,02/18/2026 08:42:15,0.49,104.334
17861,02/18/2026 08:52:15,0.50,104.365
17862,02/18/2026 09:02:15,0.50,104.374
17863,02/18/2026 09:12:15,0.50,104.348
17864,02/18/2026 09:22:15,0.51,104.330
17865,02/18/2026 09:32:15,0.51,104.353
17866,02/18/2026 09:42:15,0.53,104.349
17867,02/18/2026 09:52:15,0.54,104.327
17868,02/18/2026 10:02:15,0.56,104.332
17869,02/18/2026 10:12:15,0.58,104.324
17870,02/18/2026 10:22:15,0.60,104.316
17871,02/18/2026 10:32:15,0.62,104.290
17872,02/18/2026 10:42:15,0.64,104.247
17873,02/18/2026 10:52:15,0.65,104.234
17874,02/18/2026 11:02:15,0.67,104.222
17875,02/18/2026 11:12:15,0.68,104.227
17876,02/18/2026 11:22:15,0.71,104.197
17877,02/18/2026 11:32:15,0.74,104.202
17878,02/18/2026 11:42:15,0.78,104.182
17879,02/18/2026 11:52:15,0.81,104.179
17880,02/18/2026 12:02:15,0.84,104.144
17881,02/18/2026 12:12:15,0.85,104.132
17882,02/18/2026 12:22:15,0.86,104.127
17883,02/18/2026 12:32:15,0.85,104.097
17884,02/18/2026 12:42:15,0.85,104.053
17885,02/18/2026 12:52:15,0.85,104.035
17886,02/18/2026 13:02:15,0.85,104.048
17887,02/18/2026 13:12:15,0.86,104.022
17888,02/18/2026 13:22:15,0.86,104.018
17889,02/18/2026 13:32:15,0.88,104.010
17890,02/18/2026 13:42:15,0.89,104.001
17891,02/18/2026 13:52:15,0.89,104.014
17892,02/18/2026 14:02:15,0.89,104.019
17893,02/18/2026 14:12:15,0.89,104.036
17894,02/18/2026 14:22:15,0.89,104.037
17895,02/18/2026 14:32:15,0.89,104.050
17896,02/18/2026 14:42:15,0.90,104.050
17897,02/18/2026 14:52:15,0.92,104.042
17898,02/18/2026 15:02:15,0.93,104.051
17899,02/18/2026 15:12:15,0.95,104.034
17900,02/18/2026 15:22:15,0.96,104.048
17901,02/18/2026 15:32:15,0.98,104.035
17902,02/18/2026 15:42:15,1.01,104.027
17903,02/18/2026 15:52:15,1.03,104.011
17904,02/18/2026 16:02:15,1.05,104.011
17905,02/18/2026 16:12:15,1.06,103.994
17906,02/18/2026 16:22:15,1.08,103.995
17907,02/18/2026 16:32:15,1.08,103.982
17908,02/18/2026 16:42:15,1.08,103.960
17909,02/18/2026 16:52:15,1.07,103.994
17910,02/18/2026 17:02:15,1.06,103.990
17911,02/18/2026 17:12:15,1.04,103.994
17912,02/18/2026 17:22:15,1.03,103.976
17913,02/18/2026 17:32:15,1.02,104.001
17914,02/18/2026 17:42:15,1.00,104.010
17915,02/18/2026 17:52:15,0.99,104.013
17916,02/18/2026 18:02:15,0.97,104.048
17917,02/18/2026 18:12:15,0.95,104.065
17918,02/18/2026 18:22:15,0.93,104.064
17919,02/18/2026 18:32:15,0.91,104.094
17920,02/18/2026 18:42:15,0.90,104.103
17921,02/18/2026 18:52:15,0.88,104.133
17922,02/18/2026 19:02:15,0.87,104.132
17923,02/18/2026 19:12:15,0.86,104.123
17924,02/18/2026 19:22:15,0.85,104.079
17925,02/18/2026 19:32:15,0.84,104.096
17926,02/18/2026 19:42:15,0.83,104.118
17927,02/18/2026 19:52:15,0.82,104.131
17928,02/18/2026 20:02:15,0.82,104.139
17929,02/18/2026 20:12:15,0.81,104.117
17930,02/18/2026 20:22:15,0.81,104.130
17931,02/18/2026 20:32:15,0.80,104.112
17932,02/18/2026 20:42:15,0.79,104.121
17933,02/18/2026 20:52:15,0.79,104.112
17934,02/18/2026 21:02:15,0.78,104.138
17935,02/18/2026 21:12:15,0.77,104.133
17936,02/18/2026 21:22:15,0.77,104.151
17937,02/18/2026 21:32:15,0.77,104.177
17938,02/18/2026 21:42:15,0.76,104.177
17939,02/18/2026 21:52:15,0.76,104.212
17940,02/18/2026 22:02:15,0.76,104.203
17941,02/18/2026 22:12:15,0.76,104.194
17942,02/18/2026 22:22:15,0.76,104.225
17943,02/18/2026 22:32:15,0.75,104.225
17944,02/18/2026 22:42:15,0.74,104.238
17945,02/18/2026 22:52:15,0.74,104.255
17946,02/18/2026 23:02:15,0.73,104.281
17947,02/18/2026 23:12:15,0.73,104.321
17948,02/18/2026 23:22:15,0.73,104.329
17949,02/18/2026 23:32:15,0.72,104.355
17950,02/18/2026 23:42:15,0.72,104.377
17951,02/18/2026 23:52:15,0.72,104.395
17952,02/19/2026 00:02:15,0.71,104.430
17953,02/19/2026 00:12:15,0.71,104.434
17954,02/19/2026 00:22:15,0.70,104.451
17955,02/19/2026 00:32:15,0.70,104.477
17956,02/19/2026 00:42:15,0.69,104.486
17957,02/19/2026 00:52:15,0.69,104.503
17958,02/19/2026 01:02:15,0.69,104.517
17959,02/19/2026 01:12:15,0.68,104.508
17960,02/19/2026 01:22:15,0.68,104.530
17961,02/19/2026 01:32:15,0.69,104.530
17962,02/19/2026 01:42:15,0.70,104.517
17963,02/19/2026 01:52:15,0.69,104.504
17964,02/19/2026 02:02:15,0.69,104.508
17965,02/19/2026 02:12:15,0.68,104.538
17966,02/19/2026 02:22:15,0.67,104.520
17967,02/19/2026 02:32:15,0.67,104.538
17968,02/19/2026 02:42:15,0.67,104.542
17969,02/19/2026 02:52:15,0.66,104.581
17970,02/19/2026 03:02:15,0.66,104.621
17971,02/19/2026 03:12:15,0.67,104.643
17972,02/19/2026 03:22:15,0.66,104.652
17973,02/19/2026 03:32:15,0.66,104.674
17974,02/19/2026 03:42:15,0.65,104.699
17975,02/19/2026 03:52:15,0.64,104.690
17976,02/19/2026 04:02:15,0.63,104.721
17977,02/19/2026 04:12:15,0.62,104.703
17978,02/19/2026 04:22:15,0.61,104.689
17979,02/19/2026 04:32:15,0.60,104.711
17980,02/19/2026 04:42:15,0.60,104.728
17981,02/19/2026 04:52:15,0.59,104.737
17982,02/19/2026 05:02:15,0.59,104.754
17983,02/19/2026 05:12:15,0.58,104.772
17984,02/19/2026 05:22:15,0.58,104.780
17985,02/19/2026 05:32:15,0.57,104.793
17986,02/19/2026 05:42:15,0.56,104.754
17987,02/19/2026 05:52:15,0.56,104.828
17988,02/19/2026 06:02:15,0.55,104.841
17989,02/19/2026 06:12:15,0.54,104.893
17990,02/19/2026 06:22:15,0.54,104.902
17991,02/19/2026 06:32:15,0.53,104.915
17992,02/19/2026 06:42:15,0.52,104.932
17993,02/19/2026 06:52:15,0.52,104.928
17994,02/19/2026 07:02:15,0.52,104.967
17995,02/19/2026 07:12:15,0.52,104.985
17996,02/19/2026 07:22:15,0.52,105.011
17997,02/19/2026 07:32:15,0.52,104.980
17998,02/19/2026 07:42:15,0.52,104.976
17999,02/19/2026 07:52:15,0.53,105.020
18000,02/19/2026 08:02:15,0.54,105.033
18001,02/19/2026 08:12:15,0.55,105.051
18002,02/19/2026 08:22:15,0.56,105.056
18003,02/19/2026 08:32:15,0.57,105.074
18004,02/19/2026 08:42:15,0.58,105.075
18005,02/19/2026 08:52:15,0.60,105.080
18006,02/19/2026 09:02:15,0.62,105.085
18007,02/19/2026 09:12:15,0.64,105.090
18008,02/19/2026 09:22:15,0.66,105.108
18009,02/19/2026 09:32:15,0.67,105.148
18010,02/19/2026 09:42:15,0.69,105.144
18011,02/19/2026 09:52:15,0.71,105.145
18012,02/19/2026 10:02:15,0.73,105.159
18013,02/19/2026 10:12:15,0.74,105.164
18014,02/19/2026 10:22:15,0.76,105.168
18015,02/19/2026 10:32:15,0.77,105.156
18016,02/19/2026 10:42:15,0.79,105.174
18017,02/19/2026 10:52:15,0.81,105.166
18018,02/19/2026 11:02:15,0.84,105.136
18019,02/19/2026 11:12:15,0.86,105.137
18020,02/19/2026 11:22:15,0.89,105.125
18021,02/19/2026 11:32:15,0.92,105.091
18022,02/19/2026 11:42:15,0.95,105.074
18023,02/19/2026 11:52:15,0.99,105.076
18024,02/19/2026 12:02:15,1.04,105.042
18025,02/19/2026 12:12:15,1.09,105.027
18026,02/19/2026 12:22:15,1.13,105.015
18027,02/19/2026 12:32:15,1.17,105.007
18028,02/19/2026 12:42:15,1.19,104.995
18029,02/19/2026 12:52:15,1.21,104.996
18030,02/19/2026 13:02:15,1.22,105.005
18031,02/19/2026 13:12:15,1.24,104.992
18032,02/19/2026 13:22:15,1.26,104.980
18033,02/19/2026 13:32:15,1.28,104.959
18034,02/19/2026 13:42:15,1.30,104.968
18035,02/19/2026 13:52:15,1.32,104.982
18036,02/19/2026 14:02:15,1.34,104.987
18037,02/19/2026 14:12:15,1.36,104.979
18038,02/19/2026 14:22:15,1.37,104.971
18039,02/19/2026 14:32:15,1.37,104.966
18040,02/19/2026 14:42:15,1.38,104.949
18041,02/19/2026 14:52:15,1.38,104.945
18042,02/19/2026 15:02:15,1.39,104.927
18043,02/19/2026 15:12:15,1.38,104.927
18044,02/19/2026 15:22:15,1.37,104.927
18045,02/19/2026 15:32:15,1.37,104.957
18046,02/19/2026 15:42:15,1.37,104.953
18047,02/19/2026 15:52:15,1.36,104.975
18048,02/19/2026 16:02:15,1.35,104.970
18049,02/19/2026 16:12:15,1.34,105.000
18050,02/19/2026 16:22:15,1.33,105.013
18051,02/19/2026 16:32:15,1.32,104.995
18052,02/19/2026 16:42:15,1.31,104.973
18053,02/19/2026 16:52:15,1.29,104.968
18054,02/19/2026 17:02:15,1.28,104.981
18055,02/19/2026 17:12:15,1.27,104.985
18056,02/19/2026 17:22:15,1.26,105.006
18057,02/19/2026 17:32:15,1.25,104.997
18058,02/19/2026 17:42:15,1.23,105.005
18059,02/19/2026 17:52:15,1.22,104.983
18060,02/19/2026 18:02:15,1.21,105.000
18061,02/19/2026 18:12:15,1.20,105.000
18062,02/19/2026 18:22:15,1.18,105.012
18063,02/19/2026 18:32:15,1.17,105.021
18064,02/19/2026 18:42:15,1.15,104.985
18065,02/19/2026 18:52:15,1.14,104.954
18066,02/19/2026 19:02:15,1.12,104.944
18067,02/19/2026 19:12:15,1.11,104.948
18068,02/19/2026 19:22:15,1.09,104.943
18069,02/19/2026 19:32:15,1.07,104.960
18070,02/19/2026 19:42:15,1.05,104.951
18071,02/19/2026 19:52:15,1.03,104.950
18072,02/19/2026 20:02:15,1.02,104.949
18073,02/19/2026 20:12:15,1.00,104.958
18074,02/19/2026 20:22:15,0.98,104.970
18075,02/19/2026 20:32:15,0.97,104.987
18076,02/19/2026 20:42:15,0.96,104.987
18077,02/19/2026 20:52:15,0.95,104.987
18078,02/19/2026 21:02:15,0.94,104.995
18079,02/19/2026 21:12:15,0.93,104.973
18080,02/19/2026 21:22:15,0.91,104.959
18081,02/19/2026 21:32:15,0.90,104.985
18082,02/19/2026 21:42:15,0.88,104.967
18083,02/19/2026 21:52:15,0.87,104.975
18084,02/19/2026 22:02:15,0.86,104.966
18085,02/19/2026 22:12:15,0.86,104.974
18086,02/19/2026 22:22:15,0.86,104.966
18087,02/19/2026 22:32:15,0.86,104.939
18088,02/19/2026 22:42:15,0.86,104.935
18089,02/19/2026 22:52:15,0.86,104.931
18090,02/19/2026 23:02:15,0.86,104.926
18091,02/19/2026 23:12:15,0.85,104.931
18092,02/19/2026 23:22:15,0.85,104.944
18093,02/19/2026 23:32:15,0.85,104.935
18094,02/19/2026 23:42:15,0.84,104.943
18095,02/19/2026 23:52:15,0.84,104.943
18096,02/20/2026 00:02:15,0.84,104.934
18097,02/20/2026 00:12:15,0.84,104.895
18098,02/20/2026 00:22:15,0.83,104.903
18099,02/20/2026 00:32:15,0.83,104.903
18100,02/20/2026 00:42:15,0.82,104.890
18101,02/20/2026 00:52:15,0.82,104.890
18102,02/20/2026 01:02:15,0.81,104.872
18103,02/20/2026 01:12:15,0.80,104.858
18104,02/20/2026 01:22:15,0.79,104.875
18105,02/20/2026 01:32:15,0.78,104.858
18106,02/20/2026 01:42:15,0.77,104.835
18107,02/20/2026 01:52:15,0.76,104.804
18108,02/20/2026 02:02:15,0.76,104.791
18109,02/20/2026 02:12:15,0.75,104.800
18110,02/20/2026 02:22:15,0.75,104.821
18111,02/20/2026 02:32:15,0.74,104.808
18112,02/20/2026 02:42:15,0.74,104.782
18113,02/20/2026 02:52:15,0.74,104.773
18114,02/20/2026 03:02:15,0.74,104.795
18115,02/20/2026 03:12:15,0.74,104.782
18116,02/20/2026 03:22:15,0.75,104.764
18117,02/20/2026 03:32:15,0.75,104.738
18118,02/20/2026 03:42:15,0.76,104.743
18119,02/20/2026 03:52:15,0.76,104.708
18120,02/20/2026 04:02:15,0.76,104.695
18121,02/20/2026 04:12:15,0.76,104.664
18122,02/20/2026 04:22:15,0.76,104.642
18123,02/20/2026 04:32:15,0.76,104.660
18124,02/20/2026 04:42:15,0.76,104.664
18125,02/20/2026 04:52:15,0.76,104.686
18126,02/20/2026 05:02:15,0.76,104.651
18127,02/20/2026 05:12:15,0.75,104.659
18128,02/20/2026 05:22:15,0.75,104.681
18129,02/20/2026 05:32:15,0.75,104.681
18130,02/20/2026 05:42:15,0.74,104.690
18131,02/20/2026 05:52:15,0.75,104.677
18132,02/20/2026 06:02:15,0.75,104.650
18133,02/20/2026 06:12:15,0.75,104.628
18134,02/20/2026 06:22:15,0.75,104.620
18135,02/20/2026 06:32:15,0.76,104.585
18136,02/20/2026 06:42:15,0.76,104.580
18137,02/20/2026 06:52:15,0.76,104.611
18138,02/20/2026 07:02:15,0.76,104.615
18139,02/20/2026 07:12:15,0.81,104.652
18140,02/20/2026 07:22:15,0.94,104.644
18141,02/20/2026 07:32:15,0.94,104.644
18142,02/20/2026 07:42:15,0.91,104.647
18143,02/20/2026 07:52:15,0.88,104.633
18144,02/20/2026 08:02:15,0.85,104.601
18145,02/20/2026 08:12:15,0.84,104.570
18146,02/20/2026 08:22:15,0.83,104.504
18147,02/20/2026 08:32:15,0.83,104.478
18148,02/20/2026 08:42:15,0.83,104.535
18149,02/20/2026 08:52:15,0.83,104.565
18150,02/20/2026 09:02:15,0.83,104.513
18151,02/20/2026 09:12:15,0.83,104.491
18152,02/20/2026 09:22:15,0.83,104.478
18153,02/20/2026 09:32:15,0.84,104.456
18154,02/20/2026 09:42:15,0.85,104.404
18155,02/20/2026 09:52:15,0.87,104.339
18156,02/20/2026 10:02:15,0.89,104.388
18157,02/20/2026 10:12:15,0.92,104.463
18158,02/20/2026 10:22:15,0.94,104.455
18159,02/20/2026 10:32:15,0.96,104.504
18160,02/20/2026 10:42:15,0.98,104.492
18161,02/20/2026 10:52:15,1.00,104.462
18162,02/20/2026 11:02:15,1.01,104.471
18163,02/20/2026 11:12:15,1.01,104.440
18164,02/20/2026 11:22:15,1.02,104.440
18165,02/20/2026 11:32:15,1.03,104.414
18166,02/20/2026 11:42:15,1.04,104.375
18167,02/20/2026 11:52:15,1.05,104.376
18168,02/20/2026 12:02:15,1.06,104.341
18169,02/20/2026 12:12:15,1.07,104.306
18170,02/20/2026 12:22:15,1.07,104.258
18171,02/20/2026 12:32:15,1.06,104.249
18172,02/20/2026 12:42:15,1.04,104.187
18173,02/20/2026 12:52:15,1.02,104.133
18174,02/20/2026 13:02:15,0.99,104.119
18175,02/20/2026 13:12:15,0.95,104.083
18176,02/20/2026 13:22:15,0.91,104.072
18177,02/20/2026 13:32:15,0.87,104.040
18178,02/20/2026 13:42:15,0.83,104.030
18179,02/20/2026 13:52:15,0.79,104.006
18180,02/20/2026 14:02:15,0.75,103.970
18181,02/20/2026 14:12:15,0.73,103.939
18182,02/20/2026 14:22:15,0.70,103.925
18183,02/20/2026 14:32:15,0.68,103.897
18184,02/20/2026 14:42:15,0.66,103.892
18185,02/20/2026 14:52:15,0.63,103.870
18186,02/20/2026 15:02:15,0.61,103.855
18187,02/20/2026 15:12:15,0.58,103.819
18188,02/20/2026 15:22:15,0.55,103.801
18189,02/20/2026 15:32:15,0.52,103.778
18190,02/20/2026 15:42:15,0.51,103.751
18191,02/20/2026 15:52:15,0.50,103.711
18192,02/20/2026 16:02:15,0.48,103.680
18193,02/20/2026 16:12:15,0.46,103.666
18194,02/20/2026 16:22:15,0.46,103.662
18195,02/20/2026 16:32:15,0.47,103.684
18196,02/20/2026 16:42:15,0.48,103.711
18197,02/20/2026 16:52:15,0.48,103.750
18198,02/20/2026 17:02:15,0.47,103.736
18199,02/20/2026 17:12:15,0.45,103.731
18200,02/20/2026 17:22:15,0.42,103.708
18201,02/20/2026 17:32:15,0.40,103.708
18202,02/20/2026 17:42:15,0.39,103.734
18203,02/20/2026 17:52:15,0.38,103.747
18204,02/20/2026 18:02:15,0.40,103.747
18205,02/20/2026 18:12:15,0.42,103.809
18206,02/20/2026 18:22:15,0.43,103.893
18207,02/20/2026 18:32:15,0.44,103.902
18208,02/20/2026 18:42:15,0.44,103.898
18209,02/20/2026 18:52:15,0.42,103.849
18210,02/20/2026 19:02:15,0.40,103.817
18211,02/20/2026 19:12:15,0.38,103.804
18212,02/20/2026 19:22:15,0.37,103.764
18213,02/20/2026 19:32:15,0.39,103.773
18214,02/20/2026 19:42:15,0.43,103.775
18215,02/20/2026 19:52:15,0.46,103.771
18216,02/20/2026 20:02:15,0.47,103.807
18217,02/20/2026 20:12:15,0.46,103.819
18218,02/20/2026 20:22:15,0.45,103.845
18219,02/20/2026 20:32:15,0.43,103.832
18220,02/20/2026 20:42:15,0.42,103.836
18221,02/20/2026 20:52:15,0.41,103.831
18222,02/20/2026 21:02:15,0.41,103.826
18223,02/20/2026 21:12:15,0.39,103.778
18224,02/20/2026 21:22:15,0.37,103.781
18225,02/20/2026 21:32:15,0.34,103.745
18226,02/20/2026 21:42:15,0.33,103.749
18227,02/20/2026 21:52:15,0.32,103.723
18228,02/20/2026 22:02:15,0.33,103.710
18229,02/20/2026 22:12:15,0.36,103.715
18230,02/20/2026 22:22:15,0.40,103.747
18231,02/20/2026 22:32:15,0.43,103.766
18232,02/20/2026 22:42:15,0.45,103.797
18233,02/20/2026 22:52:15,0.47,103.815
18234,02/20/2026 23:02:15,0.47,103.824
18235,02/20/2026 23:12:15,0.48,103.842
18236,02/20/2026 23:22:15,0.48,103.860
18237,02/20/2026 23:32:15,0.48,103.864
18238,02/20/2026 23:42:15,0.48,103.873
18239,02/20/2026 23:52:15,0.48,103.864
18240,02/21/2026 00:02:15,0.49,103.891
18241,02/21/2026 00:12:15,0.50,103.891
18242,02/21/2026 00:22:15,0.51,103.913
18243,02/21/2026 00:32:15,0.51,103.909
18244,02/21/2026 00:42:15,0.51,103.940
18245,02/21/2026 00:52:15,0.52,103.958
18246,02/21/2026 01:02:15,0.52,103.953
18247,02/21/2026 01:12:15,0.53,103.971
18248,02/21/2026 01:22:15,0.54,103.989
18249,02/21/2026 01:32:15,0.54,103.989
18250,02/21/2026 01:42:15,0.55,103.994
18251,02/21/2026 01:52:15,0.55,103.985
18252,02/21/2026 02:02:15,0.55,104.007
18253,02/21/2026 02:12:15,0.56,104.012
18254,02/21/2026 02:22:15,0.56,104.007
18255,02/21/2026 02:32:15,0.56,103.977
18256,02/21/2026 02:42:15,0.57,103.986
18257,02/21/2026 02:52:15,0.57,103.999
18258,02/21/2026 03:02:15,0.57,104.012
18259,02/21/2026 03:12:15,0.58,104.030
18260,02/21/2026 03:22:15,0.58,104.026
18261,02/21/2026 03:32:15,0.58,104.034
18262,02/21/2026 03:42:15,0.58,104.026
18263,02/21/2026 03:52:15,0.58,104.030
18264,02/21/2026 04:02:15,0.58,104.039
18265,02/21/2026 04:12:15,0.58,104.034
18266,02/21/2026 04:22:15,0.57,104.056
18267,02/21/2026 04:32:15,0.57,104.061
18268,02/21/2026 04:42:15,0.57,104.074
18269,02/21/2026 04:52:15,0.57,104.091
18270,02/21/2026 05:02:15,0.56,104.117
18271,02/21/2026 05:12:15,0.56,104.126
18272,02/21/2026 05:22:15,0.56,104.143
18273,02/21/2026 05:32:15,0.55,104.156
18274,02/21/2026 05:42:15,0.55,104.169
18275,02/21/2026 05:52:15,0.55,104.174
18276,02/21/2026 06:02:15,0.55,104.196
18277,02/21/2026 06:12:15,0.54,104.226
18278,02/21/2026 06:22:15,0.54,104.231
18279,02/21/2026 06:32:15,0.54,104.235
18280,02/21/2026 06:42:15,0.54,104.270
18281,02/21/2026 06:52:15,0.54,104.292
18282,02/21/2026 07:02:15,0.53,104.314
18283,02/21/2026 07:12:15,0.53,104.349
18284,02/21/2026 07:22:15,0.53,104.366
18285,02/21/2026 07:32:15,0.53,104.384
18286,02/21/2026 07:42:15,0.53,104.414
18287,02/21/2026 07:52:15,0.53,104.419
18288,02/21/2026 08:02:15,0.53,104.441
18289,02/21/2026 08:12:15,0.54,104.454
18290,02/21/2026 08:22:15,0.54,104.468
18291,02/21/2026 08:32:15,0.55,104.477
18292,02/21/2026 08:42:15,0.56,104.499
18293,02/21/2026 08:52:15,0.57,104.508
18294,02/21/2026 09:02:15,0.59,104.522
18295,02/21/2026 09:12:15,0.61,104.510
18296,02/21/2026 09:22:15,0.64,104.532
18297,02/21/2026 09:32:15,0.66,104.555
18298,02/21/2026 09:42:15,0.69,104.622
18299,02/21/2026 09:52:15,0.73,104.663
18300,02/21/2026 10:02:15,0.77,104.686
18301,02/21/2026 10:12:15,0.82,104.701
18302,02/21/2026 10:22:15,0.85,104.693
18303,02/21/2026 10:32:15,0.87,104.681
18304,02/21/2026 10:42:15,0.90,104.700
18305,02/21/2026 10:52:15,0.92,104.709
18306,02/21/2026 11:02:15,0.94,104.710
18307,02/21/2026 11:12:15,0.96,104.710
18308,02/21/2026 11:22:15,0.97,104.689
18309,02/21/2026 11:32:15,0.99,104.685
18310,02/21/2026 11:42:15,1.00,104.690
18311,02/21/2026 11:52:15,1.02,104.695
18312,02/21/2026 12:02:15,1.03,104.691
18313,02/21/2026 12:12:15,1.04,104.709
18314,02/21/2026 12:22:15,1.06,104.710
18315,02/21/2026 12:32:15,1.09,104.710
18316,02/21/2026 12:42:15,1.12,104.703
18317,02/21/2026 12:52:15,1.16,104.722
18318,02/21/2026 13:02:15,1.19,104.732
18319,02/21/2026 13:12:15,1.22,104.737
18320,02/21/2026 13:22:15,1.25,104.734
18321,02/21/2026 13:32:15,1.27,104.739
18322,02/21/2026 13:42:15,1.29,104.740
18323,02/21/2026 13:52:15,1.31,104.736
18324,02/21/2026 14:02:15,1.33,104.758
18325,02/21/2026 14:12:15,1.35,104.772
18326,02/21/2026 14:22:15,1.36,104.768
18327,02/21/2026 14:32:15,1.37,104.769
18328,02/21/2026 14:42:15,1.38,104.778
18329,02/21/2026 14:52:15,1.39,104.783
18330,02/21/2026 15:02:15,1.40,104.778
18331,02/21/2026 15:12:15,1.40,104.801
18332,02/21/2026 15:22:15,1.41,104.814
18333,02/21/2026 15:32:15,1.43,104.815
18334,02/21/2026 15:42:15,1.44,104.828
18335,02/21/2026 15:52:15,1.46,104.833
18336,02/21/2026 16:02:15,1.47,104.856
18337,02/21/2026 16:12:15,1.48,104.860
18338,02/21/2026 16:22:15,1.48,104.887
18339,02/21/2026 16:32:15,1.49,104.891
18340,02/21/2026 16:42:15,1.49,104.913
18341,02/21/2026 16:52:15,1.50,104.922
18342,02/21/2026 17:02:15,1.50,104.944
18343,02/21/2026 17:12:15,1.50,104.953
18344,02/21/2026 17:22:15,1.49,104.971
18345,02/21/2026 17:32:15,1.49,104.988
18346,02/21/2026 17:42:15,1.48,104.992
18347,02/21/2026 17:52:15,1.46,105.000
18348,02/21/2026 18:02:15,1.45,105.026
18349,02/21/2026 18:12:15,1.44,105.039
18350,02/21/2026 18:22:15,1.43,105.043
18351,02/21/2026 18:32:15,1.41,105.047
18352,02/21/2026 18:42:15,1.39,105.046
18353,02/21/2026 18:52:15,1.38,105.068
18354,02/21/2026 19:02:15,1.36,105.063
18355,02/21/2026 19:12:15,1.35,105.071
18356,02/21/2026 19:22:15,1.34,105.084
18357,02/21/2026 19:32:15,1.33,105.074
18358,02/21/2026 19:42:15,1.32,105.101
18359,02/21/2026 19:52:15,1.31,105.105
18360,02/21/2026 20:02:15,1.30,105.126
18361,02/21/2026 20:12:15,1.29,105.143
18362,02/21/2026 20:22:15,1.28,105.134
18363,02/21/2026 20:32:15,1.27,105.138
18364,02/21/2026 20:42:15,1.26,105.164
18365,02/21/2026 20:52:15,1.26,105.164
18366,02/21/2026 21:02:15,1.25,105.173
18367,02/21/2026 21:12:15,1.24,105.199
18368,02/21/2026 21:22:15,1.23,105.198
18369,02/21/2026 21:32:15,1.23,105.198
18370,02/21/2026 21:42:15,1.21,105.220
18371,02/21/2026 21:52:15,1.20,105.224
18372,02/21/2026 22:02:15,1.19,105.228
18373,02/21/2026 22:12:15,1.18,105.232
18374,02/21/2026 22:22:15,1.18,105.227
18375,02/21/2026 22:32:15,1.17,105.240
18376,02/21/2026 22:42:15,1.17,105.231
18377,02/21/2026 22:52:15,1.17,105.240
18378,02/21/2026 23:02:15,1.17,105.240
18379,02/21/2026 23:12:15,1.17,105.240
18380,02/21/2026 23:22:15,1.16,105.253
18381,02/21/2026 23:32:15,1.16,105.253
18382,02/21/2026 23:42:15,1.14,105.257
18383,02/21/2026 23:52:15,1.14,105.256
18384,02/22/2026 00:02:15,1.13,105.270
18385,02/22/2026 00:12:15,1.13,105.283
18386,02/22/2026 00:22:15,1.12,105.287
18387,02/22/2026 00:32:15,1.12,105.309
18388,02/22/2026 00:42:15,1.11,105.317
18389,02/22/2026 00:52:15,1.11,105.313
18390,02/22/2026 01:02:15,1.10,105.321
18391,02/22/2026 01:12:15,1.10,105.330
18392,02/22/2026 01:22:15,1.09,105.343
18393,02/22/2026 01:32:15,1.08,105.333
18394,02/22/2026 01:42:15,1.07,105.333
18395,02/22/2026 01:52:15,1.06,105.328
18396,02/22/2026 02:02:15,1.05,105.324
18397,02/22/2026 02:12:15,1.04,105.306
18398,02/22/2026 02:22:15,1.04,105.288
18399,02/22/2026 02:32:15,1.03,105.266
18400,02/22/2026 02:42:15,1.02,105.274
18401,02/22/2026 02:52:15,1.02,105.279
18402,02/22/2026 03:02:15,1.01,105.305
18403,02/22/2026 03:12:15,1.01,105.300
18404,02/22/2026 03:22:15,1.00,105.300
18405,02/22/2026 03:32:15,1.00,105.291
18406,02/22/2026 03:42:15,1.00,105.300
18407,02/22/2026 03:52:15,0.99,105.322
18408,02/22/2026 04:02:15,0.98,105.348
18409,02/22/2026 04:12:15,0.97,105.360
18410,02/22/2026 04:22:15,0.96,105.342
18411,02/22/2026 04:32:15,0.95,105.360
18412,02/22/2026 04:42:15,0.95,105.346
18413,02/22/2026 04:52:15,0.94,105.333
18414,02/22/2026 05:02:15,0.94,105.355
18415,02/22/2026 05:12:15,0.94,105.346
18416,02/22/2026 05:22:15,0.94,105.350
18417,02/22/2026 05:32:15,0.94,105.377
18418,02/22/2026 05:42:15,0.94,105.364
18419,02/22/2026 05:52:15,0.94,105.333
18420,02/22/2026 06:02:15,0.93,105.328
18421,02/22/2026 06:12:15,0.93,105.350
18422,02/22/2026 06:22:15,0.93,105.355
18423,02/22/2026 06:32:15,0.93,105.368
18424,02/22/2026 06:42:15,0.93,105.359
18425,02/22/2026 06:52:15,0.93,105.381
18426,02/22/2026 07:02:15,0.93,105.385
18427,02/22/2026 07:12:15,0.93,105.385
18428,02/22/2026 07:22:15,0.92,105.385
18429,02/22/2026 07:32:15,0.92,105.376
18430,02/22/2026 07:42:15,0.92,105.381
18431,02/22/2026 07:52:15,0.92,105.385
18432,02/22/2026 08:02:15,0.93,105.394
18433,02/22/2026 08:12:15,0.93,105.385
18434,02/22/2026 08:22:15,0.94,105.372
18435,02/22/2026 08:32:15,0.95,105.373
18436,02/22/2026 08:42:15,0.95,105.382
18437,02/22/2026 08:52:15,0.96,105.391
18438,02/22/2026 09:02:15,0.96,105.382
18439,02/22/2026 09:12:15,0.97,105.352
18440,02/22/2026 09:22:15,0.98,105.334
18441,02/22/2026 09:32:15,0.98,105.330
18442,02/22/2026 09:42:15,0.99,105.291
18443,02/22/2026 09:52:15,1.00,105.274
18444,02/22/2026 10:02:15,1.02,105.257
18445,02/22/2026 10:12:15,1.03,105.231
18446,02/22/2026 10:22:15,1.05,105.188
18447,02/22/2026 10:32:15,1.07,105.180
18448,02/22/2026 10:42:15,1.09,105.172
18449,02/22/2026 10:52:15,1.12,105.186
18450,02/22/2026 11:02:15,1.14,105.173
18451,02/22/2026 11:12:15,1.16,105.165
18452,02/22/2026 11:22:15,1.18,105.166
18453,02/22/2026 11:32:15,1.20,105.140
18454,02/22/2026 11:42:15,1.22,105.159
18455,02/22/2026 11:52:15,1.23,105.133
18456,02/22/2026 12:02:15,1.25,105.159
18457,02/22/2026 12:12:15,1.26,105.098
18458,02/22/2026 12:22:15,1.27,105.073
18459,02/22/2026 12:32:15,1.29,105.056
18460,02/22/2026 12:42:15,1.32,105.079
18461,02/22/2026 12:52:15,1.34,105.071
18462,02/22/2026 13:02:15,1.36,105.093
18463,02/22/2026 13:12:15,1.38,105.107
18464,02/22/2026 13:22:15,1.39,105.063
18465,02/22/2026 13:32:15,1.40,105.073
18466,02/22/2026 13:42:15,1.41,105.055
18467,02/22/2026 13:52:15,1.42,105.069
18468,02/22/2026 14:02:15,1.42,105.025
18469,02/22/2026 14:12:15,1.44,105.021
18470,02/22/2026 14:22:15,1.45,105.017
18471,02/22/2026 14:32:15,1.46,104.969
18472,02/22/2026 14:42:15,1.47,105.009
18473,02/22/2026 14:52:15,1.47,104.992
18474,02/22/2026 15:02:15,1.48,104.997
18475,02/22/2026 15:12:15,1.49,105.006
18476,02/22/2026 15:22:15,1.49,105.023
18477,02/22/2026 15:32:15,1.49,105.015
18478,02/22/2026 15:42:15,1.50,105.001
18479,02/22/2026 15:52:15,1.49,104.940
18480,02/22/2026 16:02:15,1.49,104.891
18481,02/22/2026 16:12:15,1.48,104.878
18482,02/22/2026 16:22:15,1.48,104.878
18483,02/22/2026 16:32:15,1.47,104.856
18484,02/22/2026 16:42:15,1.46,104.860
18485,02/22/2026 16:52:15,1.46,104.864
18486,02/22/2026 17:02:15,1.45,104.864
18487,02/22/2026 17:12:15,1.44,104.837
18488,02/22/2026 17:22:15,1.42,104.810
18489,02/22/2026 17:32:15,1.41,104.788
18490,02/22/2026 17:42:15,1.40,104.814
18491,02/22/2026 17:52:15,1.39,104.805
18492,02/22/2026 18:02:15,1.38,104.826
18493,02/22/2026 18:12:15,1.37,104.817
18494,02/22/2026 18:22:15,1.36,104.799
18495,02/22/2026 18:32:15,1.35,104.799
18496,02/22/2026 18:42:15,1.34,104.790
18497,02/22/2026 18:52:15,1.33,104.750
18498,02/22/2026 19:02:15,1.32,104.710
18499,02/22/2026 19:12:15,1.31,104.644
18500,02/22/2026 19:22:15,1.30,104.621
18501,02/22/2026 19:32:15,1.29,104.577
18502,02/22/2026 19:42:15,1.28,104.634
18503,02/22/2026 19:52:15,1.27,104.629
18504,02/22/2026 20:02:15,1.26,104.624
18505,02/22/2026 20:12:15,1.25,104.606
18506,02/22/2026 20:22:15,1.24,104.584
18507,02/22/2026 20:32:15,1.23,104.558
18508,02/22/2026 20:42:15,1.22,104.575
18509,02/22/2026 20:52:15,1.21,104.553
18510,02/22/2026 21:02:15,1.20,104.539
18511,02/22/2026 21:12:15,1.19,104.512
18512,02/22/2026 21:22:15,1.18,104.477
18513,02/22/2026 21:32:15,1.17,104.463
18514,02/22/2026 21:42:15,1.15,104.458
18515,02/22/2026 21:52:15,1.13,104.431
18516,02/22/2026 22:02:15,1.10,104.461
18517,02/22/2026 22:12:15,1.08,104.465
18518,02/22/2026 22:22:15,1.06,104.468
18519,02/22/2026 22:32:15,1.03,104.436
18520,02/22/2026 22:42:15,1.01,104.409
18521,02/22/2026 22:52:15,0.99,104.347
18522,02/22/2026 23:02:15,0.97,104.342
18523,02/22/2026 23:12:15,0.95,104.341
18524,02/22/2026 23:22:15,0.92,104.323
18525,02/22/2026 23:32:15,0.89,104.296
18526,02/22/2026 23:42:15,0.87,104.277
18527,02/22/2026 23:52:15,0.84,104.245
18528,02/23/2026 00:02:15,0.81,104.240
18529,02/23/2026 00:12:15,0.79,104.213
18530,02/23/2026 00:22:15,0.75,104.159
18531,02/23/2026 00:32:15,0.72,104.136
18532,02/23/2026 00:42:15,0.69,104.126
18533,02/23/2026 00:52:15,0.67,104.064
18534,02/23/2026 01:02:15,0.65,104.059
18535,02/23/2026 01:12:15,0.64,104.023
18536,02/23/2026 01:22:15,0.63,103.992
18537,02/23/2026 01:32:15,0.62,103.926
18538,02/23/2026 01:42:15,0.61,103.895
18539,02/23/2026 01:52:15,0.61,103.904
18540,02/23/2026 02:02:15,0.60,103.846
18541,02/23/2026 02:12:15,0.59,103.824
18542,02/23/2026 02:22:15,0.58,103.815
18543,02/23/2026 02:32:15,0.58,103.784
18544,02/23/2026 02:42:15,0.58,103.731
18545,02/23/2026 02:52:15,0.57,103.688
18546,02/23/2026 03:02:15,0.57,103.648
18547,02/23/2026 03:12:15,0.56,103.630
18548,02/23/2026 03:22:15,0.56,103.643
18549,02/23/2026 03:32:15,0.55,103.616
18550,02/23/2026 03:42:15,0.54,103.563
18551,02/23/2026 03:52:15,0.53,103.502
18552,02/23/2026 04:02:15,0.52,103.479
18553,02/23/2026 04:12:15,0.51,103.496
18554,02/23/2026 04:22:15,0.49,103.518
18555,02/23/2026 04:32:15,0.48,103.473
18556,02/23/2026 04:42:15,0.46,103.468
18557,02/23/2026 04:52:15,0.45,103.494
18558,02/23/2026 05:02:15,0.43,103.463
18559,02/23/2026 05:12:15,0.42,103.436
18560,02/23/2026 05:22:15,0.41,103.489
18561,02/23/2026 05:32:15,0.41,103.515
18562,02/23/2026 05:42:15,0.40,103.501
18563,02/23/2026 05:52:15,0.39,103.448
18564,02/23/2026 06:02:15,0.38,103.347
18565,02/23/2026 06:12:15,0.37,103.338
18566,02/23/2026 06:22:15,0.37,103.307
18567,02/23/2026 06:32:15,0.36,103.290
18568,02/23/2026 06:42:15,0.35,103.254
18569,02/23/2026 06:52:15,0.34,103.254
18570,02/23/2026 07:02:15,0.32,103.231
18571,02/23/2026 07:12:15,0.31,103.213
18572,02/23/2026 07:22:15,0.30,103.230
18573,02/23/2026 07:32:15,0.30,103.217
18574,02/23/2026 07:42:15,0.29,103.221
18575,02/23/2026 07:52:15,0.30,103.213
18576,02/23/2026 08:02:15,0.30,103.226
18577,02/23/2026 08:12:15,0.29,103.208
18578,02/23/2026 08:22:15,0.29,103.204
18579,02/23/2026 08:32:15,0.28,103.181
18580,02/23/2026 08:42:15,0.26,103.198
18581,02/23/2026 08:52:15,0.23,103.184
18582,02/23/2026 09:02:15,0.20,103.161
18583,02/23/2026 09:12:15,0.18,103.139
18584,02/23/2026 09:22:15,0.17,103.099
18585,02/23/2026 09:32:15,0.17,103.090
18586,02/23/2026 09:42:15,0.18,103.064
18587,02/23/2026 09:52:15,0.21,103.052
18588,02/23/2026 10:02:15,0.25,103.071
18589,02/23/2026 10:12:15,0.29,103.041
18590,02/23/2026 10:22:15,0.31,103.051
18591,02/23/2026 10:32:15,0.32,103.060
18592,02/23/2026 10:42:15,0.34,103.065
18593,02/23/2026 10:52:15,0.35,103.087
18594,02/23/2026 11:02:15,0.36,103.083
18595,02/23/2026 11:12:15,0.37,103.092
18596,02/23/2026 11:22:15,0.37,103.101
18597,02/23/2026 11:32:15,0.37,103.110
18598,02/23/2026 11:42:15,0.38,103.110
18599,02/23/2026 11:52:15,0.39,103.102
18600,02/23/2026 12:02:15,0.39,103.128
18601,02/23/2026 12:12:15,0.40,103.128
18602,02/23/2026 12:22:15,0.41,103.129
18603,02/23/2026 12:32:15,0.42,103.134
18604,02/23/2026 12:42:15,0.44,103.121
18605,02/23/2026 12:52:15,0.45,103.134
18606,02/23/2026 13:02:15,0.46,103.161
18607,02/23/2026 13:12:15,0.48,103.188
18608,02/23/2026 13:22:15,0.49,103.211
18609,02/23/2026 13:32:15,0.51,103.224
18610,02/23/2026 13:42:15,0.52,103.238
18611,02/23/2026 13:52:15,0.54,103.265
18612,02/23/2026 14:02:15,0.55,103.261
18613,02/23/2026 14:12:15,0.55,103.296
18614,02/23/2026 14:22:15,0.56,103.309
18615,02/23/2026 14:32:15,0.56,103.345
18616,02/23/2026 14:42:15,0.56,103.353
18617,02/23/2026 14:52:15,0.56,103.353
18618,02/23/2026 15:02:15,0.56,103.318
18619,02/23/2026 15:12:15,0.55,103.375
18620,02/23/2026 15:22:15,0.54,103.375
18621,02/23/2026 15:32:15,0.54,103.379
18622,02/23/2026 15:42:15,0.53,103.370
18623,02/23/2026 15:52:15,0.53,103.361
18624,02/23/2026 16:02:15,0.53,103.370
18625,02/23/2026 16:12:15,0.53,103.366
18626,02/23/2026 16:22:15,0.53,103.361
18627,02/23/2026 16:32:15,0.52,103.339
18628,02/23/2026 16:42:15,0.52,103.348
18629,02/23/2026 16:52:15,0.51,103.352
18630,02/23/2026 17:02:15,0.51,103.369
18631,02/23/2026 17:12:15,0.50,103.369
18632,02/23/2026 17:22:15,0.50,103.364
18633,02/23/2026 17:32:15,0.49,103.373
18634,02/23/2026 17:42:15,0.49,103.395
18635,02/23/2026 17:52:15,0.48,103.421
18636,02/23/2026 18:02:15,0.47,103.451
18637,02/23/2026 18:12:15,0.46,103.460
18638,02/23/2026 18:22:15,0.45,103.486
18639,02/23/2026 18:32:15,0.45,103.499
18640,02/23/2026 18:42:15,0.44,103.520
18641,02/23/2026 18:52:15,0.43,103.520
18642,02/23/2026 19:02:15,0.42,103.529
18643,02/23/2026 19:12:15,0.42,103.537
18644,02/23/2026 19:22:15,0.41,103.568
18645,02/23/2026 19:32:15,0.40,103.563
18646,02/23/2026 19:42:15,0.40,103.550
18647,02/23/2026 19:52:15,0.40,103.563
18648,02/23/2026 20:02:15,0.39,103.567
18649,02/23/2026 20:12:15,0.39,103.584
18650,02/23/2026 20:22:15,0.38,103.606
18651,02/23/2026 20:32:15,0.37,103.619
18652,02/23/2026 20:42:15,0.37,103.628
18653,02/23/2026 20:52:15,0.36,103.632
18654,02/23/2026 21:02:15,0.35,103.636
18655,02/23/2026 21:12:15,0.35,103.631
18656,02/23/2026 21:22:15,0.35,103.640
18657,02/23/2026 21:32:15,0.34,103.631
18658,02/23/2026 21:42:15,0.34,103.635
18659,02/23/2026 21:52:15,0.34,103.627
18660,02/23/2026 22:02:15,0.34,103.649
18661,02/23/2026 22:12:15,0.35,103.631
18662,02/23/2026 22:22:15,0.35,103.631
18663,02/23/2026 22:32:15,0.35,103.645
18664,02/23/2026 22:42:15,0.35,103.649
18665,02/23/2026 22:52:15,0.35,103.640
18666,02/23/2026 23:02:15,0.35,103.649
18667,02/23/2026 23:12:15,0.35,103.654
18668,02/23/2026 23:22:15,0.36,103.645
18669,02/23/2026 23:32:15,0.36,103.645
18670,02/23/2026 23:42:15,0.36,103.636
18671,02/23/2026 23:52:15,0.36,103.658
18672,02/24/2026 00:02:15,0.36,103.667
18673,02/24/2026 00:12:15,0.36,103.676
18674,02/24/2026 00:22:15,0.36,103.689
18675,02/24/2026 00:32:15,0.35,103.684
18676,02/24/2026 00:42:15,0.35,103.697
18677,02/24/2026 00:52:15,0.35,103.684
18678,02/24/2026 01:02:15,0.35,103.702
18679,02/24/2026 01:12:15,0.35,103.710
18680,02/24/2026 01:22:15,0.34,103.715
18681,02/24/2026 01:32:15,0.34,103.736
18682,02/24/2026 01:42:15,0.34,103.736
18683,02/24/2026 01:52:15,0.33,103.719
18684,02/24/2026 02:02:15,0.33,103.741
18685,02/24/2026 02:12:15,0.33,103.740
18686,02/24/2026 02:22:15,0.32,103.749
18687,02/24/2026 02:32:15,0.32,103.714
18688,02/24/2026 02:42:15,0.32,103.744
18689,02/24/2026 02:52:15,0.31,103.757
18690,02/24/2026 03:02:15,0.31,103.766
18691,02/24/2026 03:12:15,0.31,103.775
18692,02/24/2026 03:22:15,0.31,103.766
18693,02/24/2026 03:32:15,0.31,103.762
18694,02/24/2026 03:42:15,0.31,103.775
18695,02/24/2026 03:52:15,0.31,103.775
18696,02/24/2026 04:02:15,0.30,103.792
18697,02/24/2026 04:12:15,0.30,103.818
18698,02/24/2026 04:22:15,0.30,103.823
18699,02/24/2026 04:32:15,0.30,103.823
18700,02/24/2026 04:42:15,0.30,103.823
18701,02/24/2026 04:52:15,0.30,103.836
18702,02/24/2026 05:02:15,0.30,103.853
18703,02/24/2026 05:12:15,0.29,103.845
18704,02/24/2026 05:22:15,0.29,103.844
18705,02/24/2026 05:32:15,0.29,103.849
18706,02/24/2026 05:42:15,0.28,103.840
18707,02/24/2026 05:52:15,0.28,103.853
18708,02/24/2026 06:02:15,0.27,103.852
18709,02/24/2026 06:12:15,0.26,103.839
18710,02/24/2026 06:22:15,0.26,103.839
18711,02/24/2026 06:32:15,0.26,103.813
18712,02/24/2026 06:42:15,0.26,103.804
18713,02/24/2026 06:52:15,0.27,103.782
18714,02/24/2026 07:02:15,0.27,103.800
18715,02/24/2026 07:12:15,0.28,103.787
18716,02/24/2026 07:22:15,0.28,103.796
18717,02/24/2026 07:32:15,0.28,103.805
18718,02/24/2026 07:42:15,0.29,103.814
18719,02/24/2026 07:52:15,0.30,103.805
18720,02/24/2026 08:02:15,0.31,103.806
18721,02/24/2026 08:12:15,0.32,103.832
18722,02/24/2026 08:22:15,0.33,103.841
18723,02/24/2026 08:32:15,0.34,103.855
18724,02/24/2026 08:42:15,0.36,103.877
18725,02/24/2026 08:52:15,0.37,103.913
18726,02/24/2026 09:02:15,0.39,103.936
18727,02/24/2026 09:12:15,0.42,103.967
18728,02/24/2026 09:22:15,0.44,103.990
18729,02/24/2026 09:32:15,0.46,104.030
18730,02/24/2026 09:42:15,0.48,104.066
18731,02/24/2026 09:52:15,0.49,104.097
18732,02/24/2026 10:02:15,0.51,104.133
18733,02/24/2026 10:12:15,0.53,104.191
18734,02/24/2026 10:22:15,0.54,104.244
18735,02/24/2026 10:32:15,0.55,104.301
18736,02/24/2026 10:42:15,0.57,104.328
18737,02/24/2026 10:52:15,0.58,104.407
18738,02/24/2026 11:02:15,0.60,104.461
18739,02/24/2026 11:12:15,0.61,104.523
18740,02/24/2026 11:22:15,0.62,104.567
18741,02/24/2026 11:32:15,0.63,104.624
18742,02/24/2026 11:42:15,0.65,104.651
18743,02/24/2026 11:52:15,0.68,104.652
18744,02/24/2026 12:02:15,0.71,104.636
18745,02/24/2026 12:12:15,0.74,104.619
18746,02/24/2026 12:22:15,0.78,104.594
18747,02/24/2026 12:32:15,0.82,104.565
18748,02/24/2026 12:42:15,0.86,104.527
18749,02/24/2026 12:52:15,0.90,104.493
18750,02/24/2026 13:02:15,0.94,104.468
18751,02/24/2026 13:12:15,0.97,104.417
18752,02/24/2026 13:22:15,1.01,104.379
18753,02/24/2026 13:32:15,1.04,104.340
18754,02/24/2026 13:42:15,1.07,104.302
18755,02/24/2026 13:52:15,1.09,104.259
18756,02/24/2026 14:02:15,1.11,104.259
18757,02/24/2026 14:12:15,1.13,104.229
18758,02/24/2026 14:22:15,1.16,104.208
18759,02/24/2026 14:32:15,1.18,104.209
18760,02/24/2026 14:42:15,1.20,104.183
18761,02/24/2026 14:52:15,1.21,104.201
18762,02/24/2026 15:02:15,1.21,104.219
18763,02/24/2026 15:12:15,1.22,104.215
18764,02/24/2026 15:22:15,1.21,104.219
18765,02/24/2026 15:32:15,1.21,104.228
18766,02/24/2026 15:42:15,1.20,104.219
18767,02/24/2026 15:52:15,1.20,104.232
18768,02/24/2026 16:02:15,1.19,104.236
18769,02/24/2026 16:12:15,1.18,104.266
18770,02/24/2026 16:22:15,1.17,104.266
18771,02/24/2026 16:32:15,1.15,104.283
18772,02/24/2026 16:42:15,1.14,104.300
18773,02/24/2026 16:52:15,1.13,104.295
18774,02/24/2026 17:02:15,1.11,104.312
18775,02/24/2026 17:12:15,1.09,104.324
18776,02/24/2026 17:22:15,1.07,104.324
18777,02/24/2026 17:32:15,1.04,104.332
18778,02/24/2026 17:42:15,1.02,104.344
18779,02/24/2026 17:52:15,0.99,104.347
18780,02/24/2026 18:02:15,0.97,104.364
18781,02/24/2026 18:12:15,0.94,104.359
18782,02/24/2026 18:22:15,0.91,104.379
18783,02/24/2026 18:32:15,0.88,104.405
18784,02/24/2026 18:42:15,0.84,104.417
18785,02/24/2026 18:52:15,0.81,104.420
18786,02/24/2026 19:02:15,0.78,104.428
18787,02/24/2026 19:12:15,0.75,104.440
18788,02/24/2026 19:22:15,0.73,104.448
18789,02/24/2026 19:32:15,0.69,104.455
18790,02/24/2026 19:42:15,0.67,104.446
18791,02/24/2026 19:52:15,0.64,104.462
18792,02/24/2026 20:02:15,0.61,104.465
18793,02/24/2026 20:12:15,0.58,104.473
18794,02/24/2026 20:22:15,0.55,104.477
18795,02/24/2026 20:32:15,0.52,104.480
18796,02/24/2026 20:42:15,0.49,104.497
18797,02/24/2026 20:52:15,0.47,104.518
18798,02/24/2026 21:02:15,0.44,104.508
18799,02/24/2026 21:12:15,0.41,104.529
18800,02/24/2026 21:22:15,0.38,104.532
18801,02/24/2026 21:32:15,0.35,104.522
18802,02/24/2026 21:42:15,0.32,104.486
18803,02/24/2026 21:52:15,0.30,104.463
18804,02/24/2026 22:02:15,0.27,104.410
18805,02/24/2026 22:12:15,0.25,104.317
18806,02/24/2026 22:22:15,0.22,104.219
18807,02/24/2026 22:32:15,0.21,104.162
18808,02/24/2026 22:42:15,0.20,104.100
18809,02/24/2026 22:52:15,0.20,104.021
18810,02/24/2026 23:02:15,0.20,103.955
18811,02/24/2026 23:12:15,0.20,103.872
18812,02/24/2026 23:22:15,0.20,103.767
18813,02/24/2026 23:32:15,0.21,103.670
18814,02/24/2026 23:42:15,0.21,103.574
18815,02/24/2026 23:52:15,0.22,103.495
18816,02/25/2026 00:02:15,0.23,103.483
18817,02/25/2026 00:12:15,0.25,103.457
18818,02/25/2026 00:22:15,0.27,103.453
18819,02/25/2026 00:32:15,0.29,103.427
18820,02/25/2026 00:42:15,0.30,103.432
18821,02/25/2026 00:52:15,0.32,103.455
18822,02/25/2026 01:02:15,0.33,103.490
18823,02/25/2026 01:12:15,0.35,103.487
18824,02/25/2026 01:22:15,0.36,103.588
18825,02/25/2026 01:32:15,0.38,103.650
18826,02/25/2026 01:42:15,0.40,103.712
18827,02/25/2026 01:52:15,0.42,103.765
18828,02/25/2026 02:02:15,0.44,103.832
18829,02/25/2026 02:12:15,0.47,103.859
18830,02/25/2026 02:22:15,0.49,103.886
18831,02/25/2026 02:32:15,0.50,103.944
18832,02/25/2026 02:42:15,0.50,103.988
18833,02/25/2026 02:52:15,0.50,103.961
18834,02/25/2026 03:02:15,0.49,104.005
18835,02/25/2026 03:12:15,0.49,104.014
18836,02/25/2026 03:22:15,0.48,104.040
18837,02/25/2026 03:32:15,0.47,104.044
18838,02/25/2026 03:42:15,0.46,104.017
18839,02/25/2026 03:52:15,0.45,103.946
18840,02/25/2026 04:02:15,0.45,103.850
18841,02/25/2026 04:12:15,0.44,103.797
18842,02/25/2026 04:22:15,0.43,103.700
18843,02/25/2026 04:32:15,0.42,103.656
18844,02/25/2026 04:42:15,0.42,103.586
18845,02/25/2026 04:52:15,0.41,103.555
18846,02/25/2026 05:02:15,0.40,103.502
18847,02/25/2026 05:12:15,0.40,103.471
18848,02/25/2026 05:22:15,0.39,103.453
18849,02/25/2026 05:32:15,0.39,103.431
18850,02/25/2026 05:42:15,0.39,103.418
18851,02/25/2026 05:52:15,0.39,103.418
18852,02/25/2026 06:02:15,0.38,103.391
18853,02/25/2026 06:12:15,0.38,103.387
18854,02/25/2026 06:22:15,0.38,103.387
18855,02/25/2026 06:32:15,0.37,103.386
18856,02/25/2026 06:42:15,0.37,103.360
18857,02/25/2026 06:52:15,0.35,103.342
18858,02/25/2026 07:02:15,0.34,103.328
18859,02/25/2026 07:12:15,0.32,103.319
18860,02/25/2026 07:22:15,0.30,103.336
18861,02/25/2026 07:32:15,0.28,103.309
18862,02/25/2026 07:42:15,0.26,103.304
18863,02/25/2026 07:52:15,0.25,103.294
18864,02/25/2026 08:02:15,0.24,103.299
18865,02/25/2026 08:12:15,0.25,103.290
18866,02/25/2026 08:22:15,0.25,103.286
18867,02/25/2026 08:32:15,0.27,103.299
18868,02/25/2026 08:42:15,0.29,103.305
18869,02/25/2026 08:52:15,0.31,103.283
18870,02/25/2026 09:02:15,0.33,103.284
18871,02/25/2026 09:12:15,0.35,103.285
18872,02/25/2026 09:22:15,0.37,103.276
18873,02/25/2026 09:32:15,0.39,103.268
18874,02/25/2026 09:42:15,0.41,103.291
18875,02/25/2026 09:52:15,0.43,103.296
18876,02/25/2026 10:02:15,0.45,103.314
18877,02/25/2026 10:12:15,0.47,103.320
18878,02/25/2026 10:22:15,0.49,103.347
18879,02/25/2026 10:32:15,0.51,103.391
18880,02/25/2026 10:42:15,0.53,103.427
18881,02/25/2026 10:52:15,0.55,103.498
18882,02/25/2026 11:02:15,0.57,103.560
18883,02/25/2026 11:12:15,0.58,103.618
18884,02/25/2026 11:22:15,0.60,103.645
18885,02/25/2026 11:32:15,0.61,103.693
18886,02/25/2026 11:42:15,0.63,103.751
18887,02/25/2026 11:52:15,0.63,103.782
18888,02/25/2026 12:02:15,0.63,103.812
18889,02/25/2026 12:12:15,0.63,103.861
18890,02/25/2026 12:22:15,0.64,103.887
18891,02/25/2026 12:32:15,0.66,103.923
18892,02/25/2026 12:42:15,0.68,103.972
18893,02/25/2026 12:52:15,0.70,104.008
18894,02/25/2026 13:02:15,0.71,104.030
18895,02/25/2026 13:12:15,0.72,104.061
18896,02/25/2026 13:22:15,0.71,104.083
18897,02/25/2026 13:32:15,0.69,104.109
18898,02/25/2026 13:42:15,0.67,104.117
18899,02/25/2026 13:52:15,0.65,104.116
18900,02/25/2026 14:02:15,0.63,104.128
18901,02/25/2026 14:12:15,0.62,104.137
18902,02/25/2026 14:22:15,0.61,104.132
18903,02/25/2026 14:32:15,0.60,104.149
18904,02/25/2026 14:42:15,0.58,104.131
18905,02/25/2026 14:52:15,0.58,104.122
18906,02/25/2026 15:02:15,0.57,104.113
18907,02/25/2026 15:12:15,0.56,104.099
18908,02/25/2026 15:22:15,0.55,104.082
18909,02/25/2026 15:32:15,0.54,104.059
18910,02/25/2026 15:42:15,0.54,104.024
18911,02/25/2026 15:52:15,0.53,104.028
18912,02/25/2026 16:02:15,0.53,103.984
18913,02/25/2026 16:12:15,0.52,103.971
18914,02/25/2026 16:22:15,0.52,103.975
18915,02/25/2026 16:32:15,0.51,103.962
18916,02/25/2026 16:42:15,0.50,103.944
18917,02/25/2026 16:52:15,0.50,103.957
18918,02/25/2026 17:02:15,0.49,103.935
18919,02/25/2026 17:12:15,0.49,103.921
18920,02/25/2026 17:22:15,0.48,103.926
18921,02/25/2026 17:32:15,0.47,103.930
18922,02/25/2026 17:42:15,0.47,103.925
18923,02/25/2026 17:52:15,0.46,103.934
18924,02/25/2026 18:02:15,0.45,103.938
18925,02/25/2026 18:12:15,0.44,103.924
18926,02/25/2026 18:22:15,0.43,103.928
18927,02/25/2026 18:32:15,0.42,103.915
18928,02/25/2026 18:42:15,0.41,103.928
18929,02/25/2026 18:52:15,0.41,103.936
18930,02/25/2026 19:02:15,0.40,103.949
18931,02/25/2026 19:12:15,0.40,103.940
18932,02/25/2026 19:22:15,0.40,103.962
18933,02/25/2026 19:32:15,0.39,103.953
18934,02/25/2026 19:42:15,0.39,103.980
18935,02/25/2026 19:52:15,0.39,103.988
18936,02/25/2026 20:02:15,0.40,103.984
18937,02/25/2026 20:12:15,0.40,103.967
18938,02/25/2026 20:22:15,0.40,103.940
18939,02/25/2026 20:32:15,0.39,103.927
18940,02/25/2026 20:42:15,0.39,103.918
18941,02/25/2026 20:52:15,0.39,103.931
18942,02/25/2026 21:02:15,0.39,103.927
18943,02/25/2026 21:12:15,0.39,103.931
18944,02/25/2026 21:22:15,0.39,103.936
18945,02/25/2026 21:32:15,0.39,103.927
18946,02/25/2026 21:42:15,0.39,103.914
18947,02/25/2026 21:52:15,0.39,103.914
18948,02/25/2026 22:02:15,0.39,103.927
18949,02/25/2026 22:12:15,0.39,103.914
18950,02/25/2026 22:22:15,0.40,103.892
18951,02/25/2026 22:32:15,0.40,103.879
18952,02/25/2026 22:42:15,0.41,103.888
18953,02/25/2026 22:52:15,0.42,103.897
18954,02/25/2026 23:02:15,0.43,103.845
18955,02/25/2026 23:12:15,0.44,103.806
18956,02/25/2026 23:22:15,0.45,103.841
18957,02/25/2026 23:32:15,0.45,103.863
18958,02/25/2026 23:42:15,0.46,103.925
18959,02/25/2026 23:52:15,0.46,103.943
18960,02/26/2026 00:02:15,0.47,103.952
18961,02/26/2026 00:12:15,0.48,103.948
18962,02/26/2026 00:22:15,0.49,103.979
18963,02/26/2026 00:32:15,0.50,103.944
18964,02/26/2026 00:42:15,0.51,103.931
18965,02/26/2026 00:52:15,0.52,103.931
18966,02/26/2026 01:02:15,0.53,103.932
18967,02/26/2026 01:12:15,0.53,103.945
18968,02/26/2026 01:22:15,0.54,103.954
18969,02/26/2026 01:32:15,0.55,103.959
18970,02/26/2026 01:42:15,0.56,103.941
18971,02/26/2026 01:52:15,0.57,103.933
18972,02/26/2026 02:02:15,0.57,103.933
18973,02/26/2026 02:12:15,0.58,103.942
18974,02/26/2026 02:22:15,0.59,103.934
18975,02/26/2026 02:32:15,0.59,103.912
18976,02/26/2026 02:42:15,0.60,103.925
18977,02/26/2026 02:52:15,0.60,103.899
18978,02/26/2026 03:02:15,0.61,103.921
18979,02/26/2026 03:12:15,0.61,103.899
18980,02/26/2026 03:22:15,0.60,103.904
18981,02/26/2026 03:32:15,0.60,103.921
18982,02/26/2026 03:42:15,0.60,103.921
18983,02/26/2026 03:52:15,0.59,103.934
18984,02/26/2026 04:02:15,0.58,103.973
18985,02/26/2026 04:12:15,0.58,103.977
18986,02/26/2026 04:22:15,0.58,103.999
18987,02/26/2026 04:32:15,0.57,103.986
18988,02/26/2026 04:42:15,0.57,104.021
18989,02/26/2026 04:52:15,0.56,104.034
18990,02/26/2026 05:02:15,0.55,104.042
18991,02/26/2026 05:12:15,0.54,104.046
18992,02/26/2026 05:22:15,0.53,104.063
18993,02/26/2026 05:32:15,0.52,104.063
18994,02/26/2026 05:42:15,0.51,104.071
18995,02/26/2026 05:52:15,0.50,104.106
18996,02/26/2026 06:02:15,0.48,104.110
18997,02/26/2026 06:12:15,0.47,104.149
18998,02/26/2026 06:22:15,0.46,104.157
18999,02/26/2026 06:32:15,0.45,104.170
19000,02/26/2026 06:42:15,0.43,104.148
19001,02/26/2026 06:52:15,0.41,104.191
19002,02/26/2026 07:02:15,0.40,104.239
19003,02/26/2026 07:12:15,0.38,104.256
19004,02/26/2026 07:22:15,0.37,104.269
19005,02/26/2026 07:32:15,0.36,104.303
19006,02/26/2026 07:42:15,0.35,104.334
19007,02/26/2026 07:52:15,0.34,104.325
19008,02/26/2026 08:02:15,0.34,104.342
19009,02/26/2026 08:12:15,0.34,104.324
19010,02/26/2026 08:22:15,0.34,104.338
19011,02/26/2026 08:32:15,0.35,104.333
19012,02/26/2026 08:42:15,0.36,104.334
19013,02/26/2026 08:52:15,0.38,104.321
19014,02/26/2026 09:02:15,0.40,104.331
19015,02/26/2026 09:12:15,0.43,104.301
19016,02/26/2026 09:22:15,0.47,104.316
19017,02/26/2026 09:32:15,0.51,104.335
19018,02/26/2026 09:42:15,0.55,104.354
19019,02/26/2026 09:52:15,0.60,104.342
19020,02/26/2026 10:02:15,0.66,104.349
19021,02/26/2026 10:12:15,0.71,104.351
19022,02/26/2026 10:22:15,0.77,104.353
19023,02/26/2026 10:32:15,0.84,104.342
19024,02/26/2026 10:42:15,0.91,104.375
19025,02/26/2026 10:52:15,0.98,104.378
19026,02/26/2026 11:02:15,1.07,104.376
19027,02/26/2026 11:12:15,1.15,104.340
19028,02/26/2026 11:22:15,1.23,104.343
19029,02/26/2026 11:32:15,1.32,104.350
19030,02/26/2026 11:42:15,1.40,104.331
19031,02/26/2026 11:52:15,1.48,104.373
19032,02/26/2026 12:02:15,1.57,104.319
19033,02/26/2026 12:12:15,1.66,104.287
19034,02/26/2026 12:22:15,1.74,104.259
19035,02/26/2026 12:32:15,1.82,104.249
19036,02/26/2026 12:42:15,1.90,104.278
19037,02/26/2026 12:52:15,1.98,104.281
19038,02/26/2026 13:02:15,2.06,104.288
19039,02/26/2026 13:12:15,2.13,104.277
19040,02/26/2026 13:22:15,2.20,104.271
19041,02/26/2026 13:32:15,2.26,104.260
19042,02/26/2026 13:42:15,2.32,104.253
19043,02/26/2026 13:52:15,2.37,104.250
19044,02/26/2026 14:02:15,2.42,104.248
19045,02/26/2026 14:12:15,2.46,104.267
19046,02/26/2026 14:22:15,2.49,104.277
19047,02/26/2026 14:32:15,2.52,104.287
19048,02/26/2026 14:42:15,2.55,104.296
19049,02/26/2026 14:52:15,2.58,104.289
19050,02/26/2026 15:02:15,2.60,104.281
19051,02/26/2026 15:12:15,2.62,104.290
19052,02/26/2026 15:22:15,2.63,104.286
19053,02/26/2026 15:32:15,2.63,104.277
19054,02/26/2026 15:42:15,2.62,104.272
19055,02/26/2026 15:52:15,2.61,104.294
19056,02/26/2026 16:02:15,2.60,104.294
19057,02/26/2026 16:12:15,2.59,104.306
19058,02/26/2026 16:22:15,2.58,104.324
19059,02/26/2026 16:32:15,2.56,104.310
19060,02/26/2026 16:42:15,2.55,104.301
19061,02/26/2026 16:52:15,2.53,104.296
19062,02/26/2026 17:02:15,2.50,104.321
19063,02/26/2026 17:12:15,2.48,104.329
19064,02/26/2026 17:22:15,2.44,104.328
19065,02/26/2026 17:32:15,2.41,104.348
19066,02/26/2026 17:42:15,2.37,104.374
19067,02/26/2026 17:52:15,2.33,104.381
19068,02/26/2026 18:02:15,2.30,104.397
19069,02/26/2026 18:12:15,2.25,104.418
19070,02/26/2026 18:22:15,2.21,104.416
19071,02/26/2026 18:32:15,2.17,104.432
19072,02/26/2026 18:42:15,2.13,104.431
19073,02/26/2026 18:52:15,2.09,104.438
19074,02/26/2026 19:02:15,2.05,104.459
19075,02/26/2026 19:12:15,2.02,104.475
19076,02/26/2026 19:22:15,1.98,104.487
19077,02/26/2026 19:32:15,1.95,104.482
19078,02/26/2026 19:42:15,1.92,104.503
19079,02/26/2026 19:52:15,1.89,104.510
19080,02/26/2026 20:02:15,1.86,104.522
19081,02/26/2026 20:12:15,1.83,104.548
19082,02/26/2026 20:22:15,1.80,104.551
19083,02/26/2026 20:32:15,1.76,104.572
19084,02/26/2026 20:42:15,1.73,104.566
19085,02/26/2026 20:52:15,1.70,104.587
19086,02/26/2026 21:02:15,1.67,104.590
19087,02/26/2026 21:12:15,1.64,104.633
19088,02/26/2026 21:22:15,1.61,104.637
19089,02/26/2026 21:32:15,1.58,104.649
19090,02/26/2026 21:42:15,1.55,104.630
19091,02/26/2026 21:52:15,1.52,104.634
19092,02/26/2026 22:02:15,1.49,104.633
19093,02/26/2026 22:12:15,1.46,104.631
19094,02/26/2026 22:22:15,1.43,104.644
19095,02/26/2026 22:32:15,1.40,104.629
19096,02/26/2026 22:42:15,1.37,104.628
19097,02/26/2026 22:52:15,1.34,104.645
19098,02/26/2026 23:02:15,1.30,104.644
19099,02/26/2026 23:12:15,1.27,104.660
19100,02/26/2026 23:22:15,1.24,104.650
19101,02/26/2026 23:32:15,1.21,104.653
19102,02/26/2026 23:42:15,1.18,104.648
19103,02/26/2026 23:52:15,1.14,104.651
19104,02/27/2026 00:02:15,1.11,104.668
19105,02/27/2026 00:12:15,1.08,104.688
19106,02/27/2026 00:22:15,1.05,104.692
19107,02/27/2026 00:32:15,1.02,104.686
19108,02/27/2026 00:42:15,0.98,104.702
19109,02/27/2026 00:52:15,0.95,104.684
19110,02/27/2026 01:02:15,0.92,104.687
19111,02/27/2026 01:12:15,0.89,104.673
19112,02/27/2026 01:22:15,0.85,104.689
19113,02/27/2026 01:32:15,0.82,104.714
19114,02/27/2026 01:42:15,0.78,104.730
19115,02/27/2026 01:52:15,0.74,104.720
19116,02/27/2026 02:02:15,0.71,104.759
19117,02/27/2026 02:12:15,0.67,104.731
19118,02/27/2026 02:22:15,0.64,104.734
19119,02/27/2026 02:32:15,0.60,104.746
19120,02/27/2026 02:42:15,0.57,104.745
19121,02/27/2026 02:52:15,0.54,104.753
19122,02/27/2026 03:02:15,0.51,104.769
19123,02/27/2026 03:12:15,0.48,104.746
19124,02/27/2026 03:22:15,0.45,104.701
19125,02/27/2026 03:32:15,0.41,104.621
19126,02/27/2026 03:42:15,0.39,104.515
19127,02/27/2026 03:52:15,0.36,104.409
19128,02/27/2026 04:02:15,0.34,104.324
19129,02/27/2026 04:12:15,0.33,104.241
19130,02/27/2026 04:22:15,0.33,104.193
19131,02/27/2026 04:32:15,0.34,104.167
19132,02/27/2026 04:42:15,0.35,104.149
19133,02/27/2026 04:52:15,0.36,104.128
19134,02/27/2026 05:02:15,0.37,104.115
19135,02/27/2026 05:12:15,0.38,104.124
19136,02/27/2026 05:22:15,0.39,104.120
19137,02/27/2026 05:32:15,0.39,104.133
19138,02/27/2026 05:42:15,0.40,104.112
19139,02/27/2026 05:52:15,0.41,104.134
19140,02/27/2026 06:02:15,0.41,104.138
19141,02/27/2026 06:12:15,0.42,104.160
19142,02/27/2026 06:22:15,0.42,104.148
19143,02/27/2026 06:32:15,0.43,104.148
19144,02/27/2026 06:42:15,0.43,104.143
19145,02/27/2026 06:52:15,0.43,104.174
19146,02/27/2026 07:02:15,0.44,104.166
19147,02/27/2026 07:12:15,0.46,104.188
19148,02/27/2026 07:22:15,0.48,104.211
19149,02/27/2026 07:32:15,0.50,104.255
19150,02/27/2026 07:42:15,0.52,104.265
19151,02/27/2026 07:52:15,0.54,104.336
19152,02/27/2026 08:02:15,0.57,104.376
19153,02/27/2026 08:12:15,0.58,104.429
19154,02/27/2026 08:22:15,0.59,104.500
19155,02/27/2026 08:32:15,0.60,104.522
19156,02/27/2026 08:42:15,0.60,104.566
19157,02/27/2026 08:52:15,0.61,104.615
19158,02/27/2026 09:02:15,0.62,104.677
19159,02/27/2026 09:12:15,0.63,104.743
19160,02/27/2026 09:22:15,0.65,104.805
19161,02/27/2026 09:32:15,0.66,104.893
19162,02/27/2026 09:42:15,0.66,105.007
19163,02/27/2026 09:52:15,0.66,105.126
19164,02/27/2026 10:02:15,0.66,105.213
19165,02/27/2026 10:12:15,0.66,105.275
19166,02/27/2026 10:22:15,0.65,105.340
19167,02/27/2026 10:32:15,0.65,105.432
19168,02/27/2026 10:42:15,0.65,105.489
19169,02/27/2026 10:52:15,0.65,105.537
19170,02/27/2026 11:02:15,0.65,105.577
19171,02/27/2026 11:12:15,0.66,105.635
19172,02/27/2026 11:22:15,0.67,105.688
19173,02/27/2026 11:32:15,0.69,105.710
19174,02/27/2026 11:42:15,0.71,105.711
19175,02/27/2026 11:52:15,0.74,105.690
19176,02/27/2026 12:02:15,0.78,105.661
19177,02/27/2026 12:12:15,0.82,105.610
19178,02/27/2026 12:22:15,0.87,105.550
19179,02/27/2026 12:32:15,0.93,105.491
19180,02/27/2026 12:42:15,0.99,105.449
19181,02/27/2026 12:52:15,1.05,105.390
19182,02/27/2026 13:02:15,1.11,105.348
19183,02/27/2026 13:12:15,1.17,105.266
19184,02/27/2026 13:22:15,1.23,105.220
19185,02/27/2026 13:32:15,1.28,105.183
19186,02/27/2026 13:42:15,1.34,105.136
19187,02/27/2026 13:52:15,1.39,105.112
19188,02/27/2026 14:02:15,1.44,105.070
19189,02/27/2026 14:12:15,1.50,105.037
19190,02/27/2026 14:22:15,1.55,105.025
19191,02/27/2026 14:32:15,1.61,105.036
19192,02/27/2026 14:42:15,1.67,105.078
19193,02/27/2026 14:52:15,1.72,105.115
19194,02/27/2026 15:02:15,1.78,105.161
19195,02/27/2026 15:12:15,1.83,105.158
19196,02/27/2026 15:22:15,1.87,105.190
19197,02/27/2026 15:32:15,1.90,105.244
19198,02/27/2026 15:42:15,1.92,105.267
19199,02/27/2026 15:52:15,1.92,105.275
19200,02/27/2026 16:02:15,1.92,105.262
19201,02/27/2026 16:12:15,1.91,105.257
19202,02/27/2026 16:22:15,1.89,105.253
19203,02/27/2026 16:32:15,1.88,105.256
19204,02/27/2026 16:42:15,1.87,105.234
19205,02/27/2026 16:52:15,1.85,105.234
19206,02/27/2026 17:02:15,1.84,105.237
19207,02/27/2026 17:12:15,1.83,105.228
19208,02/27/2026 17:22:15,1.81,105.232
19209,02/27/2026 17:32:15,1.79,105.223
19210,02/27/2026 17:42:15,1.77,105.235
19211,02/27/2026 17:52:15,1.75,105.247
19212,02/27/2026 18:02:15,1.72,105.264
19213,02/27/2026 18:12:15,1.70,105.268
19214,02/27/2026 18:22:15,1.68,105.276
19215,02/27/2026 18:32:15,1.65,105.279
19216,02/27/2026 18:42:15,1.63,105.274
19217,02/27/2026 18:52:15,1.61,105.286
19218,02/27/2026 19:02:15,1.60,105.290
19219,02/27/2026 19:12:15,1.58,105.285
19220,02/27/2026 19:22:15,1.56,105.293
19221,02/27/2026 19:32:15,1.54,105.297
19222,02/27/2026 19:42:15,1.53,105.301
19223,02/27/2026 19:52:15,1.51,105.287
19224,02/27/2026 20:02:15,1.49,105.291
19225,02/27/2026 20:12:15,1.48,105.304
19226,02/27/2026 20:22:15,1.47,105.277
19227,02/27/2026 20:32:15,1.46,105.268
19228,02/27/2026 20:42:15,1.45,105.263
19229,02/27/2026 20:52:15,1.43,105.271
19230,02/27/2026 21:02:15,1.42,105.275
19231,02/27/2026 21:12:15,1.41,105.275
19232,02/27/2026 21:22:15,1.40,105.261
19233,02/27/2026 21:32:15,1.39,105.261
19234,02/27/2026 21:42:15,1.38,105.248
19235,02/27/2026 21:52:15,1.37,105.269
19236,02/27/2026 22:02:15,1.37,105.243
19237,02/27/2026 22:12:15,1.36,105.234
19238,02/27/2026 22:22:15,1.35,105.246
19239,02/27/2026 22:32:15,1.34,105.268
19240,02/27/2026 22:42:15,1.33,105.246
19241,02/27/2026 22:52:15,1.33,105.241
19242,02/27/2026 23:02:15,1.32,105.250
19243,02/27/2026 23:12:15,1.31,105.236
19244,02/27/2026 23:22:15,1.30,105.232
19245,02/27/2026 23:32:15,1.29,105.249
19246,02/27/2026 23:42:15,1.28,105.244
19247,02/27/2026 23:52:15,1.26,105.230
19248,02/28/2026 00:02:15,1.25,105.208
19249,02/28/2026 00:12:15,1.25,105.208
19250,02/28/2026 00:22:15,1.23,105.212
19251,02/28/2026 00:32:15,1.21,105.220
19252,02/28/2026 00:42:15,1.19,105.188
19253,02/28/2026 00:52:15,1.17,105.192
19254,02/28/2026 01:02:15,1.15,105.191
19255,02/28/2026 01:12:15,1.13,105.199
19256,02/28/2026 01:22:15,1.11,105.181
19257,02/28/2026 01:32:15,1.08,105.176
19258,02/28/2026 01:42:15,1.06,105.179
19259,02/28/2026 01:52:15,1.03,105.174
19260,02/28/2026 02:02:15,1.01,105.142
19261,02/28/2026 02:12:15,0.98,105.128
19262,02/28/2026 02:22:15,0.95,105.105
19263,02/28/2026 02:32:15,0.92,105.117
19264,02/28/2026 02:42:15,0.90,105.121
19265,02/28/2026 02:52:15,0.86,105.115
19266,02/28/2026 03:02:15,0.83,105.101
19267,02/28/2026 03:12:15,0.80,105.117
19268,02/28/2026 03:22:15,0.77,105.116
19269,02/28/2026 03:32:15,0.74,105.120
19270,02/28/2026 03:42:15,0.72,105.132
19271,02/28/2026 03:52:15,0.69,105.118
19272,02/28/2026 04:02:15,0.67,105.108
19273,02/28/2026 04:12:15,0.64,105.125
19274,02/28/2026 04:22:15,0.62,105.133
19275,02/28/2026 04:32:15,0.59,105.149
19276,02/28/2026 04:42:15,0.56,105.148
19277,02/28/2026 04:52:15,0.53,105.160
19278,02/28/2026 05:02:15,0.50,105.159
19279,02/28/2026 05:12:15,0.47,105.145
19280,02/28/2026 05:22:15,0.45,105.131
19281,02/28/2026 05:32:15,0.43,105.126
19282,02/28/2026 05:42:15,0.41,105.103
19283,02/28/2026 05:52:15,0.39,105.072
19284,02/28/2026 06:02:15,0.37,104.979
19285,02/28/2026 06:12:15,0.37,104.905
19286,02/28/2026 06:22:15,0.36,104.883
19287,02/28/2026 06:32:15,0.37,104.883
19288,02/28/2026 06:42:15,0.37,104.852
19289,02/28/2026 06:52:15,0.39,104.835
19290,02/28/2026 07:02:15,0.40,104.822
19291,02/28/2026 07:12:15,0.42,104.836
19292,02/28/2026 07:22:15,0.44,104.872
19293,02/28/2026 07:32:15,0.46,104.899
19294,02/28/2026 07:42:15,0.47,104.891
19295,02/28/2026 07:52:15,0.49,104.966
19296,02/28/2026 08:02:15,0.50,104.979
19297,02/28/2026 08:12:15,0.50,105.177
19298,02/28/2026 08:22:15,0.50,105.287
19299,02/28/2026 08:32:15,0.51,105.348
19300,02/28/2026 08:42:15,0.51,105.388
19301,02/28/2026 08:52:15,0.52,105.366
19302,02/28/2026 09:02:15,0.53,105.353
19303,02/28/2026 09:12:15,0.55,105.301
19304,02/28/2026 09:22:15,0.57,105.237
19305,02/28/2026 09:32:15,0.61,105.229
19306,02/28/2026 09:42:15,0.65,105.226
19307,02/28/2026 09:52:15,0.71,105.215
19308,02/28/2026 10:02:15,0.77,105.204
19309,02/28/2026 10:12:15,0.83,105.184
19310,02/28/2026 10:22:15,0.89,105.164
19311,02/28/2026 10:32:15,0.94,105.153
19312,02/28/2026 10:42:15,0.99,105.115
19313,02/28/2026 10:52:15,1.04,105.108
19314,02/28/2026 11:02:15,1.09,105.044
19315,02/28/2026 11:12:15,1.14,105.020
19316,02/28/2026 11:22:15,1.19,104.951
19317,02/28/2026 11:32:15,1.24,104.935
19318,02/28/2026 11:42:15,1.30,104.920
19319,02/28/2026 11:52:15,1.35,104.931
19320,02/28/2026 12:02:15,1.40,104.906
19321,02/28/2026 12:12:15,1.45,104.890
19322,02/28/2026 12:22:15,1.50,104.874
19323,02/28/2026 12:32:15,1.54,104.849
19324,02/28/2026 12:42:15,1.59,104.776
19325,02/28/2026 12:52:15,1.66,104.770
19326,02/28/2026 13:02:15,1.75,104.822
19327,02/28/2026 13:12:15,1.84,104.829
19328,02/28/2026 13:22:15,1.94,104.828
19329,02/28/2026 13:32:15,2.03,104.810
19330,02/28/2026 13:42:15,2.12,104.826
19331,02/28/2026 13:52:15,2.21,104.838
19332,02/28/2026 14:02:15,2.30,104.841
19333,02/28/2026 14:12:15,2.40,104.844
19334,02/28/2026 14:22:15,2.51,104.839
19335,02/28/2026 14:32:15,2.62,104.848
19336,02/28/2026 14:42:15,2.75,104.848
19337,02/28/2026 14:52:15,2.88,104.857
19338,02/28/2026 15:02:15,2.99,104.861
19339,02/28/2026 15:12:15,3.09,104.873
19340,02/28/2026 15:22:15,3.17,104.849
19341,02/28/2026 15:32:15,3.23,104.834
19342,02/28/2026 15:42:15,3.29,104.841
19343,02/28/2026 15:52:15,3.34,104.842
19344,02/28/2026 16:02:15,3.36,104.865
19345,02/28/2026 16:12:15,3.38,104.874
19346,02/28/2026 16:22:15,3.39,104.875
19347,02/28/2026 16:32:15,3.39,104.910
19348,02/28/2026 16:42:15,3.38,104.888
19349,02/28/2026 16:52:15,3.38,104.932
19350,02/28/2026 17:02:15,3.37,104.940
19351,02/28/2026 17:12:15,3.36,104.940
19352,02/28/2026 17:22:15,3.35,104.952
19353,02/28/2026 17:32:15,3.33,104.961
19354,02/28/2026 17:42:15,3.32,104.995
19355,02/28/2026 17:52:15,3.29,104.994
19356,02/28/2026 18:02:15,3.27,104.994
19357,02/28/2026 18:12:15,3.25,105.015
19358,02/28/2026 18:22:15,3.23,105.001
19359,02/28/2026 18:32:15,3.21,105.009
19360,02/28/2026 18:42:15,3.19,105.035
19361,02/28/2026 18:52:15,3.17,105.038
19362,02/28/2026 19:02:15,3.14,105.038
19363,02/28/2026 19:12:15,3.12,105.032
19364,02/28/2026 19:22:15,3.10,105.027
19365,02/28/2026 19:32:15,3.07,105.000
19366,02/28/2026 19:42:15,3.05,105.008
19367,02/28/2026 19:52:15,3.02,105.024
19368,02/28/2026 20:02:15,3.00,105.063
19369,02/28/2026 20:12:15,2.97,105.053
19370,02/28/2026 20:22:15,2.95,105.053
19371,02/28/2026 20:32:15,2.92,105.065
19372,02/28/2026 20:42:15,2.89,105.068
19373,02/28/2026 20:52:15,2.86,105.041
19374,02/28/2026 21:02:15,2.83,105.053
19375,02/28/2026 21:12:15,2.80,105.039
19376,02/28/2026 21:22:15,2.77,105.033
19377,02/28/2026 21:32:15,2.73,105.014
19378,02/28/2026 21:42:15,2.68,105.021
19379,02/28/2026 21:52:15,2.64,105.037
19380,02/28/2026 22:02:15,2.59,105.040
19381,02/28/2026 22:12:15,2.55,105.043
19382,02/28/2026 22:22:15,2.50,105.041
19383,02/28/2026 22:32:15,2.45,105.035
19384,02/28/2026 22:42:15,2.41,105.025
19385,02/28/2026 22:52:15,2.36,105.014
19386,02/28/2026 23:02:15,2.31,105.021
19387,02/28/2026 23:12:15,2.27,105.038
19388,02/28/2026 23:22:15,2.23,105.027
19389,02/28/2026 23:32:15,2.19,105.013
19390,02/28/2026 23:42:15,2.15,105.003
19391,02/28/2026 23:52:15,2.11,105.001
19392,03/01/2026 00:02:15,2.08,105.004
19393,03/01/2026 00:12:15,2.04,105.016
19394,03/01/2026 00:22:15,2.00,105.032
19395,03/01/2026 00:32:15,1.96,105.027
19396,03/01/2026 00:42:15,1.93,105.034
19397,03/01/2026 00:52:15,1.89,105.029
19398,03/01/2026 01:02:15,1.86,105.045
19399,03/01/2026 01:12:15,1.82,105.030
19400,03/01/2026 01:22:15,1.78,105.025
19401,03/01/2026 01:32:15,1.74,105.041
19402,03/01/2026 01:42:15,1.71,105.035
19403,03/01/2026 01:52:15,1.67,105.043
19404,03/01/2026 02:02:15,1.63,105.032
19405,03/01/2026 02:12:15,1.59,105.036
19406,03/01/2026 02:22:15,1.55,105.034
19407,03/01/2026 02:32:15,1.51,105.059
19408,03/01/2026 02:42:15,1.48,105.067
19409,03/01/2026 02:52:15,1.44,105.078
19410,03/01/2026 03:02:15,1.41,105.073
19411,03/01/2026 03:12:15,1.37,105.080
19412,03/01/2026 03:22:15,1.34,105.097
19413,03/01/2026 03:32:15,1.30,105.113
19414,03/01/2026 03:42:15,1.26,105.125
19415,03/01/2026 03:52:15,1.23,105.080
19416,03/01/2026 04:02:15,1.20,105.092
19417,03/01/2026 04:12:15,1.17,105.131
19418,03/01/2026 04:22:15,1.15,105.156
19419,03/01/2026 04:32:15,1.13,105.151
19420,03/01/2026 04:42:15,1.11,105.128
19421,03/01/2026 04:52:15,1.09,105.163
19422,03/01/2026 05:02:15,1.07,105.180
19423,03/01/2026 05:12:15,1.05,105.188
19424,03/01/2026 05:22:15,1.04,105.200
19425,03/01/2026 05:32:15,1.03,105.200
19426,03/01/2026 05:42:15,1.02,105.195
19427,03/01/2026 05:52:15,1.01,105.204
19428,03/01/2026 06:02:15,1.00,105.216
19429,03/01/2026 06:12:15,0.99,105.225
19430,03/01/2026 06:22:15,0.98,105.234
19431,03/01/2026 06:32:15,0.98,105.233
19432,03/01/2026 06:42:15,0.97,105.255
19433,03/01/2026 06:52:15,0.96,105.272
19434,03/01/2026 07:02:15,0.96,105.298
19435,03/01/2026 07:12:15,0.96,105.325
19436,03/01/2026 07:22:15,0.95,105.351
19437,03/01/2026 07:32:15,0.95,105.364
19438,03/01/2026 07:42:15,0.95,105.390
19439,03/01/2026 07:52:15,0.95,105.399
19440,03/01/2026 08:02:15,0.95,105.448
19441,03/01/2026 08:12:15,0.96,105.478
19442,03/01/2026 08:22:15,0.96,105.483
19443,03/01/2026 08:32:15,0.96,105.518
19444,03/01/2026 08:42:15,0.97,105.523
19445,03/01/2026 08:52:15,0.98,105.541
19446,03/01/2026 09:02:15,0.99,105.528
19447,03/01/2026 09:12:15,1.00,105.532
19448,03/01/2026 09:22:15,1.01,105.542
19449,03/01/2026 09:32:15,1.03,105.573
19450,03/01/2026 09:42:15,1.03,105.569
19451,03/01/2026 09:52:15,1.05,105.600
19452,03/01/2026 10:02:15,1.06,105.614
19453,03/01/2026 10:12:15,1.08,105.623
19454,03/01/2026 10:22:15,1.10,105.646
19455,03/01/2026 10:32:15,1.12,105.651
19456,03/01/2026 10:42:15,1.15,105.656
19457,03/01/2026 10:52:15,1.18,105.644
19458,03/01/2026 11:02:15,1.21,105.659
19459,03/01/2026 11:12:15,1.26,105.656
19460,03/01/2026 11:22:15,1.32,105.645
19461,03/01/2026 11:32:15,1.40,105.661
19462,03/01/2026 11:42:15,1.48,105.673
19463,03/01/2026 11:52:15,1.56,105.667
19464,03/01/2026 12:02:15,1.64,105.652
19465,03/01/2026 12:12:15,1.71,105.646
19466,03/01/2026 12:22:15,1.79,105.631
19467,03/01/2026 12:32:15,1.87,105.629
19468,03/01/2026 12:42:15,1.95,105.615
19469,03/01/2026 12:52:15,2.04,105.622
19470,03/01/2026 13:02:15,2.12,105.612
19471,03/01/2026 13:12:15,2.20,105.623
19472,03/01/2026 13:22:15,2.27,105.608
19473,03/01/2026 13:32:15,2.34,105.607
19474,03/01/2026 13:42:15,2.41,105.605
19475,03/01/2026 13:52:15,2.47,105.611
19476,03/01/2026 14:02:15,2.53,105.626
19477,03/01/2026 14:12:15,2.58,105.641
19478,03/01/2026 14:22:15,2.62,105.660
19479,03/01/2026 14:32:15,2.67,105.684
19480,03/01/2026 14:42:15,2.72,105.703
19481,03/01/2026 14:52:15,2.76,105.714
19482,03/01/2026 15:02:15,2.81,105.737
19483,03/01/2026 15:12:15,2.84,105.747
19484,03/01/2026 15:22:15,2.86,105.748
19485,03/01/2026 15:32:15,2.87,105.797
19486,03/01/2026 15:42:15,2.87,105.823
19487,03/01/2026 15:52:15,2.87,105.818
19488,03/01/2026 16:02:15,2.86,105.853
19489,03/01/2026 16:12:15,2.84,105.848
19490,03/01/2026 16:22:15,2.82,105.874
19491,03/01/2026 16:32:15,2.80,105.900
19492,03/01/2026 16:42:15,2.78,105.912
19493,03/01/2026 16:52:15,2.75,105.946
19494,03/01/2026 17:02:15,2.73,105.954
19495,03/01/2026 17:12:15,2.71,105.989
19496,03/01/2026 17:22:15,2.69,106.005
19497,03/01/2026 17:32:15,2.66,106.026
19498,03/01/2026 17:42:15,2.63,106.069
19499,03/01/2026 17:52:15,2.60,106.068
19500,03/01/2026 18:02:15,2.58,106.094
19501,03/01/2026 18:12:15,2.56,106.106
19502,03/01/2026 18:22:15,2.53,106.123
19503,03/01/2026 18:32:15,2.51,106.139
19504,03/01/2026 18:42:15,2.48,106.147
19505,03/01/2026 18:52:15,2.46,106.164
19506,03/01/2026 19:02:15,2.43,106.172
19507,03/01/2026 19:12:15,2.41,106.206
19508,03/01/2026 19:22:15,2.38,106.223
19509,03/01/2026 19:32:15,2.35,106.239
19510,03/01/2026 19:42:15,2.32,106.251
19511,03/01/2026 19:52:15,2.29,106.254
19512,03/01/2026 20:02:15,2.25,106.266
19513,03/01/2026 20:12:15,2.22,106.296
19514,03/01/2026 20:22:15,2.19,106.308
19515,03/01/2026 20:32:15,2.15,106.320
19516,03/01/2026 20:42:15,2.11,106.353
19517,03/01/2026 20:52:15,2.07,106.370
19518,03/01/2026 21:02:15,2.03,106.399
19519,03/01/2026 21:12:15,1.99,106.406
19520,03/01/2026 21:22:15,1.95,106.422
19521,03/01/2026 21:32:15,1.91,106.447
19522,03/01/2026 21:42:15,1.87,106.468
19523,03/01/2026 21:52:15,1.83,106.479
19524,03/01/2026 22:02:15,1.79,106.482
19525,03/01/2026 22:12:15,1.75,106.498
19526,03/01/2026 22:22:15,1.70,106.519
19527,03/01/2026 22:32:15,1.66,106.522
19528,03/01/2026 22:42:15,1.62,106.533
19529,03/01/2026 22:52:15,1.57,106.558
19530,03/01/2026 23:02:15,1.53,106.565
19531,03/01/2026 23:12:15,1.48,106.599
19532,03/01/2026 23:22:15,1.44,106.597
19533,03/01/2026 23:32:15,1.40,106.609
19534,03/01/2026 23:42:15,1.36,106.616
19535,03/01/2026 23:52:15,1.31,106.649
19536,03/02/2026 00:02:15,1.26,106.674
19537,03/02/2026 00:12:15,1.21,106.685
19538,03/02/2026 00:22:15,1.17,106.701
19539,03/02/2026 00:32:15,1.12,106.717
19540,03/02/2026 00:42:15,1.07,106.746
19541,03/02/2026 00:52:15,1.03,106.740
19542,03/02/2026 01:02:15,0.98,106.760
19543,03/02/2026 01:12:15,0.93,106.767
19544,03/02/2026 01:22:15,0.89,106.779
19545,03/02/2026 01:32:15,0.84,106.803
19546,03/02/2026 01:42:15,0.79,106.802
19547,03/02/2026 01:52:15,0.74,106.813
19548,03/02/2026 02:02:15,0.69,106.820
19549,03/02/2026 02:12:15,0.65,106.810
19550,03/02/2026 02:22:15,0.60,106.790
19551,03/02/2026 02:32:15,0.55,106.767
19552,03/02/2026 02:42:15,0.51,106.673
19553,03/02/2026 02:52:15,0.47,106.562
19554,03/02/2026 03:02:15,0.43,106.455
19555,03/02/2026 03:12:15,0.40,106.353
19556,03/02/2026 03:22:15,0.37,106.269
19557,03/02/2026 03:32:15,0.36,106.199
19558,03/02/2026 03:42:15,0.36,106.142
19559,03/02/2026 03:52:15,0.37,106.102
19560,03/02/2026 04:02:15,0.38,106.054
19561,03/02/2026 04:12:15,0.39,106.042
19562,03/02/2026 04:22:15,0.41,106.016
19563,03/02/2026 04:32:15,0.43,106.034
19564,03/02/2026 04:42:15,0.44,106.030
19565,03/02/2026 04:52:15,0.46,106.040
19566,03/02/2026 05:02:15,0.47,106.058
19567,03/02/2026 05:12:15,0.48,106.067
19568,03/02/2026 05:22:15,0.49,106.115
19569,03/02/2026 05:32:15,0.50,106.124
19570,03/02/2026 05:42:15,0.50,106.159
19571,03/02/2026 05:52:15,0.49,106.190
19572,03/02/2026 06:02:15,0.48,106.216
19573,03/02/2026 06:12:15,0.46,106.246
19574,03/02/2026 06:22:15,0.45,106.259
19575,03/02/2026 06:32:15,0.44,106.263
19576,03/02/2026 06:42:15,0.43,106.284
19577,03/02/2026 06:52:15,0.42,106.297
19578,03/02/2026 07:02:15,0.42,106.315
19579,03/02/2026 07:12:15,0.43,106.354
19580,03/02/2026 07:22:15,0.43,106.372
19581,03/02/2026 07:32:15,0.44,106.394
19582,03/02/2026 07:42:15,0.44,106.430
19583,03/02/2026 07:52:15,0.45,106.434
19584,03/02/2026 08:02:15,0.47,106.439
19585,03/02/2026 08:12:15,0.48,106.440
19586,03/02/2026 08:22:15,0.50,106.440
19587,03/02/2026 08:32:15,0.52,106.441
19588,03/02/2026 08:42:15,0.54,106.450
19589,03/02/2026 08:52:15,0.56,106.487
19590,03/02/2026 09:02:15,0.59,106.510
19591,03/02/2026 09:12:15,0.62,106.559
19592,03/02/2026 09:22:15,0.65,106.586
19593,03/02/2026 09:32:15,0.67,106.639
19594,03/02/2026 09:42:15,0.69,106.710
19595,03/02/2026 09:52:15,0.71,106.794
19596,03/02/2026 10:02:15,0.72,106.878
19597,03/02/2026 10:12:15,0.72,106.979
19598,03/02/2026 10:22:15,0.71,107.075
19599,03/02/2026 10:32:15,0.69,107.167
19600,03/02/2026 10:42:15,0.68,107.241
19601,03/02/2026 10:52:15,0.68,107.324
19602,03/02/2026 11:02:15,0.68,107.394
19603,03/02/2026 11:12:15,0.68,107.495
19604,03/02/2026 11:22:15,0.68,107.548
19605,03/02/2026 11:32:15,0.68,107.591
19606,03/02/2026 11:42:15,0.68,107.653
19607,03/02/2026 11:52:15,0.68,107.693
19608,03/02/2026 12:02:15,0.69,107.706
19609,03/02/2026 12:12:15,0.71,107.707
19610,03/02/2026 12:22:15,0.72,107.738
19611,03/02/2026 12:32:15,0.74,107.690
19612,03/02/2026 12:42:15,0.76,107.651
19613,03/02/2026 12:52:15,0.78,107.613
19614,03/02/2026 13:02:15,0.80,107.565
19615,03/02/2026 13:12:15,0.82,107.518
19616,03/02/2026 13:22:15,0.84,107.484
19617,03/02/2026 13:32:15,0.86,107.414
19618,03/02/2026 13:42:15,0.89,107.375
19619,03/02/2026 13:52:15,0.91,107.332
19620,03/02/2026 14:02:15,0.93,107.311
19621,03/02/2026 14:12:15,0.95,107.255
19622,03/02/2026 14:22:15,0.97,107.221
19623,03/02/2026 14:32:15,0.98,107.177
19624,03/02/2026 14:42:15,0.99,107.169
19625,03/02/2026 14:52:15,1.01,107.143
19626,03/02/2026 15:02:15,1.01,107.130
19627,03/02/2026 15:12:15,1.02,107.122
19628,03/02/2026 15:22:15,1.04,107.113
19629,03/02/2026 15:32:15,1.05,107.109
19630,03/02/2026 15:42:15,1.06,107.118
19631,03/02/2026 15:52:15,1.07,107.119
19632,03/02/2026 16:02:15,1.08,107.102
19633,03/02/2026 16:12:15,1.09,107.115
19634,03/02/2026 16:22:15,1.10,107.115
19635,03/02/2026 16:32:15,1.10,107.111
19636,03/02/2026 16:42:15,1.10,107.107
19637,03/02/2026 16:52:15,1.11,107.103
19638,03/02/2026 17:02:15,1.11,107.094
19639,03/02/2026 17:12:15,1.11,107.112
19640,03/02/2026 17:22:15,1.10,107.120
19641,03/02/2026 17:32:15,1.10,107.115
19642,03/02/2026 17:42:15,1.08,107.115
19643,03/02/2026 17:52:15,1.07,107.119
19644,03/02/2026 18:02:15,1.05,107.105
19645,03/02/2026 18:12:15,1.04,107.096
19646,03/02/2026 18:22:15,1.02,107.100
19647,03/02/2026 18:32:15,1.00,107.103
19648,03/02/2026 18:42:15,0.98,107.107
19649,03/02/2026 18:52:15,0.95,107.123
19650,03/02/2026 19:02:15,0.93,107.109
19651,03/02/2026 19:12:15,0.90,107.113
19652,03/02/2026 19:22:15,0.88,107.121
19653,03/02/2026 19:32:15,0.85,107.115
19654,03/02/2026 19:42:15,0.82,107.128
19655,03/02/2026 19:52:15,0.80,107.131
19656,03/02/2026 20:02:15,0.77,107.126
19657,03/02/2026 20:12:15,0.74,107.151
19658,03/02/2026 20:22:15,0.72,107.141
19659,03/02/2026 20:32:15,0.69,107.158
19660,03/02/2026 20:42:15,0.67,107.166
19661,03/02/2026 20:52:15,0.65,107.183
19662,03/02/2026 21:02:15,0.62,107.195
19663,03/02/2026 21:12:15,0.61,107.203
19664,03/02/2026 21:22:15,0.59,107.189
19665,03/02/2026 21:32:15,0.57,107.167
19666,03/02/2026 21:42:15,0.55,107.170
19667,03/02/2026 21:52:15,0.54,107.174
19668,03/02/2026 22:02:15,0.52,107.151
19669,03/02/2026 22:12:15,0.50,107.160
19670,03/02/2026 22:22:15,0.48,107.159
19671,03/02/2026 22:32:15,0.46,107.163
19672,03/02/2026 22:42:15,0.44,107.162
19673,03/02/2026 22:52:15,0.43,107.139
19674,03/02/2026 23:02:15,0.41,107.130
19675,03/02/2026 23:12:15,0.39,107.107
19676,03/02/2026 23:22:15,0.37,107.107
19677,03/02/2026 23:32:15,0.35,107.084
19678,03/02/2026 23:42:15,0.32,107.030
19679,03/02/2026 23:52:15,0.30,106.937
19680,03/03/2026 00:02:15,0.27,106.844
19681,03/03/2026 00:12:15,0.25,106.743
19682,03/03/2026 00:22:15,0.23,106.659
19683,03/03/2026 00:32:15,0.23,106.580
19684,03/03/2026 00:42:15,0.23,106.479
19685,03/03/2026 00:52:15,0.23,106.400
19686,03/03/2026 01:02:15,0.24,106.334
19687,03/03/2026 01:12:15,0.25,106.256
19688,03/03/2026 01:22:15,0.27,106.191
19689,03/03/2026 01:32:15,0.29,106.170
19690,03/03/2026 01:42:15,0.31,106.126
19691,03/03/2026 01:52:15,0.33,106.096
19692,03/03/2026 02:02:15,0.35,106.080
19693,03/03/2026 02:12:15,0.37,106.059
19694,03/03/2026 02:22:15,0.40,106.046
19695,03/03/2026 02:32:15,0.42,106.034
19696,03/03/2026 02:42:15,0.43,106.017
19697,03/03/2026 02:52:15,0.44,106.021
19698,03/03/2026 03:02:15,0.44,106.013
19699,03/03/2026 03:12:15,0.45,106.013
19700,03/03/2026 03:22:15,0.45,106.026
19701,03/03/2026 03:32:15,0.45,106.031
19702,03/03/2026 03:42:15,0.45,106.044
19703,03/03/2026 03:52:15,0.46,106.044
19704,03/03/2026 04:02:15,0.47,106.053
19705,03/03/2026 04:12:15,0.49,106.049
19706,03/03/2026 04:22:15,0.50,106.063
19707,03/03/2026 04:32:15,0.51,106.028
19708,03/03/2026 04:42:15,0.51,106.037
19709,03/03/2026 04:52:15,0.51,106.011
19710,03/03/2026 05:02:15,0.52,106.007
19711,03/03/2026 05:12:15,0.52,105.998
19712,03/03/2026 05:22:15,0.52,105.972
19713,03/03/2026 05:32:15,0.53,105.981
19714,03/03/2026 05:42:15,0.53,105.950
19715,03/03/2026 05:52:15,0.54,105.946
19716,03/03/2026 06:02:15,0.55,105.911
19717,03/03/2026 06:12:15,0.55,105.902
19718,03/03/2026 06:22:15,0.55,105.929
19719,03/03/2026 06:32:15,0.55,105.951
19720,03/03/2026 06:42:15,0.55,105.955
19721,03/03/2026 06:52:15,0.56,105.960
19722,03/03/2026 07:02:15,0.56,105.986
19723,03/03/2026 07:12:15,0.57,105.995
19724,03/03/2026 07:22:15,0.58,106.031
19725,03/03/2026 07:32:15,0.59,106.062
19726,03/03/2026 07:42:15,0.59,106.097
19727,03/03/2026 07:52:15,0.59,106.154
19728,03/03/2026 08:02:15,0.58,106.193
19729,03/03/2026 08:12:15,0.58,106.281
19730,03/03/2026 08:22:15,0.57,106.325
19731,03/03/2026 08:32:15,0.57,106.373
19732,03/03/2026 08:42:15,0.56,106.390
19733,03/03/2026 08:52:15,0.55,106.451
19734,03/03/2026 09:02:15,0.54,106.521
19735,03/03/2026 09:12:15,0.54,106.569
19736,03/03/2026 09:22:15,0.53,106.612
19737,03/03/2026 09:32:15,0.52,106.656
19738,03/03/2026 09:42:15,0.51,106.660
19739,03/03/2026 09:52:15,0.50,106.690
19740,03/03/2026 10:02:15,0.49,106.738
19741,03/03/2026 10:12:15,0.49,106.773
19742,03/03/2026 10:22:15,0.48,106.839
19743,03/03/2026 10:32:15,0.48,106.812
19744,03/03/2026 10:42:15,0.48,106.830
19745,03/03/2026 10:52:15,0.47,106.904
19746,03/03/2026 11:02:15,0.46,106.900
19747,03/03/2026 11:12:15,0.45,106.917
19748,03/03/2026 11:22:15,0.44,106.921
19749,03/03/2026 11:32:15,0.44,106.951
19750,03/03/2026 11:42:15,0.43,106.991
19751,03/03/2026 11:52:15,0.43,106.982
19752,03/03/2026 12:02:15,0.42,106.990
19753,03/03/2026 12:12:15,0.42,106.977
19754,03/03/2026 12:22:15,0.42,106.999
19755,03/03/2026 12:32:15,0.41,106.985
19756,03/03/2026 12:42:15,0.41,106.994
19757,03/03/2026 12:52:15,0.41,106.963
19758,03/03/2026 13:02:15,0.40,106.946
19759,03/03/2026 13:12:15,0.39,106.928
19760,03/03/2026 13:22:15,0.38,106.905
19761,03/03/2026 13:32:15,0.37,106.879
19762,03/03/2026 13:42:15,0.36,106.865
19763,03/03/2026 13:52:15,0.36,106.861
19764,03/03/2026 14:02:15,0.35,106.817
19765,03/03/2026 14:12:15,0.35,106.790
19766,03/03/2026 14:22:15,0.33,106.750
19767,03/03/2026 14:32:15,0.32,106.745
19768,03/03/2026 14:42:15,0.31,106.714
19769,03/03/2026 14:52:15,0.29,106.670
19770,03/03/2026 15:02:15,0.29,106.621
19771,03/03/2026 15:12:15,0.28,106.573
19772,03/03/2026 15:22:15,0.26,106.502
19773,03/03/2026 15:32:15,0.23,106.497
19774,03/03/2026 15:42:15,0.21,106.496
19775,03/03/2026 15:52:15,0.18,106.468
19776,03/03/2026 16:02:15,0.16,106.494
19777,03/03/2026 16:12:15,0.16,106.507
19778,03/03/2026 16:22:15,0.15,106.511
19779,03/03/2026 16:32:15,0.16,106.529
19780,03/03/2026 16:42:15,0.16,106.533
19781,03/03/2026 16:52:15,0.16,106.547
19782,03/03/2026 17:02:15,0.16,106.551
19783,03/03/2026 17:12:15,0.16,106.520
19784,03/03/2026 17:22:15,0.16,106.503
19785,03/03/2026 17:32:15,0.16,106.468
19786,03/03/2026 17:42:15,0.17,106.437
19787,03/03/2026 17:52:15,0.18,106.398
19788,03/03/2026 18:02:15,0.18,106.354
19789,03/03/2026 18:12:15,0.19,106.311
19790,03/03/2026 18:22:15,0.19,106.284
19791,03/03/2026 18:32:15,0.19,106.267
19792,03/03/2026 18:42:15,0.20,106.232
19793,03/03/2026 18:52:15,0.21,106.189
19794,03/03/2026 19:02:15,0.23,106.172
19795,03/03/2026 19:12:15,0.25,106.133
19796,03/03/2026 19:22:15,0.27,106.116
19797,03/03/2026 19:32:15,0.29,106.078
19798,03/03/2026 19:42:15,0.31,106.074
19799,03/03/2026 19:52:15,0.32,106.013
19800,03/03/2026 20:02:15,0.34,106.018
19801,03/03/2026 20:12:15,0.35,105.979
19802,03/03/2026 20:22:15,0.37,105.944
19803,03/03/2026 20:32:15,0.38,105.954
19804,03/03/2026 20:42:15,0.39,105.945
19805,03/03/2026 20:52:15,0.41,105.928
19806,03/03/2026 21:02:15,0.42,105.902
19807,03/03/2026 21:12:15,0.43,105.907
19808,03/03/2026 21:22:15,0.44,105.903
19809,03/03/2026 21:32:15,0.45,105.864
19810,03/03/2026 21:42:15,0.47,105.869
19811,03/03/2026 21:52:15,0.49,105.861
19812,03/03/2026 22:02:15,0.52,105.866
19813,03/03/2026 22:12:15,0.54,105.854
19814,03/03/2026 22:22:15,0.56,105.837
19815,03/03/2026 22:32:15,0.58,105.816
19816,03/03/2026 22:42:15,0.59,105.799
19817,03/03/2026 22:52:15,0.59,105.772
19818,03/03/2026 23:02:15,0.60,105.738
19819,03/03/2026 23:12:15,0.59,105.711
19820,03/03/2026 23:22:15,0.59,105.694
19821,03/03/2026 23:32:15,0.59,105.698
19822,03/03/2026 23:42:15,0.58,105.698
19823,03/03/2026 23:52:15,0.58,105.680
19824,03/04/2026 00:02:15,0.57,105.671
19825,03/04/2026 00:12:15,0.57,105.662
19826,03/04/2026 00:22:15,0.57,105.666
19827,03/04/2026 00:32:15,0.57,105.693
19828,03/04/2026 00:42:15,0.58,105.706
19829,03/04/2026 00:52:15,0.59,105.733
19830,03/04/2026 01:02:15,0.60,105.711
19831,03/04/2026 01:12:15,0.61,105.747
19832,03/04/2026 01:22:15,0.62,105.756
19833,03/04/2026 01:32:15,0.63,105.761
19834,03/04/2026 01:42:15,0.65,105.766
19835,03/04/2026 01:52:15,0.66,105.784
19836,03/04/2026 02:02:15,0.68,105.762
19837,03/04/2026 02:12:15,0.69,105.728
19838,03/04/2026 02:22:15,0.71,105.768
19839,03/04/2026 02:32:15,0.72,105.768
19840,03/04/2026 02:42:15,0.73,105.760
19841,03/04/2026 02:52:15,0.74,105.760
19842,03/04/2026 03:02:15,0.75,105.756
19843,03/04/2026 03:12:15,0.75,105.748
19844,03/04/2026 03:22:15,0.76,105.756
19845,03/04/2026 03:32:15,0.76,105.778
19846,03/04/2026 03:42:15,0.75,105.778
19847,03/04/2026 03:52:15,0.75,105.778
19848,03/04/2026 04:02:15,0.74,105.778
19849,03/04/2026 04:12:15,0.74,105.778
19850,03/04/2026 04:22:15,0.74,105.778
19851,03/04/2026 04:32:15,0.73,105.777
19852,03/04/2026 04:42:15,0.72,105.790
19853,03/04/2026 04:52:15,0.72,105.759
19854,03/04/2026 05:02:15,0.71,105.790
19855,03/04/2026 05:12:15,0.70,105.803
19856,03/04/2026 05:22:15,0.70,105.785
19857,03/04/2026 05:32:15,0.69,105.780
19858,03/04/2026 05:42:15,0.69,105.798
19859,03/04/2026 05:52:15,0.68,105.837
19860,03/04/2026 06:02:15,0.68,105.877
19861,03/04/2026 06:12:15,0.69,105.877
19862,03/04/2026 06:22:15,0.70,105.890
19863,03/04/2026 06:32:15,0.71,105.899
19864,03/04/2026 06:42:15,0.72,105.944
19865,03/04/2026 06:52:15,0.72,105.961
19866,03/04/2026 07:02:15,0.73,105.975
19867,03/04/2026 07:12:15,0.73,105.988
19868,03/04/2026 07:22:15,0.73,106.023
19869,03/04/2026 07:32:15,0.73,106.032
19870,03/04/2026 07:42:15,0.73,106.041
19871,03/04/2026 07:52:15,0.73,106.062
19872,03/04/2026 08:02:15,0.73,106.084
19873,03/04/2026 08:12:15,0.73,106.115
19874,03/04/2026 08:22:15,0.73,106.137
19875,03/04/2026 08:32:15,0.74,106.142
19876,03/04/2026 08:42:15,0.74,106.168
19877,03/04/2026 08:52:15,0.75,106.169
19878,03/04/2026 09:02:15,0.77,106.200
19879,03/04/2026 09:12:15,0.78,106.253
19880,03/04/2026 09:22:15,0.80,106.284
19881,03/04/2026 09:32:15,0.82,106.320
19882,03/04/2026 09:42:15,0.83,106.343
19883,03/04/2026 09:52:15,0.84,106.343
19884,03/04/2026 10:02:15,0.86,106.357
19885,03/04/2026 10:12:15,0.87,106.366
19886,03/04/2026 10:22:15,0.88,106.366
19887,03/04/2026 10:32:15,0.90,106.371
19888,03/04/2026 10:42:15,0.91,106.389
19889,03/04/2026 10:52:15,0.93,106.395
19890,03/04/2026 11:02:15,0.96,106.404
19891,03/04/2026 11:12:15,0.98,106.410
19892,03/04/2026 11:22:15,1.01,106.423
19893,03/04/2026 11:32:15,1.03,106.407
19894,03/04/2026 11:42:15,1.07,106.399
19895,03/04/2026 11:52:15,1.11,106.401
19896,03/04/2026 12:02:15,1.15,106.398
19897,03/04/2026 12:12:15,1.19,106.404
19898,03/04/2026 12:22:15,1.24,106.405
19899,03/04/2026 12:32:15,1.31,106.408
19900,03/04/2026 12:42:15,1.39,106.402
19901,03/04/2026 12:52:15,1.48,106.423
19902,03/04/2026 13:02:15,1.54,106.451
19903,03/04/2026 13:12:15,1.58,106.457
19904,03/04/2026 13:22:15,1.62,106.467
19905,03/04/2026 13:32:15,1.65,106.460
19906,03/04/2026 13:42:15,1.67,106.461
19907,03/04/2026 13:52:15,1.69,106.488
19908,03/04/2026 14:02:15,1.71,106.510
19909,03/04/2026 14:12:15,1.72,106.502
19910,03/04/2026 14:22:15,1.73,106.511
19911,03/04/2026 14:32:15,1.74,106.511
19912,03/04/2026 14:42:15,1.74,106.516
19913,03/04/2026 14:52:15,1.74,106.520
19914,03/04/2026 15:02:15,1.75,106.520
19915,03/04/2026 15:12:15,1.75,106.525
19916,03/04/2026 15:22:15,1.76,106.525
19917,03/04/2026 15:32:15,1.78,106.517
19918,03/04/2026 15:42:15,1.80,106.509
19919,03/04/2026 15:52:15,1.83,106.514
19920,03/04/2026 16:02:15,1.86,106.498
19921,03/04/2026 16:12:15,1.88,106.486
19922,03/04/2026 16:22:15,1.90,106.473
19923,03/04/2026 16:32:15,1.92,106.465
19924,03/04/2026 16:42:15,1.94,106.461
19925,03/04/2026 16:52:15,1.96,106.471
19926,03/04/2026 17:02:15,1.96,106.458
19927,03/04/2026 17:12:15,1.96,106.440
19928,03/04/2026 17:22:15,1.96,106.445
19929,03/04/2026 17:32:15,1.95,106.435
19930,03/04/2026 17:42:15,1.94,106.431
19931,03/04/2026 17:52:15,1.93,106.426
19932,03/04/2026 18:02:15,1.91,106.434
19933,03/04/2026 18:12:15,1.90,106.438
19934,03/04/2026 18:22:15,1.88,106.433
19935,03/04/2026 18:32:15,1.87,106.437
19936,03/04/2026 18:42:15,1.86,106.414
19937,03/04/2026 18:52:15,1.85,106.423
19938,03/04/2026 19:02:15,1.83,106.427
19939,03/04/2026 19:12:15,1.83,106.440
19940,03/04/2026 19:22:15,1.82,106.418
19941,03/04/2026 19:32:15,1.82,106.387
19942,03/04/2026 19:42:15,1.82,106.378
19943,03/04/2026 19:52:15,1.83,106.361
19944,03/04/2026 20:02:15,1.83,106.370
19945,03/04/2026 20:12:15,1.83,106.383
19946,03/04/2026 20:22:15,1.82,106.383
19947,03/04/2026 20:32:15,1.82,106.387
19948,03/04/2026 20:42:15,1.82,106.413
19949,03/04/2026 20:52:15,1.81,106.417
19950,03/04/2026 21:02:15,1.80,106.395
19951,03/04/2026 21:12:15,1.79,106.412
19952,03/04/2026 21:22:15,1.78,106.421
19953,03/04/2026 21:32:15,1.78,106.420
19954,03/04/2026 21:42:15,1.76,106.411
19955,03/04/2026 21:52:15,1.75,106.415
19956,03/04/2026 22:02:15,1.74,106.428
19957,03/04/2026 22:12:15,1.72,106.436
19958,03/04/2026 22:22:15,1.70,106.405
19959,03/04/2026 22:32:15,1.68,106.391
19960,03/04/2026 22:42:15,1.65,106.368
19961,03/04/2026 22:52:15,1.62,106.344
19962,03/04/2026 23:02:15,1.57,106.360
19963,03/04/2026 23:12:15,1.53,106.328
19964,03/04/2026 23:22:15,1.49,106.314
19965,03/04/2026 23:32:15,1.45,106.303
19966,03/04/2026 23:42:15,1.41,106.306
19967,03/04/2026 23:52:15,1.37,106.300
19968,03/05/2026 00:02:15,1.33,106.290
19969,03/05/2026 00:12:15,1.29,106.289
19970,03/05/2026 00:22:15,1.25,106.279
19971,03/05/2026 00:32:15,1.21,106.282
19972,03/05/2026 00:42:15,1.18,106.285
19973,03/05/2026 00:52:15,1.14,106.292
19974,03/05/2026 01:02:15,1.10,106.295
19975,03/05/2026 01:12:15,1.07,106.268
19976,03/05/2026 01:22:15,1.04,106.258
19977,03/05/2026 01:32:15,1.02,106.275
19978,03/05/2026 01:42:15,0.99,106.256
19979,03/05/2026 01:52:15,0.97,106.242
19980,03/05/2026 02:02:15,0.95,106.259
19981,03/05/2026 02:12:15,0.93,106.281
19982,03/05/2026 02:22:15,0.92,106.276
19983,03/05/2026 02:32:15,0.90,106.293
19984,03/05/2026 02:42:15,0.89,106.274
19985,03/05/2026 02:52:15,0.87,106.278
19986,03/05/2026 03:02:15,0.85,106.295
19987,03/05/2026 03:12:15,0.84,106.286
19988,03/05/2026 03:22:15,0.82,106.272
19989,03/05/2026 03:32:15,0.81,106.267
19990,03/05/2026 03:42:15,0.79,106.267
19991,03/05/2026 03:52:15,0.78,106.279
19992,03/05/2026 04:02:15,0.77,106.296
19993,03/05/2026 04:12:15,0.75,106.296
19994,03/05/2026 04:22:15,0.73,106.300
19995,03/05/2026 04:32:15,0.72,106.299
19996,03/05/2026 04:42:15,0.71,106.294
19997,03/05/2026 04:52:15,0.69,106.294
19998,03/05/2026 05:02:15,0.69,106.298
19999,03/05/2026 05:12:15,0.68,106.289
20000,03/05/2026 05:22:15,0.67,106.284
20001,03/05/2026 05:32:15,0.66,106.301
20002,03/05/2026 05:42:15,0.66,106.275
20003,03/05/2026 05:52:15,0.65,106.297
20004,03/05/2026 06:02:15,0.65,106.270
20005,03/05/2026 06:12:15,0.64,106.270
20006,03/05/2026 06:22:15,0.63,106.279
20007,03/05/2026 06:32:15,0.63,106.283
20008,03/05/2026 06:42:15,0.62,106.283
20009,03/05/2026 06:52:15,0.62,106.291
20010,03/05/2026 07:02:15,0.62,106.304
20011,03/05/2026 07:12:15,0.62,106.278
20012,03/05/2026 07:22:15,0.62,106.300
20013,03/05/2026 07:32:15,0.63,106.309
20014,03/05/2026 07:42:15,0.63,106.349
20015,03/05/2026 07:52:15,0.65,106.393
20016,03/05/2026 08:02:15,0.66,106.371
20017,03/05/2026 08:12:15,0.67,106.372
20018,03/05/2026 08:22:15,0.68,106.372
20019,03/05/2026 08:32:15,0.69,106.377
20020,03/05/2026 08:42:15,0.71,106.364
20021,03/05/2026 08:52:15,0.72,106.360
20022,03/05/2026 09:02:15,0.74,106.374
20023,03/05/2026 09:12:15,0.75,106.406
20024,03/05/2026 09:22:15,0.77,106.433
20025,03/05/2026 09:32:15,0.79,106.394
20026,03/05/2026 09:42:15,0.81,106.421
20027,03/05/2026 09:52:15,0.83,106.417
20028,03/05/2026 10:02:15,0.85,106.409
20029,03/05/2026 10:12:15,0.87,106.432
20030,03/05/2026 10:22:15,0.89,106.441
20031,03/05/2026 10:32:15,0.92,106.429
20032,03/05/2026 10:42:15,0.95,106.430
20033,03/05/2026 10:52:15,0.97,106.431
20034,03/05/2026 11:02:15,1.00,106.445
20035,03/05/2026 11:12:15,1.03,106.442
20036,03/05/2026 11:22:15,1.06,106.456
20037,03/05/2026 11:32:15,1.09,106.479
20038,03/05/2026 11:42:15,1.12,106.458
20039,03/05/2026 11:52:15,1.16,106.464
20040,03/05/2026 12:02:15,1.20,106.470
20041,03/05/2026 12:12:15,1.25,106.463
20042,03/05/2026 12:22:15,1.30,106.439
20043,03/05/2026 12:32:15,1.36,106.410
20044,03/05/2026 12:42:15,1.42,106.421
20045,03/05/2026 12:52:15,1.48,106.414
20046,03/05/2026 13:02:15,1.54,106.390
20047,03/05/2026 13:12:15,1.61,106.357
20048,03/05/2026 13:22:15,1.68,106.386
20049,03/05/2026 13:32:15,1.74,106.371
20050,03/05/2026 13:42:15,1.80,106.351
20051,03/05/2026 13:52:15,1.86,106.349
20052,03/05/2026 14:02:15,1.91,106.364
20053,03/05/2026 14:12:15,1.95,106.396
20054,03/05/2026 14:22:15,1.98,106.388
20055,03/05/2026 14:32:15,2.02,106.403
20056,03/05/2026 14:42:15,2.05,106.395
20057,03/05/2026 14:52:15,2.08,106.396
20058,03/05/2026 15:02:15,2.11,106.397
20059,03/05/2026 15:12:15,2.12,106.393
20060,03/05/2026 15:22:15,2.13,106.398
20061,03/05/2026 15:32:15,2.14,106.398
20062,03/05/2026 15:42:15,2.16,106.412
20063,03/05/2026 15:52:15,2.18,106.417
20064,03/05/2026 16:02:15,2.20,106.418
20065,03/05/2026 16:12:15,2.21,106.445
20066,03/05/2026 16:22:15,2.22,106.454
20067,03/05/2026 16:32:15,2.22,106.471
20068,03/05/2026 16:42:15,2.23,106.459
20069,03/05/2026 16:52:15,2.23,106.472
20070,03/05/2026 17:02:15,2.24,106.476
20071,03/05/2026 17:12:15,2.24,106.485
20072,03/05/2026 17:22:15,2.24,106.503
20073,03/05/2026 17:32:15,2.24,106.534
20074,03/05/2026 17:42:15,2.24,106.529
20075,03/05/2026 17:52:15,2.24,106.560
20076,03/05/2026 18:02:15,2.24,106.551
20077,03/05/2026 18:12:15,2.24,106.560
20078,03/05/2026 18:22:15,2.23,106.573
20079,03/05/2026 18:32:15,2.23,106.560
20080,03/05/2026 18:42:15,2.22,106.546
20081,03/05/2026 18:52:15,2.21,106.559
20082,03/05/2026 19:02:15,2.21,106.585
20083,03/05/2026 19:12:15,2.20,106.651
20084,03/05/2026 19:22:15,2.19,106.725
20085,03/05/2026 19:32:15,2.18,106.804
20086,03/05/2026 19:42:15,2.18,106.861
20087,03/05/2026 19:52:15,2.19,106.918
20088,03/05/2026 20:02:15,2.20,107.024
20089,03/05/2026 20:12:15,2.24,107.135
20090,03/05/2026 20:22:15,2.36,107.188
20091,03/05/2026 20:32:15,2.50,107.210
20092,03/05/2026 20:42:15,2.57,107.208
20093,03/05/2026 20:52:15,2.58,107.248
20094,03/05/2026 21:02:15,2.56,107.309
20095,03/05/2026 21:12:15,2.52,107.343
20096,03/05/2026 21:22:15,2.48,107.377
20097,03/05/2026 21:32:15,2.45,107.454
20098,03/05/2026 21:42:15,2.42,107.506
20099,03/05/2026 21:52:15,2.39,107.650
20100,03/05/2026 22:02:15,2.37,107.754
20101,03/05/2026 22:12:15,2.37,107.842
20102,03/05/2026 22:22:15,2.36,107.925
20103,03/05/2026 22:32:15,2.34,107.986
20104,03/05/2026 22:42:15,2.31,107.963
20105,03/05/2026 22:52:15,2.28,107.909
20106,03/05/2026 23:02:15,2.25,107.908
20107,03/05/2026 23:12:15,2.21,107.889
20108,03/05/2026 23:22:15,2.18,107.927
20109,03/05/2026 23:32:15,2.15,107.944
20110,03/05/2026 23:42:15,2.13,107.908
20111,03/05/2026 23:52:15,2.09,107.920
20112,03/06/2026 00:02:15,2.05,107.953
20113,03/06/2026 00:12:15,1.99,107.929
20114,03/06/2026 00:22:15,1.92,107.896
20115,03/06/2026 00:32:15,1.84,107.893
20116,03/06/2026 00:42:15,1.75,107.832
20117,03/06/2026 00:52:15,1.66,107.798
20118,03/06/2026 01:02:15,1.57,107.778
20119,03/06/2026 01:12:15,1.51,107.788
20120,03/06/2026 01:22:15,1.45,107.800
20121,03/06/2026 01:32:15,1.41,107.794
20122,03/06/2026 01:42:15,1.37,107.819
20123,03/06/2026 01:52:15,1.35,107.796
20124,03/06/2026 02:02:15,1.33,107.782
20125,03/06/2026 02:12:15,1.30,107.790
20126,03/06/2026 02:22:15,1.27,107.767
20127,03/06/2026 02:32:15,1.24,107.735
20128,03/06/2026 02:42:15,1.21,107.729
20129,03/06/2026 02:52:15,1.18,107.728
20130,03/06/2026 03:02:15,1.16,107.719
20131,03/06/2026 03:12:15,1.13,107.705
20132,03/06/2026 03:22:15,1.11,107.704
20133,03/06/2026 03:32:15,1.09,107.729
20134,03/06/2026 03:42:15,1.07,107.742
20135,03/06/2026 03:52:15,1.04,107.763
20136,03/06/2026 04:02:15,1.02,107.757
20137,03/06/2026 04:12:15,0.99,107.779
20138,03/06/2026 04:22:15,0.97,107.782
20139,03/06/2026 04:32:15,0.95,107.790
20140,03/06/2026 04:42:15,0.94,107.794
20141,03/06/2026 04:52:15,0.93,107.833
20142,03/06/2026 05:02:15,0.92,107.850
20143,03/06/2026 05:12:15,0.91,107.859
20144,03/06/2026 05:22:15,0.90,107.894
20145,03/06/2026 05:32:15,0.90,107.893
20146,03/06/2026 05:42:15,0.90,107.880
20147,03/06/2026 05:52:15,0.90,107.933
20148,03/06/2026 06:02:15,0.89,107.955
20149,03/06/2026 06:12:15,0.89,107.933
20150,03/06/2026 06:22:15,0.89,107.911
20151,03/06/2026 06:32:15,0.88,107.884
20152,03/06/2026 06:42:15,0.87,107.905
20153,03/06/2026 06:52:15,0.86,107.940
20154,03/06/2026 07:02:15,0.85,107.949
20155,03/06/2026 07:12:15,0.84,107.953
20156,03/06/2026 07:22:15,0.84,107.948
20157,03/06/2026 07:32:15,0.83,107.966
20158,03/06/2026 07:42:15,0.83,107.952
20159,03/06/2026 07:52:15,0.83,107.961
20160,03/06/2026 08:02:15,0.83,107.965
20161,03/06/2026 08:12:15,0.83,107.974
20162,03/06/2026 08:22:15,0.83,107.961
20163,03/06/2026 08:32:15,0.84,107.979
20164,03/06/2026 08:42:15,0.84,107.988
20165,03/06/2026 08:52:15,0.85,108.023
20166,03/06/2026 09:02:15,0.86,108.046
20167,03/06/2026 09:12:15,0.88,108.077
20168,03/06/2026 09:22:15,0.89,108.064
20169,03/06/2026 09:32:15,0.90,108.051
20170,03/06/2026 09:42:15,0.92,108.083
20171,03/06/2026 09:52:15,0.93,108.079
20172,03/06/2026 10:02:15,0.95,108.101
20173,03/06/2026 10:12:15,0.96,108.111
20174,03/06/2026 10:22:15,0.98,108.124
20175,03/06/2026 10:32:15,1.00,108.108
20176,03/06/2026 10:42:15,1.02,108.108
20177,03/06/2026 10:52:15,1.04,108.118
20178,03/06/2026 11:02:15,1.06,108.132
20179,03/06/2026 11:12:15,1.09,108.172
20180,03/06/2026 11:22:15,1.10,108.168
20181,03/06/2026 11:32:15,1.12,108.165
20182,03/06/2026 11:42:15,1.14,108.152
20183,03/06/2026 11:52:15,1.15,108.179
20184,03/06/2026 12:02:15,1.16,108.175
20185,03/06/2026 12:12:15,1.17,108.167
20186,03/06/2026 12:22:15,1.18,108.163
20187,03/06/2026 12:32:15,1.19,108.176
20188,03/06/2026 12:42:15,1.20,108.168
20189,03/06/2026 12:52:15,1.21,108.164
20190,03/06/2026 13:02:15,1.23,108.160
20191,03/06/2026 13:12:15,1.24,108.178
20192,03/06/2026 13:22:15,1.25,108.200
20193,03/06/2026 13:32:15,1.26,108.165
20194,03/06/2026 13:42:15,1.27,108.153
20195,03/06/2026 13:52:15,1.28,108.149
20196,03/06/2026 14:02:15,1.29,108.131
20197,03/06/2026 14:12:15,1.30,108.158
20198,03/06/2026 14:22:15,1.31,108.132
20199,03/06/2026 14:32:15,1.32,108.137
20200,03/06/2026 14:42:15,1.33,108.137
20201,03/06/2026 14:52:15,1.34,108.138
20202,03/06/2026 15:02:15,1.34,108.112
20203,03/06/2026 15:12:15,1.35,108.094
20204,03/06/2026 15:22:15,1.36,108.099
20205,03/06/2026 15:32:15,1.36,108.103
20206,03/06/2026 15:42:15,1.37,108.108
20207,03/06/2026 15:52:15,1.37,108.130
20208,03/06/2026 16:02:15,1.38,108.108
20209,03/06/2026 16:12:15,1.38,108.126
20210,03/06/2026 16:22:15,1.38,108.152
20211,03/06/2026 16:32:15,1.38,108.166
20212,03/06/2026 16:42:15,1.38,108.157
20213,03/06/2026 16:52:15,1.38,108.161
20214,03/06/2026 17:02:15,1.37,108.148
20215,03/06/2026 17:12:15,1.37,108.126
20216,03/06/2026 17:22:15,1.37,108.108
20217,03/06/2026 17:32:15,1.36,108.086
20218,03/06/2026 17:42:15,1.36,108.086
20219,03/06/2026 17:52:15,1.36,108.051
20220,03/06/2026 18:02:15,1.35,108.037
20221,03/06/2026 18:12:15,1.35,108.033
20222,03/06/2026 18:22:15,1.35,108.024
20223,03/06/2026 18:32:15,1.34,108.024
20224,03/06/2026 18:42:15,1.34,108.032
20225,03/06/2026 18:52:15,1.33,108.063
20226,03/06/2026 19:02:15,1.33,108.076
20227,03/06/2026 19:12:15,1.32,108.067
20228,03/06/2026 19:22:15,1.32,108.076
20229,03/06/2026 19:32:15,1.31,108.075
20230,03/06/2026 19:42:15,1.31,108.093
20231,03/06/2026 19:52:15,1.30,108.092
20232,03/06/2026 20:02:15,1.30,108.083
20233,03/06/2026 20:12:15,1.29,108.079
20234,03/06/2026 20:22:15,1.29,108.083
20235,03/06/2026 20:32:15,1.28,108.061
20236,03/06/2026 20:42:15,1.28,108.048
20237,03/06/2026 20:52:15,1.28,108.026
20238,03/06/2026 21:02:15,1.27,107.977
20239,03/06/2026 21:12:15,1.26,107.977
20240,03/06/2026 21:22:15,1.26,107.915
20241,03/06/2026 21:32:15,1.25,107.889
20242,03/06/2026 21:42:15,1.24,107.897
20243,03/06/2026 21:52:15,1.24,107.880
20244,03/06/2026 22:02:15,1.23,107.853
20245,03/06/2026 22:12:15,1.23,107.870
20246,03/06/2026 22:22:15,1.23,107.831
20247,03/06/2026 22:32:15,1.22,107.835
20248,03/06/2026 22:42:15,1.22,107.817
20249,03/06/2026 22:52:15,1.22,107.800
20250,03/06/2026 23:02:15,1.22,107.800
20251,03/06/2026 23:12:15,1.21,107.782
20252,03/06/2026 23:22:15,1.21,107.756
20253,03/06/2026 23:32:15,1.21,107.721
20254,03/06/2026 23:42:15,1.21,107.694
20255,03/06/2026 23:52:15,1.21,107.699
20256,03/07/2026 00:02:15,1.21,107.699
20257,03/07/2026 00:12:15,1.21,107.672
20258,03/07/2026 00:22:15,1.21,107.668
20259,03/07/2026 00:32:15,1.21,107.655
20260,03/07/2026 00:42:15,1.21,107.646
20261,03/07/2026 00:52:15,1.21,107.655
20262,03/07/2026 01:02:15,1.21,107.633
20263,03/07/2026 01:12:15,1.21,107.616
20264,03/07/2026 01:22:15,1.22,107.620
20265,03/07/2026 01:32:15,1.22,107.594
20266,03/07/2026 01:42:15,1.22,107.576
20267,03/07/2026 01:52:15,1.22,107.550
20268,03/07/2026 02:02:15,1.22,107.532
20269,03/07/2026 02:12:15,1.22,107.506
20270,03/07/2026 02:22:15,1.22,107.497
20271,03/07/2026 02:32:15,1.22,107.467
20272,03/07/2026 02:42:15,1.22,107.436
20273,03/07/2026 02:52:15,1.22,107.410
20274,03/07/2026 03:02:15,1.22,107.401
20275,03/07/2026 03:12:15,1.22,107.344
20276,03/07/2026 03:22:15,1.22,107.357
20277,03/07/2026 03:32:15,1.23,107.322
20278,03/07/2026 03:42:15,1.23,107.326
20279,03/07/2026 03:52:15,1.23,107.309
20280,03/07/2026 04:02:15,1.23,107.309
20281,03/07/2026 04:12:15,1.23,107.296
20282,03/07/2026 04:22:15,1.23,107.305
20283,03/07/2026 04:32:15,1.23,107.274
20284,03/07/2026 04:42:15,1.24,107.248
20285,03/07/2026 04:52:15,1.24,107.257
20286,03/07/2026 05:02:15,1.24,107.222
20287,03/07/2026 05:12:15,1.24,107.165
20288,03/07/2026 05:22:15,1.24,107.156
20289,03/07/2026 05:32:15,1.24,107.134
20290,03/07/2026 05:42:15,1.24,107.103
20291,03/07/2026 05:52:15,1.25,107.103
20292,03/07/2026 06:02:15,1.25,107.081
20293,03/07/2026 06:12:15,1.25,107.029
20294,03/07/2026 06:22:15,1.25,107.029
20295,03/07/2026 06:32:15,1.25,107.011
20296,03/07/2026 06:42:15,1.25,106.989
20297,03/07/2026 06:52:15,1.25,106.976
20298,03/07/2026 07:02:15,1.25,106.981
20299,03/07/2026 07:12:15,1.26,106.955
20300,03/07/2026 07:22:15,1.26,106.941
20301,03/07/2026 07:32:15,1.26,106.955
20302,03/07/2026 07:42:15,1.27,106.924
20303,03/07/2026 07:52:15,1.27,106.938
20304,03/07/2026 08:02:15,1.28,106.912
20305,03/07/2026 08:12:15,1.29,106.912
20306,03/07/2026 08:22:15,1.30,106.890
20307,03/07/2026 08:32:15,1.31,106.877
20308,03/07/2026 08:42:15,1.32,106.847
20309,03/07/2026 08:52:15,1.33,106.865
20310,03/07/2026 09:02:15,1.34,106.817
20311,03/07/2026 09:12:15,1.35,106.853
20312,03/07/2026 09:22:15,1.37,106.840
20313,03/07/2026 09:32:15,1.39,106.858
20314,03/07/2026 09:42:15,1.41,106.815
20315,03/07/2026 09:52:15,1.43,106.768
20316,03/07/2026 10:02:15,1.45,106.764
20317,03/07/2026 10:12:15,1.48,106.752
20318,03/07/2026 10:22:15,1.51,106.727
20319,03/07/2026 10:32:15,1.54,106.701
20320,03/07/2026 10:42:15,1.57,106.694
20321,03/07/2026 10:52:15,1.60,106.655
20322,03/07/2026 11:02:15,1.63,106.643
20323,03/07/2026 11:12:15,1.67,106.627
20324,03/07/2026 11:22:15,1.70,106.615
20325,03/07/2026 11:32:15,1.74,106.674
20326,03/07/2026 11:42:15,1.78,106.614
20327,03/07/2026 11:52:15,1.82,106.580
20328,03/07/2026 12:02:15,1.87,106.542
20329,03/07/2026 12:12:15,1.91,106.517
20330,03/07/2026 12:22:15,1.95,106.492
20331,03/07/2026 12:32:15,1.99,106.481
20332,03/07/2026 12:42:15,2.03,106.469
20333,03/07/2026 12:52:15,2.06,106.431
20334,03/07/2026 13:02:15,2.10,106.401
20335,03/07/2026 13:12:15,2.14,106.372
20336,03/07/2026 13:22:15,2.17,106.338
20337,03/07/2026 13:32:15,2.20,106.339
20338,03/07/2026 13:42:15,2.24,106.310
20339,03/07/2026 13:52:15,2.27,106.320
20340,03/07/2026 14:02:15,2.30,106.286
20341,03/07/2026 14:12:15,2.33,106.278
20342,03/07/2026 14:22:15,2.36,106.292
20343,03/07/2026 14:32:15,2.39,106.271
20344,03/07/2026 14:42:15,2.41,106.272
20345,03/07/2026 14:52:15,2.44,106.286
20346,03/07/2026 15:02:15,2.46,106.283
20347,03/07/2026 15:12:15,2.48,106.239
20348,03/07/2026 15:22:15,2.50,106.244
20349,03/07/2026 15:32:15,2.52,106.210
20350,03/07/2026 15:42:15,2.53,106.228
20351,03/07/2026 15:52:15,2.55,106.189
20352,03/07/2026 16:02:15,2.56,106.172
20353,03/07/2026 16:12:15,2.58,106.194
20354,03/07/2026 16:22:15,2.59,106.186
20355,03/07/2026 16:32:15,2.60,106.160
20356,03/07/2026 16:42:15,2.60,106.169
20357,03/07/2026 16:52:15,2.61,106.174
20358,03/07/2026 17:02:15,2.61,106.196
20359,03/07/2026 17:12:15,2.61,106.165
20360,03/07/2026 17:22:15,2.61,106.187
20361,03/07/2026 17:32:15,2.61,106.205
20362,03/07/2026 17:42:15,2.61,106.204
20363,03/07/2026 17:52:15,2.60,106.178
20364,03/07/2026 18:02:15,2.59,106.213
20365,03/07/2026 18:12:15,2.59,106.195
20366,03/07/2026 18:22:15,2.58,106.217
20367,03/07/2026 18:32:15,2.57,106.203
20368,03/07/2026 18:42:15,2.55,106.220
20369,03/07/2026 18:52:15,2.54,106.220
20370,03/07/2026 19:02:15,2.52,106.210
20371,03/07/2026 19:12:15,2.51,106.214
20372,03/07/2026 19:22:15,2.50,106.165
20373,03/07/2026 19:32:15,2.49,106.200
20374,03/07/2026 19:42:15,2.47,106.169
20375,03/07/2026 19:52:15,2.46,106.173
20376,03/07/2026 20:02:15,2.44,106.176
20377,03/07/2026 20:12:15,2.43,106.185
20378,03/07/2026 20:22:15,2.41,106.202
20379,03/07/2026 20:32:15,2.39,106.179
20380,03/07/2026 20:42:15,2.38,106.192
20381,03/07/2026 20:52:15,2.36,106.182
20382,03/07/2026 21:02:15,2.34,106.204
20383,03/07/2026 21:12:15,2.32,106.199
20384,03/07/2026 21:22:15,2.30,106.211
20385,03/07/2026 21:32:15,2.28,106.241
20386,03/07/2026 21:42:15,2.26,106.311
20387,03/07/2026 21:52:15,2.24,106.279
20388,03/07/2026 22:02:15,2.23,106.292
20389,03/07/2026 22:12:15,2.21,106.234
20390,03/07/2026 22:22:15,2.19,106.251
20391,03/07/2026 22:32:15,2.17,106.202
20392,03/07/2026 22:42:15,2.15,106.254
20393,03/07/2026 22:52:15,2.14,106.262
20394,03/07/2026 23:02:15,2.12,106.244
20395,03/07/2026 23:12:15,2.10,106.156
20396,03/07/2026 23:22:15,2.09,106.146
20397,03/07/2026 23:32:15,2.07,106.238
20398,03/07/2026 23:42:15,2.05,106.224
20399,03/07/2026 23:52:15,2.03,106.263
20400,03/08/2026 00:02:15,2.01,106.240
20401,03/08/2026 00:12:15,2.00,106.248
20402,03/08/2026 00:22:15,1.98,106.208
20403,03/08/2026 00:32:15,1.97,106.239
20404,03/08/2026 00:42:15,1.96,106.247
20405,03/08/2026 00:52:15,1.95,106.277
20406,03/08/2026 01:02:15,1.93,106.272
20407,03/08/2026 01:12:15,1.92,106.254
20408,03/08/2026 01:22:15,1.91,106.250
20409,03/08/2026 01:32:15,1.89,106.253
20410,03/08/2026 01:42:15,1.88,106.222
20411,03/08/2026 01:52:15,1.87,106.187
20412,03/08/2026 03:02:15,1.86,106.208
20413,03/08/2026 03:12:15,1.85,106.212
20414,03/08/2026 03:22:15,1.84,106.212
20415,03/08/2026 03:32:15,1.83,106.212
20416,03/08/2026 03:42:15,1.82,106.225
20417,03/08/2026 03:52:15,1.81,106.220
20418,03/08/2026 04:02:15,1.80,106.198
20419,03/08/2026 04:12:15,1.79,106.197
20420,03/08/2026 04:22:15,1.78,106.232
20421,03/08/2026 04:32:15,1.77,106.227
20422,03/08/2026 04:42:15,1.76,106.222
20423,03/08/2026 04:52:15,1.75,106.253
20424,03/08/2026 05:02:15,1.74,106.231
20425,03/08/2026 05:12:15,1.74,106.248
20426,03/08/2026 05:22:15,1.73,106.309
20427,03/08/2026 05:32:15,1.72,106.291
20428,03/08/2026 05:42:15,1.72,106.265
20429,03/08/2026 05:52:15,1.71,106.242
20430,03/08/2026 06:02:15,1.70,106.251
20431,03/08/2026 06:12:15,1.69,106.277
20432,03/08/2026 06:22:15,1.68,106.290
20433,03/08/2026 06:32:15,1.68,106.321
20434,03/08/2026 06:42:15,1.68,106.338
20435,03/08/2026 06:52:15,1.68,106.364
20436,03/08/2026 07:02:15,1.68,106.377
20437,03/08/2026 07:12:15,1.68,106.377
20438,03/08/2026 07:22:15,1.68,106.364
20439,03/08/2026 07:32:15,1.68,106.373
20440,03/08/2026 07:42:15,1.68,106.399
20441,03/08/2026 07:52:15,1.68,106.404
20442,03/08/2026 08:02:15,1.68,106.439
20443,03/08/2026 08:12:15,1.68,106.456
20444,03/08/2026 08:22:15,1.68,106.461
20445,03/08/2026 08:32:15,1.68,106.478
20446,03/08/2026 08:42:15,1.68,106.492
20447,03/08/2026 08:52:15,1.68,106.513
20448,03/08/2026 09:02:15,1.68,106.544
20449,03/08/2026 09:12:15,1.68,106.615
20450,03/08/2026 09:22:15,1.68,106.654
20451,03/08/2026 09:32:15,1.69,106.663
20452,03/08/2026 09:42:15,1.69,106.632
20453,03/08/2026 09:52:15,1.69,106.632
20454,03/08/2026 10:02:15,1.69,106.641
20455,03/08/2026 10:12:15,1.70,106.668
20456,03/08/2026 10:22:15,1.70,106.659
20457,03/08/2026 10:32:15,1.71,106.655
20458,03/08/2026 10:42:15,1.72,106.647
20459,03/08/2026 10:52:15,1.73,106.647
20460,03/08/2026 11:02:15,1.75,106.713
20461,03/08/2026 11:12:15,1.76,106.727
20462,03/08/2026 11:22:15,1.78,106.732
20463,03/08/2026 11:32:15,1.80,106.746
20464,03/08/2026 11:42:15,1.82,106.747
20465,03/08/2026 11:52:15,1.83,106.747
20466,03/08/2026 12:02:15,1.85,106.761
20467,03/08/2026 12:12:15,1.87,106.775
20468,03/08/2026 12:22:15,1.89,106.797
20469,03/08/2026 12:32:15,1.90,106.807
20470,03/08/2026 12:42:15,1.92,106.834
20471,03/08/2026 12:52:15,1.95,106.830
20472,03/08/2026 13:02:15,1.97,106.831
20473,03/08/2026 13:12:15,2.01,106.832
20474,03/08/2026 13:22:15,2.04,106.825
20475,03/08/2026 13:32:15,2.08,106.827
20476,03/08/2026 13:42:15,2.13,106.837
20477,03/08/2026 13:52:15,2.17,106.847
20478,03/08/2026 14:02:15,2.21,106.862
20479,03/08/2026 14:12:15,2.25,106.889
20480,03/08/2026 14:22:15,2.28,106.895
20481,03/08/2026 14:32:15,2.32,106.923
20482,03/08/2026 14:42:15,2.35,106.950
20483,03/08/2026 14:52:15,2.38,106.982
20484,03/08/2026 15:02:15,2.41,106.992
20485,03/08/2026 15:12:15,2.44,107.011
20486,03/08/2026 15:22:15,2.47,107.038
20487,03/08/2026 15:32:15,2.50,107.096
20488,03/08/2026 15:42:15,2.52,107.101
20489,03/08/2026 15:52:15,2.54,107.142
20490,03/08/2026 16:02:15,2.56,107.169
20491,03/08/2026 16:12:15,2.58,107.209
20492,03/08/2026 16:22:15,2.60,107.240
20493,03/08/2026 16:32:15,2.61,107.271
20494,03/08/2026 16:42:15,2.62,107.302
20495,03/08/2026 16:52:15,2.63,107.320
20496,03/08/2026 17:02:15,2.63,107.342
20497,03/08/2026 17:12:15,2.63,107.382
20498,03/08/2026 17:22:15,2.62,107.430
20499,03/08/2026 17:32:15,2.61,107.465
20500,03/08/2026 17:42:15,2.60,107.490
20501,03/08/2026 17:52:15,2.58,107.529
20502,03/08/2026 18:02:15,2.56,107.581
20503,03/08/2026 18:12:15,2.54,107.629
20504,03/08/2026 18:22:15,2.52,107.628
20505,03/08/2026 18:32:15,2.50,107.654
20506,03/08/2026 18:42:15,2.47,107.670
20507,03/08/2026 18:52:15,2.45,107.713
20508,03/08/2026 19:02:15,2.42,107.747
20509,03/08/2026 19:12:15,2.39,107.777
20510,03/08/2026 19:22:15,2.37,107.789
20511,03/08/2026 19:32:15,2.33,107.832
20512,03/08/2026 19:42:15,2.30,107.866
20513,03/08/2026 19:52:15,2.27,107.882
20514,03/08/2026 20:02:15,2.23,107.907
20515,03/08/2026 20:12:15,2.19,107.941
20516,03/08/2026 20:22:15,2.16,107.970
20517,03/08/2026 20:32:15,2.12,107.986
20518,03/08/2026 20:42:15,2.08,108.016
20519,03/08/2026 20:52:15,2.04,108.027
20520,03/08/2026 21:02:15,2.00,108.013
20521,03/08/2026 21:12:15,1.95,108.046
20522,03/08/2026 21:22:15,1.91,108.088
20523,03/08/2026 21:32:15,1.87,108.109
20524,03/08/2026 21:42:15,1.82,108.134
20525,03/08/2026 21:52:15,1.78,108.136
20526,03/08/2026 22:02:15,1.74,108.126
20527,03/08/2026 22:12:15,1.70,108.151
20528,03/08/2026 22:22:15,1.66,108.172
20529,03/08/2026 22:32:15,1.62,108.183
20530,03/08/2026 22:42:15,1.59,108.204
20531,03/08/2026 22:52:15,1.55,108.194
20532,03/08/2026 23:02:15,1.51,108.197
20533,03/08/2026 23:12:15,1.48,108.209
20534,03/08/2026 23:22:15,1.45,108.229
20535,03/08/2026 23:32:15,1.42,108.228
20536,03/08/2026 23:42:15,1.39,108.236
20537,03/08/2026 23:52:15,1.37,108.275
20538,03/09/2026 00:02:15,1.35,108.265
20539,03/09/2026 00:12:15,1.33,108.273
20540,03/09/2026 00:22:15,1.30,108.277
20541,03/09/2026 00:32:15,1.29,108.302
20542,03/09/2026 00:42:15,1.27,108.341
20543,03/09/2026 00:52:15,1.26,108.314
20544,03/09/2026 01:02:15,1.24,108.318
20545,03/09/2026 01:12:15,1.23,108.322
20546,03/09/2026 01:22:15,1.21,108.344
20547,03/09/2026 01:32:15,1.20,108.348
20548,03/09/2026 01:42:15,1.19,108.391
20549,03/09/2026 01:52:15,1.18,108.369
20550,03/09/2026 02:02:15,1.16,108.355
20551,03/09/2026 02:12:15,1.15,108.359
20552,03/09/2026 02:22:15,1.14,108.363
20553,03/09/2026 02:32:15,1.13,108.345
20554,03/09/2026 02:42:15,1.12,108.349
20555,03/09/2026 02:52:15,1.11,108.353
20556,03/09/2026 03:02:15,1.10,108.348
20557,03/09/2026 03:12:15,1.09,108.326
20558,03/09/2026 03:22:15,1.08,108.321
20559,03/09/2026 03:32:15,1.07,108.312
20560,03/09/2026 03:42:15,1.06,108.307
20561,03/09/2026 03:52:15,1.05,108.307
20562,03/09/2026 04:02:15,1.04,108.329
20563,03/09/2026 04:12:15,1.03,108.315
20564,03/09/2026 04:22:15,1.02,108.315
20565,03/09/2026 04:32:15,1.02,108.323
20566,03/09/2026 04:42:15,1.01,108.323
20567,03/09/2026 04:52:15,1.00,108.322
20568,03/09/2026 05:02:15,0.99,108.309
20569,03/09/2026 05:12:15,0.98,108.317
20570,03/09/2026 05:22:15,0.97,108.304
20571,03/09/2026 05:32:15,0.96,108.312
20572,03/09/2026 05:42:15,0.95,108.316
20573,03/09/2026 05:52:15,0.94,108.320
20574,03/09/2026 06:02:15,0.93,108.320
20575,03/09/2026 06:12:15,0.92,108.333
20576,03/09/2026 06:22:15,0.91,108.315
20577,03/09/2026 06:32:15,0.91,108.297
20578,03/09/2026 06:42:15,0.90,108.306
20579,03/09/2026 06:52:15,0.89,108.310
20580,03/09/2026 07:02:15,0.88,108.314
20581,03/09/2026 07:12:15,0.87,108.305
20582,03/09/2026 07:22:15,0.87,108.340
20583,03/09/2026 07:32:15,0.86,108.339
20584,03/09/2026 07:42:15,0.85,108.308
20585,03/09/2026 07:52:15,0.85,108.326
20586,03/09/2026 08:02:15,0.85,108.339
20587,03/09/2026 08:12:15,0.84,108.330
20588,03/09/2026 08:22:15,0.84,108.312
20589,03/09/2026 08:32:15,0.85,108.317
20590,03/09/2026 08:42:15,0.85,108.326
20591,03/09/2026 08:52:15,0.86,108.291
20592,03/09/2026 09:02:15,0.87,108.283
20593,03/09/2026 09:12:15,0.87,108.296
20594,03/09/2026 09:22:15,0.88,108.296
20595,03/09/2026 09:32:15,0.89,108.275
20596,03/09/2026 09:42:15,0.91,108.275
20597,03/09/2026 09:52:15,0.92,108.276
20598,03/09/2026 10:02:15,0.95,108.264
20599,03/09/2026 10:12:15,0.97,108.251
20600,03/09/2026 10:22:15,1.00,108.252
20601,03/09/2026 10:32:15,1.03,108.240
20602,03/09/2026 10:42:15,1.06,108.237
20603,03/09/2026 10:52:15,1.10,108.221
20604,03/09/2026 11:02:15,1.14,108.209
20605,03/09/2026 11:12:15,1.19,108.198
20606,03/09/2026 11:22:15,1.24,108.182
20607,03/09/2026 11:32:15,1.30,108.184
20608,03/09/2026 11:42:15,1.36,108.152
20609,03/09/2026 11:52:15,1.43,108.163
20610,03/09/2026 12:02:15,1.50,108.157
20611,03/09/2026 12:12:15,1.57,108.164
20612,03/09/2026 12:22:15,1.64,108.153
20613,03/09/2026 12:32:15,1.72,108.143
20614,03/09/2026 12:42:15,1.80,108.115
20615,03/09/2026 12:52:15,1.89,108.110
20616,03/09/2026 13:02:15,1.97,108.117
20617,03/09/2026 13:12:15,2.06,108.112
20618,03/09/2026 13:22:15,2.16,108.102
20619,03/09/2026 13:32:15,2.26,108.101
20620,03/09/2026 13:42:15,2.35,108.109
20621,03/09/2026 13:52:15,2.45,108.104
20622,03/09/2026 14:02:15,2.55,108.090
20623,03/09/2026 14:12:15,2.65,108.103
20624,03/09/2026 14:22:15,2.75,108.102
20625,03/09/2026 14:32:15,2.85,108.127
20626,03/09/2026 14:42:15,2.94,108.131
20627,03/09/2026 14:52:15,3.02,108.156
20628,03/09/2026 15:02:15,3.10,108.163
20629,03/09/2026 15:12:15,3.18,108.201
20630,03/09/2026 15:22:15,3.24,108.225
20631,03/09/2026 15:32:15,3.30,108.258
20632,03/09/2026 15:42:15,3.36,108.295
20633,03/09/2026 15:52:15,3.41,108.328
20634,03/09/2026 16:02:15,3.45,108.382
20635,03/09/2026 16:12:15,3.49,108.405
20636,03/09/2026 16:22:15,3.52,108.450
20637,03/09/2026 16:32:15,3.54,108.500
20638,03/09/2026 16:42:15,3.56,108.544
20639,03/09/2026 16:52:15,3.58,108.589
20640,03/09/2026 17:02:15,3.59,108.638
20641,03/09/2026 17:12:15,3.60,108.673
20642,03/09/2026 17:22:15,3.59,108.690
20643,03/09/2026 17:32:15,3.58,108.743
20644,03/09/2026 17:42:15,3.56,108.786
20645,03/09/2026 17:52:15,3.54,108.833
20646,03/09/2026 18:02:15,3.51,108.876
20647,03/09/2026 18:12:15,3.47,108.927
20648,03/09/2026 18:22:15,3.42,108.961
20649,03/09/2026 18:32:15,3.38,108.994
20650,03/09/2026 18:42:15,3.34,109.067
20651,03/09/2026 18:52:15,3.29,109.096
20652,03/09/2026 19:02:15,3.24,109.165
20653,03/09/2026 19:12:15,3.19,109.220
20654,03/09/2026 19:22:15,3.14,109.279
20655,03/09/2026 19:32:15,3.09,109.334
20656,03/09/2026 19:42:15,3.03,109.402
20657,03/09/2026 19:52:15,2.97,109.457
20658,03/09/2026 20:02:15,2.90,109.516
20659,03/09/2026 20:12:15,2.84,109.549
20660,03/09/2026 20:22:15,2.77,109.590
20661,03/09/2026 20:32:15,2.70,109.605
20662,03/09/2026 20:42:15,2.63,109.655
20663,03/09/2026 20:52:15,2.56,109.697
20664,03/09/2026 21:02:15,2.49,109.733
20665,03/09/2026 21:12:15,2.42,109.762
20666,03/09/2026 21:22:15,2.36,109.812
20667,03/09/2026 21:32:15,2.30,109.849
20668,03/09/2026 21:42:15,2.24,109.882
20669,03/09/2026 21:52:15,2.18,109.915
20670,03/09/2026 22:02:15,2.13,109.952
20671,03/09/2026 22:12:15,2.09,109.981
20672,03/09/2026 22:22:15,2.05,110.006
20673,03/09/2026 22:32:15,2.01,110.044
20674,03/09/2026 22:42:15,1.97,110.065
20675,03/09/2026 22:52:15,1.94,110.068
20676,03/09/2026 23:02:15,1.91,110.080
20677,03/09/2026 23:12:15,1.88,110.118
20678,03/09/2026 23:22:15,1.85,110.108
20679,03/09/2026 23:32:15,1.83,110.125
20680,03/09/2026 23:42:15,1.81,110.129
20681,03/09/2026 23:52:15,1.79,110.145
20682,03/10/2026 00:02:15,1.77,110.145
20683,03/10/2026 00:12:15,1.75,110.162
20684,03/10/2026 00:22:15,1.73,110.183
20685,03/10/2026 00:32:15,1.71,110.200
20686,03/10/2026 00:42:15,1.69,110.221
20687,03/10/2026 00:52:15,1.67,110.216
20688,03/10/2026 01:02:15,1.65,110.233
20689,03/10/2026 01:12:15,1.64,110.210
20690,03/10/2026 01:22:15,1.62,110.200
20691,03/10/2026 01:32:15,1.60,110.222
20692,03/10/2026 01:42:15,1.58,110.212
20693,03/10/2026 01:52:15,1.56,110.229
20694,03/10/2026 02:02:15,1.55,110.233
20695,03/10/2026 02:12:15,1.53,110.210
20696,03/10/2026 02:22:15,1.51,110.232
20697,03/10/2026 02:32:15,1.50,110.200
20698,03/10/2026 02:42:15,1.48,110.200
20699,03/10/2026 02:52:15,1.46,110.195
20700,03/10/2026 03:02:15,1.44,110.194
20701,03/10/2026 03:12:15,1.42,110.184
20702,03/10/2026 03:22:15,1.40,110.188
20703,03/10/2026 03:32:15,1.38,110.170
20704,03/10/2026 03:42:15,1.37,110.169
20705,03/10/2026 03:52:15,1.35,110.177
20706,03/10/2026 04:02:15,1.34,110.159
20707,03/10/2026 04:12:15,1.33,110.141
20708,03/10/2026 04:22:15,1.31,110.136
20709,03/10/2026 04:32:15,1.29,110.114
20710,03/10/2026 04:42:15,1.28,110.113
20711,03/10/2026 04:52:15,1.26,110.126
20712,03/10/2026 05:02:15,1.25,110.121
20713,03/10/2026 05:12:15,1.24,110.094
20714,03/10/2026 05:22:15,1.22,110.102
20715,03/10/2026 05:32:15,1.21,110.075
20716,03/10/2026 05:42:15,1.20,110.071
20717,03/10/2026 05:52:15,1.19,110.057
20718,03/10/2026 06:02:15,1.17,110.043
20719,03/10/2026 06:12:15,1.16,110.061
20720,03/10/2026 06:22:15,1.16,110.052
20721,03/10/2026 06:32:15,1.14,110.051
20722,03/10/2026 06:42:15,1.14,110.046
20723,03/10/2026 06:52:15,1.13,110.033
20724,03/10/2026 07:02:15,1.12,110.024
20725,03/10/2026 07:12:15,1.12,110.037
20726,03/10/2026 07:22:15,1.11,110.019
20727,03/10/2026 07:32:15,1.10,110.049
20728,03/10/2026 07:42:15,1.09,110.049
20729,03/10/2026 07:52:15,1.09,110.049
20730,03/10/2026 08:02:15,1.08,110.036
20731,03/10/2026 08:12:15,1.08,110.040
20732,03/10/2026 08:22:15,1.08,110.031
20733,03/10/2026 08:32:15,1.07,110.005
20734,03/10/2026 08:42:15,1.07,110.031
20735,03/10/2026 08:52:15,1.07,109.974
20736,03/10/2026 09:02:15,1.07,109.965
20737,03/10/2026 09:12:15,1.08,109.974
20738,03/10/2026 09:22:15,1.08,109.952
20739,03/10/2026 09:32:15,1.09,109.948
20740,03/10/2026 09:42:15,1.10,109.958
20741,03/10/2026 09:52:15,1.12,109.927
20742,03/10/2026 10:02:15,1.14,109.915
20743,03/10/2026 10:12:15,1.16,109.894
20744,03/10/2026 10:22:15,1.18,109.877
20745,03/10/2026 10:32:15,1.21,109.874
20746,03/10/2026 10:42:15,1.24,109.879
20747,03/10/2026 10:52:15,1.28,109.868
20748,03/10/2026 11:02:15,1.32,109.808
20749,03/10/2026 11:12:15,1.37,109.805
20750,03/10/2026 11:22:15,1.42,109.754
20751,03/10/2026 11:32:15,1.47,109.743
20752,03/10/2026 11:42:15,1.52,109.715
20753,03/10/2026 11:52:15,1.58,109.717
20754,03/10/2026 12:02:15,1.65,109.675
20755,03/10/2026 12:12:15,1.71,109.660
20756,03/10/2026 12:22:15,1.78,109.663
20757,03/10/2026 12:32:15,1.85,109.648
20758,03/10/2026 12:42:15,1.92,109.620
20759,03/10/2026 12:52:15,2.00,109.605
20760,03/10/2026 13:02:15,2.08,109.595
20761,03/10/2026 13:12:15,2.16,109.590
20762,03/10/2026 13:22:15,2.25,109.580
20763,03/10/2026 13:32:15,2.33,109.570
20764,03/10/2026 13:42:15,2.42,109.577
20765,03/10/2026 13:52:15,2.50,109.558
20766,03/10/2026 14:02:15,2.58,109.596
20767,03/10/2026 14:12:15,2.66,109.604
20768,03/10/2026 14:22:15,2.74,109.620
20769,03/10/2026 14:32:15,2.81,109.649
20770,03/10/2026 14:42:15,2.88,109.682
20771,03/10/2026 14:52:15,2.94,109.711
20772,03/10/2026 15:02:15,3.00,109.753
20773,03/10/2026 15:12:15,3.06,109.777
20774,03/10/2026 15:22:15,3.10,109.831
20775,03/10/2026 15:32:15,3.14,109.881
20776,03/10/2026 15:42:15,3.18,109.952
20777,03/10/2026 15:52:15,3.21,110.019
20778,03/10/2026 16:02:15,3.24,110.069
20779,03/10/2026 16:12:15,3.26,110.131
20780,03/10/2026 16:22:15,3.28,110.215
20781,03/10/2026 16:32:15,3.29,110.273
20782,03/10/2026 16:42:15,3.29,110.338
20783,03/10/2026 16:52:15,3.29,110.417
20784,03/10/2026 17:02:15,3.29,110.466
20785,03/10/2026 17:12:15,3.28,110.536
20786,03/10/2026 17:22:15,3.27,110.623
20787,03/10/2026 17:32:15,3.26,110.688
20788,03/10/2026 17:42:15,3.24,110.767
20789,03/10/2026 17:52:15,3.22,110.823
20790,03/10/2026 18:02:15,3.20,110.897
20791,03/10/2026 18:12:15,3.18,110.975
20792,03/10/2026 18:22:15,3.15,111.026
20793,03/10/2026 18:32:15,3.12,111.087
20794,03/10/2026 18:42:15,3.09,111.169
20795,03/10/2026 18:52:15,3.06,111.211
20796,03/10/2026 19:02:15,3.02,111.289
20797,03/10/2026 19:12:15,2.99,111.349
20798,03/10/2026 19:22:15,2.94,111.382
20799,03/10/2026 19:32:15,2.91,111.442
20800,03/10/2026 19:42:15,2.87,111.467
20801,03/10/2026 19:52:15,2.83,111.540
20802,03/10/2026 20:02:15,2.78,111.604
20803,03/10/2026 20:12:15,2.74,111.669
20804,03/10/2026 20:22:15,2.70,111.689
20805,03/10/2026 20:32:15,2.66,111.736
20806,03/10/2026 20:42:15,2.61,111.743
20807,03/10/2026 20:52:15,2.56,111.806
20808,03/10/2026 21:02:15,2.52,111.866
20809,03/10/2026 21:12:15,2.47,111.873
20810,03/10/2026 21:22:15,2.43,111.889
20811,03/10/2026 21:32:15,2.39,111.892
20812,03/10/2026 21:42:15,2.35,111.930
20813,03/10/2026 21:52:15,2.31,111.950
20814,03/10/2026 22:02:15,2.28,111.997
20815,03/10/2026 22:12:15,2.25,112.005
20816,03/10/2026 22:22:15,2.22,112.004
20817,03/10/2026 22:32:15,2.19,112.060
20818,03/10/2026 22:42:15,2.17,112.046
20819,03/10/2026 22:52:15,2.15,112.084
20820,03/10/2026 23:02:15,2.13,112.106
20821,03/10/2026 23:12:15,2.11,112.149
20822,03/10/2026 23:22:15,2.09,112.161
20823,03/10/2026 23:32:15,2.07,112.208
20824,03/10/2026 23:42:15,2.05,112.194
20825,03/10/2026 23:52:15,2.03,112.207
20826,03/11/2026 00:02:15,2.01,112.201
20827,03/11/2026 00:12:15,1.98,112.257
20828,03/11/2026 00:22:15,1.96,112.261
20829,03/11/2026 00:32:15,1.93,112.247
20830,03/11/2026 00:42:15,1.91,112.233
20831,03/11/2026 00:52:15,1.89,112.249
20832,03/11/2026 01:02:15,1.87,112.275
20833,03/11/2026 01:12:15,1.85,112.278
20834,03/11/2026 01:22:15,1.82,112.286
20835,03/11/2026 01:32:15,1.80,112.290
20836,03/11/2026 01:42:15,1.78,112.298
20837,03/11/2026 01:52:15,1.75,112.297
20838,03/11/2026 02:02:15,1.73,112.318
20839,03/11/2026 02:12:15,1.71,112.295
20840,03/11/2026 02:22:15,1.69,112.321
20841,03/11/2026 02:32:15,1.67,112.342
20842,03/11/2026 02:42:15,1.65,112.354
20843,03/11/2026 02:52:15,1.63,112.366
20844,03/11/2026 03:02:15,1.61,112.348
20845,03/11/2026 03:12:15,1.59,112.361
20846,03/11/2026 03:22:15,1.58,112.334
20847,03/11/2026 03:32:15,1.57,112.325
20848,03/11/2026 03:42:15,1.56,112.307
20849,03/11/2026 03:52:15,1.55,112.293
20850,03/11/2026 04:02:15,1.54,112.280
20851,03/11/2026 04:12:15,1.53,112.284
20852,03/11/2026 04:22:15,1.52,112.292
20853,03/11/2026 04:32:15,1.52,112.279
20854,03/11/2026 04:42:15,1.51,112.292
20855,03/11/2026 04:52:15,1.51,112.261
20856,03/11/2026 05:02:15,1.50,112.239
20857,03/11/2026 05:12:15,1.50,112.221
20858,03/11/2026 05:22:15,1.50,112.234
20859,03/11/2026 05:32:15,1.50,112.213
20860,03/11/2026 05:42:15,1.50,112.212
20861,03/11/2026 05:52:15,1.50,112.217
20862,03/11/2026 06:02:15,1.50,112.204
20863,03/11/2026 06:12:15,1.49,112.212
20864,03/11/2026 06:22:15,1.49,112.182
20865,03/11/2026 06:32:15,1.49,112.146
20866,03/11/2026 06:42:15,1.48,112.137
20867,03/11/2026 06:52:15,1.48,112.146
20868,03/11/2026 07:02:15,1.48,112.164
20869,03/11/2026 07:12:15,1.48,112.116
20870,03/11/2026 07:22:15,1.48,112.102
20871,03/11/2026 07:32:15,1.48,112.111
20872,03/11/2026 07:42:15,1.48,112.120
20873,03/11/2026 07:52:15,1.48,112.124
20874,03/11/2026 08:02:15,1.48,112.085
20875,03/11/2026 08:12:15,1.48,112.137
20876,03/11/2026 08:22:15,1.49,112.089
20877,03/11/2026 08:32:15,1.49,112.111
20878,03/11/2026 08:42:15,1.50,112.112
20879,03/11/2026 08:52:15,1.51,112.094
20880,03/11/2026 09:02:15,1.51,112.077
20881,03/11/2026 09:12:15,1.52,112.034
20882,03/11/2026 09:22:15,1.54,112.012
20883,03/11/2026 09:32:15,1.55,112.017
20884,03/11/2026 09:42:15,1.57,112.014
20885,03/11/2026 09:52:15,1.60,111.997
20886,03/11/2026 10:02:15,1.62,112.007
20887,03/11/2026 10:12:15,1.64,111.977
20888,03/11/2026 10:22:15,1.66,111.964
20889,03/11/2026 10:32:15,1.68,111.956
20890,03/11/2026 10:42:15,1.71,111.953
20891,03/11/2026 10:52:15,1.74,111.893
20892,03/11/2026 11:02:15,1.77,111.842
20893,03/11/2026 11:12:15,1.81,111.817
20894,03/11/2026 11:22:15,1.86,111.845
20895,03/11/2026 11:32:15,1.90,111.807
20896,03/11/2026 11:42:15,1.95,111.765
20897,03/11/2026 11:52:15,2.00,111.754
20898,03/11/2026 12:02:15,2.05,111.730
20899,03/11/2026 12:12:15,2.11,111.692
20900,03/11/2026 12:22:15,2.16,111.708
20901,03/11/2026 12:32:15,2.23,111.706
20902,03/11/2026 12:42:15,2.29,111.651
20903,03/11/2026 12:52:15,2.36,111.636
20904,03/11/2026 13:02:15,2.43,111.635
20905,03/11/2026 13:12:15,2.50,111.629
20906,03/11/2026 13:22:15,2.57,111.592
20907,03/11/2026 13:32:15,2.64,111.612
20908,03/11/2026 13:42:15,2.71,111.619
20909,03/11/2026 13:52:15,2.78,111.631
20910,03/11/2026 14:02:15,2.87,111.625
20911,03/11/2026 14:12:15,2.96,111.646
20912,03/11/2026 14:22:15,3.04,111.641
20913,03/11/2026 14:32:15,3.12,111.648
20914,03/11/2026 14:42:15,3.20,111.651
20915,03/11/2026 14:52:15,3.26,111.676
20916,03/11/2026 15:02:15,3.33,111.696
20917,03/11/2026 15:12:15,3.39,111.716
20918,03/11/2026 15:22:15,3.46,111.740
20919,03/11/2026 15:32:15,3.52,111.778
20920,03/11/2026 15:42:15,3.58,111.815
20921,03/11/2026 15:52:15,3.63,111.892
20922,03/11/2026 16:02:15,3.68,111.929
20923,03/11/2026 16:12:15,3.73,111.987
20924,03/11/2026 16:22:15,3.77,112.046
20925,03/11/2026 16:32:15,3.81,112.065
20926,03/11/2026 16:42:15,3.84,112.062
20927,03/11/2026 16:52:15,3.86,112.177
20928,03/11/2026 17:02:15,3.87,112.247
20929,03/11/2026 17:12:15,3.88,112.265
20930,03/11/2026 17:22:15,3.88,112.327
20931,03/11/2026 17:32:15,3.88,112.349
20932,03/11/2026 17:42:15,3.88,112.388
20933,03/11/2026 17:52:15,3.87,112.427
20934,03/11/2026 18:02:15,3.86,112.457
20935,03/11/2026 18:12:15,3.84,112.466
20936,03/11/2026 18:22:15,3.82,112.474
20937,03/11/2026 18:32:15,3.81,112.543
20938,03/11/2026 18:42:15,3.79,112.556
20939,03/11/2026 18:52:15,3.78,112.560
20940,03/11/2026 19:02:15,3.77,112.555
20941,03/11/2026 19:12:15,3.76,112.590
20942,03/11/2026 19:22:15,3.75,112.620
20943,03/11/2026 19:32:15,3.74,112.606
20944,03/11/2026 19:42:15,3.72,112.685
20945,03/11/2026 19:52:15,3.70,112.697
20946,03/11/2026 20:02:15,3.68,112.740
20947,03/11/2026 20:12:15,3.66,112.735
20948,03/11/2026 20:22:15,3.64,112.769
20949,03/11/2026 20:32:15,3.62,112.812
20950,03/11/2026 20:42:15,3.60,112.820
20951,03/11/2026 20:52:15,3.57,112.819
20952,03/11/2026 21:02:15,3.55,112.832
20953,03/11/2026 21:12:15,3.53,112.901
20954,03/11/2026 21:22:15,3.51,112.922
20955,03/11/2026 21:32:15,3.49,112.930
20956,03/11/2026 21:42:15,3.47,112.951
20957,03/11/2026 21:52:15,3.46,112.951
20958,03/11/2026 22:02:15,3.44,112.989
20959,03/11/2026 22:12:15,3.42,113.015
20960,03/11/2026 22:22:15,3.40,113.041
20961,03/11/2026 22:32:15,3.38,113.044
20962,03/11/2026 22:42:15,3.36,113.035
20963,03/11/2026 22:52:15,3.34,113.038
20964,03/11/2026 23:02:15,3.32,113.086
20965,03/11/2026 23:12:15,3.31,113.094
20966,03/11/2026 23:22:15,3.29,113.128
20967,03/11/2026 23:32:15,3.27,113.066
20968,03/11/2026 23:42:15,3.26,113.136
20969,03/11/2026 23:52:15,3.25,113.184
20970,03/12/2026 00:02:15,3.24,113.135
20971,03/12/2026 00:12:15,3.24,113.117
20972,03/12/2026 00:22:15,3.23,113.104
20973,03/12/2026 00:32:15,3.23,113.481
20974,03/12/2026 00:42:15,3.22,113.503
20975,03/12/2026 00:52:15,3.22,113.551
20976,03/12/2026 01:02:15,3.21,113.621
20977,03/12/2026 01:12:15,3.20,113.594
20978,03/12/2026 01:22:15,3.20,113.708
20979,03/12/2026 01:32:15,3.19,113.637
20980,03/12/2026 01:42:15,3.18,113.681
20981,03/12/2026 01:52:15,3.17,113.685
20982,03/12/2026 02:02:15,3.17,113.729
20983,03/12/2026 02:12:15,3.16,113.707
20984,03/12/2026 02:22:15,3.16,113.733
20985,03/12/2026 02:32:15,3.15,113.728
20986,03/12/2026 02:42:15,3.15,113.666
20987,03/12/2026 02:52:15,3.14,113.737
20988,03/12/2026 03:02:15,3.14,113.596
20989,03/12/2026 03:12:15,3.15,113.693
20990,03/12/2026 03:22:15,3.16,113.671
20991,03/12/2026 03:32:15,3.18,113.747
20992,03/12/2026 03:42:15,3.22,113.735
20993,03/12/2026 03:52:15,3.25,113.736
20994,03/12/2026 04:02:15,3.26,113.741
20995,03/12/2026 04:12:15,3.27,113.658
20996,03/12/2026 04:22:15,3.28,113.685
20997,03/12/2026 04:32:15,3.28,113.707
20998,03/12/2026 04:42:15,3.28,113.645
20999,03/12/2026 04:52:15,3.28,113.654
21000,03/12/2026 05:02:15,3.27,113.650
21001,03/12/2026 05:12:15,3.27,113.667
21002,03/12/2026 05:22:15,3.27,113.658
21003,03/12/2026 05:32:15,3.27,113.729
21004,03/12/2026 05:42:15,3.27,113.676
21005,03/12/2026 05:52:15,3.28,113.663
21006,03/12/2026 06:02:15,3.28,113.720
21007,03/12/2026 06:12:15,3.28,113.803
21008,03/12/2026 06:22:15,3.28,113.852
21009,03/12/2026 06:32:15,3.28,113.918
21010,03/12/2026 06:42:15,3.28,113.948
21011,03/12/2026 06:52:15,3.28,114.023
21012,03/12/2026 07:02:15,3.28,114.071
21013,03/12/2026 07:12:15,3.27,114.071
21014,03/12/2026 07:22:15,3.27,114.158
21015,03/12/2026 07:32:15,3.26,114.153
21016,03/12/2026 07:42:15,3.25,114.214
21017,03/12/2026 07:52:15,3.24,114.267
21018,03/12/2026 08:02:15,3.23,114.257
21019,03/12/2026 08:12:15,3.22,114.349
21020,03/12/2026 08:22:15,3.22,114.393
21021,03/12/2026 08:32:15,3.21,114.471
21022,03/12/2026 08:42:15,3.20,114.524
21023,03/12/2026 08:52:15,3.20,114.471
21024,03/12/2026 09:02:15,3.19,114.479
21025,03/12/2026 09:12:15,3.19,114.558
21026,03/12/2026 09:22:15,3.18,114.619
21027,03/12/2026 09:32:15,3.18,114.637
21028,03/12/2026 09:42:15,3.18,114.628
21029,03/12/2026 09:52:15,3.17,114.834
21030,03/12/2026 10:02:15,3.16,114.864
21031,03/12/2026 10:12:15,3.15,114.920
21032,03/12/2026 10:22:15,3.14,114.894
21033,03/12/2026 10:32:15,3.13,114.828
21034,03/12/2026 10:42:15,3.13,114.924
21035,03/12/2026 10:52:15,3.13,114.942
21036,03/12/2026 11:02:15,3.14,114.990
21037,03/12/2026 11:12:15,3.14,114.881
21038,03/12/2026 11:22:15,3.14,114.938
21039,03/12/2026 11:32:15,3.14,115.004
21040,03/12/2026 11:42:15,3.14,114.982
21041,03/12/2026 11:52:15,3.14,114.889
21042,03/12/2026 12:02:15,3.13,114.854
21043,03/12/2026 12:12:15,3.13,114.924
21044,03/12/2026 12:22:15,3.12,114.884
21045,03/12/2026 12:32:15,3.12,114.923
21046,03/12/2026 12:42:15,3.11,114.928
21047,03/12/2026 12:52:15,3.10,114.954
21048,03/12/2026 13:02:15,3.09,114.936
21049,03/12/2026 13:12:15,3.09,114.940
21050,03/12/2026 13:22:15,3.09,114.900
21051,03/12/2026 13:32:15,3.09,114.900
21052,03/12/2026 13:42:15,3.08,114.861
21053,03/12/2026 13:52:15,3.08,114.830
21054,03/12/2026 14:02:15,3.08,114.795
21055,03/12/2026 14:12:15,3.08,114.747
21056,03/12/2026 14:22:15,3.07,114.768
21057,03/12/2026 14:32:15,3.07,114.755
21058,03/12/2026 14:42:15,3.06,114.729
21059,03/12/2026 14:52:15,3.06,114.632
21060,03/12/2026 15:02:15,3.05,114.640
21061,03/12/2026 15:12:15,3.04,114.658
21062,03/12/2026 15:22:15,3.04,114.653
21063,03/12/2026 15:32:15,3.03,114.648
21064,03/12/2026 15:42:15,3.02,114.635
21065,03/12/2026 15:52:15,3.02,114.542
21066,03/12/2026 16:02:15,3.01,114.538
21067,03/12/2026 16:12:15,3.00,114.472
21068,03/12/2026 16:22:15,3.00,114.489
21069,03/12/2026 16:32:15,2.99,114.436
21070,03/12/2026 16:42:15,2.98,114.480
21071,03/12/2026 16:52:15,2.97,114.431
21072,03/12/2026 17:02:15,2.96,114.440
21073,03/12/2026 17:12:15,2.95,114.395
21074,03/12/2026 17:22:15,2.95,114.338
21075,03/12/2026 17:32:15,2.95,114.343
21076,03/12/2026 17:42:15,2.94,114.347
21077,03/12/2026 17:52:15,2.93,114.333
21078,03/12/2026 18:02:15,2.92,114.324
21079,03/12/2026 18:12:15,2.91,114.372
21080,03/12/2026 18:22:15,2.90,114.332
21081,03/12/2026 18:32:15,2.89,114.305
21082,03/12/2026 18:42:15,2.87,114.318
21083,03/12/2026 18:52:15,2.86,114.256
21084,03/12/2026 19:02:15,2.84,114.255
21085,03/12/2026 19:12:15,2.83,114.224
21086,03/12/2026 19:22:15,2.81,114.206
21087,03/12/2026 19:32:15,2.80,114.192
21088,03/12/2026 19:42:15,2.78,114.134
21089,03/12/2026 19:52:15,2.77,114.134
21090,03/12/2026 20:02:15,2.75,114.094
21091,03/12/2026 20:12:15,2.73,114.115
21092,03/12/2026 20:22:15,2.72,114.114
21093,03/12/2026 20:32:15,2.70,114.065
21094,03/12/2026 20:42:15,2.68,114.095
21095,03/12/2026 20:52:15,2.67,114.161
21096,03/12/2026 21:02:15,2.65,114.037
21097,03/12/2026 21:12:15,2.64,113.988
21098,03/12/2026 21:22:15,2.62,114.010
21099,03/12/2026 21:32:15,2.60,114.018
21100,03/12/2026 21:42:15,2.59,113.951
21101,03/12/2026 21:52:15,2.57,113.902
21102,03/12/2026 22:02:15,2.56,113.893
21103,03/12/2026 22:12:15,2.54,113.849
21104,03/12/2026 22:22:15,2.53,113.817
21105,03/12/2026 22:32:15,2.51,113.791
21106,03/12/2026 22:42:15,2.49,113.750
21107,03/12/2026 22:52:15,2.47,113.706
21108,03/12/2026 23:02:15,2.45,113.836
21109,03/12/2026 23:12:15,2.43,113.678
21110,03/12/2026 23:22:15,2.40,113.751
21111,03/12/2026 23:32:15,2.38,113.597
21112,03/12/2026 23:42:15,2.36,113.649
21113,03/12/2026 23:52:15,2.34,113.543
21114,03/13/2026 00:02:15,2.32,113.533
21115,03/13/2026 00:12:15,2.30,113.554
21116,03/13/2026 00:22:15,2.27,113.505
21117,03/13/2026 00:32:15,2.25,113.513
21118,03/13/2026 00:42:15,2.22,113.450
21119,03/13/2026 00:52:15,2.20,113.454
21120,03/13/2026 01:02:15,2.18,113.383
21121,03/13/2026 01:12:15,2.16,113.347
21122,03/13/2026 01:22:15,2.14,113.320
21123,03/13/2026 01:32:15,2.13,113.289
21124,03/13/2026 01:42:15,2.11,113.271
21125,03/13/2026 01:52:15,2.09,113.261
21126,03/13/2026 02:02:15,2.07,113.256
21127,03/13/2026 02:12:15,2.05,113.203
21128,03/13/2026 02:22:15,2.03,113.228
21129,03/13/2026 02:32:15,2.01,113.205
21130,03/13/2026 02:42:15,2.00,113.192
21131,03/13/2026 02:52:15,1.98,113.152
21132,03/13/2026 03:02:15,1.96,113.089
21133,03/13/2026 03:12:15,1.95,113.076
21134,03/13/2026 03:22:15,1.93,113.071
21135,03/13/2026 03:32:15,1.92,113.026
21136,03/13/2026 03:42:15,1.90,112.982
21137,03/13/2026 03:52:15,1.89,112.977
21138,03/13/2026 04:02:15,1.87,112.968
21139,03/13/2026 04:12:15,1.86,112.906
21140,03/13/2026 04:22:15,1.84,112.909
21141,03/13/2026 04:32:15,1.82,112.900
21142,03/13/2026 04:42:15,1.81,112.834
21143,03/13/2026 04:52:15,1.79,112.921
21144,03/13/2026 05:02:15,1.77,112.824
21145,03/13/2026 05:12:15,1.76,112.744
21146,03/13/2026 05:22:15,1.74,112.792
21147,03/13/2026 05:32:15,1.73,112.738
21148,03/13/2026 05:42:15,1.71,112.690
21149,03/13/2026 05:52:15,1.69,112.685
21150,03/13/2026 06:02:15,1.68,112.623
21151,03/13/2026 06:12:15,1.67,112.635
21152,03/13/2026 06:22:15,1.65,112.608
21153,03/13/2026 06:32:15,1.63,112.568
21154,03/13/2026 06:42:15,1.62,112.594
21155,03/13/2026 06:52:15,1.60,112.598
21156,03/13/2026 07:02:15,1.59,112.659
21157,03/13/2026 07:12:15,1.57,112.584
21158,03/13/2026 07:22:15,1.56,112.526
21159,03/13/2026 07:32:15,1.55,112.569
21160,03/13/2026 07:42:15,1.53,112.494
21161,03/13/2026 07:52:15,1.52,112.502
21162,03/13/2026 08:02:15,1.51,112.541
21163,03/13/2026 08:12:15,1.49,112.488
21164,03/13/2026 08:22:15,1.48,112.479
21165,03/13/2026 08:32:15,1.47,112.444
21166,03/13/2026 08:42:15,1.46,112.421
21167,03/13/2026 08:52:15,1.46,112.413
21168,03/13/2026 09:02:15,1.46,112.461
21169,03/13/2026 09:12:15,1.45,112.412
21170,03/13/2026 09:22:15,1.46,112.373
21171,03/13/2026 09:32:15,1.46,112.325
21172,03/13/2026 09:42:15,1.46,112.299
21173,03/13/2026 09:52:15,1.47,112.264
21174,03/13/2026 10:02:15,1.48,112.264
21175,03/13/2026 10:12:15,1.50,112.186
21176,03/13/2026 10:22:15,1.51,112.195
21177,03/13/2026 10:32:15,1.54,112.118
21178,03/13/2026 10:42:15,1.56,112.070
21179,03/13/2026 10:52:15,1.59,112.050
21180,03/13/2026 11:02:15,1.63,112.007
21181,03/13/2026 11:12:15,1.66,112.004
21182,03/13/2026 11:22:15,1.70,111.944
21183,03/13/2026 11:32:15,1.74,111.937
21184,03/13/2026 11:42:15,1.78,111.952
21185,03/13/2026 11:52:15,1.83,111.875
21186,03/13/2026 12:02:15,1.88,111.846
21187,03/13/2026 12:12:15,1.93,111.778
21188,03/13/2026 12:22:15,1.98,111.767
21189,03/13/2026 12:32:15,2.04,111.747
21190,03/13/2026 12:42:15,2.09,111.749
21191,03/13/2026 12:52:15,2.14,111.694
21192,03/13/2026 13:02:15,2.19,111.678
21193,03/13/2026 13:12:15,2.24,111.605
21194,03/13/2026 13:22:15,2.28,111.607
21195,03/13/2026 13:32:15,2.33,111.600
21196,03/13/2026 13:42:15,2.37,111.514
21197,03/13/2026 13:52:15,2.41,111.516
21198,03/13/2026 14:02:15,2.45,111.430
21199,03/13/2026 14:12:15,2.49,111.405
21200,03/13/2026 14:22:15,2.53,111.393
21201,03/13/2026 14:32:15,2.57,111.298
21202,03/13/2026 14:42:15,2.61,111.269
21203,03/13/2026 14:52:15,2.65,111.205
21204,03/13/2026 15:02:15,2.69,111.215
21205,03/13/2026 15:12:15,2.73,111.186
21206,03/13/2026 15:22:15,2.75,111.130
21207,03/13/2026 15:32:15,2.77,111.161
21208,03/13/2026 15:42:15,2.79,111.127
21209,03/13/2026 15:52:15,2.80,111.131
21210,03/13/2026 16:02:15,2.81,111.189
21211,03/13/2026 16:12:15,2.81,111.088
21212,03/13/2026 16:22:15,2.81,111.079
21213,03/13/2026 16:32:15,2.81,111.022
21214,03/13/2026 16:42:15,2.80,110.974
21215,03/13/2026 16:52:15,2.80,110.996
21216,03/13/2026 17:02:15,2.80,110.938
21217,03/13/2026 17:12:15,2.81,110.763
21218,03/13/2026 17:22:15,2.81,110.719
21219,03/13/2026 17:32:15,2.81,110.851
21220,03/13/2026 17:42:15,2.81,110.860
21221,03/13/2026 17:52:15,2.81,110.856
21222,03/13/2026 18:02:15,2.81,110.763
21223,03/13/2026 18:12:15,2.81,110.741
21224,03/13/2026 18:22:15,2.81,110.750
21225,03/13/2026 18:32:15,2.81,110.755
21226,03/13/2026 18:42:15,2.81,110.732
21227,03/13/2026 18:52:15,2.80,110.688
21228,03/13/2026 19:02:15,2.80,110.693
21229,03/13/2026 19:12:15,2.79,110.684
21230,03/13/2026 19:22:15,2.78,110.644
21231,03/13/2026 19:32:15,2.77,110.626
21232,03/13/2026 19:42:15,2.76,110.590
21233,03/13/2026 19:52:15,2.75,110.586
21234,03/13/2026 20:02:15,2.75,110.520
21235,03/13/2026 20:12:15,2.74,110.537
21236,03/13/2026 20:22:15,2.73,110.532
21237,03/13/2026 20:32:15,2.71,110.488
21238,03/13/2026 20:42:15,2.70,110.478
21239,03/13/2026 20:52:15,2.69,110.443
21240,03/13/2026 21:02:15,2.68,110.451
21241,03/13/2026 21:12:15,2.67,110.394
21242,03/13/2026 21:22:15,2.66,110.416
21243,03/13/2026 21:32:15,2.65,110.340
21244,03/13/2026 21:42:15,2.64,110.296
21245,03/13/2026 21:52:15,2.63,110.318
21246,03/13/2026 22:02:15,2.61,110.300
21247,03/13/2026 22:12:15,2.60,110.299
21248,03/13/2026 22:22:15,2.59,110.237
21249,03/13/2026 22:32:15,2.58,110.215
21250,03/13/2026 22:42:15,2.57,110.188
21251,03/13/2026 22:52:15,2.56,110.148
21252,03/13/2026 23:02:15,2.55,110.126
21253,03/13/2026 23:12:15,2.54,110.126
21254,03/13/2026 23:22:15,2.53,110.103
21255,03/13/2026 23:32:15,2.52,110.037
21256,03/13/2026 23:42:15,2.51,110.028
21257,03/13/2026 23:52:15,2.50,109.984
21258,03/14/2026 00:02:15,2.50,109.975
21259,03/14/2026 00:12:15,2.49,109.913
21260,03/14/2026 00:22:15,2.48,109.878
21261,03/14/2026 00:32:15,2.47,109.891
21262,03/14/2026 00:42:15,2.47,109.873
21263,03/14/2026 00:52:15,2.46,109.833
21264,03/14/2026 01:02:15,2.45,109.824
21265,03/14/2026 01:12:15,2.44,109.780
21266,03/14/2026 01:22:15,2.44,109.767
21267,03/14/2026 01:32:15,2.44,109.736
21268,03/14/2026 01:42:15,2.43,109.705
21269,03/14/2026 01:52:15,2.43,109.740
21270,03/14/2026 02:02:15,2.42,109.665
21271,03/14/2026 02:12:15,2.42,109.599
21272,03/14/2026 02:22:15,2.41,109.577
21273,03/14/2026 02:32:15,2.40,109.537
21274,03/14/2026 02:42:15,2.39,109.541
21275,03/14/2026 02:52:15,2.38,109.510
21276,03/14/2026 03:02:15,2.36,109.522
21277,03/14/2026 03:12:15,2.35,109.439
21278,03/14/2026 03:22:15,2.34,109.451
21279,03/14/2026 03:32:15,2.32,109.442
21280,03/14/2026 03:42:15,2.31,109.398
21281,03/14/2026 03:52:15,2.30,109.424
21282,03/14/2026 04:02:15,2.29,109.353
21283,03/14/2026 04:12:15,2.27,109.352
21284,03/14/2026 04:22:15,2.26,109.374
21285,03/14/2026 04:32:15,2.24,109.360
21286,03/14/2026 04:42:15,2.23,109.333
21287,03/14/2026 04:52:15,2.21,109.341
21288,03/14/2026 05:02:15,2.19,109.358
21289,03/14/2026 05:12:15,2.18,109.314
21290,03/14/2026 05:22:15,2.16,109.313
21291,03/14/2026 05:32:15,2.14,109.282
21292,03/14/2026 05:42:15,2.13,109.268
21293,03/14/2026 05:52:15,2.12,109.250
21294,03/14/2026 06:02:15,2.10,109.254
21295,03/14/2026 06:12:15,2.09,109.262
21296,03/14/2026 06:22:15,2.07,109.257
21297,03/14/2026 06:32:15,2.06,109.226
21298,03/14/2026 06:42:15,2.04,109.260
21299,03/14/2026 06:52:15,2.03,109.282
21300,03/14/2026 07:02:15,2.02,109.264
21301,03/14/2026 07:12:15,2.01,109.237
21302,03/14/2026 07:22:15,2.00,109.259
21303,03/14/2026 07:32:15,1.98,109.228
21304,03/14/2026 07:42:15,1.98,109.223
21305,03/14/2026 07:52:15,1.97,109.240
21306,03/14/2026 08:02:15,1.96,109.196
21307,03/14/2026 08:12:15,1.96,109.213
21308,03/14/2026 08:22:15,1.96,109.240
21309,03/14/2026 08:32:15,1.96,109.284
21310,03/14/2026 08:42:15,1.96,109.244
21311,03/14/2026 08:52:15,1.96,109.227
21312,03/14/2026 09:02:15,1.97,109.236
21313,03/14/2026 09:12:15,1.97,109.223
21314,03/14/2026 09:22:15,1.98,109.271
21315,03/14/2026 09:32:15,2.00,109.246
21316,03/14/2026 09:42:15,2.02,109.255
21317,03/14/2026 09:52:15,2.05,109.296
21318,03/14/2026 10:02:15,2.07,109.288
21319,03/14/2026 10:12:15,2.08,109.319
21320,03/14/2026 10:22:15,2.09,109.350
21321,03/14/2026 10:32:15,2.10,109.368
21322,03/14/2026 10:42:15,2.10,109.350
21323,03/14/2026 10:52:15,2.11,109.346
21324,03/14/2026 11:02:15,2.12,109.338
21325,03/14/2026 11:12:15,2.13,109.364
21326,03/14/2026 11:22:15,2.14,109.378
21327,03/14/2026 11:32:15,2.15,109.374
21328,03/14/2026 11:42:15,2.17,109.471
21329,03/14/2026 11:52:15,2.18,109.485
21330,03/14/2026 12:02:15,2.20,109.411
21331,03/14/2026 12:12:15,2.22,109.425
21332,03/14/2026 12:22:15,2.24,109.430
21333,03/14/2026 12:32:15,2.26,109.483
21334,03/14/2026 12:42:15,2.28,109.467
21335,03/14/2026 12:52:15,2.30,109.476
21336,03/14/2026 13:02:15,2.31,109.485
21337,03/14/2026 13:12:15,2.33,109.495
21338,03/14/2026 13:22:15,2.34,109.495
21339,03/14/2026 13:32:15,2.35,109.509
21340,03/14/2026 13:42:15,2.36,109.514
21341,03/14/2026 13:52:15,2.38,109.519
21342,03/14/2026 14:02:15,2.39,109.506
21343,03/14/2026 14:12:15,2.41,109.476
21344,03/14/2026 14:22:15,2.43,109.516
21345,03/14/2026 14:32:15,2.44,109.530
21346,03/14/2026 14:42:15,2.46,109.513
21347,03/14/2026 14:52:15,2.48,109.549
21348,03/14/2026 15:02:15,2.51,109.572
21349,03/14/2026 15:12:15,2.54,109.590
21350,03/14/2026 15:22:15,2.56,109.666
21351,03/14/2026 15:32:15,2.58,109.671
21352,03/14/2026 15:42:15,2.59,109.680
21353,03/14/2026 15:52:15,2.60,109.707
21354,03/14/2026 16:02:15,2.61,109.768
21355,03/14/2026 16:12:15,2.61,109.778
21356,03/14/2026 16:22:15,2.62,109.791
21357,03/14/2026 16:32:15,2.63,109.782
21358,03/14/2026 16:42:15,2.63,109.804
21359,03/14/2026 16:52:15,2.64,109.853
21360,03/14/2026 17:02:15,2.64,109.853
21361,03/14/2026 17:12:15,2.64,109.844
21362,03/14/2026 17:22:15,2.65,109.862
21363,03/14/2026 17:32:15,2.65,109.875
21364,03/14/2026 17:42:15,2.66,109.915
21365,03/14/2026 17:52:15,2.67,109.946
21366,03/14/2026 18:02:15,2.68,109.947
21367,03/14/2026 18:12:15,2.68,109.978
21368,03/14/2026 18:22:15,2.69,109.995
21369,03/14/2026 18:32:15,2.70,110.026
21370,03/14/2026 18:42:15,2.70,110.048
21371,03/14/2026 18:52:15,2.70,110.057
21372,03/14/2026 19:02:15,2.69,110.079
21373,03/14/2026 19:12:15,2.68,110.122
21374,03/14/2026 19:22:15,2.67,110.126
21375,03/14/2026 19:32:15,2.66,110.148
21376,03/14/2026 19:42:15,2.65,110.161
21377,03/14/2026 19:52:15,2.64,110.173
21378,03/14/2026 20:02:15,2.63,110.217
21379,03/14/2026 20:12:15,2.61,110.238
21380,03/14/2026 20:22:15,2.60,110.251
21381,03/14/2026 20:32:15,2.59,110.320
21382,03/14/2026 20:42:15,2.57,110.351
21383,03/14/2026 20:52:15,2.55,110.350
21384,03/14/2026 21:02:15,2.53,110.362
21385,03/14/2026 21:12:15,2.51,110.357
21386,03/14/2026 21:22:15,2.50,110.400
21387,03/14/2026 21:32:15,2.48,110.408
21388,03/14/2026 21:42:15,2.46,110.443
21389,03/14/2026 21:52:15,2.44,110.438
21390,03/14/2026 22:02:15,2.42,110.446
21391,03/14/2026 22:12:15,2.41,110.415
21392,03/14/2026 22:22:15,2.39,110.445
21393,03/14/2026 22:32:15,2.37,110.444
21394,03/14/2026 22:42:15,2.36,110.461
21395,03/14/2026 22:52:15,2.34,110.482
21396,03/14/2026 23:02:15,2.33,110.482
21397,03/14/2026 23:12:15,2.31,110.481
21398,03/14/2026 23:22:15,2.30,110.476
21399,03/14/2026 23:32:15,2.29,110.432
21400,03/14/2026 23:42:15,2.27,110.471
21401,03/14/2026 23:52:15,2.26,110.466
21402,03/15/2026 00:02:15,2.24,110.465
21403,03/15/2026 00:12:15,2.23,110.460
21404,03/15/2026 00:22:15,2.22,110.443
21405,03/15/2026 00:32:15,2.21,110.446
21406,03/15/2026 00:42:15,2.20,110.481
21407,03/15/2026 00:52:15,2.19,110.485
21408,03/15/2026 01:02:15,2.18,110.489
21409,03/15/2026 01:12:15,2.17,110.480
21410,03/15/2026 01:22:15,2.15,110.449
21411,03/15/2026 01:32:15,2.14,110.506
21412,03/15/2026 01:42:15,2.13,110.492
21413,03/15/2026 01:52:15,2.12,110.522
21414,03/15/2026 02:02:15,2.11,110.517
21415,03/15/2026 02:12:15,2.10,110.543
21416,03/15/2026 02:22:15,2.08,110.521
21417,03/15/2026 02:32:15,2.07,110.520
21418,03/15/2026 02:42:15,2.05,110.498
21419,03/15/2026 02:52:15,2.04,110.523
21420,03/15/2026 03:02:15,2.02,110.527
21421,03/15/2026 03:12:15,2.01,110.531
21422,03/15/2026 03:22:15,1.99,110.530
21423,03/15/2026 03:32:15,1.97,110.538
21424,03/15/2026 03:42:15,1.95,110.547
21425,03/15/2026 03:52:15,1.94,110.568
21426,03/15/2026 04:02:15,1.92,110.594
21427,03/15/2026 04:12:15,1.91,110.558
21428,03/15/2026 04:22:15,1.89,110.575
21429,03/15/2026 04:32:15,1.87,110.565
21430,03/15/2026 04:42:15,1.86,110.596
21431,03/15/2026 04:52:15,1.85,110.608
21432,03/15/2026 05:02:15,1.83,110.647
21433,03/15/2026 05:12:15,1.82,110.664
21434,03/15/2026 05:22:15,1.80,110.655
21435,03/15/2026 05:32:15,1.79,110.694
21436,03/15/2026 05:42:15,1.78,110.671
21437,03/15/2026 05:52:15,1.77,110.684
21438,03/15/2026 06:02:15,1.76,110.636
21439,03/15/2026 06:12:15,1.75,110.622
21440,03/15/2026 06:22:15,1.74,110.591
21441,03/15/2026 06:32:15,1.73,110.612
21442,03/15/2026 06:42:15,1.72,110.608
21443,03/15/2026 06:52:15,1.71,110.634
21444,03/15/2026 07:02:15,1.69,110.651
21445,03/15/2026 07:12:15,1.69,110.690
21446,03/15/2026 07:22:15,1.68,110.672
21447,03/15/2026 07:32:15,1.67,110.667
21448,03/15/2026 07:42:15,1.67,110.654
21449,03/15/2026 07:52:15,1.66,110.702
21450,03/15/2026 08:02:15,1.66,110.711
21451,03/15/2026 08:12:15,1.65,110.689
21452,03/15/2026 08:22:15,1.65,110.711
21453,03/15/2026 08:32:15,1.65,110.711
21454,03/15/2026 08:42:15,1.66,110.711
21455,03/15/2026 08:52:15,1.66,110.715
21456,03/15/2026 09:02:15,1.66,110.733
21457,03/15/2026 09:12:15,1.67,110.724
21458,03/15/2026 09:22:15,1.67,110.742
21459,03/15/2026 09:32:15,1.68,110.712
21460,03/15/2026 09:42:15,1.69,110.677
21461,03/15/2026 09:52:15,1.71,110.682
21462,03/15/2026 10:02:15,1.72,110.687
21463,03/15/2026 10:12:15,1.74,110.661
21464,03/15/2026 10:22:15,1.75,110.657
21465,03/15/2026 10:32:15,1.77,110.667
21466,03/15/2026 10:42:15,1.80,110.663
21467,03/15/2026 10:52:15,1.83,110.669
21468,03/15/2026 11:02:15,1.85,110.630
21469,03/15/2026 11:12:15,1.88,110.658
21470,03/15/2026 11:22:15,1.91,110.637
21471,03/15/2026 11:32:15,1.93,110.598
21472,03/15/2026 11:42:15,1.96,110.573
21473,03/15/2026 11:52:15,1.99,110.548
21474,03/15/2026 12:02:15,2.02,110.544
21475,03/15/2026 12:12:15,2.04,110.550
21476,03/15/2026 12:22:15,2.08,110.529
21477,03/15/2026 12:32:15,2.11,110.513
21478,03/15/2026 12:42:15,2.15,110.510
21479,03/15/2026 12:52:15,2.19,110.472
21480,03/15/2026 13:02:15,2.23,110.461
21481,03/15/2026 13:12:15,2.28,110.427
21482,03/15/2026 13:22:15,2.32,110.411
21483,03/15/2026 13:32:15,2.37,110.400
21484,03/15/2026 13:42:15,2.41,110.375
21485,03/15/2026 13:52:15,2.46,110.359
21486,03/15/2026 14:02:15,2.50,110.317
21487,03/15/2026 14:12:15,2.55,110.302
21488,03/15/2026 14:22:15,2.59,110.268
21489,03/15/2026 14:32:15,2.63,110.270
21490,03/15/2026 14:42:15,2.67,110.245
21491,03/15/2026 14:52:15,2.71,110.228
21492,03/15/2026 15:02:15,2.74,110.217
21493,03/15/2026 15:12:15,2.78,110.179
21494,03/15/2026 15:22:15,2.81,110.180
21495,03/15/2026 15:32:15,2.85,110.172
21496,03/15/2026 15:42:15,2.88,110.160
21497,03/15/2026 15:52:15,2.91,110.157
21498,03/15/2026 16:02:15,2.93,110.127
21499,03/15/2026 16:12:15,2.96,110.115
21500,03/15/2026 16:22:15,2.99,110.125
21501,03/15/2026 16:32:15,3.01,110.117
21502,03/15/2026 16:42:15,3.04,110.105
21503,03/15/2026 16:52:15,3.06,110.084
21504,03/15/2026 17:02:15,3.09,110.089
21505,03/15/2026 17:12:15,3.11,110.073
21506,03/15/2026 17:22:15,3.13,110.069
21507,03/15/2026 17:32:15,3.15,110.074
21508,03/15/2026 17:42:15,3.16,110.070
21509,03/15/2026 17:52:15,3.17,110.106
21510,03/15/2026 18:02:15,3.18,110.088
21511,03/15/2026 18:12:15,3.19,110.076
21512,03/15/2026 18:22:15,3.19,110.084
21513,03/15/2026 18:32:15,3.19,110.106
21514,03/15/2026 18:42:15,3.19,110.111
21515,03/15/2026 18:52:15,3.19,110.089
21516,03/15/2026 19:02:15,3.18,110.106
21517,03/15/2026 19:12:15,3.18,110.093
21518,03/15/2026 19:22:15,3.18,110.075
21519,03/15/2026 19:32:15,3.17,110.075
21520,03/15/2026 19:42:15,3.17,110.083
21521,03/15/2026 19:52:15,3.16,110.057
21522,03/15/2026 20:02:15,3.15,110.048
21523,03/15/2026 20:12:15,3.14,110.030
21524,03/15/2026 20:22:15,3.14,110.012
21525,03/15/2026 20:32:15,3.13,109.999
21526,03/15/2026 20:42:15,3.12,109.981
21527,03/15/2026 20:52:15,3.11,109.950
21528,03/15/2026 21:02:15,3.10,109.932
21529,03/15/2026 21:12:15,3.09,109.944
21530,03/15/2026 21:22:15,3.08,109.931
21531,03/15/2026 21:32:15,3.07,109.926
21532,03/15/2026 21:42:15,3.06,109.900
21533,03/15/2026 21:52:15,3.05,109.864
21534,03/15/2026 22:02:15,3.04,109.846
21535,03/15/2026 22:12:15,3.03,109.824
21536,03/15/2026 22:22:15,3.02,109.801
21537,03/15/2026 22:32:15,3.01,109.779
21538,03/15/2026 22:42:15,3.01,109.779
21539,03/15/2026 22:52:15,3.00,109.731
21540,03/15/2026 23:02:15,2.99,109.717
21541,03/15/2026 23:12:15,2.99,109.721
21542,03/15/2026 23:22:15,2.98,109.686
21543,03/15/2026 23:32:15,2.98,109.651
21544,03/15/2026 23:42:15,2.98,109.603
21545,03/15/2026 23:52:15,2.98,109.572
21546,03/16/2026 00:02:15,2.98,109.550
21547,03/16/2026 00:12:15,2.97,109.515
21548,03/16/2026 00:22:15,2.97,109.514
21549,03/16/2026 00:32:15,2.97,109.484
21550,03/16/2026 00:42:15,2.97,109.440
21551,03/16/2026 00:52:15,2.97,109.409
21552,03/16/2026 01:02:15,2.97,109.378
21553,03/16/2026 01:12:15,2.98,109.357
21554,03/16/2026 01:22:15,2.98,109.322
21555,03/16/2026 01:32:15,2.98,109.291
21556,03/16/2026 01:42:15,2.98,109.304
21557,03/16/2026 01:52:15,2.99,109.296
21558,03/16/2026 02:02:15,2.99,109.274
21559,03/16/2026 02:12:15,3.00,109.226
21560,03/16/2026 02:22:15,3.00,109.186
21561,03/16/2026 02:32:15,3.00,109.169
21562,03/16/2026 02:42:15,3.01,109.134
21563,03/16/2026 02:52:15,3.01,109.090
21564,03/16/2026 03:02:15,3.01,109.042
21565,03/16/2026 03:12:15,3.02,109.011
21566,03/16/2026 03:22:15,3.02,108.972
21567,03/16/2026 03:32:15,3.03,108.950
21568,03/16/2026 03:42:15,3.03,108.920
21569,03/16/2026 03:52:15,3.03,108.898
21570,03/16/2026 04:02:15,3.04,108.845
21571,03/16/2026 04:12:15,3.04,108.837
21572,03/16/2026 04:22:15,3.05,108.828
21573,03/16/2026 04:32:15,3.05,108.793
21574,03/16/2026 04:42:15,3.06,108.780
21575,03/16/2026 04:52:15,3.06,108.737
21576,03/16/2026 05:02:15,3.06,108.732
21577,03/16/2026 05:12:15,3.07,108.715
21578,03/16/2026 05:22:15,3.07,108.689
21579,03/16/2026 05:32:15,3.07,108.623
21580,03/16/2026 05:42:15,3.08,108.597
21581,03/16/2026 05:52:15,3.08,108.610
21582,03/16/2026 06:02:15,3.10,108.668
21583,03/16/2026 06:12:15,3.13,108.713
21584,03/16/2026 06:22:15,3.16,108.731
21585,03/16/2026 06:32:15,3.21,108.751
21586,03/16/2026 06:42:15,3.26,108.744
21587,03/16/2026 06:52:15,3.31,108.763
21588,03/16/2026 07:02:15,3.34,108.747
21589,03/16/2026 07:12:15,3.37,108.787
21590,03/16/2026 07:22:15,3.39,108.758
21591,03/16/2026 07:32:15,3.41,108.728
21592,03/16/2026 07:42:15,3.42,108.741
21593,03/16/2026 07:52:15,3.42,108.745
21594,03/16/2026 08:02:15,3.41,108.780
21595,03/16/2026 08:12:15,3.41,108.767
21596,03/16/2026 08:22:15,3.41,108.767
21597,03/16/2026 08:32:15,3.41,108.767
21598,03/16/2026 08:42:15,3.41,108.798
21599,03/16/2026 08:52:15,3.41,108.815
21600,03/16/2026 09:02:15,3.41,108.815
21601,03/16/2026 09:12:15,3.42,108.846
21602,03/16/2026 09:22:15,3.43,108.895
21603,03/16/2026 09:32:15,3.44,108.904
21604,03/16/2026 09:42:15,3.46,108.870
21605,03/16/2026 09:52:15,3.48,108.870
21606,03/16/2026 10:02:15,3.48,108.818
21607,03/16/2026 10:12:15,3.49,108.809
21608,03/16/2026 10:22:15,3.48,108.818
21609,03/16/2026 10:32:15,3.48,108.805
21610,03/16/2026 10:42:15,3.48,108.840
21611,03/16/2026 10:52:15,3.48,108.919
21612,03/16/2026 11:02:15,3.49,109.042
21613,03/16/2026 11:12:15,3.52,109.074
21614,03/16/2026 11:22:15,3.55,109.040
21615,03/16/2026 11:32:15,3.59,109.020
21616,03/16/2026 11:42:15,3.63,108.933
21617,03/16/2026 11:52:15,3.65,108.925
21618,03/16/2026 12:02:15,3.66,108.891
21619,03/16/2026 12:12:15,3.67,108.904
21620,03/16/2026 12:22:15,3.67,108.917
21621,03/16/2026 12:32:15,3.67,108.966
21622,03/16/2026 12:42:15,3.68,109.106
21623,03/16/2026 12:52:15,3.72,109.349
21624,03/16/2026 13:02:15,3.76,109.447
21625,03/16/2026 13:12:15,3.83,109.428
21626,03/16/2026 13:22:15,3.91,109.484
21627,03/16/2026 13:32:15,3.98,109.548
21628,03/16/2026 13:42:15,4.03,109.563
21629,03/16/2026 13:52:15,4.07,109.551
21630,03/16/2026 14:02:15,4.10,109.544
21631,03/16/2026 14:12:15,4.12,109.601
21632,03/16/2026 14:22:15,4.12,109.610
21633,03/16/2026 14:32:15,4.11,109.632
21634,03/16/2026 14:42:15,4.10,109.684
21635,03/16/2026 14:52:15,4.09,109.688
21636,03/16/2026 15:02:15,4.08,109.688
21637,03/16/2026 15:12:15,4.07,109.731
21638,03/16/2026 15:22:15,4.06,109.709
21639,03/16/2026 15:32:15,4.05,109.735
21640,03/16/2026 15:42:15,4.05,109.726
21641,03/16/2026 15:52:15,4.05,109.783
21642,03/16/2026 16:02:15,4.05,109.765
21643,03/16/2026 16:12:15,4.05,109.739
21644,03/16/2026 16:22:15,4.05,109.709
21645,03/16/2026 16:32:15,4.06,109.726
21646,03/16/2026 16:42:15,4.06,109.700
21647,03/16/2026 16:52:15,4.08,109.723
21648,03/16/2026 17:02:15,4.09,109.723
21649,03/16/2026 17:12:15,4.10,109.737
21650,03/16/2026 17:22:15,4.12,109.755
21651,03/16/2026 17:32:15,4.13,109.769
21652,03/16/2026 17:42:15,4.14,109.787
21653,03/16/2026 17:52:15,4.16,109.818
21654,03/16/2026 18:02:15,4.18,109.849
21655,03/16/2026 18:12:15,4.19,109.894
21656,03/16/2026 18:22:15,4.21,109.956
21657,03/16/2026 18:32:15,4.23,109.983
21658,03/16/2026 18:42:15,4.25,110.041
21659,03/16/2026 18:52:15,4.27,110.055
21660,03/16/2026 19:02:15,4.29,110.152
21661,03/16/2026 19:12:15,4.31,110.241
21662,03/16/2026 19:22:15,4.33,110.294
21663,03/16/2026 19:32:15,4.35,110.321
21664,03/16/2026 19:42:15,4.36,110.396
21665,03/16/2026 19:52:15,4.38,110.516
21666,03/16/2026 20:02:15,4.40,110.635
21667,03/16/2026 20:12:15,4.43,110.728
21668,03/16/2026 20:22:15,4.47,110.756
21669,03/16/2026 20:32:15,4.54,110.890
21670,03/16/2026 20:42:15,4.60,111.104
21671,03/16/2026 20:52:15,4.66,111.237
21672,03/16/2026 21:02:15,4.69,111.296
21673,03/16/2026 21:12:15,4.71,111.340
21674,03/16/2026 21:22:15,4.72,111.420
21675,03/16/2026 21:32:15,4.72,111.521
21676,03/16/2026 21:42:15,4.72,111.560
21677,03/16/2026 21:52:15,4.73,111.618
21678,03/16/2026 22:02:15,4.75,111.693
21679,03/16/2026 22:12:15,4.79,111.747
21680,03/16/2026 22:22:15,4.83,111.780
21681,03/16/2026 22:32:15,4.89,111.843
21682,03/16/2026 22:42:15,4.93,111.819
21683,03/16/2026 22:52:15,4.95,111.907
21684,03/16/2026 23:02:15,4.95,111.964
21685,03/16/2026 23:12:15,4.95,111.995
21686,03/16/2026 23:22:15,4.94,112.003
21687,03/16/2026 23:32:15,4.94,112.078
21688,03/16/2026 23:42:15,4.95,112.061
21689,03/16/2026 23:52:15,4.98,112.101
21690,03/17/2026 00:02:15,5.01,112.129
21691,03/17/2026 00:12:15,5.05,112.236
21692,03/17/2026 00:22:15,5.08,112.364
21693,03/17/2026 00:32:15,5.11,112.467
21694,03/17/2026 00:42:15,5.13,112.529
21695,03/17/2026 00:52:15,5.14,112.608
21696,03/17/2026 01:02:15,5.16,112.763
21697,03/17/2026 01:12:15,5.18,113.079
21698,03/17/2026 01:22:15,5.20,113.159
21699,03/17/2026 01:32:15,5.21,113.182
21700,03/17/2026 01:42:15,5.23,113.270
21701,03/17/2026 01:52:15,5.22,113.375
21702,03/17/2026 02:02:15,5.21,113.541
21703,03/17/2026 02:12:15,5.21,113.691
21704,03/17/2026 02:22:15,5.24,113.850
21705,03/17/2026 02:32:15,5.28,113.944
21706,03/17/2026 02:42:15,5.30,114.405
21707,03/17/2026 02:52:15,5.30,114.537
21708,03/17/2026 03:02:15,5.29,114.804
21709,03/17/2026 03:12:15,5.26,114.961
21710,03/17/2026 03:22:15,5.25,114.934
21711,03/17/2026 03:32:15,5.25,115.114
21712,03/17/2026 03:42:15,5.26,115.137
21713,03/17/2026 03:52:15,5.27,115.203
21714,03/17/2026 04:02:15,5.27,115.352
21715,03/17/2026 04:12:15,5.26,115.518
21716,03/17/2026 04:22:15,5.24,115.632
21717,03/17/2026 04:32:15,5.24,115.732
21718,03/17/2026 04:42:15,5.25,115.829
21719,03/17/2026 04:52:15,5.27,115.891
21720,03/17/2026 05:02:15,5.27,115.953
21721,03/17/2026 05:12:15,5.27,116.032
21722,03/17/2026 05:22:15,5.26,116.119
21723,03/17/2026 05:32:15,5.25,116.159
21724,03/17/2026 05:42:15,5.25,116.251
21725,03/17/2026 05:52:15,5.25,116.295
21726,03/17/2026 06:02:15,5.26,116.334
21727,03/17/2026 06:12:15,5.27,116.387
21728,03/17/2026 06:22:15,5.29,116.471
21729,03/17/2026 06:32:15,5.30,116.542
21730,03/17/2026 06:42:15,5.29,116.612
21731,03/17/2026 06:52:15,5.28,116.681
21732,03/17/2026 07:02:15,5.26,116.729
21733,03/17/2026 07:12:15,5.24,116.842
21734,03/17/2026 07:22:15,5.22,116.912
21735,03/17/2026 07:32:15,5.19,116.989
21736,03/17/2026 07:42:15,5.17,117.050
21737,03/17/2026 07:52:15,5.17,117.124
21738,03/17/2026 08:02:15,5.16,117.172
21739,03/17/2026 08:12:15,5.15,117.198
21740,03/17/2026 08:22:15,5.14,117.228
21741,03/17/2026 08:32:15,5.12,117.285
21742,03/17/2026 08:42:15,5.10,117.310
21743,03/17/2026 08:52:15,5.09,117.358
21744,03/17/2026 09:02:15,5.06,117.423
21745,03/17/2026 09:12:15,5.03,117.448
21746,03/17/2026 09:22:15,5.00,117.451
21747,03/17/2026 09:32:15,4.97,117.436
21748,03/17/2026 09:42:15,4.92,117.627
21749,03/17/2026 09:52:15,4.86,117.555
21750,03/17/2026 10:02:15,4.82,117.470
21751,03/17/2026 10:12:15,4.79,117.412
21752,03/17/2026 10:22:15,4.77,117.498
21753,03/17/2026 10:32:15,4.75,117.458
21754,03/17/2026 10:42:15,4.73,117.440
21755,03/17/2026 10:52:15,4.72,117.404
21756,03/17/2026 11:02:15,4.71,117.426
21757,03/17/2026 11:12:15,4.70,117.395
21758,03/17/2026 11:22:15,4.69,117.412
21759,03/17/2026 11:32:15,4.69,117.376
21760,03/17/2026 11:42:15,4.68,117.337
21761,03/17/2026 11:52:15,4.67,117.301
21762,03/17/2026 12:02:15,4.66,117.248
21763,03/17/2026 12:12:15,4.65,117.204
21764,03/17/2026 12:22:15,4.64,117.225
21765,03/17/2026 12:32:15,4.66,117.169
21766,03/17/2026 12:42:15,4.69,117.083
21767,03/17/2026 12:52:15,4.73,117.036
21768,03/17/2026 13:02:15,4.76,116.976
21769,03/17/2026 13:12:15,4.79,116.933
21770,03/17/2026 13:22:15,4.82,116.860
21771,03/17/2026 13:32:15,4.84,116.778
21772,03/17/2026 13:42:15,4.86,116.695
21773,03/17/2026 13:52:15,4.89,116.622
21774,03/17/2026 14:02:15,4.92,116.570
21775,03/17/2026 14:12:15,4.95,116.484
21776,03/17/2026 14:22:15,4.99,116.398
21777,03/17/2026 14:32:15,5.00,116.319
21778,03/17/2026 14:42:15,5.01,116.280
21779,03/17/2026 14:52:15,5.01,116.175
21780,03/17/2026 15:02:15,5.02,116.149
21781,03/17/2026 15:12:15,5.02,116.136
21782,03/17/2026 15:22:15,5.01,116.052
21783,03/17/2026 15:32:15,5.02,116.009
21784,03/17/2026 15:42:15,5.05,115.979
21785,03/17/2026 15:52:15,5.09,115.849
21786,03/17/2026 16:02:15,5.11,115.815
21787,03/17/2026 16:12:15,5.13,115.816
21788,03/17/2026 16:22:15,5.13,115.741
21789,03/17/2026 16:32:15,5.14,115.663
21790,03/17/2026 16:42:15,5.17,115.646
21791,03/17/2026 16:52:15,5.23,115.600
21792,03/17/2026 17:02:15,5.28,115.620
21793,03/17/2026 17:12:15,5.34,115.548
21794,03/17/2026 17:22:15,5.38,115.571
21795,03/17/2026 17:32:15,5.40,115.607
21796,03/17/2026 17:42:15,5.42,115.503
21797,03/17/2026 17:52:15,5.42,115.538
21798,03/17/2026 18:02:15,5.42,115.419
21799,03/17/2026 18:12:15,5.41,115.353
21800,03/17/2026 18:22:15,5.40,115.296
21801,03/17/2026 18:32:15,5.39,115.260
21802,03/17/2026 18:42:15,5.37,115.246
21803,03/17/2026 18:52:15,5.35,115.272
21804,03/17/2026 19:02:15,5.33,115.249
21805,03/17/2026 19:12:15,5.29,115.243
21806,03/17/2026 19:22:15,5.26,115.194
21807,03/17/2026 19:32:15,5.22,115.236
21808,03/17/2026 19:42:15,5.18,115.186
21809,03/17/2026 19:52:15,5.14,115.158
21810,03/17/2026 20:02:15,5.11,115.100
21811,03/17/2026 20:12:15,5.07,115.094
21812,03/17/2026 20:22:15,5.03,115.018
21813,03/17/2026 20:32:15,4.99,114.963
21814,03/17/2026 20:42:15,4.95,114.979
21815,03/17/2026 20:52:15,4.91,114.912
21816,03/17/2026 21:02:15,4.87,114.888
21817,03/17/2026 21:12:15,4.83,114.891
21818,03/17/2026 21:22:15,4.79,114.859
21819,03/17/2026 21:32:15,4.75,114.800
21820,03/17/2026 21:42:15,4.71,114.759
21821,03/17/2026 21:52:15,4.68,114.736
21822,03/17/2026 22:02:15,4.64,114.699
21823,03/17/2026 22:12:15,4.61,114.685
21824,03/17/2026 22:22:15,4.58,114.675
21825,03/17/2026 22:32:15,4.55,114.652
21826,03/17/2026 22:42:15,4.54,114.625
21827,03/17/2026 22:52:15,4.54,114.603
21828,03/17/2026 23:02:15,4.53,114.590
21829,03/17/2026 23:12:15,4.53,114.563
21830,03/17/2026 23:22:15,4.52,114.532
21831,03/17/2026 23:32:15,4.51,114.479
21832,03/17/2026 23:42:15,4.51,114.475
21833,03/17/2026 23:52:15,4.50,114.457
21834,03/18/2026 00:02:15,4.50,114.426
21835,03/18/2026 00:12:15,4.50,114.387
21836,03/18/2026 00:22:15,4.50,114.387
21837,03/18/2026 00:32:15,4.50,114.338
21838,03/18/2026 00:42:15,4.50,114.316
21839,03/18/2026 00:52:15,4.49,114.299
21840,03/18/2026 01:02:15,4.49,114.268
21841,03/18/2026 01:12:15,4.48,114.237
21842,03/18/2026 01:22:15,4.47,114.206
21843,03/18/2026 01:32:15,4.47,114.153
21844,03/18/2026 01:42:15,4.46,114.135
21845,03/18/2026 01:52:15,4.46,114.087
21846,03/18/2026 02:02:15,4.45,114.078
21847,03/18/2026 02:12:15,4.44,114.047
21848,03/18/2026 02:22:15,4.43,114.028
21849,03/18/2026 02:32:15,4.41,114.001
21850,03/18/2026 02:42:15,4.39,114.005
21851,03/18/2026 02:52:15,4.37,113.978
21852,03/18/2026 03:02:15,4.35,113.925
21853,03/18/2026 03:12:15,4.32,113.919
21854,03/18/2026 03:22:15,4.28,113.895
21855,03/18/2026 03:32:15,4.23,113.841
21856,03/18/2026 03:42:15,4.21,113.823
21857,03/18/2026 03:52:15,4.21,113.818
21858,03/18/2026 04:02:15,4.20,113.783
21859,03/18/2026 04:12:15,4.17,113.742
21860,03/18/2026 04:22:15,4.14,113.710
21861,03/18/2026 04:32:15,4.10,113.691
21862,03/18/2026 04:42:15,4.06,113.694
21863,03/18/2026 04:52:15,4.01,113.679
21864,03/18/2026 05:02:15,3.91,113.688
21865,03/18/2026 05:12:15,3.79,113.679
21866,03/18/2026 05:22:15,3.66,113.665
21867,03/18/2026 05:32:15,3.59,113.653
21868,03/18/2026 05:42:15,3.54,113.647
21869,03/18/2026 05:52:15,3.43,113.625
21870,03/18/2026 06:02:15,3.27,113.601
21871,03/18/2026 06:12:15,3.14,113.605
21872,03/18/2026 06:22:15,3.03,113.583
21873,03/18/2026 06:32:15,2.95,113.562
21874,03/18/2026 06:42:15,2.88,113.529
21875,03/18/2026 06:52:15,2.84,113.523
21876,03/18/2026 07:02:15,2.79,113.512
21877,03/18/2026 07:12:15,2.74,113.506
21878,03/18/2026 07:22:15,2.72,113.479
21879,03/18/2026 07:32:15,2.70,113.482
21880,03/18/2026 07:42:15,2.66,113.490
21881,03/18/2026 07:52:15,2.61,113.492
21882,03/18/2026 08:02:15,2.57,113.486
21883,03/18/2026 08:12:15,2.52,113.497
21884,03/18/2026 08:22:15,2.46,113.486
21885,03/18/2026 08:32:15,2.39,113.488
21886,03/18/2026 08:42:15,2.34,113.494
21887,03/18/2026 08:52:15,2.29,113.515
21888,03/18/2026 09:02:15,2.25,113.491
21889,03/18/2026 09:12:15,2.20,113.476
21890,03/18/2026 09:22:15,2.17,113.492
21891,03/18/2026 09:32:15,2.14,113.443
21892,03/18/2026 09:42:15,2.11,113.433
21893,03/18/2026 09:52:15,2.10,113.437
21894,03/18/2026 10:02:15,2.08,113.388
21895,03/18/2026 10:12:15,2.08,113.366
21896,03/18/2026 10:22:15,2.08,113.357
21897,03/18/2026 10:32:15,2.09,113.318
21898,03/18/2026 10:42:15,2.09,113.327
21899,03/18/2026 10:52:15,2.10,113.288
21900,03/18/2026 11:02:15,2.11,113.257
21901,03/18/2026 11:12:15,2.12,113.227
21902,03/18/2026 11:22:15,2.13,113.206
21903,03/18/2026 11:32:15,2.14,113.145
21904,03/18/2026 11:42:15,2.16,113.062
21905,03/18/2026 11:52:15,2.18,112.997
21906,03/18/2026 12:02:15,2.20,112.950
21907,03/18/2026 12:12:15,2.22,112.920
21908,03/18/2026 12:22:15,2.25,112.895
21909,03/18/2026 12:32:15,2.27,112.887
21910,03/18/2026 12:42:15,2.30,112.870
21911,03/18/2026 12:52:15,2.32,112.832
21912,03/18/2026 13:02:15,2.35,112.811
21913,03/18/2026 13:12:15,2.37,112.768
21914,03/18/2026 13:22:15,2.40,112.752
21915,03/18/2026 13:32:15,2.43,112.740
21916,03/18/2026 13:42:15,2.46,112.675
21917,03/18/2026 13:52:15,2.48,112.663
21918,03/18/2026 14:02:15,2.51,112.646
21919,03/18/2026 14:12:15,2.54,112.612
21920,03/18/2026 14:22:15,2.57,112.627
21921,03/18/2026 14:32:15,2.59,112.627
21922,03/18/2026 14:42:15,2.61,112.567
21923,03/18/2026 14:52:15,2.63,112.563
21924,03/18/2026 15:02:15,2.65,112.529
21925,03/18/2026 15:12:15,2.67,112.516
21926,03/18/2026 15:22:15,2.68,112.504
21927,03/18/2026 15:32:15,2.70,112.496
21928,03/18/2026 15:42:15,2.72,112.466
21929,03/18/2026 15:52:15,2.74,112.467
21930,03/18/2026 16:02:15,2.75,112.450
21931,03/18/2026 16:12:15,2.77,112.415
21932,03/18/2026 16:22:15,2.78,112.403
21933,03/18/2026 16:32:15,2.80,112.408
21934,03/18/2026 16:42:15,2.81,112.404
21935,03/18/2026 16:52:15,2.83,112.378
21936,03/18/2026 17:02:15,2.84,112.374
21937,03/18/2026 17:12:15,2.86,112.366
21938,03/18/2026 17:22:15,2.87,112.331
21939,03/18/2026 17:32:15,2.88,112.336
21940,03/18/2026 17:42:15,2.90,112.328
21941,03/18/2026 17:52:15,2.91,112.311
21942,03/18/2026 18:02:15,2.92,112.281
21943,03/18/2026 18:12:15,2.93,112.294
21944,03/18/2026 18:22:15,2.95,112.264
21945,03/18/2026 18:32:15,2.96,112.260
21946,03/18/2026 18:42:15,2.97,112.234
21947,03/18/2026 18:52:15,2.98,112.235
21948,03/18/2026 19:02:15,3.00,112.200
21949,03/18/2026 19:12:15,3.01,112.188
21950,03/18/2026 19:22:15,3.02,112.210
21951,03/18/2026 19:32:15,3.03,112.175
21952,03/18/2026 19:42:15,3.04,112.176
21953,03/18/2026 19:52:15,3.05,112.163
21954,03/18/2026 20:02:15,3.06,112.163
21955,03/18/2026 20:12:15,3.07,112.151
21956,03/18/2026 20:22:15,3.08,112.151
21957,03/18/2026 20:32:15,3.09,112.156
21958,03/18/2026 20:42:15,3.10,112.165
21959,03/18/2026 20:52:15,3.11,112.152
21960,03/18/2026 21:02:15,3.12,112.157
21961,03/18/2026 21:12:15,3.13,112.144
21962,03/18/2026 21:22:15,3.14,112.136
21963,03/18/2026 21:32:15,3.15,112.132
21964,03/18/2026 21:42:15,3.16,112.119
21965,03/18/2026 21:52:15,3.16,112.115
21966,03/18/2026 22:02:15,3.17,112.111
21967,03/18/2026 22:12:15,3.18,112.102
21968,03/18/2026 22:22:15,3.19,112.080
21969,03/18/2026 22:32:15,3.19,112.090
21970,03/18/2026 22:42:15,3.20,112.068
21971,03/18/2026 22:52:15,3.20,112.059
21972,03/18/2026 23:02:15,3.21,112.051
21973,03/18/2026 23:12:15,3.21,112.025
21974,03/18/2026 23:22:15,3.22,112.016
21975,03/18/2026 23:32:15,3.22,112.020
21976,03/18/2026 23:42:15,3.23,111.986
21977,03/18/2026 23:52:15,3.23,111.942
21978,03/19/2026 00:02:15,3.23,111.924
21979,03/19/2026 00:12:15,3.23,111.916
21980,03/19/2026 00:22:15,3.24,111.885
21981,03/19/2026 00:32:15,3.24,111.876
21982,03/19/2026 00:42:15,3.24,111.863
21983,03/19/2026 00:52:15,3.24,111.850
21984,03/19/2026 01:02:15,3.24,111.855
21985,03/19/2026 01:12:15,3.25,111.846
21986,03/19/2026 01:22:15,3.25,111.833
21987,03/19/2026 01:32:15,3.25,111.828
21988,03/19/2026 01:42:15,3.25,111.815
21989,03/19/2026 01:52:15,3.25,111.789
21990,03/19/2026 02:02:15,3.25,111.767
21991,03/19/2026 02:12:15,3.24,111.758
21992,03/19/2026 02:22:15,3.24,111.736
21993,03/19/2026 02:32:15,3.23,111.705
21994,03/19/2026 02:42:15,3.23,111.692
21995,03/19/2026 02:52:15,3.23,111.670
21996,03/19/2026 03:02:15,3.22,111.661
21997,03/19/2026 03:12:15,3.22,111.626
21998,03/19/2026 03:22:15,3.22,111.621
21999,03/19/2026 03:32:15,3.22,111.599
22000,03/19/2026 03:42:15,3.22,111.599
22001,03/19/2026 03:52:15,3.22,111.564
22002,03/19/2026 04:02:15,3.22,111.564
22003,03/19/2026 04:12:15,3.22,111.555
22004,03/19/2026 04:22:15,3.22,111.564
22005,03/19/2026 04:32:15,3.22,111.538
22006,03/19/2026 04:42:15,3.21,111.533
22007,03/19/2026 04:52:15,3.21,111.515
22008,03/19/2026 05:02:15,3.20,111.511
22009,03/19/2026 05:12:15,3.19,111.506
22010,03/19/2026 05:22:15,3.18,111.484
22011,03/19/2026 05:32:15,3.17,111.466
22012,03/19/2026 05:42:15,3.15,111.443
22013,03/19/2026 05:52:15,3.14,111.429
22014,03/19/2026 06:02:15,3.12,111.425
22015,03/19/2026 06:12:15,3.11,111.420
22016,03/19/2026 06:22:15,3.10,111.389
22017,03/19/2026 06:32:15,3.09,111.388
22018,03/19/2026 06:42:15,3.09,111.397
22019,03/19/2026 06:52:15,3.08,111.383
22020,03/19/2026 07:02:15,3.07,111.370
22021,03/19/2026 07:12:15,3.06,111.370
22022,03/19/2026 07:22:15,3.05,111.369
22023,03/19/2026 07:32:15,3.04,111.386
22024,03/19/2026 07:42:15,3.03,111.355
22025,03/19/2026 07:52:15,3.02,111.320
22026,03/19/2026 08:02:15,3.01,111.315
22027,03/19/2026 08:12:15,2.99,111.305
22028,03/19/2026 08:22:15,2.98,111.305
22029,03/19/2026 08:32:15,2.96,111.287
22030,03/19/2026 08:42:15,2.95,111.277
22031,03/19/2026 08:52:15,2.93,111.268
22032,03/19/2026 09:02:15,2.92,111.232
22033,03/19/2026 09:12:15,2.90,111.219
22034,03/19/2026 09:22:15,2.88,111.240
22035,03/19/2026 09:32:15,2.87,111.217
22036,03/19/2026 09:42:15,2.86,111.204
22037,03/19/2026 09:52:15,2.84,111.190
22038,03/19/2026 10:02:15,2.83,111.181
22039,03/19/2026 10:12:15,2.82,111.167
22040,03/19/2026 10:22:15,2.82,111.167
22041,03/19/2026 10:32:15,2.81,111.158
22042,03/19/2026 10:42:15,2.80,111.140
22043,03/19/2026 10:52:15,2.80,111.118
22044,03/19/2026 11:02:15,2.80,111.105
22045,03/19/2026 11:12:15,2.80,111.092
22046,03/19/2026 11:22:15,2.80,111.057
22047,03/19/2026 11:32:15,2.80,111.039
22048,03/19/2026 11:42:15,2.79,111.030
22049,03/19/2026 11:52:15,2.79,111.012
22050,03/19/2026 12:02:15,2.78,110.999
22051,03/19/2026 12:12:15,2.78,110.995
22052,03/19/2026 12:22:15,2.78,110.964
22053,03/19/2026 12:32:15,2.77,110.968
22054,03/19/2026 12:42:15,2.77,110.955
22055,03/19/2026 12:52:15,2.77,110.915
22056,03/19/2026 13:02:15,2.77,110.880
22057,03/19/2026 13:12:15,2.77,110.858
22058,03/19/2026 13:22:15,2.77,110.841
22059,03/19/2026 13:32:15,2.78,110.832
22060,03/19/2026 13:42:15,2.78,110.815
22061,03/19/2026 13:52:15,2.79,110.771
22062,03/19/2026 14:02:15,2.79,110.745
22063,03/19/2026 14:12:15,2.79,110.719
22064,03/19/2026 14:22:15,2.80,110.693
22065,03/19/2026 14:32:15,2.80,110.666
22066,03/19/2026 14:42:15,2.81,110.654
22067,03/19/2026 14:52:15,2.82,110.627
22068,03/19/2026 15:02:15,2.82,110.615
22069,03/19/2026 15:12:15,2.83,110.593
22070,03/19/2026 15:22:15,2.83,110.580
22071,03/19/2026 15:32:15,2.84,110.567
22072,03/19/2026 15:42:15,2.85,110.550
22073,03/19/2026 15:52:15,2.85,110.528
22074,03/19/2026 16:02:15,2.86,110.511
22075,03/19/2026 16:12:15,2.86,110.502
22076,03/19/2026 16:22:15,2.87,110.493
22077,03/19/2026 16:32:15,2.87,110.472
22078,03/19/2026 16:42:15,2.88,110.476
22079,03/19/2026 16:52:15,2.88,110.454
22080,03/19/2026 17:02:15,2.89,110.446
22081,03/19/2026 17:12:15,2.89,110.415
22082,03/19/2026 17:22:15,2.90,110.424
22083,03/19/2026 17:32:15,2.90,110.420
22084,03/19/2026 17:42:15,2.91,110.433
22085,03/19/2026 17:52:15,2.91,110.403
22086,03/19/2026 18:02:15,2.91,110.399
22087,03/19/2026 18:12:15,2.92,110.399
22088,03/19/2026 18:22:15,2.92,110.395
22089,03/19/2026 18:32:15,2.93,110.404
22090,03/19/2026 18:42:15,2.93,110.395
22091,03/19/2026 18:52:15,2.93,110.404
22092,03/19/2026 19:02:15,2.94,110.382
22093,03/19/2026 19:12:15,2.94,110.417
22094,03/19/2026 19:22:15,2.94,110.395
22095,03/19/2026 19:32:15,2.95,110.431
22096,03/19/2026 19:42:15,2.95,110.426
22097,03/19/2026 19:52:15,2.95,110.431
22098,03/19/2026 20:02:15,2.95,110.444
22099,03/19/2026 20:12:15,2.96,110.431
22100,03/19/2026 20:22:15,2.96,110.418
22101,03/19/2026 20:32:15,2.96,110.409
22102,03/19/2026 20:42:15,2.96,110.387
22103,03/19/2026 20:52:15,2.96,110.348
22104,03/19/2026 21:02:15,2.97,110.339
22105,03/19/2026 21:12:15,2.97,110.317
22106,03/19/2026 21:22:15,2.97,110.344
22107,03/19/2026 21:32:15,2.97,110.331
22108,03/19/2026 21:42:15,2.97,110.335
22109,03/19/2026 21:52:15,2.98,110.318
22110,03/19/2026 22:02:15,2.98,110.326
22111,03/19/2026 22:12:15,2.98,110.322
22112,03/19/2026 22:22:15,2.98,110.327
22113,03/19/2026 22:32:15,2.98,110.305
22114,03/19/2026 22:42:15,2.98,110.291
22115,03/19/2026 22:52:15,2.98,110.278
22116,03/19/2026 23:02:15,2.98,110.274
22117,03/19/2026 23:12:15,2.98,110.252
22118,03/19/2026 23:22:15,2.98,110.256
22119,03/19/2026 23:32:15,2.98,110.261
22120,03/19/2026 23:42:15,2.97,110.247
22121,03/19/2026 23:52:15,2.97,110.230
22122,03/20/2026 00:02:15,2.97,110.195
22123,03/20/2026 00:12:15,2.97,110.203
22124,03/20/2026 00:22:15,2.96,110.190
22125,03/20/2026 00:32:15,2.96,110.185
22126,03/20/2026 00:42:15,2.96,110.185
22127,03/20/2026 00:52:15,2.96,110.150
22128,03/20/2026 01:02:15,2.96,110.133
22129,03/20/2026 01:12:15,2.96,110.146
22130,03/20/2026 01:22:15,2.96,110.146
22131,03/20/2026 01:32:15,2.95,110.146
22132,03/20/2026 01:42:15,2.95,110.137
22133,03/20/2026 01:52:15,2.95,110.111
22134,03/20/2026 02:02:15,2.95,110.093
22135,03/20/2026 02:12:15,2.95,110.053
22136,03/20/2026 02:22:15,2.95,110.023
22137,03/20/2026 02:32:15,2.95,110.001
22138,03/20/2026 02:42:15,2.95,109.979
22139,03/20/2026 02:52:15,2.95,109.970
22140,03/20/2026 03:02:15,2.95,109.939
22141,03/20/2026 03:12:15,2.95,109.961
22142,03/20/2026 03:22:15,2.95,109.957
22143,03/20/2026 03:32:15,2.95,109.908
22144,03/20/2026 03:42:15,2.95,109.926
22145,03/20/2026 03:52:15,2.95,109.904
22146,03/20/2026 04:02:15,2.95,109.856
22147,03/20/2026 04:12:15,2.95,109.856
22148,03/20/2026 04:22:15,2.95,109.847
22149,03/20/2026 04:32:15,2.95,109.838
22150,03/20/2026 04:42:15,2.95,109.843
22151,03/20/2026 04:52:15,2.95,109.851
22152,03/20/2026 05:02:15,2.95,109.834
22153,03/20/2026 05:12:15,2.95,109.834
22154,03/20/2026 05:22:15,2.95,109.825
22155,03/20/2026 05:32:15,2.95,109.843
22156,03/20/2026 05:42:15,2.95,109.821
22157,03/20/2026 05:52:15,2.95,109.825
22158,03/20/2026 06:02:15,2.95,109.825
22159,03/20/2026 06:12:15,2.95,109.834
22160,03/20/2026 06:22:15,2.95,109.852
22161,03/20/2026 06:32:15,2.95,109.852
22162,03/20/2026 06:42:15,2.95,109.852
22163,03/20/2026 06:52:15,2.95,109.847
22164,03/20/2026 07:02:15,2.95,109.860
22165,03/20/2026 07:12:15,2.95,109.860
22166,03/20/2026 07:22:15,2.95,109.847
22167,03/20/2026 07:32:15,2.95,109.843
22168,03/20/2026 07:42:15,2.95,109.830
22169,03/20/2026 07:52:15,2.95,109.808
22170,03/20/2026 08:02:15,2.94,109.786
22171,03/20/2026 08:12:15,2.94,109.777
22172,03/20/2026 08:22:15,2.94,109.755
22173,03/20/2026 08:32:15,2.94,109.746
22174,03/20/2026 08:42:15,2.93,109.728
22175,03/20/2026 08:52:15,2.93,109.746
22176,03/20/2026 09:02:15,2.93,109.723
22177,03/20/2026 09:12:15,2.92,109.697
22178,03/20/2026 09:22:15,2.92,109.688
22179,03/20/2026 09:32:15,2.91,109.675
22180,03/20/2026 09:42:15,2.91,109.644
22181,03/20/2026 09:52:15,2.90,109.617
22182,03/20/2026 10:02:15,2.90,109.599
22183,03/20/2026 10:12:15,2.89,109.560
22184,03/20/2026 10:22:15,2.89,109.573
22185,03/20/2026 10:32:15,2.89,109.564
22186,03/20/2026 10:42:15,2.88,109.546
22187,03/20/2026 10:52:15,2.88,109.489
22188,03/20/2026 11:02:15,2.88,109.476
22189,03/20/2026 11:12:15,2.88,109.401
22190,03/20/2026 11:22:15,2.88,109.366
22191,03/20/2026 11:32:15,2.88,109.331
22192,03/20/2026 11:42:15,2.88,109.309
22193,03/20/2026 11:52:15,2.88,109.292
22194,03/20/2026 12:02:15,2.88,109.235
22195,03/20/2026 12:12:15,2.88,109.191
22196,03/20/2026 12:22:15,2.89,109.147
22197,03/20/2026 12:32:15,2.89,109.143
22198,03/20/2026 12:42:15,2.90,109.125
22199,03/20/2026 12:52:15,2.90,109.099
22200,03/20/2026 13:02:15,2.91,109.069
22201,03/20/2026 13:12:15,2.92,109.030
22202,03/20/2026 13:22:15,2.94,108.969
22203,03/20/2026 13:32:15,2.95,108.921
22204,03/20/2026 13:42:15,2.96,108.886
22205,03/20/2026 13:52:15,2.97,108.874
22206,03/20/2026 14:02:15,2.99,108.822
22207,03/20/2026 14:12:15,3.01,108.792
22208,03/20/2026 14:22:15,3.02,108.766
22209,03/20/2026 14:32:15,3.04,108.696
22210,03/20/2026 14:42:15,3.06,108.618
22211,03/20/2026 14:52:15,3.08,108.601
22212,03/20/2026 15:02:15,3.10,108.584
22213,03/20/2026 15:12:15,3.12,108.576
22214,03/20/2026 15:22:15,3.14,108.564
22215,03/20/2026 15:32:15,3.16,108.556
22216,03/20/2026 15:42:15,3.18,108.530
22217,03/20/2026 15:52:15,3.21,108.522
22218,03/20/2026 16:02:15,3.23,108.506
22219,03/20/2026 16:12:15,3.25,108.484
22220,03/20/2026 16:22:15,3.27,108.463
22221,03/20/2026 16:32:15,3.29,108.460
22222,03/20/2026 16:42:15,3.31,108.469
22223,03/20/2026 16:52:15,3.33,108.448
22224,03/20/2026 17:02:15,3.34,108.435
22225,03/20/2026 17:12:15,3.36,108.418
22226,03/20/2026 17:22:15,3.38,108.415
22227,03/20/2026 17:32:15,3.40,108.406
22228,03/20/2026 17:42:15,3.41,108.433
22229,03/20/2026 17:52:15,3.43,108.447
22230,03/20/2026 18:02:15,3.45,108.457
22231,03/20/2026 18:12:15,3.46,108.457
22232,03/20/2026 18:22:15,3.48,108.489
22233,03/20/2026 18:32:15,3.49,108.502
22234,03/20/2026 18:42:15,3.51,108.534
22235,03/20/2026 18:52:15,3.52,108.560
22236,03/20/2026 19:02:15,3.54,108.601
22237,03/20/2026 19:12:15,3.55,108.619
22238,03/20/2026 19:22:15,3.57,108.632
22239,03/20/2026 19:32:15,3.59,108.620
22240,03/20/2026 19:42:15,3.61,108.651
22241,03/20/2026 19:52:15,3.63,108.661
22242,03/20/2026 20:02:15,3.64,108.675
22243,03/20/2026 20:12:15,3.66,108.689
22244,03/20/2026 20:22:15,3.68,108.685
22245,03/20/2026 20:32:15,3.70,108.672
22246,03/20/2026 20:42:15,3.71,108.704
22247,03/20/2026 20:52:15,3.73,108.695
22248,03/20/2026 21:02:15,3.74,108.678
22249,03/20/2026 21:12:15,3.75,108.683
22250,03/20/2026 21:22:15,3.76,108.684
22251,03/20/2026 21:32:15,3.77,108.679
22252,03/20/2026 21:42:15,3.78,108.667
22253,03/20/2026 21:52:15,3.79,108.689
22254,03/20/2026 22:02:15,3.80,108.676
22255,03/20/2026 22:12:15,3.81,108.672
22256,03/20/2026 22:22:15,3.81,108.694
22257,03/20/2026 22:32:15,3.82,108.681
22258,03/20/2026 22:42:15,3.83,108.690
22259,03/20/2026 22:52:15,3.84,108.691
22260,03/20/2026 23:02:15,3.86,108.687
22261,03/20/2026 23:12:15,3.87,108.696
22262,03/20/2026 23:22:15,3.88,108.688
22263,03/20/2026 23:32:15,3.88,108.688
22264,03/20/2026 23:42:15,3.89,108.706
22265,03/20/2026 23:52:15,3.90,108.697
22266,03/21/2026 00:02:15,3.91,108.693
22267,03/21/2026 00:12:15,3.92,108.702
22268,03/21/2026 00:22:15,3.92,108.694
22269,03/21/2026 00:32:15,3.93,108.694
22270,03/21/2026 00:42:15,3.94,108.703
22271,03/21/2026 00:52:15,3.95,108.704
22272,03/21/2026 01:02:15,3.96,108.713
22273,03/21/2026 01:12:15,3.97,108.726
22274,03/21/2026 01:22:15,3.97,108.740
22275,03/21/2026 01:32:15,3.98,108.740
22276,03/21/2026 01:42:15,3.99,108.753
22277,03/21/2026 01:52:15,4.00,108.758
22278,03/21/2026 02:02:15,4.00,108.758
22279,03/21/2026 02:12:15,4.01,108.754
22280,03/21/2026 02:22:15,4.01,108.745
22281,03/21/2026 02:32:15,4.01,108.750
22282,03/21/2026 02:42:15,4.02,108.741
22283,03/21/2026 02:52:15,4.02,108.750
22284,03/21/2026 03:02:15,4.03,108.720
22285,03/21/2026 03:12:15,4.03,108.724
22286,03/21/2026 03:22:15,4.04,108.724
22287,03/21/2026 03:32:15,4.04,108.720
22288,03/21/2026 03:42:15,4.05,108.729
22289,03/21/2026 03:52:15,4.05,108.725
22290,03/21/2026 04:02:15,4.05,108.734
22291,03/21/2026 04:12:15,4.05,108.703
22292,03/21/2026 04:22:15,4.05,108.712
22293,03/21/2026 04:32:15,4.05,108.690
22294,03/21/2026 04:42:15,4.06,108.712
22295,03/21/2026 04:52:15,4.06,108.712
22296,03/21/2026 05:02:15,4.06,108.738
22297,03/21/2026 05:12:15,4.06,108.756
22298,03/21/2026 05:22:15,4.06,108.765
22299,03/21/2026 05:32:15,4.06,108.782
22300,03/21/2026 05:42:15,4.06,108.765
22301,03/21/2026 05:52:15,4.07,108.783
22302,03/21/2026 06:02:15,4.07,108.791
22303,03/21/2026 06:12:15,4.07,108.800
22304,03/21/2026 06:22:15,4.08,108.822
22305,03/21/2026 06:32:15,4.08,108.792
22306,03/21/2026 06:42:15,4.08,108.849
22307,03/21/2026 06:52:15,4.08,108.875
22308,03/21/2026 07:02:15,4.09,108.889
22309,03/21/2026 07:12:15,4.09,108.902
22310,03/21/2026 07:22:15,4.09,108.920
22311,03/21/2026 07:32:15,4.10,108.911
22312,03/21/2026 07:42:15,4.10,108.951
22313,03/21/2026 07:52:15,4.11,108.960
22314,03/21/2026 08:02:15,4.11,108.977
22315,03/21/2026 08:12:15,4.11,108.969
22316,03/21/2026 08:22:15,4.12,108.978
22317,03/21/2026 08:32:15,4.12,108.978
22318,03/21/2026 08:42:15,4.12,108.982
22319,03/21/2026 08:52:15,4.13,109.004
22320,03/21/2026 09:02:15,4.13,109.026
22321,03/21/2026 09:12:15,4.13,109.057
22322,03/21/2026 09:22:15,4.13,109.070
22323,03/21/2026 09:32:15,4.13,109.079
22324,03/21/2026 09:42:15,4.13,109.092
22325,03/21/2026 09:52:15,4.13,109.101
22326,03/21/2026 10:02:15,4.13,109.119
22327,03/21/2026 10:12:15,4.13,109.119
22328,03/21/2026 10:22:15,4.13,109.128
22329,03/21/2026 10:32:15,4.13,109.128
22330,03/21/2026 10:42:15,4.13,109.119
22331,03/21/2026 10:52:15,4.13,109.088
22332,03/21/2026 11:02:15,4.13,109.071
22333,03/21/2026 11:12:15,4.14,109.062
22334,03/21/2026 11:22:15,4.14,109.079
22335,03/21/2026 11:32:15,4.14,109.062
22336,03/21/2026 11:42:15,4.14,109.057
22337,03/21/2026 11:52:15,4.14,109.066
22338,03/21/2026 12:02:15,4.14,109.036
22339,03/21/2026 12:12:15,4.14,109.036
22340,03/21/2026 12:22:15,4.14,109.044
22341,03/21/2026 12:32:15,4.14,109.058
22342,03/21/2026 12:42:15,4.15,109.054
22343,03/21/2026 12:52:15,4.15,109.058
22344,03/21/2026 13:02:15,4.16,109.045
22345,03/21/2026 13:12:15,4.16,109.045
22346,03/21/2026 13:22:15,4.17,109.019
22347,03/21/2026 13:32:15,4.17,109.059
22348,03/21/2026 13:42:15,4.18,109.033
22349,03/21/2026 13:52:15,4.19,109.002
22350,03/21/2026 14:02:15,4.20,109.003
22351,03/21/2026 14:12:15,4.21,109.007
22352,03/21/2026 14:22:15,4.22,109.056
22353,03/21/2026 14:32:15,4.23,109.013
22354,03/21/2026 14:42:15,4.25,108.978
22355,03/21/2026 14:52:15,4.27,108.970
22356,03/21/2026 15:02:15,4.28,109.015
22357,03/21/2026 15:12:15,4.30,109.002
22358,03/21/2026 15:22:15,4.31,109.029
22359,03/21/2026 15:32:15,4.33,109.008
22360,03/21/2026 15:42:15,4.35,108.995
22361,03/21/2026 15:52:15,4.37,109.009
22362,03/21/2026 16:02:15,4.38,109.027
22363,03/21/2026 16:12:15,4.40,109.028
22364,03/21/2026 16:22:15,4.42,109.033
22365,03/21/2026 16:32:15,4.43,109.016
22366,03/21/2026 16:42:15,4.45,109.025
22367,03/21/2026 16:52:15,4.47,109.013
22368,03/21/2026 17:02:15,4.48,109.035
22369,03/21/2026 17:12:15,4.49,109.044
22370,03/21/2026 17:22:15,4.51,109.067
22371,03/21/2026 17:32:15,4.53,109.072
22372,03/21/2026 17:42:15,4.54,109.090
22373,03/21/2026 17:52:15,4.56,109.086
22374,03/21/2026 18:02:15,4.57,109.078
22375,03/21/2026 18:12:15,4.59,109.096
22376,03/21/2026 18:22:15,4.60,109.145
22377,03/21/2026 18:32:15,4.62,109.141
22378,03/21/2026 18:42:15,4.63,109.155
22379,03/21/2026 18:52:15,4.64,109.155
22380,03/21/2026 19:02:15,4.65,109.151
22381,03/21/2026 19:12:15,4.66,109.147
22382,03/21/2026 19:22:15,4.67,109.156
22383,03/21/2026 19:32:15,4.68,109.148
22384,03/21/2026 19:42:15,4.69,109.131
22385,03/21/2026 19:52:15,4.70,109.122
22386,03/21/2026 20:02:15,4.71,109.144
22387,03/21/2026 20:12:15,4.72,109.167
22388,03/21/2026 20:22:15,4.73,109.163
22389,03/21/2026 20:32:15,4.74,109.190
22390,03/21/2026 20:42:15,4.75,109.181
22391,03/21/2026 20:52:15,4.76,109.164
22392,03/21/2026 21:02:15,4.78,109.156
22393,03/21/2026 21:12:15,4.79,109.165
22394,03/21/2026 21:22:15,4.80,109.135
22395,03/21/2026 21:32:15,4.81,109.170
22396,03/21/2026 21:42:15,4.82,109.180
22397,03/21/2026 21:52:15,4.83,109.162
22398,03/21/2026 22:02:15,4.85,109.194
22399,03/21/2026 22:12:15,4.85,109.172
22400,03/21/2026 22:22:15,4.86,109.163
22401,03/21/2026 22:32:15,4.87,109.150
22402,03/21/2026 22:42:15,4.87,109.115
22403,03/21/2026 22:52:15,4.87,109.124
22404,03/21/2026 23:02:15,4.87,109.107
22405,03/21/2026 23:12:15,4.88,109.032
22406,03/21/2026 23:22:15,4.88,109.037
22407,03/21/2026 23:32:15,4.88,109.037
22408,03/21/2026 23:42:15,4.88,109.072
22409,03/21/2026 23:52:15,4.89,109.112
22410,03/22/2026 00:02:15,4.89,109.129
22411,03/22/2026 00:12:15,4.89,109.099
22412,03/22/2026 00:22:15,4.89,109.103
22413,03/22/2026 00:32:15,4.89,109.055
22414,03/22/2026 00:42:15,4.89,109.042
22415,03/22/2026 00:52:15,4.90,109.073
22416,03/22/2026 01:02:15,4.90,109.073
22417,03/22/2026 01:12:15,4.90,109.086
22418,03/22/2026 01:22:15,4.90,109.060
22419,03/22/2026 01:32:15,4.90,109.020
22420,03/22/2026 01:42:15,4.90,108.985
22421,03/22/2026 01:52:15,4.90,109.055
22422,03/22/2026 02:02:15,4.90,109.082
22423,03/22/2026 02:12:15,4.90,109.051
22424,03/22/2026 02:22:15,4.90,108.985
22425,03/22/2026 02:32:15,4.90,109.011
22426,03/22/2026 02:42:15,4.90,109.059
22427,03/22/2026 02:52:15,4.90,109.020
22428,03/22/2026 03:02:15,4.90,109.029
22429,03/22/2026 03:12:15,4.90,108.967
22430,03/22/2026 03:22:15,4.90,108.941
22431,03/22/2026 03:32:15,4.89,108.901
22432,03/22/2026 03:42:15,4.89,108.905
22433,03/22/2026 03:52:15,4.89,108.896
22434,03/22/2026 04:02:15,4.89,108.901
22435,03/22/2026 04:12:15,4.89,108.896
22436,03/22/2026 04:22:15,4.89,108.852
22437,03/22/2026 04:32:15,4.88,108.857
22438,03/22/2026 04:42:15,4.88,108.808
22439,03/22/2026 04:52:15,4.88,108.773
22440,03/22/2026 05:02:15,4.88,108.747
22441,03/22/2026 05:12:15,4.88,108.734
22442,03/22/2026 05:22:15,4.88,108.690
22443,03/22/2026 05:32:15,4.88,108.667
22444,03/22/2026 05:42:15,4.87,108.663
22445,03/22/2026 05:52:15,4.87,108.663
22446,03/22/2026 06:02:15,4.87,108.645
22447,03/22/2026 06:12:15,4.87,108.632
22448,03/22/2026 06:22:15,4.86,108.628
22449,03/22/2026 06:32:15,4.86,108.654
22450,03/22/2026 06:42:15,4.86,108.684
22451,03/22/2026 06:52:15,4.86,108.698
22452,03/22/2026 07:02:15,4.85,108.662
22453,03/22/2026 07:12:15,4.85,108.636
22454,03/22/2026 07:22:15,4.85,108.601
22455,03/22/2026 07:32:15,4.85,108.548
22456,03/22/2026 07:42:15,4.84,108.521
22457,03/22/2026 07:52:15,4.84,108.517
22458,03/22/2026 08:02:15,4.84,108.482
22459,03/22/2026 08:12:15,4.83,108.490
22460,03/22/2026 08:22:15,4.83,108.499
22461,03/22/2026 08:32:15,4.83,108.428
22462,03/22/2026 08:42:15,4.82,108.424
22463,03/22/2026 08:52:15,4.82,108.424
22464,03/22/2026 09:02:15,4.82,108.437
22465,03/22/2026 09:12:15,4.81,108.415
22466,03/22/2026 09:22:15,4.81,108.379
22467,03/22/2026 09:32:15,4.81,108.362
22468,03/22/2026 09:42:15,4.80,108.348
22469,03/22/2026 09:52:15,4.80,108.362
22470,03/22/2026 10:02:15,4.79,108.361
22471,03/22/2026 10:12:15,4.79,108.379
22472,03/22/2026 10:22:15,4.79,108.330
22473,03/22/2026 10:32:15,4.78,108.339
22474,03/22/2026 10:42:15,4.78,108.273
22475,03/22/2026 10:52:15,4.78,108.211
22476,03/22/2026 11:02:15,4.78,108.194
22477,03/22/2026 11:12:15,4.77,108.251
22478,03/22/2026 11:22:15,4.77,108.211
22479,03/22/2026 11:32:15,4.77,108.180
22480,03/22/2026 11:42:15,4.76,108.176
22481,03/22/2026 11:52:15,4.76,108.162
22482,03/22/2026 12:02:15,4.76,108.193
22483,03/22/2026 12:12:15,4.76,108.184
22484,03/22/2026 12:22:15,4.75,108.158
22485,03/22/2026 12:32:15,4.75,108.096
22486,03/22/2026 12:42:15,4.75,108.109
22487,03/22/2026 12:52:15,4.75,108.056
22488,03/22/2026 13:02:15,4.74,108.043
22489,03/22/2026 13:12:15,4.74,108.118
22490,03/22/2026 13:22:15,4.74,108.346
22491,03/22/2026 13:32:15,4.74,108.315
22492,03/22/2026 13:42:15,4.73,108.271
22493,03/22/2026 13:52:15,4.73,108.175
22494,03/22/2026 14:02:15,4.73,108.113
22495,03/22/2026 14:12:15,4.73,108.113
22496,03/22/2026 14:22:15,4.73,108.152
22497,03/22/2026 14:32:15,4.72,108.095
22498,03/22/2026 14:42:15,4.72,108.051
22499,03/22/2026 14:52:15,4.72,108.082
22500,03/22/2026 15:02:15,4.72,108.161
22501,03/22/2026 15:12:15,4.72,108.121
22502,03/22/2026 15:22:15,4.72,108.117
22503,03/22/2026 15:32:15,4.72,108.152
22504,03/22/2026 15:42:15,4.72,108.236
22505,03/22/2026 15:52:15,4.72,108.284
22506,03/22/2026 16:02:15,4.73,108.245
22507,03/22/2026 16:12:15,4.73,108.179
22508,03/22/2026 16:22:15,4.73,108.144
22509,03/22/2026 16:32:15,4.73,108.113
22510,03/22/2026 16:42:15,4.74,108.118
22511,03/22/2026 16:52:15,4.74,108.148
22512,03/22/2026 17:02:15,4.74,108.140
22513,03/22/2026 17:12:15,4.75,108.184
22514,03/22/2026 17:22:15,4.75,108.197
22515,03/22/2026 17:32:15,4.76,108.149
22516,03/22/2026 17:42:15,4.76,108.136
22517,03/22/2026 17:52:15,4.77,108.154
22518,03/22/2026 18:02:15,4.78,108.172
22519,03/22/2026 18:12:15,4.78,108.176
22520,03/22/2026 18:22:15,4.79,108.194
22521,03/22/2026 18:32:15,4.79,108.194
22522,03/22/2026 18:42:15,4.80,108.195
22523,03/22/2026 18:52:15,4.80,108.203
22524,03/22/2026 19:02:15,4.80,108.212
22525,03/22/2026 19:12:15,4.81,108.217
22526,03/22/2026 19:22:15,4.81,108.221
22527,03/22/2026 19:32:15,4.81,108.261
22528,03/22/2026 19:42:15,4.81,108.274
22529,03/22/2026 19:52:15,4.81,108.270
22530,03/22/2026 20:02:15,4.81,108.265
22531,03/22/2026 20:12:15,4.81,108.292
22532,03/22/2026 20:22:15,4.82,108.318
22533,03/22/2026 20:32:15,4.82,108.358
22534,03/22/2026 20:42:15,4.82,108.437
22535,03/22/2026 20:52:15,4.82,108.468
22536,03/22/2026 21:02:15,4.82,108.481
22537,03/22/2026 21:12:15,4.82,108.433
22538,03/22/2026 21:22:15,4.83,108.411
22539,03/22/2026 21:32:15,4.83,108.446
22540,03/22/2026 21:42:15,4.83,108.494
22541,03/22/2026 21:52:15,4.83,108.521
22542,03/22/2026 22:02:15,4.83,108.521
22543,03/22/2026 22:12:15,4.84,108.525
22544,03/22/2026 22:22:15,4.84,108.561
22545,03/22/2026 22:32:15,4.84,108.578
22546,03/22/2026 22:42:15,4.84,108.636
22547,03/22/2026 22:52:15,4.84,108.644
22548,03/22/2026 23:02:15,4.84,108.666
22549,03/22/2026 23:12:15,4.85,108.697
22550,03/22/2026 23:22:15,4.85,108.767
22551,03/22/2026 23:32:15,4.85,108.811
22552,03/22/2026 23:42:15,4.85,108.851
22553,03/22/2026 23:52:15,4.85,108.860
22554,03/23/2026 00:02:15,4.85,108.891
22555,03/23/2026 00:12:15,4.85,108.895
22556,03/23/2026 00:22:15,4.86,108.882
22557,03/23/2026 00:32:15,4.86,108.948
22558,03/23/2026 00:42:15,4.86,108.900
22559,03/23/2026 00:52:15,4.86,108.926
22560,03/23/2026 01:02:15,4.86,108.917
22561,03/23/2026 01:12:15,4.86,108.904
22562,03/23/2026 01:22:15,4.86,108.935
22563,03/23/2026 01:32:15,4.87,108.909
22564,03/23/2026 01:42:15,4.87,108.997
22565,03/23/2026 01:52:15,4.87,109.045
22566,03/23/2026 02:02:15,4.87,109.028
22567,03/23/2026 02:12:15,4.87,109.019
22568,03/23/2026 02:22:15,4.87,109.006
22569,03/23/2026 02:32:15,4.87,108.957
22570,03/23/2026 02:42:15,4.88,108.927
22571,03/23/2026 02:52:15,4.88,108.936
22572,03/23/2026 03:02:15,4.88,108.949
22573,03/23/2026 03:12:15,4.88,108.997
22574,03/23/2026 03:22:15,4.88,108.988
22575,03/23/2026 03:32:15,4.88,109.001
22576,03/23/2026 03:42:15,4.88,109.006
22577,03/23/2026 03:52:15,4.88,109.023
22578,03/23/2026 04:02:15,4.88,109.067
22579,03/23/2026 04:12:15,4.87,109.085
22580,03/23/2026 04:22:15,4.87,109.107
22581,03/23/2026 04:32:15,4.87,109.164
22582,03/23/2026 04:42:15,4.87,109.173
22583,03/23/2026 04:52:15,4.87,109.168
22584,03/23/2026 05:02:15,4.87,109.138
22585,03/23/2026 05:12:15,4.87,109.124
22586,03/23/2026 05:22:15,4.87,109.146
22587,03/23/2026 05:32:15,4.87,109.177
22588,03/23/2026 05:42:15,4.87,109.199
22589,03/23/2026 05:52:15,4.87,109.225
22590,03/23/2026 06:02:15,4.87,109.239
22591,03/23/2026 06:12:15,4.87,109.274
22592,03/23/2026 06:22:15,4.87,109.274
22593,03/23/2026 06:32:15,4.87,109.326
22594,03/23/2026 06:42:15,4.87,109.322
22595,03/23/2026 06:52:15,4.87,109.353
22596,03/23/2026 07:02:15,4.87,109.405
22597,03/23/2026 07:12:15,4.87,109.392
22598,03/23/2026 07:22:15,4.86,109.431
22599,03/23/2026 07:32:15,4.86,109.445
22600,03/23/2026 07:42:15,4.86,109.436
22601,03/23/2026 07:52:15,4.86,109.449
22602,03/23/2026 08:02:15,4.86,109.480
22603,03/23/2026 08:12:15,4.85,109.475
22604,03/23/2026 08:22:15,4.85,109.457
22605,03/23/2026 08:32:15,4.85,109.462
22606,03/23/2026 08:42:15,4.85,109.470
22607,03/23/2026 08:52:15,4.84,109.483
22608,03/23/2026 09:02:15,4.84,109.501
22609,03/23/2026 09:12:15,4.84,109.501
22610,03/23/2026 09:22:15,4.83,109.518
22611,03/23/2026 09:32:15,4.83,109.527
22612,03/23/2026 09:42:15,4.83,109.514
22613,03/23/2026 09:52:15,4.82,109.540
22614,03/23/2026 10:02:15,4.82,109.553
22615,03/23/2026 10:12:15,4.81,109.548
22616,03/23/2026 10:22:15,4.81,109.552
22617,03/23/2026 10:32:15,4.80,109.543
22618,03/23/2026 10:42:15,4.80,109.552
22619,03/23/2026 10:52:15,4.79,109.547
22620,03/23/2026 11:02:15,4.79,109.560
22621,03/23/2026 11:12:15,4.78,109.582
22622,03/23/2026 11:22:15,4.78,109.578
22623,03/23/2026 11:32:15,4.78,109.569
22624,03/23/2026 11:42:15,4.77,109.586
22625,03/23/2026 11:52:15,4.77,109.568
22626,03/23/2026 12:02:15,4.76,109.577
22627,03/23/2026 12:12:15,4.76,109.581
22628,03/23/2026 12:22:15,4.76,109.599
22629,03/23/2026 12:32:15,4.75,109.577
22630,03/23/2026 12:42:15,4.75,109.594
22631,03/23/2026 12:52:15,4.75,109.581
22632,03/23/2026 13:02:15,4.74,109.581
22633,03/23/2026 13:12:15,4.74,109.603
22634,03/23/2026 13:22:15,4.74,109.611
22635,03/23/2026 13:32:15,4.74,109.598
22636,03/23/2026 13:42:15,4.73,109.585
22637,03/23/2026 13:52:15,4.73,109.567
22638,03/23/2026 14:02:15,4.73,109.580
22639,03/23/2026 14:12:15,4.73,109.602
22640,03/23/2026 14:22:15,4.72,109.628
22641,03/23/2026 14:32:15,4.72,109.580
22642,03/23/2026 14:42:15,4.72,109.615
22643,03/23/2026 14:52:15,4.72,109.610
22644,03/23/2026 15:02:15,4.72,109.615
22645,03/23/2026 15:12:15,4.71,109.615
22646,03/23/2026 15:22:15,4.71,109.619
22647,03/23/2026 15:32:15,4.71,109.645
22648,03/23/2026 15:42:15,4.71,109.659
22649,03/23/2026 15:52:15,4.71,109.650
22650,03/23/2026 16:02:15,4.71,109.650
22651,03/23/2026 16:12:15,4.71,109.645
22652,03/23/2026 16:22:15,4.71,109.667
22653,03/23/2026 16:32:15,4.71,109.681
22654,03/23/2026 16:42:15,4.72,109.681
22655,03/23/2026 16:52:15,4.72,109.676
22656,03/23/2026 17:02:15,4.72,109.690
22657,03/23/2026 17:12:15,4.72,109.712
22658,03/23/2026 17:22:15,4.72,109.720
22659,03/23/2026 17:32:15,4.72,109.738
22660,03/23/2026 17:42:15,4.72,109.751
22661,03/23/2026 17:52:15,4.73,109.773
22662,03/23/2026 18:02:15,4.73,109.782
22663,03/23/2026 18:12:15,4.73,109.800
22664,03/23/2026 18:22:15,4.73,109.831
22665,03/23/2026 18:32:15,4.73,109.844
22666,03/23/2026 18:42:15,4.73,109.870
22667,03/23/2026 18:52:15,4.73,109.888
22668,03/23/2026 19:02:15,4.74,109.901
22669,03/23/2026 19:12:15,4.74,109.923
22670,03/23/2026 19:22:15,4.74,109.958
22671,03/23/2026 19:32:15,4.74,109.976
22672,03/23/2026 19:42:15,4.74,110.015
22673,03/23/2026 19:52:15,4.74,110.055
22674,03/23/2026 20:02:15,4.74,110.064
22675,03/23/2026 20:12:15,4.74,110.077
22676,03/23/2026 20:22:15,4.74,110.095
22677,03/23/2026 20:32:15,4.74,110.103
22678,03/23/2026 20:42:15,4.74,110.125
22679,03/23/2026 20:52:15,4.74,110.143
22680,03/23/2026 21:02:15,4.74,110.165
22681,03/23/2026 21:12:15,4.74,110.165
22682,03/23/2026 21:22:15,4.74,110.196
22683,03/23/2026 21:32:15,4.75,110.213
22684,03/23/2026 21:42:15,4.75,110.213
22685,03/23/2026 21:52:15,4.75,110.227
22686,03/23/2026 22:02:15,4.75,110.244
22687,03/23/2026 22:12:15,4.75,110.262
22688,03/23/2026 22:22:15,4.75,110.253
22689,03/23/2026 22:32:15,4.74,110.270
22690,03/23/2026 22:42:15,4.74,110.270
22691,03/23/2026 22:52:15,4.74,110.261
22692,03/23/2026 23:02:15,4.74,110.266
22693,03/23/2026 23:12:15,4.74,110.261
22694,03/23/2026 23:22:15,4.73,110.283
22695,03/23/2026 23:32:15,4.73,110.283
22696,03/23/2026 23:42:15,4.73,110.274
22697,03/23/2026 23:52:15,4.73,110.274
22698,03/24/2026 00:02:15,4.72,110.283
22699,03/24/2026 00:12:15,4.72,110.296
22700,03/24/2026 00:22:15,4.72,110.287
22701,03/24/2026 00:32:15,4.71,110.300
22702,03/24/2026 00:42:15,4.71,110.287
22703,03/24/2026 00:52:15,4.71,110.295
22704,03/24/2026 01:02:15,4.70,110.304
22705,03/24/2026 01:12:15,4.70,110.317
22706,03/24/2026 01:22:15,4.69,110.312
22707,03/24/2026 01:32:15,4.69,110.303
22708,03/24/2026 01:42:15,4.68,110.277
22709,03/24/2026 01:52:15,4.68,110.281
22710,03/24/2026 02:02:15,4.67,110.276
22711,03/24/2026 02:12:15,4.67,110.281
22712,03/24/2026 02:22:15,4.66,110.272
22713,03/24/2026 02:32:15,4.66,110.276
22714,03/24/2026 02:42:15,4.65,110.289
22715,03/24/2026 02:52:15,4.65,110.280
22716,03/24/2026 03:02:15,4.64,110.284
22717,03/24/2026 03:12:15,4.63,110.275
22718,03/24/2026 03:22:15,4.62,110.257
22719,03/24/2026 03:32:15,4.62,110.248
22720,03/24/2026 03:42:15,4.61,110.252
22721,03/24/2026 03:52:15,4.60,110.243
22722,03/24/2026 04:02:15,4.60,110.252
22723,03/24/2026 04:12:15,4.59,110.238
22724,03/24/2026 04:22:15,4.58,110.264
22725,03/24/2026 04:32:15,4.57,110.273
22726,03/24/2026 04:42:15,4.57,110.277
22727,03/24/2026 04:52:15,4.56,110.307
22728,03/24/2026 05:02:15,4.55,110.320
22729,03/24/2026 05:12:15,4.54,110.324
22730,03/24/2026 05:22:15,4.54,110.346
22731,03/24/2026 05:32:15,4.53,110.341
22732,03/24/2026 05:42:15,4.52,110.332
22733,03/24/2026 05:52:15,4.51,110.341
22734,03/24/2026 06:02:15,4.51,110.336
22735,03/24/2026 06:12:15,4.50,110.349
22736,03/24/2026 06:22:15,4.49,110.370
22737,03/24/2026 06:32:15,4.48,110.379
22738,03/24/2026 06:42:15,4.47,110.396
22739,03/24/2026 06:52:15,4.47,110.405
22740,03/24/2026 07:02:15,4.46,110.435
22741,03/24/2026 07:12:15,4.45,110.448
22742,03/24/2026 07:22:15,4.44,110.457
22743,03/24/2026 07:32:15,4.43,110.465
22744,03/24/2026 07:42:15,4.43,110.473
22745,03/24/2026 07:52:15,4.42,110.482
22746,03/24/2026 08:02:15,4.41,110.490
22747,03/24/2026 08:12:15,4.40,110.486
22748,03/24/2026 08:22:15,4.39,110.481
22749,03/24/2026 08:32:15,4.38,110.489
22750,03/24/2026 08:42:15,4.36,110.497
22751,03/24/2026 08:52:15,4.35,110.466
22752,03/24/2026 09:02:15,4.34,110.475
22753,03/24/2026 09:12:15,4.33,110.496
22754,03/24/2026 09:22:15,4.31,110.487
22755,03/24/2026 09:32:15,4.30,110.504
22756,03/24/2026 09:42:15,4.28,110.499
22757,03/24/2026 09:52:15,4.27,110.481
22758,03/24/2026 10:02:15,4.26,110.485
22759,03/24/2026 10:12:15,4.24,110.480
22760,03/24/2026 10:22:15,4.23,110.479
22761,03/24/2026 10:32:15,4.22,110.448
22762,03/24/2026 10:42:15,4.20,110.456
22763,03/24/2026 10:52:15,4.19,110.443
22764,03/24/2026 11:02:15,4.18,110.442
22765,03/24/2026 11:12:15,4.17,110.415
22766,03/24/2026 11:22:15,4.16,110.415
22767,03/24/2026 11:32:15,4.15,110.410
22768,03/24/2026 11:42:15,4.14,110.383
22769,03/24/2026 11:52:15,4.13,110.370
22770,03/24/2026 12:02:15,4.12,110.352
22771,03/24/2026 12:12:15,4.12,110.330
22772,03/24/2026 12:22:15,4.11,110.312
22773,03/24/2026 12:32:15,4.11,110.286
22774,03/24/2026 12:42:15,4.10,110.268
22775,03/24/2026 12:52:15,4.10,110.237
22776,03/24/2026 13:02:15,4.10,110.211
22777,03/24/2026 13:12:15,4.09,110.202
22778,03/24/2026 13:22:15,4.09,110.193
22779,03/24/2026 13:32:15,4.10,110.180
22780,03/24/2026 13:42:15,4.10,110.136
22781,03/24/2026 13:52:15,4.10,110.123
22782,03/24/2026 14:02:15,4.11,110.093
22783,03/24/2026 14:12:15,4.11,110.066
22784,03/24/2026 14:22:15,4.12,110.040
22785,03/24/2026 14:32:15,4.13,110.005
22786,03/24/2026 14:42:15,4.13,110.001
22787,03/24/2026 14:52:15,4.14,109.984
22788,03/24/2026 15:02:15,4.16,109.963
22789,03/24/2026 15:12:15,4.17,109.963
22790,03/24/2026 15:22:15,4.18,109.946
22791,03/24/2026 15:32:15,4.20,109.938
22792,03/24/2026 15:42:15,4.21,109.925
22793,03/24/2026 15:52:15,4.23,109.913
22794,03/24/2026 16:02:15,4.25,109.887
22795,03/24/2026 16:12:15,4.27,109.870
22796,03/24/2026 16:22:15,4.28,109.845
22797,03/24/2026 16:32:15,4.30,109.819
22798,03/24/2026 16:42:15,4.32,109.789
22799,03/24/2026 16:52:15,4.34,109.798
22800,03/24/2026 17:02:15,4.35,109.799
22801,03/24/2026 17:12:15,4.37,109.817
22802,03/24/2026 17:22:15,4.39,109.792
22803,03/24/2026 17:32:15,4.42,109.806
22804,03/24/2026 17:42:15,4.44,109.798
22805,03/24/2026 17:52:15,4.46,109.816
22806,03/24/2026 18:02:15,4.49,109.821
22807,03/24/2026 18:12:15,4.51,109.836
22808,03/24/2026 18:22:15,4.54,109.828
22809,03/24/2026 18:32:15,4.56,109.815
22810,03/24/2026 18:42:15,4.59,109.799
22811,03/24/2026 18:52:15,4.61,109.800
22812,03/24/2026 19:02:15,4.63,109.783
22813,03/24/2026 19:12:15,4.65,109.775
22814,03/24/2026 19:22:15,4.67,109.798
22815,03/24/2026 19:32:15,4.69,109.790
22816,03/24/2026 19:42:15,4.71,109.808
22817,03/24/2026 19:52:15,4.73,109.809
22818,03/24/2026 20:02:15,4.75,109.823
22819,03/24/2026 20:12:15,4.77,109.810
22820,03/24/2026 20:22:15,4.78,109.806
22821,03/24/2026 20:32:15,4.80,109.824
22822,03/24/2026 20:42:15,4.81,109.803
22823,03/24/2026 20:52:15,4.82,109.799
22824,03/24/2026 21:02:15,4.83,109.786
22825,03/24/2026 21:12:15,4.85,109.787
22826,03/24/2026 21:22:15,4.86,109.769
22827,03/24/2026 21:32:15,4.86,109.770
22828,03/24/2026 21:42:15,4.87,109.783
22829,03/24/2026 21:52:15,4.88,109.783
22830,03/24/2026 22:02:15,4.89,109.779
22831,03/24/2026 22:12:15,4.89,109.784
22832,03/24/2026 22:22:15,4.90,109.806
22833,03/24/2026 22:32:15,4.91,109.806
22834,03/24/2026 22:42:15,4.91,109.807
22835,03/24/2026 22:52:15,4.91,109.802
22836,03/24/2026 23:02:15,4.91,109.793
22837,03/24/2026 23:12:15,4.91,109.802
22838,03/24/2026 23:22:15,4.91,109.798
22839,03/24/2026 23:32:15,4.91,109.780
22840,03/24/2026 23:42:15,4.91,109.785
22841,03/24/2026 23:52:15,4.91,109.785
22842,03/25/2026 00:02:15,4.91,109.789
22843,03/25/2026 00:12:15,4.90,109.819
22844,03/25/2026 00:22:15,4.89,109.810
22845,03/25/2026 00:32:15,4.89,109.832
22846,03/25/2026 00:42:15,4.88,109.849
22847,03/25/2026 00:52:15,4.88,109.858
22848,03/25/2026 01:02:15,4.87,109.840
22849,03/25/2026 01:12:15,4.87,109.845
22850,03/25/2026 01:22:15,4.87,109.845
22851,03/25/2026 01:32:15,4.87,109.845
22852,03/25/2026 01:42:15,4.87,109.836
22853,03/25/2026 01:52:15,4.86,109.836
22854,03/25/2026 02:02:15,4.86,109.831
22855,03/25/2026 02:12:15,4.86,109.835
22856,03/25/2026 02:22:15,4.85,109.831
22857,03/25/2026 02:32:15,4.85,109.835
22858,03/25/2026 02:42:15,4.85,109.822
22859,03/25/2026 02:52:15,4.84,109.835
22860,03/25/2026 03:02:15,4.84,109.822
22861,03/25/2026 03:12:15,4.83,109.839
22862,03/25/2026 03:22:15,4.83,109.843
22863,03/25/2026 03:32:15,4.83,109.847
22864,03/25/2026 03:42:15,4.82,109.847
22865,03/25/2026 03:52:15,4.82,109.860
22866,03/25/2026 04:02:15,4.81,109.873
22867,03/25/2026 04:12:15,4.81,109.895
22868,03/25/2026 04:22:15,4.81,109.891
22869,03/25/2026 04:32:15,4.80,109.908
22870,03/25/2026 04:42:15,4.80,109.917
22871,03/25/2026 04:52:15,4.79,109.934
22872,03/25/2026 05:02:15,4.79,109.921
22873,03/25/2026 05:12:15,4.78,109.929
22874,03/25/2026 05:22:15,4.78,109.916
22875,03/25/2026 05:32:15,4.78,109.911
22876,03/25/2026 05:42:15,4.77,109.924
22877,03/25/2026 05:52:15,4.76,109.955
22878,03/25/2026 06:02:15,4.76,109.981
22879,03/25/2026 06:12:15,4.75,109.972
22880,03/25/2026 06:22:15,4.74,109.998
22881,03/25/2026 06:32:15,4.73,109.984
22882,03/25/2026 06:42:15,4.73,109.997
22883,03/25/2026 06:52:15,4.72,110.010
22884,03/25/2026 07:02:15,4.71,110.019
22885,03/25/2026 07:12:15,4.71,110.023
22886,03/25/2026 07:22:15,4.70,110.014
22887,03/25/2026 07:32:15,4.69,110.018
22888,03/25/2026 07:42:15,4.68,110.022
22889,03/25/2026 07:52:15,4.67,110.039
22890,03/25/2026 08:02:15,4.67,110.035
22891,03/25/2026 08:12:15,4.66,110.012
22892,03/25/2026 08:22:15,4.65,110.003
22893,03/25/2026 08:32:15,4.64,110.003
22894,03/25/2026 08:42:15,4.63,110.011
22895,03/25/2026 08:52:15,4.63,110.024
22896,03/25/2026 09:02:15,4.62,110.024
22897,03/25/2026 09:12:15,4.61,110.037
22898,03/25/2026 09:22:15,4.60,110.041
22899,03/25/2026 09:32:15,4.59,110.027
22900,03/25/2026 09:42:15,4.58,110.001
22901,03/25/2026 09:52:15,4.57,109.974
22902,03/25/2026 10:02:15,4.56,109.991
22903,03/25/2026 10:12:15,4.55,109.973
22904,03/25/2026 10:22:15,4.55,109.969
22905,03/25/2026 10:32:15,4.54,109.955
22906,03/25/2026 10:42:15,4.53,109.955
22907,03/25/2026 10:52:15,4.52,109.937
22908,03/25/2026 11:02:15,4.52,109.924
22909,03/25/2026 11:12:15,4.51,109.915
22910,03/25/2026 11:22:15,4.50,109.892
22911,03/25/2026 11:32:15,4.50,109.870
22912,03/25/2026 11:42:15,4.49,109.857
22913,03/25/2026 11:52:15,4.49,109.835
22914,03/25/2026 12:02:15,4.49,109.808
22915,03/25/2026 12:12:15,4.48,109.799
22916,03/25/2026 12:22:15,4.48,109.769
22917,03/25/2026 12:32:15,4.48,109.742
22918,03/25/2026 12:42:15,4.47,109.729
22919,03/25/2026 12:52:15,4.47,109.689
22920,03/25/2026 13:02:15,4.47,109.667
22921,03/25/2026 13:12:15,4.47,109.649
22922,03/25/2026 13:22:15,4.47,109.623
22923,03/25/2026 13:32:15,4.47,109.601
22924,03/25/2026 13:42:15,4.47,109.579
22925,03/25/2026 13:52:15,4.47,109.535
22926,03/25/2026 14:02:15,4.47,109.535
22927,03/25/2026 14:12:15,4.47,109.518
22928,03/25/2026 14:22:15,4.47,109.487
22929,03/25/2026 14:32:15,4.48,109.439
22930,03/25/2026 14:42:15,4.48,109.430
22931,03/25/2026 14:52:15,4.49,109.426
22932,03/25/2026 15:02:15,4.49,109.387
22933,03/25/2026 15:12:15,4.50,109.361
22934,03/25/2026 15:22:15,4.50,109.335
22935,03/25/2026 15:32:15,4.51,109.304
22936,03/25/2026 15:42:15,4.52,109.278
22937,03/25/2026 15:52:15,4.53,109.243
22938,03/25/2026 16:02:15,4.54,109.204
22939,03/25/2026 16:12:15,4.55,109.183
22940,03/25/2026 16:22:15,4.57,109.152
22941,03/25/2026 16:32:15,4.58,109.135
22942,03/25/2026 16:42:15,4.60,109.140
22943,03/25/2026 16:52:15,4.61,109.119
22944,03/25/2026 17:02:15,4.63,109.102
22945,03/25/2026 17:12:15,4.65,109.090
22946,03/25/2026 17:22:15,4.67,109.055
22947,03/25/2026 17:32:15,4.69,109.034
22948,03/25/2026 17:42:15,4.71,109.043
22949,03/25/2026 17:52:15,4.73,109.035
22950,03/25/2026 18:02:15,4.75,109.032
22951,03/25/2026 18:12:15,4.78,109.024
22952,03/25/2026 18:22:15,4.80,109.025
22953,03/25/2026 18:32:15,4.83,109.022
22954,03/25/2026 18:42:15,4.85,109.005
22955,03/25/2026 18:52:15,4.88,109.006
22956,03/25/2026 19:02:15,4.91,109.016
22957,03/25/2026 19:12:15,4.93,108.990
22958,03/25/2026 19:22:15,4.96,108.991
22959,03/25/2026 19:32:15,4.98,108.979
22960,03/25/2026 19:42:15,5.00,108.953
22961,03/25/2026 19:52:15,5.02,108.945
22962,03/25/2026 20:02:15,5.04,108.964
22963,03/25/2026 20:12:15,5.06,108.964
22964,03/25/2026 20:22:15,5.08,108.961
22965,03/25/2026 20:32:15,5.09,108.966
22966,03/25/2026 20:42:15,5.11,108.953
22967,03/25/2026 20:52:15,5.12,108.953
22968,03/25/2026 21:02:15,5.14,108.919
22969,03/25/2026 21:12:15,5.15,108.928
22970,03/25/2026 21:22:15,5.16,108.942
22971,03/25/2026 21:32:15,5.17,108.920
22972,03/25/2026 21:42:15,5.18,108.920
22973,03/25/2026 21:52:15,5.19,108.921
22974,03/25/2026 22:02:15,5.19,108.921
22975,03/25/2026 22:12:15,5.20,108.930
22976,03/25/2026 22:22:15,5.21,108.895
22977,03/25/2026 22:32:15,5.21,108.913
22978,03/25/2026 22:42:15,5.22,108.904
22979,03/25/2026 22:52:15,5.22,108.896
22980,03/25/2026 23:02:15,5.22,108.896
22981,03/25/2026 23:12:15,5.23,108.896
22982,03/25/2026 23:22:15,5.23,108.887
22983,03/25/2026 23:32:15,5.23,108.865
22984,03/25/2026 23:42:15,5.23,108.883
22985,03/25/2026 23:52:15,5.23,108.887
22986,03/26/2026 00:02:15,5.23,108.843
22987,03/26/2026 00:12:15,5.23,108.830
22988,03/26/2026 00:22:15,5.23,108.821
22989,03/26/2026 00:32:15,5.23,108.786
22990,03/26/2026 00:42:15,5.23,108.768
22991,03/26/2026 00:52:15,5.23,108.768
22992,03/26/2026 01:02:15,5.23,108.755
22993,03/26/2026 01:12:15,5.24,108.738
22994,03/26/2026 01:22:15,5.24,108.676
22995,03/26/2026 01:32:15,5.24,108.668
22996,03/26/2026 01:42:15,5.24,108.637
22997,03/26/2026 01:52:15,5.24,108.602
22998,03/26/2026 02:02:15,5.25,108.571
22999,03/26/2026 02:12:15,5.25,108.541
23000,03/26/2026 02:22:15,5.25,108.510
23001,03/26/2026 02:32:15,5.25,108.475
23002,03/26/2026 02:42:15,5.25,108.440
23003,03/26/2026 02:52:15,5.26,108.435
23004,03/26/2026 03:02:15,5.26,108.440
23005,03/26/2026 03:12:15,5.26,108.405
23006,03/26/2026 03:22:15,5.26,108.392
23007,03/26/2026 03:32:15,5.26,108.392
23008,03/26/2026 03:42:15,5.26,108.387
23009,03/26/2026 03:52:15,5.26,108.365
23010,03/26/2026 04:02:15,5.27,108.339
23011,03/26/2026 04:12:15,5.27,108.352
23012,03/26/2026 04:22:15,5.27,108.330
23013,03/26/2026 04:32:15,5.27,108.295
23014,03/26/2026 04:42:15,5.27,108.291
23015,03/26/2026 04:52:15,5.27,108.313
23016,03/26/2026 05:02:15,5.27,108.339
23017,03/26/2026 05:12:15,5.27,108.339
23018,03/26/2026 05:22:15,5.27,108.265
23019,03/26/2026 05:32:15,5.27,108.234
23020,03/26/2026 05:42:15,5.27,108.229
23021,03/26/2026 05:52:15,5.27,108.221
23022,03/26/2026 06:02:15,5.27,108.190
23023,03/26/2026 06:12:15,5.27,108.212
23024,03/26/2026 06:22:15,5.27,108.207
23025,03/26/2026 06:32:15,5.26,108.216
23026,03/26/2026 06:42:15,5.26,108.190
23027,03/26/2026 06:52:15,5.26,108.163
23028,03/26/2026 07:02:15,5.26,108.137
23029,03/26/2026 07:12:15,5.26,108.146
23030,03/26/2026 07:22:15,5.26,108.137
23031,03/26/2026 07:32:15,5.26,108.106
23032,03/26/2026 07:42:15,5.25,108.106
23033,03/26/2026 07:52:15,5.25,108.115
23034,03/26/2026 08:02:15,5.25,108.093
23035,03/26/2026 08:12:15,5.25,108.075
23036,03/26/2026 08:22:15,5.25,108.031
23037,03/26/2026 08:32:15,5.25,108.062
23038,03/26/2026 08:42:15,5.24,108.039
23039,03/26/2026 08:52:15,5.24,108.044
23040,03/26/2026 09:02:15,5.24,108.022
23041,03/26/2026 09:12:15,5.24,108.009
23042,03/26/2026 09:22:15,5.24,107.969
23043,03/26/2026 09:32:15,5.24,107.969
23044,03/26/2026 09:42:15,5.23,107.960
23045,03/26/2026 09:52:15,5.23,107.973
23046,03/26/2026 10:02:15,5.23,107.955
23047,03/26/2026 10:12:15,5.22,107.933
23048,03/26/2026 10:22:15,5.22,107.929
23049,03/26/2026 10:32:15,5.22,107.911
23050,03/26/2026 10:42:15,5.22,107.898
23051,03/26/2026 10:52:15,5.22,107.885
23052,03/26/2026 11:02:15,5.22,107.889
23053,03/26/2026 11:12:15,5.22,107.836
23054,03/26/2026 11:22:15,5.22,107.784
23055,03/26/2026 11:32:15,5.22,107.744
23056,03/26/2026 11:42:15,5.22,107.713
23057,03/26/2026 11:52:15,5.22,107.691
23058,03/26/2026 12:02:15,5.22,107.674
23059,03/26/2026 12:12:15,5.23,107.696
23060,03/26/2026 12:22:15,5.23,107.674
23061,03/26/2026 12:32:15,5.23,107.661
23062,03/26/2026 12:42:15,5.24,107.631
23063,03/26/2026 12:52:15,5.24,107.600
23064,03/26/2026 13:02:15,5.25,107.587
23065,03/26/2026 13:12:15,5.26,107.596
23066,03/26/2026 13:22:15,5.27,107.583
23067,03/26/2026 13:32:15,5.28,107.606
23068,03/26/2026 13:42:15,5.30,107.571
23069,03/26/2026 13:52:15,5.31,107.532
23070,03/26/2026 14:02:15,5.33,107.502
23071,03/26/2026 14:12:15,5.34,107.485
23072,03/26/2026 14:22:15,5.36,107.437
23073,03/26/2026 14:32:15,5.38,107.376
23074,03/26/2026 14:42:15,5.40,107.403
23075,03/26/2026 14:52:15,5.42,107.373
23076,03/26/2026 15:02:15,5.44,107.361
23077,03/26/2026 15:12:15,5.46,107.349
23078,03/26/2026 15:22:15,5.49,107.358
23079,03/26/2026 15:32:15,5.51,107.364
23080,03/26/2026 15:42:15,5.54,107.342
23081,03/26/2026 15:52:15,5.56,107.339
23082,03/26/2026 16:02:15,5.58,107.300
23083,03/26/2026 16:12:15,5.61,107.235
23084,03/26/2026 16:22:15,5.63,107.218
23085,03/26/2026 16:32:15,5.65,107.197
23086,03/26/2026 16:42:15,5.67,107.158
23087,03/26/2026 16:52:15,5.70,107.124
23088,03/26/2026 17:02:15,5.72,107.125
23089,03/26/2026 17:12:15,5.74,107.143
23090,03/26/2026 17:22:15,5.76,107.166
23091,03/26/2026 17:32:15,5.77,107.131
23092,03/26/2026 17:42:15,5.79,107.066
23093,03/26/2026 17:52:15,5.81,107.071
23094,03/26/2026 18:02:15,5.82,107.089
23095,03/26/2026 18:12:15,5.83,107.120
23096,03/26/2026 18:22:15,5.85,107.125
23097,03/26/2026 18:32:15,5.86,107.108
23098,03/26/2026 18:42:15,5.88,107.130
23099,03/26/2026 18:52:15,5.89,107.127
23100,03/26/2026 19:02:15,5.90,107.123
23101,03/26/2026 19:12:15,5.91,107.110
23102,03/26/2026 19:22:15,5.93,106.983
23103,03/26/2026 19:32:15,5.94,106.988
23104,03/26/2026 19:42:15,5.95,106.983
23105,03/26/2026 19:52:15,5.96,107.050
23106,03/26/2026 20:02:15,5.97,107.068
23107,03/26/2026 20:12:15,5.97,107.086
23108,03/26/2026 20:22:15,5.98,107.099
23109,03/26/2026 20:32:15,6.00,107.086
23110,03/26/2026 20:42:15,6.00,107.012
23111,03/26/2026 20:52:15,6.02,107.012
23112,03/26/2026 21:02:15,6.03,106.991
23113,03/26/2026 21:12:15,6.04,106.991
23114,03/26/2026 21:22:15,6.05,106.965
23115,03/26/2026 21:32:15,6.06,106.992
23116,03/26/2026 21:42:15,6.07,107.032
23117,03/26/2026 21:52:15,6.08,107.015
23118,03/26/2026 22:02:15,6.09,107.042
23119,03/26/2026 22:12:15,6.10,106.998
23120,03/26/2026 22:22:15,6.11,106.959
23121,03/26/2026 22:32:15,6.12,106.955
23122,03/26/2026 22:42:15,6.13,106.981
23123,03/26/2026 22:52:15,6.14,107.008
23124,03/26/2026 23:02:15,6.15,107.088
23125,03/26/2026 23:12:15,6.16,107.053
23126,03/26/2026 23:22:15,6.16,106.982
23127,03/26/2026 23:32:15,6.16,107.027
23128,03/26/2026 23:42:15,6.17,107.040
23129,03/26/2026 23:52:15,6.18,107.027
23130,03/27/2026 00:02:15,6.19,107.062
23131,03/27/2026 00:12:15,6.20,107.102
23132,03/27/2026 00:22:15,6.20,107.103
23133,03/27/2026 00:32:15,6.21,107.077
23134,03/27/2026 00:42:15,6.22,107.147
23135,03/27/2026 00:52:15,6.23,107.170
23136,03/27/2026 01:02:15,6.23,107.161
23137,03/27/2026 01:12:15,6.24,107.135
23138,03/27/2026 01:22:15,6.25,107.074
23139,03/27/2026 01:32:15,6.26,107.047
23140,03/27/2026 01:42:15,6.26,107.166
23141,03/27/2026 01:52:15,6.27,107.193
23142,03/27/2026 02:02:15,6.27,107.246
23143,03/27/2026 02:12:15,6.27,107.259
23144,03/27/2026 02:22:15,6.27,107.228
23145,03/27/2026 02:32:15,6.27,107.189
23146,03/27/2026 02:42:15,6.28,107.132
23147,03/27/2026 02:52:15,6.28,107.176
23148,03/27/2026 03:02:15,6.28,107.211
23149,03/27/2026 03:12:15,6.29,107.229
23150,03/27/2026 03:22:15,6.30,107.264
23151,03/27/2026 03:32:15,6.30,107.265
23152,03/27/2026 03:42:15,6.31,107.256
23153,03/27/2026 03:52:15,6.32,107.305
23154,03/27/2026 04:02:15,6.33,107.332
23155,03/27/2026 04:12:15,6.34,107.371
23156,03/27/2026 04:22:15,6.35,107.403
23157,03/27/2026 04:32:15,6.35,107.438
23158,03/27/2026 04:42:15,6.36,107.443
23159,03/27/2026 04:52:15,6.36,107.478
23160,03/27/2026 05:02:15,6.37,107.513
23161,03/27/2026 05:12:15,6.37,107.531
23162,03/27/2026 05:22:15,6.37,107.535
23163,03/27/2026 05:32:15,6.37,107.553
23164,03/27/2026 05:42:15,6.37,107.584
23165,03/27/2026 05:52:15,6.37,107.658
23166,03/27/2026 06:02:15,6.36,107.773
23167,03/27/2026 06:12:15,6.36,107.816
23168,03/27/2026 06:22:15,6.36,107.873
23169,03/27/2026 06:32:15,6.35,107.922
23170,03/27/2026 06:42:15,6.35,107.992
23171,03/27/2026 06:52:15,6.34,108.031
23172,03/27/2026 07:02:15,6.34,108.088
23173,03/27/2026 07:12:15,6.34,108.110
23174,03/27/2026 07:22:15,6.34,108.141
23175,03/27/2026 07:32:15,6.34,108.189
23176,03/27/2026 07:42:15,6.33,108.251
23177,03/27/2026 07:52:15,6.33,108.286
23178,03/27/2026 08:02:15,6.33,108.303
23179,03/27/2026 08:12:15,6.33,108.334
23180,03/27/2026 08:22:15,6.32,108.387
23181,03/27/2026 08:32:15,6.32,108.413
23182,03/27/2026 08:42:15,6.32,108.448
23183,03/27/2026 08:52:15,6.32,108.457
23184,03/27/2026 09:02:15,6.32,108.497
23185,03/27/2026 09:12:15,6.32,108.554
23186,03/27/2026 09:22:15,6.32,108.562
23187,03/27/2026 09:32:15,6.32,108.567
23188,03/27/2026 09:42:15,6.32,108.585
23189,03/27/2026 09:52:15,6.32,108.615
23190,03/27/2026 10:02:15,6.32,108.637
23191,03/27/2026 10:12:15,6.33,108.668
23192,03/27/2026 10:22:15,6.33,108.668
23193,03/27/2026 10:32:15,6.33,108.699
23194,03/27/2026 10:42:15,6.33,108.717
23195,03/27/2026 10:52:15,6.33,108.748
23196,03/27/2026 11:02:15,6.33,108.774
23197,03/27/2026 11:12:15,6.33,108.778
23198,03/27/2026 11:22:15,6.33,108.783
23199,03/27/2026 11:32:15,6.33,108.813
23200,03/27/2026 11:42:15,6.32,108.822
23201,03/27/2026 11:52:15,6.32,108.813
23202,03/27/2026 12:02:15,6.32,108.817
23203,03/27/2026 12:12:15,6.31,108.813
23204,03/27/2026 12:22:15,6.31,108.835
23205,03/27/2026 12:32:15,6.31,108.821
23206,03/27/2026 12:42:15,6.30,108.826
23207,03/27/2026 12:52:15,6.30,108.821
23208,03/27/2026 13:02:15,6.30,108.821
23209,03/27/2026 13:12:15,6.30,108.803
23210,03/27/2026 13:22:15,6.30,108.812
23211,03/27/2026 13:32:15,6.29,108.808
23212,03/27/2026 13:42:15,6.30,108.821
23213,03/27/2026 13:52:15,6.30,108.795
23214,03/27/2026 14:02:15,6.30,108.795
23215,03/27/2026 14:12:15,6.31,108.799
23216,03/27/2026 14:22:15,6.31,108.795
23217,03/27/2026 14:32:15,6.32,108.769
23218,03/27/2026 14:42:15,6.33,108.743
23219,03/27/2026 14:52:15,6.34,108.735
23220,03/27/2026 15:02:15,6.34,108.735
23221,03/27/2026 15:12:15,6.35,108.740
23222,03/27/2026 15:22:15,6.36,108.731
23223,03/27/2026 15:32:15,6.37,108.731
23224,03/27/2026 15:42:15,6.38,108.736
23225,03/27/2026 15:52:15,6.39,108.741
23226,03/27/2026 16:02:15,6.40,108.719
23227,03/27/2026 16:12:15,6.41,108.702
23228,03/27/2026 16:22:15,6.42,108.707
23229,03/27/2026 16:32:15,6.43,108.707
23230,03/27/2026 16:42:15,6.44,108.677
23231,03/27/2026 16:52:15,6.45,108.677
23232,03/27/2026 17:02:15,6.46,108.660
23233,03/27/2026 17:12:15,6.46,108.682
23234,03/27/2026 17:22:15,6.47,108.695
23235,03/27/2026 17:32:15,6.47,108.700
23236,03/27/2026 17:42:15,6.48,108.700
23237,03/27/2026 17:52:15,6.48,108.709
23238,03/27/2026 18:02:15,6.48,108.718
23239,03/27/2026 18:12:15,6.48,108.731
23240,03/27/2026 18:22:15,6.48,108.758
23241,03/27/2026 18:32:15,6.48,108.788
23242,03/27/2026 18:42:15,6.49,108.775
23243,03/27/2026 18:52:15,6.49,108.797
23244,03/27/2026 19:02:15,6.49,108.806
23245,03/27/2026 19:12:15,6.50,108.828
23246,03/27/2026 19:22:15,6.50,108.824
23247,03/27/2026 19:32:15,6.50,108.846
23248,03/27/2026 19:42:15,6.51,108.847
23249,03/27/2026 19:52:15,6.51,108.864
23250,03/27/2026 20:02:15,6.52,108.864
23251,03/27/2026 20:12:15,6.52,108.873
23252,03/27/2026 20:22:15,6.52,108.878
23253,03/27/2026 20:32:15,6.52,108.895
23254,03/27/2026 20:42:15,6.52,108.895
23255,03/27/2026 20:52:15,6.52,108.908
23256,03/27/2026 21:02:15,6.52,108.904
23257,03/27/2026 21:12:15,6.52,108.909
23258,03/27/2026 21:22:15,6.52,108.931
23259,03/27/2026 21:32:15,6.52,108.935
23260,03/27/2026 21:42:15,6.52,108.935
23261,03/27/2026 21:52:15,6.52,108.922
23262,03/27/2026 22:02:15,6.52,108.895
23263,03/27/2026 22:12:15,6.52,108.913
23264,03/27/2026 22:22:15,6.52,108.891
23265,03/27/2026 22:32:15,6.51,108.895
23266,03/27/2026 22:42:15,6.51,108.895
23267,03/27/2026 22:52:15,6.51,108.917
23268,03/27/2026 23:02:15,6.50,108.908
23269,03/27/2026 23:12:15,6.50,108.921
23270,03/27/2026 23:22:15,6.49,108.934
23271,03/27/2026 23:32:15,6.49,108.942
23272,03/27/2026 23:42:15,6.48,108.977
23273,03/27/2026 23:52:15,6.47,108.981
23274,03/28/2026 00:02:15,6.46,108.994
23275,03/28/2026 00:12:15,6.45,109.016
23276,03/28/2026 00:22:15,6.44,109.042
23277,03/28/2026 00:32:15,6.43,109.037
23278,03/28/2026 00:42:15,6.42,109.028
23279,03/28/2026 00:52:15,6.41,109.023
23280,03/28/2026 01:02:15,6.40,109.036
23281,03/28/2026 01:12:15,6.39,109.035
23282,03/28/2026 01:22:15,6.38,109.053
23283,03/28/2026 01:32:15,6.37,109.057
23284,03/28/2026 01:42:15,6.35,109.056
23285,03/28/2026 01:52:15,6.34,109.069
23286,03/28/2026 02:02:15,6.33,109.060
23287,03/28/2026 02:12:15,6.32,109.037
23288,03/28/2026 02:22:15,6.31,109.019
23289,03/28/2026 02:32:15,6.30,109.028
23290,03/28/2026 02:42:15,6.28,109.036
23291,03/28/2026 02:52:15,6.27,109.027
23292,03/28/2026 03:02:15,6.26,109.031
23293,03/28/2026 03:12:15,6.25,109.048
23294,03/28/2026 03:22:15,6.23,109.030
23295,03/28/2026 03:32:15,6.22,109.051
23296,03/28/2026 03:42:15,6.20,109.064
23297,03/28/2026 03:52:15,6.19,109.063
23298,03/28/2026 04:02:15,6.18,109.089
23299,03/28/2026 04:12:15,6.16,109.102
23300,03/28/2026 04:22:15,6.15,109.110
23301,03/28/2026 04:32:15,6.14,109.118
23302,03/28/2026 04:42:15,6.12,109.144
23303,03/28/2026 04:52:15,6.11,109.139
23304,03/28/2026 05:02:15,6.10,109.174
23305,03/28/2026 05:12:15,6.09,109.191
23306,03/28/2026 05:22:15,6.08,109.195
23307,03/28/2026 05:32:15,6.06,109.213
23308,03/28/2026 05:42:15,6.05,109.216
23309,03/28/2026 05:52:15,6.04,109.220
23310,03/28/2026 06:02:15,6.03,109.242
23311,03/28/2026 06:12:15,6.02,109.268
23312,03/28/2026 06:22:15,6.01,109.276
23313,03/28/2026 06:32:15,5.99,109.293
23314,03/28/2026 06:42:15,5.98,109.302
23315,03/28/2026 06:52:15,5.97,109.336
23316,03/28/2026 07:02:15,5.96,109.371
23317,03/28/2026 07:12:15,5.95,109.380
23318,03/28/2026 07:22:15,5.94,109.405
23319,03/28/2026 07:32:15,5.92,109.405
23320,03/28/2026 07:42:15,5.91,109.418
23321,03/28/2026 07:52:15,5.90,109.404
23322,03/28/2026 08:02:15,5.89,109.434
23323,03/28/2026 08:12:15,5.88,109.460
23324,03/28/2026 08:22:15,5.87,109.464
23325,03/28/2026 08:32:15,5.85,109.464
23326,03/28/2026 08:42:15,5.84,109.486
23327,03/28/2026 08:52:15,5.83,109.494
23328,03/28/2026 09:02:15,5.82,109.480
23329,03/28/2026 09:12:15,5.81,109.506
23330,03/28/2026 09:22:15,5.80,109.523
23331,03/28/2026 09:32:15,5.79,109.514
23332,03/28/2026 09:42:15,5.78,109.509
23333,03/28/2026 09:52:15,5.76,109.527
23334,03/28/2026 10:02:15,5.75,109.508
23335,03/28/2026 10:12:15,5.74,109.521
23336,03/28/2026 10:22:15,5.72,109.543
23337,03/28/2026 10:32:15,5.71,109.538
23338,03/28/2026 10:42:15,5.70,109.533
23339,03/28/2026 10:52:15,5.69,109.524
23340,03/28/2026 11:02:15,5.68,109.514
23341,03/28/2026 11:12:15,5.66,109.496
23342,03/28/2026 11:22:15,5.65,109.483
23343,03/28/2026 11:32:15,5.64,109.474
23344,03/28/2026 11:42:15,5.63,109.482
23345,03/28/2026 11:52:15,5.62,109.460
23346,03/28/2026 12:02:15,5.61,109.459
23347,03/28/2026 12:12:15,5.60,109.459
23348,03/28/2026 12:22:15,5.59,109.437
23349,03/28/2026 12:32:15,5.58,109.441
23350,03/28/2026 12:42:15,5.57,109.427
23351,03/28/2026 12:52:15,5.56,109.409
23352,03/28/2026 13:02:15,5.55,109.426
23353,03/28/2026 13:12:15,5.54,109.404
23354,03/28/2026 13:22:15,5.53,109.386
23355,03/28/2026 13:32:15,5.52,109.373
23356,03/28/2026 13:42:15,5.51,109.359
23357,03/28/2026 13:52:15,5.51,109.350
23358,03/28/2026 14:02:15,5.50,109.328
23359,03/28/2026 14:12:15,5.50,109.336
23360,03/28/2026 14:22:15,5.49,109.323
23361,03/28/2026 14:32:15,5.48,109.318
23362,03/28/2026 14:42:15,5.48,109.318
23363,03/28/2026 14:52:15,5.47,109.287
23364,03/28/2026 15:02:15,5.47,109.300
23365,03/28/2026 15:12:15,5.47,109.296
23366,03/28/2026 15:22:15,5.46,109.300
23367,03/28/2026 15:32:15,5.46,109.282
23368,03/28/2026 15:42:15,5.46,109.313
23369,03/28/2026 15:52:15,5.45,109.304
23370,03/28/2026 16:02:15,5.45,109.326
23371,03/28/2026 16:12:15,5.45,109.308
23372,03/28/2026 16:22:15,5.45,109.308
23373,03/28/2026 16:32:15,5.45,109.317
23374,03/28/2026 16:42:15,5.45,109.300
23375,03/28/2026 16:52:15,5.45,109.304
23376,03/28/2026 17:02:15,5.46,109.322
23377,03/28/2026 17:12:15,5.46,109.309
23378,03/28/2026 17:22:15,5.46,109.282
23379,03/28/2026 17:32:15,5.46,109.296
23380,03/28/2026 17:42:15,5.46,109.296
23381,03/28/2026 17:52:15,5.47,109.291
23382,03/28/2026 18:02:15,5.47,109.283
23383,03/28/2026 18:12:15,5.47,109.327
23384,03/28/2026 18:22:15,5.48,109.323
23385,03/28/2026 18:32:15,5.48,109.336
23386,03/28/2026 18:42:15,5.49,109.340
23387,03/28/2026 18:52:15,5.49,109.362
23388,03/28/2026 19:02:15,5.49,109.371
23389,03/28/2026 19:12:15,5.50,109.372
23390,03/28/2026 19:22:15,5.50,109.394
23391,03/28/2026 19:32:15,5.51,109.407
23392,03/28/2026 19:42:15,5.51,109.420
23393,03/28/2026 19:52:15,5.51,109.434
23394,03/28/2026 20:02:15,5.52,109.443
23395,03/28/2026 20:12:15,5.52,109.482
23396,03/28/2026 20:22:15,5.53,109.505
23397,03/28/2026 20:32:15,5.53,109.518
23398,03/28/2026 20:42:15,5.53,109.531
23399,03/28/2026 20:52:15,5.54,109.540
23400,03/28/2026 21:02:15,5.54,109.558
23401,03/28/2026 21:12:15,5.54,109.566
23402,03/28/2026 21:22:15,5.54,109.584
23403,03/28/2026 21:32:15,5.54,109.589
23404,03/28/2026 21:42:15,5.54,109.584
23405,03/28/2026 21:52:15,5.54,109.580
23406,03/28/2026 22:02:15,5.54,109.593
23407,03/28/2026 22:12:15,5.54,109.602
23408,03/28/2026 22:22:15,5.54,109.610
23409,03/28/2026 22:32:15,5.53,109.606
23410,03/28/2026 22:42:15,5.53,109.619
23411,03/28/2026 22:52:15,5.53,109.628
23412,03/28/2026 23:02:15,5.52,109.619
23413,03/28/2026 23:12:15,5.52,109.632
23414,03/28/2026 23:22:15,5.51,109.640
23415,03/28/2026 23:32:15,5.51,109.644
23416,03/28/2026 23:42:15,5.50,109.653
23417,03/28/2026 23:52:15,5.49,109.657
23418,03/29/2026 00:02:15,5.49,109.635
23419,03/29/2026 00:12:15,5.48,109.621
23420,03/29/2026 00:22:15,5.47,109.630
23421,03/29/2026 00:32:15,5.46,109.643
23422,03/29/2026 00:42:15,5.46,109.656
23423,03/29/2026 00:52:15,5.45,109.655
23424,03/29/2026 01:02:15,5.44,109.655
23425,03/29/2026 01:12:15,5.43,109.659
23426,03/29/2026 01:22:15,5.43,109.659
23427,03/29/2026 01:32:15,5.42,109.654
23428,03/29/2026 01:42:15,5.41,109.636
23429,03/29/2026 01:52:15,5.40,109.640
23430,03/29/2026 02:02:15,5.40,109.658
23431,03/29/2026 02:12:15,5.39,109.631
23432,03/29/2026 02:22:15,5.38,109.626
23433,03/29/2026 02:32:15,5.37,109.635
23434,03/29/2026 02:42:15,5.36,109.639
23435,03/29/2026 02:52:15,5.35,109.625
23436,03/29/2026 03:02:15,5.35,109.625
23437,03/29/2026 03:12:15,5.34,109.625
23438,03/29/2026 03:22:15,5.33,109.629
23439,03/29/2026 03:32:15,5.32,109.633
23440,03/29/2026 03:42:15,5.31,109.619
23441,03/29/2026 03:52:15,5.30,109.619
23442,03/29/2026 04:02:15,5.29,109.632
23443,03/29/2026 04:12:15,5.28,109.614
23444,03/29/2026 04:22:15,5.27,109.614
23445,03/29/2026 04:32:15,5.27,109.627
23446,03/29/2026 04:42:15,5.26,109.631
23447,03/29/2026 04:52:15,5.25,109.630
23448,03/29/2026 05:02:15,5.24,109.643
23449,03/29/2026 05:12:15,5.23,109.656
23450,03/29/2026 05:22:15,5.21,109.660
23451,03/29/2026 05:32:15,5.20,109.668
23452,03/29/2026 05:42:15,5.19,109.659
23453,03/29/2026 05:52:15,5.18,109.672
23454,03/29/2026 06:02:15,5.17,109.671
23455,03/29/2026 06:12:15,5.16,109.680
23456,03/29/2026 06:22:15,5.15,109.692
23457,03/29/2026 06:32:15,5.14,109.692
23458,03/29/2026 06:42:15,5.13,109.714
23459,03/29/2026 06:52:15,5.11,109.718
23460,03/29/2026 07:02:15,5.10,109.726
23461,03/29/2026 07:12:15,5.09,109.743
23462,03/29/2026 07:22:15,5.08,109.729
23463,03/29/2026 07:32:15,5.07,109.742
23464,03/29/2026 07:42:15,5.05,109.742
23465,03/29/2026 07:52:15,5.04,109.776
23466,03/29/2026 08:02:15,5.03,109.776
23467,03/29/2026 08:12:15,5.02,109.762
23468,03/29/2026 08:22:15,5.00,109.771
23469,03/29/2026 08:32:15,4.99,109.766
23470,03/29/2026 08:42:15,4.98,109.765
23471,03/29/2026 08:52:15,4.97,109.743
23472,03/29/2026 09:02:15,4.96,109.742
23473,03/29/2026 09:12:15,4.95,109.742
23474,03/29/2026 09:22:15,4.94,109.698
23475,03/29/2026 09:32:15,4.93,109.675
23476,03/29/2026 09:42:15,4.92,109.657
23477,03/29/2026 09:52:15,4.90,109.657
23478,03/29/2026 10:02:15,4.89,109.652
23479,03/29/2026 10:12:15,4.89,109.656
23480,03/29/2026 10:22:15,4.88,109.621
23481,03/29/2026 10:32:15,4.87,109.603
23482,03/29/2026 10:42:15,4.86,109.581
23483,03/29/2026 10:52:15,4.85,109.571
23484,03/29/2026 11:02:15,4.84,109.554
23485,03/29/2026 11:12:15,4.83,109.549
23486,03/29/2026 11:22:15,4.82,109.544
23487,03/29/2026 11:32:15,4.82,109.513
23488,03/29/2026 11:42:15,4.81,109.495
23489,03/29/2026 11:52:15,4.80,109.460
23490,03/29/2026 12:02:15,4.79,109.433
23491,03/29/2026 12:12:15,4.78,109.411
23492,03/29/2026 12:22:15,4.78,109.362
23493,03/29/2026 12:32:15,4.77,109.345
23494,03/29/2026 12:42:15,4.77,109.305
23495,03/29/2026 12:52:15,4.76,109.305
23496,03/29/2026 13:02:15,4.75,109.269
23497,03/29/2026 13:12:15,4.75,109.260
23498,03/29/2026 13:22:15,4.75,109.234
23499,03/29/2026 13:32:15,4.74,109.172
23500,03/29/2026 13:42:15,4.74,109.159
23501,03/29/2026 13:52:15,4.74,109.128
23502,03/29/2026 14:02:15,4.74,109.097
23503,03/29/2026 14:12:15,4.74,109.040
23504,03/29/2026 14:22:15,4.74,109.045
23505,03/29/2026 14:32:15,4.74,109.023
23506,03/29/2026 14:42:15,4.75,108.997
23507,03/29/2026 14:52:15,4.75,108.997
23508,03/29/2026 15:02:15,4.75,108.975
23509,03/29/2026 15:12:15,4.76,108.949
23510,03/29/2026 15:22:15,4.76,108.936
23511,03/29/2026 15:32:15,4.77,108.945
23512,03/29/2026 15:42:15,4.78,108.932
23513,03/29/2026 15:52:15,4.78,108.906
23514,03/29/2026 16:02:15,4.79,108.888
23515,03/29/2026 16:12:15,4.80,108.880
23516,03/29/2026 16:22:15,4.80,108.876
23517,03/29/2026 16:32:15,4.81,108.841
23518,03/29/2026 16:42:15,4.82,108.832
23519,03/29/2026 16:52:15,4.83,108.820
23520,03/29/2026 17:02:15,4.84,108.838
23521,03/29/2026 17:12:15,4.85,108.816
23522,03/29/2026 17:22:15,4.86,108.825
23523,03/29/2026 17:32:15,4.87,108.808
23524,03/29/2026 17:42:15,4.88,108.817
23525,03/29/2026 17:52:15,4.90,108.800
23526,03/29/2026 18:02:15,4.91,108.809
23527,03/29/2026 18:12:15,4.92,108.810
23528,03/29/2026 18:22:15,4.94,108.797
23529,03/29/2026 18:32:15,4.95,108.820
23530,03/29/2026 18:42:15,4.97,108.811
23531,03/29/2026 18:52:15,4.98,108.816
23532,03/29/2026 19:02:15,5.00,108.826
23533,03/29/2026 19:12:15,5.02,108.826
23534,03/29/2026 19:22:15,5.03,108.814
23535,03/29/2026 19:32:15,5.05,108.819
23536,03/29/2026 19:42:15,5.07,108.833
23537,03/29/2026 19:52:15,5.09,108.833
23538,03/29/2026 20:02:15,5.10,108.843
23539,03/29/2026 20:12:15,5.12,108.835
23540,03/29/2026 20:22:15,5.14,108.853
23541,03/29/2026 20:32:15,5.16,108.840
23542,03/29/2026 20:42:15,5.17,108.850
23543,03/29/2026 20:52:15,5.19,108.859
23544,03/29/2026 21:02:15,5.21,108.855
23545,03/29/2026 21:12:15,5.22,108.838
23546,03/29/2026 21:22:15,5.24,108.843
23547,03/29/2026 21:32:15,5.25,108.844
23548,03/29/2026 21:42:15,5.27,108.836
23549,03/29/2026 21:52:15,5.28,108.832
23550,03/29/2026 22:02:15,5.30,108.824
23551,03/29/2026 22:12:15,5.31,108.802
23552,03/29/2026 22:22:15,5.32,108.807
23553,03/29/2026 22:32:15,5.33,108.834
23554,03/29/2026 22:42:15,5.34,108.817
23555,03/29/2026 22:52:15,5.36,108.808
23556,03/29/2026 23:02:15,5.37,108.800
23557,03/29/2026 23:12:15,5.37,108.813
23558,03/29/2026 23:22:15,5.38,108.814
23559,03/29/2026 23:32:15,5.39,108.796
23560,03/29/2026 23:42:15,5.40,108.814
23561,03/29/2026 23:52:15,5.40,108.788
23562,03/30/2026 00:02:15,5.41,108.797
23563,03/30/2026 00:12:15,5.41,108.775
23564,03/30/2026 00:22:15,5.42,108.753
23565,03/30/2026 00:32:15,5.42,108.753
23566,03/30/2026 00:42:15,5.42,108.762
23567,03/30/2026 00:52:15,5.43,108.745
23568,03/30/2026 01:02:15,5.43,108.732
23569,03/30/2026 01:12:15,5.43,108.714
23570,03/30/2026 01:22:15,5.43,108.728
23571,03/30/2026 01:32:15,5.43,108.697
23572,03/30/2026 01:42:15,5.43,108.670
23573,03/30/2026 01:52:15,5.43,108.662
23574,03/30/2026 02:02:15,5.43,108.644
23575,03/30/2026 02:12:15,5.43,108.627
23576,03/30/2026 02:22:15,5.43,108.600
23577,03/30/2026 02:32:15,5.43,108.574
23578,03/30/2026 02:42:15,5.43,108.543
23579,03/30/2026 02:52:15,5.43,108.503
23580,03/30/2026 03:02:15,5.42,108.486
23581,03/30/2026 03:12:15,5.42,108.455
23582,03/30/2026 03:22:15,5.42,108.433
23583,03/30/2026 03:32:15,5.42,108.424
23584,03/30/2026 03:42:15,5.42,108.402
23585,03/30/2026 03:52:15,5.41,108.371
23586,03/30/2026 04:02:15,5.41,108.353
23587,03/30/2026 04:12:15,5.41,108.349
23588,03/30/2026 04:22:15,5.40,108.335
23589,03/30/2026 04:32:15,5.40,108.300
23590,03/30/2026 04:42:15,5.39,108.300
23591,03/30/2026 04:52:15,5.39,108.282
23592,03/30/2026 05:02:15,5.39,108.269
23593,03/30/2026 05:12:15,5.38,108.255
23594,03/30/2026 05:22:15,5.38,108.233
23595,03/30/2026 05:32:15,5.37,108.229
23596,03/30/2026 05:42:15,5.37,108.220
23597,03/30/2026 05:52:15,5.37,108.202
23598,03/30/2026 06:02:15,5.36,108.189
23599,03/30/2026 06:12:15,5.36,108.189
23600,03/30/2026 06:22:15,5.35,108.184
23601,03/30/2026 06:32:15,5.35,108.175
23602,03/30/2026 06:42:15,5.35,108.171
23603,03/30/2026 06:52:15,5.34,108.140
23604,03/30/2026 07:02:15,5.34,108.140
23605,03/30/2026 07:12:15,5.33,108.157
23606,03/30/2026 07:22:15,5.33,108.139
23607,03/30/2026 07:32:15,5.33,108.108
23608,03/30/2026 07:42:15,5.33,108.091
23609,03/30/2026 07:52:15,5.32,108.069
23610,03/30/2026 08:02:15,5.32,108.064
23611,03/30/2026 08:12:15,5.31,108.055
23612,03/30/2026 08:22:15,5.31,108.042
23613,03/30/2026 08:32:15,5.30,108.028
23614,03/30/2026 08:42:15,5.30,108.015
23615,03/30/2026 08:52:15,5.30,107.993
23616,03/30/2026 09:02:15,5.29,107.989
23617,03/30/2026 09:12:15,5.29,107.975
23618,03/30/2026 09:22:15,5.28,107.979
23619,03/30/2026 09:32:15,5.28,107.957
23620,03/30/2026 09:42:15,5.28,107.970
23621,03/30/2026 09:52:15,5.28,107.966
23622,03/30/2026 10:02:15,5.27,107.953
23623,03/30/2026 10:12:15,5.27,107.948
23624,03/30/2026 10:22:15,5.27,107.908
23625,03/30/2026 10:32:15,5.27,107.882
23626,03/30/2026 10:42:15,5.26,107.856
23627,03/30/2026 10:52:15,5.26,107.856
23628,03/30/2026 11:02:15,5.26,107.842
23629,03/30/2026 11:12:15,5.26,107.825
23630,03/30/2026 11:22:15,5.26,107.794
23631,03/30/2026 11:32:15,5.26,107.750
23632,03/30/2026 11:42:15,5.26,107.746
23633,03/30/2026 11:52:15,5.26,107.706
23634,03/30/2026 12:02:15,5.26,107.719
23635,03/30/2026 12:12:15,5.26,107.680
23636,03/30/2026 12:22:15,5.26,107.653
23637,03/30/2026 12:32:15,5.27,107.640
23638,03/30/2026 12:42:15,5.27,107.618
23639,03/30/2026 12:52:15,5.27,107.579
23640,03/30/2026 13:02:15,5.28,107.575
23641,03/30/2026 13:12:15,5.28,107.540
23642,03/30/2026 13:22:15,5.29,107.522
23643,03/30/2026 13:32:15,5.29,107.501
23644,03/30/2026 13:42:15,5.30,107.501
23645,03/30/2026 13:52:15,5.31,107.470
23646,03/30/2026 14:02:15,5.32,107.449
23647,03/30/2026 14:12:15,5.33,107.423
23648,03/30/2026 14:22:15,5.34,107.375
23649,03/30/2026 14:32:15,5.35,107.358
23650,03/30/2026 14:42:15,5.37,107.345
23651,03/30/2026 14:52:15,5.38,107.337
23652,03/30/2026 15:02:15,5.40,107.324
23653,03/30/2026 15:12:15,5.42,107.320
23654,03/30/2026 15:22:15,5.43,107.299
23655,03/30/2026 15:32:15,5.45,107.317
23656,03/30/2026 15:42:15,5.47,107.301
23657,03/30/2026 15:52:15,5.52,106.986
23658,03/30/2026 16:02:15,6.20,106.553
23659,03/30/2026 16:12:15,7.01,106.590
23660,03/30/2026 16:22:15,7.58,106.567
23661,03/30/2026 16:32:15,8.00,106.591
23662,03/30/2026 16:42:15,8.30,106.584
23663,03/30/2026 16:52:15,8.52,106.614
23664,03/30/2026 17:02:15,8.70,106.598
23665,03/30/2026 17:12:15,8.83,106.607
23666,03/30/2026 17:22:15,8.94,106.572
23667,03/30/2026 17:32:15,9.03,106.584
23668,03/30/2026 17:42:15,9.11,106.608
23669,03/30/2026 17:52:15,9.18,106.580
23670,03/30/2026 18:02:15,9.24,106.587
23671,03/30/2026 18:12:15,9.30,106.576
23672,03/30/2026 18:22:15,9.34,106.581
23673,03/30/2026 18:32:15,9.37,106.578
23674,03/30/2026 18:42:15,9.39,106.588
23675,03/30/2026 18:52:15,9.40,106.592
23676,03/30/2026 19:02:15,9.40,106.610
23677,03/30/2026 19:12:15,9.40,106.601
23678,03/30/2026 19:22:15,9.40,106.606
23679,03/30/2026 19:32:15,9.39,106.627
23680,03/30/2026 19:42:15,9.38,106.623
23681,03/30/2026 19:52:15,9.37,106.618
23682,03/30/2026 20:02:15,9.35,106.617
23683,03/30/2026 20:12:15,9.33,106.625
23684,03/30/2026 20:22:15,9.30,106.637
23685,03/30/2026 20:32:15,9.27,106.667
23686,03/30/2026 20:42:15,9.23,106.666
23687,03/30/2026 20:52:15,9.19,106.686
23688,03/30/2026 21:02:15,9.15,106.711
23689,03/30/2026 21:12:15,9.11,106.719
23690,03/30/2026 21:22:15,9.07,106.721
23691,03/30/2026 21:32:15,9.02,106.707
23692,03/30/2026 21:42:15,8.97,106.722
23693,03/30/2026 21:52:15,8.91,106.738
23694,03/30/2026 22:02:15,8.86,106.754
23695,03/30/2026 22:12:15,8.80,106.738
23696,03/30/2026 22:22:15,8.74,106.732
23697,03/30/2026 22:32:15,8.67,106.734
23698,03/30/2026 22:42:15,8.61,106.745
23699,03/30/2026 22:52:15,8.55,106.738
23700,03/30/2026 23:02:15,8.48,106.727
23701,03/30/2026 23:12:15,8.43,106.747
23702,03/30/2026 23:22:15,8.37,106.750
23703,03/30/2026 23:32:15,8.33,106.748
23704,03/30/2026 23:42:15,8.28,106.724
23705,03/30/2026 23:52:15,8.24,106.723
23706,03/31/2026 00:02:15,8.20,106.743
23707,03/31/2026 00:12:15,8.16,106.760
23708,03/31/2026 00:22:15,8.13,106.767
23709,03/31/2026 00:32:15,8.09,106.757
23710,03/31/2026 00:42:15,8.06,106.743
23711,03/31/2026 00:52:15,8.02,106.746
23712,03/31/2026 01:02:15,7.99,106.736
23713,03/31/2026 01:12:15,7.95,106.739
23714,03/31/2026 01:22:15,7.92,106.729
23715,03/31/2026 01:32:15,7.89,106.723
23716,03/31/2026 01:42:15,7.86,106.722
23717,03/31/2026 01:52:15,7.84,106.708
23718,03/31/2026 02:02:15,7.82,106.668
23719,03/31/2026 02:12:15,7.80,106.680
23720,03/31/2026 02:22:15,7.78,106.671
23721,03/31/2026 02:32:15,7.77,106.657
23722,03/31/2026 02:42:15,7.77,106.644
23723,03/31/2026 02:52:15,7.76,106.587
23724,03/31/2026 03:02:15,7.77,106.583
23725,03/31/2026 03:12:15,7.78,106.609
23726,03/31/2026 03:22:15,7.80,106.614
23727,03/31/2026 03:32:15,7.82,106.606
23728,03/31/2026 03:42:15,7.84,106.581
23729,03/31/2026 03:52:15,7.87,106.551
23730,03/31/2026 04:02:15,7.89,106.525
23731,03/31/2026 04:12:15,7.92,106.526
23732,03/31/2026 04:22:15,7.94,106.545
23733,03/31/2026 04:32:15,7.97,106.537
23734,03/31/2026 04:42:15,7.99,106.520
23735,03/31/2026 04:52:15,8.00,106.521
23736,03/31/2026 05:02:15,8.02,106.486
23737,03/31/2026 05:12:15,8.03,106.526
23738,03/31/2026 05:22:15,8.05,106.509
23739,03/31/2026 05:32:15,8.06,106.531
23740,03/31/2026 05:42:15,8.07,106.523
23741,03/31/2026 05:52:15,8.08,106.488
23742,03/31/2026 06:02:15,8.09,106.506
23743,03/31/2026 06:12:15,8.10,106.524
23744,03/31/2026 06:22:15,8.10,106.520
23745,03/31/2026 06:32:15,8.11,106.564
23746,03/31/2026 06:42:15,8.11,106.582
23747,03/31/2026 06:52:15,8.12,106.573
23748,03/31/2026 07:02:15,8.12,106.564
23749,03/31/2026 07:12:15,8.13,106.560
23750,03/31/2026 07:22:15,8.13,106.551
23751,03/31/2026 07:32:15,8.13,106.512
23752,03/31/2026 07:42:15,8.14,106.516
23753,03/31/2026 07:52:15,8.14,106.512
23754,03/31/2026 08:02:15,8.14,106.534
23755,03/31/2026 08:12:15,8.15,106.508
23756,03/31/2026 08:22:15,8.16,106.491
23757,03/31/2026 08:32:15,8.17,106.469
23758,03/31/2026 08:42:15,8.19,106.470
23759,03/31/2026 08:52:15,8.20,106.462
23760,03/31/2026 09:02:15,8.21,106.480
23761,03/31/2026 09:12:15,8.23,106.476
23762,03/31/2026 09:22:15,8.24,106.476
23763,03/31/2026 09:32:15,8.25,106.512
23764,03/31/2026 09:42:15,8.26,106.552
23765,03/31/2026 09:52:15,8.26,106.587
23766,03/31/2026 10:02:15,8.27,106.627
23767,03/31/2026 10:12:15,8.28,106.689
23768,03/31/2026 10:22:15,8.32,106.783
23769,03/31/2026 10:32:15,8.35,106.757
23770,03/31/2026 10:42:15,8.40,106.755
23771,03/31/2026 10:52:15,8.51,106.693
23772,03/31/2026 11:02:15,8.60,106.648
23773,03/31/2026 11:12:15,8.65,106.636
23774,03/31/2026 11:22:15,8.67,106.615
23775,03/31/2026 11:32:15,8.68,106.589
23776,03/31/2026 11:42:15,8.70,106.572
23777,03/31/2026 11:52:15,8.72,106.577
23778,03/31/2026 12:02:15,8.74,106.529
23779,03/31/2026 12:12:15,8.77,106.552
23780,03/31/2026 12:22:15,8.79,106.540
23781,03/31/2026 12:32:15,8.82,106.510
23782,03/31/2026 12:42:15,8.84,106.502
23783,03/31/2026 12:52:15,8.86,106.516
23784,03/31/2026 13:02:15,8.88,106.539
23785,03/31/2026 13:12:15,8.91,106.588
23786,03/31/2026 13:22:15,8.94,106.558
23787,03/31/2026 13:32:15,8.97,106.568
23788,03/31/2026 13:42:15,8.99,106.534
23789,03/31/2026 13:52:15,9.02,106.486
23790,03/31/2026 14:02:15,9.04,106.465
23791,03/31/2026 14:12:15,9.06,106.439
23792,03/31/2026 14:22:15,9.09,106.423
23793,03/31/2026 14:32:15,9.12,106.446
23794,03/31/2026 14:42:15,9.16,106.522
23795,03/31/2026 14:52:15,9.21,106.453
23796,03/31/2026 15:02:15,9.26,106.438
23797,03/31/2026 15:12:15,9.29,106.426
23798,03/31/2026 15:22:15,9.33,106.418
23799,03/31/2026 15:32:15,9.36,106.384
23800,03/31/2026 15:42:15,9.39,106.354
23801,03/31/2026 15:52:15,9.42,106.342
23802,03/31/2026 16:02:15,9.45,106.326
23803,03/31/2026 16:12:15,9.50,106.310
23804,03/31/2026 16:22:15,9.54,106.285
23805,03/31/2026 16:32:15,9.58,106.260
23806,03/31/2026 16:42:15,9.62,106.239
23807,03/31/2026 16:52:15,9.65,106.231
23808,03/31/2026 17:02:15,9.69,106.233
23809,03/31/2026 17:12:15,9.72,106.238
23810,03/31/2026 17:22:15,9.75,106.208
23811,03/31/2026 17:32:15,9.77,106.196
23812,03/31/2026 17:42:15,9.79,106.192
23813,03/31/2026 17:52:15,9.81,106.206
23814,03/31/2026 18:02:15,9.83,106.193
23815,03/31/2026 18:12:15,9.84,106.198
23816,03/31/2026 18:22:15,9.86,106.195
23817,03/31/2026 18:32:15,9.88,106.213
23818,03/31/2026 18:42:15,9.89,106.222
23819,03/31/2026 18:52:15,9.91,106.227
23820,03/31/2026 19:02:15,9.93,106.215
23821,03/31/2026 19:12:15,9.94,106.202
23822,03/31/2026 19:22:15,9.95,106.202
23823,03/31/2026 19:32:15,9.96,106.212
23824,03/31/2026 19:42:15,9.98,106.190
23825,03/31/2026 19:52:15,10.00,106.182
23826,03/31/2026 20:02:15,10.03,106.170
23827,03/31/2026 20:12:15,10.05,106.171
23828,03/31/2026 20:22:15,10.07,106.171
23829,03/31/2026 20:32:15,10.09,106.172
23830,03/31/2026 20:42:15,10.10,106.172
23831,03/31/2026 20:52:15,10.12,106.208
23832,03/31/2026 21:02:15,10.13,106.262
23833,03/31/2026 21:12:15,10.14,106.474
23834,03/31/2026 21:22:15,10.15,106.514
23835,03/31/2026 21:32:15,10.16,106.496
23836,03/31/2026 21:42:15,10.17,106.483
23837,03/31/2026 21:52:15,10.18,106.448
23838,03/31/2026 22:02:15,10.18,106.444
23839,03/31/2026 22:12:15,10.19,106.435
23840,03/31/2026 22:22:15,10.18,106.440
23841,03/31/2026 22:32:15,10.17,106.572
23842,03/31/2026 22:42:15,10.16,106.435
23843,03/31/2026 22:52:15,10.16,106.545
23844,03/31/2026 23:02:15,10.17,106.695
23845,03/31/2026 23:12:15,10.18,106.819
23846,03/31/2026 23:22:15,10.25,106.962
23847,03/31/2026 23:32:15,10.35,106.975
23848,03/31/2026 23:42:15,10.45,106.859
23849,03/31/2026 23:52:15,10.50,106.755
23850,04/01/2026 00:02:15,10.50,106.698
23851,04/01/2026 00:12:15,10.48,106.662
23852,04/01/2026 00:22:15,10.44,106.634
23853,04/01/2026 00:32:15,10.41,106.589
23854,04/01/2026 00:42:15,10.37,106.583
23855,04/01/2026 00:52:15,10.34,106.617
23856,04/01/2026 01:02:15,10.30,106.647
23857,04/01/2026 01:12:15,10.27,106.650
23858,04/01/2026 01:22:15,10.24,106.742
23859,04/01/2026 01:32:15,10.22,106.825
23860,04/01/2026 01:42:15,10.20,106.700
23861,04/01/2026 01:52:15,10.19,106.704
23862,04/01/2026 02:02:15,10.18,106.673
23863,04/01/2026 02:12:15,10.17,106.712
23864,04/01/2026 02:22:15,10.16,106.739
23865,04/01/2026 02:32:15,10.17,106.695
23866,04/01/2026 02:42:15,10.18,106.695
23867,04/01/2026 02:52:15,10.18,106.691
23868,04/01/2026 03:02:15,10.18,106.651
23869,04/01/2026 03:12:15,10.18,106.647
23870,04/01/2026 03:22:15,10.16,106.650
23871,04/01/2026 03:32:15,10.14,106.654
23872,04/01/2026 03:42:15,10.11,106.622
23873,04/01/2026 03:52:15,10.09,106.635
23874,04/01/2026 04:02:15,10.07,106.630
23875,04/01/2026 04:12:15,10.05,106.673
23876,04/01/2026 04:22:15,10.03,106.708
23877,04/01/2026 04:32:15,10.01,106.738
23878,04/01/2026 04:42:15,10.00,106.746
23879,04/01/2026 04:52:15,9.98,106.750
23880,04/01/2026 05:02:15,9.97,106.798
23881,04/01/2026 05:12:15,9.95,106.810
23882,04/01/2026 05:22:15,9.93,106.823
23883,04/01/2026 05:32:15,9.91,106.835
23884,04/01/2026 05:42:15,9.88,106.852
23885,04/01/2026 05:52:15,9.86,106.873
23886,04/01/2026 06:02:15,9.84,106.899
23887,04/01/2026 06:12:15,9.82,106.933
23888,04/01/2026 06:22:15,9.79,106.950
23889,04/01/2026 06:32:15,9.77,106.967
23890,04/01/2026 06:42:15,9.75,107.032
23891,04/01/2026 06:52:15,9.73,107.049
23892,04/01/2026 07:02:15,9.70,107.092
23893,04/01/2026 07:12:15,9.68,107.096
23894,04/01/2026 07:22:15,9.66,107.122
23895,04/01/2026 07:32:15,9.63,107.152
23896,04/01/2026 07:42:15,9.61,107.190
23897,04/01/2026 07:52:15,9.59,107.238
23898,04/01/2026 08:02:15,9.58,107.238
23899,04/01/2026 08:12:15,9.57,107.255
23900,04/01/2026 08:22:15,9.56,107.255
23901,04/01/2026 08:32:15,9.56,107.228
23902,04/01/2026 08:42:15,9.55,107.254
23903,04/01/2026 08:52:15,9.56,107.263
23904,04/01/2026 09:02:15,9.57,107.268
23905,04/01/2026 09:12:15,9.58,107.286
23906,04/01/2026 09:22:15,9.60,107.305
23907,04/01/2026 09:32:15,9.63,107.327
23908,04/01/2026 09:42:15,9.65,107.320
23909,04/01/2026 09:52:15,9.67,107.338
23910,04/01/2026 10:02:15,9.70,107.348
23911,04/01/2026 10:12:15,9.72,107.393
23912,04/01/2026 10:22:15,9.75,107.394
23913,04/01/2026 10:32:15,9.78,107.412
23914,04/01/2026 10:42:15,9.80,107.453
23915,04/01/2026 10:52:15,9.82,107.467
23916,04/01/2026 11:02:15,9.84,107.494
23917,04/01/2026 11:12:15,9.85,107.468
23918,04/01/2026 11:22:15,9.87,107.504
23919,04/01/2026 11:32:15,9.88,107.504
23920,04/01/2026 11:42:15,9.89,107.522
23921,04/01/2026 11:52:15,9.91,107.532
23922,04/01/2026 12:02:15,9.93,107.550
23923,04/01/2026 12:12:15,9.95,107.546
23924,04/01/2026 12:22:15,9.98,107.552
23925,04/01/2026 12:32:15,10.02,107.566
23926,04/01/2026 12:42:15,10.06,107.586
23927,04/01/2026 12:52:15,10.11,107.578
23928,04/01/2026 13:02:15,10.15,107.589
23929,04/01/2026 13:12:15,10.19,107.581
23930,04/01/2026 13:22:15,10.22,107.609
23931,04/01/2026 13:32:15,10.25,107.610
23932,04/01/2026 13:42:15,10.27,107.602
23933,04/01/2026 13:52:15,10.29,107.612
23934,04/01/2026 14:02:15,10.31,107.626
23935,04/01/2026 14:12:15,10.33,107.635
23936,04/01/2026 14:22:15,10.36,107.627
23937,04/01/2026 14:32:15,10.39,107.650
23938,04/01/2026 14:42:15,10.43,107.643
23939,04/01/2026 14:52:15,10.47,107.653
23940,04/01/2026 15:02:15,10.50,107.668
23941,04/01/2026 15:12:15,10.54,107.673
23942,04/01/2026 15:22:15,10.57,107.661
23943,04/01/2026 15:32:15,10.59,107.671
23944,04/01/2026 15:42:15,10.62,107.694
23945,04/01/2026 15:52:15,10.63,107.708
23946,04/01/2026 16:02:15,10.65,107.721
23947,04/01/2026 16:12:15,10.65,107.744
23948,04/01/2026 16:22:15,10.66,107.766
23949,04/01/2026 16:32:15,10.68,107.762
23950,04/01/2026 16:42:15,10.69,107.798
23951,04/01/2026 16:52:15,10.70,107.794
23952,04/01/2026 17:02:15,10.72,107.816
23953,04/01/2026 17:12:15,10.73,107.843
23954,04/01/2026 17:22:15,10.74,107.844
23955,04/01/2026 17:32:15,10.76,107.884
23956,04/01/2026 17:42:15,10.77,107.911
23957,04/01/2026 17:52:15,10.79,107.951
23958,04/01/2026 18:02:15,10.80,107.969
23959,04/01/2026 18:12:15,10.82,108.018
23960,04/01/2026 18:22:15,10.83,108.019
23961,04/01/2026 18:32:15,10.84,108.032
23962,04/01/2026 18:42:15,10.84,108.081
23963,04/01/2026 18:52:15,10.84,108.116
23964,04/01/2026 19:02:15,10.83,108.129
23965,04/01/2026 19:12:15,10.83,108.129
23966,04/01/2026 19:22:15,10.82,108.124
23967,04/01/2026 19:32:15,10.81,108.124
23968,04/01/2026 19:42:15,10.80,108.110
23969,04/01/2026 19:52:15,10.79,108.119
23970,04/01/2026 20:02:15,10.78,108.149
23971,04/01/2026 20:12:15,10.76,108.171
23972,04/01/2026 20:22:15,10.74,108.179
23973,04/01/2026 20:32:15,10.73,108.165
23974,04/01/2026 20:42:15,10.71,108.169
23975,04/01/2026 20:52:15,10.69,108.234
23976,04/01/2026 21:02:15,10.66,108.224
23977,04/01/2026 21:12:15,10.64,108.259
23978,04/01/2026 21:22:15,10.61,108.262
23979,04/01/2026 21:32:15,10.59,108.261
23980,04/01/2026 21:42:15,10.56,108.309
23981,04/01/2026 21:52:15,10.53,108.321
23982,04/01/2026 22:02:15,10.50,108.359
23983,04/01/2026 22:12:15,10.46,108.384
23984,04/01/2026 22:22:15,10.42,108.392
23985,04/01/2026 22:32:15,10.38,108.430
23986,04/01/2026 22:42:15,10.35,108.429
23987,04/01/2026 22:52:15,10.31,108.427
23988,04/01/2026 23:02:15,10.27,108.443
23989,04/01/2026 23:12:15,10.23,108.433
23990,04/01/2026 23:22:15,10.19,108.436
23991,04/01/2026 23:32:15,10.16,108.470
23992,04/01/2026 23:42:15,10.12,108.456
23993,04/01/2026 23:52:15,10.09,108.446
23994,04/02/2026 00:02:15,10.07,108.467
23995,04/02/2026 00:12:15,10.04,108.483
23996,04/02/2026 00:22:15,10.01,108.474
23997,04/02/2026 00:32:15,9.99,108.486
23998,04/02/2026 00:42:15,9.96,108.472
23999,04/02/2026 00:52:15,9.94,108.493
24000,04/02/2026 01:02:15,9.91,108.505
24001,04/02/2026 01:12:15,9.87,108.521
24002,04/02/2026 01:22:15,9.84,108.516
24003,04/02/2026 01:32:15,9.81,108.576
24004,04/02/2026 01:42:15,9.78,108.575
24005,04/02/2026 01:52:15,9.75,108.548
24006,04/02/2026 02:02:15,9.72,108.511
24007,04/02/2026 02:12:15,9.69,108.501
24008,04/02/2026 02:22:15,9.66,108.522
24009,04/02/2026 02:32:15,9.64,108.508
24010,04/02/2026 02:42:15,9.61,108.538
24011,04/02/2026 02:52:15,9.59,108.564
24012,04/02/2026 03:02:15,9.56,108.532
24013,04/02/2026 03:12:15,9.54,108.505
24014,04/02/2026 03:22:15,9.52,108.495
24015,04/02/2026 03:32:15,9.50,108.495
24016,04/02/2026 03:42:15,9.49,108.569
24017,04/02/2026 03:52:15,9.47,108.621
24018,04/02/2026 04:02:15,9.46,108.713
24019,04/02/2026 04:12:15,9.45,108.801
24020,04/02/2026 04:22:15,9.44,108.871
24021,04/02/2026 04:32:15,9.45,108.924
24022,04/02/2026 04:42:15,9.45,108.920
24023,04/02/2026 04:52:15,9.43,108.932
24024,04/02/2026 05:02:15,9.39,108.913
24025,04/02/2026 05:12:15,9.34,108.889
24026,04/02/2026 05:22:15,9.28,108.883
24027,04/02/2026 05:32:15,9.23,108.899
24028,04/02/2026 05:42:15,9.18,108.919
24029,04/02/2026 05:52:15,9.14,108.957
24030,04/02/2026 06:02:15,9.12,108.956
24031,04/02/2026 06:12:15,9.09,109.021
24032,04/02/2026 06:22:15,9.07,109.060
24033,04/02/2026 06:32:15,9.05,109.063
24034,04/02/2026 06:42:15,9.02,109.063
24035,04/02/2026 06:52:15,8.99,109.084
24036,04/02/2026 07:02:15,8.97,109.096
24037,04/02/2026 07:12:15,8.93,109.103
24038,04/02/2026 07:22:15,8.90,109.133
24039,04/02/2026 07:32:15,8.87,109.162
24040,04/02/2026 07:42:15,8.83,109.192
24041,04/02/2026 07:52:15,8.80,109.187
24042,04/02/2026 08:02:15,8.78,109.190
24043,04/02/2026 08:12:15,8.75,109.206
24044,04/02/2026 08:22:15,8.72,109.210
24045,04/02/2026 08:32:15,8.70,109.235
24046,04/02/2026 08:42:15,8.68,109.239
24047,04/02/2026 08:52:15,8.65,109.256
24048,04/02/2026 09:02:15,8.63,109.268
24049,04/02/2026 09:12:15,8.61,109.298
24050,04/02/2026 09:22:15,8.59,109.324
24051,04/02/2026 09:32:15,8.57,109.350
24052,04/02/2026 09:42:15,8.56,109.384
24053,04/02/2026 09:52:15,8.54,109.379
24054,04/02/2026 10:02:15,8.53,109.379
24055,04/02/2026 10:12:15,8.52,109.365
24056,04/02/2026 10:22:15,8.51,109.374
24057,04/02/2026 10:32:15,8.50,109.386
24058,04/02/2026 10:42:15,8.49,109.421
24059,04/02/2026 10:52:15,8.48,109.434
24060,04/02/2026 11:02:15,8.47,109.447
24061,04/02/2026 11:12:15,8.46,109.455
24062,04/02/2026 11:22:15,8.45,109.446
24063,04/02/2026 11:32:15,8.43,109.437
24064,04/02/2026 11:42:15,8.42,109.450
24065,04/02/2026 11:52:15,8.40,109.436
24066,04/02/2026 12:02:15,8.39,109.427
24067,04/02/2026 12:12:15,8.38,109.426
24068,04/02/2026 12:22:15,8.38,109.426
24069,04/02/2026 12:32:15,8.37,109.443
24070,04/02/2026 12:42:15,8.37,109.470
24071,04/02/2026 12:52:15,8.37,109.492
24072,04/02/2026 13:02:15,8.36,109.509
24073,04/02/2026 13:12:15,8.36,109.509
24074,04/02/2026 13:22:15,8.35,109.491
24075,04/02/2026 13:32:15,8.35,109.522
24076,04/02/2026 13:42:15,8.35,109.517
24077,04/02/2026 13:52:15,8.35,109.508
24078,04/02/2026 14:02:15,8.34,109.478
24079,04/02/2026 14:12:15,8.34,109.482
24080,04/02/2026 14:22:15,8.34,109.455
24081,04/02/2026 14:32:15,8.34,109.464
24082,04/02/2026 14:42:15,8.34,109.425
24083,04/02/2026 14:52:15,8.34,109.420
24084,04/02/2026 15:02:15,8.34,109.433
24085,04/02/2026 15:12:15,8.34,109.433
24086,04/02/2026 15:22:15,8.35,109.434
24087,04/02/2026 15:32:15,8.35,109.425
24088,04/02/2026 15:42:15,8.35,109.398
24089,04/02/2026 15:52:15,8.34,109.420
24090,04/02/2026 16:02:15,8.34,109.385
24091,04/02/2026 16:12:15,8.34,109.389
24092,04/02/2026 16:22:15,8.33,109.402
24093,04/02/2026 16:32:15,8.32,109.415
24094,04/02/2026 16:42:15,8.32,109.393
24095,04/02/2026 16:52:15,8.31,109.384
24096,04/02/2026 17:02:15,8.29,109.388
24097,04/02/2026 17:12:15,8.28,109.378
24098,04/02/2026 17:22:15,8.27,109.374
24099,04/02/2026 17:32:15,8.26,109.369
24100,04/02/2026 17:42:15,8.25,109.404
24101,04/02/2026 17:52:15,8.24,109.438
24102,04/02/2026 18:02:15,8.23,109.420
24103,04/02/2026 18:12:15,8.21,109.415
24104,04/02/2026 18:22:15,8.20,109.419
24105,04/02/2026 18:32:15,8.19,109.375
24106,04/02/2026 18:42:15,8.17,109.410
24107,04/02/2026 18:52:15,8.16,109.396
24108,04/02/2026 19:02:15,8.15,109.413
24109,04/02/2026 19:12:15,8.14,109.369
24110,04/02/2026 19:22:15,8.12,109.403
24111,04/02/2026 19:32:15,8.10,109.389
24112,04/02/2026 19:42:15,8.08,109.366
24113,04/02/2026 19:52:15,8.05,109.409
24114,04/02/2026 20:02:15,8.02,109.422
24115,04/02/2026 20:12:15,7.99,109.394
24116,04/02/2026 20:22:15,7.96,109.384
24117,04/02/2026 20:32:15,7.93,109.396
24118,04/02/2026 20:42:15,7.90,109.417
24119,04/02/2026 20:52:15,7.87,109.420
24120,04/02/2026 21:02:15,7.85,109.433
24121,04/02/2026 21:12:15,7.82,109.423
24122,04/02/2026 21:22:15,7.79,109.413
24123,04/02/2026 21:32:15,7.77,109.447
24124,04/02/2026 21:42:15,7.74,109.424
24125,04/02/2026 21:52:15,7.72,109.428
24126,04/02/2026 22:02:15,7.70,109.427
24127,04/02/2026 22:12:15,7.68,109.422
24128,04/02/2026 22:22:15,7.66,109.412
24129,04/02/2026 22:32:15,7.63,109.420
24130,04/02/2026 22:42:15,7.61,109.389
24131,04/02/2026 22:52:15,7.60,109.375
24132,04/02/2026 23:02:15,7.58,109.365
24133,04/02/2026 23:12:15,7.56,109.338
24134,04/02/2026 23:22:15,7.54,109.329
24135,04/02/2026 23:32:15,7.52,109.328
24136,04/02/2026 23:42:15,7.50,109.310
24137,04/02/2026 23:52:15,7.48,109.296
24138,04/03/2026 00:02:15,7.46,109.291
24139,04/03/2026 00:12:15,7.44,109.281
24140,04/03/2026 00:22:15,7.43,109.267
24141,04/03/2026 00:32:15,7.41,109.271
24142,04/03/2026 00:42:15,7.40,109.271
24143,04/03/2026 00:52:15,7.38,109.244
24144,04/03/2026 01:02:15,7.37,109.239
24145,04/03/2026 01:12:15,7.35,109.221
24146,04/03/2026 01:22:15,7.33,109.229
24147,04/03/2026 01:32:15,7.31,109.232
24148,04/03/2026 01:42:15,7.29,109.205
24149,04/03/2026 01:52:15,7.27,109.191
24150,04/03/2026 02:02:15,7.25,109.151
24151,04/03/2026 02:12:15,7.23,109.177
24152,04/03/2026 02:22:15,7.22,109.132
24153,04/03/2026 02:32:15,7.20,109.136
24154,04/03/2026 02:42:15,7.18,109.135
24155,04/03/2026 02:52:15,7.17,109.104
24156,04/03/2026 03:02:15,7.15,109.064
24157,04/03/2026 03:12:15,7.13,109.032
24158,04/03/2026 03:22:15,7.12,109.032
24159,04/03/2026 03:32:15,7.10,109.005
24160,04/03/2026 03:42:15,7.09,108.991
24161,04/03/2026 03:52:15,7.07,108.973
24162,04/03/2026 04:02:15,7.06,108.981
24163,04/03/2026 04:12:15,7.04,108.967
24164,04/03/2026 04:22:15,7.03,108.945
24165,04/03/2026 04:32:15,7.02,108.896
24166,04/03/2026 04:42:15,7.00,108.896
24167,04/03/2026 04:52:15,6.99,108.895
24168,04/03/2026 05:02:15,6.98,108.881
24169,04/03/2026 05:12:15,6.97,108.890
24170,04/03/2026 05:22:15,6.96,108.872
24171,04/03/2026 05:32:15,6.94,108.836
24172,04/03/2026 05:42:15,6.93,108.823
24173,04/03/2026 05:52:15,6.92,108.831
24174,04/03/2026 06:02:15,6.91,108.804
24175,04/03/2026 06:12:15,6.90,108.830
24176,04/03/2026 06:22:15,6.89,108.808
24177,04/03/2026 06:32:15,6.88,108.781
24178,04/03/2026 06:42:15,6.87,108.785
24179,04/03/2026 06:52:15,6.85,108.771
24180,04/03/2026 07:02:15,6.84,108.740
24181,04/03/2026 07:12:15,6.83,108.722
24182,04/03/2026 07:22:15,6.82,108.704
24183,04/03/2026 07:32:15,6.80,108.739
24184,04/03/2026 07:42:15,6.79,108.690
24185,04/03/2026 07:52:15,6.78,108.733
24186,04/03/2026 08:02:15,6.77,108.685
24187,04/03/2026 08:12:15,6.77,108.658
24188,04/03/2026 08:22:15,6.76,108.684
24189,04/03/2026 08:32:15,6.75,108.666
24190,04/03/2026 08:42:15,6.75,108.644
24191,04/03/2026 08:52:15,6.74,108.609
24192,04/03/2026 09:02:15,6.74,108.587
24193,04/03/2026 09:12:15,6.73,108.595
24194,04/03/2026 09:22:15,6.73,108.582
24195,04/03/2026 09:32:15,6.73,108.547
24196,04/03/2026 09:42:15,6.74,108.534
24197,04/03/2026 09:52:15,6.74,108.530
24198,04/03/2026 10:02:15,6.75,108.530
24199,04/03/2026 10:12:15,6.75,108.517
24200,04/03/2026 10:22:15,6.76,108.469
24201,04/03/2026 10:32:15,6.77,108.408
24202,04/03/2026 10:42:15,6.78,108.390
24203,04/03/2026 10:52:15,6.79,108.386
24204,04/03/2026 11:02:15,6.80,108.356
24205,04/03/2026 11:12:15,6.82,108.330
24206,04/03/2026 11:22:15,6.83,108.317
24207,04/03/2026 11:32:15,6.84,108.287
24208,04/03/2026 11:42:15,6.85,108.279
24209,04/03/2026 11:52:15,6.87,108.240
24210,04/03/2026 12:02:15,6.88,108.214
24211,04/03/2026 12:12:15,6.90,108.179
24212,04/03/2026 12:22:15,6.91,108.162
24213,04/03/2026 12:32:15,6.93,108.149
24214,04/03/2026 12:42:15,6.94,108.106
24215,04/03/2026 12:52:15,6.96,108.107
24216,04/03/2026 13:02:15,6.98,108.094
24217,04/03/2026 13:12:15,7.00,108.060
24218,04/03/2026 13:22:15,7.02,108.034
24219,04/03/2026 13:32:15,7.05,107.995
24220,04/03/2026 13:42:15,7.08,107.970
24221,04/03/2026 13:52:15,7.10,107.958
24222,04/03/2026 14:02:15,7.13,107.941
24223,04/03/2026 14:12:15,7.16,107.903
24224,04/03/2026 14:22:15,7.19,107.873
24225,04/03/2026 14:32:15,7.22,107.879
24226,04/03/2026 14:42:15,7.26,107.858
24227,04/03/2026 14:52:15,7.29,107.824
24228,04/03/2026 15:02:15,7.32,107.794
24229,04/03/2026 15:12:15,7.36,107.769
24230,04/03/2026 15:22:15,7.39,107.771
24231,04/03/2026 15:32:15,7.44,107.737
24232,04/03/2026 15:42:15,7.50,107.726
24233,04/03/2026 15:52:15,7.55,107.679
24234,04/03/2026 16:02:15,7.60,107.655
24235,04/03/2026 16:12:15,7.65,107.648
24236,04/03/2026 16:22:15,7.69,107.640
24237,04/03/2026 16:32:15,7.71,107.624
24238,04/03/2026 16:42:15,7.74,107.603
24239,04/03/2026 16:52:15,7.78,107.608
24240,04/03/2026 17:02:15,7.81,107.583
24241,04/03/2026 17:12:15,7.85,107.567
24242,04/03/2026 17:22:15,7.89,107.538
24243,04/03/2026 17:32:15,7.92,107.539
24244,04/03/2026 17:42:15,7.96,107.540
24245,04/03/2026 17:52:15,7.98,107.545
24246,04/03/2026 18:02:15,8.00,107.515
24247,04/03/2026 18:12:15,8.03,107.477
24248,04/03/2026 18:22:15,8.07,107.474
24249,04/03/2026 18:32:15,8.11,107.484
24250,04/03/2026 18:42:15,8.15,107.485
24251,04/03/2026 18:52:15,8.18,107.473
24252,04/03/2026 19:02:15,8.22,107.475
24253,04/03/2026 19:12:15,8.24,107.476
24254,04/03/2026 19:22:15,8.26,107.498
24255,04/03/2026 19:32:15,8.27,107.485
24256,04/03/2026 19:42:15,8.28,107.495
24257,04/03/2026 19:52:15,8.28,107.477
24258,04/03/2026 20:02:15,8.29,107.473
24259,04/03/2026 20:12:15,8.30,107.469
24260,04/03/2026 20:22:15,8.30,107.487
24261,04/03/2026 20:32:15,8.30,107.486
24262,04/03/2026 20:42:15,8.29,107.495
24263,04/03/2026 20:52:15,8.29,107.499
24264,04/03/2026 21:02:15,8.29,107.495
24265,04/03/2026 21:12:15,8.29,107.504
24266,04/03/2026 21:22:15,8.30,107.513
24267,04/03/2026 21:32:15,8.30,107.509
24268,04/03/2026 21:42:15,8.31,107.496
24269,04/03/2026 21:52:15,8.31,107.487
24270,04/03/2026 22:02:15,8.31,107.482
24271,04/03/2026 22:12:15,8.30,107.504
24272,04/03/2026 22:22:15,8.29,107.513
24273,04/03/2026 22:32:15,8.28,107.499
24274,04/03/2026 22:42:15,8.27,107.503
24275,04/03/2026 22:52:15,8.26,107.503
24276,04/03/2026 23:02:15,8.26,107.498
24277,04/03/2026 23:12:15,8.26,107.485
24278,04/03/2026 23:22:15,8.25,107.494
24279,04/03/2026 23:32:15,8.25,107.467
24280,04/03/2026 23:42:15,8.24,107.467
24281,04/03/2026 23:52:15,8.24,107.476
24282,04/04/2026 00:02:15,8.24,107.463
24283,04/04/2026 00:12:15,8.24,107.449
24284,04/04/2026 00:22:15,8.23,107.458
24285,04/04/2026 00:32:15,8.23,107.466
24286,04/04/2026 00:42:15,8.23,107.462
24287,04/04/2026 00:52:15,8.23,107.484
24288,04/04/2026 01:02:15,8.23,107.484
24289,04/04/2026 01:12:15,8.22,107.484
24290,04/04/2026 01:22:15,8.21,107.483
24291,04/04/2026 01:32:15,8.21,107.452
24292,04/04/2026 01:42:15,8.20,107.470
24293,04/04/2026 01:52:15,8.20,107.465
24294,04/04/2026 02:02:15,8.19,107.461
24295,04/04/2026 02:12:15,8.18,107.474
24296,04/04/2026 02:22:15,8.17,107.460
24297,04/04/2026 02:32:15,8.16,107.495
24298,04/04/2026 02:42:15,8.15,107.485
24299,04/04/2026 02:52:15,8.14,107.481
24300,04/04/2026 03:02:15,8.13,107.498
24301,04/04/2026 03:12:15,8.12,107.502
24302,04/04/2026 03:22:15,8.11,107.480
24303,04/04/2026 03:32:15,8.10,107.479
24304,04/04/2026 03:42:15,8.09,107.479
24305,04/04/2026 03:52:15,8.07,107.496
24306,04/04/2026 04:02:15,8.06,107.487
24307,04/04/2026 04:12:15,8.05,107.495
24308,04/04/2026 04:22:15,8.04,107.512
24309,04/04/2026 04:32:15,8.02,107.525
24310,04/04/2026 04:42:15,8.01,107.547
24311,04/04/2026 04:52:15,8.00,107.568
24312,04/04/2026 05:02:15,7.99,107.585
24313,04/04/2026 05:12:15,7.98,107.611
24314,04/04/2026 05:22:15,7.96,107.593
24315,04/04/2026 05:32:15,7.95,107.610
24316,04/04/2026 05:42:15,7.94,107.614
24317,04/04/2026 05:52:15,7.92,107.640
24318,04/04/2026 06:02:15,7.91,107.675
24319,04/04/2026 06:12:15,7.90,107.705
24320,04/04/2026 06:22:15,7.88,107.740
24321,04/04/2026 06:32:15,7.87,107.779
24322,04/04/2026 06:42:15,7.86,107.805
24323,04/04/2026 06:52:15,7.85,107.809
24324,04/04/2026 07:02:15,7.84,107.835
24325,04/04/2026 07:12:15,7.83,107.866
24326,04/04/2026 07:22:15,7.82,107.870
24327,04/04/2026 07:32:15,7.82,107.914
24328,04/04/2026 07:42:15,7.81,107.935
24329,04/04/2026 07:52:15,7.81,107.949
24330,04/04/2026 08:02:15,7.81,107.979
24331,04/04/2026 08:12:15,7.82,107.971
24332,04/04/2026 08:22:15,7.82,107.962
24333,04/04/2026 08:32:15,7.84,107.958
24334,04/04/2026 08:42:15,7.85,108.003
24335,04/04/2026 08:52:15,7.87,107.990
24336,04/04/2026 09:02:15,7.89,107.986
24337,04/04/2026 09:12:15,7.90,108.005
24338,04/04/2026 09:22:15,7.92,108.001
24339,04/04/2026 09:32:15,7.94,108.006
24340,04/04/2026 09:42:15,7.97,108.033
24341,04/04/2026 09:52:15,7.99,108.034
24342,04/04/2026 10:02:15,8.02,108.027
24343,04/04/2026 10:12:15,8.05,108.063
24344,04/04/2026 10:22:15,8.08,108.055
24345,04/04/2026 10:32:15,8.12,108.070
24346,04/04/2026 10:42:15,8.16,108.067
24347,04/04/2026 10:52:15,8.21,108.078
24348,04/04/2026 11:02:15,8.26,108.053
24349,04/04/2026 11:12:15,8.31,108.068
24350,04/04/2026 11:22:15,8.37,108.057
24351,04/04/2026 11:32:15,8.44,108.029
24352,04/04/2026 11:42:15,8.52,108.014
24353,04/04/2026 11:52:15,8.59,107.990
24354,04/04/2026 12:02:15,8.67,107.971
24355,04/04/2026 12:12:15,8.75,107.939
24356,04/04/2026 12:22:15,8.83,107.933
24357,04/04/2026 12:32:15,8.91,107.936
24358,04/04/2026 12:42:15,8.99,107.908
24359,04/04/2026 12:52:15,9.07,107.911
24360,04/04/2026 13:02:15,9.16,107.905
24361,04/04/2026 13:12:15,9.24,107.908
24362,04/04/2026 13:22:15,9.31,107.889
24363,04/04/2026 13:32:15,9.37,107.878
24364,04/04/2026 13:42:15,9.42,107.849
24365,04/04/2026 13:52:15,9.49,107.842
24366,04/04/2026 14:02:15,9.56,107.849
24367,04/04/2026 14:12:15,9.64,107.857
24368,04/04/2026 14:22:15,9.73,107.842
24369,04/04/2026 14:32:15,9.82,107.859
24370,04/04/2026 14:42:15,9.90,107.840
24371,04/04/2026 14:52:15,9.97,107.838
24372,04/04/2026 15:02:15,10.04,107.849
24373,04/04/2026 15:12:15,10.11,107.839
24374,04/04/2026 15:22:15,10.20,107.842
24375,04/04/2026 15:32:15,10.28,107.845
24376,04/04/2026 15:42:15,10.36,107.834
24377,04/04/2026 15:52:15,10.43,107.819
24378,04/04/2026 16:02:15,10.50,107.853
24379,04/04/2026 16:12:15,10.56,107.851
24380,04/04/2026 16:22:15,10.65,107.876
24381,04/04/2026 16:32:15,10.74,107.897
24382,04/04/2026 16:42:15,10.80,107.881
24383,04/04/2026 16:52:15,10.85,107.905
24384,04/04/2026 17:02:15,10.88,107.928
24385,04/04/2026 17:12:15,10.92,107.925
24386,04/04/2026 17:22:15,10.96,107.949
24387,04/04/2026 17:32:15,10.99,107.959
24388,04/04/2026 17:42:15,11.01,107.950
24389,04/04/2026 17:52:15,11.02,107.977
24390,04/04/2026 18:02:15,11.04,108.000
24391,04/04/2026 18:12:15,11.05,108.000
24392,04/04/2026 18:22:15,11.05,108.005
24393,04/04/2026 18:32:15,11.06,108.005
24394,04/04/2026 18:42:15,11.06,108.040
24395,04/04/2026 18:52:15,11.06,108.040
24396,04/04/2026 19:02:15,11.05,108.049
24397,04/04/2026 19:12:15,11.03,108.048
24398,04/04/2026 19:22:15,11.03,108.022
24399,04/04/2026 19:32:15,11.01,108.021
24400,04/04/2026 19:42:15,10.99,107.994
24401,04/04/2026 19:52:15,10.96,107.966
24402,04/04/2026 20:02:15,10.93,107.965
24403,04/04/2026 20:12:15,10.89,107.995
24404,04/04/2026 20:22:15,10.85,107.993
24405,04/04/2026 20:32:15,10.81,107.992
24406,04/04/2026 20:42:15,10.76,107.986
24407,04/04/2026 20:52:15,10.72,107.971
24408,04/04/2026 21:02:15,10.68,107.987
24409,04/04/2026 21:12:15,10.63,107.963
24410,04/04/2026 21:22:15,10.59,107.953
24411,04/04/2026 21:32:15,10.54,107.960
24412,04/04/2026 21:42:15,10.48,107.958
24413,04/04/2026 21:52:15,10.43,107.943
24414,04/04/2026 22:02:15,10.37,107.919
24415,04/04/2026 22:12:15,10.32,107.908
24416,04/04/2026 22:22:15,10.27,107.893
24417,04/04/2026 22:32:15,10.21,107.882
24418,04/04/2026 22:42:15,10.15,107.858
24419,04/04/2026 22:52:15,10.10,107.838
24420,04/04/2026 23:02:15,10.04,107.796
24421,04/04/2026 23:12:15,9.99,107.799
24422,04/04/2026 23:22:15,9.93,107.792
24423,04/04/2026 23:32:15,9.88,107.768
24424,04/04/2026 23:42:15,9.82,107.740
24425,04/04/2026 23:52:15,9.77,107.756
24426,04/05/2026 00:02:15,9.72,107.732
24427,04/05/2026 00:12:15,9.67,107.721
24428,04/05/2026 00:22:15,9.63,107.715
24429,04/05/2026 00:32:15,9.59,107.665
24430,04/05/2026 00:42:15,9.54,107.637
24431,04/05/2026 00:52:15,9.50,107.596
24432,04/05/2026 01:02:15,9.46,107.590
24433,04/05/2026 01:12:15,9.42,107.576
24434,04/05/2026 01:22:15,9.39,107.548
24435,04/05/2026 01:32:15,9.35,107.511
24436,04/05/2026 01:42:15,9.31,107.492
24437,04/05/2026 01:52:15,9.28,107.443
24438,04/05/2026 02:02:15,9.25,107.402
24439,04/05/2026 02:12:15,9.22,107.388
24440,04/05/2026 02:22:15,9.19,107.329
24441,04/05/2026 02:32:15,9.16,107.333
24442,04/05/2026 02:42:15,9.13,107.288
24443,04/05/2026 02:52:15,9.11,107.234
24444,04/05/2026 03:02:15,9.08,107.233
24445,04/05/2026 03:12:15,9.05,107.197
24446,04/05/2026 03:22:15,9.03,107.196
24447,04/05/2026 03:32:15,9.00,107.173
24448,04/05/2026 03:42:15,8.98,107.176
24449,04/05/2026 03:52:15,8.95,107.171
24450,04/05/2026 04:02:15,8.93,107.122
24451,04/05/2026 04:12:15,8.90,107.086
24452,04/05/2026 04:22:15,8.88,107.045
24453,04/05/2026 04:32:15,8.86,107.014
24454,04/05/2026 04:42:15,8.84,106.986
24455,04/05/2026 04:52:15,8.81,106.950
24456,04/05/2026 05:02:15,8.79,106.905
24457,04/05/2026 05:12:15,8.77,106.900
24458,04/05/2026 05:22:15,8.75,106.860
24459,04/05/2026 05:32:15,8.73,106.841
24460,04/05/2026 05:42:15,8.71,106.828
24461,04/05/2026 05:52:15,8.68,106.805
24462,04/05/2026 06:02:15,8.66,106.777
24463,04/05/2026 06:12:15,8.64,106.777
24464,04/05/2026 06:22:15,8.62,106.754
24465,04/05/2026 06:32:15,8.60,106.736
24466,04/05/2026 06:42:15,8.58,106.717
24467,04/05/2026 06:52:15,8.56,106.695
24468,04/05/2026 07:02:15,8.54,106.672
24469,04/05/2026 07:12:15,8.52,106.636
24470,04/05/2026 07:22:15,8.51,106.640
24471,04/05/2026 07:32:15,8.49,106.604
24472,04/05/2026 07:42:15,8.47,106.559
24473,04/05/2026 07:52:15,8.46,106.537
24474,04/05/2026 08:02:15,8.45,106.550
24475,04/05/2026 08:12:15,8.43,106.553
24476,04/05/2026 08:22:15,8.42,106.509
24477,04/05/2026 08:32:15,8.41,106.456
24478,04/05/2026 08:42:15,8.39,106.407
24479,04/05/2026 08:52:15,8.38,106.393
24480,04/05/2026 09:02:15,8.37,106.371
24481,04/05/2026 09:12:15,8.36,106.371
24482,04/05/2026 09:22:15,8.36,106.361
24483,04/05/2026 09:32:15,8.35,106.339
24484,04/05/2026 09:42:15,8.35,106.326
24485,04/05/2026 09:52:15,8.34,106.334
24486,04/05/2026 10:02:15,8.34,106.308
24487,04/05/2026 10:12:15,8.33,106.317
24488,04/05/2026 10:22:15,8.33,106.299
24489,04/05/2026 10:32:15,8.33,106.268
24490,04/05/2026 10:42:15,8.33,106.228
24491,04/05/2026 10:52:15,8.33,106.224
24492,04/05/2026 11:02:15,8.34,106.198
24493,04/05/2026 11:12:15,8.34,106.207
24494,04/05/2026 11:22:15,8.35,106.203
24495,04/05/2026 11:32:15,8.35,106.212
24496,04/05/2026 11:42:15,8.36,106.212
24497,04/05/2026 11:52:15,8.36,106.212
24498,04/05/2026 12:02:15,8.37,106.190
24499,04/05/2026 12:12:15,8.37,106.181
24500,04/05/2026 12:22:15,8.38,106.151
24501,04/05/2026 12:32:15,8.39,106.103
24502,04/05/2026 12:42:15,8.40,106.129
24503,04/05/2026 12:52:15,8.41,106.090
24504,04/05/2026 13:02:15,8.42,106.073
24505,04/05/2026 13:12:15,8.43,106.074
24506,04/05/2026 13:22:15,8.45,106.052
24507,04/05/2026 13:32:15,8.46,106.070
24508,04/05/2026 13:42:15,8.48,106.031
24509,04/05/2026 13:52:15,8.50,106.010
24510,04/05/2026 14:02:15,8.52,106.006
24511,04/05/2026 14:12:15,8.54,105.994
24512,04/05/2026 14:22:15,8.56,105.959
24513,04/05/2026 14:32:15,8.57,105.885
24514,04/05/2026 14:42:15,8.59,105.894
24515,04/05/2026 14:52:15,8.61,105.868
24516,04/05/2026 15:02:15,8.62,105.864
24517,04/05/2026 15:12:15,8.63,105.794
24518,04/05/2026 15:22:15,8.65,105.808
24519,04/05/2026 15:32:15,8.66,105.848
24520,04/05/2026 15:42:15,8.66,105.923
24521,04/05/2026 15:52:15,8.67,105.888
24522,04/05/2026 16:02:15,8.67,105.923
24523,04/05/2026 16:12:15,8.68,105.871
24524,04/05/2026 16:22:15,8.68,105.814
24525,04/05/2026 16:32:15,8.69,105.946
24526,04/05/2026 16:42:15,8.69,105.933
24527,04/05/2026 16:52:15,8.69,105.942
24528,04/05/2026 17:02:15,8.70,105.959
24529,04/05/2026 17:12:15,8.70,105.951
24530,04/05/2026 17:22:15,8.70,105.973
24531,04/05/2026 17:32:15,8.70,105.995
24532,04/05/2026 17:42:15,8.70,106.008
24533,04/05/2026 17:52:15,8.71,106.044
24534,04/05/2026 18:02:15,8.71,106.048
24535,04/05/2026 18:12:15,8.71,106.066
24536,04/05/2026 18:22:15,8.71,106.101
24537,04/05/2026 18:32:15,8.72,106.132
24538,04/05/2026 18:42:15,8.72,106.145
24539,04/05/2026 18:52:15,8.72,106.167
24540,04/05/2026 19:02:15,8.72,106.163
24541,04/05/2026 19:12:15,8.72,106.172
24542,04/05/2026 19:22:15,8.72,106.185
24543,04/05/2026 19:32:15,8.71,106.216
24544,04/05/2026 19:42:15,8.70,106.220
24545,04/05/2026 19:52:15,8.70,106.246
24546,04/05/2026 20:02:15,8.69,106.254
24547,04/05/2026 20:12:15,8.67,106.280
24548,04/05/2026 20:22:15,8.66,106.297
24549,04/05/2026 20:32:15,8.65,106.319
24550,04/05/2026 20:42:15,8.63,106.310
24551,04/05/2026 20:52:15,8.62,106.340
24552,04/05/2026 21:02:15,8.61,106.348
24553,04/05/2026 21:12:15,8.59,106.361
24554,04/05/2026 21:22:15,8.57,106.365
24555,04/05/2026 21:32:15,8.56,106.386
24556,04/05/2026 21:42:15,8.55,106.359
24557,04/05/2026 21:52:15,8.53,106.363
24558,04/05/2026 22:02:15,8.52,106.380
24559,04/05/2026 22:12:15,8.50,106.389
24560,04/05/2026 22:22:15,8.49,106.393
24561,04/05/2026 22:32:15,8.47,106.392
24562,04/05/2026 22:42:15,8.45,106.400
24563,04/05/2026 22:52:15,8.43,106.430
24564,04/05/2026 23:02:15,8.41,106.416
24565,04/05/2026 23:12:15,8.39,106.429
24566,04/05/2026 23:22:15,8.37,106.415
24567,04/05/2026 23:32:15,8.36,106.397
24568,04/05/2026 23:42:15,8.34,106.387
24569,04/05/2026 23:52:15,8.32,106.378
24570,04/06/2026 00:02:15,8.30,106.381
24571,04/06/2026 00:12:15,8.28,106.363
24572,04/06/2026 00:22:15,8.26,106.371
24573,04/06/2026 00:32:15,8.25,106.344
24574,04/06/2026 00:42:15,8.23,106.339
24575,04/06/2026 00:52:15,8.21,106.361
24576,04/06/2026 01:02:15,8.19,106.342
24577,04/06/2026 01:12:15,8.17,106.333
24578,04/06/2026 01:22:15,8.16,106.337
24579,04/06/2026 01:32:15,8.14,106.340
24580,04/06/2026 01:42:15,8.12,106.357
24581,04/06/2026 01:52:15,8.10,106.374
24582,04/06/2026 02:02:15,8.09,106.378
24583,04/06/2026 02:12:15,8.07,106.391
24584,04/06/2026 02:22:15,8.05,106.381
24585,04/06/2026 02:32:15,8.03,106.385
24586,04/06/2026 02:42:15,8.01,106.371
24587,04/06/2026 02:52:15,7.99,106.384
24588,04/06/2026 03:02:15,7.97,106.396
24589,04/06/2026 03:12:15,7.95,106.395
24590,04/06/2026 03:22:15,7.93,106.421
24591,04/06/2026 03:32:15,7.91,106.473
24592,04/06/2026 03:42:15,7.89,106.525
24593,04/06/2026 03:52:15,7.87,106.538
24594,04/06/2026 04:02:15,7.84,106.506
24595,04/06/2026 04:12:15,7.82,106.540
24596,04/06/2026 04:22:15,7.79,106.517
24597,04/06/2026 04:32:15,7.77,106.512
24598,04/06/2026 04:42:15,7.74,106.520
24599,04/06/2026 04:52:15,7.71,106.523
24600,04/06/2026 05:02:15,7.68,106.531
24601,04/06/2026 05:12:15,7.65,106.521
24602,04/06/2026 05:22:15,7.62,106.525
24603,04/06/2026 05:32:15,7.60,106.546
24604,04/06/2026 05:42:15,7.57,106.549
24605,04/06/2026 05:52:15,7.55,106.535
24606,04/06/2026 06:02:15,7.52,106.543
24607,04/06/2026 06:12:15,7.50,106.551
24608,04/06/2026 06:22:15,7.47,106.541
24609,04/06/2026 06:32:15,7.44,106.558
24610,04/06/2026 06:42:15,7.42,106.579
24611,04/06/2026 06:52:15,7.39,106.574
24612,04/06/2026 07:02:15,7.37,106.582
24613,04/06/2026 07:12:15,7.35,106.598
24614,04/06/2026 07:22:15,7.33,106.602
24615,04/06/2026 07:32:15,7.30,106.605
24616,04/06/2026 07:42:15,7.28,106.640
24617,04/06/2026 07:52:15,7.26,106.643
24618,04/06/2026 08:02:15,7.23,106.643
24619,04/06/2026 08:12:15,7.21,106.659
24620,04/06/2026 08:22:15,7.19,106.654
24621,04/06/2026 08:32:15,7.17,106.662
24622,04/06/2026 08:42:15,7.16,106.675
24623,04/06/2026 08:52:15,7.14,106.661
24624,04/06/2026 09:02:15,7.13,106.674
24625,04/06/2026 09:12:15,7.12,106.687
24626,04/06/2026 09:22:15,7.11,106.687
24627,04/06/2026 09:32:15,7.11,106.695
24628,04/06/2026 09:42:15,7.10,106.686
24629,04/06/2026 09:52:15,7.10,106.686
24630,04/06/2026 10:02:15,7.10,106.713
24631,04/06/2026 10:12:15,7.10,106.713
24632,04/06/2026 10:22:15,7.11,106.704
24633,04/06/2026 10:32:15,7.12,106.705
24634,04/06/2026 10:42:15,7.14,106.696
24635,04/06/2026 10:52:15,7.15,106.692
24636,04/06/2026 11:02:15,7.17,106.697
24637,04/06/2026 11:12:15,7.18,106.698
24638,04/06/2026 11:22:15,7.20,106.703
24639,04/06/2026 11:32:15,7.22,106.712
24640,04/06/2026 11:42:15,7.23,106.713
24641,04/06/2026 11:52:15,7.26,106.718
24642,04/06/2026 12:02:15,7.28,106.710
24643,04/06/2026 12:12:15,7.30,106.685
24644,04/06/2026 12:22:15,7.33,106.694
24645,04/06/2026 12:32:15,7.35,106.717
24646,04/06/2026 12:42:15,7.37,106.696
24647,04/06/2026 12:52:15,7.40,106.714
24648,04/06/2026 13:02:15,7.42,106.698
24649,04/06/2026 13:12:15,7.44,106.690
24650,04/06/2026 13:22:15,7.45,106.694
24651,04/06/2026 13:32:15,7.46,106.704
24652,04/06/2026 13:42:15,7.47,106.691
24653,04/06/2026 13:52:15,7.48,106.674
24654,04/06/2026 14:02:15,7.49,106.674
24655,04/06/2026 14:12:15,7.50,106.679
24656,04/06/2026 14:22:15,7.51,106.653
24657,04/06/2026 14:32:15,7.52,106.635
24658,04/06/2026 14:42:15,7.53,106.649
24659,04/06/2026 14:52:15,7.54,106.618
24660,04/06/2026 15:02:15,7.55,106.619
24661,04/06/2026 15:12:15,7.56,106.601
24662,04/06/2026 15:22:15,7.57,106.615
24663,04/06/2026 15:32:15,7.58,106.620
24664,04/06/2026 15:42:15,7.60,106.616
24665,04/06/2026 15:52:15,7.62,106.621
24666,04/06/2026 16:02:15,7.64,106.627
