Date-Time (EDT),Temperature C,Absolute Pressure kPa
10/17/2025 09:12:15,8.32,100.985
10/17/2025 09:22:15,9.18,103.804
10/17/2025 09:32:15,9.35,103.805
10/17/2025 09:42:15,9.41,103.812
10/17/2025 09:52:15,9.46,103.774
10/17/2025 10:02:15,9.49,103.762
10/17/2025 10:12:15,9.52,103.759
10/17/2025 10:22:15,9.55,103.751
10/17/2025 10:32:15,9.59,103.748
10/17/2025 10:42:15,9.62,103.740
10/17/2025 10:52:15,9.66,103.737
10/17/2025 11:02:15,9.70,103.734
10/17/2025 11:12:15,9.75,103.700
10/17/2025 11:22:15,9.80,103.706
10/17/2025 11:32:15,9.86,103.700
10/17/2025 11:42:15,9.92,103.675
10/17/2025 11:52:15,9.98,103.673
10/17/2025 12:02:15,10.04,103.671
10/17/2025 12:12:15,10.11,103.646
10/17/2025 12:22:15,10.17,103.627
10/17/2025 12:32:15,10.24,103.616
10/17/2025 12:42:15,10.32,103.605
10/17/2025 12:52:15,10.40,103.577
10/17/2025 13:02:15,10.48,103.553
10/17/2025 13:12:15,10.56,103.525
10/17/2025 13:22:15,10.64,103.524
10/17/2025 13:32:15,10.72,103.491
10/17/2025 13:42:15,10.78,103.493
10/17/2025 13:52:15,10.85,103.486
10/17/2025 14:02:15,10.90,103.462
10/17/2025 14:12:15,10.95,103.437
10/17/2025 14:22:15,11.01,103.408
10/17/2025 14:32:15,11.06,103.410
10/17/2025 14:42:15,11.12,103.372
10/17/2025 14:52:15,11.16,103.360
10/17/2025 15:02:15,11.19,103.370
10/17/2025 15:12:15,11.21,103.366
10/17/2025 15:22:15,11.22,103.345
10/17/2025 15:32:15,11.23,103.349
10/17/2025 15:42:15,11.23,103.327
10/17/2025 15:52:15,11.22,103.354
10/17/2025 16:02:15,11.22,103.336
10/17/2025 16:12:15,11.21,103.318
10/17/2025 16:22:15,11.20,103.326
10/17/2025 16:32:15,11.19,103.313
10/17/2025 16:42:15,11.17,103.308
10/17/2025 16:52:15,11.16,103.307
10/17/2025 17:02:15,11.15,103.325
10/17/2025 17:12:15,11.15,103.325
10/17/2025 17:22:15,11.15,103.347
10/17/2025 17:32:15,11.14,103.351
10/17/2025 17:42:15,11.14,103.351
10/17/2025 17:52:15,11.13,103.355
10/17/2025 18:02:15,11.12,103.377
10/17/2025 18:12:15,11.11,103.372
10/17/2025 18:22:15,11.09,103.389
10/17/2025 18:32:15,11.08,103.393
10/17/2025 18:42:15,11.06,103.401
10/17/2025 18:52:15,11.05,103.427
10/17/2025 19:02:15,11.03,103.444
10/17/2025 19:12:15,11.02,103.435
10/17/2025 19:22:15,11.00,103.439
10/17/2025 19:32:15,10.99,103.452
10/17/2025 19:42:15,10.98,103.456
10/17/2025 19:52:15,10.97,103.455
10/17/2025 20:02:15,10.96,103.468
10/17/2025 20:12:15,10.95,103.472
10/17/2025 20:22:15,10.94,103.481
10/17/2025 20:32:15,10.93,103.476
10/17/2025 20:42:15,10.90,103.502
10/17/2025 20:52:15,10.88,103.496
10/17/2025 21:02:15,10.85,103.504
10/17/2025 21:12:15,10.82,103.508
10/17/2025 21:22:15,10.79,103.515
10/17/2025 21:32:15,10.77,103.519
10/17/2025 21:42:15,10.74,103.514
10/17/2025 21:52:15,10.72,103.531
10/17/2025 22:02:15,10.70,103.517
10/17/2025 22:12:15,10.68,103.542
10/17/2025 22:22:15,10.66,103.564
10/17/2025 22:32:15,10.64,103.554
10/17/2025 22:42:15,10.63,103.545
10/17/2025 22:52:15,10.61,103.549
10/17/2025 23:02:15,10.60,103.566
10/17/2025 23:12:15,10.60,103.557
10/17/2025 23:22:15,10.59,103.566
10/17/2025 23:32:15,10.58,103.565
10/17/2025 23:42:15,10.57,103.565
10/17/2025 23:52:15,10.56,103.569
10/18/2025 00:02:15,10.55,103.569
10/18/2025 00:12:15,10.54,103.577
10/18/2025 00:22:15,10.53,103.586
10/18/2025 00:32:15,10.52,103.577
10/18/2025 00:42:15,10.51,103.559
10/18/2025 00:52:15,10.50,103.558
10/18/2025 01:02:15,10.48,103.580
10/18/2025 01:12:15,10.47,103.606
10/18/2025 01:22:15,10.45,103.596
10/18/2025 01:32:15,10.43,103.605
10/18/2025 01:42:15,10.42,103.622
10/18/2025 01:52:15,10.41,103.613
10/18/2025 02:02:15,10.40,103.617
10/18/2025 02:12:15,10.38,103.620
10/18/2025 02:22:15,10.37,103.615
10/18/2025 02:32:15,10.35,103.624
10/18/2025 02:42:15,10.33,103.623
10/18/2025 02:52:15,10.30,103.618
10/18/2025 03:02:15,10.28,103.621
10/18/2025 03:12:15,10.26,103.607
10/18/2025 03:22:15,10.23,103.593
10/18/2025 03:32:15,10.20,103.610
10/18/2025 03:42:15,10.18,103.591
10/18/2025 03:52:15,10.15,103.604
10/18/2025 04:02:15,10.12,103.594
10/18/2025 04:12:15,10.09,103.615
10/18/2025 04:22:15,10.06,103.614
10/18/2025 04:32:15,10.03,103.630
10/18/2025 04:42:15,10.00,103.634
10/18/2025 04:52:15,9.97,103.646
10/18/2025 05:02:15,9.94,103.641
10/18/2025 05:12:15,9.91,103.644
10/18/2025 05:22:15,9.88,103.678
10/18/2025 05:32:15,9.84,103.650
10/18/2025 05:42:15,9.80,103.653
10/18/2025 05:52:15,9.76,103.665
10/18/2025 06:02:15,9.72,103.691
10/18/2025 06:12:15,9.69,103.689
10/18/2025 06:22:15,9.65,103.692
10/18/2025 06:32:15,9.62,103.700
10/18/2025 06:42:15,9.58,103.717
10/18/2025 06:52:15,9.55,103.742
10/18/2025 07:02:15,9.52,103.754
10/18/2025 07:12:15,9.49,103.779
10/18/2025 07:22:15,9.46,103.778
10/18/2025 07:32:15,9.43,103.777
10/18/2025 07:42:15,9.40,103.803
10/18/2025 07:52:15,9.38,103.815
10/18/2025 08:02:15,9.37,103.806
10/18/2025 08:12:15,9.35,103.836
10/18/2025 08:22:15,9.33,103.827
10/18/2025 08:32:15,9.30,103.830
10/18/2025 08:42:15,9.29,103.847
10/18/2025 08:52:15,9.28,103.834
10/18/2025 09:02:15,9.26,103.855
10/18/2025 09:12:15,9.26,103.855
10/18/2025 09:22:15,9.25,103.859
10/18/2025 09:32:15,9.25,103.868
10/18/2025 09:42:15,9.26,103.864
10/18/2025 09:52:15,9.26,103.864
10/18/2025 10:02:15,9.28,103.865
10/18/2025 10:12:15,9.30,103.883
10/18/2025 10:22:15,9.32,103.858
10/18/2025 10:32:15,9.35,103.841
10/18/2025 10:42:15,9.38,103.828
10/18/2025 10:52:15,9.40,103.812
10/18/2025 11:02:15,9.43,103.795
10/18/2025 11:12:15,9.47,103.796
10/18/2025 11:22:15,9.51,103.811
10/18/2025 11:32:15,9.56,103.808
10/18/2025 11:42:15,9.61,103.806
10/18/2025 11:52:15,9.66,103.799
10/18/2025 12:02:15,9.71,103.787
10/18/2025 12:12:15,9.77,103.772
10/18/2025 12:22:15,9.84,103.761
10/18/2025 12:32:15,9.91,103.741
10/18/2025 12:42:15,9.99,103.713
10/18/2025 12:52:15,10.07,103.702
10/18/2025 13:02:15,10.14,103.683
10/18/2025 13:12:15,10.23,103.686
10/18/2025 13:22:15,10.31,103.662
10/18/2025 13:32:15,10.38,103.634
10/18/2025 13:42:15,10.45,103.640
10/18/2025 13:52:15,10.51,103.620
10/18/2025 14:02:15,10.56,103.627
10/18/2025 14:12:15,10.62,103.620
10/18/2025 14:22:15,10.67,103.600
10/18/2025 14:32:15,10.73,103.584
10/18/2025 14:42:15,10.78,103.581
10/18/2025 14:52:15,10.82,103.587
10/18/2025 15:02:15,10.86,103.580
10/18/2025 15:12:15,10.89,103.585
10/18/2025 15:22:15,10.91,103.590
10/18/2025 15:32:15,10.92,103.604
10/18/2025 15:42:15,10.92,103.577
10/18/2025 15:52:15,10.92,103.568
10/18/2025 16:02:15,10.93,103.591
10/18/2025 16:12:15,10.93,103.573
10/18/2025 16:22:15,10.92,103.595
10/18/2025 16:32:15,10.91,103.603
10/18/2025 16:42:15,10.90,103.598
10/18/2025 16:52:15,10.89,103.611
10/18/2025 17:02:15,10.88,103.598
10/18/2025 17:12:15,10.87,103.602
10/18/2025 17:22:15,10.87,103.606
10/18/2025 17:32:15,10.86,103.610
10/18/2025 17:42:15,10.85,103.610
10/18/2025 17:52:15,10.85,103.619
10/18/2025 18:02:15,10.84,103.610
10/18/2025 18:12:15,10.83,103.622
10/18/2025 18:22:15,10.81,103.618
10/18/2025 18:32:15,10.80,103.635
10/18/2025 18:42:15,10.79,103.639
10/18/2025 18:52:15,10.80,103.652
10/18/2025 19:02:15,10.79,103.674
10/18/2025 19:12:15,10.78,103.678
10/18/2025 19:22:15,10.77,103.674
10/18/2025 19:32:15,10.76,103.656
10/18/2025 19:42:15,10.76,103.646
10/18/2025 19:52:15,10.75,103.642
10/18/2025 20:02:15,10.73,103.641
10/18/2025 20:12:15,10.72,103.641
10/18/2025 20:22:15,10.71,103.667
10/18/2025 20:32:15,10.70,103.666
10/18/2025 20:42:15,10.68,103.710
10/18/2025 20:52:15,10.67,103.688
10/18/2025 21:02:15,10.67,103.696
10/18/2025 21:12:15,10.66,103.714
10/18/2025 21:22:15,10.65,103.713
10/18/2025 21:32:15,10.65,103.713
10/18/2025 21:42:15,10.65,103.691
10/18/2025 21:52:15,10.65,103.678
10/18/2025 22:02:15,10.64,103.718
10/18/2025 22:12:15,10.63,103.700
10/18/2025 22:22:15,10.63,103.735
10/18/2025 22:32:15,10.62,103.748
10/18/2025 22:42:15,10.62,103.739
10/18/2025 22:52:15,10.61,103.756
10/18/2025 23:02:15,10.61,103.752
10/18/2025 23:12:15,10.61,103.792
10/18/2025 23:22:15,10.62,103.787
10/18/2025 23:32:15,10.62,103.783
10/18/2025 23:42:15,10.63,103.788
10/18/2025 23:52:15,10.63,103.788
10/19/2025 00:02:15,10.64,103.775
10/19/2025 00:12:15,10.65,103.788
10/19/2025 00:22:15,10.66,103.798
10/19/2025 00:32:15,10.68,103.803
10/19/2025 00:42:15,10.70,103.817
10/19/2025 00:52:15,10.71,103.826
10/19/2025 01:02:15,10.73,103.822
10/19/2025 01:12:15,10.74,103.822
10/19/2025 01:22:15,10.75,103.805
10/19/2025 01:32:15,10.76,103.801
10/19/2025 01:42:15,10.77,103.779
10/19/2025 01:52:15,10.78,103.766
10/19/2025 02:02:15,10.78,103.740
10/19/2025 02:12:15,10.79,103.718
10/19/2025 02:22:15,10.79,103.740
10/19/2025 02:32:15,10.80,103.723
10/19/2025 02:42:15,10.80,103.732
10/19/2025 02:52:15,10.80,103.723
10/19/2025 03:02:15,10.80,103.723
10/19/2025 03:12:15,10.80,103.692
10/19/2025 03:22:15,10.81,103.697
10/19/2025 03:32:15,10.81,103.706
10/19/2025 03:42:15,10.80,103.701
10/19/2025 03:52:15,10.79,103.718
10/19/2025 04:02:15,10.79,103.705
10/19/2025 04:12:15,10.77,103.704
10/19/2025 04:22:15,10.76,103.748
10/19/2025 04:32:15,10.75,103.726
10/19/2025 04:42:15,10.73,103.712
10/19/2025 04:52:15,10.72,103.685
10/19/2025 05:02:15,10.70,103.676
10/19/2025 05:12:15,10.69,103.688
10/19/2025 05:22:15,10.67,103.688
10/19/2025 05:32:15,10.65,103.696
10/19/2025 05:42:15,10.62,103.708
10/19/2025 05:52:15,10.60,103.721
10/19/2025 06:02:15,10.59,103.725
10/19/2025 06:12:15,10.58,103.733
10/19/2025 06:22:15,10.56,103.706
10/19/2025 06:32:15,10.54,103.714
10/19/2025 06:42:15,10.52,103.705
10/19/2025 06:52:15,10.50,103.682
10/19/2025 07:02:15,10.47,103.668
10/19/2025 07:12:15,10.44,103.680
10/19/2025 07:22:15,10.41,103.688
10/19/2025 07:32:15,10.38,103.678
10/19/2025 07:42:15,10.36,103.699
10/19/2025 07:52:15,10.34,103.720
10/19/2025 08:02:15,10.32,103.742
10/19/2025 08:12:15,10.31,103.741
10/19/2025 08:22:15,10.30,103.750
10/19/2025 08:32:15,10.29,103.745
10/19/2025 08:42:15,10.29,103.754
10/19/2025 08:52:15,10.30,103.754
10/19/2025 09:02:15,10.30,103.763
10/19/2025 09:12:15,10.31,103.763
10/19/2025 09:22:15,10.32,103.755
10/19/2025 09:32:15,10.34,103.742
10/19/2025 09:42:15,10.35,103.743
10/19/2025 09:52:15,10.37,103.748
10/19/2025 10:02:15,10.40,103.718
10/19/2025 10:12:15,10.43,103.728
10/19/2025 10:22:15,10.45,103.715
10/19/2025 10:32:15,10.48,103.703
10/19/2025 10:42:15,10.52,103.713
10/19/2025 10:52:15,10.56,103.679
10/19/2025 11:02:15,10.60,103.685
10/19/2025 11:12:15,10.64,103.687
10/19/2025 11:22:15,10.69,103.666
10/19/2025 11:32:15,10.74,103.659
10/19/2025 11:42:15,10.80,103.657
10/19/2025 11:52:15,10.86,103.641
10/19/2025 12:02:15,10.93,103.630
10/19/2025 12:12:15,11.00,103.619
10/19/2025 12:22:15,11.08,103.604
10/19/2025 12:32:15,11.16,103.581
10/19/2025 12:42:15,11.24,103.579
10/19/2025 12:52:15,11.33,103.560
10/19/2025 13:02:15,11.42,103.550
10/19/2025 13:12:15,11.50,103.513
10/19/2025 13:22:15,11.58,103.525
10/19/2025 13:32:15,11.66,103.518
10/19/2025 13:42:15,11.72,103.494
10/19/2025 13:52:15,11.77,103.474
10/19/2025 14:02:15,11.82,103.449
10/19/2025 14:12:15,11.88,103.447
10/19/2025 14:22:15,11.95,103.431
10/19/2025 14:32:15,12.01,103.429
10/19/2025 14:42:15,12.07,103.414
10/19/2025 14:52:15,12.13,103.398
10/19/2025 15:02:15,12.17,103.399
10/19/2025 15:12:15,12.20,103.383
10/19/2025 15:22:15,12.23,103.366
10/19/2025 15:32:15,12.26,103.358
10/19/2025 15:42:15,12.29,103.350
10/19/2025 15:52:15,12.31,103.338
10/19/2025 16:02:15,12.33,103.338
10/19/2025 16:12:15,12.34,103.312
10/19/2025 16:22:15,12.35,103.304
10/19/2025 16:32:15,12.37,103.318
10/19/2025 16:42:15,12.39,103.332
10/19/2025 16:52:15,12.41,103.315
10/19/2025 17:02:15,12.44,103.311
10/19/2025 17:12:15,12.46,103.343
10/19/2025 17:22:15,12.47,103.334
10/19/2025 17:32:15,12.48,103.313
10/19/2025 17:42:15,12.49,103.313
10/19/2025 17:52:15,12.50,103.282
10/19/2025 18:02:15,12.50,103.278
10/19/2025 18:12:15,12.51,103.291
10/19/2025 18:22:15,12.51,103.309
10/19/2025 18:32:15,12.51,103.314
10/19/2025 18:42:15,12.51,103.318
10/19/2025 18:52:15,12.51,103.336
10/19/2025 19:02:15,12.52,103.336
10/19/2025 19:12:15,12.52,103.340
10/19/2025 19:22:15,12.52,103.340
10/19/2025 19:32:15,12.52,103.345
10/19/2025 19:42:15,12.53,103.332
10/19/2025 19:52:15,12.54,103.297
10/19/2025 20:02:15,12.55,103.297
10/19/2025 20:12:15,12.56,103.271
10/19/2025 20:22:15,12.56,103.284
10/19/2025 20:32:15,12.57,103.285
10/19/2025 20:42:15,12.58,103.272
10/19/2025 20:52:15,12.59,103.303
10/19/2025 21:02:15,12.59,103.285
10/19/2025 21:12:15,12.60,103.277
10/19/2025 21:22:15,12.61,103.290
10/19/2025 21:32:15,12.62,103.291
10/19/2025 21:42:15,12.63,103.273
10/19/2025 21:52:15,12.64,103.274
10/19/2025 22:02:15,12.65,103.265
10/19/2025 22:12:15,12.66,103.274
10/19/2025 22:22:15,12.67,103.297
10/19/2025 22:32:15,12.69,103.302
10/19/2025 22:42:15,12.70,103.298
10/19/2025 22:52:15,12.72,103.299
10/19/2025 23:02:15,12.73,103.290
10/19/2025 23:12:15,12.75,103.295
10/19/2025 23:22:15,12.76,103.287
10/19/2025 23:32:15,12.78,103.279
10/19/2025 23:42:15,12.80,103.270
10/19/2025 23:52:15,12.82,103.262
10/20/2025 00:02:15,12.84,103.258
10/20/2025 00:12:15,12.86,103.241
10/20/2025 00:22:15,12.88,103.251
10/20/2025 00:32:15,12.90,103.234
10/20/2025 00:42:15,12.92,103.244
10/20/2025 00:52:15,12.94,103.227
10/20/2025 01:02:15,12.97,103.210
10/20/2025 01:12:15,12.99,103.189
10/20/2025 01:22:15,13.02,103.176
10/20/2025 01:32:15,13.04,103.181
10/20/2025 01:42:15,13.06,103.169
10/20/2025 01:52:15,13.08,103.143
10/20/2025 02:02:15,13.10,103.122
10/20/2025 02:12:15,13.12,103.100
10/20/2025 02:22:15,13.14,103.088
10/20/2025 02:32:15,13.17,103.080
10/20/2025 02:42:15,13.19,103.045
10/20/2025 02:52:15,13.21,103.019
10/20/2025 03:02:15,13.24,102.998
10/20/2025 03:12:15,13.26,102.964
10/20/2025 03:22:15,13.28,102.938
10/20/2025 03:32:15,13.30,102.908
10/20/2025 03:42:15,13.32,102.913
10/20/2025 03:52:15,13.35,102.909
10/20/2025 04:02:15,13.37,102.892
10/20/2025 04:12:15,13.40,102.862
10/20/2025 04:22:15,13.42,102.854
10/20/2025 04:32:15,13.44,102.824
10/20/2025 04:42:15,13.46,102.811
10/20/2025 04:52:15,13.48,102.781
10/20/2025 05:02:15,13.50,102.746
10/20/2025 05:12:15,13.52,102.738
10/20/2025 05:22:15,13.54,102.739
10/20/2025 05:32:15,13.56,102.726
10/20/2025 05:42:15,13.58,102.740
10/20/2025 05:52:15,13.60,102.741
10/20/2025 06:02:15,13.63,102.928
10/20/2025 06:12:15,13.93,103.172
10/20/2025 06:22:15,14.39,103.660
10/20/2025 06:32:15,14.69,104.157
10/20/2025 06:42:15,14.73,104.308
10/20/2025 06:52:15,15.05,104.253
10/20/2025 07:02:15,15.57,104.098
10/20/2025 07:12:15,15.99,103.976
10/20/2025 07:22:15,16.21,103.855
10/20/2025 07:32:15,16.26,103.821
10/20/2025 07:42:15,16.21,103.838
10/20/2025 07:52:15,16.14,103.910
10/20/2025 08:02:15,15.94,103.952
10/20/2025 08:12:15,15.75,103.923
10/20/2025 08:22:15,15.71,103.825
10/20/2025 08:32:15,15.76,103.729
10/20/2025 08:42:15,15.82,103.660
10/20/2025 08:52:15,15.83,103.630
10/20/2025 09:02:15,15.79,103.584
10/20/2025 09:12:15,15.67,103.598
10/20/2025 09:22:15,15.55,103.620
10/20/2025 09:32:15,15.46,103.653
10/20/2025 09:42:15,15.50,103.822
10/20/2025 09:52:15,15.56,104.005
10/20/2025 10:02:15,15.56,104.125
10/20/2025 10:12:15,15.54,104.191
10/20/2025 10:22:15,15.62,104.175
10/20/2025 10:32:15,15.76,104.154
10/20/2025 10:42:15,15.88,104.096
10/20/2025 10:52:15,15.91,104.053
10/20/2025 11:02:15,15.89,103.990
10/20/2025 11:12:15,15.84,104.019
10/20/2025 11:22:15,15.77,104.030
10/20/2025 11:32:15,15.69,104.010
10/20/2025 11:42:15,15.62,103.972
10/20/2025 11:52:15,15.56,103.952
10/20/2025 12:02:15,15.52,103.876
10/20/2025 12:12:15,15.50,103.849
10/20/2025 12:22:15,15.49,103.835
10/20/2025 12:32:15,15.46,103.821
10/20/2025 12:42:15,15.43,103.789
10/20/2025 12:52:15,15.39,103.708
10/20/2025 13:02:15,15.35,103.733
10/20/2025 13:12:15,15.31,103.727
10/20/2025 13:22:15,15.26,103.725
10/20/2025 13:32:15,15.23,103.645
10/20/2025 13:42:15,15.20,103.630
10/20/2025 13:52:15,15.18,103.599
10/20/2025 14:02:15,15.18,103.568
10/20/2025 14:12:15,15.18,103.532
10/20/2025 14:22:15,15.18,103.524
10/20/2025 14:32:15,15.18,103.519
10/20/2025 14:42:15,15.19,103.506
10/20/2025 14:52:15,15.19,103.498
10/20/2025 15:02:15,15.19,103.498
10/20/2025 15:12:15,15.19,103.502
10/20/2025 15:22:15,15.19,103.471
10/20/2025 15:32:15,15.18,103.440
10/20/2025 15:42:15,15.18,103.444
10/20/2025 15:52:15,15.16,103.413
10/20/2025 16:02:15,15.16,103.403
10/20/2025 16:12:15,15.15,103.403
10/20/2025 16:22:15,15.13,103.429
10/20/2025 16:32:15,15.12,103.451
10/20/2025 16:42:15,15.10,103.424
10/20/2025 16:52:15,15.09,103.441
10/20/2025 17:02:15,15.07,103.449
10/20/2025 17:12:15,15.05,103.480
10/20/2025 17:22:15,15.03,103.505
10/20/2025 17:32:15,15.01,103.509
10/20/2025 17:42:15,14.99,103.499
10/20/2025 17:52:15,14.96,103.525
10/20/2025 18:02:15,14.94,103.547
10/20/2025 18:12:15,14.94,103.586
10/20/2025 18:22:15,14.93,103.617
10/20/2025 18:32:15,14.91,103.660
10/20/2025 18:42:15,14.88,103.704
10/20/2025 18:52:15,14.86,103.707
10/20/2025 19:02:15,14.85,103.707
10/20/2025 19:12:15,14.85,103.725
10/20/2025 19:22:15,14.84,103.707
10/20/2025 19:32:15,14.82,103.697
10/20/2025 19:42:15,14.81,103.723
10/20/2025 19:52:15,14.79,103.709
10/20/2025 20:02:15,14.76,103.739
10/20/2025 20:12:15,14.74,103.761
10/20/2025 20:22:15,14.71,103.773
10/20/2025 20:32:15,14.68,103.781
10/20/2025 20:42:15,14.65,103.780
10/20/2025 20:52:15,14.63,103.797
10/20/2025 21:02:15,14.60,103.813
10/20/2025 21:12:15,14.57,103.826
10/20/2025 21:22:15,14.55,103.820
10/20/2025 21:32:15,14.53,103.824
10/20/2025 21:42:15,14.50,103.836
10/20/2025 21:52:15,14.48,103.840
10/20/2025 22:02:15,14.46,103.870
10/20/2025 22:12:15,14.44,103.878
10/20/2025 22:22:15,14.41,103.895
10/20/2025 22:32:15,14.39,103.930
10/20/2025 22:42:15,14.37,103.956
10/20/2025 22:52:15,14.35,103.951
10/20/2025 23:02:15,14.33,103.945
10/20/2025 23:12:15,14.30,103.962
10/20/2025 23:22:15,14.28,103.975
10/20/2025 23:32:15,14.25,103.978
10/20/2025 23:42:15,14.23,104.004
10/20/2025 23:52:15,14.20,103.990
10/21/2025 00:02:15,14.18,103.998
10/21/2025 00:12:15,14.15,104.010
10/21/2025 00:22:15,14.12,103.987
10/21/2025 00:32:15,14.09,104.017
10/21/2025 00:42:15,14.06,104.011
10/21/2025 00:52:15,14.03,104.010
10/21/2025 01:02:15,14.00,104.036
10/21/2025 01:12:15,13.97,104.022
10/21/2025 01:22:15,13.94,104.029
10/21/2025 01:32:15,13.91,104.024
10/21/2025 01:42:15,13.88,104.045
10/21/2025 01:52:15,13.85,104.044
10/21/2025 02:02:15,13.82,104.056
10/21/2025 02:12:15,13.79,104.051
10/21/2025 02:22:15,13.76,104.076
10/21/2025 02:32:15,13.74,104.062
10/21/2025 02:42:15,13.71,104.079
10/21/2025 02:52:15,13.68,104.073
10/21/2025 03:02:15,13.65,104.068
10/21/2025 03:12:15,13.61,104.071
10/21/2025 03:22:15,13.58,104.061
10/21/2025 03:32:15,13.55,104.065
10/21/2025 03:42:15,13.53,104.064
10/21/2025 03:52:15,13.50,104.063
10/21/2025 04:02:15,13.47,104.053
10/21/2025 04:12:15,13.44,104.047
10/21/2025 04:22:15,13.41,104.055
10/21/2025 04:32:15,13.38,104.041
10/21/2025 04:42:15,13.34,104.057
10/21/2025 04:52:15,13.31,104.056
10/21/2025 05:02:15,13.27,104.068
10/21/2025 05:12:15,13.23,104.071
10/21/2025 05:22:15,13.19,104.083
10/21/2025 05:32:15,13.15,104.095
10/21/2025 05:42:15,13.11,104.116
10/21/2025 05:52:15,13.07,104.128
10/21/2025 06:02:15,13.03,104.131
10/21/2025 06:12:15,12.99,104.134
10/21/2025 06:22:15,12.95,104.123
10/21/2025 06:32:15,12.91,104.109
10/21/2025 06:42:15,12.86,104.134
10/21/2025 06:52:15,12.82,104.128
10/21/2025 07:02:15,12.78,104.135
10/21/2025 07:12:15,12.74,104.125
10/21/2025 07:22:15,12.70,104.137
10/21/2025 07:32:15,12.66,104.153
10/21/2025 07:42:15,12.62,104.147
10/21/2025 07:52:15,12.58,104.151
10/21/2025 08:02:15,12.55,104.185
10/21/2025 08:12:15,12.52,104.188
10/21/2025 08:22:15,12.50,104.192
10/21/2025 08:32:15,12.47,104.173
10/21/2025 08:42:15,12.45,104.150
10/21/2025 08:52:15,12.43,104.150
10/21/2025 09:02:15,12.41,104.167
10/21/2025 09:12:15,12.40,104.188
10/21/2025 09:22:15,12.39,104.175
10/21/2025 09:32:15,12.39,104.179
10/21/2025 09:42:15,12.38,104.179
10/21/2025 09:52:15,12.39,104.170
10/21/2025 10:02:15,12.40,104.175
10/21/2025 10:12:15,12.41,104.184
10/21/2025 10:22:15,12.42,104.189
10/21/2025 10:32:15,12.44,104.176
10/21/2025 10:42:15,12.46,104.195
10/21/2025 10:52:15,12.48,104.187
10/21/2025 11:02:15,12.51,104.152
10/21/2025 11:12:15,12.54,104.162
10/21/2025 11:22:15,12.57,104.141
10/21/2025 11:32:15,12.61,104.129
10/21/2025 11:42:15,12.64,104.100
10/21/2025 11:52:15,12.68,104.061
10/21/2025 12:02:15,12.71,104.049
10/21/2025 12:12:15,12.75,104.037
10/21/2025 12:22:15,12.80,104.017
10/21/2025 12:32:15,12.84,103.983
10/21/2025 12:42:15,12.89,103.967
10/21/2025 12:52:15,12.94,103.960
10/21/2025 13:02:15,12.99,103.935
10/21/2025 13:12:15,13.05,103.932
10/21/2025 13:22:15,13.10,103.917
10/21/2025 13:32:15,13.15,103.914
10/21/2025 13:42:15,13.18,103.880
10/21/2025 13:52:15,13.22,103.881
10/21/2025 14:02:15,13.24,103.864
10/21/2025 14:12:15,13.26,103.838
10/21/2025 14:22:15,13.28,103.826
10/21/2025 14:32:15,13.29,103.813
10/21/2025 14:42:15,13.30,103.795
10/21/2025 14:52:15,13.30,103.809
10/21/2025 15:02:15,13.30,103.804
10/21/2025 15:12:15,13.29,103.791
10/21/2025 15:22:15,13.28,103.790
10/21/2025 15:32:15,13.28,103.795
10/21/2025 15:42:15,13.27,103.768
10/21/2025 15:52:15,13.26,103.759
10/21/2025 16:02:15,13.25,103.749
10/21/2025 16:12:15,13.24,103.731
10/21/2025 16:22:15,13.23,103.727
10/21/2025 16:32:15,13.21,103.744
10/21/2025 16:42:15,13.20,103.730
10/21/2025 16:52:15,13.19,103.748
10/21/2025 17:02:15,13.19,103.747
10/21/2025 17:12:15,13.18,103.747
10/21/2025 17:22:15,13.18,103.725
10/21/2025 17:32:15,13.17,103.725
10/21/2025 17:42:15,13.17,103.720
10/21/2025 17:52:15,13.16,103.707
10/21/2025 18:02:15,13.16,103.702
10/21/2025 18:12:15,13.15,103.715
10/21/2025 18:22:15,13.14,103.728
10/21/2025 18:32:15,13.14,103.737
10/21/2025 18:42:15,13.13,103.763
10/21/2025 18:52:15,13.13,103.763
10/21/2025 19:02:15,13.13,103.776
10/21/2025 19:12:15,13.12,103.789
10/21/2025 19:22:15,13.12,103.816
10/21/2025 19:32:15,13.12,103.811
10/21/2025 19:42:15,13.11,103.820
10/21/2025 19:52:15,13.11,103.815
10/21/2025 20:02:15,13.11,103.815
10/21/2025 20:12:15,13.11,103.815
10/21/2025 20:22:15,13.11,103.833
10/21/2025 20:32:15,13.11,103.842
10/21/2025 20:42:15,13.11,103.855
10/21/2025 20:52:15,13.11,103.846
10/21/2025 21:02:15,13.12,103.869
10/21/2025 21:12:15,13.12,103.864
10/21/2025 21:22:15,13.13,103.838
10/21/2025 21:32:15,13.13,103.843
10/21/2025 21:42:15,13.14,103.847
10/21/2025 21:52:15,13.15,103.856
10/21/2025 22:02:15,13.16,103.839
10/21/2025 22:12:15,13.17,103.809
10/21/2025 22:22:15,13.18,103.827
10/21/2025 22:32:15,13.19,103.814
10/21/2025 22:42:15,13.20,103.810
10/21/2025 22:52:15,13.21,103.779
10/21/2025 23:02:15,13.22,103.792
10/21/2025 23:12:15,13.22,103.788
10/21/2025 23:22:15,13.23,103.811
10/21/2025 23:32:15,13.24,103.771
10/21/2025 23:42:15,13.25,103.727
10/21/2025 23:52:15,13.25,103.736
10/22/2025 00:02:15,13.25,103.719
10/22/2025 00:12:15,13.25,103.657
10/22/2025 00:22:15,13.26,103.631
10/22/2025 00:32:15,13.28,103.636
10/22/2025 00:42:15,13.31,103.654
10/22/2025 00:52:15,13.32,103.619
10/22/2025 01:02:15,13.32,103.721
10/22/2025 01:12:15,13.31,103.822
10/22/2025 01:22:15,13.31,103.809
10/22/2025 01:32:15,13.31,103.805
10/22/2025 01:42:15,13.33,103.832
10/22/2025 01:52:15,13.37,103.891
10/22/2025 02:02:15,13.53,104.002
10/22/2025 02:12:15,13.57,104.127
10/22/2025 02:22:15,13.53,104.201
10/22/2025 02:32:15,13.53,104.152
10/22/2025 02:42:15,13.72,104.097
10/22/2025 02:52:15,13.97,104.070
10/22/2025 03:02:15,14.13,104.053
10/22/2025 03:12:15,14.20,104.074
10/22/2025 03:22:15,14.19,104.215
10/22/2025 03:32:15,14.06,104.409
10/22/2025 03:42:15,13.90,104.426
10/22/2025 03:52:15,13.86,104.499
10/22/2025 04:02:15,13.93,104.546
10/22/2025 04:12:15,14.01,104.575
10/22/2025 04:22:15,14.00,104.584
10/22/2025 04:32:15,13.95,104.520
10/22/2025 04:42:15,13.91,104.448
10/22/2025 04:52:15,13.87,104.310
10/22/2025 05:02:15,13.82,104.290
10/22/2025 05:12:15,13.78,104.320
10/22/2025 05:22:15,13.73,104.353
10/22/2025 05:32:15,13.67,104.426
10/22/2025 05:42:15,13.63,104.451
10/22/2025 05:52:15,13.65,104.435
10/22/2025 06:02:15,13.70,104.450
10/22/2025 06:12:15,13.73,104.429
10/22/2025 06:22:15,13.74,104.380
10/22/2025 06:32:15,13.71,104.348
10/22/2025 06:42:15,13.66,104.307
10/22/2025 06:52:15,13.62,104.283
10/22/2025 07:02:15,13.58,104.238
10/22/2025 07:12:15,13.54,104.241
10/22/2025 07:22:15,13.50,104.213
10/22/2025 07:32:15,13.46,104.216
10/22/2025 07:42:15,13.43,104.233
10/22/2025 07:52:15,13.39,104.183
10/22/2025 08:02:15,13.36,104.182
10/22/2025 08:12:15,13.33,104.167
10/22/2025 08:22:15,13.30,104.153
10/22/2025 08:32:15,13.27,104.157
10/22/2025 08:42:15,13.25,104.134
10/22/2025 08:52:15,13.22,104.146
10/22/2025 09:02:15,13.19,104.145
10/22/2025 09:12:15,13.16,104.228
10/22/2025 09:22:15,13.19,104.419
10/22/2025 09:32:15,13.22,104.756
10/22/2025 09:42:15,13.20,104.949
10/22/2025 09:52:15,13.25,105.021
10/22/2025 10:02:15,13.39,104.973
10/22/2025 10:12:15,13.48,104.888
10/22/2025 10:22:15,13.53,104.771
10/22/2025 10:32:15,13.53,104.669
10/22/2025 10:42:15,13.49,104.597
10/22/2025 10:52:15,13.46,104.516
10/22/2025 11:02:15,13.44,104.454
10/22/2025 11:12:15,13.43,104.405
10/22/2025 11:22:15,13.43,104.387
10/22/2025 11:32:15,13.44,104.348
10/22/2025 11:42:15,13.45,104.335
10/22/2025 11:52:15,13.46,104.335
10/22/2025 12:02:15,13.48,104.310
10/22/2025 12:12:15,13.50,104.323
10/22/2025 12:22:15,13.51,104.315
10/22/2025 12:32:15,13.52,104.289
10/22/2025 12:42:15,13.53,104.289
10/22/2025 12:52:15,13.56,104.281
10/22/2025 13:02:15,13.59,104.287
10/22/2025 13:12:15,13.62,104.283
10/22/2025 13:22:15,13.65,104.280
10/22/2025 13:32:15,13.68,104.272
10/22/2025 13:42:15,13.70,104.251
10/22/2025 13:52:15,13.72,104.265
10/22/2025 14:02:15,13.73,104.261
10/22/2025 14:12:15,13.75,104.261
10/22/2025 14:22:15,13.76,104.253
10/22/2025 14:32:15,13.77,104.227
10/22/2025 14:42:15,13.78,104.249
10/22/2025 14:52:15,13.78,104.236
10/22/2025 15:02:15,13.78,104.232
10/22/2025 15:12:15,13.79,104.223
10/22/2025 15:22:15,13.79,104.236
10/22/2025 15:32:15,13.79,104.223
10/22/2025 15:42:15,13.78,104.232
10/22/2025 15:52:15,13.78,104.236
10/22/2025 16:02:15,13.77,104.245
10/22/2025 16:12:15,13.77,104.244
10/22/2025 16:22:15,13.76,104.257
10/22/2025 16:32:15,13.75,104.244
10/22/2025 16:42:15,13.75,104.248
10/22/2025 16:52:15,13.74,104.274
10/22/2025 17:02:15,13.73,104.292
10/22/2025 17:12:15,13.73,104.322
10/22/2025 17:22:15,13.72,104.331
10/22/2025 17:32:15,13.72,104.357
10/22/2025 17:42:15,13.72,104.380
10/22/2025 17:52:15,13.72,104.388
10/22/2025 18:02:15,13.72,104.419
10/22/2025 18:12:15,13.71,104.450
10/22/2025 18:22:15,13.71,104.477
10/22/2025 18:32:15,13.71,104.516
10/22/2025 18:42:15,13.71,104.552
10/22/2025 18:52:15,13.72,104.569
10/22/2025 19:02:15,13.72,104.587
10/22/2025 19:12:15,13.72,104.596
10/22/2025 19:22:15,13.73,104.610
10/22/2025 19:32:15,13.74,104.619
10/22/2025 19:42:15,13.74,104.637
10/22/2025 19:52:15,13.75,104.659
10/22/2025 20:02:15,13.75,104.641
10/22/2025 20:12:15,13.75,104.637
10/22/2025 20:22:15,13.75,104.659
10/22/2025 20:32:15,13.75,104.668
10/22/2025 20:42:15,13.74,104.667
10/22/2025 20:52:15,13.73,104.680
10/22/2025 21:02:15,13.71,104.666
10/22/2025 21:12:15,13.69,104.670
10/22/2025 21:22:15,13.68,104.670
10/22/2025 21:32:15,13.65,104.669
10/22/2025 21:42:15,13.63,104.686
10/22/2025 21:52:15,13.61,104.676
10/22/2025 22:02:15,13.59,104.684
10/22/2025 22:12:15,13.56,104.683
10/22/2025 22:22:15,13.54,104.665
10/22/2025 22:32:15,13.52,104.660
10/22/2025 22:42:15,13.49,104.659
10/22/2025 22:52:15,13.47,104.649
10/22/2025 23:02:15,13.45,104.635
10/22/2025 23:12:15,13.42,104.617
10/22/2025 23:22:15,13.39,104.633
10/22/2025 23:32:15,13.36,104.632
10/22/2025 23:42:15,13.33,104.618
10/22/2025 23:52:15,13.30,104.630
10/23/2025 00:02:15,13.26,104.589
10/23/2025 00:12:15,13.22,104.579
10/23/2025 00:22:15,13.17,104.577
10/23/2025 00:32:15,13.13,104.562
10/23/2025 00:42:15,13.08,104.570
10/23/2025 00:52:15,13.04,104.564
10/23/2025 01:02:15,12.99,104.553
10/23/2025 01:12:15,12.95,104.556
10/23/2025 01:22:15,12.91,104.537
10/23/2025 01:32:15,12.86,104.540
10/23/2025 01:42:15,12.81,104.543
10/23/2025 01:52:15,12.77,104.528
10/23/2025 02:02:15,12.73,104.535
10/23/2025 02:12:15,12.68,104.516
10/23/2025 02:22:15,12.64,104.528
10/23/2025 02:32:15,12.60,104.526
10/23/2025 02:42:15,12.56,104.516
10/23/2025 02:52:15,12.52,104.497
10/23/2025 03:02:15,12.48,104.496
10/23/2025 03:12:15,12.44,104.494
10/23/2025 03:22:15,12.41,104.520
10/23/2025 03:32:15,12.37,104.518
10/23/2025 03:42:15,12.33,104.500
10/23/2025 03:52:15,12.30,104.503
10/23/2025 04:02:15,12.27,104.493
10/23/2025 04:12:15,12.23,104.465
10/23/2025 04:22:15,12.20,104.482
10/23/2025 04:32:15,12.16,104.489
10/23/2025 04:42:15,12.13,104.492
10/23/2025 04:52:15,12.10,104.478
10/23/2025 05:02:15,12.07,104.490
10/23/2025 05:12:15,12.03,104.498
10/23/2025 05:22:15,12.00,104.497
10/23/2025 05:32:15,11.97,104.505
10/23/2025 05:42:15,11.94,104.499
10/23/2025 05:52:15,11.91,104.502
10/23/2025 06:02:15,11.88,104.510
10/23/2025 06:12:15,11.84,104.496
10/23/2025 06:22:15,11.81,104.481
10/23/2025 06:32:15,11.78,104.472
10/23/2025 06:42:15,11.75,104.448
10/23/2025 06:52:15,11.72,104.452
10/23/2025 07:02:15,11.69,104.442
10/23/2025 07:12:15,11.66,104.454
10/23/2025 07:22:15,11.63,104.453
10/23/2025 07:32:15,11.60,104.434
10/23/2025 07:42:15,11.57,104.433
10/23/2025 07:52:15,11.54,104.445
10/23/2025 08:02:15,11.51,104.449
10/23/2025 08:12:15,11.48,104.479
10/23/2025 08:22:15,11.45,104.460
10/23/2025 08:32:15,11.43,104.473
10/23/2025 08:42:15,11.41,104.477
10/23/2025 08:52:15,11.40,104.441
10/23/2025 09:02:15,11.40,104.441
10/23/2025 09:12:15,11.39,104.440
10/23/2025 09:22:15,11.38,104.449
10/23/2025 09:32:15,11.38,104.475
10/23/2025 09:42:15,11.39,104.440
10/23/2025 09:52:15,11.39,104.458
10/23/2025 10:02:15,11.40,104.454
10/23/2025 10:12:15,11.40,104.450
10/23/2025 10:22:15,11.41,104.428
10/23/2025 10:32:15,11.42,104.428
10/23/2025 10:42:15,11.44,104.407
10/23/2025 10:52:15,11.46,104.421
10/23/2025 11:02:15,11.49,104.417
10/23/2025 11:12:15,11.52,104.418
10/23/2025 11:22:15,11.55,104.402
10/23/2025 11:32:15,11.58,104.403
10/23/2025 11:42:15,11.61,104.391
10/23/2025 11:52:15,11.64,104.383
10/23/2025 12:02:15,11.67,104.384
10/23/2025 12:12:15,11.70,104.359
10/23/2025 12:22:15,11.75,104.356
10/23/2025 12:32:15,11.79,104.340
10/23/2025 12:42:15,11.85,104.328
10/23/2025 12:52:15,11.91,104.313
10/23/2025 13:02:15,11.96,104.310
10/23/2025 13:12:15,12.01,104.303
10/23/2025 13:22:15,12.06,104.278
10/23/2025 13:32:15,12.09,104.275
10/23/2025 13:42:15,12.13,104.259
10/23/2025 13:52:15,12.17,104.264
10/23/2025 14:02:15,12.20,104.234
10/23/2025 14:12:15,12.22,104.218
10/23/2025 14:22:15,12.25,104.219
10/23/2025 14:32:15,12.28,104.233
10/23/2025 14:42:15,12.30,104.238
10/23/2025 14:52:15,12.32,104.238
10/23/2025 15:02:15,12.32,104.234
10/23/2025 15:12:15,12.33,104.248
10/23/2025 15:22:15,12.34,104.230
10/23/2025 15:32:15,12.34,104.257
10/23/2025 15:42:15,12.34,104.266
10/23/2025 15:52:15,12.33,104.252
10/23/2025 16:02:15,12.33,104.266
10/23/2025 16:12:15,12.34,104.279
10/23/2025 16:22:15,12.34,104.261
10/23/2025 16:32:15,12.34,104.266
10/23/2025 16:42:15,12.35,104.288
10/23/2025 16:52:15,12.35,104.288
10/23/2025 17:02:15,12.35,104.297
10/23/2025 17:12:15,12.35,104.302
10/23/2025 17:22:15,12.35,104.315
10/23/2025 17:32:15,12.35,104.306
10/23/2025 17:42:15,12.35,104.310
10/23/2025 17:52:15,12.35,104.319
10/23/2025 18:02:15,12.35,104.328
10/23/2025 18:12:15,12.35,104.328
10/23/2025 18:22:15,12.36,104.337
10/23/2025 18:32:15,12.36,104.350
10/23/2025 18:42:15,12.36,104.355
10/23/2025 18:52:15,12.37,104.351
10/23/2025 19:02:15,12.37,104.377
10/23/2025 19:12:15,12.38,104.386
10/23/2025 19:22:15,12.38,104.391
10/23/2025 19:32:15,12.38,104.382
10/23/2025 19:42:15,12.38,104.382
10/23/2025 19:52:15,12.38,104.386
10/23/2025 20:02:15,12.38,104.382
10/23/2025 20:12:15,12.38,104.395
10/23/2025 20:22:15,12.38,104.400
10/23/2025 20:32:15,12.38,104.417
10/23/2025 20:42:15,12.37,104.426
10/23/2025 20:52:15,12.37,104.435
10/23/2025 21:02:15,12.36,104.461
10/23/2025 21:12:15,12.36,104.465
10/23/2025 21:22:15,12.35,104.478
10/23/2025 21:32:15,12.34,104.473
10/23/2025 21:42:15,12.33,104.473
10/23/2025 21:52:15,12.32,104.486
10/23/2025 22:02:15,12.31,104.481
10/23/2025 22:12:15,12.30,104.503
10/23/2025 22:22:15,12.28,104.489
10/23/2025 22:32:15,12.27,104.502
10/23/2025 22:42:15,12.25,104.510
10/23/2025 22:52:15,12.23,104.496
10/23/2025 23:02:15,12.21,104.491
10/23/2025 23:12:15,12.19,104.495
10/23/2025 23:22:15,12.17,104.503
10/23/2025 23:32:15,12.15,104.511
10/23/2025 23:42:15,12.13,104.492
10/23/2025 23:52:15,12.11,104.496
10/24/2025 00:02:15,12.09,104.504
10/24/2025 00:12:15,12.07,104.482
10/24/2025 00:22:15,12.04,104.476
10/24/2025 00:32:15,12.02,104.475
10/24/2025 00:42:15,11.99,104.475
10/24/2025 00:52:15,11.97,104.474
10/24/2025 01:02:15,11.94,104.468
10/24/2025 01:12:15,11.91,104.459
10/24/2025 01:22:15,11.89,104.458
10/24/2025 01:32:15,11.86,104.465
10/24/2025 01:42:15,11.83,104.464
10/24/2025 01:52:15,11.80,104.455
10/24/2025 02:02:15,11.77,104.458
10/24/2025 02:12:15,11.74,104.453
10/24/2025 02:22:15,11.72,104.452
10/24/2025 02:32:15,11.68,104.451
10/24/2025 02:42:15,11.65,104.449
10/24/2025 02:52:15,11.62,104.475
10/24/2025 03:02:15,11.58,104.482
10/24/2025 03:12:15,11.54,104.472
10/24/2025 03:22:15,11.51,104.471
10/24/2025 03:32:15,11.47,104.461
10/24/2025 03:42:15,11.43,104.464
10/24/2025 03:52:15,11.39,104.462
10/24/2025 04:02:15,11.35,104.461
10/24/2025 04:12:15,11.31,104.460
10/24/2025 04:22:15,11.27,104.480
10/24/2025 04:32:15,11.22,104.466
10/24/2025 04:42:15,11.18,104.491
10/24/2025 04:52:15,11.14,104.493
10/24/2025 05:02:15,11.10,104.496
10/24/2025 05:12:15,11.05,104.508
10/24/2025 05:22:15,11.01,104.511
10/24/2025 05:32:15,10.97,104.518
10/24/2025 05:42:15,10.93,104.517
10/24/2025 05:52:15,10.89,104.533
10/24/2025 06:02:15,10.85,104.523
10/24/2025 06:12:15,10.80,104.517
10/24/2025 06:22:15,10.76,104.524
10/24/2025 06:32:15,10.72,104.541
10/24/2025 06:42:15,10.67,104.557
10/24/2025 06:52:15,10.63,104.542
10/24/2025 07:02:15,10.59,104.536
10/24/2025 07:12:15,10.55,104.552
10/24/2025 07:22:15,10.50,104.573
10/24/2025 07:32:15,10.46,104.598
10/24/2025 07:42:15,10.41,104.609
10/24/2025 07:52:15,10.37,104.617
10/24/2025 08:02:15,10.34,104.633
10/24/2025 08:12:15,10.30,104.628
10/24/2025 08:22:15,10.27,104.648
10/24/2025 08:32:15,10.24,104.648
10/24/2025 08:42:15,10.21,104.647
10/24/2025 08:52:15,10.19,104.668
10/24/2025 09:02:15,10.17,104.663
10/24/2025 09:12:15,10.15,104.666
10/24/2025 09:22:15,10.14,104.662
10/24/2025 09:32:15,10.14,104.666
10/24/2025 09:42:15,10.14,104.675
10/24/2025 09:52:15,10.14,104.657
10/24/2025 10:02:15,10.14,104.657
10/24/2025 10:12:15,10.14,104.657
10/24/2025 10:22:15,10.15,104.671
10/24/2025 10:32:15,10.16,104.645
10/24/2025 10:42:15,10.17,104.641
10/24/2025 10:52:15,10.18,104.646
10/24/2025 11:02:15,10.20,104.659
10/24/2025 11:12:15,10.22,104.642
10/24/2025 11:22:15,10.24,104.621
10/24/2025 11:32:15,10.27,104.618
10/24/2025 11:42:15,10.29,104.618
10/24/2025 11:52:15,10.31,104.610
10/24/2025 12:02:15,10.35,104.612
10/24/2025 12:12:15,10.40,104.596
10/24/2025 12:22:15,10.46,104.584
10/24/2025 12:32:15,10.50,104.573
10/24/2025 12:42:15,10.54,104.552
10/24/2025 12:52:15,10.58,104.549
10/24/2025 13:02:15,10.63,104.533
10/24/2025 13:12:15,10.69,104.504
10/24/2025 13:22:15,10.76,104.507
10/24/2025 13:32:15,10.84,104.492
10/24/2025 13:42:15,10.92,104.504
10/24/2025 13:52:15,10.99,104.511
10/24/2025 14:02:15,11.05,104.508
10/24/2025 14:12:15,11.10,104.510
10/24/2025 14:22:15,11.14,104.511
10/24/2025 14:32:15,11.18,104.508
10/24/2025 14:42:15,11.21,104.518
10/24/2025 14:52:15,11.22,104.532
10/24/2025 15:02:15,11.23,104.505
10/24/2025 15:12:15,11.23,104.505
10/24/2025 15:22:15,11.24,104.510
10/24/2025 15:32:15,11.25,104.515
10/24/2025 15:42:15,11.27,104.533
10/24/2025 15:52:15,11.28,104.507
10/24/2025 16:02:15,11.29,104.529
10/24/2025 16:12:15,11.29,104.521
10/24/2025 16:22:15,11.30,104.534
10/24/2025 16:32:15,11.30,104.543
10/24/2025 16:42:15,11.30,104.565
10/24/2025 16:52:15,11.30,104.570
10/24/2025 17:02:15,11.29,104.596
10/24/2025 17:12:15,11.29,104.609
10/24/2025 17:22:15,11.28,104.613
10/24/2025 17:32:15,11.28,104.631
10/24/2025 17:42:15,11.27,104.635
10/24/2025 17:52:15,11.26,104.657
10/24/2025 18:02:15,11.25,104.669
10/24/2025 18:12:15,11.24,104.678
10/24/2025 18:22:15,11.24,104.704
10/24/2025 18:32:15,11.23,104.713
10/24/2025 18:42:15,11.23,104.726
10/24/2025 18:52:15,11.22,104.735
10/24/2025 19:02:15,11.22,104.752
10/24/2025 19:12:15,11.21,104.765
10/24/2025 19:22:15,11.21,104.774
10/24/2025 19:32:15,11.20,104.769
10/24/2025 19:42:15,11.19,104.804
10/24/2025 19:52:15,11.17,104.799
10/24/2025 20:02:15,11.17,104.816
10/24/2025 20:12:15,11.16,104.794
10/24/2025 20:22:15,11.15,104.812
10/24/2025 20:32:15,11.14,104.802
10/24/2025 20:42:15,11.13,104.824
10/24/2025 20:52:15,11.13,104.819
10/24/2025 21:02:15,11.12,104.841
10/24/2025 21:12:15,11.12,104.841
10/24/2025 21:22:15,11.11,104.837
10/24/2025 21:32:15,11.11,104.858
10/24/2025 21:42:15,11.10,104.836
10/24/2025 21:52:15,11.10,104.845
10/24/2025 22:02:15,11.10,104.849
10/24/2025 22:12:15,11.09,104.858
10/24/2025 22:22:15,11.09,104.867
10/24/2025 22:32:15,11.08,104.875
10/24/2025 22:42:15,11.07,104.884
10/24/2025 22:52:15,11.06,104.888
10/24/2025 23:02:15,11.06,104.888
10/24/2025 23:12:15,11.05,104.883
10/24/2025 23:22:15,11.04,104.878
10/24/2025 23:32:15,11.02,104.864
10/24/2025 23:42:15,11.00,104.886
10/24/2025 23:52:15,10.98,104.889
10/25/2025 00:02:15,10.97,104.898
10/25/2025 00:12:15,10.95,104.888
10/25/2025 00:22:15,10.93,104.901
10/25/2025 00:32:15,10.91,104.922
10/25/2025 00:42:15,10.89,104.926
10/25/2025 00:52:15,10.87,104.943
10/25/2025 01:02:15,10.84,104.955
10/25/2025 01:12:15,10.82,104.976
10/25/2025 01:22:15,10.79,104.966
10/25/2025 01:32:15,10.76,104.961
10/25/2025 01:42:15,10.73,104.978
10/25/2025 01:52:15,10.70,104.981
10/25/2025 02:02:15,10.67,104.984
10/25/2025 02:12:15,10.64,105.014
10/25/2025 02:22:15,10.61,105.004
10/25/2025 02:32:15,10.57,104.999
10/25/2025 02:42:15,10.54,105.028
10/25/2025 02:52:15,10.51,105.018
10/25/2025 03:02:15,10.48,105.035
10/25/2025 03:12:15,10.45,105.038
10/25/2025 03:22:15,10.42,105.042
10/25/2025 03:32:15,10.39,105.054
10/25/2025 03:42:15,10.36,105.049
10/25/2025 03:52:15,10.33,105.056
10/25/2025 04:02:15,10.30,105.069
10/25/2025 04:12:15,10.27,105.063
10/25/2025 04:22:15,10.24,105.062
10/25/2025 04:32:15,10.21,105.070
10/25/2025 04:42:15,10.17,105.086
10/25/2025 04:52:15,10.14,105.081
10/25/2025 05:02:15,10.11,105.102
10/25/2025 05:12:15,10.08,105.096
10/25/2025 05:22:15,10.04,105.104
10/25/2025 05:32:15,10.01,105.116
10/25/2025 05:42:15,9.97,105.119
10/25/2025 05:52:15,9.93,105.135
10/25/2025 06:02:15,9.90,105.138
10/25/2025 06:12:15,9.86,105.150
10/25/2025 06:22:15,9.82,105.180
10/25/2025 06:32:15,9.78,105.183
10/25/2025 06:42:15,9.74,105.208
10/25/2025 06:52:15,9.70,105.197
10/25/2025 07:02:15,9.66,105.196
10/25/2025 07:12:15,9.62,105.217
10/25/2025 07:22:15,9.58,105.237
10/25/2025 07:32:15,9.54,105.249
10/25/2025 07:42:15,9.50,105.252
10/25/2025 07:52:15,9.47,105.268
10/25/2025 08:02:15,9.43,105.289
10/25/2025 08:12:15,9.39,105.288
10/25/2025 08:22:15,9.36,105.304
10/25/2025 08:32:15,9.33,105.330
10/25/2025 08:42:15,9.30,105.333
10/25/2025 08:52:15,9.27,105.337
10/25/2025 09:02:15,9.25,105.336
10/25/2025 09:12:15,9.23,105.326
10/25/2025 09:22:15,9.21,105.317
10/25/2025 09:32:15,9.20,105.316
10/25/2025 09:42:15,9.19,105.329
10/25/2025 09:52:15,9.19,105.316
10/25/2025 10:02:15,9.20,105.285
10/25/2025 10:12:15,9.20,105.281
10/25/2025 10:22:15,9.22,105.299
10/25/2025 10:32:15,9.24,105.309
10/25/2025 10:42:15,9.26,105.314
10/25/2025 10:52:15,9.30,105.324
10/25/2025 11:02:15,9.33,105.312
10/25/2025 11:12:15,9.37,105.314
10/25/2025 11:22:15,9.41,105.337
10/25/2025 11:32:15,9.45,105.325
10/25/2025 11:42:15,9.49,105.318
10/25/2025 11:52:15,9.54,105.311
10/25/2025 12:02:15,9.59,105.312
10/25/2025 12:12:15,9.64,105.319
10/25/2025 12:22:15,9.71,105.312
10/25/2025 12:32:15,9.77,105.297
10/25/2025 12:42:15,9.83,105.286
10/25/2025 12:52:15,9.90,105.275
10/25/2025 13:02:15,9.96,105.255
10/25/2025 13:12:15,10.02,105.239
10/25/2025 13:22:15,10.07,105.237
10/25/2025 13:32:15,10.13,105.226
10/25/2025 13:42:15,10.19,105.201
10/25/2025 13:52:15,10.24,105.194
10/25/2025 14:02:15,10.28,105.182
10/25/2025 14:12:15,10.31,105.153
10/25/2025 14:22:15,10.35,105.154
10/25/2025 14:32:15,10.38,105.142
10/25/2025 14:42:15,10.39,105.125
10/25/2025 14:52:15,10.40,105.129
10/25/2025 15:02:15,10.40,105.138
10/25/2025 15:12:15,10.40,105.120
10/25/2025 15:22:15,10.39,105.129
10/25/2025 15:32:15,10.38,105.146
10/25/2025 15:42:15,10.38,105.151
10/25/2025 15:52:15,10.37,105.172
10/25/2025 16:02:15,10.37,105.181
10/25/2025 16:12:15,10.37,105.190
10/25/2025 16:22:15,10.37,105.190
10/25/2025 16:32:15,10.37,105.208
10/25/2025 16:42:15,10.38,105.204
10/25/2025 16:52:15,10.39,105.204
10/25/2025 17:02:15,10.39,105.217
10/25/2025 17:12:15,10.40,105.217
10/25/2025 17:22:15,10.40,105.222
10/25/2025 17:32:15,10.40,105.231
10/25/2025 17:42:15,10.39,105.235
10/25/2025 17:52:15,10.40,105.217
10/25/2025 18:02:15,10.40,105.217
10/25/2025 18:12:15,10.39,105.239
10/25/2025 18:22:15,10.39,105.244
10/25/2025 18:32:15,10.38,105.239
10/25/2025 18:42:15,10.37,105.243
10/25/2025 18:52:15,10.37,105.247
10/25/2025 19:02:15,10.36,105.234
10/25/2025 19:12:15,10.35,105.251
10/25/2025 19:22:15,10.33,105.272
10/25/2025 19:32:15,10.31,105.303
10/25/2025 19:42:15,10.29,105.297
10/25/2025 19:52:15,10.28,105.315
10/25/2025 20:02:15,10.26,105.305
10/25/2025 20:12:15,10.25,105.300
10/25/2025 20:22:15,10.23,105.300
10/25/2025 20:32:15,10.22,105.299
10/25/2025 20:42:15,10.21,105.294
10/25/2025 20:52:15,10.20,105.299
10/25/2025 21:02:15,10.19,105.303
10/25/2025 21:12:15,10.18,105.311
10/25/2025 21:22:15,10.18,105.289
10/25/2025 21:32:15,10.17,105.311
10/25/2025 21:42:15,10.16,105.319
10/25/2025 21:52:15,10.15,105.297
10/25/2025 22:02:15,10.14,105.288
10/25/2025 22:12:15,10.13,105.288
10/25/2025 22:22:15,10.12,105.296
10/25/2025 22:32:15,10.11,105.291
10/25/2025 22:42:15,10.10,105.291
10/25/2025 22:52:15,10.09,105.299
10/25/2025 23:02:15,10.07,105.285
10/25/2025 23:12:15,10.06,105.289
10/25/2025 23:22:15,10.05,105.307
10/25/2025 23:32:15,10.04,105.315
10/25/2025 23:42:15,10.03,105.284
10/25/2025 23:52:15,10.02,105.284
10/26/2025 00:02:15,10.01,105.288
10/26/2025 00:12:15,10.00,105.283
10/26/2025 00:22:15,9.99,105.291
10/26/2025 00:32:15,9.97,105.291
10/26/2025 00:42:15,9.96,105.299
10/26/2025 00:52:15,9.95,105.281
10/26/2025 01:02:15,9.93,105.293
10/26/2025 01:12:15,9.90,105.284
10/26/2025 01:22:15,9.88,105.287
10/26/2025 01:32:15,9.85,105.286
10/26/2025 01:42:15,9.83,105.286
10/26/2025 01:52:15,9.80,105.302
10/26/2025 02:02:15,9.77,105.315
10/26/2025 02:12:15,9.75,105.318
10/26/2025 02:22:15,9.72,105.313
10/26/2025 02:32:15,9.69,105.303
10/26/2025 02:42:15,9.67,105.311
10/26/2025 02:52:15,9.64,105.292
10/26/2025 03:02:15,9.60,105.295
10/26/2025 03:12:15,9.57,105.299
10/26/2025 03:22:15,9.54,105.289
10/26/2025 03:32:15,9.52,105.284
10/26/2025 03:42:15,9.50,105.270
10/26/2025 03:52:15,9.47,105.269
10/26/2025 04:02:15,9.45,105.290
10/26/2025 04:12:15,9.42,105.280
10/26/2025 04:22:15,9.40,105.266
10/26/2025 04:32:15,9.37,105.270
10/26/2025 04:42:15,9.34,105.291
10/26/2025 04:52:15,9.31,105.289
10/26/2025 05:02:15,9.28,105.301
10/26/2025 05:12:15,9.24,105.287
10/26/2025 05:22:15,9.21,105.295
10/26/2025 05:32:15,9.17,105.289
10/26/2025 05:42:15,9.14,105.288
10/26/2025 05:52:15,9.10,105.291
10/26/2025 06:02:15,9.07,105.307
10/26/2025 06:12:15,9.04,105.306
10/26/2025 06:22:15,9.01,105.305
10/26/2025 06:32:15,8.98,105.318
10/26/2025 06:42:15,8.95,105.325
10/26/2025 06:52:15,8.92,105.329
10/26/2025 07:02:15,8.89,105.345
10/26/2025 07:12:15,8.86,105.344
10/26/2025 07:22:15,8.82,105.361
10/26/2025 07:32:15,8.79,105.373
10/26/2025 07:42:15,8.76,105.385
10/26/2025 07:52:15,8.73,105.388
10/26/2025 08:02:15,8.70,105.387
10/26/2025 08:12:15,8.67,105.395
10/26/2025 08:22:15,8.64,105.420
10/26/2025 08:32:15,8.61,105.410
10/26/2025 08:42:15,8.59,105.431
10/26/2025 08:52:15,8.56,105.431
10/26/2025 09:02:15,8.54,105.443
10/26/2025 09:12:15,8.53,105.434
10/26/2025 09:22:15,8.52,105.438
10/26/2025 09:32:15,8.52,105.425
10/26/2025 09:42:15,8.52,105.407
10/26/2025 09:52:15,8.52,105.420
10/26/2025 10:02:15,8.52,105.407
10/26/2025 10:12:15,8.53,105.399
10/26/2025 10:22:15,8.54,105.408
10/26/2025 10:32:15,8.56,105.395
10/26/2025 10:42:15,8.58,105.387
10/26/2025 10:52:15,8.61,105.375
10/26/2025 11:02:15,8.64,105.358
10/26/2025 11:12:15,8.68,105.351
10/26/2025 11:22:15,8.72,105.344
10/26/2025 11:32:15,8.77,105.328
10/26/2025 11:42:15,8.82,105.321
10/26/2025 11:52:15,8.87,105.318
10/26/2025 12:02:15,8.92,105.307
10/26/2025 12:12:15,8.99,105.309
10/26/2025 12:22:15,9.06,105.285
10/26/2025 12:32:15,9.13,105.261
10/26/2025 12:42:15,9.21,105.246
10/26/2025 12:52:15,9.28,105.244
10/26/2025 13:02:15,9.36,105.230
10/26/2025 13:12:15,9.44,105.215
10/26/2025 13:22:15,9.53,105.204
10/26/2025 13:32:15,9.60,105.203
10/26/2025 13:42:15,9.66,105.169
10/26/2025 13:52:15,9.71,105.171
10/26/2025 14:02:15,9.75,105.168
10/26/2025 14:12:15,9.80,105.161
10/26/2025 14:22:15,9.85,105.154
10/26/2025 14:32:15,9.88,105.155
10/26/2025 14:42:15,9.92,105.156
10/26/2025 14:52:15,9.94,105.149
10/26/2025 15:02:15,9.96,105.114
10/26/2025 15:12:15,9.97,105.114
10/26/2025 15:22:15,9.96,105.114
10/26/2025 15:32:15,9.94,105.118
10/26/2025 15:42:15,9.92,105.112
10/26/2025 15:52:15,9.90,105.094
10/26/2025 16:02:15,9.89,105.103
10/26/2025 16:12:15,9.88,105.102
10/26/2025 16:22:15,9.88,105.111
10/26/2025 16:32:15,9.87,105.098
10/26/2025 16:42:15,9.87,105.093
10/26/2025 16:52:15,9.86,105.106
10/26/2025 17:02:15,9.86,105.115
10/26/2025 17:12:15,9.86,105.128
10/26/2025 17:22:15,9.85,105.141
10/26/2025 17:32:15,9.85,105.136
10/26/2025 17:42:15,9.84,105.149
10/26/2025 17:52:15,9.83,105.149
10/26/2025 18:02:15,9.83,105.149
10/26/2025 18:12:15,9.81,105.140
10/26/2025 18:22:15,9.79,105.165
10/26/2025 18:32:15,9.77,105.182
10/26/2025 18:42:15,9.75,105.182
10/26/2025 18:52:15,9.74,105.190
10/26/2025 19:02:15,9.72,105.207
10/26/2025 19:12:15,9.70,105.215
10/26/2025 19:22:15,9.68,105.223
10/26/2025 19:32:15,9.66,105.236
10/26/2025 19:42:15,9.63,105.244
10/26/2025 19:52:15,9.61,105.256
10/26/2025 20:02:15,9.59,105.268
10/26/2025 20:12:15,9.57,105.263
10/26/2025 20:22:15,9.55,105.276
10/26/2025 20:32:15,9.53,105.306
10/26/2025 20:42:15,9.51,105.292
10/26/2025 20:52:15,9.50,105.314
10/26/2025 21:02:15,9.49,105.322
10/26/2025 21:12:15,9.47,105.322
10/26/2025 21:22:15,9.46,105.339
10/26/2025 21:32:15,9.45,105.360
10/26/2025 21:42:15,9.43,105.355
10/26/2025 21:52:15,9.42,105.359
10/26/2025 22:02:15,9.40,105.363
10/26/2025 22:12:15,9.39,105.367
10/26/2025 22:22:15,9.37,105.358
10/26/2025 22:32:15,9.35,105.357
10/26/2025 22:42:15,9.34,105.365
10/26/2025 22:52:15,9.33,105.374
10/26/2025 23:02:15,9.31,105.369
10/26/2025 23:12:15,9.30,105.373
10/26/2025 23:22:15,9.28,105.381
10/26/2025 23:32:15,9.27,105.376
10/26/2025 23:42:15,9.26,105.380
10/26/2025 23:52:15,9.25,105.367
10/27/2025 00:02:15,9.23,105.348
10/27/2025 00:12:15,9.22,105.352
10/27/2025 00:22:15,9.20,105.360
10/27/2025 00:32:15,9.18,105.355
10/27/2025 00:42:15,9.16,105.341
10/27/2025 00:52:15,9.13,105.336
10/27/2025 01:02:15,9.11,105.348
10/27/2025 01:12:15,9.08,105.348
10/27/2025 01:22:15,9.06,105.347
10/27/2025 01:32:15,9.03,105.346
10/27/2025 01:42:15,9.00,105.340
10/27/2025 01:52:15,8.97,105.357
10/27/2025 02:02:15,8.94,105.356
10/27/2025 02:12:15,8.91,105.337
10/27/2025 02:22:15,8.88,105.354
10/27/2025 02:32:15,8.85,105.335
10/27/2025 02:42:15,8.82,105.338
10/27/2025 02:52:15,8.79,105.315
10/27/2025 03:02:15,8.76,105.323
10/27/2025 03:12:15,8.72,105.309
10/27/2025 03:22:15,8.69,105.312
10/27/2025 03:32:15,8.65,105.310
10/27/2025 03:42:15,8.62,105.327
10/27/2025 03:52:15,8.58,105.304
10/27/2025 04:02:15,8.55,105.294
10/27/2025 04:12:15,8.51,105.275
10/27/2025 04:22:15,8.48,105.278
10/27/2025 04:32:15,8.44,105.263
10/27/2025 04:42:15,8.41,105.271
10/27/2025 04:52:15,8.37,105.283
10/27/2025 05:02:15,8.34,105.286
10/27/2025 05:12:15,8.30,105.285
10/27/2025 05:22:15,8.27,105.301
10/27/2025 05:32:15,8.24,105.296
10/27/2025 05:42:15,8.20,105.303
10/27/2025 05:52:15,8.16,105.307
10/27/2025 06:02:15,8.13,105.314
10/27/2025 06:12:15,8.09,105.308
10/27/2025 06:22:15,8.05,105.320
10/27/2025 06:32:15,8.02,105.315
10/27/2025 06:42:15,7.98,105.309
10/27/2025 06:52:15,7.94,105.334
10/27/2025 07:02:15,7.90,105.315
10/27/2025 07:12:15,7.86,105.322
10/27/2025 07:22:15,7.82,105.334
10/27/2025 07:32:15,7.79,105.350
10/27/2025 07:42:15,7.75,105.367
10/27/2025 07:52:15,7.71,105.374
10/27/2025 08:02:15,7.68,105.386
10/27/2025 08:12:15,7.65,105.403
10/27/2025 08:22:15,7.63,105.398
10/27/2025 08:32:15,7.61,105.402
10/27/2025 08:42:15,7.59,105.396
10/27/2025 08:52:15,7.57,105.405
10/27/2025 09:02:15,7.56,105.400
10/27/2025 09:12:15,7.54,105.395
10/27/2025 09:22:15,7.53,105.385
10/27/2025 09:32:15,7.51,105.372
10/27/2025 09:42:15,7.50,105.354
10/27/2025 09:52:15,7.50,105.353
10/27/2025 10:02:15,7.50,105.340
10/27/2025 10:12:15,7.50,105.345
10/27/2025 10:22:15,7.51,105.332
10/27/2025 10:32:15,7.52,105.324
10/27/2025 10:42:15,7.54,105.316
10/27/2025 10:52:15,7.57,105.303
10/27/2025 11:02:15,7.61,105.309
10/27/2025 11:12:15,7.67,105.298
10/27/2025 11:22:15,7.72,105.295
10/27/2025 11:32:15,7.77,105.306
10/27/2025 11:42:15,7.82,105.281
10/27/2025 11:52:15,7.88,105.252
10/27/2025 12:02:15,7.94,105.255
10/27/2025 12:12:15,8.00,105.230
10/27/2025 12:22:15,8.06,105.206
10/27/2025 12:32:15,8.13,105.195
10/27/2025 12:42:15,8.21,105.189
10/27/2025 12:52:15,8.29,105.170
10/27/2025 13:02:15,8.37,105.164
10/27/2025 13:12:15,8.46,105.150
10/27/2025 13:22:15,8.55,105.140
10/27/2025 13:32:15,8.64,105.134
10/27/2025 13:42:15,8.72,105.123
10/27/2025 13:52:15,8.79,105.122
10/27/2025 14:02:15,8.86,105.106
10/27/2025 14:12:15,8.92,105.104
10/27/2025 14:22:15,8.97,105.097
10/27/2025 14:32:15,9.02,105.103
10/27/2025 14:42:15,9.07,105.113
10/27/2025 14:52:15,9.09,105.097
10/27/2025 15:02:15,9.11,105.093
10/27/2025 15:12:15,9.12,105.080
10/27/2025 15:22:15,9.13,105.085
10/27/2025 15:32:15,9.12,105.084
10/27/2025 15:42:15,9.10,105.079
10/27/2025 15:52:15,9.09,105.079
10/27/2025 16:02:15,9.08,105.079
10/27/2025 16:12:15,9.07,105.083
10/27/2025 16:22:15,9.07,105.074
10/27/2025 16:32:15,9.07,105.070
10/27/2025 16:42:15,9.07,105.087
10/27/2025 16:52:15,9.07,105.065
10/27/2025 17:02:15,9.07,105.074
10/27/2025 17:12:15,9.06,105.074
10/27/2025 17:22:15,9.06,105.078
10/27/2025 17:32:15,9.05,105.087
10/27/2025 17:42:15,9.05,105.086
10/27/2025 17:52:15,9.03,105.104
10/27/2025 18:02:15,9.02,105.107
10/27/2025 18:12:15,9.01,105.138
10/27/2025 18:22:15,8.99,105.151
10/27/2025 18:32:15,8.98,105.172
10/27/2025 18:42:15,8.97,105.158
10/27/2025 18:52:15,8.95,105.167
10/27/2025 19:02:15,8.94,105.171
10/27/2025 19:12:15,8.93,105.192
10/27/2025 19:22:15,8.91,105.196
10/27/2025 19:32:15,8.91,105.200
10/27/2025 19:42:15,8.90,105.209
10/27/2025 19:52:15,8.88,105.226
10/27/2025 20:02:15,8.86,105.212
10/27/2025 20:12:15,8.85,105.220
10/27/2025 20:22:15,8.83,105.229
10/27/2025 20:32:15,8.82,105.224
10/27/2025 20:42:15,8.80,105.245
10/27/2025 20:52:15,8.79,105.267
10/27/2025 21:02:15,8.78,105.280
10/27/2025 21:12:15,8.76,105.284
10/27/2025 21:22:15,8.75,105.270
10/27/2025 21:32:15,8.75,105.270
10/27/2025 21:42:15,8.75,105.283
10/27/2025 21:52:15,8.74,105.296
10/27/2025 22:02:15,8.74,105.296
10/27/2025 22:12:15,8.73,105.326
10/27/2025 22:22:15,8.72,105.322
10/27/2025 22:32:15,8.72,105.313
10/27/2025 22:42:15,8.71,105.304
10/27/2025 22:52:15,8.70,105.308
10/27/2025 23:02:15,8.69,105.285
10/27/2025 23:12:15,8.67,105.311
10/27/2025 23:22:15,8.66,105.311
10/27/2025 23:32:15,8.65,105.302
10/27/2025 23:42:15,8.64,105.315
10/27/2025 23:52:15,8.63,105.314
10/28/2025 00:02:15,8.62,105.331
10/28/2025 00:12:15,8.61,105.322
10/28/2025 00:22:15,8.60,105.322
10/28/2025 00:32:15,8.58,105.330
10/28/2025 00:42:15,8.57,105.338
10/28/2025 00:52:15,8.55,105.329
10/28/2025 01:02:15,8.54,105.324
10/28/2025 01:12:15,8.52,105.319
10/28/2025 01:22:15,8.51,105.341
10/28/2025 01:32:15,8.49,105.327
10/28/2025 01:42:15,8.47,105.335
10/28/2025 01:52:15,8.45,105.330
10/28/2025 02:02:15,8.43,105.333
10/28/2025 02:12:15,8.40,105.337
10/28/2025 02:22:15,8.38,105.332
10/28/2025 02:32:15,8.35,105.318
10/28/2025 02:42:15,8.33,105.317
10/28/2025 02:52:15,8.30,105.325
10/28/2025 03:02:15,8.28,105.306
10/28/2025 03:12:15,8.25,105.314
10/28/2025 03:22:15,8.22,105.317
10/28/2025 03:32:15,8.20,105.303
10/28/2025 03:42:15,8.17,105.315
10/28/2025 03:52:15,8.14,105.306
10/28/2025 04:02:15,8.11,105.296
10/28/2025 04:12:15,8.09,105.286
10/28/2025 04:22:15,8.07,105.268
10/28/2025 04:32:15,8.05,105.258
10/28/2025 04:42:15,8.02,105.240
10/28/2025 04:52:15,7.99,105.256
10/28/2025 05:02:15,7.96,105.269
10/28/2025 05:12:15,7.93,105.250
10/28/2025 05:22:15,7.90,105.262
10/28/2025 05:32:15,7.87,105.270
10/28/2025 05:42:15,7.84,105.247
10/28/2025 05:52:15,7.81,105.259
10/28/2025 06:02:15,7.78,105.275
10/28/2025 06:12:15,7.75,105.270
10/28/2025 06:22:15,7.72,105.269
10/28/2025 06:32:15,7.69,105.259
10/28/2025 06:42:15,7.66,105.271
10/28/2025 06:52:15,7.64,105.270
10/28/2025 07:02:15,7.61,105.278
10/28/2025 07:12:15,7.59,105.273
10/28/2025 07:22:15,7.57,105.263
10/28/2025 07:32:15,7.54,105.280
10/28/2025 07:42:15,7.51,105.279
10/28/2025 07:52:15,7.48,105.287
10/28/2025 08:02:15,7.46,105.277
10/28/2025 08:12:15,7.43,105.276
10/28/2025 08:22:15,7.41,105.267
10/28/2025 08:32:15,7.39,105.275
10/28/2025 08:42:15,7.37,105.296
10/28/2025 08:52:15,7.37,105.305
10/28/2025 09:02:15,7.36,105.305
10/28/2025 09:12:15,7.36,105.322
10/28/2025 09:22:15,7.36,105.313
10/28/2025 09:32:15,7.36,105.322
10/28/2025 09:42:15,7.37,105.331
10/28/2025 09:52:15,7.39,105.328
10/28/2025 10:02:15,7.41,105.298
10/28/2025 10:12:15,7.44,105.290
10/28/2025 10:22:15,7.47,105.291
10/28/2025 10:32:15,7.50,105.274
10/28/2025 10:42:15,7.54,105.254
10/28/2025 10:52:15,7.58,105.229
10/28/2025 11:02:15,7.63,105.226
10/28/2025 11:12:15,7.69,105.206
10/28/2025 11:22:15,7.74,105.190
10/28/2025 11:32:15,7.80,105.170
10/28/2025 11:42:15,7.86,105.164
10/28/2025 11:52:15,7.93,105.135
10/28/2025 12:02:15,7.99,105.124
10/28/2025 12:12:15,8.07,105.096
10/28/2025 12:22:15,8.14,105.098
10/28/2025 12:32:15,8.20,105.074
10/28/2025 12:42:15,8.28,105.068
10/28/2025 12:52:15,8.36,105.053
10/28/2025 13:02:15,8.45,105.039
10/28/2025 13:12:15,8.55,105.016
10/28/2025 13:22:15,8.64,105.002
10/28/2025 13:32:15,8.73,104.996
10/28/2025 13:42:15,8.81,104.977
10/28/2025 13:52:15,8.88,104.966
10/28/2025 14:02:15,8.95,104.960
10/28/2025 14:12:15,9.00,104.922
10/28/2025 14:22:15,9.05,104.928
10/28/2025 14:32:15,9.10,104.903
10/28/2025 14:42:15,9.14,104.900
10/28/2025 14:52:15,9.17,104.892
10/28/2025 15:02:15,9.19,104.889
10/28/2025 15:12:15,9.20,104.902
10/28/2025 15:22:15,9.20,104.902
10/28/2025 15:32:15,9.19,104.920
10/28/2025 15:42:15,9.19,104.897
10/28/2025 15:52:15,9.18,104.902
10/28/2025 16:02:15,9.18,104.893
10/28/2025 16:12:15,9.17,104.888
10/28/2025 16:22:15,9.16,104.892
10/28/2025 16:32:15,9.16,104.905
10/28/2025 16:42:15,9.15,104.918
10/28/2025 16:52:15,9.14,104.935
10/28/2025 17:02:15,9.13,104.948
10/28/2025 17:12:15,9.12,104.965
10/28/2025 17:22:15,9.11,105.000
10/28/2025 17:32:15,9.10,104.996
10/28/2025 17:42:15,9.08,105.017
10/28/2025 17:52:15,9.07,105.043
10/28/2025 18:02:15,9.05,105.073
10/28/2025 18:12:15,9.04,105.082
10/28/2025 18:22:15,9.03,105.099
10/28/2025 18:32:15,9.01,105.134
10/28/2025 18:42:15,9.00,105.146
10/28/2025 18:52:15,8.98,105.155
10/28/2025 19:02:15,8.96,105.158
10/28/2025 19:12:15,8.94,105.157
10/28/2025 19:22:15,8.92,105.174
10/28/2025 19:32:15,8.89,105.204
10/28/2025 19:42:15,8.87,105.182
10/28/2025 19:52:15,8.86,105.221
10/28/2025 20:02:15,8.84,105.216
10/28/2025 20:12:15,8.84,105.202
10/28/2025 20:22:15,8.84,105.211
10/28/2025 20:32:15,8.84,105.198
10/28/2025 20:42:15,8.84,105.203
10/28/2025 20:52:15,8.85,105.207
10/28/2025 21:02:15,8.85,105.207
10/28/2025 21:12:15,8.86,105.203
10/28/2025 21:22:15,8.88,105.199
10/28/2025 21:32:15,8.89,105.200
10/28/2025 21:42:15,8.90,105.191
10/28/2025 21:52:15,8.91,105.170
10/28/2025 22:02:15,8.91,105.174
10/28/2025 22:12:15,8.91,105.148
10/28/2025 22:22:15,8.91,105.139
10/28/2025 22:32:15,8.91,105.161
10/28/2025 22:42:15,8.90,105.147
10/28/2025 22:52:15,8.89,105.151
10/28/2025 23:02:15,8.88,105.138
10/28/2025 23:12:15,8.86,105.111
10/28/2025 23:22:15,8.84,105.079
10/28/2025 23:32:15,8.82,105.087
10/28/2025 23:42:15,8.80,105.082
10/28/2025 23:52:15,8.79,105.060
10/29/2025 00:02:15,8.77,105.028
10/29/2025 00:12:15,8.75,105.010
10/29/2025 00:22:15,8.73,104.978
10/29/2025 00:32:15,8.71,104.973
10/29/2025 00:42:15,8.70,104.973
10/29/2025 00:52:15,8.68,104.963
10/29/2025 01:02:15,8.66,104.927
10/29/2025 01:12:15,8.63,104.904
10/29/2025 01:22:15,8.61,104.877
10/29/2025 01:32:15,8.59,104.863
10/29/2025 01:42:15,8.57,104.823
10/29/2025 01:52:15,8.55,104.813
10/29/2025 02:02:15,8.54,104.804
10/29/2025 02:12:15,8.52,104.791
10/29/2025 02:22:15,8.51,104.764
10/29/2025 02:32:15,8.50,104.763
10/29/2025 02:42:15,8.50,104.728
10/29/2025 02:52:15,8.49,104.706
10/29/2025 03:02:15,8.49,104.688
10/29/2025 03:12:15,8.49,104.688
10/29/2025 03:22:15,8.50,104.649
10/29/2025 03:32:15,8.50,104.653
10/29/2025 03:42:15,8.50,104.627
10/29/2025 03:52:15,8.50,104.618
10/29/2025 04:02:15,8.50,104.627
10/29/2025 04:12:15,8.50,104.613
10/29/2025 04:22:15,8.50,104.613
10/29/2025 04:32:15,8.50,104.600
10/29/2025 04:42:15,8.50,104.605
10/29/2025 04:52:15,8.50,104.600
10/29/2025 05:02:15,8.50,104.627
10/29/2025 05:12:15,8.50,104.613
10/29/2025 05:22:15,8.50,104.613
10/29/2025 05:32:15,8.50,104.622
10/29/2025 05:42:15,8.50,104.627
10/29/2025 05:52:15,8.50,104.605
10/29/2025 06:02:15,8.50,104.600
10/29/2025 06:12:15,8.51,104.596
10/29/2025 06:22:15,8.51,104.596
10/29/2025 06:32:15,8.51,104.570
10/29/2025 06:42:15,8.51,104.570
10/29/2025 06:52:15,8.51,104.561
10/29/2025 07:02:15,8.51,104.574
10/29/2025 07:12:15,8.50,104.561
10/29/2025 07:22:15,8.50,104.578
10/29/2025 07:32:15,8.50,104.574
10/29/2025 07:42:15,8.50,104.596
10/29/2025 07:52:15,8.50,104.587
10/29/2025 08:02:15,8.51,104.587
10/29/2025 08:12:15,8.51,104.578
10/29/2025 08:22:15,8.51,104.561
10/29/2025 08:32:15,8.51,104.561
10/29/2025 08:42:15,8.51,104.548
10/29/2025 08:52:15,8.52,104.548
10/29/2025 09:02:15,8.53,104.535
10/29/2025 09:12:15,8.54,104.540
10/29/2025 09:22:15,8.55,104.527
10/29/2025 09:32:15,8.56,104.541
10/29/2025 09:42:15,8.57,104.519
10/29/2025 09:52:15,8.58,104.519
10/29/2025 10:02:15,8.59,104.511
10/29/2025 10:12:15,8.61,104.520
10/29/2025 10:22:15,8.62,104.521
10/29/2025 10:32:15,8.64,104.495
10/29/2025 10:42:15,8.65,104.517
10/29/2025 10:52:15,8.67,104.518
10/29/2025 11:02:15,8.69,104.528
10/29/2025 11:12:15,8.71,104.511
10/29/2025 11:22:15,8.73,104.503
10/29/2025 11:32:15,8.76,104.477
10/29/2025 11:42:15,8.78,104.491
10/29/2025 11:52:15,8.81,104.488
10/29/2025 12:02:15,8.84,104.484
10/29/2025 12:12:15,8.87,104.454
10/29/2025 12:22:15,8.90,104.464
10/29/2025 12:32:15,8.93,104.461
10/29/2025 12:42:15,8.96,104.462
10/29/2025 12:52:15,8.99,104.467
10/29/2025 13:02:15,9.02,104.464
10/29/2025 13:12:15,9.05,104.461
10/29/2025 13:22:15,9.09,104.436
10/29/2025 13:32:15,9.12,104.432
10/29/2025 13:42:15,9.15,104.420
10/29/2025 13:52:15,9.18,104.390
10/29/2025 14:02:15,9.22,104.374
10/29/2025 14:12:15,9.25,104.366
10/29/2025 14:22:15,9.28,104.385
10/29/2025 14:32:15,9.32,104.373
10/29/2025 14:42:15,9.35,104.370
10/29/2025 14:52:15,9.39,104.345
10/29/2025 15:02:15,9.42,104.328
10/29/2025 15:12:15,9.45,104.325
10/29/2025 15:22:15,9.47,104.334
10/29/2025 15:32:15,9.49,104.330
10/29/2025 15:42:15,9.51,104.331
10/29/2025 15:52:15,9.52,104.341
10/29/2025 16:02:15,9.54,104.350
10/29/2025 16:12:15,9.55,104.337
10/29/2025 16:22:15,9.56,104.333
10/29/2025 16:32:15,9.57,104.320
10/29/2025 16:42:15,9.58,104.312
10/29/2025 16:52:15,9.58,104.312
10/29/2025 17:02:15,9.59,104.330
10/29/2025 17:12:15,9.59,104.361
10/29/2025 17:22:15,9.60,104.352
10/29/2025 17:32:15,9.60,104.356
10/29/2025 17:42:15,9.61,104.370
10/29/2025 17:52:15,9.62,104.348
10/29/2025 18:02:15,9.62,104.362
10/29/2025 18:12:15,9.62,104.339
10/29/2025 18:22:15,9.62,104.366
10/29/2025 18:32:15,9.62,104.370
10/29/2025 18:42:15,9.62,104.388
10/29/2025 18:52:15,9.61,104.405
10/29/2025 19:02:15,9.61,104.432
10/29/2025 19:12:15,9.61,104.432
10/29/2025 19:22:15,9.60,104.423
10/29/2025 19:32:15,9.60,104.409
10/29/2025 19:42:15,9.60,104.414
10/29/2025 19:52:15,9.60,104.409
10/29/2025 20:02:15,9.59,104.409
10/29/2025 20:12:15,9.59,104.422
10/29/2025 20:22:15,9.59,104.409
10/29/2025 20:32:15,9.60,104.401
10/29/2025 20:42:15,9.61,104.410
10/29/2025 20:52:15,9.62,104.428
10/29/2025 21:02:15,9.62,104.445
10/29/2025 21:12:15,9.62,104.459
10/29/2025 21:22:15,9.62,104.459
10/29/2025 21:32:15,9.62,104.467
10/29/2025 21:42:15,9.62,104.463
10/29/2025 21:52:15,9.62,104.476
10/29/2025 22:02:15,9.62,104.458
10/29/2025 22:12:15,9.62,104.428
10/29/2025 22:22:15,9.62,104.419
10/29/2025 22:32:15,9.63,104.450
10/29/2025 22:42:15,9.63,104.446
10/29/2025 22:52:15,9.63,104.424
10/29/2025 23:02:15,9.63,104.424
10/29/2025 23:12:15,9.64,104.420
10/29/2025 23:22:15,9.65,104.424
10/29/2025 23:32:15,9.66,104.416
10/29/2025 23:42:15,9.66,104.389
10/29/2025 23:52:15,9.66,104.389
10/30/2025 00:02:15,9.66,104.380
10/30/2025 00:12:15,9.66,104.358
10/30/2025 00:22:15,9.66,104.350
10/30/2025 00:32:15,9.67,104.345
10/30/2025 00:42:15,9.67,104.350
10/30/2025 00:52:15,9.67,104.346
10/30/2025 01:02:15,9.68,104.381
10/30/2025 01:12:15,9.68,104.350
10/30/2025 01:22:15,9.68,104.333
10/30/2025 01:32:15,9.69,104.342
10/30/2025 01:42:15,9.69,104.342
10/30/2025 01:52:15,9.71,104.320
10/30/2025 02:02:15,9.71,104.290
10/30/2025 02:12:15,9.71,104.307
10/30/2025 02:22:15,9.71,104.299
10/30/2025 02:32:15,9.72,104.312
10/30/2025 02:42:15,9.72,104.268
10/30/2025 02:52:15,9.72,104.255
10/30/2025 03:02:15,9.72,104.215
10/30/2025 03:12:15,9.72,104.189
10/30/2025 03:22:15,9.72,104.166
10/30/2025 03:32:15,9.72,104.149
10/30/2025 03:42:15,9.71,104.127
10/30/2025 03:52:15,9.71,104.122
10/30/2025 04:02:15,9.71,104.131
10/30/2025 04:12:15,9.71,104.109
10/30/2025 04:22:15,9.71,104.135
10/30/2025 04:32:15,9.71,104.113
10/30/2025 04:42:15,9.71,104.135
10/30/2025 04:52:15,9.71,104.122
10/30/2025 05:02:15,9.71,104.122
10/30/2025 05:12:15,9.71,104.135
10/30/2025 05:22:15,9.71,104.087
10/30/2025 05:32:15,9.70,104.078
10/30/2025 05:42:15,9.70,104.082
10/30/2025 05:52:15,9.69,104.095
10/30/2025 06:02:15,9.69,104.068
10/30/2025 06:12:15,9.68,104.064
10/30/2025 06:22:15,9.67,104.015
10/30/2025 06:32:15,9.66,104.010
10/30/2025 06:42:15,9.66,104.028
10/30/2025 06:52:15,9.65,103.997
10/30/2025 07:02:15,9.65,104.023
10/30/2025 07:12:15,9.64,104.023
10/30/2025 07:22:15,9.64,104.005
10/30/2025 07:32:15,9.64,104.009
10/30/2025 07:42:15,9.64,104.014
10/30/2025 07:52:15,9.64,103.983
10/30/2025 08:02:15,9.64,103.970
10/30/2025 08:12:15,9.63,103.978
10/30/2025 08:22:15,9.63,103.969
10/30/2025 08:32:15,9.63,103.952
10/30/2025 08:42:15,9.62,103.956
10/30/2025 08:52:15,9.62,103.956
10/30/2025 09:02:15,9.62,103.929
10/30/2025 09:12:15,9.63,103.934
10/30/2025 09:22:15,9.63,103.961
10/30/2025 09:32:15,9.64,103.957
10/30/2025 09:42:15,9.64,104.001
10/30/2025 09:52:15,9.64,103.992
10/30/2025 10:02:15,9.65,103.935
10/30/2025 10:12:15,9.65,103.917
10/30/2025 10:22:15,9.66,103.909
10/30/2025 10:32:15,9.68,103.870
10/30/2025 10:42:15,9.69,103.831
10/30/2025 10:52:15,9.71,103.827
10/30/2025 11:02:15,9.72,103.801
10/30/2025 11:12:15,9.74,103.806
10/30/2025 11:22:15,9.75,103.789
10/30/2025 11:32:15,9.78,103.767
10/30/2025 11:42:15,9.82,103.707
10/30/2025 11:52:15,9.87,103.691
10/30/2025 12:02:15,9.91,103.635
10/30/2025 12:12:15,9.95,103.615
10/30/2025 12:22:15,9.99,103.563
10/30/2025 12:32:15,10.01,103.533
10/30/2025 12:42:15,10.04,103.490
10/30/2025 12:52:15,10.07,103.464
10/30/2025 13:02:15,10.09,103.408
10/30/2025 13:12:15,10.13,103.387
10/30/2025 13:22:15,10.16,103.326
10/30/2025 13:32:15,10.20,103.305
10/30/2025 13:42:15,10.22,103.249
10/30/2025 13:52:15,10.25,103.285
10/30/2025 14:02:15,10.28,103.370
10/30/2025 14:12:15,10.30,103.600
10/30/2025 14:22:15,10.32,103.892
10/30/2025 14:32:15,10.32,104.196
10/30/2025 14:42:15,10.28,104.455
10/30/2025 14:52:15,10.23,104.612
10/30/2025 15:02:15,10.18,104.654
10/30/2025 15:12:15,10.14,104.679
10/30/2025 15:22:15,10.10,104.704
10/30/2025 15:32:15,10.07,104.690
10/30/2025 15:42:15,10.05,104.659
10/30/2025 15:52:15,10.04,104.561
10/30/2025 16:02:15,10.03,104.490
10/30/2025 16:12:15,10.02,104.402
10/30/2025 16:22:15,10.00,104.357
10/30/2025 16:32:15,9.98,104.228
10/30/2025 16:42:15,9.95,104.148
10/30/2025 16:52:15,9.92,104.054
10/30/2025 17:02:15,9.90,103.948
10/30/2025 17:12:15,9.88,103.850
10/30/2025 17:22:15,9.86,103.766
10/30/2025 17:32:15,9.86,103.682
10/30/2025 17:42:15,9.85,103.607
10/30/2025 17:52:15,9.86,103.545
10/30/2025 18:02:15,9.87,103.488
10/30/2025 18:12:15,9.88,103.418
10/30/2025 18:22:15,9.89,103.357
10/30/2025 18:32:15,9.91,103.327
10/30/2025 18:42:15,9.93,103.305
10/30/2025 18:52:15,9.95,103.275
10/30/2025 19:02:15,9.98,103.254
10/30/2025 19:12:15,10.02,103.260
10/30/2025 19:22:15,10.20,103.350
10/30/2025 19:32:15,10.47,103.592
10/30/2025 19:42:15,10.68,104.005
10/30/2025 19:52:15,10.89,104.485
10/30/2025 20:02:15,11.17,104.825
10/30/2025 20:12:15,11.84,104.871
10/30/2025 20:22:15,12.46,104.879
10/30/2025 20:32:15,12.83,105.020
10/30/2025 20:42:15,12.64,105.225
10/30/2025 20:52:15,12.40,105.327
10/30/2025 21:02:15,12.37,105.432
10/30/2025 21:12:15,12.33,105.718
10/30/2025 21:22:15,12.09,106.225
10/30/2025 21:32:15,11.99,106.685
10/30/2025 21:42:15,12.08,106.856
10/30/2025 21:52:15,12.11,106.830
10/30/2025 22:02:15,11.99,106.791
10/30/2025 22:12:15,11.83,106.768
10/30/2025 22:22:15,11.74,106.716
10/30/2025 22:32:15,11.78,106.572
10/30/2025 22:42:15,11.94,106.718
10/30/2025 22:52:15,12.02,106.660
10/30/2025 23:02:15,11.99,106.535
10/30/2025 23:12:15,11.91,106.523
10/30/2025 23:22:15,11.80,106.414
10/30/2025 23:32:15,11.70,106.295
10/30/2025 23:42:15,11.63,106.240
10/30/2025 23:52:15,11.56,106.185
10/31/2025 00:02:15,11.52,106.143
10/31/2025 00:12:15,11.50,106.116
10/31/2025 00:22:15,11.50,106.112
10/31/2025 00:32:15,11.51,106.041
10/31/2025 00:42:15,11.52,105.980
10/31/2025 00:52:15,11.51,105.971
10/31/2025 01:02:15,11.51,105.887
10/31/2025 01:12:15,11.49,105.794
10/31/2025 01:22:15,11.47,105.749
10/31/2025 01:32:15,11.44,105.647
10/31/2025 01:42:15,11.42,105.588
10/31/2025 01:52:15,11.41,105.504
10/31/2025 02:02:15,11.39,105.402
10/31/2025 02:12:15,11.37,105.274
10/31/2025 02:22:15,11.36,105.198
10/31/2025 02:32:15,11.43,105.161
10/31/2025 02:42:15,11.47,105.096
10/31/2025 02:52:15,11.44,105.020
10/31/2025 03:02:15,11.54,104.887
10/31/2025 03:12:15,11.62,104.771
10/31/2025 03:22:15,11.63,104.665
10/31/2025 03:32:15,11.60,104.611
10/31/2025 03:42:15,11.56,104.486
10/31/2025 03:52:15,11.50,104.409
10/31/2025 04:02:15,11.62,104.519
10/31/2025 04:12:15,11.83,104.813
10/31/2025 04:22:15,11.79,104.957
10/31/2025 04:32:15,12.17,105.063
10/31/2025 04:42:15,12.42,105.129
10/31/2025 04:52:15,12.48,105.484
10/31/2025 05:02:15,12.38,105.883
10/31/2025 05:12:15,12.57,106.273
10/31/2025 05:22:15,12.69,106.750
10/31/2025 05:32:15,12.67,106.970
10/31/2025 05:42:15,12.73,106.959
10/31/2025 05:52:15,12.64,106.871
10/31/2025 06:02:15,12.43,106.846
10/31/2025 06:12:15,12.24,106.954
10/31/2025 06:22:15,12.09,107.033
10/31/2025 06:32:15,11.98,107.086
10/31/2025 06:42:15,11.86,107.144
10/31/2025 06:52:15,11.77,107.224
10/31/2025 07:02:15,11.69,107.261
10/31/2025 07:12:15,11.69,107.305
10/31/2025 07:22:15,11.68,107.357
10/31/2025 07:32:15,11.63,107.391
10/31/2025 07:42:15,11.60,107.421
10/31/2025 07:52:15,11.59,107.451
10/31/2025 08:02:15,11.57,107.481
10/31/2025 08:12:15,11.54,107.520
10/31/2025 08:22:15,11.49,107.531
10/31/2025 08:32:15,11.45,107.512
10/31/2025 08:42:15,11.41,107.506
10/31/2025 08:52:15,11.37,107.474
10/31/2025 09:02:15,11.34,107.460
10/31/2025 09:12:15,11.32,107.450
10/31/2025 09:22:15,11.31,107.379
10/31/2025 09:32:15,11.30,107.348
10/31/2025 09:42:15,11.29,107.286
10/31/2025 09:52:15,11.28,107.237
10/31/2025 10:02:15,11.28,107.184
10/31/2025 10:12:15,11.27,107.140
10/31/2025 10:22:15,11.26,107.117
10/31/2025 10:32:15,11.25,107.064
10/31/2025 10:42:15,11.23,107.028
10/31/2025 10:52:15,11.21,107.023
10/31/2025 11:02:15,11.19,106.965
10/31/2025 11:12:15,11.17,106.925
10/31/2025 11:22:15,11.16,106.898
10/31/2025 11:32:15,11.15,106.875
10/31/2025 11:42:15,11.15,106.871
10/31/2025 11:52:15,11.14,106.866
10/31/2025 12:02:15,11.14,106.857
10/31/2025 12:12:15,11.12,106.830
10/31/2025 12:22:15,11.12,106.826
10/31/2025 12:32:15,11.11,106.790
10/31/2025 12:42:15,11.10,106.781
10/31/2025 12:52:15,11.10,106.777
10/31/2025 13:02:15,11.10,106.768
10/31/2025 13:12:15,11.10,106.750
10/31/2025 13:22:15,11.11,106.742
10/31/2025 13:32:15,11.12,106.724
10/31/2025 13:42:15,11.12,106.716
10/31/2025 13:52:15,11.11,106.720
10/31/2025 14:02:15,11.11,106.706
10/31/2025 14:12:15,11.10,106.693
10/31/2025 14:22:15,11.10,106.640
10/31/2025 14:32:15,11.09,106.640
10/31/2025 14:42:15,11.09,106.653
10/31/2025 14:52:15,11.09,106.648
10/31/2025 15:02:15,11.09,106.609
10/31/2025 15:12:15,11.09,106.569
10/31/2025 15:22:15,11.09,106.569
10/31/2025 15:32:15,11.09,106.530
10/31/2025 15:42:15,11.10,106.543
10/31/2025 15:52:15,11.10,106.530
10/31/2025 16:02:15,11.10,106.477
10/31/2025 16:12:15,11.10,106.468
10/31/2025 16:22:15,11.11,106.451
10/31/2025 16:32:15,11.11,106.429
10/31/2025 16:42:15,11.11,106.424
10/31/2025 16:52:15,11.10,106.375
10/31/2025 17:02:15,11.09,106.366
10/31/2025 17:12:15,11.08,106.370
10/31/2025 17:22:15,11.06,106.347
10/31/2025 17:32:15,11.04,106.333
10/31/2025 17:42:15,11.01,106.297
10/31/2025 17:52:15,10.99,106.235
10/31/2025 18:02:15,10.97,106.230
10/31/2025 18:12:15,10.94,106.171
10/31/2025 18:22:15,10.92,106.149
10/31/2025 18:32:15,10.90,106.126
10/31/2025 18:42:15,10.88,106.094
10/31/2025 18:52:15,10.87,106.085
10/31/2025 19:02:15,10.85,106.058
10/31/2025 19:12:15,10.83,106.022
10/31/2025 19:22:15,10.81,106.013
10/31/2025 19:32:15,10.80,105.981
10/31/2025 19:42:15,10.78,105.971
10/31/2025 19:52:15,10.75,105.931
10/31/2025 20:02:15,10.73,105.908
10/31/2025 20:12:15,10.70,105.854
10/31/2025 20:22:15,10.68,105.858
10/31/2025 20:32:15,10.66,105.839
10/31/2025 20:42:15,10.63,105.817
10/31/2025 20:52:15,10.61,105.785
10/31/2025 21:02:15,10.59,105.780
10/31/2025 21:12:15,10.57,105.735
10/31/2025 21:22:15,10.55,105.694
10/31/2025 21:32:15,10.52,105.685
10/31/2025 21:42:15,10.50,105.644
10/31/2025 21:52:15,10.48,105.622
10/31/2025 22:02:15,10.46,105.590
10/31/2025 22:12:15,10.44,105.558
10/31/2025 22:22:15,10.42,105.553
10/31/2025 22:32:15,10.39,105.495
10/31/2025 22:42:15,10.37,105.485
10/31/2025 22:52:15,10.35,105.432
10/31/2025 23:02:15,10.32,105.417
10/31/2025 23:12:15,10.29,105.416
10/31/2025 23:22:15,10.27,105.416
10/31/2025 23:32:15,10.24,105.406
10/31/2025 23:42:15,10.22,105.405
10/31/2025 23:52:15,10.20,105.396
11/01/2025 00:02:15,10.18,105.391
11/01/2025 00:12:15,10.16,105.394
11/01/2025 00:22:15,10.14,105.385
11/01/2025 00:32:15,10.12,105.375
11/01/2025 00:42:15,10.10,105.353
11/01/2025 00:52:15,10.08,105.330
11/01/2025 01:02:15,10.06,105.320
11/01/2025 01:12:15,10.03,105.284
11/01/2025 01:22:15,10.01,105.283
11/01/2025 01:32:15,9.99,105.265
11/01/2025 01:42:15,9.97,105.286
11/01/2025 01:52:15,9.95,105.281
11/01/2025 02:02:15,9.93,105.267
11/01/2025 02:12:15,9.92,105.258
11/01/2025 02:22:15,9.90,105.248
11/01/2025 02:32:15,9.88,105.230
11/01/2025 02:42:15,9.86,105.256
11/01/2025 02:52:15,9.83,105.251
11/01/2025 03:02:15,9.81,105.241
11/01/2025 03:12:15,9.79,105.249
11/01/2025 03:22:15,9.77,105.266
11/01/2025 03:32:15,9.75,105.248
11/01/2025 03:42:15,9.73,105.251
11/01/2025 03:52:15,9.71,105.268
11/01/2025 04:02:15,9.69,105.272
11/01/2025 04:12:15,9.67,105.254
11/01/2025 04:22:15,9.66,105.253
11/01/2025 04:32:15,9.64,105.261
11/01/2025 04:42:15,9.62,105.269
11/01/2025 04:52:15,9.60,105.273
11/01/2025 05:02:15,9.58,105.290
11/01/2025 05:12:15,9.56,105.285
11/01/2025 05:22:15,9.54,105.319
11/01/2025 05:32:15,9.52,105.288
11/01/2025 05:42:15,9.50,105.292
11/01/2025 05:52:15,9.49,105.322
11/01/2025 06:02:15,9.47,105.304
11/01/2025 06:12:15,9.47,105.295
11/01/2025 06:22:15,9.46,105.290
11/01/2025 06:32:15,9.45,105.308
11/01/2025 06:42:15,9.44,105.298
11/01/2025 06:52:15,9.43,105.320
11/01/2025 07:02:15,9.42,105.346
11/01/2025 07:12:15,9.41,105.355
11/01/2025 07:22:15,9.39,105.354
11/01/2025 07:32:15,9.37,105.349
11/01/2025 07:42:15,9.36,105.371
11/01/2025 07:52:15,9.35,105.348
11/01/2025 08:02:15,9.33,105.356
11/01/2025 08:12:15,9.32,105.334
11/01/2025 08:22:15,9.31,105.325
11/01/2025 08:32:15,9.30,105.342
11/01/2025 08:42:15,9.28,105.350
11/01/2025 08:52:15,9.27,105.337
11/01/2025 09:02:15,9.26,105.354
11/01/2025 09:12:15,9.25,105.367
11/01/2025 09:22:15,9.25,105.345
11/01/2025 09:32:15,9.25,105.331
11/01/2025 09:42:15,9.25,105.331
11/01/2025 09:52:15,9.26,105.327
11/01/2025 10:02:15,9.26,105.297
11/01/2025 10:12:15,9.27,105.301
11/01/2025 10:22:15,9.29,105.315
11/01/2025 10:32:15,9.30,105.294
11/01/2025 10:42:15,9.32,105.285
11/01/2025 10:52:15,9.34,105.277
11/01/2025 11:02:15,9.37,105.287
11/01/2025 11:12:15,9.39,105.288
11/01/2025 11:22:15,9.43,105.302
11/01/2025 11:32:15,9.46,105.290
11/01/2025 11:42:15,9.50,105.278
11/01/2025 11:52:15,9.55,105.258
11/01/2025 12:02:15,9.59,105.264
11/01/2025 12:12:15,9.63,105.252
11/01/2025 12:22:15,9.67,105.262
11/01/2025 12:32:15,9.71,105.268
11/01/2025 12:42:15,9.74,105.239
11/01/2025 12:52:15,9.78,105.231
11/01/2025 13:02:15,9.82,105.241
11/01/2025 13:12:15,9.85,105.234
11/01/2025 13:22:15,9.89,105.248
11/01/2025 13:32:15,9.91,105.253
11/01/2025 13:42:15,9.93,105.245
11/01/2025 13:52:15,9.95,105.250
11/01/2025 14:02:15,9.97,105.264
11/01/2025 14:12:15,9.99,105.265
11/01/2025 14:22:15,10.00,105.265
11/01/2025 14:32:15,10.02,105.270
11/01/2025 14:42:15,10.04,105.258
11/01/2025 14:52:15,10.06,105.267
11/01/2025 15:02:15,10.08,105.241
11/01/2025 15:12:15,10.09,105.268
11/01/2025 15:22:15,10.11,105.287
11/01/2025 15:32:15,10.12,105.300
11/01/2025 15:42:15,10.12,105.314
11/01/2025 15:52:15,10.13,105.318
11/01/2025 16:02:15,10.13,105.332
11/01/2025 16:12:15,10.14,105.336
11/01/2025 16:22:15,10.14,105.349
11/01/2025 16:32:15,10.14,105.367
11/01/2025 16:42:15,10.14,105.367
11/01/2025 16:52:15,10.13,105.367
11/01/2025 17:02:15,10.13,105.376
11/01/2025 17:12:15,10.13,105.385
11/01/2025 17:22:15,10.14,105.411
11/01/2025 17:32:15,10.14,105.424
11/01/2025 17:42:15,10.14,105.411
11/01/2025 17:52:15,10.13,105.428
11/01/2025 18:02:15,10.12,105.446
11/01/2025 18:12:15,10.11,105.454
11/01/2025 18:22:15,10.11,105.480
11/01/2025 18:32:15,10.10,105.502
11/01/2025 18:42:15,10.09,105.485
11/01/2025 18:52:15,10.09,105.484
11/01/2025 19:02:15,10.09,105.493
11/01/2025 19:12:15,10.08,105.493
11/01/2025 19:22:15,10.07,105.493
11/01/2025 19:32:15,10.07,105.501
11/01/2025 19:42:15,10.05,105.509
11/01/2025 19:52:15,10.04,105.513
11/01/2025 20:02:15,10.03,105.513
11/01/2025 20:12:15,10.01,105.530
11/01/2025 20:22:15,9.99,105.525
11/01/2025 20:32:15,9.97,105.533
11/01/2025 20:42:15,9.95,105.537
11/01/2025 20:52:15,9.92,105.553
11/01/2025 21:02:15,9.89,105.552
11/01/2025 21:12:15,9.86,105.591
11/01/2025 21:22:15,9.83,105.581
11/01/2025 21:32:15,9.79,105.611
11/01/2025 21:42:15,9.76,105.605
11/01/2025 21:52:15,9.73,105.617
11/01/2025 22:02:15,9.69,105.629
11/01/2025 22:12:15,9.66,105.637
11/01/2025 22:22:15,9.63,105.649
11/01/2025 22:32:15,9.59,105.656
11/01/2025 22:42:15,9.55,105.668
11/01/2025 22:52:15,9.52,105.649
11/01/2025 23:02:15,9.48,105.648
11/01/2025 23:12:15,9.44,105.655
11/01/2025 23:22:15,9.40,105.663
11/01/2025 23:32:15,9.36,105.670
11/01/2025 23:42:15,9.31,105.677
11/01/2025 23:52:15,9.27,105.680
11/02/2025 00:02:15,9.22,105.692
11/02/2025 00:12:15,9.18,105.651
11/02/2025 00:22:15,9.13,105.675
11/02/2025 00:32:15,9.09,105.691
11/02/2025 00:42:15,9.04,105.721
11/02/2025 00:52:15,9.00,105.710
11/02/2025 01:02:15,8.95,105.726
11/02/2025 01:12:15,8.91,105.725
11/02/2025 01:22:15,8.86,105.719
11/02/2025 01:32:15,8.82,105.726
11/02/2025 01:42:15,8.77,105.724
11/02/2025 01:52:15,8.72,105.749
11/02/2025 01:02:15,8.68,105.747
11/02/2025 01:12:15,8.63,105.764
11/02/2025 01:22:15,8.59,105.788
11/02/2025 01:32:15,8.55,105.778
11/02/2025 01:42:15,8.51,105.781
11/02/2025 01:52:15,8.47,105.775
11/02/2025 02:02:15,8.43,105.770
11/02/2025 02:12:15,8.40,105.755
11/02/2025 02:22:15,8.37,105.754
11/02/2025 02:32:15,8.33,105.757
11/02/2025 02:42:15,8.29,105.769
11/02/2025 02:52:15,8.25,105.768
11/02/2025 03:02:15,8.21,105.775
11/02/2025 03:12:15,8.17,105.791
11/02/2025 03:22:15,8.13,105.794
11/02/2025 03:32:15,8.10,105.793
11/02/2025 03:42:15,8.06,105.814
11/02/2025 03:52:15,8.02,105.799
11/02/2025 04:02:15,7.98,105.820
11/02/2025 04:12:15,7.95,105.840
11/02/2025 04:22:15,7.91,105.852
11/02/2025 04:32:15,7.87,105.873
11/02/2025 04:42:15,7.84,105.867
11/02/2025 04:52:15,7.80,105.888
11/02/2025 05:02:15,7.76,105.887
11/02/2025 05:12:15,7.73,105.903
11/02/2025 05:22:15,7.69,105.880
11/02/2025 05:32:15,7.66,105.892
11/02/2025 05:42:15,7.62,105.891
11/02/2025 05:52:15,7.59,105.898
11/02/2025 06:02:15,7.56,105.893
11/02/2025 06:12:15,7.52,105.909
11/02/2025 06:22:15,7.48,105.917
11/02/2025 06:32:15,7.45,105.907
11/02/2025 06:42:15,7.41,105.923
11/02/2025 06:52:15,7.38,105.913
11/02/2025 07:02:15,7.35,105.929
11/02/2025 07:12:15,7.31,105.937
11/02/2025 07:22:15,7.29,105.940
11/02/2025 07:32:15,7.26,105.944
11/02/2025 07:42:15,7.24,105.961
11/02/2025 07:52:15,7.23,105.965
11/02/2025 08:02:15,7.21,105.986
11/02/2025 08:12:15,7.20,105.968
11/02/2025 08:22:15,7.19,105.955
11/02/2025 08:32:15,7.19,105.959
11/02/2025 08:42:15,7.19,105.950
11/02/2025 08:52:15,7.19,105.963
11/02/2025 09:02:15,7.19,105.968
11/02/2025 09:12:15,7.20,105.994
11/02/2025 09:22:15,7.21,105.995
11/02/2025 09:32:15,7.23,105.995
11/02/2025 09:42:15,7.25,106.005
11/02/2025 09:52:15,7.28,106.006
11/02/2025 10:02:15,7.33,105.999
11/02/2025 10:12:15,7.38,106.005
11/02/2025 10:22:15,7.42,106.011
11/02/2025 10:32:15,7.47,105.991
11/02/2025 10:42:15,7.51,105.966
11/02/2025 10:52:15,7.56,105.954
11/02/2025 11:02:15,7.60,105.947
11/02/2025 11:12:15,7.65,105.949
11/02/2025 11:22:15,7.70,105.911
11/02/2025 11:32:15,7.75,105.913
11/02/2025 11:42:15,7.80,105.897
11/02/2025 11:52:15,7.85,105.890
11/02/2025 12:02:15,7.91,105.866
11/02/2025 12:12:15,7.97,105.850
11/02/2025 12:22:15,8.03,105.852
11/02/2025 12:32:15,8.08,105.823
11/02/2025 12:42:15,8.12,105.811
11/02/2025 12:52:15,8.15,105.799
11/02/2025 13:02:15,8.18,105.796
11/02/2025 13:12:15,8.21,105.779
11/02/2025 13:22:15,8.23,105.767
11/02/2025 13:32:15,8.25,105.754
11/02/2025 13:42:15,8.28,105.738
11/02/2025 13:52:15,8.30,105.734
11/02/2025 14:02:15,8.32,105.748
11/02/2025 14:12:15,8.35,105.731
11/02/2025 14:22:15,8.37,105.728
11/02/2025 14:32:15,8.39,105.737
11/02/2025 14:42:15,8.41,105.729
11/02/2025 14:52:15,8.43,105.725
11/02/2025 15:02:15,8.45,105.722
11/02/2025 15:12:15,8.46,105.718
11/02/2025 15:22:15,8.48,105.736
11/02/2025 15:32:15,8.49,105.719
11/02/2025 15:42:15,8.51,105.733
11/02/2025 15:52:15,8.52,105.733
11/02/2025 16:02:15,8.53,105.729
11/02/2025 16:12:15,8.55,105.734
11/02/2025 16:22:15,8.56,105.735
11/02/2025 16:32:15,8.57,105.722
11/02/2025 16:42:15,8.59,105.709
11/02/2025 16:52:15,8.59,105.705
11/02/2025 17:02:15,8.60,105.718
11/02/2025 17:12:15,8.61,105.732
11/02/2025 17:22:15,8.61,105.741
11/02/2025 17:32:15,8.61,105.763
11/02/2025 17:42:15,8.61,105.798
11/02/2025 17:52:15,8.61,105.798
11/02/2025 18:02:15,8.62,105.776
11/02/2025 18:12:15,8.62,105.767
11/02/2025 18:22:15,8.62,105.781
11/02/2025 18:32:15,8.62,105.789
11/02/2025 18:42:15,8.62,105.812
11/02/2025 18:52:15,8.63,105.803
11/02/2025 19:02:15,8.63,105.821
11/02/2025 19:12:15,8.63,105.812
11/02/2025 19:22:15,8.63,105.829
11/02/2025 19:32:15,8.63,105.807
11/02/2025 19:42:15,8.63,105.798
11/02/2025 19:52:15,8.63,105.798
11/02/2025 20:02:15,8.62,105.803
11/02/2025 20:12:15,8.62,105.816
11/02/2025 20:22:15,8.61,105.789
11/02/2025 20:32:15,8.61,105.798
11/02/2025 20:42:15,8.60,105.806
11/02/2025 20:52:15,8.59,105.797
11/02/2025 21:02:15,8.57,105.801
11/02/2025 21:12:15,8.56,105.805
11/02/2025 21:22:15,8.54,105.817
11/02/2025 21:32:15,8.52,105.808
11/02/2025 21:42:15,8.51,105.807
11/02/2025 21:52:15,8.49,105.802
11/02/2025 22:02:15,8.47,105.788
11/02/2025 22:12:15,8.45,105.775
11/02/2025 22:22:15,8.43,105.774
11/02/2025 22:32:15,8.40,105.791
11/02/2025 22:42:15,8.38,105.763
11/02/2025 22:52:15,8.35,105.762
11/02/2025 23:02:15,8.33,105.761
11/02/2025 23:12:15,8.30,105.747
11/02/2025 23:22:15,8.27,105.742
11/02/2025 23:32:15,8.24,105.781
11/02/2025 23:42:15,8.22,105.775
11/02/2025 23:52:15,8.19,105.748
11/03/2025 00:02:15,8.16,105.769
11/03/2025 00:12:15,8.13,105.750
11/03/2025 00:22:15,8.10,105.731
11/03/2025 00:32:15,8.07,105.708
11/03/2025 00:42:15,8.04,105.703
11/03/2025 00:52:15,8.00,105.701
11/03/2025 01:02:15,7.97,105.691
11/03/2025 01:12:15,7.93,105.668
11/03/2025 01:22:15,7.90,105.649
11/03/2025 01:32:15,7.86,105.635
11/03/2025 01:42:15,7.83,105.629
11/03/2025 01:52:15,7.79,105.624
11/03/2025 02:02:15,7.76,105.605
11/03/2025 02:12:15,7.73,105.608
11/03/2025 02:22:15,7.69,105.598
11/03/2025 02:32:15,7.66,105.597
11/03/2025 02:42:15,7.63,105.622
11/03/2025 02:52:15,7.59,105.612
11/03/2025 03:02:15,7.56,105.602
11/03/2025 03:12:15,7.53,105.588
11/03/2025 03:22:15,7.49,105.604
11/03/2025 03:32:15,7.46,105.612
11/03/2025 03:42:15,7.43,105.598
11/03/2025 03:52:15,7.39,105.592
11/03/2025 04:02:15,7.36,105.600
11/03/2025 04:12:15,7.33,105.590
11/03/2025 04:22:15,7.30,105.598
11/03/2025 04:32:15,7.27,105.570
11/03/2025 04:42:15,7.24,105.587
11/03/2025 04:52:15,7.22,105.564
11/03/2025 05:02:15,7.19,105.549
11/03/2025 05:12:15,7.16,105.562
11/03/2025 05:22:15,7.14,105.530
11/03/2025 05:32:15,7.11,105.481
11/03/2025 05:42:15,7.08,105.475
11/03/2025 05:52:15,7.06,105.444
11/03/2025 06:02:15,7.03,105.421
11/03/2025 06:12:15,7.01,105.376
11/03/2025 06:22:15,6.98,105.384
11/03/2025 06:32:15,6.96,105.396
11/03/2025 06:42:15,6.93,105.382
11/03/2025 06:52:15,6.91,105.355
11/03/2025 07:02:15,6.88,105.349
11/03/2025 07:12:15,6.86,105.331
11/03/2025 07:22:15,6.84,105.335
11/03/2025 07:32:15,6.83,105.369
11/03/2025 07:42:15,6.81,105.338
11/03/2025 07:52:15,6.81,105.347
11/03/2025 08:02:15,6.80,105.355
11/03/2025 08:12:15,6.79,105.342
11/03/2025 08:22:15,6.79,105.342
11/03/2025 08:32:15,6.79,105.329
11/03/2025 08:42:15,6.80,105.347
11/03/2025 08:52:15,6.81,105.316
11/03/2025 09:02:15,6.81,105.272
11/03/2025 09:12:15,6.82,105.255
11/03/2025 09:22:15,6.82,105.264
11/03/2025 09:32:15,6.83,105.260
11/03/2025 09:42:15,6.84,105.247
11/03/2025 09:52:15,6.86,105.212
11/03/2025 10:02:15,6.89,105.196
11/03/2025 10:12:15,6.93,105.162
11/03/2025 10:22:15,6.96,105.159
11/03/2025 10:32:15,7.00,105.120
11/03/2025 10:42:15,7.04,105.095
11/03/2025 10:52:15,7.07,105.074
11/03/2025 11:02:15,7.11,105.027
11/03/2025 11:12:15,7.14,105.007
11/03/2025 11:22:15,7.18,104.946
11/03/2025 11:32:15,7.22,104.895
11/03/2025 11:42:15,7.26,104.852
11/03/2025 11:52:15,7.31,104.814
11/03/2025 12:02:15,7.35,104.793
11/03/2025 12:12:15,7.38,104.755
11/03/2025 12:22:15,7.42,104.695
11/03/2025 12:32:15,7.45,104.683
11/03/2025 12:42:15,7.49,104.649
11/03/2025 12:52:15,7.52,104.645
11/03/2025 13:02:15,7.55,104.611
11/03/2025 13:12:15,7.58,104.590
11/03/2025 13:22:15,7.60,104.573
11/03/2025 13:32:15,7.63,104.526
11/03/2025 13:42:15,7.66,104.509
11/03/2025 13:52:15,7.68,104.466
11/03/2025 14:02:15,7.71,104.432
11/03/2025 14:12:15,7.75,104.415
11/03/2025 14:22:15,7.78,104.395
11/03/2025 14:32:15,7.82,104.361
11/03/2025 14:42:15,7.85,104.335
11/03/2025 14:52:15,7.88,104.301
11/03/2025 15:02:15,7.91,104.289
11/03/2025 15:12:15,7.94,104.250
11/03/2025 15:22:15,7.97,104.207
11/03/2025 15:32:15,8.01,104.182
11/03/2025 15:42:15,8.05,104.153
11/03/2025 15:52:15,8.08,104.141
11/03/2025 16:02:15,8.11,104.111
11/03/2025 16:12:15,8.13,104.112
11/03/2025 16:22:15,8.15,104.099
11/03/2025 16:32:15,8.18,104.096
11/03/2025 16:42:15,8.20,104.127
11/03/2025 16:52:15,8.22,104.132
11/03/2025 17:02:15,8.24,104.129
11/03/2025 17:12:15,8.26,104.112
11/03/2025 17:22:15,8.29,104.104
11/03/2025 17:32:15,8.31,104.087
11/03/2025 17:42:15,8.33,104.088
11/03/2025 17:52:15,8.35,104.088
11/03/2025 18:02:15,8.36,104.058
11/03/2025 18:12:15,8.38,104.045
11/03/2025 18:22:15,8.39,104.011
11/03/2025 18:32:15,8.41,104.011
11/03/2025 18:42:15,8.42,104.047
11/03/2025 18:52:15,8.44,104.034
11/03/2025 19:02:15,8.46,103.995
11/03/2025 19:12:15,8.48,103.943
11/03/2025 19:22:15,8.51,103.944
11/03/2025 19:32:15,8.53,103.914
11/03/2025 19:42:15,8.55,103.906
11/03/2025 19:52:15,8.58,103.902
11/03/2025 20:02:15,8.61,103.895
11/03/2025 20:12:15,8.64,103.865
11/03/2025 20:22:15,8.66,104.029
11/03/2025 20:32:15,8.66,104.139
11/03/2025 20:42:15,8.73,104.251
11/03/2025 20:52:15,8.74,104.494
11/03/2025 21:02:15,8.72,104.555
11/03/2025 21:12:15,8.80,104.509
11/03/2025 21:22:15,9.24,104.432
11/03/2025 21:32:15,9.52,104.358
11/03/2025 21:42:15,9.50,104.247
11/03/2025 21:52:15,9.31,104.161
11/03/2025 22:02:15,9.14,104.129
11/03/2025 22:12:15,9.00,104.080
11/03/2025 22:22:15,8.90,104.055
11/03/2025 22:32:15,8.83,104.114
11/03/2025 22:42:15,8.79,104.108
11/03/2025 22:52:15,8.77,104.068
11/03/2025 23:02:15,8.77,104.138
11/03/2025 23:12:15,8.81,104.166
11/03/2025 23:22:15,8.85,104.159
11/03/2025 23:32:15,8.87,104.190
11/03/2025 23:42:15,8.90,104.191
11/03/2025 23:52:15,8.97,104.211
11/04/2025 00:02:15,9.02,104.222
11/04/2025 00:12:15,9.04,104.191
11/04/2025 00:22:15,9.02,104.226
11/04/2025 00:32:15,8.99,104.203
11/04/2025 00:42:15,8.96,104.189
11/04/2025 00:52:15,8.92,104.165
11/04/2025 01:02:15,8.88,104.146
11/04/2025 01:12:15,8.84,104.167
11/04/2025 01:22:15,8.81,104.148
11/04/2025 01:32:15,8.78,104.160
11/04/2025 01:42:15,8.74,104.164
11/04/2025 01:52:15,8.71,104.158
11/04/2025 02:02:15,8.68,104.126
11/04/2025 02:12:15,8.65,104.129
11/04/2025 02:22:15,8.62,104.115
11/04/2025 02:32:15,8.59,104.114
11/04/2025 02:42:15,8.57,104.113
11/04/2025 02:52:15,8.54,104.117
11/04/2025 03:02:15,8.51,104.085
11/04/2025 03:12:15,8.49,104.102
11/04/2025 03:22:15,8.47,104.114
11/04/2025 03:32:15,8.45,104.100
11/04/2025 03:42:15,8.43,104.113
11/04/2025 03:52:15,8.42,104.095
11/04/2025 04:02:15,8.40,104.134
11/04/2025 04:12:15,8.39,104.147
11/04/2025 04:22:15,8.37,104.142
11/04/2025 04:32:15,8.36,104.155
11/04/2025 04:42:15,8.34,104.163
11/04/2025 04:52:15,8.32,104.180
11/04/2025 05:02:15,8.30,104.206
11/04/2025 05:12:15,8.29,104.210
11/04/2025 05:22:15,8.27,104.218
11/04/2025 05:32:15,8.26,104.217
11/04/2025 05:42:15,8.24,104.230
11/04/2025 05:52:15,8.22,104.216
11/04/2025 06:02:15,8.21,104.202
11/04/2025 06:12:15,8.19,104.237
11/04/2025 06:22:15,8.18,104.254
11/04/2025 06:32:15,8.16,104.241
11/04/2025 06:42:15,8.15,104.271
11/04/2025 06:52:15,8.13,104.283
11/04/2025 07:02:15,8.11,104.322
11/04/2025 07:12:15,8.09,104.326
11/04/2025 07:22:15,8.08,104.339
11/04/2025 07:32:15,8.06,104.356
11/04/2025 07:42:15,8.05,104.369
11/04/2025 07:52:15,8.04,104.399
11/04/2025 08:02:15,8.03,104.412
11/04/2025 08:12:15,8.02,104.443
11/04/2025 08:22:15,8.02,104.443
11/04/2025 08:32:15,8.02,104.447
11/04/2025 08:42:15,8.02,104.469
11/04/2025 08:52:15,8.03,104.474
11/04/2025 09:02:15,8.03,104.487
11/04/2025 09:12:15,8.04,104.470
11/04/2025 09:22:15,8.05,104.488
11/04/2025 09:32:15,8.07,104.493
11/04/2025 09:42:15,8.09,104.493
11/04/2025 09:52:15,8.12,104.499
11/04/2025 10:02:15,8.16,104.496
11/04/2025 10:12:15,8.20,104.528
11/04/2025 10:22:15,8.24,104.521
11/04/2025 10:32:15,8.28,104.535
11/04/2025 10:42:15,8.32,104.559
11/04/2025 10:52:15,8.36,104.565
11/04/2025 11:02:15,8.40,104.548
11/04/2025 11:12:15,8.44,104.563
11/04/2025 11:22:15,8.48,104.551
11/04/2025 11:32:15,8.54,104.553
11/04/2025 11:42:15,8.59,104.537
11/04/2025 11:52:15,8.64,104.552
11/04/2025 12:02:15,8.69,104.541
11/04/2025 12:12:15,8.75,104.543
11/04/2025 12:22:15,8.79,104.553
11/04/2025 12:32:15,8.82,104.523
11/04/2025 12:42:15,8.83,104.537
11/04/2025 12:52:15,8.82,104.523
11/04/2025 13:02:15,8.82,104.514
11/04/2025 13:12:15,8.81,104.519
11/04/2025 13:22:15,8.81,104.505
11/04/2025 13:32:15,8.81,104.514
11/04/2025 13:42:15,8.81,104.510
11/04/2025 13:52:15,8.80,104.518
11/04/2025 14:02:15,8.81,104.492
11/04/2025 14:12:15,8.82,104.488
11/04/2025 14:22:15,8.82,104.479
11/04/2025 14:32:15,8.81,104.479
11/04/2025 14:42:15,8.80,104.487
11/04/2025 14:52:15,8.79,104.491
11/04/2025 15:02:15,8.78,104.509
11/04/2025 15:12:15,8.77,104.504
11/04/2025 15:22:15,8.77,104.499
11/04/2025 15:32:15,8.77,104.499
11/04/2025 15:42:15,8.77,104.513
11/04/2025 15:52:15,8.77,104.535
11/04/2025 16:02:15,8.78,104.539
11/04/2025 16:12:15,8.78,104.566
11/04/2025 16:22:15,8.78,104.588
11/04/2025 16:32:15,8.78,104.579
11/04/2025 16:42:15,8.78,104.597
11/04/2025 16:52:15,8.77,104.627
11/04/2025 17:02:15,8.77,104.654
11/04/2025 17:12:15,8.76,104.649
11/04/2025 17:22:15,8.75,104.675
11/04/2025 17:32:15,8.75,104.684
11/04/2025 17:42:15,8.74,104.706
11/04/2025 17:52:15,8.74,104.714
11/04/2025 18:02:15,8.74,104.719
11/04/2025 18:12:15,8.73,104.723
11/04/2025 18:22:15,8.73,104.749
11/04/2025 18:32:15,8.72,104.745
11/04/2025 18:42:15,8.72,104.753
11/04/2025 18:52:15,8.71,104.762
11/04/2025 19:02:15,8.71,104.779
11/04/2025 19:12:15,8.71,104.788
11/04/2025 19:22:15,8.70,104.810
11/04/2025 19:32:15,8.69,104.827
11/04/2025 19:42:15,8.68,104.844
11/04/2025 19:52:15,8.67,104.826
11/04/2025 20:02:15,8.66,104.844
11/04/2025 20:12:15,8.65,104.826
11/04/2025 20:22:15,8.63,104.825
11/04/2025 20:32:15,8.62,104.820
11/04/2025 20:42:15,8.61,104.811
11/04/2025 20:52:15,8.59,104.833
11/04/2025 21:02:15,8.58,104.836
11/04/2025 21:12:15,8.56,104.849
11/04/2025 21:22:15,8.54,104.840
11/04/2025 21:32:15,8.53,104.826
11/04/2025 21:42:15,8.51,104.838
11/04/2025 21:52:15,8.50,104.856
11/04/2025 22:02:15,8.48,104.855
11/04/2025 22:12:15,8.46,104.845
11/04/2025 22:22:15,8.44,104.862
11/04/2025 22:32:15,8.41,104.879
11/04/2025 22:42:15,8.39,104.891
11/04/2025 22:52:15,8.36,104.904
11/04/2025 23:02:15,8.34,104.916
11/04/2025 23:12:15,8.32,104.915
11/04/2025 23:22:15,8.29,104.897
11/04/2025 23:32:15,8.27,104.892
11/04/2025 23:42:15,8.24,104.917
11/04/2025 23:52:15,8.22,104.899
11/05/2025 00:02:15,8.19,104.885
11/05/2025 00:12:15,8.17,104.897
11/05/2025 00:22:15,8.14,104.887
11/05/2025 00:32:15,8.11,104.891
11/05/2025 00:42:15,8.08,104.907
11/05/2025 00:52:15,8.04,104.888
11/05/2025 01:02:15,8.01,104.887
11/05/2025 01:12:15,7.97,104.881
11/05/2025 01:22:15,7.94,104.880
11/05/2025 01:32:15,7.90,104.861
11/05/2025 01:42:15,7.87,104.860
11/05/2025 01:52:15,7.83,104.872
11/05/2025 02:02:15,7.79,104.862
11/05/2025 02:12:15,7.76,104.878
11/05/2025 02:22:15,7.72,104.886
11/05/2025 02:32:15,7.68,104.854
11/05/2025 02:42:15,7.64,104.843
11/05/2025 02:52:15,7.61,104.842
11/05/2025 03:02:15,7.57,104.854
11/05/2025 03:12:15,7.53,104.835
11/05/2025 03:22:15,7.50,104.847
11/05/2025 03:32:15,7.46,104.846
11/05/2025 03:42:15,7.42,104.853
11/05/2025 03:52:15,7.38,104.856
11/05/2025 04:02:15,7.34,104.859
11/05/2025 04:12:15,7.30,104.867
11/05/2025 04:22:15,7.26,104.896
11/05/2025 04:32:15,7.22,104.917
11/05/2025 04:42:15,7.18,104.889
11/05/2025 04:52:15,7.15,104.883
11/05/2025 05:02:15,7.11,104.864
11/05/2025 05:12:15,7.08,104.868
11/05/2025 05:22:15,7.04,104.871
11/05/2025 05:32:15,7.01,104.857
11/05/2025 05:42:15,6.98,104.842
11/05/2025 05:52:15,6.95,104.837
11/05/2025 06:02:15,6.92,104.858
11/05/2025 06:12:15,6.89,104.839
11/05/2025 06:22:15,6.87,104.825
11/05/2025 06:32:15,6.84,104.829
11/05/2025 06:42:15,6.82,104.788
11/05/2025 06:52:15,6.80,104.801
11/05/2025 07:02:15,6.78,104.809
11/05/2025 07:12:15,6.76,104.817
11/05/2025 07:22:15,6.75,104.799
11/05/2025 07:32:15,6.74,104.829
11/05/2025 07:42:15,6.73,104.842
11/05/2025 07:52:15,6.73,104.816
11/05/2025 08:02:15,6.73,104.789
11/05/2025 08:12:15,6.73,104.741
11/05/2025 08:22:15,6.74,104.733
11/05/2025 08:32:15,6.75,104.706
11/05/2025 08:42:15,6.75,104.720
11/05/2025 08:52:15,6.76,104.707
11/05/2025 09:02:15,6.77,104.655
11/05/2025 09:12:15,6.79,104.607
11/05/2025 09:22:15,6.81,104.563
11/05/2025 09:32:15,6.83,104.546
11/05/2025 09:42:15,6.85,104.516
11/05/2025 09:52:15,6.87,104.521
11/05/2025 10:02:15,6.89,104.496
11/05/2025 10:12:15,6.91,104.492
11/05/2025 10:22:15,6.95,104.502
11/05/2025 10:32:15,7.00,104.460
11/05/2025 10:42:15,7.04,104.426
11/05/2025 10:52:15,7.07,104.392
11/05/2025 11:02:15,7.10,104.340
11/05/2025 11:12:15,7.13,104.315
11/05/2025 11:22:15,7.17,104.281
11/05/2025 11:32:15,7.21,104.234
11/05/2025 11:42:15,7.26,104.205
11/05/2025 11:52:15,7.30,104.166
11/05/2025 12:02:15,7.33,104.124
11/05/2025 12:12:15,7.37,104.090
11/05/2025 12:22:15,7.42,104.034
11/05/2025 12:32:15,7.46,103.992
11/05/2025 12:42:15,7.51,103.945
11/05/2025 12:52:15,7.55,103.902
11/05/2025 13:02:15,7.60,103.860
11/05/2025 13:12:15,7.65,103.813
11/05/2025 13:22:15,7.69,103.788
11/05/2025 13:32:15,7.72,103.736
11/05/2025 13:42:15,7.76,103.720
11/05/2025 13:52:15,7.79,103.677
11/05/2025 14:02:15,7.83,103.630
11/05/2025 14:12:15,7.86,103.587
11/05/2025 14:22:15,7.89,103.531
11/05/2025 14:32:15,7.92,103.514
11/05/2025 14:42:15,7.95,103.480
11/05/2025 14:52:15,7.98,103.463
11/05/2025 15:02:15,8.00,103.446
11/05/2025 15:12:15,8.02,103.434
11/05/2025 15:22:15,8.04,103.448
11/05/2025 15:32:15,8.05,103.457
11/05/2025 15:42:15,8.06,103.448
11/05/2025 15:52:15,8.06,103.453
11/05/2025 16:02:15,8.07,103.413
11/05/2025 16:12:15,8.07,103.418
11/05/2025 16:22:15,8.07,103.418
11/05/2025 16:32:15,8.08,103.431
11/05/2025 16:42:15,8.09,103.414
11/05/2025 16:52:15,8.09,103.379
11/05/2025 17:02:15,8.11,103.371
11/05/2025 17:12:15,8.12,103.327
11/05/2025 17:22:15,8.13,103.292
11/05/2025 17:32:15,8.15,103.271
11/05/2025 17:42:15,8.17,103.249
11/05/2025 17:52:15,8.19,103.228
11/05/2025 18:02:15,8.21,103.189
11/05/2025 18:12:15,8.24,103.150
11/05/2025 18:22:15,8.26,103.116
11/05/2025 18:32:15,8.29,103.112
11/05/2025 18:42:15,8.31,103.074
11/05/2025 18:52:15,8.34,103.061
11/05/2025 19:02:15,8.36,103.044
11/05/2025 19:12:15,8.38,103.006
11/05/2025 19:22:15,8.41,102.989
11/05/2025 19:32:15,8.43,102.954
11/05/2025 19:42:15,8.44,102.928
11/05/2025 19:52:15,8.46,102.920
11/05/2025 20:02:15,8.48,102.894
11/05/2025 20:12:15,8.49,102.846
11/05/2025 20:22:15,8.51,102.825
11/05/2025 20:32:15,8.52,102.825
11/05/2025 20:42:15,8.54,102.826
11/05/2025 20:52:15,8.56,102.809
11/05/2025 21:02:15,8.58,102.805
11/05/2025 21:12:15,8.59,102.828
11/05/2025 21:22:15,8.61,102.815
11/05/2025 21:32:15,8.62,102.802
11/05/2025 21:42:15,8.64,102.803
11/05/2025 21:52:15,8.65,102.812
11/05/2025 22:02:15,8.67,102.764
11/05/2025 22:12:15,8.69,102.787
11/05/2025 22:22:15,8.71,102.818
11/05/2025 22:32:15,8.73,102.872
11/05/2025 22:42:15,8.74,102.894
11/05/2025 22:52:15,8.76,102.899
11/05/2025 23:02:15,8.78,102.869
11/05/2025 23:12:15,8.80,102.874
11/05/2025 23:22:15,8.83,102.849
11/05/2025 23:32:15,8.85,102.876
11/05/2025 23:42:15,8.87,102.885
11/05/2025 23:52:15,8.87,102.872
11/06/2025 00:02:15,8.90,102.904
11/06/2025 00:12:15,8.94,102.919
11/06/2025 00:22:15,8.98,102.955
11/06/2025 00:32:15,9.01,102.934
11/06/2025 00:42:15,9.02,102.939
11/06/2025 00:52:15,9.02,102.970
11/06/2025 01:02:15,9.01,103.018
11/06/2025 01:12:15,9.00,103.049
11/06/2025 01:22:15,8.99,103.092
11/06/2025 01:32:15,8.98,103.136
11/06/2025 01:42:15,8.97,103.202
11/06/2025 01:52:15,8.96,103.237
11/06/2025 02:02:15,8.95,103.276
11/06/2025 02:12:15,8.94,103.315
11/06/2025 02:22:15,8.92,103.332
11/06/2025 02:32:15,8.91,103.358
11/06/2025 02:42:15,8.89,103.384
11/06/2025 02:52:15,8.88,103.428
11/06/2025 03:02:15,8.86,103.449
11/06/2025 03:12:15,8.84,103.466
11/06/2025 03:22:15,8.82,103.483
11/06/2025 03:32:15,8.80,103.500
11/06/2025 03:42:15,8.78,103.513
11/06/2025 03:52:15,8.77,103.543
11/06/2025 04:02:15,8.76,103.565
11/06/2025 04:12:15,8.74,103.586
11/06/2025 04:22:15,8.74,103.630
11/06/2025 04:32:15,8.72,103.652
11/06/2025 04:42:15,8.71,103.682
11/06/2025 04:52:15,8.70,103.704
11/06/2025 05:02:15,8.69,103.717
11/06/2025 05:12:15,8.67,103.729
11/06/2025 05:22:15,8.66,103.760
11/06/2025 05:32:15,8.64,103.786
11/06/2025 05:42:15,8.62,103.781
11/06/2025 05:52:15,8.61,103.798
11/06/2025 06:02:15,8.58,103.819
11/06/2025 06:12:15,8.56,103.840
11/06/2025 06:22:15,8.54,103.852
11/06/2025 06:32:15,8.51,103.865
11/06/2025 06:42:15,8.49,103.904
11/06/2025 06:52:15,8.46,103.942
11/06/2025 07:02:15,8.43,103.941
11/06/2025 07:12:15,8.41,103.941
11/06/2025 07:22:15,8.38,103.966
11/06/2025 07:32:15,8.36,103.970
11/06/2025 07:42:15,8.34,103.991
11/06/2025 07:52:15,8.33,103.999
11/06/2025 08:02:15,8.32,104.008
11/06/2025 08:12:15,8.31,104.030
11/06/2025 08:22:15,8.30,104.056
11/06/2025 08:32:15,8.30,104.060
11/06/2025 08:42:15,8.29,104.082
11/06/2025 08:52:15,8.29,104.073
11/06/2025 09:02:15,8.30,104.104
11/06/2025 09:12:15,8.30,104.126
11/06/2025 09:22:15,8.31,104.140
11/06/2025 09:32:15,8.33,104.163
11/06/2025 09:42:15,8.35,104.159
11/06/2025 09:52:15,8.37,104.186
11/06/2025 10:02:15,8.39,104.178
11/06/2025 10:12:15,8.43,104.219
11/06/2025 10:22:15,8.46,104.229
11/06/2025 10:32:15,8.49,104.217
11/06/2025 10:42:15,8.52,104.253
11/06/2025 10:52:15,8.55,104.236
11/06/2025 11:02:15,8.58,104.215
11/06/2025 11:12:15,8.61,104.212
11/06/2025 11:22:15,8.64,104.222
11/06/2025 11:32:15,8.67,104.227
11/06/2025 11:42:15,8.69,104.232
11/06/2025 11:52:15,8.71,104.207
11/06/2025 12:02:15,8.72,104.225
11/06/2025 12:12:15,8.74,104.212
11/06/2025 12:22:15,8.77,104.213
11/06/2025 12:32:15,8.79,104.209
11/06/2025 12:42:15,8.82,104.210
11/06/2025 12:52:15,8.85,104.247
11/06/2025 13:02:15,8.88,104.243
11/06/2025 13:12:15,8.90,104.244
11/06/2025 13:22:15,8.92,104.262
11/06/2025 13:32:15,8.94,104.289
11/06/2025 13:42:15,8.94,104.311
11/06/2025 13:52:15,8.94,104.316
11/06/2025 14:02:15,8.94,104.347
11/06/2025 14:12:15,8.92,104.324
11/06/2025 14:22:15,8.91,104.346
11/06/2025 14:32:15,8.90,104.341
11/06/2025 14:42:15,8.90,104.363
11/06/2025 14:52:15,8.90,104.367
11/06/2025 15:02:15,8.90,104.394
11/06/2025 15:12:15,8.90,104.411
11/06/2025 15:22:15,8.90,104.451
11/06/2025 15:32:15,8.90,104.442
11/06/2025 15:42:15,8.90,104.464
11/06/2025 15:52:15,8.89,104.464
11/06/2025 16:02:15,8.87,104.468
11/06/2025 16:12:15,8.85,104.485
11/06/2025 16:22:15,8.83,104.510
11/06/2025 16:32:15,8.80,104.544
11/06/2025 16:42:15,8.77,104.548
11/06/2025 16:52:15,8.74,104.560
11/06/2025 17:02:15,8.71,104.572
11/06/2025 17:12:15,8.69,104.585
11/06/2025 17:22:15,8.67,104.606
11/06/2025 17:32:15,8.65,104.623
11/06/2025 17:42:15,8.63,104.635
11/06/2025 17:52:15,8.61,104.622
11/06/2025 18:02:15,8.58,104.630
11/06/2025 18:12:15,8.56,104.638
11/06/2025 18:22:15,8.54,104.646
11/06/2025 18:32:15,8.52,104.645
11/06/2025 18:42:15,8.49,104.648
11/06/2025 18:52:15,8.47,104.665
11/06/2025 19:02:15,8.45,104.682
11/06/2025 19:12:15,8.42,104.699
11/06/2025 19:22:15,8.40,104.733
11/06/2025 19:32:15,8.38,104.746
11/06/2025 19:42:15,8.35,104.745
11/06/2025 19:52:15,8.33,104.744
11/06/2025 20:02:15,8.31,104.748
11/06/2025 20:12:15,8.28,104.765
11/06/2025 20:22:15,8.26,104.759
11/06/2025 20:32:15,8.23,104.772
11/06/2025 20:42:15,8.21,104.775
11/06/2025 20:52:15,8.18,104.779
11/06/2025 21:02:15,8.16,104.804
11/06/2025 21:12:15,8.13,104.785
11/06/2025 21:22:15,8.10,104.807
11/06/2025 21:32:15,8.07,104.805
11/06/2025 21:42:15,8.04,104.800
11/06/2025 21:52:15,8.01,104.790
11/06/2025 22:02:15,7.97,104.784
11/06/2025 22:12:15,7.94,104.779
11/06/2025 22:22:15,7.90,104.804
11/06/2025 22:32:15,7.87,104.785
11/06/2025 22:42:15,7.83,104.771
11/06/2025 22:52:15,7.79,104.752
11/06/2025 23:02:15,7.76,104.737
11/06/2025 23:12:15,7.71,104.740
11/06/2025 23:22:15,7.68,104.743
11/06/2025 23:32:15,7.64,104.759
11/06/2025 23:42:15,7.60,104.736
11/06/2025 23:52:15,7.56,104.748
11/07/2025 00:02:15,7.52,104.738
11/07/2025 00:12:15,7.48,104.728
11/07/2025 00:22:15,7.44,104.731
11/07/2025 00:32:15,7.40,104.725
11/07/2025 00:42:15,7.37,104.746
11/07/2025 00:52:15,7.33,104.744
11/07/2025 01:02:15,7.30,104.721
11/07/2025 01:12:15,7.26,104.720
11/07/2025 01:22:15,7.22,104.754
11/07/2025 01:32:15,7.18,104.731
11/07/2025 01:42:15,7.14,104.725
11/07/2025 01:52:15,7.10,104.732
11/07/2025 02:02:15,7.06,104.713
11/07/2025 02:12:15,7.02,104.716
11/07/2025 02:22:15,6.98,104.710
11/07/2025 02:32:15,6.94,104.718
11/07/2025 02:42:15,6.90,104.690
11/07/2025 02:52:15,6.86,104.697
11/07/2025 03:02:15,6.82,104.669
11/07/2025 03:12:15,6.78,104.659
11/07/2025 03:22:15,6.73,104.662
11/07/2025 03:32:15,6.69,104.674
11/07/2025 03:42:15,6.65,104.699
11/07/2025 03:52:15,6.62,104.680
11/07/2025 04:02:15,6.58,104.670
11/07/2025 04:12:15,6.55,104.638
11/07/2025 04:22:15,6.51,104.610
11/07/2025 04:32:15,6.48,104.622
11/07/2025 04:42:15,6.44,104.630
11/07/2025 04:52:15,6.41,104.646
11/07/2025 05:02:15,6.39,104.659
11/07/2025 05:12:15,6.36,104.644
11/07/2025 05:22:15,6.33,104.652
11/07/2025 05:32:15,6.30,104.647
11/07/2025 05:42:15,6.27,104.628
11/07/2025 05:52:15,6.24,104.614
11/07/2025 06:02:15,6.21,104.617
11/07/2025 06:12:15,6.18,104.630
11/07/2025 06:22:15,6.16,104.642
11/07/2025 06:32:15,6.13,104.659
11/07/2025 06:42:15,6.10,104.662
11/07/2025 06:52:15,6.07,104.656
11/07/2025 07:02:15,6.04,104.664
11/07/2025 07:12:15,6.01,104.672
11/07/2025 07:22:15,5.98,104.675
11/07/2025 07:32:15,5.95,104.661
11/07/2025 07:42:15,5.93,104.669
11/07/2025 07:52:15,5.91,104.660
11/07/2025 08:02:15,5.90,104.650
11/07/2025 08:12:15,5.88,104.645
11/07/2025 08:22:15,5.87,104.601
11/07/2025 08:32:15,5.87,104.614
11/07/2025 08:42:15,5.87,104.610
11/07/2025 08:52:15,5.88,104.593
11/07/2025 09:02:15,5.89,104.580
11/07/2025 09:12:15,5.91,104.550
11/07/2025 09:22:15,5.93,104.537
11/07/2025 09:32:15,5.95,104.507
11/07/2025 09:42:15,5.97,104.503
11/07/2025 09:52:15,5.99,104.486
11/07/2025 10:02:15,6.02,104.487
11/07/2025 10:12:15,6.05,104.462
11/07/2025 10:22:15,6.10,104.437
11/07/2025 10:32:15,6.14,104.443
11/07/2025 10:42:15,6.19,104.401
11/07/2025 10:52:15,6.24,104.385
11/07/2025 11:02:15,6.29,104.378
11/07/2025 11:12:15,6.35,104.354
11/07/2025 11:22:15,6.40,104.294
11/07/2025 11:32:15,6.45,104.274
11/07/2025 11:42:15,6.50,104.240
11/07/2025 11:52:15,6.55,104.211
11/07/2025 12:02:15,6.60,104.173
11/07/2025 12:12:15,6.65,104.122
11/07/2025 12:22:15,6.71,104.111
11/07/2025 12:32:15,6.75,104.099
11/07/2025 12:42:15,6.79,104.043
11/07/2025 12:52:15,6.82,104.044
11/07/2025 13:02:15,6.83,104.036
11/07/2025 13:12:15,6.85,104.006
11/07/2025 13:22:15,6.86,103.971
11/07/2025 13:32:15,6.88,103.941
11/07/2025 13:42:15,6.89,103.941
11/07/2025 13:52:15,6.91,103.911
11/07/2025 14:02:15,6.92,103.903
11/07/2025 14:12:15,6.95,103.877
11/07/2025 14:22:15,6.97,103.834
11/07/2025 14:32:15,7.00,103.821
11/07/2025 14:42:15,7.03,103.800
11/07/2025 14:52:15,7.05,103.775
11/07/2025 15:02:15,7.07,103.740
11/07/2025 15:12:15,7.09,103.737
11/07/2025 15:22:15,7.10,103.715
11/07/2025 15:32:15,7.12,103.720
11/07/2025 15:42:15,7.13,103.703
11/07/2025 15:52:15,7.14,103.677
11/07/2025 16:02:15,7.15,103.668
11/07/2025 16:12:15,7.16,103.655
11/07/2025 16:22:15,7.17,103.603
11/07/2025 16:32:15,7.19,103.581
11/07/2025 16:42:15,7.20,103.586
11/07/2025 16:52:15,7.23,103.583
11/07/2025 17:02:15,7.25,103.557
11/07/2025 17:12:15,7.26,103.531
11/07/2025 17:22:15,7.28,103.501
11/07/2025 17:32:15,7.30,103.484
11/07/2025 17:42:15,7.31,103.471
11/07/2025 17:52:15,7.33,103.472
11/07/2025 18:02:15,7.34,103.472
11/07/2025 18:12:15,7.36,103.446
11/07/2025 18:22:15,7.38,103.443
11/07/2025 18:32:15,7.40,103.439
11/07/2025 18:42:15,7.43,103.422
11/07/2025 18:52:15,7.46,103.415
11/07/2025 19:02:15,7.49,103.468
11/07/2025 19:12:15,7.52,103.487
11/07/2025 19:22:15,7.56,103.458
11/07/2025 19:32:15,7.59,103.446
11/07/2025 19:42:15,7.62,103.398
11/07/2025 19:52:15,7.65,103.373
11/07/2025 20:02:15,7.68,103.361
11/07/2025 20:12:15,7.71,103.344
11/07/2025 20:22:15,7.75,103.394
11/07/2025 20:32:15,7.78,103.360
11/07/2025 20:42:15,7.82,103.326
11/07/2025 20:52:15,7.85,103.349
11/07/2025 21:02:15,7.89,103.385
11/07/2025 21:12:15,7.92,103.386
11/07/2025 21:22:15,7.95,103.361
11/07/2025 21:32:15,7.99,103.336
11/07/2025 21:42:15,8.02,103.332
11/07/2025 21:52:15,8.05,103.303
11/07/2025 22:02:15,8.08,103.299
11/07/2025 22:12:15,8.11,103.291
11/07/2025 22:22:15,8.13,103.301
11/07/2025 22:32:15,8.16,103.293
11/07/2025 22:42:15,8.20,103.268
11/07/2025 22:52:15,8.22,103.291
11/07/2025 23:02:15,8.25,103.261
11/07/2025 23:12:15,8.28,103.258
11/07/2025 23:22:15,8.30,103.241
11/07/2025 23:32:15,8.33,103.246
11/07/2025 23:42:15,8.36,103.247
11/07/2025 23:52:15,8.39,103.257
11/08/2025 00:02:15,8.42,103.284
11/08/2025 00:12:15,8.47,103.282
11/08/2025 00:22:15,8.52,103.279
11/08/2025 00:32:15,8.56,103.276
11/08/2025 00:42:15,8.58,103.277
11/08/2025 00:52:15,8.62,103.282
11/08/2025 01:02:15,8.66,103.266
11/08/2025 01:12:15,8.72,103.242
11/08/2025 01:22:15,8.79,103.244
11/08/2025 01:32:15,8.85,103.251
11/08/2025 01:42:15,8.88,103.261
11/08/2025 01:52:15,8.90,103.261
11/08/2025 02:02:15,8.91,103.257
11/08/2025 02:12:15,8.93,103.253
11/08/2025 02:22:15,8.95,103.245
11/08/2025 02:32:15,8.98,103.229
11/08/2025 02:42:15,9.00,103.238
11/08/2025 02:52:15,9.01,103.221
11/08/2025 03:02:15,9.01,103.207
11/08/2025 03:12:15,9.01,103.203
11/08/2025 03:22:15,9.02,103.190
11/08/2025 03:32:15,9.02,103.173
11/08/2025 03:42:15,9.02,103.164
11/08/2025 03:52:15,9.02,103.133
11/08/2025 04:02:15,9.01,103.159
11/08/2025 04:12:15,9.00,103.137
11/08/2025 04:22:15,9.00,103.132
11/08/2025 04:32:15,8.99,103.132
11/08/2025 04:42:15,8.99,103.150
11/08/2025 04:52:15,8.99,103.145
11/08/2025 05:02:15,8.98,103.180
11/08/2025 05:12:15,8.98,103.176
11/08/2025 05:22:15,8.97,103.184
11/08/2025 05:32:15,8.97,103.197
11/08/2025 05:42:15,8.96,103.162
11/08/2025 05:52:15,8.95,103.188
11/08/2025 06:02:15,8.95,103.210
11/08/2025 06:12:15,8.94,103.218
11/08/2025 06:22:15,8.93,103.200
11/08/2025 06:32:15,8.92,103.191
11/08/2025 06:42:15,8.91,103.200
11/08/2025 06:52:15,8.90,103.213
11/08/2025 07:02:15,8.89,103.212
11/08/2025 07:12:15,8.88,103.194
11/08/2025 07:22:15,8.88,103.243
11/08/2025 07:32:15,8.87,103.234
11/08/2025 07:42:15,8.87,103.260
11/08/2025 07:52:15,8.87,103.282
11/08/2025 08:02:15,8.87,103.313
11/08/2025 08:12:15,8.87,103.313
11/08/2025 08:22:15,8.87,103.326
11/08/2025 08:32:15,8.88,103.326
11/08/2025 08:42:15,8.88,103.362
11/08/2025 08:52:15,8.90,103.362
11/08/2025 09:02:15,8.92,103.398
11/08/2025 09:12:15,8.94,103.417
11/08/2025 09:22:15,8.96,103.422
11/08/2025 09:32:15,8.98,103.431
11/08/2025 09:42:15,9.01,103.432
11/08/2025 09:52:15,9.05,103.420
11/08/2025 10:02:15,9.08,103.426
11/08/2025 10:12:15,9.11,103.440
11/08/2025 10:22:15,9.15,103.455
11/08/2025 10:32:15,9.20,103.465
11/08/2025 10:42:15,9.25,103.498
11/08/2025 10:52:15,9.30,103.473
11/08/2025 11:02:15,9.34,103.519
11/08/2025 11:12:15,9.39,103.529
11/08/2025 11:22:15,9.44,103.535
11/08/2025 11:32:15,9.48,103.554
11/08/2025 11:42:15,9.51,103.577
11/08/2025 11:52:15,9.55,103.588
11/08/2025 12:02:15,9.61,103.625
11/08/2025 12:12:15,9.67,103.640
11/08/2025 12:22:15,9.73,103.695
11/08/2025 12:32:15,9.78,103.706
11/08/2025 12:42:15,9.83,103.751
11/08/2025 12:52:15,9.86,103.761
11/08/2025 13:02:15,9.89,103.793
11/08/2025 13:12:15,9.92,103.794
11/08/2025 13:22:15,9.95,103.808
11/08/2025 13:32:15,9.96,103.826
11/08/2025 13:42:15,9.97,103.849
11/08/2025 13:52:15,9.99,103.841
11/08/2025 14:02:15,10.00,103.850
11/08/2025 14:12:15,10.02,103.877
11/08/2025 14:22:15,10.03,103.899
11/08/2025 14:32:15,10.04,103.918
11/08/2025 14:42:15,10.05,103.918
11/08/2025 14:52:15,10.06,103.909
11/08/2025 15:02:15,10.06,103.936
11/08/2025 15:12:15,10.05,103.971
11/08/2025 15:22:15,10.05,103.971
11/08/2025 15:32:15,10.04,103.957
11/08/2025 15:42:15,10.03,103.983
11/08/2025 15:52:15,10.02,103.983
11/08/2025 16:02:15,10.00,104.000
11/08/2025 16:12:15,9.99,104.004
11/08/2025 16:22:15,9.97,104.038
11/08/2025 16:32:15,9.95,104.042
11/08/2025 16:42:15,9.93,104.059
11/08/2025 16:52:15,9.91,104.067
11/08/2025 17:02:15,9.89,104.097
11/08/2025 17:12:15,9.87,104.110
11/08/2025 17:22:15,9.86,104.123
11/08/2025 17:32:15,9.84,104.144
11/08/2025 17:42:15,9.83,104.144
11/08/2025 17:52:15,9.81,104.156
11/08/2025 18:02:15,9.79,104.169
11/08/2025 18:12:15,9.78,104.177
11/08/2025 18:22:15,9.77,104.181
11/08/2025 18:32:15,9.75,104.190
11/08/2025 18:42:15,9.74,104.176
11/08/2025 18:52:15,9.73,104.149
11/08/2025 19:02:15,9.72,104.144
11/08/2025 19:12:15,9.70,104.157
11/08/2025 19:22:15,9.69,104.214
11/08/2025 19:32:15,9.68,104.227
11/08/2025 19:42:15,9.67,104.253
11/08/2025 19:52:15,9.65,104.270
11/08/2025 20:02:15,9.63,104.287
11/08/2025 20:12:15,9.62,104.282
11/08/2025 20:22:15,9.60,104.299
11/08/2025 20:32:15,9.58,104.342
11/08/2025 20:42:15,9.56,104.368
11/08/2025 20:52:15,9.55,104.377
11/08/2025 21:02:15,9.53,104.389
11/08/2025 21:12:15,9.52,104.371
11/08/2025 21:22:15,9.51,104.375
11/08/2025 21:32:15,9.50,104.357
11/08/2025 21:42:15,9.48,104.348
11/08/2025 21:52:15,9.46,104.308
11/08/2025 22:02:15,9.45,104.373
11/08/2025 22:12:15,9.43,104.386
11/08/2025 22:22:15,9.41,104.394
11/08/2025 22:32:15,9.39,104.380
11/08/2025 22:42:15,9.37,104.384
11/08/2025 22:52:15,9.36,104.392
11/08/2025 23:02:15,9.34,104.391
11/08/2025 23:12:15,9.32,104.377
11/08/2025 23:22:15,9.30,104.381
11/08/2025 23:32:15,9.28,104.398
11/08/2025 23:42:15,9.26,104.389
11/08/2025 23:52:15,9.24,104.397
11/09/2025 00:02:15,9.23,104.383
11/09/2025 00:12:15,9.21,104.374
11/09/2025 00:22:15,9.19,104.364
11/09/2025 00:32:15,9.18,104.333
11/09/2025 00:42:15,9.16,104.341
11/09/2025 00:52:15,9.14,104.332
11/09/2025 01:02:15,9.13,104.327
11/09/2025 01:12:15,9.11,104.322
11/09/2025 01:22:15,9.09,104.308
11/09/2025 01:32:15,9.08,104.285
11/09/2025 01:42:15,9.06,104.307
11/09/2025 01:52:15,9.04,104.306
11/09/2025 02:02:15,9.03,104.332
11/09/2025 02:12:15,9.01,104.309
11/09/2025 02:22:15,8.99,104.318
11/09/2025 02:32:15,8.97,104.304
11/09/2025 02:42:15,8.96,104.316
11/09/2025 02:52:15,8.94,104.329
11/09/2025 03:02:15,8.92,104.320
11/09/2025 03:12:15,8.91,104.315
11/09/2025 03:22:15,8.89,104.319
11/09/2025 03:32:15,8.88,104.287
11/09/2025 03:42:15,8.86,104.291
11/09/2025 03:52:15,8.85,104.370
11/09/2025 04:02:15,8.83,104.255
11/09/2025 04:12:15,8.81,104.289
11/09/2025 04:22:15,8.79,104.302
11/09/2025 04:32:15,8.78,104.293
11/09/2025 04:42:15,8.76,104.305
11/09/2025 04:52:15,8.74,104.313
11/09/2025 05:02:15,8.72,104.357
11/09/2025 05:12:15,8.70,104.325
11/09/2025 05:22:15,8.68,104.311
11/09/2025 05:32:15,8.67,104.337
11/09/2025 05:42:15,8.65,104.332
11/09/2025 05:52:15,8.63,104.327
11/09/2025 06:02:15,8.61,104.326
11/09/2025 06:12:15,8.59,104.343
11/09/2025 06:22:15,8.57,104.334
11/09/2025 06:32:15,8.55,104.347
11/09/2025 06:42:15,8.54,104.346
11/09/2025 06:52:15,8.52,104.367
11/09/2025 07:02:15,8.51,104.358
11/09/2025 07:12:15,8.49,104.353
11/09/2025 07:22:15,8.48,104.375
11/09/2025 07:32:15,8.47,104.366
11/09/2025 07:42:15,8.45,104.387
11/09/2025 07:52:15,8.44,104.387
11/09/2025 08:02:15,8.43,104.386
11/09/2025 08:12:15,8.42,104.382
11/09/2025 08:22:15,8.41,104.368
11/09/2025 08:32:15,8.41,104.377
11/09/2025 08:42:15,8.40,104.363
11/09/2025 08:52:15,8.40,104.346
11/09/2025 09:02:15,8.39,104.332
11/09/2025 09:12:15,8.39,104.332
11/09/2025 09:22:15,8.38,104.332
11/09/2025 09:32:15,8.38,104.323
11/09/2025 09:42:15,8.38,104.336
11/09/2025 09:52:15,8.38,104.319
11/09/2025 10:02:15,8.38,104.305
11/09/2025 10:12:15,8.39,104.310
11/09/2025 10:22:15,8.40,104.288
11/09/2025 10:32:15,8.41,104.262
11/09/2025 10:42:15,8.43,104.259
11/09/2025 10:52:15,8.45,104.250
11/09/2025 11:02:15,8.47,104.220
11/09/2025 11:12:15,8.49,104.225
11/09/2025 11:22:15,8.51,104.191
11/09/2025 11:32:15,8.54,104.178
11/09/2025 11:42:15,8.56,104.175
11/09/2025 11:52:15,8.61,104.177
11/09/2025 12:02:15,8.66,104.165
11/09/2025 12:12:15,8.71,104.163
11/09/2025 12:22:15,8.75,104.168
11/09/2025 12:32:15,8.79,104.134
11/09/2025 12:42:15,8.83,104.096
11/09/2025 12:52:15,8.86,104.062
11/09/2025 13:02:15,8.89,104.032
11/09/2025 13:12:15,8.91,104.028
11/09/2025 13:22:15,8.94,104.029
11/09/2025 13:32:15,8.98,104.022
11/09/2025 13:42:15,9.01,104.010
11/09/2025 13:52:15,9.05,103.963
11/09/2025 14:02:15,9.08,103.955
11/09/2025 14:12:15,9.11,103.956
11/09/2025 14:22:15,9.14,103.926
11/09/2025 14:32:15,9.16,103.927
11/09/2025 14:42:15,9.18,103.936
11/09/2025 14:52:15,9.19,103.919
11/09/2025 15:02:15,9.20,103.888
11/09/2025 15:12:15,9.20,103.884
11/09/2025 15:22:15,9.20,103.884
11/09/2025 15:32:15,9.20,103.862
11/09/2025 15:42:15,9.20,103.858
11/09/2025 15:52:15,9.20,103.827
11/09/2025 16:02:15,9.20,103.823
11/09/2025 16:12:15,9.20,103.840
11/09/2025 16:22:15,9.21,103.809
11/09/2025 16:32:15,9.21,103.774
11/09/2025 16:42:15,9.21,103.748
11/09/2025 16:52:15,9.21,103.748
11/09/2025 17:02:15,9.21,103.748
11/09/2025 17:12:15,9.21,103.730
11/09/2025 17:22:15,9.21,103.721
11/09/2025 17:32:15,9.21,103.721
11/09/2025 17:42:15,9.21,103.735
11/09/2025 17:52:15,9.22,103.730
11/09/2025 18:02:15,9.22,103.704
11/09/2025 18:12:15,9.23,103.691
11/09/2025 18:22:15,9.23,103.705
11/09/2025 18:32:15,9.24,103.696
11/09/2025 18:42:15,9.27,103.697
11/09/2025 18:52:15,9.29,103.671
11/09/2025 19:02:15,9.31,103.685
11/09/2025 19:12:15,9.32,103.707
11/09/2025 19:22:15,9.36,103.735
11/09/2025 19:32:15,9.40,103.790
11/09/2025 19:42:15,9.44,103.831
11/09/2025 19:52:15,9.51,103.895
11/09/2025 20:02:15,9.64,104.010
11/09/2025 20:12:15,9.71,104.122
11/09/2025 20:22:15,9.75,104.177
11/09/2025 20:32:15,9.87,104.180
11/09/2025 20:42:15,10.15,104.133
11/09/2025 20:52:15,10.45,104.077
11/09/2025 21:02:15,10.61,103.999
11/09/2025 21:12:15,10.62,103.951
11/09/2025 21:22:15,10.55,103.900
11/09/2025 21:32:15,10.43,103.856
11/09/2025 21:42:15,10.31,103.821
11/09/2025 21:52:15,10.19,103.799
11/09/2025 22:02:15,10.08,103.756
11/09/2025 22:12:15,9.99,103.735
11/09/2025 22:22:15,9.93,103.720
11/09/2025 22:32:15,9.88,103.740
11/09/2025 22:42:15,9.84,103.734
11/09/2025 22:52:15,9.81,103.777
11/09/2025 23:02:15,9.79,103.763
11/09/2025 23:12:15,9.77,103.772
11/09/2025 23:22:15,9.75,103.758
11/09/2025 23:32:15,9.73,103.827
11/09/2025 23:42:15,9.71,103.818
11/09/2025 23:52:15,9.69,103.870
11/10/2025 00:02:15,9.67,103.852
11/10/2025 00:12:15,9.65,103.833
11/10/2025 00:22:15,9.63,103.841
11/10/2025 00:32:15,9.61,103.810
11/10/2025 00:42:15,9.59,103.778
11/10/2025 00:52:15,9.57,103.760
11/10/2025 01:02:15,9.56,103.746
11/10/2025 01:12:15,9.54,103.808
11/10/2025 01:22:15,9.53,103.794
11/10/2025 01:32:15,9.52,103.772
11/10/2025 01:42:15,9.52,103.714
11/10/2025 01:52:15,9.51,103.763
11/10/2025 02:02:15,9.51,103.736
11/10/2025 02:12:15,9.50,103.776
11/10/2025 02:22:15,9.50,103.780
11/10/2025 02:32:15,9.50,103.802
11/10/2025 02:42:15,9.50,103.784
11/10/2025 02:52:15,9.49,103.780
11/10/2025 03:02:15,9.49,103.749
11/10/2025 03:12:15,9.49,103.691
11/10/2025 03:22:15,9.49,103.660
11/10/2025 03:32:15,9.49,103.651
11/10/2025 03:42:15,9.49,103.713
11/10/2025 03:52:15,9.49,103.691
11/10/2025 04:02:15,9.49,103.665
11/10/2025 04:12:15,9.50,103.625
11/10/2025 04:22:15,9.50,103.586
11/10/2025 04:32:15,9.51,103.643
11/10/2025 04:42:15,9.52,103.692
11/10/2025 04:52:15,9.53,103.679
11/10/2025 05:02:15,9.53,103.688
11/10/2025 05:12:15,9.54,103.684
11/10/2025 05:22:15,9.54,103.667
11/10/2025 05:32:15,9.54,103.671
11/10/2025 05:42:15,9.54,103.640
11/10/2025 05:52:15,9.55,103.676
11/10/2025 06:02:15,9.55,103.667
11/10/2025 06:12:15,9.55,103.693
11/10/2025 06:22:15,9.55,103.738
11/10/2025 06:32:15,9.55,103.777
11/10/2025 06:42:15,9.55,103.716
11/10/2025 06:52:15,9.55,103.715
11/10/2025 07:02:15,9.55,103.724
11/10/2025 07:12:15,9.55,103.693
11/10/2025 07:22:15,9.55,103.680
11/10/2025 07:32:15,9.54,103.671
11/10/2025 07:42:15,9.54,103.600
11/10/2025 07:52:15,9.53,103.622
11/10/2025 08:02:15,9.53,103.671
11/10/2025 08:12:15,9.52,103.670
11/10/2025 08:22:15,9.52,103.662
11/10/2025 08:32:15,9.53,103.657
11/10/2025 08:42:15,9.53,103.649
11/10/2025 08:52:15,9.53,103.605
11/10/2025 09:02:15,9.53,103.618
11/10/2025 09:12:15,9.54,103.596
11/10/2025 09:22:15,9.55,103.574
11/10/2025 09:32:15,9.56,103.575
11/10/2025 09:42:15,9.57,103.615
11/10/2025 09:52:15,9.59,103.602
11/10/2025 10:02:15,9.61,103.567
11/10/2025 10:12:15,9.63,103.559
11/10/2025 10:22:15,9.65,103.529
11/10/2025 10:32:15,9.66,103.530
11/10/2025 10:42:15,9.68,103.522
11/10/2025 10:52:15,9.70,103.478
11/10/2025 11:02:15,9.72,103.452
11/10/2025 11:12:15,9.74,103.413
11/10/2025 11:22:15,9.77,103.388
11/10/2025 11:32:15,9.79,103.340
11/10/2025 11:42:15,9.81,103.327
11/10/2025 11:52:15,9.82,103.293
11/10/2025 12:02:15,9.84,103.262
11/10/2025 12:12:15,9.86,103.236
11/10/2025 12:22:15,9.87,103.193
11/10/2025 12:32:15,9.88,103.171
11/10/2025 12:42:15,9.88,103.123
11/10/2025 12:52:15,9.89,103.123
11/10/2025 13:02:15,9.89,103.119
11/10/2025 13:12:15,9.90,103.088
11/10/2025 13:22:15,9.90,103.079
11/10/2025 13:32:15,9.90,103.053
11/10/2025 13:42:15,9.91,103.049
11/10/2025 13:52:15,9.91,103.035
11/10/2025 14:02:15,9.91,103.000
11/10/2025 14:12:15,9.91,102.983
11/10/2025 14:22:15,9.91,102.965
11/10/2025 14:32:15,9.91,102.978
11/10/2025 14:42:15,9.91,102.952
11/10/2025 14:52:15,9.92,102.947
11/10/2025 15:02:15,9.92,102.956
11/10/2025 15:12:15,9.93,103.089
11/10/2025 15:22:15,9.93,103.036
11/10/2025 15:32:15,9.93,102.996
11/10/2025 15:42:15,9.93,103.005
11/10/2025 15:52:15,9.94,103.023
11/10/2025 16:02:15,9.98,103.016
11/10/2025 16:12:15,10.00,103.052
11/10/2025 16:22:15,10.01,103.083
11/10/2025 16:32:15,10.01,103.034
11/10/2025 16:42:15,10.03,103.044
11/10/2025 16:52:15,10.09,103.041
11/10/2025 17:02:15,10.14,103.070
11/10/2025 17:12:15,10.17,103.071
11/10/2025 17:22:15,10.19,103.067
11/10/2025 17:32:15,10.19,103.094
11/10/2025 17:42:15,10.24,103.153
11/10/2025 17:52:15,10.28,103.260
11/10/2025 18:02:15,10.27,103.326
11/10/2025 18:12:15,10.25,103.365
11/10/2025 18:22:15,10.29,103.366
11/10/2025 18:32:15,10.38,103.334
11/10/2025 18:42:15,10.45,103.340
11/10/2025 18:52:15,10.48,103.364
11/10/2025 19:02:15,10.47,103.332
11/10/2025 19:12:15,10.44,103.380
11/10/2025 19:22:15,10.39,103.392
11/10/2025 19:32:15,10.35,103.377
11/10/2025 19:42:15,10.32,103.402
11/10/2025 19:52:15,10.30,103.410
11/10/2025 20:02:15,10.28,103.392
11/10/2025 20:12:15,10.25,103.396
11/10/2025 20:22:15,10.21,103.407
11/10/2025 20:32:15,10.16,103.397
11/10/2025 20:42:15,10.10,103.412
11/10/2025 20:52:15,10.04,103.419
11/10/2025 21:02:15,9.98,103.391
11/10/2025 21:12:15,9.92,103.406
11/10/2025 21:22:15,9.86,103.413
11/10/2025 21:32:15,9.81,103.416
11/10/2025 21:42:15,9.75,103.418
11/10/2025 21:52:15,9.69,103.434
11/10/2025 22:02:15,9.64,103.436
11/10/2025 22:12:15,9.58,103.417
11/10/2025 22:22:15,9.53,103.428
11/10/2025 22:32:15,9.49,103.440
11/10/2025 22:42:15,9.44,103.460
11/10/2025 22:52:15,9.40,103.437
11/10/2025 23:02:15,9.36,103.458
11/10/2025 23:12:15,9.32,103.447
11/10/2025 23:22:15,9.28,103.459
11/10/2025 23:32:15,9.24,103.445
11/10/2025 23:42:15,9.20,103.474
11/10/2025 23:52:15,9.16,103.469
11/11/2025 00:02:15,9.13,103.481
11/11/2025 00:12:15,9.09,103.497
11/11/2025 00:22:15,9.05,103.518
11/11/2025 00:32:15,9.01,103.499
11/11/2025 00:42:15,8.98,103.511
11/11/2025 00:52:15,8.94,103.487
11/11/2025 01:02:15,8.89,103.499
11/11/2025 01:12:15,8.85,103.511
11/11/2025 01:22:15,8.81,103.500
11/11/2025 01:32:15,8.76,103.503
11/11/2025 01:42:15,8.72,103.502
11/11/2025 01:52:15,8.67,103.487
11/11/2025 02:02:15,8.63,103.499
11/11/2025 02:12:15,8.59,103.480
11/11/2025 02:22:15,8.55,103.478
11/11/2025 02:32:15,8.51,103.481
11/11/2025 02:42:15,8.47,103.480
11/11/2025 02:52:15,8.43,103.474
11/11/2025 03:02:15,8.39,103.464
11/11/2025 03:12:15,8.36,103.450
11/11/2025 03:22:15,8.32,103.453
11/11/2025 03:32:15,8.28,103.447
11/11/2025 03:42:15,8.25,103.450
11/11/2025 03:52:15,8.21,103.431
11/11/2025 04:02:15,8.17,103.430
11/11/2025 04:12:15,8.14,103.425
11/11/2025 04:22:15,8.10,103.419
11/11/2025 04:32:15,8.07,103.427
11/11/2025 04:42:15,8.03,103.421
11/11/2025 04:52:15,7.99,103.424
11/11/2025 05:02:15,7.96,103.440
11/11/2025 05:12:15,7.92,103.417
11/11/2025 05:22:15,7.88,103.425
11/11/2025 05:32:15,7.85,103.401
11/11/2025 05:42:15,7.81,103.400
11/11/2025 05:52:15,7.78,103.390
11/11/2025 06:02:15,7.74,103.389
11/11/2025 06:12:15,7.70,103.370
11/11/2025 06:22:15,7.67,103.391
11/11/2025 06:32:15,7.63,103.368
11/11/2025 06:42:15,7.60,103.358
11/11/2025 06:52:15,7.56,103.370
11/11/2025 07:02:15,7.53,103.346
11/11/2025 07:12:15,7.50,103.345
11/11/2025 07:22:15,7.46,103.344
11/11/2025 07:32:15,7.43,103.339
11/11/2025 07:42:15,7.40,103.355
11/11/2025 07:52:15,7.37,103.363
11/11/2025 08:02:15,7.34,103.380
11/11/2025 08:12:15,7.31,103.365
11/11/2025 08:22:15,7.28,103.364
11/11/2025 08:32:15,7.26,103.355
11/11/2025 08:42:15,7.23,103.367
11/11/2025 08:52:15,7.20,103.366
11/11/2025 09:02:15,7.18,103.374
11/11/2025 09:12:15,7.16,103.360
11/11/2025 09:22:15,7.14,103.351
11/11/2025 09:32:15,7.12,103.350
11/11/2025 09:42:15,7.11,103.376
11/11/2025 09:52:15,7.09,103.362
11/11/2025 10:02:15,7.08,103.358
11/11/2025 10:12:15,7.07,103.366
11/11/2025 10:22:15,7.06,103.344
11/11/2025 10:32:15,7.05,103.339
11/11/2025 10:42:15,7.04,103.338
11/11/2025 10:52:15,7.03,103.329
11/11/2025 11:02:15,7.02,103.307
11/11/2025 11:12:15,7.01,103.307
11/11/2025 11:22:15,7.00,103.298
11/11/2025 11:32:15,7.00,103.293
11/11/2025 11:42:15,6.99,103.280
11/11/2025 11:52:15,6.99,103.280
11/11/2025 12:02:15,6.98,103.262
11/11/2025 12:12:15,6.98,103.240
11/11/2025 12:22:15,7.00,103.249
11/11/2025 12:32:15,7.01,103.232
11/11/2025 12:42:15,7.01,103.245
11/11/2025 12:52:15,7.01,103.232
11/11/2025 13:02:15,7.03,103.228
11/11/2025 13:12:15,7.04,103.246
11/11/2025 13:22:15,7.05,103.247
11/11/2025 13:32:15,7.06,103.234
11/11/2025 13:42:15,7.07,103.238
11/11/2025 13:52:15,7.09,103.234
11/11/2025 14:02:15,7.10,103.231
11/11/2025 14:12:15,7.12,103.231
11/11/2025 14:22:15,7.14,103.219
11/11/2025 14:32:15,7.14,103.245
11/11/2025 14:42:15,7.14,103.214
11/11/2025 14:52:15,7.14,103.245
11/11/2025 15:02:15,7.13,103.240
11/11/2025 15:12:15,7.12,103.253
11/11/2025 15:22:15,7.11,103.271
11/11/2025 15:32:15,7.10,103.292
11/11/2025 15:42:15,7.09,103.301
11/11/2025 15:52:15,7.08,103.313
11/11/2025 16:02:15,7.06,103.326
11/11/2025 16:12:15,7.04,103.356
11/11/2025 16:22:15,7.02,103.369
11/11/2025 16:32:15,7.00,103.372
11/11/2025 16:42:15,6.97,103.380
11/11/2025 16:52:15,6.94,103.401
11/11/2025 17:02:15,6.91,103.435
11/11/2025 17:12:15,6.88,103.443
11/11/2025 17:22:15,6.86,103.464
11/11/2025 17:32:15,6.83,103.472
11/11/2025 17:42:15,6.81,103.498
11/11/2025 17:52:15,6.78,103.515
11/11/2025 18:02:15,6.76,103.523
11/11/2025 18:12:15,6.74,103.562
11/11/2025 18:22:15,6.71,103.574
11/11/2025 18:32:15,6.69,103.608
11/11/2025 18:42:15,6.67,103.643
11/11/2025 18:52:15,6.65,103.655
11/11/2025 19:02:15,6.62,103.681
11/11/2025 19:12:15,6.60,103.693
11/11/2025 19:22:15,6.57,103.706
11/11/2025 19:32:15,6.55,103.700
11/11/2025 19:42:15,6.53,103.726
11/11/2025 19:52:15,6.51,103.739
11/11/2025 20:02:15,6.49,103.764
11/11/2025 20:12:15,6.47,103.768
11/11/2025 20:22:15,6.46,103.777
11/11/2025 20:32:15,6.45,103.781
11/11/2025 20:42:15,6.45,103.780
11/11/2025 20:52:15,6.44,103.767
11/11/2025 21:02:15,6.44,103.785
11/11/2025 21:12:15,6.43,103.780
11/11/2025 21:22:15,6.43,103.789
11/11/2025 21:32:15,6.42,103.797
11/11/2025 21:42:15,6.42,103.801
11/11/2025 21:52:15,6.41,103.792
11/11/2025 22:02:15,6.40,103.823
11/11/2025 22:12:15,6.40,103.832
11/11/2025 22:22:15,6.40,103.818
11/11/2025 22:32:15,6.39,103.805
11/11/2025 22:42:15,6.39,103.787
11/11/2025 22:52:15,6.38,103.822
11/11/2025 23:02:15,6.37,103.822
11/11/2025 23:12:15,6.36,103.826
11/11/2025 23:22:15,6.35,103.843
11/11/2025 23:32:15,6.34,103.860
11/11/2025 23:42:15,6.33,103.865
11/11/2025 23:52:15,6.32,103.860
11/12/2025 00:02:15,6.31,103.895
11/12/2025 00:12:15,6.30,103.894
11/12/2025 00:22:15,6.29,103.903
11/12/2025 00:32:15,6.28,103.920
11/12/2025 00:42:15,6.26,103.911
11/12/2025 00:52:15,6.25,103.897
11/12/2025 01:02:15,6.24,103.914
11/12/2025 01:12:15,6.23,103.931
11/12/2025 01:22:15,6.21,103.953
11/12/2025 01:32:15,6.20,103.961
11/12/2025 01:42:15,6.19,103.957
11/12/2025 01:52:15,6.18,103.961
11/12/2025 02:02:15,6.17,103.956
11/12/2025 02:12:15,6.16,103.942
11/12/2025 02:22:15,6.16,103.955
11/12/2025 02:32:15,6.15,103.968
11/12/2025 02:42:15,6.13,103.963
11/12/2025 02:52:15,6.12,103.919
11/12/2025 03:02:15,6.11,103.936
11/12/2025 03:12:15,6.10,103.927
11/12/2025 03:22:15,6.09,103.931
11/12/2025 03:32:15,6.08,103.922
11/12/2025 03:42:15,6.08,103.913
11/12/2025 03:52:15,6.07,103.895
11/12/2025 04:02:15,6.06,103.904
11/12/2025 04:12:15,6.05,103.912
11/12/2025 04:22:15,6.05,103.903
11/12/2025 04:32:15,6.04,103.907
11/12/2025 04:42:15,6.03,103.903
11/12/2025 04:52:15,6.02,103.907
11/12/2025 05:02:15,6.02,103.898
11/12/2025 05:12:15,6.01,103.911
11/12/2025 05:22:15,6.00,103.906
11/12/2025 05:32:15,5.99,103.897
11/12/2025 05:42:15,5.99,103.905
11/12/2025 05:52:15,5.98,103.870
11/12/2025 06:02:15,5.97,103.887
11/12/2025 06:12:15,5.97,103.896
11/12/2025 06:22:15,5.96,103.891
11/12/2025 06:32:15,5.95,103.869
11/12/2025 06:42:15,5.94,103.842
11/12/2025 06:52:15,5.93,103.851
11/12/2025 07:02:15,5.92,103.837
11/12/2025 07:12:15,5.92,103.833
11/12/2025 07:22:15,5.91,103.810
11/12/2025 07:32:15,5.91,103.806
11/12/2025 07:42:15,5.90,103.801
11/12/2025 07:52:15,5.90,103.797
11/12/2025 08:02:15,5.90,103.806
11/12/2025 08:12:15,5.90,103.814
11/12/2025 08:22:15,5.90,103.810
11/12/2025 08:32:15,5.91,103.797
11/12/2025 08:42:15,5.91,103.793
11/12/2025 08:52:15,5.92,103.793
11/12/2025 09:02:15,5.93,103.789
11/12/2025 09:12:15,5.94,103.768
11/12/2025 09:22:15,5.96,103.768
11/12/2025 09:32:15,5.97,103.764
11/12/2025 09:42:15,5.99,103.752
11/12/2025 09:52:15,6.01,103.743
11/12/2025 10:02:15,6.03,103.735
11/12/2025 10:12:15,6.05,103.714
11/12/2025 10:22:15,6.08,103.706
11/12/2025 10:32:15,6.10,103.711
11/12/2025 10:42:15,6.12,103.673
11/12/2025 10:52:15,6.15,103.651
11/12/2025 11:02:15,6.18,103.648
11/12/2025 11:12:15,6.21,103.627
11/12/2025 11:22:15,6.25,103.589
11/12/2025 11:32:15,6.28,103.572
11/12/2025 11:42:15,6.32,103.556
11/12/2025 11:52:15,6.36,103.535
11/12/2025 12:02:15,6.39,103.510
11/12/2025 12:12:15,6.44,103.494
11/12/2025 12:22:15,6.48,103.473
11/12/2025 12:32:15,6.52,103.457
11/12/2025 12:42:15,6.57,103.450
11/12/2025 12:52:15,6.61,103.434
11/12/2025 13:02:15,6.66,103.418
11/12/2025 13:12:15,6.70,103.406
11/12/2025 13:22:15,6.73,103.394
11/12/2025 13:32:15,6.76,103.382
11/12/2025 13:42:15,6.78,103.360
11/12/2025 13:52:15,6.80,103.379
11/12/2025 14:02:15,6.82,103.375
11/12/2025 14:12:15,6.83,103.376
11/12/2025 14:22:15,6.85,103.372
11/12/2025 14:32:15,6.86,103.350
11/12/2025 14:42:15,6.87,103.355
11/12/2025 14:52:15,6.88,103.364
11/12/2025 15:02:15,6.89,103.382
11/12/2025 15:12:15,6.90,103.365
11/12/2025 15:22:15,6.91,103.374
11/12/2025 15:32:15,6.91,103.374
11/12/2025 15:42:15,6.92,103.374
11/12/2025 15:52:15,6.92,103.379
11/12/2025 16:02:15,6.92,103.374
11/12/2025 16:12:15,6.93,103.370
11/12/2025 16:22:15,6.93,103.379
11/12/2025 16:32:15,6.93,103.396
11/12/2025 16:42:15,6.93,103.396
11/12/2025 16:52:15,6.93,103.418
11/12/2025 17:02:15,6.93,103.423
11/12/2025 17:12:15,6.92,103.440
11/12/2025 17:22:15,6.92,103.449
11/12/2025 17:32:15,6.92,103.467
11/12/2025 17:42:15,6.92,103.462
11/12/2025 17:52:15,6.93,103.462
11/12/2025 18:02:15,6.93,103.463
11/12/2025 18:12:15,6.94,103.471
11/12/2025 18:22:15,6.94,103.480
11/12/2025 18:32:15,6.94,103.480
11/12/2025 18:42:15,6.93,103.467
11/12/2025 18:52:15,6.94,103.467
11/12/2025 19:02:15,6.94,103.467
11/12/2025 19:12:15,6.94,103.476
11/12/2025 19:22:15,6.94,103.481
11/12/2025 19:32:15,6.95,103.476
11/12/2025 19:42:15,6.95,103.463
11/12/2025 19:52:15,6.96,103.463
11/12/2025 20:02:15,6.96,103.468
11/12/2025 20:12:15,6.97,103.464
11/12/2025 20:22:15,6.97,103.455
11/12/2025 20:32:15,6.98,103.460
11/12/2025 20:42:15,6.98,103.456
11/12/2025 20:52:15,6.99,103.469
11/12/2025 21:02:15,6.98,103.478
11/12/2025 21:12:15,6.98,103.473
11/12/2025 21:22:15,6.98,103.477
11/12/2025 21:32:15,6.98,103.473
11/12/2025 21:42:15,6.98,103.486
11/12/2025 21:52:15,6.97,103.482
11/12/2025 22:02:15,6.97,103.468
11/12/2025 22:12:15,6.97,103.455
11/12/2025 22:22:15,6.97,103.477
11/12/2025 22:32:15,6.97,103.473
11/12/2025 22:42:15,6.97,103.477
11/12/2025 22:52:15,6.96,103.494
11/12/2025 23:02:15,6.96,103.490
11/12/2025 23:12:15,6.96,103.494
11/12/2025 23:22:15,6.96,103.486
11/12/2025 23:32:15,6.96,103.503
11/12/2025 23:42:15,6.96,103.507
11/12/2025 23:52:15,6.95,103.507
11/13/2025 00:02:15,6.95,103.507
11/13/2025 00:12:15,6.95,103.494
11/13/2025 00:22:15,6.95,103.498
11/13/2025 00:32:15,6.94,103.503
11/13/2025 00:42:15,6.94,103.489
11/13/2025 00:52:15,6.94,103.502
11/13/2025 01:02:15,6.93,103.507
11/13/2025 01:12:15,6.93,103.506
11/13/2025 01:22:15,6.92,103.502
11/13/2025 01:32:15,6.92,103.506
11/13/2025 01:42:15,6.92,103.524
11/13/2025 01:52:15,6.91,103.559
11/13/2025 02:02:15,6.91,103.550
11/13/2025 02:12:15,6.90,103.554
11/13/2025 02:22:15,6.89,103.567
11/13/2025 02:32:15,6.88,103.558
11/13/2025 02:42:15,6.87,103.553
11/13/2025 02:52:15,6.86,103.561
11/13/2025 03:02:15,6.85,103.565
11/13/2025 03:12:15,6.84,103.556
11/13/2025 03:22:15,6.83,103.565
11/13/2025 03:32:15,6.82,103.564
11/13/2025 03:42:15,6.81,103.573
11/13/2025 03:52:15,6.80,103.559
11/13/2025 04:02:15,6.79,103.572
11/13/2025 04:12:15,6.79,103.576
11/13/2025 04:22:15,6.78,103.567
11/13/2025 04:32:15,6.78,103.567
11/13/2025 04:42:15,6.77,103.572
11/13/2025 04:52:15,6.77,103.563
11/13/2025 05:02:15,6.76,103.576
11/13/2025 05:12:15,6.76,103.580
11/13/2025 05:22:15,6.75,103.558
11/13/2025 05:32:15,6.74,103.562
11/13/2025 05:42:15,6.74,103.548
11/13/2025 05:52:15,6.73,103.570
11/13/2025 06:02:15,6.73,103.566
11/13/2025 06:12:15,6.72,103.570
11/13/2025 06:22:15,6.71,103.578
11/13/2025 06:32:15,6.71,103.596
11/13/2025 06:42:15,6.70,103.613
11/13/2025 06:52:15,6.70,103.609
11/13/2025 07:02:15,6.69,103.604
11/13/2025 07:12:15,6.69,103.622
11/13/2025 07:22:15,6.68,103.617
11/13/2025 07:32:15,6.68,103.630
11/13/2025 07:42:15,6.67,103.661
11/13/2025 07:52:15,6.67,103.652
11/13/2025 08:02:15,6.67,103.661
11/13/2025 08:12:15,6.68,103.652
11/13/2025 08:22:15,6.68,103.661
11/13/2025 08:32:15,6.69,103.657
11/13/2025 08:42:15,6.70,103.657
11/13/2025 08:52:15,6.71,103.644
11/13/2025 09:02:15,6.72,103.654
11/13/2025 09:12:15,6.74,103.650
11/13/2025 09:22:15,6.76,103.664
11/13/2025 09:32:15,6.79,103.634
11/13/2025 09:42:15,6.82,103.648
11/13/2025 09:52:15,6.84,103.640
11/13/2025 10:02:15,6.87,103.637
11/13/2025 10:12:15,6.90,103.629
11/13/2025 10:22:15,6.93,103.630
11/13/2025 10:32:15,6.96,103.622
11/13/2025 10:42:15,6.99,103.606
11/13/2025 10:52:15,7.02,103.606
11/13/2025 11:02:15,7.04,103.603
11/13/2025 11:12:15,7.07,103.595
11/13/2025 11:22:15,7.10,103.574
11/13/2025 11:32:15,7.13,103.579
11/13/2025 11:42:15,7.17,103.563
11/13/2025 11:52:15,7.20,103.551
11/13/2025 12:02:15,7.23,103.556
11/13/2025 12:12:15,7.26,103.553
11/13/2025 12:22:15,7.28,103.545
11/13/2025 12:32:15,7.31,103.559
11/13/2025 12:42:15,7.33,103.569
11/13/2025 12:52:15,7.34,103.560
11/13/2025 13:02:15,7.36,103.570
11/13/2025 13:12:15,7.37,103.579
11/13/2025 13:22:15,7.39,103.584
11/13/2025 13:32:15,7.41,103.571
11/13/2025 13:42:15,7.43,103.572
11/13/2025 13:52:15,7.45,103.599
11/13/2025 14:02:15,7.46,103.600
11/13/2025 14:12:15,7.48,103.583
11/13/2025 14:22:15,7.49,103.610
11/13/2025 14:32:15,7.51,103.623
11/13/2025 14:42:15,7.52,103.632
11/13/2025 14:52:15,7.53,103.664
11/13/2025 15:02:15,7.54,103.673
11/13/2025 15:12:15,7.55,103.695
11/13/2025 15:22:15,7.55,103.708
11/13/2025 15:32:15,7.56,103.726
11/13/2025 15:42:15,7.56,103.739
11/13/2025 15:52:15,7.56,103.757
11/13/2025 16:02:15,7.56,103.783
11/13/2025 16:12:15,7.55,103.797
11/13/2025 16:22:15,7.55,103.801
11/13/2025 16:32:15,7.55,103.823
11/13/2025 16:42:15,7.54,103.849
11/13/2025 16:52:15,7.54,103.884
11/13/2025 17:02:15,7.53,103.910
11/13/2025 17:12:15,7.52,103.932
11/13/2025 17:22:15,7.52,103.954
11/13/2025 17:32:15,7.50,103.975
11/13/2025 17:42:15,7.49,103.984
11/13/2025 17:52:15,7.48,103.997
11/13/2025 18:02:15,7.47,104.001
11/13/2025 18:12:15,7.46,104.009
11/13/2025 18:22:15,7.46,104.022
11/13/2025 18:32:15,7.45,104.022
11/13/2025 18:42:15,7.44,104.017
11/13/2025 18:52:15,7.42,104.052
11/13/2025 19:02:15,7.41,104.056
11/13/2025 19:12:15,7.39,104.051
11/13/2025 19:22:15,7.37,104.055
11/13/2025 19:32:15,7.36,104.041
11/13/2025 19:42:15,7.34,104.045
11/13/2025 19:52:15,7.33,104.071
11/13/2025 20:02:15,7.32,104.057
11/13/2025 20:12:15,7.31,104.048
11/13/2025 20:22:15,7.30,104.057
11/13/2025 20:32:15,7.29,104.083
11/13/2025 20:42:15,7.28,104.087
11/13/2025 20:52:15,7.27,104.104
11/13/2025 21:02:15,7.25,104.112
11/13/2025 21:12:15,7.24,104.112
11/13/2025 21:22:15,7.23,104.081
11/13/2025 21:32:15,7.22,104.093
11/13/2025 21:42:15,7.20,104.080
11/13/2025 21:52:15,7.19,104.083
11/13/2025 22:02:15,7.17,104.078
11/13/2025 22:12:15,7.15,104.051
11/13/2025 22:22:15,7.13,104.064
11/13/2025 22:32:15,7.11,104.081
11/13/2025 22:42:15,7.09,104.093
11/13/2025 22:52:15,7.07,104.097
11/13/2025 23:02:15,7.04,104.078
11/13/2025 23:12:15,7.02,104.095
11/13/2025 23:22:15,7.00,104.059
11/13/2025 23:32:15,6.98,104.081
11/13/2025 23:42:15,6.95,104.075
11/13/2025 23:52:15,6.93,104.075
11/14/2025 00:02:15,6.91,104.069
11/14/2025 00:12:15,6.89,104.073
11/14/2025 00:22:15,6.86,104.068
11/14/2025 00:32:15,6.84,104.063
11/14/2025 00:42:15,6.82,104.057
11/14/2025 00:52:15,6.79,104.061
11/14/2025 01:02:15,6.78,104.078
11/14/2025 01:12:15,6.76,104.064
11/14/2025 01:22:15,6.75,104.104
11/14/2025 01:32:15,6.74,104.116
11/14/2025 01:42:15,6.73,104.107
11/14/2025 01:52:15,6.72,104.107
11/14/2025 02:02:15,6.70,104.111
11/14/2025 02:12:15,6.69,104.106
11/14/2025 02:22:15,6.67,104.123
11/14/2025 02:32:15,6.66,104.135
11/14/2025 02:42:15,6.64,104.139
11/14/2025 02:52:15,6.62,104.121
11/14/2025 03:02:15,6.60,104.125
11/14/2025 03:12:15,6.59,104.138
11/14/2025 03:22:15,6.57,104.146
11/14/2025 03:32:15,6.56,104.158
11/14/2025 03:42:15,6.54,104.158
11/14/2025 03:52:15,6.52,104.166
11/14/2025 04:02:15,6.49,104.174
11/14/2025 04:12:15,6.47,104.191
11/14/2025 04:22:15,6.44,104.207
11/14/2025 04:32:15,6.41,104.202
11/14/2025 04:42:15,6.38,104.232
11/14/2025 04:52:15,6.35,104.222
11/14/2025 05:02:15,6.32,104.229
11/14/2025 05:12:15,6.29,104.220
11/14/2025 05:22:15,6.26,104.250
11/14/2025 05:32:15,6.23,104.257
11/14/2025 05:42:15,6.21,104.278
11/14/2025 05:52:15,6.18,104.295
11/14/2025 06:02:15,6.15,104.329
11/14/2025 06:12:15,6.11,104.346
11/14/2025 06:22:15,6.08,104.353
11/14/2025 06:32:15,6.05,104.392
11/14/2025 06:42:15,6.02,104.391
11/14/2025 06:52:15,5.99,104.412
11/14/2025 07:02:15,5.96,104.441
11/14/2025 07:12:15,5.93,104.431
11/14/2025 07:22:15,5.89,104.417
11/14/2025 07:32:15,5.86,104.451
11/14/2025 07:42:15,5.83,104.446
11/14/2025 07:52:15,5.81,104.436
11/14/2025 08:02:15,5.78,104.448
11/14/2025 08:12:15,5.76,104.465
11/14/2025 08:22:15,5.75,104.456
11/14/2025 08:32:15,5.73,104.451
11/14/2025 08:42:15,5.72,104.459
11/14/2025 08:52:15,5.71,104.450
11/14/2025 09:02:15,5.71,104.442
11/14/2025 09:12:15,5.72,104.446
11/14/2025 09:22:15,5.72,104.446
11/14/2025 09:32:15,5.73,104.438
11/14/2025 09:42:15,5.75,104.430
11/14/2025 09:52:15,5.76,104.430
11/14/2025 10:02:15,5.79,104.427
11/14/2025 10:12:15,5.82,104.428
11/14/2025 10:22:15,5.85,104.407
11/14/2025 10:32:15,5.89,104.413
11/14/2025 10:42:15,5.93,104.392
11/14/2025 10:52:15,5.97,104.349
11/14/2025 11:02:15,6.01,104.351
11/14/2025 11:12:15,6.05,104.330
11/14/2025 11:22:15,6.10,104.319
11/14/2025 11:32:15,6.15,104.298
11/14/2025 11:42:15,6.21,104.287
11/14/2025 11:52:15,6.27,104.263
11/14/2025 12:02:15,6.34,104.239
11/14/2025 12:12:15,6.41,104.219
11/14/2025 12:22:15,6.48,104.213
11/14/2025 12:32:15,6.55,104.176
11/14/2025 12:42:15,6.61,104.182
11/14/2025 12:52:15,6.64,104.161
11/14/2025 13:02:15,6.66,104.140
11/14/2025 13:12:15,6.67,104.132
11/14/2025 13:22:15,6.67,104.123
11/14/2025 13:32:15,6.67,104.114
11/14/2025 13:42:15,6.66,104.096
11/14/2025 13:52:15,6.65,104.087
11/14/2025 14:02:15,6.64,104.100
11/14/2025 14:12:15,6.63,104.091
11/14/2025 14:22:15,6.63,104.086
11/14/2025 14:32:15,6.63,104.082
11/14/2025 14:42:15,6.63,104.073
11/14/2025 14:52:15,6.64,104.056
11/14/2025 15:02:15,6.64,104.056
11/14/2025 15:12:15,6.63,104.060
11/14/2025 15:22:15,6.63,104.046
11/14/2025 15:32:15,6.62,104.046
11/14/2025 15:42:15,6.60,104.032
11/14/2025 15:52:15,6.60,104.032
11/14/2025 16:02:15,6.59,104.023
11/14/2025 16:12:15,6.58,104.036
11/14/2025 16:22:15,6.57,104.018
11/14/2025 16:32:15,6.57,104.014
11/14/2025 16:42:15,6.57,104.005
11/14/2025 16:52:15,6.56,104.000
11/14/2025 17:02:15,6.57,104.005
11/14/2025 17:12:15,6.57,103.987
11/14/2025 17:22:15,6.57,103.983
11/14/2025 17:32:15,6.58,103.992
11/14/2025 17:42:15,6.58,103.970
11/14/2025 17:52:15,6.58,103.957
11/14/2025 18:02:15,6.59,103.966
11/14/2025 18:12:15,6.60,103.966
11/14/2025 18:22:15,6.60,103.953
11/14/2025 18:32:15,6.61,103.936
11/14/2025 18:42:15,6.62,103.932
11/14/2025 18:52:15,6.63,103.919
11/14/2025 19:02:15,6.64,103.906
11/14/2025 19:12:15,6.64,103.902
11/14/2025 19:22:15,6.65,103.893
11/14/2025 19:32:15,6.66,103.876
11/14/2025 19:42:15,6.67,103.876
11/14/2025 19:52:15,6.68,103.863
11/14/2025 20:02:15,6.69,103.921
11/14/2025 20:12:15,6.69,103.930
11/14/2025 20:22:15,6.69,103.890
11/14/2025 20:32:15,6.70,103.899
11/14/2025 20:42:15,6.70,103.908
11/14/2025 20:52:15,6.70,103.904
11/14/2025 21:02:15,6.70,103.917
11/14/2025 21:12:15,6.69,103.925
11/14/2025 21:22:15,6.69,103.925
11/14/2025 21:32:15,6.68,103.929
11/14/2025 21:42:15,6.68,103.934
11/14/2025 21:52:15,6.67,103.960
11/14/2025 22:02:15,6.67,103.933
11/14/2025 22:12:15,6.67,103.942
11/14/2025 22:22:15,6.67,103.920
11/14/2025 22:32:15,6.66,103.911
11/14/2025 22:42:15,6.66,103.920
11/14/2025 22:52:15,6.65,103.924
11/14/2025 23:02:15,6.64,103.924
11/14/2025 23:12:15,6.62,103.910
11/14/2025 23:22:15,6.60,103.931
11/14/2025 23:32:15,6.58,103.904
11/14/2025 23:42:15,6.56,103.899
11/14/2025 23:52:15,6.54,103.898
11/15/2025 00:02:15,6.51,103.880
11/15/2025 00:12:15,6.49,103.896
11/15/2025 00:22:15,6.46,103.882
11/15/2025 00:32:15,6.44,103.899
11/15/2025 00:42:15,6.41,103.898
11/15/2025 00:52:15,6.39,103.884
11/15/2025 01:02:15,6.36,103.901
11/15/2025 01:12:15,6.34,103.891
11/15/2025 01:22:15,6.30,103.930
11/15/2025 01:32:15,6.27,103.928
11/15/2025 01:42:15,6.24,103.941
11/15/2025 01:52:15,6.20,103.926
11/15/2025 02:02:15,6.17,103.912
11/15/2025 02:12:15,6.14,103.924
11/15/2025 02:22:15,6.11,103.914
11/15/2025 02:32:15,6.07,103.908
11/15/2025 02:42:15,6.04,103.907
11/15/2025 02:52:15,6.01,103.911
11/15/2025 03:02:15,5.98,103.896
11/15/2025 03:12:15,5.95,103.887
11/15/2025 03:22:15,5.92,103.886
11/15/2025 03:32:15,5.89,103.889
11/15/2025 03:42:15,5.86,103.879
11/15/2025 03:52:15,5.83,103.869
11/15/2025 04:02:15,5.80,103.842
11/15/2025 04:12:15,5.77,103.845
11/15/2025 04:22:15,5.73,103.853
11/15/2025 04:32:15,5.70,103.843
11/15/2025 04:42:15,5.67,103.842
11/15/2025 04:52:15,5.64,103.832
11/15/2025 05:02:15,5.60,103.822
11/15/2025 05:12:15,5.57,103.816
11/15/2025 05:22:15,5.54,103.815
11/15/2025 05:32:15,5.50,103.814
11/15/2025 05:42:15,5.47,103.826
11/15/2025 05:52:15,5.44,103.807
11/15/2025 06:02:15,5.40,103.806
11/15/2025 06:12:15,5.37,103.814
11/15/2025 06:22:15,5.34,103.808
11/15/2025 06:32:15,5.31,103.803
11/15/2025 06:42:15,5.27,103.788
11/15/2025 06:52:15,5.24,103.814
11/15/2025 07:02:15,5.20,103.803
11/15/2025 07:12:15,5.16,103.811
11/15/2025 07:22:15,5.13,103.788
11/15/2025 07:32:15,5.09,103.787
11/15/2025 07:42:15,5.06,103.781
11/15/2025 07:52:15,5.03,103.780
11/15/2025 08:02:15,5.01,103.757
11/15/2025 08:12:15,4.98,103.739
11/15/2025 08:22:15,4.96,103.725
11/15/2025 08:32:15,4.94,103.693
11/15/2025 08:42:15,4.93,103.684
11/15/2025 08:52:15,4.93,103.658
11/15/2025 09:02:15,4.92,103.653
11/15/2025 09:12:15,4.92,103.640
11/15/2025 09:22:15,4.92,103.627
11/15/2025 09:32:15,4.93,103.601
11/15/2025 09:42:15,4.94,103.601
11/15/2025 09:52:15,4.95,103.619
11/15/2025 10:02:15,4.97,103.611
11/15/2025 10:12:15,5.00,103.603
11/15/2025 10:22:15,5.04,103.600
11/15/2025 10:32:15,5.09,103.553
11/15/2025 10:42:15,5.13,103.550
11/15/2025 10:52:15,5.17,103.512
11/15/2025 11:02:15,5.20,103.487
11/15/2025 11:12:15,5.24,103.453
11/15/2025 11:22:15,5.29,103.424
11/15/2025 11:32:15,5.34,103.386
11/15/2025 11:42:15,5.40,103.375
11/15/2025 11:52:15,5.46,103.342
11/15/2025 12:02:15,5.52,103.309
11/15/2025 12:12:15,5.59,103.293
11/15/2025 12:22:15,5.65,103.265
11/15/2025 12:32:15,5.71,103.245
11/15/2025 12:42:15,5.77,103.216
11/15/2025 12:52:15,5.81,103.209
11/15/2025 13:02:15,5.85,103.166
11/15/2025 13:12:15,5.87,103.149
11/15/2025 13:22:15,5.89,103.092
11/15/2025 13:32:15,5.91,103.075
11/15/2025 13:42:15,5.92,103.067
11/15/2025 13:52:15,5.93,103.032
11/15/2025 14:02:15,5.93,103.019
11/15/2025 14:12:15,5.92,103.005
11/15/2025 14:22:15,5.92,102.992
11/15/2025 14:32:15,5.93,102.997
11/15/2025 14:42:15,5.93,102.988
11/15/2025 14:52:15,5.94,102.971
11/15/2025 15:02:15,5.95,102.931
11/15/2025 15:12:15,5.95,102.940
11/15/2025 15:22:15,5.96,102.914
11/15/2025 15:32:15,5.96,102.857
11/15/2025 15:42:15,5.96,102.822
11/15/2025 15:52:15,5.96,102.817
11/15/2025 16:02:15,5.96,102.778
11/15/2025 16:12:15,5.96,102.760
11/15/2025 16:22:15,5.96,102.756
11/15/2025 16:32:15,5.97,102.769
11/15/2025 16:42:15,5.97,102.760
11/15/2025 16:52:15,5.96,102.765
11/15/2025 17:02:15,5.96,102.760
11/15/2025 17:12:15,5.95,102.720
11/15/2025 17:22:15,5.94,102.689
11/15/2025 17:32:15,5.93,102.684
11/15/2025 17:42:15,5.92,102.671
11/15/2025 17:52:15,5.91,102.666
11/15/2025 18:02:15,5.91,102.622
11/15/2025 18:12:15,5.91,102.591
11/15/2025 18:22:15,5.92,102.565
11/15/2025 18:32:15,5.93,102.526
11/15/2025 18:42:15,5.94,102.526
11/15/2025 18:52:15,5.95,102.513
11/15/2025 19:02:15,5.97,102.483
11/15/2025 19:12:15,5.98,102.466
11/15/2025 19:22:15,5.99,102.418
11/15/2025 19:32:15,6.01,102.396
11/15/2025 19:42:15,6.02,102.436
11/15/2025 19:52:15,6.04,102.459
11/15/2025 20:02:15,6.05,102.653
11/15/2025 20:12:15,6.07,102.557
11/15/2025 20:22:15,6.09,102.549
11/15/2025 20:32:15,6.26,102.674
11/15/2025 20:42:15,6.46,102.812
11/15/2025 20:52:15,6.53,103.075
11/15/2025 21:02:15,6.52,103.308
11/15/2025 21:12:15,6.63,103.422
11/15/2025 21:22:15,7.05,103.436
11/15/2025 21:32:15,7.43,103.458
11/15/2025 21:42:15,7.60,103.499
11/15/2025 21:52:15,7.59,103.569
11/15/2025 22:02:15,7.50,103.658
11/15/2025 22:12:15,7.38,103.711
11/15/2025 22:22:15,7.28,103.734
11/15/2025 22:32:15,7.20,103.718
11/15/2025 22:42:15,7.12,103.654
11/15/2025 22:52:15,7.04,103.598
11/15/2025 23:02:15,6.96,103.521
11/15/2025 23:12:15,6.89,103.492
11/15/2025 23:22:15,6.85,103.526
11/15/2025 23:32:15,6.82,103.639
11/15/2025 23:42:15,6.80,103.683
11/15/2025 23:52:15,6.81,103.687
11/16/2025 00:02:15,6.86,103.667
11/16/2025 00:12:15,6.88,103.615
11/16/2025 00:22:15,6.87,103.549
11/16/2025 00:32:15,6.86,103.469
11/16/2025 00:42:15,6.85,103.389
11/16/2025 00:52:15,6.82,103.327
11/16/2025 01:02:15,6.80,103.273
11/16/2025 01:12:15,6.78,103.228
11/16/2025 01:22:15,6.76,103.228
11/16/2025 01:32:15,6.73,103.222
11/16/2025 01:42:15,6.71,103.217
11/16/2025 01:52:15,6.70,103.226
11/16/2025 02:02:15,6.71,103.239
11/16/2025 02:12:15,6.73,103.297
11/16/2025 02:22:15,6.73,103.328
11/16/2025 02:32:15,6.75,103.316
11/16/2025 02:42:15,6.79,103.282
11/16/2025 02:52:15,6.81,103.238
11/16/2025 03:02:15,6.81,103.199
11/16/2025 03:12:15,6.79,103.167
11/16/2025 03:22:15,6.76,103.126
11/16/2025 03:32:15,6.73,103.077
11/16/2025 03:42:15,6.69,103.031
11/16/2025 03:52:15,6.65,103.008
11/16/2025 04:02:15,6.61,102.963
11/16/2025 04:12:15,6.58,102.949
11/16/2025 04:22:15,6.56,102.930
11/16/2025 04:32:15,6.54,102.890
11/16/2025 04:42:15,6.52,102.885
11/16/2025 04:52:15,6.50,102.871
11/16/2025 05:02:15,6.49,102.862
11/16/2025 05:12:15,6.47,102.852
11/16/2025 05:22:15,6.46,102.839
11/16/2025 05:32:15,6.45,102.834
11/16/2025 05:42:15,6.44,102.816
11/16/2025 05:52:15,6.43,102.803
11/16/2025 06:02:15,6.42,102.767
11/16/2025 06:12:15,6.41,102.758
11/16/2025 06:22:15,6.40,102.727
11/16/2025 06:32:15,6.39,102.739
11/16/2025 06:42:15,6.37,102.721
11/16/2025 06:52:15,6.36,102.734
11/16/2025 07:02:15,6.35,102.716
11/16/2025 07:12:15,6.35,102.720
11/16/2025 07:22:15,6.34,102.707
11/16/2025 07:32:15,6.33,102.702
11/16/2025 07:42:15,6.32,102.715
11/16/2025 07:52:15,6.32,102.715
11/16/2025 08:02:15,6.31,102.715
11/16/2025 08:12:15,6.31,102.693
11/16/2025 08:22:15,6.31,102.693
11/16/2025 08:32:15,6.31,102.680
11/16/2025 08:42:15,6.31,102.697
11/16/2025 08:52:15,6.32,102.746
11/16/2025 09:02:15,6.33,102.746
11/16/2025 09:12:15,6.34,102.778
11/16/2025 09:22:15,6.36,102.800
11/16/2025 09:32:15,6.38,102.823
11/16/2025 09:42:15,6.40,102.854
11/16/2025 09:52:15,6.42,102.860
11/16/2025 10:02:15,6.44,102.887
11/16/2025 10:12:15,6.47,102.896
11/16/2025 10:22:15,6.48,102.923
11/16/2025 10:32:15,6.50,102.946
11/16/2025 10:42:15,6.52,102.977
11/16/2025 10:52:15,6.54,102.991
11/16/2025 11:02:15,6.57,103.032
11/16/2025 11:12:15,6.58,103.059
11/16/2025 11:22:15,6.60,103.037
11/16/2025 11:32:15,6.62,103.073
11/16/2025 11:42:15,6.64,103.083
11/16/2025 11:52:15,6.66,103.110
11/16/2025 12:02:15,6.69,103.115
11/16/2025 12:12:15,6.73,103.108
11/16/2025 12:22:15,6.78,103.123
11/16/2025 12:32:15,6.83,103.111
11/16/2025 12:42:15,6.87,103.148
11/16/2025 12:52:15,6.91,103.132
11/16/2025 13:02:15,6.94,103.164
11/16/2025 13:12:15,6.97,103.173
11/16/2025 13:22:15,6.99,103.183
11/16/2025 13:32:15,7.00,103.174
11/16/2025 13:42:15,7.02,103.193
11/16/2025 13:52:15,7.04,103.184
11/16/2025 14:02:15,7.05,103.194
11/16/2025 14:12:15,7.06,103.203
11/16/2025 14:22:15,7.06,103.238
11/16/2025 14:32:15,7.06,103.286
11/16/2025 14:42:15,7.06,103.295
11/16/2025 14:52:15,7.05,103.295
11/16/2025 15:02:15,7.04,103.325
11/16/2025 15:12:15,7.03,103.360
11/16/2025 15:22:15,7.03,103.387
11/16/2025 15:32:15,7.03,103.417
11/16/2025 15:42:15,7.03,103.444
11/16/2025 15:52:15,7.03,103.435
11/16/2025 16:02:15,7.03,103.466
11/16/2025 16:12:15,7.03,103.492
11/16/2025 16:22:15,7.03,103.505
11/16/2025 16:32:15,7.03,103.532
11/16/2025 16:42:15,7.03,103.549
11/16/2025 16:52:15,7.02,103.541
11/16/2025 17:02:15,7.02,103.545
11/16/2025 17:12:15,7.02,103.558
11/16/2025 17:22:15,7.01,103.571
11/16/2025 17:32:15,7.00,103.566
11/16/2025 17:42:15,7.00,103.566
11/16/2025 17:52:15,6.99,103.570
11/16/2025 18:02:15,6.98,103.588
11/16/2025 18:12:15,6.97,103.609
11/16/2025 18:22:15,6.96,103.622
11/16/2025 18:32:15,6.95,103.600
11/16/2025 18:42:15,6.94,103.608
11/16/2025 18:52:15,6.93,103.590
11/16/2025 19:02:15,6.92,103.607
11/16/2025 19:12:15,6.91,103.620
11/16/2025 19:22:15,6.90,103.607
11/16/2025 19:32:15,6.88,103.633
11/16/2025 19:42:15,6.87,103.628
11/16/2025 19:52:15,6.86,103.610
11/16/2025 20:02:15,6.84,103.605
11/16/2025 20:12:15,6.82,103.626
11/16/2025 20:22:15,6.81,103.652
11/16/2025 20:32:15,6.79,103.643
11/16/2025 20:42:15,6.77,103.646
11/16/2025 20:52:15,6.75,103.659
11/16/2025 21:02:15,6.73,103.663
11/16/2025 21:12:15,6.71,103.675
11/16/2025 21:22:15,6.68,103.665
11/16/2025 21:32:15,6.65,103.664
11/16/2025 21:42:15,6.62,103.654
11/16/2025 21:52:15,6.59,103.645
11/16/2025 22:02:15,6.56,103.635
11/16/2025 22:12:15,6.53,103.643
11/16/2025 22:22:15,6.50,103.633
11/16/2025 22:32:15,6.47,103.640
11/16/2025 22:42:15,6.44,103.631
11/16/2025 22:52:15,6.41,103.621
11/16/2025 23:02:15,6.38,103.637
11/16/2025 23:12:15,6.36,103.654
11/16/2025 23:22:15,6.33,103.644
11/16/2025 23:32:15,6.30,103.639
11/16/2025 23:42:15,6.27,103.629
11/16/2025 23:52:15,6.25,103.620
11/17/2025 00:02:15,6.22,103.597
11/17/2025 00:12:15,6.19,103.596
11/17/2025 00:22:15,6.16,103.586
11/17/2025 00:32:15,6.14,103.567
11/17/2025 00:42:15,6.11,103.566
11/17/2025 00:52:15,6.08,103.561
11/17/2025 01:02:15,6.05,103.569
11/17/2025 01:12:15,6.01,103.567
11/17/2025 01:22:15,5.98,103.575
11/17/2025 01:32:15,5.94,103.583
11/17/2025 01:42:15,5.91,103.577
11/17/2025 01:52:15,5.87,103.585
11/17/2025 02:02:15,5.83,103.601
11/17/2025 02:12:15,5.80,103.609
11/17/2025 02:22:15,5.76,103.599
11/17/2025 02:32:15,5.73,103.606
11/17/2025 02:42:15,5.70,103.587
11/17/2025 02:52:15,5.66,103.586
11/17/2025 03:02:15,5.63,103.585
11/17/2025 03:12:15,5.60,103.606
11/17/2025 03:22:15,5.57,103.614
11/17/2025 03:32:15,5.54,103.608
11/17/2025 03:42:15,5.51,103.599
11/17/2025 03:52:15,5.48,103.593
11/17/2025 04:02:15,5.45,103.623
11/17/2025 04:12:15,5.42,103.613
11/17/2025 04:22:15,5.40,103.630
11/17/2025 04:32:15,5.37,103.629
11/17/2025 04:42:15,5.34,103.624
11/17/2025 04:52:15,5.32,103.649
11/17/2025 05:02:15,5.30,103.648
11/17/2025 05:12:15,5.27,103.656
11/17/2025 05:22:15,5.25,103.673
11/17/2025 05:32:15,5.23,103.668
11/17/2025 05:42:15,5.20,103.658
11/17/2025 05:52:15,5.18,103.671
11/17/2025 06:02:15,5.15,103.670
11/17/2025 06:12:15,5.13,103.687
11/17/2025 06:22:15,5.10,103.694
11/17/2025 06:32:15,5.08,103.698
11/17/2025 06:42:15,5.05,103.719
11/17/2025 06:52:15,5.03,103.745
11/17/2025 07:02:15,5.01,103.762
11/17/2025 07:12:15,4.99,103.770
11/17/2025 07:22:15,4.97,103.778
11/17/2025 07:32:15,4.95,103.782
11/17/2025 07:42:15,4.93,103.785
11/17/2025 07:52:15,4.92,103.789
11/17/2025 08:02:15,4.90,103.806
11/17/2025 08:12:15,4.89,103.824
11/17/2025 08:22:15,4.88,103.828
11/17/2025 08:32:15,4.87,103.832
11/17/2025 08:42:15,4.87,103.845
11/17/2025 08:52:15,4.87,103.858
11/17/2025 09:02:15,4.87,103.858
11/17/2025 09:12:15,4.87,103.854
11/17/2025 09:22:15,4.88,103.872
11/17/2025 09:32:15,4.89,103.876
11/17/2025 09:42:15,4.89,103.890
11/17/2025 09:52:15,4.91,103.895
11/17/2025 10:02:15,4.93,103.913
11/17/2025 10:12:15,4.95,103.901
11/17/2025 10:22:15,4.99,103.902
11/17/2025 10:32:15,5.01,103.920
11/17/2025 10:42:15,5.04,103.917
11/17/2025 10:52:15,5.06,103.918
11/17/2025 11:02:15,5.09,103.927
11/17/2025 11:12:15,5.13,103.915
11/17/2025 11:22:15,5.16,103.908
11/17/2025 11:32:15,5.20,103.892
11/17/2025 11:42:15,5.25,103.893
11/17/2025 11:52:15,5.30,103.912
11/17/2025 12:02:15,5.35,103.901
11/17/2025 12:12:15,5.39,103.894
11/17/2025 12:22:15,5.43,103.913
11/17/2025 12:32:15,5.47,103.914
11/17/2025 12:42:15,5.50,103.933
11/17/2025 12:52:15,5.52,103.938
11/17/2025 13:02:15,5.54,103.952
11/17/2025 13:12:15,5.55,103.952
11/17/2025 13:22:15,5.57,103.961
11/17/2025 13:32:15,5.58,103.953
11/17/2025 13:42:15,5.58,103.975
11/17/2025 13:52:15,5.59,103.962
11/17/2025 14:02:15,5.60,103.971
11/17/2025 14:12:15,5.60,103.967
11/17/2025 14:22:15,5.60,103.998
11/17/2025 14:32:15,5.60,104.015
11/17/2025 14:42:15,5.59,104.032
11/17/2025 14:52:15,5.58,104.067
11/17/2025 15:02:15,5.57,104.071
11/17/2025 15:12:15,5.56,104.106
11/17/2025 15:22:15,5.56,104.111
11/17/2025 15:32:15,5.55,104.146
11/17/2025 15:42:15,5.55,104.141
11/17/2025 15:52:15,5.55,104.172
11/17/2025 16:02:15,5.56,104.181
11/17/2025 16:12:15,5.56,104.208
11/17/2025 16:22:15,5.57,104.221
11/17/2025 16:32:15,5.57,104.234
11/17/2025 16:42:15,5.57,104.252
11/17/2025 16:52:15,5.58,104.261
11/17/2025 17:02:15,5.58,104.274
11/17/2025 17:12:15,5.59,104.292
11/17/2025 17:22:15,5.59,104.314
11/17/2025 17:32:15,5.59,104.314
11/17/2025 17:42:15,5.60,104.328
11/17/2025 17:52:15,5.60,104.341
11/17/2025 18:02:15,5.60,104.337
11/17/2025 18:12:15,5.60,104.337
11/17/2025 18:22:15,5.60,104.359
11/17/2025 18:32:15,5.60,104.363
11/17/2025 18:42:15,5.60,104.363
11/17/2025 18:52:15,5.60,104.394
11/17/2025 19:02:15,5.60,104.398
11/17/2025 19:12:15,5.60,104.420
11/17/2025 19:22:15,5.61,104.398
11/17/2025 19:32:15,5.61,104.416
11/17/2025 19:42:15,5.61,104.403
11/17/2025 19:52:15,5.61,104.407
11/17/2025 20:02:15,5.61,104.425
11/17/2025 20:12:15,5.61,104.425
11/17/2025 20:22:15,5.60,104.411
11/17/2025 20:32:15,5.60,104.420
11/17/2025 20:42:15,5.59,104.437
11/17/2025 20:52:15,5.58,104.424
11/17/2025 21:02:15,5.57,104.428
11/17/2025 21:12:15,5.57,104.428
11/17/2025 21:22:15,5.56,104.427
11/17/2025 21:32:15,5.55,104.449
11/17/2025 21:42:15,5.54,104.453
11/17/2025 21:52:15,5.53,104.466
11/17/2025 22:02:15,5.52,104.479
11/17/2025 22:12:15,5.51,104.470
11/17/2025 22:22:15,5.50,104.496
11/17/2025 22:32:15,5.49,104.504
11/17/2025 22:42:15,5.48,104.530
11/17/2025 22:52:15,5.47,104.534
11/17/2025 23:02:15,5.46,104.525
11/17/2025 23:12:15,5.45,104.551
11/17/2025 23:22:15,5.43,104.564
11/17/2025 23:32:15,5.42,104.585
11/17/2025 23:42:15,5.40,104.580
11/17/2025 23:52:15,5.39,104.584
11/18/2025 00:02:15,5.37,104.584
11/18/2025 00:12:15,5.35,104.570
11/18/2025 00:22:15,5.33,104.569
11/18/2025 00:32:15,5.31,104.577
11/18/2025 00:42:15,5.28,104.585
11/18/2025 00:52:15,5.26,104.602
11/18/2025 01:02:15,5.24,104.601
11/18/2025 01:12:15,5.21,104.622
11/18/2025 01:22:15,5.19,104.626
11/18/2025 01:32:15,5.16,104.655
11/18/2025 01:42:15,5.13,104.672
11/18/2025 01:52:15,5.11,104.680
11/18/2025 02:02:15,5.08,104.670
11/18/2025 02:12:15,5.06,104.669
11/18/2025 02:22:15,5.03,104.686
11/18/2025 02:32:15,5.01,104.685
11/18/2025 02:42:15,4.98,104.676
11/18/2025 02:52:15,4.96,104.692
11/18/2025 03:02:15,4.93,104.691
11/18/2025 03:12:15,4.91,104.704
11/18/2025 03:22:15,4.88,104.712
11/18/2025 03:32:15,4.86,104.702
11/18/2025 03:42:15,4.84,104.723
11/18/2025 03:52:15,4.82,104.731
11/18/2025 04:02:15,4.80,104.713
11/18/2025 04:12:15,4.78,104.708
11/18/2025 04:22:15,4.75,104.712
11/18/2025 04:32:15,4.73,104.728
11/18/2025 04:42:15,4.70,104.732
11/18/2025 04:52:15,4.68,104.748
11/18/2025 05:02:15,4.65,104.756
11/18/2025 05:12:15,4.62,104.760
11/18/2025 05:22:15,4.59,104.768
11/18/2025 05:32:15,4.57,104.780
11/18/2025 05:42:15,4.54,104.792
11/18/2025 05:52:15,4.52,104.818
11/18/2025 06:02:15,4.49,104.817
11/18/2025 06:12:15,4.47,104.825
11/18/2025 06:22:15,4.44,104.841
11/18/2025 06:32:15,4.41,104.862
11/18/2025 06:42:15,4.39,104.861
11/18/2025 06:52:15,4.36,104.874
11/18/2025 07:02:15,4.34,104.886
11/18/2025 07:12:15,4.32,104.903
11/18/2025 07:22:15,4.30,104.911
11/18/2025 07:32:15,4.28,104.946
11/18/2025 07:42:15,4.26,104.936
11/18/2025 07:52:15,4.25,104.944
11/18/2025 08:02:15,4.23,104.961
11/18/2025 08:12:15,4.22,104.979
11/18/2025 08:22:15,4.21,104.974
11/18/2025 08:32:15,4.21,104.974
11/18/2025 08:42:15,4.21,104.987
11/18/2025 08:52:15,4.21,104.987
11/18/2025 09:02:15,4.22,104.987
11/18/2025 09:12:15,4.22,105.001
11/18/2025 09:22:15,4.24,104.992
11/18/2025 09:32:15,4.25,105.002
11/18/2025 09:42:15,4.27,104.998
11/18/2025 09:52:15,4.30,105.004
11/18/2025 10:02:15,4.34,105.000
11/18/2025 10:12:15,4.37,104.988
11/18/2025 10:22:15,4.42,104.981
11/18/2025 10:32:15,4.46,104.961
11/18/2025 10:42:15,4.50,104.949
11/18/2025 10:52:15,4.54,104.946
11/18/2025 11:02:15,4.58,104.952
11/18/2025 11:12:15,4.62,104.931
11/18/2025 11:22:15,4.67,104.942
11/18/2025 11:32:15,4.72,104.939
11/18/2025 11:42:15,4.78,104.941
11/18/2025 11:52:15,4.83,104.956
11/18/2025 12:02:15,4.89,104.941
11/18/2025 12:12:15,4.95,104.916
11/18/2025 12:22:15,5.01,104.923
11/18/2025 12:32:15,5.06,104.911
11/18/2025 12:42:15,5.10,104.904
11/18/2025 12:52:15,5.13,104.879
11/18/2025 13:02:15,5.15,104.884
11/18/2025 13:12:15,5.17,104.871
11/18/2025 13:22:15,5.18,104.889
11/18/2025 13:32:15,5.19,104.894
11/18/2025 13:42:15,5.19,104.885
11/18/2025 13:52:15,5.19,104.881
11/18/2025 14:02:15,5.19,104.890
11/18/2025 14:12:15,5.20,104.903
11/18/2025 14:22:15,5.21,104.917
11/18/2025 14:32:15,5.22,104.908
11/18/2025 14:42:15,5.23,104.900
11/18/2025 14:52:15,5.23,104.913
11/18/2025 15:02:15,5.24,104.904
11/18/2025 15:12:15,5.24,104.904
11/18/2025 15:22:15,5.24,104.931
11/18/2025 15:32:15,5.24,104.940
11/18/2025 15:42:15,5.24,104.944
11/18/2025 15:52:15,5.24,104.935
11/18/2025 16:02:15,5.24,104.944
11/18/2025 16:12:15,5.25,104.958
11/18/2025 16:22:15,5.25,104.988
11/18/2025 16:32:15,5.25,105.006
11/18/2025 16:42:15,5.26,105.019
11/18/2025 16:52:15,5.26,105.042
11/18/2025 17:02:15,5.27,105.059
11/18/2025 17:12:15,5.27,105.055
11/18/2025 17:22:15,5.26,105.059
11/18/2025 17:32:15,5.26,105.037
11/18/2025 17:42:15,5.26,105.050
11/18/2025 17:52:15,5.25,105.046
11/18/2025 18:02:15,5.25,105.063
11/18/2025 18:12:15,5.25,105.090
11/18/2025 18:22:15,5.24,105.094
11/18/2025 18:32:15,5.24,105.107
11/18/2025 18:42:15,5.24,105.107
11/18/2025 18:52:15,5.24,105.102
11/18/2025 19:02:15,5.23,105.120
11/18/2025 19:12:15,5.23,105.120
11/18/2025 19:22:15,5.23,105.124
11/18/2025 19:32:15,5.23,105.111
11/18/2025 19:42:15,5.22,105.155
11/18/2025 19:52:15,5.22,105.163
11/18/2025 20:02:15,5.21,105.137
11/18/2025 20:12:15,5.20,105.163
11/18/2025 20:22:15,5.20,105.154
11/18/2025 20:32:15,5.19,105.153
11/18/2025 20:42:15,5.18,105.149
11/18/2025 20:52:15,5.17,105.157
11/18/2025 21:02:15,5.16,105.144
11/18/2025 21:12:15,5.14,105.134
11/18/2025 21:22:15,5.13,105.142
11/18/2025 21:32:15,5.11,105.146
11/18/2025 21:42:15,5.09,105.137
11/18/2025 21:52:15,5.06,105.145
11/18/2025 22:02:15,5.04,105.170
11/18/2025 22:12:15,5.02,105.152
11/18/2025 22:22:15,5.00,105.147
11/18/2025 22:32:15,4.97,105.181
11/18/2025 22:42:15,4.94,105.184
11/18/2025 22:52:15,4.92,105.153
11/18/2025 23:02:15,4.89,105.174
11/18/2025 23:12:15,4.86,105.164
11/18/2025 23:22:15,4.83,105.154
11/18/2025 23:32:15,4.80,105.171
11/18/2025 23:42:15,4.77,105.169
11/18/2025 23:52:15,4.74,105.151
11/19/2025 00:02:15,4.71,105.141
11/19/2025 00:12:15,4.68,105.127
11/19/2025 00:22:15,4.65,105.148
11/19/2025 00:32:15,4.62,105.151
11/19/2025 00:42:15,4.60,105.146
11/19/2025 00:52:15,4.56,105.158
11/19/2025 01:02:15,4.53,105.144
11/19/2025 01:12:15,4.50,105.147
11/19/2025 01:22:15,4.47,105.159
11/19/2025 01:32:15,4.43,105.158
11/19/2025 01:42:15,4.40,105.183
11/19/2025 01:52:15,4.36,105.186
11/19/2025 02:02:15,4.33,105.207
11/19/2025 02:12:15,4.29,105.197
11/19/2025 02:22:15,4.26,105.173
11/19/2025 02:32:15,4.22,105.159
11/19/2025 02:42:15,4.18,105.162
11/19/2025 02:52:15,4.15,105.156
11/19/2025 03:02:15,4.11,105.168
11/19/2025 03:12:15,4.07,105.145
11/19/2025 03:22:15,4.04,105.152
11/19/2025 03:32:15,4.00,105.173
11/19/2025 03:42:15,3.96,105.159
11/19/2025 03:52:15,3.92,105.162
11/19/2025 04:02:15,3.89,105.174
11/19/2025 04:12:15,3.85,105.172
11/19/2025 04:22:15,3.82,105.149
11/19/2025 04:32:15,3.78,105.165
11/19/2025 04:42:15,3.75,105.169
11/19/2025 04:52:15,3.72,105.154
11/19/2025 05:02:15,3.68,105.144
11/19/2025 05:12:15,3.65,105.143
11/19/2025 05:22:15,3.62,105.155
11/19/2025 05:32:15,3.59,105.159
11/19/2025 05:42:15,3.55,105.171
11/19/2025 05:52:15,3.52,105.161
11/19/2025 06:02:15,3.49,105.177
11/19/2025 06:12:15,3.46,105.202
11/19/2025 06:22:15,3.42,105.210
11/19/2025 06:32:15,3.39,105.213
11/19/2025 06:42:15,3.36,105.212
11/19/2025 06:52:15,3.33,105.215
11/19/2025 07:02:15,3.29,105.192
11/19/2025 07:12:15,3.26,105.200
11/19/2025 07:22:15,3.23,105.230
11/19/2025 07:32:15,3.20,105.224
11/19/2025 07:42:15,3.17,105.236
11/19/2025 07:52:15,3.15,105.262
11/19/2025 08:02:15,3.12,105.252
11/19/2025 08:12:15,3.10,105.273
11/19/2025 08:22:15,3.08,105.281
11/19/2025 08:32:15,3.07,105.272
11/19/2025 08:42:15,3.05,105.272
11/19/2025 08:52:15,3.04,105.245
11/19/2025 09:02:15,3.04,105.262
11/19/2025 09:12:15,3.04,105.262
11/19/2025 09:22:15,3.04,105.284
11/19/2025 09:32:15,3.05,105.267
11/19/2025 09:42:15,3.08,105.259
11/19/2025 09:52:15,3.12,105.265
11/19/2025 10:02:15,3.16,105.249
11/19/2025 10:12:15,3.21,105.251
11/19/2025 10:22:15,3.26,105.222
11/19/2025 10:32:15,3.31,105.210
11/19/2025 10:42:15,3.35,105.194
11/19/2025 10:52:15,3.39,105.195
11/19/2025 11:02:15,3.42,105.162
11/19/2025 11:12:15,3.47,105.150
11/19/2025 11:22:15,3.52,105.134
11/19/2025 11:32:15,3.57,105.101
11/19/2025 11:42:15,3.64,105.090
11/19/2025 11:52:15,3.70,105.075
11/19/2025 12:02:15,3.76,105.077
11/19/2025 12:12:15,3.83,105.040
11/19/2025 12:22:15,3.90,105.038
11/19/2025 12:32:15,3.96,105.022
11/19/2025 12:42:15,4.01,105.002
11/19/2025 12:52:15,4.06,104.999
11/19/2025 13:02:15,4.10,104.979
11/19/2025 13:12:15,4.14,104.998
11/19/2025 13:22:15,4.18,104.986
11/19/2025 13:32:15,4.20,104.987
11/19/2025 13:42:15,4.22,104.983
11/19/2025 13:52:15,4.23,104.997
11/19/2025 14:02:15,4.24,104.979
11/19/2025 14:12:15,4.25,104.997
11/19/2025 14:22:15,4.25,105.002
11/19/2025 14:32:15,4.26,105.033
11/19/2025 14:42:15,4.27,105.024
11/19/2025 14:52:15,4.27,105.016
11/19/2025 15:02:15,4.28,105.025
11/19/2025 15:12:15,4.28,105.034
11/19/2025 15:22:15,4.29,105.056
11/19/2025 15:32:15,4.30,105.065
11/19/2025 15:42:15,4.30,105.065
11/19/2025 15:52:15,4.30,105.087
11/19/2025 16:02:15,4.31,105.105
11/19/2025 16:12:15,4.31,105.096
11/19/2025 16:22:15,4.31,105.114
11/19/2025 16:32:15,4.31,105.131
11/19/2025 16:42:15,4.31,105.123
11/19/2025 16:52:15,4.31,105.131
11/19/2025 17:02:15,4.31,105.158
11/19/2025 17:12:15,4.31,105.166
11/19/2025 17:22:15,4.31,105.166
11/19/2025 17:32:15,4.30,105.175
11/19/2025 17:42:15,4.30,105.179
11/19/2025 17:52:15,4.30,105.197
11/19/2025 18:02:15,4.30,105.219
11/19/2025 18:12:15,4.29,105.205
11/19/2025 18:22:15,4.29,105.210
11/19/2025 18:32:15,4.29,105.214
11/19/2025 18:42:15,4.29,105.245
11/19/2025 18:52:15,4.29,105.236
11/19/2025 19:02:15,4.29,105.245
11/19/2025 19:12:15,4.29,105.263
11/19/2025 19:22:15,4.29,105.245
11/19/2025 19:32:15,4.30,105.263
11/19/2025 19:42:15,4.30,105.250
11/19/2025 19:52:15,4.30,105.267
11/19/2025 20:02:15,4.31,105.285
11/19/2025 20:12:15,4.31,105.268
11/19/2025 20:22:15,4.31,105.276
11/19/2025 20:32:15,4.31,105.263
11/19/2025 20:42:15,4.31,105.263
11/19/2025 20:52:15,4.31,105.259
11/19/2025 21:02:15,4.31,105.259
11/19/2025 21:12:15,4.31,105.259
11/19/2025 21:22:15,4.31,105.268
11/19/2025 21:32:15,4.30,105.254
11/19/2025 21:42:15,4.30,105.241
11/19/2025 21:52:15,4.29,105.245
11/19/2025 22:02:15,4.28,105.271
11/19/2025 22:12:15,4.26,105.270
11/19/2025 22:22:15,4.24,105.296
11/19/2025 22:32:15,4.23,105.326
11/19/2025 22:42:15,4.21,105.334
11/19/2025 22:52:15,4.19,105.321
11/19/2025 23:02:15,4.17,105.329
11/19/2025 23:12:15,4.15,105.319
11/19/2025 23:22:15,4.13,105.327
11/19/2025 23:32:15,4.11,105.331
11/19/2025 23:42:15,4.09,105.330
11/19/2025 23:52:15,4.07,105.307
11/20/2025 00:02:15,4.05,105.329
11/20/2025 00:12:15,4.02,105.319
11/20/2025 00:22:15,4.00,105.309
11/20/2025 00:32:15,3.97,105.317
11/20/2025 00:42:15,3.95,105.294
11/20/2025 00:52:15,3.93,105.289
11/20/2025 01:02:15,3.90,105.302
11/20/2025 01:12:15,3.87,105.287
11/20/2025 01:22:15,3.85,105.308
11/20/2025 01:32:15,3.82,105.294
11/20/2025 01:42:15,3.80,105.311
11/20/2025 01:52:15,3.78,105.302
11/20/2025 02:02:15,3.75,105.296
11/20/2025 02:12:15,3.73,105.300
11/20/2025 02:22:15,3.70,105.299
11/20/2025 02:32:15,3.68,105.276
11/20/2025 02:42:15,3.66,105.271
11/20/2025 02:52:15,3.63,105.244
11/20/2025 03:02:15,3.61,105.260
11/20/2025 03:12:15,3.59,105.260
11/20/2025 03:22:15,3.57,105.268
11/20/2025 03:32:15,3.54,105.271
11/20/2025 03:42:15,3.52,105.275
11/20/2025 03:52:15,3.50,105.296
11/20/2025 04:02:15,3.47,105.304
11/20/2025 04:12:15,3.45,105.286
11/20/2025 04:22:15,3.43,105.289
11/20/2025 04:32:15,3.41,105.284
11/20/2025 04:42:15,3.39,105.292
11/20/2025 04:52:15,3.37,105.296
11/20/2025 05:02:15,3.35,105.286
11/20/2025 05:12:15,3.33,105.299
11/20/2025 05:22:15,3.32,105.298
11/20/2025 05:32:15,3.30,105.302
11/20/2025 05:42:15,3.28,105.310
11/20/2025 05:52:15,3.25,105.314
11/20/2025 06:02:15,3.24,105.309
11/20/2025 06:12:15,3.22,105.330
11/20/2025 06:22:15,3.20,105.342
11/20/2025 06:32:15,3.18,105.333
11/20/2025 06:42:15,3.16,105.337
11/20/2025 06:52:15,3.14,105.336
11/20/2025 07:02:15,3.12,105.344
11/20/2025 07:12:15,3.11,105.361
11/20/2025 07:22:15,3.09,105.348
11/20/2025 07:32:15,3.07,105.351
11/20/2025 07:42:15,3.06,105.333
11/20/2025 07:52:15,3.04,105.355
11/20/2025 08:02:15,3.03,105.345
11/20/2025 08:12:15,3.02,105.349
11/20/2025 08:22:15,3.01,105.345
11/20/2025 08:32:15,3.00,105.344
11/20/2025 08:42:15,3.00,105.353
11/20/2025 08:52:15,3.00,105.358
11/20/2025 09:02:15,3.01,105.358
11/20/2025 09:12:15,3.02,105.336
11/20/2025 09:22:15,3.04,105.337
11/20/2025 09:32:15,3.06,105.338
11/20/2025 09:42:15,3.09,105.347
11/20/2025 09:52:15,3.12,105.353
11/20/2025 10:02:15,3.15,105.363
11/20/2025 10:12:15,3.18,105.351
11/20/2025 10:22:15,3.23,105.353
11/20/2025 10:32:15,3.29,105.341
11/20/2025 10:42:15,3.34,105.299
11/20/2025 10:52:15,3.39,105.283
11/20/2025 11:02:15,3.43,105.263
11/20/2025 11:12:15,3.46,105.211
11/20/2025 11:22:15,3.50,105.213
11/20/2025 11:32:15,3.54,105.161
11/20/2025 11:42:15,3.59,105.159
11/20/2025 11:52:15,3.65,105.134
11/20/2025 12:02:15,3.70,105.114
11/20/2025 12:12:15,3.76,105.099
11/20/2025 12:22:15,3.82,105.070
11/20/2025 12:32:15,3.87,105.054
11/20/2025 12:42:15,3.92,105.060
11/20/2025 12:52:15,3.95,105.048
11/20/2025 13:02:15,3.97,105.045
11/20/2025 13:12:15,3.99,105.010
11/20/2025 13:22:15,4.01,104.984
11/20/2025 13:32:15,4.02,104.994
11/20/2025 13:42:15,4.03,104.972
11/20/2025 13:52:15,4.04,104.972
11/20/2025 14:02:15,4.05,104.995
11/20/2025 14:12:15,4.06,104.995
11/20/2025 14:22:15,4.07,105.004
11/20/2025 14:32:15,4.08,105.000
11/20/2025 14:42:15,4.09,104.987
11/20/2025 14:52:15,4.10,104.996
11/20/2025 15:02:15,4.11,104.997
11/20/2025 15:12:15,4.11,104.984
11/20/2025 15:22:15,4.12,104.988
11/20/2025 15:32:15,4.13,104.975
11/20/2025 15:42:15,4.13,104.989
11/20/2025 15:52:15,4.14,104.989
11/20/2025 16:02:15,4.14,104.985
11/20/2025 16:12:15,4.15,104.998
11/20/2025 16:22:15,4.15,104.980
11/20/2025 16:32:15,4.15,104.967
11/20/2025 16:42:15,4.14,104.950
11/20/2025 16:52:15,4.14,104.963
11/20/2025 17:02:15,4.14,104.949
11/20/2025 17:12:15,4.13,104.976
11/20/2025 17:22:15,4.13,104.984
11/20/2025 17:32:15,4.12,105.010
11/20/2025 17:42:15,4.11,105.019
11/20/2025 17:52:15,4.10,105.023
11/20/2025 18:02:15,4.09,105.044
11/20/2025 18:12:15,4.08,105.048
11/20/2025 18:22:15,4.07,105.052
11/20/2025 18:32:15,4.05,105.039
11/20/2025 18:42:15,4.04,105.025
11/20/2025 18:52:15,4.03,105.007
11/20/2025 19:02:15,4.03,105.003
11/20/2025 19:12:15,4.02,105.011
11/20/2025 19:22:15,4.02,104.989
11/20/2025 19:32:15,4.01,104.989
11/20/2025 19:42:15,4.01,104.993
11/20/2025 19:52:15,4.01,104.998
11/20/2025 20:02:15,4.01,105.006
11/20/2025 20:12:15,4.00,105.028
11/20/2025 20:22:15,4.00,105.015
11/20/2025 20:32:15,4.00,105.002
11/20/2025 20:42:15,4.00,104.993
11/20/2025 20:52:15,4.00,105.006
11/20/2025 21:02:15,3.99,105.006
11/20/2025 21:12:15,3.98,104.984
11/20/2025 21:22:15,3.97,105.001
11/20/2025 21:32:15,3.96,104.987
11/20/2025 21:42:15,3.96,104.991
11/20/2025 21:52:15,3.94,105.008
11/20/2025 22:02:15,3.93,105.043
11/20/2025 22:12:15,3.91,105.021
11/20/2025 22:22:15,3.90,104.994
11/20/2025 22:32:15,3.88,104.976
11/20/2025 22:42:15,3.86,104.988
11/20/2025 22:52:15,3.84,105.009
11/20/2025 23:02:15,3.83,105.040
11/20/2025 23:12:15,3.81,105.043
11/20/2025 23:22:15,3.79,105.056
11/20/2025 23:32:15,3.77,105.033
11/20/2025 23:42:15,3.75,105.028
11/20/2025 23:52:15,3.72,105.023
11/21/2025 00:02:15,3.70,105.000
11/21/2025 00:12:15,3.68,104.960
11/21/2025 00:22:15,3.66,104.946
11/21/2025 00:32:15,3.64,104.941
11/21/2025 00:42:15,3.61,104.935
11/21/2025 00:52:15,3.59,104.908
11/21/2025 01:02:15,3.57,104.894
11/21/2025 01:12:15,3.55,104.889
11/21/2025 01:22:15,3.53,104.871
11/21/2025 01:32:15,3.51,104.861
11/21/2025 01:42:15,3.49,104.848
11/21/2025 01:52:15,3.47,104.816
11/21/2025 02:02:15,3.44,104.837
11/21/2025 02:12:15,3.42,104.788
11/21/2025 02:22:15,3.39,104.787
11/21/2025 02:32:15,3.37,104.795
11/21/2025 02:42:15,3.34,104.785
11/21/2025 02:52:15,3.32,104.793
11/21/2025 03:02:15,3.29,104.797
11/21/2025 03:12:15,3.27,104.787
11/21/2025 03:22:15,3.24,104.755
11/21/2025 03:32:15,3.21,104.754
11/21/2025 03:42:15,3.19,104.718
11/21/2025 03:52:15,3.16,104.700
11/21/2025 04:02:15,3.14,104.712
11/21/2025 04:12:15,3.12,104.694
11/21/2025 04:22:15,3.09,104.706
11/21/2025 04:32:15,3.07,104.754
11/21/2025 04:42:15,3.05,104.757
11/21/2025 04:52:15,3.03,104.704
11/21/2025 05:02:15,3.00,104.699
11/21/2025 05:12:15,2.97,104.711
11/21/2025 05:22:15,2.95,104.723
11/21/2025 05:32:15,2.93,104.736
11/21/2025 05:42:15,2.91,104.744
11/21/2025 05:52:15,2.89,104.699
11/21/2025 06:02:15,2.87,104.690
11/21/2025 06:12:15,2.86,104.680
11/21/2025 06:22:15,2.84,104.667
11/21/2025 06:32:15,2.83,104.671
11/21/2025 06:42:15,2.82,104.657
11/21/2025 06:52:15,2.82,104.670
11/21/2025 07:02:15,2.81,104.687
11/21/2025 07:12:15,2.80,104.665
11/21/2025 07:22:15,2.79,104.669
11/21/2025 07:32:15,2.79,104.669
11/21/2025 07:42:15,2.78,104.678
11/21/2025 07:52:15,2.78,104.660
11/21/2025 08:02:15,2.78,104.656
11/21/2025 08:12:15,2.78,104.651
11/21/2025 08:22:15,2.78,104.634
11/21/2025 08:32:15,2.78,104.660
11/21/2025 08:42:15,2.79,104.643
11/21/2025 08:52:15,2.79,104.634
11/21/2025 09:02:15,2.80,104.634
11/21/2025 09:12:15,2.80,104.608
11/21/2025 09:22:15,2.81,104.622
11/21/2025 09:32:15,2.82,104.596
11/21/2025 09:42:15,2.83,104.609
11/21/2025 09:52:15,2.83,104.592
11/21/2025 10:02:15,2.84,104.592
11/21/2025 10:12:15,2.85,104.548
11/21/2025 10:22:15,2.86,104.531
11/21/2025 10:32:15,2.87,104.470
11/21/2025 10:42:15,2.89,104.440
11/21/2025 10:52:15,2.91,104.397
11/21/2025 11:02:15,2.95,104.341
11/21/2025 11:12:15,2.99,104.307
11/21/2025 11:22:15,3.04,104.318
11/21/2025 11:32:15,3.09,104.271
11/21/2025 11:42:15,3.14,104.260
11/21/2025 11:52:15,3.21,104.258
11/21/2025 12:02:15,3.27,104.242
11/21/2025 12:12:15,3.33,104.192
11/21/2025 12:22:15,3.40,104.198
11/21/2025 12:32:15,3.46,104.196
11/21/2025 12:42:15,3.52,104.211
11/21/2025 12:52:15,3.58,104.187
11/21/2025 13:02:15,3.64,104.172
11/21/2025 13:12:15,3.70,104.152
11/21/2025 13:22:15,3.76,104.145
11/21/2025 13:32:15,3.81,104.142
11/21/2025 13:42:15,3.87,104.149
11/21/2025 13:52:15,3.92,104.120
11/21/2025 14:02:15,3.97,104.117
11/21/2025 14:12:15,4.02,104.114
11/21/2025 14:22:15,4.06,104.112
11/21/2025 14:32:15,4.10,104.122
11/21/2025 14:42:15,4.14,104.105
11/21/2025 14:52:15,4.17,104.111
11/21/2025 15:02:15,4.20,104.112
11/21/2025 15:12:15,4.23,104.109
11/21/2025 15:22:15,4.26,104.092
11/21/2025 15:32:15,4.28,104.084
11/21/2025 15:42:15,4.30,104.089
11/21/2025 15:52:15,4.31,104.072
11/21/2025 16:02:15,4.33,104.081
11/21/2025 16:12:15,4.34,104.077
11/21/2025 16:22:15,4.36,104.056
11/21/2025 16:32:15,4.37,104.074
11/21/2025 16:42:15,4.39,104.074
11/21/2025 16:52:15,4.40,104.066
11/21/2025 17:02:15,4.42,104.089
11/21/2025 17:12:15,4.43,104.107
11/21/2025 17:22:15,4.45,104.103
11/21/2025 17:32:15,4.46,104.112
11/21/2025 17:42:15,4.48,104.108
11/21/2025 17:52:15,4.49,104.122
11/21/2025 18:02:15,4.51,104.109
11/21/2025 18:12:15,4.53,104.101
11/21/2025 18:22:15,4.54,104.089
11/21/2025 18:32:15,4.55,104.098
11/21/2025 18:42:15,4.57,104.107
11/21/2025 18:52:15,4.58,104.090
11/21/2025 19:02:15,4.60,104.091
11/21/2025 19:12:15,4.61,104.078
11/21/2025 19:22:15,4.63,104.087
11/21/2025 19:32:15,4.64,104.088
11/21/2025 19:42:15,4.65,104.084
11/21/2025 19:52:15,4.66,104.106
11/21/2025 20:02:15,4.67,104.089
11/21/2025 20:12:15,4.68,104.098
11/21/2025 20:22:15,4.68,104.094
11/21/2025 20:32:15,4.69,104.094
11/21/2025 20:42:15,4.69,104.103
11/21/2025 20:52:15,4.70,104.076
11/21/2025 21:02:15,4.70,104.072
11/21/2025 21:12:15,4.70,104.072
11/21/2025 21:22:15,4.71,104.072
11/21/2025 21:32:15,4.71,104.077
11/21/2025 21:42:15,4.72,104.068
11/21/2025 21:52:15,4.72,104.051
11/21/2025 22:02:15,4.72,104.060
11/21/2025 22:12:15,4.72,104.082
11/21/2025 22:22:15,4.72,104.077
11/21/2025 22:32:15,4.72,104.081
11/21/2025 22:42:15,4.72,104.077
11/21/2025 22:52:15,4.72,104.064
11/21/2025 23:02:15,4.71,104.051
11/21/2025 23:12:15,4.71,104.059
11/21/2025 23:22:15,4.71,104.063
11/21/2025 23:32:15,4.70,104.072
11/21/2025 23:42:15,4.70,104.041
11/21/2025 23:52:15,4.69,104.059
11/22/2025 00:02:15,4.68,104.036
11/22/2025 00:12:15,4.68,104.019
11/22/2025 00:22:15,4.68,104.023
11/22/2025 00:32:15,4.68,104.010
11/22/2025 00:42:15,4.68,104.001
11/22/2025 00:52:15,4.67,104.014
11/22/2025 01:02:15,4.67,104.010
11/22/2025 01:12:15,4.67,103.992
11/22/2025 01:22:15,4.67,103.992
11/22/2025 01:32:15,4.67,103.979
11/22/2025 01:42:15,4.68,103.979
11/22/2025 01:52:15,4.68,103.966
11/22/2025 02:02:15,4.68,103.966
11/22/2025 02:12:15,4.68,103.940
11/22/2025 02:22:15,4.68,103.940
11/22/2025 02:32:15,4.69,103.940
11/22/2025 02:42:15,4.69,103.944
11/22/2025 02:52:15,4.69,103.949
11/22/2025 03:02:15,4.70,103.949
11/22/2025 03:12:15,4.70,103.927
11/22/2025 03:22:15,4.70,103.931
11/22/2025 03:32:15,4.70,103.936
11/22/2025 03:42:15,4.70,103.918
11/22/2025 03:52:15,4.70,103.905
11/22/2025 04:02:15,4.70,103.909
11/22/2025 04:12:15,4.69,103.909
11/22/2025 04:22:15,4.69,103.870
11/22/2025 04:32:15,4.69,103.887
11/22/2025 04:42:15,4.69,103.878
11/22/2025 04:52:15,4.69,103.878
11/22/2025 05:02:15,4.68,103.856
11/22/2025 05:12:15,4.68,103.882
11/22/2025 05:22:15,4.68,103.869
11/22/2025 05:32:15,4.68,103.895
11/22/2025 05:42:15,4.68,103.895
11/22/2025 05:52:15,4.68,103.900
11/22/2025 06:02:15,4.67,103.900
11/22/2025 06:12:15,4.67,103.904
11/22/2025 06:22:15,4.67,103.882
11/22/2025 06:32:15,4.67,103.886
11/22/2025 06:42:15,4.67,103.899
11/22/2025 06:52:15,4.66,103.882
11/22/2025 07:02:15,4.66,103.904
11/22/2025 07:12:15,4.67,103.886
11/22/2025 07:22:15,4.69,103.905
11/22/2025 07:32:15,4.71,103.892
11/22/2025 07:42:15,4.72,103.923
11/22/2025 07:52:15,4.76,103.929
11/22/2025 08:02:15,4.80,103.992
11/22/2025 08:12:15,4.83,104.024
11/22/2025 08:22:15,4.87,104.029
11/22/2025 08:32:15,4.93,104.010
11/22/2025 08:42:15,5.02,104.013
11/22/2025 08:52:15,5.12,103.959
11/22/2025 09:02:15,5.20,103.944
11/22/2025 09:12:15,5.25,103.946
11/22/2025 09:22:15,5.27,103.947
11/22/2025 09:32:15,5.28,103.938
11/22/2025 09:42:15,5.28,103.960
11/22/2025 09:52:15,5.27,103.973
11/22/2025 10:02:15,5.27,103.973
11/22/2025 10:12:15,5.27,103.956
11/22/2025 10:22:15,5.28,103.965
11/22/2025 10:32:15,5.29,103.960
11/22/2025 10:42:15,5.31,103.979
11/22/2025 10:52:15,5.34,103.927
11/22/2025 11:02:15,5.37,103.950
11/22/2025 11:12:15,5.40,103.933
11/22/2025 11:22:15,5.41,103.938
11/22/2025 11:32:15,5.42,103.912
11/22/2025 11:42:15,5.43,103.908
11/22/2025 11:52:15,5.46,103.878
11/22/2025 12:02:15,5.50,103.884
11/22/2025 12:12:15,5.54,103.872
11/22/2025 12:22:15,5.57,103.869
11/22/2025 12:32:15,5.60,103.835
11/22/2025 12:42:15,5.62,103.836
11/22/2025 12:52:15,5.63,103.819
11/22/2025 13:02:15,5.64,103.797
11/22/2025 13:12:15,5.65,103.801
11/22/2025 13:22:15,5.65,103.797
11/22/2025 13:32:15,5.66,103.793
11/22/2025 13:42:15,5.67,103.789
11/22/2025 13:52:15,5.67,103.776
11/22/2025 14:02:15,5.68,103.798
11/22/2025 14:12:15,5.69,103.794
11/22/2025 14:22:15,5.70,103.772
11/22/2025 14:32:15,5.71,103.830
11/22/2025 14:42:15,5.72,103.848
11/22/2025 14:52:15,5.72,103.874
11/22/2025 15:02:15,5.73,103.888
11/22/2025 15:12:15,5.74,103.901
11/22/2025 15:22:15,5.74,103.901
11/22/2025 15:32:15,5.74,103.910
11/22/2025 15:42:15,5.74,103.936
11/22/2025 15:52:15,5.73,103.949
11/22/2025 16:02:15,5.72,103.953
11/22/2025 16:12:15,5.70,103.953
11/22/2025 16:22:15,5.68,103.970
11/22/2025 16:32:15,5.66,103.995
11/22/2025 16:42:15,5.63,104.016
11/22/2025 16:52:15,5.60,104.037
11/22/2025 17:02:15,5.58,104.045
11/22/2025 17:12:15,5.55,104.053
11/22/2025 17:22:15,5.53,104.079
11/22/2025 17:32:15,5.50,104.095
11/22/2025 17:42:15,5.48,104.103
11/22/2025 17:52:15,5.45,104.116
11/22/2025 18:02:15,5.42,104.137
11/22/2025 18:12:15,5.40,104.145
11/22/2025 18:22:15,5.38,104.192
11/22/2025 18:32:15,5.35,104.191
11/22/2025 18:42:15,5.33,104.208
11/22/2025 18:52:15,5.31,104.229
11/22/2025 19:02:15,5.28,104.229
11/22/2025 19:12:15,5.26,104.268
11/22/2025 19:22:15,5.25,104.302
11/22/2025 19:32:15,5.23,104.328
11/22/2025 19:42:15,5.22,104.314
11/22/2025 19:52:15,5.20,104.318
11/22/2025 20:02:15,5.19,104.322
11/22/2025 20:12:15,5.18,104.344
11/22/2025 20:22:15,5.17,104.361
11/22/2025 20:32:15,5.16,104.370
11/22/2025 20:42:15,5.15,104.356
11/22/2025 20:52:15,5.14,104.386
11/22/2025 21:02:15,5.13,104.368
11/22/2025 21:12:15,5.11,104.381
11/22/2025 21:22:15,5.09,104.389
11/22/2025 21:32:15,5.08,104.419
11/22/2025 21:42:15,5.06,104.432
11/22/2025 21:52:15,5.04,104.431
11/22/2025 22:02:15,5.02,104.426
11/22/2025 22:12:15,4.99,104.425
11/22/2025 22:22:15,4.97,104.411
11/22/2025 22:32:15,4.94,104.406
11/22/2025 22:42:15,4.91,104.392
11/22/2025 22:52:15,4.89,104.391
11/22/2025 23:02:15,4.86,104.381
11/22/2025 23:12:15,4.83,104.384
11/22/2025 23:22:15,4.80,104.388
11/22/2025 23:32:15,4.77,104.378
11/22/2025 23:42:15,4.73,104.372
11/22/2025 23:52:15,4.70,104.376
11/23/2025 00:02:15,4.67,104.375
11/23/2025 00:12:15,4.64,104.387
11/23/2025 00:22:15,4.61,104.377
11/23/2025 00:32:15,4.58,104.389
11/23/2025 00:42:15,4.55,104.414
11/23/2025 00:52:15,4.52,104.409
11/23/2025 01:02:15,4.49,104.403
11/23/2025 01:12:15,4.45,104.385
11/23/2025 01:22:15,4.42,104.375
11/23/2025 01:32:15,4.39,104.373
11/23/2025 01:42:15,4.35,104.399
11/23/2025 01:52:15,4.32,104.380
11/23/2025 02:02:15,4.28,104.374
11/23/2025 02:12:15,4.25,104.395
11/23/2025 02:22:15,4.22,104.385
11/23/2025 02:32:15,4.19,104.388
11/23/2025 02:42:15,4.15,104.436
11/23/2025 02:52:15,4.12,104.417
11/23/2025 03:02:15,4.09,104.438
11/23/2025 03:12:15,4.05,104.437
11/23/2025 03:22:15,4.02,104.427
11/23/2025 03:32:15,3.98,104.421
11/23/2025 03:42:15,3.95,104.428
11/23/2025 03:52:15,3.91,104.436
11/23/2025 04:02:15,3.88,104.426
11/23/2025 04:12:15,3.84,104.447
11/23/2025 04:22:15,3.80,104.459
11/23/2025 04:32:15,3.77,104.449
11/23/2025 04:42:15,3.73,104.416
11/23/2025 04:52:15,3.69,104.411
11/23/2025 05:02:15,3.66,104.396
11/23/2025 05:12:15,3.62,104.426
11/23/2025 05:22:15,3.58,104.411
11/23/2025 05:32:15,3.55,104.410
11/23/2025 05:42:15,3.51,104.418
11/23/2025 05:52:15,3.47,104.412
11/23/2025 06:02:15,3.44,104.389
11/23/2025 06:12:15,3.40,104.374
11/23/2025 06:22:15,3.36,104.382
11/23/2025 06:32:15,3.32,104.363
11/23/2025 06:42:15,3.29,104.348
11/23/2025 06:52:15,3.25,104.338
11/23/2025 07:02:15,3.21,104.363
11/23/2025 07:12:15,3.17,104.397
11/23/2025 07:22:15,3.14,104.422
11/23/2025 07:32:15,3.11,104.346
11/23/2025 07:42:15,3.08,104.310
11/23/2025 07:52:15,3.05,104.393
11/23/2025 08:02:15,3.03,104.375
11/23/2025 08:12:15,3.02,104.378
11/23/2025 08:22:15,3.01,104.374
11/23/2025 08:32:15,3.00,104.387
11/23/2025 08:42:15,3.00,104.356
11/23/2025 08:52:15,3.00,104.334
11/23/2025 09:02:15,3.00,104.356
11/23/2025 09:12:15,3.00,104.356
11/23/2025 09:22:15,3.01,104.338
11/23/2025 09:32:15,3.02,104.348
11/23/2025 09:42:15,3.03,104.344
11/23/2025 09:52:15,3.04,104.340
11/23/2025 10:02:15,3.06,104.310
11/23/2025 10:12:15,3.08,104.284
11/23/2025 10:22:15,3.10,104.258
11/23/2025 10:32:15,3.12,104.246
11/23/2025 10:42:15,3.15,104.212
11/23/2025 10:52:15,3.18,104.208
11/23/2025 11:02:15,3.20,104.187
11/23/2025 11:12:15,3.22,104.166
11/23/2025 11:22:15,3.25,104.158
11/23/2025 11:32:15,3.26,104.141
11/23/2025 11:42:15,3.28,104.115
11/23/2025 11:52:15,3.29,104.107
11/23/2025 12:02:15,3.31,104.081
11/23/2025 12:12:15,3.33,104.077
11/23/2025 12:22:15,3.34,104.051
11/23/2025 12:32:15,3.35,104.047
11/23/2025 12:42:15,3.36,104.030
11/23/2025 12:52:15,3.37,104.008
11/23/2025 13:02:15,3.38,104.004
11/23/2025 13:12:15,3.39,103.987
11/23/2025 13:22:15,3.39,103.965
11/23/2025 13:32:15,3.40,103.983
11/23/2025 13:42:15,3.40,103.974
11/23/2025 13:52:15,3.41,103.970
11/23/2025 14:02:15,3.42,103.953
11/23/2025 14:12:15,3.42,103.944
11/23/2025 14:22:15,3.43,103.927
11/23/2025 14:32:15,3.45,103.932
11/23/2025 14:42:15,3.46,103.928
11/23/2025 14:52:15,3.47,103.946
11/23/2025 15:02:15,3.48,103.955
11/23/2025 15:12:15,3.49,103.942
11/23/2025 15:22:15,3.50,103.965
11/23/2025 15:32:15,3.52,103.965
11/23/2025 15:42:15,3.53,103.970
11/23/2025 15:52:15,3.54,103.970
11/23/2025 16:02:15,3.55,103.971
11/23/2025 16:12:15,3.56,103.980
11/23/2025 16:22:15,3.58,103.972
11/23/2025 16:32:15,3.59,103.972
11/23/2025 16:42:15,3.60,103.977
11/23/2025 16:52:15,3.61,103.968
11/23/2025 17:02:15,3.62,103.982
11/23/2025 17:12:15,3.63,103.987
11/23/2025 17:22:15,3.64,103.991
11/23/2025 17:32:15,3.65,104.001
11/23/2025 17:42:15,3.66,103.988
11/23/2025 17:52:15,3.67,103.997
11/23/2025 18:02:15,3.68,103.984
11/23/2025 18:12:15,3.69,103.997
11/23/2025 18:22:15,3.70,103.980
11/23/2025 18:32:15,3.70,103.976
11/23/2025 18:42:15,3.71,103.981
11/23/2025 18:52:15,3.72,103.968
11/23/2025 19:02:15,3.72,103.981
11/23/2025 19:12:15,3.73,103.995
11/23/2025 19:22:15,3.74,103.990
11/23/2025 19:32:15,3.75,104.004
11/23/2025 19:42:15,3.76,104.013
11/23/2025 19:52:15,3.77,104.022
11/23/2025 20:02:15,3.78,104.014
11/23/2025 20:12:15,3.79,104.018
11/23/2025 20:22:15,3.80,104.019
11/23/2025 20:32:15,3.80,104.023
11/23/2025 20:42:15,3.81,104.032
11/23/2025 20:52:15,3.81,104.041
11/23/2025 21:02:15,3.81,104.050
11/23/2025 21:12:15,3.80,104.054
11/23/2025 21:22:15,3.80,104.045
11/23/2025 21:32:15,3.79,104.054
11/23/2025 21:42:15,3.78,104.058
11/23/2025 21:52:15,3.77,104.071
11/23/2025 22:02:15,3.77,104.070
11/23/2025 22:12:15,3.76,104.070
11/23/2025 22:22:15,3.75,104.070
11/23/2025 22:32:15,3.74,104.087
11/23/2025 22:42:15,3.74,104.096
11/23/2025 22:52:15,3.73,104.100
11/23/2025 23:02:15,3.73,104.109
11/23/2025 23:12:15,3.72,104.095
11/23/2025 23:22:15,3.72,104.100
11/23/2025 23:32:15,3.71,104.082
11/23/2025 23:42:15,3.71,104.108
11/23/2025 23:52:15,3.70,104.095
11/24/2025 00:02:15,3.69,104.090
11/24/2025 00:12:15,3.69,104.085
11/24/2025 00:22:15,3.68,104.085
11/24/2025 00:32:15,3.67,104.072
11/24/2025 00:42:15,3.67,104.072
11/24/2025 00:52:15,3.67,104.071
11/24/2025 01:02:15,3.66,104.080
11/24/2025 01:12:15,3.66,104.089
11/24/2025 01:22:15,3.66,104.076
11/24/2025 01:32:15,3.66,104.084
11/24/2025 01:42:15,3.66,104.097
11/24/2025 01:52:15,3.65,104.115
11/24/2025 02:02:15,3.64,104.123
11/24/2025 02:12:15,3.63,104.132
11/24/2025 02:22:15,3.62,104.127
11/24/2025 02:32:15,3.61,104.122
11/24/2025 02:42:15,3.61,104.140
11/24/2025 02:52:15,3.59,104.130
11/24/2025 03:02:15,3.58,104.134
11/24/2025 03:12:15,3.57,104.139
11/24/2025 03:22:15,3.57,104.143
11/24/2025 03:32:15,3.56,104.160
11/24/2025 03:42:15,3.56,104.147
11/24/2025 03:52:15,3.55,104.164
11/24/2025 04:02:15,3.55,104.173
11/24/2025 04:12:15,3.55,104.191
11/24/2025 04:22:15,3.55,104.182
11/24/2025 04:32:15,3.55,104.221
11/24/2025 04:42:15,3.55,104.217
11/24/2025 04:52:15,3.55,104.235
11/24/2025 05:02:15,3.55,104.256
11/24/2025 05:12:15,3.55,104.265
11/24/2025 05:22:15,3.56,104.279
11/24/2025 05:32:15,3.56,104.305
11/24/2025 05:42:15,3.56,104.314
11/24/2025 05:52:15,3.56,104.353
11/24/2025 06:02:15,3.56,104.367
11/24/2025 06:12:15,3.56,104.406
11/24/2025 06:22:15,3.56,104.428
11/24/2025 06:32:15,3.56,104.446
11/24/2025 06:42:15,3.56,104.485
11/24/2025 06:52:15,3.55,104.502
11/24/2025 07:02:15,3.54,104.537
11/24/2025 07:12:15,3.53,104.546
11/24/2025 07:22:15,3.53,104.576
11/24/2025 07:32:15,3.52,104.589
11/24/2025 07:42:15,3.51,104.606
11/24/2025 07:52:15,3.49,104.641
11/24/2025 08:02:15,3.48,104.632
11/24/2025 08:12:15,3.47,104.654
11/24/2025 08:22:15,3.47,104.653
11/24/2025 08:32:15,3.46,104.684
11/24/2025 08:42:15,3.46,104.693
11/24/2025 08:52:15,3.46,104.706
11/24/2025 09:02:15,3.47,104.728
11/24/2025 09:12:15,3.48,104.724
11/24/2025 09:22:15,3.49,104.746
11/24/2025 09:32:15,3.51,104.760
11/24/2025 09:42:15,3.53,104.766
11/24/2025 09:52:15,3.56,104.771
11/24/2025 10:02:15,3.58,104.781
11/24/2025 10:12:15,3.61,104.781
11/24/2025 10:22:15,3.64,104.760
11/24/2025 10:32:15,3.67,104.775
11/24/2025 10:42:15,3.71,104.776
11/24/2025 10:52:15,3.74,104.786
11/24/2025 11:02:15,3.77,104.800
11/24/2025 11:12:15,3.81,104.784
11/24/2025 11:22:15,3.86,104.799
11/24/2025 11:32:15,3.92,104.797
11/24/2025 11:42:15,3.98,104.799
11/24/2025 11:52:15,4.04,104.788
11/24/2025 12:02:15,4.09,104.790
11/24/2025 12:12:15,4.14,104.791
11/24/2025 12:22:15,4.20,104.789
11/24/2025 12:32:15,4.26,104.773
11/24/2025 12:42:15,4.31,104.753
11/24/2025 12:52:15,4.37,104.760
11/24/2025 13:02:15,4.43,104.771
11/24/2025 13:12:15,4.49,104.746
11/24/2025 13:22:15,4.55,104.740
11/24/2025 13:32:15,4.59,104.763
11/24/2025 13:42:15,4.62,104.777
11/24/2025 13:52:15,4.65,104.770
11/24/2025 14:02:15,4.68,104.784
11/24/2025 14:12:15,4.70,104.780
11/24/2025 14:22:15,4.72,104.811
11/24/2025 14:32:15,4.73,104.821
11/24/2025 14:42:15,4.74,104.839
11/24/2025 14:52:15,4.75,104.843
11/24/2025 15:02:15,4.75,104.866
11/24/2025 15:12:15,4.76,104.861
11/24/2025 15:22:15,4.76,104.866
11/24/2025 15:32:15,4.76,104.883
11/24/2025 15:42:15,4.76,104.888
11/24/2025 15:52:15,4.75,104.870
11/24/2025 16:02:15,4.75,104.896
11/24/2025 16:12:15,4.75,104.887
11/24/2025 16:22:15,4.75,104.905
11/24/2025 16:32:15,4.74,104.927
11/24/2025 16:42:15,4.74,104.900
11/24/2025 16:52:15,4.73,104.935
11/24/2025 17:02:15,4.72,104.992
11/24/2025 17:12:15,4.72,105.009
11/24/2025 17:22:15,4.71,105.040
11/24/2025 17:32:15,4.69,105.048
11/24/2025 17:42:15,4.68,105.065
11/24/2025 17:52:15,4.67,105.069
11/24/2025 18:02:15,4.65,105.064
11/24/2025 18:12:15,4.64,105.059
11/24/2025 18:22:15,4.63,105.059
11/24/2025 18:32:15,4.62,105.041
11/24/2025 18:42:15,4.61,105.049
11/24/2025 18:52:15,4.60,105.049
11/24/2025 19:02:15,4.59,105.053
11/24/2025 19:12:15,4.58,105.040
11/24/2025 19:22:15,4.57,105.035
11/24/2025 19:32:15,4.56,105.039
11/24/2025 19:42:15,4.55,105.043
11/24/2025 19:52:15,4.55,105.052
11/24/2025 20:02:15,4.55,105.052
11/24/2025 20:12:15,4.54,105.043
11/24/2025 20:22:15,4.54,105.069
11/24/2025 20:32:15,4.54,105.060
11/24/2025 20:42:15,4.53,105.069
11/24/2025 20:52:15,4.53,105.078
11/24/2025 21:02:15,4.53,105.086
11/24/2025 21:12:15,4.53,105.082
11/24/2025 21:22:15,4.52,105.108
11/24/2025 21:32:15,4.52,105.099
11/24/2025 21:42:15,4.52,105.103
11/24/2025 21:52:15,4.51,105.108
11/24/2025 22:02:15,4.51,105.130
11/24/2025 22:12:15,4.51,105.134
11/24/2025 22:22:15,4.50,105.129
11/24/2025 22:32:15,4.50,105.129
11/24/2025 22:42:15,4.49,105.116
11/24/2025 22:52:15,4.48,105.124
11/24/2025 23:02:15,4.48,105.106
11/24/2025 23:12:15,4.47,105.111
11/24/2025 23:22:15,4.46,105.097
11/24/2025 23:32:15,4.45,105.075
11/24/2025 23:42:15,4.44,105.079
11/24/2025 23:52:15,4.43,105.101
11/25/2025 00:02:15,4.43,105.096
11/25/2025 00:12:15,4.42,105.091
11/25/2025 00:22:15,4.41,105.100
11/25/2025 00:32:15,4.40,105.104
11/25/2025 00:42:15,4.40,105.090
11/25/2025 00:52:15,4.39,105.068
11/25/2025 01:02:15,4.38,105.077
11/25/2025 01:12:15,4.37,105.098
11/25/2025 01:22:15,4.36,105.120
11/25/2025 01:32:15,4.34,105.124
11/25/2025 01:42:15,4.33,105.119
11/25/2025 01:52:15,4.31,105.118
11/25/2025 02:02:15,4.29,105.122
11/25/2025 02:12:15,4.27,105.108
11/25/2025 02:22:15,4.25,105.098
11/25/2025 02:32:15,4.23,105.102
11/25/2025 02:42:15,4.20,105.088
11/25/2025 02:52:15,4.18,105.065
11/25/2025 03:02:15,4.16,105.029
11/25/2025 03:12:15,4.14,105.024
11/25/2025 03:22:15,4.12,105.015
11/25/2025 03:32:15,4.10,105.014
11/25/2025 03:42:15,4.08,105.004
11/25/2025 03:52:15,4.06,105.017
11/25/2025 04:02:15,4.04,105.012
11/25/2025 04:12:15,4.03,105.020
11/25/2025 04:22:15,4.01,105.024
11/25/2025 04:32:15,4.00,105.010
11/25/2025 04:42:15,3.98,105.019
11/25/2025 04:52:15,3.97,105.010
11/25/2025 05:02:15,3.96,105.014
11/25/2025 05:12:15,3.96,105.005
11/25/2025 05:22:15,3.95,105.000
11/25/2025 05:32:15,3.94,105.022
11/25/2025 05:42:15,3.93,105.008
11/25/2025 05:52:15,3.92,104.999
11/25/2025 06:02:15,3.92,104.999
11/25/2025 06:12:15,3.91,105.047
11/25/2025 06:22:15,3.90,105.060
11/25/2025 06:32:15,3.89,105.059
11/25/2025 06:42:15,3.88,105.064
11/25/2025 06:52:15,3.87,105.024
11/25/2025 07:02:15,3.87,105.019
11/25/2025 07:12:15,3.86,105.036
11/25/2025 07:22:15,3.85,105.023
11/25/2025 07:32:15,3.85,105.018
11/25/2025 07:42:15,3.84,105.031
11/25/2025 07:52:15,3.84,105.014
11/25/2025 08:02:15,3.83,104.987
11/25/2025 08:12:15,3.82,104.996
11/25/2025 08:22:15,3.82,104.995
11/25/2025 08:32:15,3.82,104.987
11/25/2025 08:42:15,3.82,105.000
11/25/2025 08:52:15,3.82,105.000
11/25/2025 09:02:15,3.83,104.987
11/25/2025 09:12:15,3.83,104.987
11/25/2025 09:22:15,3.84,104.987
11/25/2025 09:32:15,3.86,104.992
11/25/2025 09:42:15,3.87,104.997
11/25/2025 09:52:15,3.89,105.015
11/25/2025 10:02:15,3.90,104.998
11/25/2025 10:12:15,3.92,105.017
11/25/2025 10:22:15,3.94,104.982
11/25/2025 10:32:15,3.96,104.952
11/25/2025 10:42:15,3.97,104.944
11/25/2025 10:52:15,3.99,104.949
11/25/2025 11:02:15,4.01,104.923
11/25/2025 11:12:15,4.04,104.889
11/25/2025 11:22:15,4.07,104.894
11/25/2025 11:32:15,4.10,104.895
11/25/2025 11:42:15,4.14,104.875
11/25/2025 11:52:15,4.18,104.841
11/25/2025 12:02:15,4.21,104.807
11/25/2025 12:12:15,4.25,104.764
11/25/2025 12:22:15,4.28,104.752
11/25/2025 12:32:15,4.30,104.744
11/25/2025 12:42:15,4.34,104.723
11/25/2025 12:52:15,4.37,104.707
11/25/2025 13:02:15,4.40,104.703
11/25/2025 13:12:15,4.42,104.669
11/25/2025 13:22:15,4.45,104.661
11/25/2025 13:32:15,4.48,104.649
11/25/2025 13:42:15,4.51,104.655
11/25/2025 13:52:15,4.54,104.643
11/25/2025 14:02:15,4.57,104.648
11/25/2025 14:12:15,4.61,104.649
11/25/2025 14:22:15,4.64,104.646
11/25/2025 14:32:15,4.67,104.638
11/25/2025 14:42:15,4.69,104.635
11/25/2025 14:52:15,4.72,104.636
11/25/2025 15:02:15,4.74,104.628
11/25/2025 15:12:15,4.76,104.620
11/25/2025 15:22:15,4.79,104.616
11/25/2025 15:32:15,4.81,104.604
11/25/2025 15:42:15,4.82,104.582
11/25/2025 15:52:15,4.83,104.569
11/25/2025 16:02:15,4.85,104.565
11/25/2025 16:12:15,4.86,104.553
11/25/2025 16:22:15,4.88,104.544
11/25/2025 16:32:15,4.89,104.549
11/25/2025 16:42:15,4.90,104.528
11/25/2025 16:52:15,4.91,104.532
11/25/2025 17:02:15,4.92,104.524
11/25/2025 17:12:15,4.93,104.498
11/25/2025 17:22:15,4.95,104.499
11/25/2025 17:32:15,4.96,104.481
11/25/2025 17:42:15,4.98,104.473
11/25/2025 17:52:15,5.00,104.474
11/25/2025 18:02:15,5.01,104.452
11/25/2025 18:12:15,5.03,104.444
11/25/2025 18:22:15,5.05,104.440
11/25/2025 18:32:15,5.06,104.445
11/25/2025 18:42:15,5.08,104.442
11/25/2025 18:52:15,5.10,104.425
11/25/2025 19:02:15,5.12,104.425
11/25/2025 19:12:15,5.14,104.409
11/25/2025 19:22:15,5.17,104.405
11/25/2025 19:32:15,5.19,104.397
11/25/2025 19:42:15,5.23,104.398
11/25/2025 19:52:15,5.28,104.413
11/25/2025 20:02:15,5.34,104.442
11/25/2025 20:12:15,5.42,104.458
11/25/2025 20:22:15,5.48,104.508
11/25/2025 20:32:15,5.54,104.541
11/25/2025 20:42:15,5.64,104.593
11/25/2025 20:52:15,5.78,104.668
11/25/2025 21:02:15,5.95,104.714
11/25/2025 21:12:15,6.16,104.787
11/25/2025 21:22:15,6.39,104.808
11/25/2025 21:32:15,6.61,104.869
11/25/2025 21:42:15,6.85,104.917
11/25/2025 21:52:15,7.10,104.974
11/25/2025 22:02:15,7.31,105.070
11/25/2025 22:12:15,7.45,105.202
11/25/2025 22:22:15,7.50,105.230
11/25/2025 22:32:15,7.57,105.211
11/25/2025 22:42:15,7.69,105.188
11/25/2025 22:52:15,7.76,105.196
11/25/2025 23:02:15,7.77,105.209
11/25/2025 23:12:15,7.72,105.221
11/25/2025 23:22:15,7.66,105.245
11/25/2025 23:32:15,7.59,105.291
11/25/2025 23:42:15,7.55,105.307
11/25/2025 23:52:15,7.53,105.293
11/26/2025 00:02:15,7.51,105.275
11/26/2025 00:12:15,7.49,105.208
11/26/2025 00:22:15,7.46,105.154
11/26/2025 00:32:15,7.41,105.108
11/26/2025 00:42:15,7.35,105.053
11/26/2025 00:52:15,7.29,105.029
11/26/2025 01:02:15,7.23,105.023
11/26/2025 01:12:15,7.16,104.976
11/26/2025 01:22:15,7.09,104.969
11/26/2025 01:32:15,7.01,104.975
11/26/2025 01:42:15,6.96,105.013
11/26/2025 01:52:15,6.93,105.078
11/26/2025 02:02:15,6.92,105.183
11/26/2025 02:12:15,6.93,105.241
11/26/2025 02:22:15,6.95,105.286
11/26/2025 02:32:15,7.00,105.274
11/26/2025 02:42:15,7.07,105.259
11/26/2025 02:52:15,7.13,105.239
11/26/2025 03:02:15,7.16,105.214
11/26/2025 03:12:15,7.17,105.197
11/26/2025 03:22:15,7.15,105.161
11/26/2025 03:32:15,7.12,105.120
11/26/2025 03:42:15,7.09,105.084
11/26/2025 03:52:15,7.06,105.052
11/26/2025 04:02:15,7.02,105.055
11/26/2025 04:12:15,6.98,104.992
11/26/2025 04:22:15,6.95,105.009
11/26/2025 04:32:15,6.92,104.990
11/26/2025 04:42:15,6.90,104.967
11/26/2025 04:52:15,6.87,104.966
11/26/2025 05:02:15,6.85,104.948
11/26/2025 05:12:15,6.83,104.903
11/26/2025 05:22:15,6.82,104.867
11/26/2025 05:32:15,6.81,104.849
11/26/2025 05:42:15,6.80,104.836
11/26/2025 05:52:15,6.78,104.809
11/26/2025 06:02:15,6.76,104.799
11/26/2025 06:12:15,6.74,104.790
11/26/2025 06:22:15,6.72,104.754
11/26/2025 06:32:15,6.70,104.762
11/26/2025 06:42:15,6.69,104.793
11/26/2025 06:52:15,6.68,104.770
11/26/2025 07:02:15,6.66,104.761
11/26/2025 07:12:15,6.66,104.734
11/26/2025 07:22:15,6.65,104.721
11/26/2025 07:32:15,6.64,104.725
11/26/2025 07:42:15,6.64,104.725
11/26/2025 07:52:15,6.64,104.733
11/26/2025 08:02:15,6.64,104.725
11/26/2025 08:12:15,6.64,104.681
11/26/2025 08:22:15,6.64,104.698
11/26/2025 08:32:15,6.65,104.708
11/26/2025 08:42:15,6.66,104.677
11/26/2025 08:52:15,6.67,104.669
11/26/2025 09:02:15,6.68,104.682
11/26/2025 09:12:15,6.70,104.661
11/26/2025 09:22:15,6.72,104.644
11/26/2025 09:32:15,6.73,104.627
11/26/2025 09:42:15,6.75,104.636
11/26/2025 09:52:15,6.78,104.637
11/26/2025 10:02:15,6.80,104.620
11/26/2025 10:12:15,6.82,104.608
11/26/2025 10:22:15,6.85,104.596
11/26/2025 10:32:15,6.87,104.592
11/26/2025 10:42:15,6.90,104.611
11/26/2025 10:52:15,6.93,104.581
11/26/2025 11:02:15,6.96,104.595
11/26/2025 11:12:15,7.00,104.566
11/26/2025 11:22:15,7.03,104.545
11/26/2025 11:32:15,7.07,104.533
11/26/2025 11:42:15,7.11,104.565
11/26/2025 11:52:15,7.15,104.544
11/26/2025 12:02:15,7.18,104.528
11/26/2025 12:12:15,7.21,104.507
11/26/2025 12:22:15,7.24,104.521
11/26/2025 12:32:15,7.27,104.513
11/26/2025 12:42:15,7.29,104.505
11/26/2025 12:52:15,7.32,104.515
11/26/2025 13:02:15,7.34,104.542
11/26/2025 13:12:15,7.36,104.508
11/26/2025 13:22:15,7.38,104.517
11/26/2025 13:32:15,7.40,104.513
11/26/2025 13:42:15,7.42,104.518
11/26/2025 13:52:15,7.43,104.532
11/26/2025 14:02:15,7.45,104.506
11/26/2025 14:12:15,7.47,104.520
11/26/2025 14:22:15,7.48,104.503
11/26/2025 14:32:15,7.50,104.517
11/26/2025 14:42:15,7.52,104.513
11/26/2025 14:52:15,7.54,104.540
11/26/2025 15:02:15,7.56,104.532
11/26/2025 15:12:15,7.57,104.528
11/26/2025 15:22:15,7.59,104.542
11/26/2025 15:32:15,7.60,104.542
11/26/2025 15:42:15,7.61,104.565
11/26/2025 15:52:15,7.61,104.569
11/26/2025 16:02:15,7.62,104.556
11/26/2025 16:12:15,7.63,104.565
11/26/2025 16:22:15,7.63,104.574
11/26/2025 16:32:15,7.64,104.566
11/26/2025 16:42:15,7.64,104.570
11/26/2025 16:52:15,7.65,104.579
11/26/2025 17:02:15,7.65,104.584
11/26/2025 17:12:15,7.65,104.575
11/26/2025 17:22:15,7.66,104.567
11/26/2025 17:32:15,7.67,104.554
11/26/2025 17:42:15,7.67,104.532
11/26/2025 17:52:15,7.68,104.537
11/26/2025 18:02:15,7.69,104.519
11/26/2025 18:12:15,7.69,104.497
11/26/2025 18:22:15,7.70,104.471
11/26/2025 18:32:15,7.71,104.480
11/26/2025 18:42:15,7.71,104.463
11/26/2025 18:52:15,7.72,104.472
11/26/2025 19:02:15,7.72,104.454
11/26/2025 19:12:15,7.73,104.446
11/26/2025 19:22:15,7.73,104.455
11/26/2025 19:32:15,7.74,104.468
11/26/2025 19:42:15,7.74,104.450
11/26/2025 19:52:15,7.74,104.442
11/26/2025 20:02:15,7.74,104.411
11/26/2025 20:12:15,7.74,104.380
11/26/2025 20:22:15,7.74,104.385
11/26/2025 20:32:15,7.74,104.380
11/26/2025 20:42:15,7.74,104.362
11/26/2025 20:52:15,7.74,104.349
11/26/2025 21:02:15,7.74,104.336
11/26/2025 21:12:15,7.74,104.314
11/26/2025 21:22:15,7.73,104.358
11/26/2025 21:32:15,7.72,104.335
11/26/2025 21:42:15,7.72,104.309
11/26/2025 21:52:15,7.71,104.273
11/26/2025 22:02:15,7.71,104.300
11/26/2025 22:12:15,7.70,104.291
11/26/2025 22:22:15,7.69,104.273
11/26/2025 22:32:15,7.69,104.361
11/26/2025 22:42:15,7.69,104.330
11/26/2025 22:52:15,7.69,104.369
11/26/2025 23:02:15,7.68,104.374
11/26/2025 23:12:15,7.68,104.400
11/26/2025 23:22:15,7.68,104.391
11/26/2025 23:32:15,7.68,104.378
11/26/2025 23:42:15,7.68,104.409
11/26/2025 23:52:15,7.68,104.422
11/27/2025 00:02:15,7.68,104.440
11/27/2025 00:12:15,7.68,104.466
11/27/2025 00:22:15,7.67,104.488
11/27/2025 00:32:15,7.66,104.518
11/27/2025 00:42:15,7.66,104.492
11/27/2025 00:52:15,7.65,104.505
11/27/2025 01:02:15,7.64,104.526
11/27/2025 01:12:15,7.62,104.543
11/27/2025 01:22:15,7.61,104.543
11/27/2025 01:32:15,7.59,104.577
11/27/2025 01:42:15,7.57,104.612
11/27/2025 01:52:15,7.56,104.576
11/27/2025 02:02:15,7.54,104.611
11/27/2025 02:12:15,7.53,104.597
11/27/2025 02:22:15,7.51,104.588
11/27/2025 02:32:15,7.49,104.600
11/27/2025 02:42:15,7.47,104.591
11/27/2025 02:52:15,7.44,104.585
11/27/2025 03:02:15,7.42,104.598
11/27/2025 03:12:15,7.40,104.593
11/27/2025 03:22:15,7.37,104.587
11/27/2025 03:32:15,7.34,104.604
11/27/2025 03:42:15,7.31,104.585
11/27/2025 03:52:15,7.28,104.611
11/27/2025 04:02:15,7.26,104.592
11/27/2025 04:12:15,7.23,104.595
11/27/2025 04:22:15,7.19,104.630
11/27/2025 04:32:15,7.16,104.611
11/27/2025 04:42:15,7.13,104.632
11/27/2025 04:52:15,7.10,104.626
11/27/2025 05:02:15,7.06,104.629
11/27/2025 05:12:15,7.03,104.646
11/27/2025 05:22:15,7.00,104.667
11/27/2025 05:32:15,6.96,104.679
11/27/2025 05:42:15,6.93,104.673
11/27/2025 05:52:15,6.89,104.659
11/27/2025 06:02:15,6.86,104.658
11/27/2025 06:12:15,6.82,104.652
11/27/2025 06:22:15,6.79,104.668
11/27/2025 06:32:15,6.76,104.667
11/27/2025 06:42:15,6.73,104.670
11/27/2025 06:52:15,6.69,104.696
11/27/2025 07:02:15,6.66,104.695
11/27/2025 07:12:15,6.63,104.694
11/27/2025 07:22:15,6.60,104.706
11/27/2025 07:32:15,6.57,104.731
11/27/2025 07:42:15,6.54,104.748
11/27/2025 07:52:15,6.51,104.751
11/27/2025 08:02:15,6.48,104.750
11/27/2025 08:12:15,6.46,104.758
11/27/2025 08:22:15,6.44,104.700
11/27/2025 08:32:15,6.41,104.721
11/27/2025 08:42:15,6.39,104.725
11/27/2025 08:52:15,6.38,104.724
11/27/2025 09:02:15,6.36,104.746
11/27/2025 09:12:15,6.35,104.767
11/27/2025 09:22:15,6.34,104.780
11/27/2025 09:32:15,6.33,104.758
11/27/2025 09:42:15,6.33,104.789
11/27/2025 09:52:15,6.32,104.793
11/27/2025 10:02:15,6.32,104.762
11/27/2025 10:12:15,6.31,104.722
11/27/2025 10:22:15,6.31,104.717
11/27/2025 10:32:15,6.31,104.700
11/27/2025 10:42:15,6.32,104.691
11/27/2025 10:52:15,6.32,104.652
11/27/2025 11:02:15,6.32,104.648
11/27/2025 11:12:15,6.32,104.639
11/27/2025 11:22:15,6.32,104.604
11/27/2025 11:32:15,6.33,104.604
11/27/2025 11:42:15,6.34,104.574
11/27/2025 11:52:15,6.36,104.578
11/27/2025 12:02:15,6.37,104.539
11/27/2025 12:12:15,6.40,104.509
11/27/2025 12:22:15,6.41,104.514
11/27/2025 12:32:15,6.43,104.533
11/27/2025 12:42:15,6.44,104.520
11/27/2025 12:52:15,6.45,104.485
11/27/2025 13:02:15,6.46,104.490
11/27/2025 13:12:15,6.47,104.477
11/27/2025 13:22:15,6.47,104.455
11/27/2025 13:32:15,6.48,104.455
11/27/2025 13:42:15,6.49,104.455
11/27/2025 13:52:15,6.49,104.425
11/27/2025 14:02:15,6.50,104.407
11/27/2025 14:12:15,6.50,104.399
11/27/2025 14:22:15,6.50,104.403
11/27/2025 14:32:15,6.50,104.390
11/27/2025 14:42:15,6.50,104.421
11/27/2025 14:52:15,6.50,104.443
11/27/2025 15:02:15,6.50,104.425
11/27/2025 15:12:15,6.50,104.429
11/27/2025 15:22:15,6.49,104.416
11/27/2025 15:32:15,6.49,104.442
11/27/2025 15:42:15,6.49,104.451
11/27/2025 15:52:15,6.49,104.460
11/27/2025 16:02:15,6.49,104.455
11/27/2025 16:12:15,6.48,104.433
11/27/2025 16:22:15,6.48,104.451
11/27/2025 16:32:15,6.47,104.446
11/27/2025 16:42:15,6.47,104.472
11/27/2025 16:52:15,6.47,104.455
11/27/2025 17:02:15,6.46,104.437
11/27/2025 17:12:15,6.46,104.428
11/27/2025 17:22:15,6.46,104.437
11/27/2025 17:32:15,6.45,104.415
11/27/2025 17:42:15,6.45,104.406
11/27/2025 17:52:15,6.44,104.405
11/27/2025 18:02:15,6.44,104.401
11/27/2025 18:12:15,6.43,104.396
11/27/2025 18:22:15,6.43,104.418
11/27/2025 18:32:15,6.42,104.400
11/27/2025 18:42:15,6.41,104.378
11/27/2025 18:52:15,6.41,104.373
11/27/2025 19:02:15,6.40,104.351
11/27/2025 19:12:15,6.39,104.360
11/27/2025 19:22:15,6.39,104.368
11/27/2025 19:32:15,6.38,104.341
11/27/2025 19:42:15,6.37,104.323
11/27/2025 19:52:15,6.35,104.305
11/27/2025 20:02:15,6.34,104.279
11/27/2025 20:12:15,6.33,104.291
11/27/2025 20:22:15,6.31,104.291
11/27/2025 20:32:15,6.29,104.295
11/27/2025 20:42:15,6.27,104.303
11/27/2025 20:52:15,6.25,104.297
11/27/2025 21:02:15,6.23,104.301
11/27/2025 21:12:15,6.20,104.305
11/27/2025 21:22:15,6.17,104.290
11/27/2025 21:32:15,6.15,104.272
11/27/2025 21:42:15,6.12,104.267
11/27/2025 21:52:15,6.10,104.257
11/27/2025 22:02:15,6.07,104.261
11/27/2025 22:12:15,6.05,104.246
11/27/2025 22:22:15,6.02,104.241
11/27/2025 22:32:15,6.00,104.249
11/27/2025 22:42:15,5.97,104.231
11/27/2025 22:52:15,5.94,104.225
11/27/2025 23:02:15,5.92,104.220
11/27/2025 23:12:15,5.89,104.210
11/27/2025 23:22:15,5.87,104.201
11/27/2025 23:32:15,5.84,104.187
11/27/2025 23:42:15,5.82,104.168
11/27/2025 23:52:15,5.80,104.181
11/28/2025 00:02:15,5.77,104.180
11/28/2025 00:12:15,5.75,104.170
11/28/2025 00:22:15,5.72,104.152
11/28/2025 00:32:15,5.70,104.160
11/28/2025 00:42:15,5.67,104.159
11/28/2025 00:52:15,5.65,104.167
11/28/2025 01:02:15,5.63,104.144
11/28/2025 01:12:15,5.60,104.143
11/28/2025 01:22:15,5.57,104.151
11/28/2025 01:32:15,5.54,104.150
11/28/2025 01:42:15,5.51,104.166
11/28/2025 01:52:15,5.48,104.148
11/28/2025 02:02:15,5.46,104.147
11/28/2025 02:12:15,5.43,104.146
11/28/2025 02:22:15,5.40,104.136
11/28/2025 02:32:15,5.38,104.126
11/28/2025 02:42:15,5.35,104.108
11/28/2025 02:52:15,5.33,104.085
11/28/2025 03:02:15,5.30,104.097
11/28/2025 03:12:15,5.28,104.061
11/28/2025 03:22:15,5.25,104.047
11/28/2025 03:32:15,5.23,104.055
11/28/2025 03:42:15,5.21,104.041
11/28/2025 03:52:15,5.18,104.036
11/28/2025 04:02:15,5.16,104.022
11/28/2025 04:12:15,5.14,104.004
11/28/2025 04:22:15,5.12,104.016
11/28/2025 04:32:15,5.11,103.994
11/28/2025 04:42:15,5.09,104.002
11/28/2025 04:52:15,5.08,103.997
11/28/2025 05:02:15,5.06,103.992
11/28/2025 05:12:15,5.04,103.992
11/28/2025 05:22:15,5.03,103.987
11/28/2025 05:32:15,5.01,103.977
11/28/2025 05:42:15,5.00,103.968
11/28/2025 05:52:15,4.99,103.972
11/28/2025 06:02:15,4.98,103.981
11/28/2025 06:12:15,4.97,103.976
11/28/2025 06:22:15,4.96,103.971
11/28/2025 06:32:15,4.94,103.984
11/28/2025 06:42:15,4.92,103.983
11/28/2025 06:52:15,4.91,103.965
11/28/2025 07:02:15,4.89,103.973
11/28/2025 07:12:15,4.87,103.977
11/28/2025 07:22:15,4.86,103.963
11/28/2025 07:32:15,4.84,103.976
11/28/2025 07:42:15,4.82,103.971
11/28/2025 07:52:15,4.80,103.979
11/28/2025 08:02:15,4.79,103.974
11/28/2025 08:12:15,4.77,103.965
11/28/2025 08:22:15,4.76,103.947
11/28/2025 08:32:15,4.75,103.964
11/28/2025 08:42:15,4.73,103.959
11/28/2025 08:52:15,4.72,103.967
11/28/2025 09:02:15,4.72,103.954
11/28/2025 09:12:15,4.71,103.958
11/28/2025 09:22:15,4.71,103.967
11/28/2025 09:32:15,4.72,103.972
11/28/2025 09:42:15,4.73,103.985
11/28/2025 09:52:15,4.74,103.981
11/28/2025 10:02:15,4.75,103.981
11/28/2025 10:12:15,4.76,103.995
11/28/2025 10:22:15,4.78,103.996
11/28/2025 10:32:15,4.81,103.983
11/28/2025 10:42:15,4.83,103.997
11/28/2025 10:52:15,4.85,103.981
11/28/2025 11:02:15,4.87,103.973
11/28/2025 11:12:15,4.90,103.956
11/28/2025 11:22:15,4.92,103.961
11/28/2025 11:32:15,4.94,103.957
11/28/2025 11:42:15,4.96,103.984
11/28/2025 11:52:15,4.98,103.976
11/28/2025 12:02:15,5.00,103.968
11/28/2025 12:12:15,5.03,104.334
11/28/2025 12:22:15,5.06,104.326
11/28/2025 12:32:15,5.08,104.327
11/28/2025 12:42:15,5.09,104.323
11/28/2025 12:52:15,5.11,104.319
11/28/2025 13:02:15,5.12,104.337
11/28/2025 13:12:15,5.13,104.347
11/28/2025 13:22:15,5.14,104.369
11/28/2025 13:32:15,5.16,104.356
11/28/2025 13:42:15,5.18,104.326
11/28/2025 13:52:15,5.19,104.322
11/28/2025 14:02:15,5.20,104.344
11/28/2025 14:12:15,5.20,104.367
11/28/2025 14:22:15,5.21,104.380
11/28/2025 14:32:15,5.22,104.394
11/28/2025 14:42:15,5.23,104.420
11/28/2025 14:52:15,5.24,104.465
11/28/2025 15:02:15,5.24,104.473
11/28/2025 15:12:15,5.24,104.522
11/28/2025 15:22:15,5.25,104.527
11/28/2025 15:32:15,5.25,104.540
11/28/2025 15:42:15,5.24,104.566
11/28/2025 15:52:15,5.24,104.561
11/28/2025 16:02:15,5.23,104.561
11/28/2025 16:12:15,5.23,104.601
11/28/2025 16:22:15,5.22,104.605
11/28/2025 16:32:15,5.21,104.631
11/28/2025 16:42:15,5.20,104.622
11/28/2025 16:52:15,5.19,104.648
11/28/2025 17:02:15,5.18,104.661
11/28/2025 17:12:15,5.18,104.709
11/28/2025 17:22:15,5.17,104.713
11/28/2025 17:32:15,5.16,104.739
11/28/2025 17:42:15,5.16,104.743
11/28/2025 17:52:15,5.16,104.748
11/28/2025 18:02:15,5.16,104.770
11/28/2025 18:12:15,5.16,104.778
11/28/2025 18:22:15,5.15,104.770
11/28/2025 18:32:15,5.15,104.783
11/28/2025 18:42:15,5.14,104.782
11/28/2025 18:52:15,5.14,104.791
11/28/2025 19:02:15,5.14,104.796
11/28/2025 19:12:15,5.14,104.831
11/28/2025 19:22:15,5.14,104.826
11/28/2025 19:32:15,5.14,104.844
11/28/2025 19:42:15,5.14,104.844
11/28/2025 19:52:15,5.14,104.839
11/28/2025 20:02:15,5.13,104.848
11/28/2025 20:12:15,5.13,104.852
11/28/2025 20:22:15,5.12,104.865
11/28/2025 20:32:15,5.12,104.892
11/28/2025 20:42:15,5.11,104.896
11/28/2025 20:52:15,5.10,104.909
11/28/2025 21:02:15,5.09,104.930
11/28/2025 21:12:15,5.09,104.930
11/28/2025 21:22:15,5.08,104.943
11/28/2025 21:32:15,5.06,104.960
11/28/2025 21:42:15,5.05,104.960
11/28/2025 21:52:15,5.04,104.981
11/28/2025 22:02:15,5.03,104.998
11/28/2025 22:12:15,5.01,104.984
11/28/2025 22:22:15,4.99,105.006
11/28/2025 22:32:15,4.98,105.027
11/28/2025 22:42:15,4.96,105.035
11/28/2025 22:52:15,4.94,105.079
11/28/2025 23:02:15,4.91,105.113
11/28/2025 23:12:15,4.89,105.139
11/28/2025 23:22:15,4.87,105.125
11/28/2025 23:32:15,4.85,105.133
11/28/2025 23:42:15,4.82,105.149
11/28/2025 23:52:15,4.80,105.131
11/29/2025 00:02:15,4.77,105.134
11/29/2025 00:12:15,4.75,105.151
11/29/2025 00:22:15,4.72,105.163
11/29/2025 00:32:15,4.70,105.184
11/29/2025 00:42:15,4.67,105.210
11/29/2025 00:52:15,4.64,105.235
11/29/2025 01:02:15,4.62,105.261
11/29/2025 01:12:15,4.60,105.273
11/29/2025 01:22:15,4.58,105.321
11/29/2025 01:32:15,4.55,105.338
11/29/2025 01:42:15,4.53,105.359
11/29/2025 01:52:15,4.51,105.389
11/29/2025 02:02:15,4.49,105.410
11/29/2025 02:12:15,4.47,105.401
11/29/2025 02:22:15,4.45,105.413
11/29/2025 02:32:15,4.42,105.425
11/29/2025 02:42:15,4.40,105.429
11/29/2025 02:52:15,4.38,105.433
11/29/2025 03:02:15,4.36,105.463
11/29/2025 03:12:15,4.34,105.462
11/29/2025 03:22:15,4.32,105.474
11/29/2025 03:32:15,4.30,105.500
11/29/2025 03:42:15,4.28,105.517
11/29/2025 03:52:15,4.25,105.525
11/29/2025 04:02:15,4.23,105.564
11/29/2025 04:12:15,4.21,105.572
11/29/2025 04:22:15,4.19,105.584
11/29/2025 04:32:15,4.17,105.619
11/29/2025 04:42:15,4.14,105.627
11/29/2025 04:52:15,4.12,105.626
11/29/2025 05:02:15,4.10,105.634
11/29/2025 05:12:15,4.08,105.664
11/29/2025 05:22:15,4.06,105.681
11/29/2025 05:32:15,4.04,105.711
11/29/2025 05:42:15,4.01,105.718
11/29/2025 05:52:15,3.99,105.757
11/29/2025 06:02:15,3.96,105.778
11/29/2025 06:12:15,3.94,105.786
11/29/2025 06:22:15,3.91,105.794
11/29/2025 06:32:15,3.89,105.784
11/29/2025 06:42:15,3.86,105.814
11/29/2025 06:52:15,3.84,105.835
11/29/2025 07:02:15,3.81,105.843
11/29/2025 07:12:15,3.78,105.855
11/29/2025 07:22:15,3.76,105.837
11/29/2025 07:32:15,3.74,105.863
11/29/2025 07:42:15,3.71,105.862
11/29/2025 07:52:15,3.69,105.918
11/29/2025 08:02:15,3.67,105.931
11/29/2025 08:12:15,3.66,105.926
11/29/2025 08:22:15,3.65,105.925
11/29/2025 08:32:15,3.64,105.951
11/29/2025 08:42:15,3.63,105.951
11/29/2025 08:52:15,3.63,105.968
11/29/2025 09:02:15,3.62,106.012
11/29/2025 09:12:15,3.62,106.017
11/29/2025 09:22:15,3.62,106.025
11/29/2025 09:32:15,3.63,106.056
11/29/2025 09:42:15,3.63,106.057
11/29/2025 09:52:15,3.64,106.079
11/29/2025 10:02:15,3.66,106.066
11/29/2025 10:12:15,3.68,106.080
11/29/2025 10:22:15,3.70,106.094
11/29/2025 10:32:15,3.73,106.091
11/29/2025 10:42:15,3.76,106.096
11/29/2025 10:52:15,3.79,106.106
11/29/2025 11:02:15,3.82,106.089
11/29/2025 11:12:15,3.84,106.095
11/29/2025 11:22:15,3.87,106.109
11/29/2025 11:32:15,3.90,106.110
11/29/2025 11:42:15,3.94,106.094
11/29/2025 11:52:15,3.98,106.108
11/29/2025 12:02:15,4.02,106.127
11/29/2025 12:12:15,4.05,106.120
11/29/2025 12:22:15,4.09,106.117
11/29/2025 12:32:15,4.11,106.122
11/29/2025 12:42:15,4.13,106.131
11/29/2025 12:52:15,4.14,106.167
11/29/2025 13:02:15,4.15,106.176
11/29/2025 13:12:15,4.15,106.172
11/29/2025 13:22:15,4.16,106.163
11/29/2025 13:32:15,4.16,106.176
11/29/2025 13:42:15,4.16,106.176
11/29/2025 13:52:15,4.15,106.181
11/29/2025 14:02:15,4.15,106.198
11/29/2025 14:12:15,4.15,106.211
11/29/2025 14:22:15,4.14,106.220
11/29/2025 14:32:15,4.14,106.233
11/29/2025 14:42:15,4.14,106.228
11/29/2025 14:52:15,4.14,106.250
11/29/2025 15:02:15,4.13,106.268
11/29/2025 15:12:15,4.12,106.276
11/29/2025 15:22:15,4.12,106.298
11/29/2025 15:32:15,4.11,106.311
11/29/2025 15:42:15,4.11,106.324
11/29/2025 15:52:15,4.11,106.328
11/29/2025 16:02:15,4.10,106.337
11/29/2025 16:12:15,4.10,106.333
11/29/2025 16:22:15,4.10,106.341
11/29/2025 16:32:15,4.09,106.359
11/29/2025 16:42:15,4.08,106.371
11/29/2025 16:52:15,4.08,106.389
11/29/2025 17:02:15,4.07,106.393
11/29/2025 17:12:15,4.07,106.419
11/29/2025 17:22:15,4.06,106.415
11/29/2025 17:32:15,4.06,106.436
11/29/2025 17:42:15,4.05,106.454
11/29/2025 17:52:15,4.05,106.476
11/29/2025 18:02:15,4.04,106.511
11/29/2025 18:12:15,4.04,106.510
11/29/2025 18:22:15,4.03,106.537
11/29/2025 18:32:15,4.02,106.519
11/29/2025 18:42:15,4.02,106.536
11/29/2025 18:52:15,4.01,106.558
11/29/2025 19:02:15,4.00,106.558
11/29/2025 19:12:15,4.00,106.557
11/29/2025 19:22:15,3.99,106.584
11/29/2025 19:32:15,3.98,106.570
11/29/2025 19:42:15,3.98,106.552
11/29/2025 19:52:15,3.97,106.543
11/29/2025 20:02:15,3.96,106.534
11/29/2025 20:12:15,3.95,106.542
11/29/2025 20:22:15,3.94,106.555
11/29/2025 20:32:15,3.93,106.581
11/29/2025 20:42:15,3.92,106.577
11/29/2025 20:52:15,3.91,106.545
11/29/2025 21:02:15,3.90,106.523
11/29/2025 21:12:15,3.89,106.523
11/29/2025 21:22:15,3.88,106.553
11/29/2025 21:32:15,3.87,106.544
11/29/2025 21:42:15,3.87,106.557
11/29/2025 21:52:15,3.86,106.552
11/29/2025 22:02:15,3.85,106.556
11/29/2025 22:12:15,3.85,106.574
11/29/2025 22:22:15,3.84,106.552
11/29/2025 22:32:15,3.83,106.565
11/29/2025 22:42:15,3.83,106.564
11/29/2025 22:52:15,3.82,106.568
11/29/2025 23:02:15,3.81,106.555
11/29/2025 23:12:15,3.81,106.533
11/29/2025 23:22:15,3.81,106.555
11/29/2025 23:32:15,3.81,106.550
11/29/2025 23:42:15,3.80,106.493
11/29/2025 23:52:15,3.80,106.515
11/30/2025 00:02:15,3.79,106.488
11/30/2025 00:12:15,3.78,106.501
11/30/2025 00:22:15,3.77,106.505
11/30/2025 00:32:15,3.77,106.461
11/30/2025 00:42:15,3.76,106.500
11/30/2025 00:52:15,3.75,106.491
11/30/2025 01:02:15,3.74,106.487
11/30/2025 01:12:15,3.73,106.447
11/30/2025 01:22:15,3.72,106.459
11/30/2025 01:32:15,3.71,106.463
11/30/2025 01:42:15,3.70,106.463
11/30/2025 01:52:15,3.68,106.467
11/30/2025 02:02:15,3.67,106.471
11/30/2025 02:12:15,3.66,106.462
11/30/2025 02:22:15,3.65,106.435
11/30/2025 02:32:15,3.63,106.456
11/30/2025 02:42:15,3.62,106.473
11/30/2025 02:52:15,3.60,106.447
11/30/2025 03:02:15,3.59,106.424
11/30/2025 03:12:15,3.58,106.428
11/30/2025 03:22:15,3.57,106.441
11/30/2025 03:32:15,3.56,106.432
11/30/2025 03:42:15,3.55,106.396
11/30/2025 03:52:15,3.53,106.404
11/30/2025 04:02:15,3.52,106.404
11/30/2025 04:12:15,3.51,106.386
11/30/2025 04:22:15,3.50,106.377
11/30/2025 04:32:15,3.49,106.412
11/30/2025 04:42:15,3.49,106.390
11/30/2025 04:52:15,3.48,106.363
11/30/2025 05:02:15,3.47,106.323
11/30/2025 05:12:15,3.46,106.283
11/30/2025 05:22:15,3.46,106.235
11/30/2025 05:32:15,3.45,106.226
11/30/2025 05:42:15,3.45,106.239
11/30/2025 05:52:15,3.44,106.190
11/30/2025 06:02:15,3.44,106.168
11/30/2025 06:12:15,3.44,106.173
11/30/2025 06:22:15,3.44,106.159
11/30/2025 06:32:15,3.43,106.155
11/30/2025 06:42:15,3.43,106.155
11/30/2025 06:52:15,3.43,106.133
11/30/2025 07:02:15,3.42,106.076
11/30/2025 07:12:15,3.42,106.075
11/30/2025 07:22:15,3.42,106.071
11/30/2025 07:32:15,3.42,106.071
11/30/2025 07:42:15,3.42,106.080
11/30/2025 07:52:15,3.42,106.080
11/30/2025 08:02:15,3.42,106.058
11/30/2025 08:12:15,3.42,106.053
11/30/2025 08:22:15,3.42,106.014
11/30/2025 08:32:15,3.42,105.992
11/30/2025 08:42:15,3.42,105.961
11/30/2025 08:52:15,3.43,105.948
11/30/2025 09:02:15,3.43,105.922
11/30/2025 09:12:15,3.43,105.926
11/30/2025 09:22:15,3.44,105.931
11/30/2025 09:32:15,3.44,105.913
11/30/2025 09:42:15,3.44,105.861
11/30/2025 09:52:15,3.45,105.879
11/30/2025 10:02:15,3.45,105.839
11/30/2025 10:12:15,3.46,105.822
11/30/2025 10:22:15,3.47,105.770
11/30/2025 10:32:15,3.48,105.739
11/30/2025 10:42:15,3.50,105.713
11/30/2025 10:52:15,3.51,105.683
11/30/2025 11:02:15,3.53,105.635
11/30/2025 11:12:15,3.54,105.618
11/30/2025 11:22:15,3.56,105.597
11/30/2025 11:32:15,3.58,105.558
11/30/2025 11:42:15,3.59,105.554
11/30/2025 11:52:15,3.61,105.520
11/30/2025 12:02:15,3.63,105.494
11/30/2025 12:12:15,3.65,105.442
11/30/2025 12:22:15,3.66,105.420
11/30/2025 12:32:15,3.68,105.395
11/30/2025 12:42:15,3.69,105.365
11/30/2025 12:52:15,3.71,105.330
11/30/2025 13:02:15,3.72,105.330
11/30/2025 13:12:15,3.74,105.309
11/30/2025 13:22:15,3.75,105.274
11/30/2025 13:32:15,3.76,105.248
11/30/2025 13:42:15,3.77,105.227
11/30/2025 13:52:15,3.78,105.214
11/30/2025 14:02:15,3.79,105.219
11/30/2025 14:12:15,3.80,105.175
11/30/2025 14:22:15,3.81,105.184
11/30/2025 14:32:15,3.82,105.167
11/30/2025 14:42:15,3.83,105.154
11/30/2025 14:52:15,3.85,105.146
11/30/2025 15:02:15,3.86,105.120
11/30/2025 15:12:15,3.87,105.094
11/30/2025 15:22:15,3.88,105.099
11/30/2025 15:32:15,3.90,105.073
11/30/2025 15:42:15,3.92,105.091
11/30/2025 15:52:15,3.94,105.057
11/30/2025 16:02:15,3.96,105.062
11/30/2025 16:12:15,3.98,105.062
11/30/2025 16:22:15,4.00,105.059
11/30/2025 16:32:15,4.02,105.086
11/30/2025 16:42:15,4.07,105.079
11/30/2025 16:52:15,4.13,105.103
11/30/2025 17:02:15,4.16,105.135
11/30/2025 17:12:15,4.19,105.127
11/30/2025 17:22:15,4.23,105.124
11/30/2025 17:32:15,4.31,105.118
11/30/2025 17:42:15,4.40,105.117
11/30/2025 17:52:15,4.48,105.106
11/30/2025 18:02:15,4.53,105.082
11/30/2025 18:12:15,4.57,105.092
11/30/2025 18:22:15,4.59,105.080
11/30/2025 18:32:15,4.60,105.075
11/30/2025 18:42:15,4.60,105.036
11/30/2025 18:52:15,4.59,104.996
11/30/2025 19:02:15,4.60,104.992
11/30/2025 19:12:15,4.60,104.996
11/30/2025 19:22:15,4.60,104.988
11/30/2025 19:32:15,4.60,104.997
11/30/2025 19:42:15,4.60,104.966
11/30/2025 19:52:15,4.59,104.970
11/30/2025 20:02:15,4.58,104.961
11/30/2025 20:12:15,4.57,104.951
11/30/2025 20:22:15,4.56,104.960
11/30/2025 20:32:15,4.55,104.973
11/30/2025 20:42:15,4.55,104.942
11/30/2025 20:52:15,4.54,104.937
11/30/2025 21:02:15,4.54,104.915
11/30/2025 21:12:15,4.53,104.902
11/30/2025 21:22:15,4.53,104.897
11/30/2025 21:32:15,4.52,104.884
11/30/2025 21:42:15,4.52,104.875
11/30/2025 21:52:15,4.51,104.857
11/30/2025 22:02:15,4.51,104.870
11/30/2025 22:12:15,4.50,104.883
11/30/2025 22:22:15,4.50,104.896
11/30/2025 22:32:15,4.49,104.887
11/30/2025 22:42:15,4.49,104.896
11/30/2025 22:52:15,4.48,104.896
11/30/2025 23:02:15,4.48,104.891
11/30/2025 23:12:15,4.48,104.891
11/30/2025 23:22:15,4.47,104.895
11/30/2025 23:32:15,4.46,104.903
11/30/2025 23:42:15,4.45,104.912
11/30/2025 23:52:15,4.44,104.942
12/01/2025 00:02:15,4.42,104.946
12/01/2025 00:12:15,4.42,104.920
12/01/2025 00:22:15,4.41,104.928
12/01/2025 00:32:15,4.40,104.928
12/01/2025 00:42:15,4.39,104.928
12/01/2025 00:52:15,4.39,104.971
12/01/2025 01:02:15,4.38,104.971
12/01/2025 01:12:15,4.38,104.998
12/01/2025 01:22:15,4.38,105.002
12/01/2025 01:32:15,4.38,105.028
12/01/2025 01:42:15,4.39,105.020
12/01/2025 01:52:15,4.39,105.042
12/01/2025 02:02:15,4.39,105.042
12/01/2025 02:12:15,4.39,105.068
12/01/2025 02:22:15,4.39,105.068
12/01/2025 02:32:15,4.39,105.064
12/01/2025 02:42:15,4.39,105.090
12/01/2025 02:52:15,4.39,105.103
12/01/2025 03:02:15,4.38,105.125
12/01/2025 03:12:15,4.38,105.125
12/01/2025 03:22:15,4.38,105.129
12/01/2025 03:32:15,4.37,105.133
12/01/2025 03:42:15,4.36,105.142
12/01/2025 03:52:15,4.35,105.146
12/01/2025 04:02:15,4.34,105.159
12/01/2025 04:12:15,4.33,105.171
12/01/2025 04:22:15,4.31,105.167
12/01/2025 04:32:15,4.30,105.188
12/01/2025 04:42:15,4.29,105.197
12/01/2025 04:52:15,4.28,105.218
12/01/2025 05:02:15,4.27,105.235
12/01/2025 05:12:15,4.26,105.257
12/01/2025 05:22:15,4.25,105.274
12/01/2025 05:32:15,4.24,105.287
12/01/2025 05:42:15,4.23,105.326
12/01/2025 05:52:15,4.22,105.339
12/01/2025 06:02:15,4.21,105.361
12/01/2025 06:12:15,4.20,105.373
12/01/2025 06:22:15,4.18,105.377
12/01/2025 06:32:15,4.17,105.416
12/01/2025 06:42:15,4.15,105.429
12/01/2025 06:52:15,4.14,105.455
12/01/2025 07:02:15,4.12,105.481
12/01/2025 07:12:15,4.11,105.502
12/01/2025 07:22:15,4.10,105.520
12/01/2025 07:32:15,4.10,105.550
12/01/2025 07:42:15,4.09,105.563
12/01/2025 07:52:15,4.08,105.585
12/01/2025 08:02:15,4.07,105.589
12/01/2025 08:12:15,4.07,105.628
12/01/2025 08:22:15,4.07,105.642
12/01/2025 08:32:15,4.07,105.637
12/01/2025 08:42:15,4.07,105.672
12/01/2025 08:52:15,4.07,105.677
12/01/2025 09:02:15,4.08,105.708
12/01/2025 09:12:15,4.09,105.717
12/01/2025 09:22:15,4.11,105.735
12/01/2025 09:32:15,4.12,105.757
12/01/2025 09:42:15,4.13,105.780
12/01/2025 09:52:15,4.14,105.802
12/01/2025 10:02:15,4.16,105.807
12/01/2025 10:12:15,4.18,105.790
12/01/2025 10:22:15,4.20,105.800
12/01/2025 10:32:15,4.22,105.805
12/01/2025 10:42:15,4.25,105.802
12/01/2025 10:52:15,4.27,105.794
12/01/2025 11:02:15,4.29,105.772
12/01/2025 11:12:15,4.32,105.795
12/01/2025 11:22:15,4.34,105.770
12/01/2025 11:32:15,4.37,105.771
12/01/2025 11:42:15,4.41,105.746
12/01/2025 11:52:15,4.44,105.756
12/01/2025 12:02:15,4.47,105.757
12/01/2025 12:12:15,4.50,105.732
12/01/2025 12:22:15,4.54,105.737
12/01/2025 12:32:15,4.57,105.743
12/01/2025 12:42:15,4.59,105.721
12/01/2025 12:52:15,4.61,105.744
12/01/2025 13:02:15,4.62,105.705
12/01/2025 13:12:15,4.63,105.710
12/01/2025 13:22:15,4.64,105.714
12/01/2025 13:32:15,4.64,105.714
12/01/2025 13:42:15,4.63,105.710
12/01/2025 13:52:15,4.62,105.723
12/01/2025 14:02:15,4.61,105.709
12/01/2025 14:12:15,4.60,105.726
12/01/2025 14:22:15,4.59,105.726
12/01/2025 14:32:15,4.57,105.743
12/01/2025 14:42:15,4.56,105.720
12/01/2025 14:52:15,4.54,105.733
12/01/2025 15:02:15,4.53,105.777
12/01/2025 15:12:15,4.52,105.763
12/01/2025 15:22:15,4.50,105.789
12/01/2025 15:32:15,4.49,105.810
12/01/2025 15:42:15,4.47,105.836
12/01/2025 15:52:15,4.46,105.844
12/01/2025 16:02:15,4.44,105.861
12/01/2025 16:12:15,4.43,105.865
12/01/2025 16:22:15,4.41,105.860
12/01/2025 16:32:15,4.39,105.895
12/01/2025 16:42:15,4.38,105.903
12/01/2025 16:52:15,4.36,105.915
12/01/2025 17:02:15,4.34,105.932
12/01/2025 17:12:15,4.32,105.949
12/01/2025 17:22:15,4.30,105.931
12/01/2025 17:32:15,4.29,105.939
12/01/2025 17:42:15,4.27,105.917
12/01/2025 17:52:15,4.26,105.965
12/01/2025 18:02:15,4.24,105.990
12/01/2025 18:12:15,4.22,105.972
12/01/2025 18:22:15,4.21,105.989
12/01/2025 18:32:15,4.19,105.980
12/01/2025 18:42:15,4.18,105.971
12/01/2025 18:52:15,4.16,105.974
12/01/2025 19:02:15,4.14,105.956
12/01/2025 19:12:15,4.13,105.947
12/01/2025 19:22:15,4.11,105.986
12/01/2025 19:32:15,4.10,105.968
12/01/2025 19:42:15,4.08,105.954
12/01/2025 19:52:15,4.07,105.940
12/01/2025 20:02:15,4.05,105.905
12/01/2025 20:12:15,4.04,105.904
12/01/2025 20:22:15,4.02,105.921
12/01/2025 20:32:15,4.00,105.942
12/01/2025 20:42:15,3.98,105.924
12/01/2025 20:52:15,3.96,105.901
12/01/2025 21:02:15,3.94,105.927
12/01/2025 21:12:15,3.92,105.895
12/01/2025 21:22:15,3.90,105.881
12/01/2025 21:32:15,3.87,105.876
12/01/2025 21:42:15,3.85,105.871
12/01/2025 21:52:15,3.82,105.865
12/01/2025 22:02:15,3.79,105.847
12/01/2025 22:12:15,3.77,105.864
12/01/2025 22:22:15,3.74,105.863
12/01/2025 22:32:15,3.71,105.840
12/01/2025 22:42:15,3.69,105.817
12/01/2025 22:52:15,3.66,105.833
12/01/2025 23:02:15,3.63,105.824
12/01/2025 23:12:15,3.60,105.818
12/01/2025 23:22:15,3.57,105.808
12/01/2025 23:32:15,3.54,105.790
12/01/2025 23:42:15,3.51,105.793
12/01/2025 23:52:15,3.47,105.792
12/02/2025 00:02:15,3.44,105.799
12/02/2025 00:12:15,3.41,105.798
12/02/2025 00:22:15,3.38,105.806
12/02/2025 00:32:15,3.35,105.805
12/02/2025 00:42:15,3.32,105.799
12/02/2025 00:52:15,3.29,105.798
12/02/2025 01:02:15,3.26,105.784
12/02/2025 01:12:15,3.24,105.796
12/02/2025 01:22:15,3.21,105.791
12/02/2025 01:32:15,3.18,105.746
12/02/2025 01:42:15,3.16,105.776
12/02/2025 01:52:15,3.14,105.745
12/02/2025 02:02:15,3.12,105.700
12/02/2025 02:12:15,3.10,105.690
12/02/2025 02:22:15,3.07,105.672
12/02/2025 02:32:15,3.05,105.632
12/02/2025 02:42:15,3.03,105.618
12/02/2025 02:52:15,3.02,105.617
12/02/2025 03:02:15,3.00,105.599
12/02/2025 03:12:15,2.98,105.559
12/02/2025 03:22:15,2.97,105.545
12/02/2025 03:32:15,2.95,105.540
12/02/2025 03:42:15,2.94,105.549
12/02/2025 03:52:15,2.92,105.517
12/02/2025 04:02:15,2.91,105.521
12/02/2025 04:12:15,2.89,105.534
12/02/2025 04:22:15,2.88,105.503
12/02/2025 04:32:15,2.86,105.463
12/02/2025 04:42:15,2.85,105.414
12/02/2025 04:52:15,2.84,105.391
12/02/2025 05:02:15,2.82,105.391
12/02/2025 05:12:15,2.81,105.364
12/02/2025 05:22:15,2.79,105.372
12/02/2025 05:32:15,2.78,105.354
12/02/2025 05:42:15,2.76,105.345
12/02/2025 05:52:15,2.75,105.340
12/02/2025 06:02:15,2.74,105.353
12/02/2025 06:12:15,2.73,105.361
12/02/2025 06:22:15,2.72,105.334
12/02/2025 06:32:15,2.71,105.308
12/02/2025 06:42:15,2.70,105.294
12/02/2025 06:52:15,2.69,105.311
12/02/2025 07:02:15,2.67,105.302
12/02/2025 07:12:15,2.66,105.297
12/02/2025 07:22:15,2.65,105.266
12/02/2025 07:32:15,2.64,105.239
12/02/2025 07:42:15,2.63,105.191
12/02/2025 07:52:15,2.62,105.164
12/02/2025 08:02:15,2.62,105.120
12/02/2025 08:12:15,2.61,105.072
12/02/2025 08:22:15,2.61,105.050
12/02/2025 08:32:15,2.61,105.041
12/02/2025 08:42:15,2.60,105.067
12/02/2025 08:52:15,2.60,105.049
12/02/2025 09:02:15,2.59,105.049
12/02/2025 09:12:15,2.59,105.014
12/02/2025 09:22:15,2.59,104.974
12/02/2025 09:32:15,2.58,104.983
12/02/2025 09:42:15,2.58,104.983
12/02/2025 09:52:15,2.58,104.965
12/02/2025 10:02:15,2.57,104.973
12/02/2025 10:12:15,2.55,104.942
12/02/2025 10:22:15,2.51,104.967
12/02/2025 10:32:15,2.48,104.966
12/02/2025 10:42:15,2.44,104.973
12/02/2025 10:52:15,2.40,104.941
12/02/2025 11:02:15,2.36,104.935
12/02/2025 11:12:15,2.30,104.929
12/02/2025 11:22:15,2.23,104.887
12/02/2025 11:32:15,2.15,104.875
12/02/2025 11:42:15,2.08,104.864
12/02/2025 11:52:15,2.00,104.857
12/02/2025 12:02:15,1.92,104.849
12/02/2025 12:12:15,1.84,104.807
12/02/2025 12:22:15,1.77,104.739
12/02/2025 12:32:15,1.70,104.706
12/02/2025 12:42:15,1.64,104.712
12/02/2025 12:52:15,1.58,104.662
12/02/2025 13:02:15,1.53,104.625
12/02/2025 13:12:15,1.49,104.602
12/02/2025 13:22:15,1.44,104.569
12/02/2025 13:32:15,1.39,104.563
12/02/2025 13:42:15,1.35,104.544
12/02/2025 13:52:15,1.30,104.529
12/02/2025 14:02:15,1.27,104.546
12/02/2025 14:12:15,1.24,104.509
12/02/2025 14:22:15,1.21,104.486
12/02/2025 14:32:15,1.17,104.433
12/02/2025 14:42:15,1.14,104.405
12/02/2025 14:52:15,1.10,104.421
12/02/2025 15:02:15,1.07,104.381
12/02/2025 15:12:15,1.05,104.371
12/02/2025 15:22:15,1.02,104.335
12/02/2025 15:32:15,0.99,104.325
12/02/2025 15:42:15,0.96,104.316
12/02/2025 15:52:15,0.92,104.305
12/02/2025 16:02:15,0.88,104.264
12/02/2025 16:12:15,0.83,104.245
12/02/2025 16:22:15,0.78,104.230
12/02/2025 16:32:15,0.73,104.215
12/02/2025 16:42:15,0.67,104.182
12/02/2025 16:52:15,0.62,104.154
12/02/2025 17:02:15,0.57,104.175
12/02/2025 17:12:15,0.53,104.151
12/02/2025 17:22:15,0.50,104.115
12/02/2025 17:32:15,0.47,104.101
12/02/2025 17:42:15,0.45,104.078
12/02/2025 17:52:15,0.45,104.034
12/02/2025 18:02:15,0.45,103.999
12/02/2025 18:12:15,0.46,104.008
12/02/2025 18:22:15,0.46,103.982
12/02/2025 18:32:15,0.46,103.973
12/02/2025 18:42:15,0.47,103.956
12/02/2025 18:52:15,0.48,103.961
12/02/2025 19:02:15,0.50,103.961
12/02/2025 19:12:15,0.52,103.940
12/02/2025 19:22:15,0.54,103.936
12/02/2025 19:32:15,0.55,103.950
12/02/2025 19:42:15,0.57,103.942
12/02/2025 19:52:15,0.59,103.942
12/02/2025 20:02:15,0.60,103.939
12/02/2025 20:12:15,0.62,103.939
12/02/2025 20:22:15,0.63,103.962
12/02/2025 20:32:15,0.64,103.949
12/02/2025 20:42:15,0.65,103.967
12/02/2025 20:52:15,0.66,103.958
12/02/2025 21:02:15,0.67,103.954
12/02/2025 21:12:15,0.67,103.945
12/02/2025 21:22:15,0.67,103.932
12/02/2025 21:32:15,0.68,103.924
12/02/2025 21:42:15,0.68,103.946
12/02/2025 21:52:15,0.68,103.950
12/02/2025 22:02:15,0.69,103.968
12/02/2025 22:12:15,0.70,103.964
12/02/2025 22:22:15,0.71,103.947
12/02/2025 22:32:15,0.71,103.947
12/02/2025 22:42:15,0.72,103.969
12/02/2025 22:52:15,0.72,103.960
12/02/2025 23:02:15,0.72,103.991
12/02/2025 23:12:15,0.72,103.969
12/02/2025 23:22:15,0.72,103.987
12/02/2025 23:32:15,0.73,103.987
12/02/2025 23:42:15,0.73,104.005
12/02/2025 23:52:15,0.74,104.005
12/03/2025 00:02:15,0.75,104.036
12/03/2025 00:12:15,0.76,104.032
12/03/2025 00:22:15,0.77,104.045
12/03/2025 00:32:15,0.78,104.046
12/03/2025 00:42:15,0.79,104.068
12/03/2025 00:52:15,0.80,104.095
12/03/2025 01:02:15,0.81,104.117
12/03/2025 01:12:15,0.82,104.139
12/03/2025 01:22:15,0.84,104.140
12/03/2025 01:32:15,0.85,104.180
12/03/2025 01:42:15,0.87,104.159
12/03/2025 01:52:15,0.89,104.199
12/03/2025 02:02:15,0.91,104.221
12/03/2025 02:12:15,0.93,104.249
12/03/2025 02:22:15,0.95,104.254
12/03/2025 02:32:15,0.98,104.281
12/03/2025 02:42:15,1.01,104.291
12/03/2025 02:52:15,1.03,104.335
12/03/2025 03:02:15,1.05,104.349
12/03/2025 03:12:15,1.08,104.346
12/03/2025 03:22:15,1.09,104.399
12/03/2025 03:32:15,1.11,104.439
12/03/2025 03:42:15,1.12,104.444
12/03/2025 03:52:15,1.13,104.458
12/03/2025 04:02:15,1.14,104.462
12/03/2025 04:12:15,1.15,104.498
12/03/2025 04:22:15,1.16,104.520
12/03/2025 04:32:15,1.17,104.542
12/03/2025 04:42:15,1.18,104.591
12/03/2025 04:52:15,1.19,104.609
12/03/2025 05:02:15,1.20,104.613
12/03/2025 05:12:15,1.20,104.631
12/03/2025 05:22:15,1.21,104.658
12/03/2025 05:32:15,1.21,104.680
12/03/2025 05:42:15,1.21,104.675
12/03/2025 05:52:15,1.21,104.706
12/03/2025 06:02:15,1.22,104.733
12/03/2025 06:12:15,1.22,104.755
12/03/2025 06:22:15,1.22,104.777
12/03/2025 06:32:15,1.23,104.777
12/03/2025 06:42:15,1.24,104.786
12/03/2025 06:52:15,1.25,104.830
12/03/2025 07:02:15,1.26,104.866
12/03/2025 07:12:15,1.27,104.879
12/03/2025 07:22:15,1.28,104.928
12/03/2025 07:32:15,1.29,104.911
12/03/2025 07:42:15,1.29,104.893
12/03/2025 07:52:15,1.30,104.898
12/03/2025 08:02:15,1.31,104.925
12/03/2025 08:12:15,1.32,104.964
12/03/2025 08:22:15,1.33,104.991
12/03/2025 08:32:15,1.34,104.983
12/03/2025 08:42:15,1.35,104.988
12/03/2025 08:52:15,1.37,105.010
12/03/2025 09:02:15,1.38,105.112
12/03/2025 09:12:15,1.40,105.095
12/03/2025 09:22:15,1.42,105.087
12/03/2025 09:32:15,1.45,105.079
12/03/2025 09:42:15,1.47,105.084
12/03/2025 09:52:15,1.50,105.107
12/03/2025 10:02:15,1.53,105.121
12/03/2025 10:12:15,1.57,105.122
12/03/2025 10:22:15,1.61,105.133
12/03/2025 10:32:15,1.65,105.077
12/03/2025 10:42:15,1.70,105.039
12/03/2025 10:52:15,1.75,105.081
12/03/2025 11:02:15,1.80,105.095
12/03/2025 11:12:15,1.85,105.097
12/03/2025 11:22:15,1.91,105.082
12/03/2025 11:32:15,1.97,105.088
12/03/2025 11:42:15,2.04,105.117
12/03/2025 11:52:15,2.14,105.107
12/03/2025 12:02:15,2.24,105.098
12/03/2025 12:12:15,2.34,105.115
12/03/2025 12:22:15,2.43,105.092
12/03/2025 12:32:15,2.52,105.104
12/03/2025 12:42:15,2.60,105.133
12/03/2025 12:52:15,2.66,105.143
12/03/2025 13:02:15,2.71,105.132
12/03/2025 13:12:15,2.75,105.085
12/03/2025 13:22:15,2.79,105.130
12/03/2025 13:32:15,2.81,105.092
12/03/2025 13:42:15,2.84,105.097
12/03/2025 13:52:15,2.87,105.129
12/03/2025 14:02:15,2.89,105.116
12/03/2025 14:12:15,2.90,105.121
12/03/2025 14:22:15,2.90,105.143
12/03/2025 14:32:15,2.91,105.121
12/03/2025 14:42:15,2.91,105.099
12/03/2025 14:52:15,2.91,105.108
12/03/2025 15:02:15,2.91,105.108
12/03/2025 15:12:15,2.90,105.112
12/03/2025 15:22:15,2.90,105.117
12/03/2025 15:32:15,2.90,105.112
12/03/2025 15:42:15,2.90,105.086
12/03/2025 15:52:15,2.89,105.108
12/03/2025 16:02:15,2.89,105.121
12/03/2025 16:12:15,2.88,105.129
12/03/2025 16:22:15,2.88,105.107
12/03/2025 16:32:15,2.87,105.120
12/03/2025 16:42:15,2.86,105.089
12/03/2025 16:52:15,2.85,105.106
12/03/2025 17:02:15,2.84,105.145
12/03/2025 17:12:15,2.82,105.123
12/03/2025 17:22:15,2.81,105.122
12/03/2025 17:32:15,2.80,105.140
12/03/2025 17:42:15,2.79,105.161
12/03/2025 17:52:15,2.77,105.161
12/03/2025 18:02:15,2.76,105.178
12/03/2025 18:12:15,2.75,105.186
12/03/2025 18:22:15,2.73,105.181
12/03/2025 18:32:15,2.72,105.176
12/03/2025 18:42:15,2.72,105.207
12/03/2025 18:52:15,2.71,105.185
12/03/2025 19:02:15,2.70,105.193
12/03/2025 19:12:15,2.70,105.176
12/03/2025 19:22:15,2.69,105.189
12/03/2025 19:32:15,2.69,105.175
12/03/2025 19:42:15,2.68,105.162
12/03/2025 19:52:15,2.68,105.153
12/03/2025 20:02:15,2.68,105.157
12/03/2025 20:12:15,2.67,105.162
12/03/2025 20:22:15,2.67,105.157
12/03/2025 20:32:15,2.67,105.131
12/03/2025 20:42:15,2.66,105.113
12/03/2025 20:52:15,2.66,105.108
12/03/2025 21:02:15,2.65,105.117
12/03/2025 21:12:15,2.65,105.081
12/03/2025 21:22:15,2.64,105.068
12/03/2025 21:32:15,2.62,105.076
12/03/2025 21:42:15,2.61,105.067
12/03/2025 21:52:15,2.59,105.066
12/03/2025 22:02:15,2.58,105.070
12/03/2025 22:12:15,2.56,105.083
12/03/2025 22:22:15,2.55,105.043
12/03/2025 22:32:15,2.53,105.042
12/03/2025 22:42:15,2.51,105.050
12/03/2025 22:52:15,2.50,105.059
12/03/2025 23:02:15,2.48,105.045
12/03/2025 23:12:15,2.46,105.031
12/03/2025 23:22:15,2.44,105.000
12/03/2025 23:32:15,2.43,104.960
12/03/2025 23:42:15,2.41,104.981
12/03/2025 23:52:15,2.40,104.963
12/04/2025 00:02:15,2.39,104.963
12/04/2025 00:12:15,2.38,104.945
12/04/2025 00:22:15,2.36,104.940
12/04/2025 00:32:15,2.35,104.913
12/04/2025 00:42:15,2.34,104.921
12/04/2025 00:52:15,2.33,104.899
12/04/2025 01:02:15,2.32,104.864
12/04/2025 01:12:15,2.32,104.894
12/04/2025 01:22:15,2.31,104.903
12/04/2025 01:32:15,2.30,104.894
12/04/2025 01:42:15,2.29,104.871
12/04/2025 01:52:15,2.28,104.867
12/04/2025 02:02:15,2.27,104.866
12/04/2025 02:12:15,2.26,104.857
12/04/2025 02:22:15,2.25,104.848
12/04/2025 02:32:15,2.24,104.839
12/04/2025 02:42:15,2.23,104.838
12/04/2025 02:52:15,2.22,104.781
12/04/2025 03:02:15,2.20,104.772
12/04/2025 03:12:15,2.18,104.766
12/04/2025 03:22:15,2.16,104.775
12/04/2025 03:32:15,2.14,104.761
12/04/2025 03:42:15,2.12,104.751
12/04/2025 03:52:15,2.10,104.764
12/04/2025 04:02:15,2.08,104.750
12/04/2025 04:12:15,2.06,104.736
12/04/2025 04:22:15,2.03,104.748
12/04/2025 04:32:15,2.01,104.734
12/04/2025 04:42:15,1.98,104.716
12/04/2025 04:52:15,1.96,104.719
12/04/2025 05:02:15,1.94,104.723
12/04/2025 05:12:15,1.93,104.718
12/04/2025 05:22:15,1.91,104.709
12/04/2025 05:32:15,1.90,104.717
12/04/2025 05:42:15,1.88,104.730
12/04/2025 05:52:15,1.87,104.716
12/04/2025 06:02:15,1.86,104.720
12/04/2025 06:12:15,1.85,104.724
12/04/2025 06:22:15,1.85,104.724
12/04/2025 06:32:15,1.84,104.724
12/04/2025 06:42:15,1.84,104.719
12/04/2025 06:52:15,1.83,104.693
12/04/2025 07:02:15,1.83,104.662
12/04/2025 07:12:15,1.83,104.644
12/04/2025 07:22:15,1.82,104.644
12/04/2025 07:32:15,1.82,104.644
12/04/2025 07:42:15,1.82,104.635
12/04/2025 07:52:15,1.82,104.618
12/04/2025 08:02:15,1.82,104.613
12/04/2025 08:12:15,1.82,104.609
12/04/2025 08:22:15,1.82,104.627
12/04/2025 08:32:15,1.83,104.618
12/04/2025 08:42:15,1.84,104.618
12/04/2025 08:52:15,1.85,104.619
12/04/2025 09:02:15,1.86,104.619
12/04/2025 09:12:15,1.87,104.619
12/04/2025 09:22:15,1.88,104.629
12/04/2025 09:32:15,1.89,104.611
12/04/2025 09:42:15,1.91,104.616
12/04/2025 09:52:15,1.92,104.612
12/04/2025 10:02:15,1.94,104.600
12/04/2025 10:12:15,1.96,104.596
12/04/2025 10:22:15,1.98,104.602
12/04/2025 10:32:15,2.01,104.576
12/04/2025 10:42:15,2.04,104.586
12/04/2025 10:52:15,2.07,104.591
12/04/2025 11:02:15,2.10,104.575
12/04/2025 11:12:15,2.13,104.550
12/04/2025 11:22:15,2.17,104.542
12/04/2025 11:32:15,2.20,104.526
12/04/2025 11:42:15,2.24,104.531
12/04/2025 11:52:15,2.27,104.524
12/04/2025 12:02:15,2.31,104.508
12/04/2025 12:12:15,2.35,104.487
12/04/2025 12:22:15,2.40,104.498
12/04/2025 12:32:15,2.45,104.490
12/04/2025 12:42:15,2.49,104.479
12/04/2025 12:52:15,2.54,104.476
12/04/2025 13:02:15,2.59,104.487
12/04/2025 13:12:15,2.65,104.497
12/04/2025 13:22:15,2.70,104.508
12/04/2025 13:32:15,2.76,104.545
12/04/2025 13:42:15,2.81,104.551
12/04/2025 13:52:15,2.85,104.557
12/04/2025 14:02:15,2.88,104.576
12/04/2025 14:12:15,2.92,104.625
12/04/2025 14:22:15,2.95,104.697
12/04/2025 14:32:15,2.97,104.706
12/04/2025 14:42:15,2.99,104.716
12/04/2025 14:52:15,3.01,104.756
12/04/2025 15:02:15,3.02,104.805
12/04/2025 15:12:15,3.02,104.849
12/04/2025 15:22:15,3.03,104.871
12/04/2025 15:32:15,3.03,104.888
12/04/2025 15:42:15,3.02,104.928
12/04/2025 15:52:15,3.02,104.950
12/04/2025 16:02:15,3.00,104.975
12/04/2025 16:12:15,2.99,105.037
12/04/2025 16:22:15,2.98,105.054
12/04/2025 16:32:15,2.96,105.119
12/04/2025 16:42:15,2.94,105.149
12/04/2025 16:52:15,2.92,105.144
12/04/2025 17:02:15,2.90,105.187
12/04/2025 17:12:15,2.88,105.221
12/04/2025 17:22:15,2.86,105.256
12/04/2025 17:32:15,2.83,105.303
12/04/2025 17:42:15,2.81,105.316
12/04/2025 17:52:15,2.79,105.363
12/04/2025 18:02:15,2.77,105.376
12/04/2025 18:12:15,2.74,105.401
12/04/2025 18:22:15,2.72,105.427
12/04/2025 18:32:15,2.69,105.452
12/04/2025 18:42:15,2.66,105.469
12/04/2025 18:52:15,2.64,105.485
12/04/2025 19:02:15,2.61,105.524
12/04/2025 19:12:15,2.59,105.527
12/04/2025 19:22:15,2.56,105.535
12/04/2025 19:32:15,2.53,105.578
12/04/2025 19:42:15,2.50,105.590
12/04/2025 19:52:15,2.47,105.589
12/04/2025 20:02:15,2.44,105.606
12/04/2025 20:12:15,2.41,105.631
12/04/2025 20:22:15,2.38,105.634
12/04/2025 20:32:15,2.34,105.655
12/04/2025 20:42:15,2.31,105.676
12/04/2025 20:52:15,2.27,105.709
12/04/2025 21:02:15,2.23,105.734
12/04/2025 21:12:15,2.19,105.755
12/04/2025 21:22:15,2.16,105.767
12/04/2025 21:32:15,2.12,105.787
12/04/2025 21:42:15,2.07,105.795
12/04/2025 21:52:15,2.03,105.784
12/04/2025 22:02:15,1.99,105.809
12/04/2025 22:12:15,1.95,105.834
12/04/2025 22:22:15,1.91,105.833
12/04/2025 22:32:15,1.87,105.840
12/04/2025 22:42:15,1.84,105.843
12/04/2025 22:52:15,1.80,105.842
12/04/2025 23:02:15,1.76,105.854
12/04/2025 23:12:15,1.72,105.901
12/04/2025 23:22:15,1.69,105.908
12/04/2025 23:32:15,1.65,105.867
12/04/2025 23:42:15,1.62,105.906
12/04/2025 23:52:15,1.58,105.935
12/05/2025 00:02:15,1.54,105.925
12/05/2025 00:12:15,1.50,105.941
12/05/2025 00:22:15,1.46,105.948
12/05/2025 00:32:15,1.42,105.916
12/05/2025 00:42:15,1.38,105.937
12/05/2025 00:52:15,1.34,105.918
12/05/2025 01:02:15,1.30,105.930
12/05/2025 01:12:15,1.26,105.928
12/05/2025 01:22:15,1.22,105.909
12/05/2025 01:32:15,1.17,105.881
12/05/2025 01:42:15,1.13,105.915
12/05/2025 01:52:15,1.09,105.944
12/05/2025 02:02:15,1.04,105.942
12/05/2025 02:12:15,1.00,105.945
12/05/2025 02:22:15,0.95,105.930
12/05/2025 02:32:15,0.90,105.942
12/05/2025 02:42:15,0.86,105.918
12/05/2025 02:52:15,0.81,105.943
12/05/2025 03:02:15,0.77,105.941
12/05/2025 03:12:15,0.72,105.922
12/05/2025 03:22:15,0.68,105.912
12/05/2025 03:32:15,0.63,105.862
12/05/2025 03:42:15,0.59,105.772
12/05/2025 03:52:15,0.55,105.674
12/05/2025 04:02:15,0.51,105.599
12/05/2025 04:12:15,0.49,105.519
12/05/2025 04:22:15,0.46,105.456
12/05/2025 04:32:15,0.44,105.390
12/05/2025 04:42:15,0.43,105.359
12/05/2025 04:52:15,0.42,105.328
12/05/2025 05:02:15,0.43,105.297
12/05/2025 05:12:15,0.44,105.258
12/05/2025 05:22:15,0.45,105.237
12/05/2025 05:32:15,0.47,105.224
12/05/2025 05:42:15,0.50,105.199
12/05/2025 05:52:15,0.52,105.187
12/05/2025 06:02:15,0.55,105.170
12/05/2025 06:12:15,0.57,105.175
12/05/2025 06:22:15,0.60,105.180
12/05/2025 06:32:15,0.62,105.181
12/05/2025 06:42:15,0.63,105.217
12/05/2025 06:52:15,0.65,105.239
12/05/2025 07:02:15,0.66,105.306
12/05/2025 07:12:15,0.67,105.358
12/05/2025 07:22:15,0.67,105.411
12/05/2025 07:32:15,0.67,105.442
12/05/2025 07:42:15,0.66,105.477
12/05/2025 07:52:15,0.65,105.507
12/05/2025 08:02:15,0.63,105.520
12/05/2025 08:12:15,0.62,105.537
12/05/2025 08:22:15,0.61,105.562
12/05/2025 08:32:15,0.59,105.592
12/05/2025 08:42:15,0.57,105.605
12/05/2025 08:52:15,0.56,105.627
12/05/2025 09:02:15,0.55,105.644
12/05/2025 09:12:15,0.54,105.674
12/05/2025 09:22:15,0.54,105.696
12/05/2025 09:32:15,0.54,105.727
12/05/2025 09:42:15,0.55,105.749
12/05/2025 09:52:15,0.55,105.784
12/05/2025 10:02:15,0.57,105.807
12/05/2025 10:12:15,0.58,105.833
12/05/2025 10:22:15,0.59,105.882
12/05/2025 10:32:15,0.61,105.905
12/05/2025 10:42:15,0.62,105.905
12/05/2025 10:52:15,0.63,105.901
12/05/2025 11:02:15,0.63,105.932
12/05/2025 11:12:15,0.63,105.936
12/05/2025 11:22:15,0.63,105.963
12/05/2025 11:32:15,0.64,105.963
12/05/2025 11:42:15,0.65,105.963
12/05/2025 11:52:15,0.66,105.959
12/05/2025 12:02:15,0.67,105.977
12/05/2025 12:12:15,0.68,105.969
12/05/2025 12:22:15,0.69,105.965
12/05/2025 12:32:15,0.70,105.961
12/05/2025 12:42:15,0.71,105.939
12/05/2025 12:52:15,0.70,105.891
12/05/2025 13:02:15,0.70,105.873
12/05/2025 13:12:15,0.70,105.811
12/05/2025 13:22:15,0.69,105.767
12/05/2025 13:32:15,0.69,105.732
12/05/2025 13:42:15,0.69,105.679
12/05/2025 13:52:15,0.69,105.614
12/05/2025 14:02:15,0.69,105.583
12/05/2025 14:12:15,0.68,105.561
12/05/2025 14:22:15,0.68,105.534
12/05/2025 14:32:15,0.68,105.473
12/05/2025 14:42:15,0.68,105.451
12/05/2025 14:52:15,0.67,105.416
12/05/2025 15:02:15,0.67,105.398
12/05/2025 15:12:15,0.66,105.358
12/05/2025 15:22:15,0.65,105.331
12/05/2025 15:32:15,0.65,105.331
12/05/2025 15:42:15,0.64,105.305
12/05/2025 15:52:15,0.63,105.309
12/05/2025 16:02:15,0.63,105.278
12/05/2025 16:12:15,0.62,105.269
12/05/2025 16:22:15,0.62,105.238
12/05/2025 16:32:15,0.62,105.199
12/05/2025 16:42:15,0.62,105.190
12/05/2025 16:52:15,0.62,105.159
12/05/2025 17:02:15,0.62,105.146
12/05/2025 17:12:15,0.62,105.137
12/05/2025 17:22:15,0.63,105.133
12/05/2025 17:32:15,0.63,105.089
12/05/2025 17:42:15,0.63,105.081
12/05/2025 17:52:15,0.64,105.068
12/05/2025 18:02:15,0.65,105.059
12/05/2025 18:12:15,0.65,105.077
12/05/2025 18:22:15,0.65,105.059
12/05/2025 18:32:15,0.65,105.055
12/05/2025 18:42:15,0.66,105.055
12/05/2025 18:52:15,0.66,105.038
12/05/2025 19:02:15,0.66,105.046
12/05/2025 19:12:15,0.66,105.047
12/05/2025 19:22:15,0.66,105.042
12/05/2025 19:32:15,0.66,105.051
12/05/2025 19:42:15,0.67,105.064
12/05/2025 19:52:15,0.67,105.060
12/05/2025 20:02:15,0.67,105.038
12/05/2025 20:12:15,0.67,105.029
12/05/2025 20:22:15,0.67,105.012
12/05/2025 20:32:15,0.67,104.994
12/05/2025 20:42:15,0.67,104.999
12/05/2025 20:52:15,0.67,104.999
12/05/2025 21:02:15,0.67,104.981
12/05/2025 21:12:15,0.68,105.003
12/05/2025 21:22:15,0.68,104.990
12/05/2025 21:32:15,0.68,104.986
12/05/2025 21:42:15,0.68,104.960
12/05/2025 21:52:15,0.69,104.920
12/05/2025 22:02:15,0.69,104.912
12/05/2025 22:12:15,0.69,104.903
12/05/2025 22:22:15,0.70,104.894
12/05/2025 22:32:15,0.70,104.877
12/05/2025 22:42:15,0.70,104.868
12/05/2025 22:52:15,0.70,104.855
12/05/2025 23:02:15,0.71,104.824
12/05/2025 23:12:15,0.71,104.829
12/05/2025 23:22:15,0.71,104.824
12/05/2025 23:32:15,0.71,104.820
12/05/2025 23:42:15,0.71,104.798
12/05/2025 23:52:15,0.71,104.789
12/06/2025 00:02:15,0.72,104.776
12/06/2025 00:12:15,0.72,104.737
12/06/2025 00:22:15,0.72,104.724
12/06/2025 00:32:15,0.73,104.715
12/06/2025 00:42:15,0.73,104.694
12/06/2025 00:52:15,0.73,104.698
12/06/2025 01:02:15,0.73,104.698
12/06/2025 01:12:15,0.73,104.685
12/06/2025 01:22:15,0.73,104.685
12/06/2025 01:32:15,0.73,104.685
12/06/2025 01:42:15,0.72,104.680
12/06/2025 01:52:15,0.72,104.658
12/06/2025 02:02:15,0.72,104.658
12/06/2025 02:12:15,0.72,104.671
12/06/2025 02:22:15,0.72,104.663
12/06/2025 02:32:15,0.73,104.654
12/06/2025 02:42:15,0.73,104.663
12/06/2025 02:52:15,0.73,104.637
12/06/2025 03:02:15,0.73,104.641
12/06/2025 03:12:15,0.73,104.619
12/06/2025 03:22:15,0.72,104.614
12/06/2025 03:32:15,0.72,104.592
12/06/2025 03:42:15,0.71,104.588
12/06/2025 03:52:15,0.71,104.583
12/06/2025 04:02:15,0.71,104.596
12/06/2025 04:12:15,0.70,104.592
12/06/2025 04:22:15,0.70,104.578
12/06/2025 04:32:15,0.70,104.583
12/06/2025 04:42:15,0.69,104.596
12/06/2025 04:52:15,0.69,104.618
12/06/2025 05:02:15,0.69,104.569
12/06/2025 05:12:15,0.69,104.600
12/06/2025 05:22:15,0.69,104.609
12/06/2025 05:32:15,0.68,104.569
12/06/2025 05:42:15,0.68,104.565
12/06/2025 05:52:15,0.68,104.560
12/06/2025 06:02:15,0.68,104.560
12/06/2025 06:12:15,0.68,104.569
12/06/2025 06:22:15,0.68,104.569
12/06/2025 06:32:15,0.67,104.564
12/06/2025 06:42:15,0.67,104.560
12/06/2025 06:52:15,0.66,104.564
12/06/2025 07:02:15,0.66,104.551
12/06/2025 07:12:15,0.66,104.546
12/06/2025 07:22:15,0.66,104.573
12/06/2025 07:32:15,0.66,104.568
12/06/2025 07:42:15,0.66,104.560
12/06/2025 07:52:15,0.66,104.538
12/06/2025 08:02:15,0.67,104.542
12/06/2025 08:12:15,0.67,104.556
12/06/2025 08:22:15,0.68,104.529
12/06/2025 08:32:15,0.69,104.534
12/06/2025 08:42:15,0.70,104.552
12/06/2025 08:52:15,0.71,104.561
12/06/2025 09:02:15,0.72,104.548
12/06/2025 09:12:15,0.73,104.566
12/06/2025 09:22:15,0.74,104.562
12/06/2025 09:32:15,0.75,104.576
12/06/2025 09:42:15,0.76,104.576
12/06/2025 09:52:15,0.78,104.577
12/06/2025 10:02:15,0.80,104.569
12/06/2025 10:12:15,0.81,104.560
12/06/2025 10:22:15,0.83,104.561
12/06/2025 10:32:15,0.85,104.553
12/06/2025 10:42:15,0.88,104.532
12/06/2025 10:52:15,0.91,104.515
12/06/2025 11:02:15,0.93,104.490
12/06/2025 11:12:15,0.96,104.487
12/06/2025 11:22:15,0.99,104.448
12/06/2025 11:32:15,1.02,104.432
12/06/2025 11:42:15,1.05,104.433
12/06/2025 11:52:15,1.09,104.421
12/06/2025 12:02:15,1.13,104.370
12/06/2025 12:12:15,1.16,104.353
12/06/2025 12:22:15,1.20,104.332
12/06/2025 12:32:15,1.23,104.329
12/06/2025 12:42:15,1.26,104.304
12/06/2025 12:52:15,1.28,104.283
12/06/2025 13:02:15,1.31,104.288
12/06/2025 13:12:15,1.34,104.245
12/06/2025 13:22:15,1.36,104.207
12/06/2025 13:32:15,1.39,104.207
12/06/2025 13:42:15,1.41,104.199
12/06/2025 13:52:15,1.44,104.200
12/06/2025 14:02:15,1.46,104.192
12/06/2025 14:12:15,1.49,104.189
12/06/2025 14:22:15,1.51,104.190
12/06/2025 14:32:15,1.53,104.212
12/06/2025 14:42:15,1.54,104.200
12/06/2025 14:52:15,1.56,104.191
12/06/2025 15:02:15,1.58,104.214
12/06/2025 15:12:15,1.60,104.215
12/06/2025 15:22:15,1.62,104.211
12/06/2025 15:32:15,1.63,104.225
12/06/2025 15:42:15,1.65,104.247
12/06/2025 15:52:15,1.67,104.266
12/06/2025 16:02:15,1.69,104.279
12/06/2025 16:12:15,1.71,104.263
12/06/2025 16:22:15,1.73,104.272
12/06/2025 16:32:15,1.75,104.290
12/06/2025 16:42:15,1.77,104.304
12/06/2025 16:52:15,1.78,104.313
12/06/2025 17:02:15,1.79,104.331
12/06/2025 17:12:15,1.80,104.336
12/06/2025 17:22:15,1.81,104.345
12/06/2025 17:32:15,1.81,104.367
12/06/2025 17:42:15,1.82,104.372
12/06/2025 17:52:15,1.82,104.385
12/06/2025 18:02:15,1.83,104.416
12/06/2025 18:12:15,1.83,104.442
12/06/2025 18:22:15,1.83,104.456
12/06/2025 18:32:15,1.84,104.473
12/06/2025 18:42:15,1.84,104.487
12/06/2025 18:52:15,1.84,104.487
12/06/2025 19:02:15,1.85,104.496
12/06/2025 19:12:15,1.85,104.504
12/06/2025 19:22:15,1.85,104.513
12/06/2025 19:32:15,1.85,104.518
12/06/2025 19:42:15,1.85,104.518
12/06/2025 19:52:15,1.85,104.531
12/06/2025 20:02:15,1.84,104.535
12/06/2025 20:12:15,1.84,104.553
12/06/2025 20:22:15,1.84,104.579
12/06/2025 20:32:15,1.84,104.561
12/06/2025 20:42:15,1.83,104.566
12/06/2025 20:52:15,1.83,104.592
12/06/2025 21:02:15,1.83,104.587
12/06/2025 21:12:15,1.83,104.609
12/06/2025 21:22:15,1.83,104.618
12/06/2025 21:32:15,1.83,104.600
12/06/2025 21:42:15,1.82,104.622
12/06/2025 21:52:15,1.81,104.622
12/06/2025 22:02:15,1.79,104.604
12/06/2025 22:12:15,1.78,104.594
12/06/2025 22:22:15,1.76,104.625
12/06/2025 22:32:15,1.75,104.615
12/06/2025 22:42:15,1.73,104.597
12/06/2025 22:52:15,1.72,104.610
12/06/2025 23:02:15,1.70,104.614
12/06/2025 23:12:15,1.69,104.622
12/06/2025 23:22:15,1.67,104.639
12/06/2025 23:32:15,1.65,104.629
12/06/2025 23:42:15,1.64,104.638
12/06/2025 23:52:15,1.61,104.654
12/07/2025 00:02:15,1.59,104.671
12/07/2025 00:12:15,1.57,104.692
12/07/2025 00:22:15,1.55,104.709
12/07/2025 00:32:15,1.53,104.704
12/07/2025 00:42:15,1.51,104.694
12/07/2025 00:52:15,1.48,104.703
12/07/2025 01:02:15,1.46,104.689
12/07/2025 01:12:15,1.44,104.666
12/07/2025 01:22:15,1.43,104.700
12/07/2025 01:32:15,1.41,104.726
12/07/2025 01:42:15,1.40,104.735
12/07/2025 01:52:15,1.38,104.756
12/07/2025 02:02:15,1.37,104.760
12/07/2025 02:12:15,1.36,104.790
12/07/2025 02:22:15,1.35,104.803
12/07/2025 02:32:15,1.34,104.833
12/07/2025 02:42:15,1.33,104.829
12/07/2025 02:52:15,1.32,104.833
12/07/2025 03:02:15,1.32,104.846
12/07/2025 03:12:15,1.31,104.846
12/07/2025 03:22:15,1.31,104.832
12/07/2025 03:32:15,1.30,104.819
12/07/2025 03:42:15,1.30,104.832
12/07/2025 03:52:15,1.30,104.841
12/07/2025 04:02:15,1.29,104.858
12/07/2025 04:12:15,1.29,104.841
12/07/2025 04:22:15,1.29,104.823
12/07/2025 04:32:15,1.28,104.823
12/07/2025 04:42:15,1.27,104.822
12/07/2025 04:52:15,1.27,104.822
12/07/2025 05:02:15,1.26,104.831
12/07/2025 05:12:15,1.25,104.835
12/07/2025 05:22:15,1.24,104.839
12/07/2025 05:32:15,1.23,104.860
12/07/2025 05:42:15,1.21,104.855
12/07/2025 05:52:15,1.20,104.873
12/07/2025 06:02:15,1.19,104.863
12/07/2025 06:12:15,1.18,104.867
12/07/2025 06:22:15,1.17,104.898
12/07/2025 06:32:15,1.16,104.902
12/07/2025 06:42:15,1.15,104.923
12/07/2025 06:52:15,1.14,104.923
12/07/2025 07:02:15,1.13,104.945
12/07/2025 07:12:15,1.12,104.953
12/07/2025 07:22:15,1.11,104.953
12/07/2025 07:32:15,1.11,104.948
12/07/2025 07:42:15,1.10,104.979
12/07/2025 07:52:15,1.10,104.979
12/07/2025 08:02:15,1.10,104.979
12/07/2025 08:12:15,1.10,104.992
12/07/2025 08:22:15,1.10,105.005
12/07/2025 08:32:15,1.11,105.005
12/07/2025 08:42:15,1.12,105.010
12/07/2025 08:52:15,1.13,105.019
12/07/2025 09:02:15,1.14,105.020
12/07/2025 09:12:15,1.16,105.020
12/07/2025 09:22:15,1.18,105.047
12/07/2025 09:32:15,1.20,105.048
12/07/2025 09:42:15,1.22,105.062
12/07/2025 09:52:15,1.24,105.058
12/07/2025 10:02:15,1.27,105.037
12/07/2025 10:12:15,1.30,105.038
12/07/2025 10:22:15,1.33,105.044
12/07/2025 10:32:15,1.36,105.027
12/07/2025 10:42:15,1.39,105.033
12/07/2025 10:52:15,1.43,105.012
12/07/2025 11:02:15,1.46,104.991
12/07/2025 11:12:15,1.50,104.993
12/07/2025 11:22:15,1.54,104.977
12/07/2025 11:32:15,1.58,104.965
12/07/2025 11:42:15,1.63,104.984
12/07/2025 11:52:15,1.67,104.955
12/07/2025 12:02:15,1.72,104.930
12/07/2025 12:12:15,1.77,104.901
12/07/2025 12:22:15,1.82,104.899
12/07/2025 12:32:15,1.87,104.878
12/07/2025 12:42:15,1.91,104.858
12/07/2025 12:52:15,1.95,104.842
12/07/2025 13:02:15,1.99,104.817
12/07/2025 13:12:15,2.02,104.809
12/07/2025 13:22:15,2.06,104.758
12/07/2025 13:32:15,2.10,104.768
12/07/2025 13:42:15,2.13,104.752
12/07/2025 13:52:15,2.17,104.740
12/07/2025 14:02:15,2.20,104.750
12/07/2025 14:12:15,2.23,104.746
12/07/2025 14:22:15,2.27,104.761
12/07/2025 14:32:15,2.30,104.779
12/07/2025 14:42:15,2.32,104.763
12/07/2025 14:52:15,2.34,104.759
12/07/2025 15:02:15,2.36,104.751
12/07/2025 15:12:15,2.38,104.756
12/07/2025 15:22:15,2.40,104.779
12/07/2025 15:32:15,2.42,104.775
12/07/2025 15:42:15,2.44,104.762
12/07/2025 15:52:15,2.46,104.763
12/07/2025 16:02:15,2.47,104.763
12/07/2025 16:12:15,2.48,104.711
12/07/2025 16:22:15,2.49,104.694
12/07/2025 16:32:15,2.50,104.699
12/07/2025 16:42:15,2.52,104.664
12/07/2025 16:52:15,2.53,104.664
12/07/2025 17:02:15,2.54,104.660
12/07/2025 17:12:15,2.55,104.656
12/07/2025 17:22:15,2.56,104.635
12/07/2025 17:32:15,2.57,104.644
12/07/2025 17:42:15,2.59,104.645
12/07/2025 17:52:15,2.60,104.623
12/07/2025 18:02:15,2.61,104.624
12/07/2025 18:12:15,2.63,104.624
12/07/2025 18:22:15,2.64,104.629
12/07/2025 18:32:15,2.65,104.625
12/07/2025 18:42:15,2.66,104.638
12/07/2025 18:52:15,2.67,104.630
12/07/2025 19:02:15,2.69,104.626
12/07/2025 19:12:15,2.70,104.631
12/07/2025 19:22:15,2.71,104.631
12/07/2025 19:32:15,2.72,104.605
12/07/2025 19:42:15,2.74,104.610
12/07/2025 19:52:15,2.75,104.619
12/07/2025 20:02:15,2.76,104.602
12/07/2025 20:12:15,2.77,104.589
12/07/2025 20:22:15,2.78,104.581
12/07/2025 20:32:15,2.78,104.599
12/07/2025 20:42:15,2.79,104.595
12/07/2025 20:52:15,2.79,104.564
12/07/2025 21:02:15,2.79,104.555
12/07/2025 21:12:15,2.79,104.555
12/07/2025 21:22:15,2.79,104.559
12/07/2025 21:32:15,2.79,104.573
12/07/2025 21:42:15,2.78,104.568
12/07/2025 21:52:15,2.77,104.576
12/07/2025 22:02:15,2.76,104.580
12/07/2025 22:12:15,2.75,104.593
12/07/2025 22:22:15,2.74,104.575
12/07/2025 22:32:15,2.73,104.579
12/07/2025 22:42:15,2.71,104.579
12/07/2025 22:52:15,2.70,104.583
12/07/2025 23:02:15,2.68,104.586
12/07/2025 23:12:15,2.67,104.586
12/07/2025 23:22:15,2.66,104.594
12/07/2025 23:32:15,2.64,104.611
12/07/2025 23:42:15,2.63,104.602
12/07/2025 23:52:15,2.62,104.606
12/08/2025 00:02:15,2.62,104.646
12/08/2025 00:12:15,2.61,104.654
12/08/2025 00:22:15,2.61,104.663
12/08/2025 00:32:15,2.60,104.693
12/08/2025 00:42:15,2.60,104.715
12/08/2025 00:52:15,2.60,104.728
12/08/2025 01:02:15,2.59,104.754
12/08/2025 01:12:15,2.58,104.776
12/08/2025 01:22:15,2.57,104.798
12/08/2025 01:32:15,2.56,104.819
12/08/2025 01:42:15,2.55,104.837
12/08/2025 01:52:15,2.54,104.867
12/08/2025 02:02:15,2.52,104.893
12/08/2025 02:12:15,2.50,104.932
12/08/2025 02:22:15,2.49,104.944
12/08/2025 02:32:15,2.47,104.930
12/08/2025 02:42:15,2.45,104.960
12/08/2025 02:52:15,2.43,104.964
12/08/2025 03:02:15,2.40,104.976
12/08/2025 03:12:15,2.38,104.975
12/08/2025 03:22:15,2.35,104.979
12/08/2025 03:32:15,2.32,105.013
12/08/2025 03:42:15,2.29,105.016
12/08/2025 03:52:15,2.26,105.033
12/08/2025 04:02:15,2.22,105.058
12/08/2025 04:12:15,2.19,105.065
12/08/2025 04:22:15,2.16,105.086
12/08/2025 04:32:15,2.12,105.081
12/08/2025 04:42:15,2.09,105.093
12/08/2025 04:52:15,2.06,105.096
12/08/2025 05:02:15,2.02,105.117
12/08/2025 05:12:15,1.99,105.133
12/08/2025 05:22:15,1.96,105.154
12/08/2025 05:32:15,1.93,105.166
12/08/2025 05:42:15,1.90,105.196
12/08/2025 05:52:15,1.86,105.225
12/08/2025 06:02:15,1.83,105.250
12/08/2025 06:12:15,1.79,105.297
12/08/2025 06:22:15,1.76,105.322
12/08/2025 06:32:15,1.72,105.365
12/08/2025 06:42:15,1.68,105.372
12/08/2025 06:52:15,1.65,105.402
12/08/2025 07:02:15,1.61,105.414
12/08/2025 07:12:15,1.57,105.417
12/08/2025 07:22:15,1.54,105.433
12/08/2025 07:32:15,1.50,105.471
12/08/2025 07:42:15,1.47,105.474
12/08/2025 07:52:15,1.43,105.491
12/08/2025 08:02:15,1.40,105.494
12/08/2025 08:12:15,1.37,105.511
12/08/2025 08:22:15,1.34,105.558
12/08/2025 08:32:15,1.31,105.583
12/08/2025 08:42:15,1.29,105.600
12/08/2025 08:52:15,1.26,105.612
12/08/2025 09:02:15,1.24,105.611
12/08/2025 09:12:15,1.22,105.619
12/08/2025 09:22:15,1.20,105.649
12/08/2025 09:32:15,1.19,105.667
12/08/2025 09:42:15,1.18,105.675
12/08/2025 09:52:15,1.18,105.684
12/08/2025 10:02:15,1.19,105.667
12/08/2025 10:12:15,1.20,105.645
12/08/2025 10:22:15,1.20,105.628
12/08/2025 10:32:15,1.22,105.615
12/08/2025 10:42:15,1.23,105.620
12/08/2025 10:52:15,1.23,105.598
12/08/2025 11:02:15,1.23,105.607
12/08/2025 11:12:15,1.23,105.585
12/08/2025 11:22:15,1.24,105.563
12/08/2025 11:32:15,1.25,105.554
12/08/2025 11:42:15,1.27,105.529
12/08/2025 11:52:15,1.29,105.516
12/08/2025 12:02:15,1.32,105.495
12/08/2025 12:12:15,1.34,105.492
12/08/2025 12:22:15,1.37,105.502
12/08/2025 12:32:15,1.40,105.481
12/08/2025 12:42:15,1.41,105.499
12/08/2025 12:52:15,1.42,105.477
12/08/2025 13:02:15,1.42,105.486
12/08/2025 13:12:15,1.41,105.473
12/08/2025 13:22:15,1.41,105.481
12/08/2025 13:32:15,1.39,105.481
12/08/2025 13:42:15,1.37,105.484
12/08/2025 13:52:15,1.35,105.475
12/08/2025 14:02:15,1.33,105.500
12/08/2025 14:12:15,1.31,105.500
12/08/2025 14:22:15,1.29,105.512
12/08/2025 14:32:15,1.27,105.520
12/08/2025 14:42:15,1.25,105.537
12/08/2025 14:52:15,1.22,105.527
12/08/2025 15:02:15,1.20,105.562
12/08/2025 15:12:15,1.18,105.583
12/08/2025 15:22:15,1.16,105.578
12/08/2025 15:32:15,1.13,105.585
12/08/2025 15:42:15,1.11,105.594
12/08/2025 15:52:15,1.09,105.588
12/08/2025 16:02:15,1.06,105.596
12/08/2025 16:12:15,1.04,105.578
12/08/2025 16:22:15,1.02,105.586
12/08/2025 16:32:15,1.00,105.611
12/08/2025 16:42:15,0.98,105.611
12/08/2025 16:52:15,0.96,105.610
12/08/2025 17:02:15,0.94,105.618
12/08/2025 17:12:15,0.92,105.635
12/08/2025 17:22:15,0.90,105.647
12/08/2025 17:32:15,0.88,105.677
12/08/2025 17:42:15,0.86,105.672
12/08/2025 17:52:15,0.83,105.693
12/08/2025 18:02:15,0.81,105.719
12/08/2025 18:12:15,0.79,105.714
12/08/2025 18:22:15,0.76,105.722
12/08/2025 18:32:15,0.74,105.725
12/08/2025 18:42:15,0.72,105.724
12/08/2025 18:52:15,0.69,105.732
12/08/2025 19:02:15,0.67,105.749
12/08/2025 19:12:15,0.64,105.752
12/08/2025 19:22:15,0.61,105.743
12/08/2025 19:32:15,0.59,105.750
12/08/2025 19:42:15,0.56,105.780
12/08/2025 19:52:15,0.54,105.784
12/08/2025 20:02:15,0.51,105.765
12/08/2025 20:12:15,0.49,105.764
12/08/2025 20:22:15,0.46,105.733
12/08/2025 20:32:15,0.44,105.728
12/08/2025 20:42:15,0.42,105.692
12/08/2025 20:52:15,0.39,105.647
12/08/2025 21:02:15,0.37,105.598
12/08/2025 21:12:15,0.35,105.514
12/08/2025 21:22:15,0.34,105.439
12/08/2025 21:32:15,0.32,105.350
12/08/2025 21:42:15,0.31,105.293
12/08/2025 21:52:15,0.29,105.257
12/08/2025 22:02:15,0.28,105.204
12/08/2025 22:12:15,0.28,105.134
12/08/2025 22:22:15,0.28,105.090
12/08/2025 22:32:15,0.28,105.051
12/08/2025 22:42:15,0.29,105.025
12/08/2025 22:52:15,0.30,104.999
12/08/2025 23:02:15,0.31,104.986
12/08/2025 23:12:15,0.33,104.991
12/08/2025 23:22:15,0.35,105.009
12/08/2025 23:32:15,0.36,105.027
12/08/2025 23:42:15,0.39,105.059
12/08/2025 23:52:15,0.41,105.086
12/09/2025 00:02:15,0.43,105.100
12/09/2025 00:12:15,0.44,105.074
12/09/2025 00:22:15,0.46,105.066
12/09/2025 00:32:15,0.47,105.058
12/09/2025 00:42:15,0.49,105.041
12/09/2025 00:52:15,0.51,105.032
12/09/2025 01:02:15,0.52,105.037
12/09/2025 01:12:15,0.54,105.042
12/09/2025 01:22:15,0.55,105.065
12/09/2025 01:32:15,0.56,105.065
12/09/2025 01:42:15,0.57,105.070
12/09/2025 01:52:15,0.56,105.083
12/09/2025 02:02:15,0.55,105.087
12/09/2025 02:12:15,0.54,105.104
12/09/2025 02:22:15,0.52,105.134
12/09/2025 02:32:15,0.50,105.155
12/09/2025 02:42:15,0.47,105.145
12/09/2025 02:52:15,0.45,105.171
12/09/2025 03:02:15,0.43,105.188
12/09/2025 03:12:15,0.40,105.209
12/09/2025 03:22:15,0.38,105.217
12/09/2025 03:32:15,0.36,105.225
12/09/2025 03:42:15,0.35,105.237
12/09/2025 03:52:15,0.33,105.246
12/09/2025 04:02:15,0.32,105.263
12/09/2025 04:12:15,0.30,105.284
12/09/2025 04:22:15,0.30,105.301
12/09/2025 04:32:15,0.29,105.305
12/09/2025 04:42:15,0.28,105.336
12/09/2025 04:52:15,0.27,105.353
12/09/2025 05:02:15,0.27,105.397
12/09/2025 05:12:15,0.26,105.423
12/09/2025 05:22:15,0.25,105.436
12/09/2025 05:32:15,0.25,105.453
12/09/2025 05:42:15,0.24,105.479
12/09/2025 05:52:15,0.24,105.501
12/09/2025 06:02:15,0.23,105.518
12/09/2025 06:12:15,0.23,105.545
12/09/2025 06:22:15,0.22,105.584
12/09/2025 06:32:15,0.22,105.566
12/09/2025 06:42:15,0.21,105.579
12/09/2025 06:52:15,0.21,105.597
12/09/2025 07:02:15,0.21,105.605
12/09/2025 07:12:15,0.20,105.640
12/09/2025 07:22:15,0.20,105.653
12/09/2025 07:32:15,0.20,105.662
12/09/2025 07:42:15,0.20,105.649
12/09/2025 07:52:15,0.20,105.658
12/09/2025 08:02:15,0.20,105.671
12/09/2025 08:12:15,0.20,105.680
12/09/2025 08:22:15,0.21,105.680
12/09/2025 08:32:15,0.21,105.671
12/09/2025 08:42:15,0.22,105.693
12/09/2025 08:52:15,0.23,105.698
12/09/2025 09:02:15,0.24,105.703
12/09/2025 09:12:15,0.25,105.681
12/09/2025 09:22:15,0.26,105.704
12/09/2025 09:32:15,0.27,105.717
12/09/2025 09:42:15,0.28,105.726
12/09/2025 09:52:15,0.30,105.731
12/09/2025 10:02:15,0.31,105.754
12/09/2025 10:12:15,0.33,105.746
12/09/2025 10:22:15,0.35,105.716
12/09/2025 10:32:15,0.37,105.703
12/09/2025 10:42:15,0.39,105.691
12/09/2025 10:52:15,0.41,105.683
12/09/2025 11:02:15,0.42,105.657
12/09/2025 11:12:15,0.43,105.626
12/09/2025 11:22:15,0.44,105.591
12/09/2025 11:32:15,0.45,105.596
12/09/2025 11:42:15,0.47,105.562
12/09/2025 11:52:15,0.50,105.519
12/09/2025 12:02:15,0.52,105.507
12/09/2025 12:12:15,0.55,105.481
12/09/2025 12:22:15,0.58,105.452
12/09/2025 12:32:15,0.60,105.435
12/09/2025 12:42:15,0.62,105.409
12/09/2025 12:52:15,0.63,105.353
12/09/2025 13:02:15,0.64,105.309
12/09/2025 13:12:15,0.65,105.270
12/09/2025 13:22:15,0.66,105.218
12/09/2025 13:32:15,0.67,105.161
12/09/2025 13:42:15,0.68,105.131
12/09/2025 13:52:15,0.69,105.100
12/09/2025 14:02:15,0.70,105.083
12/09/2025 14:12:15,0.71,105.035
12/09/2025 14:22:15,0.71,105.044
12/09/2025 14:32:15,0.72,105.018
12/09/2025 14:42:15,0.72,105.005
12/09/2025 14:52:15,0.72,105.000
12/09/2025 15:02:15,0.72,104.983
12/09/2025 15:12:15,0.72,104.983
12/09/2025 15:22:15,0.72,104.970
12/09/2025 15:32:15,0.71,104.943
12/09/2025 15:42:15,0.71,104.917
12/09/2025 15:52:15,0.70,104.864
12/09/2025 16:02:15,0.69,104.833
12/09/2025 16:12:15,0.69,104.793
12/09/2025 16:22:15,0.68,104.788
12/09/2025 16:32:15,0.67,104.779
12/09/2025 16:42:15,0.66,104.731
12/09/2025 16:52:15,0.65,104.717
12/09/2025 17:02:15,0.64,104.699
12/09/2025 17:12:15,0.63,104.690
12/09/2025 17:22:15,0.62,104.685
12/09/2025 17:32:15,0.61,104.694
12/09/2025 17:42:15,0.61,104.672
12/09/2025 17:52:15,0.60,104.658
12/09/2025 18:02:15,0.60,104.645
12/09/2025 18:12:15,0.61,104.624
12/09/2025 18:22:15,0.63,104.616
12/09/2025 18:32:15,0.65,104.586
12/09/2025 18:42:15,0.66,104.590
12/09/2025 18:52:15,0.65,104.550
12/09/2025 19:02:15,0.64,104.524
12/09/2025 19:12:15,0.63,104.501
12/09/2025 19:22:15,0.63,104.471
12/09/2025 19:32:15,0.62,104.453
12/09/2025 19:42:15,0.62,104.453
12/09/2025 19:52:15,0.62,104.400
12/09/2025 20:02:15,0.61,104.387
12/09/2025 20:12:15,0.61,104.400
12/09/2025 20:22:15,0.61,104.395
12/09/2025 20:32:15,0.61,104.400
12/09/2025 20:42:15,0.62,104.369
12/09/2025 20:52:15,0.62,104.325
12/09/2025 21:02:15,0.62,104.308
12/09/2025 21:12:15,0.62,104.277
12/09/2025 21:22:15,0.62,104.264
12/09/2025 21:32:15,0.62,104.268
12/09/2025 21:42:15,0.61,104.259
12/09/2025 21:52:15,0.61,104.246
12/09/2025 22:02:15,0.61,104.246
12/09/2025 22:12:15,0.61,104.237
12/09/2025 22:22:15,0.61,104.272
12/09/2025 22:32:15,0.60,104.259
12/09/2025 22:42:15,0.61,104.224
12/09/2025 22:52:15,0.61,104.207
12/09/2025 23:02:15,0.61,104.193
12/09/2025 23:12:15,0.61,104.163
12/09/2025 23:22:15,0.62,104.172
12/09/2025 23:32:15,0.62,104.154
12/09/2025 23:42:15,0.62,104.141
12/09/2025 23:52:15,0.62,104.132
12/10/2025 00:02:15,0.62,104.102
12/10/2025 00:12:15,0.63,104.080
12/10/2025 00:22:15,0.63,104.062
12/10/2025 00:32:15,0.63,104.045
12/10/2025 00:42:15,0.63,104.014
12/10/2025 00:52:15,0.63,103.997
12/10/2025 01:02:15,0.64,103.993
12/10/2025 01:12:15,0.64,104.006
12/10/2025 01:22:15,0.64,104.010
12/10/2025 01:32:15,0.64,103.980
12/10/2025 01:42:15,0.65,103.980
12/10/2025 01:52:15,0.65,103.958
12/10/2025 02:02:15,0.65,103.945
12/10/2025 02:12:15,0.65,103.954
12/10/2025 02:22:15,0.66,103.954
12/10/2025 02:32:15,0.66,103.954
12/10/2025 02:42:15,0.66,103.945
12/10/2025 02:52:15,0.66,103.949
12/10/2025 03:02:15,0.66,103.949
12/10/2025 03:12:15,0.65,103.923
12/10/2025 03:22:15,0.65,103.914
12/10/2025 03:32:15,0.65,103.875
12/10/2025 03:42:15,0.65,103.861
12/10/2025 03:52:15,0.64,103.848
12/10/2025 04:02:15,0.64,103.848
12/10/2025 04:12:15,0.64,103.839
12/10/2025 04:22:15,0.64,103.839
12/10/2025 04:32:15,0.64,103.834
12/10/2025 04:42:15,0.64,103.826
12/10/2025 04:52:15,0.64,103.817
12/10/2025 05:02:15,0.64,103.830
12/10/2025 05:12:15,0.64,103.848
12/10/2025 05:22:15,0.64,103.830
12/10/2025 05:32:15,0.64,103.844
12/10/2025 05:42:15,0.65,103.822
12/10/2025 05:52:15,0.65,103.808
12/10/2025 06:02:15,0.65,103.808
12/10/2025 06:12:15,0.65,103.800
12/10/2025 06:22:15,0.65,103.822
12/10/2025 06:32:15,0.65,103.826
12/10/2025 06:42:15,0.65,103.822
12/10/2025 06:52:15,0.65,103.822
12/10/2025 07:02:15,0.65,103.822
12/10/2025 07:12:15,0.64,103.782
12/10/2025 07:22:15,0.64,103.778
12/10/2025 07:32:15,0.64,103.764
12/10/2025 07:42:15,0.64,103.760
12/10/2025 07:52:15,0.64,103.738
12/10/2025 08:02:15,0.65,103.738
12/10/2025 08:12:15,0.65,103.708
12/10/2025 08:22:15,0.65,103.695
12/10/2025 08:32:15,0.66,103.686
12/10/2025 08:42:15,0.67,103.686
12/10/2025 08:52:15,0.68,103.687
12/10/2025 09:02:15,0.68,103.704
12/10/2025 09:12:15,0.70,103.687
12/10/2025 09:22:15,0.71,103.666
12/10/2025 09:32:15,0.72,103.649
12/10/2025 09:42:15,0.73,103.566
12/10/2025 09:52:15,0.74,103.535
12/10/2025 10:02:15,0.75,103.505
12/10/2025 10:12:15,0.77,103.488
12/10/2025 10:22:15,0.79,103.476
12/10/2025 10:32:15,0.82,103.424
12/10/2025 10:42:15,0.84,103.381
12/10/2025 10:52:15,0.87,103.364
12/10/2025 11:02:15,0.89,103.290
12/10/2025 11:12:15,0.91,103.322
12/10/2025 11:22:15,0.93,103.340
12/10/2025 11:32:15,0.94,103.292
12/10/2025 11:42:15,0.94,103.244
12/10/2025 11:52:15,0.94,103.239
12/10/2025 12:02:15,0.94,103.191
12/10/2025 12:12:15,0.94,103.151
12/10/2025 12:22:15,0.94,103.121
12/10/2025 12:32:15,0.94,103.059
12/10/2025 12:42:15,0.95,103.016
12/10/2025 12:52:15,0.96,102.959
12/10/2025 13:02:15,0.97,102.933
12/10/2025 13:12:15,0.99,102.890
12/10/2025 13:22:15,1.02,102.890
12/10/2025 13:32:15,1.03,102.900
12/10/2025 13:42:15,1.05,102.905
12/10/2025 13:52:15,1.06,102.910
12/10/2025 14:02:15,1.07,102.888
12/10/2025 14:12:15,1.07,102.853
12/10/2025 14:22:15,1.07,102.831
12/10/2025 14:32:15,1.06,102.800
12/10/2025 14:42:15,1.05,102.786
12/10/2025 14:52:15,1.05,102.786
12/10/2025 15:02:15,1.04,102.773
12/10/2025 15:12:15,1.03,102.807
12/10/2025 15:22:15,1.02,102.829
12/10/2025 15:32:15,1.01,102.838
12/10/2025 15:42:15,1.01,102.824
12/10/2025 15:52:15,1.00,102.815
12/10/2025 16:02:15,0.99,102.793
12/10/2025 16:12:15,0.99,102.780
12/10/2025 16:22:15,0.98,102.762
12/10/2025 16:32:15,0.98,102.762
12/10/2025 16:42:15,0.98,102.749
12/10/2025 16:52:15,0.98,102.731
12/10/2025 17:02:15,0.99,102.740
12/10/2025 17:12:15,1.01,102.745
12/10/2025 17:22:15,1.04,102.746
12/10/2025 17:32:15,1.06,102.738
12/10/2025 17:42:15,1.09,102.700
12/10/2025 17:52:15,1.13,102.723
12/10/2025 18:02:15,1.18,102.729
12/10/2025 18:12:15,1.23,102.705
12/10/2025 18:22:15,1.27,102.706
12/10/2025 18:32:15,1.29,102.711
12/10/2025 18:42:15,1.30,102.689
12/10/2025 18:52:15,1.31,102.698
12/10/2025 19:02:15,1.31,102.681
12/10/2025 19:12:15,1.32,102.677
12/10/2025 19:22:15,1.33,102.673
12/10/2025 19:32:15,1.33,102.686
12/10/2025 19:42:15,1.35,102.687
12/10/2025 19:52:15,1.37,102.696
12/10/2025 20:02:15,1.39,102.684
12/10/2025 20:12:15,1.43,102.698
12/10/2025 20:22:15,1.47,102.708
12/10/2025 20:32:15,1.52,102.715
12/10/2025 20:42:15,1.57,102.716
12/10/2025 20:52:15,1.61,102.709
12/10/2025 21:02:15,1.65,102.710
12/10/2025 21:12:15,1.70,102.712
12/10/2025 21:22:15,1.75,102.709
12/10/2025 21:32:15,1.79,102.689
12/10/2025 21:42:15,1.84,102.686
12/10/2025 21:52:15,1.87,102.665
12/10/2025 22:02:15,1.89,102.661
12/10/2025 22:12:15,1.90,102.657
12/10/2025 22:22:15,1.91,102.627
12/10/2025 22:32:15,1.90,102.618
12/10/2025 22:42:15,1.89,102.648
12/10/2025 22:52:15,1.89,102.635
12/10/2025 23:02:15,1.88,102.635
12/10/2025 23:12:15,1.87,102.612
12/10/2025 23:22:15,1.86,102.599
12/10/2025 23:32:15,1.86,102.608
12/10/2025 23:42:15,1.86,102.603
12/10/2025 23:52:15,1.86,102.586
12/11/2025 00:02:15,1.86,102.550
12/11/2025 00:12:15,1.87,102.555
12/11/2025 00:22:15,1.87,102.538
12/11/2025 00:32:15,1.88,102.534
12/11/2025 00:42:15,1.89,102.551
12/11/2025 00:52:15,1.91,102.539
12/11/2025 01:02:15,1.92,102.522
12/11/2025 01:12:15,1.94,102.505
12/11/2025 01:22:15,1.96,102.514
12/11/2025 01:32:15,1.98,102.528
12/11/2025 01:42:15,2.00,102.520
12/11/2025 01:52:15,2.01,102.538
12/11/2025 02:02:15,2.03,102.543
12/11/2025 02:12:15,2.04,102.565
12/11/2025 02:22:15,2.05,102.570
12/11/2025 02:32:15,2.07,102.575
12/11/2025 02:42:15,2.08,102.589
12/11/2025 02:52:15,2.09,102.607
12/11/2025 03:02:15,2.11,102.603
12/11/2025 03:12:15,2.12,102.625
12/11/2025 03:22:15,2.13,102.630
12/11/2025 03:32:15,2.14,102.661
12/11/2025 03:42:15,2.15,102.688
12/11/2025 03:52:15,2.15,102.683
12/11/2025 04:02:15,2.16,102.719
12/11/2025 04:12:15,2.16,102.736
12/11/2025 04:22:15,2.16,102.763
12/11/2025 04:32:15,2.17,102.789
12/11/2025 04:42:15,2.17,102.807
12/11/2025 04:52:15,2.18,102.820
12/11/2025 05:02:15,2.18,102.838
12/11/2025 05:12:15,2.19,102.874
12/11/2025 05:22:15,2.19,102.905
12/11/2025 05:32:15,2.20,102.927
12/11/2025 05:42:15,2.20,102.935
12/11/2025 05:52:15,2.20,102.949
12/11/2025 06:02:15,2.20,102.971
12/11/2025 06:12:15,2.20,103.001
12/11/2025 06:22:15,2.20,103.019
12/11/2025 06:32:15,2.20,103.036
12/11/2025 06:42:15,2.20,103.072
12/11/2025 06:52:15,2.19,103.120
12/11/2025 07:02:15,2.19,103.142
12/11/2025 07:12:15,2.18,103.181
12/11/2025 07:22:15,2.17,103.198
12/11/2025 07:32:15,2.16,103.211
12/11/2025 07:42:15,2.15,103.241
12/11/2025 07:52:15,2.13,103.263
12/11/2025 08:02:15,2.12,103.271
12/11/2025 08:12:15,2.11,103.301
12/11/2025 08:22:15,2.10,103.323
12/11/2025 08:32:15,2.08,103.340
12/11/2025 08:42:15,2.07,103.375
12/11/2025 08:52:15,2.06,103.392
12/11/2025 09:02:15,2.06,103.423
12/11/2025 09:12:15,2.06,103.418
12/11/2025 09:22:15,2.06,103.444
12/11/2025 09:32:15,2.05,103.453
12/11/2025 09:42:15,2.04,103.497
12/11/2025 09:52:15,2.03,103.496
12/11/2025 10:02:15,2.02,103.536
12/11/2025 10:12:15,2.02,103.553
12/11/2025 10:22:15,2.02,103.566
12/11/2025 10:32:15,2.02,103.584
12/11/2025 10:42:15,2.02,103.588
12/11/2025 10:52:15,2.01,103.597
12/11/2025 11:02:15,2.00,103.605
12/11/2025 11:12:15,2.00,103.605
12/11/2025 11:22:15,2.00,103.601
12/11/2025 11:32:15,2.00,103.605
12/11/2025 11:42:15,2.00,103.605
12/11/2025 11:52:15,2.01,103.588
12/11/2025 12:02:15,2.03,103.593
12/11/2025 12:12:15,2.05,103.620
12/11/2025 12:22:15,2.09,103.604
12/11/2025 12:32:15,2.14,103.606
12/11/2025 12:42:15,2.19,103.603
12/11/2025 12:52:15,2.23,103.604
12/11/2025 13:02:15,2.25,103.627
12/11/2025 13:12:15,2.27,103.619
12/11/2025 13:22:15,2.29,103.606
12/11/2025 13:32:15,2.30,103.593
12/11/2025 13:42:15,2.31,103.607
12/11/2025 13:52:15,2.32,103.612
12/11/2025 14:02:15,2.33,103.603
12/11/2025 14:12:15,2.34,103.608
12/11/2025 14:22:15,2.34,103.626
12/11/2025 14:32:15,2.35,103.665
12/11/2025 14:42:15,2.34,103.678
12/11/2025 14:52:15,2.32,103.673
12/11/2025 15:02:15,2.30,103.690
12/11/2025 15:12:15,2.28,103.712
12/11/2025 15:22:15,2.26,103.711
12/11/2025 15:32:15,2.23,103.705
12/11/2025 15:42:15,2.19,103.726
12/11/2025 15:52:15,2.15,103.716
12/11/2025 16:02:15,2.12,103.723
12/11/2025 16:12:15,2.08,103.757
12/11/2025 16:22:15,2.05,103.787
12/11/2025 16:32:15,2.02,103.803
12/11/2025 16:42:15,1.98,103.798
12/11/2025 16:52:15,1.95,103.845
12/11/2025 17:02:15,1.92,103.839
12/11/2025 17:12:15,1.88,103.825
12/11/2025 17:22:15,1.85,103.855
12/11/2025 17:32:15,1.82,103.862
12/11/2025 17:42:15,1.79,103.861
12/11/2025 17:52:15,1.76,103.886
12/11/2025 18:02:15,1.72,103.885
12/11/2025 18:12:15,1.69,103.880
12/11/2025 18:22:15,1.67,103.888
12/11/2025 18:32:15,1.64,103.878
12/11/2025 18:42:15,1.62,103.886
12/11/2025 18:52:15,1.59,103.863
12/11/2025 19:02:15,1.57,103.884
12/11/2025 19:12:15,1.54,103.892
12/11/2025 19:22:15,1.52,103.883
12/11/2025 19:32:15,1.51,103.891
12/11/2025 19:42:15,1.48,103.868
12/11/2025 19:52:15,1.46,103.841
12/11/2025 20:02:15,1.44,103.840
12/11/2025 20:12:15,1.42,103.848
12/11/2025 20:22:15,1.40,103.826
12/11/2025 20:32:15,1.37,103.829
12/11/2025 20:42:15,1.35,103.842
12/11/2025 20:52:15,1.32,103.841
12/11/2025 21:02:15,1.29,103.840
12/11/2025 21:12:15,1.27,103.852
12/11/2025 21:22:15,1.24,103.842
12/11/2025 21:32:15,1.21,103.863
12/11/2025 21:42:15,1.18,103.875
12/11/2025 21:52:15,1.16,103.888
12/11/2025 22:02:15,1.13,103.904
12/11/2025 22:12:15,1.10,103.908
12/11/2025 22:22:15,1.07,103.920
12/11/2025 22:32:15,1.05,103.897
12/11/2025 22:42:15,1.02,103.909
12/11/2025 22:52:15,1.00,103.909
12/11/2025 23:02:15,0.98,103.921
12/11/2025 23:12:15,0.96,103.929
12/11/2025 23:22:15,0.94,103.937
12/11/2025 23:32:15,0.92,103.928
12/11/2025 23:42:15,0.90,103.953
12/11/2025 23:52:15,0.88,103.944
12/12/2025 00:02:15,0.86,103.970
12/12/2025 00:12:15,0.84,103.978
12/12/2025 00:22:15,0.82,103.986
12/12/2025 00:32:15,0.79,103.985
12/12/2025 00:42:15,0.76,104.028
12/12/2025 00:52:15,0.73,104.027
12/12/2025 01:02:15,0.71,104.030
12/12/2025 01:12:15,0.68,104.038
12/12/2025 01:22:15,0.65,104.063
12/12/2025 01:32:15,0.62,104.080
12/12/2025 01:42:15,0.59,104.061
12/12/2025 01:52:15,0.56,104.069
12/12/2025 02:02:15,0.54,104.015
12/12/2025 02:12:15,0.51,103.975
12/12/2025 02:22:15,0.49,103.895
12/12/2025 02:32:15,0.48,103.855
12/12/2025 02:42:15,0.46,103.776
12/12/2025 02:52:15,0.45,103.749
12/12/2025 03:02:15,0.44,103.749
12/12/2025 03:12:15,0.44,103.714
12/12/2025 03:22:15,0.44,103.709
12/12/2025 03:32:15,0.44,103.683
12/12/2025 03:42:15,0.45,103.661
12/12/2025 03:52:15,0.47,103.644
12/12/2025 04:02:15,0.48,103.632
12/12/2025 04:12:15,0.50,103.597
12/12/2025 04:22:15,0.52,103.576
12/12/2025 04:32:15,0.54,103.572
12/12/2025 04:42:15,0.56,103.560
12/12/2025 04:52:15,0.57,103.556
12/12/2025 05:02:15,0.59,103.552
12/12/2025 05:12:15,0.60,103.570
12/12/2025 05:22:15,0.61,103.583
12/12/2025 05:32:15,0.62,103.571
12/12/2025 05:42:15,0.63,103.566
12/12/2025 05:52:15,0.63,103.580
12/12/2025 06:02:15,0.64,103.589
12/12/2025 06:12:15,0.64,103.620
12/12/2025 06:22:15,0.65,103.646
12/12/2025 06:32:15,0.66,103.664
12/12/2025 06:42:15,0.66,103.686
12/12/2025 06:52:15,0.66,103.712
12/12/2025 07:02:15,0.66,103.756
12/12/2025 07:12:15,0.65,103.756
12/12/2025 07:22:15,0.64,103.769
12/12/2025 07:32:15,0.63,103.791
12/12/2025 07:42:15,0.63,103.825
12/12/2025 07:52:15,0.62,103.843
12/12/2025 08:02:15,0.62,103.865
12/12/2025 08:12:15,0.62,103.895
12/12/2025 08:22:15,0.61,103.921
12/12/2025 08:32:15,0.61,103.961
12/12/2025 08:42:15,0.61,103.978
12/12/2025 08:52:15,0.62,104.023
12/12/2025 09:02:15,0.62,104.031
12/12/2025 09:12:15,0.62,104.067
12/12/2025 09:22:15,0.63,104.089
12/12/2025 09:32:15,0.63,104.137
12/12/2025 09:42:15,0.64,104.186
12/12/2025 09:52:15,0.65,104.239
12/12/2025 10:02:15,0.67,104.283
12/12/2025 10:12:15,0.68,104.332
12/12/2025 10:22:15,0.69,104.372
12/12/2025 10:32:15,0.70,104.442
12/12/2025 10:42:15,0.70,104.495
12/12/2025 10:52:15,0.70,104.552
12/12/2025 11:02:15,0.69,104.587
12/12/2025 11:12:15,0.67,104.630
12/12/2025 11:22:15,0.66,104.665
12/12/2025 11:32:15,0.66,104.704
12/12/2025 11:42:15,0.66,104.717
12/12/2025 11:52:15,0.67,104.740
12/12/2025 12:02:15,0.67,104.757
12/12/2025 12:12:15,0.68,104.753
12/12/2025 12:22:15,0.70,104.736
12/12/2025 12:32:15,0.72,104.719
12/12/2025 12:42:15,0.73,104.716
12/12/2025 12:52:15,0.74,104.690
12/12/2025 13:02:15,0.75,104.677
12/12/2025 13:12:15,0.76,104.686
12/12/2025 13:22:15,0.77,104.673
12/12/2025 13:32:15,0.78,104.682
12/12/2025 13:42:15,0.79,104.665
12/12/2025 13:52:15,0.80,104.630
12/12/2025 14:02:15,0.81,104.622
12/12/2025 14:12:15,0.81,104.604
12/12/2025 14:22:15,0.82,104.605
12/12/2025 14:32:15,0.82,104.600
12/12/2025 14:42:15,0.82,104.596
12/12/2025 14:52:15,0.82,104.596
12/12/2025 15:02:15,0.82,104.609
12/12/2025 15:12:15,0.82,104.605
12/12/2025 15:22:15,0.82,104.582
12/12/2025 15:32:15,0.81,104.573
12/12/2025 15:42:15,0.81,104.591
12/12/2025 15:52:15,0.80,104.569
12/12/2025 16:02:15,0.80,104.586
12/12/2025 16:12:15,0.79,104.595
12/12/2025 16:22:15,0.79,104.590
12/12/2025 16:32:15,0.79,104.595
12/12/2025 16:42:15,0.79,104.617
12/12/2025 16:52:15,0.79,104.621
12/12/2025 17:02:15,0.79,104.617
12/12/2025 17:12:15,0.79,104.621
12/12/2025 17:22:15,0.80,104.652
12/12/2025 17:32:15,0.80,104.652
12/12/2025 17:42:15,0.81,104.666
12/12/2025 17:52:15,0.81,104.679
12/12/2025 18:02:15,0.82,104.679
12/12/2025 18:12:15,0.83,104.675
12/12/2025 18:22:15,0.83,104.693
12/12/2025 18:32:15,0.84,104.697
12/12/2025 18:42:15,0.85,104.706
12/12/2025 18:52:15,0.86,104.716
12/12/2025 19:02:15,0.87,104.747
12/12/2025 19:12:15,0.88,104.760
12/12/2025 19:22:15,0.89,104.778
12/12/2025 19:32:15,0.90,104.774
12/12/2025 19:42:15,0.91,104.783
12/12/2025 19:52:15,0.92,104.792
12/12/2025 20:02:15,0.93,104.806
12/12/2025 20:12:15,0.94,104.806
12/12/2025 20:22:15,0.95,104.802
12/12/2025 20:32:15,0.96,104.811
12/12/2025 20:42:15,0.97,104.812
12/12/2025 20:52:15,0.98,104.825
12/12/2025 21:02:15,0.99,104.826
12/12/2025 21:12:15,0.99,104.843
12/12/2025 21:22:15,1.00,104.848
12/12/2025 21:32:15,1.01,104.853
12/12/2025 21:42:15,1.02,104.853
12/12/2025 21:52:15,1.03,104.853
12/12/2025 22:02:15,1.03,104.888
12/12/2025 22:12:15,1.03,104.880
12/12/2025 22:22:15,1.04,104.898
12/12/2025 22:32:15,1.05,104.911
12/12/2025 22:42:15,1.05,104.916
12/12/2025 22:52:15,1.06,104.929
12/12/2025 23:02:15,1.08,104.938
12/12/2025 23:12:15,1.09,104.926
12/12/2025 23:22:15,1.09,104.935
12/12/2025 23:32:15,1.10,104.935
12/12/2025 23:42:15,1.11,104.948
12/12/2025 23:52:15,1.12,104.953
12/13/2025 00:02:15,1.13,104.940
12/13/2025 00:12:15,1.14,104.936
12/13/2025 00:22:15,1.15,104.945
12/13/2025 00:32:15,1.16,104.946
12/13/2025 00:42:15,1.17,104.955
12/13/2025 00:52:15,1.19,104.969
12/13/2025 01:02:15,1.20,104.973
12/13/2025 01:12:15,1.21,105.000
12/13/2025 01:22:15,1.22,105.000
12/13/2025 01:32:15,1.22,105.009
12/13/2025 01:42:15,1.23,105.005
12/13/2025 01:52:15,1.23,105.018
12/13/2025 02:02:15,1.23,105.023
12/13/2025 02:12:15,1.23,105.023
12/13/2025 02:22:15,1.23,105.045
12/13/2025 02:32:15,1.22,105.027
12/13/2025 02:42:15,1.22,105.040
12/13/2025 02:52:15,1.22,105.049
12/13/2025 03:02:15,1.21,105.018
12/13/2025 03:12:15,1.21,105.035
12/13/2025 03:22:15,1.20,105.031
12/13/2025 03:32:15,1.19,105.030
12/13/2025 03:42:15,1.18,104.999
12/13/2025 03:52:15,1.17,104.977
12/13/2025 04:02:15,1.16,104.963
12/13/2025 04:12:15,1.15,104.985
12/13/2025 04:22:15,1.14,104.993
12/13/2025 04:32:15,1.12,104.966
12/13/2025 04:42:15,1.11,104.997
12/13/2025 04:52:15,1.10,105.027
12/13/2025 05:02:15,1.09,104.987
12/13/2025 05:12:15,1.08,105.013
12/13/2025 05:22:15,1.07,105.022
12/13/2025 05:32:15,1.06,105.039
12/13/2025 05:42:15,1.06,105.030
12/13/2025 05:52:15,1.05,105.021
12/13/2025 06:02:15,1.04,105.038
12/13/2025 06:12:15,1.04,105.025
12/13/2025 06:22:15,1.03,105.029
12/13/2025 06:32:15,1.02,105.007
12/13/2025 06:42:15,1.01,104.993
12/13/2025 06:52:15,1.00,104.993
12/13/2025 07:02:15,1.00,105.006
12/13/2025 07:12:15,0.99,105.019
12/13/2025 07:22:15,0.99,104.984
12/13/2025 07:32:15,0.98,104.983
12/13/2025 07:42:15,0.98,104.979
12/13/2025 07:52:15,0.98,104.988
12/13/2025 08:02:15,0.98,104.983
12/13/2025 08:12:15,0.98,104.988
12/13/2025 08:22:15,0.98,104.979
12/13/2025 08:32:15,0.99,105.005
12/13/2025 08:42:15,0.99,104.997
12/13/2025 08:52:15,1.00,104.971
12/13/2025 09:02:15,1.01,104.958
12/13/2025 09:12:15,1.02,104.985
12/13/2025 09:22:15,1.03,104.981
12/13/2025 09:32:15,1.04,104.990
12/13/2025 09:42:15,1.06,104.986
12/13/2025 09:52:15,1.07,104.969
12/13/2025 10:02:15,1.09,104.974
12/13/2025 10:12:15,1.11,104.944
12/13/2025 10:22:15,1.13,104.931
12/13/2025 10:32:15,1.15,104.919
12/13/2025 10:42:15,1.17,104.889
12/13/2025 10:52:15,1.20,104.886
12/13/2025 11:02:15,1.22,104.856
12/13/2025 11:12:15,1.25,104.835
12/13/2025 11:22:15,1.27,104.831
12/13/2025 11:32:15,1.30,104.810
12/13/2025 11:42:15,1.32,104.780
12/13/2025 11:52:15,1.34,104.772
12/13/2025 12:02:15,1.35,104.777
12/13/2025 12:12:15,1.37,104.773
12/13/2025 12:22:15,1.38,104.738
12/13/2025 12:32:15,1.40,104.734
12/13/2025 12:42:15,1.41,104.713
12/13/2025 12:52:15,1.43,104.718
12/13/2025 13:02:15,1.44,104.688
12/13/2025 13:12:15,1.46,104.675
12/13/2025 13:22:15,1.48,104.636
12/13/2025 13:32:15,1.50,104.637
12/13/2025 13:42:15,1.52,104.625
12/13/2025 13:52:15,1.53,104.616
12/13/2025 14:02:15,1.55,104.613
12/13/2025 14:12:15,1.56,104.596
12/13/2025 14:22:15,1.58,104.570
12/13/2025 14:32:15,1.59,104.548
12/13/2025 14:42:15,1.61,104.553
12/13/2025 14:52:15,1.62,104.549
12/13/2025 15:02:15,1.64,104.515
12/13/2025 15:12:15,1.65,104.542
12/13/2025 15:22:15,1.67,104.547
12/13/2025 15:32:15,1.68,104.538
12/13/2025 15:42:15,1.70,104.526
12/13/2025 15:52:15,1.71,104.552
12/13/2025 16:02:15,1.72,104.553
12/13/2025 16:12:15,1.73,104.566
12/13/2025 16:22:15,1.73,104.584
12/13/2025 16:32:15,1.74,104.602
12/13/2025 16:42:15,1.74,104.628
12/13/2025 16:52:15,1.75,104.641
12/13/2025 17:02:15,1.75,104.646
12/13/2025 17:12:15,1.76,104.642
12/13/2025 17:22:15,1.77,104.642
12/13/2025 17:32:15,1.77,104.647
12/13/2025 17:42:15,1.78,104.638
12/13/2025 17:52:15,1.79,104.652
12/13/2025 18:02:15,1.79,104.634
12/13/2025 18:12:15,1.80,104.626
12/13/2025 18:22:15,1.81,104.635
12/13/2025 18:32:15,1.81,104.626
12/13/2025 18:42:15,1.81,104.657
12/13/2025 18:52:15,1.82,104.648
12/13/2025 19:02:15,1.82,104.649
12/13/2025 19:12:15,1.83,104.622
12/13/2025 19:22:15,1.83,104.609
12/13/2025 19:32:15,1.84,104.632
12/13/2025 19:42:15,1.85,104.614
12/13/2025 19:52:15,1.86,104.632
12/13/2025 20:02:15,1.86,104.619
12/13/2025 20:12:15,1.87,104.589
12/13/2025 20:22:15,1.87,104.602
12/13/2025 20:32:15,1.87,104.624
12/13/2025 20:42:15,1.88,104.598
12/13/2025 20:52:15,1.88,104.594
12/13/2025 21:02:15,1.89,104.594
12/13/2025 21:12:15,1.89,104.598
12/13/2025 21:22:15,1.90,104.612
12/13/2025 21:32:15,1.90,104.598
12/13/2025 21:42:15,1.90,104.590
12/13/2025 21:52:15,1.91,104.568
12/13/2025 22:02:15,1.91,104.559
12/13/2025 22:12:15,1.92,104.551
12/13/2025 22:22:15,1.92,104.551
12/13/2025 22:32:15,1.92,104.551
12/13/2025 22:42:15,1.93,104.586
12/13/2025 22:52:15,1.93,104.600
12/13/2025 23:02:15,1.93,104.613
12/13/2025 23:12:15,1.94,104.604
12/13/2025 23:22:15,1.94,104.582
12/13/2025 23:32:15,1.94,104.560
12/13/2025 23:42:15,1.94,104.552
12/13/2025 23:52:15,1.95,104.530
12/14/2025 00:02:15,1.95,104.543
12/14/2025 00:12:15,1.95,104.535
12/14/2025 00:22:15,1.95,104.521
12/14/2025 00:32:15,1.96,104.513
12/14/2025 00:42:15,1.96,104.513
12/14/2025 00:52:15,1.96,104.513
12/14/2025 01:02:15,1.96,104.522
12/14/2025 01:12:15,1.96,104.522
12/14/2025 01:22:15,1.96,104.513
12/14/2025 01:32:15,1.96,104.500
12/14/2025 01:42:15,1.96,104.504
12/14/2025 01:52:15,1.96,104.513
12/14/2025 02:02:15,1.96,104.513
12/14/2025 02:12:15,1.96,104.517
12/14/2025 02:22:15,1.96,104.504
12/14/2025 02:32:15,1.97,104.504
12/14/2025 02:42:15,1.97,104.500
12/14/2025 02:52:15,1.97,104.482
12/14/2025 03:02:15,1.97,104.478
12/14/2025 03:12:15,1.97,104.465
12/14/2025 03:22:15,1.98,104.469
12/14/2025 03:32:15,1.97,104.443
12/14/2025 03:42:15,1.98,104.439
12/14/2025 03:52:15,1.98,104.404
12/14/2025 04:02:15,1.98,104.395
12/14/2025 04:12:15,1.98,104.390
12/14/2025 04:22:15,1.98,104.395
12/14/2025 04:32:15,1.98,104.377
12/14/2025 04:42:15,1.97,104.373
12/14/2025 04:52:15,1.97,104.342
12/14/2025 05:02:15,1.97,104.346
12/14/2025 05:12:15,1.97,104.342
12/14/2025 05:22:15,1.96,104.350
12/14/2025 05:32:15,1.96,104.355
12/14/2025 05:42:15,1.95,104.350
12/14/2025 05:52:15,1.95,104.363
12/14/2025 06:02:15,1.94,104.358
12/14/2025 06:12:15,1.94,104.363
12/14/2025 06:22:15,1.93,104.358
12/14/2025 06:32:15,1.92,104.349
12/14/2025 06:42:15,1.92,104.345
12/14/2025 06:52:15,1.91,104.375
12/14/2025 07:02:15,1.91,104.388
12/14/2025 07:12:15,1.90,104.414
12/14/2025 07:22:15,1.90,104.418
12/14/2025 07:32:15,1.89,104.427
12/14/2025 07:42:15,1.89,104.444
12/14/2025 07:52:15,1.88,104.440
12/14/2025 08:02:15,1.88,104.462
12/14/2025 08:12:15,1.88,104.448
12/14/2025 08:22:15,1.87,104.497
12/14/2025 08:32:15,1.87,104.488
12/14/2025 08:42:15,1.86,104.487
12/14/2025 08:52:15,1.86,104.483
12/14/2025 09:02:15,1.86,104.492
12/14/2025 09:12:15,1.87,104.474
12/14/2025 09:22:15,1.87,104.461
12/14/2025 09:32:15,1.87,104.444
12/14/2025 09:42:15,1.88,104.479
12/14/2025 09:52:15,1.89,104.436
12/14/2025 10:02:15,1.90,104.449
12/14/2025 10:12:15,1.91,104.441
12/14/2025 10:22:15,1.92,104.450
12/14/2025 10:32:15,1.93,104.446
12/14/2025 10:42:15,1.94,104.455
12/14/2025 10:52:15,1.95,104.429
12/14/2025 11:02:15,1.96,104.368
12/14/2025 11:12:15,1.97,104.368
12/14/2025 11:22:15,1.98,104.373
12/14/2025 11:32:15,1.99,104.351
12/14/2025 11:42:15,2.00,104.382
12/14/2025 11:52:15,2.01,104.356
12/14/2025 12:02:15,2.02,104.348
12/14/2025 12:12:15,2.04,104.336
12/14/2025 12:22:15,2.06,104.327
12/14/2025 12:32:15,2.08,104.320
12/14/2025 12:42:15,2.11,104.298
12/14/2025 12:52:15,2.14,104.273
12/14/2025 13:02:15,2.16,104.265
12/14/2025 13:12:15,2.19,104.257
12/14/2025 13:22:15,2.22,104.241
12/14/2025 13:32:15,2.25,104.251
12/14/2025 13:42:15,2.27,104.282
12/14/2025 13:52:15,2.28,104.283
12/14/2025 14:02:15,2.29,104.261
12/14/2025 14:12:15,2.30,104.270
12/14/2025 14:22:15,2.30,104.252
12/14/2025 14:32:15,2.30,104.261
12/14/2025 14:42:15,2.30,104.261
12/14/2025 14:52:15,2.30,104.274
12/14/2025 15:02:15,2.30,104.261
12/14/2025 15:12:15,2.30,104.288
12/14/2025 15:22:15,2.31,104.305
12/14/2025 15:32:15,2.31,104.314
12/14/2025 15:42:15,2.30,104.318
12/14/2025 15:52:15,2.30,104.323
12/14/2025 16:02:15,2.29,104.353
12/14/2025 16:12:15,2.27,104.379
12/14/2025 16:22:15,2.25,104.391
12/14/2025 16:32:15,2.23,104.421
12/14/2025 16:42:15,2.20,104.429
12/14/2025 16:52:15,2.17,104.446
12/14/2025 17:02:15,2.15,104.458
12/14/2025 17:12:15,2.12,104.479
12/14/2025 17:22:15,2.09,104.478
12/14/2025 17:32:15,2.06,104.494
12/14/2025 17:42:15,2.04,104.502
12/14/2025 17:52:15,2.01,104.523
12/14/2025 18:02:15,1.98,104.531
12/14/2025 18:12:15,1.96,104.530
12/14/2025 18:22:15,1.93,104.542
12/14/2025 18:32:15,1.90,104.577
12/14/2025 18:42:15,1.87,104.571
12/14/2025 18:52:15,1.84,104.583
12/14/2025 19:02:15,1.81,104.587
12/14/2025 19:12:15,1.79,104.599
12/14/2025 19:22:15,1.78,104.594
12/14/2025 19:32:15,1.76,104.611
12/14/2025 19:42:15,1.74,104.602
12/14/2025 19:52:15,1.72,104.623
12/14/2025 20:02:15,1.70,104.622
12/14/2025 20:12:15,1.68,104.621
12/14/2025 20:22:15,1.66,104.608
12/14/2025 20:32:15,1.64,104.616
12/14/2025 20:42:15,1.62,104.633
12/14/2025 20:52:15,1.61,104.619
12/14/2025 21:02:15,1.59,104.623
12/14/2025 21:12:15,1.57,104.626
12/14/2025 21:22:15,1.55,104.626
12/14/2025 21:32:15,1.53,104.643
12/14/2025 21:42:15,1.51,104.642
12/14/2025 21:52:15,1.49,104.641
12/14/2025 22:02:15,1.47,104.645
12/14/2025 22:12:15,1.46,104.666
12/14/2025 22:22:15,1.44,104.670
12/14/2025 22:32:15,1.41,104.687
12/14/2025 22:42:15,1.38,104.681
12/14/2025 22:52:15,1.35,104.707
12/14/2025 23:02:15,1.32,104.692
12/14/2025 23:12:15,1.28,104.713
12/14/2025 23:22:15,1.25,104.699
12/14/2025 23:32:15,1.20,104.693
12/14/2025 23:42:15,1.16,104.700
12/14/2025 23:52:15,1.12,104.699
12/15/2025 00:02:15,1.08,104.693
12/15/2025 00:12:15,1.04,104.665
12/15/2025 00:22:15,1.00,104.681
12/15/2025 00:32:15,0.96,104.680
12/15/2025 00:42:15,0.92,104.678
12/15/2025 00:52:15,0.88,104.694
12/15/2025 01:02:15,0.84,104.684
12/15/2025 01:12:15,0.80,104.696
12/15/2025 01:22:15,0.76,104.708
12/15/2025 01:32:15,0.72,104.689
12/15/2025 01:42:15,0.68,104.687
12/15/2025 01:52:15,0.65,104.708
12/15/2025 02:02:15,0.61,104.738
12/15/2025 02:12:15,0.57,104.732
12/15/2025 02:22:15,0.54,104.709
12/15/2025 02:32:15,0.51,104.638
12/15/2025 02:42:15,0.48,104.575
12/15/2025 02:52:15,0.45,104.464
12/15/2025 03:02:15,0.42,104.371
12/15/2025 03:12:15,0.40,104.278
12/15/2025 03:22:15,0.37,104.212
12/15/2025 03:32:15,0.36,104.128
12/15/2025 03:42:15,0.36,104.070
12/15/2025 03:52:15,0.36,104.031
12/15/2025 04:02:15,0.37,104.001
12/15/2025 04:12:15,0.38,103.948
12/15/2025 04:22:15,0.40,103.958
12/15/2025 04:32:15,0.42,103.959
12/15/2025 04:42:15,0.46,103.960
12/15/2025 04:52:15,0.50,104.001
12/15/2025 05:02:15,0.54,104.081
12/15/2025 05:12:15,0.57,104.161
12/15/2025 05:22:15,0.60,104.233
12/15/2025 05:32:15,0.63,104.352
12/15/2025 05:42:15,0.66,104.481
12/15/2025 05:52:15,0.69,104.618
12/15/2025 06:02:15,0.72,104.755
12/15/2025 06:12:15,0.76,104.870
12/15/2025 06:22:15,0.78,104.981
12/15/2025 06:32:15,0.79,105.042
12/15/2025 06:42:15,0.78,105.086
12/15/2025 06:52:15,0.74,105.089
12/15/2025 07:02:15,0.70,105.083
12/15/2025 07:12:15,0.66,105.068
12/15/2025 07:22:15,0.62,105.058
12/15/2025 07:32:15,0.58,105.017
12/15/2025 07:42:15,0.55,104.994
12/15/2025 07:52:15,0.52,104.971
12/15/2025 08:02:15,0.50,104.979
12/15/2025 08:12:15,0.48,104.974
12/15/2025 08:22:15,0.46,105.000
12/15/2025 08:32:15,0.46,105.026
12/15/2025 08:42:15,0.45,105.044
12/15/2025 08:52:15,0.45,105.065
12/15/2025 09:02:15,0.45,105.092
12/15/2025 09:12:15,0.45,105.096
12/15/2025 09:22:15,0.47,105.114
12/15/2025 09:32:15,0.48,105.168
12/15/2025 09:42:15,0.50,105.186
12/15/2025 09:52:15,0.51,105.225
12/15/2025 10:02:15,0.52,105.244
12/15/2025 10:12:15,0.53,105.239
12/15/2025 10:22:15,0.54,105.266
12/15/2025 10:32:15,0.56,105.267
12/15/2025 10:42:15,0.57,105.267
12/15/2025 10:52:15,0.58,105.276
12/15/2025 11:02:15,0.58,105.285
12/15/2025 11:12:15,0.58,105.272
12/15/2025 11:22:15,0.59,105.250
12/15/2025 11:32:15,0.60,105.281
12/15/2025 11:42:15,0.61,105.282
12/15/2025 11:52:15,0.63,105.282
12/15/2025 12:02:15,0.65,105.283
12/15/2025 12:12:15,0.67,105.279
12/15/2025 12:22:15,0.69,105.272
12/15/2025 12:32:15,0.72,105.237
12/15/2025 12:42:15,0.73,105.238
12/15/2025 12:52:15,0.73,105.207
12/15/2025 13:02:15,0.73,105.185
12/15/2025 13:12:15,0.73,105.176
12/15/2025 13:22:15,0.73,105.159
12/15/2025 13:32:15,0.73,105.128
12/15/2025 13:42:15,0.73,105.106
12/15/2025 13:52:15,0.73,105.097
12/15/2025 14:02:15,0.72,105.066
12/15/2025 14:12:15,0.72,105.075
12/15/2025 14:22:15,0.71,105.062
12/15/2025 14:32:15,0.70,105.057
12/15/2025 14:42:15,0.69,105.048
12/15/2025 14:52:15,0.68,105.065
12/15/2025 15:02:15,0.67,105.056
12/15/2025 15:12:15,0.66,105.051
12/15/2025 15:22:15,0.64,105.050
12/15/2025 15:32:15,0.63,105.046
12/15/2025 15:42:15,0.63,105.041
12/15/2025 15:52:15,0.62,105.036
12/15/2025 16:02:15,0.61,105.001
12/15/2025 16:12:15,0.60,105.000
12/15/2025 16:22:15,0.59,104.996
12/15/2025 16:32:15,0.58,104.969
12/15/2025 16:42:15,0.56,104.947
12/15/2025 16:52:15,0.56,104.951
12/15/2025 17:02:15,0.56,104.946
12/15/2025 17:12:15,0.55,104.942
12/15/2025 17:22:15,0.55,104.950
12/15/2025 17:32:15,0.54,104.924
12/15/2025 17:42:15,0.53,104.932
12/15/2025 17:52:15,0.52,104.945
12/15/2025 18:02:15,0.51,104.936
12/15/2025 18:12:15,0.50,104.944
12/15/2025 18:22:15,0.49,104.949
12/15/2025 18:32:15,0.49,104.935
12/15/2025 18:42:15,0.48,104.939
12/15/2025 18:52:15,0.48,104.952
12/15/2025 19:02:15,0.48,104.948
12/15/2025 19:12:15,0.48,104.939
12/15/2025 19:22:15,0.48,104.935
12/15/2025 19:32:15,0.48,104.957
12/15/2025 19:42:15,0.48,104.948
12/15/2025 19:52:15,0.48,104.953
12/15/2025 20:02:15,0.49,104.957
12/15/2025 20:12:15,0.49,104.940
12/15/2025 20:22:15,0.50,104.949
12/15/2025 20:32:15,0.50,104.962
12/15/2025 20:42:15,0.50,104.966
12/15/2025 20:52:15,0.50,104.988
12/15/2025 21:02:15,0.51,105.006
12/15/2025 21:12:15,0.51,104.984
12/15/2025 21:22:15,0.52,104.967
12/15/2025 21:32:15,0.52,104.967
12/15/2025 21:42:15,0.52,104.976
12/15/2025 21:52:15,0.52,104.954
12/15/2025 22:02:15,0.51,104.949
12/15/2025 22:12:15,0.51,104.953
12/15/2025 22:22:15,0.50,104.975
12/15/2025 22:32:15,0.49,104.957
12/15/2025 22:42:15,0.48,104.974
12/15/2025 22:52:15,0.47,104.970
12/15/2025 23:02:15,0.46,104.978
12/15/2025 23:12:15,0.45,104.991
12/15/2025 23:22:15,0.45,104.986
12/15/2025 23:32:15,0.44,104.969
12/15/2025 23:42:15,0.44,104.964
12/15/2025 23:52:15,0.43,104.973
12/16/2025 00:02:15,0.43,104.977
12/16/2025 00:12:15,0.42,104.981
12/16/2025 00:22:15,0.41,104.972
12/16/2025 00:32:15,0.40,104.972
12/16/2025 00:42:15,0.39,104.962
12/16/2025 00:52:15,0.38,104.949
12/16/2025 01:02:15,0.37,104.966
12/16/2025 01:12:15,0.37,104.962
12/16/2025 01:22:15,0.36,104.939
12/16/2025 01:32:15,0.35,104.952
12/16/2025 01:42:15,0.35,104.974
12/16/2025 01:52:15,0.35,104.974
12/16/2025 02:02:15,0.35,104.983
12/16/2025 02:12:15,0.35,104.970
12/16/2025 02:22:15,0.35,104.983
12/16/2025 02:32:15,0.36,104.974
12/16/2025 02:42:15,0.36,104.983
12/16/2025 02:52:15,0.37,104.957
12/16/2025 03:02:15,0.38,104.958
12/16/2025 03:12:15,0.39,104.962
12/16/2025 03:22:15,0.39,104.945
12/16/2025 03:32:15,0.40,104.958
12/16/2025 03:42:15,0.41,104.959
12/16/2025 03:52:15,0.41,104.950
12/16/2025 04:02:15,0.42,104.955
12/16/2025 04:12:15,0.43,104.937
12/16/2025 04:22:15,0.43,104.946
12/16/2025 04:32:15,0.44,104.951
12/16/2025 04:42:15,0.45,104.960
12/16/2025 04:52:15,0.45,104.982
12/16/2025 05:02:15,0.45,104.978
12/16/2025 05:12:15,0.45,105.004
12/16/2025 05:22:15,0.46,105.009
12/16/2025 05:32:15,0.46,105.031
12/16/2025 05:42:15,0.46,105.031
12/16/2025 05:52:15,0.46,105.048
12/16/2025 06:02:15,0.47,105.066
12/16/2025 06:12:15,0.47,105.079
12/16/2025 06:22:15,0.47,105.097
12/16/2025 06:32:15,0.48,105.119
12/16/2025 06:42:15,0.48,105.132
12/16/2025 06:52:15,0.49,105.119
12/16/2025 07:02:15,0.49,105.119
12/16/2025 07:12:15,0.49,105.098
12/16/2025 07:22:15,0.49,105.124
12/16/2025 07:32:15,0.49,105.106
12/16/2025 07:42:15,0.49,105.146
12/16/2025 07:52:15,0.50,105.142
12/16/2025 08:02:15,0.50,105.133
12/16/2025 08:12:15,0.51,105.125
12/16/2025 08:22:15,0.51,105.147
12/16/2025 08:32:15,0.52,105.121
12/16/2025 08:42:15,0.52,105.116
12/16/2025 08:52:15,0.53,105.121
12/16/2025 09:02:15,0.53,105.099
12/16/2025 09:12:15,0.54,105.069
12/16/2025 09:22:15,0.55,105.073
12/16/2025 09:32:15,0.55,105.074
12/16/2025 09:42:15,0.57,105.096
12/16/2025 09:52:15,0.58,105.123
12/16/2025 10:02:15,0.61,105.141
12/16/2025 10:12:15,0.63,105.142
12/16/2025 10:22:15,0.66,105.130
12/16/2025 10:32:15,0.70,105.140
12/16/2025 10:42:15,0.73,105.124
12/16/2025 10:52:15,0.76,105.107
12/16/2025 11:02:15,0.78,105.099
12/16/2025 11:12:15,0.80,105.078
12/16/2025 11:22:15,0.82,105.061
12/16/2025 11:32:15,0.84,105.035
12/16/2025 11:42:15,0.87,104.984
12/16/2025 11:52:15,0.90,104.963
12/16/2025 12:02:15,0.93,104.960
12/16/2025 12:12:15,0.97,104.943
12/16/2025 12:22:15,1.00,104.940
12/16/2025 12:32:15,1.04,104.937
12/16/2025 12:42:15,1.06,104.916
12/16/2025 12:52:15,1.08,104.912
12/16/2025 13:02:15,1.09,104.908
12/16/2025 13:12:15,1.10,104.873
12/16/2025 13:22:15,1.11,104.865
12/16/2025 13:32:15,1.11,104.843
12/16/2025 13:42:15,1.11,104.843
12/16/2025 13:52:15,1.10,104.816
12/16/2025 14:02:15,1.09,104.798
12/16/2025 14:12:15,1.08,104.824
12/16/2025 14:22:15,1.07,104.828
12/16/2025 14:32:15,1.05,104.797
12/16/2025 14:42:15,1.03,104.831
12/16/2025 14:52:15,1.02,104.822
12/16/2025 15:02:15,1.00,104.839
12/16/2025 15:12:15,0.98,104.834
12/16/2025 15:22:15,0.96,104.842
12/16/2025 15:32:15,0.94,104.833
12/16/2025 15:42:15,0.92,104.814
12/16/2025 15:52:15,0.90,104.814
12/16/2025 16:02:15,0.89,104.813
12/16/2025 16:12:15,0.87,104.813
12/16/2025 16:22:15,0.86,104.830
12/16/2025 16:32:15,0.85,104.834
12/16/2025 16:42:15,0.83,104.846
12/16/2025 16:52:15,0.82,104.850
12/16/2025 17:02:15,0.80,104.841
12/16/2025 17:12:15,0.78,104.849
12/16/2025 17:22:15,0.76,104.848
12/16/2025 17:32:15,0.74,104.856
12/16/2025 17:42:15,0.72,104.873
12/16/2025 17:52:15,0.71,104.895
12/16/2025 18:02:15,0.69,104.898
12/16/2025 18:12:15,0.68,104.880
12/16/2025 18:22:15,0.66,104.849
12/16/2025 18:32:15,0.65,104.871
12/16/2025 18:42:15,0.64,104.884
12/16/2025 18:52:15,0.63,104.874
12/16/2025 19:02:15,0.62,104.870
12/16/2025 19:12:15,0.61,104.839
12/16/2025 19:22:15,0.60,104.834
12/16/2025 19:32:15,0.59,104.825
12/16/2025 19:42:15,0.59,104.811
12/16/2025 19:52:15,0.58,104.816
12/16/2025 20:02:15,0.58,104.855
12/16/2025 20:12:15,0.57,104.815
12/16/2025 20:22:15,0.57,104.811
12/16/2025 20:32:15,0.57,104.758
12/16/2025 20:42:15,0.57,104.745
12/16/2025 20:52:15,0.57,104.728
12/16/2025 21:02:15,0.58,104.728
12/16/2025 21:12:15,0.58,104.723
12/16/2025 21:22:15,0.58,104.759
12/16/2025 21:32:15,0.58,104.772
12/16/2025 21:42:15,0.57,104.767
12/16/2025 21:52:15,0.57,104.798
12/16/2025 22:02:15,0.57,104.820
12/16/2025 22:12:15,0.57,104.802
12/16/2025 22:22:15,0.57,104.780
12/16/2025 22:32:15,0.58,104.776
12/16/2025 22:42:15,0.58,104.776
12/16/2025 22:52:15,0.57,104.758
12/16/2025 23:02:15,0.57,104.758
12/16/2025 23:12:15,0.57,104.745
12/16/2025 23:22:15,0.56,104.727
12/16/2025 23:32:15,0.56,104.679
12/16/2025 23:42:15,0.56,104.661
12/16/2025 23:52:15,0.55,104.661
12/17/2025 00:02:15,0.55,104.652
12/17/2025 00:12:15,0.54,104.661
12/17/2025 00:22:15,0.54,104.678
12/17/2025 00:32:15,0.54,104.652
12/17/2025 00:42:15,0.53,104.630
12/17/2025 00:52:15,0.53,104.629
12/17/2025 01:02:15,0.52,104.642
12/17/2025 01:12:15,0.52,104.634
12/17/2025 01:22:15,0.52,104.638
12/17/2025 01:32:15,0.52,104.611
12/17/2025 01:42:15,0.51,104.576
12/17/2025 01:52:15,0.51,104.581
12/17/2025 02:02:15,0.51,104.576
12/17/2025 02:12:15,0.51,104.572
12/17/2025 02:22:15,0.50,104.558
12/17/2025 02:32:15,0.50,104.554
12/17/2025 02:42:15,0.50,104.519
12/17/2025 02:52:15,0.50,104.497
12/17/2025 03:02:15,0.50,104.462
12/17/2025 03:12:15,0.50,104.435
12/17/2025 03:22:15,0.50,104.427
12/17/2025 03:32:15,0.50,104.396
12/17/2025 03:42:15,0.50,104.378
12/17/2025 03:52:15,0.49,104.356
12/17/2025 04:02:15,0.49,104.321
12/17/2025 04:12:15,0.49,104.295
12/17/2025 04:22:15,0.50,104.286
12/17/2025 04:32:15,0.50,104.291
12/17/2025 04:42:15,0.51,104.291
12/17/2025 04:52:15,0.52,104.274
12/17/2025 05:02:15,0.53,104.256
12/17/2025 05:12:15,0.54,104.266
12/17/2025 05:22:15,0.55,104.284
12/17/2025 05:32:15,0.56,104.275
12/17/2025 05:42:15,0.57,104.227
12/17/2025 05:52:15,0.57,104.218
12/17/2025 06:02:15,0.57,104.192
12/17/2025 06:12:15,0.57,104.183
12/17/2025 06:22:15,0.57,104.162
12/17/2025 06:32:15,0.57,104.175
12/17/2025 06:42:15,0.57,104.153
12/17/2025 06:52:15,0.57,104.144
12/17/2025 07:02:15,0.57,104.157
12/17/2025 07:12:15,0.56,104.157
12/17/2025 07:22:15,0.56,104.161
12/17/2025 07:32:15,0.56,104.148
12/17/2025 07:42:15,0.56,104.135
12/17/2025 07:52:15,0.56,104.152
12/17/2025 08:02:15,0.56,104.148
12/17/2025 08:12:15,0.57,104.153
12/17/2025 08:22:15,0.58,104.148
12/17/2025 08:32:15,0.59,104.140
12/17/2025 08:42:15,0.60,104.114
12/17/2025 08:52:15,0.61,104.115
12/17/2025 09:02:15,0.63,104.102
12/17/2025 09:12:15,0.65,104.081
12/17/2025 09:22:15,0.66,104.068
12/17/2025 09:32:15,0.68,104.073
12/17/2025 09:42:15,0.70,104.052
12/17/2025 09:52:15,0.72,104.030
12/17/2025 10:02:15,0.74,104.027
12/17/2025 10:12:15,0.75,104.010
12/17/2025 10:22:15,0.77,103.993
12/17/2025 10:32:15,0.79,103.972
12/17/2025 10:42:15,0.81,103.946
12/17/2025 10:52:15,0.83,103.916
12/17/2025 11:02:15,0.85,103.890
12/17/2025 11:12:15,0.87,103.851
12/17/2025 11:22:15,0.90,103.826
12/17/2025 11:32:15,0.93,103.823
12/17/2025 11:42:15,0.96,103.780
12/17/2025 11:52:15,0.98,103.724
12/17/2025 12:02:15,1.02,103.712
12/17/2025 12:12:15,1.05,103.713
12/17/2025 12:22:15,1.08,103.723
12/17/2025 12:32:15,1.12,103.719
12/17/2025 12:42:15,1.14,103.712
12/17/2025 12:52:15,1.16,103.708
12/17/2025 13:02:15,1.18,103.713
12/17/2025 13:12:15,1.20,103.683
12/17/2025 13:22:15,1.22,103.666
12/17/2025 13:32:15,1.25,103.645
12/17/2025 13:42:15,1.27,103.646
12/17/2025 13:52:15,1.28,103.646
12/17/2025 14:02:15,1.28,103.659
12/17/2025 14:12:15,1.29,103.655
12/17/2025 14:22:15,1.29,103.664
12/17/2025 14:32:15,1.29,103.690
12/17/2025 14:42:15,1.29,103.725
12/17/2025 14:52:15,1.29,103.725
12/17/2025 15:02:15,1.29,103.760
12/17/2025 15:12:15,1.29,103.783
12/17/2025 15:22:15,1.29,103.783
12/17/2025 15:32:15,1.29,103.809
12/17/2025 15:42:15,1.29,103.835
12/17/2025 15:52:15,1.29,103.831
12/17/2025 16:02:15,1.28,103.857
12/17/2025 16:12:15,1.28,103.901
12/17/2025 16:22:15,1.28,103.918
12/17/2025 16:32:15,1.27,103.927
12/17/2025 16:42:15,1.26,103.970
12/17/2025 16:52:15,1.25,103.979
12/17/2025 17:02:15,1.24,103.996
12/17/2025 17:12:15,1.23,103.996
12/17/2025 17:22:15,1.23,104.026
12/17/2025 17:32:15,1.22,104.061
12/17/2025 17:42:15,1.21,104.069
12/17/2025 17:52:15,1.20,104.104
12/17/2025 18:02:15,1.18,104.126
12/17/2025 18:12:15,1.17,104.147
12/17/2025 18:22:15,1.17,104.173
12/17/2025 18:32:15,1.16,104.208
12/17/2025 18:42:15,1.16,104.248
12/17/2025 18:52:15,1.16,104.300
12/17/2025 19:02:15,1.17,104.327
12/17/2025 19:12:15,1.17,104.358
12/17/2025 19:22:15,1.18,104.363
12/17/2025 19:32:15,1.21,104.408
12/17/2025 19:42:15,1.28,104.458
12/17/2025 19:52:15,1.33,104.491
12/17/2025 20:02:15,1.35,104.509
12/17/2025 20:12:15,1.35,104.531
12/17/2025 20:22:15,1.35,104.575
12/17/2025 20:32:15,1.35,104.584
12/17/2025 20:42:15,1.35,104.571
12/17/2025 20:52:15,1.36,104.632
12/17/2025 21:02:15,1.38,104.650
12/17/2025 21:12:15,1.39,104.682
12/17/2025 21:22:15,1.41,104.722
12/17/2025 21:32:15,1.43,104.762
12/17/2025 21:42:15,1.44,104.806
12/17/2025 21:52:15,1.45,104.851
12/17/2025 22:02:15,1.47,104.882
12/17/2025 22:12:15,1.48,104.900
12/17/2025 22:22:15,1.50,104.918
12/17/2025 22:32:15,1.52,104.958
12/17/2025 22:42:15,1.53,104.994
12/17/2025 22:52:15,1.54,104.977
12/17/2025 23:02:15,1.55,105.017
12/17/2025 23:12:15,1.56,105.026
12/17/2025 23:22:15,1.56,105.039
12/17/2025 23:32:15,1.56,105.026
12/17/2025 23:42:15,1.57,105.026
12/17/2025 23:52:15,1.57,105.048
12/18/2025 00:02:15,1.56,105.057
12/18/2025 00:12:15,1.56,105.048
12/18/2025 00:22:15,1.56,105.057
12/18/2025 00:32:15,1.56,105.057
12/18/2025 00:42:15,1.57,105.065
12/18/2025 00:52:15,1.57,105.043
12/18/2025 01:02:15,1.57,105.048
12/18/2025 01:12:15,1.56,105.052
12/18/2025 01:22:15,1.56,105.083
12/18/2025 01:32:15,1.55,105.082
12/18/2025 01:42:15,1.55,105.087
12/18/2025 01:52:15,1.54,105.104
12/18/2025 02:02:15,1.53,105.108
12/18/2025 02:12:15,1.52,105.121
12/18/2025 02:22:15,1.51,105.112
12/18/2025 02:32:15,1.50,105.138
12/18/2025 02:42:15,1.49,105.137
12/18/2025 02:52:15,1.48,105.194
12/18/2025 03:02:15,1.47,105.181
12/18/2025 03:12:15,1.46,105.189
12/18/2025 03:22:15,1.45,105.197
12/18/2025 03:32:15,1.44,105.241
12/18/2025 03:42:15,1.43,105.267
12/18/2025 03:52:15,1.43,105.311
12/18/2025 04:02:15,1.42,105.315
12/18/2025 04:12:15,1.42,105.328
12/18/2025 04:22:15,1.41,105.345
12/18/2025 04:32:15,1.40,105.345
12/18/2025 04:42:15,1.39,105.402
12/18/2025 04:52:15,1.38,105.423
12/18/2025 05:02:15,1.37,105.410
12/18/2025 05:12:15,1.36,105.414
12/18/2025 05:22:15,1.35,105.431
12/18/2025 05:32:15,1.34,105.417
12/18/2025 05:42:15,1.33,105.435
12/18/2025 05:52:15,1.32,105.426
12/18/2025 06:02:15,1.31,105.460
12/18/2025 06:12:15,1.30,105.477
12/18/2025 06:22:15,1.29,105.411
12/18/2025 06:32:15,1.28,105.455
12/18/2025 06:42:15,1.27,105.498
12/18/2025 06:52:15,1.25,105.515
12/18/2025 07:02:15,1.24,105.502
12/18/2025 07:12:15,1.23,105.479
12/18/2025 07:22:15,1.21,105.492
12/18/2025 07:32:15,1.20,105.522
12/18/2025 07:42:15,1.18,105.517
12/18/2025 07:52:15,1.17,105.538
12/18/2025 08:02:15,1.16,105.542
12/18/2025 08:12:15,1.15,105.542
12/18/2025 08:22:15,1.14,105.542
12/18/2025 08:32:15,1.14,105.537
12/18/2025 08:42:15,1.13,105.555
12/18/2025 08:52:15,1.13,105.594
12/18/2025 09:02:15,1.13,105.629
12/18/2025 09:12:15,1.14,105.625
12/18/2025 09:22:15,1.14,105.634
12/18/2025 09:32:15,1.15,105.674
12/18/2025 09:42:15,1.16,105.670
12/18/2025 09:52:15,1.18,105.662
12/18/2025 10:02:15,1.20,105.654
12/18/2025 10:12:15,1.23,105.633
12/18/2025 10:22:15,1.27,105.625
12/18/2025 10:32:15,1.30,105.644
12/18/2025 10:42:15,1.35,105.628
12/18/2025 10:52:15,1.39,105.630
12/18/2025 11:02:15,1.43,105.587
12/18/2025 11:12:15,1.46,105.571
12/18/2025 11:22:15,1.50,105.559
12/18/2025 11:32:15,1.54,105.534
12/18/2025 11:42:15,1.58,105.531
12/18/2025 11:52:15,1.63,105.494
12/18/2025 12:02:15,1.69,105.478
12/18/2025 12:12:15,1.75,105.445
12/18/2025 12:22:15,1.82,105.430
12/18/2025 12:32:15,1.89,105.406
12/18/2025 12:42:15,1.96,105.404
12/18/2025 12:52:15,2.02,105.384
12/18/2025 13:02:15,2.07,105.351
12/18/2025 13:12:15,2.12,105.362
12/18/2025 13:22:15,2.17,105.341
12/18/2025 13:32:15,2.21,105.343
12/18/2025 13:42:15,2.24,105.331
12/18/2025 13:52:15,2.27,105.314
12/18/2025 14:02:15,2.30,105.307
12/18/2025 14:12:15,2.33,105.299
12/18/2025 14:22:15,2.35,105.291
12/18/2025 14:32:15,2.37,105.274
12/18/2025 14:42:15,2.39,105.275
12/18/2025 14:52:15,2.41,105.271
12/18/2025 15:02:15,2.43,105.280
12/18/2025 15:12:15,2.44,105.294
12/18/2025 15:22:15,2.46,105.303
12/18/2025 15:32:15,2.47,105.295
12/18/2025 15:42:15,2.48,105.286
12/18/2025 15:52:15,2.48,105.278
12/18/2025 16:02:15,2.49,105.278
12/18/2025 16:12:15,2.49,105.283
12/18/2025 16:22:15,2.49,105.283
12/18/2025 16:32:15,2.49,105.282
12/18/2025 16:42:15,2.48,105.278
12/18/2025 16:52:15,2.48,105.256
12/18/2025 17:02:15,2.47,105.242
12/18/2025 17:12:15,2.46,105.246
12/18/2025 17:22:15,2.45,105.268
12/18/2025 17:32:15,2.44,105.250
12/18/2025 17:42:15,2.43,105.254
12/18/2025 17:52:15,2.42,105.236
12/18/2025 18:02:15,2.41,105.240
12/18/2025 18:12:15,2.40,105.209
12/18/2025 18:22:15,2.40,105.218
12/18/2025 18:32:15,2.41,105.218
12/18/2025 18:42:15,2.41,105.201
12/18/2025 18:52:15,2.42,105.197
12/18/2025 19:02:15,2.43,105.184
12/18/2025 19:12:15,2.45,105.176
12/18/2025 19:22:15,2.47,105.159
12/18/2025 19:32:15,2.48,105.155
12/18/2025 19:42:15,2.51,105.125
12/18/2025 19:52:15,2.53,105.108
12/18/2025 20:02:15,2.55,105.104
12/18/2025 20:12:15,2.57,105.105
12/18/2025 20:22:15,2.59,105.080
12/18/2025 20:32:15,2.62,105.067
12/18/2025 20:42:15,2.64,105.073
12/18/2025 20:52:15,2.66,105.043
12/18/2025 21:02:15,2.69,105.022
12/18/2025 21:12:15,2.71,105.005
12/18/2025 21:22:15,2.73,104.970
12/18/2025 21:32:15,2.75,104.931
12/18/2025 21:42:15,2.77,104.901
12/18/2025 21:52:15,2.79,104.876
12/18/2025 22:02:15,2.80,104.859
12/18/2025 22:12:15,2.82,104.855
12/18/2025 22:22:15,2.83,104.820
12/18/2025 22:32:15,2.84,104.811
12/18/2025 22:42:15,2.85,104.781
12/18/2025 22:52:15,2.86,104.764
12/18/2025 23:02:15,2.86,104.755
12/18/2025 23:12:15,2.87,104.703
12/18/2025 23:22:15,2.88,104.721
12/18/2025 23:32:15,2.89,104.690
12/18/2025 23:42:15,2.89,104.651
12/18/2025 23:52:15,2.90,104.607
12/19/2025 00:02:15,2.91,104.568
12/19/2025 00:12:15,2.92,104.546
12/19/2025 00:22:15,2.92,104.520
12/19/2025 00:32:15,2.93,104.503
12/19/2025 00:42:15,2.93,104.490
12/19/2025 00:52:15,2.94,104.464
12/19/2025 01:02:15,2.94,104.477
12/19/2025 01:12:15,2.95,104.442
12/19/2025 01:22:15,2.96,104.425
12/19/2025 01:32:15,2.97,104.403
12/19/2025 01:42:15,2.98,104.355
12/19/2025 01:52:15,2.99,104.351
12/19/2025 02:02:15,2.99,104.334
12/19/2025 02:12:15,3.01,104.343
12/19/2025 02:22:15,3.03,104.309
12/19/2025 02:32:15,3.05,104.314
12/19/2025 02:42:15,3.06,104.314
12/19/2025 02:52:15,3.08,104.293
12/19/2025 03:02:15,3.11,104.245
12/19/2025 03:12:15,3.15,104.225
12/19/2025 03:22:15,3.20,104.205
12/19/2025 03:32:15,3.24,104.180
12/19/2025 03:42:15,3.26,104.128
12/19/2025 03:52:15,3.28,104.089
12/19/2025 04:02:15,3.32,104.042
12/19/2025 04:12:15,3.35,103.999
12/19/2025 04:22:15,3.37,103.986
12/19/2025 04:32:15,3.38,103.929
12/19/2025 04:42:15,3.37,103.929
12/19/2025 04:52:15,3.37,103.912
12/19/2025 05:02:15,3.36,103.898
12/19/2025 05:12:15,3.34,103.880
12/19/2025 05:22:15,3.33,103.840
12/19/2025 05:32:15,3.32,103.769
12/19/2025 05:42:15,3.30,103.747
12/19/2025 05:52:15,3.29,103.733
12/19/2025 06:02:15,3.30,103.698
12/19/2025 06:12:15,3.31,103.672
12/19/2025 06:22:15,3.32,103.681
12/19/2025 06:32:15,3.32,103.664
12/19/2025 06:42:15,3.33,103.651
12/19/2025 06:52:15,3.39,103.627
12/19/2025 07:02:15,3.45,103.550
12/19/2025 07:12:15,3.48,103.516
12/19/2025 07:22:15,3.50,103.477
12/19/2025 07:32:15,3.70,103.479
12/19/2025 07:42:15,3.97,103.431
12/19/2025 07:52:15,3.96,103.440
12/19/2025 08:02:15,3.96,103.449
12/19/2025 08:12:15,3.91,103.473
12/19/2025 08:22:15,3.84,103.501
12/19/2025 08:32:15,3.82,103.505
12/19/2025 08:42:15,4.04,103.526
12/19/2025 08:52:15,4.26,103.521
12/19/2025 09:02:15,4.45,103.518
12/19/2025 09:12:15,4.52,103.512
12/19/2025 09:22:15,4.55,103.522
12/19/2025 09:32:15,4.59,103.541
12/19/2025 09:42:15,4.67,103.636
12/19/2025 09:52:15,4.78,103.789
12/19/2025 10:02:15,4.87,103.986
12/19/2025 10:12:15,5.00,104.201
12/19/2025 10:22:15,5.31,104.384
12/19/2025 10:32:15,5.70,104.472
12/19/2025 10:42:15,6.11,104.526
12/19/2025 10:52:15,6.38,104.571
12/19/2025 11:02:15,6.58,104.806
12/19/2025 11:12:15,6.77,105.064
12/19/2025 11:22:15,6.94,105.145
12/19/2025 11:32:15,7.10,105.155
12/19/2025 11:42:15,7.17,105.179
12/19/2025 11:52:15,7.05,105.153
12/19/2025 12:02:15,6.88,105.173
12/19/2025 12:12:15,6.73,105.159
12/19/2025 12:22:15,6.57,105.101
12/19/2025 12:32:15,6.43,105.078
12/19/2025 12:42:15,6.28,105.038
12/19/2025 12:52:15,6.12,105.045
12/19/2025 13:02:15,5.95,105.070
12/19/2025 13:12:15,5.78,105.130
12/19/2025 13:22:15,5.59,105.238
12/19/2025 13:32:15,5.39,105.328
12/19/2025 13:42:15,5.21,105.493
12/19/2025 13:52:15,5.05,105.593
12/19/2025 14:02:15,4.93,105.689
12/19/2025 14:12:15,4.85,105.766
12/19/2025 14:22:15,4.83,105.879
12/19/2025 14:32:15,4.82,106.055
12/19/2025 14:42:15,4.81,106.125
12/19/2025 14:52:15,4.80,106.287
12/19/2025 15:02:15,4.85,106.553
12/19/2025 15:12:15,4.91,106.696
12/19/2025 15:22:15,4.95,106.684
12/19/2025 15:32:15,5.06,106.675
12/19/2025 15:42:15,5.01,106.620
12/19/2025 15:52:15,4.73,106.562
12/19/2025 16:02:15,4.48,106.509
12/19/2025 16:12:15,4.27,106.492
12/19/2025 16:22:15,4.14,106.514
12/19/2025 16:32:15,4.05,106.471
12/19/2025 16:42:15,3.99,106.509
12/19/2025 16:52:15,3.97,106.539
12/19/2025 17:02:15,3.96,106.560
12/19/2025 17:12:15,3.95,106.608
12/19/2025 17:22:15,3.95,106.648
12/19/2025 17:32:15,3.95,106.722
12/19/2025 17:42:15,3.95,106.788
12/19/2025 17:52:15,3.94,106.859
12/19/2025 18:02:15,3.94,106.933
12/19/2025 18:12:15,3.92,107.060
12/19/2025 18:22:15,3.89,107.173
12/19/2025 18:32:15,3.83,107.346
12/19/2025 18:42:15,3.75,107.510
12/19/2025 18:52:15,3.67,107.639
12/19/2025 19:02:15,3.57,107.746
12/19/2025 19:12:15,3.47,107.887
12/19/2025 19:22:15,3.37,108.015
12/19/2025 19:32:15,3.25,108.116
12/19/2025 19:42:15,3.12,108.251
12/19/2025 19:52:15,2.98,108.378
12/19/2025 20:02:15,2.85,108.444
12/19/2025 20:12:15,2.72,108.513
12/19/2025 20:22:15,2.61,108.588
12/19/2025 20:32:15,2.50,108.650
12/19/2025 20:42:15,2.42,108.770
12/19/2025 20:52:15,2.37,108.834
12/19/2025 21:02:15,2.32,108.929
12/19/2025 21:12:15,2.29,109.019
12/19/2025 21:22:15,2.26,109.088
12/19/2025 21:32:15,2.23,109.175
12/19/2025 21:42:15,2.20,109.521
12/19/2025 21:52:15,2.18,109.669
12/19/2025 22:02:15,2.15,109.734
12/19/2025 22:12:15,2.12,109.794
12/19/2025 22:22:15,2.09,109.837
12/19/2025 22:32:15,2.07,109.898
12/19/2025 22:42:15,2.07,109.950
12/19/2025 22:52:15,2.06,109.985
12/19/2025 23:02:15,2.03,110.045
12/19/2025 23:12:15,2.00,110.096
12/19/2025 23:22:15,1.96,110.104
12/19/2025 23:32:15,1.92,110.164
12/19/2025 23:42:15,1.89,110.233
12/19/2025 23:52:15,1.85,110.297
12/20/2025 00:02:15,1.81,110.322
12/20/2025 00:12:15,1.78,110.351
12/20/2025 00:22:15,1.75,110.372
12/20/2025 00:32:15,1.72,110.367
12/20/2025 00:42:15,1.69,110.383
12/20/2025 00:52:15,1.67,110.409
12/20/2025 01:02:15,1.65,110.412
12/20/2025 01:12:15,1.62,110.411
12/20/2025 01:22:15,1.60,110.419
12/20/2025 01:32:15,1.58,110.427
12/20/2025 01:42:15,1.56,110.448
12/20/2025 01:52:15,1.55,110.465
12/20/2025 02:02:15,1.53,110.478
12/20/2025 02:12:15,1.52,110.486
12/20/2025 02:22:15,1.50,110.455
12/20/2025 02:32:15,1.47,110.440
12/20/2025 02:42:15,1.44,110.444
12/20/2025 02:52:15,1.42,110.434
12/20/2025 03:02:15,1.41,110.412
12/20/2025 03:12:15,1.40,110.385
12/20/2025 03:22:15,1.39,110.381
12/20/2025 03:32:15,1.38,110.354
12/20/2025 03:42:15,1.37,110.349
12/20/2025 03:52:15,1.36,110.322
12/20/2025 04:02:15,1.35,110.291
12/20/2025 04:12:15,1.34,110.260
12/20/2025 04:22:15,1.33,110.255
12/20/2025 04:32:15,1.32,110.246
12/20/2025 04:42:15,1.30,110.224
12/20/2025 04:52:15,1.29,110.206
12/20/2025 05:02:15,1.28,110.183
12/20/2025 05:12:15,1.26,110.161
12/20/2025 05:22:15,1.25,110.169
12/20/2025 05:32:15,1.24,110.191
12/20/2025 05:42:15,1.23,110.164
12/20/2025 05:52:15,1.21,110.177
12/20/2025 06:02:15,1.20,110.176
12/20/2025 06:12:15,1.20,110.128
12/20/2025 06:22:15,1.18,110.167
12/20/2025 06:32:15,1.17,110.162
12/20/2025 06:42:15,1.16,110.148
12/20/2025 06:52:15,1.15,110.130
12/20/2025 07:02:15,1.14,110.121
12/20/2025 07:12:15,1.13,110.116
12/20/2025 07:22:15,1.12,110.098
12/20/2025 07:32:15,1.10,110.076
12/20/2025 07:42:15,1.09,110.084
12/20/2025 07:52:15,1.08,110.049
12/20/2025 08:02:15,1.07,109.991
12/20/2025 08:12:15,1.06,109.969
12/20/2025 08:22:15,1.04,109.911
12/20/2025 08:32:15,1.04,109.907
12/20/2025 08:42:15,1.03,109.880
12/20/2025 08:52:15,1.02,109.832
12/20/2025 09:02:15,1.02,109.709
12/20/2025 09:12:15,1.01,109.739
12/20/2025 09:22:15,1.01,109.709
12/20/2025 09:32:15,1.01,109.739
12/20/2025 09:42:15,1.01,109.739
12/20/2025 09:52:15,1.01,109.726
12/20/2025 10:02:15,1.02,109.744
12/20/2025 10:12:15,1.02,109.674
12/20/2025 10:22:15,1.03,109.727
12/20/2025 10:32:15,1.04,109.718
12/20/2025 10:42:15,1.05,109.701
12/20/2025 10:52:15,1.06,109.666
12/20/2025 11:02:15,1.07,109.627
12/20/2025 11:12:15,1.08,109.606
12/20/2025 11:22:15,1.10,109.541
12/20/2025 11:32:15,1.12,109.524
12/20/2025 11:42:15,1.13,109.485
12/20/2025 11:52:15,1.15,109.394
12/20/2025 12:02:15,1.17,109.338
12/20/2025 12:12:15,1.19,109.286
12/20/2025 12:22:15,1.22,109.221
12/20/2025 12:32:15,1.24,109.187
12/20/2025 12:42:15,1.26,109.174
12/20/2025 12:52:15,1.27,109.131
12/20/2025 13:02:15,1.29,109.105
12/20/2025 13:12:15,1.31,109.084
12/20/2025 13:22:15,1.33,109.093
12/20/2025 13:32:15,1.35,109.077
12/20/2025 13:42:15,1.37,109.056
12/20/2025 13:52:15,1.40,109.017
12/20/2025 14:02:15,1.42,109.018
12/20/2025 14:12:15,1.44,108.966
12/20/2025 14:22:15,1.46,108.989
12/20/2025 14:32:15,1.49,108.972
12/20/2025 14:42:15,1.51,108.907
12/20/2025 14:52:15,1.53,108.868
12/20/2025 15:02:15,1.55,108.803
12/20/2025 15:12:15,1.57,108.782
12/20/2025 15:22:15,1.58,108.792
12/20/2025 15:32:15,1.60,108.810
12/20/2025 15:42:15,1.62,108.806
12/20/2025 15:52:15,1.63,108.789
12/20/2025 16:02:15,1.65,108.798
12/20/2025 16:12:15,1.66,108.781
12/20/2025 16:22:15,1.67,108.747
12/20/2025 16:32:15,1.69,108.734
12/20/2025 16:42:15,1.69,108.739
12/20/2025 16:52:15,1.70,108.708
12/20/2025 17:02:15,1.71,108.699
12/20/2025 17:12:15,1.71,108.669
12/20/2025 17:22:15,1.71,108.612
12/20/2025 17:32:15,1.71,108.568
12/20/2025 17:42:15,1.70,108.528
12/20/2025 17:52:15,1.70,108.519
12/20/2025 18:02:15,1.69,108.528
12/20/2025 18:12:15,1.68,108.427
12/20/2025 18:22:15,1.68,108.396
12/20/2025 18:32:15,1.67,108.365
12/20/2025 18:42:15,1.66,108.395
12/20/2025 18:52:15,1.65,108.342
12/20/2025 19:02:15,1.64,108.359
12/20/2025 19:12:15,1.63,108.306
12/20/2025 19:22:15,1.62,108.262
12/20/2025 19:32:15,1.60,108.244
12/20/2025 19:42:15,1.59,108.204
12/20/2025 19:52:15,1.58,108.204
12/20/2025 20:02:15,1.57,108.146
12/20/2025 20:12:15,1.56,108.128
12/20/2025 20:22:15,1.55,108.119
12/20/2025 20:32:15,1.54,108.110
12/20/2025 20:42:15,1.53,108.097
12/20/2025 20:52:15,1.52,108.039
12/20/2025 21:02:15,1.52,107.995
12/20/2025 21:12:15,1.51,108.017
12/20/2025 21:22:15,1.50,108.008
12/20/2025 21:32:15,1.50,107.959
12/20/2025 21:42:15,1.49,107.941
12/20/2025 21:52:15,1.48,107.919
12/20/2025 22:02:15,1.48,107.871
12/20/2025 22:12:15,1.47,107.818
12/20/2025 22:22:15,1.47,107.827
12/20/2025 22:32:15,1.47,107.805
12/20/2025 22:42:15,1.46,107.739
12/20/2025 22:52:15,1.46,107.756
12/20/2025 23:02:15,1.46,107.743
12/20/2025 23:12:15,1.45,107.721
12/20/2025 23:22:15,1.45,107.668
12/20/2025 23:32:15,1.45,107.620
12/20/2025 23:42:15,1.45,107.655
12/20/2025 23:52:15,1.44,107.655
12/21/2025 00:02:15,1.44,107.663
12/21/2025 00:12:15,1.44,107.659
12/21/2025 00:22:15,1.45,107.668
12/21/2025 00:32:15,1.45,107.611
12/21/2025 00:42:15,1.45,107.580
12/21/2025 00:52:15,1.46,107.541
12/21/2025 01:02:15,1.46,107.524
12/21/2025 01:12:15,1.47,107.476
12/21/2025 01:22:15,1.47,107.471
12/21/2025 01:32:15,1.48,107.485
12/21/2025 01:42:15,1.48,107.485
12/21/2025 01:52:15,1.49,107.455
12/21/2025 02:02:15,1.50,107.446
12/21/2025 02:12:15,1.51,107.446
12/21/2025 02:22:15,1.52,107.425
12/21/2025 02:32:15,1.52,107.377
12/21/2025 02:42:15,1.53,107.360
12/21/2025 02:52:15,1.54,107.312
12/21/2025 03:02:15,1.55,107.294
12/21/2025 03:12:15,1.56,107.282
12/21/2025 03:22:15,1.57,107.273
12/21/2025 03:32:15,1.58,107.238
12/21/2025 03:42:15,1.59,107.203
12/21/2025 03:52:15,1.60,107.169
12/21/2025 04:02:15,1.60,107.112
12/21/2025 04:12:15,1.61,107.125
12/21/2025 04:22:15,1.62,107.139
12/21/2025 04:32:15,1.63,107.109
12/21/2025 04:42:15,1.64,107.118
12/21/2025 04:52:15,1.65,107.083
12/21/2025 05:02:15,1.66,107.044
12/21/2025 05:12:15,1.67,107.048
12/21/2025 05:22:15,1.68,107.044
12/21/2025 05:32:15,1.68,107.036
12/21/2025 05:42:15,1.69,107.036
12/21/2025 05:52:15,1.70,107.023
12/21/2025 06:02:15,1.71,106.989
12/21/2025 06:12:15,1.72,106.971
12/21/2025 06:22:15,1.73,106.994
12/21/2025 06:32:15,1.73,106.998
12/21/2025 06:42:15,1.74,107.003
12/21/2025 06:52:15,1.74,107.012
12/21/2025 07:02:15,1.74,106.994
12/21/2025 07:12:15,1.74,106.990
12/21/2025 07:22:15,1.74,106.998
12/21/2025 07:32:15,1.74,106.994
12/21/2025 07:42:15,1.74,106.994
12/21/2025 07:52:15,1.74,106.994
12/21/2025 08:02:15,1.74,106.985
12/21/2025 08:12:15,1.73,106.998
12/21/2025 08:22:15,1.74,107.016
12/21/2025 08:32:15,1.74,107.012
12/21/2025 08:42:15,1.74,107.016
12/21/2025 08:52:15,1.75,107.038
12/21/2025 09:02:15,1.76,107.025
12/21/2025 09:12:15,1.76,107.034
12/21/2025 09:22:15,1.78,107.026
12/21/2025 09:32:15,1.79,107.018
12/21/2025 09:42:15,1.80,107.005
12/21/2025 09:52:15,1.82,107.006
12/21/2025 10:02:15,1.83,106.997
12/21/2025 10:12:15,1.85,107.002
12/21/2025 10:22:15,1.87,107.016
12/21/2025 10:32:15,1.89,107.008
12/21/2025 10:42:15,1.92,107.009
12/21/2025 10:52:15,1.94,107.076
12/21/2025 11:02:15,1.96,107.098
12/21/2025 11:12:15,1.98,107.099
12/21/2025 11:22:15,2.01,107.096
12/21/2025 11:32:15,2.04,107.102
12/21/2025 11:42:15,2.07,107.107
12/21/2025 11:52:15,2.10,107.108
12/21/2025 12:02:15,2.12,107.122
12/21/2025 12:12:15,2.15,107.114
12/21/2025 12:22:15,2.17,107.137
12/21/2025 12:32:15,2.20,107.151
12/21/2025 12:42:15,2.22,107.187
12/21/2025 12:52:15,2.23,107.187
12/21/2025 13:02:15,2.24,107.175
12/21/2025 13:12:15,2.26,107.179
12/21/2025 13:22:15,2.27,107.189
12/21/2025 13:32:15,2.27,107.228
12/21/2025 13:42:15,2.28,107.220
12/21/2025 13:52:15,2.27,107.233
12/21/2025 14:02:15,2.27,107.211
12/21/2025 14:12:15,2.27,107.272
12/21/2025 14:22:15,2.26,107.285
12/21/2025 14:32:15,2.26,107.320
12/21/2025 14:42:15,2.25,107.324
12/21/2025 14:52:15,2.25,107.359
12/21/2025 15:02:15,2.25,107.368
12/21/2025 15:12:15,2.25,107.372
12/21/2025 15:22:15,2.25,107.399
12/21/2025 15:32:15,2.25,107.425
12/21/2025 15:42:15,2.25,107.425
12/21/2025 15:52:15,2.24,107.429
12/21/2025 16:02:15,2.24,107.429
12/21/2025 16:12:15,2.24,107.438
12/21/2025 16:22:15,2.23,107.442
12/21/2025 16:32:15,2.22,107.450
12/21/2025 16:42:15,2.21,107.472
12/21/2025 16:52:15,2.20,107.489
12/21/2025 17:02:15,2.19,107.502
12/21/2025 17:12:15,2.18,107.524
12/21/2025 17:22:15,2.18,107.532
12/21/2025 17:32:15,2.17,107.545
12/21/2025 17:42:15,2.16,107.549
12/21/2025 17:52:15,2.15,107.558
12/21/2025 18:02:15,2.14,107.566
12/21/2025 18:12:15,2.13,107.574
12/21/2025 18:22:15,2.12,107.569
12/21/2025 18:32:15,2.10,107.573
12/21/2025 18:42:15,2.09,107.595
12/21/2025 18:52:15,2.07,107.603
12/21/2025 19:02:15,2.06,107.585
12/21/2025 19:12:15,2.04,107.580
12/21/2025 19:22:15,2.02,107.601
12/21/2025 19:32:15,2.00,107.600
12/21/2025 19:42:15,1.98,107.622
12/21/2025 19:52:15,1.96,107.616
12/21/2025 20:02:15,1.94,107.637
12/21/2025 20:12:15,1.91,107.623
12/21/2025 20:22:15,1.88,107.622
12/21/2025 20:32:15,1.85,107.639
12/21/2025 20:42:15,1.82,107.660
12/21/2025 20:52:15,1.79,107.681
12/21/2025 21:02:15,1.77,107.715
12/21/2025 21:12:15,1.74,107.705
12/21/2025 21:22:15,1.71,107.708
12/21/2025 21:32:15,1.69,107.721
12/21/2025 21:42:15,1.66,107.737
12/21/2025 21:52:15,1.64,107.741
12/21/2025 22:02:15,1.62,107.753
12/21/2025 22:12:15,1.60,107.744
12/21/2025 22:22:15,1.58,107.752
12/21/2025 22:32:15,1.56,107.742
12/21/2025 22:42:15,1.54,107.728
12/21/2025 22:52:15,1.52,107.745
12/21/2025 23:02:15,1.50,107.749
12/21/2025 23:12:15,1.48,107.757
12/21/2025 23:22:15,1.47,107.748
12/21/2025 23:32:15,1.45,107.765
12/21/2025 23:42:15,1.44,107.777
12/21/2025 23:52:15,1.42,107.781
12/22/2025 00:02:15,1.40,107.789
12/22/2025 00:12:15,1.39,107.775
12/22/2025 00:22:15,1.38,107.788
12/22/2025 00:32:15,1.36,107.779
12/22/2025 00:42:15,1.35,107.800
12/22/2025 00:52:15,1.33,107.826
12/22/2025 01:02:15,1.31,107.830
12/22/2025 01:12:15,1.29,107.820
12/22/2025 01:22:15,1.28,107.859
12/22/2025 01:32:15,1.26,107.858
12/22/2025 01:42:15,1.24,107.875
12/22/2025 01:52:15,1.22,107.883
12/22/2025 02:02:15,1.20,107.891
12/22/2025 02:12:15,1.18,107.921
12/22/2025 02:22:15,1.16,107.916
12/22/2025 02:32:15,1.15,107.898
12/22/2025 02:42:15,1.13,107.889
12/22/2025 02:52:15,1.12,107.901
12/22/2025 03:02:15,1.10,107.940
12/22/2025 03:12:15,1.09,107.957
12/22/2025 03:22:15,1.08,107.957
12/22/2025 03:32:15,1.07,107.952
12/22/2025 03:42:15,1.06,107.939
12/22/2025 03:52:15,1.04,107.938
12/22/2025 04:02:15,1.03,107.938
12/22/2025 04:12:15,1.02,107.968
12/22/2025 04:22:15,1.01,107.976
12/22/2025 04:32:15,0.99,107.963
12/22/2025 04:42:15,0.98,107.993
12/22/2025 04:52:15,0.96,108.001
12/22/2025 05:02:15,0.95,108.036
12/22/2025 05:12:15,0.93,108.031
12/22/2025 05:22:15,0.92,108.048
12/22/2025 05:32:15,0.90,108.065
12/22/2025 05:42:15,0.89,108.077
12/22/2025 05:52:15,0.87,108.103
12/22/2025 06:02:15,0.85,108.115
12/22/2025 06:12:15,0.84,108.097
12/22/2025 06:22:15,0.82,108.119
12/22/2025 06:32:15,0.81,108.092
12/22/2025 06:42:15,0.80,108.096
12/22/2025 06:52:15,0.79,108.109
12/22/2025 07:02:15,0.79,108.095
12/22/2025 07:12:15,0.78,108.117
12/22/2025 07:22:15,0.77,108.126
12/22/2025 07:32:15,0.77,108.134
12/22/2025 07:42:15,0.76,108.160
12/22/2025 07:52:15,0.76,108.164
12/22/2025 08:02:15,0.75,108.151
12/22/2025 08:12:15,0.74,108.182
12/22/2025 08:22:15,0.74,108.173
12/22/2025 08:32:15,0.74,108.168
12/22/2025 08:42:15,0.74,108.142
12/22/2025 08:52:15,0.74,108.138
12/22/2025 09:02:15,0.75,108.129
12/22/2025 09:12:15,0.75,108.125
12/22/2025 09:22:15,0.75,108.129
12/22/2025 09:32:15,0.76,108.121
12/22/2025 09:42:15,0.77,108.095
12/22/2025 09:52:15,0.78,108.086
12/22/2025 10:02:15,0.80,108.061
12/22/2025 10:12:15,0.82,108.035
12/22/2025 10:22:15,0.84,108.001
12/22/2025 10:32:15,0.86,107.971
12/22/2025 10:42:15,0.87,107.923
12/22/2025 10:52:15,0.89,107.933
12/22/2025 11:02:15,0.91,107.902
12/22/2025 11:12:15,0.92,107.885
12/22/2025 11:22:15,0.94,107.847
12/22/2025 11:32:15,0.96,107.830
12/22/2025 11:42:15,0.98,107.796
12/22/2025 11:52:15,1.01,107.792
12/22/2025 12:02:15,1.04,107.749
12/22/2025 12:12:15,1.07,107.755
12/22/2025 12:22:15,1.10,107.756
12/22/2025 12:32:15,1.13,107.739
12/22/2025 12:42:15,1.15,107.727
12/22/2025 12:52:15,1.18,107.728
12/22/2025 13:02:15,1.19,107.716
12/22/2025 13:12:15,1.21,107.703
12/22/2025 13:22:15,1.23,107.708
12/22/2025 13:32:15,1.25,107.709
12/22/2025 13:42:15,1.26,107.701
12/22/2025 13:52:15,1.27,107.705
12/22/2025 14:02:15,1.29,107.706
12/22/2025 14:12:15,1.30,107.698
12/22/2025 14:22:15,1.31,107.716
12/22/2025 14:32:15,1.32,107.725
12/22/2025 14:42:15,1.34,107.725
12/22/2025 14:52:15,1.35,107.739
12/22/2025 15:02:15,1.37,107.744
12/22/2025 15:12:15,1.38,107.758
12/22/2025 15:22:15,1.39,107.749
12/22/2025 15:32:15,1.41,107.789
12/22/2025 15:42:15,1.42,107.785
12/22/2025 15:52:15,1.43,107.790
12/22/2025 16:02:15,1.45,107.808
12/22/2025 16:12:15,1.46,107.800
12/22/2025 16:22:15,1.46,107.809
12/22/2025 16:32:15,1.47,107.822
12/22/2025 16:42:15,1.47,107.831
12/22/2025 16:52:15,1.47,107.840
12/22/2025 17:02:15,1.47,107.844
12/22/2025 17:12:15,1.47,107.827
12/22/2025 17:22:15,1.47,107.805
12/22/2025 17:32:15,1.47,107.800
12/22/2025 17:42:15,1.46,107.787
12/22/2025 17:52:15,1.46,107.782
12/22/2025 18:02:15,1.45,107.791
12/22/2025 18:12:15,1.45,107.773
12/22/2025 18:22:15,1.45,107.756
12/22/2025 18:32:15,1.44,107.747
12/22/2025 18:42:15,1.44,107.716
12/22/2025 18:52:15,1.44,107.720
12/22/2025 19:02:15,1.44,107.703
12/22/2025 19:12:15,1.43,107.694
12/22/2025 19:22:15,1.43,107.694
12/22/2025 19:32:15,1.43,107.672
12/22/2025 19:42:15,1.42,107.636
12/22/2025 19:52:15,1.42,107.645
12/22/2025 20:02:15,1.41,107.631
12/22/2025 20:12:15,1.40,107.636
12/22/2025 20:22:15,1.40,107.631
12/22/2025 20:32:15,1.39,107.631
12/22/2025 20:42:15,1.38,107.604
12/22/2025 20:52:15,1.37,107.608
12/22/2025 21:02:15,1.36,107.612
12/22/2025 21:12:15,1.35,107.585
12/22/2025 21:22:15,1.34,107.602
12/22/2025 21:32:15,1.32,107.593
12/22/2025 21:42:15,1.31,107.606
12/22/2025 21:52:15,1.29,107.610
12/22/2025 22:02:15,1.27,107.618
12/22/2025 22:12:15,1.25,107.595
12/22/2025 22:22:15,1.23,107.616
12/22/2025 22:32:15,1.21,107.585
12/22/2025 22:42:15,1.19,107.557
12/22/2025 22:52:15,1.16,107.548
12/22/2025 23:02:15,1.14,107.547
12/22/2025 23:12:15,1.12,107.546
12/22/2025 23:22:15,1.10,107.550
12/22/2025 23:32:15,1.08,107.497
12/22/2025 23:42:15,1.06,107.505
12/22/2025 23:52:15,1.04,107.486
12/23/2025 00:02:15,1.02,107.486
12/23/2025 00:12:15,1.00,107.481
12/23/2025 00:22:15,0.98,107.475
12/23/2025 00:32:15,0.97,107.470
12/23/2025 00:42:15,0.95,107.479
12/23/2025 00:52:15,0.93,107.465
12/23/2025 01:02:15,0.91,107.447
12/23/2025 01:12:15,0.90,107.464
12/23/2025 01:22:15,0.88,107.446
12/23/2025 01:32:15,0.87,107.458
12/23/2025 01:42:15,0.86,107.475
12/23/2025 01:52:15,0.85,107.444
12/23/2025 02:02:15,0.83,107.444
12/23/2025 02:12:15,0.82,107.434
12/23/2025 02:22:15,0.81,107.443
12/23/2025 02:32:15,0.80,107.425
12/23/2025 02:42:15,0.79,107.398
12/23/2025 02:52:15,0.78,107.411
12/23/2025 03:02:15,0.78,107.398
12/23/2025 03:12:15,0.77,107.411
12/23/2025 03:22:15,0.77,107.363
12/23/2025 03:32:15,0.77,107.354
12/23/2025 03:42:15,0.77,107.332
12/23/2025 03:52:15,0.77,107.297
12/23/2025 04:02:15,0.77,107.288
12/23/2025 04:12:15,0.77,107.266
12/23/2025 04:22:15,0.77,107.257
12/23/2025 04:32:15,0.77,107.222
12/23/2025 04:42:15,0.77,107.231
12/23/2025 04:52:15,0.77,107.218
12/23/2025 05:02:15,0.77,107.231
12/23/2025 05:12:15,0.77,107.227
12/23/2025 05:22:15,0.78,107.183
12/23/2025 05:32:15,0.78,107.148
12/23/2025 05:42:15,0.79,107.152
12/23/2025 05:52:15,0.79,107.170
12/23/2025 06:02:15,0.79,107.144
12/23/2025 06:12:15,0.79,107.166
12/23/2025 06:22:15,0.80,107.140
12/23/2025 06:32:15,0.80,107.135
12/23/2025 06:42:15,0.80,107.109
12/23/2025 06:52:15,0.81,107.092
12/23/2025 07:02:15,0.82,107.105
12/23/2025 07:12:15,0.83,107.088
12/23/2025 07:22:15,0.84,107.102
12/23/2025 07:32:15,0.84,107.089
12/23/2025 07:42:15,0.85,107.085
12/23/2025 07:52:15,0.86,107.098
12/23/2025 08:02:15,0.87,107.099
12/23/2025 08:12:15,0.88,107.121
12/23/2025 08:22:15,0.89,107.104
12/23/2025 08:32:15,0.91,107.109
12/23/2025 08:42:15,0.92,107.078
12/23/2025 08:52:15,0.94,107.097
12/23/2025 09:02:15,0.95,107.102
12/23/2025 09:12:15,0.97,107.111
12/23/2025 09:22:15,0.99,107.116
12/23/2025 09:32:15,1.02,107.121
12/23/2025 09:42:15,1.04,107.109
12/23/2025 09:52:15,1.06,107.092
12/23/2025 10:02:15,1.08,107.062
12/23/2025 10:12:15,1.10,107.041
12/23/2025 10:22:15,1.12,107.011
12/23/2025 10:32:15,1.15,106.994
12/23/2025 10:42:15,1.17,106.960
12/23/2025 10:52:15,1.21,106.926
12/23/2025 11:02:15,1.24,106.910
12/23/2025 11:12:15,1.28,106.885
12/23/2025 11:22:15,1.31,106.878
12/23/2025 11:32:15,1.34,106.866
12/23/2025 11:42:15,1.37,106.832
12/23/2025 11:52:15,1.40,106.798
12/23/2025 12:02:15,1.43,106.755
12/23/2025 12:12:15,1.46,106.712
12/23/2025 12:22:15,1.48,106.708
12/23/2025 12:32:15,1.51,106.661
12/23/2025 12:42:15,1.53,106.649
12/23/2025 12:52:15,1.56,106.650
12/23/2025 13:02:15,1.58,106.624
12/23/2025 13:12:15,1.60,106.603
12/23/2025 13:22:15,1.62,106.568
12/23/2025 13:32:15,1.64,106.534
12/23/2025 13:42:15,1.67,106.535
12/23/2025 13:52:15,1.69,106.501
12/23/2025 14:02:15,1.72,106.497
12/23/2025 14:12:15,1.74,106.498
12/23/2025 14:22:15,1.77,106.499
12/23/2025 14:32:15,1.79,106.496
12/23/2025 14:42:15,1.82,106.497
12/23/2025 14:52:15,1.84,106.489
12/23/2025 15:02:15,1.86,106.454
12/23/2025 15:12:15,1.89,106.411
12/23/2025 15:22:15,1.91,106.403
12/23/2025 15:32:15,1.93,106.382
12/23/2025 15:42:15,1.95,106.418
12/23/2025 15:52:15,1.97,106.414
12/23/2025 16:02:15,1.99,106.393
12/23/2025 16:12:15,2.01,106.332
12/23/2025 16:22:15,2.03,106.337
12/23/2025 16:32:15,2.05,106.347
12/23/2025 16:42:15,2.06,106.330
12/23/2025 16:52:15,2.08,106.309
12/23/2025 17:02:15,2.10,106.296
12/23/2025 17:12:15,2.12,106.231
12/23/2025 17:22:15,2.13,106.231
12/23/2025 17:32:15,2.15,106.197
12/23/2025 17:42:15,2.16,106.202
12/23/2025 17:52:15,2.18,106.211
12/23/2025 18:02:15,2.19,106.207
12/23/2025 18:12:15,2.20,106.194
12/23/2025 18:22:15,2.22,106.182
12/23/2025 18:32:15,2.23,106.129
12/23/2025 18:42:15,2.24,106.064
12/23/2025 18:52:15,2.26,106.135
12/23/2025 19:02:15,2.27,106.091
12/23/2025 19:12:15,2.28,106.039
12/23/2025 19:22:15,2.29,106.061
12/23/2025 19:32:15,2.30,106.071
12/23/2025 19:42:15,2.32,106.106
12/23/2025 19:52:15,2.32,106.097
12/23/2025 20:02:15,2.32,106.137
12/23/2025 20:12:15,2.33,106.106
12/23/2025 20:22:15,2.34,106.089
12/23/2025 20:32:15,2.34,106.107
12/23/2025 20:42:15,2.35,106.077
12/23/2025 20:52:15,2.36,106.068
12/23/2025 21:02:15,2.35,106.020
12/23/2025 21:12:15,2.35,106.015
12/23/2025 21:22:15,2.34,105.975
12/23/2025 21:32:15,2.33,105.975
12/23/2025 21:42:15,2.32,105.939
12/23/2025 21:52:15,2.31,105.922
12/23/2025 22:02:15,2.32,105.909
12/23/2025 22:12:15,2.33,105.905
12/23/2025 22:22:15,2.34,105.887
12/23/2025 22:32:15,2.35,105.879
12/23/2025 22:42:15,2.36,105.884
12/23/2025 22:52:15,2.37,105.854
12/23/2025 23:02:15,2.38,105.858
12/23/2025 23:12:15,2.39,105.841
12/23/2025 23:22:15,2.40,105.815
12/23/2025 23:32:15,2.40,105.802
12/23/2025 23:42:15,2.41,105.785
12/23/2025 23:52:15,2.41,105.780
12/24/2025 00:02:15,2.42,105.759
12/24/2025 00:12:15,2.42,105.754
12/24/2025 00:22:15,2.42,105.737
12/24/2025 00:32:15,2.42,105.737
12/24/2025 00:42:15,2.43,105.741
12/24/2025 00:52:15,2.43,105.728
12/24/2025 01:02:15,2.43,105.702
12/24/2025 01:12:15,2.44,105.685
12/24/2025 01:22:15,2.44,105.689
12/24/2025 01:32:15,2.44,105.676
12/24/2025 01:42:15,2.43,105.684
12/24/2025 01:52:15,2.43,105.676
12/24/2025 02:02:15,2.43,105.702
12/24/2025 02:12:15,2.42,105.684
12/24/2025 02:22:15,2.42,105.675
12/24/2025 02:32:15,2.42,105.649
12/24/2025 02:42:15,2.41,105.631
12/24/2025 02:52:15,2.40,105.657
12/24/2025 03:02:15,2.39,105.630
12/24/2025 03:12:15,2.38,105.595
12/24/2025 03:22:15,2.37,105.586
12/24/2025 03:32:15,2.37,105.594
12/24/2025 03:42:15,2.37,105.608
12/24/2025 03:52:15,2.37,105.612
12/24/2025 04:02:15,2.36,105.625
12/24/2025 04:12:15,2.36,105.607
12/24/2025 04:22:15,2.36,105.598
12/24/2025 04:32:15,2.36,105.616
12/24/2025 04:42:15,2.36,105.625
12/24/2025 04:52:15,2.36,105.629
12/24/2025 05:02:15,2.35,105.642
12/24/2025 05:12:15,2.35,105.646
12/24/2025 05:22:15,2.35,105.668
12/24/2025 05:32:15,2.34,105.677
12/24/2025 05:42:15,2.33,105.707
12/24/2025 05:52:15,2.32,105.738
12/24/2025 06:02:15,2.31,105.728
12/24/2025 06:12:15,2.30,105.754
12/24/2025 06:22:15,2.29,105.780
12/24/2025 06:32:15,2.28,105.806
12/24/2025 06:42:15,2.28,105.802
12/24/2025 06:52:15,2.27,105.810
12/24/2025 07:02:15,2.26,105.828
12/24/2025 07:12:15,2.26,105.836
12/24/2025 07:22:15,2.25,105.876
12/24/2025 07:32:15,2.25,105.897
12/24/2025 07:42:15,2.25,105.937
12/24/2025 07:52:15,2.25,105.950
12/24/2025 08:02:15,2.26,105.959
12/24/2025 08:12:15,2.26,105.999
12/24/2025 08:22:15,2.27,106.039
12/24/2025 08:32:15,2.28,106.061
12/24/2025 08:42:15,2.29,106.110
12/24/2025 08:52:15,2.31,106.141
12/24/2025 09:02:15,2.32,106.159
12/24/2025 09:12:15,2.34,106.182
12/24/2025 09:22:15,2.36,106.231
12/24/2025 09:32:15,2.38,106.262
12/24/2025 09:42:15,2.41,106.268
12/24/2025 09:52:15,2.44,106.304
12/24/2025 10:02:15,2.47,106.327
12/24/2025 10:12:15,2.49,106.336
12/24/2025 10:22:15,2.51,106.363
12/24/2025 10:32:15,2.53,106.382
12/24/2025 10:42:15,2.55,106.422
12/24/2025 10:52:15,2.56,106.435
12/24/2025 11:02:15,2.57,106.440
12/24/2025 11:12:15,2.59,106.458
12/24/2025 11:22:15,2.60,106.468
12/24/2025 11:32:15,2.62,106.442
12/24/2025 11:42:15,2.63,106.482
12/24/2025 11:52:15,2.65,106.487
12/24/2025 12:02:15,2.67,106.488
12/24/2025 12:12:15,2.69,106.510
12/24/2025 12:22:15,2.71,106.515
12/24/2025 12:32:15,2.73,106.538
12/24/2025 12:42:15,2.75,106.570
12/24/2025 12:52:15,2.77,106.588
12/24/2025 13:02:15,2.78,106.623
12/24/2025 13:12:15,2.79,106.633
12/24/2025 13:22:15,2.81,106.664
12/24/2025 13:32:15,2.82,106.664
12/24/2025 13:42:15,2.83,106.700
12/24/2025 13:52:15,2.83,106.713
12/24/2025 14:02:15,2.84,106.727
12/24/2025 14:12:15,2.85,106.762
12/24/2025 14:22:15,2.86,106.771
12/24/2025 14:32:15,2.86,106.806
12/24/2025 14:42:15,2.87,106.837
12/24/2025 14:52:15,2.86,106.872
12/24/2025 15:02:15,2.86,106.850
12/24/2025 15:12:15,2.85,106.885
12/24/2025 15:22:15,2.85,106.924
12/24/2025 15:32:15,2.84,106.915
12/24/2025 15:42:15,2.83,106.928
12/24/2025 15:52:15,2.82,106.959
12/24/2025 16:02:15,2.81,106.980
12/24/2025 16:12:15,2.80,106.993
12/24/2025 16:22:15,2.79,106.988
12/24/2025 16:32:15,2.78,107.045
12/24/2025 16:42:15,2.76,107.044
12/24/2025 16:52:15,2.74,107.048
12/24/2025 17:02:15,2.73,107.074
12/24/2025 17:12:15,2.71,107.073
12/24/2025 17:22:15,2.69,107.072
12/24/2025 17:32:15,2.67,107.098
12/24/2025 17:42:15,2.66,107.124
12/24/2025 17:52:15,2.65,107.119
12/24/2025 18:02:15,2.63,107.123
12/24/2025 18:12:15,2.62,107.109
12/24/2025 18:22:15,2.60,107.122
12/24/2025 18:32:15,2.59,107.143
12/24/2025 18:42:15,2.58,107.165
12/24/2025 18:52:15,2.56,107.208
12/24/2025 19:02:15,2.54,107.177
12/24/2025 19:12:15,2.53,107.176
12/24/2025 19:22:15,2.51,107.176
12/24/2025 19:32:15,2.50,107.245
12/24/2025 19:42:15,2.48,107.240
12/24/2025 19:52:15,2.46,107.227
12/24/2025 20:02:15,2.44,107.217
12/24/2025 20:12:15,2.42,107.177
12/24/2025 20:22:15,2.39,107.154
12/24/2025 20:32:15,2.37,107.157
12/24/2025 20:42:15,2.35,107.143
12/24/2025 20:52:15,2.32,107.142
12/24/2025 21:02:15,2.29,107.146
12/24/2025 21:12:15,2.27,107.202
12/24/2025 21:22:15,2.24,107.214
12/24/2025 21:32:15,2.21,107.195
12/24/2025 21:42:15,2.18,107.164
12/24/2025 21:52:15,2.15,107.145
12/24/2025 22:02:15,2.12,107.113
12/24/2025 22:12:15,2.09,107.077
12/24/2025 22:22:15,2.06,107.050
12/24/2025 22:32:15,2.03,107.000
12/24/2025 22:42:15,2.00,106.951
12/24/2025 22:52:15,1.97,106.914
12/24/2025 23:02:15,1.94,106.896
12/24/2025 23:12:15,1.91,106.921
12/24/2025 23:22:15,1.88,106.946
12/24/2025 23:32:15,1.85,106.959
12/24/2025 23:42:15,1.83,106.953
12/24/2025 23:52:15,1.80,106.979
12/25/2025 00:02:15,1.77,106.982
12/25/2025 00:12:15,1.74,106.963
12/25/2025 00:22:15,1.72,106.971
12/25/2025 00:32:15,1.69,106.970
12/25/2025 00:42:15,1.67,106.956
12/25/2025 00:52:15,1.65,106.956
12/25/2025 01:02:15,1.63,106.972
12/25/2025 01:12:15,1.61,106.950
12/25/2025 01:22:15,1.59,106.923
12/25/2025 01:32:15,1.57,106.900
12/25/2025 01:42:15,1.56,106.904
12/25/2025 01:52:15,1.54,106.868
12/25/2025 02:02:15,1.52,106.837
12/25/2025 02:12:15,1.50,106.805
12/25/2025 02:22:15,1.48,106.792
12/25/2025 02:32:15,1.47,106.787
12/25/2025 02:42:15,1.45,106.729
12/25/2025 02:52:15,1.44,106.680
12/25/2025 03:02:15,1.42,106.662
12/25/2025 03:12:15,1.41,106.640
12/25/2025 03:22:15,1.40,106.626
12/25/2025 03:32:15,1.39,106.591
12/25/2025 03:42:15,1.38,106.533
12/25/2025 03:52:15,1.36,106.537
12/25/2025 04:02:15,1.35,106.475
12/25/2025 04:12:15,1.34,106.466
12/25/2025 04:22:15,1.33,106.461
12/25/2025 04:32:15,1.32,106.439
12/25/2025 04:42:15,1.31,106.399
12/25/2025 04:52:15,1.30,106.421
12/25/2025 05:02:15,1.30,106.368
12/25/2025 05:12:15,1.29,106.408
12/25/2025 05:22:15,1.30,106.337
12/25/2025 05:32:15,1.30,106.280
12/25/2025 05:42:15,1.30,106.245
12/25/2025 05:52:15,1.29,106.236
12/25/2025 06:02:15,1.29,106.162
12/25/2025 06:12:15,1.29,106.100
12/25/2025 06:22:15,1.29,106.074
12/25/2025 06:32:15,1.29,106.008
12/25/2025 06:42:15,1.30,105.964
12/25/2025 06:52:15,1.30,105.934
12/25/2025 07:02:15,1.30,105.947
12/25/2025 07:12:15,1.31,105.925
12/25/2025 07:22:15,1.31,105.860
12/25/2025 07:32:15,1.32,105.842
12/25/2025 07:42:15,1.32,105.847
12/25/2025 07:52:15,1.32,105.834
12/25/2025 08:02:15,1.33,105.856
12/25/2025 08:12:15,1.33,105.825
12/25/2025 08:22:15,1.34,105.803
12/25/2025 08:32:15,1.34,105.830
12/25/2025 08:42:15,1.35,105.799
12/25/2025 08:52:15,1.36,105.782
12/25/2025 09:02:15,1.36,105.743
12/25/2025 09:12:15,1.38,105.752
12/25/2025 09:22:15,1.40,105.770
12/25/2025 09:32:15,1.41,105.762
12/25/2025 09:42:15,1.42,105.780
12/25/2025 09:52:15,1.44,105.746
12/25/2025 10:02:15,1.45,105.777
12/25/2025 10:12:15,1.47,105.764
12/25/2025 10:22:15,1.48,105.765
12/25/2025 10:32:15,1.50,105.713
12/25/2025 10:42:15,1.52,105.665
12/25/2025 10:52:15,1.54,105.613
12/25/2025 11:02:15,1.56,105.596
12/25/2025 11:12:15,1.58,105.545
12/25/2025 11:22:15,1.61,105.519
12/25/2025 11:32:15,1.63,105.489
12/25/2025 11:42:15,1.66,105.508
12/25/2025 11:52:15,1.69,105.460
12/25/2025 12:02:15,1.72,105.448
12/25/2025 12:12:15,1.76,105.406
12/25/2025 12:22:15,1.80,105.399
12/25/2025 12:32:15,1.85,105.391
12/25/2025 12:42:15,1.88,105.406
12/25/2025 12:52:15,1.92,105.359
12/25/2025 13:02:15,1.96,105.352
12/25/2025 13:12:15,2.01,105.349
12/25/2025 13:22:15,2.05,105.337
12/25/2025 13:32:15,2.09,105.360
12/25/2025 13:42:15,2.12,105.344
12/25/2025 13:52:15,2.14,105.354
12/25/2025 14:02:15,2.16,105.368
12/25/2025 14:12:15,2.18,105.381
12/25/2025 14:22:15,2.20,105.422
12/25/2025 14:32:15,2.22,105.435
12/25/2025 14:42:15,2.23,105.484
12/25/2025 14:52:15,2.24,105.524
12/25/2025 15:02:15,2.25,105.542
12/25/2025 15:12:15,2.26,105.577
12/25/2025 15:22:15,2.26,105.626
12/25/2025 15:32:15,2.27,105.617
12/25/2025 15:42:15,2.27,105.670
12/25/2025 15:52:15,2.27,105.714
12/25/2025 16:02:15,2.26,105.762
12/25/2025 16:12:15,2.26,105.793
12/25/2025 16:22:15,2.26,105.814
12/25/2025 16:32:15,2.26,105.841
12/25/2025 16:42:15,2.26,105.845
12/25/2025 16:52:15,2.26,105.880
12/25/2025 17:02:15,2.25,105.919
12/25/2025 17:12:15,2.24,105.928
12/25/2025 17:22:15,2.23,105.932
12/25/2025 17:32:15,2.22,105.945
12/25/2025 17:42:15,2.20,105.957
12/25/2025 17:52:15,2.19,105.992
12/25/2025 18:02:15,2.17,106.005
12/25/2025 18:12:15,2.16,106.043
12/25/2025 18:22:15,2.14,106.060
12/25/2025 18:32:15,2.13,106.082
12/25/2025 18:42:15,2.11,106.081
12/25/2025 18:52:15,2.10,106.116
12/25/2025 19:02:15,2.08,106.159
12/25/2025 19:12:15,2.06,106.194
12/25/2025 19:22:15,2.04,106.202
12/25/2025 19:32:15,2.02,106.232
12/25/2025 19:42:15,2.00,106.266
12/25/2025 19:52:15,1.98,106.279
12/25/2025 20:02:15,1.96,106.273
12/25/2025 20:12:15,1.94,106.295
12/25/2025 20:22:15,1.92,106.312
12/25/2025 20:32:15,1.90,106.315
12/25/2025 20:42:15,1.88,106.336
12/25/2025 20:52:15,1.86,106.344
12/25/2025 21:02:15,1.83,106.361
12/25/2025 21:12:15,1.80,106.364
12/25/2025 21:22:15,1.77,106.381
12/25/2025 21:32:15,1.74,106.393
12/25/2025 21:42:15,1.70,106.391
12/25/2025 21:52:15,1.67,106.395
12/25/2025 22:02:15,1.64,106.402
12/25/2025 22:12:15,1.60,106.414
12/25/2025 22:22:15,1.57,106.417
12/25/2025 22:32:15,1.53,106.434
12/25/2025 22:42:15,1.50,106.432
12/25/2025 22:52:15,1.46,106.466
12/25/2025 23:02:15,1.42,106.478
12/25/2025 23:12:15,1.39,106.477
12/25/2025 23:22:15,1.35,106.480
12/25/2025 23:32:15,1.31,106.474
12/25/2025 23:42:15,1.27,106.481
12/25/2025 23:52:15,1.23,106.497
12/26/2025 00:02:15,1.19,106.509
12/26/2025 00:12:15,1.16,106.521
12/26/2025 00:22:15,1.12,106.533
12/26/2025 00:32:15,1.08,106.536
12/26/2025 00:42:15,1.04,106.561
12/26/2025 00:52:15,1.00,106.559
12/26/2025 01:02:15,0.96,106.558
12/26/2025 01:12:15,0.92,106.596
12/26/2025 01:22:15,0.88,106.612
12/26/2025 01:32:15,0.84,106.624
12/26/2025 01:42:15,0.80,106.648
12/26/2025 01:52:15,0.76,106.630
12/26/2025 02:02:15,0.72,106.624
12/26/2025 02:12:15,0.68,106.631
12/26/2025 02:22:15,0.65,106.656
12/26/2025 02:32:15,0.61,106.642
12/26/2025 02:42:15,0.57,106.640
12/26/2025 02:52:15,0.53,106.656
12/26/2025 03:02:15,0.49,106.629
12/26/2025 03:12:15,0.46,106.544
12/26/2025 03:22:15,0.42,106.446
12/26/2025 03:32:15,0.39,106.349
12/26/2025 03:42:15,0.36,106.269
12/26/2025 03:52:15,0.34,106.180
12/26/2025 04:02:15,0.33,106.105
12/26/2025 04:12:15,0.33,106.062
12/26/2025 04:22:15,0.34,106.035
12/26/2025 04:32:15,0.34,106.022
12/26/2025 04:42:15,0.35,106.040
12/26/2025 04:52:15,0.36,106.045
12/26/2025 05:02:15,0.37,106.050
12/26/2025 05:12:15,0.38,106.050
12/26/2025 05:22:15,0.39,106.050
12/26/2025 05:32:15,0.39,106.046
12/26/2025 05:42:15,0.39,106.068
12/26/2025 05:52:15,0.40,106.103
12/26/2025 06:02:15,0.41,106.104
12/26/2025 06:12:15,0.41,106.121
12/26/2025 06:22:15,0.42,106.113
12/26/2025 06:32:15,0.42,106.109
12/26/2025 06:42:15,0.42,106.091
12/26/2025 06:52:15,0.43,106.104
12/26/2025 07:02:15,0.43,106.074
12/26/2025 07:12:15,0.43,106.104
12/26/2025 07:22:15,0.42,106.117
12/26/2025 07:32:15,0.43,106.100
12/26/2025 07:42:15,0.43,106.109
12/26/2025 07:52:15,0.43,106.135
12/26/2025 08:02:15,0.44,106.109
12/26/2025 08:12:15,0.44,106.127
12/26/2025 08:22:15,0.44,106.136
12/26/2025 08:32:15,0.45,106.127
12/26/2025 08:42:15,0.45,106.167
12/26/2025 08:52:15,0.45,106.202
12/26/2025 09:02:15,0.46,106.237
12/26/2025 09:12:15,0.46,106.259
12/26/2025 09:22:15,0.47,106.277
12/26/2025 09:32:15,0.47,106.317
12/26/2025 09:42:15,0.48,106.352
12/26/2025 09:52:15,0.48,106.400
12/26/2025 10:02:15,0.48,106.413
12/26/2025 10:12:15,0.48,106.444
12/26/2025 10:22:15,0.48,106.483
12/26/2025 10:32:15,0.48,106.523
12/26/2025 10:42:15,0.48,106.567
12/26/2025 10:52:15,0.48,106.593
12/26/2025 11:02:15,0.48,106.637
12/26/2025 11:12:15,0.49,106.677
12/26/2025 11:22:15,0.49,106.712
12/26/2025 11:32:15,0.49,106.725
12/26/2025 11:42:15,0.49,106.729
12/26/2025 11:52:15,0.48,106.720
12/26/2025 12:02:15,0.47,106.707
12/26/2025 12:12:15,0.47,106.672
12/26/2025 12:22:15,0.47,106.628
12/26/2025 12:32:15,0.47,106.602
12/26/2025 12:42:15,0.48,106.571
12/26/2025 12:52:15,0.49,106.580
12/26/2025 13:02:15,0.50,106.572
12/26/2025 13:12:15,0.51,106.546
12/26/2025 13:22:15,0.51,106.520
12/26/2025 13:32:15,0.51,106.498
12/26/2025 13:42:15,0.51,106.533
12/26/2025 13:52:15,0.50,106.528
12/26/2025 14:02:15,0.50,106.484
12/26/2025 14:12:15,0.50,106.497
12/26/2025 14:22:15,0.50,106.467
12/26/2025 14:32:15,0.50,106.423
12/26/2025 14:42:15,0.50,106.383
12/26/2025 14:52:15,0.50,106.374
12/26/2025 15:02:15,0.49,106.361
12/26/2025 15:12:15,0.49,106.326
12/26/2025 15:22:15,0.49,106.291
12/26/2025 15:32:15,0.48,106.273
12/26/2025 15:42:15,0.48,106.260
12/26/2025 15:52:15,0.47,106.233
12/26/2025 16:02:15,0.47,106.242
12/26/2025 16:12:15,0.47,106.207
12/26/2025 16:22:15,0.47,106.189
12/26/2025 16:32:15,0.47,106.159
12/26/2025 16:42:15,0.47,106.145
12/26/2025 16:52:15,0.47,106.115
12/26/2025 17:02:15,0.47,106.088
12/26/2025 17:12:15,0.47,106.058
12/26/2025 17:22:15,0.47,106.071
12/26/2025 17:32:15,0.47,106.102
12/26/2025 17:42:15,0.47,106.123
12/26/2025 17:52:15,0.46,106.132
12/26/2025 18:02:15,0.46,106.128
12/26/2025 18:12:15,0.46,106.106
12/26/2025 18:22:15,0.46,106.040
12/26/2025 18:32:15,0.46,106.018
12/26/2025 18:42:15,0.47,105.996
12/26/2025 18:52:15,0.47,105.983
12/26/2025 19:02:15,0.47,105.966
12/26/2025 19:12:15,0.47,105.935
12/26/2025 19:22:15,0.47,105.913
12/26/2025 19:32:15,0.47,105.930
12/26/2025 19:42:15,0.46,105.939
12/26/2025 19:52:15,0.46,105.961
12/26/2025 20:02:15,0.46,105.961
12/26/2025 20:12:15,0.46,105.943
12/26/2025 20:22:15,0.46,105.952
12/26/2025 20:32:15,0.46,105.983
12/26/2025 20:42:15,0.45,105.996
12/26/2025 20:52:15,0.43,106.034
12/26/2025 21:02:15,0.40,106.051
12/26/2025 21:12:15,0.36,106.023
12/26/2025 21:22:15,0.31,106.030
12/26/2025 21:32:15,0.27,105.998
12/26/2025 21:42:15,0.23,105.979
12/26/2025 21:52:15,0.20,106.009
12/26/2025 22:02:15,0.18,106.030
12/26/2025 22:12:15,0.17,106.073
12/26/2025 22:22:15,0.17,106.135
12/26/2025 22:32:15,0.17,106.205
12/26/2025 22:42:15,0.17,106.253
12/26/2025 22:52:15,0.17,106.315
12/26/2025 23:02:15,0.17,106.337
12/26/2025 23:12:15,0.17,106.337
12/26/2025 23:22:15,0.17,106.341
12/26/2025 23:32:15,0.18,106.341
12/26/2025 23:42:15,0.18,106.341
12/26/2025 23:52:15,0.19,106.311
12/27/2025 00:02:15,0.20,106.285
12/27/2025 00:12:15,0.22,106.281
12/27/2025 00:22:15,0.23,106.242
12/27/2025 00:32:15,0.25,106.243
12/27/2025 00:42:15,0.26,106.217
12/27/2025 00:52:15,0.27,106.204
12/27/2025 01:02:15,0.27,106.187
12/27/2025 01:12:15,0.27,106.147
12/27/2025 01:22:15,0.27,106.125
12/27/2025 01:32:15,0.26,106.094
12/27/2025 01:42:15,0.25,106.085
12/27/2025 01:52:15,0.24,106.071
12/27/2025 02:02:15,0.23,106.062
12/27/2025 02:12:15,0.22,106.036
12/27/2025 02:22:15,0.23,106.027
12/27/2025 02:32:15,0.23,106.014
12/27/2025 02:42:15,0.24,106.010
12/27/2025 02:52:15,0.25,106.028
12/27/2025 03:02:15,0.26,106.028
12/27/2025 03:12:15,0.27,105.993
12/27/2025 03:22:15,0.28,105.976
12/27/2025 03:32:15,0.29,105.963
12/27/2025 03:42:15,0.30,105.942
12/27/2025 03:52:15,0.31,105.929
12/27/2025 04:02:15,0.32,105.947
12/27/2025 04:12:15,0.32,105.925
12/27/2025 04:22:15,0.32,105.938
12/27/2025 04:32:15,0.32,105.921
12/27/2025 04:42:15,0.33,105.930
12/27/2025 04:52:15,0.33,105.930
12/27/2025 05:02:15,0.33,105.943
12/27/2025 05:12:15,0.34,105.922
12/27/2025 05:22:15,0.35,105.922
12/27/2025 05:32:15,0.36,105.948
12/27/2025 05:42:15,0.36,105.966
12/27/2025 05:52:15,0.36,105.970
12/27/2025 06:02:15,0.36,105.988
12/27/2025 06:12:15,0.36,105.988
12/27/2025 06:22:15,0.36,105.997
12/27/2025 06:32:15,0.36,105.984
12/27/2025 06:42:15,0.36,106.010
12/27/2025 06:52:15,0.37,106.028
12/27/2025 07:02:15,0.37,106.028
12/27/2025 07:12:15,0.38,106.050
12/27/2025 07:22:15,0.38,106.081
12/27/2025 07:32:15,0.38,106.103
12/27/2025 07:42:15,0.38,106.125
12/27/2025 07:52:15,0.38,106.164
12/27/2025 08:02:15,0.38,106.199
12/27/2025 08:12:15,0.38,106.234
12/27/2025 08:22:15,0.39,106.252
12/27/2025 08:32:15,0.41,106.262
12/27/2025 08:42:15,0.42,106.288
12/27/2025 08:52:15,0.43,106.320
12/27/2025 09:02:15,0.45,106.333
12/27/2025 09:12:15,0.46,106.351
12/27/2025 09:22:15,0.46,106.365
12/27/2025 09:32:15,0.47,106.404
12/27/2025 09:42:15,0.48,106.418
12/27/2025 09:52:15,0.49,106.427
12/27/2025 10:02:15,0.51,106.410
12/27/2025 10:12:15,0.52,106.406
12/27/2025 10:22:15,0.54,106.433
12/27/2025 10:32:15,0.55,106.429
12/27/2025 10:42:15,0.56,106.416
12/27/2025 10:52:15,0.57,106.425
12/27/2025 11:02:15,0.57,106.412
12/27/2025 11:12:15,0.58,106.421
12/27/2025 11:22:15,0.59,106.422
12/27/2025 11:32:15,0.59,106.413
12/27/2025 11:42:15,0.60,106.413
12/27/2025 11:52:15,0.60,106.396
12/27/2025 12:02:15,0.60,106.400
12/27/2025 12:12:15,0.61,106.405
12/27/2025 12:22:15,0.61,106.383
12/27/2025 12:32:15,0.62,106.388
12/27/2025 12:42:15,0.62,106.383
12/27/2025 12:52:15,0.62,106.375
12/27/2025 13:02:15,0.62,106.388
12/27/2025 13:12:15,0.62,106.379
12/27/2025 13:22:15,0.63,106.383
12/27/2025 13:32:15,0.63,106.366
12/27/2025 13:42:15,0.63,106.357
12/27/2025 13:52:15,0.63,106.370
12/27/2025 14:02:15,0.63,106.344
12/27/2025 14:12:15,0.63,106.357
12/27/2025 14:22:15,0.63,106.331
12/27/2025 14:32:15,0.63,106.348
12/27/2025 14:42:15,0.62,106.331
12/27/2025 14:52:15,0.61,106.334
12/27/2025 15:02:15,0.59,106.338
12/27/2025 15:12:15,0.57,106.338
12/27/2025 15:22:15,0.56,106.342
12/27/2025 15:32:15,0.54,106.319
12/27/2025 15:42:15,0.53,106.345
12/27/2025 15:52:15,0.52,106.340
12/27/2025 16:02:15,0.51,106.349
12/27/2025 16:12:15,0.51,106.353
12/27/2025 16:22:15,0.50,106.357
12/27/2025 16:32:15,0.48,106.365
12/27/2025 16:42:15,0.46,106.360
12/27/2025 16:52:15,0.45,106.381
12/27/2025 17:02:15,0.43,106.403
12/27/2025 17:12:15,0.41,106.420
12/27/2025 17:22:15,0.40,106.428
12/27/2025 17:32:15,0.39,106.436
12/27/2025 17:42:15,0.37,106.444
12/27/2025 17:52:15,0.36,106.457
12/27/2025 18:02:15,0.35,106.448
12/27/2025 18:12:15,0.34,106.461
12/27/2025 18:22:15,0.33,106.465
12/27/2025 18:32:15,0.32,106.469
12/27/2025 18:42:15,0.31,106.486
12/27/2025 18:52:15,0.30,106.481
12/27/2025 19:02:15,0.29,106.477
12/27/2025 19:12:15,0.28,106.485
12/27/2025 19:22:15,0.27,106.494
12/27/2025 19:32:15,0.27,106.511
12/27/2025 19:42:15,0.26,106.515
12/27/2025 19:52:15,0.26,106.515
12/27/2025 20:02:15,0.25,106.524
12/27/2025 20:12:15,0.25,106.523
12/27/2025 20:22:15,0.24,106.527
12/27/2025 20:32:15,0.23,106.527
12/27/2025 20:42:15,0.23,106.514
12/27/2025 20:52:15,0.22,106.558
12/27/2025 21:02:15,0.22,106.540
12/27/2025 21:12:15,0.22,106.518
12/27/2025 21:22:15,0.22,106.509
12/27/2025 21:32:15,0.21,106.478
12/27/2025 21:42:15,0.22,106.443
12/27/2025 21:52:15,0.22,106.426
12/27/2025 22:02:15,0.22,106.417
12/27/2025 22:12:15,0.22,106.395
12/27/2025 22:22:15,0.22,106.360
12/27/2025 22:32:15,0.22,106.364
12/27/2025 22:42:15,0.22,106.351
12/27/2025 22:52:15,0.22,106.347
12/27/2025 23:02:15,0.22,106.334
12/27/2025 23:12:15,0.22,106.316
12/27/2025 23:22:15,0.22,106.312
12/27/2025 23:32:15,0.22,106.303
12/27/2025 23:42:15,0.23,106.303
12/27/2025 23:52:15,0.23,106.286
12/28/2025 00:02:15,0.22,106.286
12/28/2025 00:12:15,0.22,106.277
12/28/2025 00:22:15,0.22,106.242
12/28/2025 00:32:15,0.21,106.228
12/28/2025 00:42:15,0.21,106.237
12/28/2025 00:52:15,0.21,106.263
12/28/2025 01:02:15,0.21,106.250
12/28/2025 01:12:15,0.21,106.241
12/28/2025 01:22:15,0.21,106.233
12/28/2025 01:32:15,0.22,106.255
12/28/2025 01:42:15,0.22,106.242
12/28/2025 01:52:15,0.22,106.242
12/28/2025 02:02:15,0.21,106.224
12/28/2025 02:12:15,0.21,106.233
12/28/2025 02:22:15,0.21,106.241
12/28/2025 02:32:15,0.21,106.246
12/28/2025 02:42:15,0.21,106.241
12/28/2025 02:52:15,0.21,106.250
12/28/2025 03:02:15,0.21,106.228
12/28/2025 03:12:15,0.21,106.237
12/28/2025 03:22:15,0.22,106.250
12/28/2025 03:32:15,0.22,106.242
12/28/2025 03:42:15,0.22,106.259
12/28/2025 03:52:15,0.21,106.259
12/28/2025 04:02:15,0.21,106.241
12/28/2025 04:12:15,0.21,106.246
12/28/2025 04:22:15,0.21,106.232
12/28/2025 04:32:15,0.21,106.250
12/28/2025 04:42:15,0.20,106.276
12/28/2025 04:52:15,0.20,106.250
12/28/2025 05:02:15,0.20,106.272
12/28/2025 05:12:15,0.21,106.289
12/28/2025 05:22:15,0.21,106.294
12/28/2025 05:32:15,0.21,106.289
12/28/2025 05:42:15,0.21,106.316
12/28/2025 05:52:15,0.20,106.324
12/28/2025 06:02:15,0.20,106.333
12/28/2025 06:12:15,0.20,106.320
12/28/2025 06:22:15,0.20,106.333
12/28/2025 06:32:15,0.20,106.351
12/28/2025 06:42:15,0.20,106.359
12/28/2025 06:52:15,0.20,106.372
12/28/2025 07:02:15,0.20,106.355
12/28/2025 07:12:15,0.20,106.381
12/28/2025 07:22:15,0.20,106.381
12/28/2025 07:32:15,0.19,106.381
12/28/2025 07:42:15,0.19,106.398
12/28/2025 07:52:15,0.19,106.372
12/28/2025 08:02:15,0.19,106.350
12/28/2025 08:12:15,0.19,106.368
12/28/2025 08:22:15,0.19,106.368
12/28/2025 08:32:15,0.20,106.377
12/28/2025 08:42:15,0.22,106.382
12/28/2025 08:52:15,0.23,106.378
12/28/2025 09:02:15,0.24,106.387
12/28/2025 09:12:15,0.25,106.383
12/28/2025 09:22:15,0.26,106.388
12/28/2025 09:32:15,0.28,106.353
12/28/2025 09:42:15,0.29,106.332
12/28/2025 09:52:15,0.31,106.328
12/28/2025 10:02:15,0.32,106.311
12/28/2025 10:12:15,0.34,106.308
12/28/2025 10:22:15,0.37,106.291
12/28/2025 10:32:15,0.39,106.252
12/28/2025 10:42:15,0.41,106.244
12/28/2025 10:52:15,0.43,106.223
12/28/2025 11:02:15,0.45,106.202
12/28/2025 11:12:15,0.46,106.185
12/28/2025 11:22:15,0.49,106.155
12/28/2025 11:32:15,0.51,106.160
12/28/2025 11:42:15,0.53,106.143
12/28/2025 11:52:15,0.54,106.130
12/28/2025 12:02:15,0.56,106.135
12/28/2025 12:12:15,0.57,106.136
12/28/2025 12:22:15,0.59,106.119
12/28/2025 12:32:15,0.60,106.102
12/28/2025 12:42:15,0.61,106.084
12/28/2025 12:52:15,0.61,106.085
12/28/2025 13:02:15,0.61,106.063
12/28/2025 13:12:15,0.61,106.089
12/28/2025 13:22:15,0.61,106.107
12/28/2025 13:32:15,0.61,106.093
12/28/2025 13:42:15,0.61,106.089
12/28/2025 13:52:15,0.61,106.115
12/28/2025 14:02:15,0.61,106.120
12/28/2025 14:12:15,0.60,106.119
12/28/2025 14:22:15,0.60,106.110
12/28/2025 14:32:15,0.59,106.110
12/28/2025 14:42:15,0.58,106.127
12/28/2025 14:52:15,0.57,106.123
12/28/2025 15:02:15,0.56,106.101
12/28/2025 15:12:15,0.56,106.083
12/28/2025 15:22:15,0.55,106.065
12/28/2025 15:32:15,0.54,106.056
12/28/2025 15:42:15,0.54,106.029
12/28/2025 15:52:15,0.53,106.012
12/28/2025 16:02:15,0.52,105.989
12/28/2025 16:12:15,0.51,105.967
12/28/2025 16:22:15,0.50,105.940
12/28/2025 16:32:15,0.49,105.918
12/28/2025 16:42:15,0.48,105.922
12/28/2025 16:52:15,0.47,105.913
12/28/2025 17:02:15,0.47,105.922
12/28/2025 17:12:15,0.46,105.913
12/28/2025 17:22:15,0.46,105.943
12/28/2025 17:32:15,0.46,105.921
12/28/2025 17:42:15,0.46,105.948
12/28/2025 17:52:15,0.46,105.930
12/28/2025 18:02:15,0.46,105.934
12/28/2025 18:12:15,0.45,105.925
12/28/2025 18:22:15,0.45,105.899
12/28/2025 18:32:15,0.45,105.868
12/28/2025 18:42:15,0.45,105.859
12/28/2025 18:52:15,0.44,105.855
12/28/2025 19:02:15,0.44,105.820
12/28/2025 19:12:15,0.45,105.824
12/28/2025 19:22:15,0.45,105.802
12/28/2025 19:32:15,0.45,105.789
12/28/2025 19:42:15,0.45,105.750
12/28/2025 19:52:15,0.45,105.715
12/28/2025 20:02:15,0.45,105.710
12/28/2025 20:12:15,0.45,105.702
12/28/2025 20:22:15,0.45,105.666
12/28/2025 20:32:15,0.45,105.680
12/28/2025 20:42:15,0.45,105.675
12/28/2025 20:52:15,0.45,105.667
12/28/2025 21:02:15,0.45,105.645
12/28/2025 21:12:15,0.46,105.566
12/28/2025 21:22:15,0.47,105.483
12/28/2025 21:32:15,0.47,105.474
12/28/2025 21:42:15,0.47,105.452
12/28/2025 21:52:15,0.47,105.492
12/28/2025 22:02:15,0.48,105.448
12/28/2025 22:12:15,0.48,105.444
12/28/2025 22:22:15,0.49,105.453
12/28/2025 22:32:15,0.50,105.449
12/28/2025 22:42:15,0.51,105.388
12/28/2025 22:52:15,0.53,105.349
12/28/2025 23:02:15,0.54,105.345
12/28/2025 23:12:15,0.56,105.328
12/28/2025 23:22:15,0.58,105.324
12/28/2025 23:32:15,0.67,105.297
12/28/2025 23:42:15,0.75,105.300
12/28/2025 23:52:15,0.81,105.284
12/29/2025 00:02:15,0.85,105.251
12/29/2025 00:12:15,0.91,105.244
12/29/2025 00:22:15,1.06,105.245
12/29/2025 00:32:15,1.17,105.196
12/29/2025 00:42:15,1.24,105.212
12/29/2025 00:52:15,1.30,105.219
12/29/2025 01:02:15,1.36,105.216
12/29/2025 01:12:15,1.43,105.214
12/29/2025 01:22:15,1.47,105.198
12/29/2025 01:32:15,1.49,105.150
12/29/2025 01:42:15,1.47,105.150
12/29/2025 01:52:15,1.44,105.131
12/29/2025 02:02:15,1.41,105.082
12/29/2025 02:12:15,1.37,105.041
12/29/2025 02:22:15,1.33,105.048
12/29/2025 02:32:15,1.28,104.981
12/29/2025 02:42:15,1.22,104.961
12/29/2025 02:52:15,1.18,104.946
12/29/2025 03:02:15,1.13,104.936
12/29/2025 03:12:15,1.09,104.921
12/29/2025 03:22:15,1.06,104.894
12/29/2025 03:32:15,1.04,104.876
12/29/2025 03:42:15,1.03,104.871
12/29/2025 03:52:15,1.02,104.862
12/29/2025 04:02:15,1.01,104.822
12/29/2025 04:12:15,1.00,104.742
12/29/2025 04:22:15,1.00,104.747
12/29/2025 04:32:15,1.00,104.787
12/29/2025 04:42:15,1.01,104.730
12/29/2025 04:52:15,1.02,104.699
12/29/2025 05:02:15,1.03,104.700
12/29/2025 05:12:15,1.05,104.696
12/29/2025 05:22:15,1.07,104.679
12/29/2025 05:32:15,1.08,104.662
12/29/2025 05:42:15,1.08,104.644
12/29/2025 05:52:15,1.07,104.622
12/29/2025 06:02:15,1.07,104.583
12/29/2025 06:12:15,1.06,104.591
12/29/2025 06:22:15,1.06,104.556
12/29/2025 06:32:15,1.05,104.485
12/29/2025 06:42:15,1.05,104.428
12/29/2025 06:52:15,1.06,104.446
12/29/2025 07:02:15,1.10,104.557
12/29/2025 07:12:15,1.14,104.559
12/29/2025 07:22:15,1.17,104.468
12/29/2025 07:32:15,1.20,104.504
12/29/2025 07:42:15,1.23,104.553
12/29/2025 07:52:15,1.26,104.497
12/29/2025 08:02:15,1.29,104.507
12/29/2025 08:12:15,1.34,104.583
12/29/2025 08:22:15,1.38,104.567
12/29/2025 08:32:15,1.43,104.604
12/29/2025 08:42:15,1.46,104.574
12/29/2025 08:52:15,1.54,104.590
12/29/2025 09:02:15,1.63,104.602
12/29/2025 09:12:15,1.64,104.620
12/29/2025 09:22:15,1.64,104.695
12/29/2025 09:32:15,1.67,104.727
12/29/2025 09:42:15,1.70,104.736
12/29/2025 09:52:15,1.71,104.719
12/29/2025 10:02:15,1.69,104.684
12/29/2025 10:12:15,1.68,104.744
12/29/2025 10:22:15,1.67,104.801
12/29/2025 10:32:15,1.68,104.832
12/29/2025 10:42:15,1.70,104.807
12/29/2025 10:52:15,1.72,104.799
12/29/2025 11:02:15,1.75,104.734
12/29/2025 11:12:15,1.74,104.729
12/29/2025 11:22:15,1.73,104.781
12/29/2025 11:32:15,1.72,104.939
12/29/2025 11:42:15,1.73,105.014
12/29/2025 11:52:15,1.75,105.050
12/29/2025 12:02:15,1.78,105.091
12/29/2025 12:12:15,1.82,105.215
12/29/2025 12:22:15,1.84,105.233
12/29/2025 12:32:15,1.85,105.356
12/29/2025 12:42:15,1.86,105.497
12/29/2025 12:52:15,1.86,105.567
12/29/2025 13:02:15,1.86,105.620
12/29/2025 13:12:15,1.86,105.699
12/29/2025 13:22:15,1.85,105.773
12/29/2025 13:32:15,1.84,105.782
12/29/2025 13:42:15,1.82,105.825
12/29/2025 13:52:15,1.80,105.803
12/29/2025 14:02:15,1.78,105.797
12/29/2025 14:12:15,1.74,105.770
12/29/2025 14:22:15,1.70,105.777
12/29/2025 14:32:15,1.66,105.775
12/29/2025 14:42:15,1.61,105.761
12/29/2025 14:52:15,1.56,105.772
12/29/2025 15:02:15,1.51,105.797
12/29/2025 15:12:15,1.47,105.817
12/29/2025 15:22:15,1.42,105.789
12/29/2025 15:32:15,1.37,105.818
12/29/2025 15:42:15,1.32,105.803
12/29/2025 15:52:15,1.28,105.775
12/29/2025 16:02:15,1.24,105.839
12/29/2025 16:12:15,1.20,105.759
12/29/2025 16:22:15,1.16,105.652
12/29/2025 16:32:15,1.12,105.651
12/29/2025 16:42:15,1.09,105.720
12/29/2025 16:52:15,1.06,105.715
12/29/2025 17:02:15,1.04,105.753
12/29/2025 17:12:15,1.01,105.831
12/29/2025 17:22:15,0.99,105.936
12/29/2025 17:32:15,0.97,105.882
12/29/2025 17:42:15,0.94,105.803
12/29/2025 17:52:15,0.93,105.868
12/29/2025 18:02:15,0.93,105.960
12/29/2025 18:12:15,0.93,106.021
12/29/2025 18:22:15,0.95,106.062
12/29/2025 18:32:15,0.96,106.053
12/29/2025 18:42:15,0.96,106.040
12/29/2025 18:52:15,0.94,106.057
12/29/2025 19:02:15,0.91,106.065
12/29/2025 19:12:15,0.88,106.077
12/29/2025 19:22:15,0.85,106.128
12/29/2025 19:32:15,0.81,106.171
12/29/2025 19:42:15,0.78,106.192
12/29/2025 19:52:15,0.76,106.200
12/29/2025 20:02:15,0.73,106.243
12/29/2025 20:12:15,0.71,106.277
12/29/2025 20:22:15,0.69,106.329
12/29/2025 20:32:15,0.67,106.359
12/29/2025 20:42:15,0.65,106.397
12/29/2025 20:52:15,0.63,106.423
12/29/2025 21:02:15,0.61,106.453
12/29/2025 21:12:15,0.60,106.483
12/29/2025 21:22:15,0.58,106.544
12/29/2025 21:32:15,0.56,106.561
12/29/2025 21:42:15,0.55,106.596
12/29/2025 21:52:15,0.54,106.639
12/29/2025 22:02:15,0.52,106.647
12/29/2025 22:12:15,0.51,106.673
12/29/2025 22:22:15,0.50,106.695
12/29/2025 22:32:15,0.48,106.729
12/29/2025 22:42:15,0.47,106.755
12/29/2025 22:52:15,0.46,106.803
12/29/2025 23:02:15,0.45,106.846
12/29/2025 23:12:15,0.44,106.859
12/29/2025 23:22:15,0.42,106.872
12/29/2025 23:32:15,0.41,106.832
12/29/2025 23:42:15,0.41,106.827
12/29/2025 23:52:15,0.40,106.844
12/30/2025 00:02:15,0.39,106.849
12/30/2025 00:12:15,0.38,106.910
12/30/2025 00:22:15,0.37,106.887
12/30/2025 00:32:15,0.36,106.931
12/30/2025 00:42:15,0.35,106.931
12/30/2025 00:52:15,0.35,106.944
12/30/2025 01:02:15,0.34,106.983
12/30/2025 01:12:15,0.33,106.996
12/30/2025 01:22:15,0.33,107.004
12/30/2025 01:32:15,0.33,107.000
12/30/2025 01:42:15,0.32,106.965
12/30/2025 01:52:15,0.32,106.973
12/30/2025 02:02:15,0.31,106.977
12/30/2025 02:12:15,0.31,107.004
12/30/2025 02:22:15,0.30,106.995
12/30/2025 02:32:15,0.30,106.981
12/30/2025 02:42:15,0.29,106.999
12/30/2025 02:52:15,0.29,106.976
12/30/2025 03:02:15,0.28,106.972
12/30/2025 03:12:15,0.27,106.980
12/30/2025 03:22:15,0.27,106.950
12/30/2025 03:32:15,0.26,106.945
12/30/2025 03:42:15,0.26,106.936
12/30/2025 03:52:15,0.26,106.958
12/30/2025 04:02:15,0.25,106.962
12/30/2025 04:12:15,0.25,106.944
12/30/2025 04:22:15,0.24,106.905
12/30/2025 04:32:15,0.24,106.909
12/30/2025 04:42:15,0.23,106.909
12/30/2025 04:52:15,0.23,106.860
12/30/2025 05:02:15,0.23,106.838
12/30/2025 05:12:15,0.23,106.838
12/30/2025 05:22:15,0.23,106.821
12/30/2025 05:32:15,0.23,106.803
12/30/2025 05:42:15,0.23,106.768
12/30/2025 05:52:15,0.23,106.742
12/30/2025 06:02:15,0.23,106.707
12/30/2025 06:12:15,0.23,106.676
12/30/2025 06:22:15,0.23,106.685
12/30/2025 06:32:15,0.23,106.641
12/30/2025 06:42:15,0.23,106.623
12/30/2025 06:52:15,0.23,106.593
12/30/2025 07:02:15,0.23,106.562
12/30/2025 07:12:15,0.23,106.545
12/30/2025 07:22:15,0.23,106.545
12/30/2025 07:32:15,0.24,106.523
12/30/2025 07:42:15,0.24,106.519
12/30/2025 07:52:15,0.24,106.514
12/30/2025 08:02:15,0.24,106.514
12/30/2025 08:12:15,0.25,106.510
12/30/2025 08:22:15,0.25,106.510
12/30/2025 08:32:15,0.25,106.510
12/30/2025 08:42:15,0.26,106.511
12/30/2025 08:52:15,0.26,106.498
12/30/2025 09:02:15,0.27,106.507
12/30/2025 09:12:15,0.27,106.520
12/30/2025 09:22:15,0.27,106.559
12/30/2025 09:32:15,0.28,106.581
12/30/2025 09:42:15,0.29,106.595
12/30/2025 09:52:15,0.30,106.617
12/30/2025 10:02:15,0.31,106.635
12/30/2025 10:12:15,0.31,106.662
12/30/2025 10:22:15,0.32,106.675
12/30/2025 10:32:15,0.32,106.715
12/30/2025 10:42:15,0.32,106.772
12/30/2025 10:52:15,0.32,106.807
12/30/2025 11:02:15,0.31,106.828
12/30/2025 11:12:15,0.31,106.872
12/30/2025 11:22:15,0.30,106.863
12/30/2025 11:32:15,0.30,106.893
12/30/2025 11:42:15,0.29,106.907
12/30/2025 11:52:15,0.29,106.911
12/30/2025 12:02:15,0.29,106.915
12/30/2025 12:12:15,0.28,106.928
12/30/2025 12:22:15,0.28,106.932
12/30/2025 12:32:15,0.28,106.915
12/30/2025 12:42:15,0.28,106.906
12/30/2025 12:52:15,0.28,106.902
12/30/2025 13:02:15,0.28,106.919
12/30/2025 13:12:15,0.28,106.928
12/30/2025 13:22:15,0.28,106.932
12/30/2025 13:32:15,0.28,106.946
12/30/2025 13:42:15,0.28,106.946
12/30/2025 13:52:15,0.28,106.928
12/30/2025 14:02:15,0.28,106.928
12/30/2025 14:12:15,0.29,106.915
12/30/2025 14:22:15,0.29,106.889
12/30/2025 14:32:15,0.29,106.876
12/30/2025 14:42:15,0.29,106.854
12/30/2025 14:52:15,0.29,106.828
12/30/2025 15:02:15,0.30,106.819
12/30/2025 15:12:15,0.30,106.793
12/30/2025 15:22:15,0.30,106.806
12/30/2025 15:32:15,0.30,106.806
12/30/2025 15:42:15,0.30,106.815
12/30/2025 15:52:15,0.30,106.815
12/30/2025 16:02:15,0.30,106.806
12/30/2025 16:12:15,0.30,106.784
12/30/2025 16:22:15,0.30,106.775
12/30/2025 16:32:15,0.30,106.758
12/30/2025 16:42:15,0.30,106.749
12/30/2025 16:52:15,0.30,106.749
12/30/2025 17:02:15,0.30,106.723
12/30/2025 17:12:15,0.30,106.723
12/30/2025 17:22:15,0.30,106.692
12/30/2025 17:32:15,0.30,106.687
12/30/2025 17:42:15,0.30,106.696
12/30/2025 17:52:15,0.30,106.679
12/30/2025 18:02:15,0.29,106.670
12/30/2025 18:12:15,0.29,106.648
12/30/2025 18:22:15,0.29,106.630
12/30/2025 18:32:15,0.29,106.595
12/30/2025 18:42:15,0.28,106.608
12/30/2025 18:52:15,0.28,106.590
12/30/2025 19:02:15,0.28,106.577
12/30/2025 19:12:15,0.28,106.555
12/30/2025 19:22:15,0.28,106.564
12/30/2025 19:32:15,0.27,106.529
12/30/2025 19:42:15,0.27,106.537
12/30/2025 19:52:15,0.27,106.524
12/30/2025 20:02:15,0.26,106.520
12/30/2025 20:12:15,0.26,106.515
12/30/2025 20:22:15,0.26,106.497
12/30/2025 20:32:15,0.25,106.471
12/30/2025 20:42:15,0.25,106.462
12/30/2025 20:52:15,0.24,106.431
12/30/2025 21:02:15,0.24,106.418
12/30/2025 21:12:15,0.24,106.383
12/30/2025 21:22:15,0.24,106.383
12/30/2025 21:32:15,0.24,106.370
12/30/2025 21:42:15,0.24,106.374
12/30/2025 21:52:15,0.25,106.352
12/30/2025 22:02:15,0.25,106.335
12/30/2025 22:12:15,0.25,106.339
12/30/2025 22:22:15,0.25,106.374
12/30/2025 22:32:15,0.25,106.383
12/30/2025 22:42:15,0.25,106.383
12/30/2025 22:52:15,0.25,106.361
12/30/2025 23:02:15,0.25,106.348
12/30/2025 23:12:15,0.25,106.357
12/30/2025 23:22:15,0.25,106.361
12/30/2025 23:32:15,0.25,106.361
12/30/2025 23:42:15,0.25,106.374
12/30/2025 23:52:15,0.25,106.366
12/31/2025 00:02:15,0.25,106.361
12/31/2025 00:12:15,0.25,106.366
12/31/2025 00:22:15,0.25,106.361
12/31/2025 00:32:15,0.25,106.357
12/31/2025 00:42:15,0.25,106.361
12/31/2025 00:52:15,0.25,106.353
12/31/2025 01:02:15,0.25,106.361
12/31/2025 01:12:15,0.25,106.370
12/31/2025 01:22:15,0.26,106.353
12/31/2025 01:32:15,0.26,106.366
12/31/2025 01:42:15,0.26,106.370
12/31/2025 01:52:15,0.26,106.370
12/31/2025 02:02:15,0.26,106.370
12/31/2025 02:12:15,0.26,106.362
12/31/2025 02:22:15,0.27,106.362
12/31/2025 02:32:15,0.27,106.379
12/31/2025 02:42:15,0.27,106.362
12/31/2025 02:52:15,0.27,106.357
12/31/2025 03:02:15,0.27,106.357
12/31/2025 03:12:15,0.27,106.349
12/31/2025 03:22:15,0.27,106.371
12/31/2025 03:32:15,0.27,106.362
12/31/2025 03:42:15,0.27,106.366
12/31/2025 03:52:15,0.27,106.344
12/31/2025 04:02:15,0.27,106.353
12/31/2025 04:12:15,0.27,106.362
12/31/2025 04:22:15,0.27,106.353
12/31/2025 04:32:15,0.27,106.358
12/31/2025 04:42:15,0.27,106.371
12/31/2025 04:52:15,0.28,106.353
12/31/2025 05:02:15,0.28,106.358
12/31/2025 05:12:15,0.28,106.367
12/31/2025 05:22:15,0.28,106.345
12/31/2025 05:32:15,0.28,106.332
12/31/2025 05:42:15,0.28,106.314
12/31/2025 05:52:15,0.28,106.314
12/31/2025 06:02:15,0.28,106.327
12/31/2025 06:12:15,0.28,106.336
12/31/2025 06:22:15,0.28,106.336
12/31/2025 06:32:15,0.27,106.340
12/31/2025 06:42:15,0.27,106.349
12/31/2025 06:52:15,0.27,106.366
12/31/2025 07:02:15,0.26,106.370
12/31/2025 07:12:15,0.26,106.383
12/31/2025 07:22:15,0.26,106.388
12/31/2025 07:32:15,0.26,106.392
12/31/2025 07:42:15,0.25,106.392
12/31/2025 07:52:15,0.25,106.392
12/31/2025 08:02:15,0.25,106.392
12/31/2025 08:12:15,0.25,106.401
12/31/2025 08:22:15,0.25,106.418
12/31/2025 08:32:15,0.25,106.418
12/31/2025 08:42:15,0.26,106.423
12/31/2025 08:52:15,0.26,106.414
12/31/2025 09:02:15,0.27,106.428
12/31/2025 09:12:15,0.27,106.419
12/31/2025 09:22:15,0.28,106.419
12/31/2025 09:32:15,0.29,106.402
12/31/2025 09:42:15,0.30,106.385
12/31/2025 09:52:15,0.31,106.381
12/31/2025 10:02:15,0.32,106.390
12/31/2025 10:12:15,0.33,106.390
12/31/2025 10:22:15,0.35,106.378
12/31/2025 10:32:15,0.36,106.365
12/31/2025 10:42:15,0.37,106.322
12/31/2025 10:52:15,0.39,106.314
12/31/2025 11:02:15,0.41,106.292
12/31/2025 11:12:15,0.43,106.289
12/31/2025 11:22:15,0.45,106.267
12/31/2025 11:32:15,0.46,106.277
12/31/2025 11:42:15,0.48,106.273
12/31/2025 11:52:15,0.50,106.274
12/31/2025 12:02:15,0.51,106.274
12/31/2025 12:12:15,0.53,106.266
12/31/2025 12:22:15,0.55,106.249
12/31/2025 12:32:15,0.56,106.263
12/31/2025 12:42:15,0.58,106.250
12/31/2025 12:52:15,0.59,106.229
12/31/2025 13:02:15,0.61,106.220
12/31/2025 13:12:15,0.62,106.208
12/31/2025 13:22:15,0.63,106.217
12/31/2025 13:32:15,0.63,106.204
12/31/2025 13:42:15,0.64,106.209
12/31/2025 13:52:15,0.65,106.196
12/31/2025 14:02:15,0.67,106.179
12/31/2025 14:12:15,0.68,106.157
12/31/2025 14:22:15,0.69,106.158
12/31/2025 14:32:15,0.70,106.149
12/31/2025 14:42:15,0.71,106.136
12/31/2025 14:52:15,0.71,106.132
12/31/2025 15:02:15,0.72,106.128
12/31/2025 15:12:15,0.72,106.119
12/31/2025 15:22:15,0.72,106.111
12/31/2025 15:32:15,0.73,106.111
12/31/2025 15:42:15,0.73,106.111
12/31/2025 15:52:15,0.73,106.111
12/31/2025 16:02:15,0.73,106.115
12/31/2025 16:12:15,0.73,106.128
12/31/2025 16:22:15,0.74,106.142
12/31/2025 16:32:15,0.74,106.125
12/31/2025 16:42:15,0.75,106.116
12/31/2025 16:52:15,0.75,106.129
12/31/2025 17:02:15,0.75,106.125
12/31/2025 17:12:15,0.75,106.129
12/31/2025 17:22:15,0.75,106.120
12/31/2025 17:32:15,0.74,106.138
12/31/2025 17:42:15,0.74,106.159
12/31/2025 17:52:15,0.73,106.159
12/31/2025 18:02:15,0.73,106.163
12/31/2025 18:12:15,0.72,106.146
12/31/2025 18:22:15,0.71,106.150
12/31/2025 18:32:15,0.71,106.154
12/31/2025 18:42:15,0.70,106.162
12/31/2025 18:52:15,0.69,106.162
12/31/2025 19:02:15,0.68,106.131
12/31/2025 19:12:15,0.67,106.126
12/31/2025 19:22:15,0.66,106.117
12/31/2025 19:32:15,0.65,106.099
12/31/2025 19:42:15,0.63,106.090
12/31/2025 19:52:15,0.62,106.072
12/31/2025 20:02:15,0.61,106.063
12/31/2025 20:12:15,0.60,106.054
12/31/2025 20:22:15,0.59,106.058
12/31/2025 20:32:15,0.58,106.044
12/31/2025 20:42:15,0.57,106.053
12/31/2025 20:52:15,0.56,106.039
12/31/2025 21:02:15,0.55,106.025
12/31/2025 21:12:15,0.54,106.012
12/31/2025 21:22:15,0.53,105.998
12/31/2025 21:32:15,0.52,105.972
12/31/2025 21:42:15,0.51,105.962
12/31/2025 21:52:15,0.50,105.940
12/31/2025 22:02:15,0.49,105.927
12/31/2025 22:12:15,0.48,105.900
12/31/2025 22:22:15,0.47,105.882
12/31/2025 22:32:15,0.46,105.864
12/31/2025 22:42:15,0.46,105.851
12/31/2025 22:52:15,0.45,105.833
12/31/2025 23:02:15,0.44,105.811
12/31/2025 23:12:15,0.44,105.798
12/31/2025 23:22:15,0.43,105.780
12/31/2025 23:32:15,0.43,105.749
12/31/2025 23:42:15,0.42,105.701
12/31/2025 23:52:15,0.42,105.679
01/01/2026 00:02:15,0.41,105.652
01/01/2026 00:12:15,0.41,105.608
01/01/2026 00:22:15,0.40,105.608
01/01/2026 00:32:15,0.40,105.586
01/01/2026 00:42:15,0.39,105.568
01/01/2026 00:52:15,0.38,105.554
01/01/2026 01:02:15,0.38,105.519
01/01/2026 01:12:15,0.37,105.514
01/01/2026 01:22:15,0.36,105.510
01/01/2026 01:32:15,0.35,105.496
01/01/2026 01:42:15,0.34,105.492
01/01/2026 01:52:15,0.34,105.465
01/01/2026 02:02:15,0.33,105.461
01/01/2026 02:12:15,0.33,105.443
01/01/2026 02:22:15,0.33,105.452
01/01/2026 02:32:15,0.33,105.439
01/01/2026 02:42:15,0.33,105.408
01/01/2026 02:52:15,0.33,105.395
01/01/2026 03:02:15,0.32,105.377
01/01/2026 03:12:15,0.32,105.359
01/01/2026 03:22:15,0.32,105.346
01/01/2026 03:32:15,0.32,105.337
01/01/2026 03:42:15,0.32,105.311
01/01/2026 03:52:15,0.32,105.293
01/01/2026 04:02:15,0.32,105.263
01/01/2026 04:12:15,0.33,105.250
01/01/2026 04:22:15,0.33,105.250
01/01/2026 04:32:15,0.34,105.237
01/01/2026 04:42:15,0.34,105.224
01/01/2026 04:52:15,0.35,105.229
01/01/2026 05:02:15,0.36,105.233
01/01/2026 05:12:15,0.36,105.203
01/01/2026 05:22:15,0.37,105.190
01/01/2026 05:32:15,0.37,105.194
01/01/2026 05:42:15,0.38,105.203
01/01/2026 05:52:15,0.39,105.195
01/01/2026 06:02:15,0.39,105.199
01/01/2026 06:12:15,0.40,105.274
01/01/2026 06:22:15,0.40,105.296
01/01/2026 06:32:15,0.40,105.296
01/01/2026 06:42:15,0.40,105.327
01/01/2026 06:52:15,0.40,105.345
01/01/2026 07:02:15,0.40,105.345
01/01/2026 07:12:15,0.40,105.384
01/01/2026 07:22:15,0.40,105.375
01/01/2026 07:32:15,0.40,105.380
01/01/2026 07:42:15,0.40,105.402
01/01/2026 07:52:15,0.40,105.410
01/01/2026 08:02:15,0.40,105.428
01/01/2026 08:12:15,0.40,105.446
01/01/2026 08:22:15,0.40,105.419
01/01/2026 08:32:15,0.41,105.441
01/01/2026 08:42:15,0.41,105.485
01/01/2026 08:52:15,0.41,105.507
01/01/2026 09:02:15,0.41,105.547
01/01/2026 09:12:15,0.41,105.578
01/01/2026 09:22:15,0.41,105.608
01/01/2026 09:32:15,0.41,105.573
01/01/2026 09:42:15,0.41,105.582
01/01/2026 09:52:15,0.41,105.595
01/01/2026 10:02:15,0.41,105.599
01/01/2026 10:12:15,0.41,105.612
01/01/2026 10:22:15,0.41,105.608
01/01/2026 10:32:15,0.41,105.599
01/01/2026 10:42:15,0.42,105.591
01/01/2026 10:52:15,0.43,105.618
01/01/2026 11:02:15,0.44,105.605
01/01/2026 11:12:15,0.46,105.583
01/01/2026 11:22:15,0.47,105.575
01/01/2026 11:32:15,0.48,105.597
01/01/2026 11:42:15,0.50,105.594
01/01/2026 11:52:15,0.52,105.616
01/01/2026 12:02:15,0.53,105.595
01/01/2026 12:12:15,0.55,105.609
01/01/2026 12:22:15,0.57,105.631
01/01/2026 12:32:15,0.58,105.623
01/01/2026 12:42:15,0.60,105.619
01/01/2026 12:52:15,0.61,105.615
01/01/2026 13:02:15,0.62,105.611
01/01/2026 13:12:15,0.62,105.629
01/01/2026 13:22:15,0.63,105.607
01/01/2026 13:32:15,0.63,105.638
01/01/2026 13:42:15,0.63,105.647
01/01/2026 13:52:15,0.63,105.655
01/01/2026 14:02:15,0.63,105.673
01/01/2026 14:12:15,0.62,105.668
01/01/2026 14:22:15,0.62,105.677
01/01/2026 14:32:15,0.62,105.699
01/01/2026 14:42:15,0.61,105.681
01/01/2026 14:52:15,0.60,105.729
01/01/2026 15:02:15,0.59,105.742
01/01/2026 15:12:15,0.57,105.754
01/01/2026 15:22:15,0.57,105.758
01/01/2026 15:32:15,0.55,105.771
01/01/2026 15:42:15,0.54,105.793
01/01/2026 15:52:15,0.52,105.814
01/01/2026 16:02:15,0.51,105.831
01/01/2026 16:12:15,0.49,105.844
01/01/2026 16:22:15,0.48,105.843
01/01/2026 16:32:15,0.46,105.864
01/01/2026 16:42:15,0.44,105.886
01/01/2026 16:52:15,0.42,105.894
01/01/2026 17:02:15,0.40,105.906
01/01/2026 17:12:15,0.38,105.905
01/01/2026 17:22:15,0.36,105.922
01/01/2026 17:32:15,0.35,105.939
01/01/2026 17:42:15,0.33,105.908
01/01/2026 17:52:15,0.31,105.898
01/01/2026 18:02:15,0.30,105.885
01/01/2026 18:12:15,0.28,105.823
01/01/2026 18:22:15,0.27,105.748
01/01/2026 18:32:15,0.26,105.647
01/01/2026 18:42:15,0.25,105.558
01/01/2026 18:52:15,0.24,105.475
01/01/2026 19:02:15,0.24,105.387
01/01/2026 19:12:15,0.24,105.308
01/01/2026 19:22:15,0.25,105.238
01/01/2026 19:32:15,0.26,105.173
01/01/2026 19:42:15,0.27,105.121
01/01/2026 19:52:15,0.28,105.073
01/01/2026 20:02:15,0.30,105.047
01/01/2026 20:12:15,0.31,105.021
01/01/2026 20:22:15,0.32,104.986
01/01/2026 20:32:15,0.33,105.004
01/01/2026 20:42:15,0.34,105.013
01/01/2026 20:52:15,0.35,105.023
01/01/2026 21:02:15,0.36,105.067
01/01/2026 21:12:15,0.37,105.076
01/01/2026 21:22:15,0.38,105.102
01/01/2026 21:32:15,0.38,105.107
01/01/2026 21:42:15,0.39,105.120
01/01/2026 21:52:15,0.39,105.151
01/01/2026 22:02:15,0.39,105.169
01/01/2026 22:12:15,0.39,105.190
01/01/2026 22:22:15,0.39,105.204
01/01/2026 22:32:15,0.38,105.234
01/01/2026 22:42:15,0.38,105.269
01/01/2026 22:52:15,0.38,105.282
01/01/2026 23:02:15,0.38,105.282
01/01/2026 23:12:15,0.37,105.278
01/01/2026 23:22:15,0.37,105.278
01/01/2026 23:32:15,0.37,105.278
01/01/2026 23:42:15,0.37,105.247
01/01/2026 23:52:15,0.37,105.247
01/02/2026 00:02:15,0.37,105.234
01/02/2026 00:12:15,0.38,105.221
01/02/2026 00:22:15,0.38,105.208
01/02/2026 00:32:15,0.39,105.199
01/02/2026 00:42:15,0.39,105.208
01/02/2026 00:52:15,0.40,105.213
01/02/2026 01:02:15,0.40,105.200
01/02/2026 01:12:15,0.40,105.200
01/02/2026 01:22:15,0.40,105.195
01/02/2026 01:32:15,0.40,105.195
01/02/2026 01:42:15,0.40,105.186
01/02/2026 01:52:15,0.39,105.221
01/02/2026 02:02:15,0.39,105.208
01/02/2026 02:12:15,0.39,105.235
01/02/2026 02:22:15,0.40,105.248
01/02/2026 02:32:15,0.40,105.239
01/02/2026 02:42:15,0.40,105.248
01/02/2026 02:52:15,0.39,105.261
01/02/2026 03:02:15,0.38,105.282
01/02/2026 03:12:15,0.37,105.291
01/02/2026 03:22:15,0.36,105.295
01/02/2026 03:32:15,0.35,105.295
01/02/2026 03:42:15,0.34,105.299
01/02/2026 03:52:15,0.33,105.285
01/02/2026 04:02:15,0.33,105.263
01/02/2026 04:12:15,0.32,105.272
01/02/2026 04:22:15,0.32,105.276
01/02/2026 04:32:15,0.32,105.258
01/02/2026 04:42:15,0.32,105.236
01/02/2026 04:52:15,0.32,105.232
01/02/2026 05:02:15,0.32,105.223
01/02/2026 05:12:15,0.32,105.214
01/02/2026 05:22:15,0.32,105.201
01/02/2026 05:32:15,0.32,105.214
01/02/2026 05:42:15,0.32,105.214
01/02/2026 05:52:15,0.32,105.188
01/02/2026 06:02:15,0.32,105.201
01/02/2026 06:12:15,0.32,105.206
01/02/2026 06:22:15,0.32,105.215
01/02/2026 06:32:15,0.32,105.210
01/02/2026 06:42:15,0.32,105.215
01/02/2026 06:52:15,0.33,105.202
01/02/2026 07:02:15,0.33,105.206
01/02/2026 07:12:15,0.33,105.202
01/02/2026 07:22:15,0.33,105.180
01/02/2026 07:32:15,0.33,105.184
01/02/2026 07:42:15,0.34,105.193
01/02/2026 07:52:15,0.34,105.207
01/02/2026 08:02:15,0.35,105.207
01/02/2026 08:12:15,0.35,105.215
01/02/2026 08:22:15,0.35,105.216
01/02/2026 08:32:15,0.35,105.242
01/02/2026 08:42:15,0.36,105.242
01/02/2026 08:52:15,0.36,105.255
01/02/2026 09:02:15,0.36,105.286
01/02/2026 09:12:15,0.36,105.295
01/02/2026 09:22:15,0.36,105.286
01/02/2026 09:32:15,0.36,105.304
01/02/2026 09:42:15,0.37,105.317
01/02/2026 09:52:15,0.37,105.343
01/02/2026 10:02:15,0.37,105.370
01/02/2026 10:12:15,0.38,105.388
01/02/2026 10:22:15,0.39,105.414
01/02/2026 10:32:15,0.39,105.441
01/02/2026 10:42:15,0.40,105.441
01/02/2026 10:52:15,0.41,105.450
01/02/2026 11:02:15,0.42,105.468
01/02/2026 11:12:15,0.42,105.494
01/02/2026 11:22:15,0.42,105.508
01/02/2026 11:32:15,0.43,105.530
01/02/2026 11:42:15,0.44,105.539
01/02/2026 11:52:15,0.44,105.535
01/02/2026 12:02:15,0.45,105.574
01/02/2026 12:12:15,0.46,105.584
01/02/2026 12:22:15,0.47,105.593
01/02/2026 12:32:15,0.47,105.580
01/02/2026 12:42:15,0.47,105.566
01/02/2026 12:52:15,0.47,105.566
01/02/2026 13:02:15,0.47,105.558
01/02/2026 13:12:15,0.47,105.562
01/02/2026 13:22:15,0.46,105.562
01/02/2026 13:32:15,0.46,105.570
01/02/2026 13:42:15,0.45,105.570
01/02/2026 13:52:15,0.45,105.570
01/02/2026 14:02:15,0.44,105.587
01/02/2026 14:12:15,0.44,105.596
01/02/2026 14:22:15,0.44,105.613
01/02/2026 14:32:15,0.43,105.609
01/02/2026 14:42:15,0.42,105.635
01/02/2026 14:52:15,0.42,105.661
01/02/2026 15:02:15,0.41,105.674
01/02/2026 15:12:15,0.40,105.687
01/02/2026 15:22:15,0.39,105.686
01/02/2026 15:32:15,0.38,105.690
01/02/2026 15:42:15,0.37,105.703
01/02/2026 15:52:15,0.36,105.703
01/02/2026 16:02:15,0.36,105.694
01/02/2026 16:12:15,0.35,105.667
01/02/2026 16:22:15,0.35,105.667
01/02/2026 16:32:15,0.35,105.667
01/02/2026 16:42:15,0.35,105.645
01/02/2026 16:52:15,0.34,105.636
01/02/2026 17:02:15,0.34,105.632
01/02/2026 17:12:15,0.34,105.623
01/02/2026 17:22:15,0.33,105.623
01/02/2026 17:32:15,0.33,105.610
01/02/2026 17:42:15,0.32,105.609
01/02/2026 17:52:15,0.32,105.596
01/02/2026 18:02:15,0.32,105.596
01/02/2026 18:12:15,0.31,105.609
01/02/2026 18:22:15,0.31,105.613
01/02/2026 18:32:15,0.31,105.609
01/02/2026 18:42:15,0.30,105.604
01/02/2026 18:52:15,0.30,105.631
01/02/2026 19:02:15,0.30,105.648
01/02/2026 19:12:15,0.30,105.648
01/02/2026 19:22:15,0.30,105.644
01/02/2026 19:32:15,0.30,105.657
01/02/2026 19:42:15,0.30,105.648
01/02/2026 19:52:15,0.30,105.661
01/02/2026 20:02:15,0.29,105.639
01/02/2026 20:12:15,0.29,105.657
01/02/2026 20:22:15,0.29,105.639
01/02/2026 20:32:15,0.29,105.639
01/02/2026 20:42:15,0.29,105.648
01/02/2026 20:52:15,0.29,105.634
01/02/2026 21:02:15,0.29,105.639
01/02/2026 21:12:15,0.29,105.648
01/02/2026 21:22:15,0.28,105.656
01/02/2026 21:32:15,0.28,105.661
01/02/2026 21:42:15,0.28,105.652
01/02/2026 21:52:15,0.28,105.643
01/02/2026 22:02:15,0.28,105.639
01/02/2026 22:12:15,0.28,105.652
01/02/2026 22:22:15,0.28,105.652
01/02/2026 22:32:15,0.29,105.661
01/02/2026 22:42:15,0.29,105.657
01/02/2026 22:52:15,0.29,105.665
01/02/2026 23:02:15,0.29,105.652
01/02/2026 23:12:15,0.30,105.652
01/02/2026 23:22:15,0.30,105.652
01/02/2026 23:32:15,0.30,105.648
01/02/2026 23:42:15,0.30,105.657
01/02/2026 23:52:15,0.30,105.657
01/03/2026 00:02:15,0.31,105.657
01/03/2026 00:12:15,0.31,105.657
01/03/2026 00:22:15,0.31,105.657
01/03/2026 00:32:15,0.31,105.635
01/03/2026 00:42:15,0.32,105.618
01/03/2026 00:52:15,0.32,105.618
01/03/2026 01:02:15,0.32,105.636
01/03/2026 01:12:15,0.32,105.649
01/03/2026 01:22:15,0.32,105.662
01/03/2026 01:32:15,0.32,105.653
01/03/2026 01:42:15,0.32,105.658
01/03/2026 01:52:15,0.33,105.636
01/03/2026 02:02:15,0.33,105.640
01/03/2026 02:12:15,0.33,105.649
01/03/2026 02:22:15,0.33,105.662
01/03/2026 02:32:15,0.33,105.662
01/03/2026 02:42:15,0.33,105.675
01/03/2026 02:52:15,0.33,105.662
01/03/2026 03:02:15,0.33,105.667
01/03/2026 03:12:15,0.33,105.653
01/03/2026 03:22:15,0.33,105.640
01/03/2026 03:32:15,0.34,105.636
01/03/2026 03:42:15,0.34,105.645
01/03/2026 03:52:15,0.35,105.636
01/03/2026 04:02:15,0.35,105.628
01/03/2026 04:12:15,0.35,105.619
01/03/2026 04:22:15,0.35,105.615
01/03/2026 04:32:15,0.35,105.624
01/03/2026 04:42:15,0.35,105.619
01/03/2026 04:52:15,0.35,105.619
01/03/2026 05:02:15,0.36,105.650
01/03/2026 05:12:15,0.36,105.650
01/03/2026 05:22:15,0.36,105.641
01/03/2026 05:32:15,0.36,105.637
01/03/2026 05:42:15,0.36,105.633
01/03/2026 05:52:15,0.36,105.655
01/03/2026 06:02:15,0.36,105.642
01/03/2026 06:12:15,0.36,105.655
01/03/2026 06:22:15,0.36,105.690
01/03/2026 06:32:15,0.37,105.694
01/03/2026 06:42:15,0.37,105.707
01/03/2026 06:52:15,0.37,105.712
01/03/2026 07:02:15,0.37,105.712
01/03/2026 07:12:15,0.37,105.734
01/03/2026 07:22:15,0.37,105.747
01/03/2026 07:32:15,0.36,105.760
01/03/2026 07:42:15,0.36,105.764
01/03/2026 07:52:15,0.35,105.764
01/03/2026 08:02:15,0.35,105.768
01/03/2026 08:12:15,0.35,105.781
01/03/2026 08:22:15,0.35,105.786
01/03/2026 08:32:15,0.35,105.794
01/03/2026 08:42:15,0.35,105.799
01/03/2026 08:52:15,0.36,105.817
01/03/2026 09:02:15,0.36,105.839
01/03/2026 09:12:15,0.36,105.856
01/03/2026 09:22:15,0.37,105.839
01/03/2026 09:32:15,0.37,105.852
01/03/2026 09:42:15,0.38,105.831
01/03/2026 09:52:15,0.39,105.835
01/03/2026 10:02:15,0.40,105.853
01/03/2026 10:12:15,0.41,105.845
01/03/2026 10:22:15,0.42,105.845
01/03/2026 10:32:15,0.44,105.828
01/03/2026 10:42:15,0.46,105.842
01/03/2026 10:52:15,0.47,105.856
01/03/2026 11:02:15,0.49,105.843
01/03/2026 11:12:15,0.51,105.853
01/03/2026 11:22:15,0.53,105.836
01/03/2026 11:32:15,0.55,105.837
01/03/2026 11:42:15,0.57,105.842
01/03/2026 11:52:15,0.60,105.839
01/03/2026 12:02:15,0.62,105.844
01/03/2026 12:12:15,0.64,105.827
01/03/2026 12:22:15,0.66,105.819
01/03/2026 12:32:15,0.67,105.806
01/03/2026 12:42:15,0.69,105.824
01/03/2026 12:52:15,0.70,105.829
01/03/2026 13:02:15,0.71,105.847
01/03/2026 13:12:15,0.71,105.829
01/03/2026 13:22:15,0.72,105.838
01/03/2026 13:32:15,0.72,105.834
01/03/2026 13:42:15,0.72,105.843
01/03/2026 13:52:15,0.72,105.860
01/03/2026 14:02:15,0.72,105.865
01/03/2026 14:12:15,0.71,105.895
01/03/2026 14:22:15,0.70,105.912
01/03/2026 14:32:15,0.68,105.934
01/03/2026 14:42:15,0.67,105.938
01/03/2026 14:52:15,0.66,105.937
01/03/2026 15:02:15,0.65,105.968
01/03/2026 15:12:15,0.64,105.981
01/03/2026 15:22:15,0.63,105.993
01/03/2026 15:32:15,0.62,105.993
01/03/2026 15:42:15,0.61,105.997
01/03/2026 15:52:15,0.60,106.010
01/03/2026 16:02:15,0.59,106.027
01/03/2026 16:12:15,0.57,106.044
01/03/2026 16:22:15,0.56,106.070
01/03/2026 16:32:15,0.55,106.069
01/03/2026 16:42:15,0.53,106.073
01/03/2026 16:52:15,0.52,106.112
01/03/2026 17:02:15,0.51,106.107
01/03/2026 17:12:15,0.50,106.116
01/03/2026 17:22:15,0.49,106.124
01/03/2026 17:32:15,0.48,106.133
01/03/2026 17:42:15,0.47,106.132
01/03/2026 17:52:15,0.47,106.136
01/03/2026 18:02:15,0.46,106.132
01/03/2026 18:12:15,0.46,106.158
01/03/2026 18:22:15,0.45,106.149
01/03/2026 18:32:15,0.45,106.149
01/03/2026 18:42:15,0.45,106.153
01/03/2026 18:52:15,0.44,106.158
01/03/2026 19:02:15,0.44,106.153
01/03/2026 19:12:15,0.44,106.153
01/03/2026 19:22:15,0.43,106.148
01/03/2026 19:32:15,0.43,106.161
01/03/2026 19:42:15,0.43,106.153
01/03/2026 19:52:15,0.43,106.157
01/03/2026 20:02:15,0.42,106.166
01/03/2026 20:12:15,0.42,106.144
01/03/2026 20:22:15,0.42,106.135
01/03/2026 20:32:15,0.42,106.144
01/03/2026 20:42:15,0.42,106.139
01/03/2026 20:52:15,0.42,106.139
01/03/2026 21:02:15,0.42,106.144
01/03/2026 21:12:15,0.42,106.143
01/03/2026 21:22:15,0.41,106.135
01/03/2026 21:32:15,0.41,106.135
01/03/2026 21:42:15,0.41,106.148
01/03/2026 21:52:15,0.41,106.139
01/03/2026 22:02:15,0.41,106.134
01/03/2026 22:12:15,0.41,106.139
01/03/2026 22:22:15,0.41,106.139
01/03/2026 22:32:15,0.41,106.130
01/03/2026 22:42:15,0.41,106.148
01/03/2026 22:52:15,0.41,106.143
01/03/2026 23:02:15,0.41,106.099
01/03/2026 23:12:15,0.41,106.117
01/03/2026 23:22:15,0.41,106.104
01/03/2026 23:32:15,0.40,106.099
01/03/2026 23:42:15,0.40,106.090
01/03/2026 23:52:15,0.41,106.082
01/04/2026 00:02:15,0.41,106.095
01/04/2026 00:12:15,0.41,106.091
01/04/2026 00:22:15,0.41,106.126
01/04/2026 00:32:15,0.41,106.112
01/04/2026 00:42:15,0.41,106.121
01/04/2026 00:52:15,0.41,106.121
01/04/2026 01:02:15,0.41,106.126
01/04/2026 01:12:15,0.41,106.099
01/04/2026 01:22:15,0.41,106.108
01/04/2026 01:32:15,0.41,106.117
01/04/2026 01:42:15,0.42,106.126
01/04/2026 01:52:15,0.42,106.126
01/04/2026 02:02:15,0.42,106.130
01/04/2026 02:12:15,0.42,106.144
01/04/2026 02:22:15,0.42,106.148
01/04/2026 02:32:15,0.42,106.148
01/04/2026 02:42:15,0.42,106.122
01/04/2026 02:52:15,0.43,106.131
01/04/2026 03:02:15,0.43,106.148
01/04/2026 03:12:15,0.43,106.131
01/04/2026 03:22:15,0.44,106.118
01/04/2026 03:32:15,0.44,106.122
01/04/2026 03:42:15,0.44,106.127
01/04/2026 03:52:15,0.44,106.114
01/04/2026 04:02:15,0.44,106.122
01/04/2026 04:12:15,0.44,106.127
01/04/2026 04:22:15,0.44,106.127
01/04/2026 04:32:15,0.44,106.118
01/04/2026 04:42:15,0.44,106.144
01/04/2026 04:52:15,0.44,106.158
01/04/2026 05:02:15,0.45,106.162
01/04/2026 05:12:15,0.45,106.184
01/04/2026 05:22:15,0.45,106.175
01/04/2026 05:32:15,0.45,106.202
01/04/2026 05:42:15,0.45,106.197
01/04/2026 05:52:15,0.45,106.206
01/04/2026 06:02:15,0.44,106.197
01/04/2026 06:12:15,0.44,106.206
01/04/2026 06:22:15,0.44,106.219
01/04/2026 06:32:15,0.44,106.228
01/04/2026 06:42:15,0.44,106.236
01/04/2026 06:52:15,0.43,106.223
01/04/2026 07:02:15,0.43,106.240
01/04/2026 07:12:15,0.43,106.236
01/04/2026 07:22:15,0.42,106.245
01/04/2026 07:32:15,0.42,106.244
01/04/2026 07:42:15,0.42,106.240
01/04/2026 07:52:15,0.41,106.236
01/04/2026 08:02:15,0.41,106.257
01/04/2026 08:12:15,0.42,106.266
01/04/2026 08:22:15,0.42,106.293
01/04/2026 08:32:15,0.42,106.288
01/04/2026 08:42:15,0.43,106.302
01/04/2026 08:52:15,0.43,106.306
01/04/2026 09:02:15,0.43,106.320
01/04/2026 09:12:15,0.44,106.337
01/04/2026 09:22:15,0.44,106.346
01/04/2026 09:32:15,0.45,106.355
01/04/2026 09:42:15,0.46,106.351
01/04/2026 09:52:15,0.47,106.356
01/04/2026 10:02:15,0.49,106.357
01/04/2026 10:12:15,0.50,106.361
01/04/2026 10:22:15,0.51,106.340
01/04/2026 10:32:15,0.53,106.336
01/04/2026 10:42:15,0.55,106.328
01/04/2026 10:52:15,0.58,106.320
01/04/2026 11:02:15,0.60,106.308
01/04/2026 11:12:15,0.62,106.296
01/04/2026 11:22:15,0.65,106.275
01/04/2026 11:32:15,0.68,106.263
01/04/2026 11:42:15,0.70,106.250
01/04/2026 11:52:15,0.72,106.229
01/04/2026 12:02:15,0.73,106.216
01/04/2026 12:12:15,0.74,106.199
01/04/2026 12:22:15,0.75,106.204
01/04/2026 12:32:15,0.76,106.186
01/04/2026 12:42:15,0.77,106.187
01/04/2026 12:52:15,0.78,106.174
01/04/2026 13:02:15,0.79,106.170
01/04/2026 13:12:15,0.80,106.170
01/04/2026 13:22:15,0.81,106.171
01/04/2026 13:32:15,0.82,106.162
01/04/2026 13:42:15,0.83,106.163
01/04/2026 13:52:15,0.84,106.167
01/04/2026 14:02:15,0.84,106.181
01/04/2026 14:12:15,0.84,106.181
01/04/2026 14:22:15,0.84,106.185
01/04/2026 14:32:15,0.85,106.203
01/04/2026 14:42:15,0.85,106.203
01/04/2026 14:52:15,0.85,106.220
01/04/2026 15:02:15,0.85,106.203
01/04/2026 15:12:15,0.85,106.229
01/04/2026 15:22:15,0.85,106.225
01/04/2026 15:32:15,0.84,106.233
01/04/2026 15:42:15,0.84,106.238
01/04/2026 15:52:15,0.84,106.255
01/04/2026 16:02:15,0.83,106.237
01/04/2026 16:12:15,0.82,106.259
01/04/2026 16:22:15,0.82,106.267
01/04/2026 16:32:15,0.81,106.289
01/04/2026 16:42:15,0.80,106.284
01/04/2026 16:52:15,0.80,106.302
01/04/2026 17:02:15,0.79,106.288
01/04/2026 17:12:15,0.78,106.288
01/04/2026 17:22:15,0.77,106.314
01/04/2026 17:32:15,0.77,106.323
01/04/2026 17:42:15,0.76,106.327
01/04/2026 17:52:15,0.75,106.313
01/04/2026 18:02:15,0.74,106.326
01/04/2026 18:12:15,0.74,106.352
01/04/2026 18:22:15,0.73,106.357
01/04/2026 18:32:15,0.73,106.374
01/04/2026 18:42:15,0.73,106.383
01/04/2026 18:52:15,0.72,106.387
01/04/2026 19:02:15,0.72,106.396
01/04/2026 19:12:15,0.71,106.387
01/04/2026 19:22:15,0.71,106.391
01/04/2026 19:32:15,0.70,106.386
01/04/2026 19:42:15,0.70,106.395
01/04/2026 19:52:15,0.69,106.399
01/04/2026 20:02:15,0.69,106.377
01/04/2026 20:12:15,0.69,106.408
01/04/2026 20:22:15,0.68,106.407
01/04/2026 20:32:15,0.68,106.425
01/04/2026 20:42:15,0.67,106.433
01/04/2026 20:52:15,0.66,106.433
01/04/2026 21:02:15,0.66,106.433
01/04/2026 21:12:15,0.65,106.424
01/04/2026 21:22:15,0.65,106.446
01/04/2026 21:32:15,0.64,106.463
01/04/2026 21:42:15,0.63,106.467
01/04/2026 21:52:15,0.63,106.480
01/04/2026 22:02:15,0.63,106.484
01/04/2026 22:12:15,0.62,106.497
01/04/2026 22:22:15,0.62,106.515
01/04/2026 22:32:15,0.61,106.501
01/04/2026 22:42:15,0.60,106.497
01/04/2026 22:52:15,0.60,106.514
01/04/2026 23:02:15,0.60,106.518
01/04/2026 23:12:15,0.59,106.544
01/04/2026 23:22:15,0.58,106.566
01/04/2026 23:32:15,0.58,106.562
01/04/2026 23:42:15,0.58,106.553
01/04/2026 23:52:15,0.57,106.579
01/05/2026 00:02:15,0.57,106.583
01/05/2026 00:12:15,0.56,106.574
01/05/2026 00:22:15,0.55,106.609
01/05/2026 00:32:15,0.54,106.622
01/05/2026 00:42:15,0.53,106.621
01/05/2026 00:52:15,0.52,106.647
01/05/2026 01:02:15,0.51,106.638
01/05/2026 01:12:15,0.50,106.642
01/05/2026 01:22:15,0.49,106.668
01/05/2026 01:32:15,0.48,106.668
01/05/2026 01:42:15,0.46,106.685
01/05/2026 01:52:15,0.45,106.689
01/05/2026 02:02:15,0.44,106.710
01/05/2026 02:12:15,0.42,106.705
01/05/2026 02:22:15,0.41,106.705
01/05/2026 02:32:15,0.40,106.691
01/05/2026 02:42:15,0.39,106.695
01/05/2026 02:52:15,0.37,106.721
01/05/2026 03:02:15,0.36,106.707
01/05/2026 03:12:15,0.35,106.716
01/05/2026 03:22:15,0.34,106.693
01/05/2026 03:32:15,0.33,106.680
01/05/2026 03:42:15,0.32,106.640
01/05/2026 03:52:15,0.31,106.587
01/05/2026 04:02:15,0.31,106.547
01/05/2026 04:12:15,0.30,106.517
01/05/2026 04:22:15,0.30,106.477
01/05/2026 04:32:15,0.30,106.442
01/05/2026 04:42:15,0.30,106.438
01/05/2026 04:52:15,0.31,106.420
01/05/2026 05:02:15,0.31,106.429
01/05/2026 05:12:15,0.31,106.425
01/05/2026 05:22:15,0.31,106.420
01/05/2026 05:32:15,0.32,106.407
01/05/2026 05:42:15,0.32,106.359
01/05/2026 05:52:15,0.32,106.338
01/05/2026 06:02:15,0.33,106.307
01/05/2026 06:12:15,0.34,106.294
01/05/2026 06:22:15,0.35,106.290
01/05/2026 06:32:15,0.36,106.290
01/05/2026 06:42:15,0.37,106.286
01/05/2026 06:52:15,0.37,106.273
01/05/2026 07:02:15,0.37,106.274
01/05/2026 07:12:15,0.38,106.287
01/05/2026 07:22:15,0.38,106.291
01/05/2026 07:32:15,0.38,106.287
01/05/2026 07:42:15,0.38,106.287
01/05/2026 07:52:15,0.39,106.327
01/05/2026 08:02:15,0.39,106.344
01/05/2026 08:12:15,0.40,106.358
01/05/2026 08:22:15,0.41,106.389
01/05/2026 08:32:15,0.43,106.429
01/05/2026 08:42:15,0.44,106.421
01/05/2026 08:52:15,0.46,106.435
01/05/2026 09:02:15,0.48,106.449
01/05/2026 09:12:15,0.51,106.436
01/05/2026 09:22:15,0.54,106.464
01/05/2026 09:32:15,0.55,106.486
01/05/2026 09:42:15,0.57,106.500
01/05/2026 09:52:15,0.58,106.531
01/05/2026 10:02:15,0.58,106.579
01/05/2026 10:12:15,0.59,106.615
01/05/2026 10:22:15,0.59,106.645
01/05/2026 10:32:15,0.59,106.672
01/05/2026 10:42:15,0.59,106.707
01/05/2026 10:52:15,0.59,106.737
01/05/2026 11:02:15,0.58,106.781
01/05/2026 11:12:15,0.58,106.825
01/05/2026 11:22:15,0.57,106.851
01/05/2026 11:32:15,0.56,106.899
01/05/2026 11:42:15,0.55,106.903
01/05/2026 11:52:15,0.54,106.946
01/05/2026 12:02:15,0.53,106.933
01/05/2026 12:12:15,0.52,106.937
01/05/2026 12:22:15,0.51,106.954
01/05/2026 12:32:15,0.51,106.967
01/05/2026 12:42:15,0.50,106.971
01/05/2026 12:52:15,0.49,106.988
01/05/2026 13:02:15,0.49,106.997
01/05/2026 13:12:15,0.48,106.997
01/05/2026 13:22:15,0.47,106.957
01/05/2026 13:32:15,0.47,106.922
01/05/2026 13:42:15,0.46,106.904
01/05/2026 13:52:15,0.46,106.886
01/05/2026 14:02:15,0.46,106.851
01/05/2026 14:12:15,0.47,106.808
01/05/2026 14:22:15,0.47,106.777
01/05/2026 14:32:15,0.48,106.760
01/05/2026 14:42:15,0.48,106.769
01/05/2026 14:52:15,0.49,106.756
01/05/2026 15:02:15,0.49,106.769
01/05/2026 15:12:15,0.48,106.773
01/05/2026 15:22:15,0.48,106.725
01/05/2026 15:32:15,0.47,106.676
01/05/2026 15:42:15,0.46,106.636
01/05/2026 15:52:15,0.44,106.631
01/05/2026 16:02:15,0.43,106.609
01/05/2026 16:12:15,0.42,106.582
01/05/2026 16:22:15,0.41,106.556
01/05/2026 16:32:15,0.41,106.538
01/05/2026 16:42:15,0.41,106.512
01/05/2026 16:52:15,0.41,106.512
01/05/2026 17:02:15,0.41,106.503
01/05/2026 17:12:15,0.41,106.459
01/05/2026 17:22:15,0.41,106.437
01/05/2026 17:32:15,0.41,106.459
01/05/2026 17:42:15,0.41,106.433
01/05/2026 17:52:15,0.41,106.402
01/05/2026 18:02:15,0.41,106.406
01/05/2026 18:12:15,0.41,106.371
01/05/2026 18:22:15,0.41,106.367
01/05/2026 18:32:15,0.41,106.363
01/05/2026 18:42:15,0.41,106.349
01/05/2026 18:52:15,0.42,106.332
01/05/2026 19:02:15,0.42,106.323
01/05/2026 19:12:15,0.42,106.324
01/05/2026 19:22:15,0.42,106.289
01/05/2026 19:32:15,0.43,106.275
01/05/2026 19:42:15,0.43,106.262
01/05/2026 19:52:15,0.43,106.267
01/05/2026 20:02:15,0.43,106.240
01/05/2026 20:12:15,0.43,106.236
01/05/2026 20:22:15,0.43,106.227
01/05/2026 20:32:15,0.43,106.205
01/05/2026 20:42:15,0.43,106.197
01/05/2026 20:52:15,0.43,106.205
01/05/2026 21:02:15,0.43,106.188
01/05/2026 21:12:15,0.43,106.197
01/05/2026 21:22:15,0.43,106.210
01/05/2026 21:32:15,0.43,106.227
01/05/2026 21:42:15,0.43,106.205
01/05/2026 21:52:15,0.43,106.214
01/05/2026 22:02:15,0.43,106.188
01/05/2026 22:12:15,0.43,106.188
01/05/2026 22:22:15,0.44,106.171
01/05/2026 22:32:15,0.44,106.166
01/05/2026 22:42:15,0.44,106.149
01/05/2026 22:52:15,0.44,106.144
01/05/2026 23:02:15,0.44,106.122
01/05/2026 23:12:15,0.44,106.096
01/05/2026 23:22:15,0.44,106.096
01/05/2026 23:32:15,0.45,106.070
01/05/2026 23:42:15,0.45,106.079
01/05/2026 23:52:15,0.45,106.061
01/06/2026 00:02:15,0.45,106.035
01/06/2026 00:12:15,0.45,106.039
01/06/2026 00:22:15,0.45,106.018
01/06/2026 00:32:15,0.45,106.022
01/06/2026 00:42:15,0.45,106.022
01/06/2026 00:52:15,0.45,106.031
01/06/2026 01:02:15,0.46,106.009
01/06/2026 01:12:15,0.46,106.005
01/06/2026 01:22:15,0.46,105.996
01/06/2026 01:32:15,0.46,106.005
01/06/2026 01:42:15,0.46,106.009
01/06/2026 01:52:15,0.46,106.027
01/06/2026 02:02:15,0.46,106.018
01/06/2026 02:12:15,0.47,106.009
01/06/2026 02:22:15,0.47,106.027
01/06/2026 02:32:15,0.47,106.027
01/06/2026 02:42:15,0.47,106.009
01/06/2026 02:52:15,0.47,105.996
01/06/2026 03:02:15,0.47,106.009
01/06/2026 03:12:15,0.47,106.001
01/06/2026 03:22:15,0.48,106.005
01/06/2026 03:32:15,0.48,106.001
01/06/2026 03:42:15,0.48,106.005
01/06/2026 03:52:15,0.48,106.010
01/06/2026 04:02:15,0.48,105.992
01/06/2026 04:12:15,0.48,105.997
01/06/2026 04:22:15,0.49,105.984
01/06/2026 04:32:15,0.49,105.984
01/06/2026 04:42:15,0.49,105.975
01/06/2026 04:52:15,0.49,105.975
01/06/2026 05:02:15,0.50,105.980
01/06/2026 05:12:15,0.50,105.984
01/06/2026 05:22:15,0.50,105.980
01/06/2026 05:32:15,0.50,105.989
01/06/2026 05:42:15,0.50,106.002
01/06/2026 05:52:15,0.50,106.002
01/06/2026 06:02:15,0.50,105.984
01/06/2026 06:12:15,0.50,105.967
01/06/2026 06:22:15,0.50,105.989
01/06/2026 06:32:15,0.50,105.997
01/06/2026 06:42:15,0.51,106.011
01/06/2026 06:52:15,0.51,106.020
01/06/2026 07:02:15,0.51,106.024
01/06/2026 07:12:15,0.51,106.033
01/06/2026 07:22:15,0.51,106.033
01/06/2026 07:32:15,0.51,106.042
01/06/2026 07:42:15,0.51,106.028
01/06/2026 07:52:15,0.51,106.028
01/06/2026 08:02:15,0.51,106.046
01/06/2026 08:12:15,0.51,106.077
01/06/2026 08:22:15,0.51,106.072
01/06/2026 08:32:15,0.51,106.059
01/06/2026 08:42:15,0.51,106.072
01/06/2026 08:52:15,0.51,106.064
01/06/2026 09:02:15,0.52,106.046
01/06/2026 09:12:15,0.52,106.073
01/06/2026 09:22:15,0.52,106.055
01/06/2026 09:32:15,0.52,106.055
01/06/2026 09:42:15,0.53,106.060
01/06/2026 09:52:15,0.54,106.056
01/06/2026 10:02:15,0.55,106.038
01/06/2026 10:12:15,0.56,106.048
01/06/2026 10:22:15,0.57,106.048
01/06/2026 10:32:15,0.59,106.040
01/06/2026 10:42:15,0.61,106.006
01/06/2026 10:52:15,0.63,106.041
01/06/2026 11:02:15,0.64,106.029
01/06/2026 11:12:15,0.66,105.964
01/06/2026 11:22:15,0.68,105.951
01/06/2026 11:32:15,0.70,105.956
01/06/2026 11:42:15,0.72,105.917
01/06/2026 11:52:15,0.74,105.874
01/06/2026 12:02:15,0.76,105.893
01/06/2026 12:12:15,0.78,105.889
01/06/2026 12:22:15,0.80,105.885
01/06/2026 12:32:15,0.81,105.881
01/06/2026 12:42:15,0.83,105.838
01/06/2026 12:52:15,0.85,105.799
01/06/2026 13:02:15,0.86,105.743
01/06/2026 13:12:15,0.88,105.721
01/06/2026 13:22:15,0.89,105.695
01/06/2026 13:32:15,0.90,105.691
01/06/2026 13:42:15,0.91,105.727
01/06/2026 13:52:15,0.92,105.758
01/06/2026 14:02:15,0.92,105.736
01/06/2026 14:12:15,0.93,105.728
01/06/2026 14:22:15,0.95,105.768
01/06/2026 14:32:15,0.96,105.790
01/06/2026 14:42:15,0.98,105.777
01/06/2026 14:52:15,1.00,105.747
01/06/2026 15:02:15,1.01,105.717
01/06/2026 15:12:15,1.03,105.709
01/06/2026 15:22:15,1.05,105.701
01/06/2026 15:32:15,1.06,105.653
01/06/2026 15:42:15,1.06,105.662
01/06/2026 15:52:15,1.06,105.675
01/06/2026 16:02:15,1.07,105.671
01/06/2026 16:12:15,1.07,105.645
01/06/2026 16:22:15,1.07,105.627
01/06/2026 16:32:15,1.08,105.623
01/06/2026 16:42:15,1.08,105.628
01/06/2026 16:52:15,1.09,105.628
01/06/2026 17:02:15,1.09,105.641
01/06/2026 17:12:15,1.09,105.654
01/06/2026 17:22:15,1.10,105.672
01/06/2026 17:32:15,1.10,105.659
01/06/2026 17:42:15,1.10,105.663
01/06/2026 17:52:15,1.10,105.650
01/06/2026 18:02:15,1.10,105.611
01/06/2026 18:12:15,1.10,105.619
01/06/2026 18:22:15,1.10,105.584
01/06/2026 18:32:15,1.10,105.602
01/06/2026 18:42:15,1.09,105.580
01/06/2026 18:52:15,1.08,105.606
01/06/2026 19:02:15,1.07,105.574
01/06/2026 19:12:15,1.05,105.578
01/06/2026 19:22:15,1.04,105.556
01/06/2026 19:32:15,1.03,105.569
01/06/2026 19:42:15,1.02,105.559
01/06/2026 19:52:15,1.01,105.537
01/06/2026 20:02:15,1.00,105.519
01/06/2026 20:12:15,0.99,105.506
01/06/2026 20:22:15,0.98,105.514
01/06/2026 20:32:15,0.98,105.492
01/06/2026 20:42:15,0.97,105.479
01/06/2026 20:52:15,0.96,105.487
01/06/2026 21:02:15,0.96,105.483
01/06/2026 21:12:15,0.96,105.474
01/06/2026 21:22:15,0.96,105.465
01/06/2026 21:32:15,0.96,105.435
01/06/2026 21:42:15,0.96,105.439
01/06/2026 21:52:15,0.96,105.426
01/06/2026 22:02:15,0.97,105.408
01/06/2026 22:12:15,0.97,105.400
01/06/2026 22:22:15,0.97,105.378
01/06/2026 22:32:15,0.98,105.369
01/06/2026 22:42:15,0.98,105.361
01/06/2026 22:52:15,0.98,105.365
01/06/2026 23:02:15,0.98,105.356
01/06/2026 23:12:15,0.98,105.330
01/06/2026 23:22:15,0.98,105.290
01/06/2026 23:32:15,0.97,105.251
01/06/2026 23:42:15,0.97,105.224
01/06/2026 23:52:15,0.96,105.211
01/07/2026 00:02:15,0.95,105.215
01/07/2026 00:12:15,0.95,105.193
01/07/2026 00:22:15,0.95,105.167
01/07/2026 00:32:15,0.95,105.149
01/07/2026 00:42:15,0.96,105.145
01/07/2026 00:52:15,0.96,105.149
01/07/2026 01:02:15,0.96,105.154
01/07/2026 01:12:15,0.96,105.145
01/07/2026 01:22:15,0.96,105.132
01/07/2026 01:32:15,0.96,105.105
01/07/2026 01:42:15,0.96,105.079
01/07/2026 01:52:15,0.96,105.070
01/07/2026 02:02:15,0.97,105.071
01/07/2026 02:12:15,0.97,105.058
01/07/2026 02:22:15,0.98,105.075
01/07/2026 02:32:15,0.98,105.075
01/07/2026 02:42:15,0.99,105.067
01/07/2026 02:52:15,0.99,105.054
01/07/2026 03:02:15,1.00,105.041
01/07/2026 03:12:15,1.01,105.011
01/07/2026 03:22:15,1.02,105.024
01/07/2026 03:32:15,1.03,105.011
01/07/2026 03:42:15,1.03,105.016
01/07/2026 03:52:15,1.04,104.972
01/07/2026 04:02:15,1.05,104.981
01/07/2026 04:12:15,1.05,104.968
01/07/2026 04:22:15,1.06,104.951
01/07/2026 04:32:15,1.06,104.947
01/07/2026 04:42:15,1.08,104.952
01/07/2026 04:52:15,1.12,104.971
01/07/2026 05:02:15,1.16,104.959
01/07/2026 05:12:15,1.19,104.956
01/07/2026 05:22:15,1.20,104.960
01/07/2026 05:32:15,1.23,104.966
01/07/2026 05:42:15,1.26,104.971
01/07/2026 05:52:15,1.28,104.946
01/07/2026 06:02:15,1.30,104.955
01/07/2026 06:12:15,1.31,104.969
01/07/2026 06:22:15,1.32,104.978
01/07/2026 06:32:15,1.32,104.960
01/07/2026 06:42:15,1.32,104.956
01/07/2026 06:52:15,1.32,104.969
01/07/2026 07:02:15,1.32,104.964
01/07/2026 07:12:15,1.30,104.955
01/07/2026 07:22:15,1.30,104.946
01/07/2026 07:32:15,1.29,104.937
01/07/2026 07:42:15,1.28,104.941
01/07/2026 07:52:15,1.27,104.950
01/07/2026 08:02:15,1.26,104.971
01/07/2026 08:12:15,1.26,104.976
01/07/2026 08:22:15,1.26,104.993
01/07/2026 08:32:15,1.25,105.019
01/07/2026 08:42:15,1.25,105.019
01/07/2026 08:52:15,1.25,105.037
01/07/2026 09:02:15,1.24,105.032
01/07/2026 09:12:15,1.25,105.041
01/07/2026 09:22:15,1.25,105.054
01/07/2026 09:32:15,1.25,105.068
01/07/2026 09:42:15,1.26,105.072
01/07/2026 09:52:15,1.26,105.068
01/07/2026 10:02:15,1.26,105.085
01/07/2026 10:12:15,1.27,105.077
01/07/2026 10:22:15,1.27,105.086
01/07/2026 10:32:15,1.28,105.073
01/07/2026 10:42:15,1.29,105.069
01/07/2026 10:52:15,1.32,105.065
01/07/2026 11:02:15,1.34,105.062
01/07/2026 11:12:15,1.36,105.071
01/07/2026 11:22:15,1.39,105.072
01/07/2026 11:32:15,1.42,105.087
01/07/2026 11:42:15,1.45,105.083
01/07/2026 11:52:15,1.48,105.089
01/07/2026 12:02:15,1.53,105.099
01/07/2026 12:12:15,1.58,105.118
01/07/2026 12:22:15,1.63,105.133
01/07/2026 12:32:15,1.68,105.113
01/07/2026 12:42:15,1.72,105.106
01/07/2026 12:52:15,1.76,105.116
01/07/2026 13:02:15,1.79,105.117
01/07/2026 13:12:15,1.82,105.123
01/07/2026 13:22:15,1.85,105.119
01/07/2026 13:32:15,1.86,105.111
01/07/2026 13:42:15,1.88,105.125
01/07/2026 13:52:15,1.89,105.107
01/07/2026 14:02:15,1.90,105.121
01/07/2026 14:12:15,1.90,105.147
01/07/2026 14:22:15,1.90,105.178
01/07/2026 14:32:15,1.90,105.196
01/07/2026 14:42:15,1.90,105.213
01/07/2026 14:52:15,1.90,105.240
01/07/2026 15:02:15,1.91,105.271
01/07/2026 15:12:15,1.91,105.288
01/07/2026 15:22:15,1.92,105.297
01/07/2026 15:32:15,1.92,105.324
01/07/2026 15:42:15,1.92,105.363
01/07/2026 15:52:15,1.92,105.372
01/07/2026 16:02:15,1.92,105.398
01/07/2026 16:12:15,1.92,105.411
01/07/2026 16:22:15,1.91,105.442
01/07/2026 16:32:15,1.91,105.460
01/07/2026 16:42:15,1.91,105.473
01/07/2026 16:52:15,1.91,105.490
01/07/2026 17:02:15,1.90,105.529
01/07/2026 17:12:15,1.89,105.525
01/07/2026 17:22:15,1.88,105.529
01/07/2026 17:32:15,1.87,105.559
01/07/2026 17:42:15,1.86,105.590
01/07/2026 17:52:15,1.85,105.572
01/07/2026 18:02:15,1.84,105.571
01/07/2026 18:12:15,1.83,105.597
01/07/2026 18:22:15,1.82,105.610
01/07/2026 18:32:15,1.81,105.614
01/07/2026 18:42:15,1.80,105.631
01/07/2026 18:52:15,1.78,105.639
01/07/2026 19:02:15,1.77,105.643
01/07/2026 19:12:15,1.76,105.661
01/07/2026 19:22:15,1.75,105.686
01/07/2026 19:32:15,1.74,105.691
01/07/2026 19:42:15,1.73,105.717
01/07/2026 19:52:15,1.72,105.725
01/07/2026 20:02:15,1.71,105.768
01/07/2026 20:12:15,1.70,105.794
01/07/2026 20:22:15,1.69,105.816
01/07/2026 20:32:15,1.68,105.794
01/07/2026 20:42:15,1.67,105.789
01/07/2026 20:52:15,1.67,105.763
01/07/2026 21:02:15,1.66,105.797
01/07/2026 21:12:15,1.66,105.810
01/07/2026 21:22:15,1.65,105.819
01/07/2026 21:32:15,1.64,105.819
01/07/2026 21:42:15,1.64,105.836
01/07/2026 21:52:15,1.63,105.871
01/07/2026 22:02:15,1.63,105.902
01/07/2026 22:12:15,1.62,105.888
01/07/2026 22:22:15,1.62,105.888
01/07/2026 22:32:15,1.61,105.910
01/07/2026 22:42:15,1.61,105.914
01/07/2026 22:52:15,1.61,105.918
01/07/2026 23:02:15,1.60,105.923
01/07/2026 23:12:15,1.60,105.931
01/07/2026 23:22:15,1.59,105.931
01/07/2026 23:32:15,1.59,105.896
01/07/2026 23:42:15,1.58,105.900
01/07/2026 23:52:15,1.57,105.900
01/08/2026 00:02:15,1.56,105.912
01/08/2026 00:12:15,1.55,105.890
01/08/2026 00:22:15,1.54,105.903
01/08/2026 00:32:15,1.53,105.924
01/08/2026 00:42:15,1.52,105.928
01/08/2026 00:52:15,1.51,105.932
01/08/2026 01:02:15,1.50,105.932
01/08/2026 01:12:15,1.49,105.945
01/08/2026 01:22:15,1.48,105.962
01/08/2026 01:32:15,1.47,105.979
01/08/2026 01:42:15,1.46,105.974
01/08/2026 01:52:15,1.45,106.014
01/08/2026 02:02:15,1.43,106.013
01/08/2026 02:12:15,1.42,106.039
01/08/2026 02:22:15,1.41,106.060
01/08/2026 02:32:15,1.39,106.095
01/08/2026 02:42:15,1.38,106.108
01/08/2026 02:52:15,1.37,106.103
01/08/2026 03:02:15,1.35,106.102
01/08/2026 03:12:15,1.34,106.115
01/08/2026 03:22:15,1.33,106.123
01/08/2026 03:32:15,1.32,106.136
01/08/2026 03:42:15,1.30,106.153
01/08/2026 03:52:15,1.29,106.170
01/08/2026 04:02:15,1.28,106.170
01/08/2026 04:12:15,1.26,106.191
01/08/2026 04:22:15,1.25,106.204
01/08/2026 04:32:15,1.24,106.226
01/08/2026 04:42:15,1.22,106.229
01/08/2026 04:52:15,1.21,106.242
01/08/2026 05:02:15,1.20,106.264
01/08/2026 05:12:15,1.20,106.281
01/08/2026 05:22:15,1.19,106.277
01/08/2026 05:32:15,1.18,106.285
01/08/2026 05:42:15,1.18,106.298
01/08/2026 05:52:15,1.17,106.307
01/08/2026 06:02:15,1.17,106.315
01/08/2026 06:12:15,1.16,106.324
01/08/2026 06:22:15,1.15,106.332
01/08/2026 06:32:15,1.15,106.323
01/08/2026 06:42:15,1.14,106.371
01/08/2026 06:52:15,1.13,106.358
01/08/2026 07:02:15,1.12,106.349
01/08/2026 07:12:15,1.11,106.379
01/08/2026 07:22:15,1.10,106.383
01/08/2026 07:32:15,1.09,106.400
01/08/2026 07:42:15,1.08,106.400
01/08/2026 07:52:15,1.07,106.421
01/08/2026 08:02:15,1.05,106.416
01/08/2026 08:12:15,1.04,106.442
01/08/2026 08:22:15,1.03,106.451
01/08/2026 08:32:15,1.02,106.437
01/08/2026 08:42:15,1.02,106.450
01/08/2026 08:52:15,1.01,106.454
01/08/2026 09:02:15,1.00,106.480
01/08/2026 09:12:15,1.00,106.506
01/08/2026 09:22:15,1.00,106.506
01/08/2026 09:32:15,1.00,106.520
01/08/2026 09:42:15,1.00,106.537
01/08/2026 09:52:15,1.01,106.538
01/08/2026 10:02:15,1.02,106.538
01/08/2026 10:12:15,1.03,106.556
01/08/2026 10:22:15,1.05,106.592
01/08/2026 10:32:15,1.07,106.592
01/08/2026 10:42:15,1.09,106.580
01/08/2026 10:52:15,1.11,106.563
01/08/2026 11:02:15,1.14,106.573
01/08/2026 11:12:15,1.17,106.570
01/08/2026 11:22:15,1.20,106.553
01/08/2026 11:32:15,1.23,106.572
01/08/2026 11:42:15,1.27,106.591
01/08/2026 11:52:15,1.31,106.623
01/08/2026 12:02:15,1.35,106.624
01/08/2026 12:12:15,1.39,106.626
01/08/2026 12:22:15,1.43,106.627
01/08/2026 12:32:15,1.47,106.638
01/08/2026 12:42:15,1.51,106.657
01/08/2026 12:52:15,1.56,106.658
01/08/2026 13:02:15,1.60,106.651
01/08/2026 13:12:15,1.64,106.648
01/08/2026 13:22:15,1.67,106.654
01/08/2026 13:32:15,1.70,106.677
01/08/2026 13:42:15,1.73,106.673
01/08/2026 13:52:15,1.77,106.666
01/08/2026 14:02:15,1.80,106.680
01/08/2026 14:12:15,1.84,106.695
01/08/2026 14:22:15,1.87,106.687
01/08/2026 14:32:15,1.90,106.706
01/08/2026 14:42:15,1.93,106.711
01/08/2026 14:52:15,1.95,106.708
01/08/2026 15:02:15,1.98,106.726
01/08/2026 15:12:15,2.01,106.727
01/08/2026 15:22:15,2.03,106.715
01/08/2026 15:32:15,2.05,106.733
01/08/2026 15:42:15,2.06,106.756
01/08/2026 15:52:15,2.07,106.769
01/08/2026 16:02:15,2.08,106.778
01/08/2026 16:12:15,2.09,106.792
01/08/2026 16:22:15,2.09,106.779
01/08/2026 16:32:15,2.09,106.774
01/08/2026 16:42:15,2.09,106.801
01/08/2026 16:52:15,2.09,106.818
01/08/2026 17:02:15,2.09,106.844
01/08/2026 17:12:15,2.09,106.871
01/08/2026 17:22:15,2.08,106.857
01/08/2026 17:32:15,2.07,106.852
01/08/2026 17:42:15,2.06,106.856
01/08/2026 17:52:15,2.05,106.847
01/08/2026 18:02:15,2.04,106.878
01/08/2026 18:12:15,2.03,106.869
01/08/2026 18:22:15,2.03,106.890
01/08/2026 18:32:15,2.02,106.886
01/08/2026 18:42:15,2.01,106.881
01/08/2026 18:52:15,2.01,106.898
01/08/2026 19:02:15,2.00,106.898
01/08/2026 19:12:15,2.00,106.920
01/08/2026 19:22:15,1.99,106.937
01/08/2026 19:32:15,1.99,106.972
01/08/2026 19:42:15,1.98,106.990
01/08/2026 19:52:15,1.97,106.998
01/08/2026 20:02:15,1.96,107.015
01/08/2026 20:12:15,1.95,107.032
01/08/2026 20:22:15,1.94,107.019
01/08/2026 20:32:15,1.93,107.045
01/08/2026 20:42:15,1.91,107.053
01/08/2026 20:52:15,1.90,107.057
01/08/2026 21:02:15,1.88,107.078
01/08/2026 21:12:15,1.86,107.056
01/08/2026 21:22:15,1.85,107.068
01/08/2026 21:32:15,1.83,107.054
01/08/2026 21:42:15,1.82,107.063
01/08/2026 21:52:15,1.80,107.071
01/08/2026 22:02:15,1.78,107.079
01/08/2026 22:12:15,1.76,107.078
01/08/2026 22:22:15,1.74,107.095
01/08/2026 22:32:15,1.72,107.077
01/08/2026 22:42:15,1.70,107.080
01/08/2026 22:52:15,1.68,107.067
01/08/2026 23:02:15,1.66,107.066
01/08/2026 23:12:15,1.64,107.065
01/08/2026 23:22:15,1.61,107.047
01/08/2026 23:32:15,1.59,107.041
01/08/2026 23:42:15,1.57,107.054
01/08/2026 23:52:15,1.54,107.035
01/09/2026 00:02:15,1.52,107.034
01/09/2026 00:12:15,1.50,107.042
01/09/2026 00:22:15,1.47,107.041
01/09/2026 00:32:15,1.45,107.054
01/09/2026 00:42:15,1.42,107.066
01/09/2026 00:52:15,1.40,107.065
01/09/2026 01:02:15,1.37,107.064
01/09/2026 01:12:15,1.34,107.089
01/09/2026 01:22:15,1.32,107.084
01/09/2026 01:32:15,1.29,107.070
01/09/2026 01:42:15,1.27,107.109
01/09/2026 01:52:15,1.25,107.099
01/09/2026 02:02:15,1.22,107.076
01/09/2026 02:12:15,1.20,107.102
01/09/2026 02:22:15,1.18,107.127
01/09/2026 02:32:15,1.15,107.140
01/09/2026 02:42:15,1.13,107.130
01/09/2026 02:52:15,1.11,107.120
01/09/2026 03:02:15,1.08,107.137
01/09/2026 03:12:15,1.06,107.154
01/09/2026 03:22:15,1.04,107.157
01/09/2026 03:32:15,1.02,107.126
01/09/2026 03:42:15,1.00,107.134
01/09/2026 03:52:15,0.98,107.151
01/09/2026 04:02:15,0.96,107.124
01/09/2026 04:12:15,0.95,107.128
01/09/2026 04:22:15,0.93,107.105
01/09/2026 04:32:15,0.91,107.087
01/09/2026 04:42:15,0.90,107.086
01/09/2026 04:52:15,0.88,107.108
01/09/2026 05:02:15,0.86,107.085
01/09/2026 05:12:15,0.85,107.089
01/09/2026 05:22:15,0.84,107.124
01/09/2026 05:32:15,0.82,107.136
01/09/2026 05:42:15,0.81,107.140
01/09/2026 05:52:15,0.80,107.135
01/09/2026 06:02:15,0.79,107.157
01/09/2026 06:12:15,0.78,107.148
01/09/2026 06:22:15,0.77,107.112
01/09/2026 06:32:15,0.76,107.112
01/09/2026 06:42:15,0.75,107.081
01/09/2026 06:52:15,0.73,107.098
01/09/2026 07:02:15,0.72,107.093
01/09/2026 07:12:15,0.71,107.128
01/09/2026 07:22:15,0.70,107.141
01/09/2026 07:32:15,0.69,107.123
01/09/2026 07:42:15,0.68,107.092
01/09/2026 07:52:15,0.67,107.104
01/09/2026 08:02:15,0.66,107.104
01/09/2026 08:12:15,0.65,107.082
01/09/2026 08:22:15,0.64,107.103
01/09/2026 08:32:15,0.64,107.094
01/09/2026 08:42:15,0.63,107.121
01/09/2026 08:52:15,0.63,107.116
01/09/2026 09:02:15,0.63,107.103
01/09/2026 09:12:15,0.64,107.086
01/09/2026 09:22:15,0.65,107.068
01/09/2026 09:32:15,0.65,107.064
01/09/2026 09:42:15,0.67,107.056
01/09/2026 09:52:15,0.68,107.008
01/09/2026 10:02:15,0.69,107.013
01/09/2026 10:12:15,0.71,106.970
01/09/2026 10:22:15,0.73,106.988
01/09/2026 10:32:15,0.74,107.011
01/09/2026 10:42:15,0.77,106.985
01/09/2026 10:52:15,0.79,106.973
01/09/2026 11:02:15,0.82,106.926
01/09/2026 11:12:15,0.84,106.874
01/09/2026 11:22:15,0.87,106.848
01/09/2026 11:32:15,0.89,106.849
01/09/2026 11:42:15,0.92,106.820
01/09/2026 11:52:15,0.94,106.785
01/09/2026 12:02:15,0.97,106.755
01/09/2026 12:12:15,0.99,106.743
01/09/2026 12:22:15,1.02,106.713
01/09/2026 12:32:15,1.04,106.666
01/09/2026 12:42:15,1.07,106.636
01/09/2026 12:52:15,1.10,106.580
01/09/2026 13:02:15,1.13,106.533
01/09/2026 13:12:15,1.16,106.482
01/09/2026 13:22:15,1.19,106.470
01/09/2026 13:32:15,1.23,106.462
01/09/2026 13:42:15,1.27,106.433
01/09/2026 13:52:15,1.31,106.452
01/09/2026 14:02:15,1.34,106.422
01/09/2026 14:12:15,1.38,106.367
01/09/2026 14:22:15,1.41,106.311
01/09/2026 14:32:15,1.45,106.299
01/09/2026 14:42:15,1.48,106.309
01/09/2026 14:52:15,1.52,106.284
01/09/2026 15:02:15,1.55,106.272
01/09/2026 15:12:15,1.58,106.260
01/09/2026 15:22:15,1.62,106.235
01/09/2026 15:32:15,1.65,106.196
01/09/2026 15:42:15,1.68,106.198
01/09/2026 15:52:15,1.71,106.181
01/09/2026 16:02:15,1.74,106.164
01/09/2026 16:12:15,1.76,106.179
01/09/2026 16:22:15,1.79,106.206
01/09/2026 16:32:15,1.82,106.163
01/09/2026 16:42:15,1.85,106.133
01/09/2026 16:52:15,1.87,106.095
01/09/2026 17:02:15,1.90,106.091
01/09/2026 17:12:15,1.94,106.080
01/09/2026 17:22:15,1.98,106.116
01/09/2026 17:32:15,2.02,106.152
01/09/2026 17:42:15,2.06,106.189
01/09/2026 17:52:15,2.12,106.226
01/09/2026 18:02:15,2.19,106.247
01/09/2026 18:12:15,2.28,106.324
01/09/2026 18:22:15,2.37,106.406
01/09/2026 18:32:15,2.46,106.476
01/09/2026 18:42:15,2.56,106.515
01/09/2026 18:52:15,2.66,106.523
01/09/2026 19:02:15,2.71,106.551
01/09/2026 19:12:15,2.71,106.533
01/09/2026 19:22:15,2.69,106.541
01/09/2026 19:32:15,2.65,106.579
01/09/2026 19:42:15,2.62,106.609
01/09/2026 19:52:15,2.59,106.634
01/09/2026 20:02:15,2.57,106.625
01/09/2026 20:12:15,2.56,106.646
01/09/2026 20:22:15,2.55,106.650
01/09/2026 20:32:15,2.55,106.668
01/09/2026 20:42:15,2.54,106.689
01/09/2026 20:52:15,2.53,106.671
01/09/2026 21:02:15,2.52,106.662
01/09/2026 21:12:15,2.50,106.688
01/09/2026 21:22:15,2.49,106.657
01/09/2026 21:32:15,2.48,106.692
01/09/2026 21:42:15,2.47,106.691
01/09/2026 21:52:15,2.46,106.735
01/09/2026 22:02:15,2.46,106.792
01/09/2026 22:12:15,2.45,106.813
01/09/2026 22:22:15,2.44,106.826
01/09/2026 22:32:15,2.43,106.843
01/09/2026 22:42:15,2.42,106.869
01/09/2026 22:52:15,2.41,106.882
01/09/2026 23:02:15,2.40,106.842
01/09/2026 23:12:15,2.39,106.851
01/09/2026 23:22:15,2.38,106.868
01/09/2026 23:32:15,2.37,106.854
01/09/2026 23:42:15,2.36,106.854
01/09/2026 23:52:15,2.36,106.867
01/10/2026 00:02:15,2.35,106.893
01/10/2026 00:12:15,2.34,106.906
01/10/2026 00:22:15,2.33,106.910
01/10/2026 00:32:15,2.32,106.918
01/10/2026 00:42:15,2.31,106.945
01/10/2026 00:52:15,2.31,106.966
01/10/2026 01:02:15,2.30,107.023
01/10/2026 01:12:15,2.29,107.040
01/10/2026 01:22:15,2.29,107.062
01/10/2026 01:32:15,2.28,107.079
01/10/2026 01:42:15,2.27,107.092
01/10/2026 01:52:15,2.26,107.088
01/10/2026 02:02:15,2.26,107.118
01/10/2026 02:12:15,2.25,107.140
01/10/2026 02:22:15,2.23,107.139
01/10/2026 02:32:15,2.22,107.143
01/10/2026 02:42:15,2.21,107.147
01/10/2026 02:52:15,2.20,107.138
01/10/2026 03:02:15,2.19,107.137
01/10/2026 03:12:15,2.17,107.146
01/10/2026 03:22:15,2.16,107.167
01/10/2026 03:32:15,2.14,107.180
01/10/2026 03:42:15,2.13,107.157
01/10/2026 03:52:15,2.11,107.130
01/10/2026 04:02:15,2.10,107.174
01/10/2026 04:12:15,2.08,107.182
01/10/2026 04:22:15,2.07,107.173
01/10/2026 04:32:15,2.06,107.168
01/10/2026 04:42:15,2.04,107.203
01/10/2026 04:52:15,2.03,107.206
01/10/2026 05:02:15,2.02,107.206
01/10/2026 05:12:15,2.01,107.210
01/10/2026 05:22:15,1.99,107.227
01/10/2026 05:32:15,1.98,107.222
01/10/2026 05:42:15,1.97,107.239
01/10/2026 05:52:15,1.95,107.239
01/10/2026 06:02:15,1.94,107.216
01/10/2026 06:12:15,1.92,107.233
01/10/2026 06:22:15,1.91,107.259
01/10/2026 06:32:15,1.89,107.259
01/10/2026 06:42:15,1.88,107.227
01/10/2026 06:52:15,1.86,107.209
01/10/2026 07:02:15,1.85,107.222
01/10/2026 07:12:15,1.83,107.247
01/10/2026 07:22:15,1.81,107.256
01/10/2026 07:32:15,1.80,107.259
01/10/2026 07:42:15,1.78,107.263
01/10/2026 07:52:15,1.76,107.276
01/10/2026 08:02:15,1.75,107.301
01/10/2026 08:12:15,1.73,107.332
01/10/2026 08:22:15,1.72,107.336
01/10/2026 08:32:15,1.71,107.313
01/10/2026 08:42:15,1.69,107.343
01/10/2026 08:52:15,1.69,107.348
01/10/2026 09:02:15,1.68,107.343
01/10/2026 09:12:15,1.67,107.343
01/10/2026 09:22:15,1.67,107.365
01/10/2026 09:32:15,1.67,107.365
01/10/2026 09:42:15,1.67,107.364
01/10/2026 09:52:15,1.67,107.343
01/10/2026 10:02:15,1.68,107.369
01/10/2026 10:12:15,1.68,107.361
01/10/2026 10:22:15,1.69,107.352
01/10/2026 10:32:15,1.70,107.339
01/10/2026 10:42:15,1.71,107.300
01/10/2026 10:52:15,1.72,107.279
01/10/2026 11:02:15,1.74,107.284
01/10/2026 11:12:15,1.75,107.280
01/10/2026 11:22:15,1.77,107.254
01/10/2026 11:32:15,1.79,107.264
01/10/2026 11:42:15,1.81,107.225
01/10/2026 11:52:15,1.83,107.204
01/10/2026 12:02:15,1.85,107.187
01/10/2026 12:12:15,1.87,107.161
01/10/2026 12:22:15,1.89,107.144
01/10/2026 12:32:15,1.91,107.119
01/10/2026 12:42:15,1.93,107.111
01/10/2026 12:52:15,1.95,107.081
01/10/2026 13:02:15,1.96,107.042
01/10/2026 13:12:15,1.98,107.033
01/10/2026 13:22:15,2.00,107.038
01/10/2026 13:32:15,2.01,107.057
01/10/2026 13:42:15,2.04,106.105
01/10/2026 13:52:15,2.11,106.029
01/10/2026 14:02:15,2.14,106.008
01/10/2026 14:12:15,2.17,106.022
01/10/2026 14:22:15,2.19,106.023
01/10/2026 14:32:15,2.21,105.993
01/10/2026 14:42:15,2.23,105.993
01/10/2026 14:52:15,2.25,105.998
01/10/2026 15:02:15,2.26,106.003
01/10/2026 15:12:15,2.28,106.065
01/10/2026 15:22:15,2.29,106.096
01/10/2026 15:32:15,2.31,106.115
01/10/2026 15:42:15,2.32,106.102
01/10/2026 15:52:15,2.33,106.085
01/10/2026 16:02:15,2.33,106.067
01/10/2026 16:12:15,2.34,106.089
01/10/2026 16:22:15,2.34,106.050
01/10/2026 16:32:15,2.34,106.011
01/10/2026 16:42:15,2.35,106.020
01/10/2026 16:52:15,2.36,106.020
01/10/2026 17:02:15,2.36,106.007
01/10/2026 17:12:15,2.37,105.976
01/10/2026 17:22:15,2.38,105.964
01/10/2026 17:32:15,2.39,105.955
01/10/2026 17:42:15,2.40,105.964
01/10/2026 17:52:15,2.41,105.938
01/10/2026 18:02:15,2.41,105.938
01/10/2026 18:12:15,2.42,105.939
01/10/2026 18:22:15,2.43,105.961
01/10/2026 18:32:15,2.50,105.981
01/10/2026 18:42:15,2.53,106.017
01/10/2026 18:52:15,2.56,106.044
01/10/2026 19:02:15,2.64,106.114
01/10/2026 19:12:15,2.78,106.145
01/10/2026 19:22:15,2.91,106.180
01/10/2026 19:32:15,3.03,106.264
01/10/2026 19:42:15,3.10,106.332
01/10/2026 19:52:15,3.12,106.372
01/10/2026 20:02:15,3.07,106.401
01/10/2026 20:12:15,3.00,106.460
01/10/2026 20:22:15,2.97,106.560
01/10/2026 20:32:15,2.95,106.647
01/10/2026 20:42:15,2.98,106.648
01/10/2026 20:52:15,2.98,106.608
01/10/2026 21:02:15,2.90,106.588
01/10/2026 21:12:15,2.81,106.611
01/10/2026 21:22:15,2.75,106.653
01/10/2026 21:32:15,2.71,106.718
01/10/2026 21:42:15,2.74,106.714
01/10/2026 21:52:15,2.79,106.729
01/10/2026 22:02:15,2.77,106.750
01/10/2026 22:12:15,2.71,106.770
01/10/2026 22:22:15,2.66,106.738
01/10/2026 22:32:15,2.62,106.771
01/10/2026 22:42:15,2.57,106.787
01/10/2026 22:52:15,2.54,106.768
01/10/2026 23:02:15,2.51,106.772
01/10/2026 23:12:15,2.50,106.767
01/10/2026 23:22:15,2.48,106.797
01/10/2026 23:32:15,2.46,106.805
01/10/2026 23:42:15,2.46,106.792
01/10/2026 23:52:15,2.45,106.791
01/11/2026 00:02:15,2.40,106.816
01/11/2026 00:12:15,2.34,106.792
01/11/2026 00:22:15,2.28,106.750
01/11/2026 00:32:15,2.23,106.766
01/11/2026 00:42:15,2.18,106.817
01/11/2026 00:52:15,2.13,106.784
01/11/2026 01:02:15,2.09,106.809
01/11/2026 01:12:15,2.06,106.843
01/11/2026 01:22:15,2.05,106.931
01/11/2026 01:32:15,2.04,106.952
01/11/2026 01:42:15,2.06,106.949
01/11/2026 01:52:15,2.06,106.997
01/11/2026 02:02:15,2.03,106.961
01/11/2026 02:12:15,1.98,106.989
01/11/2026 02:22:15,1.93,106.975
01/11/2026 02:32:15,1.89,106.991
01/11/2026 02:42:15,1.86,107.025
01/11/2026 02:52:15,1.83,106.993
01/11/2026 03:02:15,1.81,106.970
01/11/2026 03:12:15,1.78,106.960
01/11/2026 03:22:15,1.76,106.951
01/11/2026 03:32:15,1.73,106.924
01/11/2026 03:42:15,1.71,106.896
01/11/2026 03:52:15,1.69,106.869
01/11/2026 04:02:15,1.67,106.917
01/11/2026 04:12:15,1.65,106.912
01/11/2026 04:22:15,1.63,106.929
01/11/2026 04:32:15,1.61,106.998
01/11/2026 04:42:15,1.60,106.958
01/11/2026 04:52:15,1.58,106.979
01/11/2026 05:02:15,1.56,106.996
01/11/2026 05:12:15,1.55,106.987
01/11/2026 05:22:15,1.54,106.991
01/11/2026 05:32:15,1.52,106.973
01/11/2026 05:42:15,1.50,106.994
01/11/2026 05:52:15,1.48,107.042
01/11/2026 06:02:15,1.47,107.068
01/11/2026 06:12:15,1.46,107.036
01/11/2026 06:22:15,1.45,107.067
01/11/2026 06:32:15,1.43,107.075
01/11/2026 06:42:15,1.43,107.070
01/11/2026 06:52:15,1.42,107.057
01/11/2026 07:02:15,1.41,107.061
01/11/2026 07:12:15,1.40,107.083
01/11/2026 07:22:15,1.39,107.082
01/11/2026 07:32:15,1.38,107.056
01/11/2026 07:42:15,1.37,107.046
01/11/2026 07:52:15,1.36,107.029
01/11/2026 08:02:15,1.35,107.077
01/11/2026 08:12:15,1.35,107.103
01/11/2026 08:22:15,1.34,107.054
01/11/2026 08:32:15,1.33,107.063
01/11/2026 08:42:15,1.33,107.067
01/11/2026 08:52:15,1.32,107.075
01/11/2026 09:02:15,1.32,107.071
01/11/2026 09:12:15,1.31,107.093
01/11/2026 09:22:15,1.31,107.071
01/11/2026 09:32:15,1.31,107.040
01/11/2026 09:42:15,1.32,107.045
01/11/2026 09:52:15,1.33,107.040
01/11/2026 10:02:15,1.34,107.036
01/11/2026 10:12:15,1.35,107.046
01/11/2026 10:22:15,1.36,107.020
01/11/2026 10:32:15,1.38,106.990
01/11/2026 10:42:15,1.39,106.990
01/11/2026 10:52:15,1.41,106.982
01/11/2026 11:02:15,1.42,106.969
01/11/2026 11:12:15,1.44,106.926
01/11/2026 11:22:15,1.47,106.896
01/11/2026 11:32:15,1.49,106.871
01/11/2026 11:42:15,1.52,106.832
01/11/2026 11:52:15,1.54,106.811
01/11/2026 12:02:15,1.57,106.825
01/11/2026 12:12:15,1.60,106.805
01/11/2026 12:22:15,1.63,106.788
01/11/2026 12:32:15,1.66,106.776
01/11/2026 12:42:15,1.68,106.790
01/11/2026 12:52:15,1.71,106.787
01/11/2026 13:02:15,1.73,106.792
01/11/2026 13:12:15,1.75,106.788
01/11/2026 13:22:15,1.77,106.807
01/11/2026 13:32:15,1.80,106.807
01/11/2026 13:42:15,1.82,106.813
01/11/2026 13:52:15,1.85,106.818
01/11/2026 14:02:15,1.88,106.810
01/11/2026 14:12:15,1.90,106.798
01/11/2026 14:22:15,1.92,106.781
01/11/2026 14:32:15,1.93,106.773
01/11/2026 14:42:15,1.95,106.778
01/11/2026 14:52:15,1.96,106.787
01/11/2026 15:02:15,1.97,106.814
01/11/2026 15:12:15,1.99,106.814
01/11/2026 15:22:15,2.00,106.828
01/11/2026 15:32:15,2.02,106.842
01/11/2026 15:42:15,2.03,106.842
01/11/2026 15:52:15,2.04,106.838
01/11/2026 16:02:15,2.05,106.847
01/11/2026 16:12:15,2.06,106.856
01/11/2026 16:22:15,2.06,106.861
01/11/2026 16:32:15,2.06,106.839
01/11/2026 16:42:15,2.06,106.826
01/11/2026 16:52:15,2.06,106.808
01/11/2026 17:02:15,2.05,106.808
01/11/2026 17:12:15,2.04,106.799
01/11/2026 17:22:15,2.03,106.802
01/11/2026 17:32:15,2.01,106.784
01/11/2026 17:42:15,1.98,106.779
01/11/2026 17:52:15,1.96,106.791
01/11/2026 18:02:15,1.93,106.760
01/11/2026 18:12:15,1.91,106.794
01/11/2026 18:22:15,1.88,106.824
01/11/2026 18:32:15,1.86,106.836
01/11/2026 18:42:15,1.83,106.844
01/11/2026 18:52:15,1.81,106.826
01/11/2026 19:02:15,1.79,106.833
01/11/2026 19:12:15,1.76,106.841
01/11/2026 19:22:15,1.74,106.845
01/11/2026 19:32:15,1.71,106.826
01/11/2026 19:42:15,1.69,106.834
01/11/2026 19:52:15,1.66,106.833
01/11/2026 20:02:15,1.64,106.819
01/11/2026 20:12:15,1.61,106.845
01/11/2026 20:22:15,1.58,106.835
01/11/2026 20:32:15,1.56,106.847
01/11/2026 20:42:15,1.53,106.837
01/11/2026 20:52:15,1.51,106.819
01/11/2026 21:02:15,1.49,106.823
01/11/2026 21:12:15,1.47,106.826
01/11/2026 21:22:15,1.44,106.817
01/11/2026 21:32:15,1.43,106.820
01/11/2026 21:42:15,1.41,106.833
01/11/2026 21:52:15,1.39,106.841
01/11/2026 22:02:15,1.38,106.840
01/11/2026 22:12:15,1.36,106.827
01/11/2026 22:22:15,1.34,106.826
01/11/2026 22:32:15,1.33,106.861
01/11/2026 22:42:15,1.31,106.834
01/11/2026 22:52:15,1.30,106.868
01/11/2026 23:02:15,1.28,106.876
01/11/2026 23:12:15,1.26,106.911
01/11/2026 23:22:15,1.25,106.906
01/11/2026 23:32:15,1.23,106.905
01/11/2026 23:42:15,1.21,106.914
01/11/2026 23:52:15,1.19,106.895
01/12/2026 00:02:15,1.17,106.903
01/12/2026 00:12:15,1.15,106.920
01/12/2026 00:22:15,1.14,106.924
01/12/2026 00:32:15,1.12,106.884
01/12/2026 00:42:15,1.11,106.897
01/12/2026 00:52:15,1.10,106.918
01/12/2026 01:02:15,1.08,106.918
01/12/2026 01:12:15,1.07,106.908
01/12/2026 01:22:15,1.06,106.930
01/12/2026 01:32:15,1.04,106.921
01/12/2026 01:42:15,1.03,106.929
01/12/2026 01:52:15,1.01,106.928
01/12/2026 02:02:15,0.99,106.941
01/12/2026 02:12:15,0.98,106.953
01/12/2026 02:22:15,0.96,106.957
01/12/2026 02:32:15,0.94,106.978
01/12/2026 02:42:15,0.92,107.004
01/12/2026 02:52:15,0.90,107.016
01/12/2026 03:02:15,0.89,107.046
01/12/2026 03:12:15,0.87,107.002
01/12/2026 03:22:15,0.86,107.010
01/12/2026 03:32:15,0.84,106.992
01/12/2026 03:42:15,0.83,106.987
01/12/2026 03:52:15,0.81,106.978
01/12/2026 04:02:15,0.80,106.960
01/12/2026 04:12:15,0.78,106.964
01/12/2026 04:22:15,0.77,106.994
01/12/2026 04:32:15,0.75,106.967
01/12/2026 04:42:15,0.73,106.975
01/12/2026 04:52:15,0.72,106.975
01/12/2026 05:02:15,0.70,106.974
01/12/2026 05:12:15,0.69,106.978
01/12/2026 05:22:15,0.67,106.973
01/12/2026 05:32:15,0.66,106.981
01/12/2026 05:42:15,0.64,106.981
01/12/2026 05:52:15,0.63,106.989
01/12/2026 06:02:15,0.61,106.962
01/12/2026 06:12:15,0.60,107.014
01/12/2026 06:22:15,0.58,107.027
01/12/2026 06:32:15,0.57,107.053
01/12/2026 06:42:15,0.56,107.052
01/12/2026 06:52:15,0.54,107.060
01/12/2026 07:02:15,0.53,107.073
01/12/2026 07:12:15,0.51,107.099
01/12/2026 07:22:15,0.50,107.103
01/12/2026 07:32:15,0.49,107.102
01/12/2026 07:42:15,0.48,107.111
01/12/2026 07:52:15,0.47,107.119
01/12/2026 08:02:15,0.46,107.123
01/12/2026 08:12:15,0.46,107.132
01/12/2026 08:22:15,0.46,107.136
01/12/2026 08:32:15,0.46,107.136
01/12/2026 08:42:15,0.48,107.119
01/12/2026 08:52:15,0.50,107.129
01/12/2026 09:02:15,0.51,107.112
01/12/2026 09:12:15,0.53,107.091
01/12/2026 09:22:15,0.55,107.087
01/12/2026 09:32:15,0.57,107.088
01/12/2026 09:42:15,0.59,107.084
01/12/2026 09:52:15,0.61,107.093
01/12/2026 10:02:15,0.63,107.063
01/12/2026 10:12:15,0.65,107.047
01/12/2026 10:22:15,0.67,107.034
01/12/2026 10:32:15,0.70,107.018
01/12/2026 10:42:15,0.73,106.984
01/12/2026 10:52:15,0.76,106.994
01/12/2026 11:02:15,0.80,106.982
01/12/2026 11:12:15,0.83,106.970
01/12/2026 11:22:15,0.86,106.936
01/12/2026 11:32:15,0.89,106.920
01/12/2026 11:42:15,0.93,106.872
01/12/2026 11:52:15,0.97,106.852
01/12/2026 12:02:15,1.02,106.867
01/12/2026 12:12:15,1.06,106.829
01/12/2026 12:22:15,1.11,106.818
01/12/2026 12:32:15,1.17,106.798
01/12/2026 12:42:15,1.22,106.786
01/12/2026 12:52:15,1.26,106.779
01/12/2026 13:02:15,1.31,106.777
01/12/2026 13:12:15,1.35,106.804
01/12/2026 13:22:15,1.39,106.780
01/12/2026 13:32:15,1.43,106.803
01/12/2026 13:42:15,1.47,106.809
01/12/2026 13:52:15,1.51,106.814
01/12/2026 14:02:15,1.54,106.807
01/12/2026 14:12:15,1.56,106.803
01/12/2026 14:22:15,1.59,106.782
01/12/2026 14:32:15,1.61,106.792
01/12/2026 14:42:15,1.64,106.806
01/12/2026 14:52:15,1.66,106.780
01/12/2026 15:02:15,1.68,106.772
01/12/2026 15:12:15,1.70,106.769
01/12/2026 15:22:15,1.71,106.765
01/12/2026 15:32:15,1.72,106.752
01/12/2026 15:42:15,1.73,106.735
01/12/2026 15:52:15,1.74,106.713
01/12/2026 16:02:15,1.75,106.692
01/12/2026 16:12:15,1.76,106.692
01/12/2026 16:22:15,1.77,106.666
01/12/2026 16:32:15,1.78,106.675
01/12/2026 16:42:15,1.79,106.667
01/12/2026 16:52:15,1.79,106.662
01/12/2026 17:02:15,1.80,106.663
01/12/2026 17:12:15,1.81,106.663
01/12/2026 17:22:15,1.81,106.676
01/12/2026 17:32:15,1.82,106.681
01/12/2026 17:42:15,1.83,106.672
01/12/2026 17:52:15,1.83,106.651
01/12/2026 18:02:15,1.83,106.681
01/12/2026 18:12:15,1.83,106.668
01/12/2026 18:22:15,1.83,106.664
01/12/2026 18:32:15,1.83,106.642
01/12/2026 18:42:15,1.83,106.629
01/12/2026 18:52:15,1.82,106.650
01/12/2026 19:02:15,1.82,106.628
01/12/2026 19:12:15,1.81,106.637
01/12/2026 19:22:15,1.80,106.641
01/12/2026 19:32:15,1.78,106.623
01/12/2026 19:42:15,1.77,106.631
01/12/2026 19:52:15,1.75,106.630
01/12/2026 20:02:15,1.73,106.630
01/12/2026 20:12:15,1.71,106.638
01/12/2026 20:22:15,1.69,106.624
01/12/2026 20:32:15,1.67,106.614
01/12/2026 20:42:15,1.65,106.605
01/12/2026 20:52:15,1.63,106.604
01/12/2026 21:02:15,1.61,106.630
01/12/2026 21:12:15,1.59,106.589
01/12/2026 21:22:15,1.57,106.593
01/12/2026 21:32:15,1.56,106.566
01/12/2026 21:42:15,1.54,106.566
01/12/2026 21:52:15,1.53,106.569
01/12/2026 22:02:15,1.51,106.582
01/12/2026 22:12:15,1.50,106.573
01/12/2026 22:22:15,1.48,106.577
01/12/2026 22:32:15,1.47,106.545
01/12/2026 22:42:15,1.46,106.545
01/12/2026 22:52:15,1.44,106.531
01/12/2026 23:02:15,1.44,106.531
01/12/2026 23:12:15,1.43,106.531
01/12/2026 23:22:15,1.42,106.548
01/12/2026 23:32:15,1.41,106.535
01/12/2026 23:42:15,1.41,106.508
01/12/2026 23:52:15,1.41,106.495
01/13/2026 00:02:15,1.40,106.490
01/13/2026 00:12:15,1.40,106.464
01/13/2026 00:22:15,1.39,106.455
01/13/2026 00:32:15,1.39,106.450
01/13/2026 00:42:15,1.38,106.463
01/13/2026 00:52:15,1.38,106.441
01/13/2026 01:02:15,1.38,106.441
01/13/2026 01:12:15,1.37,106.432
01/13/2026 01:22:15,1.37,106.441
01/13/2026 01:32:15,1.37,106.450
01/13/2026 01:42:15,1.37,106.436
01/13/2026 01:52:15,1.36,106.436
01/13/2026 02:02:15,1.36,106.445
01/13/2026 02:12:15,1.36,106.423
01/13/2026 02:22:15,1.36,106.427
01/13/2026 02:32:15,1.35,106.432
01/13/2026 02:42:15,1.35,106.409
01/13/2026 02:52:15,1.34,106.427
01/13/2026 03:02:15,1.34,106.405
01/13/2026 03:12:15,1.33,106.400
01/13/2026 03:22:15,1.32,106.360
01/13/2026 03:32:15,1.32,106.347
01/13/2026 03:42:15,1.32,106.369
01/13/2026 03:52:15,1.32,106.347
01/13/2026 04:02:15,1.31,106.355
01/13/2026 04:12:15,1.30,106.373
01/13/2026 04:22:15,1.30,106.364
01/13/2026 04:32:15,1.29,106.350
01/13/2026 04:42:15,1.29,106.328
01/13/2026 04:52:15,1.28,106.328
01/13/2026 05:02:15,1.27,106.328
01/13/2026 05:12:15,1.26,106.345
01/13/2026 05:22:15,1.26,106.362
01/13/2026 05:32:15,1.25,106.336
01/13/2026 05:42:15,1.24,106.349
01/13/2026 05:52:15,1.23,106.361
01/13/2026 06:02:15,1.22,106.352
01/13/2026 06:12:15,1.21,106.356
01/13/2026 06:22:15,1.20,106.352
01/13/2026 06:32:15,1.19,106.351
01/13/2026 06:42:15,1.18,106.333
01/13/2026 06:52:15,1.17,106.350
01/13/2026 07:02:15,1.15,106.354
01/13/2026 07:12:15,1.14,106.349
01/13/2026 07:22:15,1.12,106.340
01/13/2026 07:32:15,1.11,106.348
01/13/2026 07:42:15,1.09,106.330
01/13/2026 07:52:15,1.07,106.329
01/13/2026 08:02:15,1.06,106.338
01/13/2026 08:12:15,1.05,106.315
01/13/2026 08:22:15,1.03,106.332
01/13/2026 08:32:15,1.03,106.332
01/13/2026 08:42:15,1.02,106.341
01/13/2026 08:52:15,1.02,106.318
01/13/2026 09:02:15,1.01,106.292
01/13/2026 09:12:15,1.01,106.296
01/13/2026 09:22:15,1.01,106.301
01/13/2026 09:32:15,1.02,106.284
01/13/2026 09:42:15,1.03,106.275
01/13/2026 09:52:15,1.04,106.289
01/13/2026 10:02:15,1.05,106.276
01/13/2026 10:12:15,1.07,106.268
01/13/2026 10:22:15,1.10,106.256
01/13/2026 10:32:15,1.12,106.230
01/13/2026 10:42:15,1.14,106.231
01/13/2026 10:52:15,1.17,106.184
01/13/2026 11:02:15,1.20,106.154
01/13/2026 11:12:15,1.22,106.111
01/13/2026 11:22:15,1.25,106.090
01/13/2026 11:32:15,1.29,106.052
01/13/2026 11:42:15,1.32,106.035
01/13/2026 11:52:15,1.35,106.006
01/13/2026 12:02:15,1.38,105.972
01/13/2026 12:12:15,1.42,105.951
01/13/2026 12:22:15,1.45,105.904
01/13/2026 12:32:15,1.49,105.901
01/13/2026 12:42:15,1.53,105.863
01/13/2026 12:52:15,1.57,105.851
01/13/2026 13:02:15,1.61,105.831
01/13/2026 13:12:15,1.65,105.810
01/13/2026 13:22:15,1.68,105.776
01/13/2026 13:32:15,1.72,105.760
01/13/2026 13:42:15,1.76,105.753
01/13/2026 13:52:15,1.80,105.745
01/13/2026 14:02:15,1.84,105.725
01/13/2026 14:12:15,1.87,105.735
01/13/2026 14:22:15,1.91,105.692
01/13/2026 14:32:15,1.94,105.667
01/13/2026 14:42:15,1.97,105.659
01/13/2026 14:52:15,1.99,105.629
01/13/2026 15:02:15,2.02,105.582
01/13/2026 15:12:15,2.04,105.605
01/13/2026 15:22:15,2.06,105.605
01/13/2026 15:32:15,2.09,105.580
01/13/2026 15:42:15,2.11,105.546
01/13/2026 15:52:15,2.13,105.520
01/13/2026 16:02:15,2.15,105.494
01/13/2026 16:12:15,2.17,105.500
01/13/2026 16:22:15,2.19,105.505
01/13/2026 16:32:15,2.22,105.457
01/13/2026 16:42:15,2.24,105.440
01/13/2026 16:52:15,2.26,105.463
01/13/2026 17:02:15,2.28,105.472
01/13/2026 17:12:15,2.30,105.451
01/13/2026 17:22:15,2.32,105.457
01/13/2026 17:32:15,2.35,105.431
01/13/2026 17:42:15,2.37,105.401
01/13/2026 17:52:15,2.39,105.384
01/13/2026 18:02:15,2.41,105.341
01/13/2026 18:12:15,2.43,105.364
01/13/2026 18:22:15,2.45,105.364
01/13/2026 18:32:15,2.47,105.391
01/13/2026 18:42:15,2.48,105.405
01/13/2026 18:52:15,2.49,105.339
01/13/2026 19:02:15,2.50,105.340
01/13/2026 19:12:15,2.50,105.344
01/13/2026 19:22:15,2.51,105.305
01/13/2026 19:32:15,2.51,105.327
01/13/2026 19:42:15,2.51,105.305
01/13/2026 19:52:15,2.51,105.287
01/13/2026 20:02:15,2.51,105.279
01/13/2026 20:12:15,2.50,105.239
01/13/2026 20:22:15,2.50,105.212
01/13/2026 20:32:15,2.49,105.186
01/13/2026 20:42:15,2.49,105.186
01/13/2026 20:52:15,2.48,105.155
01/13/2026 21:02:15,2.47,105.207
01/13/2026 21:12:15,2.46,105.180
01/13/2026 21:22:15,2.45,105.163
01/13/2026 21:32:15,2.44,105.145
01/13/2026 21:42:15,2.43,105.113
01/13/2026 21:52:15,2.42,105.109
01/13/2026 22:02:15,2.41,105.082
01/13/2026 22:12:15,2.40,105.064
01/13/2026 22:22:15,2.38,105.059
01/13/2026 22:32:15,2.37,105.045
01/13/2026 22:42:15,2.36,105.032
01/13/2026 22:52:15,2.35,104.996
01/13/2026 23:02:15,2.34,104.992
01/13/2026 23:12:15,2.33,105.005
01/13/2026 23:22:15,2.33,104.960
01/13/2026 23:32:15,2.32,104.978
01/13/2026 23:42:15,2.32,104.973
01/13/2026 23:52:15,2.31,104.951
01/14/2026 00:02:15,2.31,104.920
01/14/2026 00:12:15,2.31,104.885
01/14/2026 00:22:15,2.31,104.854
01/14/2026 00:32:15,2.31,104.863
01/14/2026 00:42:15,2.31,104.850
01/14/2026 00:52:15,2.31,104.841
01/14/2026 01:02:15,2.31,104.837
01/14/2026 01:12:15,2.32,104.837
01/14/2026 01:22:15,2.32,104.846
01/14/2026 01:32:15,2.32,104.846
01/14/2026 01:42:15,2.32,104.837
01/14/2026 01:52:15,2.32,104.811
01/14/2026 02:02:15,2.32,104.829
01/14/2026 02:12:15,2.32,104.807
01/14/2026 02:22:15,2.33,104.829
01/14/2026 02:32:15,2.33,104.816
01/14/2026 02:42:15,2.33,104.789
01/14/2026 02:52:15,2.33,104.776
01/14/2026 03:02:15,2.34,104.754
01/14/2026 03:12:15,2.34,104.746
01/14/2026 03:22:15,2.34,104.746
01/14/2026 03:32:15,2.34,104.750
01/14/2026 03:42:15,2.34,104.732
01/14/2026 03:52:15,2.34,104.719
01/14/2026 04:02:15,2.34,104.702
01/14/2026 04:12:15,2.34,104.702
01/14/2026 04:22:15,2.34,104.719
01/14/2026 04:32:15,2.34,104.706
01/14/2026 04:42:15,2.34,104.710
01/14/2026 04:52:15,2.33,104.719
01/14/2026 05:02:15,2.33,104.715
01/14/2026 05:12:15,2.33,104.710
01/14/2026 05:22:15,2.32,104.701
01/14/2026 05:32:15,2.32,104.719
01/14/2026 05:42:15,2.32,104.732
01/14/2026 05:52:15,2.32,104.732
01/14/2026 06:02:15,2.31,104.705
01/14/2026 06:12:15,2.31,104.705
01/14/2026 06:22:15,2.31,104.727
01/14/2026 06:32:15,2.31,104.709
01/14/2026 06:42:15,2.30,104.718
01/14/2026 06:52:15,2.30,104.714
01/14/2026 07:02:15,2.30,104.705
01/14/2026 07:12:15,2.30,104.700
01/14/2026 07:22:15,2.29,104.722
01/14/2026 07:32:15,2.29,104.705
01/14/2026 07:42:15,2.29,104.700
01/14/2026 07:52:15,2.29,104.691
01/14/2026 08:02:15,2.29,104.713
01/14/2026 08:12:15,2.29,104.722
01/14/2026 08:22:15,2.29,104.735
01/14/2026 08:32:15,2.30,104.744
01/14/2026 08:42:15,2.30,104.727
01/14/2026 08:52:15,2.30,104.753
01/14/2026 09:02:15,2.31,104.767
01/14/2026 09:12:15,2.32,104.762
01/14/2026 09:22:15,2.33,104.754
01/14/2026 09:32:15,2.34,104.746
01/14/2026 09:42:15,2.36,104.742
01/14/2026 09:52:15,2.38,104.760
01/14/2026 10:02:15,2.40,104.783
01/14/2026 10:12:15,2.42,104.784
01/14/2026 10:22:15,2.45,104.767
01/14/2026 10:32:15,2.47,104.785
01/14/2026 10:42:15,2.49,104.734
01/14/2026 10:52:15,2.52,104.730
01/14/2026 11:02:15,2.54,104.718
01/14/2026 11:12:15,2.56,104.709
01/14/2026 11:22:15,2.57,104.675
01/14/2026 11:32:15,2.59,104.636
01/14/2026 11:42:15,2.61,104.615
01/14/2026 11:52:15,2.64,104.589
01/14/2026 12:02:15,2.66,104.572
01/14/2026 12:12:15,2.68,104.556
01/14/2026 12:22:15,2.70,104.552
01/14/2026 12:32:15,2.72,104.539
01/14/2026 12:42:15,2.73,104.527
01/14/2026 12:52:15,2.75,104.527
01/14/2026 13:02:15,2.77,104.537
01/14/2026 13:12:15,2.79,104.516
01/14/2026 13:22:15,2.81,104.512
01/14/2026 13:32:15,2.83,104.517
01/14/2026 13:42:15,2.85,104.500
01/14/2026 13:52:15,2.88,104.488
01/14/2026 14:02:15,2.90,104.493
01/14/2026 14:12:15,2.93,104.507
01/14/2026 14:22:15,2.95,104.481
01/14/2026 14:32:15,2.97,104.487
01/14/2026 14:42:15,3.00,104.496
01/14/2026 14:52:15,3.02,104.480
01/14/2026 15:02:15,3.04,104.458
01/14/2026 15:12:15,3.06,104.455
01/14/2026 15:22:15,3.09,104.464
01/14/2026 15:32:15,3.11,104.465
01/14/2026 15:42:15,3.13,104.483
01/14/2026 15:52:15,3.14,104.475
01/14/2026 16:02:15,3.16,104.476
01/14/2026 16:12:15,3.17,104.476
01/14/2026 16:22:15,3.18,104.477
01/14/2026 16:32:15,3.20,104.473
01/14/2026 16:42:15,3.21,104.473
01/14/2026 16:52:15,3.22,104.478
01/14/2026 17:02:15,3.23,104.483
01/14/2026 17:12:15,3.24,104.501
01/14/2026 17:22:15,3.25,104.505
01/14/2026 17:32:15,3.26,104.510
01/14/2026 17:42:15,3.27,104.497
01/14/2026 17:52:15,3.28,104.511
01/14/2026 18:02:15,3.28,104.502
01/14/2026 18:12:15,3.29,104.485
01/14/2026 18:22:15,3.30,104.476
01/14/2026 18:32:15,3.30,104.472
01/14/2026 18:42:15,3.30,104.463
01/14/2026 18:52:15,3.30,104.437
01/14/2026 19:02:15,3.30,104.406
01/14/2026 19:12:15,3.30,104.402
01/14/2026 19:22:15,3.30,104.362
01/14/2026 19:32:15,3.30,104.349
01/14/2026 19:42:15,3.30,104.366
01/14/2026 19:52:15,3.29,104.326
01/14/2026 20:02:15,3.29,104.331
01/14/2026 20:12:15,3.28,104.308
01/14/2026 20:22:15,3.27,104.304
01/14/2026 20:32:15,3.26,104.246
01/14/2026 20:42:15,3.25,104.308
01/14/2026 20:52:15,3.24,104.334
01/14/2026 21:02:15,3.23,104.311
01/14/2026 21:12:15,3.22,104.241
01/14/2026 21:22:15,3.21,104.280
01/14/2026 21:32:15,3.20,104.293
01/14/2026 21:42:15,3.19,104.270
01/14/2026 21:52:15,3.18,104.288
01/14/2026 22:02:15,3.17,104.300
01/14/2026 22:12:15,3.16,104.300
01/14/2026 22:22:15,3.15,104.256
01/14/2026 22:32:15,3.14,104.273
01/14/2026 22:42:15,3.13,104.229
01/14/2026 22:52:15,3.12,104.237
01/14/2026 23:02:15,3.11,104.215
01/14/2026 23:12:15,3.10,104.175
01/14/2026 23:22:15,3.10,104.157
01/14/2026 23:32:15,3.09,104.144
01/14/2026 23:42:15,3.08,104.086
01/14/2026 23:52:15,3.07,104.051
01/15/2026 00:02:15,3.06,104.059
01/15/2026 00:12:15,3.05,104.015
01/15/2026 00:22:15,3.04,104.010
01/15/2026 00:32:15,3.03,103.970
01/15/2026 00:42:15,3.03,103.975
01/15/2026 00:52:15,3.02,103.957
01/15/2026 01:02:15,3.02,103.943
01/15/2026 01:12:15,3.01,103.948
01/15/2026 01:22:15,3.01,103.947
01/15/2026 01:32:15,3.00,103.961
01/15/2026 01:42:15,3.00,103.934
01/15/2026 01:52:15,3.00,103.947
01/15/2026 02:02:15,3.00,103.908
01/15/2026 02:12:15,3.00,103.930
01/15/2026 02:22:15,3.01,103.943
01/15/2026 02:32:15,3.02,103.948
01/15/2026 02:42:15,3.02,103.935
01/15/2026 02:52:15,3.03,103.922
01/15/2026 03:02:15,3.03,103.922
01/15/2026 03:12:15,3.03,103.896
01/15/2026 03:22:15,3.03,103.874
01/15/2026 03:32:15,3.03,103.856
01/15/2026 03:42:15,3.03,103.847
01/15/2026 03:52:15,3.02,103.794
01/15/2026 04:02:15,3.02,103.807
01/15/2026 04:12:15,3.02,103.790
01/15/2026 04:22:15,3.01,103.781
01/15/2026 04:32:15,3.01,103.758
01/15/2026 04:42:15,3.00,103.750
01/15/2026 04:52:15,3.00,103.754
01/15/2026 05:02:15,2.99,103.789
01/15/2026 05:12:15,2.99,103.793
01/15/2026 05:22:15,2.98,103.775
01/15/2026 05:32:15,2.98,103.793
01/15/2026 05:42:15,2.97,103.784
01/15/2026 05:52:15,2.97,103.757
01/15/2026 06:02:15,2.97,103.753
01/15/2026 06:12:15,2.96,103.748
01/15/2026 06:22:15,2.96,103.752
01/15/2026 06:32:15,2.96,103.814
01/15/2026 06:42:15,2.96,103.810
01/15/2026 06:52:15,2.95,103.774
01/15/2026 07:02:15,2.95,103.743
01/15/2026 07:12:15,2.95,103.756
01/15/2026 07:22:15,2.95,103.765
01/15/2026 07:32:15,2.95,103.770
01/15/2026 07:42:15,2.94,103.743
01/15/2026 07:52:15,2.94,103.756
01/15/2026 08:02:15,2.94,103.765
01/15/2026 08:12:15,2.94,103.778
01/15/2026 08:22:15,2.94,103.778
01/15/2026 08:32:15,2.94,103.769
01/15/2026 08:42:15,2.94,103.783
01/15/2026 08:52:15,2.94,103.787
01/15/2026 09:02:15,2.95,103.796
01/15/2026 09:12:15,2.95,103.805
01/15/2026 09:22:15,2.96,103.831
01/15/2026 09:32:15,2.97,103.832
01/15/2026 09:42:15,2.97,103.832
01/15/2026 09:52:15,2.98,103.841
01/15/2026 10:02:15,2.99,103.846
01/15/2026 10:12:15,3.00,103.846
01/15/2026 10:22:15,3.01,103.873
01/15/2026 10:32:15,3.02,103.882
01/15/2026 10:42:15,3.03,103.856
01/15/2026 10:52:15,3.04,103.861
01/15/2026 11:02:15,3.05,103.852
01/15/2026 11:12:15,3.06,103.839
01/15/2026 11:22:15,3.07,103.818
01/15/2026 11:32:15,3.09,103.814
01/15/2026 11:42:15,3.10,103.775
01/15/2026 11:52:15,3.12,103.767
01/15/2026 12:02:15,3.14,103.763
01/15/2026 12:12:15,3.16,103.790
01/15/2026 12:22:15,3.18,103.769
01/15/2026 12:32:15,3.21,103.774
01/15/2026 12:42:15,3.24,103.753
01/15/2026 12:52:15,3.26,103.750
01/15/2026 13:02:15,3.29,103.751
01/15/2026 13:12:15,3.33,103.756
01/15/2026 13:22:15,3.35,103.757
01/15/2026 13:32:15,3.38,103.749
01/15/2026 13:42:15,3.41,103.742
01/15/2026 13:52:15,3.43,103.734
01/15/2026 14:02:15,3.46,103.757
01/15/2026 14:12:15,3.49,103.753
01/15/2026 14:22:15,3.51,103.758
01/15/2026 14:32:15,3.52,103.768
01/15/2026 14:42:15,3.54,103.794
01/15/2026 14:52:15,3.55,103.786
01/15/2026 15:02:15,3.55,103.821
01/15/2026 15:12:15,3.56,103.835
01/15/2026 15:22:15,3.57,103.875
01/15/2026 15:32:15,3.57,103.932
01/15/2026 15:42:15,3.57,103.971
01/15/2026 15:52:15,3.57,103.993
01/15/2026 16:02:15,3.57,104.051
01/15/2026 16:12:15,3.57,104.072
01/15/2026 16:22:15,3.57,104.108
01/15/2026 16:32:15,3.56,104.138
01/15/2026 16:42:15,3.56,104.125
01/15/2026 16:52:15,3.56,104.160
01/15/2026 17:02:15,3.55,104.173
01/15/2026 17:12:15,3.54,104.208
01/15/2026 17:22:15,3.53,104.243
01/15/2026 17:32:15,3.52,104.277
01/15/2026 17:42:15,3.50,104.268
01/15/2026 17:52:15,3.48,104.298
01/15/2026 18:02:15,3.46,104.306
01/15/2026 18:12:15,3.44,104.332
01/15/2026 18:22:15,3.41,104.313
01/15/2026 18:32:15,3.39,104.290
01/15/2026 18:42:15,3.36,104.342
01/15/2026 18:52:15,3.33,104.328
01/15/2026 19:02:15,3.30,104.331
01/15/2026 19:12:15,3.27,104.361
01/15/2026 19:22:15,3.24,104.369
01/15/2026 19:32:15,3.21,104.363
01/15/2026 19:42:15,3.17,104.349
01/15/2026 19:52:15,3.14,104.361
01/15/2026 20:02:15,3.11,104.360
01/15/2026 20:12:15,3.07,104.354
01/15/2026 20:22:15,3.04,104.362
01/15/2026 20:32:15,3.01,104.360
01/15/2026 20:42:15,2.97,104.333
01/15/2026 20:52:15,2.94,104.323
01/15/2026 21:02:15,2.90,104.308
01/15/2026 21:12:15,2.86,104.303
01/15/2026 21:22:15,2.82,104.328
01/15/2026 21:32:15,2.78,104.331
01/15/2026 21:42:15,2.74,104.356
01/15/2026 21:52:15,2.70,104.407
01/15/2026 22:02:15,2.65,104.440
01/15/2026 22:12:15,2.61,104.426
01/15/2026 22:22:15,2.56,104.446
01/15/2026 22:32:15,2.52,104.414
01/15/2026 22:42:15,2.47,104.430
01/15/2026 22:52:15,2.42,104.410
01/15/2026 23:02:15,2.38,104.431
01/15/2026 23:12:15,2.33,104.420
01/15/2026 23:22:15,2.29,104.432
01/15/2026 23:32:15,2.24,104.448
01/15/2026 23:42:15,2.20,104.403
01/15/2026 23:52:15,2.16,104.441
01/16/2026 00:02:15,2.11,104.439
01/16/2026 00:12:15,2.07,104.451
01/16/2026 00:22:15,2.03,104.458
01/16/2026 00:32:15,1.99,104.435
01/16/2026 00:42:15,1.95,104.468
01/16/2026 00:52:15,1.91,104.458
01/16/2026 01:02:15,1.87,104.470
01/16/2026 01:12:15,1.83,104.482
01/16/2026 01:22:15,1.80,104.477
01/16/2026 01:32:15,1.77,104.458
01/16/2026 01:42:15,1.74,104.470
01/16/2026 01:52:15,1.70,104.482
01/16/2026 02:02:15,1.67,104.476
01/16/2026 02:12:15,1.63,104.501
01/16/2026 02:22:15,1.60,104.535
01/16/2026 02:32:15,1.57,104.561
01/16/2026 02:42:15,1.54,104.559
01/16/2026 02:52:15,1.50,104.593
01/16/2026 03:02:15,1.47,104.561
01/16/2026 03:12:15,1.43,104.547
01/16/2026 03:22:15,1.40,104.542
01/16/2026 03:32:15,1.37,104.549
01/16/2026 03:42:15,1.34,104.579
01/16/2026 03:52:15,1.30,104.578
01/16/2026 04:02:15,1.27,104.585
01/16/2026 04:12:15,1.24,104.602
01/16/2026 04:22:15,1.21,104.618
01/16/2026 04:32:15,1.18,104.626
01/16/2026 04:42:15,1.14,104.655
01/16/2026 04:52:15,1.11,104.690
01/16/2026 05:02:15,1.08,104.702
01/16/2026 05:12:15,1.05,104.718
01/16/2026 05:22:15,1.03,104.743
01/16/2026 05:32:15,0.99,104.764
01/16/2026 05:42:15,0.96,104.763
01/16/2026 05:52:15,0.93,104.775
01/16/2026 06:02:15,0.91,104.779
01/16/2026 06:12:15,0.88,104.773
01/16/2026 06:22:15,0.85,104.799
01/16/2026 06:32:15,0.82,104.815
01/16/2026 06:42:15,0.79,104.827
01/16/2026 06:52:15,0.77,104.818
01/16/2026 07:02:15,0.74,104.817
01/16/2026 07:12:15,0.72,104.851
01/16/2026 07:22:15,0.70,104.868
01/16/2026 07:32:15,0.67,104.889
01/16/2026 07:42:15,0.65,104.892
01/16/2026 07:52:15,0.62,104.918
01/16/2026 08:02:15,0.59,104.904
01/16/2026 08:12:15,0.56,104.929
01/16/2026 08:22:15,0.54,104.933
01/16/2026 08:32:15,0.51,104.945
01/16/2026 08:42:15,0.49,104.953
01/16/2026 08:52:15,0.47,104.939
01/16/2026 09:02:15,0.45,104.934
01/16/2026 09:12:15,0.44,104.964
01/16/2026 09:22:15,0.43,104.977
01/16/2026 09:32:15,0.42,104.994
01/16/2026 09:42:15,0.41,104.950
01/16/2026 09:52:15,0.41,104.968
01/16/2026 10:02:15,0.41,104.976
01/16/2026 10:12:15,0.42,104.972
01/16/2026 10:22:15,0.43,104.995
01/16/2026 10:32:15,0.45,104.982
01/16/2026 10:42:15,0.47,104.992
01/16/2026 10:52:15,0.50,104.997
01/16/2026 11:02:15,0.53,105.029
01/16/2026 11:12:15,0.55,105.043
01/16/2026 11:22:15,0.58,105.017
01/16/2026 11:32:15,0.61,105.010
01/16/2026 11:42:15,0.64,104.976
01/16/2026 11:52:15,0.67,104.990
01/16/2026 12:02:15,0.71,105.053
01/16/2026 12:12:15,0.74,105.071
01/16/2026 12:22:15,0.77,105.099
01/16/2026 12:32:15,0.81,105.082
01/16/2026 12:42:15,0.84,105.075
01/16/2026 12:52:15,0.88,105.080
01/16/2026 13:02:15,0.90,105.090
01/16/2026 13:12:15,0.93,105.060
01/16/2026 13:22:15,0.95,105.039
01/16/2026 13:32:15,0.97,105.049
01/16/2026 13:42:15,0.99,105.067
01/16/2026 13:52:15,1.02,105.129
01/16/2026 14:02:15,1.03,105.152
01/16/2026 14:12:15,1.06,105.166
01/16/2026 14:22:15,1.07,105.202
01/16/2026 14:32:15,1.09,105.228
01/16/2026 14:42:15,1.10,105.273
01/16/2026 14:52:15,1.11,105.299
01/16/2026 15:02:15,1.12,105.330
01/16/2026 15:12:15,1.12,105.370
01/16/2026 15:22:15,1.13,105.388
01/16/2026 15:32:15,1.13,105.406
01/16/2026 15:42:15,1.14,105.467
01/16/2026 15:52:15,1.15,105.507
01/16/2026 16:02:15,1.16,105.516
01/16/2026 16:12:15,1.16,105.525
01/16/2026 16:22:15,1.17,105.552
01/16/2026 16:32:15,1.18,105.587
01/16/2026 16:42:15,1.19,105.609
01/16/2026 16:52:15,1.20,105.658
01/16/2026 17:02:15,1.21,105.698
01/16/2026 17:12:15,1.21,105.707
01/16/2026 17:22:15,1.22,105.716
01/16/2026 17:32:15,1.23,105.729
01/16/2026 17:42:15,1.23,105.769
01/16/2026 17:52:15,1.24,105.800
01/16/2026 18:02:15,1.24,105.804
01/16/2026 18:12:15,1.24,105.822
01/16/2026 18:22:15,1.25,105.831
01/16/2026 18:32:15,1.24,105.853
01/16/2026 18:42:15,1.24,105.826
01/16/2026 18:52:15,1.23,105.857
01/16/2026 19:02:15,1.22,105.918
01/16/2026 19:12:15,1.21,105.917
01/16/2026 19:22:15,1.19,105.930
01/16/2026 19:32:15,1.18,105.929
01/16/2026 19:42:15,1.16,105.938
01/16/2026 19:52:15,1.14,105.941
01/16/2026 20:02:15,1.12,105.923
01/16/2026 20:12:15,1.10,105.957
01/16/2026 20:22:15,1.08,105.952
01/16/2026 20:32:15,1.06,105.960
01/16/2026 20:42:15,1.04,105.951
01/16/2026 20:52:15,1.02,105.989
01/16/2026 21:02:15,0.99,105.997
01/16/2026 21:12:15,0.97,106.001
01/16/2026 21:22:15,0.95,105.970
01/16/2026 21:32:15,0.93,105.978
01/16/2026 21:42:15,0.90,105.977
01/16/2026 21:52:15,0.88,105.993
01/16/2026 22:02:15,0.86,106.019
01/16/2026 22:12:15,0.83,106.005
01/16/2026 22:22:15,0.82,106.017
01/16/2026 22:32:15,0.80,106.004
01/16/2026 22:42:15,0.79,105.990
01/16/2026 22:52:15,0.78,106.003
01/16/2026 23:02:15,0.77,105.994
01/16/2026 23:12:15,0.76,105.998
01/16/2026 23:22:15,0.75,106.006
01/16/2026 23:32:15,0.75,106.011
01/16/2026 23:42:15,0.74,106.024
01/16/2026 23:52:15,0.74,105.980
01/17/2026 00:02:15,0.74,105.971
01/17/2026 00:12:15,0.74,105.940
01/17/2026 00:22:15,0.74,105.901
01/17/2026 00:32:15,0.74,105.887
01/17/2026 00:42:15,0.74,105.922
01/17/2026 00:52:15,0.74,105.896
01/17/2026 01:02:15,0.74,105.901
01/17/2026 01:12:15,0.74,105.914
01/17/2026 01:22:15,0.74,105.905
01/17/2026 01:32:15,0.74,105.896
01/17/2026 01:42:15,0.75,105.888
01/17/2026 01:52:15,0.75,105.884
01/17/2026 02:02:15,0.76,105.871
01/17/2026 02:12:15,0.76,105.857
01/17/2026 02:22:15,0.76,105.875
01/17/2026 02:32:15,0.77,105.893
01/17/2026 02:42:15,0.77,105.884
01/17/2026 02:52:15,0.78,105.858
01/17/2026 03:02:15,0.79,105.850
01/17/2026 03:12:15,0.80,105.903
01/17/2026 03:22:15,0.81,105.903
01/17/2026 03:32:15,0.82,105.938
01/17/2026 03:42:15,0.83,105.886
01/17/2026 03:52:15,0.84,105.851
01/17/2026 04:02:15,0.84,105.799
01/17/2026 04:12:15,0.85,105.808
01/17/2026 04:22:15,0.85,105.865
01/17/2026 04:32:15,0.85,105.883
01/17/2026 04:42:15,0.85,105.887
01/17/2026 04:52:15,0.84,105.895
01/17/2026 05:02:15,0.83,105.921
01/17/2026 05:12:15,0.81,105.951
01/17/2026 05:22:15,0.79,105.951
01/17/2026 05:32:15,0.77,105.981
01/17/2026 05:42:15,0.75,105.980
01/17/2026 05:52:15,0.71,105.979
01/17/2026 06:02:15,0.67,106.008
01/17/2026 06:12:15,0.63,106.037
01/17/2026 06:22:15,0.59,106.049
01/17/2026 06:32:15,0.55,106.047
01/17/2026 06:42:15,0.51,106.055
01/17/2026 06:52:15,0.47,106.036
01/17/2026 07:02:15,0.44,106.008
01/17/2026 07:12:15,0.42,106.043
01/17/2026 07:22:15,0.41,106.090
01/17/2026 07:32:15,0.40,106.077
01/17/2026 07:42:15,0.40,106.047
01/17/2026 07:52:15,0.41,106.060
01/17/2026 08:02:15,0.42,106.073
01/17/2026 08:12:15,0.43,106.030
01/17/2026 08:22:15,0.44,106.013
01/17/2026 08:32:15,0.46,105.970
01/17/2026 08:42:15,0.48,106.010
01/17/2026 08:52:15,0.50,106.028
01/17/2026 09:02:15,0.51,106.024
01/17/2026 09:12:15,0.53,105.985
01/17/2026 09:22:15,0.55,105.960
01/17/2026 09:32:15,0.56,105.991
01/17/2026 09:42:15,0.57,105.978
01/17/2026 09:52:15,0.59,105.978
01/17/2026 10:02:15,0.60,105.953
01/17/2026 10:12:15,0.62,105.936
01/17/2026 10:22:15,0.64,105.928
01/17/2026 10:32:15,0.66,105.898
01/17/2026 10:42:15,0.69,105.842
01/17/2026 10:52:15,0.71,105.821
01/17/2026 11:02:15,0.75,105.809
01/17/2026 11:12:15,0.79,105.771
01/17/2026 11:22:15,0.83,105.737
01/17/2026 11:32:15,0.86,105.729
01/17/2026 11:42:15,0.89,105.686
01/17/2026 11:52:15,0.91,105.657
01/17/2026 12:02:15,0.94,105.631
01/17/2026 12:12:15,0.96,105.667
01/17/2026 12:22:15,0.98,105.655
01/17/2026 12:32:15,0.99,105.633
01/17/2026 12:42:15,0.99,105.651
01/17/2026 12:52:15,0.99,105.642
01/17/2026 13:02:15,0.98,105.659
01/17/2026 13:12:15,0.97,105.663
01/17/2026 13:22:15,0.96,105.680
01/17/2026 13:32:15,0.95,105.675
01/17/2026 13:42:15,0.93,105.697
01/17/2026 13:52:15,0.91,105.709
01/17/2026 14:02:15,0.89,105.717
01/17/2026 14:12:15,0.87,105.695
01/17/2026 14:22:15,0.86,105.699
01/17/2026 14:32:15,0.84,105.694
01/17/2026 14:42:15,0.84,105.685
01/17/2026 14:52:15,0.84,105.689
01/17/2026 15:02:15,0.84,105.694
01/17/2026 15:12:15,0.86,105.677
01/17/2026 15:22:15,0.88,105.686
01/17/2026 15:32:15,0.90,105.687
01/17/2026 15:42:15,0.92,105.710
01/17/2026 15:52:15,0.95,105.719
01/17/2026 16:02:15,0.98,105.707
01/17/2026 16:12:15,1.02,105.709
01/17/2026 16:22:15,1.07,105.711
01/17/2026 16:32:15,1.10,105.729
01/17/2026 16:42:15,1.13,105.744
01/17/2026 16:52:15,1.16,105.744
01/17/2026 17:02:15,1.17,105.767
01/17/2026 17:12:15,1.19,105.794
01/17/2026 17:22:15,1.20,105.816
01/17/2026 17:32:15,1.21,105.829
01/17/2026 17:42:15,1.21,105.825
01/17/2026 17:52:15,1.22,105.826
01/17/2026 18:02:15,1.22,105.848
01/17/2026 18:12:15,1.23,105.848
01/17/2026 18:22:15,1.23,105.874
01/17/2026 18:32:15,1.23,105.878
01/17/2026 18:42:15,1.22,105.878
01/17/2026 18:52:15,1.22,105.913
01/17/2026 19:02:15,1.21,105.904
01/17/2026 19:12:15,1.21,105.935
01/17/2026 19:22:15,1.20,105.943
01/17/2026 19:32:15,1.20,105.943
01/17/2026 19:42:15,1.19,105.939
01/17/2026 19:52:15,1.18,105.930
01/17/2026 20:02:15,1.18,105.929
01/17/2026 20:12:15,1.17,105.947
01/17/2026 20:22:15,1.16,105.959
01/17/2026 20:32:15,1.15,105.981
01/17/2026 20:42:15,1.13,105.980
01/17/2026 20:52:15,1.12,105.997
01/17/2026 21:02:15,1.10,105.979
01/17/2026 21:12:15,1.09,105.970
01/17/2026 21:22:15,1.08,105.965
01/17/2026 21:32:15,1.06,105.996
01/17/2026 21:42:15,1.05,105.960
01/17/2026 21:52:15,1.04,105.951
01/17/2026 22:02:15,1.04,105.973
01/17/2026 22:12:15,1.03,105.959
01/17/2026 22:22:15,1.02,105.937
01/17/2026 22:32:15,1.02,105.955
01/17/2026 22:42:15,1.02,105.954
01/17/2026 22:52:15,1.02,105.972
01/17/2026 23:02:15,1.01,105.981
01/17/2026 23:12:15,1.01,105.976
01/17/2026 23:22:15,1.01,105.985
01/17/2026 23:32:15,1.01,105.945
01/17/2026 23:42:15,1.00,105.963
01/17/2026 23:52:15,1.00,105.910
01/18/2026 00:02:15,1.00,105.914
01/18/2026 00:12:15,0.99,105.918
01/18/2026 00:22:15,0.99,105.896
01/18/2026 00:32:15,0.99,105.883
01/18/2026 00:42:15,0.98,105.900
01/18/2026 00:52:15,0.97,105.887
01/18/2026 01:02:15,0.96,105.891
01/18/2026 01:12:15,0.95,105.895
01/18/2026 01:22:15,0.94,105.921
01/18/2026 01:32:15,0.93,105.908
01/18/2026 01:42:15,0.92,105.894
01/18/2026 01:52:15,0.91,105.889
01/18/2026 02:02:15,0.90,105.863
01/18/2026 02:12:15,0.89,105.862
01/18/2026 02:22:15,0.88,105.884
01/18/2026 02:32:15,0.88,105.862
01/18/2026 02:42:15,0.87,105.826
01/18/2026 02:52:15,0.86,105.809
01/18/2026 03:02:15,0.86,105.804
01/18/2026 03:12:15,0.85,105.856
01/18/2026 03:22:15,0.84,105.856
01/18/2026 03:32:15,0.84,105.865
01/18/2026 03:42:15,0.83,105.825
01/18/2026 03:52:15,0.82,105.794
01/18/2026 04:02:15,0.81,105.772
01/18/2026 04:12:15,0.81,105.754
01/18/2026 04:22:15,0.80,105.763
01/18/2026 04:32:15,0.80,105.758
01/18/2026 04:42:15,0.80,105.758
01/18/2026 04:52:15,0.80,105.736
01/18/2026 05:02:15,0.80,105.701
01/18/2026 05:12:15,0.80,105.679
01/18/2026 05:22:15,0.80,105.644
01/18/2026 05:32:15,0.80,105.644
01/18/2026 05:42:15,0.80,105.683
01/18/2026 05:52:15,0.79,105.688
01/18/2026 06:02:15,0.79,105.709
01/18/2026 06:12:15,0.79,105.705
01/18/2026 06:22:15,0.79,105.666
01/18/2026 06:32:15,0.79,105.714
01/18/2026 06:42:15,0.79,105.701
01/18/2026 06:52:15,0.79,105.674
01/18/2026 07:02:15,0.80,105.701
01/18/2026 07:12:15,0.80,105.723
01/18/2026 07:22:15,0.80,105.749
01/18/2026 07:32:15,0.81,105.745
01/18/2026 07:42:15,0.81,105.785
01/18/2026 07:52:15,0.82,105.780
01/18/2026 08:02:15,0.82,105.798
01/18/2026 08:12:15,0.82,105.816
01/18/2026 08:22:15,0.83,105.838
01/18/2026 08:32:15,0.83,105.834
01/18/2026 08:42:15,0.84,105.847
01/18/2026 08:52:15,0.84,105.856
01/18/2026 09:02:15,0.85,105.839
01/18/2026 09:12:15,0.85,105.826
01/18/2026 09:22:15,0.86,105.835
01/18/2026 09:32:15,0.88,105.831
01/18/2026 09:42:15,0.89,105.818
01/18/2026 09:52:15,0.91,105.832
01/18/2026 10:02:15,0.93,105.798
01/18/2026 10:12:15,0.96,105.768
01/18/2026 10:22:15,0.98,105.769
01/18/2026 10:32:15,1.01,105.744
01/18/2026 10:42:15,1.05,105.749
01/18/2026 10:52:15,1.08,105.768
01/18/2026 11:02:15,1.11,105.756
01/18/2026 11:12:15,1.14,105.722
01/18/2026 11:22:15,1.17,105.670
01/18/2026 11:32:15,1.20,105.654
01/18/2026 11:42:15,1.23,105.646
01/18/2026 11:52:15,1.25,105.590
01/18/2026 12:02:15,1.28,105.613
01/18/2026 12:12:15,1.30,105.613
01/18/2026 12:22:15,1.32,105.605
01/18/2026 12:32:15,1.33,105.593
01/18/2026 12:42:15,1.35,105.611
01/18/2026 12:52:15,1.36,105.550
01/18/2026 13:02:15,1.37,105.528
01/18/2026 13:12:15,1.39,105.498
01/18/2026 13:22:15,1.40,105.463
01/18/2026 13:32:15,1.41,105.481
01/18/2026 13:42:15,1.43,105.421
01/18/2026 13:52:15,1.45,105.461
01/18/2026 14:02:15,1.47,105.400
01/18/2026 14:12:15,1.49,105.370
01/18/2026 14:22:15,1.50,105.327
01/18/2026 14:32:15,1.52,105.349
01/18/2026 14:42:15,1.54,105.323
01/18/2026 14:52:15,1.55,105.315
01/18/2026 15:02:15,1.57,105.320
01/18/2026 15:12:15,1.59,105.294
01/18/2026 15:22:15,1.60,105.273
01/18/2026 15:32:15,1.62,105.269
01/18/2026 15:42:15,1.63,105.248
01/18/2026 15:52:15,1.65,105.217
01/18/2026 16:02:15,1.66,105.200
01/18/2026 16:12:15,1.67,105.183
01/18/2026 16:22:15,1.68,105.175
01/18/2026 16:32:15,1.69,105.131
01/18/2026 16:42:15,1.70,105.109
01/18/2026 16:52:15,1.71,105.070
01/18/2026 17:02:15,1.71,105.053
01/18/2026 17:12:15,1.72,105.093
01/18/2026 17:22:15,1.72,105.102
01/18/2026 17:32:15,1.73,105.110
01/18/2026 17:42:15,1.73,105.102
01/18/2026 17:52:15,1.73,105.106
01/18/2026 18:02:15,1.73,105.058
01/18/2026 18:12:15,1.74,105.027
01/18/2026 18:22:15,1.74,105.027
01/18/2026 18:32:15,1.74,104.997
01/18/2026 18:42:15,1.73,105.036
01/18/2026 18:52:15,1.73,105.036
01/18/2026 19:02:15,1.73,105.036
01/18/2026 19:12:15,1.72,105.053
01/18/2026 19:22:15,1.72,105.044
01/18/2026 19:32:15,1.71,104.983
01/18/2026 19:42:15,1.70,105.026
01/18/2026 19:52:15,1.69,104.987
01/18/2026 20:02:15,1.68,104.995
01/18/2026 20:12:15,1.67,104.977
01/18/2026 20:22:15,1.66,105.025
01/18/2026 20:32:15,1.65,104.998
01/18/2026 20:42:15,1.64,104.980
01/18/2026 20:52:15,1.62,105.023
01/18/2026 21:02:15,1.61,105.040
01/18/2026 21:12:15,1.59,105.018
01/18/2026 21:22:15,1.58,105.040
01/18/2026 21:32:15,1.57,104.995
01/18/2026 21:42:15,1.55,104.990
01/18/2026 21:52:15,1.53,105.007
01/18/2026 22:02:15,1.51,104.985
01/18/2026 22:12:15,1.50,104.984
01/18/2026 22:22:15,1.48,104.957
01/18/2026 22:32:15,1.47,104.961
01/18/2026 22:42:15,1.46,104.939
01/18/2026 22:52:15,1.45,104.917
01/18/2026 23:02:15,1.45,104.899
01/18/2026 23:12:15,1.44,104.885
01/18/2026 23:22:15,1.43,104.898
01/18/2026 23:32:15,1.43,104.867
01/18/2026 23:42:15,1.43,104.894
01/18/2026 23:52:15,1.46,104.882
01/19/2026 00:02:15,1.47,104.860
01/19/2026 00:12:15,1.47,104.829
01/19/2026 00:22:15,1.47,104.825
01/19/2026 00:32:15,1.47,104.851
01/19/2026 00:42:15,1.46,104.847
01/19/2026 00:52:15,1.45,104.846
01/19/2026 01:02:15,1.44,104.833
01/19/2026 01:12:15,1.43,104.819
01/19/2026 01:22:15,1.41,104.801
01/19/2026 01:32:15,1.40,104.801
01/19/2026 01:42:15,1.40,104.827
01/19/2026 01:52:15,1.39,104.840
01/19/2026 02:02:15,1.39,104.879
01/19/2026 02:12:15,1.38,104.923
01/19/2026 02:22:15,1.36,104.887
01/19/2026 02:32:15,1.35,104.860
01/19/2026 02:42:15,1.34,104.847
01/19/2026 02:52:15,1.32,104.886
01/19/2026 03:02:15,1.31,104.890
01/19/2026 03:12:15,1.30,104.902
01/19/2026 03:22:15,1.29,104.911
01/19/2026 03:32:15,1.28,104.875
01/19/2026 03:42:15,1.27,104.853
01/19/2026 03:52:15,1.27,104.857
01/19/2026 04:02:15,1.26,104.853
01/19/2026 04:12:15,1.25,104.852
01/19/2026 04:22:15,1.24,104.861
01/19/2026 04:32:15,1.23,104.869
01/19/2026 04:42:15,1.23,104.882
01/19/2026 04:52:15,1.23,104.878
01/19/2026 05:02:15,1.23,104.878
01/19/2026 05:12:15,1.23,104.873
01/19/2026 05:22:15,1.22,104.882
01/19/2026 05:32:15,1.22,104.917
01/19/2026 05:42:15,1.22,104.930
01/19/2026 05:52:15,1.22,104.952
01/19/2026 06:02:15,1.22,104.983
01/19/2026 06:12:15,1.21,104.991
01/19/2026 06:22:15,1.21,104.983
01/19/2026 06:32:15,1.21,104.974
01/19/2026 06:42:15,1.20,104.969
01/19/2026 06:52:15,1.20,104.969
01/19/2026 07:02:15,1.19,105.008
01/19/2026 07:12:15,1.19,105.021
01/19/2026 07:22:15,1.19,105.017
01/19/2026 07:32:15,1.18,105.034
01/19/2026 07:42:15,1.18,104.995
01/19/2026 07:52:15,1.18,104.951
01/19/2026 08:02:15,1.17,104.973
01/19/2026 08:12:15,1.17,104.959
01/19/2026 08:22:15,1.17,104.950
01/19/2026 08:32:15,1.17,104.986
01/19/2026 08:42:15,1.17,105.012
01/19/2026 08:52:15,1.17,105.025
01/19/2026 09:02:15,1.17,105.021
01/19/2026 09:12:15,1.18,105.039
01/19/2026 09:22:15,1.19,105.061
01/19/2026 09:32:15,1.21,105.048
01/19/2026 09:42:15,1.22,105.066
01/19/2026 09:52:15,1.23,105.102
01/19/2026 10:02:15,1.25,105.076
01/19/2026 10:12:15,1.26,105.076
01/19/2026 10:22:15,1.27,105.077
01/19/2026 10:32:15,1.28,105.060
01/19/2026 10:42:15,1.29,105.047
01/19/2026 10:52:15,1.31,105.043
01/19/2026 11:02:15,1.33,105.017
01/19/2026 11:12:15,1.35,104.979
01/19/2026 11:22:15,1.36,104.948
01/19/2026 11:32:15,1.38,104.962
01/19/2026 11:42:15,1.39,104.941
01/19/2026 11:52:15,1.41,104.906
01/19/2026 12:02:15,1.43,104.907
01/19/2026 12:12:15,1.46,104.899
01/19/2026 12:22:15,1.48,104.913
01/19/2026 12:32:15,1.51,104.892
01/19/2026 12:42:15,1.54,104.880
01/19/2026 12:52:15,1.56,104.872
01/19/2026 13:02:15,1.57,104.894
01/19/2026 13:12:15,1.58,104.886
01/19/2026 13:22:15,1.58,104.868
01/19/2026 13:32:15,1.60,104.869
01/19/2026 13:42:15,1.62,104.887
01/19/2026 13:52:15,1.64,104.901
01/19/2026 14:02:15,1.66,104.906
01/19/2026 14:12:15,1.68,104.916
01/19/2026 14:22:15,1.70,104.908
01/19/2026 14:32:15,1.72,104.930
01/19/2026 14:42:15,1.73,104.957
01/19/2026 14:52:15,1.74,104.984
01/19/2026 15:02:15,1.75,104.988
01/19/2026 15:12:15,1.76,104.998
01/19/2026 15:22:15,1.78,105.020
01/19/2026 15:32:15,1.79,105.069
01/19/2026 15:42:15,1.79,105.087
01/19/2026 15:52:15,1.80,105.087
01/19/2026 16:02:15,1.80,105.074
01/19/2026 16:12:15,1.80,105.078
01/19/2026 16:22:15,1.80,105.118
01/19/2026 16:32:15,1.80,105.144
01/19/2026 16:42:15,1.81,105.170
01/19/2026 16:52:15,1.81,105.188
01/19/2026 17:02:15,1.81,105.214
01/19/2026 17:12:15,1.80,105.219
01/19/2026 17:22:15,1.80,105.254
01/19/2026 17:32:15,1.79,105.275
01/19/2026 17:42:15,1.78,105.279
01/19/2026 17:52:15,1.76,105.274
01/19/2026 18:02:15,1.74,105.287
01/19/2026 18:12:15,1.73,105.308
01/19/2026 18:22:15,1.71,105.286
01/19/2026 18:32:15,1.69,105.276
01/19/2026 18:42:15,1.67,105.275
01/19/2026 18:52:15,1.65,105.283
01/19/2026 19:02:15,1.62,105.274
01/19/2026 19:12:15,1.60,105.255
01/19/2026 19:22:15,1.57,105.241
01/19/2026 19:32:15,1.55,105.271
01/19/2026 19:42:15,1.53,105.279
01/19/2026 19:52:15,1.50,105.265
01/19/2026 20:02:15,1.47,105.282
01/19/2026 20:12:15,1.45,105.289
01/19/2026 20:22:15,1.42,105.271
01/19/2026 20:32:15,1.39,105.274
01/19/2026 20:42:15,1.36,105.273
01/19/2026 20:52:15,1.33,105.290
01/19/2026 21:02:15,1.30,105.293
01/19/2026 21:12:15,1.27,105.301
01/19/2026 21:22:15,1.24,105.321
01/19/2026 21:32:15,1.21,105.316
01/19/2026 21:42:15,1.17,105.319
01/19/2026 21:52:15,1.14,105.345
01/19/2026 22:02:15,1.11,105.330
01/19/2026 22:12:15,1.08,105.364
01/19/2026 22:22:15,1.04,105.350
01/19/2026 22:32:15,1.01,105.375
01/19/2026 22:42:15,0.97,105.391
01/19/2026 22:52:15,0.93,105.411
01/19/2026 23:02:15,0.89,105.428
01/19/2026 23:12:15,0.85,105.426
01/19/2026 23:22:15,0.82,105.399
01/19/2026 23:32:15,0.78,105.393
01/19/2026 23:42:15,0.74,105.392
01/19/2026 23:52:15,0.71,105.382
01/20/2026 00:02:15,0.67,105.363
01/20/2026 00:12:15,0.64,105.384
01/20/2026 00:22:15,0.61,105.365
01/20/2026 00:32:15,0.58,105.364
01/20/2026 00:42:15,0.55,105.376
01/20/2026 00:52:15,0.52,105.393
01/20/2026 01:02:15,0.50,105.409
01/20/2026 01:12:15,0.47,105.422
01/20/2026 01:22:15,0.44,105.425
01/20/2026 01:32:15,0.42,105.450
01/20/2026 01:42:15,0.39,105.449
01/20/2026 01:52:15,0.35,105.426
01/20/2026 02:02:15,0.33,105.421
01/20/2026 02:12:15,0.30,105.376
01/20/2026 02:22:15,0.28,105.340
01/20/2026 02:32:15,0.26,105.309
01/20/2026 02:42:15,0.25,105.273
01/20/2026 02:52:15,0.24,105.256
01/20/2026 03:02:15,0.24,105.212
01/20/2026 03:12:15,0.24,105.207
01/20/2026 03:22:15,0.24,105.150
01/20/2026 03:32:15,0.24,105.119
01/20/2026 03:42:15,0.24,105.124
01/20/2026 03:52:15,0.24,105.071
01/20/2026 04:02:15,0.25,105.041
01/20/2026 04:12:15,0.25,105.059
01/20/2026 04:22:15,0.26,105.063
01/20/2026 04:32:15,0.26,105.045
01/20/2026 04:42:15,0.26,105.037
01/20/2026 04:52:15,0.26,104.997
01/20/2026 05:02:15,0.26,105.006
01/20/2026 05:12:15,0.26,104.997
01/20/2026 05:22:15,0.26,104.989
01/20/2026 05:32:15,0.27,104.989
01/20/2026 05:42:15,0.28,104.976
01/20/2026 05:52:15,0.28,104.972
01/20/2026 06:02:15,0.28,105.002
01/20/2026 06:12:15,0.28,105.002
01/20/2026 06:22:15,0.28,105.020
01/20/2026 06:32:15,0.28,105.011
01/20/2026 06:42:15,0.28,105.037
01/20/2026 06:52:15,0.28,105.042
01/20/2026 07:02:15,0.28,105.051
01/20/2026 07:12:15,0.29,105.055
01/20/2026 07:22:15,0.29,105.069
01/20/2026 07:32:15,0.29,105.099
01/20/2026 07:42:15,0.29,105.104
01/20/2026 07:52:15,0.29,105.117
01/20/2026 08:02:15,0.29,105.130
01/20/2026 08:12:15,0.29,105.152
01/20/2026 08:22:15,0.30,105.179
01/20/2026 08:32:15,0.31,105.188
01/20/2026 08:42:15,0.32,105.210
01/20/2026 08:52:15,0.34,105.233
01/20/2026 09:02:15,0.35,105.246
01/20/2026 09:12:15,0.36,105.273
01/20/2026 09:22:15,0.37,105.300
01/20/2026 09:32:15,0.38,105.326
01/20/2026 09:42:15,0.39,105.371
01/20/2026 09:52:15,0.40,105.415
01/20/2026 10:02:15,0.40,105.454
01/20/2026 10:12:15,0.41,105.494
01/20/2026 10:22:15,0.41,105.529
01/20/2026 10:32:15,0.41,105.582
01/20/2026 10:42:15,0.42,105.643
01/20/2026 10:52:15,0.42,105.692
01/20/2026 11:02:15,0.42,105.731
01/20/2026 11:12:15,0.42,105.771
01/20/2026 11:22:15,0.42,105.802
01/20/2026 11:32:15,0.42,105.828
01/20/2026 11:42:15,0.42,105.872
01/20/2026 11:52:15,0.42,105.929
01/20/2026 12:02:15,0.42,105.937
01/20/2026 12:12:15,0.41,105.968
01/20/2026 12:22:15,0.40,105.994
01/20/2026 12:32:15,0.40,106.007
01/20/2026 12:42:15,0.39,106.037
01/20/2026 12:52:15,0.39,106.050
01/20/2026 13:02:15,0.39,106.094
01/20/2026 13:12:15,0.39,106.120
01/20/2026 13:22:15,0.38,106.129
01/20/2026 13:32:15,0.38,106.164
01/20/2026 13:42:15,0.37,106.199
01/20/2026 13:52:15,0.35,106.207
01/20/2026 14:02:15,0.34,106.215
01/20/2026 14:12:15,0.34,106.224
01/20/2026 14:22:15,0.33,106.219
01/20/2026 14:32:15,0.33,106.224
01/20/2026 14:42:15,0.32,106.232
01/20/2026 14:52:15,0.31,106.241
01/20/2026 15:02:15,0.30,106.253
01/20/2026 15:12:15,0.28,106.218
01/20/2026 15:22:15,0.27,106.230
01/20/2026 15:32:15,0.26,106.221
01/20/2026 15:42:15,0.25,106.212
01/20/2026 15:52:15,0.25,106.234
01/20/2026 16:02:15,0.25,106.251
01/20/2026 16:12:15,0.25,106.238
01/20/2026 16:22:15,0.24,106.234
01/20/2026 16:32:15,0.23,106.233
01/20/2026 16:42:15,0.22,106.264
01/20/2026 16:52:15,0.22,106.268
01/20/2026 17:02:15,0.21,106.294
01/20/2026 17:12:15,0.20,106.294
01/20/2026 17:22:15,0.19,106.311
01/20/2026 17:32:15,0.18,106.328
01/20/2026 17:42:15,0.17,106.367
01/20/2026 17:52:15,0.17,106.380
01/20/2026 18:02:15,0.16,106.384
01/20/2026 18:12:15,0.16,106.406
01/20/2026 18:22:15,0.16,106.415
01/20/2026 18:32:15,0.15,106.419
01/20/2026 18:42:15,0.14,106.423
01/20/2026 18:52:15,0.14,106.432
01/20/2026 19:02:15,0.14,106.423
01/20/2026 19:12:15,0.13,106.379
01/20/2026 19:22:15,0.13,106.353
01/20/2026 19:32:15,0.13,106.317
01/20/2026 19:42:15,0.14,106.278
01/20/2026 19:52:15,0.14,106.256
01/20/2026 20:02:15,0.14,106.234
01/20/2026 20:12:15,0.14,106.213
01/20/2026 20:22:15,0.14,106.200
01/20/2026 20:32:15,0.15,106.191
01/20/2026 20:42:15,0.15,106.182
01/20/2026 20:52:15,0.15,106.178
01/20/2026 21:02:15,0.15,106.187
01/20/2026 21:12:15,0.15,106.182
01/20/2026 21:22:15,0.15,106.165
01/20/2026 21:32:15,0.15,106.156
01/20/2026 21:42:15,0.15,106.178
01/20/2026 21:52:15,0.15,106.178
01/20/2026 22:02:15,0.15,106.169
01/20/2026 22:12:15,0.14,106.200
01/20/2026 22:22:15,0.14,106.213
01/20/2026 22:32:15,0.14,106.243
01/20/2026 22:42:15,0.14,106.261
01/20/2026 22:52:15,0.14,106.261
01/20/2026 23:02:15,0.14,106.278
01/20/2026 23:12:15,0.14,106.300
01/20/2026 23:22:15,0.14,106.309
01/20/2026 23:32:15,0.14,106.335
01/20/2026 23:42:15,0.13,106.366
01/20/2026 23:52:15,0.13,106.396
01/21/2026 00:02:15,0.13,106.422
01/21/2026 00:12:15,0.12,106.457
01/21/2026 00:22:15,0.12,106.479
01/21/2026 00:32:15,0.12,106.497
01/21/2026 00:42:15,0.12,106.554
01/21/2026 00:52:15,0.12,106.598
01/21/2026 01:02:15,0.12,106.633
01/21/2026 01:12:15,0.12,106.668
01/21/2026 01:22:15,0.12,106.703
01/21/2026 01:32:15,0.11,106.729
01/21/2026 01:42:15,0.11,106.751
01/21/2026 01:52:15,0.11,106.839
01/21/2026 02:02:15,0.11,106.861
01/21/2026 02:12:15,0.11,106.948
01/21/2026 02:22:15,0.11,106.996
01/21/2026 02:32:15,0.10,107.044
01/21/2026 02:42:15,0.10,107.088
01/21/2026 02:52:15,0.09,107.118
01/21/2026 03:02:15,0.09,107.136
01/21/2026 03:12:15,0.09,107.149
01/21/2026 03:22:15,0.08,107.180
01/21/2026 03:32:15,0.09,107.215
01/21/2026 03:42:15,0.09,107.276
01/21/2026 03:52:15,0.08,107.285
01/21/2026 04:02:15,0.08,107.320
01/21/2026 04:12:15,0.07,107.398
01/21/2026 04:22:15,0.07,107.425
01/21/2026 04:32:15,0.07,107.451
01/21/2026 04:42:15,0.07,107.442
01/21/2026 04:52:15,0.07,107.468
01/21/2026 05:02:15,0.07,107.477
01/21/2026 05:12:15,0.07,107.499
01/21/2026 05:22:15,0.08,107.486
01/21/2026 05:32:15,0.08,107.473
01/21/2026 05:42:15,0.08,107.530
01/21/2026 05:52:15,0.08,107.495
01/21/2026 06:02:15,0.07,107.530
01/21/2026 06:12:15,0.07,107.517
01/21/2026 06:22:15,0.08,107.565
01/21/2026 06:32:15,0.07,107.596
01/21/2026 06:42:15,0.07,107.609
01/21/2026 06:52:15,0.07,107.600
01/21/2026 07:02:15,0.07,107.587
01/21/2026 07:12:15,0.07,107.565
01/21/2026 07:22:15,0.07,107.534
01/21/2026 07:32:15,0.07,107.512
01/21/2026 07:42:15,0.07,107.482
01/21/2026 07:52:15,0.07,107.490
01/21/2026 08:02:15,0.07,107.438
01/21/2026 08:12:15,0.07,107.416
01/21/2026 08:22:15,0.08,107.381
01/21/2026 08:32:15,0.08,107.373
01/21/2026 08:42:15,0.09,107.351
01/21/2026 08:52:15,0.10,107.290
01/21/2026 09:02:15,0.11,107.237
01/21/2026 09:12:15,0.12,107.181
01/21/2026 09:22:15,0.13,107.111
01/21/2026 09:32:15,0.15,107.085
01/21/2026 09:42:15,0.16,107.064
01/21/2026 09:52:15,0.18,107.043
01/21/2026 10:02:15,0.20,107.030
01/21/2026 10:12:15,0.22,106.996
01/21/2026 10:22:15,0.24,106.949
01/21/2026 10:32:15,0.26,106.932
01/21/2026 10:42:15,0.28,106.880
01/21/2026 10:52:15,0.30,106.867
01/21/2026 11:02:15,0.32,106.837
01/21/2026 11:12:15,0.33,106.790
01/21/2026 11:22:15,0.35,106.746
01/21/2026 11:32:15,0.37,106.664
01/21/2026 11:42:15,0.38,106.642
01/21/2026 11:52:15,0.40,106.595
01/21/2026 12:02:15,0.41,106.608
01/21/2026 12:12:15,0.42,106.591
01/21/2026 12:22:15,0.43,106.583
01/21/2026 12:32:15,0.44,106.565
01/21/2026 12:42:15,0.45,106.517
01/21/2026 12:52:15,0.45,106.491
01/21/2026 13:02:15,0.46,106.461
01/21/2026 13:12:15,0.47,106.448
01/21/2026 13:22:15,0.48,106.422
01/21/2026 13:32:15,0.49,106.409
01/21/2026 13:42:15,0.49,106.392
01/21/2026 13:52:15,0.50,106.370
01/21/2026 14:02:15,0.51,106.300
01/21/2026 14:12:15,0.51,106.279
01/21/2026 14:22:15,0.52,106.244
01/21/2026 14:32:15,0.51,106.200
01/21/2026 14:42:15,0.51,106.169
01/21/2026 14:52:15,0.50,106.186
01/21/2026 15:02:15,0.50,106.173
01/21/2026 15:12:15,0.49,106.155
01/21/2026 15:22:15,0.48,106.141
01/21/2026 15:32:15,0.47,106.128
01/21/2026 15:42:15,0.46,106.105
01/21/2026 15:52:15,0.45,106.088
01/21/2026 16:02:15,0.44,106.043
01/21/2026 16:12:15,0.44,106.004
01/21/2026 16:22:15,0.43,106.012
01/21/2026 16:32:15,0.43,105.955
01/21/2026 16:42:15,0.42,105.933
01/21/2026 16:52:15,0.41,105.906
01/21/2026 17:02:15,0.40,105.923
01/21/2026 17:12:15,0.39,105.923
01/21/2026 17:22:15,0.38,105.905
01/21/2026 17:32:15,0.37,105.874
01/21/2026 17:42:15,0.36,105.817
01/21/2026 17:52:15,0.36,105.834
01/21/2026 18:02:15,0.36,105.861
01/21/2026 18:12:15,0.35,105.891
01/21/2026 18:22:15,0.35,105.878
01/21/2026 18:32:15,0.34,105.900
01/21/2026 18:42:15,0.34,105.864
01/21/2026 18:52:15,0.34,105.869
01/21/2026 19:02:15,0.33,105.869
01/21/2026 19:12:15,0.33,105.860
01/21/2026 19:22:15,0.33,105.860
01/21/2026 19:32:15,0.32,105.833
01/21/2026 19:42:15,0.32,105.824
01/21/2026 19:52:15,0.31,105.833
01/21/2026 20:02:15,0.31,105.832
01/21/2026 20:12:15,0.30,105.832
01/21/2026 20:22:15,0.30,105.815
01/21/2026 20:32:15,0.30,105.828
01/21/2026 20:42:15,0.30,105.806
01/21/2026 20:52:15,0.30,105.806
01/21/2026 21:02:15,0.30,105.775
01/21/2026 21:12:15,0.30,105.771
01/21/2026 21:22:15,0.30,105.732
01/21/2026 21:32:15,0.30,105.727
01/21/2026 21:42:15,0.31,105.736
01/21/2026 21:52:15,0.32,105.706
01/21/2026 22:02:15,0.32,105.693
01/21/2026 22:12:15,0.33,105.706
01/21/2026 22:22:15,0.33,105.689
01/21/2026 22:32:15,0.34,105.658
01/21/2026 22:42:15,0.34,105.654
01/21/2026 22:52:15,0.33,105.654
01/21/2026 23:02:15,0.33,105.658
01/21/2026 23:12:15,0.33,105.649
01/21/2026 23:22:15,0.33,105.631
01/21/2026 23:32:15,0.33,105.605
01/21/2026 23:42:15,0.34,105.597
01/21/2026 23:52:15,0.35,105.606
01/22/2026 00:02:15,0.35,105.584
01/22/2026 00:12:15,0.36,105.549
01/22/2026 00:22:15,0.37,105.528
01/22/2026 00:32:15,0.37,105.506
01/22/2026 00:42:15,0.37,105.502
01/22/2026 00:52:15,0.37,105.480
01/22/2026 01:02:15,0.37,105.458
01/22/2026 01:12:15,0.38,105.449
01/22/2026 01:22:15,0.37,105.423
01/22/2026 01:32:15,0.37,105.440
01/22/2026 01:42:15,0.37,105.409
01/22/2026 01:52:15,0.37,105.401
01/22/2026 02:02:15,0.37,105.387
01/22/2026 02:12:15,0.37,105.374
01/22/2026 02:22:15,0.37,105.352
01/22/2026 02:32:15,0.37,105.335
01/22/2026 02:42:15,0.37,105.308
01/22/2026 02:52:15,0.37,105.278
01/22/2026 03:02:15,0.37,105.256
01/22/2026 03:12:15,0.37,105.260
01/22/2026 03:22:15,0.37,105.221
01/22/2026 03:32:15,0.37,105.229
01/22/2026 03:42:15,0.37,105.212
01/22/2026 03:52:15,0.37,105.212
01/22/2026 04:02:15,0.36,105.155
01/22/2026 04:12:15,0.36,105.168
01/22/2026 04:22:15,0.36,105.150
01/22/2026 04:32:15,0.36,105.106
01/22/2026 04:42:15,0.36,105.106
01/22/2026 04:52:15,0.36,105.089
01/22/2026 05:02:15,0.36,105.084
01/22/2026 05:12:15,0.36,105.062
01/22/2026 05:22:15,0.36,105.018
01/22/2026 05:32:15,0.36,105.036
01/22/2026 05:42:15,0.36,105.010
01/22/2026 05:52:15,0.36,105.067
01/22/2026 06:02:15,0.36,105.067
01/22/2026 06:12:15,0.36,105.080
01/22/2026 06:22:15,0.36,105.084
01/22/2026 06:32:15,0.36,105.076
01/22/2026 06:42:15,0.36,105.071
01/22/2026 06:52:15,0.36,105.071
01/22/2026 07:02:15,0.36,105.071
01/22/2026 07:12:15,0.36,105.071
01/22/2026 07:22:15,0.35,105.040
01/22/2026 07:32:15,0.35,105.049
01/22/2026 07:42:15,0.35,105.066
01/22/2026 07:52:15,0.34,105.070
01/22/2026 08:02:15,0.34,105.084
01/22/2026 08:12:15,0.34,105.105
01/22/2026 08:22:15,0.34,105.123
01/22/2026 08:32:15,0.34,105.127
01/22/2026 08:42:15,0.34,105.123
01/22/2026 08:52:15,0.34,105.119
01/22/2026 09:02:15,0.35,105.119
01/22/2026 09:12:15,0.35,105.119
01/22/2026 09:22:15,0.35,105.123
01/22/2026 09:32:15,0.35,105.132
01/22/2026 09:42:15,0.35,105.154
01/22/2026 09:52:15,0.36,105.163
01/22/2026 10:02:15,0.36,105.185
01/22/2026 10:12:15,0.38,105.177
01/22/2026 10:22:15,0.40,105.178
01/22/2026 10:32:15,0.41,105.178
01/22/2026 10:42:15,0.43,105.170
01/22/2026 10:52:15,0.44,105.162
01/22/2026 11:02:15,0.46,105.123
01/22/2026 11:12:15,0.49,105.111
01/22/2026 11:22:15,0.51,105.081
01/22/2026 11:32:15,0.54,105.060
01/22/2026 11:42:15,0.56,105.039
01/22/2026 11:52:15,0.58,105.035
01/22/2026 12:02:15,0.59,105.009
01/22/2026 12:12:15,0.60,104.992
01/22/2026 12:22:15,0.61,104.979
01/22/2026 12:32:15,0.62,104.975
01/22/2026 12:42:15,0.62,104.966
01/22/2026 12:52:15,0.62,104.966
01/22/2026 13:02:15,0.62,104.971
01/22/2026 13:12:15,0.62,104.957
01/22/2026 13:22:15,0.63,104.971
01/22/2026 13:32:15,0.63,104.989
01/22/2026 13:42:15,0.63,104.975
01/22/2026 13:52:15,0.64,105.002
01/22/2026 14:02:15,0.64,105.019
01/22/2026 14:12:15,0.64,105.041
01/22/2026 14:22:15,0.64,105.037
01/22/2026 14:32:15,0.65,105.046
01/22/2026 14:42:15,0.66,105.051
01/22/2026 14:52:15,0.67,105.073
01/22/2026 15:02:15,0.68,105.078
01/22/2026 15:12:15,0.69,105.087
01/22/2026 15:22:15,0.68,105.109
01/22/2026 15:32:15,0.68,105.148
01/22/2026 15:42:15,0.67,105.196
01/22/2026 15:52:15,0.65,105.231
01/22/2026 16:02:15,0.63,105.252
01/22/2026 16:12:15,0.62,105.282
01/22/2026 16:22:15,0.60,105.317
01/22/2026 16:32:15,0.58,105.351
01/22/2026 16:42:15,0.56,105.394
01/22/2026 16:52:15,0.55,105.415
01/22/2026 17:02:15,0.52,105.445
01/22/2026 17:12:15,0.51,105.449
01/22/2026 17:22:15,0.49,105.462
01/22/2026 17:32:15,0.47,105.466
01/22/2026 17:42:15,0.46,105.448
01/22/2026 17:52:15,0.45,105.447
01/22/2026 18:02:15,0.44,105.451
01/22/2026 18:12:15,0.43,105.460
01/22/2026 18:22:15,0.43,105.442
01/22/2026 18:32:15,0.42,105.446
01/22/2026 18:42:15,0.41,105.476
01/22/2026 18:52:15,0.40,105.476
01/22/2026 19:02:15,0.39,105.463
01/22/2026 19:12:15,0.39,105.458
01/22/2026 19:22:15,0.38,105.453
01/22/2026 19:32:15,0.37,105.457
01/22/2026 19:42:15,0.36,105.466
01/22/2026 19:52:15,0.35,105.461
01/22/2026 20:02:15,0.35,105.479
01/22/2026 20:12:15,0.33,105.469
01/22/2026 20:22:15,0.33,105.469
01/22/2026 20:32:15,0.32,105.447
01/22/2026 20:42:15,0.31,105.477
01/22/2026 20:52:15,0.30,105.477
01/22/2026 21:02:15,0.30,105.490
01/22/2026 21:12:15,0.29,105.477
01/22/2026 21:22:15,0.28,105.476
01/22/2026 21:32:15,0.28,105.476
01/22/2026 21:42:15,0.27,105.485
01/22/2026 21:52:15,0.26,105.489
01/22/2026 22:02:15,0.25,105.502
01/22/2026 22:12:15,0.25,105.514
01/22/2026 22:22:15,0.24,105.527
01/22/2026 22:32:15,0.23,105.523
01/22/2026 22:42:15,0.23,105.505
01/22/2026 22:52:15,0.22,105.500
01/22/2026 23:02:15,0.21,105.496
01/22/2026 23:12:15,0.21,105.482
01/22/2026 23:22:15,0.20,105.487
01/22/2026 23:32:15,0.20,105.465
01/22/2026 23:42:15,0.19,105.469
01/22/2026 23:52:15,0.19,105.451
01/23/2026 00:02:15,0.19,105.451
01/23/2026 00:12:15,0.19,105.469
01/23/2026 00:22:15,0.19,105.473
01/23/2026 00:32:15,0.19,105.451
01/23/2026 00:42:15,0.19,105.443
01/23/2026 00:52:15,0.19,105.438
01/23/2026 01:02:15,0.19,105.425
01/23/2026 01:12:15,0.19,105.412
01/23/2026 01:22:15,0.19,105.416
01/23/2026 01:32:15,0.19,105.429
01/23/2026 01:42:15,0.19,105.416
01/23/2026 01:52:15,0.19,105.425
01/23/2026 02:02:15,0.19,105.411
01/23/2026 02:12:15,0.19,105.416
01/23/2026 02:22:15,0.18,105.403
01/23/2026 02:32:15,0.18,105.411
01/23/2026 02:42:15,0.18,105.398
01/23/2026 02:52:15,0.18,105.381
01/23/2026 03:02:15,0.19,105.354
01/23/2026 03:12:15,0.19,105.324
01/23/2026 03:22:15,0.19,105.302
01/23/2026 03:32:15,0.19,105.302
01/23/2026 03:42:15,0.19,105.302
01/23/2026 03:52:15,0.20,105.280
01/23/2026 04:02:15,0.21,105.281
01/23/2026 04:12:15,0.22,105.277
01/23/2026 04:22:15,0.23,105.260
01/23/2026 04:32:15,0.23,105.233
01/23/2026 04:42:15,0.23,105.251
01/23/2026 04:52:15,0.23,105.242
01/23/2026 05:02:15,0.22,105.242
01/23/2026 05:12:15,0.22,105.215
01/23/2026 05:22:15,0.22,105.211
01/23/2026 05:32:15,0.22,105.206
01/23/2026 05:42:15,0.22,105.233
01/23/2026 05:52:15,0.22,105.233
01/23/2026 06:02:15,0.22,105.224
01/23/2026 06:12:15,0.22,105.228
01/23/2026 06:22:15,0.21,105.215
01/23/2026 06:32:15,0.21,105.202
01/23/2026 06:42:15,0.21,105.197
01/23/2026 06:52:15,0.20,105.210
01/23/2026 07:02:15,0.20,105.206
01/23/2026 07:12:15,0.19,105.206
01/23/2026 07:22:15,0.19,105.201
01/23/2026 07:32:15,0.19,105.219
01/23/2026 07:42:15,0.19,105.206
01/23/2026 07:52:15,0.19,105.210
01/23/2026 08:02:15,0.20,105.210
01/23/2026 08:12:15,0.20,105.193
01/23/2026 08:22:15,0.21,105.189
01/23/2026 08:32:15,0.22,105.193
01/23/2026 08:42:15,0.23,105.189
01/23/2026 08:52:15,0.25,105.199
01/23/2026 09:02:15,0.26,105.186
01/23/2026 09:12:15,0.27,105.195
01/23/2026 09:22:15,0.28,105.204
01/23/2026 09:32:15,0.30,105.222
01/23/2026 09:42:15,0.32,105.258
01/23/2026 09:52:15,0.34,105.263
01/23/2026 10:02:15,0.37,105.304
01/23/2026 10:12:15,0.40,105.314
01/23/2026 10:22:15,0.43,105.345
01/23/2026 10:32:15,0.46,105.368
01/23/2026 10:42:15,0.48,105.374
01/23/2026 10:52:15,0.50,105.392
01/23/2026 11:02:15,0.52,105.401
01/23/2026 11:12:15,0.54,105.424
01/23/2026 11:22:15,0.58,105.443
01/23/2026 11:32:15,0.61,105.510
01/23/2026 11:42:15,0.64,105.542
01/23/2026 11:52:15,0.66,105.569
01/23/2026 12:02:15,0.67,105.573
01/23/2026 12:12:15,0.67,105.565
01/23/2026 12:22:15,0.67,105.560
01/23/2026 12:32:15,0.67,105.569
01/23/2026 12:42:15,0.68,105.569
01/23/2026 12:52:15,0.68,105.561
01/23/2026 13:02:15,0.69,105.526
01/23/2026 13:12:15,0.69,105.508
01/23/2026 13:22:15,0.69,105.495
01/23/2026 13:32:15,0.68,105.456
01/23/2026 13:42:15,0.68,105.460
01/23/2026 13:52:15,0.67,105.442
01/23/2026 14:02:15,0.66,105.428
01/23/2026 14:12:15,0.65,105.406
01/23/2026 14:22:15,0.65,105.384
01/23/2026 14:32:15,0.64,105.375
01/23/2026 14:42:15,0.64,105.366
01/23/2026 14:52:15,0.63,105.362
01/23/2026 15:02:15,0.63,105.357
01/23/2026 15:12:15,0.62,105.357
01/23/2026 15:22:15,0.61,105.361
01/23/2026 15:32:15,0.61,105.374
01/23/2026 15:42:15,0.59,105.404
01/23/2026 15:52:15,0.58,105.408
01/23/2026 16:02:15,0.57,105.407
01/23/2026 16:12:15,0.55,105.455
01/23/2026 16:22:15,0.54,105.468
01/23/2026 16:32:15,0.52,105.498
01/23/2026 16:42:15,0.50,105.537
01/23/2026 16:52:15,0.48,105.584
01/23/2026 17:02:15,0.46,105.584
01/23/2026 17:12:15,0.44,105.578
01/23/2026 17:22:15,0.42,105.617
01/23/2026 17:32:15,0.40,105.630
01/23/2026 17:42:15,0.39,105.660
01/23/2026 17:52:15,0.37,105.699
01/23/2026 18:02:15,0.36,105.720
01/23/2026 18:12:15,0.34,105.768
01/23/2026 18:22:15,0.32,105.785
01/23/2026 18:32:15,0.31,105.776
01/23/2026 18:42:15,0.29,105.806
01/23/2026 18:52:15,0.27,105.818
01/23/2026 19:02:15,0.26,105.853
01/23/2026 19:12:15,0.24,105.874
01/23/2026 19:22:15,0.22,105.887
01/23/2026 19:32:15,0.20,105.890
01/23/2026 19:42:15,0.18,105.885
01/23/2026 19:52:15,0.16,105.893
01/23/2026 20:02:15,0.15,105.879
01/23/2026 20:12:15,0.13,105.914
01/23/2026 20:22:15,0.13,105.931
01/23/2026 20:32:15,0.12,105.971
01/23/2026 20:42:15,0.11,106.049
01/23/2026 20:52:15,0.11,106.133
01/23/2026 21:02:15,0.11,106.207
01/23/2026 21:12:15,0.12,106.321
01/23/2026 21:22:15,0.11,106.422
01/23/2026 21:32:15,0.11,106.536
01/23/2026 21:42:15,0.11,106.624
01/23/2026 21:52:15,0.12,106.720
01/23/2026 22:02:15,0.12,106.799
01/23/2026 22:12:15,0.12,106.900
01/23/2026 22:22:15,0.13,106.966
01/23/2026 22:32:15,0.14,107.059
01/23/2026 22:42:15,0.16,107.121
01/23/2026 22:52:15,0.17,107.200
01/23/2026 23:02:15,0.17,107.266
01/23/2026 23:12:15,0.18,107.310
01/23/2026 23:22:15,0.18,107.376
01/23/2026 23:32:15,0.18,107.433
01/23/2026 23:42:15,0.17,107.468
01/23/2026 23:52:15,0.17,107.529
01/24/2026 00:02:15,0.17,107.577
01/24/2026 00:12:15,0.17,107.612
01/24/2026 00:22:15,0.17,107.656
01/24/2026 00:32:15,0.16,107.682
01/24/2026 00:42:15,0.15,107.717
01/24/2026 00:52:15,0.14,107.739
01/24/2026 01:02:15,0.14,107.751
01/24/2026 01:12:15,0.13,107.782
01/24/2026 01:22:15,0.12,107.795
01/24/2026 01:32:15,0.12,107.803
01/24/2026 01:42:15,0.12,107.816
01/24/2026 01:52:15,0.12,107.843
01/24/2026 02:02:15,0.12,107.821
01/24/2026 02:12:15,0.12,107.821
01/24/2026 02:22:15,0.11,107.799
01/24/2026 02:32:15,0.11,107.812
01/24/2026 02:42:15,0.11,107.786
01/24/2026 02:52:15,0.11,107.777
01/24/2026 03:02:15,0.11,107.742
01/24/2026 03:12:15,0.11,107.733
01/24/2026 03:22:15,0.11,107.715
01/24/2026 03:32:15,0.11,107.698
01/24/2026 03:42:15,0.11,107.676
01/24/2026 03:52:15,0.11,107.632
01/24/2026 04:02:15,0.11,107.601
01/24/2026 04:12:15,0.10,107.562
01/24/2026 04:22:15,0.10,107.549
01/24/2026 04:32:15,0.10,107.513
01/24/2026 04:42:15,0.10,107.461
01/24/2026 04:52:15,0.10,107.413
01/24/2026 05:02:15,0.10,107.386
01/24/2026 05:12:15,0.10,107.347
01/24/2026 05:22:15,0.10,107.303
01/24/2026 05:32:15,0.10,107.281
01/24/2026 05:42:15,0.10,107.237
01/24/2026 05:52:15,0.10,107.202
01/24/2026 06:02:15,0.10,107.171
01/24/2026 06:12:15,0.09,107.158
01/24/2026 06:22:15,0.09,107.127
01/24/2026 06:32:15,0.09,107.101
01/24/2026 06:42:15,0.09,107.101
01/24/2026 06:52:15,0.09,107.088
01/24/2026 07:02:15,0.08,107.083
01/24/2026 07:12:15,0.08,107.087
01/24/2026 07:22:15,0.08,107.096
01/24/2026 07:32:15,0.08,107.122
01/24/2026 07:42:15,0.08,107.127
01/24/2026 07:52:15,0.08,107.118
01/24/2026 08:02:15,0.08,107.114
01/24/2026 08:12:15,0.08,107.144
01/24/2026 08:22:15,0.09,107.153
01/24/2026 08:32:15,0.09,107.180
01/24/2026 08:42:15,0.10,107.176
01/24/2026 08:52:15,0.10,107.202
01/24/2026 09:02:15,0.11,107.216
01/24/2026 09:12:15,0.11,107.238
01/24/2026 09:22:15,0.13,107.251
01/24/2026 09:32:15,0.14,107.252
01/24/2026 09:42:15,0.16,107.252
01/24/2026 09:52:15,0.17,107.249
01/24/2026 10:02:15,0.19,107.275
01/24/2026 10:12:15,0.20,107.298
01/24/2026 10:22:15,0.21,107.307
01/24/2026 10:32:15,0.23,107.316
01/24/2026 10:42:15,0.24,107.321
01/24/2026 10:52:15,0.26,107.304
01/24/2026 11:02:15,0.27,107.287
01/24/2026 11:12:15,0.29,107.270
01/24/2026 11:22:15,0.30,107.249
01/24/2026 11:32:15,0.31,107.214
01/24/2026 11:42:15,0.32,107.201
01/24/2026 11:52:15,0.34,107.193
01/24/2026 12:02:15,0.36,107.172
01/24/2026 12:12:15,0.38,107.160
01/24/2026 12:22:15,0.40,107.156
01/24/2026 12:32:15,0.42,107.130
01/24/2026 12:42:15,0.44,107.131
01/24/2026 12:52:15,0.45,107.097
01/24/2026 13:02:15,0.47,107.075
01/24/2026 13:12:15,0.48,107.062
01/24/2026 13:22:15,0.48,107.049
01/24/2026 13:32:15,0.49,107.023
01/24/2026 13:42:15,0.49,107.014
01/24/2026 13:52:15,0.49,107.010
01/24/2026 14:02:15,0.48,107.023
01/24/2026 14:12:15,0.47,107.005
01/24/2026 14:22:15,0.47,107.018
01/24/2026 14:32:15,0.46,107.005
01/24/2026 14:42:15,0.44,107.039
01/24/2026 14:52:15,0.42,107.043
01/24/2026 15:02:15,0.40,107.060
01/24/2026 15:12:15,0.38,107.081
01/24/2026 15:22:15,0.36,107.076
01/24/2026 15:32:15,0.34,107.093
01/24/2026 15:42:15,0.33,107.092
01/24/2026 15:52:15,0.31,107.109
01/24/2026 16:02:15,0.30,107.104
01/24/2026 16:12:15,0.29,107.134
01/24/2026 16:22:15,0.28,107.116
01/24/2026 16:32:15,0.26,107.125
01/24/2026 16:42:15,0.25,107.107
01/24/2026 16:52:15,0.24,107.098
01/24/2026 17:02:15,0.23,107.097
01/24/2026 17:12:15,0.22,107.092
01/24/2026 17:22:15,0.21,107.096
01/24/2026 17:32:15,0.20,107.096
01/24/2026 17:42:15,0.19,107.105
01/24/2026 17:52:15,0.18,107.104
01/24/2026 18:02:15,0.18,107.113
01/24/2026 18:12:15,0.17,107.104
01/24/2026 18:22:15,0.16,107.104
01/24/2026 18:32:15,0.16,107.099
01/24/2026 18:42:15,0.16,107.108
01/24/2026 18:52:15,0.15,107.112
01/24/2026 19:02:15,0.14,107.116
01/24/2026 19:12:15,0.14,107.125
01/24/2026 19:22:15,0.13,107.159
01/24/2026 19:32:15,0.13,107.142
01/24/2026 19:42:15,0.13,107.137
01/24/2026 19:52:15,0.13,107.146
01/24/2026 20:02:15,0.13,107.142
01/24/2026 20:12:15,0.14,107.116
01/24/2026 20:22:15,0.14,107.116
01/24/2026 20:32:15,0.14,107.125
01/24/2026 20:42:15,0.15,107.125
01/24/2026 20:52:15,0.15,107.134
01/24/2026 21:02:15,0.15,107.169
01/24/2026 21:12:15,0.15,107.169
01/24/2026 21:22:15,0.15,107.173
01/24/2026 21:32:15,0.15,107.173
01/24/2026 21:42:15,0.16,107.173
01/24/2026 21:52:15,0.16,107.147
01/24/2026 22:02:15,0.16,107.156
01/24/2026 22:12:15,0.16,107.160
01/24/2026 22:22:15,0.16,107.165
01/24/2026 22:32:15,0.15,107.165
01/24/2026 22:42:15,0.15,107.151
01/24/2026 22:52:15,0.15,107.169
01/24/2026 23:02:15,0.15,107.156
01/24/2026 23:12:15,0.15,107.191
01/24/2026 23:22:15,0.14,107.160
01/24/2026 23:32:15,0.14,107.182
01/24/2026 23:42:15,0.14,107.142
01/24/2026 23:52:15,0.13,107.151
01/25/2026 00:02:15,0.13,107.146
01/25/2026 00:12:15,0.13,107.142
01/25/2026 00:22:15,0.13,107.146
01/25/2026 00:32:15,0.12,107.150
01/25/2026 00:42:15,0.12,107.159
01/25/2026 00:52:15,0.12,107.155
01/25/2026 01:02:15,0.12,107.133
01/25/2026 01:12:15,0.12,107.119
01/25/2026 01:22:15,0.12,107.128
01/25/2026 01:32:15,0.12,107.137
01/25/2026 01:42:15,0.12,107.159
01/25/2026 01:52:15,0.12,107.172
01/25/2026 02:02:15,0.12,107.176
01/25/2026 02:12:15,0.12,107.181
01/25/2026 02:22:15,0.12,107.181
01/25/2026 02:32:15,0.12,107.137
01/25/2026 02:42:15,0.13,107.133
01/25/2026 02:52:15,0.13,107.151
01/25/2026 03:02:15,0.13,107.168
01/25/2026 03:12:15,0.13,107.120
01/25/2026 03:22:15,0.13,107.138
01/25/2026 03:32:15,0.13,107.098
01/25/2026 03:42:15,0.13,107.098
01/25/2026 03:52:15,0.13,107.098
01/25/2026 04:02:15,0.13,107.138
01/25/2026 04:12:15,0.13,107.116
01/25/2026 04:22:15,0.14,107.103
01/25/2026 04:32:15,0.14,107.089
01/25/2026 04:42:15,0.14,107.120
01/25/2026 04:52:15,0.14,107.103
01/25/2026 05:02:15,0.15,107.116
01/25/2026 05:12:15,0.15,107.147
01/25/2026 05:22:15,0.16,107.125
01/25/2026 05:32:15,0.16,107.099
01/25/2026 05:42:15,0.16,107.099
01/25/2026 05:52:15,0.16,107.081
01/25/2026 06:02:15,0.16,107.064
01/25/2026 06:12:15,0.16,107.046
01/25/2026 06:22:15,0.16,107.042
01/25/2026 06:32:15,0.16,107.033
01/25/2026 06:42:15,0.16,107.016
01/25/2026 06:52:15,0.16,107.060
01/25/2026 07:02:15,0.17,106.994
01/25/2026 07:12:15,0.17,106.998
01/25/2026 07:22:15,0.17,106.985
01/25/2026 07:32:15,0.17,106.985
01/25/2026 07:42:15,0.17,106.977
01/25/2026 07:52:15,0.18,106.959
01/25/2026 08:02:15,0.18,106.951
01/25/2026 08:12:15,0.18,106.885
01/25/2026 08:22:15,0.19,106.881
01/25/2026 08:32:15,0.19,106.885
01/25/2026 08:42:15,0.19,106.903
01/25/2026 08:52:15,0.19,106.885
01/25/2026 09:02:15,0.20,106.881
01/25/2026 09:12:15,0.20,106.921
01/25/2026 09:22:15,0.20,106.947
01/25/2026 09:32:15,0.21,106.939
01/25/2026 09:42:15,0.21,106.969
01/25/2026 09:52:15,0.20,106.973
01/25/2026 10:02:15,0.20,106.951
01/25/2026 10:12:15,0.19,106.947
01/25/2026 10:22:15,0.18,106.920
01/25/2026 10:32:15,0.17,106.880
01/25/2026 10:42:15,0.15,106.866
01/25/2026 10:52:15,0.14,106.813
01/25/2026 11:02:15,0.13,106.817
01/25/2026 11:12:15,0.12,106.769
01/25/2026 11:22:15,0.10,106.768
01/25/2026 11:32:15,0.09,106.746
01/25/2026 11:42:15,0.08,106.741
01/25/2026 11:52:15,0.08,106.684
01/25/2026 12:02:15,0.07,106.640
01/25/2026 12:12:15,0.07,106.653
01/25/2026 12:22:15,0.06,106.683
01/25/2026 12:32:15,0.06,106.705
01/25/2026 12:42:15,0.05,106.683
01/25/2026 12:52:15,0.04,106.700
01/25/2026 13:02:15,0.03,106.691
01/25/2026 13:12:15,0.03,106.665
01/25/2026 13:22:15,0.02,106.713
01/25/2026 13:32:15,0.02,106.765
01/25/2026 13:42:15,0.02,106.840
01/25/2026 13:52:15,0.03,106.928
01/25/2026 14:02:15,0.03,106.971
01/25/2026 14:12:15,0.03,107.064
01/25/2026 14:22:15,0.03,107.099
01/25/2026 14:32:15,0.03,107.195
01/25/2026 14:42:15,0.03,107.200
01/25/2026 14:52:15,0.03,107.252
01/25/2026 15:02:15,0.02,107.327
01/25/2026 15:12:15,0.03,107.357
01/25/2026 15:22:15,0.03,107.419
01/25/2026 15:32:15,0.03,107.379
01/25/2026 15:42:15,0.04,107.340
01/25/2026 15:52:15,0.03,107.305
01/25/2026 16:02:15,0.03,107.397
01/25/2026 16:12:15,0.04,107.410
01/25/2026 16:22:15,0.04,107.380
01/25/2026 16:32:15,0.05,107.428
01/25/2026 16:42:15,0.06,107.459
01/25/2026 16:52:15,0.05,107.468
01/25/2026 17:02:15,0.05,107.490
01/25/2026 17:12:15,0.05,107.503
01/25/2026 17:22:15,0.05,107.516
01/25/2026 17:32:15,0.06,107.551
01/25/2026 17:42:15,0.06,107.604
01/25/2026 17:52:15,0.08,107.662
01/25/2026 18:02:15,0.09,107.592
01/25/2026 18:12:15,0.07,107.569
01/25/2026 18:22:15,0.06,107.556
01/25/2026 18:32:15,0.05,107.534
01/25/2026 18:42:15,0.05,107.490
01/25/2026 18:52:15,0.05,107.446
01/25/2026 19:02:15,0.05,107.411
01/25/2026 19:12:15,0.06,107.385
01/25/2026 19:22:15,0.07,107.350
01/25/2026 19:32:15,0.07,107.289
01/25/2026 19:42:15,0.06,107.227
01/25/2026 19:52:15,0.06,107.205
01/25/2026 20:02:15,0.06,107.179
01/25/2026 20:12:15,0.06,107.157
01/25/2026 20:22:15,0.06,107.087
01/25/2026 20:32:15,0.07,107.061
01/25/2026 20:42:15,0.08,106.987
01/25/2026 20:52:15,0.09,106.903
01/25/2026 21:02:15,0.08,106.859
01/25/2026 21:12:15,0.08,106.802
01/25/2026 21:22:15,0.08,106.750
01/25/2026 21:32:15,0.08,106.706
01/25/2026 21:42:15,0.07,106.697
01/25/2026 21:52:15,0.08,106.614
01/25/2026 22:02:15,0.08,106.487
01/25/2026 22:12:15,0.08,106.522
01/25/2026 22:22:15,0.07,106.552
01/25/2026 22:32:15,0.06,106.631
01/25/2026 22:42:15,0.06,106.670
01/25/2026 22:52:15,0.06,106.679
01/25/2026 23:02:15,0.05,106.582
01/25/2026 23:12:15,0.05,106.551
01/25/2026 23:22:15,0.06,106.530
01/25/2026 23:32:15,0.05,106.512
01/25/2026 23:42:15,0.05,106.455
01/25/2026 23:52:15,0.05,106.459
01/26/2026 00:02:15,0.04,106.459
01/26/2026 00:12:15,0.04,106.406
01/26/2026 00:22:15,0.04,106.349
01/26/2026 00:32:15,0.03,106.279
01/26/2026 00:42:15,0.03,106.231
01/26/2026 00:52:15,0.03,106.143
01/26/2026 01:02:15,0.03,106.152
01/26/2026 01:12:15,0.03,106.130
01/26/2026 01:22:15,0.03,106.099
01/26/2026 01:32:15,0.04,106.033
01/26/2026 01:42:15,0.06,105.995
01/26/2026 01:52:15,0.08,105.978
01/26/2026 02:02:15,0.10,106.027
01/26/2026 02:12:15,0.09,106.031
01/26/2026 02:22:15,0.08,106.013
01/26/2026 02:32:15,0.07,106.004
01/26/2026 02:42:15,0.06,105.929
01/26/2026 02:52:15,0.06,105.916
01/26/2026 03:02:15,0.05,105.911
01/26/2026 03:12:15,0.05,105.907
01/26/2026 03:22:15,0.05,105.880
01/26/2026 03:32:15,0.05,105.837
01/26/2026 03:42:15,0.05,105.872
01/26/2026 03:52:15,0.06,105.841
01/26/2026 04:02:15,0.06,105.867
01/26/2026 04:12:15,0.06,105.815
01/26/2026 04:22:15,0.06,105.749
01/26/2026 04:32:15,0.06,105.710
01/26/2026 04:42:15,0.06,105.648
01/26/2026 04:52:15,0.06,105.688
01/26/2026 05:02:15,0.07,105.679
01/26/2026 05:12:15,0.07,105.561
01/26/2026 05:22:15,0.07,105.631
01/26/2026 05:32:15,0.07,105.614
01/26/2026 05:42:15,0.07,105.627
01/26/2026 05:52:15,0.08,105.601
01/26/2026 06:02:15,0.08,105.566
01/26/2026 06:12:15,0.08,105.583
01/26/2026 06:22:15,0.08,105.605
01/26/2026 06:32:15,0.08,105.596
01/26/2026 06:42:15,0.08,105.579
01/26/2026 06:52:15,0.09,105.522
01/26/2026 07:02:15,0.09,105.544
01/26/2026 07:12:15,0.09,105.544
01/26/2026 07:22:15,0.10,105.496
01/26/2026 07:32:15,0.10,105.487
01/26/2026 07:42:15,0.10,105.457
01/26/2026 07:52:15,0.11,105.479
01/26/2026 08:02:15,0.11,105.497
01/26/2026 08:12:15,0.11,105.505
01/26/2026 08:22:15,0.12,105.492
01/26/2026 08:32:15,0.12,105.475
01/26/2026 08:42:15,0.13,105.475
01/26/2026 08:52:15,0.13,105.445
01/26/2026 09:02:15,0.13,105.405
01/26/2026 09:12:15,0.14,105.392
01/26/2026 09:22:15,0.14,105.375
01/26/2026 09:32:15,0.15,105.336
01/26/2026 09:42:15,0.16,105.318
01/26/2026 09:52:15,0.16,105.310
01/26/2026 10:02:15,0.17,105.297
01/26/2026 10:12:15,0.18,105.288
01/26/2026 10:22:15,0.18,105.267
01/26/2026 10:32:15,0.19,105.219
01/26/2026 10:42:15,0.20,105.197
01/26/2026 10:52:15,0.20,105.197
01/26/2026 11:02:15,0.20,105.188
01/26/2026 11:12:15,0.20,105.193
01/26/2026 11:22:15,0.20,105.144
01/26/2026 11:32:15,0.20,105.101
01/26/2026 11:42:15,0.20,105.065
01/26/2026 11:52:15,0.20,105.048
01/26/2026 12:02:15,0.20,105.022
01/26/2026 12:12:15,0.20,105.004
01/26/2026 12:22:15,0.21,105.009
01/26/2026 12:32:15,0.22,105.013
01/26/2026 12:42:15,0.23,104.970
01/26/2026 12:52:15,0.24,104.953
01/26/2026 13:02:15,0.25,104.931
01/26/2026 13:12:15,0.26,104.901
01/26/2026 13:22:15,0.27,104.901
01/26/2026 13:32:15,0.28,104.866
01/26/2026 13:42:15,0.28,104.849
01/26/2026 13:52:15,0.29,104.854
01/26/2026 14:02:15,0.30,104.867
01/26/2026 14:12:15,0.30,104.841
01/26/2026 14:22:15,0.31,104.854
01/26/2026 14:32:15,0.31,104.863
01/26/2026 14:42:15,0.31,104.841
01/26/2026 14:52:15,0.31,104.811
01/26/2026 15:02:15,0.31,104.810
01/26/2026 15:12:15,0.31,104.797
01/26/2026 15:22:15,0.31,104.784
01/26/2026 15:32:15,0.31,104.806
01/26/2026 15:42:15,0.31,104.793
01/26/2026 15:52:15,0.30,104.797
01/26/2026 16:02:15,0.30,104.806
01/26/2026 16:12:15,0.30,104.845
01/26/2026 16:22:15,0.30,104.863
01/26/2026 16:32:15,0.30,104.854
01/26/2026 16:42:15,0.29,104.845
01/26/2026 16:52:15,0.29,104.858
01/26/2026 17:02:15,0.28,104.880
01/26/2026 17:12:15,0.28,104.902
01/26/2026 17:22:15,0.28,104.910
01/26/2026 17:32:15,0.27,104.936
01/26/2026 17:42:15,0.27,104.958
01/26/2026 17:52:15,0.26,105.002
01/26/2026 18:02:15,0.26,105.032
01/26/2026 18:12:15,0.26,105.045
01/26/2026 18:22:15,0.25,105.054
01/26/2026 18:32:15,0.24,105.063
01/26/2026 18:42:15,0.24,105.084
01/26/2026 18:52:15,0.24,105.106
01/26/2026 19:02:15,0.23,105.132
01/26/2026 19:12:15,0.22,105.123
01/26/2026 19:22:15,0.22,105.141
01/26/2026 19:32:15,0.22,105.180
01/26/2026 19:42:15,0.22,105.171
01/26/2026 19:52:15,0.22,105.163
01/26/2026 20:02:15,0.22,105.167
01/26/2026 20:12:15,0.22,105.167
01/26/2026 20:22:15,0.22,105.158
01/26/2026 20:32:15,0.21,105.149
01/26/2026 20:42:15,0.21,105.154
01/26/2026 20:52:15,0.21,105.162
01/26/2026 21:02:15,0.21,105.188
01/26/2026 21:12:15,0.20,105.193
01/26/2026 21:22:15,0.20,105.175
01/26/2026 21:32:15,0.19,105.210
01/26/2026 21:42:15,0.19,105.201
01/26/2026 21:52:15,0.18,105.205
01/26/2026 22:02:15,0.18,105.231
01/26/2026 22:12:15,0.17,105.240
01/26/2026 22:22:15,0.16,105.248
01/26/2026 22:32:15,0.15,105.252
01/26/2026 22:42:15,0.15,105.261
01/26/2026 22:52:15,0.14,105.270
01/26/2026 23:02:15,0.14,105.278
01/26/2026 23:12:15,0.13,105.287
01/26/2026 23:22:15,0.13,105.331
01/26/2026 23:32:15,0.13,105.326
01/26/2026 23:42:15,0.13,105.339
01/26/2026 23:52:15,0.12,105.357
01/27/2026 00:02:15,0.12,105.370
01/27/2026 00:12:15,0.12,105.427
01/27/2026 00:22:15,0.12,105.462
01/27/2026 00:32:15,0.12,105.462
01/27/2026 00:42:15,0.12,105.501
01/27/2026 00:52:15,0.12,105.527
01/27/2026 01:02:15,0.11,105.532
01/27/2026 01:12:15,0.11,105.576
01/27/2026 01:22:15,0.11,105.597
01/27/2026 01:32:15,0.11,105.615
01/27/2026 01:42:15,0.10,105.628
01/27/2026 01:52:15,0.10,105.632
01/27/2026 02:02:15,0.10,105.654
01/27/2026 02:12:15,0.10,105.650
01/27/2026 02:22:15,0.09,105.676
01/27/2026 02:32:15,0.09,105.689
01/27/2026 02:42:15,0.09,105.724
01/27/2026 02:52:15,0.09,105.759
01/27/2026 03:02:15,0.09,105.772
01/27/2026 03:12:15,0.08,105.781
01/27/2026 03:22:15,0.08,105.767
01/27/2026 03:32:15,0.08,105.745
01/27/2026 03:42:15,0.07,105.763
01/27/2026 03:52:15,0.07,105.785
01/27/2026 04:02:15,0.07,105.802
01/27/2026 04:12:15,0.06,105.841
01/27/2026 04:22:15,0.06,105.872
01/27/2026 04:32:15,0.06,105.872
01/27/2026 04:42:15,0.06,105.872
01/27/2026 04:52:15,0.06,105.894
01/27/2026 05:02:15,0.05,105.907
01/27/2026 05:12:15,0.05,105.929
01/27/2026 05:22:15,0.05,105.951
01/27/2026 05:32:15,0.05,105.964
01/27/2026 05:42:15,0.05,105.968
01/27/2026 05:52:15,0.05,105.959
01/27/2026 06:02:15,0.04,105.955
01/27/2026 06:12:15,0.04,105.985
01/27/2026 06:22:15,0.04,106.020
01/27/2026 06:32:15,0.03,106.016
01/27/2026 06:42:15,0.03,106.042
01/27/2026 06:52:15,0.03,106.038
01/27/2026 07:02:15,0.03,106.033
01/27/2026 07:12:15,0.03,106.055
01/27/2026 07:22:15,0.03,106.077
01/27/2026 07:32:15,0.04,106.073
01/27/2026 07:42:15,0.04,106.060
01/27/2026 07:52:15,0.04,106.077
01/27/2026 08:02:15,0.04,106.082
01/27/2026 08:12:15,0.05,106.091
01/27/2026 08:22:15,0.05,106.100
01/27/2026 08:32:15,0.06,106.109
01/27/2026 08:42:15,0.07,106.100
01/27/2026 08:52:15,0.08,106.105
01/27/2026 09:02:15,0.10,106.084
01/27/2026 09:12:15,0.11,106.076
01/27/2026 09:22:15,0.13,106.063
01/27/2026 09:32:15,0.15,106.081
01/27/2026 09:42:15,0.17,106.064
01/27/2026 09:52:15,0.18,106.021
01/27/2026 10:02:15,0.19,106.008
01/27/2026 10:12:15,0.20,105.991
01/27/2026 10:22:15,0.20,105.969
01/27/2026 10:32:15,0.21,105.956
01/27/2026 10:42:15,0.22,105.952
01/27/2026 10:52:15,0.23,105.904
01/27/2026 11:02:15,0.25,105.887
01/27/2026 11:12:15,0.27,105.871
01/27/2026 11:22:15,0.28,105.840
01/27/2026 11:32:15,0.30,105.841
01/27/2026 11:42:15,0.32,105.833
01/27/2026 11:52:15,0.33,105.807
01/27/2026 12:02:15,0.35,105.790
01/27/2026 12:12:15,0.37,105.765
01/27/2026 12:22:15,0.39,105.748
01/27/2026 12:32:15,0.40,105.708
01/27/2026 12:42:15,0.40,105.704
01/27/2026 12:52:15,0.41,105.652
01/27/2026 13:02:15,0.41,105.639
01/27/2026 13:12:15,0.41,105.599
01/27/2026 13:22:15,0.41,105.578
01/27/2026 13:32:15,0.41,105.538
01/27/2026 13:42:15,0.41,105.511
01/27/2026 13:52:15,0.40,105.502
01/27/2026 14:02:15,0.39,105.476
01/27/2026 14:12:15,0.39,105.462
01/27/2026 14:22:15,0.38,105.445
01/27/2026 14:32:15,0.37,105.444
01/27/2026 14:42:15,0.36,105.426
01/27/2026 14:52:15,0.35,105.439
01/27/2026 15:02:15,0.35,105.439
01/27/2026 15:12:15,0.34,105.439
01/27/2026 15:22:15,0.33,105.439
01/27/2026 15:32:15,0.32,105.460
01/27/2026 15:42:15,0.32,105.456
01/27/2026 15:52:15,0.31,105.482
01/27/2026 16:02:15,0.30,105.486
01/27/2026 16:12:15,0.29,105.485
01/27/2026 16:22:15,0.28,105.494
01/27/2026 16:32:15,0.27,105.476
01/27/2026 16:42:15,0.27,105.489
01/27/2026 16:52:15,0.26,105.511
01/27/2026 17:02:15,0.25,105.506
01/27/2026 17:12:15,0.24,105.519
01/27/2026 17:22:15,0.23,105.527
01/27/2026 17:32:15,0.22,105.549
01/27/2026 17:42:15,0.21,105.518
01/27/2026 17:52:15,0.20,105.530
01/27/2026 18:02:15,0.19,105.543
01/27/2026 18:12:15,0.18,105.573
01/27/2026 18:22:15,0.17,105.591
01/27/2026 18:32:15,0.16,105.617
01/27/2026 18:42:15,0.16,105.630
01/27/2026 18:52:15,0.15,105.638
01/27/2026 19:02:15,0.15,105.647
01/27/2026 19:12:15,0.15,105.652
01/27/2026 19:22:15,0.15,105.665
01/27/2026 19:32:15,0.15,105.647
01/27/2026 19:42:15,0.15,105.638
01/27/2026 19:52:15,0.14,105.629
01/27/2026 20:02:15,0.14,105.642
01/27/2026 20:12:15,0.13,105.655
01/27/2026 20:22:15,0.13,105.646
01/27/2026 20:32:15,0.12,105.650
01/27/2026 20:42:15,0.12,105.685
01/27/2026 20:52:15,0.11,105.672
01/27/2026 21:02:15,0.11,105.668
01/27/2026 21:12:15,0.11,105.694
01/27/2026 21:22:15,0.11,105.707
01/27/2026 21:32:15,0.10,105.711
01/27/2026 21:42:15,0.10,105.720
01/27/2026 21:52:15,0.10,105.729
01/27/2026 22:02:15,0.09,105.733
01/27/2026 22:12:15,0.09,105.737
01/27/2026 22:22:15,0.09,105.728
01/27/2026 22:32:15,0.08,105.732
01/27/2026 22:42:15,0.08,105.745
01/27/2026 22:52:15,0.08,105.741
01/27/2026 23:02:15,0.07,105.750
01/27/2026 23:12:15,0.07,105.745
01/27/2026 23:22:15,0.07,105.763
01/27/2026 23:32:15,0.06,105.758
01/27/2026 23:42:15,0.06,105.745
01/27/2026 23:52:15,0.06,105.767
01/28/2026 00:02:15,0.05,105.766
01/28/2026 00:12:15,0.05,105.766
01/28/2026 00:22:15,0.05,105.766
01/28/2026 00:32:15,0.05,105.758
01/28/2026 00:42:15,0.05,105.753
01/28/2026 00:52:15,0.05,105.762
01/28/2026 01:02:15,0.04,105.788
01/28/2026 01:12:15,0.04,105.784
01/28/2026 01:22:15,0.04,105.797
01/28/2026 01:32:15,0.04,105.797
01/28/2026 01:42:15,0.04,105.797
01/28/2026 01:52:15,0.04,105.805
01/28/2026 02:02:15,0.04,105.827
01/28/2026 02:12:15,0.04,105.818
01/28/2026 02:22:15,0.04,105.832
01/28/2026 02:32:15,0.04,105.840
01/28/2026 02:42:15,0.03,105.858
01/28/2026 02:52:15,0.03,105.853
01/28/2026 03:02:15,0.03,105.858
01/28/2026 03:12:15,0.03,105.849
01/28/2026 03:22:15,0.03,105.840
01/28/2026 03:32:15,0.03,105.853
01/28/2026 03:42:15,0.04,105.862
01/28/2026 03:52:15,0.04,105.862
01/28/2026 04:02:15,0.04,105.880
01/28/2026 04:12:15,0.04,105.880
01/28/2026 04:22:15,0.04,105.889
01/28/2026 04:32:15,0.04,105.902
01/28/2026 04:42:15,0.04,105.906
01/28/2026 04:52:15,0.04,105.906
01/28/2026 05:02:15,0.03,105.910
01/28/2026 05:12:15,0.03,105.906
01/28/2026 05:22:15,0.03,105.919
01/28/2026 05:32:15,0.03,105.941
01/28/2026 05:42:15,0.03,105.945
01/28/2026 05:52:15,0.03,105.945
01/28/2026 06:02:15,0.03,105.954
01/28/2026 06:12:15,0.02,105.958
01/28/2026 06:22:15,0.02,105.967
01/28/2026 06:32:15,0.02,105.998
01/28/2026 06:42:15,0.02,105.998
01/28/2026 06:52:15,0.02,106.015
01/28/2026 07:02:15,0.02,106.028
01/28/2026 07:12:15,0.02,106.050
01/28/2026 07:22:15,0.02,106.064
01/28/2026 07:32:15,0.02,106.099
01/28/2026 07:42:15,0.02,106.103
01/28/2026 07:52:15,0.02,106.103
01/28/2026 08:02:15,0.03,106.121
01/28/2026 08:12:15,0.03,106.121
01/28/2026 08:22:15,0.04,106.139
01/28/2026 08:32:15,0.04,106.139
01/28/2026 08:42:15,0.05,106.152
01/28/2026 08:52:15,0.05,106.144
01/28/2026 09:02:15,0.06,106.148
01/28/2026 09:12:15,0.07,106.131
01/28/2026 09:22:15,0.08,106.127
01/28/2026 09:32:15,0.09,106.119
01/28/2026 09:42:15,0.11,106.106
01/28/2026 09:52:15,0.12,106.094
01/28/2026 10:02:15,0.14,106.103
01/28/2026 10:12:15,0.16,106.108
01/28/2026 10:22:15,0.17,106.104
01/28/2026 10:32:15,0.19,106.083
01/28/2026 10:42:15,0.21,106.083
01/28/2026 10:52:15,0.22,106.062
01/28/2026 11:02:15,0.24,106.010
01/28/2026 11:12:15,0.26,106.002
01/28/2026 11:22:15,0.27,105.980
01/28/2026 11:32:15,0.28,105.937
01/28/2026 11:42:15,0.29,105.929
01/28/2026 11:52:15,0.30,105.911
01/28/2026 12:02:15,0.31,105.881
01/28/2026 12:12:15,0.33,105.864
01/28/2026 12:22:15,0.34,105.882
01/28/2026 12:32:15,0.36,105.852
01/28/2026 12:42:15,0.37,105.852
01/28/2026 12:52:15,0.38,105.835
01/28/2026 13:02:15,0.38,105.809
01/28/2026 13:12:15,0.38,105.783
01/28/2026 13:22:15,0.38,105.787
01/28/2026 13:32:15,0.38,105.782
01/28/2026 13:42:15,0.38,105.752
01/28/2026 13:52:15,0.37,105.743
01/28/2026 14:02:15,0.37,105.729
01/28/2026 14:12:15,0.36,105.720
01/28/2026 14:22:15,0.35,105.729
01/28/2026 14:32:15,0.35,105.715
01/28/2026 14:42:15,0.34,105.706
01/28/2026 14:52:15,0.33,105.671
01/28/2026 15:02:15,0.32,105.684
01/28/2026 15:12:15,0.31,105.692
01/28/2026 15:22:15,0.31,105.692
01/28/2026 15:32:15,0.30,105.674
01/28/2026 15:42:15,0.29,105.674
01/28/2026 15:52:15,0.28,105.678
01/28/2026 16:02:15,0.27,105.656
01/28/2026 16:12:15,0.26,105.664
01/28/2026 16:22:15,0.26,105.668
01/28/2026 16:32:15,0.25,105.681
01/28/2026 16:42:15,0.24,105.668
01/28/2026 16:52:15,0.23,105.667
01/28/2026 17:02:15,0.22,105.676
01/28/2026 17:12:15,0.21,105.667
01/28/2026 17:22:15,0.21,105.667
01/28/2026 17:32:15,0.20,105.662
01/28/2026 17:42:15,0.19,105.662
01/28/2026 17:52:15,0.19,105.679
01/28/2026 18:02:15,0.18,105.679
01/28/2026 18:12:15,0.17,105.696
01/28/2026 18:22:15,0.17,105.700
01/28/2026 18:32:15,0.16,105.722
01/28/2026 18:42:15,0.15,105.695
01/28/2026 18:52:15,0.15,105.713
01/28/2026 19:02:15,0.14,105.721
01/28/2026 19:12:15,0.13,105.721
01/28/2026 19:22:15,0.13,105.721
01/28/2026 19:32:15,0.12,105.712
01/28/2026 19:42:15,0.12,105.681
01/28/2026 19:52:15,0.12,105.685
01/28/2026 20:02:15,0.11,105.681
01/28/2026 20:12:15,0.11,105.668
01/28/2026 20:22:15,0.11,105.654
01/28/2026 20:32:15,0.10,105.672
01/28/2026 20:42:15,0.10,105.654
01/28/2026 20:52:15,0.10,105.658
01/28/2026 21:02:15,0.09,105.654
01/28/2026 21:12:15,0.09,105.667
01/28/2026 21:22:15,0.09,105.671
01/28/2026 21:32:15,0.09,105.645
01/28/2026 21:42:15,0.09,105.649
01/28/2026 21:52:15,0.08,105.623
01/28/2026 22:02:15,0.08,105.640
01/28/2026 22:12:15,0.08,105.649
01/28/2026 22:22:15,0.08,105.623
01/28/2026 22:32:15,0.08,105.631
01/28/2026 22:42:15,0.08,105.623
01/28/2026 22:52:15,0.08,105.631
01/28/2026 23:02:15,0.08,105.614
01/28/2026 23:12:15,0.08,105.622
01/28/2026 23:22:15,0.07,105.631
01/28/2026 23:32:15,0.07,105.614
01/28/2026 23:42:15,0.07,105.618
01/28/2026 23:52:15,0.07,105.622
01/29/2026 00:02:15,0.07,105.627
01/29/2026 00:12:15,0.06,105.613
01/29/2026 00:22:15,0.06,105.631
01/29/2026 00:32:15,0.06,105.613
01/29/2026 00:42:15,0.07,105.609
01/29/2026 00:52:15,0.07,105.587
01/29/2026 01:02:15,0.07,105.596
01/29/2026 01:12:15,0.07,105.592
01/29/2026 01:22:15,0.07,105.578
01/29/2026 01:32:15,0.07,105.574
01/29/2026 01:42:15,0.07,105.578
01/29/2026 01:52:15,0.07,105.605
01/29/2026 02:02:15,0.07,105.587
01/29/2026 02:12:15,0.06,105.600
01/29/2026 02:22:15,0.06,105.591
01/29/2026 02:32:15,0.06,105.613
01/29/2026 02:42:15,0.06,105.613
01/29/2026 02:52:15,0.06,105.604
01/29/2026 03:02:15,0.06,105.587
01/29/2026 03:12:15,0.06,105.596
01/29/2026 03:22:15,0.06,105.617
01/29/2026 03:32:15,0.06,105.617
01/29/2026 03:42:15,0.05,105.609
01/29/2026 03:52:15,0.05,105.600
01/29/2026 04:02:15,0.05,105.595
01/29/2026 04:12:15,0.05,105.630
01/29/2026 04:22:15,0.04,105.635
01/29/2026 04:32:15,0.04,105.630
01/29/2026 04:42:15,0.04,105.630
01/29/2026 04:52:15,0.04,105.630
01/29/2026 05:02:15,0.03,105.639
01/29/2026 05:12:15,0.03,105.643
01/29/2026 05:22:15,0.03,105.652
01/29/2026 05:32:15,0.03,105.643
01/29/2026 05:42:15,0.03,105.647
01/29/2026 05:52:15,0.03,105.652
01/29/2026 06:02:15,0.03,105.660
01/29/2026 06:12:15,0.03,105.673
01/29/2026 06:22:15,0.03,105.691
01/29/2026 06:32:15,0.03,105.713
01/29/2026 06:42:15,0.03,105.708
01/29/2026 06:52:15,0.03,105.713
01/29/2026 07:02:15,0.03,105.722
01/29/2026 07:12:15,0.03,105.726
01/29/2026 07:22:15,0.03,105.744
01/29/2026 07:32:15,0.03,105.752
01/29/2026 07:42:15,0.03,105.774
01/29/2026 07:52:15,0.03,105.788
01/29/2026 08:02:15,0.04,105.770
01/29/2026 08:12:15,0.04,105.775
01/29/2026 08:22:15,0.05,105.780
01/29/2026 08:32:15,0.06,105.780
01/29/2026 08:42:15,0.06,105.767
01/29/2026 08:52:15,0.07,105.750
01/29/2026 09:02:15,0.08,105.750
01/29/2026 09:12:15,0.09,105.733
01/29/2026 09:22:15,0.10,105.746
01/29/2026 09:32:15,0.11,105.738
01/29/2026 09:42:15,0.12,105.707
01/29/2026 09:52:15,0.13,105.725
01/29/2026 10:02:15,0.14,105.730
01/29/2026 10:12:15,0.16,105.731
01/29/2026 10:22:15,0.17,105.705
01/29/2026 10:32:15,0.19,105.697
01/29/2026 10:42:15,0.20,105.693
01/29/2026 10:52:15,0.22,105.680
01/29/2026 11:02:15,0.23,105.672
01/29/2026 11:12:15,0.25,105.659
01/29/2026 11:22:15,0.27,105.647
01/29/2026 11:32:15,0.28,105.630
01/29/2026 11:42:15,0.30,105.617
01/29/2026 11:52:15,0.32,105.605
01/29/2026 12:02:15,0.33,105.623
01/29/2026 12:12:15,0.35,105.597
01/29/2026 12:22:15,0.36,105.571
01/29/2026 12:32:15,0.38,105.572
01/29/2026 12:42:15,0.39,105.542
01/29/2026 12:52:15,0.40,105.542
01/29/2026 13:02:15,0.40,105.525
01/29/2026 13:12:15,0.40,105.511
01/29/2026 13:22:15,0.40,105.533
01/29/2026 13:32:15,0.40,105.533
01/29/2026 13:42:15,0.39,105.529
01/29/2026 13:52:15,0.39,105.528
01/29/2026 14:02:15,0.38,105.524
01/29/2026 14:12:15,0.37,105.532
01/29/2026 14:22:15,0.36,105.527
01/29/2026 14:32:15,0.35,105.540
01/29/2026 14:42:15,0.35,105.553
01/29/2026 14:52:15,0.33,105.561
01/29/2026 15:02:15,0.32,105.570
01/29/2026 15:12:15,0.31,105.574
01/29/2026 15:22:15,0.29,105.564
01/29/2026 15:32:15,0.28,105.586
01/29/2026 15:42:15,0.27,105.586
01/29/2026 15:52:15,0.26,105.603
01/29/2026 16:02:15,0.25,105.607
01/29/2026 16:12:15,0.25,105.611
01/29/2026 16:22:15,0.24,105.624
01/29/2026 16:32:15,0.23,105.624
01/29/2026 16:42:15,0.22,105.628
01/29/2026 16:52:15,0.22,105.636
01/29/2026 17:02:15,0.21,105.623
01/29/2026 17:12:15,0.20,105.631
01/29/2026 17:22:15,0.19,105.622
01/29/2026 17:32:15,0.18,105.622
01/29/2026 17:42:15,0.17,105.639
01/29/2026 17:52:15,0.17,105.661
01/29/2026 18:02:15,0.16,105.652
01/29/2026 18:12:15,0.15,105.678
01/29/2026 18:22:15,0.15,105.691
01/29/2026 18:32:15,0.14,105.682
01/29/2026 18:42:15,0.14,105.695
01/29/2026 18:52:15,0.14,105.691
01/29/2026 19:02:15,0.14,105.690
01/29/2026 19:12:15,0.14,105.695
01/29/2026 19:22:15,0.13,105.690
01/29/2026 19:32:15,0.13,105.682
01/29/2026 19:42:15,0.13,105.677
01/29/2026 19:52:15,0.13,105.695
01/29/2026 20:02:15,0.13,105.695
01/29/2026 20:12:15,0.13,105.681
01/29/2026 20:22:15,0.12,105.703
01/29/2026 20:32:15,0.12,105.707
01/29/2026 20:42:15,0.12,105.725
01/29/2026 20:52:15,0.12,105.716
01/29/2026 21:02:15,0.12,105.721
01/29/2026 21:12:15,0.12,105.707
01/29/2026 21:22:15,0.12,105.721
01/29/2026 21:32:15,0.12,105.721
01/29/2026 21:42:15,0.12,105.747
01/29/2026 21:52:15,0.12,105.747
01/29/2026 22:02:15,0.12,105.734
01/29/2026 22:12:15,0.12,105.707
01/29/2026 22:22:15,0.12,105.734
01/29/2026 22:32:15,0.12,105.720
01/29/2026 22:42:15,0.11,105.725
01/29/2026 22:52:15,0.11,105.733
01/29/2026 23:02:15,0.11,105.733
01/29/2026 23:12:15,0.11,105.733
01/29/2026 23:22:15,0.11,105.716
01/29/2026 23:32:15,0.11,105.694
01/29/2026 23:42:15,0.11,105.711
01/29/2026 23:52:15,0.11,105.685
01/30/2026 00:02:15,0.11,105.663
01/30/2026 00:12:15,0.11,105.668
01/30/2026 00:22:15,0.12,105.655
01/30/2026 00:32:15,0.12,105.641
01/30/2026 00:42:15,0.11,105.646
01/30/2026 00:52:15,0.11,105.637
01/30/2026 01:02:15,0.11,105.646
01/30/2026 01:12:15,0.11,105.650
01/30/2026 01:22:15,0.11,105.633
01/30/2026 01:32:15,0.11,105.637
01/30/2026 01:42:15,0.11,105.633
01/30/2026 01:52:15,0.11,105.641
01/30/2026 02:02:15,0.11,105.628
01/30/2026 02:12:15,0.11,105.632
01/30/2026 02:22:15,0.11,105.637
01/30/2026 02:32:15,0.10,105.637
01/30/2026 02:42:15,0.10,105.641
01/30/2026 02:52:15,0.10,105.641
01/30/2026 03:02:15,0.10,105.636
01/30/2026 03:12:15,0.10,105.641
01/30/2026 03:22:15,0.10,105.641
01/30/2026 03:32:15,0.10,105.641
01/30/2026 03:42:15,0.10,105.645
01/30/2026 03:52:15,0.10,105.654
01/30/2026 04:02:15,0.10,105.636
01/30/2026 04:12:15,0.10,105.650
01/30/2026 04:22:15,0.09,105.632
01/30/2026 04:32:15,0.09,105.641
01/30/2026 04:42:15,0.09,105.623
01/30/2026 04:52:15,0.09,105.623
01/30/2026 05:02:15,0.09,105.605
01/30/2026 05:12:15,0.09,105.605
01/30/2026 05:22:15,0.08,105.588
01/30/2026 05:32:15,0.08,105.583
01/30/2026 05:42:15,0.08,105.592
01/30/2026 05:52:15,0.08,105.592
01/30/2026 06:02:15,0.08,105.609
01/30/2026 06:12:15,0.08,105.636
01/30/2026 06:22:15,0.08,105.636
01/30/2026 06:32:15,0.08,105.636
01/30/2026 06:42:15,0.07,105.649
01/30/2026 06:52:15,0.07,105.666
01/30/2026 07:02:15,0.06,105.675
01/30/2026 07:12:15,0.06,105.675
01/30/2026 07:22:15,0.06,105.705
01/30/2026 07:32:15,0.06,105.714
01/30/2026 07:42:15,0.06,105.710
01/30/2026 07:52:15,0.06,105.732
01/30/2026 08:02:15,0.06,105.740
01/30/2026 08:12:15,0.07,105.719
01/30/2026 08:22:15,0.07,105.732
01/30/2026 08:32:15,0.08,105.745
01/30/2026 08:42:15,0.09,105.750
01/30/2026 08:52:15,0.09,105.750
01/30/2026 09:02:15,0.10,105.746
01/30/2026 09:12:15,0.10,105.768
01/30/2026 09:22:15,0.11,105.760
01/30/2026 09:32:15,0.12,105.769
01/30/2026 09:42:15,0.13,105.760
01/30/2026 09:52:15,0.13,105.769
01/30/2026 10:02:15,0.14,105.787
01/30/2026 10:12:15,0.16,105.783
01/30/2026 10:22:15,0.17,105.819
01/30/2026 10:32:15,0.19,105.820
01/30/2026 10:42:15,0.23,105.799
01/30/2026 10:52:15,0.24,105.791
01/30/2026 11:02:15,0.25,105.769
01/30/2026 11:12:15,0.26,105.743
01/30/2026 11:22:15,0.27,105.708
01/30/2026 11:32:15,0.28,105.709
01/30/2026 11:42:15,0.29,105.691
01/30/2026 11:52:15,0.30,105.701
01/30/2026 12:02:15,0.31,105.670
01/30/2026 12:12:15,0.33,105.671
01/30/2026 12:22:15,0.34,105.663
01/30/2026 12:32:15,0.35,105.650
01/30/2026 12:42:15,0.37,105.615
01/30/2026 12:52:15,0.38,105.629
01/30/2026 13:02:15,0.38,105.620
01/30/2026 13:12:15,0.38,105.620
01/30/2026 13:22:15,0.38,105.611
01/30/2026 13:32:15,0.37,105.598
01/30/2026 13:42:15,0.37,105.602
01/30/2026 13:52:15,0.36,105.589
01/30/2026 14:02:15,0.36,105.606
01/30/2026 14:12:15,0.35,105.606
01/30/2026 14:22:15,0.33,105.601
01/30/2026 14:32:15,0.32,105.609
01/30/2026 14:42:15,0.31,105.627
01/30/2026 14:52:15,0.30,105.622
01/30/2026 15:02:15,0.29,105.630
01/30/2026 15:12:15,0.28,105.647
01/30/2026 15:22:15,0.27,105.651
01/30/2026 15:32:15,0.25,105.673
01/30/2026 15:42:15,0.24,105.668
01/30/2026 15:52:15,0.23,105.680
01/30/2026 16:02:15,0.22,105.676
01/30/2026 16:12:15,0.21,105.675
01/30/2026 16:22:15,0.20,105.701
01/30/2026 16:32:15,0.19,105.710
01/30/2026 16:42:15,0.18,105.714
01/30/2026 16:52:15,0.18,105.740
01/30/2026 17:02:15,0.17,105.744
01/30/2026 17:12:15,0.17,105.762
01/30/2026 17:22:15,0.16,105.775
01/30/2026 17:32:15,0.16,105.788
01/30/2026 17:42:15,0.15,105.805
01/30/2026 17:52:15,0.15,105.805
01/30/2026 18:02:15,0.14,105.796
01/30/2026 18:12:15,0.14,105.809
01/30/2026 18:22:15,0.14,105.800
01/30/2026 18:32:15,0.13,105.800
01/30/2026 18:42:15,0.13,105.826
01/30/2026 18:52:15,0.12,105.839
01/30/2026 19:02:15,0.12,105.826
01/30/2026 19:12:15,0.12,105.830
01/30/2026 19:22:15,0.11,105.826
01/30/2026 19:32:15,0.11,105.821
01/30/2026 19:42:15,0.11,105.825
01/30/2026 19:52:15,0.10,105.812
01/30/2026 20:02:15,0.10,105.821
01/30/2026 20:12:15,0.10,105.803
01/30/2026 20:22:15,0.09,105.816
01/30/2026 20:32:15,0.09,105.834
01/30/2026 20:42:15,0.09,105.816
01/30/2026 20:52:15,0.08,105.820
01/30/2026 21:02:15,0.08,105.798
01/30/2026 21:12:15,0.08,105.816
01/30/2026 21:22:15,0.08,105.820
01/30/2026 21:32:15,0.08,105.816
01/30/2026 21:42:15,0.08,105.820
01/30/2026 21:52:15,0.08,105.842
01/30/2026 22:02:15,0.08,105.842
01/30/2026 22:12:15,0.07,105.842
01/30/2026 22:22:15,0.07,105.833
01/30/2026 22:32:15,0.07,105.846
01/30/2026 22:42:15,0.07,105.846
01/30/2026 22:52:15,0.07,105.859
01/30/2026 23:02:15,0.06,105.855
01/30/2026 23:12:15,0.06,105.833
01/30/2026 23:22:15,0.06,105.833
01/30/2026 23:32:15,0.06,105.832
01/30/2026 23:42:15,0.06,105.832
01/30/2026 23:52:15,0.06,105.828
01/31/2026 00:02:15,0.06,105.819
01/31/2026 00:12:15,0.06,105.810
01/31/2026 00:22:15,0.05,105.823
01/31/2026 00:32:15,0.05,105.810
01/31/2026 00:42:15,0.05,105.837
01/31/2026 00:52:15,0.05,105.845
01/31/2026 01:02:15,0.05,105.850
01/31/2026 01:12:15,0.05,105.863
01/31/2026 01:22:15,0.05,105.858
01/31/2026 01:32:15,0.05,105.885
01/31/2026 01:42:15,0.05,105.885
01/31/2026 01:52:15,0.05,105.889
01/31/2026 02:02:15,0.05,105.889
01/31/2026 02:12:15,0.05,105.889
01/31/2026 02:22:15,0.05,105.898
01/31/2026 02:32:15,0.05,105.889
01/31/2026 02:42:15,0.05,105.893
01/31/2026 02:52:15,0.05,105.907
01/31/2026 03:02:15,0.05,105.911
01/31/2026 03:12:15,0.05,105.902
01/31/2026 03:22:15,0.04,105.898
01/31/2026 03:32:15,0.04,105.893
01/31/2026 03:42:15,0.04,105.906
01/31/2026 03:52:15,0.04,105.902
01/31/2026 04:02:15,0.04,105.898
01/31/2026 04:12:15,0.04,105.898
01/31/2026 04:22:15,0.04,105.911
01/31/2026 04:32:15,0.04,105.919
01/31/2026 04:42:15,0.04,105.924
01/31/2026 04:52:15,0.04,105.924
01/31/2026 05:02:15,0.04,105.906
01/31/2026 05:12:15,0.04,105.898
01/31/2026 05:22:15,0.04,105.919
01/31/2026 05:32:15,0.04,105.924
01/31/2026 05:42:15,0.04,105.911
01/31/2026 05:52:15,0.04,105.924
01/31/2026 06:02:15,0.04,105.933
01/31/2026 06:12:15,0.04,105.933
01/31/2026 06:22:15,0.04,105.959
01/31/2026 06:32:15,0.04,105.972
01/31/2026 06:42:15,0.04,105.985
01/31/2026 06:52:15,0.04,106.003
01/31/2026 07:02:15,0.04,106.007
01/31/2026 07:12:15,0.04,106.020
01/31/2026 07:22:15,0.04,106.038
01/31/2026 07:32:15,0.04,106.042
01/31/2026 07:42:15,0.04,106.047
01/31/2026 07:52:15,0.04,106.051
01/31/2026 08:02:15,0.05,106.064
01/31/2026 08:12:15,0.05,106.056
01/31/2026 08:22:15,0.06,106.056
01/31/2026 08:32:15,0.06,106.061
01/31/2026 08:42:15,0.07,106.043
01/31/2026 08:52:15,0.08,106.026
01/31/2026 09:02:15,0.08,106.044
01/31/2026 09:12:15,0.09,106.048
01/31/2026 09:22:15,0.09,106.057
01/31/2026 09:32:15,0.10,106.058
01/31/2026 09:42:15,0.12,106.049
01/31/2026 09:52:15,0.13,106.032
01/31/2026 10:02:15,0.14,106.024
01/31/2026 10:12:15,0.15,105.994
01/31/2026 10:22:15,0.17,105.999
01/31/2026 10:32:15,0.19,105.973
01/31/2026 10:42:15,0.20,105.973
01/31/2026 10:52:15,0.22,105.961
01/31/2026 11:02:15,0.23,105.966
01/31/2026 11:12:15,0.25,105.949
01/31/2026 11:22:15,0.26,105.914
01/31/2026 11:32:15,0.27,105.914
01/31/2026 11:42:15,0.28,105.893
01/31/2026 11:52:15,0.29,105.858
01/31/2026 12:02:15,0.31,105.837
01/31/2026 12:12:15,0.32,105.816
01/31/2026 12:22:15,0.34,105.794
01/31/2026 12:32:15,0.35,105.777
01/31/2026 12:42:15,0.37,105.751
01/31/2026 12:52:15,0.38,105.752
01/31/2026 13:02:15,0.39,105.739
01/31/2026 13:12:15,0.39,105.730
01/31/2026 13:22:15,0.39,105.695
01/31/2026 13:32:15,0.39,105.686
01/31/2026 13:42:15,0.39,105.651
01/31/2026 13:52:15,0.39,105.656
01/31/2026 14:02:15,0.39,105.647
01/31/2026 14:12:15,0.38,105.633
01/31/2026 14:22:15,0.38,105.638
01/31/2026 14:32:15,0.37,105.629
01/31/2026 14:42:15,0.36,105.628
01/31/2026 14:52:15,0.36,105.637
01/31/2026 15:02:15,0.35,105.610
01/31/2026 15:12:15,0.34,105.610
01/31/2026 15:22:15,0.33,105.640
01/31/2026 15:32:15,0.32,105.636
01/31/2026 15:42:15,0.31,105.640
01/31/2026 15:52:15,0.30,105.666
01/31/2026 16:02:15,0.30,105.692
01/31/2026 16:12:15,0.29,105.696
01/31/2026 16:22:15,0.28,105.717
01/31/2026 16:32:15,0.27,105.735
01/31/2026 16:42:15,0.26,105.730
01/31/2026 16:52:15,0.26,105.734
01/31/2026 17:02:15,0.25,105.782
01/31/2026 17:12:15,0.24,105.791
01/31/2026 17:22:15,0.23,105.782
01/31/2026 17:32:15,0.23,105.803
01/31/2026 17:42:15,0.22,105.829
01/31/2026 17:52:15,0.21,105.842
01/31/2026 18:02:15,0.20,105.829
01/31/2026 18:12:15,0.19,105.829
01/31/2026 18:22:15,0.19,105.850
01/31/2026 18:32:15,0.18,105.859
01/31/2026 18:42:15,0.18,105.859
01/31/2026 18:52:15,0.17,105.885
01/31/2026 19:02:15,0.17,105.863
01/31/2026 19:12:15,0.17,105.867
01/31/2026 19:22:15,0.17,105.854
01/31/2026 19:32:15,0.16,105.884
01/31/2026 19:42:15,0.16,105.928
01/31/2026 19:52:15,0.16,105.932
01/31/2026 20:02:15,0.16,105.950
01/31/2026 20:12:15,0.15,105.923
01/31/2026 20:22:15,0.15,105.919
01/31/2026 20:32:15,0.14,105.919
01/31/2026 20:42:15,0.14,105.919
01/31/2026 20:52:15,0.14,105.892
01/31/2026 21:02:15,0.13,105.897
01/31/2026 21:12:15,0.13,105.870
01/31/2026 21:22:15,0.13,105.901
01/31/2026 21:32:15,0.13,105.896
01/31/2026 21:42:15,0.13,105.866
01/31/2026 21:52:15,0.12,105.857
01/31/2026 22:02:15,0.12,105.835
01/31/2026 22:12:15,0.12,105.848
01/31/2026 22:22:15,0.12,105.839
01/31/2026 22:32:15,0.12,105.817
01/31/2026 22:42:15,0.12,105.782
01/31/2026 22:52:15,0.12,105.756
01/31/2026 23:02:15,0.12,105.729
01/31/2026 23:12:15,0.13,105.677
01/31/2026 23:22:15,0.13,105.703
01/31/2026 23:32:15,0.13,105.659
01/31/2026 23:42:15,0.13,105.681
01/31/2026 23:52:15,0.13,105.760
02/01/2026 00:02:15,0.13,105.773
02/01/2026 00:12:15,0.13,105.769
02/01/2026 00:22:15,0.13,105.760
02/01/2026 00:32:15,0.13,105.730
02/01/2026 00:42:15,0.13,105.725
02/01/2026 00:52:15,0.13,105.716
02/01/2026 01:02:15,0.13,105.703
02/01/2026 01:12:15,0.13,105.721
02/01/2026 01:22:15,0.13,105.677
02/01/2026 01:32:15,0.13,105.642
02/01/2026 01:42:15,0.14,105.607
02/01/2026 01:52:15,0.14,105.590
02/01/2026 02:02:15,0.14,105.585
02/01/2026 02:12:15,0.14,105.598
02/01/2026 02:22:15,0.14,105.590
02/01/2026 02:32:15,0.13,105.576
02/01/2026 02:42:15,0.13,105.546
02/01/2026 02:52:15,0.13,105.519
02/01/2026 03:02:15,0.13,105.506
02/01/2026 03:12:15,0.13,105.502
02/01/2026 03:22:15,0.13,105.497
02/01/2026 03:32:15,0.13,105.458
02/01/2026 03:42:15,0.13,105.449
02/01/2026 03:52:15,0.13,105.432
02/01/2026 04:02:15,0.13,105.445
02/01/2026 04:12:15,0.13,105.432
02/01/2026 04:22:15,0.13,105.436
02/01/2026 04:32:15,0.13,105.427
02/01/2026 04:42:15,0.13,105.396
02/01/2026 04:52:15,0.13,105.418
02/01/2026 05:02:15,0.13,105.449
02/01/2026 05:12:15,0.13,105.436
02/01/2026 05:22:15,0.13,105.410
02/01/2026 05:32:15,0.13,105.335
02/01/2026 05:42:15,0.14,105.331
02/01/2026 05:52:15,0.14,105.322
02/01/2026 06:02:15,0.13,105.339
02/01/2026 06:12:15,0.13,105.296
02/01/2026 06:22:15,0.13,105.278
02/01/2026 06:32:15,0.13,105.274
02/01/2026 06:42:15,0.13,105.269
02/01/2026 06:52:15,0.13,105.274
02/01/2026 07:02:15,0.13,105.239
02/01/2026 07:12:15,0.13,105.217
02/01/2026 07:22:15,0.13,105.195
02/01/2026 07:32:15,0.13,105.221
02/01/2026 07:42:15,0.14,105.225
02/01/2026 07:52:15,0.14,105.243
02/01/2026 08:02:15,0.14,105.234
02/01/2026 08:12:15,0.14,105.243
02/01/2026 08:22:15,0.14,105.230
02/01/2026 08:32:15,0.14,105.234
02/01/2026 08:42:15,0.15,105.239
02/01/2026 08:52:15,0.15,105.235
02/01/2026 09:02:15,0.16,105.213
02/01/2026 09:12:15,0.16,105.213
02/01/2026 09:22:15,0.17,105.222
02/01/2026 09:32:15,0.18,105.232
02/01/2026 09:42:15,0.20,105.228
02/01/2026 09:52:15,0.21,105.241
02/01/2026 10:02:15,0.23,105.224
02/01/2026 10:12:15,0.24,105.199
02/01/2026 10:22:15,0.26,105.160
02/01/2026 10:32:15,0.27,105.129
02/01/2026 10:42:15,0.29,105.112
02/01/2026 10:52:15,0.30,105.073
02/01/2026 11:02:15,0.31,105.069
02/01/2026 11:12:15,0.33,105.057
02/01/2026 11:22:15,0.34,105.027
02/01/2026 11:32:15,0.35,104.992
02/01/2026 11:42:15,0.37,104.970
02/01/2026 11:52:15,0.38,104.936
02/01/2026 12:02:15,0.40,104.910
02/01/2026 12:12:15,0.41,104.893
02/01/2026 12:22:15,0.43,104.850
02/01/2026 12:32:15,0.44,104.841
02/01/2026 12:42:15,0.46,104.824
02/01/2026 12:52:15,0.47,104.790
02/01/2026 13:02:15,0.47,104.755
02/01/2026 13:12:15,0.47,104.741
02/01/2026 13:22:15,0.47,104.733
02/01/2026 13:32:15,0.46,104.711
02/01/2026 13:42:15,0.46,104.671
02/01/2026 13:52:15,0.45,104.680
02/01/2026 14:02:15,0.45,104.644
02/01/2026 14:12:15,0.44,104.640
02/01/2026 14:22:15,0.44,104.626
02/01/2026 14:32:15,0.43,104.617
02/01/2026 14:42:15,0.42,104.608
02/01/2026 14:52:15,0.41,104.599
02/01/2026 15:02:15,0.41,104.608
02/01/2026 15:12:15,0.40,104.599
02/01/2026 15:22:15,0.39,104.598
02/01/2026 15:32:15,0.38,104.589
02/01/2026 15:42:15,0.37,104.602
02/01/2026 15:52:15,0.37,104.593
02/01/2026 16:02:15,0.36,104.602
02/01/2026 16:12:15,0.35,104.610
02/01/2026 16:22:15,0.35,104.610
02/01/2026 16:32:15,0.34,104.614
02/01/2026 16:42:15,0.33,104.627
02/01/2026 16:52:15,0.32,104.627
02/01/2026 17:02:15,0.31,104.657
02/01/2026 17:12:15,0.30,104.652
02/01/2026 17:22:15,0.29,104.661
02/01/2026 17:32:15,0.28,104.669
02/01/2026 17:42:15,0.27,104.695
02/01/2026 17:52:15,0.26,104.686
02/01/2026 18:02:15,0.26,104.699
02/01/2026 18:12:15,0.25,104.716
02/01/2026 18:22:15,0.25,104.716
02/01/2026 18:32:15,0.24,104.725
02/01/2026 18:42:15,0.23,104.720
02/01/2026 18:52:15,0.22,104.711
02/01/2026 19:02:15,0.22,104.728
02/01/2026 19:12:15,0.21,104.719
02/01/2026 19:22:15,0.21,104.728
02/01/2026 19:32:15,0.20,104.741
02/01/2026 19:42:15,0.20,104.750
02/01/2026 19:52:15,0.20,104.749
02/01/2026 20:02:15,0.19,104.745
02/01/2026 20:12:15,0.19,104.762
02/01/2026 20:22:15,0.19,104.776
02/01/2026 20:32:15,0.19,104.789
02/01/2026 20:42:15,0.19,104.797
02/01/2026 20:52:15,0.19,104.802
02/01/2026 21:02:15,0.18,104.824
02/01/2026 21:12:15,0.18,104.837
02/01/2026 21:22:15,0.18,104.841
02/01/2026 21:32:15,0.18,104.832
02/01/2026 21:42:15,0.18,104.850
02/01/2026 21:52:15,0.18,104.836
02/01/2026 22:02:15,0.17,104.854
02/01/2026 22:12:15,0.17,104.850
02/01/2026 22:22:15,0.18,104.832
02/01/2026 22:32:15,0.18,104.850
02/01/2026 22:42:15,0.18,104.858
02/01/2026 22:52:15,0.18,104.872
02/01/2026 23:02:15,0.18,104.867
02/01/2026 23:12:15,0.17,104.871
02/01/2026 23:22:15,0.17,104.880
02/01/2026 23:32:15,0.17,104.889
02/01/2026 23:42:15,0.17,104.902
02/01/2026 23:52:15,0.16,104.906
02/02/2026 00:02:15,0.16,104.919
02/02/2026 00:12:15,0.16,104.924
02/02/2026 00:22:15,0.16,104.937
02/02/2026 00:32:15,0.16,104.924
02/02/2026 00:42:15,0.16,104.937
02/02/2026 00:52:15,0.16,104.928
02/02/2026 01:02:15,0.15,104.950
02/02/2026 01:12:15,0.15,104.958
02/02/2026 01:22:15,0.15,104.954
02/02/2026 01:32:15,0.14,104.976
02/02/2026 01:42:15,0.14,104.998
02/02/2026 01:52:15,0.14,105.002
02/02/2026 02:02:15,0.14,105.015
02/02/2026 02:12:15,0.13,105.002
02/02/2026 02:22:15,0.13,105.015
02/02/2026 02:32:15,0.13,105.019
02/02/2026 02:42:15,0.13,105.019
02/02/2026 02:52:15,0.13,105.023
02/02/2026 03:02:15,0.13,105.019
02/02/2026 03:12:15,0.12,105.036
02/02/2026 03:22:15,0.12,105.054
02/02/2026 03:32:15,0.12,105.054
02/02/2026 03:42:15,0.11,105.058
02/02/2026 03:52:15,0.11,105.062
02/02/2026 04:02:15,0.11,105.071
02/02/2026 04:12:15,0.11,105.080
02/02/2026 04:22:15,0.10,105.093
02/02/2026 04:32:15,0.10,105.093
02/02/2026 04:42:15,0.10,105.101
02/02/2026 04:52:15,0.10,105.106
02/02/2026 05:02:15,0.10,105.097
02/02/2026 05:12:15,0.10,105.084
02/02/2026 05:22:15,0.10,105.097
02/02/2026 05:32:15,0.09,105.101
02/02/2026 05:42:15,0.09,105.101
02/02/2026 05:52:15,0.09,105.110
02/02/2026 06:02:15,0.09,105.127
02/02/2026 06:12:15,0.09,105.118
02/02/2026 06:22:15,0.09,105.132
02/02/2026 06:32:15,0.08,105.162
02/02/2026 06:42:15,0.08,105.162
02/02/2026 06:52:15,0.08,105.180
02/02/2026 07:02:15,0.08,105.206
02/02/2026 07:12:15,0.08,105.193
02/02/2026 07:22:15,0.08,105.210
02/02/2026 07:32:15,0.08,105.228
02/02/2026 07:42:15,0.08,105.250
02/02/2026 07:52:15,0.08,105.254
02/02/2026 08:02:15,0.08,105.276
02/02/2026 08:12:15,0.09,105.290
02/02/2026 08:22:15,0.10,105.285
02/02/2026 08:32:15,0.11,105.282
02/02/2026 08:42:15,0.12,105.304
02/02/2026 08:52:15,0.14,105.300
02/02/2026 09:02:15,0.16,105.301
02/02/2026 09:12:15,0.17,105.288
02/02/2026 09:22:15,0.19,105.302
02/02/2026 09:32:15,0.21,105.307
02/02/2026 09:42:15,0.22,105.299
02/02/2026 09:52:15,0.24,105.299
02/02/2026 10:02:15,0.26,105.296
02/02/2026 10:12:15,0.28,105.296
02/02/2026 10:22:15,0.30,105.319
02/02/2026 10:32:15,0.33,105.303
02/02/2026 10:42:15,0.35,105.295
02/02/2026 10:52:15,0.38,105.291
02/02/2026 11:02:15,0.40,105.274
02/02/2026 11:12:15,0.42,105.262
02/02/2026 11:22:15,0.44,105.245
02/02/2026 11:32:15,0.45,105.237
02/02/2026 11:42:15,0.47,105.202
02/02/2026 11:52:15,0.48,105.211
02/02/2026 12:02:15,0.50,105.186
02/02/2026 12:12:15,0.52,105.169
02/02/2026 12:22:15,0.54,105.165
02/02/2026 12:32:15,0.55,105.157
02/02/2026 12:42:15,0.57,105.144
02/02/2026 12:52:15,0.58,105.145
02/02/2026 13:02:15,0.59,105.132
02/02/2026 13:12:15,0.59,105.114
02/02/2026 13:22:15,0.59,105.106
02/02/2026 13:32:15,0.59,105.101
02/02/2026 13:42:15,0.58,105.110
02/02/2026 13:52:15,0.57,105.096
02/02/2026 14:02:15,0.56,105.074
02/02/2026 14:12:15,0.55,105.078
02/02/2026 14:22:15,0.54,105.086
02/02/2026 14:32:15,0.53,105.095
02/02/2026 14:42:15,0.52,105.077
02/02/2026 14:52:15,0.50,105.102
02/02/2026 15:02:15,0.49,105.106
02/02/2026 15:12:15,0.47,105.114
02/02/2026 15:22:15,0.45,105.136
02/02/2026 15:32:15,0.44,105.140
02/02/2026 15:42:15,0.42,105.157
02/02/2026 15:52:15,0.41,105.165
02/02/2026 16:02:15,0.40,105.191
02/02/2026 16:12:15,0.39,105.190
02/02/2026 16:22:15,0.38,105.199
02/02/2026 16:32:15,0.36,105.225
02/02/2026 16:42:15,0.35,105.238
02/02/2026 16:52:15,0.34,105.228
02/02/2026 17:02:15,0.33,105.254
02/02/2026 17:12:15,0.32,105.236
02/02/2026 17:22:15,0.30,105.253
02/02/2026 17:32:15,0.29,105.249
02/02/2026 17:42:15,0.28,105.283
02/02/2026 17:52:15,0.27,105.292
02/02/2026 18:02:15,0.27,105.305
02/02/2026 18:12:15,0.26,105.317
02/02/2026 18:22:15,0.25,105.344
02/02/2026 18:32:15,0.24,105.321
02/02/2026 18:42:15,0.24,105.334
02/02/2026 18:52:15,0.23,105.330
02/02/2026 19:02:15,0.23,105.356
02/02/2026 19:12:15,0.22,105.369
02/02/2026 19:22:15,0.22,105.364
02/02/2026 19:32:15,0.22,105.386
02/02/2026 19:42:15,0.21,105.395
02/02/2026 19:52:15,0.21,105.399
02/02/2026 20:02:15,0.21,105.403
02/02/2026 20:12:15,0.20,105.421
02/02/2026 20:22:15,0.20,105.425
02/02/2026 20:32:15,0.19,105.451
02/02/2026 20:42:15,0.19,105.447
02/02/2026 20:52:15,0.18,105.438
02/02/2026 21:02:15,0.18,105.446
02/02/2026 21:12:15,0.18,105.446
02/02/2026 21:22:15,0.17,105.459
02/02/2026 21:32:15,0.17,105.450
02/02/2026 21:42:15,0.17,105.463
02/02/2026 21:52:15,0.16,105.468
02/02/2026 22:02:15,0.16,105.468
02/02/2026 22:12:15,0.16,105.481
02/02/2026 22:22:15,0.16,105.498
02/02/2026 22:32:15,0.15,105.485
02/02/2026 22:42:15,0.15,105.498
02/02/2026 22:52:15,0.15,105.507
02/02/2026 23:02:15,0.15,105.515
02/02/2026 23:12:15,0.14,105.507
02/02/2026 23:22:15,0.14,105.520
02/02/2026 23:32:15,0.14,105.533
02/02/2026 23:42:15,0.13,105.515
02/02/2026 23:52:15,0.13,105.528
02/03/2026 00:02:15,0.13,105.523
02/03/2026 00:12:15,0.13,105.537
02/03/2026 00:22:15,0.12,105.550
02/03/2026 00:32:15,0.12,105.536
02/03/2026 00:42:15,0.12,105.541
02/03/2026 00:52:15,0.12,105.536
02/03/2026 01:02:15,0.11,105.536
02/03/2026 01:12:15,0.11,105.567
02/03/2026 01:22:15,0.10,105.584
02/03/2026 01:32:15,0.10,105.593
02/03/2026 01:42:15,0.10,105.580
02/03/2026 01:52:15,0.10,105.601
02/03/2026 02:02:15,0.10,105.606
02/03/2026 02:12:15,0.09,105.614
02/03/2026 02:22:15,0.09,105.597
02/03/2026 02:32:15,0.09,105.623
02/03/2026 02:42:15,0.09,105.614
02/03/2026 02:52:15,0.09,105.605
02/03/2026 03:02:15,0.09,105.623
02/03/2026 03:12:15,0.09,105.618
02/03/2026 03:22:15,0.08,105.640
02/03/2026 03:32:15,0.08,105.645
02/03/2026 03:42:15,0.08,105.627
02/03/2026 03:52:15,0.07,105.675
02/03/2026 04:02:15,0.07,105.653
02/03/2026 04:12:15,0.07,105.635
02/03/2026 04:22:15,0.07,105.649
02/03/2026 04:32:15,0.07,105.644
02/03/2026 04:42:15,0.07,105.662
02/03/2026 04:52:15,0.06,105.662
02/03/2026 05:02:15,0.06,105.675
02/03/2026 05:12:15,0.06,105.670
02/03/2026 05:22:15,0.06,105.670
02/03/2026 05:32:15,0.06,105.666
02/03/2026 05:42:15,0.06,105.661
02/03/2026 05:52:15,0.06,105.674
02/03/2026 06:02:15,0.06,105.688
02/03/2026 06:12:15,0.06,105.696
02/03/2026 06:22:15,0.05,105.692
02/03/2026 06:32:15,0.05,105.709
02/03/2026 06:42:15,0.05,105.736
02/03/2026 06:52:15,0.05,105.758
02/03/2026 07:02:15,0.05,105.762
02/03/2026 07:12:15,0.05,105.757
02/03/2026 07:22:15,0.05,105.784
02/03/2026 07:32:15,0.05,105.810
02/03/2026 07:42:15,0.05,105.819
02/03/2026 07:52:15,0.05,105.832
02/03/2026 08:02:15,0.05,105.837
02/03/2026 08:12:15,0.06,105.819
02/03/2026 08:22:15,0.07,105.833
02/03/2026 08:32:15,0.08,105.846
02/03/2026 08:42:15,0.09,105.829
02/03/2026 08:52:15,0.11,105.830
02/03/2026 09:02:15,0.12,105.813
02/03/2026 09:12:15,0.14,105.831
02/03/2026 09:22:15,0.16,105.801
02/03/2026 09:32:15,0.17,105.806
02/03/2026 09:42:15,0.19,105.811
02/03/2026 09:52:15,0.21,105.811
02/03/2026 10:02:15,0.23,105.803
02/03/2026 10:12:15,0.25,105.796
02/03/2026 10:22:15,0.28,105.805
02/03/2026 10:32:15,0.31,105.802
02/03/2026 10:42:15,0.34,105.807
02/03/2026 10:52:15,0.37,105.804
02/03/2026 11:02:15,0.39,105.792
02/03/2026 11:12:15,0.42,105.797
02/03/2026 11:22:15,0.44,105.771
02/03/2026 11:32:15,0.46,105.763
02/03/2026 11:42:15,0.48,105.720
02/03/2026 11:52:15,0.50,105.721
02/03/2026 12:02:15,0.52,105.691
02/03/2026 12:12:15,0.55,105.688
02/03/2026 12:22:15,0.57,105.680
02/03/2026 12:32:15,0.59,105.663
02/03/2026 12:42:15,0.61,105.642
02/03/2026 12:52:15,0.63,105.625
02/03/2026 13:02:15,0.64,105.599
02/03/2026 13:12:15,0.64,105.586
02/03/2026 13:22:15,0.63,105.590
02/03/2026 13:32:15,0.63,105.576
02/03/2026 13:42:15,0.62,105.545
02/03/2026 13:52:15,0.61,105.554
02/03/2026 14:02:15,0.60,105.523
02/03/2026 14:12:15,0.59,105.527
02/03/2026 14:22:15,0.58,105.518
02/03/2026 14:32:15,0.57,105.513
02/03/2026 14:42:15,0.55,105.512
02/03/2026 14:52:15,0.54,105.503
02/03/2026 15:02:15,0.53,105.520
02/03/2026 15:12:15,0.51,105.506
02/03/2026 15:22:15,0.50,105.484
02/03/2026 15:32:15,0.48,105.483
02/03/2026 15:42:15,0.47,105.492
02/03/2026 15:52:15,0.45,105.509
02/03/2026 16:02:15,0.43,105.495
02/03/2026 16:12:15,0.42,105.512
02/03/2026 16:22:15,0.40,105.525
02/03/2026 16:32:15,0.39,105.528
02/03/2026 16:42:15,0.38,105.537
02/03/2026 16:52:15,0.37,105.541
02/03/2026 17:02:15,0.37,105.558
02/03/2026 17:12:15,0.36,105.571
02/03/2026 17:22:15,0.36,105.589
02/03/2026 17:32:15,0.36,105.615
02/03/2026 17:42:15,0.35,105.619
02/03/2026 17:52:15,0.35,105.619
02/03/2026 18:02:15,0.34,105.628
02/03/2026 18:12:15,0.33,105.636
02/03/2026 18:22:15,0.33,105.645
02/03/2026 18:32:15,0.32,105.653
02/03/2026 18:42:15,0.32,105.657
02/03/2026 18:52:15,0.31,105.653
02/03/2026 19:02:15,0.31,105.666
02/03/2026 19:12:15,0.31,105.653
02/03/2026 19:22:15,0.31,105.661
02/03/2026 19:32:15,0.30,105.657
02/03/2026 19:42:15,0.30,105.670
02/03/2026 19:52:15,0.30,105.665
02/03/2026 20:02:15,0.29,105.674
02/03/2026 20:12:15,0.29,105.665
02/03/2026 20:22:15,0.29,105.665
02/03/2026 20:32:15,0.29,105.665
02/03/2026 20:42:15,0.28,105.652
02/03/2026 20:52:15,0.28,105.652
02/03/2026 21:02:15,0.28,105.647
02/03/2026 21:12:15,0.27,105.647
02/03/2026 21:22:15,0.27,105.651
02/03/2026 21:32:15,0.27,105.643
02/03/2026 21:42:15,0.27,105.643
02/03/2026 21:52:15,0.27,105.634
02/03/2026 22:02:15,0.26,105.647
02/03/2026 22:12:15,0.25,105.642
02/03/2026 22:22:15,0.24,105.633
02/03/2026 22:32:15,0.24,105.628
02/03/2026 22:42:15,0.23,105.615
02/03/2026 22:52:15,0.23,105.624
02/03/2026 23:02:15,0.23,105.619
02/03/2026 23:12:15,0.23,105.615
02/03/2026 23:22:15,0.24,105.606
02/03/2026 23:32:15,0.24,105.602
02/03/2026 23:42:15,0.24,105.606
02/03/2026 23:52:15,0.24,105.615
02/04/2026 00:02:15,0.23,105.602
02/04/2026 00:12:15,0.23,105.624
02/04/2026 00:22:15,0.22,105.637
02/04/2026 00:32:15,0.22,105.623
02/04/2026 00:42:15,0.22,105.628
02/04/2026 00:52:15,0.22,105.623
02/04/2026 01:02:15,0.22,105.632
02/04/2026 01:12:15,0.23,105.619
02/04/2026 01:22:15,0.23,105.610
02/04/2026 01:32:15,0.23,105.606
02/04/2026 01:42:15,0.24,105.619
02/04/2026 01:52:15,0.24,105.615
02/04/2026 02:02:15,0.24,105.628
02/04/2026 02:12:15,0.24,105.624
02/04/2026 02:22:15,0.24,105.598
02/04/2026 02:32:15,0.23,105.584
02/04/2026 02:42:15,0.23,105.597
02/04/2026 02:52:15,0.23,105.602
02/04/2026 03:02:15,0.23,105.584
02/04/2026 03:12:15,0.23,105.597
02/04/2026 03:22:15,0.24,105.598
02/04/2026 03:32:15,0.24,105.611
02/04/2026 03:42:15,0.24,105.593
02/04/2026 03:52:15,0.24,105.585
02/04/2026 04:02:15,0.25,105.594
02/04/2026 04:12:15,0.25,105.585
02/04/2026 04:22:15,0.25,105.585
02/04/2026 04:32:15,0.25,105.581
02/04/2026 04:42:15,0.25,105.589
02/04/2026 04:52:15,0.25,105.563
02/04/2026 05:02:15,0.25,105.572
02/04/2026 05:12:15,0.26,105.572
02/04/2026 05:22:15,0.25,105.581
02/04/2026 05:32:15,0.26,105.581
02/04/2026 05:42:15,0.26,105.563
02/04/2026 05:52:15,0.26,105.567
02/04/2026 06:02:15,0.26,105.576
02/04/2026 06:12:15,0.26,105.598
02/04/2026 06:22:15,0.26,105.598
02/04/2026 06:32:15,0.25,105.589
02/04/2026 06:42:15,0.25,105.594
02/04/2026 06:52:15,0.25,105.598
02/04/2026 07:02:15,0.25,105.598
02/04/2026 07:12:15,0.25,105.633
02/04/2026 07:22:15,0.25,105.624
02/04/2026 07:32:15,0.25,105.646
02/04/2026 07:42:15,0.24,105.672
02/04/2026 07:52:15,0.23,105.676
02/04/2026 08:02:15,0.23,105.681
02/04/2026 08:12:15,0.23,105.676
02/04/2026 08:22:15,0.23,105.646
02/04/2026 08:32:15,0.24,105.677
02/04/2026 08:42:15,0.25,105.668
02/04/2026 08:52:15,0.27,105.669
02/04/2026 09:02:15,0.28,105.669
02/04/2026 09:12:15,0.29,105.683
02/04/2026 09:22:15,0.30,105.683
02/04/2026 09:32:15,0.32,105.693
02/04/2026 09:42:15,0.34,105.684
02/04/2026 09:52:15,0.35,105.703
02/04/2026 10:02:15,0.37,105.708
02/04/2026 10:12:15,0.39,105.691
02/04/2026 10:22:15,0.41,105.687
02/04/2026 10:32:15,0.43,105.670
02/04/2026 10:42:15,0.45,105.702
02/04/2026 10:52:15,0.47,105.685
02/04/2026 11:02:15,0.50,105.668
02/04/2026 11:12:15,0.52,105.647
02/04/2026 11:22:15,0.54,105.635
02/04/2026 11:32:15,0.56,105.627
02/04/2026 11:42:15,0.58,105.636
02/04/2026 11:52:15,0.60,105.628
02/04/2026 12:02:15,0.61,105.628
02/04/2026 12:12:15,0.62,105.611
02/04/2026 12:22:15,0.63,105.598
02/04/2026 12:32:15,0.65,105.595
02/04/2026 12:42:15,0.67,105.578
02/04/2026 12:52:15,0.70,105.566
02/04/2026 13:02:15,0.72,105.553
02/04/2026 13:12:15,0.72,105.567
02/04/2026 13:22:15,0.71,105.544
02/04/2026 13:32:15,0.70,105.548
02/04/2026 13:42:15,0.68,105.543
02/04/2026 13:52:15,0.67,105.560
02/04/2026 14:02:15,0.65,105.555
02/04/2026 14:12:15,0.63,105.546
02/04/2026 14:22:15,0.62,105.537
02/04/2026 14:32:15,0.61,105.510
02/04/2026 14:42:15,0.60,105.514
02/04/2026 14:52:15,0.59,105.487
02/04/2026 15:02:15,0.57,105.491
02/04/2026 15:12:15,0.56,105.469
02/04/2026 15:22:15,0.54,105.490
02/04/2026 15:32:15,0.52,105.480
02/04/2026 15:42:15,0.50,105.471
02/04/2026 15:52:15,0.47,105.474
02/04/2026 16:02:15,0.46,105.461
02/04/2026 16:12:15,0.44,105.473
02/04/2026 16:22:15,0.43,105.468
02/04/2026 16:32:15,0.41,105.455
02/04/2026 16:42:15,0.40,105.437
02/04/2026 16:52:15,0.39,105.454
02/04/2026 17:02:15,0.38,105.458
02/04/2026 17:12:15,0.37,105.462
02/04/2026 17:22:15,0.36,105.479
02/04/2026 17:32:15,0.35,105.483
02/04/2026 17:42:15,0.33,105.465
02/04/2026 17:52:15,0.32,105.465
02/04/2026 18:02:15,0.31,105.456
02/04/2026 18:12:15,0.32,105.447
02/04/2026 18:22:15,0.32,105.443
02/04/2026 18:32:15,0.31,105.469
02/04/2026 18:42:15,0.30,105.490
02/04/2026 18:52:15,0.29,105.490
02/04/2026 19:02:15,0.28,105.524
02/04/2026 19:12:15,0.27,105.537
02/04/2026 19:22:15,0.26,105.537
02/04/2026 19:32:15,0.25,105.550
02/04/2026 19:42:15,0.24,105.580
02/04/2026 19:52:15,0.23,105.597
02/04/2026 20:02:15,0.23,105.597
02/04/2026 20:12:15,0.23,105.588
02/04/2026 20:22:15,0.22,105.588
02/04/2026 20:32:15,0.22,105.588
02/04/2026 20:42:15,0.22,105.575
02/04/2026 20:52:15,0.21,105.557
02/04/2026 21:02:15,0.21,105.535
02/04/2026 21:12:15,0.21,105.522
02/04/2026 21:22:15,0.20,105.522
02/04/2026 21:32:15,0.20,105.495
02/04/2026 21:42:15,0.19,105.482
02/04/2026 21:52:15,0.18,105.473
02/04/2026 22:02:15,0.18,105.473
02/04/2026 22:12:15,0.17,105.468
02/04/2026 22:22:15,0.17,105.472
02/04/2026 22:32:15,0.16,105.468
02/04/2026 22:42:15,0.16,105.463
02/04/2026 22:52:15,0.15,105.459
02/04/2026 23:02:15,0.15,105.458
02/04/2026 23:12:15,0.15,105.437
02/04/2026 23:22:15,0.16,105.441
02/04/2026 23:32:15,0.17,105.442
02/04/2026 23:42:15,0.18,105.424
02/04/2026 23:52:15,0.17,105.429
02/05/2026 00:02:15,0.17,105.380
02/05/2026 00:12:15,0.16,105.375
02/05/2026 00:22:15,0.15,105.362
02/05/2026 00:32:15,0.15,105.357
02/05/2026 00:42:15,0.14,105.366
02/05/2026 00:52:15,0.14,105.340
02/05/2026 01:02:15,0.14,105.357
02/05/2026 01:12:15,0.14,105.362
02/05/2026 01:22:15,0.14,105.348
02/05/2026 01:32:15,0.14,105.340
02/05/2026 01:42:15,0.14,105.340
02/05/2026 01:52:15,0.14,105.331
02/05/2026 02:02:15,0.13,105.322
02/05/2026 02:12:15,0.13,105.317
02/05/2026 02:22:15,0.13,105.304
02/05/2026 02:32:15,0.12,105.295
02/05/2026 02:42:15,0.12,105.299
02/05/2026 02:52:15,0.11,105.286
02/05/2026 03:02:15,0.11,105.290
02/05/2026 03:12:15,0.10,105.281
02/05/2026 03:22:15,0.10,105.277
02/05/2026 03:32:15,0.10,105.290
02/05/2026 03:42:15,0.09,105.272
02/05/2026 03:52:15,0.09,105.277
02/05/2026 04:02:15,0.09,105.303
02/05/2026 04:12:15,0.09,105.303
02/05/2026 04:22:15,0.09,105.320
02/05/2026 04:32:15,0.08,105.324
02/05/2026 04:42:15,0.08,105.338
02/05/2026 04:52:15,0.08,105.342
02/05/2026 05:02:15,0.10,105.338
02/05/2026 05:12:15,0.10,105.330
02/05/2026 05:22:15,0.10,105.343
02/05/2026 05:32:15,0.09,105.342
02/05/2026 05:42:15,0.09,105.320
02/05/2026 05:52:15,0.08,105.329
02/05/2026 06:02:15,0.08,105.324
02/05/2026 06:12:15,0.07,105.346
02/05/2026 06:22:15,0.07,105.355
02/05/2026 06:32:15,0.06,105.359
02/05/2026 06:42:15,0.07,105.359
02/05/2026 06:52:15,0.06,105.363
02/05/2026 07:02:15,0.06,105.385
02/05/2026 07:12:15,0.06,105.390
02/05/2026 07:22:15,0.06,105.407
02/05/2026 07:32:15,0.06,105.407
02/05/2026 07:42:15,0.06,105.394
02/05/2026 07:52:15,0.07,105.390
02/05/2026 08:02:15,0.07,105.394
02/05/2026 08:12:15,0.08,105.399
02/05/2026 08:22:15,0.08,105.390
02/05/2026 08:32:15,0.09,105.369
02/05/2026 08:42:15,0.10,105.364
02/05/2026 08:52:15,0.11,105.365
02/05/2026 09:02:15,0.12,105.339
02/05/2026 09:12:15,0.14,105.313
02/05/2026 09:22:15,0.15,105.305
02/05/2026 09:32:15,0.17,105.293
02/05/2026 09:42:15,0.19,105.271
02/05/2026 09:52:15,0.22,105.259
02/05/2026 10:02:15,0.24,105.251
02/05/2026 10:12:15,0.27,105.248
02/05/2026 10:22:15,0.30,105.227
02/05/2026 10:32:15,0.33,105.206
02/05/2026 10:42:15,0.37,105.203
02/05/2026 10:52:15,0.41,105.174
02/05/2026 11:02:15,0.43,105.153
02/05/2026 11:12:15,0.46,105.140
02/05/2026 11:22:15,0.48,105.110
02/05/2026 11:32:15,0.50,105.080
02/05/2026 11:42:15,0.52,105.064
02/05/2026 11:52:15,0.56,105.052
02/05/2026 12:02:15,0.59,105.040
02/05/2026 12:12:15,0.62,105.010
02/05/2026 12:22:15,0.65,104.976
02/05/2026 12:32:15,0.68,104.973
02/05/2026 12:42:15,0.70,104.952
02/05/2026 12:52:15,0.72,104.917
02/05/2026 13:02:15,0.73,104.882
02/05/2026 13:12:15,0.73,104.878
02/05/2026 13:22:15,0.73,104.843
02/05/2026 13:32:15,0.72,104.829
02/05/2026 13:42:15,0.72,104.798
02/05/2026 13:52:15,0.71,104.785
02/05/2026 14:02:15,0.70,104.771
02/05/2026 14:12:15,0.69,104.758
02/05/2026 14:22:15,0.67,104.749
02/05/2026 14:32:15,0.66,104.766
02/05/2026 14:42:15,0.65,104.743
02/05/2026 14:52:15,0.64,104.739
02/05/2026 15:02:15,0.63,104.716
02/05/2026 15:12:15,0.62,104.721
02/05/2026 15:22:15,0.61,104.716
02/05/2026 15:32:15,0.60,104.702
02/05/2026 15:42:15,0.59,104.689
02/05/2026 15:52:15,0.59,104.684
02/05/2026 16:02:15,0.59,104.662
02/05/2026 16:12:15,0.59,104.636
02/05/2026 16:22:15,0.57,104.644
02/05/2026 16:32:15,0.55,104.639
02/05/2026 16:42:15,0.53,104.647
02/05/2026 16:52:15,0.51,104.646
02/05/2026 17:02:15,0.49,104.628
02/05/2026 17:12:15,0.46,104.636
02/05/2026 17:22:15,0.44,104.648
02/05/2026 17:32:15,0.43,104.652
02/05/2026 17:42:15,0.41,104.652
02/05/2026 17:52:15,0.40,104.669
02/05/2026 18:02:15,0.38,104.664
02/05/2026 18:12:15,0.37,104.676
02/05/2026 18:22:15,0.35,104.689
02/05/2026 18:32:15,0.34,104.693
02/05/2026 18:42:15,0.33,104.710
02/05/2026 18:52:15,0.32,104.710
02/05/2026 19:02:15,0.31,104.701
02/05/2026 19:12:15,0.29,104.700
02/05/2026 19:22:15,0.28,104.691
02/05/2026 19:32:15,0.27,104.691
02/05/2026 19:42:15,0.26,104.690
02/05/2026 19:52:15,0.25,104.699
02/05/2026 20:02:15,0.24,104.712
02/05/2026 20:12:15,0.23,104.720
02/05/2026 20:22:15,0.23,104.724
02/05/2026 20:32:15,0.22,104.733
02/05/2026 20:42:15,0.21,104.728
02/05/2026 20:52:15,0.21,104.732
02/05/2026 21:02:15,0.22,104.715
02/05/2026 21:12:15,0.22,104.706
02/05/2026 21:22:15,0.21,104.706
02/05/2026 21:32:15,0.20,104.684
02/05/2026 21:42:15,0.19,104.675
02/05/2026 21:52:15,0.18,104.670
02/05/2026 22:02:15,0.18,104.643
02/05/2026 22:12:15,0.17,104.643
02/05/2026 22:22:15,0.17,104.647
02/05/2026 22:32:15,0.17,104.643
02/05/2026 22:42:15,0.16,104.621
02/05/2026 22:52:15,0.16,104.590
02/05/2026 23:02:15,0.16,104.582
02/05/2026 23:12:15,0.16,104.555
02/05/2026 23:22:15,0.16,104.551
02/05/2026 23:32:15,0.16,104.542
02/05/2026 23:42:15,0.16,104.524
02/05/2026 23:52:15,0.15,104.511
02/06/2026 00:02:15,0.15,104.502
02/06/2026 00:12:15,0.15,104.489
02/06/2026 00:22:15,0.14,104.493
02/06/2026 00:32:15,0.14,104.506
02/06/2026 00:42:15,0.14,104.506
02/06/2026 00:52:15,0.14,104.493
02/06/2026 01:02:15,0.14,104.515
02/06/2026 01:12:15,0.14,104.541
02/06/2026 01:22:15,0.13,104.567
02/06/2026 01:32:15,0.13,104.580
02/06/2026 01:42:15,0.13,104.589
02/06/2026 01:52:15,0.13,104.593
02/06/2026 02:02:15,0.13,104.593
02/06/2026 02:12:15,0.13,104.598
02/06/2026 02:22:15,0.14,104.576
02/06/2026 02:32:15,0.15,104.572
02/06/2026 02:42:15,0.15,104.572
02/06/2026 02:52:15,0.14,104.581
02/06/2026 03:02:15,0.13,104.550
02/06/2026 03:12:15,0.12,104.532
02/06/2026 03:22:15,0.11,104.518
02/06/2026 03:32:15,0.11,104.492
02/06/2026 03:42:15,0.10,104.492
02/06/2026 03:52:15,0.10,104.478
02/06/2026 04:02:15,0.10,104.483
02/06/2026 04:12:15,0.10,104.483
02/06/2026 04:22:15,0.10,104.474
02/06/2026 04:32:15,0.10,104.465
02/06/2026 04:42:15,0.10,104.470
02/06/2026 04:52:15,0.09,104.478
02/06/2026 05:02:15,0.09,104.487
02/06/2026 05:12:15,0.09,104.452
02/06/2026 05:22:15,0.09,104.434
02/06/2026 05:32:15,0.09,104.452
02/06/2026 05:42:15,0.09,104.456
02/06/2026 05:52:15,0.09,104.434
02/06/2026 06:02:15,0.09,104.425
02/06/2026 06:12:15,0.09,104.425
02/06/2026 06:22:15,0.09,104.443
02/06/2026 06:32:15,0.10,104.434
02/06/2026 06:42:15,0.10,104.443
02/06/2026 06:52:15,0.11,104.430
02/06/2026 07:02:15,0.11,104.417
02/06/2026 07:12:15,0.12,104.400
02/06/2026 07:22:15,0.12,104.405
02/06/2026 07:32:15,0.13,104.396
02/06/2026 07:42:15,0.13,104.379
02/06/2026 07:52:15,0.15,104.353
02/06/2026 08:02:15,0.17,104.332
02/06/2026 08:12:15,0.18,104.319
02/06/2026 08:22:15,0.19,104.319
02/06/2026 08:32:15,0.19,104.302
02/06/2026 08:42:15,0.20,104.271
02/06/2026 08:52:15,0.22,104.250
02/06/2026 09:02:15,0.23,104.215
02/06/2026 09:12:15,0.25,104.203
02/06/2026 09:22:15,0.27,104.190
02/06/2026 09:32:15,0.29,104.169
02/06/2026 09:42:15,0.31,104.157
02/06/2026 09:52:15,0.33,104.144
02/06/2026 10:02:15,0.35,104.114
02/06/2026 10:12:15,0.37,104.102
02/06/2026 10:22:15,0.38,104.071
02/06/2026 10:32:15,0.40,104.041
02/06/2026 10:42:15,0.41,104.024
02/06/2026 10:52:15,0.43,103.981
02/06/2026 11:02:15,0.44,103.964
02/06/2026 11:12:15,0.46,103.947
02/06/2026 11:22:15,0.47,103.921
02/06/2026 11:32:15,0.49,103.873
02/06/2026 11:42:15,0.50,103.847
02/06/2026 11:52:15,0.51,103.826
02/06/2026 12:02:15,0.53,103.809
02/06/2026 12:12:15,0.55,103.788
02/06/2026 12:22:15,0.58,103.753
02/06/2026 12:32:15,0.60,103.741
02/06/2026 12:42:15,0.62,103.737
02/06/2026 12:52:15,0.64,103.716
02/06/2026 13:02:15,0.65,103.712
02/06/2026 13:12:15,0.66,103.690
02/06/2026 13:22:15,0.68,103.673
02/06/2026 13:32:15,0.69,103.639
02/06/2026 13:42:15,0.69,103.626
02/06/2026 13:52:15,0.67,103.616
02/06/2026 14:02:15,0.66,103.607
02/06/2026 14:12:15,0.65,103.607
02/06/2026 14:22:15,0.63,103.593
02/06/2026 14:32:15,0.62,103.593
02/06/2026 14:42:15,0.61,103.579
02/06/2026 14:52:15,0.60,103.574
02/06/2026 15:02:15,0.59,103.574
02/06/2026 15:12:15,0.59,103.547
02/06/2026 15:22:15,0.58,103.534
02/06/2026 15:32:15,0.57,103.512
02/06/2026 15:42:15,0.56,103.525
02/06/2026 15:52:15,0.56,103.502
02/06/2026 16:02:15,0.55,103.498
02/06/2026 16:12:15,0.54,103.493
02/06/2026 16:22:15,0.52,103.488
02/06/2026 16:32:15,0.51,103.479
02/06/2026 16:42:15,0.49,103.478
02/06/2026 16:52:15,0.47,103.491
02/06/2026 17:02:15,0.45,103.490
02/06/2026 17:12:15,0.44,103.490
02/06/2026 17:22:15,0.43,103.472
02/06/2026 17:32:15,0.41,103.480
02/06/2026 17:42:15,0.40,103.453
02/06/2026 17:52:15,0.38,103.475
02/06/2026 18:02:15,0.37,103.461
02/06/2026 18:12:15,0.36,103.469
02/06/2026 18:22:15,0.36,103.465
02/06/2026 18:32:15,0.36,103.448
02/06/2026 18:42:15,0.35,103.443
02/06/2026 18:52:15,0.34,103.469
02/06/2026 19:02:15,0.34,103.464
02/06/2026 19:12:15,0.33,103.455
02/06/2026 19:22:15,0.33,103.460
02/06/2026 19:32:15,0.33,103.455
02/06/2026 19:42:15,0.32,103.468
02/06/2026 19:52:15,0.32,103.459
02/06/2026 20:02:15,0.32,103.442
02/06/2026 20:12:15,0.32,103.424
02/06/2026 20:22:15,0.32,103.424
02/06/2026 20:32:15,0.32,103.407
02/06/2026 20:42:15,0.32,103.393
02/06/2026 20:52:15,0.32,103.376
02/06/2026 21:02:15,0.31,103.367
02/06/2026 21:12:15,0.31,103.367
02/06/2026 21:22:15,0.31,103.345
02/06/2026 21:32:15,0.31,103.362
02/06/2026 21:42:15,0.30,103.353
02/06/2026 21:52:15,0.30,103.353
02/06/2026 22:02:15,0.30,103.336
02/06/2026 22:12:15,0.30,103.344
02/06/2026 22:22:15,0.30,103.327
02/06/2026 22:32:15,0.29,103.335
02/06/2026 22:42:15,0.29,103.357
02/06/2026 22:52:15,0.29,103.353
02/06/2026 23:02:15,0.29,103.331
02/06/2026 23:12:15,0.30,103.318
02/06/2026 23:22:15,0.32,103.310
02/06/2026 23:32:15,0.33,103.306
02/06/2026 23:42:15,0.32,103.297
02/06/2026 23:52:15,0.32,103.288
02/07/2026 00:02:15,0.31,103.279
02/07/2026 00:12:15,0.31,103.274
02/07/2026 00:22:15,0.30,103.265
02/07/2026 00:32:15,0.30,103.248
02/07/2026 00:42:15,0.29,103.239
02/07/2026 00:52:15,0.29,103.225
02/07/2026 01:02:15,0.28,103.217
02/07/2026 01:12:15,0.28,103.221
02/07/2026 01:22:15,0.28,103.208
02/07/2026 01:32:15,0.28,103.225
02/07/2026 01:42:15,0.28,103.203
02/07/2026 01:52:15,0.28,103.203
02/07/2026 02:02:15,0.28,103.186
02/07/2026 02:12:15,0.27,103.172
02/07/2026 02:22:15,0.27,103.155
02/07/2026 02:32:15,0.26,103.154
02/07/2026 02:42:15,0.26,103.141
02/07/2026 02:52:15,0.26,103.137
02/07/2026 03:02:15,0.25,103.132
02/07/2026 03:12:15,0.25,103.123
02/07/2026 03:22:15,0.25,103.101
02/07/2026 03:32:15,0.25,103.110
02/07/2026 03:42:15,0.25,103.097
02/07/2026 03:52:15,0.25,103.097
02/07/2026 04:02:15,0.25,103.097
02/07/2026 04:12:15,0.26,103.097
02/07/2026 04:22:15,0.27,103.089
02/07/2026 04:32:15,0.28,103.098
02/07/2026 04:42:15,0.28,103.098
02/07/2026 04:52:15,0.27,103.084
02/07/2026 05:02:15,0.26,103.097
02/07/2026 05:12:15,0.26,103.093
02/07/2026 05:22:15,0.25,103.093
02/07/2026 05:32:15,0.25,103.084
02/07/2026 05:42:15,0.25,103.079
02/07/2026 05:52:15,0.25,103.088
02/07/2026 06:02:15,0.26,103.084
02/07/2026 06:12:15,0.26,103.084
02/07/2026 06:22:15,0.27,103.093
02/07/2026 06:32:15,0.28,103.093
02/07/2026 06:42:15,0.28,103.098
02/07/2026 06:52:15,0.28,103.116
02/07/2026 07:02:15,0.28,103.151
02/07/2026 07:12:15,0.28,103.168
02/07/2026 07:22:15,0.27,103.194
02/07/2026 07:32:15,0.26,103.211
02/07/2026 07:42:15,0.24,103.228
02/07/2026 07:52:15,0.22,103.276
02/07/2026 08:02:15,0.21,103.293
02/07/2026 08:12:15,0.20,103.328
02/07/2026 08:22:15,0.20,103.341
02/07/2026 08:32:15,0.21,103.381
02/07/2026 08:42:15,0.23,103.390
02/07/2026 08:52:15,0.24,103.426
02/07/2026 09:02:15,0.25,103.426
02/07/2026 09:12:15,0.26,103.431
02/07/2026 09:22:15,0.28,103.471
02/07/2026 09:32:15,0.30,103.467
02/07/2026 09:42:15,0.31,103.503
02/07/2026 09:52:15,0.31,103.512
02/07/2026 10:02:15,0.31,103.542
02/07/2026 10:12:15,0.32,103.551
02/07/2026 10:22:15,0.32,103.578
02/07/2026 10:32:15,0.32,103.595
02/07/2026 10:42:15,0.33,103.613
02/07/2026 10:52:15,0.33,103.582
02/07/2026 11:02:15,0.33,103.591
02/07/2026 11:12:15,0.34,103.605
02/07/2026 11:22:15,0.35,103.605
02/07/2026 11:32:15,0.37,103.610
02/07/2026 11:42:15,0.38,103.624
02/07/2026 11:52:15,0.39,103.615
02/07/2026 12:02:15,0.41,103.633
02/07/2026 12:12:15,0.43,103.625
02/07/2026 12:22:15,0.44,103.635
02/07/2026 12:32:15,0.44,103.635
02/07/2026 12:42:15,0.45,103.644
02/07/2026 12:52:15,0.45,103.653
02/07/2026 13:02:15,0.45,103.661
02/07/2026 13:12:15,0.45,103.696
02/07/2026 13:22:15,0.45,103.718
02/07/2026 13:32:15,0.45,103.723
02/07/2026 13:42:15,0.44,103.727
02/07/2026 13:52:15,0.44,103.766
02/07/2026 14:02:15,0.43,103.770
02/07/2026 14:12:15,0.41,103.796
02/07/2026 14:22:15,0.41,103.796
02/07/2026 14:32:15,0.41,103.822
02/07/2026 14:42:15,0.41,103.862
02/07/2026 14:52:15,0.40,103.879
02/07/2026 15:02:15,0.39,103.892
02/07/2026 15:12:15,0.37,103.917
02/07/2026 15:22:15,0.35,103.912
02/07/2026 15:32:15,0.33,103.947
02/07/2026 15:42:15,0.31,103.972
02/07/2026 15:52:15,0.30,103.998
02/07/2026 16:02:15,0.28,104.015
02/07/2026 16:12:15,0.27,104.054
02/07/2026 16:22:15,0.27,104.089
02/07/2026 16:32:15,0.26,104.124
02/07/2026 16:42:15,0.25,104.168
02/07/2026 16:52:15,0.24,104.185
02/07/2026 17:02:15,0.23,104.233
02/07/2026 17:12:15,0.21,104.259
02/07/2026 17:22:15,0.20,104.276
02/07/2026 17:32:15,0.18,104.306
02/07/2026 17:42:15,0.17,104.358
02/07/2026 17:52:15,0.15,104.410
02/07/2026 18:02:15,0.14,104.462
02/07/2026 18:12:15,0.13,104.532
02/07/2026 18:22:15,0.12,104.576
02/07/2026 18:32:15,0.11,104.615
02/07/2026 18:42:15,0.10,104.693
02/07/2026 18:52:15,0.09,104.733
02/07/2026 19:02:15,0.08,104.789
02/07/2026 19:12:15,0.08,104.846
02/07/2026 19:22:15,0.07,104.894
02/07/2026 19:32:15,0.06,104.942
02/07/2026 19:42:15,0.06,104.986
02/07/2026 19:52:15,0.07,105.052
02/07/2026 20:02:15,0.07,105.105
02/07/2026 20:12:15,0.06,105.153
02/07/2026 20:22:15,0.05,105.192
02/07/2026 20:32:15,0.04,105.262
02/07/2026 20:42:15,0.04,105.292
02/07/2026 20:52:15,0.03,105.340
02/07/2026 21:02:15,0.03,105.402
02/07/2026 21:12:15,0.03,105.454
02/07/2026 21:22:15,0.03,105.516
02/07/2026 21:32:15,0.03,105.559
02/07/2026 21:42:15,0.03,105.616
02/07/2026 21:52:15,0.03,105.652
02/07/2026 22:02:15,0.03,105.709
02/07/2026 22:12:15,0.03,105.748
02/07/2026 22:22:15,0.03,105.779
02/07/2026 22:32:15,0.03,105.814
02/07/2026 22:42:15,0.02,105.858
02/07/2026 22:52:15,0.02,105.897
02/07/2026 23:02:15,0.02,105.919
02/07/2026 23:12:15,0.01,105.945
02/07/2026 23:22:15,0.01,105.962
02/07/2026 23:32:15,0.01,105.989
02/07/2026 23:42:15,0.01,106.032
02/07/2026 23:52:15,0.01,106.059
02/08/2026 00:02:15,0.01,106.081
02/08/2026 00:12:15,0.01,106.124
02/08/2026 00:22:15,0.01,106.151
02/08/2026 00:32:15,0.00,106.190
02/08/2026 00:42:15,0.00,106.216
02/08/2026 00:52:15,0.00,106.221
02/08/2026 01:02:15,0.01,106.274
02/08/2026 01:12:15,0.01,106.287
02/08/2026 01:22:15,0.01,106.318
02/08/2026 01:32:15,0.01,106.340
02/08/2026 01:42:15,0.01,106.353
02/08/2026 01:52:15,0.01,106.388
02/08/2026 02:02:15,0.01,106.392
02/08/2026 02:12:15,0.01,106.405
02/08/2026 02:22:15,0.01,106.405
02/08/2026 02:32:15,0.01,106.414
02/08/2026 02:42:15,0.01,106.418
02/08/2026 02:52:15,0.01,106.436
02/08/2026 03:02:15,0.02,106.440
02/08/2026 03:12:15,0.02,106.445
02/08/2026 03:22:15,0.02,106.450
02/08/2026 03:32:15,0.03,106.463
02/08/2026 03:42:15,0.03,106.476
02/08/2026 03:52:15,0.03,106.503
02/08/2026 04:02:15,0.03,106.533
02/08/2026 04:12:15,0.03,106.529
02/08/2026 04:22:15,0.03,106.538
02/08/2026 04:32:15,0.04,106.542
02/08/2026 04:42:15,0.04,106.555
02/08/2026 04:52:15,0.04,106.581
02/08/2026 05:02:15,0.04,106.586
02/08/2026 05:12:15,0.04,106.590
02/08/2026 05:22:15,0.04,106.595
02/08/2026 05:32:15,0.04,106.586
02/08/2026 05:42:15,0.04,106.586
02/08/2026 05:52:15,0.04,106.599
02/08/2026 06:02:15,0.04,106.608
02/08/2026 06:12:15,0.04,106.617
02/08/2026 06:22:15,0.05,106.608
02/08/2026 06:32:15,0.05,106.604
02/08/2026 06:42:15,0.05,106.604
02/08/2026 06:52:15,0.05,106.573
02/08/2026 07:02:15,0.05,106.578
02/08/2026 07:12:15,0.05,106.573
02/08/2026 07:22:15,0.05,106.556
02/08/2026 07:32:15,0.05,106.538
02/08/2026 07:42:15,0.06,106.521
02/08/2026 07:52:15,0.06,106.508
02/08/2026 08:02:15,0.06,106.486
02/08/2026 08:12:15,0.07,106.456
02/08/2026 08:22:15,0.07,106.407
02/08/2026 08:32:15,0.08,106.390
02/08/2026 08:42:15,0.09,106.333
02/08/2026 08:52:15,0.09,106.298
02/08/2026 09:02:15,0.09,106.237
02/08/2026 09:12:15,0.10,106.202
02/08/2026 09:22:15,0.11,106.154
02/08/2026 09:32:15,0.11,106.115
02/08/2026 09:42:15,0.12,106.072
02/08/2026 09:52:15,0.13,106.046
02/08/2026 10:02:15,0.14,105.980
02/08/2026 10:12:15,0.16,105.932
02/08/2026 10:22:15,0.17,105.880
02/08/2026 10:32:15,0.19,105.837
02/08/2026 10:42:15,0.20,105.776
02/08/2026 10:52:15,0.22,105.737
02/08/2026 11:02:15,0.23,105.689
02/08/2026 11:12:15,0.24,105.646
02/08/2026 11:22:15,0.26,105.629
02/08/2026 11:32:15,0.27,105.586
02/08/2026 11:42:15,0.28,105.547
02/08/2026 11:52:15,0.30,105.516
02/08/2026 12:02:15,0.32,105.504
02/08/2026 12:12:15,0.34,105.470
02/08/2026 12:22:15,0.36,105.440
02/08/2026 12:32:15,0.38,105.405
02/08/2026 12:42:15,0.40,105.388
02/08/2026 12:52:15,0.42,105.380
02/08/2026 13:02:15,0.43,105.359
02/08/2026 13:12:15,0.44,105.346
02/08/2026 13:22:15,0.44,105.328
02/08/2026 13:32:15,0.44,105.315
02/08/2026 13:42:15,0.43,105.306
02/08/2026 13:52:15,0.43,105.297
02/08/2026 14:02:15,0.42,105.293
02/08/2026 14:12:15,0.42,105.301
02/08/2026 14:22:15,0.41,105.301
02/08/2026 14:32:15,0.40,105.301
02/08/2026 14:42:15,0.40,105.314
02/08/2026 14:52:15,0.39,105.309
02/08/2026 15:02:15,0.38,105.322
02/08/2026 15:12:15,0.37,105.330
02/08/2026 15:22:15,0.36,105.330
02/08/2026 15:32:15,0.35,105.330
02/08/2026 15:42:15,0.33,105.351
02/08/2026 15:52:15,0.32,105.350
02/08/2026 16:02:15,0.29,105.358
02/08/2026 16:12:15,0.27,105.371
02/08/2026 16:22:15,0.26,105.374
02/08/2026 16:32:15,0.24,105.374
02/08/2026 16:42:15,0.22,105.387
02/08/2026 16:52:15,0.21,105.395
02/08/2026 17:02:15,0.20,105.408
02/08/2026 17:12:15,0.19,105.425
02/08/2026 17:22:15,0.19,105.425
02/08/2026 17:32:15,0.18,105.425
02/08/2026 17:42:15,0.18,105.464
02/08/2026 17:52:15,0.18,105.482
02/08/2026 18:02:15,0.18,105.481
02/08/2026 18:12:15,0.17,105.485
02/08/2026 18:22:15,0.16,105.494
02/08/2026 18:32:15,0.15,105.502
02/08/2026 18:42:15,0.14,105.541
02/08/2026 18:52:15,0.13,105.545
02/08/2026 19:02:15,0.12,105.545
02/08/2026 19:12:15,0.12,105.545
02/08/2026 19:22:15,0.12,105.536
02/08/2026 19:32:15,0.12,105.550
02/08/2026 19:42:15,0.13,105.554
02/08/2026 19:52:15,0.13,105.572
02/08/2026 20:02:15,0.12,105.580
02/08/2026 20:12:15,0.11,105.593
02/08/2026 20:22:15,0.10,105.602
02/08/2026 20:32:15,0.10,105.601
02/08/2026 20:42:15,0.10,105.614
02/08/2026 20:52:15,0.09,105.627
02/08/2026 21:02:15,0.09,105.627
02/08/2026 21:12:15,0.09,105.632
02/08/2026 21:22:15,0.09,105.658
02/08/2026 21:32:15,0.10,105.672
02/08/2026 21:42:15,0.10,105.685
02/08/2026 21:52:15,0.11,105.685
02/08/2026 22:02:15,0.11,105.698
02/08/2026 22:12:15,0.11,105.694
02/08/2026 22:22:15,0.10,105.707
02/08/2026 22:32:15,0.10,105.707
02/08/2026 22:42:15,0.10,105.728
02/08/2026 22:52:15,0.09,105.711
02/08/2026 23:02:15,0.09,105.724
02/08/2026 23:12:15,0.08,105.728
02/08/2026 23:22:15,0.08,105.732
02/08/2026 23:32:15,0.08,105.737
02/08/2026 23:42:15,0.07,105.723
02/08/2026 23:52:15,0.07,105.741
02/09/2026 00:02:15,0.07,105.750
02/09/2026 00:12:15,0.07,105.749
02/09/2026 00:22:15,0.07,105.758
02/09/2026 00:32:15,0.07,105.749
02/09/2026 00:42:15,0.07,105.736
02/09/2026 00:52:15,0.08,105.710
02/09/2026 01:02:15,0.08,105.728
02/09/2026 01:12:15,0.07,105.728
02/09/2026 01:22:15,0.07,105.736
02/09/2026 01:32:15,0.06,105.749
02/09/2026 01:42:15,0.05,105.749
02/09/2026 01:52:15,0.05,105.758
02/09/2026 02:02:15,0.05,105.753
02/09/2026 02:12:15,0.05,105.744
02/09/2026 02:22:15,0.05,105.749
02/09/2026 02:32:15,0.05,105.757
02/09/2026 02:42:15,0.05,105.749
02/09/2026 02:52:15,0.05,105.758
02/09/2026 03:02:15,0.05,105.762
02/09/2026 03:12:15,0.05,105.771
02/09/2026 03:22:15,0.05,105.753
02/09/2026 03:32:15,0.05,105.749
02/09/2026 03:42:15,0.05,105.744
02/09/2026 03:52:15,0.04,105.753
02/09/2026 04:02:15,0.04,105.753
02/09/2026 04:12:15,0.04,105.766
02/09/2026 04:22:15,0.04,105.770
02/09/2026 04:32:15,0.03,105.775
02/09/2026 04:42:15,0.04,105.792
02/09/2026 04:52:15,0.05,105.806
02/09/2026 05:02:15,0.05,105.801
02/09/2026 05:12:15,0.04,105.797
02/09/2026 05:22:15,0.04,105.805
02/09/2026 05:32:15,0.03,105.801
02/09/2026 05:42:15,0.03,105.818
02/09/2026 05:52:15,0.02,105.809
02/09/2026 06:02:15,0.02,105.822
02/09/2026 06:12:15,0.02,105.818
02/09/2026 06:22:15,0.02,105.827
02/09/2026 06:32:15,0.02,105.827
02/09/2026 06:42:15,0.02,105.827
02/09/2026 06:52:15,0.02,105.844
02/09/2026 07:02:15,0.02,105.858
02/09/2026 07:12:15,0.02,105.862
02/09/2026 07:22:15,0.02,105.871
02/09/2026 07:32:15,0.02,105.892
02/09/2026 07:42:15,0.02,105.897
02/09/2026 07:52:15,0.02,105.893
02/09/2026 08:02:15,0.03,105.862
02/09/2026 08:12:15,0.03,105.880
02/09/2026 08:22:15,0.04,105.897
02/09/2026 08:32:15,0.04,105.889
02/09/2026 08:42:15,0.05,105.898
02/09/2026 08:52:15,0.06,105.881
02/09/2026 09:02:15,0.08,105.886
02/09/2026 09:12:15,0.09,105.886
02/09/2026 09:22:15,0.10,105.887
02/09/2026 09:32:15,0.12,105.892
02/09/2026 09:42:15,0.14,105.897
02/09/2026 09:52:15,0.16,105.884
02/09/2026 10:02:15,0.18,105.885
02/09/2026 10:12:15,0.20,105.886
02/09/2026 10:22:15,0.22,105.873
02/09/2026 10:32:15,0.25,105.843
02/09/2026 10:42:15,0.27,105.818
02/09/2026 10:52:15,0.29,105.801
02/09/2026 11:02:15,0.32,105.807
02/09/2026 11:12:15,0.35,105.781
02/09/2026 11:22:15,0.37,105.751
02/09/2026 11:32:15,0.39,105.730
02/09/2026 11:42:15,0.42,105.718
02/09/2026 11:52:15,0.44,105.701
02/09/2026 12:02:15,0.47,105.667
02/09/2026 12:12:15,0.49,105.650
02/09/2026 12:22:15,0.51,105.656
02/09/2026 12:32:15,0.54,105.670
02/09/2026 12:42:15,0.56,105.648
02/09/2026 12:52:15,0.59,105.619
02/09/2026 13:02:15,0.61,105.593
02/09/2026 13:12:15,0.62,105.572
02/09/2026 13:22:15,0.62,105.528
02/09/2026 13:32:15,0.60,105.505
02/09/2026 13:42:15,0.59,105.465
02/09/2026 13:52:15,0.57,105.482
02/09/2026 14:02:15,0.56,105.460
02/09/2026 14:12:15,0.53,105.428
02/09/2026 14:22:15,0.51,105.414
02/09/2026 14:32:15,0.51,105.423
02/09/2026 14:42:15,0.50,105.409
02/09/2026 14:52:15,0.50,105.409
02/09/2026 15:02:15,0.49,105.422
02/09/2026 15:12:15,0.48,105.426
02/09/2026 15:22:15,0.48,105.426
02/09/2026 15:32:15,0.48,105.409
02/09/2026 15:42:15,0.48,105.435
02/09/2026 15:52:15,0.46,105.417
02/09/2026 16:02:15,0.44,105.399
02/09/2026 16:12:15,0.42,105.411
02/09/2026 16:22:15,0.40,105.397
02/09/2026 16:32:15,0.39,105.405
02/09/2026 16:42:15,0.37,105.400
02/09/2026 16:52:15,0.36,105.426
02/09/2026 17:02:15,0.34,105.421
02/09/2026 17:12:15,0.33,105.399
02/09/2026 17:22:15,0.32,105.394
02/09/2026 17:32:15,0.31,105.376
02/09/2026 17:42:15,0.30,105.402
02/09/2026 17:52:15,0.30,105.398
02/09/2026 18:02:15,0.29,105.402
02/09/2026 18:12:15,0.28,105.397
02/09/2026 18:22:15,0.27,105.384
02/09/2026 18:32:15,0.27,105.401
02/09/2026 18:42:15,0.26,105.410
02/09/2026 18:52:15,0.26,105.397
02/09/2026 19:02:15,0.26,105.405
02/09/2026 19:12:15,0.25,105.409
02/09/2026 19:22:15,0.25,105.418
02/09/2026 19:32:15,0.25,105.422
02/09/2026 19:42:15,0.25,105.453
02/09/2026 19:52:15,0.25,105.471
02/09/2026 20:02:15,0.25,105.449
02/09/2026 20:12:15,0.25,105.444
02/09/2026 20:22:15,0.25,105.449
02/09/2026 20:32:15,0.27,105.436
02/09/2026 20:42:15,0.28,105.419
02/09/2026 20:52:15,0.28,105.428
02/09/2026 21:02:15,0.27,105.410
02/09/2026 21:12:15,0.27,105.414
02/09/2026 21:22:15,0.26,105.405
02/09/2026 21:32:15,0.26,105.392
02/09/2026 21:42:15,0.25,105.392
02/09/2026 21:52:15,0.25,105.388
02/09/2026 22:02:15,0.26,105.374
02/09/2026 22:12:15,0.26,105.370
02/09/2026 22:22:15,0.26,105.357
02/09/2026 22:32:15,0.26,105.366
02/09/2026 22:42:15,0.26,105.370
02/09/2026 22:52:15,0.26,105.379
02/09/2026 23:02:15,0.26,105.366
02/09/2026 23:12:15,0.26,105.375
02/09/2026 23:22:15,0.26,105.357
02/09/2026 23:32:15,0.26,105.357
02/09/2026 23:42:15,0.26,105.361
02/09/2026 23:52:15,0.26,105.348
02/10/2026 00:02:15,0.26,105.361
02/10/2026 00:12:15,0.26,105.348
02/10/2026 00:22:15,0.26,105.335
02/10/2026 00:32:15,0.26,105.317
02/10/2026 00:42:15,0.25,105.331
02/10/2026 00:52:15,0.26,105.348
02/10/2026 01:02:15,0.26,105.344
02/10/2026 01:12:15,0.26,105.361
02/10/2026 01:22:15,0.26,105.388
02/10/2026 01:32:15,0.27,105.379
02/10/2026 01:42:15,0.28,105.371
02/10/2026 01:52:15,0.29,105.354
02/10/2026 02:02:15,0.30,105.354
02/10/2026 02:12:15,0.29,105.376
02/10/2026 02:22:15,0.29,105.398
02/10/2026 02:32:15,0.29,105.393
02/10/2026 02:42:15,0.28,105.380
02/10/2026 02:52:15,0.28,105.406
02/10/2026 03:02:15,0.28,105.393
02/10/2026 03:12:15,0.29,105.384
02/10/2026 03:22:15,0.29,105.407
02/10/2026 03:32:15,0.30,105.407
02/10/2026 03:42:15,0.30,105.411
02/10/2026 03:52:15,0.30,105.411
02/10/2026 04:02:15,0.31,105.385
02/10/2026 04:12:15,0.31,105.372
02/10/2026 04:22:15,0.30,105.363
02/10/2026 04:32:15,0.30,105.359
02/10/2026 04:42:15,0.30,105.354
02/10/2026 04:52:15,0.29,105.358
02/10/2026 05:02:15,0.29,105.341
02/10/2026 05:12:15,0.28,105.336
02/10/2026 05:22:15,0.28,105.318
02/10/2026 05:32:15,0.28,105.340
02/10/2026 05:42:15,0.27,105.331
02/10/2026 05:52:15,0.27,105.335
02/10/2026 06:02:15,0.26,105.348
02/10/2026 06:12:15,0.26,105.344
02/10/2026 06:22:15,0.25,105.352
02/10/2026 06:32:15,0.24,105.378
02/10/2026 06:42:15,0.24,105.391
02/10/2026 06:52:15,0.24,105.378
02/10/2026 07:02:15,0.25,105.374
02/10/2026 07:12:15,0.24,105.365
02/10/2026 07:22:15,0.23,105.374
02/10/2026 07:32:15,0.22,105.369
02/10/2026 07:42:15,0.22,105.360
02/10/2026 07:52:15,0.21,105.364
02/10/2026 08:02:15,0.21,105.347
02/10/2026 08:12:15,0.21,105.347
02/10/2026 08:22:15,0.22,105.356
02/10/2026 08:32:15,0.23,105.369
02/10/2026 08:42:15,0.24,105.356
02/10/2026 08:52:15,0.25,105.357
02/10/2026 09:02:15,0.27,105.349
02/10/2026 09:12:15,0.29,105.327
02/10/2026 09:22:15,0.30,105.319
02/10/2026 09:32:15,0.32,105.306
02/10/2026 09:42:15,0.33,105.307
02/10/2026 09:52:15,0.35,105.303
02/10/2026 10:02:15,0.36,105.299
02/10/2026 10:12:15,0.38,105.287
02/10/2026 10:22:15,0.40,105.292
02/10/2026 10:32:15,0.42,105.258
02/10/2026 10:42:15,0.45,105.250
02/10/2026 10:52:15,0.47,105.228
02/10/2026 11:02:15,0.49,105.203
02/10/2026 11:12:15,0.51,105.168
02/10/2026 11:22:15,0.53,105.156
02/10/2026 11:32:15,0.54,105.139
02/10/2026 11:42:15,0.56,105.126
02/10/2026 11:52:15,0.57,105.100
02/10/2026 12:02:15,0.59,105.075
02/10/2026 12:12:15,0.61,105.054
02/10/2026 12:22:15,0.63,105.037
02/10/2026 12:32:15,0.63,105.011
02/10/2026 12:42:15,0.64,104.984
02/10/2026 12:52:15,0.63,104.953
02/10/2026 13:02:15,0.63,104.927
02/10/2026 13:12:15,0.63,104.866
02/10/2026 13:22:15,0.62,104.817
02/10/2026 13:32:15,0.62,104.790
02/10/2026 13:42:15,0.61,104.764
02/10/2026 13:52:15,0.61,104.764
02/10/2026 14:02:15,0.62,104.760
02/10/2026 14:12:15,0.62,104.747
02/10/2026 14:22:15,0.62,104.721
02/10/2026 14:32:15,0.62,104.712
02/10/2026 14:42:15,0.63,104.703
02/10/2026 14:52:15,0.62,104.668
02/10/2026 15:02:15,0.62,104.650
02/10/2026 15:12:15,0.62,104.655
02/10/2026 15:22:15,0.60,104.628
02/10/2026 15:32:15,0.58,104.636
02/10/2026 15:42:15,0.57,104.635
02/10/2026 15:52:15,0.55,104.604
02/10/2026 16:02:15,0.53,104.590
02/10/2026 16:12:15,0.52,104.572
02/10/2026 16:22:15,0.51,104.541
02/10/2026 16:32:15,0.49,104.518
02/10/2026 16:42:15,0.48,104.540
02/10/2026 16:52:15,0.47,104.544
02/10/2026 17:02:15,0.47,104.478
02/10/2026 17:12:15,0.48,104.478
02/10/2026 17:22:15,0.48,104.483
02/10/2026 17:32:15,0.47,104.465
02/10/2026 17:42:15,0.46,104.421
02/10/2026 17:52:15,0.44,104.416
02/10/2026 18:02:15,0.43,104.385
02/10/2026 18:12:15,0.42,104.336
02/10/2026 18:22:15,0.41,104.301
02/10/2026 18:32:15,0.41,104.336
02/10/2026 18:42:15,0.40,104.313
02/10/2026 18:52:15,0.40,104.287
02/10/2026 19:02:15,0.40,104.256
02/10/2026 19:12:15,0.40,104.221
02/10/2026 19:22:15,0.40,104.204
02/10/2026 19:32:15,0.40,104.191
02/10/2026 19:42:15,0.40,104.221
02/10/2026 19:52:15,0.40,104.239
02/10/2026 20:02:15,0.40,104.243
02/10/2026 20:12:15,0.40,104.186
02/10/2026 20:22:15,0.40,104.186
02/10/2026 20:32:15,0.40,104.239
02/10/2026 20:42:15,0.39,104.230
02/10/2026 20:52:15,0.39,104.221
02/10/2026 21:02:15,0.39,104.190
02/10/2026 21:12:15,0.38,104.120
02/10/2026 21:22:15,0.38,104.120
02/10/2026 21:32:15,0.37,104.106
02/10/2026 21:42:15,0.37,104.119
02/10/2026 21:52:15,0.36,104.106
02/10/2026 22:02:15,0.36,104.119
02/10/2026 22:12:15,0.37,104.093
02/10/2026 22:22:15,0.37,104.036
02/10/2026 22:32:15,0.35,103.987
02/10/2026 22:42:15,0.34,103.952
02/10/2026 22:52:15,0.33,103.925
02/10/2026 23:02:15,0.33,103.934
02/10/2026 23:12:15,0.33,103.920
02/10/2026 23:22:15,0.33,103.894
02/10/2026 23:32:15,0.33,103.859
02/10/2026 23:42:15,0.33,103.824
02/10/2026 23:52:15,0.34,103.824
02/11/2026 00:02:15,0.35,103.820
02/11/2026 00:12:15,0.36,103.807
02/11/2026 00:22:15,0.37,103.786
02/11/2026 00:32:15,0.38,103.790
02/11/2026 00:42:15,0.38,103.751
02/11/2026 00:52:15,0.38,103.725
02/11/2026 01:02:15,0.39,103.707
02/11/2026 01:12:15,0.39,103.681
02/11/2026 01:22:15,0.39,103.690
02/11/2026 01:32:15,0.39,103.677
02/11/2026 01:42:15,0.39,103.650
02/11/2026 01:52:15,0.39,103.655
02/11/2026 02:02:15,0.39,103.650
02/11/2026 02:12:15,0.39,103.651
02/11/2026 02:22:15,0.40,103.589
02/11/2026 02:32:15,0.40,103.558
02/11/2026 02:42:15,0.40,103.589
02/11/2026 02:52:15,0.40,103.563
02/11/2026 03:02:15,0.39,103.589
02/11/2026 03:12:15,0.39,103.576
02/11/2026 03:22:15,0.40,103.567
02/11/2026 03:32:15,0.41,103.533
02/11/2026 03:42:15,0.41,103.502
02/11/2026 03:52:15,0.40,103.475
02/11/2026 04:02:15,0.40,103.471
02/11/2026 04:12:15,0.39,103.488
02/11/2026 04:22:15,0.38,103.501
02/11/2026 04:32:15,0.37,103.514
02/11/2026 04:42:15,0.36,103.518
02/11/2026 04:52:15,0.35,103.495
02/11/2026 05:02:15,0.34,103.486
02/11/2026 05:12:15,0.34,103.495
02/11/2026 05:22:15,0.33,103.482
02/11/2026 05:32:15,0.32,103.477
02/11/2026 05:42:15,0.32,103.485
02/11/2026 05:52:15,0.31,103.511
02/11/2026 06:02:15,0.30,103.520
02/11/2026 06:12:15,0.30,103.520
02/11/2026 06:22:15,0.29,103.546
02/11/2026 06:32:15,0.29,103.528
02/11/2026 06:42:15,0.29,103.528
02/11/2026 06:52:15,0.28,103.546
02/11/2026 07:02:15,0.28,103.541
02/11/2026 07:12:15,0.27,103.558
02/11/2026 07:22:15,0.26,103.563
02/11/2026 07:32:15,0.26,103.558
02/11/2026 07:42:15,0.26,103.567
02/11/2026 07:52:15,0.26,103.580
02/11/2026 08:02:15,0.26,103.606
02/11/2026 08:12:15,0.26,103.589
02/11/2026 08:22:15,0.27,103.585
02/11/2026 08:32:15,0.29,103.581
02/11/2026 08:42:15,0.31,103.573
02/11/2026 08:52:15,0.33,103.582
02/11/2026 09:02:15,0.34,103.574
02/11/2026 09:12:15,0.35,103.575
02/11/2026 09:22:15,0.38,103.553
02/11/2026 09:32:15,0.40,103.541
02/11/2026 09:42:15,0.43,103.538
02/11/2026 09:52:15,0.44,103.547
02/11/2026 10:02:15,0.46,103.534
02/11/2026 10:12:15,0.47,103.535
02/11/2026 10:22:15,0.49,103.531
02/11/2026 10:32:15,0.51,103.518
02/11/2026 10:42:15,0.53,103.515
02/11/2026 10:52:15,0.56,103.520
02/11/2026 11:02:15,0.59,103.521
02/11/2026 11:12:15,0.61,103.496
02/11/2026 11:22:15,0.63,103.487
02/11/2026 11:32:15,0.64,103.479
02/11/2026 11:42:15,0.65,103.462
02/11/2026 11:52:15,0.65,103.458
02/11/2026 12:02:15,0.66,103.449
02/11/2026 12:12:15,0.67,103.463
02/11/2026 12:22:15,0.68,103.445
02/11/2026 12:32:15,0.68,103.454
02/11/2026 12:42:15,0.68,103.454
02/11/2026 12:52:15,0.68,103.441
02/11/2026 13:02:15,0.68,103.441
02/11/2026 13:12:15,0.68,103.436
02/11/2026 13:22:15,0.67,103.445
02/11/2026 13:32:15,0.68,103.419
02/11/2026 13:42:15,0.68,103.410
02/11/2026 13:52:15,0.69,103.402
02/11/2026 14:02:15,0.69,103.419
02/11/2026 14:12:15,0.69,103.428
02/11/2026 14:22:15,0.69,103.419
02/11/2026 14:32:15,0.69,103.428
02/11/2026 14:42:15,0.69,103.468
02/11/2026 14:52:15,0.69,103.459
02/11/2026 15:02:15,0.68,103.454
02/11/2026 15:12:15,0.66,103.467
02/11/2026 15:22:15,0.65,103.466
02/11/2026 15:32:15,0.64,103.479
02/11/2026 15:42:15,0.64,103.466
02/11/2026 15:52:15,0.63,103.479
02/11/2026 16:02:15,0.62,103.487
02/11/2026 16:12:15,0.61,103.487
02/11/2026 16:22:15,0.60,103.486
02/11/2026 16:32:15,0.60,103.513
02/11/2026 16:42:15,0.60,103.522
02/11/2026 16:52:15,0.60,103.521
02/11/2026 17:02:15,0.59,103.508
02/11/2026 17:12:15,0.57,103.516
02/11/2026 17:22:15,0.56,103.538
02/11/2026 17:32:15,0.54,103.555
02/11/2026 17:42:15,0.53,103.567
02/11/2026 17:52:15,0.52,103.549
02/11/2026 18:02:15,0.50,103.571
02/11/2026 18:12:15,0.50,103.584
02/11/2026 18:22:15,0.49,103.601
02/11/2026 18:32:15,0.48,103.605
02/11/2026 18:42:15,0.48,103.614
02/11/2026 18:52:15,0.47,103.636
02/11/2026 19:02:15,0.46,103.627
02/11/2026 19:12:15,0.46,103.626
02/11/2026 19:22:15,0.45,103.626
02/11/2026 19:32:15,0.44,103.639
02/11/2026 19:42:15,0.43,103.634
02/11/2026 19:52:15,0.42,103.634
02/11/2026 20:02:15,0.41,103.642
02/11/2026 20:12:15,0.41,103.655
02/11/2026 20:22:15,0.41,103.668
02/11/2026 20:32:15,0.41,103.677
02/11/2026 20:42:15,0.40,103.690
02/11/2026 20:52:15,0.40,103.695
02/11/2026 21:02:15,0.40,103.708
02/11/2026 21:12:15,0.40,103.725
02/11/2026 21:22:15,0.40,103.730
02/11/2026 21:32:15,0.40,103.765
02/11/2026 21:42:15,0.40,103.787
02/11/2026 21:52:15,0.40,103.791
02/11/2026 22:02:15,0.40,103.795
02/11/2026 22:12:15,0.39,103.800
02/11/2026 22:22:15,0.39,103.830
02/11/2026 22:32:15,0.38,103.848
02/11/2026 22:42:15,0.37,103.865
02/11/2026 22:52:15,0.37,103.860
02/11/2026 23:02:15,0.36,103.886
02/11/2026 23:12:15,0.35,103.895
02/11/2026 23:22:15,0.35,103.925
02/11/2026 23:32:15,0.34,103.921
02/11/2026 23:42:15,0.34,103.956
02/11/2026 23:52:15,0.35,103.947
02/12/2026 00:02:15,0.36,103.952
02/12/2026 00:12:15,0.36,103.952
02/12/2026 00:22:15,0.35,103.961
02/12/2026 00:32:15,0.35,103.960
02/12/2026 00:42:15,0.34,103.969
02/12/2026 00:52:15,0.33,103.982
02/12/2026 01:02:15,0.33,103.986
02/12/2026 01:12:15,0.32,103.995
02/12/2026 01:22:15,0.32,104.008
02/12/2026 01:32:15,0.31,104.003
02/12/2026 01:42:15,0.31,104.003
02/12/2026 01:52:15,0.31,104.025
02/12/2026 02:02:15,0.31,104.034
02/12/2026 02:12:15,0.31,104.008
02/12/2026 02:22:15,0.31,103.994
02/12/2026 02:32:15,0.31,104.003
02/12/2026 02:42:15,0.30,104.034
02/12/2026 02:52:15,0.30,104.025
02/12/2026 03:02:15,0.29,104.016
02/12/2026 03:12:15,0.28,104.011
02/12/2026 03:22:15,0.28,104.020
02/12/2026 03:32:15,0.28,104.002
02/12/2026 03:42:15,0.27,104.028
02/12/2026 03:52:15,0.27,104.037
02/12/2026 04:02:15,0.27,104.050
02/12/2026 04:12:15,0.27,104.050
02/12/2026 04:22:15,0.26,104.045
02/12/2026 04:32:15,0.26,104.089
02/12/2026 04:42:15,0.25,104.093
02/12/2026 04:52:15,0.25,104.102
02/12/2026 05:02:15,0.25,104.106
02/12/2026 05:12:15,0.25,104.106
02/12/2026 05:22:15,0.24,104.106
02/12/2026 05:32:15,0.24,104.115
02/12/2026 05:42:15,0.24,104.128
02/12/2026 05:52:15,0.23,104.136
02/12/2026 06:02:15,0.23,104.171
02/12/2026 06:12:15,0.23,104.167
02/12/2026 06:22:15,0.22,104.171
02/12/2026 06:32:15,0.22,104.184
02/12/2026 06:42:15,0.22,104.193
02/12/2026 06:52:15,0.22,104.211
02/12/2026 07:02:15,0.22,104.232
02/12/2026 07:12:15,0.22,104.219
02/12/2026 07:22:15,0.22,104.237
02/12/2026 07:32:15,0.23,104.255
02/12/2026 07:42:15,0.23,104.268
02/12/2026 07:52:15,0.24,104.281
02/12/2026 08:02:15,0.25,104.299
02/12/2026 08:12:15,0.25,104.304
02/12/2026 08:22:15,0.26,104.322
02/12/2026 08:32:15,0.27,104.309
02/12/2026 08:42:15,0.28,104.305
02/12/2026 08:52:15,0.29,104.318
02/12/2026 09:02:15,0.31,104.323
02/12/2026 09:12:15,0.32,104.315
02/12/2026 09:22:15,0.34,104.320
02/12/2026 09:32:15,0.36,104.330
02/12/2026 09:42:15,0.38,104.352
02/12/2026 09:52:15,0.40,104.353
02/12/2026 10:02:15,0.42,104.354
02/12/2026 10:12:15,0.45,104.368
02/12/2026 10:22:15,0.47,104.369
02/12/2026 10:32:15,0.50,104.370
02/12/2026 10:42:15,0.53,104.371
02/12/2026 10:52:15,0.57,104.372
02/12/2026 11:02:15,0.61,104.360
02/12/2026 11:12:15,0.63,104.361
02/12/2026 11:22:15,0.65,104.344
02/12/2026 11:32:15,0.67,104.349
02/12/2026 11:42:15,0.70,104.346
02/12/2026 11:52:15,0.74,104.330
02/12/2026 12:02:15,0.78,104.335
02/12/2026 12:12:15,0.80,104.345
02/12/2026 12:22:15,0.80,104.336
02/12/2026 12:32:15,0.79,104.340
02/12/2026 12:42:15,0.77,104.331
02/12/2026 12:52:15,0.76,104.326
02/12/2026 13:02:15,0.75,104.313
02/12/2026 13:12:15,0.75,104.330
02/12/2026 13:22:15,0.74,104.317
02/12/2026 13:32:15,0.73,104.303
02/12/2026 13:42:15,0.72,104.303
02/12/2026 13:52:15,0.72,104.307
02/12/2026 14:02:15,0.71,104.298
02/12/2026 14:12:15,0.71,104.320
02/12/2026 14:22:15,0.72,104.320
02/12/2026 14:32:15,0.71,104.324
02/12/2026 14:42:15,0.71,104.337
02/12/2026 14:52:15,0.71,104.333
02/12/2026 15:02:15,0.71,104.364
02/12/2026 15:12:15,0.70,104.346
02/12/2026 15:22:15,0.68,104.354
02/12/2026 15:32:15,0.66,104.362
02/12/2026 15:42:15,0.64,104.379
02/12/2026 15:52:15,0.62,104.374
02/12/2026 16:02:15,0.60,104.382
02/12/2026 16:12:15,0.58,104.394
02/12/2026 16:22:15,0.57,104.381
02/12/2026 16:32:15,0.55,104.406
02/12/2026 16:42:15,0.54,104.428
02/12/2026 16:52:15,0.52,104.427
02/12/2026 17:02:15,0.51,104.436
02/12/2026 17:12:15,0.49,104.444
02/12/2026 17:22:15,0.48,104.457
02/12/2026 17:32:15,0.46,104.460
02/12/2026 17:42:15,0.44,104.455
02/12/2026 17:52:15,0.42,104.477
02/12/2026 18:02:15,0.41,104.502
02/12/2026 18:12:15,0.40,104.502
02/12/2026 18:22:15,0.39,104.510
02/12/2026 18:32:15,0.38,104.510
02/12/2026 18:42:15,0.37,104.523
02/12/2026 18:52:15,0.36,104.531
02/12/2026 19:02:15,0.35,104.562
02/12/2026 19:12:15,0.34,104.562
02/12/2026 19:22:15,0.34,104.561
02/12/2026 19:32:15,0.33,104.566
02/12/2026 19:42:15,0.33,104.574
02/12/2026 19:52:15,0.32,104.591
02/12/2026 20:02:15,0.31,104.600
02/12/2026 20:12:15,0.31,104.595
02/12/2026 20:22:15,0.30,104.622
02/12/2026 20:32:15,0.30,104.643
02/12/2026 20:42:15,0.29,104.639
02/12/2026 20:52:15,0.28,104.630
02/12/2026 21:02:15,0.28,104.651
02/12/2026 21:12:15,0.27,104.642
02/12/2026 21:22:15,0.27,104.655
02/12/2026 21:32:15,0.26,104.677
02/12/2026 21:42:15,0.26,104.655
02/12/2026 21:52:15,0.26,104.660
02/12/2026 22:02:15,0.26,104.686
02/12/2026 22:12:15,0.26,104.681
02/12/2026 22:22:15,0.26,104.686
02/12/2026 22:32:15,0.26,104.686
02/12/2026 22:42:15,0.25,104.672
02/12/2026 22:52:15,0.25,104.685
02/12/2026 23:02:15,0.25,104.699
02/12/2026 23:12:15,0.25,104.694
02/12/2026 23:22:15,0.24,104.703
02/12/2026 23:32:15,0.24,104.716
02/12/2026 23:42:15,0.23,104.720
02/12/2026 23:52:15,0.23,104.733
02/13/2026 00:02:15,0.23,104.715
02/13/2026 00:12:15,0.23,104.729
02/13/2026 00:22:15,0.22,104.720
02/13/2026 00:32:15,0.22,104.728
02/13/2026 00:42:15,0.22,104.737
02/13/2026 00:52:15,0.23,104.746
02/13/2026 01:02:15,0.23,104.733
02/13/2026 01:12:15,0.23,104.755
02/13/2026 01:22:15,0.22,104.764
02/13/2026 01:32:15,0.22,104.776
02/13/2026 01:42:15,0.21,104.776
02/13/2026 01:52:15,0.20,104.780
02/13/2026 02:02:15,0.20,104.785
02/13/2026 02:12:15,0.19,104.771
02/13/2026 02:22:15,0.19,104.784
02/13/2026 02:32:15,0.19,104.780
02/13/2026 02:42:15,0.19,104.784
02/13/2026 02:52:15,0.19,104.784
02/13/2026 03:02:15,0.19,104.784
02/13/2026 03:12:15,0.19,104.789
02/13/2026 03:22:15,0.19,104.802
02/13/2026 03:32:15,0.19,104.789
02/13/2026 03:42:15,0.18,104.788
02/13/2026 03:52:15,0.18,104.797
02/13/2026 04:02:15,0.18,104.788
02/13/2026 04:12:15,0.17,104.797
02/13/2026 04:22:15,0.17,104.823
02/13/2026 04:32:15,0.17,104.827
02/13/2026 04:42:15,0.17,104.836
02/13/2026 04:52:15,0.17,104.854
02/13/2026 05:02:15,0.17,104.836
02/13/2026 05:12:15,0.17,104.871
02/13/2026 05:22:15,0.17,104.849
02/13/2026 05:32:15,0.17,104.867
02/13/2026 05:42:15,0.16,104.889
02/13/2026 05:52:15,0.16,104.893
02/13/2026 06:02:15,0.16,104.902
02/13/2026 06:12:15,0.17,104.911
02/13/2026 06:22:15,0.16,104.928
02/13/2026 06:32:15,0.16,104.923
02/13/2026 06:42:15,0.15,104.949
02/13/2026 06:52:15,0.14,104.971
02/13/2026 07:02:15,0.13,104.975
02/13/2026 07:12:15,0.13,105.010
02/13/2026 07:22:15,0.13,105.036
02/13/2026 07:32:15,0.13,105.058
02/13/2026 07:42:15,0.13,105.076
02/13/2026 07:52:15,0.13,105.111
02/13/2026 08:02:15,0.14,105.125
02/13/2026 08:12:15,0.16,105.134
02/13/2026 08:22:15,0.17,105.165
02/13/2026 08:32:15,0.18,105.148
02/13/2026 08:42:15,0.20,105.153
02/13/2026 08:52:15,0.21,105.154
02/13/2026 09:02:15,0.22,105.158
02/13/2026 09:12:15,0.24,105.150
02/13/2026 09:22:15,0.26,105.125
02/13/2026 09:32:15,0.28,105.117
02/13/2026 09:42:15,0.31,105.096
02/13/2026 09:52:15,0.33,105.092
02/13/2026 10:02:15,0.36,105.089
02/13/2026 10:12:15,0.39,105.076
02/13/2026 10:22:15,0.41,105.073
02/13/2026 10:32:15,0.44,105.069
02/13/2026 10:42:15,0.46,105.057
02/13/2026 10:52:15,0.49,105.063
02/13/2026 11:02:15,0.52,105.042
02/13/2026 11:12:15,0.55,105.043
02/13/2026 11:22:15,0.57,105.021
02/13/2026 11:32:15,0.60,105.009
02/13/2026 11:42:15,0.62,104.997
02/13/2026 11:52:15,0.66,104.989
02/13/2026 12:02:15,0.69,104.969
02/13/2026 12:12:15,0.72,104.921
02/13/2026 12:22:15,0.75,104.900
02/13/2026 12:32:15,0.77,104.879
02/13/2026 12:42:15,0.80,104.863
02/13/2026 12:52:15,0.82,104.855
02/13/2026 13:02:15,0.83,104.846
02/13/2026 13:12:15,0.84,104.829
02/13/2026 13:22:15,0.84,104.812
02/13/2026 13:32:15,0.84,104.798
02/13/2026 13:42:15,0.84,104.776
02/13/2026 13:52:15,0.83,104.767
02/13/2026 14:02:15,0.82,104.754
02/13/2026 14:12:15,0.82,104.754
02/13/2026 14:22:15,0.81,104.731
02/13/2026 14:32:15,0.80,104.744
02/13/2026 14:42:15,0.78,104.735
02/13/2026 14:52:15,0.77,104.739
02/13/2026 15:02:15,0.75,104.738
02/13/2026 15:12:15,0.73,104.733
02/13/2026 15:22:15,0.71,104.737
02/13/2026 15:32:15,0.69,104.745
02/13/2026 15:42:15,0.66,104.757
02/13/2026 15:52:15,0.64,104.747
02/13/2026 16:02:15,0.62,104.751
02/13/2026 16:12:15,0.60,104.764
02/13/2026 16:22:15,0.58,104.776
02/13/2026 16:32:15,0.56,104.789
02/13/2026 16:42:15,0.55,104.801
02/13/2026 16:52:15,0.53,104.805
02/13/2026 17:02:15,0.52,104.822
02/13/2026 17:12:15,0.50,104.808
02/13/2026 17:22:15,0.49,104.839
02/13/2026 17:32:15,0.47,104.838
02/13/2026 17:42:15,0.46,104.846
02/13/2026 17:52:15,0.44,104.863
02/13/2026 18:02:15,0.43,104.872
02/13/2026 18:12:15,0.41,104.880
02/13/2026 18:22:15,0.40,104.884
02/13/2026 18:32:15,0.40,104.884
02/13/2026 18:42:15,0.39,104.897
02/13/2026 18:52:15,0.38,104.896
02/13/2026 19:02:15,0.37,104.883
02/13/2026 19:12:15,0.36,104.887
02/13/2026 19:22:15,0.36,104.891
02/13/2026 19:32:15,0.35,104.895
02/13/2026 19:42:15,0.34,104.890
02/13/2026 19:52:15,0.33,104.890
02/13/2026 20:02:15,0.32,104.886
02/13/2026 20:12:15,0.32,104.877
02/13/2026 20:22:15,0.31,104.881
02/13/2026 20:32:15,0.30,104.863
02/13/2026 20:42:15,0.30,104.867
02/13/2026 20:52:15,0.29,104.867
02/13/2026 21:02:15,0.29,104.871
02/13/2026 21:12:15,0.28,104.884
02/13/2026 21:22:15,0.28,104.884
02/13/2026 21:32:15,0.28,104.893
02/13/2026 21:42:15,0.27,104.893
02/13/2026 21:52:15,0.27,104.892
02/13/2026 22:02:15,0.27,104.892
02/13/2026 22:12:15,0.26,104.896
02/13/2026 22:22:15,0.26,104.901
02/13/2026 22:32:15,0.26,104.896
02/13/2026 22:42:15,0.26,104.901
02/13/2026 22:52:15,0.25,104.918
02/13/2026 23:02:15,0.25,104.922
02/13/2026 23:12:15,0.24,104.918
02/13/2026 23:22:15,0.24,104.935
02/13/2026 23:32:15,0.24,104.926
02/13/2026 23:42:15,0.23,104.935
02/13/2026 23:52:15,0.23,104.926
02/14/2026 00:02:15,0.23,104.917
02/14/2026 00:12:15,0.24,104.896
02/14/2026 00:22:15,0.24,104.874
02/14/2026 00:32:15,0.25,104.870
02/14/2026 00:42:15,0.25,104.865
02/14/2026 00:52:15,0.25,104.861
02/14/2026 01:02:15,0.26,104.844
02/14/2026 01:12:15,0.26,104.852
02/14/2026 01:22:15,0.26,104.831
02/14/2026 01:32:15,0.26,104.835
02/14/2026 01:42:15,0.26,104.852
02/14/2026 01:52:15,0.26,104.839
02/14/2026 02:02:15,0.25,104.839
02/14/2026 02:12:15,0.25,104.808
02/14/2026 02:22:15,0.26,104.804
02/14/2026 02:32:15,0.26,104.773
02/14/2026 02:42:15,0.26,104.795
02/14/2026 02:52:15,0.26,104.773
02/14/2026 03:02:15,0.26,104.769
02/14/2026 03:12:15,0.26,104.769
02/14/2026 03:22:15,0.26,104.756
02/14/2026 03:32:15,0.27,104.761
02/14/2026 03:42:15,0.27,104.770
02/14/2026 03:52:15,0.27,104.770
02/14/2026 04:02:15,0.27,104.748
02/14/2026 04:12:15,0.28,104.757
02/14/2026 04:22:15,0.28,104.761
02/14/2026 04:32:15,0.28,104.752
02/14/2026 04:42:15,0.28,104.752
02/14/2026 04:52:15,0.28,104.730
02/14/2026 05:02:15,0.27,104.726
02/14/2026 05:12:15,0.27,104.730
02/14/2026 05:22:15,0.27,104.730
02/14/2026 05:32:15,0.28,104.735
02/14/2026 05:42:15,0.28,104.735
02/14/2026 05:52:15,0.29,104.739
02/14/2026 06:02:15,0.29,104.757
02/14/2026 06:12:15,0.29,104.762
02/14/2026 06:22:15,0.30,104.766
02/14/2026 06:32:15,0.30,104.775
02/14/2026 06:42:15,0.30,104.766
02/14/2026 06:52:15,0.30,104.766
02/14/2026 07:02:15,0.30,104.771
02/14/2026 07:12:15,0.31,104.771
02/14/2026 07:22:15,0.31,104.766
02/14/2026 07:32:15,0.31,104.762
02/14/2026 07:42:15,0.32,104.758
02/14/2026 07:52:15,0.32,104.750
02/14/2026 08:02:15,0.33,104.750
02/14/2026 08:12:15,0.34,104.746
02/14/2026 08:22:15,0.35,104.755
02/14/2026 08:32:15,0.36,104.755
02/14/2026 08:42:15,0.37,104.760
02/14/2026 08:52:15,0.38,104.765
02/14/2026 09:02:15,0.38,104.738
02/14/2026 09:12:15,0.39,104.756
02/14/2026 09:22:15,0.40,104.756
02/14/2026 09:32:15,0.40,104.748
02/14/2026 09:42:15,0.41,104.731
02/14/2026 09:52:15,0.41,104.722
02/14/2026 10:02:15,0.42,104.713
02/14/2026 10:12:15,0.43,104.705
02/14/2026 10:22:15,0.44,104.705
02/14/2026 10:32:15,0.45,104.706
02/14/2026 10:42:15,0.45,104.701
02/14/2026 10:52:15,0.46,104.710
02/14/2026 11:02:15,0.47,104.706
02/14/2026 11:12:15,0.48,104.689
02/14/2026 11:22:15,0.48,104.663
02/14/2026 11:32:15,0.49,104.676
02/14/2026 11:42:15,0.49,104.668
02/14/2026 11:52:15,0.50,104.655
02/14/2026 12:02:15,0.50,104.637
02/14/2026 12:12:15,0.51,104.633
02/14/2026 12:22:15,0.51,104.633
02/14/2026 12:32:15,0.51,104.616
02/14/2026 12:42:15,0.52,104.612
02/14/2026 12:52:15,0.52,104.612
02/14/2026 13:02:15,0.52,104.616
02/14/2026 13:12:15,0.52,104.621
02/14/2026 13:22:15,0.52,104.625
02/14/2026 13:32:15,0.52,104.621
02/14/2026 13:42:15,0.52,104.621
02/14/2026 13:52:15,0.52,104.616
02/14/2026 14:02:15,0.52,104.616
02/14/2026 14:12:15,0.52,104.634
02/14/2026 14:22:15,0.52,104.625
02/14/2026 14:32:15,0.52,104.620
02/14/2026 14:42:15,0.53,104.625
02/14/2026 14:52:15,0.54,104.634
02/14/2026 15:02:15,0.54,104.626
02/14/2026 15:12:15,0.55,104.630
02/14/2026 15:22:15,0.55,104.630
02/14/2026 15:32:15,0.55,104.617
02/14/2026 15:42:15,0.55,104.639
02/14/2026 15:52:15,0.54,104.661
02/14/2026 16:02:15,0.54,104.652
02/14/2026 16:12:15,0.53,104.673
02/14/2026 16:22:15,0.53,104.660
02/14/2026 16:32:15,0.54,104.678
02/14/2026 16:42:15,0.54,104.665
02/14/2026 16:52:15,0.53,104.660
02/14/2026 17:02:15,0.52,104.682
02/14/2026 17:12:15,0.51,104.677
02/14/2026 17:22:15,0.50,104.681
02/14/2026 17:32:15,0.49,104.694
02/14/2026 17:42:15,0.48,104.689
02/14/2026 17:52:15,0.47,104.702
02/14/2026 18:02:15,0.46,104.715
02/14/2026 18:12:15,0.45,104.706
02/14/2026 18:22:15,0.45,104.745
02/14/2026 18:32:15,0.44,104.723
02/14/2026 18:42:15,0.44,104.736
02/14/2026 18:52:15,0.44,104.749
02/14/2026 19:02:15,0.44,104.749
02/14/2026 19:12:15,0.43,104.758
02/14/2026 19:22:15,0.41,104.775
02/14/2026 19:32:15,0.40,104.774
02/14/2026 19:42:15,0.38,104.765
02/14/2026 19:52:15,0.37,104.791
02/14/2026 20:02:15,0.36,104.781
02/14/2026 20:12:15,0.35,104.785
02/14/2026 20:22:15,0.34,104.790
02/14/2026 20:32:15,0.33,104.794
02/14/2026 20:42:15,0.32,104.789
02/14/2026 20:52:15,0.32,104.767
02/14/2026 21:02:15,0.31,104.745
02/14/2026 21:12:15,0.31,104.753
02/14/2026 21:22:15,0.30,104.753
02/14/2026 21:32:15,0.30,104.744
02/14/2026 21:42:15,0.29,104.757
02/14/2026 21:52:15,0.28,104.757
02/14/2026 22:02:15,0.28,104.765
02/14/2026 22:12:15,0.27,104.765
02/14/2026 22:22:15,0.26,104.778
02/14/2026 22:32:15,0.26,104.778
02/14/2026 22:42:15,0.25,104.778
02/14/2026 22:52:15,0.25,104.786
02/14/2026 23:02:15,0.24,104.777
02/14/2026 23:12:15,0.24,104.746
02/14/2026 23:22:15,0.23,104.711
02/14/2026 23:32:15,0.23,104.711
02/14/2026 23:42:15,0.23,104.724
02/14/2026 23:52:15,0.23,104.720
02/15/2026 00:02:15,0.23,104.720
02/15/2026 00:12:15,0.23,104.711
02/15/2026 00:22:15,0.23,104.672
02/15/2026 00:32:15,0.23,104.667
02/15/2026 00:42:15,0.22,104.684
02/15/2026 00:52:15,0.22,104.671
02/15/2026 01:02:15,0.21,104.680
02/15/2026 01:12:15,0.20,104.684
02/15/2026 01:22:15,0.20,104.692
02/15/2026 01:32:15,0.19,104.701
02/15/2026 01:42:15,0.19,104.705
02/15/2026 01:52:15,0.19,104.697
02/15/2026 02:02:15,0.19,104.701
02/15/2026 02:12:15,0.19,104.696
02/15/2026 02:22:15,0.18,104.688
02/15/2026 02:32:15,0.18,104.657
02/15/2026 02:42:15,0.17,104.674
02/15/2026 02:52:15,0.17,104.665
02/15/2026 03:02:15,0.17,104.661
02/15/2026 03:12:15,0.16,104.682
02/15/2026 03:22:15,0.16,104.665
02/15/2026 03:32:15,0.16,104.665
02/15/2026 03:42:15,0.16,104.682
02/15/2026 03:52:15,0.16,104.678
02/15/2026 04:02:15,0.16,104.665
02/15/2026 04:12:15,0.16,104.660
02/15/2026 04:22:15,0.15,104.651
02/15/2026 04:32:15,0.15,104.638
02/15/2026 04:42:15,0.16,104.634
02/15/2026 04:52:15,0.16,104.625
02/15/2026 05:02:15,0.16,104.634
02/15/2026 05:12:15,0.16,104.638
02/15/2026 05:22:15,0.16,104.647
02/15/2026 05:32:15,0.16,104.656
02/15/2026 05:42:15,0.15,104.673
02/15/2026 05:52:15,0.15,104.691
02/15/2026 06:02:15,0.15,104.717
02/15/2026 06:12:15,0.15,104.743
02/15/2026 06:22:15,0.14,104.778
02/15/2026 06:32:15,0.14,104.831
02/15/2026 06:42:15,0.13,104.861
02/15/2026 06:52:15,0.13,104.905
02/15/2026 07:02:15,0.13,104.966
02/15/2026 07:12:15,0.12,105.023
02/15/2026 07:22:15,0.12,105.089
02/15/2026 07:32:15,0.12,105.142
02/15/2026 07:42:15,0.13,105.208
02/15/2026 07:52:15,0.13,105.252
02/15/2026 08:02:15,0.14,105.283
02/15/2026 08:12:15,0.15,105.318
02/15/2026 08:22:15,0.16,105.353
02/15/2026 08:32:15,0.17,105.367
02/15/2026 08:42:15,0.18,105.367
02/15/2026 08:52:15,0.19,105.381
02/15/2026 09:02:15,0.21,105.351
02/15/2026 09:12:15,0.23,105.286
02/15/2026 09:22:15,0.26,105.247
02/15/2026 09:32:15,0.28,105.174
02/15/2026 09:42:15,0.31,105.122
02/15/2026 09:52:15,0.34,105.079
02/15/2026 10:02:15,0.37,105.050
02/15/2026 10:12:15,0.40,105.029
02/15/2026 10:22:15,0.44,105.017
02/15/2026 10:32:15,0.46,105.035
02/15/2026 10:42:15,0.49,105.045
02/15/2026 10:52:15,0.52,105.077
02/15/2026 11:02:15,0.54,105.060
02/15/2026 11:12:15,0.56,105.078
02/15/2026 11:22:15,0.58,105.075
02/15/2026 11:32:15,0.60,105.093
02/15/2026 11:42:15,0.62,105.107
02/15/2026 11:52:15,0.64,105.112
02/15/2026 12:02:15,0.66,105.130
02/15/2026 12:12:15,0.68,105.100
02/15/2026 12:22:15,0.70,105.057
02/15/2026 12:32:15,0.73,105.036
02/15/2026 12:42:15,0.75,105.006
02/15/2026 12:52:15,0.77,104.971
02/15/2026 13:02:15,0.79,104.963
02/15/2026 13:12:15,0.80,104.942
02/15/2026 13:22:15,0.80,104.907
02/15/2026 13:32:15,0.80,104.915
02/15/2026 13:42:15,0.80,104.937
02/15/2026 13:52:15,0.79,104.911
02/15/2026 14:02:15,0.79,104.911
02/15/2026 14:12:15,0.78,104.897
02/15/2026 14:22:15,0.77,104.910
02/15/2026 14:32:15,0.76,104.897
02/15/2026 14:42:15,0.76,104.879
02/15/2026 14:52:15,0.75,104.870
02/15/2026 15:02:15,0.74,104.874
02/15/2026 15:12:15,0.74,104.874
02/15/2026 15:22:15,0.73,104.873
02/15/2026 15:32:15,0.72,104.882
02/15/2026 15:42:15,0.70,104.894
02/15/2026 15:52:15,0.68,104.907
02/15/2026 16:02:15,0.67,104.915
02/15/2026 16:12:15,0.65,104.932
02/15/2026 16:22:15,0.63,104.927
02/15/2026 16:32:15,0.61,104.948
02/15/2026 16:42:15,0.59,104.969
02/15/2026 16:52:15,0.57,104.964
02/15/2026 17:02:15,0.55,104.973
02/15/2026 17:12:15,0.54,104.968
02/15/2026 17:22:15,0.52,104.958
02/15/2026 17:32:15,0.51,104.949
02/15/2026 17:42:15,0.49,104.979
02/15/2026 17:52:15,0.47,104.992
02/15/2026 18:02:15,0.45,104.965
02/15/2026 18:12:15,0.44,104.964
02/15/2026 18:22:15,0.43,104.964
02/15/2026 18:32:15,0.41,104.955
02/15/2026 18:42:15,0.40,104.945
02/15/2026 18:52:15,0.40,104.932
02/15/2026 19:02:15,0.39,104.923
02/15/2026 19:12:15,0.38,104.905
02/15/2026 19:22:15,0.37,104.905
02/15/2026 19:32:15,0.36,104.918
02/15/2026 19:42:15,0.36,104.913
02/15/2026 19:52:15,0.35,104.909
02/15/2026 20:02:15,0.35,104.913
02/15/2026 20:12:15,0.35,104.935
02/15/2026 20:22:15,0.35,104.952
02/15/2026 20:32:15,0.34,104.987
02/15/2026 20:42:15,0.34,105.005
02/15/2026 20:52:15,0.34,105.026
02/15/2026 21:02:15,0.33,105.026
02/15/2026 21:12:15,0.33,105.031
02/15/2026 21:22:15,0.33,105.039
02/15/2026 21:32:15,0.33,105.061
02/15/2026 21:42:15,0.33,105.070
02/15/2026 21:52:15,0.33,105.079
02/15/2026 22:02:15,0.33,105.075
02/15/2026 22:12:15,0.33,105.092
02/15/2026 22:22:15,0.33,105.105
02/15/2026 22:32:15,0.33,105.101
02/15/2026 22:42:15,0.33,105.088
02/15/2026 22:52:15,0.33,105.083
02/15/2026 23:02:15,0.34,105.079
02/15/2026 23:12:15,0.34,105.070
02/15/2026 23:22:15,0.34,105.084
02/15/2026 23:32:15,0.34,105.070
02/15/2026 23:42:15,0.34,105.053
02/15/2026 23:52:15,0.35,105.040
02/16/2026 00:02:15,0.35,105.036
02/16/2026 00:12:15,0.35,105.031
02/16/2026 00:22:15,0.35,105.027
02/16/2026 00:32:15,0.35,105.009
02/16/2026 00:42:15,0.36,105.005
02/16/2026 00:52:15,0.36,105.009
02/16/2026 01:02:15,0.36,105.027
02/16/2026 01:12:15,0.36,105.045
02/16/2026 01:22:15,0.36,105.045
02/16/2026 01:32:15,0.36,105.040
02/16/2026 01:42:15,0.36,105.014
02/16/2026 01:52:15,0.36,105.040
02/16/2026 02:02:15,0.35,105.014
02/16/2026 02:12:15,0.35,105.023
02/16/2026 02:22:15,0.35,105.005
02/16/2026 02:32:15,0.35,105.009
02/16/2026 02:42:15,0.35,104.987
02/16/2026 02:52:15,0.35,104.992
02/16/2026 03:02:15,0.35,104.996
02/16/2026 03:12:15,0.34,104.996
02/16/2026 03:22:15,0.34,105.018
02/16/2026 03:32:15,0.34,105.040
02/16/2026 03:42:15,0.34,105.057
02/16/2026 03:52:15,0.34,105.053
02/16/2026 04:02:15,0.34,105.062
02/16/2026 04:12:15,0.34,105.048
02/16/2026 04:22:15,0.34,105.053
02/16/2026 04:32:15,0.35,105.066
02/16/2026 04:42:15,0.35,105.049
02/16/2026 04:52:15,0.35,105.040
02/16/2026 05:02:15,0.35,105.031
02/16/2026 05:12:15,0.35,105.040
02/16/2026 05:22:15,0.35,105.027
02/16/2026 05:32:15,0.35,105.031
02/16/2026 05:42:15,0.34,105.049
02/16/2026 05:52:15,0.34,105.044
02/16/2026 06:02:15,0.34,105.057
02/16/2026 06:12:15,0.35,105.071
02/16/2026 06:22:15,0.35,105.066
02/16/2026 06:32:15,0.35,105.066
02/16/2026 06:42:15,0.35,105.080
02/16/2026 06:52:15,0.35,105.088
02/16/2026 07:02:15,0.35,105.106
02/16/2026 07:12:15,0.36,105.119
02/16/2026 07:22:15,0.35,105.128
02/16/2026 07:32:15,0.36,105.154
02/16/2026 07:42:15,0.36,105.159
02/16/2026 07:52:15,0.36,105.190
02/16/2026 08:02:15,0.37,105.185
02/16/2026 08:12:15,0.37,105.177
02/16/2026 08:22:15,0.38,105.190
02/16/2026 08:32:15,0.38,105.208
02/16/2026 08:42:15,0.39,105.226
02/16/2026 08:52:15,0.40,105.235
02/16/2026 09:02:15,0.41,105.231
02/16/2026 09:12:15,0.42,105.240
02/16/2026 09:22:15,0.43,105.245
02/16/2026 09:32:15,0.45,105.245
02/16/2026 09:42:15,0.46,105.246
02/16/2026 09:52:15,0.47,105.237
02/16/2026 10:02:15,0.49,105.234
02/16/2026 10:12:15,0.50,105.234
02/16/2026 10:22:15,0.52,105.208
02/16/2026 10:32:15,0.54,105.191
02/16/2026 10:42:15,0.56,105.205
02/16/2026 10:52:15,0.58,105.189
02/16/2026 11:02:15,0.61,105.185
02/16/2026 11:12:15,0.64,105.177
02/16/2026 11:22:15,0.67,105.183
02/16/2026 11:32:15,0.70,105.149
02/16/2026 11:42:15,0.72,105.136
02/16/2026 11:52:15,0.74,105.106
02/16/2026 12:02:15,0.76,105.085
02/16/2026 12:12:15,0.78,105.068
02/16/2026 12:22:15,0.81,105.056
02/16/2026 12:32:15,0.83,105.039
02/16/2026 12:42:15,0.85,105.014
02/16/2026 12:52:15,0.87,105.019
02/16/2026 13:02:15,0.89,105.002
02/16/2026 13:12:15,0.90,104.994
02/16/2026 13:22:15,0.91,104.994
02/16/2026 13:32:15,0.91,105.003
02/16/2026 13:42:15,0.90,105.003
02/16/2026 13:52:15,0.89,104.980
02/16/2026 14:02:15,0.88,104.984
02/16/2026 14:12:15,0.87,104.984
02/16/2026 14:22:15,0.86,104.983
02/16/2026 14:32:15,0.86,105.001
02/16/2026 14:42:15,0.85,105.001
02/16/2026 14:52:15,0.85,105.005
02/16/2026 15:02:15,0.84,105.018
02/16/2026 15:12:15,0.83,105.022
02/16/2026 15:22:15,0.82,105.043
02/16/2026 15:32:15,0.80,105.034
02/16/2026 15:42:15,0.78,105.051
02/16/2026 15:52:15,0.77,105.055
02/16/2026 16:02:15,0.76,105.068
02/16/2026 16:12:15,0.75,105.076
02/16/2026 16:22:15,0.73,105.062
02/16/2026 16:32:15,0.71,105.083
02/16/2026 16:42:15,0.68,105.065
02/16/2026 16:52:15,0.66,105.055
02/16/2026 17:02:15,0.63,105.068
02/16/2026 17:12:15,0.62,105.063
02/16/2026 17:22:15,0.60,105.053
02/16/2026 17:32:15,0.58,105.053
02/16/2026 17:42:15,0.57,105.100
02/16/2026 17:52:15,0.55,105.087
02/16/2026 18:02:15,0.54,105.095
02/16/2026 18:12:15,0.53,105.095
02/16/2026 18:22:15,0.51,105.112
02/16/2026 18:32:15,0.50,105.129
02/16/2026 18:42:15,0.49,105.119
02/16/2026 18:52:15,0.47,105.097
02/16/2026 19:02:15,0.46,105.123
02/16/2026 19:12:15,0.45,105.123
02/16/2026 19:22:15,0.44,105.114
02/16/2026 19:32:15,0.44,105.122
02/16/2026 19:42:15,0.43,105.131
02/16/2026 19:52:15,0.42,105.121
02/16/2026 20:02:15,0.41,105.139
02/16/2026 20:12:15,0.41,105.156
02/16/2026 20:22:15,0.40,105.147
02/16/2026 20:32:15,0.40,105.151
02/16/2026 20:42:15,0.39,105.147
02/16/2026 20:52:15,0.39,105.120
02/16/2026 21:02:15,0.38,105.116
02/16/2026 21:12:15,0.37,105.146
02/16/2026 21:22:15,0.36,105.159
02/16/2026 21:32:15,0.36,105.185
02/16/2026 21:42:15,0.35,105.194
02/16/2026 21:52:15,0.35,105.211
02/16/2026 22:02:15,0.34,105.193
02/16/2026 22:12:15,0.34,105.206
02/16/2026 22:22:15,0.33,105.184
02/16/2026 22:32:15,0.33,105.162
02/16/2026 22:42:15,0.33,105.193
02/16/2026 22:52:15,0.33,105.202
02/16/2026 23:02:15,0.33,105.210
02/16/2026 23:12:15,0.33,105.184
02/16/2026 23:22:15,0.33,105.184
02/16/2026 23:32:15,0.33,105.171
02/16/2026 23:42:15,0.33,105.175
02/16/2026 23:52:15,0.33,105.171
02/17/2026 00:02:15,0.34,105.176
02/17/2026 00:12:15,0.34,105.158
02/17/2026 00:22:15,0.34,105.154
02/17/2026 00:32:15,0.34,105.136
02/17/2026 00:42:15,0.35,105.123
02/17/2026 00:52:15,0.35,105.106
02/17/2026 01:02:15,0.36,105.084
02/17/2026 01:12:15,0.36,105.102
02/17/2026 01:22:15,0.36,105.124
02/17/2026 01:32:15,0.36,105.097
02/17/2026 01:42:15,0.36,105.080
02/17/2026 01:52:15,0.37,105.049
02/17/2026 02:02:15,0.38,105.063
02/17/2026 02:12:15,0.39,105.054
02/17/2026 02:22:15,0.38,105.054
02/17/2026 02:32:15,0.38,105.054
02/17/2026 02:42:15,0.38,105.032
02/17/2026 02:52:15,0.38,105.037
02/17/2026 03:02:15,0.38,105.037
02/17/2026 03:12:15,0.38,105.010
02/17/2026 03:22:15,0.38,105.015
02/17/2026 03:32:15,0.38,105.006
02/17/2026 03:42:15,0.38,104.988
02/17/2026 03:52:15,0.38,104.997
02/17/2026 04:02:15,0.38,105.006
02/17/2026 04:12:15,0.39,105.015
02/17/2026 04:22:15,0.39,105.019
02/17/2026 04:32:15,0.39,105.006
02/17/2026 04:42:15,0.38,105.006
02/17/2026 04:52:15,0.38,105.019
02/17/2026 05:02:15,0.37,105.032
02/17/2026 05:12:15,0.37,105.019
02/17/2026 05:22:15,0.37,105.010
02/17/2026 05:32:15,0.37,105.023
02/17/2026 05:42:15,0.37,104.997
02/17/2026 05:52:15,0.37,105.014
02/17/2026 06:02:15,0.37,105.014
02/17/2026 06:12:15,0.37,105.010
02/17/2026 06:22:15,0.37,105.036
02/17/2026 06:32:15,0.37,105.023
02/17/2026 06:42:15,0.37,105.032
02/17/2026 06:52:15,0.37,105.063
02/17/2026 07:02:15,0.37,105.063
02/17/2026 07:12:15,0.37,105.058
02/17/2026 07:22:15,0.37,105.071
02/17/2026 07:32:15,0.37,105.063
02/17/2026 07:42:15,0.37,105.050
02/17/2026 07:52:15,0.38,105.041
02/17/2026 08:02:15,0.39,105.033
02/17/2026 08:12:15,0.39,105.037
02/17/2026 08:22:15,0.40,105.059
02/17/2026 08:32:15,0.41,105.064
02/17/2026 08:42:15,0.41,105.064
02/17/2026 08:52:15,0.42,105.060
02/17/2026 09:02:15,0.43,105.030
02/17/2026 09:12:15,0.44,105.004
02/17/2026 09:22:15,0.45,104.978
02/17/2026 09:32:15,0.46,104.960
02/17/2026 09:42:15,0.47,104.987
02/17/2026 09:52:15,0.49,104.983
02/17/2026 10:02:15,0.50,104.997
02/17/2026 10:12:15,0.52,104.994
02/17/2026 10:22:15,0.54,104.990
02/17/2026 10:32:15,0.56,104.982
02/17/2026 10:42:15,0.57,104.991
02/17/2026 10:52:15,0.58,104.991
02/17/2026 11:02:15,0.58,104.987
02/17/2026 11:12:15,0.58,104.978
02/17/2026 11:22:15,0.59,104.939
02/17/2026 11:32:15,0.60,104.943
02/17/2026 11:42:15,0.61,104.922
02/17/2026 11:52:15,0.62,104.913
02/17/2026 12:02:15,0.63,104.896
02/17/2026 12:12:15,0.65,104.879
02/17/2026 12:22:15,0.66,104.880
02/17/2026 12:32:15,0.67,104.867
02/17/2026 12:42:15,0.68,104.867
02/17/2026 12:52:15,0.68,104.854
02/17/2026 13:02:15,0.68,104.850
02/17/2026 13:12:15,0.67,104.854
02/17/2026 13:22:15,0.67,104.823
02/17/2026 13:32:15,0.67,104.810
02/17/2026 13:42:15,0.68,104.780
02/17/2026 13:52:15,0.70,104.763
02/17/2026 14:02:15,0.72,104.759
02/17/2026 14:12:15,0.74,104.790
02/17/2026 14:22:15,0.76,104.782
02/17/2026 14:32:15,0.78,104.774
02/17/2026 14:42:15,0.78,104.748
02/17/2026 14:52:15,0.78,104.766
02/17/2026 15:02:15,0.78,104.765
02/17/2026 15:12:15,0.77,104.752
02/17/2026 15:22:15,0.77,104.769
02/17/2026 15:32:15,0.76,104.782
02/17/2026 15:42:15,0.76,104.774
02/17/2026 15:52:15,0.76,104.782
02/17/2026 16:02:15,0.75,104.773
02/17/2026 16:12:15,0.75,104.778
02/17/2026 16:22:15,0.73,104.782
02/17/2026 16:32:15,0.72,104.772
02/17/2026 16:42:15,0.71,104.789
02/17/2026 16:52:15,0.69,104.802
02/17/2026 17:02:15,0.68,104.802
02/17/2026 17:12:15,0.67,104.797
02/17/2026 17:22:15,0.66,104.797
02/17/2026 17:32:15,0.65,104.814
02/17/2026 17:42:15,0.65,104.818
02/17/2026 17:52:15,0.64,104.818
02/17/2026 18:02:15,0.63,104.813
02/17/2026 18:12:15,0.62,104.826
02/17/2026 18:22:15,0.62,104.834
02/17/2026 18:32:15,0.61,104.861
02/17/2026 18:42:15,0.61,104.852
02/17/2026 18:52:15,0.60,104.856
02/17/2026 19:02:15,0.60,104.869
02/17/2026 19:12:15,0.60,104.873
02/17/2026 19:22:15,0.60,104.860
02/17/2026 19:32:15,0.60,104.856
02/17/2026 19:42:15,0.59,104.864
02/17/2026 19:52:15,0.59,104.842
02/17/2026 20:02:15,0.58,104.873
02/17/2026 20:12:15,0.58,104.873
02/17/2026 20:22:15,0.58,104.838
02/17/2026 20:32:15,0.58,104.837
02/17/2026 20:42:15,0.58,104.846
02/17/2026 20:52:15,0.57,104.850
02/17/2026 21:02:15,0.57,104.837
02/17/2026 21:12:15,0.57,104.841
02/17/2026 21:22:15,0.56,104.833
02/17/2026 21:32:15,0.56,104.832
02/17/2026 21:42:15,0.56,104.823
02/17/2026 21:52:15,0.55,104.810
02/17/2026 22:02:15,0.54,104.814
02/17/2026 22:12:15,0.54,104.783
02/17/2026 22:22:15,0.53,104.801
02/17/2026 22:32:15,0.52,104.774
02/17/2026 22:42:15,0.51,104.787
02/17/2026 22:52:15,0.51,104.774
02/17/2026 23:02:15,0.50,104.760
02/17/2026 23:12:15,0.49,104.764
02/17/2026 23:22:15,0.49,104.764
02/17/2026 23:32:15,0.49,104.751
02/17/2026 23:42:15,0.48,104.742
02/17/2026 23:52:15,0.48,104.751
02/18/2026 00:02:15,0.47,104.715
02/18/2026 00:12:15,0.47,104.693
02/18/2026 00:22:15,0.46,104.684
02/18/2026 00:32:15,0.46,104.684
02/18/2026 00:42:15,0.45,104.675
02/18/2026 00:52:15,0.45,104.684
02/18/2026 01:02:15,0.45,104.679
02/18/2026 01:12:15,0.45,104.679
02/18/2026 01:22:15,0.45,104.679
02/18/2026 01:32:15,0.44,104.657
02/18/2026 01:42:15,0.44,104.653
02/18/2026 01:52:15,0.44,104.661
02/18/2026 02:02:15,0.43,104.665
02/18/2026 02:12:15,0.42,104.648
02/18/2026 02:22:15,0.42,104.617
02/18/2026 02:32:15,0.42,104.612
02/18/2026 02:42:15,0.42,104.604
02/18/2026 02:52:15,0.42,104.604
02/18/2026 03:02:15,0.42,104.599
02/18/2026 03:12:15,0.42,104.577
02/18/2026 03:22:15,0.43,104.560
02/18/2026 03:32:15,0.43,104.556
02/18/2026 03:42:15,0.43,104.547
02/18/2026 03:52:15,0.44,104.569
02/18/2026 04:02:15,0.44,104.552
02/18/2026 04:12:15,0.45,104.539
02/18/2026 04:22:15,0.45,104.526
02/18/2026 04:32:15,0.45,104.530
02/18/2026 04:42:15,0.45,104.504
02/18/2026 04:52:15,0.45,104.504
02/18/2026 05:02:15,0.45,104.521
02/18/2026 05:12:15,0.44,104.526
02/18/2026 05:22:15,0.44,104.539
02/18/2026 05:32:15,0.45,104.521
02/18/2026 05:42:15,0.45,104.517
02/18/2026 05:52:15,0.45,104.508
02/18/2026 06:02:15,0.45,104.478
02/18/2026 06:12:15,0.45,104.482
02/18/2026 06:22:15,0.46,104.486
02/18/2026 06:32:15,0.46,104.469
02/18/2026 06:42:15,0.46,104.473
02/18/2026 06:52:15,0.45,104.464
02/18/2026 07:02:15,0.45,104.447
02/18/2026 07:12:15,0.45,104.434
02/18/2026 07:22:15,0.45,104.438
02/18/2026 07:32:15,0.45,104.425
02/18/2026 07:42:15,0.46,104.416
02/18/2026 07:52:15,0.46,104.412
02/18/2026 08:02:15,0.46,104.403
02/18/2026 08:12:15,0.47,104.395
02/18/2026 08:22:15,0.48,104.378
02/18/2026 08:32:15,0.48,104.356
02/18/2026 08:42:15,0.49,104.334
02/18/2026 08:52:15,0.50,104.365
02/18/2026 09:02:15,0.50,104.374
02/18/2026 09:12:15,0.50,104.348
02/18/2026 09:22:15,0.51,104.330
02/18/2026 09:32:15,0.51,104.353
02/18/2026 09:42:15,0.53,104.349
02/18/2026 09:52:15,0.54,104.327
02/18/2026 10:02:15,0.56,104.332
02/18/2026 10:12:15,0.58,104.324
02/18/2026 10:22:15,0.60,104.316
02/18/2026 10:32:15,0.62,104.290
02/18/2026 10:42:15,0.64,104.247
02/18/2026 10:52:15,0.65,104.234
02/18/2026 11:02:15,0.67,104.222
02/18/2026 11:12:15,0.68,104.227
02/18/2026 11:22:15,0.71,104.197
02/18/2026 11:32:15,0.74,104.202
02/18/2026 11:42:15,0.78,104.182
02/18/2026 11:52:15,0.81,104.179
02/18/2026 12:02:15,0.84,104.144
02/18/2026 12:12:15,0.85,104.132
02/18/2026 12:22:15,0.86,104.127
02/18/2026 12:32:15,0.85,104.097
02/18/2026 12:42:15,0.85,104.053
02/18/2026 12:52:15,0.85,104.035
02/18/2026 13:02:15,0.85,104.048
02/18/2026 13:12:15,0.86,104.022
02/18/2026 13:22:15,0.86,104.018
02/18/2026 13:32:15,0.88,104.010
02/18/2026 13:42:15,0.89,104.001
02/18/2026 13:52:15,0.89,104.014
02/18/2026 14:02:15,0.89,104.019
02/18/2026 14:12:15,0.89,104.036
02/18/2026 14:22:15,0.89,104.037
02/18/2026 14:32:15,0.89,104.050
02/18/2026 14:42:15,0.90,104.050
02/18/2026 14:52:15,0.92,104.042
02/18/2026 15:02:15,0.93,104.051
02/18/2026 15:12:15,0.95,104.034
02/18/2026 15:22:15,0.96,104.048
02/18/2026 15:32:15,0.98,104.035
02/18/2026 15:42:15,1.01,104.027
02/18/2026 15:52:15,1.03,104.011
02/18/2026 16:02:15,1.05,104.011
02/18/2026 16:12:15,1.06,103.994
02/18/2026 16:22:15,1.08,103.995
02/18/2026 16:32:15,1.08,103.982
02/18/2026 16:42:15,1.08,103.960
02/18/2026 16:52:15,1.07,103.994
02/18/2026 17:02:15,1.06,103.990
02/18/2026 17:12:15,1.04,103.994
02/18/2026 17:22:15,1.03,103.976
02/18/2026 17:32:15,1.02,104.001
02/18/2026 17:42:15,1.00,104.010
02/18/2026 17:52:15,0.99,104.013
02/18/2026 18:02:15,0.97,104.048
02/18/2026 18:12:15,0.95,104.065
02/18/2026 18:22:15,0.93,104.064
02/18/2026 18:32:15,0.91,104.094
02/18/2026 18:42:15,0.90,104.103
02/18/2026 18:52:15,0.88,104.133
02/18/2026 19:02:15,0.87,104.132
02/18/2026 19:12:15,0.86,104.123
02/18/2026 19:22:15,0.85,104.079
02/18/2026 19:32:15,0.84,104.096
02/18/2026 19:42:15,0.83,104.118
02/18/2026 19:52:15,0.82,104.131
02/18/2026 20:02:15,0.82,104.139
02/18/2026 20:12:15,0.81,104.117
02/18/2026 20:22:15,0.81,104.130
02/18/2026 20:32:15,0.80,104.112
02/18/2026 20:42:15,0.79,104.121
02/18/2026 20:52:15,0.79,104.112
02/18/2026 21:02:15,0.78,104.138
02/18/2026 21:12:15,0.77,104.133
02/18/2026 21:22:15,0.77,104.151
02/18/2026 21:32:15,0.77,104.177
02/18/2026 21:42:15,0.76,104.177
02/18/2026 21:52:15,0.76,104.212
02/18/2026 22:02:15,0.76,104.203
02/18/2026 22:12:15,0.76,104.194
02/18/2026 22:22:15,0.76,104.225
02/18/2026 22:32:15,0.75,104.225
02/18/2026 22:42:15,0.74,104.238
02/18/2026 22:52:15,0.74,104.255
02/18/2026 23:02:15,0.73,104.281
02/18/2026 23:12:15,0.73,104.321
02/18/2026 23:22:15,0.73,104.329
02/18/2026 23:32:15,0.72,104.355
02/18/2026 23:42:15,0.72,104.377
02/18/2026 23:52:15,0.72,104.395
02/19/2026 00:02:15,0.71,104.430
02/19/2026 00:12:15,0.71,104.434
02/19/2026 00:22:15,0.70,104.451
02/19/2026 00:32:15,0.70,104.477
02/19/2026 00:42:15,0.69,104.486
02/19/2026 00:52:15,0.69,104.503
02/19/2026 01:02:15,0.69,104.517
02/19/2026 01:12:15,0.68,104.508
02/19/2026 01:22:15,0.68,104.530
02/19/2026 01:32:15,0.69,104.530
02/19/2026 01:42:15,0.70,104.517
02/19/2026 01:52:15,0.69,104.504
02/19/2026 02:02:15,0.69,104.508
02/19/2026 02:12:15,0.68,104.538
02/19/2026 02:22:15,0.67,104.520
02/19/2026 02:32:15,0.67,104.538
02/19/2026 02:42:15,0.67,104.542
02/19/2026 02:52:15,0.66,104.581
02/19/2026 03:02:15,0.66,104.621
02/19/2026 03:12:15,0.67,104.643
02/19/2026 03:22:15,0.66,104.652
02/19/2026 03:32:15,0.66,104.674
02/19/2026 03:42:15,0.65,104.699
02/19/2026 03:52:15,0.64,104.690
02/19/2026 04:02:15,0.63,104.721
02/19/2026 04:12:15,0.62,104.703
02/19/2026 04:22:15,0.61,104.689
02/19/2026 04:32:15,0.60,104.711
02/19/2026 04:42:15,0.60,104.728
02/19/2026 04:52:15,0.59,104.737
02/19/2026 05:02:15,0.59,104.754
02/19/2026 05:12:15,0.58,104.772
02/19/2026 05:22:15,0.58,104.780
02/19/2026 05:32:15,0.57,104.793
02/19/2026 05:42:15,0.56,104.754
02/19/2026 05:52:15,0.56,104.828
02/19/2026 06:02:15,0.55,104.841
02/19/2026 06:12:15,0.54,104.893
02/19/2026 06:22:15,0.54,104.902
02/19/2026 06:32:15,0.53,104.915
02/19/2026 06:42:15,0.52,104.932
02/19/2026 06:52:15,0.52,104.928
02/19/2026 07:02:15,0.52,104.967
02/19/2026 07:12:15,0.52,104.985
02/19/2026 07:22:15,0.52,105.011
02/19/2026 07:32:15,0.52,104.980
02/19/2026 07:42:15,0.52,104.976
02/19/2026 07:52:15,0.53,105.020
02/19/2026 08:02:15,0.54,105.033
02/19/2026 08:12:15,0.55,105.051
02/19/2026 08:22:15,0.56,105.056
02/19/2026 08:32:15,0.57,105.074
02/19/2026 08:42:15,0.58,105.075
02/19/2026 08:52:15,0.60,105.080
02/19/2026 09:02:15,0.62,105.085
02/19/2026 09:12:15,0.64,105.090
02/19/2026 09:22:15,0.66,105.108
02/19/2026 09:32:15,0.67,105.148
02/19/2026 09:42:15,0.69,105.144
02/19/2026 09:52:15,0.71,105.145
02/19/2026 10:02:15,0.73,105.159
02/19/2026 10:12:15,0.74,105.164
02/19/2026 10:22:15,0.76,105.168
02/19/2026 10:32:15,0.77,105.156
02/19/2026 10:42:15,0.79,105.174
02/19/2026 10:52:15,0.81,105.166
02/19/2026 11:02:15,0.84,105.136
02/19/2026 11:12:15,0.86,105.137
02/19/2026 11:22:15,0.89,105.125
02/19/2026 11:32:15,0.92,105.091
02/19/2026 11:42:15,0.95,105.074
02/19/2026 11:52:15,0.99,105.076
02/19/2026 12:02:15,1.04,105.042
02/19/2026 12:12:15,1.09,105.027
02/19/2026 12:22:15,1.13,105.015
02/19/2026 12:32:15,1.17,105.007
02/19/2026 12:42:15,1.19,104.995
02/19/2026 12:52:15,1.21,104.996
02/19/2026 13:02:15,1.22,105.005
02/19/2026 13:12:15,1.24,104.992
02/19/2026 13:22:15,1.26,104.980
02/19/2026 13:32:15,1.28,104.959
02/19/2026 13:42:15,1.30,104.968
02/19/2026 13:52:15,1.32,104.982
02/19/2026 14:02:15,1.34,104.987
02/19/2026 14:12:15,1.36,104.979
02/19/2026 14:22:15,1.37,104.971
02/19/2026 14:32:15,1.37,104.966
02/19/2026 14:42:15,1.38,104.949
02/19/2026 14:52:15,1.38,104.945
02/19/2026 15:02:15,1.39,104.927
02/19/2026 15:12:15,1.38,104.927
02/19/2026 15:22:15,1.37,104.927
02/19/2026 15:32:15,1.37,104.957
02/19/2026 15:42:15,1.37,104.953
02/19/2026 15:52:15,1.36,104.975
02/19/2026 16:02:15,1.35,104.970
02/19/2026 16:12:15,1.34,105.000
02/19/2026 16:22:15,1.33,105.013
02/19/2026 16:32:15,1.32,104.995
02/19/2026 16:42:15,1.31,104.973
02/19/2026 16:52:15,1.29,104.968
02/19/2026 17:02:15,1.28,104.981
02/19/2026 17:12:15,1.27,104.985
02/19/2026 17:22:15,1.26,105.006
02/19/2026 17:32:15,1.25,104.997
02/19/2026 17:42:15,1.23,105.005
02/19/2026 17:52:15,1.22,104.983
02/19/2026 18:02:15,1.21,105.000
02/19/2026 18:12:15,1.20,105.000
02/19/2026 18:22:15,1.18,105.012
02/19/2026 18:32:15,1.17,105.021
02/19/2026 18:42:15,1.15,104.985
02/19/2026 18:52:15,1.14,104.954
02/19/2026 19:02:15,1.12,104.944
02/19/2026 19:12:15,1.11,104.948
02/19/2026 19:22:15,1.09,104.943
02/19/2026 19:32:15,1.07,104.960
02/19/2026 19:42:15,1.05,104.951
02/19/2026 19:52:15,1.03,104.950
02/19/2026 20:02:15,1.02,104.949
02/19/2026 20:12:15,1.00,104.958
02/19/2026 20:22:15,0.98,104.970
02/19/2026 20:32:15,0.97,104.987
02/19/2026 20:42:15,0.96,104.987
02/19/2026 20:52:15,0.95,104.987
02/19/2026 21:02:15,0.94,104.995
02/19/2026 21:12:15,0.93,104.973
02/19/2026 21:22:15,0.91,104.959
02/19/2026 21:32:15,0.90,104.985
02/19/2026 21:42:15,0.88,104.967
02/19/2026 21:52:15,0.87,104.975
02/19/2026 22:02:15,0.86,104.966
02/19/2026 22:12:15,0.86,104.974
02/19/2026 22:22:15,0.86,104.966
02/19/2026 22:32:15,0.86,104.939
02/19/2026 22:42:15,0.86,104.935
02/19/2026 22:52:15,0.86,104.931
02/19/2026 23:02:15,0.86,104.926
02/19/2026 23:12:15,0.85,104.931
02/19/2026 23:22:15,0.85,104.944
02/19/2026 23:32:15,0.85,104.935
02/19/2026 23:42:15,0.84,104.943
02/19/2026 23:52:15,0.84,104.943
02/20/2026 00:02:15,0.84,104.934
02/20/2026 00:12:15,0.84,104.895
02/20/2026 00:22:15,0.83,104.903
02/20/2026 00:32:15,0.83,104.903
02/20/2026 00:42:15,0.82,104.890
02/20/2026 00:52:15,0.82,104.890
02/20/2026 01:02:15,0.81,104.872
02/20/2026 01:12:15,0.80,104.858
02/20/2026 01:22:15,0.79,104.875
02/20/2026 01:32:15,0.78,104.858
02/20/2026 01:42:15,0.77,104.835
02/20/2026 01:52:15,0.76,104.804
02/20/2026 02:02:15,0.76,104.791
02/20/2026 02:12:15,0.75,104.800
02/20/2026 02:22:15,0.75,104.821
02/20/2026 02:32:15,0.74,104.808
02/20/2026 02:42:15,0.74,104.782
02/20/2026 02:52:15,0.74,104.773
02/20/2026 03:02:15,0.74,104.795
02/20/2026 03:12:15,0.74,104.782
02/20/2026 03:22:15,0.75,104.764
02/20/2026 03:32:15,0.75,104.738
02/20/2026 03:42:15,0.76,104.743
02/20/2026 03:52:15,0.76,104.708
02/20/2026 04:02:15,0.76,104.695
02/20/2026 04:12:15,0.76,104.664
02/20/2026 04:22:15,0.76,104.642
02/20/2026 04:32:15,0.76,104.660
02/20/2026 04:42:15,0.76,104.664
02/20/2026 04:52:15,0.76,104.686
02/20/2026 05:02:15,0.76,104.651
02/20/2026 05:12:15,0.75,104.659
02/20/2026 05:22:15,0.75,104.681
02/20/2026 05:32:15,0.75,104.681
02/20/2026 05:42:15,0.74,104.690
02/20/2026 05:52:15,0.75,104.677
02/20/2026 06:02:15,0.75,104.650
02/20/2026 06:12:15,0.75,104.628
02/20/2026 06:22:15,0.75,104.620
02/20/2026 06:32:15,0.76,104.585
02/20/2026 06:42:15,0.76,104.580
02/20/2026 06:52:15,0.76,104.611
02/20/2026 07:02:15,0.76,104.615
02/20/2026 07:12:15,0.81,104.652
02/20/2026 07:22:15,0.94,104.644
02/20/2026 07:32:15,0.94,104.644
02/20/2026 07:42:15,0.91,104.647
02/20/2026 07:52:15,0.88,104.633
02/20/2026 08:02:15,0.85,104.601
02/20/2026 08:12:15,0.84,104.570
02/20/2026 08:22:15,0.83,104.504
02/20/2026 08:32:15,0.83,104.478
02/20/2026 08:42:15,0.83,104.535
02/20/2026 08:52:15,0.83,104.565
02/20/2026 09:02:15,0.83,104.513
02/20/2026 09:12:15,0.83,104.491
02/20/2026 09:22:15,0.83,104.478
02/20/2026 09:32:15,0.84,104.456
02/20/2026 09:42:15,0.85,104.404
02/20/2026 09:52:15,0.87,104.339
02/20/2026 10:02:15,0.89,104.388
02/20/2026 10:12:15,0.92,104.463
02/20/2026 10:22:15,0.94,104.455
02/20/2026 10:32:15,0.96,104.504
02/20/2026 10:42:15,0.98,104.492
02/20/2026 10:52:15,1.00,104.462
02/20/2026 11:02:15,1.01,104.471
02/20/2026 11:12:15,1.01,104.440
02/20/2026 11:22:15,1.02,104.440
02/20/2026 11:32:15,1.03,104.414
02/20/2026 11:42:15,1.04,104.375
02/20/2026 11:52:15,1.05,104.376
02/20/2026 12:02:15,1.06,104.341
02/20/2026 12:12:15,1.07,104.306
02/20/2026 12:22:15,1.07,104.258
02/20/2026 12:32:15,1.06,104.249
02/20/2026 12:42:15,1.04,104.187
02/20/2026 12:52:15,1.02,104.133
02/20/2026 13:02:15,0.99,104.119
02/20/2026 13:12:15,0.95,104.083
02/20/2026 13:22:15,0.91,104.072
02/20/2026 13:32:15,0.87,104.040
02/20/2026 13:42:15,0.83,104.030
02/20/2026 13:52:15,0.79,104.006
02/20/2026 14:02:15,0.75,103.970
02/20/2026 14:12:15,0.73,103.939
02/20/2026 14:22:15,0.70,103.925
02/20/2026 14:32:15,0.68,103.897
02/20/2026 14:42:15,0.66,103.892
02/20/2026 14:52:15,0.63,103.870
02/20/2026 15:02:15,0.61,103.855
02/20/2026 15:12:15,0.58,103.819
02/20/2026 15:22:15,0.55,103.801
02/20/2026 15:32:15,0.52,103.778
02/20/2026 15:42:15,0.51,103.751
02/20/2026 15:52:15,0.50,103.711
02/20/2026 16:02:15,0.48,103.680
02/20/2026 16:12:15,0.46,103.666
02/20/2026 16:22:15,0.46,103.662
02/20/2026 16:32:15,0.47,103.684
02/20/2026 16:42:15,0.48,103.711
02/20/2026 16:52:15,0.48,103.750
02/20/2026 17:02:15,0.47,103.736
02/20/2026 17:12:15,0.45,103.731
02/20/2026 17:22:15,0.42,103.708
02/20/2026 17:32:15,0.40,103.708
02/20/2026 17:42:15,0.39,103.734
02/20/2026 17:52:15,0.38,103.747
02/20/2026 18:02:15,0.40,103.747
02/20/2026 18:12:15,0.42,103.809
02/20/2026 18:22:15,0.43,103.893
02/20/2026 18:32:15,0.44,103.902
02/20/2026 18:42:15,0.44,103.898
02/20/2026 18:52:15,0.42,103.849
02/20/2026 19:02:15,0.40,103.817
02/20/2026 19:12:15,0.38,103.804
02/20/2026 19:22:15,0.37,103.764
02/20/2026 19:32:15,0.39,103.773
02/20/2026 19:42:15,0.43,103.775
02/20/2026 19:52:15,0.46,103.771
02/20/2026 20:02:15,0.47,103.807
02/20/2026 20:12:15,0.46,103.819
02/20/2026 20:22:15,0.45,103.845
02/20/2026 20:32:15,0.43,103.832
02/20/2026 20:42:15,0.42,103.836
02/20/2026 20:52:15,0.41,103.831
02/20/2026 21:02:15,0.41,103.826
02/20/2026 21:12:15,0.39,103.778
02/20/2026 21:22:15,0.37,103.781
02/20/2026 21:32:15,0.34,103.745
02/20/2026 21:42:15,0.33,103.749
02/20/2026 21:52:15,0.32,103.723
02/20/2026 22:02:15,0.33,103.710
02/20/2026 22:12:15,0.36,103.715
02/20/2026 22:22:15,0.40,103.747
02/20/2026 22:32:15,0.43,103.766
02/20/2026 22:42:15,0.45,103.797
02/20/2026 22:52:15,0.47,103.815
02/20/2026 23:02:15,0.47,103.824
02/20/2026 23:12:15,0.48,103.842
02/20/2026 23:22:15,0.48,103.860
02/20/2026 23:32:15,0.48,103.864
02/20/2026 23:42:15,0.48,103.873
02/20/2026 23:52:15,0.48,103.864
02/21/2026 00:02:15,0.49,103.891
02/21/2026 00:12:15,0.50,103.891
02/21/2026 00:22:15,0.51,103.913
02/21/2026 00:32:15,0.51,103.909
02/21/2026 00:42:15,0.51,103.940
02/21/2026 00:52:15,0.52,103.958
02/21/2026 01:02:15,0.52,103.953
02/21/2026 01:12:15,0.53,103.971
02/21/2026 01:22:15,0.54,103.989
02/21/2026 01:32:15,0.54,103.989
02/21/2026 01:42:15,0.55,103.994
02/21/2026 01:52:15,0.55,103.985
02/21/2026 02:02:15,0.55,104.007
02/21/2026 02:12:15,0.56,104.012
02/21/2026 02:22:15,0.56,104.007
02/21/2026 02:32:15,0.56,103.977
02/21/2026 02:42:15,0.57,103.986
02/21/2026 02:52:15,0.57,103.999
02/21/2026 03:02:15,0.57,104.012
02/21/2026 03:12:15,0.58,104.030
02/21/2026 03:22:15,0.58,104.026
02/21/2026 03:32:15,0.58,104.034
02/21/2026 03:42:15,0.58,104.026
02/21/2026 03:52:15,0.58,104.030
02/21/2026 04:02:15,0.58,104.039
02/21/2026 04:12:15,0.58,104.034
02/21/2026 04:22:15,0.57,104.056
02/21/2026 04:32:15,0.57,104.061
02/21/2026 04:42:15,0.57,104.074
02/21/2026 04:52:15,0.57,104.091
02/21/2026 05:02:15,0.56,104.117
02/21/2026 05:12:15,0.56,104.126
02/21/2026 05:22:15,0.56,104.143
02/21/2026 05:32:15,0.55,104.156
02/21/2026 05:42:15,0.55,104.169
02/21/2026 05:52:15,0.55,104.174
02/21/2026 06:02:15,0.55,104.196
02/21/2026 06:12:15,0.54,104.226
02/21/2026 06:22:15,0.54,104.231
02/21/2026 06:32:15,0.54,104.235
02/21/2026 06:42:15,0.54,104.270
02/21/2026 06:52:15,0.54,104.292
02/21/2026 07:02:15,0.53,104.314
02/21/2026 07:12:15,0.53,104.349
02/21/2026 07:22:15,0.53,104.366
02/21/2026 07:32:15,0.53,104.384
02/21/2026 07:42:15,0.53,104.414
02/21/2026 07:52:15,0.53,104.419
02/21/2026 08:02:15,0.53,104.441
02/21/2026 08:12:15,0.54,104.454
02/21/2026 08:22:15,0.54,104.468
02/21/2026 08:32:15,0.55,104.477
02/21/2026 08:42:15,0.56,104.499
02/21/2026 08:52:15,0.57,104.508
02/21/2026 09:02:15,0.59,104.522
02/21/2026 09:12:15,0.61,104.510
02/21/2026 09:22:15,0.64,104.532
02/21/2026 09:32:15,0.66,104.555
02/21/2026 09:42:15,0.69,104.622
02/21/2026 09:52:15,0.73,104.663
02/21/2026 10:02:15,0.77,104.686
02/21/2026 10:12:15,0.82,104.701
02/21/2026 10:22:15,0.85,104.693
02/21/2026 10:32:15,0.87,104.681
02/21/2026 10:42:15,0.90,104.700
02/21/2026 10:52:15,0.92,104.709
02/21/2026 11:02:15,0.94,104.710
02/21/2026 11:12:15,0.96,104.710
02/21/2026 11:22:15,0.97,104.689
02/21/2026 11:32:15,0.99,104.685
02/21/2026 11:42:15,1.00,104.690
02/21/2026 11:52:15,1.02,104.695
02/21/2026 12:02:15,1.03,104.691
02/21/2026 12:12:15,1.04,104.709
02/21/2026 12:22:15,1.06,104.710
02/21/2026 12:32:15,1.09,104.710
02/21/2026 12:42:15,1.12,104.703
02/21/2026 12:52:15,1.16,104.722
02/21/2026 13:02:15,1.19,104.732
02/21/2026 13:12:15,1.22,104.737
02/21/2026 13:22:15,1.25,104.734
02/21/2026 13:32:15,1.27,104.739
02/21/2026 13:42:15,1.29,104.740
02/21/2026 13:52:15,1.31,104.736
02/21/2026 14:02:15,1.33,104.758
02/21/2026 14:12:15,1.35,104.772
02/21/2026 14:22:15,1.36,104.768
02/21/2026 14:32:15,1.37,104.769
02/21/2026 14:42:15,1.38,104.778
02/21/2026 14:52:15,1.39,104.783
02/21/2026 15:02:15,1.40,104.778
02/21/2026 15:12:15,1.40,104.801
02/21/2026 15:22:15,1.41,104.814
02/21/2026 15:32:15,1.43,104.815
02/21/2026 15:42:15,1.44,104.828
02/21/2026 15:52:15,1.46,104.833
02/21/2026 16:02:15,1.47,104.856
02/21/2026 16:12:15,1.48,104.860
02/21/2026 16:22:15,1.48,104.887
02/21/2026 16:32:15,1.49,104.891
02/21/2026 16:42:15,1.49,104.913
02/21/2026 16:52:15,1.50,104.922
02/21/2026 17:02:15,1.50,104.944
02/21/2026 17:12:15,1.50,104.953
02/21/2026 17:22:15,1.49,104.971
02/21/2026 17:32:15,1.49,104.988
02/21/2026 17:42:15,1.48,104.992
02/21/2026 17:52:15,1.46,105.000
02/21/2026 18:02:15,1.45,105.026
02/21/2026 18:12:15,1.44,105.039
02/21/2026 18:22:15,1.43,105.043
02/21/2026 18:32:15,1.41,105.047
02/21/2026 18:42:15,1.39,105.046
02/21/2026 18:52:15,1.38,105.068
02/21/2026 19:02:15,1.36,105.063
02/21/2026 19:12:15,1.35,105.071
02/21/2026 19:22:15,1.34,105.084
02/21/2026 19:32:15,1.33,105.074
02/21/2026 19:42:15,1.32,105.101
02/21/2026 19:52:15,1.31,105.105
02/21/2026 20:02:15,1.30,105.126
02/21/2026 20:12:15,1.29,105.143
02/21/2026 20:22:15,1.28,105.134
02/21/2026 20:32:15,1.27,105.138
02/21/2026 20:42:15,1.26,105.164
02/21/2026 20:52:15,1.26,105.164
02/21/2026 21:02:15,1.25,105.173
02/21/2026 21:12:15,1.24,105.199
02/21/2026 21:22:15,1.23,105.198
02/21/2026 21:32:15,1.23,105.198
02/21/2026 21:42:15,1.21,105.220
02/21/2026 21:52:15,1.20,105.224
02/21/2026 22:02:15,1.19,105.228
02/21/2026 22:12:15,1.18,105.232
02/21/2026 22:22:15,1.18,105.227
02/21/2026 22:32:15,1.17,105.240
02/21/2026 22:42:15,1.17,105.231
02/21/2026 22:52:15,1.17,105.240
02/21/2026 23:02:15,1.17,105.240
02/21/2026 23:12:15,1.17,105.240
02/21/2026 23:22:15,1.16,105.253
02/21/2026 23:32:15,1.16,105.253
02/21/2026 23:42:15,1.14,105.257
02/21/2026 23:52:15,1.14,105.256
02/22/2026 00:02:15,1.13,105.270
02/22/2026 00:12:15,1.13,105.283
02/22/2026 00:22:15,1.12,105.287
02/22/2026 00:32:15,1.12,105.309
02/22/2026 00:42:15,1.11,105.317
02/22/2026 00:52:15,1.11,105.313
02/22/2026 01:02:15,1.10,105.321
02/22/2026 01:12:15,1.10,105.330
02/22/2026 01:22:15,1.09,105.343
02/22/2026 01:32:15,1.08,105.333
02/22/2026 01:42:15,1.07,105.333
02/22/2026 01:52:15,1.06,105.328
02/22/2026 02:02:15,1.05,105.324
02/22/2026 02:12:15,1.04,105.306
02/22/2026 02:22:15,1.04,105.288
02/22/2026 02:32:15,1.03,105.266
02/22/2026 02:42:15,1.02,105.274
02/22/2026 02:52:15,1.02,105.279
02/22/2026 03:02:15,1.01,105.305
02/22/2026 03:12:15,1.01,105.300
02/22/2026 03:22:15,1.00,105.300
02/22/2026 03:32:15,1.00,105.291
02/22/2026 03:42:15,1.00,105.300
02/22/2026 03:52:15,0.99,105.322
02/22/2026 04:02:15,0.98,105.348
02/22/2026 04:12:15,0.97,105.360
02/22/2026 04:22:15,0.96,105.342
02/22/2026 04:32:15,0.95,105.360
02/22/2026 04:42:15,0.95,105.346
02/22/2026 04:52:15,0.94,105.333
02/22/2026 05:02:15,0.94,105.355
02/22/2026 05:12:15,0.94,105.346
02/22/2026 05:22:15,0.94,105.350
02/22/2026 05:32:15,0.94,105.377
02/22/2026 05:42:15,0.94,105.364
02/22/2026 05:52:15,0.94,105.333
02/22/2026 06:02:15,0.93,105.328
02/22/2026 06:12:15,0.93,105.350
02/22/2026 06:22:15,0.93,105.355
02/22/2026 06:32:15,0.93,105.368
02/22/2026 06:42:15,0.93,105.359
02/22/2026 06:52:15,0.93,105.381
02/22/2026 07:02:15,0.93,105.385
02/22/2026 07:12:15,0.93,105.385
02/22/2026 07:22:15,0.92,105.385
02/22/2026 07:32:15,0.92,105.376
02/22/2026 07:42:15,0.92,105.381
02/22/2026 07:52:15,0.92,105.385
02/22/2026 08:02:15,0.93,105.394
02/22/2026 08:12:15,0.93,105.385
02/22/2026 08:22:15,0.94,105.372
02/22/2026 08:32:15,0.95,105.373
02/22/2026 08:42:15,0.95,105.382
02/22/2026 08:52:15,0.96,105.391
02/22/2026 09:02:15,0.96,105.382
02/22/2026 09:12:15,0.97,105.352
02/22/2026 09:22:15,0.98,105.334
02/22/2026 09:32:15,0.98,105.330
02/22/2026 09:42:15,0.99,105.291
02/22/2026 09:52:15,1.00,105.274
02/22/2026 10:02:15,1.02,105.257
02/22/2026 10:12:15,1.03,105.231
02/22/2026 10:22:15,1.05,105.188
02/22/2026 10:32:15,1.07,105.180
02/22/2026 10:42:15,1.09,105.172
02/22/2026 10:52:15,1.12,105.186
02/22/2026 11:02:15,1.14,105.173
02/22/2026 11:12:15,1.16,105.165
02/22/2026 11:22:15,1.18,105.166
02/22/2026 11:32:15,1.20,105.140
02/22/2026 11:42:15,1.22,105.159
02/22/2026 11:52:15,1.23,105.133
02/22/2026 12:02:15,1.25,105.159
02/22/2026 12:12:15,1.26,105.098
02/22/2026 12:22:15,1.27,105.073
02/22/2026 12:32:15,1.29,105.056
02/22/2026 12:42:15,1.32,105.079
02/22/2026 12:52:15,1.34,105.071
02/22/2026 13:02:15,1.36,105.093
02/22/2026 13:12:15,1.38,105.107
02/22/2026 13:22:15,1.39,105.063
02/22/2026 13:32:15,1.40,105.073
02/22/2026 13:42:15,1.41,105.055
02/22/2026 13:52:15,1.42,105.069
02/22/2026 14:02:15,1.42,105.025
02/22/2026 14:12:15,1.44,105.021
02/22/2026 14:22:15,1.45,105.017
02/22/2026 14:32:15,1.46,104.969
02/22/2026 14:42:15,1.47,105.009
02/22/2026 14:52:15,1.47,104.992
02/22/2026 15:02:15,1.48,104.997
02/22/2026 15:12:15,1.49,105.006
02/22/2026 15:22:15,1.49,105.023
02/22/2026 15:32:15,1.49,105.015
02/22/2026 15:42:15,1.50,105.001
02/22/2026 15:52:15,1.49,104.940
02/22/2026 16:02:15,1.49,104.891
02/22/2026 16:12:15,1.48,104.878
02/22/2026 16:22:15,1.48,104.878
02/22/2026 16:32:15,1.47,104.856
02/22/2026 16:42:15,1.46,104.860
02/22/2026 16:52:15,1.46,104.864
02/22/2026 17:02:15,1.45,104.864
02/22/2026 17:12:15,1.44,104.837
02/22/2026 17:22:15,1.42,104.810
02/22/2026 17:32:15,1.41,104.788
02/22/2026 17:42:15,1.40,104.814
02/22/2026 17:52:15,1.39,104.805
02/22/2026 18:02:15,1.38,104.826
02/22/2026 18:12:15,1.37,104.817
02/22/2026 18:22:15,1.36,104.799
02/22/2026 18:32:15,1.35,104.799
02/22/2026 18:42:15,1.34,104.790
02/22/2026 18:52:15,1.33,104.750
02/22/2026 19:02:15,1.32,104.710
02/22/2026 19:12:15,1.31,104.644
02/22/2026 19:22:15,1.30,104.621
02/22/2026 19:32:15,1.29,104.577
02/22/2026 19:42:15,1.28,104.634
02/22/2026 19:52:15,1.27,104.629
02/22/2026 20:02:15,1.26,104.624
02/22/2026 20:12:15,1.25,104.606
02/22/2026 20:22:15,1.24,104.584
02/22/2026 20:32:15,1.23,104.558
02/22/2026 20:42:15,1.22,104.575
02/22/2026 20:52:15,1.21,104.553
02/22/2026 21:02:15,1.20,104.539
02/22/2026 21:12:15,1.19,104.512
02/22/2026 21:22:15,1.18,104.477
02/22/2026 21:32:15,1.17,104.463
02/22/2026 21:42:15,1.15,104.458
02/22/2026 21:52:15,1.13,104.431
02/22/2026 22:02:15,1.10,104.461
02/22/2026 22:12:15,1.08,104.465
02/22/2026 22:22:15,1.06,104.468
02/22/2026 22:32:15,1.03,104.436
02/22/2026 22:42:15,1.01,104.409
02/22/2026 22:52:15,0.99,104.347
02/22/2026 23:02:15,0.97,104.342
02/22/2026 23:12:15,0.95,104.341
02/22/2026 23:22:15,0.92,104.323
02/22/2026 23:32:15,0.89,104.296
02/22/2026 23:42:15,0.87,104.277
02/22/2026 23:52:15,0.84,104.245
02/23/2026 00:02:15,0.81,104.240
02/23/2026 00:12:15,0.79,104.213
02/23/2026 00:22:15,0.75,104.159
02/23/2026 00:32:15,0.72,104.136
02/23/2026 00:42:15,0.69,104.126
02/23/2026 00:52:15,0.67,104.064
02/23/2026 01:02:15,0.65,104.059
02/23/2026 01:12:15,0.64,104.023
02/23/2026 01:22:15,0.63,103.992
02/23/2026 01:32:15,0.62,103.926
02/23/2026 01:42:15,0.61,103.895
02/23/2026 01:52:15,0.61,103.904
02/23/2026 02:02:15,0.60,103.846
02/23/2026 02:12:15,0.59,103.824
02/23/2026 02:22:15,0.58,103.815
02/23/2026 02:32:15,0.58,103.784
02/23/2026 02:42:15,0.58,103.731
02/23/2026 02:52:15,0.57,103.688
02/23/2026 03:02:15,0.57,103.648
02/23/2026 03:12:15,0.56,103.630
02/23/2026 03:22:15,0.56,103.643
02/23/2026 03:32:15,0.55,103.616
02/23/2026 03:42:15,0.54,103.563
02/23/2026 03:52:15,0.53,103.502
02/23/2026 04:02:15,0.52,103.479
02/23/2026 04:12:15,0.51,103.496
02/23/2026 04:22:15,0.49,103.518
02/23/2026 04:32:15,0.48,103.473
02/23/2026 04:42:15,0.46,103.468
02/23/2026 04:52:15,0.45,103.494
02/23/2026 05:02:15,0.43,103.463
02/23/2026 05:12:15,0.42,103.436
02/23/2026 05:22:15,0.41,103.489
02/23/2026 05:32:15,0.41,103.515
02/23/2026 05:42:15,0.40,103.501
02/23/2026 05:52:15,0.39,103.448
02/23/2026 06:02:15,0.38,103.347
02/23/2026 06:12:15,0.37,103.338
02/23/2026 06:22:15,0.37,103.307
02/23/2026 06:32:15,0.36,103.290
02/23/2026 06:42:15,0.35,103.254
02/23/2026 06:52:15,0.34,103.254
02/23/2026 07:02:15,0.32,103.231
02/23/2026 07:12:15,0.31,103.213
02/23/2026 07:22:15,0.30,103.230
02/23/2026 07:32:15,0.30,103.217
02/23/2026 07:42:15,0.29,103.221
02/23/2026 07:52:15,0.30,103.213
02/23/2026 08:02:15,0.30,103.226
02/23/2026 08:12:15,0.29,103.208
02/23/2026 08:22:15,0.29,103.204
02/23/2026 08:32:15,0.28,103.181
02/23/2026 08:42:15,0.26,103.198
02/23/2026 08:52:15,0.23,103.184
02/23/2026 09:02:15,0.20,103.161
02/23/2026 09:12:15,0.18,103.139
02/23/2026 09:22:15,0.17,103.099
02/23/2026 09:32:15,0.17,103.090
02/23/2026 09:42:15,0.18,103.064
02/23/2026 09:52:15,0.21,103.052
02/23/2026 10:02:15,0.25,103.071
02/23/2026 10:12:15,0.29,103.041
02/23/2026 10:22:15,0.31,103.051
02/23/2026 10:32:15,0.32,103.060
02/23/2026 10:42:15,0.34,103.065
02/23/2026 10:52:15,0.35,103.087
02/23/2026 11:02:15,0.36,103.083
02/23/2026 11:12:15,0.37,103.092
02/23/2026 11:22:15,0.37,103.101
02/23/2026 11:32:15,0.37,103.110
02/23/2026 11:42:15,0.38,103.110
02/23/2026 11:52:15,0.39,103.102
02/23/2026 12:02:15,0.39,103.128
02/23/2026 12:12:15,0.40,103.128
02/23/2026 12:22:15,0.41,103.129
02/23/2026 12:32:15,0.42,103.134
02/23/2026 12:42:15,0.44,103.121
02/23/2026 12:52:15,0.45,103.134
02/23/2026 13:02:15,0.46,103.161
02/23/2026 13:12:15,0.48,103.188
02/23/2026 13:22:15,0.49,103.211
02/23/2026 13:32:15,0.51,103.224
02/23/2026 13:42:15,0.52,103.238
02/23/2026 13:52:15,0.54,103.265
02/23/2026 14:02:15,0.55,103.261
02/23/2026 14:12:15,0.55,103.296
02/23/2026 14:22:15,0.56,103.309
02/23/2026 14:32:15,0.56,103.345
02/23/2026 14:42:15,0.56,103.353
02/23/2026 14:52:15,0.56,103.353
02/23/2026 15:02:15,0.56,103.318
02/23/2026 15:12:15,0.55,103.375
02/23/2026 15:22:15,0.54,103.375
02/23/2026 15:32:15,0.54,103.379
02/23/2026 15:42:15,0.53,103.370
02/23/2026 15:52:15,0.53,103.361
02/23/2026 16:02:15,0.53,103.370
02/23/2026 16:12:15,0.53,103.366
02/23/2026 16:22:15,0.53,103.361
02/23/2026 16:32:15,0.52,103.339
02/23/2026 16:42:15,0.52,103.348
02/23/2026 16:52:15,0.51,103.352
02/23/2026 17:02:15,0.51,103.369
02/23/2026 17:12:15,0.50,103.369
02/23/2026 17:22:15,0.50,103.364
02/23/2026 17:32:15,0.49,103.373
02/23/2026 17:42:15,0.49,103.395
02/23/2026 17:52:15,0.48,103.421
02/23/2026 18:02:15,0.47,103.451
02/23/2026 18:12:15,0.46,103.460
02/23/2026 18:22:15,0.45,103.486
02/23/2026 18:32:15,0.45,103.499
02/23/2026 18:42:15,0.44,103.520
02/23/2026 18:52:15,0.43,103.520
02/23/2026 19:02:15,0.42,103.529
02/23/2026 19:12:15,0.42,103.537
02/23/2026 19:22:15,0.41,103.568
02/23/2026 19:32:15,0.40,103.563
02/23/2026 19:42:15,0.40,103.550
02/23/2026 19:52:15,0.40,103.563
02/23/2026 20:02:15,0.39,103.567
02/23/2026 20:12:15,0.39,103.584
02/23/2026 20:22:15,0.38,103.606
02/23/2026 20:32:15,0.37,103.619
02/23/2026 20:42:15,0.37,103.628
02/23/2026 20:52:15,0.36,103.632
02/23/2026 21:02:15,0.35,103.636
02/23/2026 21:12:15,0.35,103.631
02/23/2026 21:22:15,0.35,103.640
02/23/2026 21:32:15,0.34,103.631
02/23/2026 21:42:15,0.34,103.635
02/23/2026 21:52:15,0.34,103.627
02/23/2026 22:02:15,0.34,103.649
02/23/2026 22:12:15,0.35,103.631
02/23/2026 22:22:15,0.35,103.631
02/23/2026 22:32:15,0.35,103.645
02/23/2026 22:42:15,0.35,103.649
02/23/2026 22:52:15,0.35,103.640
02/23/2026 23:02:15,0.35,103.649
02/23/2026 23:12:15,0.35,103.654
02/23/2026 23:22:15,0.36,103.645
02/23/2026 23:32:15,0.36,103.645
02/23/2026 23:42:15,0.36,103.636
02/23/2026 23:52:15,0.36,103.658
02/24/2026 00:02:15,0.36,103.667
02/24/2026 00:12:15,0.36,103.676
02/24/2026 00:22:15,0.36,103.689
02/24/2026 00:32:15,0.35,103.684
02/24/2026 00:42:15,0.35,103.697
02/24/2026 00:52:15,0.35,103.684
02/24/2026 01:02:15,0.35,103.702
02/24/2026 01:12:15,0.35,103.710
02/24/2026 01:22:15,0.34,103.715
02/24/2026 01:32:15,0.34,103.736
02/24/2026 01:42:15,0.34,103.736
02/24/2026 01:52:15,0.33,103.719
02/24/2026 02:02:15,0.33,103.741
02/24/2026 02:12:15,0.33,103.740
02/24/2026 02:22:15,0.32,103.749
02/24/2026 02:32:15,0.32,103.714
02/24/2026 02:42:15,0.32,103.744
02/24/2026 02:52:15,0.31,103.757
02/24/2026 03:02:15,0.31,103.766
02/24/2026 03:12:15,0.31,103.775
02/24/2026 03:22:15,0.31,103.766
02/24/2026 03:32:15,0.31,103.762
02/24/2026 03:42:15,0.31,103.775
02/24/2026 03:52:15,0.31,103.775
02/24/2026 04:02:15,0.30,103.792
02/24/2026 04:12:15,0.30,103.818
02/24/2026 04:22:15,0.30,103.823
02/24/2026 04:32:15,0.30,103.823
02/24/2026 04:42:15,0.30,103.823
02/24/2026 04:52:15,0.30,103.836
02/24/2026 05:02:15,0.30,103.853
02/24/2026 05:12:15,0.29,103.845
02/24/2026 05:22:15,0.29,103.844
02/24/2026 05:32:15,0.29,103.849
02/24/2026 05:42:15,0.28,103.840
02/24/2026 05:52:15,0.28,103.853
02/24/2026 06:02:15,0.27,103.852
02/24/2026 06:12:15,0.26,103.839
02/24/2026 06:22:15,0.26,103.839
02/24/2026 06:32:15,0.26,103.813
02/24/2026 06:42:15,0.26,103.804
02/24/2026 06:52:15,0.27,103.782
02/24/2026 07:02:15,0.27,103.800
02/24/2026 07:12:15,0.28,103.787
02/24/2026 07:22:15,0.28,103.796
02/24/2026 07:32:15,0.28,103.805
02/24/2026 07:42:15,0.29,103.814
02/24/2026 07:52:15,0.30,103.805
02/24/2026 08:02:15,0.31,103.806
02/24/2026 08:12:15,0.32,103.832
02/24/2026 08:22:15,0.33,103.841
02/24/2026 08:32:15,0.34,103.855
02/24/2026 08:42:15,0.36,103.877
02/24/2026 08:52:15,0.37,103.913
02/24/2026 09:02:15,0.39,103.936
02/24/2026 09:12:15,0.42,103.967
02/24/2026 09:22:15,0.44,103.990
02/24/2026 09:32:15,0.46,104.030
02/24/2026 09:42:15,0.48,104.066
02/24/2026 09:52:15,0.49,104.097
02/24/2026 10:02:15,0.51,104.133
02/24/2026 10:12:15,0.53,104.191
02/24/2026 10:22:15,0.54,104.244
02/24/2026 10:32:15,0.55,104.301
02/24/2026 10:42:15,0.57,104.328
02/24/2026 10:52:15,0.58,104.407
02/24/2026 11:02:15,0.60,104.461
02/24/2026 11:12:15,0.61,104.523
02/24/2026 11:22:15,0.62,104.567
02/24/2026 11:32:15,0.63,104.624
02/24/2026 11:42:15,0.65,104.651
02/24/2026 11:52:15,0.68,104.652
02/24/2026 12:02:15,0.71,104.636
02/24/2026 12:12:15,0.74,104.619
02/24/2026 12:22:15,0.78,104.594
02/24/2026 12:32:15,0.82,104.565
02/24/2026 12:42:15,0.86,104.527
02/24/2026 12:52:15,0.90,104.493
02/24/2026 13:02:15,0.94,104.468
02/24/2026 13:12:15,0.97,104.417
02/24/2026 13:22:15,1.01,104.379
02/24/2026 13:32:15,1.04,104.340
02/24/2026 13:42:15,1.07,104.302
02/24/2026 13:52:15,1.09,104.259
02/24/2026 14:02:15,1.11,104.259
02/24/2026 14:12:15,1.13,104.229
02/24/2026 14:22:15,1.16,104.208
02/24/2026 14:32:15,1.18,104.209
02/24/2026 14:42:15,1.20,104.183
02/24/2026 14:52:15,1.21,104.201
02/24/2026 15:02:15,1.21,104.219
02/24/2026 15:12:15,1.22,104.215
02/24/2026 15:22:15,1.21,104.219
02/24/2026 15:32:15,1.21,104.228
02/24/2026 15:42:15,1.20,104.219
02/24/2026 15:52:15,1.20,104.232
02/24/2026 16:02:15,1.19,104.236
02/24/2026 16:12:15,1.18,104.266
02/24/2026 16:22:15,1.17,104.266
02/24/2026 16:32:15,1.15,104.283
02/24/2026 16:42:15,1.14,104.300
02/24/2026 16:52:15,1.13,104.295
02/24/2026 17:02:15,1.11,104.312
02/24/2026 17:12:15,1.09,104.324
02/24/2026 17:22:15,1.07,104.324
02/24/2026 17:32:15,1.04,104.332
02/24/2026 17:42:15,1.02,104.344
02/24/2026 17:52:15,0.99,104.347
02/24/2026 18:02:15,0.97,104.364
02/24/2026 18:12:15,0.94,104.359
02/24/2026 18:22:15,0.91,104.379
02/24/2026 18:32:15,0.88,104.405
02/24/2026 18:42:15,0.84,104.417
02/24/2026 18:52:15,0.81,104.420
02/24/2026 19:02:15,0.78,104.428
02/24/2026 19:12:15,0.75,104.440
02/24/2026 19:22:15,0.73,104.448
02/24/2026 19:32:15,0.69,104.455
02/24/2026 19:42:15,0.67,104.446
02/24/2026 19:52:15,0.64,104.462
02/24/2026 20:02:15,0.61,104.465
02/24/2026 20:12:15,0.58,104.473
02/24/2026 20:22:15,0.55,104.477
02/24/2026 20:32:15,0.52,104.480
02/24/2026 20:42:15,0.49,104.497
02/24/2026 20:52:15,0.47,104.518
02/24/2026 21:02:15,0.44,104.508
02/24/2026 21:12:15,0.41,104.529
02/24/2026 21:22:15,0.38,104.532
02/24/2026 21:32:15,0.35,104.522
02/24/2026 21:42:15,0.32,104.486
02/24/2026 21:52:15,0.30,104.463
02/24/2026 22:02:15,0.27,104.410
02/24/2026 22:12:15,0.25,104.317
02/24/2026 22:22:15,0.22,104.219
02/24/2026 22:32:15,0.21,104.162
02/24/2026 22:42:15,0.20,104.100
02/24/2026 22:52:15,0.20,104.021
02/24/2026 23:02:15,0.20,103.955
02/24/2026 23:12:15,0.20,103.872
02/24/2026 23:22:15,0.20,103.767
02/24/2026 23:32:15,0.21,103.670
02/24/2026 23:42:15,0.21,103.574
02/24/2026 23:52:15,0.22,103.495
02/25/2026 00:02:15,0.23,103.483
02/25/2026 00:12:15,0.25,103.457
02/25/2026 00:22:15,0.27,103.453
02/25/2026 00:32:15,0.29,103.427
02/25/2026 00:42:15,0.30,103.432
02/25/2026 00:52:15,0.32,103.455
02/25/2026 01:02:15,0.33,103.490
02/25/2026 01:12:15,0.35,103.487
02/25/2026 01:22:15,0.36,103.588
02/25/2026 01:32:15,0.38,103.650
02/25/2026 01:42:15,0.40,103.712
02/25/2026 01:52:15,0.42,103.765
02/25/2026 02:02:15,0.44,103.832
02/25/2026 02:12:15,0.47,103.859
02/25/2026 02:22:15,0.49,103.886
02/25/2026 02:32:15,0.50,103.944
02/25/2026 02:42:15,0.50,103.988
02/25/2026 02:52:15,0.50,103.961
02/25/2026 03:02:15,0.49,104.005
02/25/2026 03:12:15,0.49,104.014
02/25/2026 03:22:15,0.48,104.040
02/25/2026 03:32:15,0.47,104.044
02/25/2026 03:42:15,0.46,104.017
02/25/2026 03:52:15,0.45,103.946
02/25/2026 04:02:15,0.45,103.850
02/25/2026 04:12:15,0.44,103.797
02/25/2026 04:22:15,0.43,103.700
02/25/2026 04:32:15,0.42,103.656
02/25/2026 04:42:15,0.42,103.586
02/25/2026 04:52:15,0.41,103.555
02/25/2026 05:02:15,0.40,103.502
02/25/2026 05:12:15,0.40,103.471
02/25/2026 05:22:15,0.39,103.453
02/25/2026 05:32:15,0.39,103.431
02/25/2026 05:42:15,0.39,103.418
02/25/2026 05:52:15,0.39,103.418
02/25/2026 06:02:15,0.38,103.391
02/25/2026 06:12:15,0.38,103.387
02/25/2026 06:22:15,0.38,103.387
02/25/2026 06:32:15,0.37,103.386
02/25/2026 06:42:15,0.37,103.360
02/25/2026 06:52:15,0.35,103.342
02/25/2026 07:02:15,0.34,103.328
02/25/2026 07:12:15,0.32,103.319
02/25/2026 07:22:15,0.30,103.336
02/25/2026 07:32:15,0.28,103.309
02/25/2026 07:42:15,0.26,103.304
02/25/2026 07:52:15,0.25,103.294
02/25/2026 08:02:15,0.24,103.299
02/25/2026 08:12:15,0.25,103.290
02/25/2026 08:22:15,0.25,103.286
02/25/2026 08:32:15,0.27,103.299
02/25/2026 08:42:15,0.29,103.305
02/25/2026 08:52:15,0.31,103.283
02/25/2026 09:02:15,0.33,103.284
02/25/2026 09:12:15,0.35,103.285
02/25/2026 09:22:15,0.37,103.276
02/25/2026 09:32:15,0.39,103.268
02/25/2026 09:42:15,0.41,103.291
02/25/2026 09:52:15,0.43,103.296
02/25/2026 10:02:15,0.45,103.314
02/25/2026 10:12:15,0.47,103.320
02/25/2026 10:22:15,0.49,103.347
02/25/2026 10:32:15,0.51,103.391
02/25/2026 10:42:15,0.53,103.427
02/25/2026 10:52:15,0.55,103.498
02/25/2026 11:02:15,0.57,103.560
02/25/2026 11:12:15,0.58,103.618
02/25/2026 11:22:15,0.60,103.645
02/25/2026 11:32:15,0.61,103.693
02/25/2026 11:42:15,0.63,103.751
02/25/2026 11:52:15,0.63,103.782
02/25/2026 12:02:15,0.63,103.812
02/25/2026 12:12:15,0.63,103.861
02/25/2026 12:22:15,0.64,103.887
02/25/2026 12:32:15,0.66,103.923
02/25/2026 12:42:15,0.68,103.972
02/25/2026 12:52:15,0.70,104.008
02/25/2026 13:02:15,0.71,104.030
02/25/2026 13:12:15,0.72,104.061
02/25/2026 13:22:15,0.71,104.083
02/25/2026 13:32:15,0.69,104.109
02/25/2026 13:42:15,0.67,104.117
02/25/2026 13:52:15,0.65,104.116
02/25/2026 14:02:15,0.63,104.128
02/25/2026 14:12:15,0.62,104.137
02/25/2026 14:22:15,0.61,104.132
02/25/2026 14:32:15,0.60,104.149
02/25/2026 14:42:15,0.58,104.131
02/25/2026 14:52:15,0.58,104.122
02/25/2026 15:02:15,0.57,104.113
02/25/2026 15:12:15,0.56,104.099
02/25/2026 15:22:15,0.55,104.082
02/25/2026 15:32:15,0.54,104.059
02/25/2026 15:42:15,0.54,104.024
02/25/2026 15:52:15,0.53,104.028
02/25/2026 16:02:15,0.53,103.984
02/25/2026 16:12:15,0.52,103.971
02/25/2026 16:22:15,0.52,103.975
02/25/2026 16:32:15,0.51,103.962
02/25/2026 16:42:15,0.50,103.944
02/25/2026 16:52:15,0.50,103.957
02/25/2026 17:02:15,0.49,103.935
02/25/2026 17:12:15,0.49,103.921
02/25/2026 17:22:15,0.48,103.926
02/25/2026 17:32:15,0.47,103.930
02/25/2026 17:42:15,0.47,103.925
02/25/2026 17:52:15,0.46,103.934
02/25/2026 18:02:15,0.45,103.938
02/25/2026 18:12:15,0.44,103.924
02/25/2026 18:22:15,0.43,103.928
02/25/2026 18:32:15,0.42,103.915
02/25/2026 18:42:15,0.41,103.928
02/25/2026 18:52:15,0.41,103.936
02/25/2026 19:02:15,0.40,103.949
02/25/2026 19:12:15,0.40,103.940
02/25/2026 19:22:15,0.40,103.962
02/25/2026 19:32:15,0.39,103.953
02/25/2026 19:42:15,0.39,103.980
02/25/2026 19:52:15,0.39,103.988
02/25/2026 20:02:15,0.40,103.984
02/25/2026 20:12:15,0.40,103.967
02/25/2026 20:22:15,0.40,103.940
02/25/2026 20:32:15,0.39,103.927
02/25/2026 20:42:15,0.39,103.918
02/25/2026 20:52:15,0.39,103.931
02/25/2026 21:02:15,0.39,103.927
02/25/2026 21:12:15,0.39,103.931
02/25/2026 21:22:15,0.39,103.936
02/25/2026 21:32:15,0.39,103.927
02/25/2026 21:42:15,0.39,103.914
02/25/2026 21:52:15,0.39,103.914
02/25/2026 22:02:15,0.39,103.927
02/25/2026 22:12:15,0.39,103.914
02/25/2026 22:22:15,0.40,103.892
02/25/2026 22:32:15,0.40,103.879
02/25/2026 22:42:15,0.41,103.888
02/25/2026 22:52:15,0.42,103.897
02/25/2026 23:02:15,0.43,103.845
02/25/2026 23:12:15,0.44,103.806
02/25/2026 23:22:15,0.45,103.841
02/25/2026 23:32:15,0.45,103.863
02/25/2026 23:42:15,0.46,103.925
02/25/2026 23:52:15,0.46,103.943
02/26/2026 00:02:15,0.47,103.952
02/26/2026 00:12:15,0.48,103.948
02/26/2026 00:22:15,0.49,103.979
02/26/2026 00:32:15,0.50,103.944
02/26/2026 00:42:15,0.51,103.931
02/26/2026 00:52:15,0.52,103.931
02/26/2026 01:02:15,0.53,103.932
02/26/2026 01:12:15,0.53,103.945
02/26/2026 01:22:15,0.54,103.954
02/26/2026 01:32:15,0.55,103.959
02/26/2026 01:42:15,0.56,103.941
02/26/2026 01:52:15,0.57,103.933
02/26/2026 02:02:15,0.57,103.933
02/26/2026 02:12:15,0.58,103.942
02/26/2026 02:22:15,0.59,103.934
02/26/2026 02:32:15,0.59,103.912
02/26/2026 02:42:15,0.60,103.925
02/26/2026 02:52:15,0.60,103.899
02/26/2026 03:02:15,0.61,103.921
02/26/2026 03:12:15,0.61,103.899
02/26/2026 03:22:15,0.60,103.904
02/26/2026 03:32:15,0.60,103.921
02/26/2026 03:42:15,0.60,103.921
02/26/2026 03:52:15,0.59,103.934
02/26/2026 04:02:15,0.58,103.973
02/26/2026 04:12:15,0.58,103.977
02/26/2026 04:22:15,0.58,103.999
02/26/2026 04:32:15,0.57,103.986
02/26/2026 04:42:15,0.57,104.021
02/26/2026 04:52:15,0.56,104.034
02/26/2026 05:02:15,0.55,104.042
02/26/2026 05:12:15,0.54,104.046
02/26/2026 05:22:15,0.53,104.063
02/26/2026 05:32:15,0.52,104.063
02/26/2026 05:42:15,0.51,104.071
02/26/2026 05:52:15,0.50,104.106
02/26/2026 06:02:15,0.48,104.110
02/26/2026 06:12:15,0.47,104.149
02/26/2026 06:22:15,0.46,104.157
02/26/2026 06:32:15,0.45,104.170
02/26/2026 06:42:15,0.43,104.148
02/26/2026 06:52:15,0.41,104.191
02/26/2026 07:02:15,0.40,104.239
02/26/2026 07:12:15,0.38,104.256
02/26/2026 07:22:15,0.37,104.269
02/26/2026 07:32:15,0.36,104.303
02/26/2026 07:42:15,0.35,104.334
02/26/2026 07:52:15,0.34,104.325
02/26/2026 08:02:15,0.34,104.342
02/26/2026 08:12:15,0.34,104.324
02/26/2026 08:22:15,0.34,104.338
02/26/2026 08:32:15,0.35,104.333
02/26/2026 08:42:15,0.36,104.334
02/26/2026 08:52:15,0.38,104.321
02/26/2026 09:02:15,0.40,104.331
02/26/2026 09:12:15,0.43,104.301
02/26/2026 09:22:15,0.47,104.316
02/26/2026 09:32:15,0.51,104.335
02/26/2026 09:42:15,0.55,104.354
02/26/2026 09:52:15,0.60,104.342
02/26/2026 10:02:15,0.66,104.349
02/26/2026 10:12:15,0.71,104.351
02/26/2026 10:22:15,0.77,104.353
02/26/2026 10:32:15,0.84,104.342
02/26/2026 10:42:15,0.91,104.375
02/26/2026 10:52:15,0.98,104.378
02/26/2026 11:02:15,1.07,104.376
02/26/2026 11:12:15,1.15,104.340
02/26/2026 11:22:15,1.23,104.343
02/26/2026 11:32:15,1.32,104.350
02/26/2026 11:42:15,1.40,104.331
02/26/2026 11:52:15,1.48,104.373
02/26/2026 12:02:15,1.57,104.319
02/26/2026 12:12:15,1.66,104.287
02/26/2026 12:22:15,1.74,104.259
02/26/2026 12:32:15,1.82,104.249
02/26/2026 12:42:15,1.90,104.278
02/26/2026 12:52:15,1.98,104.281
02/26/2026 13:02:15,2.06,104.288
02/26/2026 13:12:15,2.13,104.277
02/26/2026 13:22:15,2.20,104.271
02/26/2026 13:32:15,2.26,104.260
02/26/2026 13:42:15,2.32,104.253
02/26/2026 13:52:15,2.37,104.250
02/26/2026 14:02:15,2.42,104.248
02/26/2026 14:12:15,2.46,104.267
02/26/2026 14:22:15,2.49,104.277
02/26/2026 14:32:15,2.52,104.287
02/26/2026 14:42:15,2.55,104.296
02/26/2026 14:52:15,2.58,104.289
02/26/2026 15:02:15,2.60,104.281
02/26/2026 15:12:15,2.62,104.290
02/26/2026 15:22:15,2.63,104.286
02/26/2026 15:32:15,2.63,104.277
02/26/2026 15:42:15,2.62,104.272
02/26/2026 15:52:15,2.61,104.294
02/26/2026 16:02:15,2.60,104.294
02/26/2026 16:12:15,2.59,104.306
02/26/2026 16:22:15,2.58,104.324
02/26/2026 16:32:15,2.56,104.310
02/26/2026 16:42:15,2.55,104.301
02/26/2026 16:52:15,2.53,104.296
02/26/2026 17:02:15,2.50,104.321
02/26/2026 17:12:15,2.48,104.329
02/26/2026 17:22:15,2.44,104.328
02/26/2026 17:32:15,2.41,104.348
02/26/2026 17:42:15,2.37,104.374
02/26/2026 17:52:15,2.33,104.381
02/26/2026 18:02:15,2.30,104.397
02/26/2026 18:12:15,2.25,104.418
02/26/2026 18:22:15,2.21,104.416
02/26/2026 18:32:15,2.17,104.432
02/26/2026 18:42:15,2.13,104.431
02/26/2026 18:52:15,2.09,104.438
02/26/2026 19:02:15,2.05,104.459
02/26/2026 19:12:15,2.02,104.475
02/26/2026 19:22:15,1.98,104.487
02/26/2026 19:32:15,1.95,104.482
02/26/2026 19:42:15,1.92,104.503
02/26/2026 19:52:15,1.89,104.510
02/26/2026 20:02:15,1.86,104.522
02/26/2026 20:12:15,1.83,104.548
02/26/2026 20:22:15,1.80,104.551
02/26/2026 20:32:15,1.76,104.572
02/26/2026 20:42:15,1.73,104.566
02/26/2026 20:52:15,1.70,104.587
02/26/2026 21:02:15,1.67,104.590
02/26/2026 21:12:15,1.64,104.633
02/26/2026 21:22:15,1.61,104.637
02/26/2026 21:32:15,1.58,104.649
02/26/2026 21:42:15,1.55,104.630
02/26/2026 21:52:15,1.52,104.634
02/26/2026 22:02:15,1.49,104.633
02/26/2026 22:12:15,1.46,104.631
02/26/2026 22:22:15,1.43,104.644
02/26/2026 22:32:15,1.40,104.629
02/26/2026 22:42:15,1.37,104.628
02/26/2026 22:52:15,1.34,104.645
02/26/2026 23:02:15,1.30,104.644
02/26/2026 23:12:15,1.27,104.660
02/26/2026 23:22:15,1.24,104.650
02/26/2026 23:32:15,1.21,104.653
02/26/2026 23:42:15,1.18,104.648
02/26/2026 23:52:15,1.14,104.651
02/27/2026 00:02:15,1.11,104.668
02/27/2026 00:12:15,1.08,104.688
02/27/2026 00:22:15,1.05,104.692
02/27/2026 00:32:15,1.02,104.686
02/27/2026 00:42:15,0.98,104.702
02/27/2026 00:52:15,0.95,104.684
02/27/2026 01:02:15,0.92,104.687
02/27/2026 01:12:15,0.89,104.673
02/27/2026 01:22:15,0.85,104.689
02/27/2026 01:32:15,0.82,104.714
02/27/2026 01:42:15,0.78,104.730
02/27/2026 01:52:15,0.74,104.720
02/27/2026 02:02:15,0.71,104.759
02/27/2026 02:12:15,0.67,104.731
02/27/2026 02:22:15,0.64,104.734
02/27/2026 02:32:15,0.60,104.746
02/27/2026 02:42:15,0.57,104.745
02/27/2026 02:52:15,0.54,104.753
02/27/2026 03:02:15,0.51,104.769
02/27/2026 03:12:15,0.48,104.746
02/27/2026 03:22:15,0.45,104.701
02/27/2026 03:32:15,0.41,104.621
02/27/2026 03:42:15,0.39,104.515
02/27/2026 03:52:15,0.36,104.409
02/27/2026 04:02:15,0.34,104.324
02/27/2026 04:12:15,0.33,104.241
02/27/2026 04:22:15,0.33,104.193
02/27/2026 04:32:15,0.34,104.167
02/27/2026 04:42:15,0.35,104.149
02/27/2026 04:52:15,0.36,104.128
02/27/2026 05:02:15,0.37,104.115
02/27/2026 05:12:15,0.38,104.124
02/27/2026 05:22:15,0.39,104.120
02/27/2026 05:32:15,0.39,104.133
02/27/2026 05:42:15,0.40,104.112
02/27/2026 05:52:15,0.41,104.134
02/27/2026 06:02:15,0.41,104.138
02/27/2026 06:12:15,0.42,104.160
02/27/2026 06:22:15,0.42,104.148
02/27/2026 06:32:15,0.43,104.148
02/27/2026 06:42:15,0.43,104.143
02/27/2026 06:52:15,0.43,104.174
02/27/2026 07:02:15,0.44,104.166
02/27/2026 07:12:15,0.46,104.188
02/27/2026 07:22:15,0.48,104.211
02/27/2026 07:32:15,0.50,104.255
02/27/2026 07:42:15,0.52,104.265
02/27/2026 07:52:15,0.54,104.336
02/27/2026 08:02:15,0.57,104.376
02/27/2026 08:12:15,0.58,104.429
02/27/2026 08:22:15,0.59,104.500
02/27/2026 08:32:15,0.60,104.522
02/27/2026 08:42:15,0.60,104.566
02/27/2026 08:52:15,0.61,104.615
02/27/2026 09:02:15,0.62,104.677
02/27/2026 09:12:15,0.63,104.743
02/27/2026 09:22:15,0.65,104.805
02/27/2026 09:32:15,0.66,104.893
02/27/2026 09:42:15,0.66,105.007
02/27/2026 09:52:15,0.66,105.126
02/27/2026 10:02:15,0.66,105.213
02/27/2026 10:12:15,0.66,105.275
02/27/2026 10:22:15,0.65,105.340
02/27/2026 10:32:15,0.65,105.432
02/27/2026 10:42:15,0.65,105.489
02/27/2026 10:52:15,0.65,105.537
02/27/2026 11:02:15,0.65,105.577
02/27/2026 11:12:15,0.66,105.635
02/27/2026 11:22:15,0.67,105.688
02/27/2026 11:32:15,0.69,105.710
02/27/2026 11:42:15,0.71,105.711
02/27/2026 11:52:15,0.74,105.690
02/27/2026 12:02:15,0.78,105.661
02/27/2026 12:12:15,0.82,105.610
02/27/2026 12:22:15,0.87,105.550
02/27/2026 12:32:15,0.93,105.491
02/27/2026 12:42:15,0.99,105.449
02/27/2026 12:52:15,1.05,105.390
02/27/2026 13:02:15,1.11,105.348
02/27/2026 13:12:15,1.17,105.266
02/27/2026 13:22:15,1.23,105.220
02/27/2026 13:32:15,1.28,105.183
02/27/2026 13:42:15,1.34,105.136
02/27/2026 13:52:15,1.39,105.112
02/27/2026 14:02:15,1.44,105.070
02/27/2026 14:12:15,1.50,105.037
02/27/2026 14:22:15,1.55,105.025
02/27/2026 14:32:15,1.61,105.036
02/27/2026 14:42:15,1.67,105.078
02/27/2026 14:52:15,1.72,105.115
02/27/2026 15:02:15,1.78,105.161
02/27/2026 15:12:15,1.83,105.158
02/27/2026 15:22:15,1.87,105.190
02/27/2026 15:32:15,1.90,105.244
02/27/2026 15:42:15,1.92,105.267
02/27/2026 15:52:15,1.92,105.275
02/27/2026 16:02:15,1.92,105.262
02/27/2026 16:12:15,1.91,105.257
02/27/2026 16:22:15,1.89,105.253
02/27/2026 16:32:15,1.88,105.256
02/27/2026 16:42:15,1.87,105.234
02/27/2026 16:52:15,1.85,105.234
02/27/2026 17:02:15,1.84,105.237
02/27/2026 17:12:15,1.83,105.228
02/27/2026 17:22:15,1.81,105.232
02/27/2026 17:32:15,1.79,105.223
02/27/2026 17:42:15,1.77,105.235
02/27/2026 17:52:15,1.75,105.247
02/27/2026 18:02:15,1.72,105.264
02/27/2026 18:12:15,1.70,105.268
02/27/2026 18:22:15,1.68,105.276
02/27/2026 18:32:15,1.65,105.279
02/27/2026 18:42:15,1.63,105.274
02/27/2026 18:52:15,1.61,105.286
02/27/2026 19:02:15,1.60,105.290
02/27/2026 19:12:15,1.58,105.285
02/27/2026 19:22:15,1.56,105.293
02/27/2026 19:32:15,1.54,105.297
02/27/2026 19:42:15,1.53,105.301
02/27/2026 19:52:15,1.51,105.287
02/27/2026 20:02:15,1.49,105.291
02/27/2026 20:12:15,1.48,105.304
02/27/2026 20:22:15,1.47,105.277
02/27/2026 20:32:15,1.46,105.268
02/27/2026 20:42:15,1.45,105.263
02/27/2026 20:52:15,1.43,105.271
02/27/2026 21:02:15,1.42,105.275
02/27/2026 21:12:15,1.41,105.275
02/27/2026 21:22:15,1.40,105.261
02/27/2026 21:32:15,1.39,105.261
02/27/2026 21:42:15,1.38,105.248
02/27/2026 21:52:15,1.37,105.269
02/27/2026 22:02:15,1.37,105.243
02/27/2026 22:12:15,1.36,105.234
02/27/2026 22:22:15,1.35,105.246
02/27/2026 22:32:15,1.34,105.268
02/27/2026 22:42:15,1.33,105.246
02/27/2026 22:52:15,1.33,105.241
02/27/2026 23:02:15,1.32,105.250
02/27/2026 23:12:15,1.31,105.236
02/27/2026 23:22:15,1.30,105.232
02/27/2026 23:32:15,1.29,105.249
02/27/2026 23:42:15,1.28,105.244
02/27/2026 23:52:15,1.26,105.230
02/28/2026 00:02:15,1.25,105.208
02/28/2026 00:12:15,1.25,105.208
02/28/2026 00:22:15,1.23,105.212
02/28/2026 00:32:15,1.21,105.220
02/28/2026 00:42:15,1.19,105.188
02/28/2026 00:52:15,1.17,105.192
02/28/2026 01:02:15,1.15,105.191
02/28/2026 01:12:15,1.13,105.199
02/28/2026 01:22:15,1.11,105.181
02/28/2026 01:32:15,1.08,105.176
02/28/2026 01:42:15,1.06,105.179
02/28/2026 01:52:15,1.03,105.174
02/28/2026 02:02:15,1.01,105.142
02/28/2026 02:12:15,0.98,105.128
02/28/2026 02:22:15,0.95,105.105
02/28/2026 02:32:15,0.92,105.117
02/28/2026 02:42:15,0.90,105.121
02/28/2026 02:52:15,0.86,105.115
02/28/2026 03:02:15,0.83,105.101
02/28/2026 03:12:15,0.80,105.117
02/28/2026 03:22:15,0.77,105.116
02/28/2026 03:32:15,0.74,105.120
02/28/2026 03:42:15,0.72,105.132
02/28/2026 03:52:15,0.69,105.118
02/28/2026 04:02:15,0.67,105.108
02/28/2026 04:12:15,0.64,105.125
02/28/2026 04:22:15,0.62,105.133
02/28/2026 04:32:15,0.59,105.149
02/28/2026 04:42:15,0.56,105.148
02/28/2026 04:52:15,0.53,105.160
02/28/2026 05:02:15,0.50,105.159
02/28/2026 05:12:15,0.47,105.145
02/28/2026 05:22:15,0.45,105.131
02/28/2026 05:32:15,0.43,105.126
02/28/2026 05:42:15,0.41,105.103
02/28/2026 05:52:15,0.39,105.072
02/28/2026 06:02:15,0.37,104.979
02/28/2026 06:12:15,0.37,104.905
02/28/2026 06:22:15,0.36,104.883
02/28/2026 06:32:15,0.37,104.883
02/28/2026 06:42:15,0.37,104.852
02/28/2026 06:52:15,0.39,104.835
02/28/2026 07:02:15,0.40,104.822
02/28/2026 07:12:15,0.42,104.836
02/28/2026 07:22:15,0.44,104.872
02/28/2026 07:32:15,0.46,104.899
02/28/2026 07:42:15,0.47,104.891
02/28/2026 07:52:15,0.49,104.966
02/28/2026 08:02:15,0.50,104.979
02/28/2026 08:12:15,0.50,105.177
02/28/2026 08:22:15,0.50,105.287
02/28/2026 08:32:15,0.51,105.348
02/28/2026 08:42:15,0.51,105.388
02/28/2026 08:52:15,0.52,105.366
02/28/2026 09:02:15,0.53,105.353
02/28/2026 09:12:15,0.55,105.301
02/28/2026 09:22:15,0.57,105.237
02/28/2026 09:32:15,0.61,105.229
02/28/2026 09:42:15,0.65,105.226
02/28/2026 09:52:15,0.71,105.215
02/28/2026 10:02:15,0.77,105.204
02/28/2026 10:12:15,0.83,105.184
02/28/2026 10:22:15,0.89,105.164
02/28/2026 10:32:15,0.94,105.153
02/28/2026 10:42:15,0.99,105.115
02/28/2026 10:52:15,1.04,105.108
02/28/2026 11:02:15,1.09,105.044
02/28/2026 11:12:15,1.14,105.020
02/28/2026 11:22:15,1.19,104.951
02/28/2026 11:32:15,1.24,104.935
02/28/2026 11:42:15,1.30,104.920
02/28/2026 11:52:15,1.35,104.931
02/28/2026 12:02:15,1.40,104.906
02/28/2026 12:12:15,1.45,104.890
02/28/2026 12:22:15,1.50,104.874
02/28/2026 12:32:15,1.54,104.849
02/28/2026 12:42:15,1.59,104.776
02/28/2026 12:52:15,1.66,104.770
02/28/2026 13:02:15,1.75,104.822
02/28/2026 13:12:15,1.84,104.829
02/28/2026 13:22:15,1.94,104.828
02/28/2026 13:32:15,2.03,104.810
02/28/2026 13:42:15,2.12,104.826
02/28/2026 13:52:15,2.21,104.838
02/28/2026 14:02:15,2.30,104.841
02/28/2026 14:12:15,2.40,104.844
02/28/2026 14:22:15,2.51,104.839
02/28/2026 14:32:15,2.62,104.848
02/28/2026 14:42:15,2.75,104.848
02/28/2026 14:52:15,2.88,104.857
02/28/2026 15:02:15,2.99,104.861
02/28/2026 15:12:15,3.09,104.873
02/28/2026 15:22:15,3.17,104.849
02/28/2026 15:32:15,3.23,104.834
02/28/2026 15:42:15,3.29,104.841
02/28/2026 15:52:15,3.34,104.842
02/28/2026 16:02:15,3.36,104.865
02/28/2026 16:12:15,3.38,104.874
02/28/2026 16:22:15,3.39,104.875
02/28/2026 16:32:15,3.39,104.910
02/28/2026 16:42:15,3.38,104.888
02/28/2026 16:52:15,3.38,104.932
02/28/2026 17:02:15,3.37,104.940
02/28/2026 17:12:15,3.36,104.940
02/28/2026 17:22:15,3.35,104.952
02/28/2026 17:32:15,3.33,104.961
02/28/2026 17:42:15,3.32,104.995
02/28/2026 17:52:15,3.29,104.994
02/28/2026 18:02:15,3.27,104.994
02/28/2026 18:12:15,3.25,105.015
02/28/2026 18:22:15,3.23,105.001
02/28/2026 18:32:15,3.21,105.009
02/28/2026 18:42:15,3.19,105.035
02/28/2026 18:52:15,3.17,105.038
02/28/2026 19:02:15,3.14,105.038
02/28/2026 19:12:15,3.12,105.032
02/28/2026 19:22:15,3.10,105.027
02/28/2026 19:32:15,3.07,105.000
02/28/2026 19:42:15,3.05,105.008
02/28/2026 19:52:15,3.02,105.024
02/28/2026 20:02:15,3.00,105.063
02/28/2026 20:12:15,2.97,105.053
02/28/2026 20:22:15,2.95,105.053
02/28/2026 20:32:15,2.92,105.065
02/28/2026 20:42:15,2.89,105.068
02/28/2026 20:52:15,2.86,105.041
02/28/2026 21:02:15,2.83,105.053
02/28/2026 21:12:15,2.80,105.039
02/28/2026 21:22:15,2.77,105.033
02/28/2026 21:32:15,2.73,105.014
02/28/2026 21:42:15,2.68,105.021
02/28/2026 21:52:15,2.64,105.037
02/28/2026 22:02:15,2.59,105.040
02/28/2026 22:12:15,2.55,105.043
02/28/2026 22:22:15,2.50,105.041
02/28/2026 22:32:15,2.45,105.035
02/28/2026 22:42:15,2.41,105.025
02/28/2026 22:52:15,2.36,105.014
02/28/2026 23:02:15,2.31,105.021
02/28/2026 23:12:15,2.27,105.038
02/28/2026 23:22:15,2.23,105.027
02/28/2026 23:32:15,2.19,105.013
02/28/2026 23:42:15,2.15,105.003
02/28/2026 23:52:15,2.11,105.001
03/01/2026 00:02:15,2.08,105.004
03/01/2026 00:12:15,2.04,105.016
03/01/2026 00:22:15,2.00,105.032
03/01/2026 00:32:15,1.96,105.027
03/01/2026 00:42:15,1.93,105.034
03/01/2026 00:52:15,1.89,105.029
03/01/2026 01:02:15,1.86,105.045
03/01/2026 01:12:15,1.82,105.030
03/01/2026 01:22:15,1.78,105.025
03/01/2026 01:32:15,1.74,105.041
03/01/2026 01:42:15,1.71,105.035
03/01/2026 01:52:15,1.67,105.043
03/01/2026 02:02:15,1.63,105.032
03/01/2026 02:12:15,1.59,105.036
03/01/2026 02:22:15,1.55,105.034
03/01/2026 02:32:15,1.51,105.059
03/01/2026 02:42:15,1.48,105.067
03/01/2026 02:52:15,1.44,105.078
03/01/2026 03:02:15,1.41,105.073
03/01/2026 03:12:15,1.37,105.080
03/01/2026 03:22:15,1.34,105.097
03/01/2026 03:32:15,1.30,105.113
03/01/2026 03:42:15,1.26,105.125
03/01/2026 03:52:15,1.23,105.080
03/01/2026 04:02:15,1.20,105.092
03/01/2026 04:12:15,1.17,105.131
03/01/2026 04:22:15,1.15,105.156
03/01/2026 04:32:15,1.13,105.151
03/01/2026 04:42:15,1.11,105.128
03/01/2026 04:52:15,1.09,105.163
03/01/2026 05:02:15,1.07,105.180
03/01/2026 05:12:15,1.05,105.188
03/01/2026 05:22:15,1.04,105.200
03/01/2026 05:32:15,1.03,105.200
03/01/2026 05:42:15,1.02,105.195
03/01/2026 05:52:15,1.01,105.204
03/01/2026 06:02:15,1.00,105.216
03/01/2026 06:12:15,0.99,105.225
03/01/2026 06:22:15,0.98,105.234
03/01/2026 06:32:15,0.98,105.233
03/01/2026 06:42:15,0.97,105.255
03/01/2026 06:52:15,0.96,105.272
03/01/2026 07:02:15,0.96,105.298
03/01/2026 07:12:15,0.96,105.325
03/01/2026 07:22:15,0.95,105.351
03/01/2026 07:32:15,0.95,105.364
03/01/2026 07:42:15,0.95,105.390
03/01/2026 07:52:15,0.95,105.399
03/01/2026 08:02:15,0.95,105.448
03/01/2026 08:12:15,0.96,105.478
03/01/2026 08:22:15,0.96,105.483
03/01/2026 08:32:15,0.96,105.518
03/01/2026 08:42:15,0.97,105.523
03/01/2026 08:52:15,0.98,105.541
03/01/2026 09:02:15,0.99,105.528
03/01/2026 09:12:15,1.00,105.532
03/01/2026 09:22:15,1.01,105.542
03/01/2026 09:32:15,1.03,105.573
03/01/2026 09:42:15,1.03,105.569
03/01/2026 09:52:15,1.05,105.600
03/01/2026 10:02:15,1.06,105.614
03/01/2026 10:12:15,1.08,105.623
03/01/2026 10:22:15,1.10,105.646
03/01/2026 10:32:15,1.12,105.651
03/01/2026 10:42:15,1.15,105.656
03/01/2026 10:52:15,1.18,105.644
03/01/2026 11:02:15,1.21,105.659
03/01/2026 11:12:15,1.26,105.656
03/01/2026 11:22:15,1.32,105.645
03/01/2026 11:32:15,1.40,105.661
03/01/2026 11:42:15,1.48,105.673
03/01/2026 11:52:15,1.56,105.667
03/01/2026 12:02:15,1.64,105.652
03/01/2026 12:12:15,1.71,105.646
03/01/2026 12:22:15,1.79,105.631
03/01/2026 12:32:15,1.87,105.629
03/01/2026 12:42:15,1.95,105.615
03/01/2026 12:52:15,2.04,105.622
03/01/2026 13:02:15,2.12,105.612
03/01/2026 13:12:15,2.20,105.623
03/01/2026 13:22:15,2.27,105.608
03/01/2026 13:32:15,2.34,105.607
03/01/2026 13:42:15,2.41,105.605
03/01/2026 13:52:15,2.47,105.611
03/01/2026 14:02:15,2.53,105.626
03/01/2026 14:12:15,2.58,105.641
03/01/2026 14:22:15,2.62,105.660
03/01/2026 14:32:15,2.67,105.684
03/01/2026 14:42:15,2.72,105.703
03/01/2026 14:52:15,2.76,105.714
03/01/2026 15:02:15,2.81,105.737
03/01/2026 15:12:15,2.84,105.747
03/01/2026 15:22:15,2.86,105.748
03/01/2026 15:32:15,2.87,105.797
03/01/2026 15:42:15,2.87,105.823
03/01/2026 15:52:15,2.87,105.818
03/01/2026 16:02:15,2.86,105.853
03/01/2026 16:12:15,2.84,105.848
03/01/2026 16:22:15,2.82,105.874
03/01/2026 16:32:15,2.80,105.900
03/01/2026 16:42:15,2.78,105.912
03/01/2026 16:52:15,2.75,105.946
03/01/2026 17:02:15,2.73,105.954
03/01/2026 17:12:15,2.71,105.989
03/01/2026 17:22:15,2.69,106.005
03/01/2026 17:32:15,2.66,106.026
03/01/2026 17:42:15,2.63,106.069
03/01/2026 17:52:15,2.60,106.068
03/01/2026 18:02:15,2.58,106.094
03/01/2026 18:12:15,2.56,106.106
03/01/2026 18:22:15,2.53,106.123
03/01/2026 18:32:15,2.51,106.139
03/01/2026 18:42:15,2.48,106.147
03/01/2026 18:52:15,2.46,106.164
03/01/2026 19:02:15,2.43,106.172
03/01/2026 19:12:15,2.41,106.206
03/01/2026 19:22:15,2.38,106.223
03/01/2026 19:32:15,2.35,106.239
03/01/2026 19:42:15,2.32,106.251
03/01/2026 19:52:15,2.29,106.254
03/01/2026 20:02:15,2.25,106.266
03/01/2026 20:12:15,2.22,106.296
03/01/2026 20:22:15,2.19,106.308
03/01/2026 20:32:15,2.15,106.320
03/01/2026 20:42:15,2.11,106.353
03/01/2026 20:52:15,2.07,106.370
03/01/2026 21:02:15,2.03,106.399
03/01/2026 21:12:15,1.99,106.406
03/01/2026 21:22:15,1.95,106.422
03/01/2026 21:32:15,1.91,106.447
03/01/2026 21:42:15,1.87,106.468
03/01/2026 21:52:15,1.83,106.479
03/01/2026 22:02:15,1.79,106.482
03/01/2026 22:12:15,1.75,106.498
03/01/2026 22:22:15,1.70,106.519
03/01/2026 22:32:15,1.66,106.522
03/01/2026 22:42:15,1.62,106.533
03/01/2026 22:52:15,1.57,106.558
03/01/2026 23:02:15,1.53,106.565
03/01/2026 23:12:15,1.48,106.599
03/01/2026 23:22:15,1.44,106.597
03/01/2026 23:32:15,1.40,106.609
03/01/2026 23:42:15,1.36,106.616
03/01/2026 23:52:15,1.31,106.649
03/02/2026 00:02:15,1.26,106.674
03/02/2026 00:12:15,1.21,106.685
03/02/2026 00:22:15,1.17,106.701
03/02/2026 00:32:15,1.12,106.717
03/02/2026 00:42:15,1.07,106.746
03/02/2026 00:52:15,1.03,106.740
03/02/2026 01:02:15,0.98,106.760
03/02/2026 01:12:15,0.93,106.767
03/02/2026 01:22:15,0.89,106.779
03/02/2026 01:32:15,0.84,106.803
03/02/2026 01:42:15,0.79,106.802
03/02/2026 01:52:15,0.74,106.813
03/02/2026 02:02:15,0.69,106.820
03/02/2026 02:12:15,0.65,106.810
03/02/2026 02:22:15,0.60,106.790
03/02/2026 02:32:15,0.55,106.767
03/02/2026 02:42:15,0.51,106.673
03/02/2026 02:52:15,0.47,106.562
03/02/2026 03:02:15,0.43,106.455
03/02/2026 03:12:15,0.40,106.353
03/02/2026 03:22:15,0.37,106.269
03/02/2026 03:32:15,0.36,106.199
03/02/2026 03:42:15,0.36,106.142
03/02/2026 03:52:15,0.37,106.102
03/02/2026 04:02:15,0.38,106.054
03/02/2026 04:12:15,0.39,106.042
03/02/2026 04:22:15,0.41,106.016
03/02/2026 04:32:15,0.43,106.034
03/02/2026 04:42:15,0.44,106.030
03/02/2026 04:52:15,0.46,106.040
03/02/2026 05:02:15,0.47,106.058
03/02/2026 05:12:15,0.48,106.067
03/02/2026 05:22:15,0.49,106.115
03/02/2026 05:32:15,0.50,106.124
03/02/2026 05:42:15,0.50,106.159
03/02/2026 05:52:15,0.49,106.190
03/02/2026 06:02:15,0.48,106.216
03/02/2026 06:12:15,0.46,106.246
03/02/2026 06:22:15,0.45,106.259
03/02/2026 06:32:15,0.44,106.263
03/02/2026 06:42:15,0.43,106.284
03/02/2026 06:52:15,0.42,106.297
03/02/2026 07:02:15,0.42,106.315
03/02/2026 07:12:15,0.43,106.354
03/02/2026 07:22:15,0.43,106.372
03/02/2026 07:32:15,0.44,106.394
03/02/2026 07:42:15,0.44,106.430
03/02/2026 07:52:15,0.45,106.434
03/02/2026 08:02:15,0.47,106.439
03/02/2026 08:12:15,0.48,106.440
03/02/2026 08:22:15,0.50,106.440
03/02/2026 08:32:15,0.52,106.441
03/02/2026 08:42:15,0.54,106.450
03/02/2026 08:52:15,0.56,106.487
03/02/2026 09:02:15,0.59,106.510
03/02/2026 09:12:15,0.62,106.559
03/02/2026 09:22:15,0.65,106.586
03/02/2026 09:32:15,0.67,106.639
03/02/2026 09:42:15,0.69,106.710
03/02/2026 09:52:15,0.71,106.794
03/02/2026 10:02:15,0.72,106.878
03/02/2026 10:12:15,0.72,106.979
03/02/2026 10:22:15,0.71,107.075
03/02/2026 10:32:15,0.69,107.167
03/02/2026 10:42:15,0.68,107.241
03/02/2026 10:52:15,0.68,107.324
03/02/2026 11:02:15,0.68,107.394
03/02/2026 11:12:15,0.68,107.495
03/02/2026 11:22:15,0.68,107.548
03/02/2026 11:32:15,0.68,107.591
03/02/2026 11:42:15,0.68,107.653
03/02/2026 11:52:15,0.68,107.693
03/02/2026 12:02:15,0.69,107.706
03/02/2026 12:12:15,0.71,107.707
03/02/2026 12:22:15,0.72,107.738
03/02/2026 12:32:15,0.74,107.690
03/02/2026 12:42:15,0.76,107.651
03/02/2026 12:52:15,0.78,107.613
03/02/2026 13:02:15,0.80,107.565
03/02/2026 13:12:15,0.82,107.518
03/02/2026 13:22:15,0.84,107.484
03/02/2026 13:32:15,0.86,107.414
03/02/2026 13:42:15,0.89,107.375
03/02/2026 13:52:15,0.91,107.332
03/02/2026 14:02:15,0.93,107.311
03/02/2026 14:12:15,0.95,107.255
03/02/2026 14:22:15,0.97,107.221
03/02/2026 14:32:15,0.98,107.177
03/02/2026 14:42:15,0.99,107.169
03/02/2026 14:52:15,1.01,107.143
03/02/2026 15:02:15,1.01,107.130
03/02/2026 15:12:15,1.02,107.122
03/02/2026 15:22:15,1.04,107.113
03/02/2026 15:32:15,1.05,107.109
03/02/2026 15:42:15,1.06,107.118
03/02/2026 15:52:15,1.07,107.119
03/02/2026 16:02:15,1.08,107.102
03/02/2026 16:12:15,1.09,107.115
03/02/2026 16:22:15,1.10,107.115
03/02/2026 16:32:15,1.10,107.111
03/02/2026 16:42:15,1.10,107.107
03/02/2026 16:52:15,1.11,107.103
03/02/2026 17:02:15,1.11,107.094
03/02/2026 17:12:15,1.11,107.112
03/02/2026 17:22:15,1.10,107.120
03/02/2026 17:32:15,1.10,107.115
03/02/2026 17:42:15,1.08,107.115
03/02/2026 17:52:15,1.07,107.119
03/02/2026 18:02:15,1.05,107.105
03/02/2026 18:12:15,1.04,107.096
03/02/2026 18:22:15,1.02,107.100
03/02/2026 18:32:15,1.00,107.103
03/02/2026 18:42:15,0.98,107.107
03/02/2026 18:52:15,0.95,107.123
03/02/2026 19:02:15,0.93,107.109
03/02/2026 19:12:15,0.90,107.113
03/02/2026 19:22:15,0.88,107.121
03/02/2026 19:32:15,0.85,107.115
03/02/2026 19:42:15,0.82,107.128
03/02/2026 19:52:15,0.80,107.131
03/02/2026 20:02:15,0.77,107.126
03/02/2026 20:12:15,0.74,107.151
03/02/2026 20:22:15,0.72,107.141
03/02/2026 20:32:15,0.69,107.158
03/02/2026 20:42:15,0.67,107.166
03/02/2026 20:52:15,0.65,107.183
03/02/2026 21:02:15,0.62,107.195
03/02/2026 21:12:15,0.61,107.203
03/02/2026 21:22:15,0.59,107.189
03/02/2026 21:32:15,0.57,107.167
03/02/2026 21:42:15,0.55,107.170
03/02/2026 21:52:15,0.54,107.174
03/02/2026 22:02:15,0.52,107.151
03/02/2026 22:12:15,0.50,107.160
03/02/2026 22:22:15,0.48,107.159
03/02/2026 22:32:15,0.46,107.163
03/02/2026 22:42:15,0.44,107.162
03/02/2026 22:52:15,0.43,107.139
03/02/2026 23:02:15,0.41,107.130
03/02/2026 23:12:15,0.39,107.107
03/02/2026 23:22:15,0.37,107.107
03/02/2026 23:32:15,0.35,107.084
03/02/2026 23:42:15,0.32,107.030
03/02/2026 23:52:15,0.30,106.937
03/03/2026 00:02:15,0.27,106.844
03/03/2026 00:12:15,0.25,106.743
03/03/2026 00:22:15,0.23,106.659
03/03/2026 00:32:15,0.23,106.580
03/03/2026 00:42:15,0.23,106.479
03/03/2026 00:52:15,0.23,106.400
03/03/2026 01:02:15,0.24,106.334
03/03/2026 01:12:15,0.25,106.256
03/03/2026 01:22:15,0.27,106.191
03/03/2026 01:32:15,0.29,106.170
03/03/2026 01:42:15,0.31,106.126
03/03/2026 01:52:15,0.33,106.096
03/03/2026 02:02:15,0.35,106.080
03/03/2026 02:12:15,0.37,106.059
03/03/2026 02:22:15,0.40,106.046
03/03/2026 02:32:15,0.42,106.034
03/03/2026 02:42:15,0.43,106.017
03/03/2026 02:52:15,0.44,106.021
03/03/2026 03:02:15,0.44,106.013
03/03/2026 03:12:15,0.45,106.013
03/03/2026 03:22:15,0.45,106.026
03/03/2026 03:32:15,0.45,106.031
03/03/2026 03:42:15,0.45,106.044
03/03/2026 03:52:15,0.46,106.044
03/03/2026 04:02:15,0.47,106.053
03/03/2026 04:12:15,0.49,106.049
03/03/2026 04:22:15,0.50,106.063
03/03/2026 04:32:15,0.51,106.028
03/03/2026 04:42:15,0.51,106.037
03/03/2026 04:52:15,0.51,106.011
03/03/2026 05:02:15,0.52,106.007
03/03/2026 05:12:15,0.52,105.998
03/03/2026 05:22:15,0.52,105.972
03/03/2026 05:32:15,0.53,105.981
03/03/2026 05:42:15,0.53,105.950
03/03/2026 05:52:15,0.54,105.946
03/03/2026 06:02:15,0.55,105.911
03/03/2026 06:12:15,0.55,105.902
03/03/2026 06:22:15,0.55,105.929
03/03/2026 06:32:15,0.55,105.951
03/03/2026 06:42:15,0.55,105.955
03/03/2026 06:52:15,0.56,105.960
03/03/2026 07:02:15,0.56,105.986
03/03/2026 07:12:15,0.57,105.995
03/03/2026 07:22:15,0.58,106.031
03/03/2026 07:32:15,0.59,106.062
03/03/2026 07:42:15,0.59,106.097
03/03/2026 07:52:15,0.59,106.154
03/03/2026 08:02:15,0.58,106.193
03/03/2026 08:12:15,0.58,106.281
03/03/2026 08:22:15,0.57,106.325
03/03/2026 08:32:15,0.57,106.373
03/03/2026 08:42:15,0.56,106.390
03/03/2026 08:52:15,0.55,106.451
03/03/2026 09:02:15,0.54,106.521
03/03/2026 09:12:15,0.54,106.569
03/03/2026 09:22:15,0.53,106.612
03/03/2026 09:32:15,0.52,106.656
03/03/2026 09:42:15,0.51,106.660
03/03/2026 09:52:15,0.50,106.690
03/03/2026 10:02:15,0.49,106.738
03/03/2026 10:12:15,0.49,106.773
03/03/2026 10:22:15,0.48,106.839
03/03/2026 10:32:15,0.48,106.812
03/03/2026 10:42:15,0.48,106.830
03/03/2026 10:52:15,0.47,106.904
03/03/2026 11:02:15,0.46,106.900
03/03/2026 11:12:15,0.45,106.917
03/03/2026 11:22:15,0.44,106.921
03/03/2026 11:32:15,0.44,106.951
03/03/2026 11:42:15,0.43,106.991
03/03/2026 11:52:15,0.43,106.982
03/03/2026 12:02:15,0.42,106.990
03/03/2026 12:12:15,0.42,106.977
03/03/2026 12:22:15,0.42,106.999
03/03/2026 12:32:15,0.41,106.985
03/03/2026 12:42:15,0.41,106.994
03/03/2026 12:52:15,0.41,106.963
03/03/2026 13:02:15,0.40,106.946
03/03/2026 13:12:15,0.39,106.928
03/03/2026 13:22:15,0.38,106.905
03/03/2026 13:32:15,0.37,106.879
03/03/2026 13:42:15,0.36,106.865
03/03/2026 13:52:15,0.36,106.861
03/03/2026 14:02:15,0.35,106.817
03/03/2026 14:12:15,0.35,106.790
03/03/2026 14:22:15,0.33,106.750
03/03/2026 14:32:15,0.32,106.745
03/03/2026 14:42:15,0.31,106.714
03/03/2026 14:52:15,0.29,106.670
03/03/2026 15:02:15,0.29,106.621
03/03/2026 15:12:15,0.28,106.573
03/03/2026 15:22:15,0.26,106.502
03/03/2026 15:32:15,0.23,106.497
03/03/2026 15:42:15,0.21,106.496
03/03/2026 15:52:15,0.18,106.468
03/03/2026 16:02:15,0.16,106.494
03/03/2026 16:12:15,0.16,106.507
03/03/2026 16:22:15,0.15,106.511
03/03/2026 16:32:15,0.16,106.529
03/03/2026 16:42:15,0.16,106.533
03/03/2026 16:52:15,0.16,106.547
03/03/2026 17:02:15,0.16,106.551
03/03/2026 17:12:15,0.16,106.520
03/03/2026 17:22:15,0.16,106.503
03/03/2026 17:32:15,0.16,106.468
03/03/2026 17:42:15,0.17,106.437
03/03/2026 17:52:15,0.18,106.398
03/03/2026 18:02:15,0.18,106.354
03/03/2026 18:12:15,0.19,106.311
03/03/2026 18:22:15,0.19,106.284
03/03/2026 18:32:15,0.19,106.267
03/03/2026 18:42:15,0.20,106.232
03/03/2026 18:52:15,0.21,106.189
03/03/2026 19:02:15,0.23,106.172
03/03/2026 19:12:15,0.25,106.133
03/03/2026 19:22:15,0.27,106.116
03/03/2026 19:32:15,0.29,106.078
03/03/2026 19:42:15,0.31,106.074
03/03/2026 19:52:15,0.32,106.013
03/03/2026 20:02:15,0.34,106.018
03/03/2026 20:12:15,0.35,105.979
03/03/2026 20:22:15,0.37,105.944
03/03/2026 20:32:15,0.38,105.954
03/03/2026 20:42:15,0.39,105.945
03/03/2026 20:52:15,0.41,105.928
03/03/2026 21:02:15,0.42,105.902
03/03/2026 21:12:15,0.43,105.907
03/03/2026 21:22:15,0.44,105.903
03/03/2026 21:32:15,0.45,105.864
03/03/2026 21:42:15,0.47,105.869
03/03/2026 21:52:15,0.49,105.861
03/03/2026 22:02:15,0.52,105.866
03/03/2026 22:12:15,0.54,105.854
03/03/2026 22:22:15,0.56,105.837
03/03/2026 22:32:15,0.58,105.816
03/03/2026 22:42:15,0.59,105.799
03/03/2026 22:52:15,0.59,105.772
03/03/2026 23:02:15,0.60,105.738
03/03/2026 23:12:15,0.59,105.711
03/03/2026 23:22:15,0.59,105.694
03/03/2026 23:32:15,0.59,105.698
03/03/2026 23:42:15,0.58,105.698
03/03/2026 23:52:15,0.58,105.680
03/04/2026 00:02:15,0.57,105.671
03/04/2026 00:12:15,0.57,105.662
03/04/2026 00:22:15,0.57,105.666
03/04/2026 00:32:15,0.57,105.693
03/04/2026 00:42:15,0.58,105.706
03/04/2026 00:52:15,0.59,105.733
03/04/2026 01:02:15,0.60,105.711
03/04/2026 01:12:15,0.61,105.747
03/04/2026 01:22:15,0.62,105.756
03/04/2026 01:32:15,0.63,105.761
03/04/2026 01:42:15,0.65,105.766
03/04/2026 01:52:15,0.66,105.784
03/04/2026 02:02:15,0.68,105.762
03/04/2026 02:12:15,0.69,105.728
03/04/2026 02:22:15,0.71,105.768
03/04/2026 02:32:15,0.72,105.768
03/04/2026 02:42:15,0.73,105.760
03/04/2026 02:52:15,0.74,105.760
03/04/2026 03:02:15,0.75,105.756
03/04/2026 03:12:15,0.75,105.748
03/04/2026 03:22:15,0.76,105.756
03/04/2026 03:32:15,0.76,105.778
03/04/2026 03:42:15,0.75,105.778
03/04/2026 03:52:15,0.75,105.778
03/04/2026 04:02:15,0.74,105.778
03/04/2026 04:12:15,0.74,105.778
03/04/2026 04:22:15,0.74,105.778
03/04/2026 04:32:15,0.73,105.777
03/04/2026 04:42:15,0.72,105.790
03/04/2026 04:52:15,0.72,105.759
03/04/2026 05:02:15,0.71,105.790
03/04/2026 05:12:15,0.70,105.803
03/04/2026 05:22:15,0.70,105.785
03/04/2026 05:32:15,0.69,105.780
03/04/2026 05:42:15,0.69,105.798
03/04/2026 05:52:15,0.68,105.837
03/04/2026 06:02:15,0.68,105.877
03/04/2026 06:12:15,0.69,105.877
03/04/2026 06:22:15,0.70,105.890
03/04/2026 06:32:15,0.71,105.899
03/04/2026 06:42:15,0.72,105.944
03/04/2026 06:52:15,0.72,105.961
03/04/2026 07:02:15,0.73,105.975
03/04/2026 07:12:15,0.73,105.988
03/04/2026 07:22:15,0.73,106.023
03/04/2026 07:32:15,0.73,106.032
03/04/2026 07:42:15,0.73,106.041
03/04/2026 07:52:15,0.73,106.062
03/04/2026 08:02:15,0.73,106.084
03/04/2026 08:12:15,0.73,106.115
03/04/2026 08:22:15,0.73,106.137
03/04/2026 08:32:15,0.74,106.142
03/04/2026 08:42:15,0.74,106.168
03/04/2026 08:52:15,0.75,106.169
03/04/2026 09:02:15,0.77,106.200
03/04/2026 09:12:15,0.78,106.253
03/04/2026 09:22:15,0.80,106.284
03/04/2026 09:32:15,0.82,106.320
03/04/2026 09:42:15,0.83,106.343
03/04/2026 09:52:15,0.84,106.343
03/04/2026 10:02:15,0.86,106.357
03/04/2026 10:12:15,0.87,106.366
03/04/2026 10:22:15,0.88,106.366
03/04/2026 10:32:15,0.90,106.371
03/04/2026 10:42:15,0.91,106.389
03/04/2026 10:52:15,0.93,106.395
03/04/2026 11:02:15,0.96,106.404
03/04/2026 11:12:15,0.98,106.410
03/04/2026 11:22:15,1.01,106.423
03/04/2026 11:32:15,1.03,106.407
03/04/2026 11:42:15,1.07,106.399
03/04/2026 11:52:15,1.11,106.401
03/04/2026 12:02:15,1.15,106.398
03/04/2026 12:12:15,1.19,106.404
03/04/2026 12:22:15,1.24,106.405
03/04/2026 12:32:15,1.31,106.408
03/04/2026 12:42:15,1.39,106.402
03/04/2026 12:52:15,1.48,106.423
03/04/2026 13:02:15,1.54,106.451
03/04/2026 13:12:15,1.58,106.457
03/04/2026 13:22:15,1.62,106.467
03/04/2026 13:32:15,1.65,106.460
03/04/2026 13:42:15,1.67,106.461
03/04/2026 13:52:15,1.69,106.488
03/04/2026 14:02:15,1.71,106.510
03/04/2026 14:12:15,1.72,106.502
03/04/2026 14:22:15,1.73,106.511
03/04/2026 14:32:15,1.74,106.511
03/04/2026 14:42:15,1.74,106.516
03/04/2026 14:52:15,1.74,106.520
03/04/2026 15:02:15,1.75,106.520
03/04/2026 15:12:15,1.75,106.525
03/04/2026 15:22:15,1.76,106.525
03/04/2026 15:32:15,1.78,106.517
03/04/2026 15:42:15,1.80,106.509
03/04/2026 15:52:15,1.83,106.514
03/04/2026 16:02:15,1.86,106.498
03/04/2026 16:12:15,1.88,106.486
03/04/2026 16:22:15,1.90,106.473
03/04/2026 16:32:15,1.92,106.465
03/04/2026 16:42:15,1.94,106.461
03/04/2026 16:52:15,1.96,106.471
03/04/2026 17:02:15,1.96,106.458
03/04/2026 17:12:15,1.96,106.440
03/04/2026 17:22:15,1.96,106.445
03/04/2026 17:32:15,1.95,106.435
03/04/2026 17:42:15,1.94,106.431
03/04/2026 17:52:15,1.93,106.426
03/04/2026 18:02:15,1.91,106.434
03/04/2026 18:12:15,1.90,106.438
03/04/2026 18:22:15,1.88,106.433
03/04/2026 18:32:15,1.87,106.437
03/04/2026 18:42:15,1.86,106.414
03/04/2026 18:52:15,1.85,106.423
03/04/2026 19:02:15,1.83,106.427
03/04/2026 19:12:15,1.83,106.440
03/04/2026 19:22:15,1.82,106.418
03/04/2026 19:32:15,1.82,106.387
03/04/2026 19:42:15,1.82,106.378
03/04/2026 19:52:15,1.83,106.361
03/04/2026 20:02:15,1.83,106.370
03/04/2026 20:12:15,1.83,106.383
03/04/2026 20:22:15,1.82,106.383
03/04/2026 20:32:15,1.82,106.387
03/04/2026 20:42:15,1.82,106.413
03/04/2026 20:52:15,1.81,106.417
03/04/2026 21:02:15,1.80,106.395
03/04/2026 21:12:15,1.79,106.412
03/04/2026 21:22:15,1.78,106.421
03/04/2026 21:32:15,1.78,106.420
03/04/2026 21:42:15,1.76,106.411
03/04/2026 21:52:15,1.75,106.415
03/04/2026 22:02:15,1.74,106.428
03/04/2026 22:12:15,1.72,106.436
03/04/2026 22:22:15,1.70,106.405
03/04/2026 22:32:15,1.68,106.391
03/04/2026 22:42:15,1.65,106.368
03/04/2026 22:52:15,1.62,106.344
03/04/2026 23:02:15,1.57,106.360
03/04/2026 23:12:15,1.53,106.328
03/04/2026 23:22:15,1.49,106.314
03/04/2026 23:32:15,1.45,106.303
03/04/2026 23:42:15,1.41,106.306
03/04/2026 23:52:15,1.37,106.300
03/05/2026 00:02:15,1.33,106.290
03/05/2026 00:12:15,1.29,106.289
03/05/2026 00:22:15,1.25,106.279
03/05/2026 00:32:15,1.21,106.282
03/05/2026 00:42:15,1.18,106.285
03/05/2026 00:52:15,1.14,106.292
03/05/2026 01:02:15,1.10,106.295
03/05/2026 01:12:15,1.07,106.268
03/05/2026 01:22:15,1.04,106.258
03/05/2026 01:32:15,1.02,106.275
03/05/2026 01:42:15,0.99,106.256
03/05/2026 01:52:15,0.97,106.242
03/05/2026 02:02:15,0.95,106.259
03/05/2026 02:12:15,0.93,106.281
03/05/2026 02:22:15,0.92,106.276
03/05/2026 02:32:15,0.90,106.293
03/05/2026 02:42:15,0.89,106.274
03/05/2026 02:52:15,0.87,106.278
03/05/2026 03:02:15,0.85,106.295
03/05/2026 03:12:15,0.84,106.286
03/05/2026 03:22:15,0.82,106.272
03/05/2026 03:32:15,0.81,106.267
03/05/2026 03:42:15,0.79,106.267
03/05/2026 03:52:15,0.78,106.279
03/05/2026 04:02:15,0.77,106.296
03/05/2026 04:12:15,0.75,106.296
03/05/2026 04:22:15,0.73,106.300
03/05/2026 04:32:15,0.72,106.299
03/05/2026 04:42:15,0.71,106.294
03/05/2026 04:52:15,0.69,106.294
03/05/2026 05:02:15,0.69,106.298
03/05/2026 05:12:15,0.68,106.289
03/05/2026 05:22:15,0.67,106.284
03/05/2026 05:32:15,0.66,106.301
03/05/2026 05:42:15,0.66,106.275
03/05/2026 05:52:15,0.65,106.297
03/05/2026 06:02:15,0.65,106.270
03/05/2026 06:12:15,0.64,106.270
03/05/2026 06:22:15,0.63,106.279
03/05/2026 06:32:15,0.63,106.283
03/05/2026 06:42:15,0.62,106.283
03/05/2026 06:52:15,0.62,106.291
03/05/2026 07:02:15,0.62,106.304
03/05/2026 07:12:15,0.62,106.278
03/05/2026 07:22:15,0.62,106.300
03/05/2026 07:32:15,0.63,106.309
03/05/2026 07:42:15,0.63,106.349
03/05/2026 07:52:15,0.65,106.393
03/05/2026 08:02:15,0.66,106.371
03/05/2026 08:12:15,0.67,106.372
03/05/2026 08:22:15,0.68,106.372
03/05/2026 08:32:15,0.69,106.377
03/05/2026 08:42:15,0.71,106.364
03/05/2026 08:52:15,0.72,106.360
03/05/2026 09:02:15,0.74,106.374
03/05/2026 09:12:15,0.75,106.406
03/05/2026 09:22:15,0.77,106.433
03/05/2026 09:32:15,0.79,106.394
03/05/2026 09:42:15,0.81,106.421
03/05/2026 09:52:15,0.83,106.417
03/05/2026 10:02:15,0.85,106.409
03/05/2026 10:12:15,0.87,106.432
03/05/2026 10:22:15,0.89,106.441
03/05/2026 10:32:15,0.92,106.429
03/05/2026 10:42:15,0.95,106.430
03/05/2026 10:52:15,0.97,106.431
03/05/2026 11:02:15,1.00,106.445
03/05/2026 11:12:15,1.03,106.442
03/05/2026 11:22:15,1.06,106.456
03/05/2026 11:32:15,1.09,106.479
03/05/2026 11:42:15,1.12,106.458
03/05/2026 11:52:15,1.16,106.464
03/05/2026 12:02:15,1.20,106.470
03/05/2026 12:12:15,1.25,106.463
03/05/2026 12:22:15,1.30,106.439
03/05/2026 12:32:15,1.36,106.410
03/05/2026 12:42:15,1.42,106.421
03/05/2026 12:52:15,1.48,106.414
03/05/2026 13:02:15,1.54,106.390
03/05/2026 13:12:15,1.61,106.357
03/05/2026 13:22:15,1.68,106.386
03/05/2026 13:32:15,1.74,106.371
03/05/2026 13:42:15,1.80,106.351
03/05/2026 13:52:15,1.86,106.349
03/05/2026 14:02:15,1.91,106.364
03/05/2026 14:12:15,1.95,106.396
03/05/2026 14:22:15,1.98,106.388
03/05/2026 14:32:15,2.02,106.403
03/05/2026 14:42:15,2.05,106.395
03/05/2026 14:52:15,2.08,106.396
03/05/2026 15:02:15,2.11,106.397
03/05/2026 15:12:15,2.12,106.393
03/05/2026 15:22:15,2.13,106.398
03/05/2026 15:32:15,2.14,106.398
03/05/2026 15:42:15,2.16,106.412
03/05/2026 15:52:15,2.18,106.417
03/05/2026 16:02:15,2.20,106.418
03/05/2026 16:12:15,2.21,106.445
03/05/2026 16:22:15,2.22,106.454
03/05/2026 16:32:15,2.22,106.471
03/05/2026 16:42:15,2.23,106.459
03/05/2026 16:52:15,2.23,106.472
03/05/2026 17:02:15,2.24,106.476
03/05/2026 17:12:15,2.24,106.485
03/05/2026 17:22:15,2.24,106.503
03/05/2026 17:32:15,2.24,106.534
03/05/2026 17:42:15,2.24,106.529
03/05/2026 17:52:15,2.24,106.560
03/05/2026 18:02:15,2.24,106.551
03/05/2026 18:12:15,2.24,106.560
03/05/2026 18:22:15,2.23,106.573
03/05/2026 18:32:15,2.23,106.560
03/05/2026 18:42:15,2.22,106.546
03/05/2026 18:52:15,2.21,106.559
03/05/2026 19:02:15,2.21,106.585
03/05/2026 19:12:15,2.20,106.651
03/05/2026 19:22:15,2.19,106.725
03/05/2026 19:32:15,2.18,106.804
03/05/2026 19:42:15,2.18,106.861
03/05/2026 19:52:15,2.19,106.918
03/05/2026 20:02:15,2.20,107.024
03/05/2026 20:12:15,2.24,107.135
03/05/2026 20:22:15,2.36,107.188
03/05/2026 20:32:15,2.50,107.210
03/05/2026 20:42:15,2.57,107.208
03/05/2026 20:52:15,2.58,107.248
03/05/2026 21:02:15,2.56,107.309
03/05/2026 21:12:15,2.52,107.343
03/05/2026 21:22:15,2.48,107.377
03/05/2026 21:32:15,2.45,107.454
03/05/2026 21:42:15,2.42,107.506
03/05/2026 21:52:15,2.39,107.650
03/05/2026 22:02:15,2.37,107.754
03/05/2026 22:12:15,2.37,107.842
03/05/2026 22:22:15,2.36,107.925
03/05/2026 22:32:15,2.34,107.986
03/05/2026 22:42:15,2.31,107.963
03/05/2026 22:52:15,2.28,107.909
03/05/2026 23:02:15,2.25,107.908
03/05/2026 23:12:15,2.21,107.889
03/05/2026 23:22:15,2.18,107.927
03/05/2026 23:32:15,2.15,107.944
03/05/2026 23:42:15,2.13,107.908
03/05/2026 23:52:15,2.09,107.920
03/06/2026 00:02:15,2.05,107.953
03/06/2026 00:12:15,1.99,107.929
03/06/2026 00:22:15,1.92,107.896
03/06/2026 00:32:15,1.84,107.893
03/06/2026 00:42:15,1.75,107.832
03/06/2026 00:52:15,1.66,107.798
03/06/2026 01:02:15,1.57,107.778
03/06/2026 01:12:15,1.51,107.788
03/06/2026 01:22:15,1.45,107.800
03/06/2026 01:32:15,1.41,107.794
03/06/2026 01:42:15,1.37,107.819
03/06/2026 01:52:15,1.35,107.796
03/06/2026 02:02:15,1.33,107.782
03/06/2026 02:12:15,1.30,107.790
03/06/2026 02:22:15,1.27,107.767
03/06/2026 02:32:15,1.24,107.735
03/06/2026 02:42:15,1.21,107.729
03/06/2026 02:52:15,1.18,107.728
03/06/2026 03:02:15,1.16,107.719
03/06/2026 03:12:15,1.13,107.705
03/06/2026 03:22:15,1.11,107.704
03/06/2026 03:32:15,1.09,107.729
03/06/2026 03:42:15,1.07,107.742
03/06/2026 03:52:15,1.04,107.763
03/06/2026 04:02:15,1.02,107.757
03/06/2026 04:12:15,0.99,107.779
03/06/2026 04:22:15,0.97,107.782
03/06/2026 04:32:15,0.95,107.790
03/06/2026 04:42:15,0.94,107.794
03/06/2026 04:52:15,0.93,107.833
03/06/2026 05:02:15,0.92,107.850
03/06/2026 05:12:15,0.91,107.859
03/06/2026 05:22:15,0.90,107.894
03/06/2026 05:32:15,0.90,107.893
03/06/2026 05:42:15,0.90,107.880
03/06/2026 05:52:15,0.90,107.933
03/06/2026 06:02:15,0.89,107.955
03/06/2026 06:12:15,0.89,107.933
03/06/2026 06:22:15,0.89,107.911
03/06/2026 06:32:15,0.88,107.884
03/06/2026 06:42:15,0.87,107.905
03/06/2026 06:52:15,0.86,107.940
03/06/2026 07:02:15,0.85,107.949
03/06/2026 07:12:15,0.84,107.953
03/06/2026 07:22:15,0.84,107.948
03/06/2026 07:32:15,0.83,107.966
03/06/2026 07:42:15,0.83,107.952
03/06/2026 07:52:15,0.83,107.961
03/06/2026 08:02:15,0.83,107.965
03/06/2026 08:12:15,0.83,107.974
03/06/2026 08:22:15,0.83,107.961
03/06/2026 08:32:15,0.84,107.979
03/06/2026 08:42:15,0.84,107.988
03/06/2026 08:52:15,0.85,108.023
03/06/2026 09:02:15,0.86,108.046
03/06/2026 09:12:15,0.88,108.077
03/06/2026 09:22:15,0.89,108.064
03/06/2026 09:32:15,0.90,108.051
03/06/2026 09:42:15,0.92,108.083
03/06/2026 09:52:15,0.93,108.079
03/06/2026 10:02:15,0.95,108.101
03/06/2026 10:12:15,0.96,108.111
03/06/2026 10:22:15,0.98,108.124
03/06/2026 10:32:15,1.00,108.108
03/06/2026 10:42:15,1.02,108.108
03/06/2026 10:52:15,1.04,108.118
03/06/2026 11:02:15,1.06,108.132
03/06/2026 11:12:15,1.09,108.172
03/06/2026 11:22:15,1.10,108.168
03/06/2026 11:32:15,1.12,108.165
03/06/2026 11:42:15,1.14,108.152
03/06/2026 11:52:15,1.15,108.179
03/06/2026 12:02:15,1.16,108.175
03/06/2026 12:12:15,1.17,108.167
03/06/2026 12:22:15,1.18,108.163
03/06/2026 12:32:15,1.19,108.176
03/06/2026 12:42:15,1.20,108.168
03/06/2026 12:52:15,1.21,108.164
03/06/2026 13:02:15,1.23,108.160
03/06/2026 13:12:15,1.24,108.178
03/06/2026 13:22:15,1.25,108.200
03/06/2026 13:32:15,1.26,108.165
03/06/2026 13:42:15,1.27,108.153
03/06/2026 13:52:15,1.28,108.149
03/06/2026 14:02:15,1.29,108.131
03/06/2026 14:12:15,1.30,108.158
03/06/2026 14:22:15,1.31,108.132
03/06/2026 14:32:15,1.32,108.137
03/06/2026 14:42:15,1.33,108.137
03/06/2026 14:52:15,1.34,108.138
03/06/2026 15:02:15,1.34,108.112
03/06/2026 15:12:15,1.35,108.094
03/06/2026 15:22:15,1.36,108.099
03/06/2026 15:32:15,1.36,108.103
03/06/2026 15:42:15,1.37,108.108
03/06/2026 15:52:15,1.37,108.130
03/06/2026 16:02:15,1.38,108.108
03/06/2026 16:12:15,1.38,108.126
03/06/2026 16:22:15,1.38,108.152
03/06/2026 16:32:15,1.38,108.166
03/06/2026 16:42:15,1.38,108.157
03/06/2026 16:52:15,1.38,108.161
03/06/2026 17:02:15,1.37,108.148
03/06/2026 17:12:15,1.37,108.126
03/06/2026 17:22:15,1.37,108.108
03/06/2026 17:32:15,1.36,108.086
03/06/2026 17:42:15,1.36,108.086
03/06/2026 17:52:15,1.36,108.051
03/06/2026 18:02:15,1.35,108.037
03/06/2026 18:12:15,1.35,108.033
03/06/2026 18:22:15,1.35,108.024
03/06/2026 18:32:15,1.34,108.024
03/06/2026 18:42:15,1.34,108.032
03/06/2026 18:52:15,1.33,108.063
03/06/2026 19:02:15,1.33,108.076
03/06/2026 19:12:15,1.32,108.067
03/06/2026 19:22:15,1.32,108.076
03/06/2026 19:32:15,1.31,108.075
03/06/2026 19:42:15,1.31,108.093
03/06/2026 19:52:15,1.30,108.092
03/06/2026 20:02:15,1.30,108.083
03/06/2026 20:12:15,1.29,108.079
03/06/2026 20:22:15,1.29,108.083
03/06/2026 20:32:15,1.28,108.061
03/06/2026 20:42:15,1.28,108.048
03/06/2026 20:52:15,1.28,108.026
03/06/2026 21:02:15,1.27,107.977
03/06/2026 21:12:15,1.26,107.977
03/06/2026 21:22:15,1.26,107.915
03/06/2026 21:32:15,1.25,107.889
03/06/2026 21:42:15,1.24,107.897
03/06/2026 21:52:15,1.24,107.880
03/06/2026 22:02:15,1.23,107.853
03/06/2026 22:12:15,1.23,107.870
03/06/2026 22:22:15,1.23,107.831
03/06/2026 22:32:15,1.22,107.835
03/06/2026 22:42:15,1.22,107.817
03/06/2026 22:52:15,1.22,107.800
03/06/2026 23:02:15,1.22,107.800
03/06/2026 23:12:15,1.21,107.782
03/06/2026 23:22:15,1.21,107.756
03/06/2026 23:32:15,1.21,107.721
03/06/2026 23:42:15,1.21,107.694
03/06/2026 23:52:15,1.21,107.699
03/07/2026 00:02:15,1.21,107.699
03/07/2026 00:12:15,1.21,107.672
03/07/2026 00:22:15,1.21,107.668
03/07/2026 00:32:15,1.21,107.655
03/07/2026 00:42:15,1.21,107.646
03/07/2026 00:52:15,1.21,107.655
03/07/2026 01:02:15,1.21,107.633
03/07/2026 01:12:15,1.21,107.616
03/07/2026 01:22:15,1.22,107.620
03/07/2026 01:32:15,1.22,107.594
03/07/2026 01:42:15,1.22,107.576
03/07/2026 01:52:15,1.22,107.550
03/07/2026 02:02:15,1.22,107.532
03/07/2026 02:12:15,1.22,107.506
03/07/2026 02:22:15,1.22,107.497
03/07/2026 02:32:15,1.22,107.467
03/07/2026 02:42:15,1.22,107.436
03/07/2026 02:52:15,1.22,107.410
03/07/2026 03:02:15,1.22,107.401
03/07/2026 03:12:15,1.22,107.344
03/07/2026 03:22:15,1.22,107.357
03/07/2026 03:32:15,1.23,107.322
03/07/2026 03:42:15,1.23,107.326
03/07/2026 03:52:15,1.23,107.309
03/07/2026 04:02:15,1.23,107.309
03/07/2026 04:12:15,1.23,107.296
03/07/2026 04:22:15,1.23,107.305
03/07/2026 04:32:15,1.23,107.274
03/07/2026 04:42:15,1.24,107.248
03/07/2026 04:52:15,1.24,107.257
03/07/2026 05:02:15,1.24,107.222
03/07/2026 05:12:15,1.24,107.165
03/07/2026 05:22:15,1.24,107.156
03/07/2026 05:32:15,1.24,107.134
03/07/2026 05:42:15,1.24,107.103
03/07/2026 05:52:15,1.25,107.103
03/07/2026 06:02:15,1.25,107.081
03/07/2026 06:12:15,1.25,107.029
03/07/2026 06:22:15,1.25,107.029
03/07/2026 06:32:15,1.25,107.011
03/07/2026 06:42:15,1.25,106.989
03/07/2026 06:52:15,1.25,106.976
03/07/2026 07:02:15,1.25,106.981
03/07/2026 07:12:15,1.26,106.955
03/07/2026 07:22:15,1.26,106.941
03/07/2026 07:32:15,1.26,106.955
03/07/2026 07:42:15,1.27,106.924
03/07/2026 07:52:15,1.27,106.938
03/07/2026 08:02:15,1.28,106.912
03/07/2026 08:12:15,1.29,106.912
03/07/2026 08:22:15,1.30,106.890
03/07/2026 08:32:15,1.31,106.877
03/07/2026 08:42:15,1.32,106.847
03/07/2026 08:52:15,1.33,106.865
03/07/2026 09:02:15,1.34,106.817
03/07/2026 09:12:15,1.35,106.853
03/07/2026 09:22:15,1.37,106.840
03/07/2026 09:32:15,1.39,106.858
03/07/2026 09:42:15,1.41,106.815
03/07/2026 09:52:15,1.43,106.768
03/07/2026 10:02:15,1.45,106.764
03/07/2026 10:12:15,1.48,106.752
03/07/2026 10:22:15,1.51,106.727
03/07/2026 10:32:15,1.54,106.701
03/07/2026 10:42:15,1.57,106.694
03/07/2026 10:52:15,1.60,106.655
03/07/2026 11:02:15,1.63,106.643
03/07/2026 11:12:15,1.67,106.627
03/07/2026 11:22:15,1.70,106.615
03/07/2026 11:32:15,1.74,106.674
03/07/2026 11:42:15,1.78,106.614
03/07/2026 11:52:15,1.82,106.580
03/07/2026 12:02:15,1.87,106.542
03/07/2026 12:12:15,1.91,106.517
03/07/2026 12:22:15,1.95,106.492
03/07/2026 12:32:15,1.99,106.481
03/07/2026 12:42:15,2.03,106.469
03/07/2026 12:52:15,2.06,106.431
03/07/2026 13:02:15,2.10,106.401
03/07/2026 13:12:15,2.14,106.372
03/07/2026 13:22:15,2.17,106.338
03/07/2026 13:32:15,2.20,106.339
03/07/2026 13:42:15,2.24,106.310
03/07/2026 13:52:15,2.27,106.320
03/07/2026 14:02:15,2.30,106.286
03/07/2026 14:12:15,2.33,106.278
03/07/2026 14:22:15,2.36,106.292
03/07/2026 14:32:15,2.39,106.271
03/07/2026 14:42:15,2.41,106.272
03/07/2026 14:52:15,2.44,106.286
03/07/2026 15:02:15,2.46,106.283
03/07/2026 15:12:15,2.48,106.239
03/07/2026 15:22:15,2.50,106.244
03/07/2026 15:32:15,2.52,106.210
03/07/2026 15:42:15,2.53,106.228
03/07/2026 15:52:15,2.55,106.189
03/07/2026 16:02:15,2.56,106.172
03/07/2026 16:12:15,2.58,106.194
03/07/2026 16:22:15,2.59,106.186
03/07/2026 16:32:15,2.60,106.160
03/07/2026 16:42:15,2.60,106.169
03/07/2026 16:52:15,2.61,106.174
03/07/2026 17:02:15,2.61,106.196
03/07/2026 17:12:15,2.61,106.165
03/07/2026 17:22:15,2.61,106.187
03/07/2026 17:32:15,2.61,106.205
03/07/2026 17:42:15,2.61,106.204
03/07/2026 17:52:15,2.60,106.178
03/07/2026 18:02:15,2.59,106.213
03/07/2026 18:12:15,2.59,106.195
03/07/2026 18:22:15,2.58,106.217
03/07/2026 18:32:15,2.57,106.203
03/07/2026 18:42:15,2.55,106.220
03/07/2026 18:52:15,2.54,106.220
03/07/2026 19:02:15,2.52,106.210
03/07/2026 19:12:15,2.51,106.214
03/07/2026 19:22:15,2.50,106.165
03/07/2026 19:32:15,2.49,106.200
03/07/2026 19:42:15,2.47,106.169
03/07/2026 19:52:15,2.46,106.173
03/07/2026 20:02:15,2.44,106.176
03/07/2026 20:12:15,2.43,106.185
03/07/2026 20:22:15,2.41,106.202
03/07/2026 20:32:15,2.39,106.179
03/07/2026 20:42:15,2.38,106.192
03/07/2026 20:52:15,2.36,106.182
03/07/2026 21:02:15,2.34,106.204
03/07/2026 21:12:15,2.32,106.199
03/07/2026 21:22:15,2.30,106.211
03/07/2026 21:32:15,2.28,106.241
03/07/2026 21:42:15,2.26,106.311
03/07/2026 21:52:15,2.24,106.279
03/07/2026 22:02:15,2.23,106.292
03/07/2026 22:12:15,2.21,106.234
03/07/2026 22:22:15,2.19,106.251
03/07/2026 22:32:15,2.17,106.202
03/07/2026 22:42:15,2.15,106.254
03/07/2026 22:52:15,2.14,106.262
03/07/2026 23:02:15,2.12,106.244
03/07/2026 23:12:15,2.10,106.156
03/07/2026 23:22:15,2.09,106.146
03/07/2026 23:32:15,2.07,106.238
03/07/2026 23:42:15,2.05,106.224
03/07/2026 23:52:15,2.03,106.263
03/08/2026 00:02:15,2.01,106.240
03/08/2026 00:12:15,2.00,106.248
03/08/2026 00:22:15,1.98,106.208
03/08/2026 00:32:15,1.97,106.239
03/08/2026 00:42:15,1.96,106.247
03/08/2026 00:52:15,1.95,106.277
03/08/2026 01:02:15,1.93,106.272
03/08/2026 01:12:15,1.92,106.254
03/08/2026 01:22:15,1.91,106.250
03/08/2026 01:32:15,1.89,106.253
03/08/2026 01:42:15,1.88,106.222
03/08/2026 01:52:15,1.87,106.187
03/08/2026 03:02:15,1.86,106.208
03/08/2026 03:12:15,1.85,106.212
03/08/2026 03:22:15,1.84,106.212
03/08/2026 03:32:15,1.83,106.212
03/08/2026 03:42:15,1.82,106.225
03/08/2026 03:52:15,1.81,106.220
03/08/2026 04:02:15,1.80,106.198
03/08/2026 04:12:15,1.79,106.197
03/08/2026 04:22:15,1.78,106.232
03/08/2026 04:32:15,1.77,106.227
03/08/2026 04:42:15,1.76,106.222
03/08/2026 04:52:15,1.75,106.253
03/08/2026 05:02:15,1.74,106.231
03/08/2026 05:12:15,1.74,106.248
03/08/2026 05:22:15,1.73,106.309
03/08/2026 05:32:15,1.72,106.291
03/08/2026 05:42:15,1.72,106.265
03/08/2026 05:52:15,1.71,106.242
03/08/2026 06:02:15,1.70,106.251
03/08/2026 06:12:15,1.69,106.277
03/08/2026 06:22:15,1.68,106.290
03/08/2026 06:32:15,1.68,106.321
03/08/2026 06:42:15,1.68,106.338
03/08/2026 06:52:15,1.68,106.364
03/08/2026 07:02:15,1.68,106.377
03/08/2026 07:12:15,1.68,106.377
03/08/2026 07:22:15,1.68,106.364
03/08/2026 07:32:15,1.68,106.373
03/08/2026 07:42:15,1.68,106.399
03/08/2026 07:52:15,1.68,106.404
03/08/2026 08:02:15,1.68,106.439
03/08/2026 08:12:15,1.68,106.456
03/08/2026 08:22:15,1.68,106.461
03/08/2026 08:32:15,1.68,106.478
03/08/2026 08:42:15,1.68,106.492
03/08/2026 08:52:15,1.68,106.513
03/08/2026 09:02:15,1.68,106.544
03/08/2026 09:12:15,1.68,106.615
03/08/2026 09:22:15,1.68,106.654
03/08/2026 09:32:15,1.69,106.663
03/08/2026 09:42:15,1.69,106.632
03/08/2026 09:52:15,1.69,106.632
03/08/2026 10:02:15,1.69,106.641
03/08/2026 10:12:15,1.70,106.668
03/08/2026 10:22:15,1.70,106.659
03/08/2026 10:32:15,1.71,106.655
03/08/2026 10:42:15,1.72,106.647
03/08/2026 10:52:15,1.73,106.647
03/08/2026 11:02:15,1.75,106.713
03/08/2026 11:12:15,1.76,106.727
03/08/2026 11:22:15,1.78,106.732
03/08/2026 11:32:15,1.80,106.746
03/08/2026 11:42:15,1.82,106.747
03/08/2026 11:52:15,1.83,106.747
03/08/2026 12:02:15,1.85,106.761
03/08/2026 12:12:15,1.87,106.775
03/08/2026 12:22:15,1.89,106.797
03/08/2026 12:32:15,1.90,106.807
03/08/2026 12:42:15,1.92,106.834
03/08/2026 12:52:15,1.95,106.830
03/08/2026 13:02:15,1.97,106.831
03/08/2026 13:12:15,2.01,106.832
03/08/2026 13:22:15,2.04,106.825
03/08/2026 13:32:15,2.08,106.827
03/08/2026 13:42:15,2.13,106.837
03/08/2026 13:52:15,2.17,106.847
03/08/2026 14:02:15,2.21,106.862
03/08/2026 14:12:15,2.25,106.889
03/08/2026 14:22:15,2.28,106.895
03/08/2026 14:32:15,2.32,106.923
03/08/2026 14:42:15,2.35,106.950
03/08/2026 14:52:15,2.38,106.982
03/08/2026 15:02:15,2.41,106.992
03/08/2026 15:12:15,2.44,107.011
03/08/2026 15:22:15,2.47,107.038
03/08/2026 15:32:15,2.50,107.096
03/08/2026 15:42:15,2.52,107.101
03/08/2026 15:52:15,2.54,107.142
03/08/2026 16:02:15,2.56,107.169
03/08/2026 16:12:15,2.58,107.209
03/08/2026 16:22:15,2.60,107.240
03/08/2026 16:32:15,2.61,107.271
03/08/2026 16:42:15,2.62,107.302
03/08/2026 16:52:15,2.63,107.320
03/08/2026 17:02:15,2.63,107.342
03/08/2026 17:12:15,2.63,107.382
03/08/2026 17:22:15,2.62,107.430
03/08/2026 17:32:15,2.61,107.465
03/08/2026 17:42:15,2.60,107.490
03/08/2026 17:52:15,2.58,107.529
03/08/2026 18:02:15,2.56,107.581
03/08/2026 18:12:15,2.54,107.629
03/08/2026 18:22:15,2.52,107.628
03/08/2026 18:32:15,2.50,107.654
03/08/2026 18:42:15,2.47,107.670
03/08/2026 18:52:15,2.45,107.713
03/08/2026 19:02:15,2.42,107.747
03/08/2026 19:12:15,2.39,107.777
03/08/2026 19:22:15,2.37,107.789
03/08/2026 19:32:15,2.33,107.832
03/08/2026 19:42:15,2.30,107.866
03/08/2026 19:52:15,2.27,107.882
03/08/2026 20:02:15,2.23,107.907
03/08/2026 20:12:15,2.19,107.941
03/08/2026 20:22:15,2.16,107.970
03/08/2026 20:32:15,2.12,107.986
03/08/2026 20:42:15,2.08,108.016
03/08/2026 20:52:15,2.04,108.027
03/08/2026 21:02:15,2.00,108.013
03/08/2026 21:12:15,1.95,108.046
03/08/2026 21:22:15,1.91,108.088
03/08/2026 21:32:15,1.87,108.109
03/08/2026 21:42:15,1.82,108.134
03/08/2026 21:52:15,1.78,108.136
03/08/2026 22:02:15,1.74,108.126
03/08/2026 22:12:15,1.70,108.151
03/08/2026 22:22:15,1.66,108.172
03/08/2026 22:32:15,1.62,108.183
03/08/2026 22:42:15,1.59,108.204
03/08/2026 22:52:15,1.55,108.194
03/08/2026 23:02:15,1.51,108.197
03/08/2026 23:12:15,1.48,108.209
03/08/2026 23:22:15,1.45,108.229
03/08/2026 23:32:15,1.42,108.228
03/08/2026 23:42:15,1.39,108.236
03/08/2026 23:52:15,1.37,108.275
03/09/2026 00:02:15,1.35,108.265
03/09/2026 00:12:15,1.33,108.273
03/09/2026 00:22:15,1.30,108.277
03/09/2026 00:32:15,1.29,108.302
03/09/2026 00:42:15,1.27,108.341
03/09/2026 00:52:15,1.26,108.314
03/09/2026 01:02:15,1.24,108.318
03/09/2026 01:12:15,1.23,108.322
03/09/2026 01:22:15,1.21,108.344
03/09/2026 01:32:15,1.20,108.348
03/09/2026 01:42:15,1.19,108.391
03/09/2026 01:52:15,1.18,108.369
03/09/2026 02:02:15,1.16,108.355
03/09/2026 02:12:15,1.15,108.359
03/09/2026 02:22:15,1.14,108.363
03/09/2026 02:32:15,1.13,108.345
03/09/2026 02:42:15,1.12,108.349
03/09/2026 02:52:15,1.11,108.353
03/09/2026 03:02:15,1.10,108.348
03/09/2026 03:12:15,1.09,108.326
03/09/2026 03:22:15,1.08,108.321
03/09/2026 03:32:15,1.07,108.312
03/09/2026 03:42:15,1.06,108.307
03/09/2026 03:52:15,1.05,108.307
03/09/2026 04:02:15,1.04,108.329
03/09/2026 04:12:15,1.03,108.315
03/09/2026 04:22:15,1.02,108.315
03/09/2026 04:32:15,1.02,108.323
03/09/2026 04:42:15,1.01,108.323
03/09/2026 04:52:15,1.00,108.322
03/09/2026 05:02:15,0.99,108.309
03/09/2026 05:12:15,0.98,108.317
03/09/2026 05:22:15,0.97,108.304
03/09/2026 05:32:15,0.96,108.312
03/09/2026 05:42:15,0.95,108.316
03/09/2026 05:52:15,0.94,108.320
03/09/2026 06:02:15,0.93,108.320
03/09/2026 06:12:15,0.92,108.333
03/09/2026 06:22:15,0.91,108.315
03/09/2026 06:32:15,0.91,108.297
03/09/2026 06:42:15,0.90,108.306
03/09/2026 06:52:15,0.89,108.310
03/09/2026 07:02:15,0.88,108.314
03/09/2026 07:12:15,0.87,108.305
03/09/2026 07:22:15,0.87,108.340
03/09/2026 07:32:15,0.86,108.339
03/09/2026 07:42:15,0.85,108.308
03/09/2026 07:52:15,0.85,108.326
03/09/2026 08:02:15,0.85,108.339
03/09/2026 08:12:15,0.84,108.330
03/09/2026 08:22:15,0.84,108.312
03/09/2026 08:32:15,0.85,108.317
03/09/2026 08:42:15,0.85,108.326
03/09/2026 08:52:15,0.86,108.291
03/09/2026 09:02:15,0.87,108.283
03/09/2026 09:12:15,0.87,108.296
03/09/2026 09:22:15,0.88,108.296
03/09/2026 09:32:15,0.89,108.275
03/09/2026 09:42:15,0.91,108.275
03/09/2026 09:52:15,0.92,108.276
03/09/2026 10:02:15,0.95,108.264
03/09/2026 10:12:15,0.97,108.251
03/09/2026 10:22:15,1.00,108.252
03/09/2026 10:32:15,1.03,108.240
03/09/2026 10:42:15,1.06,108.237
03/09/2026 10:52:15,1.10,108.221
03/09/2026 11:02:15,1.14,108.209
03/09/2026 11:12:15,1.19,108.198
03/09/2026 11:22:15,1.24,108.182
03/09/2026 11:32:15,1.30,108.184
03/09/2026 11:42:15,1.36,108.152
03/09/2026 11:52:15,1.43,108.163
03/09/2026 12:02:15,1.50,108.157
03/09/2026 12:12:15,1.57,108.164
03/09/2026 12:22:15,1.64,108.153
03/09/2026 12:32:15,1.72,108.143
03/09/2026 12:42:15,1.80,108.115
03/09/2026 12:52:15,1.89,108.110
03/09/2026 13:02:15,1.97,108.117
03/09/2026 13:12:15,2.06,108.112
03/09/2026 13:22:15,2.16,108.102
03/09/2026 13:32:15,2.26,108.101
03/09/2026 13:42:15,2.35,108.109
03/09/2026 13:52:15,2.45,108.104
03/09/2026 14:02:15,2.55,108.090
03/09/2026 14:12:15,2.65,108.103
03/09/2026 14:22:15,2.75,108.102
03/09/2026 14:32:15,2.85,108.127
03/09/2026 14:42:15,2.94,108.131
03/09/2026 14:52:15,3.02,108.156
03/09/2026 15:02:15,3.10,108.163
03/09/2026 15:12:15,3.18,108.201
03/09/2026 15:22:15,3.24,108.225
03/09/2026 15:32:15,3.30,108.258
03/09/2026 15:42:15,3.36,108.295
03/09/2026 15:52:15,3.41,108.328
03/09/2026 16:02:15,3.45,108.382
03/09/2026 16:12:15,3.49,108.405
03/09/2026 16:22:15,3.52,108.450
03/09/2026 16:32:15,3.54,108.500
03/09/2026 16:42:15,3.56,108.544
03/09/2026 16:52:15,3.58,108.589
03/09/2026 17:02:15,3.59,108.638
03/09/2026 17:12:15,3.60,108.673
03/09/2026 17:22:15,3.59,108.690
03/09/2026 17:32:15,3.58,108.743
03/09/2026 17:42:15,3.56,108.786
03/09/2026 17:52:15,3.54,108.833
03/09/2026 18:02:15,3.51,108.876
03/09/2026 18:12:15,3.47,108.927
03/09/2026 18:22:15,3.42,108.961
03/09/2026 18:32:15,3.38,108.994
03/09/2026 18:42:15,3.34,109.067
03/09/2026 18:52:15,3.29,109.096
03/09/2026 19:02:15,3.24,109.165
03/09/2026 19:12:15,3.19,109.220
03/09/2026 19:22:15,3.14,109.279
03/09/2026 19:32:15,3.09,109.334
03/09/2026 19:42:15,3.03,109.402
03/09/2026 19:52:15,2.97,109.457
03/09/2026 20:02:15,2.90,109.516
03/09/2026 20:12:15,2.84,109.549
03/09/2026 20:22:15,2.77,109.590
03/09/2026 20:32:15,2.70,109.605
03/09/2026 20:42:15,2.63,109.655
03/09/2026 20:52:15,2.56,109.697
03/09/2026 21:02:15,2.49,109.733
03/09/2026 21:12:15,2.42,109.762
03/09/2026 21:22:15,2.36,109.812
03/09/2026 21:32:15,2.30,109.849
03/09/2026 21:42:15,2.24,109.882
03/09/2026 21:52:15,2.18,109.915
03/09/2026 22:02:15,2.13,109.952
03/09/2026 22:12:15,2.09,109.981
03/09/2026 22:22:15,2.05,110.006
03/09/2026 22:32:15,2.01,110.044
03/09/2026 22:42:15,1.97,110.065
03/09/2026 22:52:15,1.94,110.068
03/09/2026 23:02:15,1.91,110.080
03/09/2026 23:12:15,1.88,110.118
03/09/2026 23:22:15,1.85,110.108
03/09/2026 23:32:15,1.83,110.125
03/09/2026 23:42:15,1.81,110.129
03/09/2026 23:52:15,1.79,110.145
03/10/2026 00:02:15,1.77,110.145
03/10/2026 00:12:15,1.75,110.162
03/10/2026 00:22:15,1.73,110.183
03/10/2026 00:32:15,1.71,110.200
03/10/2026 00:42:15,1.69,110.221
03/10/2026 00:52:15,1.67,110.216
03/10/2026 01:02:15,1.65,110.233
03/10/2026 01:12:15,1.64,110.210
03/10/2026 01:22:15,1.62,110.200
03/10/2026 01:32:15,1.60,110.222
03/10/2026 01:42:15,1.58,110.212
03/10/2026 01:52:15,1.56,110.229
03/10/2026 02:02:15,1.55,110.233
03/10/2026 02:12:15,1.53,110.210
03/10/2026 02:22:15,1.51,110.232
03/10/2026 02:32:15,1.50,110.200
03/10/2026 02:42:15,1.48,110.200
03/10/2026 02:52:15,1.46,110.195
03/10/2026 03:02:15,1.44,110.194
03/10/2026 03:12:15,1.42,110.184
03/10/2026 03:22:15,1.40,110.188
03/10/2026 03:32:15,1.38,110.170
03/10/2026 03:42:15,1.37,110.169
03/10/2026 03:52:15,1.35,110.177
03/10/2026 04:02:15,1.34,110.159
03/10/2026 04:12:15,1.33,110.141
03/10/2026 04:22:15,1.31,110.136
03/10/2026 04:32:15,1.29,110.114
03/10/2026 04:42:15,1.28,110.113
03/10/2026 04:52:15,1.26,110.126
03/10/2026 05:02:15,1.25,110.121
03/10/2026 05:12:15,1.24,110.094
03/10/2026 05:22:15,1.22,110.102
03/10/2026 05:32:15,1.21,110.075
03/10/2026 05:42:15,1.20,110.071
03/10/2026 05:52:15,1.19,110.057
03/10/2026 06:02:15,1.17,110.043
03/10/2026 06:12:15,1.16,110.061
03/10/2026 06:22:15,1.16,110.052
03/10/2026 06:32:15,1.14,110.051
03/10/2026 06:42:15,1.14,110.046
03/10/2026 06:52:15,1.13,110.033
03/10/2026 07:02:15,1.12,110.024
03/10/2026 07:12:15,1.12,110.037
03/10/2026 07:22:15,1.11,110.019
03/10/2026 07:32:15,1.10,110.049
03/10/2026 07:42:15,1.09,110.049
03/10/2026 07:52:15,1.09,110.049
03/10/2026 08:02:15,1.08,110.036
03/10/2026 08:12:15,1.08,110.040
03/10/2026 08:22:15,1.08,110.031
03/10/2026 08:32:15,1.07,110.005
03/10/2026 08:42:15,1.07,110.031
03/10/2026 08:52:15,1.07,109.974
03/10/2026 09:02:15,1.07,109.965
03/10/2026 09:12:15,1.08,109.974
03/10/2026 09:22:15,1.08,109.952
03/10/2026 09:32:15,1.09,109.948
03/10/2026 09:42:15,1.10,109.958
03/10/2026 09:52:15,1.12,109.927
03/10/2026 10:02:15,1.14,109.915
03/10/2026 10:12:15,1.16,109.894
03/10/2026 10:22:15,1.18,109.877
03/10/2026 10:32:15,1.21,109.874
03/10/2026 10:42:15,1.24,109.879
03/10/2026 10:52:15,1.28,109.868
03/10/2026 11:02:15,1.32,109.808
03/10/2026 11:12:15,1.37,109.805
03/10/2026 11:22:15,1.42,109.754
03/10/2026 11:32:15,1.47,109.743
03/10/2026 11:42:15,1.52,109.715
03/10/2026 11:52:15,1.58,109.717
03/10/2026 12:02:15,1.65,109.675
03/10/2026 12:12:15,1.71,109.660
03/10/2026 12:22:15,1.78,109.663
03/10/2026 12:32:15,1.85,109.648
03/10/2026 12:42:15,1.92,109.620
03/10/2026 12:52:15,2.00,109.605
03/10/2026 13:02:15,2.08,109.595
03/10/2026 13:12:15,2.16,109.590
03/10/2026 13:22:15,2.25,109.580
03/10/2026 13:32:15,2.33,109.570
03/10/2026 13:42:15,2.42,109.577
03/10/2026 13:52:15,2.50,109.558
03/10/2026 14:02:15,2.58,109.596
03/10/2026 14:12:15,2.66,109.604
03/10/2026 14:22:15,2.74,109.620
03/10/2026 14:32:15,2.81,109.649
03/10/2026 14:42:15,2.88,109.682
03/10/2026 14:52:15,2.94,109.711
03/10/2026 15:02:15,3.00,109.753
03/10/2026 15:12:15,3.06,109.777
03/10/2026 15:22:15,3.10,109.831
03/10/2026 15:32:15,3.14,109.881
03/10/2026 15:42:15,3.18,109.952
03/10/2026 15:52:15,3.21,110.019
03/10/2026 16:02:15,3.24,110.069
03/10/2026 16:12:15,3.26,110.131
03/10/2026 16:22:15,3.28,110.215
03/10/2026 16:32:15,3.29,110.273
03/10/2026 16:42:15,3.29,110.338
03/10/2026 16:52:15,3.29,110.417
03/10/2026 17:02:15,3.29,110.466
03/10/2026 17:12:15,3.28,110.536
03/10/2026 17:22:15,3.27,110.623
03/10/2026 17:32:15,3.26,110.688
03/10/2026 17:42:15,3.24,110.767
03/10/2026 17:52:15,3.22,110.823
03/10/2026 18:02:15,3.20,110.897
03/10/2026 18:12:15,3.18,110.975
03/10/2026 18:22:15,3.15,111.026
03/10/2026 18:32:15,3.12,111.087
03/10/2026 18:42:15,3.09,111.169
03/10/2026 18:52:15,3.06,111.211
03/10/2026 19:02:15,3.02,111.289
03/10/2026 19:12:15,2.99,111.349
03/10/2026 19:22:15,2.94,111.382
03/10/2026 19:32:15,2.91,111.442
03/10/2026 19:42:15,2.87,111.467
03/10/2026 19:52:15,2.83,111.540
03/10/2026 20:02:15,2.78,111.604
03/10/2026 20:12:15,2.74,111.669
03/10/2026 20:22:15,2.70,111.689
03/10/2026 20:32:15,2.66,111.736
03/10/2026 20:42:15,2.61,111.743
03/10/2026 20:52:15,2.56,111.806
03/10/2026 21:02:15,2.52,111.866
03/10/2026 21:12:15,2.47,111.873
03/10/2026 21:22:15,2.43,111.889
03/10/2026 21:32:15,2.39,111.892
03/10/2026 21:42:15,2.35,111.930
03/10/2026 21:52:15,2.31,111.950
03/10/2026 22:02:15,2.28,111.997
03/10/2026 22:12:15,2.25,112.005
03/10/2026 22:22:15,2.22,112.004
03/10/2026 22:32:15,2.19,112.060
03/10/2026 22:42:15,2.17,112.046
03/10/2026 22:52:15,2.15,112.084
03/10/2026 23:02:15,2.13,112.106
03/10/2026 23:12:15,2.11,112.149
03/10/2026 23:22:15,2.09,112.161
03/10/2026 23:32:15,2.07,112.208
03/10/2026 23:42:15,2.05,112.194
03/10/2026 23:52:15,2.03,112.207
03/11/2026 00:02:15,2.01,112.201
03/11/2026 00:12:15,1.98,112.257
03/11/2026 00:22:15,1.96,112.261
03/11/2026 00:32:15,1.93,112.247
03/11/2026 00:42:15,1.91,112.233
03/11/2026 00:52:15,1.89,112.249
03/11/2026 01:02:15,1.87,112.275
03/11/2026 01:12:15,1.85,112.278
03/11/2026 01:22:15,1.82,112.286
03/11/2026 01:32:15,1.80,112.290
03/11/2026 01:42:15,1.78,112.298
03/11/2026 01:52:15,1.75,112.297
03/11/2026 02:02:15,1.73,112.318
03/11/2026 02:12:15,1.71,112.295
03/11/2026 02:22:15,1.69,112.321
03/11/2026 02:32:15,1.67,112.342
03/11/2026 02:42:15,1.65,112.354
03/11/2026 02:52:15,1.63,112.366
03/11/2026 03:02:15,1.61,112.348
03/11/2026 03:12:15,1.59,112.361
03/11/2026 03:22:15,1.58,112.334
03/11/2026 03:32:15,1.57,112.325
03/11/2026 03:42:15,1.56,112.307
03/11/2026 03:52:15,1.55,112.293
03/11/2026 04:02:15,1.54,112.280
03/11/2026 04:12:15,1.53,112.284
03/11/2026 04:22:15,1.52,112.292
03/11/2026 04:32:15,1.52,112.279
03/11/2026 04:42:15,1.51,112.292
03/11/2026 04:52:15,1.51,112.261
03/11/2026 05:02:15,1.50,112.239
03/11/2026 05:12:15,1.50,112.221
03/11/2026 05:22:15,1.50,112.234
03/11/2026 05:32:15,1.50,112.213
03/11/2026 05:42:15,1.50,112.212
03/11/2026 05:52:15,1.50,112.217
03/11/2026 06:02:15,1.50,112.204
03/11/2026 06:12:15,1.49,112.212
03/11/2026 06:22:15,1.49,112.182
03/11/2026 06:32:15,1.49,112.146
03/11/2026 06:42:15,1.48,112.137
03/11/2026 06:52:15,1.48,112.146
03/11/2026 07:02:15,1.48,112.164
03/11/2026 07:12:15,1.48,112.116
03/11/2026 07:22:15,1.48,112.102
03/11/2026 07:32:15,1.48,112.111
03/11/2026 07:42:15,1.48,112.120
03/11/2026 07:52:15,1.48,112.124
03/11/2026 08:02:15,1.48,112.085
03/11/2026 08:12:15,1.48,112.137
03/11/2026 08:22:15,1.49,112.089
03/11/2026 08:32:15,1.49,112.111
03/11/2026 08:42:15,1.50,112.112
03/11/2026 08:52:15,1.51,112.094
03/11/2026 09:02:15,1.51,112.077
03/11/2026 09:12:15,1.52,112.034
03/11/2026 09:22:15,1.54,112.012
03/11/2026 09:32:15,1.55,112.017
03/11/2026 09:42:15,1.57,112.014
03/11/2026 09:52:15,1.60,111.997
03/11/2026 10:02:15,1.62,112.007
03/11/2026 10:12:15,1.64,111.977
03/11/2026 10:22:15,1.66,111.964
03/11/2026 10:32:15,1.68,111.956
03/11/2026 10:42:15,1.71,111.953
03/11/2026 10:52:15,1.74,111.893
03/11/2026 11:02:15,1.77,111.842
03/11/2026 11:12:15,1.81,111.817
03/11/2026 11:22:15,1.86,111.845
03/11/2026 11:32:15,1.90,111.807
03/11/2026 11:42:15,1.95,111.765
03/11/2026 11:52:15,2.00,111.754
03/11/2026 12:02:15,2.05,111.730
03/11/2026 12:12:15,2.11,111.692
03/11/2026 12:22:15,2.16,111.708
03/11/2026 12:32:15,2.23,111.706
03/11/2026 12:42:15,2.29,111.651
03/11/2026 12:52:15,2.36,111.636
03/11/2026 13:02:15,2.43,111.635
03/11/2026 13:12:15,2.50,111.629
03/11/2026 13:22:15,2.57,111.592
03/11/2026 13:32:15,2.64,111.612
03/11/2026 13:42:15,2.71,111.619
03/11/2026 13:52:15,2.78,111.631
03/11/2026 14:02:15,2.87,111.625
03/11/2026 14:12:15,2.96,111.646
03/11/2026 14:22:15,3.04,111.641
03/11/2026 14:32:15,3.12,111.648
03/11/2026 14:42:15,3.20,111.651
03/11/2026 14:52:15,3.26,111.676
03/11/2026 15:02:15,3.33,111.696
03/11/2026 15:12:15,3.39,111.716
03/11/2026 15:22:15,3.46,111.740
03/11/2026 15:32:15,3.52,111.778
03/11/2026 15:42:15,3.58,111.815
03/11/2026 15:52:15,3.63,111.892
03/11/2026 16:02:15,3.68,111.929
03/11/2026 16:12:15,3.73,111.987
03/11/2026 16:22:15,3.77,112.046
03/11/2026 16:32:15,3.81,112.065
03/11/2026 16:42:15,3.84,112.062
03/11/2026 16:52:15,3.86,112.177
03/11/2026 17:02:15,3.87,112.247
03/11/2026 17:12:15,3.88,112.265
03/11/2026 17:22:15,3.88,112.327
03/11/2026 17:32:15,3.88,112.349
03/11/2026 17:42:15,3.88,112.388
03/11/2026 17:52:15,3.87,112.427
03/11/2026 18:02:15,3.86,112.457
03/11/2026 18:12:15,3.84,112.466
03/11/2026 18:22:15,3.82,112.474
03/11/2026 18:32:15,3.81,112.543
03/11/2026 18:42:15,3.79,112.556
03/11/2026 18:52:15,3.78,112.560
03/11/2026 19:02:15,3.77,112.555
03/11/2026 19:12:15,3.76,112.590
03/11/2026 19:22:15,3.75,112.620
03/11/2026 19:32:15,3.74,112.606
03/11/2026 19:42:15,3.72,112.685
03/11/2026 19:52:15,3.70,112.697
03/11/2026 20:02:15,3.68,112.740
03/11/2026 20:12:15,3.66,112.735
03/11/2026 20:22:15,3.64,112.769
03/11/2026 20:32:15,3.62,112.812
03/11/2026 20:42:15,3.60,112.820
03/11/2026 20:52:15,3.57,112.819
03/11/2026 21:02:15,3.55,112.832
03/11/2026 21:12:15,3.53,112.901
03/11/2026 21:22:15,3.51,112.922
03/11/2026 21:32:15,3.49,112.930
03/11/2026 21:42:15,3.47,112.951
03/11/2026 21:52:15,3.46,112.951
03/11/2026 22:02:15,3.44,112.989
03/11/2026 22:12:15,3.42,113.015
03/11/2026 22:22:15,3.40,113.041
03/11/2026 22:32:15,3.38,113.044
03/11/2026 22:42:15,3.36,113.035
03/11/2026 22:52:15,3.34,113.038
03/11/2026 23:02:15,3.32,113.086
03/11/2026 23:12:15,3.31,113.094
03/11/2026 23:22:15,3.29,113.128
03/11/2026 23:32:15,3.27,113.066
03/11/2026 23:42:15,3.26,113.136
03/11/2026 23:52:15,3.25,113.184
03/12/2026 00:02:15,3.24,113.135
03/12/2026 00:12:15,3.24,113.117
03/12/2026 00:22:15,3.23,113.104
03/12/2026 00:32:15,3.23,113.481
03/12/2026 00:42:15,3.22,113.503
03/12/2026 00:52:15,3.22,113.551
03/12/2026 01:02:15,3.21,113.621
03/12/2026 01:12:15,3.20,113.594
03/12/2026 01:22:15,3.20,113.708
03/12/2026 01:32:15,3.19,113.637
03/12/2026 01:42:15,3.18,113.681
03/12/2026 01:52:15,3.17,113.685
03/12/2026 02:02:15,3.17,113.729
03/12/2026 02:12:15,3.16,113.707
03/12/2026 02:22:15,3.16,113.733
03/12/2026 02:32:15,3.15,113.728
03/12/2026 02:42:15,3.15,113.666
03/12/2026 02:52:15,3.14,113.737
03/12/2026 03:02:15,3.14,113.596
03/12/2026 03:12:15,3.15,113.693
03/12/2026 03:22:15,3.16,113.671
03/12/2026 03:32:15,3.18,113.747
03/12/2026 03:42:15,3.22,113.735
03/12/2026 03:52:15,3.25,113.736
03/12/2026 04:02:15,3.26,113.741
03/12/2026 04:12:15,3.27,113.658
03/12/2026 04:22:15,3.28,113.685
03/12/2026 04:32:15,3.28,113.707
03/12/2026 04:42:15,3.28,113.645
03/12/2026 04:52:15,3.28,113.654
03/12/2026 05:02:15,3.27,113.650
03/12/2026 05:12:15,3.27,113.667
03/12/2026 05:22:15,3.27,113.658
03/12/2026 05:32:15,3.27,113.729
03/12/2026 05:42:15,3.27,113.676
03/12/2026 05:52:15,3.28,113.663
03/12/2026 06:02:15,3.28,113.720
03/12/2026 06:12:15,3.28,113.803
03/12/2026 06:22:15,3.28,113.852
03/12/2026 06:32:15,3.28,113.918
03/12/2026 06:42:15,3.28,113.948
03/12/2026 06:52:15,3.28,114.023
03/12/2026 07:02:15,3.28,114.071
03/12/2026 07:12:15,3.27,114.071
03/12/2026 07:22:15,3.27,114.158
03/12/2026 07:32:15,3.26,114.153
03/12/2026 07:42:15,3.25,114.214
03/12/2026 07:52:15,3.24,114.267
03/12/2026 08:02:15,3.23,114.257
03/12/2026 08:12:15,3.22,114.349
03/12/2026 08:22:15,3.22,114.393
03/12/2026 08:32:15,3.21,114.471
03/12/2026 08:42:15,3.20,114.524
03/12/2026 08:52:15,3.20,114.471
03/12/2026 09:02:15,3.19,114.479
03/12/2026 09:12:15,3.19,114.558
03/12/2026 09:22:15,3.18,114.619
03/12/2026 09:32:15,3.18,114.637
03/12/2026 09:42:15,3.18,114.628
03/12/2026 09:52:15,3.17,114.834
03/12/2026 10:02:15,3.16,114.864
03/12/2026 10:12:15,3.15,114.920
03/12/2026 10:22:15,3.14,114.894
03/12/2026 10:32:15,3.13,114.828
03/12/2026 10:42:15,3.13,114.924
03/12/2026 10:52:15,3.13,114.942
03/12/2026 11:02:15,3.14,114.990
03/12/2026 11:12:15,3.14,114.881
03/12/2026 11:22:15,3.14,114.938
03/12/2026 11:32:15,3.14,115.004
03/12/2026 11:42:15,3.14,114.982
03/12/2026 11:52:15,3.14,114.889
03/12/2026 12:02:15,3.13,114.854
03/12/2026 12:12:15,3.13,114.924
03/12/2026 12:22:15,3.12,114.884
03/12/2026 12:32:15,3.12,114.923
03/12/2026 12:42:15,3.11,114.928
03/12/2026 12:52:15,3.10,114.954
03/12/2026 13:02:15,3.09,114.936
03/12/2026 13:12:15,3.09,114.940
03/12/2026 13:22:15,3.09,114.900
03/12/2026 13:32:15,3.09,114.900
03/12/2026 13:42:15,3.08,114.861
03/12/2026 13:52:15,3.08,114.830
03/12/2026 14:02:15,3.08,114.795
03/12/2026 14:12:15,3.08,114.747
03/12/2026 14:22:15,3.07,114.768
03/12/2026 14:32:15,3.07,114.755
03/12/2026 14:42:15,3.06,114.729
03/12/2026 14:52:15,3.06,114.632
03/12/2026 15:02:15,3.05,114.640
03/12/2026 15:12:15,3.04,114.658
03/12/2026 15:22:15,3.04,114.653
03/12/2026 15:32:15,3.03,114.648
03/12/2026 15:42:15,3.02,114.635
03/12/2026 15:52:15,3.02,114.542
03/12/2026 16:02:15,3.01,114.538
03/12/2026 16:12:15,3.00,114.472
03/12/2026 16:22:15,3.00,114.489
03/12/2026 16:32:15,2.99,114.436
03/12/2026 16:42:15,2.98,114.480
03/12/2026 16:52:15,2.97,114.431
03/12/2026 17:02:15,2.96,114.440
03/12/2026 17:12:15,2.95,114.395
03/12/2026 17:22:15,2.95,114.338
03/12/2026 17:32:15,2.95,114.343
03/12/2026 17:42:15,2.94,114.347
03/12/2026 17:52:15,2.93,114.333
03/12/2026 18:02:15,2.92,114.324
03/12/2026 18:12:15,2.91,114.372
03/12/2026 18:22:15,2.90,114.332
03/12/2026 18:32:15,2.89,114.305
03/12/2026 18:42:15,2.87,114.318
03/12/2026 18:52:15,2.86,114.256
03/12/2026 19:02:15,2.84,114.255
03/12/2026 19:12:15,2.83,114.224
03/12/2026 19:22:15,2.81,114.206
03/12/2026 19:32:15,2.80,114.192
03/12/2026 19:42:15,2.78,114.134
03/12/2026 19:52:15,2.77,114.134
03/12/2026 20:02:15,2.75,114.094
03/12/2026 20:12:15,2.73,114.115
03/12/2026 20:22:15,2.72,114.114
03/12/2026 20:32:15,2.70,114.065
03/12/2026 20:42:15,2.68,114.095
03/12/2026 20:52:15,2.67,114.161
03/12/2026 21:02:15,2.65,114.037
03/12/2026 21:12:15,2.64,113.988
03/12/2026 21:22:15,2.62,114.010
03/12/2026 21:32:15,2.60,114.018
03/12/2026 21:42:15,2.59,113.951
03/12/2026 21:52:15,2.57,113.902
03/12/2026 22:02:15,2.56,113.893
03/12/2026 22:12:15,2.54,113.849
03/12/2026 22:22:15,2.53,113.817
03/12/2026 22:32:15,2.51,113.791
03/12/2026 22:42:15,2.49,113.750
03/12/2026 22:52:15,2.47,113.706
03/12/2026 23:02:15,2.45,113.836
03/12/2026 23:12:15,2.43,113.678
03/12/2026 23:22:15,2.40,113.751
03/12/2026 23:32:15,2.38,113.597
03/12/2026 23:42:15,2.36,113.649
03/12/2026 23:52:15,2.34,113.543
03/13/2026 00:02:15,2.32,113.533
03/13/2026 00:12:15,2.30,113.554
03/13/2026 00:22:15,2.27,113.505
03/13/2026 00:32:15,2.25,113.513
03/13/2026 00:42:15,2.22,113.450
03/13/2026 00:52:15,2.20,113.454
03/13/2026 01:02:15,2.18,113.383
03/13/2026 01:12:15,2.16,113.347
03/13/2026 01:22:15,2.14,113.320
03/13/2026 01:32:15,2.13,113.289
03/13/2026 01:42:15,2.11,113.271
03/13/2026 01:52:15,2.09,113.261
03/13/2026 02:02:15,2.07,113.256
03/13/2026 02:12:15,2.05,113.203
03/13/2026 02:22:15,2.03,113.228
03/13/2026 02:32:15,2.01,113.205
03/13/2026 02:42:15,2.00,113.192
03/13/2026 02:52:15,1.98,113.152
03/13/2026 03:02:15,1.96,113.089
03/13/2026 03:12:15,1.95,113.076
03/13/2026 03:22:15,1.93,113.071
03/13/2026 03:32:15,1.92,113.026
03/13/2026 03:42:15,1.90,112.982
03/13/2026 03:52:15,1.89,112.977
03/13/2026 04:02:15,1.87,112.968
03/13/2026 04:12:15,1.86,112.906
03/13/2026 04:22:15,1.84,112.909
03/13/2026 04:32:15,1.82,112.900
03/13/2026 04:42:15,1.81,112.834
03/13/2026 04:52:15,1.79,112.921
03/13/2026 05:02:15,1.77,112.824
03/13/2026 05:12:15,1.76,112.744
03/13/2026 05:22:15,1.74,112.792
03/13/2026 05:32:15,1.73,112.738
03/13/2026 05:42:15,1.71,112.690
03/13/2026 05:52:15,1.69,112.685
03/13/2026 06:02:15,1.68,112.623
03/13/2026 06:12:15,1.67,112.635
03/13/2026 06:22:15,1.65,112.608
03/13/2026 06:32:15,1.63,112.568
03/13/2026 06:42:15,1.62,112.594
03/13/2026 06:52:15,1.60,112.598
03/13/2026 07:02:15,1.59,112.659
03/13/2026 07:12:15,1.57,112.584
03/13/2026 07:22:15,1.56,112.526
03/13/2026 07:32:15,1.55,112.569
03/13/2026 07:42:15,1.53,112.494
03/13/2026 07:52:15,1.52,112.502
03/13/2026 08:02:15,1.51,112.541
03/13/2026 08:12:15,1.49,112.488
03/13/2026 08:22:15,1.48,112.479
03/13/2026 08:32:15,1.47,112.444
03/13/2026 08:42:15,1.46,112.421
03/13/2026 08:52:15,1.46,112.413
03/13/2026 09:02:15,1.46,112.461
03/13/2026 09:12:15,1.45,112.412
03/13/2026 09:22:15,1.46,112.373
03/13/2026 09:32:15,1.46,112.325
03/13/2026 09:42:15,1.46,112.299
03/13/2026 09:52:15,1.47,112.264
03/13/2026 10:02:15,1.48,112.264
03/13/2026 10:12:15,1.50,112.186
03/13/2026 10:22:15,1.51,112.195
03/13/2026 10:32:15,1.54,112.118
03/13/2026 10:42:15,1.56,112.070
03/13/2026 10:52:15,1.59,112.050
03/13/2026 11:02:15,1.63,112.007
03/13/2026 11:12:15,1.66,112.004
03/13/2026 11:22:15,1.70,111.944
03/13/2026 11:32:15,1.74,111.937
03/13/2026 11:42:15,1.78,111.952
03/13/2026 11:52:15,1.83,111.875
03/13/2026 12:02:15,1.88,111.846
03/13/2026 12:12:15,1.93,111.778
03/13/2026 12:22:15,1.98,111.767
03/13/2026 12:32:15,2.04,111.747
03/13/2026 12:42:15,2.09,111.749
03/13/2026 12:52:15,2.14,111.694
03/13/2026 13:02:15,2.19,111.678
03/13/2026 13:12:15,2.24,111.605
03/13/2026 13:22:15,2.28,111.607
03/13/2026 13:32:15,2.33,111.600
03/13/2026 13:42:15,2.37,111.514
03/13/2026 13:52:15,2.41,111.516
03/13/2026 14:02:15,2.45,111.430
03/13/2026 14:12:15,2.49,111.405
03/13/2026 14:22:15,2.53,111.393
03/13/2026 14:32:15,2.57,111.298
03/13/2026 14:42:15,2.61,111.269
03/13/2026 14:52:15,2.65,111.205
03/13/2026 15:02:15,2.69,111.215
03/13/2026 15:12:15,2.73,111.186
03/13/2026 15:22:15,2.75,111.130
03/13/2026 15:32:15,2.77,111.161
03/13/2026 15:42:15,2.79,111.127
03/13/2026 15:52:15,2.80,111.131
03/13/2026 16:02:15,2.81,111.189
03/13/2026 16:12:15,2.81,111.088
03/13/2026 16:22:15,2.81,111.079
03/13/2026 16:32:15,2.81,111.022
03/13/2026 16:42:15,2.80,110.974
03/13/2026 16:52:15,2.80,110.996
03/13/2026 17:02:15,2.80,110.938
03/13/2026 17:12:15,2.81,110.763
03/13/2026 17:22:15,2.81,110.719
03/13/2026 17:32:15,2.81,110.851
03/13/2026 17:42:15,2.81,110.860
03/13/2026 17:52:15,2.81,110.856
03/13/2026 18:02:15,2.81,110.763
03/13/2026 18:12:15,2.81,110.741
03/13/2026 18:22:15,2.81,110.750
03/13/2026 18:32:15,2.81,110.755
03/13/2026 18:42:15,2.81,110.732
03/13/2026 18:52:15,2.80,110.688
03/13/2026 19:02:15,2.80,110.693
03/13/2026 19:12:15,2.79,110.684
03/13/2026 19:22:15,2.78,110.644
03/13/2026 19:32:15,2.77,110.626
03/13/2026 19:42:15,2.76,110.590
03/13/2026 19:52:15,2.75,110.586
03/13/2026 20:02:15,2.75,110.520
03/13/2026 20:12:15,2.74,110.537
03/13/2026 20:22:15,2.73,110.532
03/13/2026 20:32:15,2.71,110.488
03/13/2026 20:42:15,2.70,110.478
03/13/2026 20:52:15,2.69,110.443
03/13/2026 21:02:15,2.68,110.451
03/13/2026 21:12:15,2.67,110.394
03/13/2026 21:22:15,2.66,110.416
03/13/2026 21:32:15,2.65,110.340
03/13/2026 21:42:15,2.64,110.296
03/13/2026 21:52:15,2.63,110.318
03/13/2026 22:02:15,2.61,110.300
03/13/2026 22:12:15,2.60,110.299
03/13/2026 22:22:15,2.59,110.237
03/13/2026 22:32:15,2.58,110.215
03/13/2026 22:42:15,2.57,110.188
03/13/2026 22:52:15,2.56,110.148
03/13/2026 23:02:15,2.55,110.126
03/13/2026 23:12:15,2.54,110.126
03/13/2026 23:22:15,2.53,110.103
03/13/2026 23:32:15,2.52,110.037
03/13/2026 23:42:15,2.51,110.028
03/13/2026 23:52:15,2.50,109.984
03/14/2026 00:02:15,2.50,109.975
03/14/2026 00:12:15,2.49,109.913
03/14/2026 00:22:15,2.48,109.878
03/14/2026 00:32:15,2.47,109.891
03/14/2026 00:42:15,2.47,109.873
03/14/2026 00:52:15,2.46,109.833
03/14/2026 01:02:15,2.45,109.824
03/14/2026 01:12:15,2.44,109.780
03/14/2026 01:22:15,2.44,109.767
03/14/2026 01:32:15,2.44,109.736
03/14/2026 01:42:15,2.43,109.705
03/14/2026 01:52:15,2.43,109.740
03/14/2026 02:02:15,2.42,109.665
03/14/2026 02:12:15,2.42,109.599
03/14/2026 02:22:15,2.41,109.577
03/14/2026 02:32:15,2.40,109.537
03/14/2026 02:42:15,2.39,109.541
03/14/2026 02:52:15,2.38,109.510
03/14/2026 03:02:15,2.36,109.522
03/14/2026 03:12:15,2.35,109.439
03/14/2026 03:22:15,2.34,109.451
03/14/2026 03:32:15,2.32,109.442
03/14/2026 03:42:15,2.31,109.398
03/14/2026 03:52:15,2.30,109.424
03/14/2026 04:02:15,2.29,109.353
03/14/2026 04:12:15,2.27,109.352
03/14/2026 04:22:15,2.26,109.374
03/14/2026 04:32:15,2.24,109.360
03/14/2026 04:42:15,2.23,109.333
03/14/2026 04:52:15,2.21,109.341
03/14/2026 05:02:15,2.19,109.358
03/14/2026 05:12:15,2.18,109.314
03/14/2026 05:22:15,2.16,109.313
03/14/2026 05:32:15,2.14,109.282
03/14/2026 05:42:15,2.13,109.268
03/14/2026 05:52:15,2.12,109.250
03/14/2026 06:02:15,2.10,109.254
03/14/2026 06:12:15,2.09,109.262
03/14/2026 06:22:15,2.07,109.257
03/14/2026 06:32:15,2.06,109.226
03/14/2026 06:42:15,2.04,109.260
03/14/2026 06:52:15,2.03,109.282
03/14/2026 07:02:15,2.02,109.264
03/14/2026 07:12:15,2.01,109.237
03/14/2026 07:22:15,2.00,109.259
03/14/2026 07:32:15,1.98,109.228
03/14/2026 07:42:15,1.98,109.223
03/14/2026 07:52:15,1.97,109.240
03/14/2026 08:02:15,1.96,109.196
03/14/2026 08:12:15,1.96,109.213
03/14/2026 08:22:15,1.96,109.240
03/14/2026 08:32:15,1.96,109.284
03/14/2026 08:42:15,1.96,109.244
03/14/2026 08:52:15,1.96,109.227
03/14/2026 09:02:15,1.97,109.236
03/14/2026 09:12:15,1.97,109.223
03/14/2026 09:22:15,1.98,109.271
03/14/2026 09:32:15,2.00,109.246
03/14/2026 09:42:15,2.02,109.255
03/14/2026 09:52:15,2.05,109.296
03/14/2026 10:02:15,2.07,109.288
03/14/2026 10:12:15,2.08,109.319
03/14/2026 10:22:15,2.09,109.350
03/14/2026 10:32:15,2.10,109.368
03/14/2026 10:42:15,2.10,109.350
03/14/2026 10:52:15,2.11,109.346
03/14/2026 11:02:15,2.12,109.338
03/14/2026 11:12:15,2.13,109.364
03/14/2026 11:22:15,2.14,109.378
03/14/2026 11:32:15,2.15,109.374
03/14/2026 11:42:15,2.17,109.471
03/14/2026 11:52:15,2.18,109.485
03/14/2026 12:02:15,2.20,109.411
03/14/2026 12:12:15,2.22,109.425
03/14/2026 12:22:15,2.24,109.430
03/14/2026 12:32:15,2.26,109.483
03/14/2026 12:42:15,2.28,109.467
03/14/2026 12:52:15,2.30,109.476
03/14/2026 13:02:15,2.31,109.485
03/14/2026 13:12:15,2.33,109.495
03/14/2026 13:22:15,2.34,109.495
03/14/2026 13:32:15,2.35,109.509
03/14/2026 13:42:15,2.36,109.514
03/14/2026 13:52:15,2.38,109.519
03/14/2026 14:02:15,2.39,109.506
03/14/2026 14:12:15,2.41,109.476
03/14/2026 14:22:15,2.43,109.516
03/14/2026 14:32:15,2.44,109.530
03/14/2026 14:42:15,2.46,109.513
03/14/2026 14:52:15,2.48,109.549
03/14/2026 15:02:15,2.51,109.572
03/14/2026 15:12:15,2.54,109.590
03/14/2026 15:22:15,2.56,109.666
03/14/2026 15:32:15,2.58,109.671
03/14/2026 15:42:15,2.59,109.680
03/14/2026 15:52:15,2.60,109.707
03/14/2026 16:02:15,2.61,109.768
03/14/2026 16:12:15,2.61,109.778
03/14/2026 16:22:15,2.62,109.791
03/14/2026 16:32:15,2.63,109.782
03/14/2026 16:42:15,2.63,109.804
03/14/2026 16:52:15,2.64,109.853
03/14/2026 17:02:15,2.64,109.853
03/14/2026 17:12:15,2.64,109.844
03/14/2026 17:22:15,2.65,109.862
03/14/2026 17:32:15,2.65,109.875
03/14/2026 17:42:15,2.66,109.915
03/14/2026 17:52:15,2.67,109.946
03/14/2026 18:02:15,2.68,109.947
03/14/2026 18:12:15,2.68,109.978
03/14/2026 18:22:15,2.69,109.995
03/14/2026 18:32:15,2.70,110.026
03/14/2026 18:42:15,2.70,110.048
03/14/2026 18:52:15,2.70,110.057
03/14/2026 19:02:15,2.69,110.079
03/14/2026 19:12:15,2.68,110.122
03/14/2026 19:22:15,2.67,110.126
03/14/2026 19:32:15,2.66,110.148
03/14/2026 19:42:15,2.65,110.161
03/14/2026 19:52:15,2.64,110.173
03/14/2026 20:02:15,2.63,110.217
03/14/2026 20:12:15,2.61,110.238
03/14/2026 20:22:15,2.60,110.251
03/14/2026 20:32:15,2.59,110.320
03/14/2026 20:42:15,2.57,110.351
03/14/2026 20:52:15,2.55,110.350
03/14/2026 21:02:15,2.53,110.362
03/14/2026 21:12:15,2.51,110.357
03/14/2026 21:22:15,2.50,110.400
03/14/2026 21:32:15,2.48,110.408
03/14/2026 21:42:15,2.46,110.443
03/14/2026 21:52:15,2.44,110.438
03/14/2026 22:02:15,2.42,110.446
03/14/2026 22:12:15,2.41,110.415
03/14/2026 22:22:15,2.39,110.445
03/14/2026 22:32:15,2.37,110.444
03/14/2026 22:42:15,2.36,110.461
03/14/2026 22:52:15,2.34,110.482
03/14/2026 23:02:15,2.33,110.482
03/14/2026 23:12:15,2.31,110.481
03/14/2026 23:22:15,2.30,110.476
03/14/2026 23:32:15,2.29,110.432
03/14/2026 23:42:15,2.27,110.471
03/14/2026 23:52:15,2.26,110.466
03/15/2026 00:02:15,2.24,110.465
03/15/2026 00:12:15,2.23,110.460
03/15/2026 00:22:15,2.22,110.443
03/15/2026 00:32:15,2.21,110.446
03/15/2026 00:42:15,2.20,110.481
03/15/2026 00:52:15,2.19,110.485
03/15/2026 01:02:15,2.18,110.489
03/15/2026 01:12:15,2.17,110.480
03/15/2026 01:22:15,2.15,110.449
03/15/2026 01:32:15,2.14,110.506
03/15/2026 01:42:15,2.13,110.492
03/15/2026 01:52:15,2.12,110.522
03/15/2026 02:02:15,2.11,110.517
03/15/2026 02:12:15,2.10,110.543
03/15/2026 02:22:15,2.08,110.521
03/15/2026 02:32:15,2.07,110.520
03/15/2026 02:42:15,2.05,110.498
03/15/2026 02:52:15,2.04,110.523
03/15/2026 03:02:15,2.02,110.527
03/15/2026 03:12:15,2.01,110.531
03/15/2026 03:22:15,1.99,110.530
03/15/2026 03:32:15,1.97,110.538
03/15/2026 03:42:15,1.95,110.547
03/15/2026 03:52:15,1.94,110.568
03/15/2026 04:02:15,1.92,110.594
03/15/2026 04:12:15,1.91,110.558
03/15/2026 04:22:15,1.89,110.575
03/15/2026 04:32:15,1.87,110.565
03/15/2026 04:42:15,1.86,110.596
03/15/2026 04:52:15,1.85,110.608
03/15/2026 05:02:15,1.83,110.647
03/15/2026 05:12:15,1.82,110.664
03/15/2026 05:22:15,1.80,110.655
03/15/2026 05:32:15,1.79,110.694
03/15/2026 05:42:15,1.78,110.671
03/15/2026 05:52:15,1.77,110.684
03/15/2026 06:02:15,1.76,110.636
03/15/2026 06:12:15,1.75,110.622
03/15/2026 06:22:15,1.74,110.591
03/15/2026 06:32:15,1.73,110.612
03/15/2026 06:42:15,1.72,110.608
03/15/2026 06:52:15,1.71,110.634
03/15/2026 07:02:15,1.69,110.651
03/15/2026 07:12:15,1.69,110.690
03/15/2026 07:22:15,1.68,110.672
03/15/2026 07:32:15,1.67,110.667
03/15/2026 07:42:15,1.67,110.654
03/15/2026 07:52:15,1.66,110.702
03/15/2026 08:02:15,1.66,110.711
03/15/2026 08:12:15,1.65,110.689
03/15/2026 08:22:15,1.65,110.711
03/15/2026 08:32:15,1.65,110.711
03/15/2026 08:42:15,1.66,110.711
03/15/2026 08:52:15,1.66,110.715
03/15/2026 09:02:15,1.66,110.733
03/15/2026 09:12:15,1.67,110.724
03/15/2026 09:22:15,1.67,110.742
03/15/2026 09:32:15,1.68,110.712
03/15/2026 09:42:15,1.69,110.677
03/15/2026 09:52:15,1.71,110.682
03/15/2026 10:02:15,1.72,110.687
03/15/2026 10:12:15,1.74,110.661
03/15/2026 10:22:15,1.75,110.657
03/15/2026 10:32:15,1.77,110.667
03/15/2026 10:42:15,1.80,110.663
03/15/2026 10:52:15,1.83,110.669
03/15/2026 11:02:15,1.85,110.630
03/15/2026 11:12:15,1.88,110.658
03/15/2026 11:22:15,1.91,110.637
03/15/2026 11:32:15,1.93,110.598
03/15/2026 11:42:15,1.96,110.573
03/15/2026 11:52:15,1.99,110.548
03/15/2026 12:02:15,2.02,110.544
03/15/2026 12:12:15,2.04,110.550
03/15/2026 12:22:15,2.08,110.529
03/15/2026 12:32:15,2.11,110.513
03/15/2026 12:42:15,2.15,110.510
03/15/2026 12:52:15,2.19,110.472
03/15/2026 13:02:15,2.23,110.461
03/15/2026 13:12:15,2.28,110.427
03/15/2026 13:22:15,2.32,110.411
03/15/2026 13:32:15,2.37,110.400
03/15/2026 13:42:15,2.41,110.375
03/15/2026 13:52:15,2.46,110.359
03/15/2026 14:02:15,2.50,110.317
03/15/2026 14:12:15,2.55,110.302
03/15/2026 14:22:15,2.59,110.268
03/15/2026 14:32:15,2.63,110.270
03/15/2026 14:42:15,2.67,110.245
03/15/2026 14:52:15,2.71,110.228
03/15/2026 15:02:15,2.74,110.217
03/15/2026 15:12:15,2.78,110.179
03/15/2026 15:22:15,2.81,110.180
03/15/2026 15:32:15,2.85,110.172
03/15/2026 15:42:15,2.88,110.160
03/15/2026 15:52:15,2.91,110.157
03/15/2026 16:02:15,2.93,110.127
03/15/2026 16:12:15,2.96,110.115
03/15/2026 16:22:15,2.99,110.125
03/15/2026 16:32:15,3.01,110.117
03/15/2026 16:42:15,3.04,110.105
03/15/2026 16:52:15,3.06,110.084
03/15/2026 17:02:15,3.09,110.089
03/15/2026 17:12:15,3.11,110.073
03/15/2026 17:22:15,3.13,110.069
03/15/2026 17:32:15,3.15,110.074
03/15/2026 17:42:15,3.16,110.070
03/15/2026 17:52:15,3.17,110.106
03/15/2026 18:02:15,3.18,110.088
03/15/2026 18:12:15,3.19,110.076
03/15/2026 18:22:15,3.19,110.084
03/15/2026 18:32:15,3.19,110.106
03/15/2026 18:42:15,3.19,110.111
03/15/2026 18:52:15,3.19,110.089
03/15/2026 19:02:15,3.18,110.106
03/15/2026 19:12:15,3.18,110.093
03/15/2026 19:22:15,3.18,110.075
03/15/2026 19:32:15,3.17,110.075
03/15/2026 19:42:15,3.17,110.083
03/15/2026 19:52:15,3.16,110.057
03/15/2026 20:02:15,3.15,110.048
03/15/2026 20:12:15,3.14,110.030
03/15/2026 20:22:15,3.14,110.012
03/15/2026 20:32:15,3.13,109.999
03/15/2026 20:42:15,3.12,109.981
03/15/2026 20:52:15,3.11,109.950
03/15/2026 21:02:15,3.10,109.932
03/15/2026 21:12:15,3.09,109.944
03/15/2026 21:22:15,3.08,109.931
03/15/2026 21:32:15,3.07,109.926
03/15/2026 21:42:15,3.06,109.900
03/15/2026 21:52:15,3.05,109.864
03/15/2026 22:02:15,3.04,109.846
03/15/2026 22:12:15,3.03,109.824
03/15/2026 22:22:15,3.02,109.801
03/15/2026 22:32:15,3.01,109.779
03/15/2026 22:42:15,3.01,109.779
03/15/2026 22:52:15,3.00,109.731
03/15/2026 23:02:15,2.99,109.717
03/15/2026 23:12:15,2.99,109.721
03/15/2026 23:22:15,2.98,109.686
03/15/2026 23:32:15,2.98,109.651
03/15/2026 23:42:15,2.98,109.603
03/15/2026 23:52:15,2.98,109.572
03/16/2026 00:02:15,2.98,109.550
03/16/2026 00:12:15,2.97,109.515
03/16/2026 00:22:15,2.97,109.514
03/16/2026 00:32:15,2.97,109.484
03/16/2026 00:42:15,2.97,109.440
03/16/2026 00:52:15,2.97,109.409
03/16/2026 01:02:15,2.97,109.378
03/16/2026 01:12:15,2.98,109.357
03/16/2026 01:22:15,2.98,109.322
03/16/2026 01:32:15,2.98,109.291
03/16/2026 01:42:15,2.98,109.304
03/16/2026 01:52:15,2.99,109.296
03/16/2026 02:02:15,2.99,109.274
03/16/2026 02:12:15,3.00,109.226
03/16/2026 02:22:15,3.00,109.186
03/16/2026 02:32:15,3.00,109.169
03/16/2026 02:42:15,3.01,109.134
03/16/2026 02:52:15,3.01,109.090
03/16/2026 03:02:15,3.01,109.042
03/16/2026 03:12:15,3.02,109.011
03/16/2026 03:22:15,3.02,108.972
03/16/2026 03:32:15,3.03,108.950
03/16/2026 03:42:15,3.03,108.920
03/16/2026 03:52:15,3.03,108.898
03/16/2026 04:02:15,3.04,108.845
03/16/2026 04:12:15,3.04,108.837
03/16/2026 04:22:15,3.05,108.828
03/16/2026 04:32:15,3.05,108.793
03/16/2026 04:42:15,3.06,108.780
03/16/2026 04:52:15,3.06,108.737
03/16/2026 05:02:15,3.06,108.732
03/16/2026 05:12:15,3.07,108.715
03/16/2026 05:22:15,3.07,108.689
03/16/2026 05:32:15,3.07,108.623
03/16/2026 05:42:15,3.08,108.597
03/16/2026 05:52:15,3.08,108.610
03/16/2026 06:02:15,3.10,108.668
03/16/2026 06:12:15,3.13,108.713
03/16/2026 06:22:15,3.16,108.731
03/16/2026 06:32:15,3.21,108.751
03/16/2026 06:42:15,3.26,108.744
03/16/2026 06:52:15,3.31,108.763
03/16/2026 07:02:15,3.34,108.747
03/16/2026 07:12:15,3.37,108.787
03/16/2026 07:22:15,3.39,108.758
03/16/2026 07:32:15,3.41,108.728
03/16/2026 07:42:15,3.42,108.741
03/16/2026 07:52:15,3.42,108.745
03/16/2026 08:02:15,3.41,108.780
03/16/2026 08:12:15,3.41,108.767
03/16/2026 08:22:15,3.41,108.767
03/16/2026 08:32:15,3.41,108.767
03/16/2026 08:42:15,3.41,108.798
03/16/2026 08:52:15,3.41,108.815
03/16/2026 09:02:15,3.41,108.815
03/16/2026 09:12:15,3.42,108.846
03/16/2026 09:22:15,3.43,108.895
03/16/2026 09:32:15,3.44,108.904
03/16/2026 09:42:15,3.46,108.870
03/16/2026 09:52:15,3.48,108.870
03/16/2026 10:02:15,3.48,108.818
03/16/2026 10:12:15,3.49,108.809
03/16/2026 10:22:15,3.48,108.818
03/16/2026 10:32:15,3.48,108.805
03/16/2026 10:42:15,3.48,108.840
03/16/2026 10:52:15,3.48,108.919
03/16/2026 11:02:15,3.49,109.042
03/16/2026 11:12:15,3.52,109.074
03/16/2026 11:22:15,3.55,109.040
03/16/2026 11:32:15,3.59,109.020
03/16/2026 11:42:15,3.63,108.933
03/16/2026 11:52:15,3.65,108.925
03/16/2026 12:02:15,3.66,108.891
03/16/2026 12:12:15,3.67,108.904
03/16/2026 12:22:15,3.67,108.917
03/16/2026 12:32:15,3.67,108.966
03/16/2026 12:42:15,3.68,109.106
03/16/2026 12:52:15,3.72,109.349
03/16/2026 13:02:15,3.76,109.447
03/16/2026 13:12:15,3.83,109.428
03/16/2026 13:22:15,3.91,109.484
03/16/2026 13:32:15,3.98,109.548
03/16/2026 13:42:15,4.03,109.563
03/16/2026 13:52:15,4.07,109.551
03/16/2026 14:02:15,4.10,109.544
03/16/2026 14:12:15,4.12,109.601
03/16/2026 14:22:15,4.12,109.610
03/16/2026 14:32:15,4.11,109.632
03/16/2026 14:42:15,4.10,109.684
03/16/2026 14:52:15,4.09,109.688
03/16/2026 15:02:15,4.08,109.688
03/16/2026 15:12:15,4.07,109.731
03/16/2026 15:22:15,4.06,109.709
03/16/2026 15:32:15,4.05,109.735
03/16/2026 15:42:15,4.05,109.726
03/16/2026 15:52:15,4.05,109.783
03/16/2026 16:02:15,4.05,109.765
03/16/2026 16:12:15,4.05,109.739
03/16/2026 16:22:15,4.05,109.709
03/16/2026 16:32:15,4.06,109.726
03/16/2026 16:42:15,4.06,109.700
03/16/2026 16:52:15,4.08,109.723
03/16/2026 17:02:15,4.09,109.723
03/16/2026 17:12:15,4.10,109.737
03/16/2026 17:22:15,4.12,109.755
03/16/2026 17:32:15,4.13,109.769
03/16/2026 17:42:15,4.14,109.787
03/16/2026 17:52:15,4.16,109.818
03/16/2026 18:02:15,4.18,109.849
03/16/2026 18:12:15,4.19,109.894
03/16/2026 18:22:15,4.21,109.956
03/16/2026 18:32:15,4.23,109.983
03/16/2026 18:42:15,4.25,110.041
03/16/2026 18:52:15,4.27,110.055
03/16/2026 19:02:15,4.29,110.152
03/16/2026 19:12:15,4.31,110.241
03/16/2026 19:22:15,4.33,110.294
03/16/2026 19:32:15,4.35,110.321
03/16/2026 19:42:15,4.36,110.396
03/16/2026 19:52:15,4.38,110.516
03/16/2026 20:02:15,4.40,110.635
03/16/2026 20:12:15,4.43,110.728
03/16/2026 20:22:15,4.47,110.756
03/16/2026 20:32:15,4.54,110.890
03/16/2026 20:42:15,4.60,111.104
03/16/2026 20:52:15,4.66,111.237
03/16/2026 21:02:15,4.69,111.296
03/16/2026 21:12:15,4.71,111.340
03/16/2026 21:22:15,4.72,111.420
03/16/2026 21:32:15,4.72,111.521
03/16/2026 21:42:15,4.72,111.560
03/16/2026 21:52:15,4.73,111.618
03/16/2026 22:02:15,4.75,111.693
03/16/2026 22:12:15,4.79,111.747
03/16/2026 22:22:15,4.83,111.780
03/16/2026 22:32:15,4.89,111.843
03/16/2026 22:42:15,4.93,111.819
03/16/2026 22:52:15,4.95,111.907
03/16/2026 23:02:15,4.95,111.964
03/16/2026 23:12:15,4.95,111.995
03/16/2026 23:22:15,4.94,112.003
03/16/2026 23:32:15,4.94,112.078
03/16/2026 23:42:15,4.95,112.061
03/16/2026 23:52:15,4.98,112.101
03/17/2026 00:02:15,5.01,112.129
03/17/2026 00:12:15,5.05,112.236
03/17/2026 00:22:15,5.08,112.364
03/17/2026 00:32:15,5.11,112.467
03/17/2026 00:42:15,5.13,112.529
03/17/2026 00:52:15,5.14,112.608
03/17/2026 01:02:15,5.16,112.763
03/17/2026 01:12:15,5.18,113.079
03/17/2026 01:22:15,5.20,113.159
03/17/2026 01:32:15,5.21,113.182
03/17/2026 01:42:15,5.23,113.270
03/17/2026 01:52:15,5.22,113.375
03/17/2026 02:02:15,5.21,113.541
03/17/2026 02:12:15,5.21,113.691
03/17/2026 02:22:15,5.24,113.850
03/17/2026 02:32:15,5.28,113.944
03/17/2026 02:42:15,5.30,114.405
03/17/2026 02:52:15,5.30,114.537
03/17/2026 03:02:15,5.29,114.804
03/17/2026 03:12:15,5.26,114.961
03/17/2026 03:22:15,5.25,114.934
03/17/2026 03:32:15,5.25,115.114
03/17/2026 03:42:15,5.26,115.137
03/17/2026 03:52:15,5.27,115.203
03/17/2026 04:02:15,5.27,115.352
03/17/2026 04:12:15,5.26,115.518
03/17/2026 04:22:15,5.24,115.632
03/17/2026 04:32:15,5.24,115.732
03/17/2026 04:42:15,5.25,115.829
03/17/2026 04:52:15,5.27,115.891
03/17/2026 05:02:15,5.27,115.953
03/17/2026 05:12:15,5.27,116.032
03/17/2026 05:22:15,5.26,116.119
03/17/2026 05:32:15,5.25,116.159
03/17/2026 05:42:15,5.25,116.251
03/17/2026 05:52:15,5.25,116.295
03/17/2026 06:02:15,5.26,116.334
03/17/2026 06:12:15,5.27,116.387
03/17/2026 06:22:15,5.29,116.471
03/17/2026 06:32:15,5.30,116.542
03/17/2026 06:42:15,5.29,116.612
03/17/2026 06:52:15,5.28,116.681
03/17/2026 07:02:15,5.26,116.729
03/17/2026 07:12:15,5.24,116.842
03/17/2026 07:22:15,5.22,116.912
03/17/2026 07:32:15,5.19,116.989
03/17/2026 07:42:15,5.17,117.050
03/17/2026 07:52:15,5.17,117.124
03/17/2026 08:02:15,5.16,117.172
03/17/2026 08:12:15,5.15,117.198
03/17/2026 08:22:15,5.14,117.228
03/17/2026 08:32:15,5.12,117.285
03/17/2026 08:42:15,5.10,117.310
03/17/2026 08:52:15,5.09,117.358
03/17/2026 09:02:15,5.06,117.423
03/17/2026 09:12:15,5.03,117.448
03/17/2026 09:22:15,5.00,117.451
03/17/2026 09:32:15,4.97,117.436
03/17/2026 09:42:15,4.92,117.627
03/17/2026 09:52:15,4.86,117.555
03/17/2026 10:02:15,4.82,117.470
03/17/2026 10:12:15,4.79,117.412
03/17/2026 10:22:15,4.77,117.498
03/17/2026 10:32:15,4.75,117.458
03/17/2026 10:42:15,4.73,117.440
03/17/2026 10:52:15,4.72,117.404
03/17/2026 11:02:15,4.71,117.426
03/17/2026 11:12:15,4.70,117.395
03/17/2026 11:22:15,4.69,117.412
03/17/2026 11:32:15,4.69,117.376
03/17/2026 11:42:15,4.68,117.337
03/17/2026 11:52:15,4.67,117.301
03/17/2026 12:02:15,4.66,117.248
03/17/2026 12:12:15,4.65,117.204
03/17/2026 12:22:15,4.64,117.225
03/17/2026 12:32:15,4.66,117.169
03/17/2026 12:42:15,4.69,117.083
03/17/2026 12:52:15,4.73,117.036
03/17/2026 13:02:15,4.76,116.976
03/17/2026 13:12:15,4.79,116.933
03/17/2026 13:22:15,4.82,116.860
03/17/2026 13:32:15,4.84,116.778
03/17/2026 13:42:15,4.86,116.695
03/17/2026 13:52:15,4.89,116.622
03/17/2026 14:02:15,4.92,116.570
03/17/2026 14:12:15,4.95,116.484
03/17/2026 14:22:15,4.99,116.398
03/17/2026 14:32:15,5.00,116.319
03/17/2026 14:42:15,5.01,116.280
03/17/2026 14:52:15,5.01,116.175
03/17/2026 15:02:15,5.02,116.149
03/17/2026 15:12:15,5.02,116.136
03/17/2026 15:22:15,5.01,116.052
03/17/2026 15:32:15,5.02,116.009
03/17/2026 15:42:15,5.05,115.979
03/17/2026 15:52:15,5.09,115.849
03/17/2026 16:02:15,5.11,115.815
03/17/2026 16:12:15,5.13,115.816
03/17/2026 16:22:15,5.13,115.741
03/17/2026 16:32:15,5.14,115.663
03/17/2026 16:42:15,5.17,115.646
03/17/2026 16:52:15,5.23,115.600
03/17/2026 17:02:15,5.28,115.620
03/17/2026 17:12:15,5.34,115.548
03/17/2026 17:22:15,5.38,115.571
03/17/2026 17:32:15,5.40,115.607
03/17/2026 17:42:15,5.42,115.503
03/17/2026 17:52:15,5.42,115.538
03/17/2026 18:02:15,5.42,115.419
03/17/2026 18:12:15,5.41,115.353
03/17/2026 18:22:15,5.40,115.296
03/17/2026 18:32:15,5.39,115.260
03/17/2026 18:42:15,5.37,115.246
03/17/2026 18:52:15,5.35,115.272
03/17/2026 19:02:15,5.33,115.249
03/17/2026 19:12:15,5.29,115.243
03/17/2026 19:22:15,5.26,115.194
03/17/2026 19:32:15,5.22,115.236
03/17/2026 19:42:15,5.18,115.186
03/17/2026 19:52:15,5.14,115.158
03/17/2026 20:02:15,5.11,115.100
03/17/2026 20:12:15,5.07,115.094
03/17/2026 20:22:15,5.03,115.018
03/17/2026 20:32:15,4.99,114.963
03/17/2026 20:42:15,4.95,114.979
03/17/2026 20:52:15,4.91,114.912
03/17/2026 21:02:15,4.87,114.888
03/17/2026 21:12:15,4.83,114.891
03/17/2026 21:22:15,4.79,114.859
03/17/2026 21:32:15,4.75,114.800
03/17/2026 21:42:15,4.71,114.759
03/17/2026 21:52:15,4.68,114.736
03/17/2026 22:02:15,4.64,114.699
03/17/2026 22:12:15,4.61,114.685
03/17/2026 22:22:15,4.58,114.675
03/17/2026 22:32:15,4.55,114.652
03/17/2026 22:42:15,4.54,114.625
03/17/2026 22:52:15,4.54,114.603
03/17/2026 23:02:15,4.53,114.590
03/17/2026 23:12:15,4.53,114.563
03/17/2026 23:22:15,4.52,114.532
03/17/2026 23:32:15,4.51,114.479
03/17/2026 23:42:15,4.51,114.475
03/17/2026 23:52:15,4.50,114.457
03/18/2026 00:02:15,4.50,114.426
03/18/2026 00:12:15,4.50,114.387
03/18/2026 00:22:15,4.50,114.387
03/18/2026 00:32:15,4.50,114.338
03/18/2026 00:42:15,4.50,114.316
03/18/2026 00:52:15,4.49,114.299
03/18/2026 01:02:15,4.49,114.268
03/18/2026 01:12:15,4.48,114.237
03/18/2026 01:22:15,4.47,114.206
03/18/2026 01:32:15,4.47,114.153
03/18/2026 01:42:15,4.46,114.135
03/18/2026 01:52:15,4.46,114.087
03/18/2026 02:02:15,4.45,114.078
03/18/2026 02:12:15,4.44,114.047
03/18/2026 02:22:15,4.43,114.028
03/18/2026 02:32:15,4.41,114.001
03/18/2026 02:42:15,4.39,114.005
03/18/2026 02:52:15,4.37,113.978
03/18/2026 03:02:15,4.35,113.925
03/18/2026 03:12:15,4.32,113.919
03/18/2026 03:22:15,4.28,113.895
03/18/2026 03:32:15,4.23,113.841
03/18/2026 03:42:15,4.21,113.823
03/18/2026 03:52:15,4.21,113.818
03/18/2026 04:02:15,4.20,113.783
03/18/2026 04:12:15,4.17,113.742
03/18/2026 04:22:15,4.14,113.710
03/18/2026 04:32:15,4.10,113.691
03/18/2026 04:42:15,4.06,113.694
03/18/2026 04:52:15,4.01,113.679
03/18/2026 05:02:15,3.91,113.688
03/18/2026 05:12:15,3.79,113.679
03/18/2026 05:22:15,3.66,113.665
03/18/2026 05:32:15,3.59,113.653
03/18/2026 05:42:15,3.54,113.647
03/18/2026 05:52:15,3.43,113.625
03/18/2026 06:02:15,3.27,113.601
03/18/2026 06:12:15,3.14,113.605
03/18/2026 06:22:15,3.03,113.583
03/18/2026 06:32:15,2.95,113.562
03/18/2026 06:42:15,2.88,113.529
03/18/2026 06:52:15,2.84,113.523
03/18/2026 07:02:15,2.79,113.512
03/18/2026 07:12:15,2.74,113.506
03/18/2026 07:22:15,2.72,113.479
03/18/2026 07:32:15,2.70,113.482
03/18/2026 07:42:15,2.66,113.490
03/18/2026 07:52:15,2.61,113.492
03/18/2026 08:02:15,2.57,113.486
03/18/2026 08:12:15,2.52,113.497
03/18/2026 08:22:15,2.46,113.486
03/18/2026 08:32:15,2.39,113.488
03/18/2026 08:42:15,2.34,113.494
03/18/2026 08:52:15,2.29,113.515
03/18/2026 09:02:15,2.25,113.491
03/18/2026 09:12:15,2.20,113.476
03/18/2026 09:22:15,2.17,113.492
03/18/2026 09:32:15,2.14,113.443
03/18/2026 09:42:15,2.11,113.433
03/18/2026 09:52:15,2.10,113.437
03/18/2026 10:02:15,2.08,113.388
03/18/2026 10:12:15,2.08,113.366
03/18/2026 10:22:15,2.08,113.357
03/18/2026 10:32:15,2.09,113.318
03/18/2026 10:42:15,2.09,113.327
03/18/2026 10:52:15,2.10,113.288
03/18/2026 11:02:15,2.11,113.257
03/18/2026 11:12:15,2.12,113.227
03/18/2026 11:22:15,2.13,113.206
03/18/2026 11:32:15,2.14,113.145
03/18/2026 11:42:15,2.16,113.062
03/18/2026 11:52:15,2.18,112.997
03/18/2026 12:02:15,2.20,112.950
03/18/2026 12:12:15,2.22,112.920
03/18/2026 12:22:15,2.25,112.895
03/18/2026 12:32:15,2.27,112.887
03/18/2026 12:42:15,2.30,112.870
03/18/2026 12:52:15,2.32,112.832
03/18/2026 13:02:15,2.35,112.811
03/18/2026 13:12:15,2.37,112.768
03/18/2026 13:22:15,2.40,112.752
03/18/2026 13:32:15,2.43,112.740
03/18/2026 13:42:15,2.46,112.675
03/18/2026 13:52:15,2.48,112.663
03/18/2026 14:02:15,2.51,112.646
03/18/2026 14:12:15,2.54,112.612
03/18/2026 14:22:15,2.57,112.627
03/18/2026 14:32:15,2.59,112.627
03/18/2026 14:42:15,2.61,112.567
03/18/2026 14:52:15,2.63,112.563
03/18/2026 15:02:15,2.65,112.529
03/18/2026 15:12:15,2.67,112.516
03/18/2026 15:22:15,2.68,112.504
03/18/2026 15:32:15,2.70,112.496
03/18/2026 15:42:15,2.72,112.466
03/18/2026 15:52:15,2.74,112.467
03/18/2026 16:02:15,2.75,112.450
03/18/2026 16:12:15,2.77,112.415
03/18/2026 16:22:15,2.78,112.403
03/18/2026 16:32:15,2.80,112.408
03/18/2026 16:42:15,2.81,112.404
03/18/2026 16:52:15,2.83,112.378
03/18/2026 17:02:15,2.84,112.374
03/18/2026 17:12:15,2.86,112.366
03/18/2026 17:22:15,2.87,112.331
03/18/2026 17:32:15,2.88,112.336
03/18/2026 17:42:15,2.90,112.328
03/18/2026 17:52:15,2.91,112.311
03/18/2026 18:02:15,2.92,112.281
03/18/2026 18:12:15,2.93,112.294
03/18/2026 18:22:15,2.95,112.264
03/18/2026 18:32:15,2.96,112.260
03/18/2026 18:42:15,2.97,112.234
03/18/2026 18:52:15,2.98,112.235
03/18/2026 19:02:15,3.00,112.200
03/18/2026 19:12:15,3.01,112.188
03/18/2026 19:22:15,3.02,112.210
03/18/2026 19:32:15,3.03,112.175
03/18/2026 19:42:15,3.04,112.176
03/18/2026 19:52:15,3.05,112.163
03/18/2026 20:02:15,3.06,112.163
03/18/2026 20:12:15,3.07,112.151
03/18/2026 20:22:15,3.08,112.151
03/18/2026 20:32:15,3.09,112.156
03/18/2026 20:42:15,3.10,112.165
03/18/2026 20:52:15,3.11,112.152
03/18/2026 21:02:15,3.12,112.157
03/18/2026 21:12:15,3.13,112.144
03/18/2026 21:22:15,3.14,112.136
03/18/2026 21:32:15,3.15,112.132
03/18/2026 21:42:15,3.16,112.119
03/18/2026 21:52:15,3.16,112.115
03/18/2026 22:02:15,3.17,112.111
03/18/2026 22:12:15,3.18,112.102
03/18/2026 22:22:15,3.19,112.080
03/18/2026 22:32:15,3.19,112.090
03/18/2026 22:42:15,3.20,112.068
03/18/2026 22:52:15,3.20,112.059
03/18/2026 23:02:15,3.21,112.051
03/18/2026 23:12:15,3.21,112.025
03/18/2026 23:22:15,3.22,112.016
03/18/2026 23:32:15,3.22,112.020
03/18/2026 23:42:15,3.23,111.986
03/18/2026 23:52:15,3.23,111.942
03/19/2026 00:02:15,3.23,111.924
03/19/2026 00:12:15,3.23,111.916
03/19/2026 00:22:15,3.24,111.885
03/19/2026 00:32:15,3.24,111.876
03/19/2026 00:42:15,3.24,111.863
03/19/2026 00:52:15,3.24,111.850
03/19/2026 01:02:15,3.24,111.855
03/19/2026 01:12:15,3.25,111.846
03/19/2026 01:22:15,3.25,111.833
03/19/2026 01:32:15,3.25,111.828
03/19/2026 01:42:15,3.25,111.815
03/19/2026 01:52:15,3.25,111.789
03/19/2026 02:02:15,3.25,111.767
03/19/2026 02:12:15,3.24,111.758
03/19/2026 02:22:15,3.24,111.736
03/19/2026 02:32:15,3.23,111.705
03/19/2026 02:42:15,3.23,111.692
03/19/2026 02:52:15,3.23,111.670
03/19/2026 03:02:15,3.22,111.661
03/19/2026 03:12:15,3.22,111.626
03/19/2026 03:22:15,3.22,111.621
03/19/2026 03:32:15,3.22,111.599
03/19/2026 03:42:15,3.22,111.599
03/19/2026 03:52:15,3.22,111.564
03/19/2026 04:02:15,3.22,111.564
03/19/2026 04:12:15,3.22,111.555
03/19/2026 04:22:15,3.22,111.564
03/19/2026 04:32:15,3.22,111.538
03/19/2026 04:42:15,3.21,111.533
03/19/2026 04:52:15,3.21,111.515
03/19/2026 05:02:15,3.20,111.511
03/19/2026 05:12:15,3.19,111.506
03/19/2026 05:22:15,3.18,111.484
03/19/2026 05:32:15,3.17,111.466
03/19/2026 05:42:15,3.15,111.443
03/19/2026 05:52:15,3.14,111.429
03/19/2026 06:02:15,3.12,111.425
03/19/2026 06:12:15,3.11,111.420
03/19/2026 06:22:15,3.10,111.389
03/19/2026 06:32:15,3.09,111.388
03/19/2026 06:42:15,3.09,111.397
03/19/2026 06:52:15,3.08,111.383
03/19/2026 07:02:15,3.07,111.370
03/19/2026 07:12:15,3.06,111.370
03/19/2026 07:22:15,3.05,111.369
03/19/2026 07:32:15,3.04,111.386
03/19/2026 07:42:15,3.03,111.355
03/19/2026 07:52:15,3.02,111.320
03/19/2026 08:02:15,3.01,111.315
03/19/2026 08:12:15,2.99,111.305
03/19/2026 08:22:15,2.98,111.305
03/19/2026 08:32:15,2.96,111.287
03/19/2026 08:42:15,2.95,111.277
03/19/2026 08:52:15,2.93,111.268
03/19/2026 09:02:15,2.92,111.232
03/19/2026 09:12:15,2.90,111.219
03/19/2026 09:22:15,2.88,111.240
03/19/2026 09:32:15,2.87,111.217
03/19/2026 09:42:15,2.86,111.204
03/19/2026 09:52:15,2.84,111.190
03/19/2026 10:02:15,2.83,111.181
03/19/2026 10:12:15,2.82,111.167
03/19/2026 10:22:15,2.82,111.167
03/19/2026 10:32:15,2.81,111.158
03/19/2026 10:42:15,2.80,111.140
03/19/2026 10:52:15,2.80,111.118
03/19/2026 11:02:15,2.80,111.105
03/19/2026 11:12:15,2.80,111.092
03/19/2026 11:22:15,2.80,111.057
03/19/2026 11:32:15,2.80,111.039
03/19/2026 11:42:15,2.79,111.030
03/19/2026 11:52:15,2.79,111.012
03/19/2026 12:02:15,2.78,110.999
03/19/2026 12:12:15,2.78,110.995
03/19/2026 12:22:15,2.78,110.964
03/19/2026 12:32:15,2.77,110.968
03/19/2026 12:42:15,2.77,110.955
03/19/2026 12:52:15,2.77,110.915
03/19/2026 13:02:15,2.77,110.880
03/19/2026 13:12:15,2.77,110.858
03/19/2026 13:22:15,2.77,110.841
03/19/2026 13:32:15,2.78,110.832
03/19/2026 13:42:15,2.78,110.815
03/19/2026 13:52:15,2.79,110.771
03/19/2026 14:02:15,2.79,110.745
03/19/2026 14:12:15,2.79,110.719
03/19/2026 14:22:15,2.80,110.693
03/19/2026 14:32:15,2.80,110.666
03/19/2026 14:42:15,2.81,110.654
03/19/2026 14:52:15,2.82,110.627
03/19/2026 15:02:15,2.82,110.615
03/19/2026 15:12:15,2.83,110.593
03/19/2026 15:22:15,2.83,110.580
03/19/2026 15:32:15,2.84,110.567
03/19/2026 15:42:15,2.85,110.550
03/19/2026 15:52:15,2.85,110.528
03/19/2026 16:02:15,2.86,110.511
03/19/2026 16:12:15,2.86,110.502
03/19/2026 16:22:15,2.87,110.493
03/19/2026 16:32:15,2.87,110.472
03/19/2026 16:42:15,2.88,110.476
03/19/2026 16:52:15,2.88,110.454
03/19/2026 17:02:15,2.89,110.446
03/19/2026 17:12:15,2.89,110.415
03/19/2026 17:22:15,2.90,110.424
03/19/2026 17:32:15,2.90,110.420
03/19/2026 17:42:15,2.91,110.433
03/19/2026 17:52:15,2.91,110.403
03/19/2026 18:02:15,2.91,110.399
03/19/2026 18:12:15,2.92,110.399
03/19/2026 18:22:15,2.92,110.395
03/19/2026 18:32:15,2.93,110.404
03/19/2026 18:42:15,2.93,110.395
03/19/2026 18:52:15,2.93,110.404
03/19/2026 19:02:15,2.94,110.382
03/19/2026 19:12:15,2.94,110.417
03/19/2026 19:22:15,2.94,110.395
03/19/2026 19:32:15,2.95,110.431
03/19/2026 19:42:15,2.95,110.426
03/19/2026 19:52:15,2.95,110.431
03/19/2026 20:02:15,2.95,110.444
03/19/2026 20:12:15,2.96,110.431
03/19/2026 20:22:15,2.96,110.418
03/19/2026 20:32:15,2.96,110.409
03/19/2026 20:42:15,2.96,110.387
03/19/2026 20:52:15,2.96,110.348
03/19/2026 21:02:15,2.97,110.339
03/19/2026 21:12:15,2.97,110.317
03/19/2026 21:22:15,2.97,110.344
03/19/2026 21:32:15,2.97,110.331
03/19/2026 21:42:15,2.97,110.335
03/19/2026 21:52:15,2.98,110.318
03/19/2026 22:02:15,2.98,110.326
03/19/2026 22:12:15,2.98,110.322
03/19/2026 22:22:15,2.98,110.327
03/19/2026 22:32:15,2.98,110.305
03/19/2026 22:42:15,2.98,110.291
03/19/2026 22:52:15,2.98,110.278
03/19/2026 23:02:15,2.98,110.274
03/19/2026 23:12:15,2.98,110.252
03/19/2026 23:22:15,2.98,110.256
03/19/2026 23:32:15,2.98,110.261
03/19/2026 23:42:15,2.97,110.247
03/19/2026 23:52:15,2.97,110.230
03/20/2026 00:02:15,2.97,110.195
03/20/2026 00:12:15,2.97,110.203
03/20/2026 00:22:15,2.96,110.190
03/20/2026 00:32:15,2.96,110.185
03/20/2026 00:42:15,2.96,110.185
03/20/2026 00:52:15,2.96,110.150
03/20/2026 01:02:15,2.96,110.133
03/20/2026 01:12:15,2.96,110.146
03/20/2026 01:22:15,2.96,110.146
03/20/2026 01:32:15,2.95,110.146
03/20/2026 01:42:15,2.95,110.137
03/20/2026 01:52:15,2.95,110.111
03/20/2026 02:02:15,2.95,110.093
03/20/2026 02:12:15,2.95,110.053
03/20/2026 02:22:15,2.95,110.023
03/20/2026 02:32:15,2.95,110.001
03/20/2026 02:42:15,2.95,109.979
03/20/2026 02:52:15,2.95,109.970
03/20/2026 03:02:15,2.95,109.939
03/20/2026 03:12:15,2.95,109.961
03/20/2026 03:22:15,2.95,109.957
03/20/2026 03:32:15,2.95,109.908
03/20/2026 03:42:15,2.95,109.926
03/20/2026 03:52:15,2.95,109.904
03/20/2026 04:02:15,2.95,109.856
03/20/2026 04:12:15,2.95,109.856
03/20/2026 04:22:15,2.95,109.847
03/20/2026 04:32:15,2.95,109.838
03/20/2026 04:42:15,2.95,109.843
03/20/2026 04:52:15,2.95,109.851
03/20/2026 05:02:15,2.95,109.834
03/20/2026 05:12:15,2.95,109.834
03/20/2026 05:22:15,2.95,109.825
03/20/2026 05:32:15,2.95,109.843
03/20/2026 05:42:15,2.95,109.821
03/20/2026 05:52:15,2.95,109.825
03/20/2026 06:02:15,2.95,109.825
03/20/2026 06:12:15,2.95,109.834
03/20/2026 06:22:15,2.95,109.852
03/20/2026 06:32:15,2.95,109.852
03/20/2026 06:42:15,2.95,109.852
03/20/2026 06:52:15,2.95,109.847
03/20/2026 07:02:15,2.95,109.860
03/20/2026 07:12:15,2.95,109.860
03/20/2026 07:22:15,2.95,109.847
03/20/2026 07:32:15,2.95,109.843
03/20/2026 07:42:15,2.95,109.830
03/20/2026 07:52:15,2.95,109.808
03/20/2026 08:02:15,2.94,109.786
03/20/2026 08:12:15,2.94,109.777
03/20/2026 08:22:15,2.94,109.755
03/20/2026 08:32:15,2.94,109.746
03/20/2026 08:42:15,2.93,109.728
03/20/2026 08:52:15,2.93,109.746
03/20/2026 09:02:15,2.93,109.723
03/20/2026 09:12:15,2.92,109.697
03/20/2026 09:22:15,2.92,109.688
03/20/2026 09:32:15,2.91,109.675
03/20/2026 09:42:15,2.91,109.644
03/20/2026 09:52:15,2.90,109.617
03/20/2026 10:02:15,2.90,109.599
03/20/2026 10:12:15,2.89,109.560
03/20/2026 10:22:15,2.89,109.573
03/20/2026 10:32:15,2.89,109.564
03/20/2026 10:42:15,2.88,109.546
03/20/2026 10:52:15,2.88,109.489
03/20/2026 11:02:15,2.88,109.476
03/20/2026 11:12:15,2.88,109.401
03/20/2026 11:22:15,2.88,109.366
03/20/2026 11:32:15,2.88,109.331
03/20/2026 11:42:15,2.88,109.309
03/20/2026 11:52:15,2.88,109.292
03/20/2026 12:02:15,2.88,109.235
03/20/2026 12:12:15,2.88,109.191
03/20/2026 12:22:15,2.89,109.147
03/20/2026 12:32:15,2.89,109.143
03/20/2026 12:42:15,2.90,109.125
03/20/2026 12:52:15,2.90,109.099
03/20/2026 13:02:15,2.91,109.069
03/20/2026 13:12:15,2.92,109.030
03/20/2026 13:22:15,2.94,108.969
03/20/2026 13:32:15,2.95,108.921
03/20/2026 13:42:15,2.96,108.886
03/20/2026 13:52:15,2.97,108.874
03/20/2026 14:02:15,2.99,108.822
03/20/2026 14:12:15,3.01,108.792
03/20/2026 14:22:15,3.02,108.766
03/20/2026 14:32:15,3.04,108.696
03/20/2026 14:42:15,3.06,108.618
03/20/2026 14:52:15,3.08,108.601
03/20/2026 15:02:15,3.10,108.584
03/20/2026 15:12:15,3.12,108.576
03/20/2026 15:22:15,3.14,108.564
03/20/2026 15:32:15,3.16,108.556
03/20/2026 15:42:15,3.18,108.530
03/20/2026 15:52:15,3.21,108.522
03/20/2026 16:02:15,3.23,108.506
03/20/2026 16:12:15,3.25,108.484
03/20/2026 16:22:15,3.27,108.463
03/20/2026 16:32:15,3.29,108.460
03/20/2026 16:42:15,3.31,108.469
03/20/2026 16:52:15,3.33,108.448
03/20/2026 17:02:15,3.34,108.435
03/20/2026 17:12:15,3.36,108.418
03/20/2026 17:22:15,3.38,108.415
03/20/2026 17:32:15,3.40,108.406
03/20/2026 17:42:15,3.41,108.433
03/20/2026 17:52:15,3.43,108.447
03/20/2026 18:02:15,3.45,108.457
03/20/2026 18:12:15,3.46,108.457
03/20/2026 18:22:15,3.48,108.489
03/20/2026 18:32:15,3.49,108.502
03/20/2026 18:42:15,3.51,108.534
03/20/2026 18:52:15,3.52,108.560
03/20/2026 19:02:15,3.54,108.601
03/20/2026 19:12:15,3.55,108.619
03/20/2026 19:22:15,3.57,108.632
03/20/2026 19:32:15,3.59,108.620
03/20/2026 19:42:15,3.61,108.651
03/20/2026 19:52:15,3.63,108.661
03/20/2026 20:02:15,3.64,108.675
03/20/2026 20:12:15,3.66,108.689
03/20/2026 20:22:15,3.68,108.685
03/20/2026 20:32:15,3.70,108.672
03/20/2026 20:42:15,3.71,108.704
03/20/2026 20:52:15,3.73,108.695
03/20/2026 21:02:15,3.74,108.678
03/20/2026 21:12:15,3.75,108.683
03/20/2026 21:22:15,3.76,108.684
03/20/2026 21:32:15,3.77,108.679
03/20/2026 21:42:15,3.78,108.667
03/20/2026 21:52:15,3.79,108.689
03/20/2026 22:02:15,3.80,108.676
03/20/2026 22:12:15,3.81,108.672
03/20/2026 22:22:15,3.81,108.694
03/20/2026 22:32:15,3.82,108.681
03/20/2026 22:42:15,3.83,108.690
03/20/2026 22:52:15,3.84,108.691
03/20/2026 23:02:15,3.86,108.687
03/20/2026 23:12:15,3.87,108.696
03/20/2026 23:22:15,3.88,108.688
03/20/2026 23:32:15,3.88,108.688
03/20/2026 23:42:15,3.89,108.706
03/20/2026 23:52:15,3.90,108.697
03/21/2026 00:02:15,3.91,108.693
03/21/2026 00:12:15,3.92,108.702
03/21/2026 00:22:15,3.92,108.694
03/21/2026 00:32:15,3.93,108.694
03/21/2026 00:42:15,3.94,108.703
03/21/2026 00:52:15,3.95,108.704
03/21/2026 01:02:15,3.96,108.713
03/21/2026 01:12:15,3.97,108.726
03/21/2026 01:22:15,3.97,108.740
03/21/2026 01:32:15,3.98,108.740
03/21/2026 01:42:15,3.99,108.753
03/21/2026 01:52:15,4.00,108.758
03/21/2026 02:02:15,4.00,108.758
03/21/2026 02:12:15,4.01,108.754
03/21/2026 02:22:15,4.01,108.745
03/21/2026 02:32:15,4.01,108.750
03/21/2026 02:42:15,4.02,108.741
03/21/2026 02:52:15,4.02,108.750
03/21/2026 03:02:15,4.03,108.720
03/21/2026 03:12:15,4.03,108.724
03/21/2026 03:22:15,4.04,108.724
03/21/2026 03:32:15,4.04,108.720
03/21/2026 03:42:15,4.05,108.729
03/21/2026 03:52:15,4.05,108.725
03/21/2026 04:02:15,4.05,108.734
03/21/2026 04:12:15,4.05,108.703
03/21/2026 04:22:15,4.05,108.712
03/21/2026 04:32:15,4.05,108.690
03/21/2026 04:42:15,4.06,108.712
03/21/2026 04:52:15,4.06,108.712
03/21/2026 05:02:15,4.06,108.738
03/21/2026 05:12:15,4.06,108.756
03/21/2026 05:22:15,4.06,108.765
03/21/2026 05:32:15,4.06,108.782
03/21/2026 05:42:15,4.06,108.765
03/21/2026 05:52:15,4.07,108.783
03/21/2026 06:02:15,4.07,108.791
03/21/2026 06:12:15,4.07,108.800
03/21/2026 06:22:15,4.08,108.822
03/21/2026 06:32:15,4.08,108.792
03/21/2026 06:42:15,4.08,108.849
03/21/2026 06:52:15,4.08,108.875
03/21/2026 07:02:15,4.09,108.889
03/21/2026 07:12:15,4.09,108.902
03/21/2026 07:22:15,4.09,108.920
03/21/2026 07:32:15,4.10,108.911
03/21/2026 07:42:15,4.10,108.951
03/21/2026 07:52:15,4.11,108.960
03/21/2026 08:02:15,4.11,108.977
03/21/2026 08:12:15,4.11,108.969
03/21/2026 08:22:15,4.12,108.978
03/21/2026 08:32:15,4.12,108.978
03/21/2026 08:42:15,4.12,108.982
03/21/2026 08:52:15,4.13,109.004
03/21/2026 09:02:15,4.13,109.026
03/21/2026 09:12:15,4.13,109.057
03/21/2026 09:22:15,4.13,109.070
03/21/2026 09:32:15,4.13,109.079
03/21/2026 09:42:15,4.13,109.092
03/21/2026 09:52:15,4.13,109.101
03/21/2026 10:02:15,4.13,109.119
03/21/2026 10:12:15,4.13,109.119
03/21/2026 10:22:15,4.13,109.128
03/21/2026 10:32:15,4.13,109.128
03/21/2026 10:42:15,4.13,109.119
03/21/2026 10:52:15,4.13,109.088
03/21/2026 11:02:15,4.13,109.071
03/21/2026 11:12:15,4.14,109.062
03/21/2026 11:22:15,4.14,109.079
03/21/2026 11:32:15,4.14,109.062
03/21/2026 11:42:15,4.14,109.057
03/21/2026 11:52:15,4.14,109.066
03/21/2026 12:02:15,4.14,109.036
03/21/2026 12:12:15,4.14,109.036
03/21/2026 12:22:15,4.14,109.044
03/21/2026 12:32:15,4.14,109.058
03/21/2026 12:42:15,4.15,109.054
03/21/2026 12:52:15,4.15,109.058
03/21/2026 13:02:15,4.16,109.045
03/21/2026 13:12:15,4.16,109.045
03/21/2026 13:22:15,4.17,109.019
03/21/2026 13:32:15,4.17,109.059
03/21/2026 13:42:15,4.18,109.033
03/21/2026 13:52:15,4.19,109.002
03/21/2026 14:02:15,4.20,109.003
03/21/2026 14:12:15,4.21,109.007
03/21/2026 14:22:15,4.22,109.056
03/21/2026 14:32:15,4.23,109.013
03/21/2026 14:42:15,4.25,108.978
03/21/2026 14:52:15,4.27,108.970
03/21/2026 15:02:15,4.28,109.015
03/21/2026 15:12:15,4.30,109.002
03/21/2026 15:22:15,4.31,109.029
03/21/2026 15:32:15,4.33,109.008
03/21/2026 15:42:15,4.35,108.995
03/21/2026 15:52:15,4.37,109.009
03/21/2026 16:02:15,4.38,109.027
03/21/2026 16:12:15,4.40,109.028
03/21/2026 16:22:15,4.42,109.033
03/21/2026 16:32:15,4.43,109.016
03/21/2026 16:42:15,4.45,109.025
03/21/2026 16:52:15,4.47,109.013
03/21/2026 17:02:15,4.48,109.035
03/21/2026 17:12:15,4.49,109.044
03/21/2026 17:22:15,4.51,109.067
03/21/2026 17:32:15,4.53,109.072
03/21/2026 17:42:15,4.54,109.090
03/21/2026 17:52:15,4.56,109.086
03/21/2026 18:02:15,4.57,109.078
03/21/2026 18:12:15,4.59,109.096
03/21/2026 18:22:15,4.60,109.145
03/21/2026 18:32:15,4.62,109.141
03/21/2026 18:42:15,4.63,109.155
03/21/2026 18:52:15,4.64,109.155
03/21/2026 19:02:15,4.65,109.151
03/21/2026 19:12:15,4.66,109.147
03/21/2026 19:22:15,4.67,109.156
03/21/2026 19:32:15,4.68,109.148
03/21/2026 19:42:15,4.69,109.131
03/21/2026 19:52:15,4.70,109.122
03/21/2026 20:02:15,4.71,109.144
03/21/2026 20:12:15,4.72,109.167
03/21/2026 20:22:15,4.73,109.163
03/21/2026 20:32:15,4.74,109.190
03/21/2026 20:42:15,4.75,109.181
03/21/2026 20:52:15,4.76,109.164
03/21/2026 21:02:15,4.78,109.156
03/21/2026 21:12:15,4.79,109.165
03/21/2026 21:22:15,4.80,109.135
03/21/2026 21:32:15,4.81,109.170
03/21/2026 21:42:15,4.82,109.180
03/21/2026 21:52:15,4.83,109.162
03/21/2026 22:02:15,4.85,109.194
03/21/2026 22:12:15,4.85,109.172
03/21/2026 22:22:15,4.86,109.163
03/21/2026 22:32:15,4.87,109.150
03/21/2026 22:42:15,4.87,109.115
03/21/2026 22:52:15,4.87,109.124
03/21/2026 23:02:15,4.87,109.107
03/21/2026 23:12:15,4.88,109.032
03/21/2026 23:22:15,4.88,109.037
03/21/2026 23:32:15,4.88,109.037
03/21/2026 23:42:15,4.88,109.072
03/21/2026 23:52:15,4.89,109.112
03/22/2026 00:02:15,4.89,109.129
03/22/2026 00:12:15,4.89,109.099
03/22/2026 00:22:15,4.89,109.103
03/22/2026 00:32:15,4.89,109.055
03/22/2026 00:42:15,4.89,109.042
03/22/2026 00:52:15,4.90,109.073
03/22/2026 01:02:15,4.90,109.073
03/22/2026 01:12:15,4.90,109.086
03/22/2026 01:22:15,4.90,109.060
03/22/2026 01:32:15,4.90,109.020
03/22/2026 01:42:15,4.90,108.985
03/22/2026 01:52:15,4.90,109.055
03/22/2026 02:02:15,4.90,109.082
03/22/2026 02:12:15,4.90,109.051
03/22/2026 02:22:15,4.90,108.985
03/22/2026 02:32:15,4.90,109.011
03/22/2026 02:42:15,4.90,109.059
03/22/2026 02:52:15,4.90,109.020
03/22/2026 03:02:15,4.90,109.029
03/22/2026 03:12:15,4.90,108.967
03/22/2026 03:22:15,4.90,108.941
03/22/2026 03:32:15,4.89,108.901
03/22/2026 03:42:15,4.89,108.905
03/22/2026 03:52:15,4.89,108.896
03/22/2026 04:02:15,4.89,108.901
03/22/2026 04:12:15,4.89,108.896
03/22/2026 04:22:15,4.89,108.852
03/22/2026 04:32:15,4.88,108.857
03/22/2026 04:42:15,4.88,108.808
03/22/2026 04:52:15,4.88,108.773
03/22/2026 05:02:15,4.88,108.747
03/22/2026 05:12:15,4.88,108.734
03/22/2026 05:22:15,4.88,108.690
03/22/2026 05:32:15,4.88,108.667
03/22/2026 05:42:15,4.87,108.663
03/22/2026 05:52:15,4.87,108.663
03/22/2026 06:02:15,4.87,108.645
03/22/2026 06:12:15,4.87,108.632
03/22/2026 06:22:15,4.86,108.628
03/22/2026 06:32:15,4.86,108.654
03/22/2026 06:42:15,4.86,108.684
03/22/2026 06:52:15,4.86,108.698
03/22/2026 07:02:15,4.85,108.662
03/22/2026 07:12:15,4.85,108.636
03/22/2026 07:22:15,4.85,108.601
03/22/2026 07:32:15,4.85,108.548
03/22/2026 07:42:15,4.84,108.521
03/22/2026 07:52:15,4.84,108.517
03/22/2026 08:02:15,4.84,108.482
03/22/2026 08:12:15,4.83,108.490
03/22/2026 08:22:15,4.83,108.499
03/22/2026 08:32:15,4.83,108.428
03/22/2026 08:42:15,4.82,108.424
03/22/2026 08:52:15,4.82,108.424
03/22/2026 09:02:15,4.82,108.437
03/22/2026 09:12:15,4.81,108.415
03/22/2026 09:22:15,4.81,108.379
03/22/2026 09:32:15,4.81,108.362
03/22/2026 09:42:15,4.80,108.348
03/22/2026 09:52:15,4.80,108.362
03/22/2026 10:02:15,4.79,108.361
03/22/2026 10:12:15,4.79,108.379
03/22/2026 10:22:15,4.79,108.330
03/22/2026 10:32:15,4.78,108.339
03/22/2026 10:42:15,4.78,108.273
03/22/2026 10:52:15,4.78,108.211
03/22/2026 11:02:15,4.78,108.194
03/22/2026 11:12:15,4.77,108.251
03/22/2026 11:22:15,4.77,108.211
03/22/2026 11:32:15,4.77,108.180
03/22/2026 11:42:15,4.76,108.176
03/22/2026 11:52:15,4.76,108.162
03/22/2026 12:02:15,4.76,108.193
03/22/2026 12:12:15,4.76,108.184
03/22/2026 12:22:15,4.75,108.158
03/22/2026 12:32:15,4.75,108.096
03/22/2026 12:42:15,4.75,108.109
03/22/2026 12:52:15,4.75,108.056
03/22/2026 13:02:15,4.74,108.043
03/22/2026 13:12:15,4.74,108.118
03/22/2026 13:22:15,4.74,108.346
03/22/2026 13:32:15,4.74,108.315
03/22/2026 13:42:15,4.73,108.271
03/22/2026 13:52:15,4.73,108.175
03/22/2026 14:02:15,4.73,108.113
03/22/2026 14:12:15,4.73,108.113
03/22/2026 14:22:15,4.73,108.152
03/22/2026 14:32:15,4.72,108.095
03/22/2026 14:42:15,4.72,108.051
03/22/2026 14:52:15,4.72,108.082
03/22/2026 15:02:15,4.72,108.161
03/22/2026 15:12:15,4.72,108.121
03/22/2026 15:22:15,4.72,108.117
03/22/2026 15:32:15,4.72,108.152
03/22/2026 15:42:15,4.72,108.236
03/22/2026 15:52:15,4.72,108.284
03/22/2026 16:02:15,4.73,108.245
03/22/2026 16:12:15,4.73,108.179
03/22/2026 16:22:15,4.73,108.144
03/22/2026 16:32:15,4.73,108.113
03/22/2026 16:42:15,4.74,108.118
03/22/2026 16:52:15,4.74,108.148
03/22/2026 17:02:15,4.74,108.140
03/22/2026 17:12:15,4.75,108.184
03/22/2026 17:22:15,4.75,108.197
03/22/2026 17:32:15,4.76,108.149
03/22/2026 17:42:15,4.76,108.136
03/22/2026 17:52:15,4.77,108.154
03/22/2026 18:02:15,4.78,108.172
03/22/2026 18:12:15,4.78,108.176
03/22/2026 18:22:15,4.79,108.194
03/22/2026 18:32:15,4.79,108.194
03/22/2026 18:42:15,4.80,108.195
03/22/2026 18:52:15,4.80,108.203
03/22/2026 19:02:15,4.80,108.212
03/22/2026 19:12:15,4.81,108.217
03/22/2026 19:22:15,4.81,108.221
03/22/2026 19:32:15,4.81,108.261
03/22/2026 19:42:15,4.81,108.274
03/22/2026 19:52:15,4.81,108.270
03/22/2026 20:02:15,4.81,108.265
03/22/2026 20:12:15,4.81,108.292
03/22/2026 20:22:15,4.82,108.318
03/22/2026 20:32:15,4.82,108.358
03/22/2026 20:42:15,4.82,108.437
03/22/2026 20:52:15,4.82,108.468
03/22/2026 21:02:15,4.82,108.481
03/22/2026 21:12:15,4.82,108.433
03/22/2026 21:22:15,4.83,108.411
03/22/2026 21:32:15,4.83,108.446
03/22/2026 21:42:15,4.83,108.494
03/22/2026 21:52:15,4.83,108.521
03/22/2026 22:02:15,4.83,108.521
03/22/2026 22:12:15,4.84,108.525
03/22/2026 22:22:15,4.84,108.561
03/22/2026 22:32:15,4.84,108.578
03/22/2026 22:42:15,4.84,108.636
03/22/2026 22:52:15,4.84,108.644
03/22/2026 23:02:15,4.84,108.666
03/22/2026 23:12:15,4.85,108.697
03/22/2026 23:22:15,4.85,108.767
03/22/2026 23:32:15,4.85,108.811
03/22/2026 23:42:15,4.85,108.851
03/22/2026 23:52:15,4.85,108.860
03/23/2026 00:02:15,4.85,108.891
03/23/2026 00:12:15,4.85,108.895
03/23/2026 00:22:15,4.86,108.882
03/23/2026 00:32:15,4.86,108.948
03/23/2026 00:42:15,4.86,108.900
03/23/2026 00:52:15,4.86,108.926
03/23/2026 01:02:15,4.86,108.917
03/23/2026 01:12:15,4.86,108.904
03/23/2026 01:22:15,4.86,108.935
03/23/2026 01:32:15,4.87,108.909
03/23/2026 01:42:15,4.87,108.997
03/23/2026 01:52:15,4.87,109.045
03/23/2026 02:02:15,4.87,109.028
03/23/2026 02:12:15,4.87,109.019
03/23/2026 02:22:15,4.87,109.006
03/23/2026 02:32:15,4.87,108.957
03/23/2026 02:42:15,4.88,108.927
03/23/2026 02:52:15,4.88,108.936
03/23/2026 03:02:15,4.88,108.949
03/23/2026 03:12:15,4.88,108.997
03/23/2026 03:22:15,4.88,108.988
03/23/2026 03:32:15,4.88,109.001
03/23/2026 03:42:15,4.88,109.006
03/23/2026 03:52:15,4.88,109.023
03/23/2026 04:02:15,4.88,109.067
03/23/2026 04:12:15,4.87,109.085
03/23/2026 04:22:15,4.87,109.107
03/23/2026 04:32:15,4.87,109.164
03/23/2026 04:42:15,4.87,109.173
03/23/2026 04:52:15,4.87,109.168
03/23/2026 05:02:15,4.87,109.138
03/23/2026 05:12:15,4.87,109.124
03/23/2026 05:22:15,4.87,109.146
03/23/2026 05:32:15,4.87,109.177
03/23/2026 05:42:15,4.87,109.199
03/23/2026 05:52:15,4.87,109.225
03/23/2026 06:02:15,4.87,109.239
03/23/2026 06:12:15,4.87,109.274
03/23/2026 06:22:15,4.87,109.274
03/23/2026 06:32:15,4.87,109.326
03/23/2026 06:42:15,4.87,109.322
03/23/2026 06:52:15,4.87,109.353
03/23/2026 07:02:15,4.87,109.405
03/23/2026 07:12:15,4.87,109.392
03/23/2026 07:22:15,4.86,109.431
03/23/2026 07:32:15,4.86,109.445
03/23/2026 07:42:15,4.86,109.436
03/23/2026 07:52:15,4.86,109.449
03/23/2026 08:02:15,4.86,109.480
03/23/2026 08:12:15,4.85,109.475
03/23/2026 08:22:15,4.85,109.457
03/23/2026 08:32:15,4.85,109.462
03/23/2026 08:42:15,4.85,109.470
03/23/2026 08:52:15,4.84,109.483
03/23/2026 09:02:15,4.84,109.501
03/23/2026 09:12:15,4.84,109.501
03/23/2026 09:22:15,4.83,109.518
03/23/2026 09:32:15,4.83,109.527
03/23/2026 09:42:15,4.83,109.514
03/23/2026 09:52:15,4.82,109.540
03/23/2026 10:02:15,4.82,109.553
03/23/2026 10:12:15,4.81,109.548
03/23/2026 10:22:15,4.81,109.552
03/23/2026 10:32:15,4.80,109.543
03/23/2026 10:42:15,4.80,109.552
03/23/2026 10:52:15,4.79,109.547
03/23/2026 11:02:15,4.79,109.560
03/23/2026 11:12:15,4.78,109.582
03/23/2026 11:22:15,4.78,109.578
03/23/2026 11:32:15,4.78,109.569
03/23/2026 11:42:15,4.77,109.586
03/23/2026 11:52:15,4.77,109.568
03/23/2026 12:02:15,4.76,109.577
03/23/2026 12:12:15,4.76,109.581
03/23/2026 12:22:15,4.76,109.599
03/23/2026 12:32:15,4.75,109.577
03/23/2026 12:42:15,4.75,109.594
03/23/2026 12:52:15,4.75,109.581
03/23/2026 13:02:15,4.74,109.581
03/23/2026 13:12:15,4.74,109.603
03/23/2026 13:22:15,4.74,109.611
03/23/2026 13:32:15,4.74,109.598
03/23/2026 13:42:15,4.73,109.585
03/23/2026 13:52:15,4.73,109.567
03/23/2026 14:02:15,4.73,109.580
03/23/2026 14:12:15,4.73,109.602
03/23/2026 14:22:15,4.72,109.628
03/23/2026 14:32:15,4.72,109.580
03/23/2026 14:42:15,4.72,109.615
03/23/2026 14:52:15,4.72,109.610
03/23/2026 15:02:15,4.72,109.615
03/23/2026 15:12:15,4.71,109.615
03/23/2026 15:22:15,4.71,109.619
03/23/2026 15:32:15,4.71,109.645
03/23/2026 15:42:15,4.71,109.659
03/23/2026 15:52:15,4.71,109.650
03/23/2026 16:02:15,4.71,109.650
03/23/2026 16:12:15,4.71,109.645
03/23/2026 16:22:15,4.71,109.667
03/23/2026 16:32:15,4.71,109.681
03/23/2026 16:42:15,4.72,109.681
03/23/2026 16:52:15,4.72,109.676
03/23/2026 17:02:15,4.72,109.690
03/23/2026 17:12:15,4.72,109.712
03/23/2026 17:22:15,4.72,109.720
03/23/2026 17:32:15,4.72,109.738
03/23/2026 17:42:15,4.72,109.751
03/23/2026 17:52:15,4.73,109.773
03/23/2026 18:02:15,4.73,109.782
03/23/2026 18:12:15,4.73,109.800
03/23/2026 18:22:15,4.73,109.831
03/23/2026 18:32:15,4.73,109.844
03/23/2026 18:42:15,4.73,109.870
03/23/2026 18:52:15,4.73,109.888
03/23/2026 19:02:15,4.74,109.901
03/23/2026 19:12:15,4.74,109.923
03/23/2026 19:22:15,4.74,109.958
03/23/2026 19:32:15,4.74,109.976
03/23/2026 19:42:15,4.74,110.015
03/23/2026 19:52:15,4.74,110.055
03/23/2026 20:02:15,4.74,110.064
03/23/2026 20:12:15,4.74,110.077
03/23/2026 20:22:15,4.74,110.095
03/23/2026 20:32:15,4.74,110.103
03/23/2026 20:42:15,4.74,110.125
03/23/2026 20:52:15,4.74,110.143
03/23/2026 21:02:15,4.74,110.165
03/23/2026 21:12:15,4.74,110.165
03/23/2026 21:22:15,4.74,110.196
03/23/2026 21:32:15,4.75,110.213
03/23/2026 21:42:15,4.75,110.213
03/23/2026 21:52:15,4.75,110.227
03/23/2026 22:02:15,4.75,110.244
03/23/2026 22:12:15,4.75,110.262
03/23/2026 22:22:15,4.75,110.253
03/23/2026 22:32:15,4.74,110.270
03/23/2026 22:42:15,4.74,110.270
03/23/2026 22:52:15,4.74,110.261
03/23/2026 23:02:15,4.74,110.266
03/23/2026 23:12:15,4.74,110.261
03/23/2026 23:22:15,4.73,110.283
03/23/2026 23:32:15,4.73,110.283
03/23/2026 23:42:15,4.73,110.274
03/23/2026 23:52:15,4.73,110.274
03/24/2026 00:02:15,4.72,110.283
03/24/2026 00:12:15,4.72,110.296
03/24/2026 00:22:15,4.72,110.287
03/24/2026 00:32:15,4.71,110.300
03/24/2026 00:42:15,4.71,110.287
03/24/2026 00:52:15,4.71,110.295
03/24/2026 01:02:15,4.70,110.304
03/24/2026 01:12:15,4.70,110.317
03/24/2026 01:22:15,4.69,110.312
03/24/2026 01:32:15,4.69,110.303
03/24/2026 01:42:15,4.68,110.277
03/24/2026 01:52:15,4.68,110.281
03/24/2026 02:02:15,4.67,110.276
03/24/2026 02:12:15,4.67,110.281
03/24/2026 02:22:15,4.66,110.272
03/24/2026 02:32:15,4.66,110.276
03/24/2026 02:42:15,4.65,110.289
03/24/2026 02:52:15,4.65,110.280
03/24/2026 03:02:15,4.64,110.284
03/24/2026 03:12:15,4.63,110.275
03/24/2026 03:22:15,4.62,110.257
03/24/2026 03:32:15,4.62,110.248
03/24/2026 03:42:15,4.61,110.252
03/24/2026 03:52:15,4.60,110.243
03/24/2026 04:02:15,4.60,110.252
03/24/2026 04:12:15,4.59,110.238
03/24/2026 04:22:15,4.58,110.264
03/24/2026 04:32:15,4.57,110.273
03/24/2026 04:42:15,4.57,110.277
03/24/2026 04:52:15,4.56,110.307
03/24/2026 05:02:15,4.55,110.320
03/24/2026 05:12:15,4.54,110.324
03/24/2026 05:22:15,4.54,110.346
03/24/2026 05:32:15,4.53,110.341
03/24/2026 05:42:15,4.52,110.332
03/24/2026 05:52:15,4.51,110.341
03/24/2026 06:02:15,4.51,110.336
03/24/2026 06:12:15,4.50,110.349
03/24/2026 06:22:15,4.49,110.370
03/24/2026 06:32:15,4.48,110.379
03/24/2026 06:42:15,4.47,110.396
03/24/2026 06:52:15,4.47,110.405
03/24/2026 07:02:15,4.46,110.435
03/24/2026 07:12:15,4.45,110.448
03/24/2026 07:22:15,4.44,110.457
03/24/2026 07:32:15,4.43,110.465
03/24/2026 07:42:15,4.43,110.473
03/24/2026 07:52:15,4.42,110.482
03/24/2026 08:02:15,4.41,110.490
03/24/2026 08:12:15,4.40,110.486
03/24/2026 08:22:15,4.39,110.481
03/24/2026 08:32:15,4.38,110.489
03/24/2026 08:42:15,4.36,110.497
03/24/2026 08:52:15,4.35,110.466
03/24/2026 09:02:15,4.34,110.475
03/24/2026 09:12:15,4.33,110.496
03/24/2026 09:22:15,4.31,110.487
03/24/2026 09:32:15,4.30,110.504
03/24/2026 09:42:15,4.28,110.499
03/24/2026 09:52:15,4.27,110.481
03/24/2026 10:02:15,4.26,110.485
03/24/2026 10:12:15,4.24,110.480
03/24/2026 10:22:15,4.23,110.479
03/24/2026 10:32:15,4.22,110.448
03/24/2026 10:42:15,4.20,110.456
03/24/2026 10:52:15,4.19,110.443
03/24/2026 11:02:15,4.18,110.442
03/24/2026 11:12:15,4.17,110.415
03/24/2026 11:22:15,4.16,110.415
03/24/2026 11:32:15,4.15,110.410
03/24/2026 11:42:15,4.14,110.383
03/24/2026 11:52:15,4.13,110.370
03/24/2026 12:02:15,4.12,110.352
03/24/2026 12:12:15,4.12,110.330
03/24/2026 12:22:15,4.11,110.312
03/24/2026 12:32:15,4.11,110.286
03/24/2026 12:42:15,4.10,110.268
03/24/2026 12:52:15,4.10,110.237
03/24/2026 13:02:15,4.10,110.211
03/24/2026 13:12:15,4.09,110.202
03/24/2026 13:22:15,4.09,110.193
03/24/2026 13:32:15,4.10,110.180
03/24/2026 13:42:15,4.10,110.136
03/24/2026 13:52:15,4.10,110.123
03/24/2026 14:02:15,4.11,110.093
03/24/2026 14:12:15,4.11,110.066
03/24/2026 14:22:15,4.12,110.040
03/24/2026 14:32:15,4.13,110.005
03/24/2026 14:42:15,4.13,110.001
03/24/2026 14:52:15,4.14,109.984
03/24/2026 15:02:15,4.16,109.963
03/24/2026 15:12:15,4.17,109.963
03/24/2026 15:22:15,4.18,109.946
03/24/2026 15:32:15,4.20,109.938
03/24/2026 15:42:15,4.21,109.925
03/24/2026 15:52:15,4.23,109.913
03/24/2026 16:02:15,4.25,109.887
03/24/2026 16:12:15,4.27,109.870
03/24/2026 16:22:15,4.28,109.845
03/24/2026 16:32:15,4.30,109.819
03/24/2026 16:42:15,4.32,109.789
03/24/2026 16:52:15,4.34,109.798
03/24/2026 17:02:15,4.35,109.799
03/24/2026 17:12:15,4.37,109.817
03/24/2026 17:22:15,4.39,109.792
03/24/2026 17:32:15,4.42,109.806
03/24/2026 17:42:15,4.44,109.798
03/24/2026 17:52:15,4.46,109.816
03/24/2026 18:02:15,4.49,109.821
03/24/2026 18:12:15,4.51,109.836
03/24/2026 18:22:15,4.54,109.828
03/24/2026 18:32:15,4.56,109.815
03/24/2026 18:42:15,4.59,109.799
03/24/2026 18:52:15,4.61,109.800
03/24/2026 19:02:15,4.63,109.783
03/24/2026 19:12:15,4.65,109.775
03/24/2026 19:22:15,4.67,109.798
03/24/2026 19:32:15,4.69,109.790
03/24/2026 19:42:15,4.71,109.808
03/24/2026 19:52:15,4.73,109.809
03/24/2026 20:02:15,4.75,109.823
03/24/2026 20:12:15,4.77,109.810
03/24/2026 20:22:15,4.78,109.806
03/24/2026 20:32:15,4.80,109.824
03/24/2026 20:42:15,4.81,109.803
03/24/2026 20:52:15,4.82,109.799
03/24/2026 21:02:15,4.83,109.786
03/24/2026 21:12:15,4.85,109.787
03/24/2026 21:22:15,4.86,109.769
03/24/2026 21:32:15,4.86,109.770
03/24/2026 21:42:15,4.87,109.783
03/24/2026 21:52:15,4.88,109.783
03/24/2026 22:02:15,4.89,109.779
03/24/2026 22:12:15,4.89,109.784
03/24/2026 22:22:15,4.90,109.806
03/24/2026 22:32:15,4.91,109.806
03/24/2026 22:42:15,4.91,109.807
03/24/2026 22:52:15,4.91,109.802
03/24/2026 23:02:15,4.91,109.793
03/24/2026 23:12:15,4.91,109.802
03/24/2026 23:22:15,4.91,109.798
03/24/2026 23:32:15,4.91,109.780
03/24/2026 23:42:15,4.91,109.785
03/24/2026 23:52:15,4.91,109.785
03/25/2026 00:02:15,4.91,109.789
03/25/2026 00:12:15,4.90,109.819
03/25/2026 00:22:15,4.89,109.810
03/25/2026 00:32:15,4.89,109.832
03/25/2026 00:42:15,4.88,109.849
03/25/2026 00:52:15,4.88,109.858
03/25/2026 01:02:15,4.87,109.840
03/25/2026 01:12:15,4.87,109.845
03/25/2026 01:22:15,4.87,109.845
03/25/2026 01:32:15,4.87,109.845
03/25/2026 01:42:15,4.87,109.836
03/25/2026 01:52:15,4.86,109.836
03/25/2026 02:02:15,4.86,109.831
03/25/2026 02:12:15,4.86,109.835
03/25/2026 02:22:15,4.85,109.831
03/25/2026 02:32:15,4.85,109.835
03/25/2026 02:42:15,4.85,109.822
03/25/2026 02:52:15,4.84,109.835
03/25/2026 03:02:15,4.84,109.822
03/25/2026 03:12:15,4.83,109.839
03/25/2026 03:22:15,4.83,109.843
03/25/2026 03:32:15,4.83,109.847
03/25/2026 03:42:15,4.82,109.847
03/25/2026 03:52:15,4.82,109.860
03/25/2026 04:02:15,4.81,109.873
03/25/2026 04:12:15,4.81,109.895
03/25/2026 04:22:15,4.81,109.891
03/25/2026 04:32:15,4.80,109.908
03/25/2026 04:42:15,4.80,109.917
03/25/2026 04:52:15,4.79,109.934
03/25/2026 05:02:15,4.79,109.921
03/25/2026 05:12:15,4.78,109.929
03/25/2026 05:22:15,4.78,109.916
03/25/2026 05:32:15,4.78,109.911
03/25/2026 05:42:15,4.77,109.924
03/25/2026 05:52:15,4.76,109.955
03/25/2026 06:02:15,4.76,109.981
03/25/2026 06:12:15,4.75,109.972
03/25/2026 06:22:15,4.74,109.998
03/25/2026 06:32:15,4.73,109.984
03/25/2026 06:42:15,4.73,109.997
03/25/2026 06:52:15,4.72,110.010
03/25/2026 07:02:15,4.71,110.019
03/25/2026 07:12:15,4.71,110.023
03/25/2026 07:22:15,4.70,110.014
03/25/2026 07:32:15,4.69,110.018
03/25/2026 07:42:15,4.68,110.022
03/25/2026 07:52:15,4.67,110.039
03/25/2026 08:02:15,4.67,110.035
03/25/2026 08:12:15,4.66,110.012
03/25/2026 08:22:15,4.65,110.003
03/25/2026 08:32:15,4.64,110.003
03/25/2026 08:42:15,4.63,110.011
03/25/2026 08:52:15,4.63,110.024
03/25/2026 09:02:15,4.62,110.024
03/25/2026 09:12:15,4.61,110.037
03/25/2026 09:22:15,4.60,110.041
03/25/2026 09:32:15,4.59,110.027
03/25/2026 09:42:15,4.58,110.001
03/25/2026 09:52:15,4.57,109.974
03/25/2026 10:02:15,4.56,109.991
03/25/2026 10:12:15,4.55,109.973
03/25/2026 10:22:15,4.55,109.969
03/25/2026 10:32:15,4.54,109.955
03/25/2026 10:42:15,4.53,109.955
03/25/2026 10:52:15,4.52,109.937
03/25/2026 11:02:15,4.52,109.924
03/25/2026 11:12:15,4.51,109.915
03/25/2026 11:22:15,4.50,109.892
03/25/2026 11:32:15,4.50,109.870
03/25/2026 11:42:15,4.49,109.857
03/25/2026 11:52:15,4.49,109.835
03/25/2026 12:02:15,4.49,109.808
03/25/2026 12:12:15,4.48,109.799
03/25/2026 12:22:15,4.48,109.769
03/25/2026 12:32:15,4.48,109.742
03/25/2026 12:42:15,4.47,109.729
03/25/2026 12:52:15,4.47,109.689
03/25/2026 13:02:15,4.47,109.667
03/25/2026 13:12:15,4.47,109.649
03/25/2026 13:22:15,4.47,109.623
03/25/2026 13:32:15,4.47,109.601
03/25/2026 13:42:15,4.47,109.579
03/25/2026 13:52:15,4.47,109.535
03/25/2026 14:02:15,4.47,109.535
03/25/2026 14:12:15,4.47,109.518
03/25/2026 14:22:15,4.47,109.487
03/25/2026 14:32:15,4.48,109.439
03/25/2026 14:42:15,4.48,109.430
03/25/2026 14:52:15,4.49,109.426
03/25/2026 15:02:15,4.49,109.387
03/25/2026 15:12:15,4.50,109.361
03/25/2026 15:22:15,4.50,109.335
03/25/2026 15:32:15,4.51,109.304
03/25/2026 15:42:15,4.52,109.278
03/25/2026 15:52:15,4.53,109.243
03/25/2026 16:02:15,4.54,109.204
03/25/2026 16:12:15,4.55,109.183
03/25/2026 16:22:15,4.57,109.152
03/25/2026 16:32:15,4.58,109.135
03/25/2026 16:42:15,4.60,109.140
03/25/2026 16:52:15,4.61,109.119
03/25/2026 17:02:15,4.63,109.102
03/25/2026 17:12:15,4.65,109.090
03/25/2026 17:22:15,4.67,109.055
03/25/2026 17:32:15,4.69,109.034
03/25/2026 17:42:15,4.71,109.043
03/25/2026 17:52:15,4.73,109.035
03/25/2026 18:02:15,4.75,109.032
03/25/2026 18:12:15,4.78,109.024
03/25/2026 18:22:15,4.80,109.025
03/25/2026 18:32:15,4.83,109.022
03/25/2026 18:42:15,4.85,109.005
03/25/2026 18:52:15,4.88,109.006
03/25/2026 19:02:15,4.91,109.016
03/25/2026 19:12:15,4.93,108.990
03/25/2026 19:22:15,4.96,108.991
03/25/2026 19:32:15,4.98,108.979
03/25/2026 19:42:15,5.00,108.953
03/25/2026 19:52:15,5.02,108.945
03/25/2026 20:02:15,5.04,108.964
03/25/2026 20:12:15,5.06,108.964
03/25/2026 20:22:15,5.08,108.961
03/25/2026 20:32:15,5.09,108.966
03/25/2026 20:42:15,5.11,108.953
03/25/2026 20:52:15,5.12,108.953
03/25/2026 21:02:15,5.14,108.919
03/25/2026 21:12:15,5.15,108.928
03/25/2026 21:22:15,5.16,108.942
03/25/2026 21:32:15,5.17,108.920
03/25/2026 21:42:15,5.18,108.920
03/25/2026 21:52:15,5.19,108.921
03/25/2026 22:02:15,5.19,108.921
03/25/2026 22:12:15,5.20,108.930
03/25/2026 22:22:15,5.21,108.895
03/25/2026 22:32:15,5.21,108.913
03/25/2026 22:42:15,5.22,108.904
03/25/2026 22:52:15,5.22,108.896
03/25/2026 23:02:15,5.22,108.896
03/25/2026 23:12:15,5.23,108.896
03/25/2026 23:22:15,5.23,108.887
03/25/2026 23:32:15,5.23,108.865
03/25/2026 23:42:15,5.23,108.883
03/25/2026 23:52:15,5.23,108.887
03/26/2026 00:02:15,5.23,108.843
03/26/2026 00:12:15,5.23,108.830
03/26/2026 00:22:15,5.23,108.821
03/26/2026 00:32:15,5.23,108.786
03/26/2026 00:42:15,5.23,108.768
03/26/2026 00:52:15,5.23,108.768
03/26/2026 01:02:15,5.23,108.755
03/26/2026 01:12:15,5.24,108.738
03/26/2026 01:22:15,5.24,108.676
03/26/2026 01:32:15,5.24,108.668
03/26/2026 01:42:15,5.24,108.637
03/26/2026 01:52:15,5.24,108.602
03/26/2026 02:02:15,5.25,108.571
03/26/2026 02:12:15,5.25,108.541
03/26/2026 02:22:15,5.25,108.510
03/26/2026 02:32:15,5.25,108.475
03/26/2026 02:42:15,5.25,108.440
03/26/2026 02:52:15,5.26,108.435
03/26/2026 03:02:15,5.26,108.440
03/26/2026 03:12:15,5.26,108.405
03/26/2026 03:22:15,5.26,108.392
03/26/2026 03:32:15,5.26,108.392
03/26/2026 03:42:15,5.26,108.387
03/26/2026 03:52:15,5.26,108.365
03/26/2026 04:02:15,5.27,108.339
03/26/2026 04:12:15,5.27,108.352
03/26/2026 04:22:15,5.27,108.330
03/26/2026 04:32:15,5.27,108.295
03/26/2026 04:42:15,5.27,108.291
03/26/2026 04:52:15,5.27,108.313
03/26/2026 05:02:15,5.27,108.339
03/26/2026 05:12:15,5.27,108.339
03/26/2026 05:22:15,5.27,108.265
03/26/2026 05:32:15,5.27,108.234
03/26/2026 05:42:15,5.27,108.229
03/26/2026 05:52:15,5.27,108.221
03/26/2026 06:02:15,5.27,108.190
03/26/2026 06:12:15,5.27,108.212
03/26/2026 06:22:15,5.27,108.207
03/26/2026 06:32:15,5.26,108.216
03/26/2026 06:42:15,5.26,108.190
03/26/2026 06:52:15,5.26,108.163
03/26/2026 07:02:15,5.26,108.137
03/26/2026 07:12:15,5.26,108.146
03/26/2026 07:22:15,5.26,108.137
03/26/2026 07:32:15,5.26,108.106
03/26/2026 07:42:15,5.25,108.106
03/26/2026 07:52:15,5.25,108.115
03/26/2026 08:02:15,5.25,108.093
03/26/2026 08:12:15,5.25,108.075
03/26/2026 08:22:15,5.25,108.031
03/26/2026 08:32:15,5.25,108.062
03/26/2026 08:42:15,5.24,108.039
03/26/2026 08:52:15,5.24,108.044
03/26/2026 09:02:15,5.24,108.022
03/26/2026 09:12:15,5.24,108.009
03/26/2026 09:22:15,5.24,107.969
03/26/2026 09:32:15,5.24,107.969
03/26/2026 09:42:15,5.23,107.960
03/26/2026 09:52:15,5.23,107.973
03/26/2026 10:02:15,5.23,107.955
03/26/2026 10:12:15,5.22,107.933
03/26/2026 10:22:15,5.22,107.929
03/26/2026 10:32:15,5.22,107.911
03/26/2026 10:42:15,5.22,107.898
03/26/2026 10:52:15,5.22,107.885
03/26/2026 11:02:15,5.22,107.889
03/26/2026 11:12:15,5.22,107.836
03/26/2026 11:22:15,5.22,107.784
03/26/2026 11:32:15,5.22,107.744
03/26/2026 11:42:15,5.22,107.713
03/26/2026 11:52:15,5.22,107.691
03/26/2026 12:02:15,5.22,107.674
03/26/2026 12:12:15,5.23,107.696
03/26/2026 12:22:15,5.23,107.674
03/26/2026 12:32:15,5.23,107.661
03/26/2026 12:42:15,5.24,107.631
03/26/2026 12:52:15,5.24,107.600
03/26/2026 13:02:15,5.25,107.587
03/26/2026 13:12:15,5.26,107.596
03/26/2026 13:22:15,5.27,107.583
03/26/2026 13:32:15,5.28,107.606
03/26/2026 13:42:15,5.30,107.571
03/26/2026 13:52:15,5.31,107.532
03/26/2026 14:02:15,5.33,107.502
03/26/2026 14:12:15,5.34,107.485
03/26/2026 14:22:15,5.36,107.437
03/26/2026 14:32:15,5.38,107.376
03/26/2026 14:42:15,5.40,107.403
03/26/2026 14:52:15,5.42,107.373
03/26/2026 15:02:15,5.44,107.361
03/26/2026 15:12:15,5.46,107.349
03/26/2026 15:22:15,5.49,107.358
03/26/2026 15:32:15,5.51,107.364
03/26/2026 15:42:15,5.54,107.342
03/26/2026 15:52:15,5.56,107.339
03/26/2026 16:02:15,5.58,107.300
03/26/2026 16:12:15,5.61,107.235
03/26/2026 16:22:15,5.63,107.218
03/26/2026 16:32:15,5.65,107.197
03/26/2026 16:42:15,5.67,107.158
03/26/2026 16:52:15,5.70,107.124
03/26/2026 17:02:15,5.72,107.125
03/26/2026 17:12:15,5.74,107.143
03/26/2026 17:22:15,5.76,107.166
03/26/2026 17:32:15,5.77,107.131
03/26/2026 17:42:15,5.79,107.066
03/26/2026 17:52:15,5.81,107.071
03/26/2026 18:02:15,5.82,107.089
03/26/2026 18:12:15,5.83,107.120
03/26/2026 18:22:15,5.85,107.125
03/26/2026 18:32:15,5.86,107.108
03/26/2026 18:42:15,5.88,107.130
03/26/2026 18:52:15,5.89,107.127
03/26/2026 19:02:15,5.90,107.123
03/26/2026 19:12:15,5.91,107.110
03/26/2026 19:22:15,5.93,106.983
03/26/2026 19:32:15,5.94,106.988
03/26/2026 19:42:15,5.95,106.983
03/26/2026 19:52:15,5.96,107.050
03/26/2026 20:02:15,5.97,107.068
03/26/2026 20:12:15,5.97,107.086
03/26/2026 20:22:15,5.98,107.099
03/26/2026 20:32:15,6.00,107.086
03/26/2026 20:42:15,6.00,107.012
03/26/2026 20:52:15,6.02,107.012
03/26/2026 21:02:15,6.03,106.991
03/26/2026 21:12:15,6.04,106.991
03/26/2026 21:22:15,6.05,106.965
03/26/2026 21:32:15,6.06,106.992
03/26/2026 21:42:15,6.07,107.032
03/26/2026 21:52:15,6.08,107.015
03/26/2026 22:02:15,6.09,107.042
03/26/2026 22:12:15,6.10,106.998
03/26/2026 22:22:15,6.11,106.959
03/26/2026 22:32:15,6.12,106.955
03/26/2026 22:42:15,6.13,106.981
03/26/2026 22:52:15,6.14,107.008
03/26/2026 23:02:15,6.15,107.088
03/26/2026 23:12:15,6.16,107.053
03/26/2026 23:22:15,6.16,106.982
03/26/2026 23:32:15,6.16,107.027
03/26/2026 23:42:15,6.17,107.040
03/26/2026 23:52:15,6.18,107.027
03/27/2026 00:02:15,6.19,107.062
03/27/2026 00:12:15,6.20,107.102
03/27/2026 00:22:15,6.20,107.103
03/27/2026 00:32:15,6.21,107.077
03/27/2026 00:42:15,6.22,107.147
03/27/2026 00:52:15,6.23,107.170
03/27/2026 01:02:15,6.23,107.161
03/27/2026 01:12:15,6.24,107.135
03/27/2026 01:22:15,6.25,107.074
03/27/2026 01:32:15,6.26,107.047
03/27/2026 01:42:15,6.26,107.166
03/27/2026 01:52:15,6.27,107.193
03/27/2026 02:02:15,6.27,107.246
03/27/2026 02:12:15,6.27,107.259
03/27/2026 02:22:15,6.27,107.228
03/27/2026 02:32:15,6.27,107.189
03/27/2026 02:42:15,6.28,107.132
03/27/2026 02:52:15,6.28,107.176
03/27/2026 03:02:15,6.28,107.211
03/27/2026 03:12:15,6.29,107.229
03/27/2026 03:22:15,6.30,107.264
03/27/2026 03:32:15,6.30,107.265
03/27/2026 03:42:15,6.31,107.256
03/27/2026 03:52:15,6.32,107.305
03/27/2026 04:02:15,6.33,107.332
03/27/2026 04:12:15,6.34,107.371
03/27/2026 04:22:15,6.35,107.403
03/27/2026 04:32:15,6.35,107.438
03/27/2026 04:42:15,6.36,107.443
03/27/2026 04:52:15,6.36,107.478
03/27/2026 05:02:15,6.37,107.513
03/27/2026 05:12:15,6.37,107.531
03/27/2026 05:22:15,6.37,107.535
03/27/2026 05:32:15,6.37,107.553
03/27/2026 05:42:15,6.37,107.584
03/27/2026 05:52:15,6.37,107.658
03/27/2026 06:02:15,6.36,107.773
03/27/2026 06:12:15,6.36,107.816
03/27/2026 06:22:15,6.36,107.873
03/27/2026 06:32:15,6.35,107.922
03/27/2026 06:42:15,6.35,107.992
03/27/2026 06:52:15,6.34,108.031
03/27/2026 07:02:15,6.34,108.088
03/27/2026 07:12:15,6.34,108.110
03/27/2026 07:22:15,6.34,108.141
03/27/2026 07:32:15,6.34,108.189
03/27/2026 07:42:15,6.33,108.251
03/27/2026 07:52:15,6.33,108.286
03/27/2026 08:02:15,6.33,108.303
03/27/2026 08:12:15,6.33,108.334
03/27/2026 08:22:15,6.32,108.387
03/27/2026 08:32:15,6.32,108.413
03/27/2026 08:42:15,6.32,108.448
03/27/2026 08:52:15,6.32,108.457
03/27/2026 09:02:15,6.32,108.497
03/27/2026 09:12:15,6.32,108.554
03/27/2026 09:22:15,6.32,108.562
03/27/2026 09:32:15,6.32,108.567
03/27/2026 09:42:15,6.32,108.585
03/27/2026 09:52:15,6.32,108.615
03/27/2026 10:02:15,6.32,108.637
03/27/2026 10:12:15,6.33,108.668
03/27/2026 10:22:15,6.33,108.668
03/27/2026 10:32:15,6.33,108.699
03/27/2026 10:42:15,6.33,108.717
03/27/2026 10:52:15,6.33,108.748
03/27/2026 11:02:15,6.33,108.774
03/27/2026 11:12:15,6.33,108.778
03/27/2026 11:22:15,6.33,108.783
03/27/2026 11:32:15,6.33,108.813
03/27/2026 11:42:15,6.32,108.822
03/27/2026 11:52:15,6.32,108.813
03/27/2026 12:02:15,6.32,108.817
03/27/2026 12:12:15,6.31,108.813
03/27/2026 12:22:15,6.31,108.835
03/27/2026 12:32:15,6.31,108.821
03/27/2026 12:42:15,6.30,108.826
03/27/2026 12:52:15,6.30,108.821
03/27/2026 13:02:15,6.30,108.821
03/27/2026 13:12:15,6.30,108.803
03/27/2026 13:22:15,6.30,108.812
03/27/2026 13:32:15,6.29,108.808
03/27/2026 13:42:15,6.30,108.821
03/27/2026 13:52:15,6.30,108.795
03/27/2026 14:02:15,6.30,108.795
03/27/2026 14:12:15,6.31,108.799
03/27/2026 14:22:15,6.31,108.795
03/27/2026 14:32:15,6.32,108.769
03/27/2026 14:42:15,6.33,108.743
03/27/2026 14:52:15,6.34,108.735
03/27/2026 15:02:15,6.34,108.735
03/27/2026 15:12:15,6.35,108.740
03/27/2026 15:22:15,6.36,108.731
03/27/2026 15:32:15,6.37,108.731
03/27/2026 15:42:15,6.38,108.736
03/27/2026 15:52:15,6.39,108.741
03/27/2026 16:02:15,6.40,108.719
03/27/2026 16:12:15,6.41,108.702
03/27/2026 16:22:15,6.42,108.707
03/27/2026 16:32:15,6.43,108.707
03/27/2026 16:42:15,6.44,108.677
03/27/2026 16:52:15,6.45,108.677
03/27/2026 17:02:15,6.46,108.660
03/27/2026 17:12:15,6.46,108.682
03/27/2026 17:22:15,6.47,108.695
03/27/2026 17:32:15,6.47,108.700
03/27/2026 17:42:15,6.48,108.700
03/27/2026 17:52:15,6.48,108.709
03/27/2026 18:02:15,6.48,108.718
03/27/2026 18:12:15,6.48,108.731
03/27/2026 18:22:15,6.48,108.758
03/27/2026 18:32:15,6.48,108.788
03/27/2026 18:42:15,6.49,108.775
03/27/2026 18:52:15,6.49,108.797
03/27/2026 19:02:15,6.49,108.806
03/27/2026 19:12:15,6.50,108.828
03/27/2026 19:22:15,6.50,108.824
03/27/2026 19:32:15,6.50,108.846
03/27/2026 19:42:15,6.51,108.847
03/27/2026 19:52:15,6.51,108.864
03/27/2026 20:02:15,6.52,108.864
03/27/2026 20:12:15,6.52,108.873
03/27/2026 20:22:15,6.52,108.878
03/27/2026 20:32:15,6.52,108.895
03/27/2026 20:42:15,6.52,108.895
03/27/2026 20:52:15,6.52,108.908
03/27/2026 21:02:15,6.52,108.904
03/27/2026 21:12:15,6.52,108.909
03/27/2026 21:22:15,6.52,108.931
03/27/2026 21:32:15,6.52,108.935
03/27/2026 21:42:15,6.52,108.935
03/27/2026 21:52:15,6.52,108.922
03/27/2026 22:02:15,6.52,108.895
03/27/2026 22:12:15,6.52,108.913
03/27/2026 22:22:15,6.52,108.891
03/27/2026 22:32:15,6.51,108.895
03/27/2026 22:42:15,6.51,108.895
03/27/2026 22:52:15,6.51,108.917
03/27/2026 23:02:15,6.50,108.908
03/27/2026 23:12:15,6.50,108.921
03/27/2026 23:22:15,6.49,108.934
03/27/2026 23:32:15,6.49,108.942
03/27/2026 23:42:15,6.48,108.977
03/27/2026 23:52:15,6.47,108.981
03/28/2026 00:02:15,6.46,108.994
03/28/2026 00:12:15,6.45,109.016
03/28/2026 00:22:15,6.44,109.042
03/28/2026 00:32:15,6.43,109.037
03/28/2026 00:42:15,6.42,109.028
03/28/2026 00:52:15,6.41,109.023
03/28/2026 01:02:15,6.40,109.036
03/28/2026 01:12:15,6.39,109.035
03/28/2026 01:22:15,6.38,109.053
03/28/2026 01:32:15,6.37,109.057
03/28/2026 01:42:15,6.35,109.056
03/28/2026 01:52:15,6.34,109.069
03/28/2026 02:02:15,6.33,109.060
03/28/2026 02:12:15,6.32,109.037
03/28/2026 02:22:15,6.31,109.019
03/28/2026 02:32:15,6.30,109.028
03/28/2026 02:42:15,6.28,109.036
03/28/2026 02:52:15,6.27,109.027
03/28/2026 03:02:15,6.26,109.031
03/28/2026 03:12:15,6.25,109.048
03/28/2026 03:22:15,6.23,109.030
03/28/2026 03:32:15,6.22,109.051
03/28/2026 03:42:15,6.20,109.064
03/28/2026 03:52:15,6.19,109.063
03/28/2026 04:02:15,6.18,109.089
03/28/2026 04:12:15,6.16,109.102
03/28/2026 04:22:15,6.15,109.110
03/28/2026 04:32:15,6.14,109.118
03/28/2026 04:42:15,6.12,109.144
03/28/2026 04:52:15,6.11,109.139
03/28/2026 05:02:15,6.10,109.174
03/28/2026 05:12:15,6.09,109.191
03/28/2026 05:22:15,6.08,109.195
03/28/2026 05:32:15,6.06,109.213
03/28/2026 05:42:15,6.05,109.216
03/28/2026 05:52:15,6.04,109.220
03/28/2026 06:02:15,6.03,109.242
03/28/2026 06:12:15,6.02,109.268
03/28/2026 06:22:15,6.01,109.276
03/28/2026 06:32:15,5.99,109.293
03/28/2026 06:42:15,5.98,109.302
03/28/2026 06:52:15,5.97,109.336
03/28/2026 07:02:15,5.96,109.371
03/28/2026 07:12:15,5.95,109.380
03/28/2026 07:22:15,5.94,109.405
03/28/2026 07:32:15,5.92,109.405
03/28/2026 07:42:15,5.91,109.418
03/28/2026 07:52:15,5.90,109.404
03/28/2026 08:02:15,5.89,109.434
03/28/2026 08:12:15,5.88,109.460
03/28/2026 08:22:15,5.87,109.464
03/28/2026 08:32:15,5.85,109.464
03/28/2026 08:42:15,5.84,109.486
03/28/2026 08:52:15,5.83,109.494
03/28/2026 09:02:15,5.82,109.480
03/28/2026 09:12:15,5.81,109.506
03/28/2026 09:22:15,5.80,109.523
03/28/2026 09:32:15,5.79,109.514
03/28/2026 09:42:15,5.78,109.509
03/28/2026 09:52:15,5.76,109.527
03/28/2026 10:02:15,5.75,109.508
03/28/2026 10:12:15,5.74,109.521
03/28/2026 10:22:15,5.72,109.543
03/28/2026 10:32:15,5.71,109.538
03/28/2026 10:42:15,5.70,109.533
03/28/2026 10:52:15,5.69,109.524
03/28/2026 11:02:15,5.68,109.514
03/28/2026 11:12:15,5.66,109.496
03/28/2026 11:22:15,5.65,109.483
03/28/2026 11:32:15,5.64,109.474
03/28/2026 11:42:15,5.63,109.482
03/28/2026 11:52:15,5.62,109.460
03/28/2026 12:02:15,5.61,109.459
03/28/2026 12:12:15,5.60,109.459
03/28/2026 12:22:15,5.59,109.437
03/28/2026 12:32:15,5.58,109.441
03/28/2026 12:42:15,5.57,109.427
03/28/2026 12:52:15,5.56,109.409
03/28/2026 13:02:15,5.55,109.426
03/28/2026 13:12:15,5.54,109.404
03/28/2026 13:22:15,5.53,109.386
03/28/2026 13:32:15,5.52,109.373
03/28/2026 13:42:15,5.51,109.359
03/28/2026 13:52:15,5.51,109.350
03/28/2026 14:02:15,5.50,109.328
03/28/2026 14:12:15,5.50,109.336
03/28/2026 14:22:15,5.49,109.323
03/28/2026 14:32:15,5.48,109.318
03/28/2026 14:42:15,5.48,109.318
03/28/2026 14:52:15,5.47,109.287
03/28/2026 15:02:15,5.47,109.300
03/28/2026 15:12:15,5.47,109.296
03/28/2026 15:22:15,5.46,109.300
03/28/2026 15:32:15,5.46,109.282
03/28/2026 15:42:15,5.46,109.313
03/28/2026 15:52:15,5.45,109.304
03/28/2026 16:02:15,5.45,109.326
03/28/2026 16:12:15,5.45,109.308
03/28/2026 16:22:15,5.45,109.308
03/28/2026 16:32:15,5.45,109.317
03/28/2026 16:42:15,5.45,109.300
03/28/2026 16:52:15,5.45,109.304
03/28/2026 17:02:15,5.46,109.322
03/28/2026 17:12:15,5.46,109.309
03/28/2026 17:22:15,5.46,109.282
03/28/2026 17:32:15,5.46,109.296
03/28/2026 17:42:15,5.46,109.296
03/28/2026 17:52:15,5.47,109.291
03/28/2026 18:02:15,5.47,109.283
03/28/2026 18:12:15,5.47,109.327
03/28/2026 18:22:15,5.48,109.323
03/28/2026 18:32:15,5.48,109.336
03/28/2026 18:42:15,5.49,109.340
03/28/2026 18:52:15,5.49,109.362
03/28/2026 19:02:15,5.49,109.371
03/28/2026 19:12:15,5.50,109.372
03/28/2026 19:22:15,5.50,109.394
03/28/2026 19:32:15,5.51,109.407
03/28/2026 19:42:15,5.51,109.420
03/28/2026 19:52:15,5.51,109.434
03/28/2026 20:02:15,5.52,109.443
03/28/2026 20:12:15,5.52,109.482
03/28/2026 20:22:15,5.53,109.505
03/28/2026 20:32:15,5.53,109.518
03/28/2026 20:42:15,5.53,109.531
03/28/2026 20:52:15,5.54,109.540
03/28/2026 21:02:15,5.54,109.558
03/28/2026 21:12:15,5.54,109.566
03/28/2026 21:22:15,5.54,109.584
03/28/2026 21:32:15,5.54,109.589
03/28/2026 21:42:15,5.54,109.584
03/28/2026 21:52:15,5.54,109.580
03/28/2026 22:02:15,5.54,109.593
03/28/2026 22:12:15,5.54,109.602
03/28/2026 22:22:15,5.54,109.610
03/28/2026 22:32:15,5.53,109.606
03/28/2026 22:42:15,5.53,109.619
03/28/2026 22:52:15,5.53,109.628
03/28/2026 23:02:15,5.52,109.619
03/28/2026 23:12:15,5.52,109.632
03/28/2026 23:22:15,5.51,109.640
03/28/2026 23:32:15,5.51,109.644
03/28/2026 23:42:15,5.50,109.653
03/28/2026 23:52:15,5.49,109.657
03/29/2026 00:02:15,5.49,109.635
03/29/2026 00:12:15,5.48,109.621
03/29/2026 00:22:15,5.47,109.630
03/29/2026 00:32:15,5.46,109.643
03/29/2026 00:42:15,5.46,109.656
03/29/2026 00:52:15,5.45,109.655
03/29/2026 01:02:15,5.44,109.655
03/29/2026 01:12:15,5.43,109.659
03/29/2026 01:22:15,5.43,109.659
03/29/2026 01:32:15,5.42,109.654
03/29/2026 01:42:15,5.41,109.636
03/29/2026 01:52:15,5.40,109.640
03/29/2026 02:02:15,5.40,109.658
03/29/2026 02:12:15,5.39,109.631
03/29/2026 02:22:15,5.38,109.626
03/29/2026 02:32:15,5.37,109.635
03/29/2026 02:42:15,5.36,109.639
03/29/2026 02:52:15,5.35,109.625
03/29/2026 03:02:15,5.35,109.625
03/29/2026 03:12:15,5.34,109.625
03/29/2026 03:22:15,5.33,109.629
03/29/2026 03:32:15,5.32,109.633
03/29/2026 03:42:15,5.31,109.619
03/29/2026 03:52:15,5.30,109.619
03/29/2026 04:02:15,5.29,109.632
03/29/2026 04:12:15,5.28,109.614
03/29/2026 04:22:15,5.27,109.614
03/29/2026 04:32:15,5.27,109.627
03/29/2026 04:42:15,5.26,109.631
03/29/2026 04:52:15,5.25,109.630
03/29/2026 05:02:15,5.24,109.643
03/29/2026 05:12:15,5.23,109.656
03/29/2026 05:22:15,5.21,109.660
03/29/2026 05:32:15,5.20,109.668
03/29/2026 05:42:15,5.19,109.659
03/29/2026 05:52:15,5.18,109.672
03/29/2026 06:02:15,5.17,109.671
03/29/2026 06:12:15,5.16,109.680
03/29/2026 06:22:15,5.15,109.692
03/29/2026 06:32:15,5.14,109.692
03/29/2026 06:42:15,5.13,109.714
03/29/2026 06:52:15,5.11,109.718
03/29/2026 07:02:15,5.10,109.726
03/29/2026 07:12:15,5.09,109.743
03/29/2026 07:22:15,5.08,109.729
03/29/2026 07:32:15,5.07,109.742
03/29/2026 07:42:15,5.05,109.742
03/29/2026 07:52:15,5.04,109.776
03/29/2026 08:02:15,5.03,109.776
03/29/2026 08:12:15,5.02,109.762
03/29/2026 08:22:15,5.00,109.771
03/29/2026 08:32:15,4.99,109.766
03/29/2026 08:42:15,4.98,109.765
03/29/2026 08:52:15,4.97,109.743
03/29/2026 09:02:15,4.96,109.742
03/29/2026 09:12:15,4.95,109.742
03/29/2026 09:22:15,4.94,109.698
03/29/2026 09:32:15,4.93,109.675
03/29/2026 09:42:15,4.92,109.657
03/29/2026 09:52:15,4.90,109.657
03/29/2026 10:02:15,4.89,109.652
03/29/2026 10:12:15,4.89,109.656
03/29/2026 10:22:15,4.88,109.621
03/29/2026 10:32:15,4.87,109.603
03/29/2026 10:42:15,4.86,109.581
03/29/2026 10:52:15,4.85,109.571
03/29/2026 11:02:15,4.84,109.554
03/29/2026 11:12:15,4.83,109.549
03/29/2026 11:22:15,4.82,109.544
03/29/2026 11:32:15,4.82,109.513
03/29/2026 11:42:15,4.81,109.495
03/29/2026 11:52:15,4.80,109.460
03/29/2026 12:02:15,4.79,109.433
03/29/2026 12:12:15,4.78,109.411
03/29/2026 12:22:15,4.78,109.362
03/29/2026 12:32:15,4.77,109.345
03/29/2026 12:42:15,4.77,109.305
03/29/2026 12:52:15,4.76,109.305
03/29/2026 13:02:15,4.75,109.269
03/29/2026 13:12:15,4.75,109.260
03/29/2026 13:22:15,4.75,109.234
03/29/2026 13:32:15,4.74,109.172
03/29/2026 13:42:15,4.74,109.159
03/29/2026 13:52:15,4.74,109.128
03/29/2026 14:02:15,4.74,109.097
03/29/2026 14:12:15,4.74,109.040
03/29/2026 14:22:15,4.74,109.045
03/29/2026 14:32:15,4.74,109.023
03/29/2026 14:42:15,4.75,108.997
03/29/2026 14:52:15,4.75,108.997
03/29/2026 15:02:15,4.75,108.975
03/29/2026 15:12:15,4.76,108.949
03/29/2026 15:22:15,4.76,108.936
03/29/2026 15:32:15,4.77,108.945
03/29/2026 15:42:15,4.78,108.932
03/29/2026 15:52:15,4.78,108.906
03/29/2026 16:02:15,4.79,108.888
03/29/2026 16:12:15,4.80,108.880
03/29/2026 16:22:15,4.80,108.876
03/29/2026 16:32:15,4.81,108.841
03/29/2026 16:42:15,4.82,108.832
03/29/2026 16:52:15,4.83,108.820
03/29/2026 17:02:15,4.84,108.838
03/29/2026 17:12:15,4.85,108.816
03/29/2026 17:22:15,4.86,108.825
03/29/2026 17:32:15,4.87,108.808
03/29/2026 17:42:15,4.88,108.817
03/29/2026 17:52:15,4.90,108.800
03/29/2026 18:02:15,4.91,108.809
03/29/2026 18:12:15,4.92,108.810
03/29/2026 18:22:15,4.94,108.797
03/29/2026 18:32:15,4.95,108.820
03/29/2026 18:42:15,4.97,108.811
03/29/2026 18:52:15,4.98,108.816
03/29/2026 19:02:15,5.00,108.826
03/29/2026 19:12:15,5.02,108.826
03/29/2026 19:22:15,5.03,108.814
03/29/2026 19:32:15,5.05,108.819
03/29/2026 19:42:15,5.07,108.833
03/29/2026 19:52:15,5.09,108.833
03/29/2026 20:02:15,5.10,108.843
03/29/2026 20:12:15,5.12,108.835
03/29/2026 20:22:15,5.14,108.853
03/29/2026 20:32:15,5.16,108.840
03/29/2026 20:42:15,5.17,108.850
03/29/2026 20:52:15,5.19,108.859
03/29/2026 21:02:15,5.21,108.855
03/29/2026 21:12:15,5.22,108.838
03/29/2026 21:22:15,5.24,108.843
03/29/2026 21:32:15,5.25,108.844
03/29/2026 21:42:15,5.27,108.836
03/29/2026 21:52:15,5.28,108.832
03/29/2026 22:02:15,5.30,108.824
03/29/2026 22:12:15,5.31,108.802
03/29/2026 22:22:15,5.32,108.807
03/29/2026 22:32:15,5.33,108.834
03/29/2026 22:42:15,5.34,108.817
03/29/2026 22:52:15,5.36,108.808
03/29/2026 23:02:15,5.37,108.800
03/29/2026 23:12:15,5.37,108.813
03/29/2026 23:22:15,5.38,108.814
03/29/2026 23:32:15,5.39,108.796
03/29/2026 23:42:15,5.40,108.814
03/29/2026 23:52:15,5.40,108.788
03/30/2026 00:02:15,5.41,108.797
03/30/2026 00:12:15,5.41,108.775
03/30/2026 00:22:15,5.42,108.753
03/30/2026 00:32:15,5.42,108.753
03/30/2026 00:42:15,5.42,108.762
03/30/2026 00:52:15,5.43,108.745
03/30/2026 01:02:15,5.43,108.732
03/30/2026 01:12:15,5.43,108.714
03/30/2026 01:22:15,5.43,108.728
03/30/2026 01:32:15,5.43,108.697
03/30/2026 01:42:15,5.43,108.670
03/30/2026 01:52:15,5.43,108.662
03/30/2026 02:02:15,5.43,108.644
03/30/2026 02:12:15,5.43,108.627
03/30/2026 02:22:15,5.43,108.600
03/30/2026 02:32:15,5.43,108.574
03/30/2026 02:42:15,5.43,108.543
03/30/2026 02:52:15,5.43,108.503
03/30/2026 03:02:15,5.42,108.486
03/30/2026 03:12:15,5.42,108.455
03/30/2026 03:22:15,5.42,108.433
03/30/2026 03:32:15,5.42,108.424
03/30/2026 03:42:15,5.42,108.402
03/30/2026 03:52:15,5.41,108.371
03/30/2026 04:02:15,5.41,108.353
03/30/2026 04:12:15,5.41,108.349
03/30/2026 04:22:15,5.40,108.335
03/30/2026 04:32:15,5.40,108.300
03/30/2026 04:42:15,5.39,108.300
03/30/2026 04:52:15,5.39,108.282
03/30/2026 05:02:15,5.39,108.269
03/30/2026 05:12:15,5.38,108.255
03/30/2026 05:22:15,5.38,108.233
03/30/2026 05:32:15,5.37,108.229
03/30/2026 05:42:15,5.37,108.220
03/30/2026 05:52:15,5.37,108.202
03/30/2026 06:02:15,5.36,108.189
03/30/2026 06:12:15,5.36,108.189
03/30/2026 06:22:15,5.35,108.184
03/30/2026 06:32:15,5.35,108.175
03/30/2026 06:42:15,5.35,108.171
03/30/2026 06:52:15,5.34,108.140
03/30/2026 07:02:15,5.34,108.140
03/30/2026 07:12:15,5.33,108.157
03/30/2026 07:22:15,5.33,108.139
03/30/2026 07:32:15,5.33,108.108
03/30/2026 07:42:15,5.33,108.091
03/30/2026 07:52:15,5.32,108.069
03/30/2026 08:02:15,5.32,108.064
03/30/2026 08:12:15,5.31,108.055
03/30/2026 08:22:15,5.31,108.042
03/30/2026 08:32:15,5.30,108.028
03/30/2026 08:42:15,5.30,108.015
03/30/2026 08:52:15,5.30,107.993
03/30/2026 09:02:15,5.29,107.989
03/30/2026 09:12:15,5.29,107.975
03/30/2026 09:22:15,5.28,107.979
03/30/2026 09:32:15,5.28,107.957
03/30/2026 09:42:15,5.28,107.970
03/30/2026 09:52:15,5.28,107.966
03/30/2026 10:02:15,5.27,107.953
03/30/2026 10:12:15,5.27,107.948
03/30/2026 10:22:15,5.27,107.908
03/30/2026 10:32:15,5.27,107.882
03/30/2026 10:42:15,5.26,107.856
03/30/2026 10:52:15,5.26,107.856
03/30/2026 11:02:15,5.26,107.842
03/30/2026 11:12:15,5.26,107.825
03/30/2026 11:22:15,5.26,107.794
03/30/2026 11:32:15,5.26,107.750
03/30/2026 11:42:15,5.26,107.746
03/30/2026 11:52:15,5.26,107.706
03/30/2026 12:02:15,5.26,107.719
03/30/2026 12:12:15,5.26,107.680
03/30/2026 12:22:15,5.26,107.653
03/30/2026 12:32:15,5.27,107.640
03/30/2026 12:42:15,5.27,107.618
03/30/2026 12:52:15,5.27,107.579
03/30/2026 13:02:15,5.28,107.575
03/30/2026 13:12:15,5.28,107.540
03/30/2026 13:22:15,5.29,107.522
03/30/2026 13:32:15,5.29,107.501
03/30/2026 13:42:15,5.30,107.501
03/30/2026 13:52:15,5.31,107.470
03/30/2026 14:02:15,5.32,107.449
03/30/2026 14:12:15,5.33,107.423
03/30/2026 14:22:15,5.34,107.375
03/30/2026 14:32:15,5.35,107.358
03/30/2026 14:42:15,5.37,107.345
03/30/2026 14:52:15,5.38,107.337
03/30/2026 15:02:15,5.40,107.324
03/30/2026 15:12:15,5.42,107.320
03/30/2026 15:22:15,5.43,107.299
03/30/2026 15:32:15,5.45,107.317
03/30/2026 15:42:15,5.47,107.301
03/30/2026 15:52:15,5.52,106.986
03/30/2026 16:02:15,6.20,106.553
03/30/2026 16:12:15,7.01,106.590
03/30/2026 16:22:15,7.58,106.567
03/30/2026 16:32:15,8.00,106.591
03/30/2026 16:42:15,8.30,106.584
03/30/2026 16:52:15,8.52,106.614
03/30/2026 17:02:15,8.70,106.598
03/30/2026 17:12:15,8.83,106.607
03/30/2026 17:22:15,8.94,106.572
03/30/2026 17:32:15,9.03,106.584
03/30/2026 17:42:15,9.11,106.608
03/30/2026 17:52:15,9.18,106.580
03/30/2026 18:02:15,9.24,106.587
03/30/2026 18:12:15,9.30,106.576
03/30/2026 18:22:15,9.34,106.581
03/30/2026 18:32:15,9.37,106.578
03/30/2026 18:42:15,9.39,106.588
03/30/2026 18:52:15,9.40,106.592
03/30/2026 19:02:15,9.40,106.610
03/30/2026 19:12:15,9.40,106.601
03/30/2026 19:22:15,9.40,106.606
03/30/2026 19:32:15,9.39,106.627
03/30/2026 19:42:15,9.38,106.623
03/30/2026 19:52:15,9.37,106.618
03/30/2026 20:02:15,9.35,106.617
03/30/2026 20:12:15,9.33,106.625
03/30/2026 20:22:15,9.30,106.637
03/30/2026 20:32:15,9.27,106.667
03/30/2026 20:42:15,9.23,106.666
03/30/2026 20:52:15,9.19,106.686
03/30/2026 21:02:15,9.15,106.711
03/30/2026 21:12:15,9.11,106.719
03/30/2026 21:22:15,9.07,106.721
03/30/2026 21:32:15,9.02,106.707
03/30/2026 21:42:15,8.97,106.722
03/30/2026 21:52:15,8.91,106.738
03/30/2026 22:02:15,8.86,106.754
03/30/2026 22:12:15,8.80,106.738
03/30/2026 22:22:15,8.74,106.732
03/30/2026 22:32:15,8.67,106.734
03/30/2026 22:42:15,8.61,106.745
03/30/2026 22:52:15,8.55,106.738
03/30/2026 23:02:15,8.48,106.727
03/30/2026 23:12:15,8.43,106.747
03/30/2026 23:22:15,8.37,106.750
03/30/2026 23:32:15,8.33,106.748
03/30/2026 23:42:15,8.28,106.724
03/30/2026 23:52:15,8.24,106.723
03/31/2026 00:02:15,8.20,106.743
03/31/2026 00:12:15,8.16,106.760
03/31/2026 00:22:15,8.13,106.767
03/31/2026 00:32:15,8.09,106.757
03/31/2026 00:42:15,8.06,106.743
03/31/2026 00:52:15,8.02,106.746
03/31/2026 01:02:15,7.99,106.736
03/31/2026 01:12:15,7.95,106.739
03/31/2026 01:22:15,7.92,106.729
03/31/2026 01:32:15,7.89,106.723
03/31/2026 01:42:15,7.86,106.722
03/31/2026 01:52:15,7.84,106.708
03/31/2026 02:02:15,7.82,106.668
03/31/2026 02:12:15,7.80,106.680
03/31/2026 02:22:15,7.78,106.671
03/31/2026 02:32:15,7.77,106.657
03/31/2026 02:42:15,7.77,106.644
03/31/2026 02:52:15,7.76,106.587
03/31/2026 03:02:15,7.77,106.583
03/31/2026 03:12:15,7.78,106.609
03/31/2026 03:22:15,7.80,106.614
03/31/2026 03:32:15,7.82,106.606
03/31/2026 03:42:15,7.84,106.581
03/31/2026 03:52:15,7.87,106.551
03/31/2026 04:02:15,7.89,106.525
03/31/2026 04:12:15,7.92,106.526
03/31/2026 04:22:15,7.94,106.545
03/31/2026 04:32:15,7.97,106.537
03/31/2026 04:42:15,7.99,106.520
03/31/2026 04:52:15,8.00,106.521
03/31/2026 05:02:15,8.02,106.486
03/31/2026 05:12:15,8.03,106.526
03/31/2026 05:22:15,8.05,106.509
03/31/2026 05:32:15,8.06,106.531
03/31/2026 05:42:15,8.07,106.523
03/31/2026 05:52:15,8.08,106.488
03/31/2026 06:02:15,8.09,106.506
03/31/2026 06:12:15,8.10,106.524
03/31/2026 06:22:15,8.10,106.520
03/31/2026 06:32:15,8.11,106.564
03/31/2026 06:42:15,8.11,106.582
03/31/2026 06:52:15,8.12,106.573
03/31/2026 07:02:15,8.12,106.564
03/31/2026 07:12:15,8.13,106.560
03/31/2026 07:22:15,8.13,106.551
03/31/2026 07:32:15,8.13,106.512
03/31/2026 07:42:15,8.14,106.516
03/31/2026 07:52:15,8.14,106.512
03/31/2026 08:02:15,8.14,106.534
03/31/2026 08:12:15,8.15,106.508
03/31/2026 08:22:15,8.16,106.491
03/31/2026 08:32:15,8.17,106.469
03/31/2026 08:42:15,8.19,106.470
03/31/2026 08:52:15,8.20,106.462
03/31/2026 09:02:15,8.21,106.480
03/31/2026 09:12:15,8.23,106.476
03/31/2026 09:22:15,8.24,106.476
03/31/2026 09:32:15,8.25,106.512
03/31/2026 09:42:15,8.26,106.552
03/31/2026 09:52:15,8.26,106.587
03/31/2026 10:02:15,8.27,106.627
03/31/2026 10:12:15,8.28,106.689
03/31/2026 10:22:15,8.32,106.783
03/31/2026 10:32:15,8.35,106.757
03/31/2026 10:42:15,8.40,106.755
03/31/2026 10:52:15,8.51,106.693
03/31/2026 11:02:15,8.60,106.648
03/31/2026 11:12:15,8.65,106.636
03/31/2026 11:22:15,8.67,106.615
03/31/2026 11:32:15,8.68,106.589
03/31/2026 11:42:15,8.70,106.572
03/31/2026 11:52:15,8.72,106.577
03/31/2026 12:02:15,8.74,106.529
03/31/2026 12:12:15,8.77,106.552
03/31/2026 12:22:15,8.79,106.540
03/31/2026 12:32:15,8.82,106.510
03/31/2026 12:42:15,8.84,106.502
03/31/2026 12:52:15,8.86,106.516
03/31/2026 13:02:15,8.88,106.539
03/31/2026 13:12:15,8.91,106.588
03/31/2026 13:22:15,8.94,106.558
03/31/2026 13:32:15,8.97,106.568
03/31/2026 13:42:15,8.99,106.534
03/31/2026 13:52:15,9.02,106.486
03/31/2026 14:02:15,9.04,106.465
03/31/2026 14:12:15,9.06,106.439
03/31/2026 14:22:15,9.09,106.423
03/31/2026 14:32:15,9.12,106.446
03/31/2026 14:42:15,9.16,106.522
03/31/2026 14:52:15,9.21,106.453
03/31/2026 15:02:15,9.26,106.438
03/31/2026 15:12:15,9.29,106.426
03/31/2026 15:22:15,9.33,106.418
03/31/2026 15:32:15,9.36,106.384
03/31/2026 15:42:15,9.39,106.354
03/31/2026 15:52:15,9.42,106.342
03/31/2026 16:02:15,9.45,106.326
03/31/2026 16:12:15,9.50,106.310
03/31/2026 16:22:15,9.54,106.285
03/31/2026 16:32:15,9.58,106.260
03/31/2026 16:42:15,9.62,106.239
03/31/2026 16:52:15,9.65,106.231
03/31/2026 17:02:15,9.69,106.233
03/31/2026 17:12:15,9.72,106.238
03/31/2026 17:22:15,9.75,106.208
03/31/2026 17:32:15,9.77,106.196
03/31/2026 17:42:15,9.79,106.192
03/31/2026 17:52:15,9.81,106.206
03/31/2026 18:02:15,9.83,106.193
03/31/2026 18:12:15,9.84,106.198
03/31/2026 18:22:15,9.86,106.195
03/31/2026 18:32:15,9.88,106.213
03/31/2026 18:42:15,9.89,106.222
03/31/2026 18:52:15,9.91,106.227
03/31/2026 19:02:15,9.93,106.215
03/31/2026 19:12:15,9.94,106.202
03/31/2026 19:22:15,9.95,106.202
03/31/2026 19:32:15,9.96,106.212
03/31/2026 19:42:15,9.98,106.190
03/31/2026 19:52:15,10.00,106.182
03/31/2026 20:02:15,10.03,106.170
03/31/2026 20:12:15,10.05,106.171
03/31/2026 20:22:15,10.07,106.171
03/31/2026 20:32:15,10.09,106.172
03/31/2026 20:42:15,10.10,106.172
03/31/2026 20:52:15,10.12,106.208
03/31/2026 21:02:15,10.13,106.262
03/31/2026 21:12:15,10.14,106.474
03/31/2026 21:22:15,10.15,106.514
03/31/2026 21:32:15,10.16,106.496
03/31/2026 21:42:15,10.17,106.483
03/31/2026 21:52:15,10.18,106.448
03/31/2026 22:02:15,10.18,106.444
03/31/2026 22:12:15,10.19,106.435
03/31/2026 22:22:15,10.18,106.440
03/31/2026 22:32:15,10.17,106.572
03/31/2026 22:42:15,10.16,106.435
03/31/2026 22:52:15,10.16,106.545
03/31/2026 23:02:15,10.17,106.695
03/31/2026 23:12:15,10.18,106.819
03/31/2026 23:22:15,10.25,106.962
03/31/2026 23:32:15,10.35,106.975
03/31/2026 23:42:15,10.45,106.859
03/31/2026 23:52:15,10.50,106.755
04/01/2026 00:02:15,10.50,106.698
04/01/2026 00:12:15,10.48,106.662
04/01/2026 00:22:15,10.44,106.634
04/01/2026 00:32:15,10.41,106.589
04/01/2026 00:42:15,10.37,106.583
04/01/2026 00:52:15,10.34,106.617
04/01/2026 01:02:15,10.30,106.647
04/01/2026 01:12:15,10.27,106.650
04/01/2026 01:22:15,10.24,106.742
04/01/2026 01:32:15,10.22,106.825
04/01/2026 01:42:15,10.20,106.700
04/01/2026 01:52:15,10.19,106.704
04/01/2026 02:02:15,10.18,106.673
04/01/2026 02:12:15,10.17,106.712
04/01/2026 02:22:15,10.16,106.739
04/01/2026 02:32:15,10.17,106.695
04/01/2026 02:42:15,10.18,106.695
04/01/2026 02:52:15,10.18,106.691
04/01/2026 03:02:15,10.18,106.651
04/01/2026 03:12:15,10.18,106.647
04/01/2026 03:22:15,10.16,106.650
04/01/2026 03:32:15,10.14,106.654
04/01/2026 03:42:15,10.11,106.622
04/01/2026 03:52:15,10.09,106.635
04/01/2026 04:02:15,10.07,106.630
04/01/2026 04:12:15,10.05,106.673
04/01/2026 04:22:15,10.03,106.708
04/01/2026 04:32:15,10.01,106.738
04/01/2026 04:42:15,10.00,106.746
04/01/2026 04:52:15,9.98,106.750
04/01/2026 05:02:15,9.97,106.798
04/01/2026 05:12:15,9.95,106.810
04/01/2026 05:22:15,9.93,106.823
04/01/2026 05:32:15,9.91,106.835
04/01/2026 05:42:15,9.88,106.852
04/01/2026 05:52:15,9.86,106.873
04/01/2026 06:02:15,9.84,106.899
04/01/2026 06:12:15,9.82,106.933
04/01/2026 06:22:15,9.79,106.950
04/01/2026 06:32:15,9.77,106.967
04/01/2026 06:42:15,9.75,107.032
04/01/2026 06:52:15,9.73,107.049
04/01/2026 07:02:15,9.70,107.092
04/01/2026 07:12:15,9.68,107.096
04/01/2026 07:22:15,9.66,107.122
04/01/2026 07:32:15,9.63,107.152
04/01/2026 07:42:15,9.61,107.190
04/01/2026 07:52:15,9.59,107.238
04/01/2026 08:02:15,9.58,107.238
04/01/2026 08:12:15,9.57,107.255
04/01/2026 08:22:15,9.56,107.255
04/01/2026 08:32:15,9.56,107.228
04/01/2026 08:42:15,9.55,107.254
04/01/2026 08:52:15,9.56,107.263
04/01/2026 09:02:15,9.57,107.268
04/01/2026 09:12:15,9.58,107.286
04/01/2026 09:22:15,9.60,107.305
04/01/2026 09:32:15,9.63,107.327
04/01/2026 09:42:15,9.65,107.320
04/01/2026 09:52:15,9.67,107.338
04/01/2026 10:02:15,9.70,107.348
04/01/2026 10:12:15,9.72,107.393
04/01/2026 10:22:15,9.75,107.394
04/01/2026 10:32:15,9.78,107.412
04/01/2026 10:42:15,9.80,107.453
04/01/2026 10:52:15,9.82,107.467
04/01/2026 11:02:15,9.84,107.494
04/01/2026 11:12:15,9.85,107.468
04/01/2026 11:22:15,9.87,107.504
04/01/2026 11:32:15,9.88,107.504
04/01/2026 11:42:15,9.89,107.522
04/01/2026 11:52:15,9.91,107.532
04/01/2026 12:02:15,9.93,107.550
04/01/2026 12:12:15,9.95,107.546
04/01/2026 12:22:15,9.98,107.552
04/01/2026 12:32:15,10.02,107.566
04/01/2026 12:42:15,10.06,107.586
04/01/2026 12:52:15,10.11,107.578
04/01/2026 13:02:15,10.15,107.589
04/01/2026 13:12:15,10.19,107.581
04/01/2026 13:22:15,10.22,107.609
04/01/2026 13:32:15,10.25,107.610
04/01/2026 13:42:15,10.27,107.602
04/01/2026 13:52:15,10.29,107.612
04/01/2026 14:02:15,10.31,107.626
04/01/2026 14:12:15,10.33,107.635
04/01/2026 14:22:15,10.36,107.627
04/01/2026 14:32:15,10.39,107.650
04/01/2026 14:42:15,10.43,107.643
04/01/2026 14:52:15,10.47,107.653
04/01/2026 15:02:15,10.50,107.668
04/01/2026 15:12:15,10.54,107.673
04/01/2026 15:22:15,10.57,107.661
04/01/2026 15:32:15,10.59,107.671
04/01/2026 15:42:15,10.62,107.694
04/01/2026 15:52:15,10.63,107.708
04/01/2026 16:02:15,10.65,107.721
04/01/2026 16:12:15,10.65,107.744
04/01/2026 16:22:15,10.66,107.766
04/01/2026 16:32:15,10.68,107.762
04/01/2026 16:42:15,10.69,107.798
04/01/2026 16:52:15,10.70,107.794
04/01/2026 17:02:15,10.72,107.816
04/01/2026 17:12:15,10.73,107.843
04/01/2026 17:22:15,10.74,107.844
04/01/2026 17:32:15,10.76,107.884
04/01/2026 17:42:15,10.77,107.911
04/01/2026 17:52:15,10.79,107.951
04/01/2026 18:02:15,10.80,107.969
04/01/2026 18:12:15,10.82,108.018
04/01/2026 18:22:15,10.83,108.019
04/01/2026 18:32:15,10.84,108.032
04/01/2026 18:42:15,10.84,108.081
04/01/2026 18:52:15,10.84,108.116
04/01/2026 19:02:15,10.83,108.129
04/01/2026 19:12:15,10.83,108.129
04/01/2026 19:22:15,10.82,108.124
04/01/2026 19:32:15,10.81,108.124
04/01/2026 19:42:15,10.80,108.110
04/01/2026 19:52:15,10.79,108.119
04/01/2026 20:02:15,10.78,108.149
04/01/2026 20:12:15,10.76,108.171
04/01/2026 20:22:15,10.74,108.179
04/01/2026 20:32:15,10.73,108.165
04/01/2026 20:42:15,10.71,108.169
04/01/2026 20:52:15,10.69,108.234
04/01/2026 21:02:15,10.66,108.224
04/01/2026 21:12:15,10.64,108.259
04/01/2026 21:22:15,10.61,108.262
04/01/2026 21:32:15,10.59,108.261
04/01/2026 21:42:15,10.56,108.309
04/01/2026 21:52:15,10.53,108.321
04/01/2026 22:02:15,10.50,108.359
04/01/2026 22:12:15,10.46,108.384
04/01/2026 22:22:15,10.42,108.392
04/01/2026 22:32:15,10.38,108.430
04/01/2026 22:42:15,10.35,108.429
04/01/2026 22:52:15,10.31,108.427
04/01/2026 23:02:15,10.27,108.443
04/01/2026 23:12:15,10.23,108.433
04/01/2026 23:22:15,10.19,108.436
04/01/2026 23:32:15,10.16,108.470
04/01/2026 23:42:15,10.12,108.456
04/01/2026 23:52:15,10.09,108.446
04/02/2026 00:02:15,10.07,108.467
04/02/2026 00:12:15,10.04,108.483
04/02/2026 00:22:15,10.01,108.474
04/02/2026 00:32:15,9.99,108.486
04/02/2026 00:42:15,9.96,108.472
04/02/2026 00:52:15,9.94,108.493
04/02/2026 01:02:15,9.91,108.505
04/02/2026 01:12:15,9.87,108.521
04/02/2026 01:22:15,9.84,108.516
04/02/2026 01:32:15,9.81,108.576
04/02/2026 01:42:15,9.78,108.575
04/02/2026 01:52:15,9.75,108.548
04/02/2026 02:02:15,9.72,108.511
04/02/2026 02:12:15,9.69,108.501
04/02/2026 02:22:15,9.66,108.522
04/02/2026 02:32:15,9.64,108.508
04/02/2026 02:42:15,9.61,108.538
04/02/2026 02:52:15,9.59,108.564
04/02/2026 03:02:15,9.56,108.532
04/02/2026 03:12:15,9.54,108.505
04/02/2026 03:22:15,9.52,108.495
04/02/2026 03:32:15,9.50,108.495
04/02/2026 03:42:15,9.49,108.569
04/02/2026 03:52:15,9.47,108.621
04/02/2026 04:02:15,9.46,108.713
04/02/2026 04:12:15,9.45,108.801
04/02/2026 04:22:15,9.44,108.871
04/02/2026 04:32:15,9.45,108.924
04/02/2026 04:42:15,9.45,108.920
04/02/2026 04:52:15,9.43,108.932
04/02/2026 05:02:15,9.39,108.913
04/02/2026 05:12:15,9.34,108.889
04/02/2026 05:22:15,9.28,108.883
04/02/2026 05:32:15,9.23,108.899
04/02/2026 05:42:15,9.18,108.919
04/02/2026 05:52:15,9.14,108.957
04/02/2026 06:02:15,9.12,108.956
04/02/2026 06:12:15,9.09,109.021
04/02/2026 06:22:15,9.07,109.060
04/02/2026 06:32:15,9.05,109.063
04/02/2026 06:42:15,9.02,109.063
04/02/2026 06:52:15,8.99,109.084
04/02/2026 07:02:15,8.97,109.096
04/02/2026 07:12:15,8.93,109.103
04/02/2026 07:22:15,8.90,109.133
04/02/2026 07:32:15,8.87,109.162
04/02/2026 07:42:15,8.83,109.192
04/02/2026 07:52:15,8.80,109.187
04/02/2026 08:02:15,8.78,109.190
04/02/2026 08:12:15,8.75,109.206
04/02/2026 08:22:15,8.72,109.210
04/02/2026 08:32:15,8.70,109.235
04/02/2026 08:42:15,8.68,109.239
04/02/2026 08:52:15,8.65,109.256
04/02/2026 09:02:15,8.63,109.268
04/02/2026 09:12:15,8.61,109.298
04/02/2026 09:22:15,8.59,109.324
04/02/2026 09:32:15,8.57,109.350
04/02/2026 09:42:15,8.56,109.384
04/02/2026 09:52:15,8.54,109.379
04/02/2026 10:02:15,8.53,109.379
04/02/2026 10:12:15,8.52,109.365
04/02/2026 10:22:15,8.51,109.374
04/02/2026 10:32:15,8.50,109.386
04/02/2026 10:42:15,8.49,109.421
04/02/2026 10:52:15,8.48,109.434
04/02/2026 11:02:15,8.47,109.447
04/02/2026 11:12:15,8.46,109.455
04/02/2026 11:22:15,8.45,109.446
04/02/2026 11:32:15,8.43,109.437
04/02/2026 11:42:15,8.42,109.450
04/02/2026 11:52:15,8.40,109.436
04/02/2026 12:02:15,8.39,109.427
04/02/2026 12:12:15,8.38,109.426
04/02/2026 12:22:15,8.38,109.426
04/02/2026 12:32:15,8.37,109.443
04/02/2026 12:42:15,8.37,109.470
04/02/2026 12:52:15,8.37,109.492
04/02/2026 13:02:15,8.36,109.509
04/02/2026 13:12:15,8.36,109.509
04/02/2026 13:22:15,8.35,109.491
04/02/2026 13:32:15,8.35,109.522
04/02/2026 13:42:15,8.35,109.517
04/02/2026 13:52:15,8.35,109.508
04/02/2026 14:02:15,8.34,109.478
04/02/2026 14:12:15,8.34,109.482
04/02/2026 14:22:15,8.34,109.455
04/02/2026 14:32:15,8.34,109.464
04/02/2026 14:42:15,8.34,109.425
04/02/2026 14:52:15,8.34,109.420
04/02/2026 15:02:15,8.34,109.433
04/02/2026 15:12:15,8.34,109.433
04/02/2026 15:22:15,8.35,109.434
04/02/2026 15:32:15,8.35,109.425
04/02/2026 15:42:15,8.35,109.398
04/02/2026 15:52:15,8.34,109.420
04/02/2026 16:02:15,8.34,109.385
04/02/2026 16:12:15,8.34,109.389
04/02/2026 16:22:15,8.33,109.402
04/02/2026 16:32:15,8.32,109.415
04/02/2026 16:42:15,8.32,109.393
04/02/2026 16:52:15,8.31,109.384
04/02/2026 17:02:15,8.29,109.388
04/02/2026 17:12:15,8.28,109.378
04/02/2026 17:22:15,8.27,109.374
04/02/2026 17:32:15,8.26,109.369
04/02/2026 17:42:15,8.25,109.404
04/02/2026 17:52:15,8.24,109.438
04/02/2026 18:02:15,8.23,109.420
04/02/2026 18:12:15,8.21,109.415
04/02/2026 18:22:15,8.20,109.419
04/02/2026 18:32:15,8.19,109.375
04/02/2026 18:42:15,8.17,109.410
04/02/2026 18:52:15,8.16,109.396
04/02/2026 19:02:15,8.15,109.413
04/02/2026 19:12:15,8.14,109.369
04/02/2026 19:22:15,8.12,109.403
04/02/2026 19:32:15,8.10,109.389
04/02/2026 19:42:15,8.08,109.366
04/02/2026 19:52:15,8.05,109.409
04/02/2026 20:02:15,8.02,109.422
04/02/2026 20:12:15,7.99,109.394
04/02/2026 20:22:15,7.96,109.384
04/02/2026 20:32:15,7.93,109.396
04/02/2026 20:42:15,7.90,109.417
04/02/2026 20:52:15,7.87,109.420
04/02/2026 21:02:15,7.85,109.433
04/02/2026 21:12:15,7.82,109.423
04/02/2026 21:22:15,7.79,109.413
04/02/2026 21:32:15,7.77,109.447
04/02/2026 21:42:15,7.74,109.424
04/02/2026 21:52:15,7.72,109.428
04/02/2026 22:02:15,7.70,109.427
04/02/2026 22:12:15,7.68,109.422
04/02/2026 22:22:15,7.66,109.412
04/02/2026 22:32:15,7.63,109.420
04/02/2026 22:42:15,7.61,109.389
04/02/2026 22:52:15,7.60,109.375
04/02/2026 23:02:15,7.58,109.365
04/02/2026 23:12:15,7.56,109.338
04/02/2026 23:22:15,7.54,109.329
04/02/2026 23:32:15,7.52,109.328
04/02/2026 23:42:15,7.50,109.310
04/02/2026 23:52:15,7.48,109.296
04/03/2026 00:02:15,7.46,109.291
04/03/2026 00:12:15,7.44,109.281
04/03/2026 00:22:15,7.43,109.267
04/03/2026 00:32:15,7.41,109.271
04/03/2026 00:42:15,7.40,109.271
04/03/2026 00:52:15,7.38,109.244
04/03/2026 01:02:15,7.37,109.239
04/03/2026 01:12:15,7.35,109.221
04/03/2026 01:22:15,7.33,109.229
04/03/2026 01:32:15,7.31,109.232
04/03/2026 01:42:15,7.29,109.205
04/03/2026 01:52:15,7.27,109.191
04/03/2026 02:02:15,7.25,109.151
04/03/2026 02:12:15,7.23,109.177
04/03/2026 02:22:15,7.22,109.132
04/03/2026 02:32:15,7.20,109.136
04/03/2026 02:42:15,7.18,109.135
04/03/2026 02:52:15,7.17,109.104
04/03/2026 03:02:15,7.15,109.064
04/03/2026 03:12:15,7.13,109.032
04/03/2026 03:22:15,7.12,109.032
04/03/2026 03:32:15,7.10,109.005
04/03/2026 03:42:15,7.09,108.991
04/03/2026 03:52:15,7.07,108.973
04/03/2026 04:02:15,7.06,108.981
04/03/2026 04:12:15,7.04,108.967
04/03/2026 04:22:15,7.03,108.945
04/03/2026 04:32:15,7.02,108.896
04/03/2026 04:42:15,7.00,108.896
04/03/2026 04:52:15,6.99,108.895
04/03/2026 05:02:15,6.98,108.881
04/03/2026 05:12:15,6.97,108.890
04/03/2026 05:22:15,6.96,108.872
04/03/2026 05:32:15,6.94,108.836
04/03/2026 05:42:15,6.93,108.823
04/03/2026 05:52:15,6.92,108.831
04/03/2026 06:02:15,6.91,108.804
04/03/2026 06:12:15,6.90,108.830
04/03/2026 06:22:15,6.89,108.808
04/03/2026 06:32:15,6.88,108.781
04/03/2026 06:42:15,6.87,108.785
04/03/2026 06:52:15,6.85,108.771
04/03/2026 07:02:15,6.84,108.740
04/03/2026 07:12:15,6.83,108.722
04/03/2026 07:22:15,6.82,108.704
04/03/2026 07:32:15,6.80,108.739
04/03/2026 07:42:15,6.79,108.690
04/03/2026 07:52:15,6.78,108.733
04/03/2026 08:02:15,6.77,108.685
04/03/2026 08:12:15,6.77,108.658
04/03/2026 08:22:15,6.76,108.684
04/03/2026 08:32:15,6.75,108.666
04/03/2026 08:42:15,6.75,108.644
04/03/2026 08:52:15,6.74,108.609
04/03/2026 09:02:15,6.74,108.587
04/03/2026 09:12:15,6.73,108.595
04/03/2026 09:22:15,6.73,108.582
04/03/2026 09:32:15,6.73,108.547
04/03/2026 09:42:15,6.74,108.534
04/03/2026 09:52:15,6.74,108.530
04/03/2026 10:02:15,6.75,108.530
04/03/2026 10:12:15,6.75,108.517
04/03/2026 10:22:15,6.76,108.469
04/03/2026 10:32:15,6.77,108.408
04/03/2026 10:42:15,6.78,108.390
04/03/2026 10:52:15,6.79,108.386
04/03/2026 11:02:15,6.80,108.356
04/03/2026 11:12:15,6.82,108.330
04/03/2026 11:22:15,6.83,108.317
04/03/2026 11:32:15,6.84,108.287
04/03/2026 11:42:15,6.85,108.279
04/03/2026 11:52:15,6.87,108.240
04/03/2026 12:02:15,6.88,108.214
04/03/2026 12:12:15,6.90,108.179
04/03/2026 12:22:15,6.91,108.162
04/03/2026 12:32:15,6.93,108.149
04/03/2026 12:42:15,6.94,108.106
04/03/2026 12:52:15,6.96,108.107
04/03/2026 13:02:15,6.98,108.094
04/03/2026 13:12:15,7.00,108.060
04/03/2026 13:22:15,7.02,108.034
04/03/2026 13:32:15,7.05,107.995
04/03/2026 13:42:15,7.08,107.970
04/03/2026 13:52:15,7.10,107.958
04/03/2026 14:02:15,7.13,107.941
04/03/2026 14:12:15,7.16,107.903
04/03/2026 14:22:15,7.19,107.873
04/03/2026 14:32:15,7.22,107.879
04/03/2026 14:42:15,7.26,107.858
04/03/2026 14:52:15,7.29,107.824
04/03/2026 15:02:15,7.32,107.794
04/03/2026 15:12:15,7.36,107.769
04/03/2026 15:22:15,7.39,107.771
04/03/2026 15:32:15,7.44,107.737
04/03/2026 15:42:15,7.50,107.726
04/03/2026 15:52:15,7.55,107.679
04/03/2026 16:02:15,7.60,107.655
04/03/2026 16:12:15,7.65,107.648
04/03/2026 16:22:15,7.69,107.640
04/03/2026 16:32:15,7.71,107.624
04/03/2026 16:42:15,7.74,107.603
04/03/2026 16:52:15,7.78,107.608
04/03/2026 17:02:15,7.81,107.583
04/03/2026 17:12:15,7.85,107.567
04/03/2026 17:22:15,7.89,107.538
04/03/2026 17:32:15,7.92,107.539
04/03/2026 17:42:15,7.96,107.540
04/03/2026 17:52:15,7.98,107.545
04/03/2026 18:02:15,8.00,107.515
04/03/2026 18:12:15,8.03,107.477
04/03/2026 18:22:15,8.07,107.474
04/03/2026 18:32:15,8.11,107.484
04/03/2026 18:42:15,8.15,107.485
04/03/2026 18:52:15,8.18,107.473
04/03/2026 19:02:15,8.22,107.475
04/03/2026 19:12:15,8.24,107.476
04/03/2026 19:22:15,8.26,107.498
04/03/2026 19:32:15,8.27,107.485
04/03/2026 19:42:15,8.28,107.495
04/03/2026 19:52:15,8.28,107.477
04/03/2026 20:02:15,8.29,107.473
04/03/2026 20:12:15,8.30,107.469
04/03/2026 20:22:15,8.30,107.487
04/03/2026 20:32:15,8.30,107.486
04/03/2026 20:42:15,8.29,107.495
04/03/2026 20:52:15,8.29,107.499
04/03/2026 21:02:15,8.29,107.495
04/03/2026 21:12:15,8.29,107.504
04/03/2026 21:22:15,8.30,107.513
04/03/2026 21:32:15,8.30,107.509
04/03/2026 21:42:15,8.31,107.496
04/03/2026 21:52:15,8.31,107.487
04/03/2026 22:02:15,8.31,107.482
04/03/2026 22:12:15,8.30,107.504
04/03/2026 22:22:15,8.29,107.513
04/03/2026 22:32:15,8.28,107.499
04/03/2026 22:42:15,8.27,107.503
04/03/2026 22:52:15,8.26,107.503
04/03/2026 23:02:15,8.26,107.498
04/03/2026 23:12:15,8.26,107.485
04/03/2026 23:22:15,8.25,107.494
04/03/2026 23:32:15,8.25,107.467
04/03/2026 23:42:15,8.24,107.467
04/03/2026 23:52:15,8.24,107.476
04/04/2026 00:02:15,8.24,107.463
04/04/2026 00:12:15,8.24,107.449
04/04/2026 00:22:15,8.23,107.458
04/04/2026 00:32:15,8.23,107.466
04/04/2026 00:42:15,8.23,107.462
04/04/2026 00:52:15,8.23,107.484
04/04/2026 01:02:15,8.23,107.484
04/04/2026 01:12:15,8.22,107.484
04/04/2026 01:22:15,8.21,107.483
04/04/2026 01:32:15,8.21,107.452
04/04/2026 01:42:15,8.20,107.470
04/04/2026 01:52:15,8.20,107.465
04/04/2026 02:02:15,8.19,107.461
04/04/2026 02:12:15,8.18,107.474
04/04/2026 02:22:15,8.17,107.460
04/04/2026 02:32:15,8.16,107.495
04/04/2026 02:42:15,8.15,107.485
04/04/2026 02:52:15,8.14,107.481
04/04/2026 03:02:15,8.13,107.498
04/04/2026 03:12:15,8.12,107.502
04/04/2026 03:22:15,8.11,107.480
04/04/2026 03:32:15,8.10,107.479
04/04/2026 03:42:15,8.09,107.479
04/04/2026 03:52:15,8.07,107.496
04/04/2026 04:02:15,8.06,107.487
04/04/2026 04:12:15,8.05,107.495
04/04/2026 04:22:15,8.04,107.512
04/04/2026 04:32:15,8.02,107.525
04/04/2026 04:42:15,8.01,107.547
04/04/2026 04:52:15,8.00,107.568
04/04/2026 05:02:15,7.99,107.585
04/04/2026 05:12:15,7.98,107.611
04/04/2026 05:22:15,7.96,107.593
04/04/2026 05:32:15,7.95,107.610
04/04/2026 05:42:15,7.94,107.614
04/04/2026 05:52:15,7.92,107.640
04/04/2026 06:02:15,7.91,107.675
04/04/2026 06:12:15,7.90,107.705
04/04/2026 06:22:15,7.88,107.740
04/04/2026 06:32:15,7.87,107.779
04/04/2026 06:42:15,7.86,107.805
04/04/2026 06:52:15,7.85,107.809
04/04/2026 07:02:15,7.84,107.835
04/04/2026 07:12:15,7.83,107.866
04/04/2026 07:22:15,7.82,107.870
04/04/2026 07:32:15,7.82,107.914
04/04/2026 07:42:15,7.81,107.935
04/04/2026 07:52:15,7.81,107.949
04/04/2026 08:02:15,7.81,107.979
04/04/2026 08:12:15,7.82,107.971
04/04/2026 08:22:15,7.82,107.962
04/04/2026 08:32:15,7.84,107.958
04/04/2026 08:42:15,7.85,108.003
04/04/2026 08:52:15,7.87,107.990
04/04/2026 09:02:15,7.89,107.986
04/04/2026 09:12:15,7.90,108.005
04/04/2026 09:22:15,7.92,108.001
04/04/2026 09:32:15,7.94,108.006
04/04/2026 09:42:15,7.97,108.033
04/04/2026 09:52:15,7.99,108.034
04/04/2026 10:02:15,8.02,108.027
04/04/2026 10:12:15,8.05,108.063
04/04/2026 10:22:15,8.08,108.055
04/04/2026 10:32:15,8.12,108.070
04/04/2026 10:42:15,8.16,108.067
04/04/2026 10:52:15,8.21,108.078
04/04/2026 11:02:15,8.26,108.053
04/04/2026 11:12:15,8.31,108.068
04/04/2026 11:22:15,8.37,108.057
04/04/2026 11:32:15,8.44,108.029
04/04/2026 11:42:15,8.52,108.014
04/04/2026 11:52:15,8.59,107.990
04/04/2026 12:02:15,8.67,107.971
04/04/2026 12:12:15,8.75,107.939
04/04/2026 12:22:15,8.83,107.933
04/04/2026 12:32:15,8.91,107.936
04/04/2026 12:42:15,8.99,107.908
04/04/2026 12:52:15,9.07,107.911
04/04/2026 13:02:15,9.16,107.905
04/04/2026 13:12:15,9.24,107.908
04/04/2026 13:22:15,9.31,107.889
04/04/2026 13:32:15,9.37,107.878
04/04/2026 13:42:15,9.42,107.849
04/04/2026 13:52:15,9.49,107.842
04/04/2026 14:02:15,9.56,107.849
04/04/2026 14:12:15,9.64,107.857
04/04/2026 14:22:15,9.73,107.842
04/04/2026 14:32:15,9.82,107.859
04/04/2026 14:42:15,9.90,107.840
04/04/2026 14:52:15,9.97,107.838
04/04/2026 15:02:15,10.04,107.849
04/04/2026 15:12:15,10.11,107.839
04/04/2026 15:22:15,10.20,107.842
04/04/2026 15:32:15,10.28,107.845
04/04/2026 15:42:15,10.36,107.834
04/04/2026 15:52:15,10.43,107.819
04/04/2026 16:02:15,10.50,107.853
04/04/2026 16:12:15,10.56,107.851
04/04/2026 16:22:15,10.65,107.876
04/04/2026 16:32:15,10.74,107.897
04/04/2026 16:42:15,10.80,107.881
04/04/2026 16:52:15,10.85,107.905
04/04/2026 17:02:15,10.88,107.928
04/04/2026 17:12:15,10.92,107.925
04/04/2026 17:22:15,10.96,107.949
04/04/2026 17:32:15,10.99,107.959
04/04/2026 17:42:15,11.01,107.950
04/04/2026 17:52:15,11.02,107.977
04/04/2026 18:02:15,11.04,108.000
04/04/2026 18:12:15,11.05,108.000
04/04/2026 18:22:15,11.05,108.005
04/04/2026 18:32:15,11.06,108.005
04/04/2026 18:42:15,11.06,108.040
04/04/2026 18:52:15,11.06,108.040
04/04/2026 19:02:15,11.05,108.049
04/04/2026 19:12:15,11.03,108.048
04/04/2026 19:22:15,11.03,108.022
04/04/2026 19:32:15,11.01,108.021
04/04/2026 19:42:15,10.99,107.994
04/04/2026 19:52:15,10.96,107.966
04/04/2026 20:02:15,10.93,107.965
04/04/2026 20:12:15,10.89,107.995
04/04/2026 20:22:15,10.85,107.993
04/04/2026 20:32:15,10.81,107.992
04/04/2026 20:42:15,10.76,107.986
04/04/2026 20:52:15,10.72,107.971
04/04/2026 21:02:15,10.68,107.987
04/04/2026 21:12:15,10.63,107.963
04/04/2026 21:22:15,10.59,107.953
04/04/2026 21:32:15,10.54,107.960
04/04/2026 21:42:15,10.48,107.958
04/04/2026 21:52:15,10.43,107.943
04/04/2026 22:02:15,10.37,107.919
04/04/2026 22:12:15,10.32,107.908
04/04/2026 22:22:15,10.27,107.893
04/04/2026 22:32:15,10.21,107.882
04/04/2026 22:42:15,10.15,107.858
04/04/2026 22:52:15,10.10,107.838
04/04/2026 23:02:15,10.04,107.796
04/04/2026 23:12:15,9.99,107.799
04/04/2026 23:22:15,9.93,107.792
04/04/2026 23:32:15,9.88,107.768
04/04/2026 23:42:15,9.82,107.740
04/04/2026 23:52:15,9.77,107.756
04/05/2026 00:02:15,9.72,107.732
04/05/2026 00:12:15,9.67,107.721
04/05/2026 00:22:15,9.63,107.715
04/05/2026 00:32:15,9.59,107.665
04/05/2026 00:42:15,9.54,107.637
04/05/2026 00:52:15,9.50,107.596
04/05/2026 01:02:15,9.46,107.590
04/05/2026 01:12:15,9.42,107.576
04/05/2026 01:22:15,9.39,107.548
04/05/2026 01:32:15,9.35,107.511
04/05/2026 01:42:15,9.31,107.492
04/05/2026 01:52:15,9.28,107.443
04/05/2026 02:02:15,9.25,107.402
04/05/2026 02:12:15,9.22,107.388
04/05/2026 02:22:15,9.19,107.329
04/05/2026 02:32:15,9.16,107.333
04/05/2026 02:42:15,9.13,107.288
04/05/2026 02:52:15,9.11,107.234
04/05/2026 03:02:15,9.08,107.233
04/05/2026 03:12:15,9.05,107.197
04/05/2026 03:22:15,9.03,107.196
04/05/2026 03:32:15,9.00,107.173
04/05/2026 03:42:15,8.98,107.176
04/05/2026 03:52:15,8.95,107.171
04/05/2026 04:02:15,8.93,107.122
04/05/2026 04:12:15,8.90,107.086
04/05/2026 04:22:15,8.88,107.045
04/05/2026 04:32:15,8.86,107.014
04/05/2026 04:42:15,8.84,106.986
04/05/2026 04:52:15,8.81,106.950
04/05/2026 05:02:15,8.79,106.905
04/05/2026 05:12:15,8.77,106.900
04/05/2026 05:22:15,8.75,106.860
04/05/2026 05:32:15,8.73,106.841
04/05/2026 05:42:15,8.71,106.828
04/05/2026 05:52:15,8.68,106.805
04/05/2026 06:02:15,8.66,106.777
04/05/2026 06:12:15,8.64,106.777
04/05/2026 06:22:15,8.62,106.754
04/05/2026 06:32:15,8.60,106.736
04/05/2026 06:42:15,8.58,106.717
04/05/2026 06:52:15,8.56,106.695
04/05/2026 07:02:15,8.54,106.672
04/05/2026 07:12:15,8.52,106.636
04/05/2026 07:22:15,8.51,106.640
04/05/2026 07:32:15,8.49,106.604
04/05/2026 07:42:15,8.47,106.559
04/05/2026 07:52:15,8.46,106.537
04/05/2026 08:02:15,8.45,106.550
04/05/2026 08:12:15,8.43,106.553
04/05/2026 08:22:15,8.42,106.509
04/05/2026 08:32:15,8.41,106.456
04/05/2026 08:42:15,8.39,106.407
04/05/2026 08:52:15,8.38,106.393
04/05/2026 09:02:15,8.37,106.371
04/05/2026 09:12:15,8.36,106.371
04/05/2026 09:22:15,8.36,106.361
04/05/2026 09:32:15,8.35,106.339
04/05/2026 09:42:15,8.35,106.326
04/05/2026 09:52:15,8.34,106.334
04/05/2026 10:02:15,8.34,106.308
04/05/2026 10:12:15,8.33,106.317
04/05/2026 10:22:15,8.33,106.299
04/05/2026 10:32:15,8.33,106.268
04/05/2026 10:42:15,8.33,106.228
04/05/2026 10:52:15,8.33,106.224
04/05/2026 11:02:15,8.34,106.198
04/05/2026 11:12:15,8.34,106.207
04/05/2026 11:22:15,8.35,106.203
04/05/2026 11:32:15,8.35,106.212
04/05/2026 11:42:15,8.36,106.212
04/05/2026 11:52:15,8.36,106.212
04/05/2026 12:02:15,8.37,106.190
04/05/2026 12:12:15,8.37,106.181
04/05/2026 12:22:15,8.38,106.151
04/05/2026 12:32:15,8.39,106.103
04/05/2026 12:42:15,8.40,106.129
04/05/2026 12:52:15,8.41,106.090
04/05/2026 13:02:15,8.42,106.073
04/05/2026 13:12:15,8.43,106.074
04/05/2026 13:22:15,8.45,106.052
04/05/2026 13:32:15,8.46,106.070
04/05/2026 13:42:15,8.48,106.031
04/05/2026 13:52:15,8.50,106.010
04/05/2026 14:02:15,8.52,106.006
04/05/2026 14:12:15,8.54,105.994
04/05/2026 14:22:15,8.56,105.959
04/05/2026 14:32:15,8.57,105.885
04/05/2026 14:42:15,8.59,105.894
04/05/2026 14:52:15,8.61,105.868
04/05/2026 15:02:15,8.62,105.864
04/05/2026 15:12:15,8.63,105.794
04/05/2026 15:22:15,8.65,105.808
04/05/2026 15:32:15,8.66,105.848
04/05/2026 15:42:15,8.66,105.923
04/05/2026 15:52:15,8.67,105.888
04/05/2026 16:02:15,8.67,105.923
04/05/2026 16:12:15,8.68,105.871
04/05/2026 16:22:15,8.68,105.814
04/05/2026 16:32:15,8.69,105.946
04/05/2026 16:42:15,8.69,105.933
04/05/2026 16:52:15,8.69,105.942
04/05/2026 17:02:15,8.70,105.959
04/05/2026 17:12:15,8.70,105.951
04/05/2026 17:22:15,8.70,105.973
04/05/2026 17:32:15,8.70,105.995
04/05/2026 17:42:15,8.70,106.008
04/05/2026 17:52:15,8.71,106.044
04/05/2026 18:02:15,8.71,106.048
04/05/2026 18:12:15,8.71,106.066
04/05/2026 18:22:15,8.71,106.101
04/05/2026 18:32:15,8.72,106.132
04/05/2026 18:42:15,8.72,106.145
04/05/2026 18:52:15,8.72,106.167
04/05/2026 19:02:15,8.72,106.163
04/05/2026 19:12:15,8.72,106.172
04/05/2026 19:22:15,8.72,106.185
04/05/2026 19:32:15,8.71,106.216
04/05/2026 19:42:15,8.70,106.220
04/05/2026 19:52:15,8.70,106.246
04/05/2026 20:02:15,8.69,106.254
04/05/2026 20:12:15,8.67,106.280
04/05/2026 20:22:15,8.66,106.297
04/05/2026 20:32:15,8.65,106.319
04/05/2026 20:42:15,8.63,106.310
04/05/2026 20:52:15,8.62,106.340
04/05/2026 21:02:15,8.61,106.348
04/05/2026 21:12:15,8.59,106.361
04/05/2026 21:22:15,8.57,106.365
04/05/2026 21:32:15,8.56,106.386
04/05/2026 21:42:15,8.55,106.359
04/05/2026 21:52:15,8.53,106.363
04/05/2026 22:02:15,8.52,106.380
04/05/2026 22:12:15,8.50,106.389
04/05/2026 22:22:15,8.49,106.393
04/05/2026 22:32:15,8.47,106.392
04/05/2026 22:42:15,8.45,106.400
04/05/2026 22:52:15,8.43,106.430
04/05/2026 23:02:15,8.41,106.416
04/05/2026 23:12:15,8.39,106.429
04/05/2026 23:22:15,8.37,106.415
04/05/2026 23:32:15,8.36,106.397
04/05/2026 23:42:15,8.34,106.387
04/05/2026 23:52:15,8.32,106.378
04/06/2026 00:02:15,8.30,106.381
04/06/2026 00:12:15,8.28,106.363
04/06/2026 00:22:15,8.26,106.371
04/06/2026 00:32:15,8.25,106.344
04/06/2026 00:42:15,8.23,106.339
04/06/2026 00:52:15,8.21,106.361
04/06/2026 01:02:15,8.19,106.342
04/06/2026 01:12:15,8.17,106.333
04/06/2026 01:22:15,8.16,106.337
04/06/2026 01:32:15,8.14,106.340
04/06/2026 01:42:15,8.12,106.357
04/06/2026 01:52:15,8.10,106.374
04/06/2026 02:02:15,8.09,106.378
04/06/2026 02:12:15,8.07,106.391
04/06/2026 02:22:15,8.05,106.381
04/06/2026 02:32:15,8.03,106.385
04/06/2026 02:42:15,8.01,106.371
04/06/2026 02:52:15,7.99,106.384
04/06/2026 03:02:15,7.97,106.396
04/06/2026 03:12:15,7.95,106.395
04/06/2026 03:22:15,7.93,106.421
04/06/2026 03:32:15,7.91,106.473
04/06/2026 03:42:15,7.89,106.525
04/06/2026 03:52:15,7.87,106.538
04/06/2026 04:02:15,7.84,106.506
04/06/2026 04:12:15,7.82,106.540
04/06/2026 04:22:15,7.79,106.517
04/06/2026 04:32:15,7.77,106.512
04/06/2026 04:42:15,7.74,106.520
04/06/2026 04:52:15,7.71,106.523
04/06/2026 05:02:15,7.68,106.531
04/06/2026 05:12:15,7.65,106.521
04/06/2026 05:22:15,7.62,106.525
04/06/2026 05:32:15,7.60,106.546
04/06/2026 05:42:15,7.57,106.549
04/06/2026 05:52:15,7.55,106.535
04/06/2026 06:02:15,7.52,106.543
04/06/2026 06:12:15,7.50,106.551
04/06/2026 06:22:15,7.47,106.541
04/06/2026 06:32:15,7.44,106.558
04/06/2026 06:42:15,7.42,106.579
04/06/2026 06:52:15,7.39,106.574
04/06/2026 07:02:15,7.37,106.582
04/06/2026 07:12:15,7.35,106.598
04/06/2026 07:22:15,7.33,106.602
04/06/2026 07:32:15,7.30,106.605
04/06/2026 07:42:15,7.28,106.640
04/06/2026 07:52:15,7.26,106.643
04/06/2026 08:02:15,7.23,106.643
04/06/2026 08:12:15,7.21,106.659
04/06/2026 08:22:15,7.19,106.654
04/06/2026 08:32:15,7.17,106.662
04/06/2026 08:42:15,7.16,106.675
04/06/2026 08:52:15,7.14,106.661
04/06/2026 09:02:15,7.13,106.674
04/06/2026 09:12:15,7.12,106.687
04/06/2026 09:22:15,7.11,106.687
04/06/2026 09:32:15,7.11,106.695
04/06/2026 09:42:15,7.10,106.686
04/06/2026 09:52:15,7.10,106.686
04/06/2026 10:02:15,7.10,106.713
04/06/2026 10:12:15,7.10,106.713
04/06/2026 10:22:15,7.11,106.704
04/06/2026 10:32:15,7.12,106.705
04/06/2026 10:42:15,7.14,106.696
04/06/2026 10:52:15,7.15,106.692
04/06/2026 11:02:15,7.17,106.697
04/06/2026 11:12:15,7.18,106.698
04/06/2026 11:22:15,7.20,106.703
04/06/2026 11:32:15,7.22,106.712
04/06/2026 11:42:15,7.23,106.713
04/06/2026 11:52:15,7.26,106.718
04/06/2026 12:02:15,7.28,106.710
04/06/2026 12:12:15,7.30,106.685
04/06/2026 12:22:15,7.33,106.694
04/06/2026 12:32:15,7.35,106.717
04/06/2026 12:42:15,7.37,106.696
04/06/2026 12:52:15,7.40,106.714
04/06/2026 13:02:15,7.42,106.698
04/06/2026 13:12:15,7.44,106.690
04/06/2026 13:22:15,7.45,106.694
04/06/2026 13:32:15,7.46,106.704
04/06/2026 13:42:15,7.47,106.691
04/06/2026 13:52:15,7.48,106.674
04/06/2026 14:02:15,7.49,106.674
04/06/2026 14:12:15,7.50,106.679
04/06/2026 14:22:15,7.51,106.653
04/06/2026 14:32:15,7.52,106.635
04/06/2026 14:42:15,7.53,106.649
04/06/2026 14:52:15,7.54,106.618
04/06/2026 15:02:15,7.55,106.619
04/06/2026 15:12:15,7.56,106.601
04/06/2026 15:22:15,7.57,106.615
04/06/2026 15:32:15,7.58,106.620
04/06/2026 15:42:15,7.60,106.616
04/06/2026 15:52:15,7.62,106.621
04/06/2026 16:02:15,7.64,106.627
