Date-Time (EDT),Temperature C,Absolute Pressure kPa
10/12/2025 07:33:40,17.93,101.068
10/12/2025 07:43:40,18.67,101.116
10/12/2025 07:53:40,18.52,101.160
10/12/2025 08:03:40,18.33,101.188
10/12/2025 08:13:40,18.16,101.199
10/12/2025 08:23:40,18.03,101.181
10/12/2025 08:33:40,16.47,101.538
10/12/2025 08:43:40,15.60,101.500
10/12/2025 08:53:40,15.08,101.233
10/12/2025 09:03:40,15.02,101.570
10/12/2025 09:13:40,15.02,101.552
10/12/2025 09:23:40,14.95,101.539
10/12/2025 09:33:40,14.92,101.523
10/12/2025 09:43:40,15.53,101.597
10/12/2025 09:53:40,15.81,101.617
10/12/2025 10:03:40,15.89,101.618
10/12/2025 10:13:40,15.89,101.583
10/12/2025 10:23:40,16.06,101.217
10/12/2025 10:33:40,16.22,101.468
10/12/2025 10:43:40,16.34,101.423
10/12/2025 10:53:40,16.43,101.433
10/12/2025 11:03:40,16.49,101.433
10/12/2025 11:13:40,16.77,101.656
10/12/2025 11:23:40,17.22,101.496
10/12/2025 11:33:40,17.17,101.542
10/12/2025 11:43:40,17.22,101.740
10/12/2025 11:53:40,15.37,104.341
10/12/2025 12:03:40,14.82,101.747
10/12/2025 12:13:40,15.96,101.757
10/12/2025 12:23:40,15.54,101.820
10/12/2025 12:33:40,15.58,101.814
10/12/2025 12:43:40,15.52,101.792
10/12/2025 12:53:40,15.41,101.771
10/12/2025 13:03:40,15.28,101.776
10/12/2025 13:13:40,15.16,101.785
10/12/2025 13:23:40,15.03,101.798
10/12/2025 13:33:40,14.86,101.790
10/12/2025 13:43:40,14.70,101.774
10/12/2025 13:53:40,14.57,101.809
10/12/2025 14:03:40,14.51,101.805
10/12/2025 14:13:40,14.50,101.800
10/12/2025 14:23:40,14.55,101.821
10/12/2025 14:33:40,14.60,101.820
10/12/2025 14:43:40,14.58,101.823
10/12/2025 14:53:40,14.52,101.819
10/12/2025 15:03:40,14.50,101.817
10/12/2025 15:13:40,14.43,101.795
10/12/2025 15:23:40,14.33,101.787
10/12/2025 15:33:40,14.18,101.768
10/12/2025 15:43:40,14.05,101.772
10/12/2025 15:53:40,13.95,101.755
10/12/2025 16:03:40,13.89,101.747
10/12/2025 16:13:40,13.80,101.767
10/12/2025 16:23:40,13.65,101.756
10/12/2025 16:33:40,13.45,101.755
10/12/2025 16:43:40,13.24,101.775
10/12/2025 16:53:40,13.03,101.777
10/12/2025 17:03:40,12.81,101.769
10/12/2025 17:13:40,12.62,101.760
10/12/2025 17:23:40,12.46,101.761
10/12/2025 17:33:40,12.32,101.737
10/12/2025 17:43:40,12.19,101.737
10/12/2025 17:53:40,12.10,101.774
10/12/2025 18:03:40,12.01,101.767
10/12/2025 18:13:40,11.93,101.797
10/12/2025 18:23:40,11.86,101.809
10/12/2025 18:33:40,11.80,101.809
10/12/2025 18:43:40,11.75,101.801
10/12/2025 18:53:40,11.71,101.771
10/12/2025 19:03:40,11.66,101.763
10/12/2025 19:13:40,11.61,101.732
10/12/2025 19:23:40,11.56,101.729
10/12/2025 19:33:40,11.53,101.727
10/12/2025 19:43:40,11.52,101.757
10/12/2025 19:53:40,11.51,101.747
10/12/2025 20:03:40,11.50,101.764
10/12/2025 20:13:40,11.48,101.772
10/12/2025 20:23:40,11.46,101.761
10/12/2025 20:33:40,11.44,101.746
10/12/2025 20:43:40,11.43,101.767
10/12/2025 20:53:40,11.43,101.736
10/12/2025 21:03:40,11.45,101.694
10/12/2025 21:13:40,11.48,101.683
10/12/2025 21:23:40,11.52,101.677
10/12/2025 21:33:40,11.58,101.646
10/12/2025 21:43:40,11.62,101.649
10/12/2025 21:53:40,11.66,101.644
10/12/2025 22:03:40,11.69,101.646
10/12/2025 22:13:40,11.72,101.634
10/12/2025 22:23:40,11.74,101.662
10/12/2025 22:33:40,11.74,101.631
10/12/2025 22:43:40,11.72,101.653
10/12/2025 22:53:40,11.70,101.660
10/12/2025 23:03:40,11.67,101.662
10/12/2025 23:13:40,11.64,101.673
10/12/2025 23:23:40,11.60,101.669
10/12/2025 23:33:40,11.54,101.665
10/12/2025 23:43:40,11.49,101.657
10/12/2025 23:53:40,11.41,101.647
10/13/2025 00:03:40,11.33,101.627
10/13/2025 00:13:40,11.25,101.630
10/13/2025 00:23:40,11.16,101.614
10/13/2025 00:33:40,11.08,101.635
10/13/2025 00:43:40,10.99,101.618
10/13/2025 00:53:40,10.90,101.598
10/13/2025 01:03:40,10.82,101.574
10/13/2025 01:13:40,10.74,101.586
10/13/2025 01:23:40,10.66,101.580
10/13/2025 01:33:40,10.58,101.583
10/13/2025 01:43:40,10.50,101.577
10/13/2025 01:53:40,10.42,101.583
10/13/2025 02:03:40,10.34,101.577
10/13/2025 02:13:40,10.25,101.584
10/13/2025 02:23:40,10.17,101.608
10/13/2025 02:33:40,10.09,101.624
10/13/2025 02:43:40,10.01,101.591
10/13/2025 02:53:40,9.93,101.598
10/13/2025 03:03:40,9.85,101.637
10/13/2025 03:13:40,9.78,101.618
10/13/2025 03:23:40,9.73,101.613
10/13/2025 03:33:40,9.67,101.596
10/13/2025 03:43:40,9.61,101.568
10/13/2025 03:53:40,9.55,101.550
10/13/2025 04:03:40,9.49,101.520
10/13/2025 04:13:40,9.46,101.530
10/13/2025 04:23:40,9.42,101.558
10/13/2025 04:33:40,9.39,101.560
10/13/2025 04:43:40,9.37,101.558
10/13/2025 04:53:40,9.36,101.567
10/13/2025 05:03:40,9.37,101.523
10/13/2025 05:13:40,9.37,101.536
10/13/2025 05:23:40,9.37,101.568
10/13/2025 05:33:40,9.38,101.537
10/13/2025 05:43:40,9.36,101.540
10/13/2025 05:53:40,9.34,101.552
10/13/2025 06:03:40,9.32,101.572
10/13/2025 06:13:40,9.31,101.576
10/13/2025 06:23:40,9.30,101.575
10/13/2025 06:33:40,9.31,101.562
10/13/2025 06:43:40,9.31,101.558
10/13/2025 06:53:40,9.31,101.563
10/13/2025 07:03:40,9.33,101.542
10/13/2025 07:13:40,9.35,101.557
10/13/2025 07:23:40,9.37,101.559
10/13/2025 07:33:40,9.41,101.557
10/13/2025 07:43:40,9.47,101.566
10/13/2025 07:53:40,9.52,101.592
10/13/2025 08:03:40,9.57,101.605
10/13/2025 08:13:40,9.62,101.614
10/13/2025 08:23:40,9.68,101.601
10/13/2025 08:33:40,9.75,101.575
10/13/2025 08:43:40,9.85,101.583
10/13/2025 08:53:40,9.99,101.576
10/13/2025 09:03:40,10.14,101.566
10/13/2025 09:13:40,10.30,101.556
10/13/2025 09:23:40,10.45,101.568
10/13/2025 09:33:40,10.56,101.581
10/13/2025 09:43:40,10.63,101.600
10/13/2025 09:53:40,10.68,101.599
10/13/2025 10:03:40,10.71,101.601
10/13/2025 10:13:40,10.75,101.609
10/13/2025 10:23:40,10.79,101.608
10/13/2025 10:33:40,10.84,101.612
10/13/2025 10:43:40,10.91,101.613
10/13/2025 10:53:40,10.99,101.610
10/13/2025 11:03:40,11.05,101.588
10/13/2025 11:13:40,11.13,101.603
10/13/2025 11:23:40,11.24,101.589
10/13/2025 11:33:40,11.38,101.578
10/13/2025 11:43:40,11.58,101.558
10/13/2025 11:53:40,11.89,101.550
10/13/2025 12:03:40,12.04,101.543
10/13/2025 12:13:40,12.09,101.543
10/13/2025 12:23:40,12.16,101.548
10/13/2025 12:33:40,12.16,101.526
10/13/2025 12:43:40,12.15,101.534
10/13/2025 12:53:40,12.19,101.528
10/13/2025 13:03:40,12.25,101.515
10/13/2025 13:13:40,12.30,101.501
10/13/2025 13:23:40,12.35,101.509
10/13/2025 13:33:40,12.43,101.511
10/13/2025 13:43:40,12.53,101.514
10/13/2025 13:53:40,12.61,101.511
10/13/2025 14:03:40,12.64,101.500
10/13/2025 14:13:40,12.67,101.480
10/13/2025 14:23:40,12.70,101.477
10/13/2025 14:33:40,12.73,101.471
10/13/2025 14:43:40,12.76,101.482
10/13/2025 14:53:40,12.71,101.487
10/13/2025 15:03:40,12.60,101.501
10/13/2025 15:13:40,12.47,101.491
10/13/2025 15:23:40,12.34,101.482
10/13/2025 15:33:40,12.25,101.470
10/13/2025 15:43:40,12.19,101.457
10/13/2025 15:53:40,12.15,101.454
10/13/2025 16:03:40,12.11,101.442
10/13/2025 16:13:40,12.07,101.452
10/13/2025 16:23:40,12.02,101.445
10/13/2025 16:33:40,11.98,101.455
10/13/2025 16:43:40,11.93,101.460
10/13/2025 16:53:40,11.84,101.462
10/13/2025 17:03:40,11.78,101.470
10/13/2025 17:13:40,11.72,101.457
10/13/2025 17:23:40,11.68,101.459
10/13/2025 17:33:40,11.62,101.476
10/13/2025 17:43:40,11.52,101.495
10/13/2025 17:53:40,11.42,101.501
10/13/2025 18:03:40,11.34,101.499
10/13/2025 18:13:40,11.27,101.521
10/13/2025 18:23:40,11.22,101.517
10/13/2025 18:33:40,11.19,101.528
10/13/2025 18:43:40,11.19,101.523
10/13/2025 18:53:40,11.19,101.523
10/13/2025 19:03:40,11.19,101.537
10/13/2025 19:13:40,11.19,101.537
10/13/2025 19:23:40,11.20,101.533
10/13/2025 19:33:40,11.20,101.533
10/13/2025 19:43:40,11.20,101.559
10/13/2025 19:53:40,11.19,101.541
10/13/2025 20:03:40,11.15,101.538
10/13/2025 20:13:40,11.11,101.548
10/13/2025 20:23:40,11.08,101.550
10/13/2025 20:33:40,11.06,101.566
10/13/2025 20:43:40,11.05,101.570
10/13/2025 20:53:40,11.04,101.573
10/13/2025 21:03:40,11.02,101.581
10/13/2025 21:13:40,10.99,101.601
10/13/2025 21:23:40,10.98,101.609
10/13/2025 21:33:40,10.96,101.617
10/13/2025 21:43:40,10.94,101.619
10/13/2025 21:53:40,10.92,101.618
10/13/2025 22:03:40,10.90,101.616
10/13/2025 22:13:40,10.87,101.627
10/13/2025 22:23:40,10.85,101.621
10/13/2025 22:33:40,10.83,101.628
10/13/2025 22:43:40,10.78,101.603
10/13/2025 22:53:40,10.71,101.628
10/13/2025 23:03:40,10.63,101.613
10/13/2025 23:13:40,10.55,101.616
10/13/2025 23:23:40,10.48,101.606
10/13/2025 23:33:40,10.44,101.598
10/13/2025 23:43:40,10.41,101.587
10/13/2025 23:53:40,10.38,101.576
10/14/2025 00:03:40,10.33,101.585
10/14/2025 00:13:40,10.27,101.563
10/14/2025 00:23:40,10.22,101.563
10/14/2025 00:33:40,10.16,101.572
10/14/2025 00:43:40,10.12,101.564
10/14/2025 00:53:40,10.07,101.552
10/14/2025 01:03:40,10.03,101.544
10/14/2025 01:13:40,9.98,101.531
10/14/2025 01:23:40,9.92,101.522
10/14/2025 01:33:40,9.86,101.509
10/14/2025 01:43:40,9.79,101.508
10/14/2025 01:53:40,9.73,101.512
10/14/2025 02:03:40,9.66,101.502
10/14/2025 02:13:40,9.60,101.493
10/14/2025 02:23:40,9.56,101.480
10/14/2025 02:33:40,9.53,101.478
10/14/2025 02:43:40,9.51,101.454
10/14/2025 02:53:40,9.48,101.452
10/14/2025 03:03:40,9.45,101.450
10/14/2025 03:13:40,9.43,101.440
10/14/2025 03:23:40,9.42,101.430
10/14/2025 03:33:40,9.42,101.430
10/14/2025 03:43:40,9.43,101.422
10/14/2025 03:53:40,9.43,101.417
10/14/2025 04:03:40,9.44,101.418
10/14/2025 04:13:40,9.43,101.440
10/14/2025 04:23:40,9.43,101.435
10/14/2025 04:33:40,9.41,101.438
10/14/2025 04:43:40,9.39,101.445
10/14/2025 04:53:40,9.35,101.464
10/14/2025 05:03:40,9.31,101.465
10/14/2025 05:13:40,9.25,101.456
10/14/2025 05:23:40,9.21,101.462
10/14/2025 05:33:40,9.17,101.476
10/14/2025 05:43:40,9.13,101.473
10/14/2025 05:53:40,9.10,101.453
10/14/2025 06:03:40,9.07,101.446
10/14/2025 06:13:40,9.05,101.435
10/14/2025 06:23:40,9.04,101.443
10/14/2025 06:33:40,9.04,101.443
10/14/2025 06:43:40,9.05,101.440
10/14/2025 06:53:40,9.05,101.423
10/14/2025 07:03:40,9.06,101.423
10/14/2025 07:13:40,9.07,101.446
10/14/2025 07:23:40,9.09,101.474
10/14/2025 07:33:40,9.13,101.500
10/14/2025 07:43:40,9.19,101.504
10/14/2025 07:53:40,9.25,101.527
10/14/2025 08:03:40,9.33,101.516
10/14/2025 08:13:40,9.42,101.518
10/14/2025 08:23:40,9.55,101.529
10/14/2025 08:33:40,9.77,101.524
10/14/2025 08:43:40,10.08,101.512
10/14/2025 08:53:40,10.48,101.500
10/14/2025 09:03:40,10.92,101.498
10/14/2025 09:13:40,11.23,101.518
10/14/2025 09:23:40,11.36,101.514
10/14/2025 09:33:40,11.37,101.515
10/14/2025 09:43:40,11.35,101.531
10/14/2025 09:53:40,11.42,101.479
10/14/2025 10:03:40,11.72,101.471
10/14/2025 10:13:40,12.05,101.487
10/14/2025 10:23:40,12.33,101.450
10/14/2025 10:33:40,12.62,101.440
10/14/2025 10:43:40,12.85,101.431
10/14/2025 10:53:40,13.07,101.443
10/14/2025 11:03:40,13.24,101.433
10/14/2025 11:13:40,13.35,101.446
10/14/2025 11:23:40,13.43,101.420
10/14/2025 11:33:40,13.66,101.406
10/14/2025 11:43:40,14.04,101.407
10/14/2025 11:53:40,14.37,101.409
10/14/2025 12:03:40,14.70,101.379
10/14/2025 12:13:40,15.04,101.363
10/14/2025 12:23:40,15.22,101.376
10/14/2025 12:33:40,15.39,101.370
10/14/2025 12:43:40,15.58,101.343
10/14/2025 12:53:40,15.77,101.325
10/14/2025 13:03:40,16.03,101.339
10/14/2025 13:13:40,16.20,101.316
10/14/2025 13:23:40,16.34,101.307
10/14/2025 13:33:40,16.40,101.312
10/14/2025 13:43:40,16.65,101.279
10/14/2025 13:53:40,17.18,101.249
10/14/2025 14:03:40,17.63,101.230
10/14/2025 14:13:40,17.96,101.221
10/14/2025 14:23:40,18.22,101.212
10/14/2025 14:33:40,18.33,101.219
10/14/2025 14:43:40,18.30,101.226
10/14/2025 14:53:40,18.13,101.228
10/14/2025 15:03:40,17.88,101.238
10/14/2025 15:13:40,17.65,101.231
10/14/2025 15:23:40,17.45,101.267
10/14/2025 15:33:40,17.31,101.244
10/14/2025 15:43:40,17.22,101.238
10/14/2025 15:53:40,17.17,101.230
10/14/2025 16:03:40,17.21,101.233
10/14/2025 16:13:40,17.27,101.228
10/14/2025 16:23:40,17.20,101.223
10/14/2025 16:33:40,17.02,101.225
10/14/2025 16:43:40,16.88,101.237
10/14/2025 16:53:40,16.73,101.236
10/14/2025 17:03:40,16.55,101.237
10/14/2025 17:13:40,16.34,101.236
10/14/2025 17:23:40,16.11,101.220
10/14/2025 17:33:40,15.89,101.227
10/14/2025 17:43:40,15.67,101.234
10/14/2025 17:53:40,15.44,101.236
10/14/2025 18:03:40,15.19,101.228
10/14/2025 18:13:40,14.94,101.250
10/14/2025 18:23:40,14.70,101.251
10/14/2025 18:33:40,14.50,101.267
10/14/2025 18:43:40,14.32,101.294
10/14/2025 18:53:40,14.18,101.306
10/14/2025 19:03:40,14.07,101.298
10/14/2025 19:13:40,13.98,101.287
10/14/2025 19:23:40,13.90,101.291
10/14/2025 19:33:40,13.85,101.291
10/14/2025 19:43:40,13.82,101.302
10/14/2025 19:53:40,13.80,101.288
10/14/2025 20:03:40,13.77,101.255
10/14/2025 20:13:40,13.71,101.259
10/14/2025 20:23:40,13.66,101.246
10/14/2025 20:33:40,13.61,101.260
10/14/2025 20:43:40,13.54,101.251
10/14/2025 20:53:40,13.48,101.233
10/14/2025 21:03:40,13.39,101.231
10/14/2025 21:13:40,13.29,101.246
10/14/2025 21:23:40,13.23,101.259
10/14/2025 21:33:40,13.19,101.252
10/14/2025 21:43:40,13.17,101.246
10/14/2025 21:53:40,13.14,101.235
10/14/2025 22:03:40,13.14,101.226
10/14/2025 22:13:40,13.14,101.230
10/14/2025 22:23:40,13.14,101.213
10/14/2025 22:33:40,13.13,101.194
10/14/2025 22:43:40,13.11,101.189
10/14/2025 22:53:40,13.09,101.196
10/14/2025 23:03:40,13.08,101.208
10/14/2025 23:13:40,13.07,101.252
10/14/2025 23:23:40,13.08,101.231
10/14/2025 23:33:40,13.09,101.187
10/14/2025 23:43:40,13.08,101.187
10/14/2025 23:53:40,13.07,101.163
10/15/2025 00:03:40,13.07,101.163
10/15/2025 00:13:40,13.06,101.149
10/15/2025 00:23:40,13.06,101.136
10/15/2025 00:33:40,13.05,101.122
10/15/2025 00:43:40,13.03,101.129
10/15/2025 00:53:40,13.01,101.097
10/15/2025 01:03:40,12.99,101.109
10/15/2025 01:13:40,12.97,101.112
10/15/2025 01:23:40,12.94,101.105
10/15/2025 01:33:40,12.83,101.101
10/15/2025 01:43:40,12.62,101.086
10/15/2025 01:53:40,12.40,101.083
10/15/2025 02:03:40,12.16,101.069
10/15/2025 02:13:40,11.91,101.055
10/15/2025 02:23:40,11.64,101.070
10/15/2025 02:33:40,11.39,101.051
10/15/2025 02:43:40,11.16,101.047
10/15/2025 02:53:40,10.96,101.045
10/15/2025 03:03:40,10.77,101.039
10/15/2025 03:13:40,10.58,101.015
10/15/2025 03:23:40,10.40,101.015
10/15/2025 03:33:40,10.26,101.017
10/15/2025 03:43:40,10.14,100.999
10/15/2025 03:53:40,10.00,100.988
10/15/2025 04:03:40,9.86,100.995
10/15/2025 04:13:40,9.70,100.987
10/15/2025 04:23:40,9.54,100.970
10/15/2025 04:33:40,9.39,100.985
10/15/2025 04:43:40,9.28,100.980
10/15/2025 04:53:40,9.18,100.999
10/15/2025 05:03:40,9.16,100.971
10/15/2025 05:13:40,9.24,100.969
10/15/2025 05:23:40,9.36,100.965
10/15/2025 05:33:40,9.46,100.968
10/15/2025 05:43:40,9.52,100.977
10/15/2025 05:53:40,9.59,100.961
10/15/2025 06:03:40,9.68,100.946
10/15/2025 06:13:40,9.77,100.961
10/15/2025 06:23:40,9.80,100.968
10/15/2025 06:33:40,9.79,100.967
10/15/2025 06:43:40,9.73,100.954
10/15/2025 06:53:40,9.65,100.956
10/15/2025 07:03:40,9.56,100.972
10/15/2025 07:13:40,9.47,100.977
10/15/2025 07:23:40,9.44,100.975
10/15/2025 07:33:40,9.47,100.986
10/15/2025 07:43:40,9.52,101.004
10/15/2025 07:53:40,9.63,101.004
10/15/2025 08:03:40,9.84,101.007
10/15/2025 08:13:40,10.10,100.996
10/15/2025 08:23:40,10.35,100.963
10/15/2025 08:33:40,10.62,100.943
10/15/2025 08:43:40,11.00,100.933
10/15/2025 08:53:40,11.40,100.950
10/15/2025 09:03:40,11.81,100.967
10/15/2025 09:13:40,12.13,100.943
10/15/2025 09:23:40,12.45,100.936
10/15/2025 09:33:40,12.84,100.925
10/15/2025 09:43:40,13.62,100.888
10/15/2025 09:53:40,14.67,100.866
10/15/2025 10:03:40,15.25,100.889
10/15/2025 10:13:40,15.37,100.907
10/15/2025 10:23:40,16.02,100.898
10/15/2025 10:33:40,18.15,100.816
10/15/2025 10:43:40,19.14,100.835
10/15/2025 10:53:40,18.47,100.845
10/15/2025 11:03:40,17.91,100.862
10/15/2025 11:13:40,17.58,100.849
10/15/2025 11:23:40,17.35,100.847
10/15/2025 11:33:40,17.21,100.833
10/15/2025 11:43:40,17.52,100.836
10/15/2025 11:53:40,17.78,100.831
10/15/2025 12:03:40,17.97,100.844
10/15/2025 12:13:40,18.04,100.830
10/15/2025 12:23:40,18.08,100.802
10/15/2025 12:33:40,18.47,100.796
10/15/2025 12:43:40,18.97,100.785
10/15/2025 12:53:40,19.38,100.775
10/15/2025 13:03:40,19.62,100.751
10/15/2025 13:13:40,19.90,100.728
10/15/2025 13:23:40,19.97,100.710
10/15/2025 13:33:40,19.90,100.688
10/15/2025 13:43:40,20.98,100.675
10/15/2025 13:53:40,22.13,100.647
10/15/2025 14:03:40,22.14,100.661
10/15/2025 14:13:40,21.93,100.675
10/15/2025 14:23:40,21.62,100.670
10/15/2025 14:33:40,21.02,100.695
10/15/2025 14:43:40,20.18,100.661
10/15/2025 14:53:40,19.26,100.670
10/15/2025 15:03:40,18.23,100.679
10/15/2025 15:13:40,17.29,100.692
10/15/2025 15:23:40,16.58,100.688
10/15/2025 15:33:40,16.11,100.687
10/15/2025 15:43:40,15.83,100.681
10/15/2025 15:53:40,15.60,100.683
10/15/2025 16:03:40,15.37,100.693
10/15/2025 16:13:40,15.14,100.709
10/15/2025 16:23:40,14.86,100.702
10/15/2025 16:33:40,14.51,100.700
10/15/2025 16:43:40,14.24,100.707
10/15/2025 16:53:40,14.04,100.706
10/15/2025 17:03:40,13.85,100.728
10/15/2025 17:13:40,13.64,100.735
10/15/2025 17:23:40,13.39,100.752
10/15/2025 17:33:40,13.13,100.751
10/15/2025 17:43:40,12.86,100.744
10/15/2025 17:53:40,12.53,100.769
10/15/2025 18:03:40,12.13,100.766
10/15/2025 18:13:40,11.73,100.780
10/15/2025 18:23:40,11.40,100.781
10/15/2025 18:33:40,11.06,100.791
10/15/2025 18:43:40,10.74,100.802
10/15/2025 18:53:40,10.43,100.804
10/15/2025 19:03:40,10.11,100.806
10/15/2025 19:13:40,9.78,100.825
10/15/2025 19:23:40,9.52,100.814
10/15/2025 19:33:40,9.35,100.822
10/15/2025 19:43:40,9.19,100.814
10/15/2025 19:53:40,8.99,100.812
10/15/2025 20:03:40,8.81,100.837
10/15/2025 20:13:40,8.67,100.843
10/15/2025 20:23:40,8.55,100.851
10/15/2025 20:33:40,8.47,100.876
10/15/2025 20:43:40,8.41,100.866
10/15/2025 20:53:40,8.33,100.874
10/15/2025 21:03:40,8.22,100.882
10/15/2025 21:13:40,8.06,100.874
10/15/2025 21:23:40,7.86,100.889
10/15/2025 21:33:40,7.64,100.876
10/15/2025 21:43:40,7.41,100.874
10/15/2025 21:53:40,7.17,100.898
10/15/2025 22:03:40,6.90,100.894
10/15/2025 22:13:40,6.65,100.882
10/15/2025 22:23:40,6.47,100.893
10/15/2025 22:33:40,6.30,100.870
10/15/2025 22:43:40,6.13,100.896
10/15/2025 22:53:40,5.95,100.872
10/15/2025 23:03:40,5.77,100.879
10/15/2025 23:13:40,5.59,100.877
10/15/2025 23:23:40,5.39,100.869
10/15/2025 23:33:40,5.19,100.874
10/15/2025 23:43:40,5.04,100.862
10/15/2025 23:53:40,4.95,100.854
10/16/2025 00:03:40,4.92,100.852
10/16/2025 00:13:40,4.95,100.827
10/16/2025 00:23:40,4.91,100.833
10/16/2025 00:33:40,4.78,100.830
10/16/2025 00:43:40,4.59,100.832
10/16/2025 00:53:40,4.41,100.830
10/16/2025 01:03:40,4.22,100.817
10/16/2025 01:13:40,4.02,100.840
10/16/2025 01:23:40,3.86,100.852
10/16/2025 01:33:40,3.69,100.846
10/16/2025 01:43:40,3.53,100.854
10/16/2025 01:53:40,3.38,100.855
10/16/2025 02:03:40,3.23,100.846
10/16/2025 02:13:40,3.09,100.842
10/16/2025 02:23:40,2.95,100.843
10/16/2025 02:33:40,2.82,100.854
10/16/2025 02:43:40,2.70,100.838
10/16/2025 02:53:40,2.55,100.843
10/16/2025 03:03:40,2.41,100.843
10/16/2025 03:13:40,2.29,100.842
10/16/2025 03:23:40,2.19,100.824
10/16/2025 03:33:40,2.07,100.813
10/16/2025 03:43:40,1.94,100.824
10/16/2025 03:53:40,1.82,100.826
10/16/2025 04:03:40,1.68,100.813
10/16/2025 04:13:40,1.52,100.803
10/16/2025 04:23:40,1.40,100.788
10/16/2025 04:33:40,1.28,100.799
10/16/2025 04:43:40,1.18,100.786
10/16/2025 04:53:40,1.12,100.788
10/16/2025 05:03:40,1.02,100.788
10/16/2025 05:13:40,0.89,100.816
10/16/2025 05:23:40,0.76,100.796
10/16/2025 05:33:40,0.68,100.797
10/16/2025 05:43:40,0.64,100.780
10/16/2025 05:53:40,0.58,100.779
10/16/2025 06:03:40,0.49,100.766
10/16/2025 06:13:40,0.41,100.768
10/16/2025 06:23:40,0.32,100.760
10/16/2025 06:33:40,0.26,100.776
10/16/2025 06:43:40,0.22,100.767
10/16/2025 06:53:40,0.14,100.769
10/16/2025 07:03:40,0.05,100.761
10/16/2025 07:13:40,0.07,100.763
10/16/2025 07:23:40,0.10,100.775
10/16/2025 07:33:40,0.16,100.780
10/16/2025 07:43:40,0.28,100.791
10/16/2025 07:53:40,0.45,100.798
10/16/2025 08:03:40,0.67,100.788
10/16/2025 08:13:40,1.00,100.804
10/16/2025 08:23:40,1.42,100.786
10/16/2025 08:33:40,1.95,100.776
10/16/2025 08:43:40,2.55,100.755
10/16/2025 08:53:40,3.24,100.749
10/16/2025 09:03:40,4.01,100.742
10/16/2025 09:13:40,4.89,100.729
10/16/2025 09:23:40,5.87,100.742
10/16/2025 09:33:40,7.30,100.701
10/16/2025 09:43:40,9.45,100.675
10/16/2025 09:53:40,12.21,100.630
10/16/2025 10:03:40,15.17,100.604
10/16/2025 10:13:40,18.16,100.554
10/16/2025 10:23:40,20.91,100.564
10/16/2025 10:33:40,23.40,100.552
10/16/2025 10:43:40,25.56,100.535
10/16/2025 10:53:40,27.56,100.517
10/16/2025 11:03:40,29.16,100.521
10/16/2025 11:13:40,30.27,100.512
10/16/2025 11:23:40,31.12,100.499
10/16/2025 11:33:40,31.44,100.513
10/16/2025 11:43:40,30.75,100.499
10/16/2025 11:53:40,31.24,100.495
10/16/2025 12:03:40,31.82,100.490
10/16/2025 12:13:40,32.06,100.474
10/16/2025 12:23:40,29.51,100.476
10/16/2025 12:33:40,25.97,100.450
10/16/2025 12:43:40,22.90,100.434
10/16/2025 12:53:40,20.53,100.429
10/16/2025 13:03:40,18.74,100.432
10/16/2025 13:13:40,17.45,100.409
10/16/2025 13:23:40,16.88,100.411
10/16/2025 13:33:40,18.33,100.387
10/16/2025 13:43:40,21.29,100.360
10/16/2025 13:53:40,24.50,100.383
10/16/2025 14:03:40,26.37,100.409
10/16/2025 14:13:40,25.49,100.415
10/16/2025 14:23:40,23.47,100.396
10/16/2025 14:33:40,21.66,100.378
10/16/2025 14:43:40,20.03,100.375
10/16/2025 14:53:40,18.52,100.377
10/16/2025 15:03:40,17.24,100.377
10/16/2025 15:13:40,16.27,100.378
10/16/2025 15:23:40,15.55,100.382
10/16/2025 15:33:40,15.00,100.392
10/16/2025 15:43:40,14.51,100.388
10/16/2025 15:53:40,14.05,100.387
10/16/2025 16:03:40,13.70,100.415
10/16/2025 16:13:40,13.45,100.397
10/16/2025 16:23:40,13.24,100.404
10/16/2025 16:33:40,13.07,100.427
10/16/2025 16:43:40,12.83,100.413
10/16/2025 16:53:40,12.54,100.441
10/16/2025 17:03:40,12.25,100.438
10/16/2025 17:13:40,11.97,100.465
10/16/2025 17:23:40,11.69,100.485
10/16/2025 17:33:40,11.43,100.513
10/16/2025 17:43:40,11.14,100.513
10/16/2025 17:53:40,10.79,100.540
10/16/2025 18:03:40,10.45,100.558
10/16/2025 18:13:40,10.20,100.570
10/16/2025 18:23:40,10.00,100.576
10/16/2025 18:33:40,9.77,100.625
10/16/2025 18:43:40,9.47,100.646
10/16/2025 18:53:40,9.12,100.667
10/16/2025 19:03:40,8.80,100.672
10/16/2025 19:13:40,8.57,100.694
10/16/2025 19:23:40,8.42,100.699
10/16/2025 19:33:40,8.31,100.713
10/16/2025 19:43:40,8.24,100.703
10/16/2025 19:53:40,8.23,100.697
10/16/2025 20:03:40,8.31,100.713
10/16/2025 20:13:40,8.44,100.723
10/16/2025 20:23:40,8.54,100.704
10/16/2025 20:33:40,8.61,100.688
10/16/2025 20:43:40,8.63,100.703
10/16/2025 20:53:40,8.58,100.699
10/16/2025 21:03:40,8.51,100.711
10/16/2025 21:13:40,8.37,100.735
10/16/2025 21:23:40,8.16,100.696
10/16/2025 21:33:40,7.91,100.698
10/16/2025 21:43:40,7.57,100.679
10/16/2025 21:53:40,7.20,100.685
10/16/2025 22:03:40,6.87,100.692
10/16/2025 22:13:40,6.55,100.688
10/16/2025 22:23:40,6.25,100.672
10/16/2025 22:33:40,5.97,100.662
10/16/2025 22:43:40,5.74,100.664
10/16/2025 22:53:40,5.54,100.666
10/16/2025 23:03:40,5.39,100.661
10/16/2025 23:13:40,5.26,100.686
10/16/2025 23:23:40,5.14,100.680
10/16/2025 23:33:40,5.03,100.666
10/16/2025 23:43:40,4.94,100.672
10/16/2025 23:53:40,4.85,100.634
10/17/2025 00:03:40,4.75,100.664
10/17/2025 00:13:40,4.62,100.679
10/17/2025 00:23:40,4.49,100.660
10/17/2025 00:33:40,4.38,100.677
10/17/2025 00:43:40,4.28,100.686
10/17/2025 00:53:40,4.19,100.674
10/17/2025 01:03:40,4.13,100.672
10/17/2025 01:13:40,4.07,100.703
10/17/2025 01:23:40,4.02,100.708
10/17/2025 01:33:40,3.98,100.708
10/17/2025 01:43:40,3.92,100.707
10/17/2025 01:53:40,3.86,100.733
10/17/2025 02:03:40,3.80,100.728
10/17/2025 02:13:40,3.74,100.723
10/17/2025 02:23:40,3.71,100.720
10/17/2025 02:33:40,3.70,100.715
10/17/2025 02:43:40,3.72,100.713
10/17/2025 02:53:40,3.75,100.711
10/17/2025 03:03:40,3.75,100.728
10/17/2025 03:13:40,3.73,100.735
10/17/2025 03:23:40,3.69,100.749
10/17/2025 03:33:40,3.64,100.741
10/17/2025 03:43:40,3.59,100.754
10/17/2025 03:53:40,3.54,100.749
10/17/2025 04:03:40,3.47,100.761
10/17/2025 04:13:40,3.42,100.770
10/17/2025 04:23:40,3.37,100.801
10/17/2025 04:33:40,3.31,100.804
10/17/2025 04:43:40,3.28,100.793
10/17/2025 04:53:40,3.25,100.804
10/17/2025 05:03:40,3.20,100.816
10/17/2025 05:13:40,3.09,100.812
10/17/2025 05:23:40,2.97,100.836
10/17/2025 05:33:40,2.82,100.850
10/17/2025 05:43:40,2.69,100.856
10/17/2025 05:53:40,2.62,100.871
10/17/2025 06:03:40,2.60,100.878
10/17/2025 06:13:40,2.63,100.877
10/17/2025 06:23:40,2.68,100.890
10/17/2025 06:33:40,2.69,100.908
10/17/2025 06:43:40,2.63,100.907
10/17/2025 06:53:40,2.54,100.904
10/17/2025 07:03:40,2.45,100.918
10/17/2025 07:13:40,2.35,100.926
10/17/2025 07:23:40,2.24,100.934
10/17/2025 07:33:40,2.17,100.928
10/17/2025 07:43:40,2.20,100.931
10/17/2025 07:53:40,2.34,100.930
10/17/2025 08:03:40,2.57,100.938
10/17/2025 08:13:40,2.93,100.947
10/17/2025 08:23:40,3.38,100.930
10/17/2025 08:33:40,3.92,100.937
10/17/2025 08:43:40,4.52,100.945
10/17/2025 08:53:40,5.17,100.934
10/17/2025 09:03:40,5.92,100.914
10/17/2025 09:13:40,6.82,100.914
10/17/2025 09:23:40,7.81,100.916
10/17/2025 09:33:40,9.22,100.900
10/17/2025 09:43:40,11.31,100.908
10/17/2025 09:53:40,13.91,100.856
10/17/2025 10:03:40,16.78,100.821
10/17/2025 10:13:40,19.76,100.808
10/17/2025 10:23:40,22.94,100.824
10/17/2025 10:33:40,25.87,100.829
10/17/2025 10:43:40,28.06,100.842
10/17/2025 10:53:40,29.90,100.853
10/17/2025 11:03:40,31.30,100.852
10/17/2025 11:13:40,32.51,100.853
10/17/2025 11:23:40,33.33,100.863
10/17/2025 11:33:40,33.19,100.852
10/17/2025 11:43:40,32.35,100.824
10/17/2025 11:53:40,32.58,100.834
10/17/2025 12:03:40,33.12,100.840
10/17/2025 12:13:40,32.75,100.819
10/17/2025 12:23:40,30.03,100.779
10/17/2025 12:33:40,26.76,100.761
10/17/2025 12:43:40,24.12,100.719
10/17/2025 12:53:40,22.18,100.712
10/17/2025 13:03:40,20.73,100.682
10/17/2025 13:13:40,19.80,100.646
10/17/2025 13:23:40,19.25,100.629
10/17/2025 13:33:40,19.73,100.615
10/17/2025 13:43:40,22.16,100.635
10/17/2025 13:53:40,24.82,100.619
10/17/2025 14:03:40,26.37,100.619
10/17/2025 14:13:40,26.76,100.618
10/17/2025 14:23:40,25.54,100.597
10/17/2025 14:33:40,24.34,100.588
10/17/2025 14:43:40,23.01,100.556
10/17/2025 14:53:40,21.83,100.553
10/17/2025 15:03:40,20.83,100.541
10/17/2025 15:13:40,20.01,100.530
10/17/2025 15:23:40,19.28,100.511
10/17/2025 15:33:40,18.59,100.511
10/17/2025 15:43:40,17.95,100.518
10/17/2025 15:53:40,17.43,100.519
10/17/2025 16:03:40,17.04,100.511
10/17/2025 16:13:40,16.81,100.504
10/17/2025 16:23:40,16.49,100.509
10/17/2025 16:33:40,16.21,100.503
10/17/2025 16:43:40,15.88,100.507
10/17/2025 16:53:40,15.53,100.514
10/17/2025 17:03:40,15.26,100.526
10/17/2025 17:13:40,15.04,100.551
10/17/2025 17:23:40,14.86,100.547
10/17/2025 17:33:40,14.61,100.547
10/17/2025 17:43:40,14.31,100.565
10/17/2025 17:53:40,13.88,100.575
10/17/2025 18:03:40,13.33,100.601
10/17/2025 18:13:40,12.76,100.613
10/17/2025 18:23:40,12.25,100.624
10/17/2025 18:33:40,11.77,100.619
10/17/2025 18:43:40,11.30,100.641
10/17/2025 18:53:40,10.86,100.679
10/17/2025 19:03:40,10.47,100.683
10/17/2025 19:13:40,10.08,100.702
10/17/2025 19:23:40,9.71,100.722
10/17/2025 19:33:40,9.35,100.711
10/17/2025 19:43:40,9.02,100.725
10/17/2025 19:53:40,8.74,100.739
10/17/2025 20:03:40,8.50,100.750
10/17/2025 20:13:40,8.27,100.754
10/17/2025 20:23:40,8.04,100.770
10/17/2025 20:33:40,7.80,100.773
10/17/2025 20:43:40,7.56,100.798
10/17/2025 20:53:40,7.35,100.790
10/17/2025 21:03:40,7.16,100.805
10/17/2025 21:13:40,6.95,100.827
10/17/2025 21:23:40,6.69,100.824
10/17/2025 21:33:40,6.43,100.819
10/17/2025 21:43:40,6.18,100.834
10/17/2025 21:53:40,5.94,100.840
10/17/2025 22:03:40,5.72,100.840
10/17/2025 22:13:40,5.52,100.867
10/17/2025 22:23:40,5.33,100.873
10/17/2025 22:33:40,5.13,100.869
10/17/2025 22:43:40,4.94,100.880
10/17/2025 22:53:40,4.75,100.867
10/17/2025 23:03:40,4.55,100.868
10/17/2025 23:13:40,4.39,100.881
10/17/2025 23:23:40,4.27,100.888
10/17/2025 23:33:40,4.13,100.889
10/17/2025 23:43:40,3.97,100.884
10/17/2025 23:53:40,3.79,100.886
10/18/2025 00:03:40,3.61,100.897
10/18/2025 00:13:40,3.45,100.891
10/18/2025 00:23:40,3.31,100.888
10/18/2025 00:33:40,3.17,100.903
10/18/2025 00:43:40,3.05,100.887
10/18/2025 00:53:40,2.92,100.880
10/18/2025 01:03:40,2.77,100.898
10/18/2025 01:13:40,2.65,100.922
10/18/2025 01:23:40,2.52,100.919
10/18/2025 01:33:40,2.39,100.921
10/18/2025 01:43:40,2.24,100.934
10/18/2025 01:53:40,2.11,100.922
10/18/2025 02:03:40,1.99,100.916
10/18/2025 02:13:40,1.91,100.931
10/18/2025 02:23:40,1.85,100.921
10/18/2025 02:33:40,1.75,100.921
10/18/2025 02:43:40,1.62,100.922
10/18/2025 02:53:40,1.50,100.929
10/18/2025 03:03:40,1.40,100.928
10/18/2025 03:13:40,1.30,100.920
10/18/2025 03:23:40,1.23,100.926
10/18/2025 03:33:40,1.15,100.915
10/18/2025 03:43:40,1.06,100.911
10/18/2025 03:53:40,0.98,100.912
10/18/2025 04:03:40,0.90,100.914
10/18/2025 04:13:40,0.82,100.929
10/18/2025 04:23:40,0.72,100.924
10/18/2025 04:33:40,0.62,100.941
10/18/2025 04:43:40,0.56,100.953
10/18/2025 04:53:40,0.50,100.970
10/18/2025 05:03:40,0.42,100.949
10/18/2025 05:13:40,0.33,100.963
10/18/2025 05:23:40,0.27,100.992
10/18/2025 05:33:40,0.18,100.967
10/18/2025 05:43:40,0.10,100.977
10/18/2025 05:53:40,0.05,100.981
10/18/2025 06:03:40,0.02,101.018
10/18/2025 06:13:40,-0.04,101.021
10/18/2025 06:23:40,-0.09,101.012
10/18/2025 06:33:40,-0.13,101.026
10/18/2025 06:43:40,-0.13,101.039
10/18/2025 06:53:40,-0.13,101.053
10/18/2025 07:03:40,-0.14,101.083
10/18/2025 07:13:40,-0.14,101.091
10/18/2025 07:23:40,-0.13,101.105
10/18/2025 07:33:40,-0.07,101.102
10/18/2025 07:43:40,0.07,101.124
10/18/2025 07:53:40,0.22,101.116
10/18/2025 08:03:40,0.39,101.123
10/18/2025 08:13:40,0.69,101.141
10/18/2025 08:23:40,1.06,101.158
10/18/2025 08:33:40,1.51,101.155
10/18/2025 08:43:40,2.03,101.166
10/18/2025 08:53:40,2.56,101.162
10/18/2025 09:03:40,3.07,101.189
10/18/2025 09:13:40,3.75,101.174
10/18/2025 09:23:40,4.68,101.162
10/18/2025 09:33:40,6.09,101.189
10/18/2025 09:43:40,8.26,101.155
10/18/2025 09:53:40,11.10,101.100
10/18/2025 10:03:40,14.18,101.093
10/18/2025 10:13:40,15.91,101.095
10/18/2025 10:23:40,16.65,101.119
10/18/2025 10:33:40,16.74,101.112
10/18/2025 10:43:40,18.22,101.069
10/18/2025 10:53:40,21.16,101.047
10/18/2025 11:03:40,23.74,101.022
10/18/2025 11:13:40,26.07,101.041
10/18/2025 11:23:40,27.66,101.045
10/18/2025 11:33:40,28.62,101.049
10/18/2025 11:43:40,28.85,101.034
10/18/2025 11:53:40,29.61,101.040
10/18/2025 12:03:40,30.89,101.025
10/18/2025 12:13:40,31.35,101.020
10/18/2025 12:23:40,29.36,101.015
10/18/2025 12:33:40,26.58,100.988
10/18/2025 12:43:40,24.23,100.961
10/18/2025 12:53:40,22.45,100.929
10/18/2025 13:03:40,21.05,100.916
10/18/2025 13:13:40,20.11,100.892
10/18/2025 13:23:40,19.58,100.886
10/18/2025 13:33:40,19.93,100.837
10/18/2025 13:43:40,22.46,100.836
10/18/2025 13:53:40,25.73,100.844
10/18/2025 14:03:40,28.49,100.868
10/18/2025 14:13:40,28.93,100.863
10/18/2025 14:23:40,27.51,100.849
10/18/2025 14:33:40,25.97,100.825
10/18/2025 14:43:40,24.30,100.823
10/18/2025 14:53:40,22.70,100.797
10/18/2025 15:03:40,21.37,100.811
10/18/2025 15:13:40,20.26,100.813
10/18/2025 15:23:40,19.38,100.815
10/18/2025 15:33:40,18.91,100.811
10/18/2025 15:43:40,18.64,100.799
10/18/2025 15:53:40,18.44,100.799
10/18/2025 16:03:40,18.25,100.809
10/18/2025 16:13:40,18.03,100.812
10/18/2025 16:23:40,17.70,100.830
10/18/2025 16:33:40,17.28,100.825
10/18/2025 16:43:40,16.80,100.841
10/18/2025 16:53:40,16.33,100.853
10/18/2025 17:03:40,15.90,100.855
10/18/2025 17:13:40,15.50,100.841
10/18/2025 17:23:40,15.11,100.849
10/18/2025 17:33:40,14.71,100.860
10/18/2025 17:43:40,14.29,100.861
10/18/2025 17:53:40,13.87,100.853
10/18/2025 18:03:40,13.43,100.879
10/18/2025 18:13:40,12.98,100.886
10/18/2025 18:23:40,12.54,100.893
10/18/2025 18:33:40,12.11,100.884
10/18/2025 18:43:40,11.71,100.907
10/18/2025 18:53:40,11.34,100.927
10/18/2025 19:03:40,11.00,100.950
10/18/2025 19:13:40,10.69,100.975
10/18/2025 19:23:40,10.40,100.962
10/18/2025 19:33:40,10.14,100.942
10/18/2025 19:43:40,9.92,100.929
10/18/2025 19:53:40,9.70,100.938
10/18/2025 20:03:40,9.49,100.944
10/18/2025 20:13:40,9.29,100.941
10/18/2025 20:23:40,9.12,100.967
10/18/2025 20:33:40,8.94,100.966
10/18/2025 20:43:40,8.75,100.982
10/18/2025 20:53:40,8.57,100.999
10/18/2025 21:03:40,8.40,100.994
10/18/2025 21:13:40,8.25,101.022
10/18/2025 21:23:40,8.12,101.020
10/18/2025 21:33:40,7.97,101.022
10/18/2025 21:43:40,7.84,100.993
10/18/2025 21:53:40,7.73,100.993
10/18/2025 22:03:40,7.66,101.000
10/18/2025 22:13:40,7.55,100.992
10/18/2025 22:23:40,7.43,101.035
10/18/2025 22:33:40,7.32,101.053
10/18/2025 22:43:40,7.22,101.048
10/18/2025 22:53:40,7.13,101.064
10/18/2025 23:03:40,7.06,101.067
10/18/2025 23:13:40,7.03,101.095
10/18/2025 23:23:40,7.05,101.088
10/18/2025 23:33:40,7.11,101.084
10/18/2025 23:43:40,7.17,101.080
10/18/2025 23:53:40,7.20,101.095
10/19/2025 00:03:40,7.24,101.072
10/19/2025 00:13:40,7.32,101.092
10/19/2025 00:23:40,7.46,101.108
10/19/2025 00:33:40,7.60,101.106
10/19/2025 00:43:40,7.73,101.117
10/19/2025 00:53:40,7.85,101.127
10/19/2025 01:03:40,7.97,101.110
10/19/2025 01:13:40,8.06,101.113
10/19/2025 01:23:40,8.12,101.109
10/19/2025 01:33:40,8.11,101.086
10/19/2025 01:43:40,8.03,101.079
10/19/2025 01:53:40,7.88,101.054
10/19/2025 02:03:40,7.71,101.027
10/19/2025 02:13:40,7.53,101.021
10/19/2025 02:23:40,7.36,101.034
10/19/2025 02:33:40,7.21,101.021
10/19/2025 02:43:40,7.05,101.026
10/19/2025 02:53:40,6.91,101.019
10/19/2025 03:03:40,6.78,101.003
10/19/2025 03:13:40,6.65,100.975
10/19/2025 03:23:40,6.54,100.983
10/19/2025 03:33:40,6.44,100.984
10/19/2025 03:43:40,6.33,100.997
10/19/2025 03:53:40,6.21,101.022
10/19/2025 04:03:40,6.09,100.999
10/19/2025 04:13:40,6.02,101.006
10/19/2025 04:23:40,5.96,101.019
10/19/2025 04:33:40,5.90,101.009
10/19/2025 04:43:40,5.81,101.011
10/19/2025 04:53:40,5.72,100.981
10/19/2025 05:03:40,5.63,100.978
10/19/2025 05:13:40,5.57,100.999
10/19/2025 05:23:40,5.50,100.993
10/19/2025 05:33:40,5.40,101.007
10/19/2025 05:43:40,5.33,101.010
10/19/2025 05:53:40,5.25,101.025
10/19/2025 06:03:40,5.16,101.031
10/19/2025 06:13:40,5.08,101.033
10/19/2025 06:23:40,4.99,101.008
10/19/2025 06:33:40,4.91,101.013
10/19/2025 06:43:40,4.84,100.999
10/19/2025 06:53:40,4.76,101.001
10/19/2025 07:03:40,4.66,100.988
10/19/2025 07:13:40,4.57,100.998
10/19/2025 07:23:40,4.49,101.013
10/19/2025 07:33:40,4.42,101.007
10/19/2025 07:43:40,4.42,101.025
10/19/2025 07:53:40,4.50,101.036
10/19/2025 08:03:40,4.65,101.049
10/19/2025 08:13:40,4.90,101.057
10/19/2025 08:23:40,5.22,101.045
10/19/2025 08:33:40,5.65,101.050
10/19/2025 08:43:40,6.13,101.060
10/19/2025 08:53:40,6.74,101.066
10/19/2025 09:03:40,7.57,101.059
10/19/2025 09:13:40,8.56,101.060
10/19/2025 09:23:40,9.69,101.039
10/19/2025 09:33:40,10.70,101.034
10/19/2025 09:43:40,11.59,101.026
10/19/2025 09:53:40,12.37,101.023
10/19/2025 10:03:40,12.96,101.018
10/19/2025 10:13:40,13.47,101.002
10/19/2025 10:23:40,14.02,100.998
10/19/2025 10:33:40,14.81,100.978
10/19/2025 10:43:40,15.76,100.983
10/19/2025 10:53:40,16.45,100.968
10/19/2025 11:03:40,17.11,100.982
10/19/2025 11:13:40,18.00,100.974
10/19/2025 11:23:40,19.14,100.947
10/19/2025 11:33:40,20.72,100.926
10/19/2025 11:43:40,22.51,100.910
10/19/2025 11:53:40,25.04,100.881
10/19/2025 12:03:40,27.37,100.869
10/19/2025 12:13:40,28.57,100.859
10/19/2025 12:23:40,27.94,100.867
10/19/2025 12:33:40,26.54,100.839
10/19/2025 12:43:40,25.26,100.818
10/19/2025 12:53:40,24.31,100.810
10/19/2025 13:03:40,23.76,100.783
10/19/2025 13:13:40,23.58,100.781
10/19/2025 13:23:40,23.53,100.760
10/19/2025 13:33:40,23.69,100.747
10/19/2025 13:43:40,24.03,100.727
10/19/2025 13:53:40,24.19,100.714
10/19/2025 14:03:40,24.58,100.700
10/19/2025 14:13:40,25.15,100.687
10/19/2025 14:23:40,25.21,100.663
10/19/2025 14:33:40,25.14,100.669
10/19/2025 14:43:40,24.73,100.663
10/19/2025 14:53:40,24.17,100.654
10/19/2025 15:03:40,23.78,100.664
10/19/2025 15:13:40,23.52,100.635
10/19/2025 15:23:40,23.26,100.638
10/19/2025 15:33:40,22.98,100.617
10/19/2025 15:43:40,22.73,100.611
10/19/2025 15:53:40,22.46,100.599
10/19/2025 16:03:40,22.10,100.601
10/19/2025 16:13:40,21.74,100.570
10/19/2025 16:23:40,21.52,100.561
10/19/2025 16:33:40,21.46,100.588
10/19/2025 16:43:40,21.30,100.584
10/19/2025 16:53:40,21.07,100.565
10/19/2025 17:03:40,20.84,100.573
10/19/2025 17:13:40,20.61,100.590
10/19/2025 17:23:40,20.34,100.582
10/19/2025 17:33:40,20.08,100.570
10/19/2025 17:43:40,19.82,100.550
10/19/2025 17:53:40,19.60,100.557
10/19/2025 18:03:40,19.38,100.557
10/19/2025 18:13:40,19.18,100.567
10/19/2025 18:23:40,18.97,100.567
10/19/2025 18:33:40,18.74,100.587
10/19/2025 18:43:40,18.51,100.581
10/19/2025 18:53:40,18.30,100.585
10/19/2025 19:03:40,18.13,100.601
10/19/2025 19:13:40,17.97,100.612
10/19/2025 19:23:40,17.84,100.599
10/19/2025 19:33:40,17.73,100.605
10/19/2025 19:43:40,17.62,100.580
10/19/2025 19:53:40,17.52,100.570
10/19/2025 20:03:40,17.43,100.554
10/19/2025 20:13:40,17.34,100.526
10/19/2025 20:23:40,17.25,100.538
10/19/2025 20:33:40,17.16,100.532
10/19/2025 20:43:40,17.07,100.539
10/19/2025 20:53:40,16.98,100.555
10/19/2025 21:03:40,16.88,100.549
10/19/2025 21:13:40,16.77,100.528
10/19/2025 21:23:40,16.64,100.554
10/19/2025 21:33:40,16.50,100.563
10/19/2025 21:43:40,16.35,100.548
10/19/2025 21:53:40,16.15,100.534
10/19/2025 22:03:40,15.94,100.516
10/19/2025 22:13:40,15.74,100.537
10/19/2025 22:23:40,15.63,100.556
10/19/2025 22:33:40,15.61,100.555
10/19/2025 22:43:40,15.63,100.547
10/19/2025 22:53:40,15.69,100.556
10/19/2025 23:03:40,15.77,100.548
10/19/2025 23:13:40,15.84,100.531
10/19/2025 23:23:40,15.89,100.543
10/19/2025 23:33:40,15.95,100.534
10/19/2025 23:43:40,15.99,100.510
10/19/2025 23:53:40,16.03,100.508
10/20/2025 00:03:40,16.07,100.493
10/20/2025 00:13:40,16.12,100.497
10/20/2025 00:23:40,16.19,100.471
10/20/2025 00:33:40,16.26,100.471
10/20/2025 00:43:40,16.32,100.466
10/20/2025 00:53:40,16.37,100.451
10/20/2025 01:03:40,16.41,100.446
10/20/2025 01:13:40,16.44,100.417
10/20/2025 01:23:40,16.48,100.401
10/20/2025 01:33:40,16.52,100.396
10/20/2025 01:43:40,16.59,100.373
10/20/2025 01:53:40,16.65,100.346
10/20/2025 02:03:40,16.71,100.351
10/20/2025 02:13:40,16.79,100.334
10/20/2025 02:23:40,16.92,100.311
10/20/2025 02:33:40,17.08,100.287
10/20/2025 02:43:40,17.20,100.268
10/20/2025 02:53:40,17.25,100.240
10/20/2025 03:03:40,17.27,100.219
10/20/2025 03:13:40,17.29,100.185
10/20/2025 03:23:40,17.33,100.143
10/20/2025 03:33:40,17.37,100.132
10/20/2025 03:43:40,17.40,100.126
10/20/2025 03:53:40,17.46,100.116
10/20/2025 04:03:40,17.52,100.107
10/20/2025 04:13:40,17.59,100.081
10/20/2025 04:23:40,17.69,100.074
10/20/2025 04:33:40,17.79,100.049
10/20/2025 04:43:40,17.86,100.032
10/20/2025 04:53:40,17.92,100.014
10/20/2025 05:03:40,17.99,100.000
10/20/2025 05:13:40,18.07,99.996
10/20/2025 05:23:40,18.18,99.990
10/20/2025 05:33:40,18.25,99.990
10/20/2025 05:43:40,18.08,99.988
10/20/2025 05:53:40,17.81,99.966
10/20/2025 06:03:40,17.57,99.959
10/20/2025 06:13:40,17.40,99.966
10/20/2025 06:23:40,17.31,99.946
10/20/2025 06:33:40,17.25,99.942
10/20/2025 06:43:40,17.24,99.933
10/20/2025 06:53:40,17.25,99.942
10/20/2025 07:03:40,17.28,99.940
10/20/2025 07:13:40,17.31,99.933
10/20/2025 07:23:40,17.33,99.925
10/20/2025 07:33:40,17.35,99.918
10/20/2025 07:43:40,17.36,99.905
10/20/2025 07:53:40,17.38,99.920
10/20/2025 08:03:40,17.41,99.931
10/20/2025 08:13:40,17.43,99.910
10/20/2025 08:23:40,17.45,99.898
10/20/2025 08:33:40,17.52,99.840
10/20/2025 08:43:40,17.61,99.824
10/20/2025 08:53:40,17.68,99.833
10/20/2025 09:03:40,17.69,99.811
10/20/2025 09:13:40,17.66,99.880
10/20/2025 09:23:40,17.60,99.850
10/20/2025 09:33:40,17.56,99.829
10/20/2025 09:43:40,17.54,99.846
10/20/2025 09:53:40,17.55,99.829
10/20/2025 10:03:40,17.61,99.815
10/20/2025 10:13:40,17.67,99.832
10/20/2025 10:23:40,17.70,99.803
10/20/2025 10:33:40,17.73,99.837
10/20/2025 10:43:40,17.77,99.803
10/20/2025 10:53:40,17.81,99.815
10/20/2025 11:03:40,17.81,99.761
10/20/2025 11:13:40,17.79,99.823
10/20/2025 11:23:40,18.12,99.835
10/20/2025 11:33:40,18.46,99.804
10/20/2025 11:43:40,18.51,99.811
10/20/2025 11:53:40,18.46,99.848
10/20/2025 12:03:40,18.32,99.773
10/20/2025 12:13:40,18.31,99.777
10/20/2025 12:23:40,18.32,99.777
10/20/2025 12:33:40,18.40,99.795
10/20/2025 12:43:40,18.87,99.795
10/20/2025 12:53:40,19.20,99.723
10/20/2025 13:03:40,19.05,99.753
10/20/2025 13:13:40,18.80,99.764
10/20/2025 13:23:40,18.72,99.745
10/20/2025 13:33:40,18.89,99.681
10/20/2025 13:43:40,19.73,99.685
10/20/2025 13:53:40,20.50,99.684
10/20/2025 14:03:40,21.70,99.650
10/20/2025 14:13:40,22.47,99.651
10/20/2025 14:23:40,22.21,99.658
10/20/2025 14:33:40,21.73,99.665
10/20/2025 14:43:40,21.43,99.660
10/20/2025 14:53:40,21.21,99.696
10/20/2025 15:03:40,20.84,99.682
10/20/2025 15:13:40,20.31,99.707
10/20/2025 15:23:40,19.87,99.707
10/20/2025 15:33:40,19.34,99.669
10/20/2025 15:43:40,18.57,99.682
10/20/2025 15:53:40,17.99,99.671
10/20/2025 16:03:40,17.57,99.688
10/20/2025 16:13:40,17.07,99.704
10/20/2025 16:23:40,16.64,99.724
10/20/2025 16:33:40,16.33,99.729
10/20/2025 16:43:40,16.09,99.748
10/20/2025 16:53:40,15.89,99.762
10/20/2025 17:03:40,15.73,99.799
10/20/2025 17:13:40,15.38,99.806
10/20/2025 17:23:40,14.90,99.848
10/20/2025 17:33:40,14.46,99.848
10/20/2025 17:43:40,14.09,99.862
10/20/2025 17:53:40,13.74,99.873
10/20/2025 18:03:40,13.50,99.895
10/20/2025 18:13:40,13.31,99.917
10/20/2025 18:23:40,13.17,99.933
10/20/2025 18:33:40,13.08,99.945
10/20/2025 18:43:40,12.97,99.976
10/20/2025 18:53:40,12.79,99.998
10/20/2025 19:03:40,12.59,99.997
10/20/2025 19:13:40,12.41,100.020
10/20/2025 19:23:40,12.25,100.039
10/20/2025 19:33:40,12.11,100.041
10/20/2025 19:43:40,12.00,100.047
10/20/2025 19:53:40,11.92,100.045
10/20/2025 20:03:40,11.86,100.071
10/20/2025 20:13:40,11.82,100.068
10/20/2025 20:23:40,11.78,100.074
10/20/2025 20:33:40,11.71,100.096
10/20/2025 20:43:40,11.63,100.090
10/20/2025 20:53:40,11.53,100.091
10/20/2025 21:03:40,11.46,100.108
10/20/2025 21:13:40,11.39,100.107
10/20/2025 21:23:40,11.31,100.106
10/20/2025 21:33:40,11.25,100.110
10/20/2025 21:43:40,11.19,100.118
10/20/2025 21:53:40,11.15,100.125
10/20/2025 22:03:40,11.13,100.136
10/20/2025 22:13:40,11.13,100.145
10/20/2025 22:23:40,11.12,100.184
10/20/2025 22:33:40,11.11,100.192
10/20/2025 22:43:40,11.12,100.202
10/20/2025 22:53:40,11.11,100.201
10/20/2025 23:03:40,11.09,100.191
10/20/2025 23:13:40,11.10,100.209
10/20/2025 23:23:40,11.12,100.206
10/20/2025 23:33:40,11.13,100.207
10/20/2025 23:43:40,11.10,100.231
10/20/2025 23:53:40,11.03,100.231
10/21/2025 00:03:40,11.00,100.219
10/21/2025 00:13:40,10.96,100.212
10/21/2025 00:23:40,10.95,100.207
10/21/2025 00:33:40,10.95,100.215
10/21/2025 00:43:40,10.94,100.219
10/21/2025 00:53:40,10.90,100.216
10/21/2025 01:03:40,10.85,100.234
10/21/2025 01:13:40,10.78,100.229
10/21/2025 01:23:40,10.70,100.215
10/21/2025 01:33:40,10.65,100.219
10/21/2025 01:43:40,10.60,100.220
10/21/2025 01:53:40,10.59,100.214
10/21/2025 02:03:40,10.56,100.212
10/21/2025 02:13:40,10.50,100.230
10/21/2025 02:23:40,10.45,100.248
10/21/2025 02:33:40,10.40,100.227
10/21/2025 02:43:40,10.31,100.224
10/21/2025 02:53:40,10.16,100.221
10/21/2025 03:03:40,10.02,100.237
10/21/2025 03:13:40,9.94,100.222
10/21/2025 03:23:40,9.95,100.245
10/21/2025 03:33:40,10.03,100.251
10/21/2025 03:43:40,10.14,100.246
10/21/2025 03:53:40,10.19,100.237
10/21/2025 04:03:40,10.13,100.232
10/21/2025 04:13:40,9.99,100.235
10/21/2025 04:23:40,9.77,100.235
10/21/2025 04:33:40,9.53,100.247
10/21/2025 04:43:40,9.27,100.258
10/21/2025 04:53:40,9.04,100.284
10/21/2025 05:03:40,8.86,100.288
10/21/2025 05:13:40,8.74,100.309
10/21/2025 05:23:40,8.66,100.320
10/21/2025 05:33:40,8.55,100.352
10/21/2025 05:43:40,8.43,100.355
10/21/2025 05:53:40,8.29,100.379
10/21/2025 06:03:40,8.13,100.402
10/21/2025 06:13:40,7.99,100.417
10/21/2025 06:23:40,7.85,100.388
10/21/2025 06:33:40,7.74,100.402
10/21/2025 06:43:40,7.70,100.407
10/21/2025 06:53:40,7.66,100.412
10/21/2025 07:03:40,7.59,100.416
10/21/2025 07:13:40,7.48,100.429
10/21/2025 07:23:40,7.34,100.439
10/21/2025 07:33:40,7.22,100.452
10/21/2025 07:43:40,7.20,100.463
10/21/2025 07:53:40,7.27,100.465
10/21/2025 08:03:40,7.43,100.487
10/21/2025 08:13:40,7.68,100.494
10/21/2025 08:23:40,8.04,100.470
10/21/2025 08:33:40,8.44,100.471
10/21/2025 08:43:40,8.85,100.446
10/21/2025 08:53:40,9.28,100.467
10/21/2025 09:03:40,9.81,100.487
10/21/2025 09:13:40,10.53,100.498
10/21/2025 09:23:40,11.42,100.486
10/21/2025 09:33:40,12.84,100.468
10/21/2025 09:43:40,15.05,100.458
10/21/2025 09:53:40,17.75,100.433
10/21/2025 10:03:40,20.60,100.438
10/21/2025 10:13:40,23.48,100.441
10/21/2025 10:23:40,26.06,100.442
10/21/2025 10:33:40,28.43,100.458
10/21/2025 10:43:40,30.38,100.491
10/21/2025 10:53:40,31.60,100.485
10/21/2025 11:03:40,32.63,100.464
10/21/2025 11:13:40,33.69,100.501
10/21/2025 11:23:40,34.67,100.479
10/21/2025 11:33:40,34.42,100.473
10/21/2025 11:43:40,33.67,100.465
10/21/2025 11:53:40,34.12,100.429
10/21/2025 12:03:40,32.92,100.432
10/21/2025 12:13:40,31.01,100.391
10/21/2025 12:23:40,28.49,100.376
10/21/2025 12:33:40,25.83,100.340
10/21/2025 12:43:40,23.64,100.334
10/21/2025 12:53:40,22.00,100.314
10/21/2025 13:03:40,20.85,100.315
10/21/2025 13:13:40,20.04,100.310
10/21/2025 13:23:40,19.53,100.295
10/21/2025 13:33:40,19.59,100.272
10/21/2025 13:43:40,21.63,100.247
10/21/2025 13:53:40,24.88,100.248
10/21/2025 14:03:40,26.92,100.251
10/21/2025 14:13:40,27.15,100.263
10/21/2025 14:23:40,26.08,100.260
10/21/2025 14:33:40,24.76,100.250
10/21/2025 14:43:40,23.71,100.213
10/21/2025 14:53:40,22.59,100.233
10/21/2025 15:03:40,21.51,100.226
10/21/2025 15:13:40,20.50,100.227
10/21/2025 15:23:40,19.70,100.217
10/21/2025 15:33:40,19.09,100.227
10/21/2025 15:43:40,18.58,100.212
10/21/2025 15:53:40,18.16,100.203
10/21/2025 16:03:40,17.87,100.192
10/21/2025 16:13:40,17.67,100.175
10/21/2025 16:23:40,17.52,100.169
10/21/2025 16:33:40,17.30,100.168
10/21/2025 16:43:40,16.98,100.186
10/21/2025 16:53:40,16.69,100.180
10/21/2025 17:03:40,16.40,100.223
10/21/2025 17:13:40,16.08,100.214
10/21/2025 17:23:40,15.85,100.202
10/21/2025 17:33:40,15.69,100.187
10/21/2025 17:43:40,15.55,100.187
10/21/2025 17:53:40,15.35,100.195
10/21/2025 18:03:40,15.06,100.188
10/21/2025 18:13:40,14.72,100.204
10/21/2025 18:23:40,14.40,100.217
10/21/2025 18:33:40,14.20,100.247
10/21/2025 18:43:40,14.06,100.259
10/21/2025 18:53:40,13.96,100.252
10/21/2025 19:03:40,13.94,100.281
10/21/2025 19:13:40,13.89,100.305
10/21/2025 19:23:40,13.72,100.324
10/21/2025 19:33:40,13.48,100.342
10/21/2025 19:43:40,13.30,100.337
10/21/2025 19:53:40,13.18,100.338
10/21/2025 20:03:40,13.13,100.343
10/21/2025 20:13:40,12.98,100.345
10/21/2025 20:23:40,12.80,100.345
10/21/2025 20:33:40,12.58,100.382
10/21/2025 20:43:40,12.34,100.378
10/21/2025 20:53:40,12.11,100.396
10/21/2025 21:03:40,12.01,100.384
10/21/2025 21:13:40,12.05,100.387
10/21/2025 21:23:40,12.16,100.373
10/21/2025 21:33:40,12.27,100.386
10/21/2025 21:43:40,12.35,100.391
10/21/2025 21:53:40,12.35,100.409
10/21/2025 22:03:40,12.38,100.371
10/21/2025 22:13:40,12.44,100.359
10/21/2025 22:23:40,12.55,100.371
10/21/2025 22:33:40,12.70,100.355
10/21/2025 22:43:40,12.85,100.349
10/21/2025 22:53:40,12.97,100.340
10/21/2025 23:03:40,13.03,100.331
10/21/2025 23:13:40,13.00,100.364
10/21/2025 23:23:40,12.90,100.357
10/21/2025 23:33:40,12.71,100.312
10/21/2025 23:43:40,12.47,100.268
10/21/2025 23:53:40,12.25,100.295
10/22/2025 00:03:40,12.04,100.258
10/22/2025 00:13:40,11.85,100.204
10/22/2025 00:23:40,11.70,100.180
10/22/2025 00:33:40,11.57,100.165
10/22/2025 00:43:40,11.46,100.175
10/22/2025 00:53:40,11.38,100.151
10/22/2025 01:03:40,11.35,100.259
10/22/2025 01:13:40,11.37,100.323
10/22/2025 01:23:40,11.39,100.324
10/22/2025 01:33:40,11.38,100.328
10/22/2025 01:43:40,11.36,100.304
10/22/2025 01:53:40,11.32,100.266
10/22/2025 02:03:40,11.22,100.236
10/22/2025 02:13:40,11.12,100.210
10/22/2025 02:23:40,11.01,100.233
10/22/2025 02:33:40,10.95,100.207
10/22/2025 02:43:40,10.91,100.213
10/22/2025 02:53:40,10.88,100.228
10/22/2025 03:03:40,10.85,100.204
10/22/2025 03:13:40,10.82,100.170
10/22/2025 03:23:40,10.79,100.141
10/22/2025 03:33:40,10.80,100.164
10/22/2025 03:43:40,10.83,100.105
10/22/2025 03:53:40,10.88,100.117
10/22/2025 04:03:40,10.92,100.102
10/22/2025 04:13:40,10.92,100.107
10/22/2025 04:23:40,10.91,100.111
10/22/2025 04:33:40,10.90,100.105
10/22/2025 04:43:40,10.88,100.104
10/22/2025 04:53:40,10.87,100.014
10/22/2025 05:03:40,10.86,99.987
10/22/2025 05:13:40,10.89,99.989
10/22/2025 05:23:40,10.92,99.934
10/22/2025 05:33:40,10.93,99.935
10/22/2025 05:43:40,10.90,99.937
10/22/2025 05:53:40,10.84,99.932
10/22/2025 06:03:40,10.77,99.940
10/22/2025 06:13:40,10.72,99.950
10/22/2025 06:23:40,10.70,99.917
10/22/2025 06:33:40,10.69,99.917
10/22/2025 06:43:40,10.70,99.891
10/22/2025 06:53:40,10.69,99.886
10/22/2025 07:03:40,10.69,99.850
10/22/2025 07:13:40,10.68,99.854
10/22/2025 07:23:40,10.66,99.839
10/22/2025 07:33:40,10.64,99.877
10/22/2025 07:43:40,10.63,99.868
10/22/2025 07:53:40,10.65,99.834
10/22/2025 08:03:40,10.70,99.811
10/22/2025 08:13:40,10.77,99.834
10/22/2025 08:23:40,10.86,99.828
10/22/2025 08:33:40,10.96,99.831
10/22/2025 08:43:40,11.03,99.827
10/22/2025 08:53:40,11.07,99.826
10/22/2025 09:03:40,11.09,99.832
10/22/2025 09:13:40,11.08,99.818
10/22/2025 09:23:40,11.11,99.793
10/22/2025 09:33:40,11.17,99.780
10/22/2025 09:43:40,11.49,99.774
10/22/2025 09:53:40,12.12,99.767
10/22/2025 10:03:40,12.64,99.783
10/22/2025 10:13:40,12.93,99.791
10/22/2025 10:23:40,13.19,99.784
10/22/2025 10:33:40,13.41,99.764
10/22/2025 10:43:40,14.82,99.740
10/22/2025 10:53:40,17.09,99.727
10/22/2025 11:03:40,18.44,99.736
10/22/2025 11:13:40,19.01,99.733
10/22/2025 11:23:40,19.34,99.736
10/22/2025 11:33:40,19.96,99.721
10/22/2025 11:43:40,21.59,99.710
10/22/2025 11:53:40,23.90,99.706
10/22/2025 12:03:40,24.80,99.712
10/22/2025 12:13:40,23.79,99.701
10/22/2025 12:23:40,22.29,99.690
10/22/2025 12:33:40,21.12,99.672
10/22/2025 12:43:40,20.39,99.663
10/22/2025 12:53:40,19.95,99.658
10/22/2025 13:03:40,19.77,99.674
10/22/2025 13:13:40,19.42,99.652
10/22/2025 13:23:40,19.01,99.644
10/22/2025 13:33:40,19.01,99.644
10/22/2025 13:43:40,20.70,99.638
10/22/2025 13:53:40,23.56,99.647
10/22/2025 14:03:40,24.98,99.673
10/22/2025 14:13:40,24.80,99.681
10/22/2025 14:23:40,23.56,99.687
10/22/2025 14:33:40,22.54,99.673
10/22/2025 14:43:40,21.64,99.677
10/22/2025 14:53:40,20.63,99.683
10/22/2025 15:03:40,19.61,99.699
10/22/2025 15:13:40,18.88,99.676
10/22/2025 15:23:40,18.22,99.704
10/22/2025 15:33:40,17.54,99.686
10/22/2025 15:43:40,16.89,99.714
10/22/2025 15:53:40,16.33,99.721
10/22/2025 16:03:40,15.90,99.740
10/22/2025 16:13:40,15.49,99.756
10/22/2025 16:23:40,15.23,99.747
10/22/2025 16:33:40,15.15,99.745
10/22/2025 16:43:40,15.13,99.740
10/22/2025 16:53:40,14.96,99.764
10/22/2025 17:03:40,14.69,99.789
10/22/2025 17:13:40,14.49,99.811
10/22/2025 17:23:40,14.38,99.847
10/22/2025 17:33:40,14.25,99.851
10/22/2025 17:43:40,14.06,99.860
10/22/2025 17:53:40,13.74,99.873
10/22/2025 18:03:40,13.33,99.869
10/22/2025 18:13:40,12.90,99.909
10/22/2025 18:23:40,12.59,99.917
10/22/2025 18:33:40,12.37,99.932
10/22/2025 18:43:40,12.18,99.954
10/22/2025 18:53:40,12.03,99.973
10/22/2025 19:03:40,11.89,99.972
10/22/2025 19:13:40,11.75,99.974
10/22/2025 19:23:40,11.61,99.995
10/22/2025 19:33:40,11.49,100.000
10/22/2025 19:43:40,11.39,100.005
10/22/2025 19:53:40,11.30,100.029
10/22/2025 20:03:40,11.21,100.032
10/22/2025 20:13:40,11.13,100.034
10/22/2025 20:23:40,11.05,100.032
10/22/2025 20:33:40,10.95,100.052
10/22/2025 20:43:40,10.86,100.045
10/22/2025 20:53:40,10.77,100.051
10/22/2025 21:03:40,10.69,100.058
10/22/2025 21:13:40,10.62,100.058
10/22/2025 21:23:40,10.57,100.058
10/22/2025 21:33:40,10.52,100.076
10/22/2025 21:43:40,10.48,100.100
10/22/2025 21:53:40,10.44,100.101
10/22/2025 22:03:40,10.40,100.098
10/22/2025 22:13:40,10.37,100.113
10/22/2025 22:23:40,10.34,100.098
10/22/2025 22:33:40,10.32,100.097
10/22/2025 22:43:40,10.30,100.086
10/22/2025 22:53:40,10.28,100.066
10/22/2025 23:03:40,10.24,100.077
10/22/2025 23:13:40,10.19,100.086
10/22/2025 23:23:40,10.04,100.097
10/22/2025 23:33:40,9.84,100.113
10/22/2025 23:43:40,9.58,100.110
10/22/2025 23:53:40,9.33,100.112
10/23/2025 00:03:40,9.10,100.125
10/23/2025 00:13:40,8.87,100.116
10/23/2025 00:23:40,8.64,100.111
10/23/2025 00:33:40,8.43,100.121
10/23/2025 00:43:40,8.27,100.116
10/23/2025 00:53:40,8.13,100.123
10/23/2025 01:03:40,8.03,100.141
10/23/2025 01:13:40,7.99,100.139
10/23/2025 01:23:40,7.99,100.138
10/23/2025 01:33:40,7.91,100.145
10/23/2025 01:43:40,7.79,100.158
10/23/2025 01:53:40,7.69,100.158
10/23/2025 02:03:40,7.58,100.159
10/23/2025 02:13:40,7.46,100.180
10/23/2025 02:23:40,7.34,100.183
10/23/2025 02:33:40,7.23,100.196
10/23/2025 02:43:40,7.11,100.186
10/23/2025 02:53:40,6.98,100.198
10/23/2025 03:03:40,6.86,100.192
10/23/2025 03:13:40,6.73,100.203
10/23/2025 03:23:40,6.60,100.224
10/23/2025 03:33:40,6.52,100.230
10/23/2025 03:43:40,6.43,100.241
10/23/2025 03:53:40,6.33,100.228
10/23/2025 04:03:40,6.23,100.233
10/23/2025 04:13:40,6.14,100.247
10/23/2025 04:23:40,6.04,100.244
10/23/2025 04:33:40,5.95,100.258
10/23/2025 04:43:40,5.90,100.263
10/23/2025 04:53:40,5.83,100.283
10/23/2025 05:03:40,5.74,100.289
10/23/2025 05:13:40,5.67,100.301
10/23/2025 05:23:40,5.57,100.310
10/23/2025 05:33:40,5.41,100.336
10/23/2025 05:43:40,5.24,100.344
10/23/2025 05:53:40,5.09,100.367
10/23/2025 06:03:40,4.95,100.381
10/23/2025 06:13:40,4.82,100.379
10/23/2025 06:23:40,4.71,100.374
10/23/2025 06:33:40,4.61,100.379
10/23/2025 06:43:40,4.52,100.366
10/23/2025 06:53:40,4.42,100.362
10/23/2025 07:03:40,4.27,100.385
10/23/2025 07:13:40,4.08,100.386
10/23/2025 07:23:40,3.92,100.381
10/23/2025 07:33:40,3.81,100.389
10/23/2025 07:43:40,3.71,100.420
10/23/2025 07:53:40,3.63,100.404
10/23/2025 08:03:40,3.63,100.417
10/23/2025 08:13:40,3.72,100.447
10/23/2025 08:23:40,4.07,100.447
10/23/2025 08:33:40,4.84,100.456
10/23/2025 08:43:40,5.69,100.466
10/23/2025 08:53:40,6.48,100.448
10/23/2025 09:03:40,7.26,100.437
10/23/2025 09:13:40,8.04,100.448
10/23/2025 09:23:40,8.81,100.452
10/23/2025 09:33:40,9.49,100.470
10/23/2025 09:43:40,10.93,100.431
10/23/2025 09:53:40,12.07,100.460
10/23/2025 10:03:40,12.79,100.460
10/23/2025 10:13:40,14.13,100.437
10/23/2025 10:23:40,17.01,100.415
10/23/2025 10:33:40,20.50,100.374
10/23/2025 10:43:40,23.76,100.386
10/23/2025 10:53:40,27.01,100.394
10/23/2025 11:03:40,28.94,100.412
10/23/2025 11:13:40,27.90,100.422
10/23/2025 11:23:40,26.55,100.441
10/23/2025 11:33:40,25.38,100.432
10/23/2025 11:43:40,23.81,100.424
10/23/2025 11:53:40,22.67,100.420
10/23/2025 12:03:40,22.59,100.407
10/23/2025 12:13:40,22.00,100.394
10/23/2025 12:23:40,21.12,100.389
10/23/2025 12:33:40,20.57,100.387
10/23/2025 12:43:40,20.35,100.382
10/23/2025 12:53:40,20.09,100.366
10/23/2025 13:03:40,19.80,100.361
10/23/2025 13:13:40,19.79,100.342
10/23/2025 13:23:40,19.64,100.356
10/23/2025 13:33:40,19.70,100.337
10/23/2025 13:43:40,21.10,100.331
10/23/2025 13:53:40,22.60,100.318
10/23/2025 14:03:40,24.03,100.330
10/23/2025 14:13:40,24.47,100.332
10/23/2025 14:23:40,23.75,100.345
10/23/2025 14:33:40,22.71,100.374
10/23/2025 14:43:40,21.66,100.338
10/23/2025 14:53:40,20.63,100.355
10/23/2025 15:03:40,19.78,100.364
10/23/2025 15:13:40,18.90,100.384
10/23/2025 15:23:40,18.06,100.396
10/23/2025 15:33:40,17.28,100.398
10/23/2025 15:43:40,16.65,100.417
10/23/2025 15:53:40,16.14,100.418
10/23/2025 16:03:40,15.83,100.415
10/23/2025 16:13:40,15.68,100.427
10/23/2025 16:23:40,15.49,100.440
10/23/2025 16:33:40,15.24,100.436
10/23/2025 16:43:40,15.04,100.448
10/23/2025 16:53:40,14.86,100.458
10/23/2025 17:03:40,14.69,100.464
10/23/2025 17:13:40,14.49,100.494
10/23/2025 17:23:40,14.20,100.500
10/23/2025 17:33:40,13.85,100.519
10/23/2025 17:43:40,13.48,100.528
10/23/2025 17:53:40,13.11,100.536
10/23/2025 18:03:40,12.76,100.537
10/23/2025 18:13:40,12.44,100.549
10/23/2025 18:23:40,12.17,100.582
10/23/2025 18:33:40,11.91,100.568
10/23/2025 18:43:40,11.68,100.603
10/23/2025 18:53:40,11.39,100.599
10/23/2025 19:03:40,11.00,100.622
10/23/2025 19:13:40,10.53,100.635
10/23/2025 19:23:40,10.05,100.665
10/23/2025 19:33:40,9.63,100.671
10/23/2025 19:43:40,9.29,100.676
10/23/2025 19:53:40,9.04,100.678
10/23/2025 20:03:40,8.82,100.691
10/23/2025 20:13:40,8.63,100.698
10/23/2025 20:23:40,8.53,100.713
10/23/2025 20:33:40,8.48,100.722
10/23/2025 20:43:40,8.39,100.737
10/23/2025 20:53:40,8.26,100.749
10/23/2025 21:03:40,8.15,100.770
10/23/2025 21:13:40,8.04,100.784
10/23/2025 21:23:40,8.00,100.798
10/23/2025 21:33:40,7.99,100.797
10/23/2025 21:43:40,8.01,100.808
10/23/2025 21:53:40,7.99,100.828
10/23/2025 22:03:40,7.90,100.830
10/23/2025 22:13:40,7.76,100.837
10/23/2025 22:23:40,7.58,100.848
10/23/2025 22:33:40,7.38,100.854
10/23/2025 22:43:40,7.18,100.859
10/23/2025 22:53:40,6.97,100.864
10/23/2025 23:03:40,6.76,100.878
10/23/2025 23:13:40,6.54,100.878
10/23/2025 23:23:40,6.34,100.874
10/23/2025 23:33:40,6.16,100.894
10/23/2025 23:43:40,6.02,100.892
10/23/2025 23:53:40,5.92,100.910
10/24/2025 00:03:40,5.85,100.899
10/24/2025 00:13:40,5.76,100.901
10/24/2025 00:23:40,5.64,100.899
10/24/2025 00:33:40,5.50,100.905
10/24/2025 00:43:40,5.39,100.900
10/24/2025 00:53:40,5.30,100.910
10/24/2025 01:03:40,5.19,100.896
10/24/2025 01:13:40,5.06,100.916
10/24/2025 01:23:40,4.94,100.920
10/24/2025 01:33:40,4.83,100.923
10/24/2025 01:43:40,4.71,100.908
10/24/2025 01:53:40,4.59,100.920
10/24/2025 02:03:40,4.43,100.910
10/24/2025 02:13:40,4.25,100.917
10/24/2025 02:23:40,4.08,100.920
10/24/2025 02:33:40,3.93,100.942
10/24/2025 02:43:40,3.78,100.934
10/24/2025 02:53:40,3.62,100.955
10/24/2025 03:03:40,3.50,100.962
10/24/2025 03:13:40,3.36,100.972
10/24/2025 03:23:40,3.22,100.982
10/24/2025 03:33:40,3.10,100.966
10/24/2025 03:43:40,2.99,100.979
10/24/2025 03:53:40,2.87,100.973
10/24/2025 04:03:40,2.75,100.980
10/24/2025 04:13:40,2.66,100.989
10/24/2025 04:23:40,2.57,101.003
10/24/2025 04:33:40,2.48,101.000
10/24/2025 04:43:40,2.36,101.020
10/24/2025 04:53:40,2.23,101.030
10/24/2025 05:03:40,2.13,101.026
10/24/2025 05:13:40,2.06,101.041
10/24/2025 05:23:40,1.99,101.053
10/24/2025 05:33:40,1.92,101.056
10/24/2025 05:43:40,1.83,101.069
10/24/2025 05:53:40,1.70,101.088
10/24/2025 06:03:40,1.60,101.101
10/24/2025 06:13:40,1.54,101.100
10/24/2025 06:23:40,1.47,101.112
10/24/2025 06:33:40,1.40,101.136
10/24/2025 06:43:40,1.32,101.142
10/24/2025 06:53:40,1.22,101.137
10/24/2025 07:03:40,1.13,101.146
10/24/2025 07:13:40,1.05,101.157
10/24/2025 07:23:40,1.01,101.167
10/24/2025 07:33:40,0.99,101.183
10/24/2025 07:43:40,1.00,101.210
10/24/2025 07:53:40,1.07,101.229
10/24/2025 08:03:40,1.21,101.233
10/24/2025 08:13:40,1.42,101.217
10/24/2025 08:23:40,1.73,101.241
10/24/2025 08:33:40,2.15,101.248
10/24/2025 08:43:40,2.63,101.261
10/24/2025 08:53:40,3.34,101.266
10/24/2025 09:03:40,4.18,101.255
10/24/2025 09:13:40,5.24,101.267
10/24/2025 09:23:40,6.35,101.260
10/24/2025 09:33:40,7.12,101.270
10/24/2025 09:43:40,7.60,101.274
10/24/2025 09:53:40,7.87,101.283
10/24/2025 10:03:40,8.08,101.282
10/24/2025 10:13:40,8.28,101.277
10/24/2025 10:23:40,8.51,101.264
10/24/2025 10:33:40,8.79,101.260
10/24/2025 10:43:40,9.22,101.245
10/24/2025 10:53:40,9.85,101.251
10/24/2025 11:03:40,10.55,101.235
10/24/2025 11:13:40,11.21,101.219
10/24/2025 11:23:40,11.88,101.212
10/24/2025 11:33:40,12.91,101.192
10/24/2025 11:43:40,16.17,101.149
10/24/2025 11:53:40,20.30,101.114
10/24/2025 12:03:40,22.00,101.120
10/24/2025 12:13:40,22.27,101.127
10/24/2025 12:23:40,21.67,101.141
10/24/2025 12:33:40,20.62,101.148
10/24/2025 12:43:40,19.32,101.132
10/24/2025 12:53:40,18.31,101.106
10/24/2025 13:03:40,17.73,101.108
10/24/2025 13:13:40,17.75,101.078
10/24/2025 13:23:40,18.05,101.058
10/24/2025 13:33:40,18.41,101.068
10/24/2025 13:43:40,19.88,101.043
10/24/2025 13:53:40,20.66,101.069
10/24/2025 14:03:40,20.33,101.080
10/24/2025 14:13:40,19.46,101.087
10/24/2025 14:23:40,18.98,101.070
10/24/2025 14:33:40,19.03,101.087
10/24/2025 14:43:40,18.85,101.088
10/24/2025 14:53:40,18.31,101.102
10/24/2025 15:03:40,17.42,101.109
10/24/2025 15:13:40,16.79,101.111
10/24/2025 15:23:40,16.66,101.094
10/24/2025 15:33:40,16.63,101.109
10/24/2025 15:43:40,16.46,101.124
10/24/2025 15:53:40,16.05,101.123
10/24/2025 16:03:40,15.67,101.128
10/24/2025 16:13:40,15.60,101.136
10/24/2025 16:23:40,15.78,101.139
10/24/2025 16:33:40,15.82,101.151
10/24/2025 16:43:40,15.49,101.173
10/24/2025 16:53:40,14.82,101.192
10/24/2025 17:03:40,14.07,101.227
10/24/2025 17:13:40,13.36,101.233
10/24/2025 17:23:40,12.78,101.244
10/24/2025 17:33:40,12.32,101.267
10/24/2025 17:43:40,11.82,101.270
10/24/2025 17:53:40,11.34,101.304
10/24/2025 18:03:40,10.97,101.320
10/24/2025 18:13:40,10.68,101.320
10/24/2025 18:23:40,10.43,101.354
10/24/2025 18:33:40,10.26,101.350
10/24/2025 18:43:40,10.08,101.366
10/24/2025 18:53:40,9.78,101.387
10/24/2025 19:03:40,9.37,101.404
10/24/2025 19:13:40,8.95,101.436
10/24/2025 19:23:40,8.55,101.462
10/24/2025 19:33:40,8.19,101.464
10/24/2025 19:43:40,7.85,101.485
10/24/2025 19:53:40,7.55,101.478
10/24/2025 20:03:40,7.25,101.489
10/24/2025 20:13:40,6.99,101.485
10/24/2025 20:23:40,6.86,101.505
10/24/2025 20:33:40,6.85,101.496
10/24/2025 20:43:40,6.91,101.519
10/24/2025 20:53:40,6.97,101.519
10/24/2025 21:03:40,7.00,101.530
10/24/2025 21:13:40,6.98,101.533
10/24/2025 21:23:40,6.97,101.541
10/24/2025 21:33:40,6.99,101.551
10/24/2025 21:43:40,7.03,101.524
10/24/2025 21:53:40,7.02,101.536
10/24/2025 22:03:40,6.89,101.543
10/24/2025 22:13:40,6.72,101.551
10/24/2025 22:23:40,6.52,101.561
10/24/2025 22:33:40,6.25,101.569
10/24/2025 22:43:40,5.95,101.579
10/24/2025 22:53:40,5.67,101.578
10/24/2025 23:03:40,5.42,101.579
10/24/2025 23:13:40,5.20,101.596
10/24/2025 23:23:40,5.00,101.613
10/24/2025 23:33:40,4.83,101.599
10/24/2025 23:43:40,4.65,101.614
10/24/2025 23:53:40,4.47,101.629
10/25/2025 00:03:40,4.30,101.623
10/25/2025 00:13:40,4.15,101.633
10/25/2025 00:23:40,4.02,101.647
10/25/2025 00:33:40,3.88,101.666
10/25/2025 00:43:40,3.76,101.673
10/25/2025 00:53:40,3.66,101.678
10/25/2025 01:03:40,3.56,101.700
10/25/2025 01:13:40,3.47,101.705
10/25/2025 01:23:40,3.34,101.707
10/25/2025 01:33:40,3.18,101.710
10/25/2025 01:43:40,2.99,101.720
10/25/2025 01:53:40,2.85,101.738
10/25/2025 02:03:40,2.74,101.750
10/25/2025 02:13:40,2.62,101.771
10/25/2025 02:23:40,2.55,101.764
10/25/2025 02:33:40,2.54,101.772
10/25/2025 02:43:40,2.59,101.772
10/25/2025 02:53:40,2.65,101.782
10/25/2025 03:03:40,2.63,101.790
10/25/2025 03:13:40,2.59,101.803
10/25/2025 03:23:40,2.53,101.807
10/25/2025 03:33:40,2.41,101.819
10/25/2025 03:43:40,2.27,101.823
10/25/2025 03:53:40,2.12,101.836
10/25/2025 04:03:40,1.97,101.827
10/25/2025 04:13:40,1.78,101.832
10/25/2025 04:23:40,1.59,101.854
10/25/2025 04:33:40,1.43,101.848
10/25/2025 04:43:40,1.29,101.858
10/25/2025 04:53:40,1.15,101.862
10/25/2025 05:03:40,1.00,101.893
10/25/2025 05:13:40,0.86,101.894
10/25/2025 05:23:40,0.73,101.912
10/25/2025 05:33:40,0.60,101.926
10/25/2025 05:43:40,0.49,101.929
10/25/2025 05:53:40,0.38,101.933
10/25/2025 06:03:40,0.27,101.945
10/25/2025 06:13:40,0.18,101.967
10/25/2025 06:23:40,0.08,101.984
10/25/2025 06:33:40,-0.06,102.015
10/25/2025 06:43:40,-0.19,102.016
10/25/2025 06:53:40,-0.27,102.039
10/25/2025 07:03:40,-0.33,102.046
10/25/2025 07:13:40,-0.40,102.058
10/25/2025 07:23:40,-0.45,102.057
10/25/2025 07:33:40,-0.49,102.080
10/25/2025 07:43:40,-0.50,102.088
10/25/2025 07:53:40,-0.44,102.098
10/25/2025 08:03:40,-0.30,102.124
10/25/2025 08:13:40,-0.13,102.136
10/25/2025 08:23:40,0.13,102.147
10/25/2025 08:33:40,0.50,102.160
10/25/2025 08:43:40,0.93,102.159
10/25/2025 08:53:40,1.37,102.161
10/25/2025 09:03:40,1.94,102.169
10/25/2025 09:13:40,2.80,102.158
10/25/2025 09:23:40,3.78,102.143
10/25/2025 09:33:40,5.53,102.123
10/25/2025 09:43:40,8.36,102.088
10/25/2025 09:53:40,11.83,102.055
10/25/2025 10:03:40,15.54,101.994
10/25/2025 10:13:40,19.22,101.976
10/25/2025 10:23:40,22.27,101.993
10/25/2025 10:33:40,24.70,102.024
10/25/2025 10:43:40,26.71,102.023
10/25/2025 10:53:40,28.44,102.051
10/25/2025 11:03:40,29.58,102.060
10/25/2025 11:13:40,30.77,102.077
10/25/2025 11:23:40,31.59,102.089
10/25/2025 11:33:40,30.84,102.103
10/25/2025 11:43:40,30.69,102.082
10/25/2025 11:53:40,31.04,102.090
10/25/2025 12:03:40,28.94,102.090
10/25/2025 12:13:40,25.93,102.074
10/25/2025 12:23:40,23.35,102.066
10/25/2025 12:33:40,21.38,102.050
10/25/2025 12:43:40,20.12,102.034
10/25/2025 12:53:40,19.50,102.025
10/25/2025 13:03:40,18.82,102.007
10/25/2025 13:13:40,18.07,101.993
10/25/2025 13:23:40,17.65,101.970
10/25/2025 13:33:40,17.72,101.957
10/25/2025 13:43:40,18.56,101.937
10/25/2025 13:53:40,19.65,101.932
10/25/2025 14:03:40,20.79,101.924
10/25/2025 14:13:40,21.21,101.910
10/25/2025 14:23:40,20.61,101.918
10/25/2025 14:33:40,19.61,101.903
10/25/2025 14:43:40,18.57,101.884
10/25/2025 14:53:40,17.49,101.901
10/25/2025 15:03:40,16.33,101.902
10/25/2025 15:13:40,15.45,101.885
10/25/2025 15:23:40,15.01,101.881
10/25/2025 15:33:40,14.71,101.904
10/25/2025 15:43:40,14.51,101.921
10/25/2025 15:53:40,14.58,101.930
10/25/2025 16:03:40,14.64,101.943
10/25/2025 16:13:40,14.62,101.946
10/25/2025 16:23:40,14.62,101.942
10/25/2025 16:33:40,14.58,101.961
10/25/2025 16:43:40,14.47,101.962
10/25/2025 16:53:40,14.27,101.961
10/25/2025 17:03:40,13.85,101.979
10/25/2025 17:13:40,13.25,101.993
10/25/2025 17:23:40,12.61,102.008
10/25/2025 17:33:40,12.01,102.033
10/25/2025 17:43:40,11.52,102.027
10/25/2025 17:53:40,11.13,102.033
10/25/2025 18:03:40,10.76,102.026
10/25/2025 18:13:40,10.26,102.049
10/25/2025 18:23:40,9.65,102.072
10/25/2025 18:33:40,9.03,102.085
10/25/2025 18:43:40,8.45,102.087
10/25/2025 18:53:40,7.91,102.114
10/25/2025 19:03:40,7.43,102.123
10/25/2025 19:13:40,7.01,102.133
10/25/2025 19:23:40,6.65,102.155
10/25/2025 19:33:40,6.34,102.191
10/25/2025 19:43:40,6.04,102.175
10/25/2025 19:53:40,5.75,102.199
10/25/2025 20:03:40,5.48,102.193
10/25/2025 20:13:40,5.25,102.196
10/25/2025 20:23:40,5.07,102.193
10/25/2025 20:33:40,4.97,102.199
10/25/2025 20:43:40,4.96,102.193
10/25/2025 20:53:40,4.95,102.166
10/25/2025 21:03:40,4.88,102.195
10/25/2025 21:13:40,4.76,102.193
10/25/2025 21:23:40,4.61,102.194
10/25/2025 21:33:40,4.46,102.203
10/25/2025 21:43:40,4.31,102.203
10/25/2025 21:53:40,4.14,102.197
10/25/2025 22:03:40,3.93,102.201
10/25/2025 22:13:40,3.72,102.209
10/25/2025 22:23:40,3.55,102.211
10/25/2025 22:33:40,3.40,102.202
10/25/2025 22:43:40,3.26,102.212
10/25/2025 22:53:40,3.17,102.217
10/25/2025 23:03:40,3.13,102.196
10/25/2025 23:13:40,3.14,102.223
10/25/2025 23:23:40,3.16,102.212
10/25/2025 23:33:40,3.18,102.222
10/25/2025 23:43:40,3.18,102.196
10/25/2025 23:53:40,3.16,102.181
10/26/2025 00:03:40,3.11,102.199
10/26/2025 00:13:40,3.02,102.181
10/26/2025 00:23:40,2.89,102.183
10/26/2025 00:33:40,2.74,102.183
10/26/2025 00:43:40,2.57,102.216
10/26/2025 00:53:40,2.39,102.196
10/26/2025 01:03:40,2.19,102.204
10/26/2025 01:13:40,1.99,102.200
10/26/2025 01:23:40,1.81,102.201
10/26/2025 01:33:40,1.64,102.212
10/26/2025 01:43:40,1.46,102.204
10/26/2025 01:53:40,1.34,102.237
10/26/2025 02:03:40,1.29,102.233
10/26/2025 02:13:40,1.24,102.250
10/26/2025 02:23:40,1.15,102.242
10/26/2025 02:33:40,1.02,102.243
10/26/2025 02:43:40,0.86,102.242
10/26/2025 02:53:40,0.73,102.238
10/26/2025 03:03:40,0.66,102.222
10/26/2025 03:13:40,0.68,102.238
10/26/2025 03:23:40,0.74,102.218
10/26/2025 03:33:40,0.81,102.241
10/26/2025 03:43:40,0.87,102.229
10/26/2025 03:53:40,0.90,102.240
10/26/2025 04:03:40,0.92,102.243
10/26/2025 04:13:40,0.93,102.244
10/26/2025 04:23:40,0.90,102.240
10/26/2025 04:33:40,0.80,102.253
10/26/2025 04:43:40,0.71,102.276
10/26/2025 04:53:40,0.60,102.275
10/26/2025 05:03:40,0.50,102.278
10/26/2025 05:13:40,0.38,102.281
10/26/2025 05:23:40,0.23,102.280
10/26/2025 05:33:40,0.07,102.305
10/26/2025 05:43:40,-0.10,102.302
10/26/2025 05:53:40,-0.26,102.300
10/26/2025 06:03:40,-0.42,102.320
10/26/2025 06:13:40,-0.55,102.312
10/26/2025 06:23:40,-0.67,102.328
10/26/2025 06:33:40,-0.73,102.334
10/26/2025 06:43:40,-0.75,102.351
10/26/2025 06:53:40,-0.73,102.352
10/26/2025 07:03:40,-0.71,102.368
10/26/2025 07:13:40,-0.67,102.363
10/26/2025 07:23:40,-0.58,102.389
10/26/2025 07:33:40,-0.46,102.378
10/26/2025 07:43:40,-0.35,102.406
10/26/2025 07:53:40,-0.30,102.415
10/26/2025 08:03:40,-0.26,102.423
10/26/2025 08:13:40,-0.23,102.435
10/26/2025 08:23:40,-0.13,102.426
10/26/2025 08:33:40,0.09,102.438
10/26/2025 08:43:40,0.39,102.449
10/26/2025 08:53:40,0.79,102.464
10/26/2025 09:03:40,1.32,102.452
10/26/2025 09:13:40,2.07,102.463
10/26/2025 09:23:40,3.03,102.448
10/26/2025 09:33:40,4.81,102.414
10/26/2025 09:43:40,7.60,102.376
10/26/2025 09:53:40,10.73,102.339
10/26/2025 10:03:40,14.19,102.310
10/26/2025 10:13:40,17.58,102.281
10/26/2025 10:23:40,20.67,102.273
10/26/2025 10:33:40,23.34,102.275
10/26/2025 10:43:40,25.45,102.289
10/26/2025 10:53:40,26.81,102.287
10/26/2025 11:03:40,28.09,102.257
10/26/2025 11:13:40,29.30,102.265
10/26/2025 11:23:40,30.23,102.275
10/26/2025 11:33:40,30.01,102.264
10/26/2025 11:43:40,30.44,102.263
10/26/2025 11:53:40,30.83,102.241
10/26/2025 12:03:40,28.46,102.231
10/26/2025 12:13:40,25.16,102.201
10/26/2025 12:23:40,22.09,102.209
10/26/2025 12:33:40,19.74,102.196
10/26/2025 12:43:40,18.02,102.186
10/26/2025 12:53:40,16.84,102.160
10/26/2025 13:03:40,16.09,102.143
10/26/2025 13:13:40,15.50,102.138
10/26/2025 13:23:40,15.43,102.115
10/26/2025 13:33:40,15.88,102.093
10/26/2025 13:43:40,17.49,102.093
10/26/2025 13:53:40,20.51,102.067
10/26/2025 14:03:40,23.58,102.075
10/26/2025 14:13:40,24.18,102.097
10/26/2025 14:23:40,23.47,102.086
10/26/2025 14:33:40,22.60,102.093
10/26/2025 14:43:40,21.40,102.087
10/26/2025 14:53:40,19.91,102.069
10/26/2025 15:03:40,18.43,102.053
10/26/2025 15:13:40,16.91,102.053
10/26/2025 15:23:40,15.54,102.060
10/26/2025 15:33:40,14.41,102.078
10/26/2025 15:43:40,13.70,102.053
10/26/2025 15:53:40,13.40,102.035
10/26/2025 16:03:40,13.46,102.026
10/26/2025 16:13:40,13.65,102.040
10/26/2025 16:23:40,13.85,102.032
10/26/2025 16:33:40,13.87,102.029
10/26/2025 16:43:40,13.77,102.027
10/26/2025 16:53:40,13.67,102.046
10/26/2025 17:03:40,13.51,102.034
10/26/2025 17:13:40,13.23,102.036
10/26/2025 17:23:40,12.79,102.061
10/26/2025 17:33:40,12.21,102.079
10/26/2025 17:43:40,11.50,102.096
10/26/2025 17:53:40,10.73,102.121
10/26/2025 18:03:40,10.01,102.122
10/26/2025 18:13:40,9.37,102.147
10/26/2025 18:23:40,8.79,102.163
10/26/2025 18:33:40,8.27,102.183
10/26/2025 18:43:40,7.78,102.192
10/26/2025 18:53:40,7.31,102.197
10/26/2025 19:03:40,6.85,102.208
10/26/2025 19:13:40,6.43,102.229
10/26/2025 19:23:40,6.04,102.246
10/26/2025 19:33:40,5.69,102.247
10/26/2025 19:43:40,5.38,102.273
10/26/2025 19:53:40,5.10,102.276
10/26/2025 20:03:40,4.84,102.289
10/26/2025 20:13:40,4.56,102.304
10/26/2025 20:23:40,4.26,102.300
10/26/2025 20:33:40,3.98,102.324
10/26/2025 20:43:40,3.72,102.333
10/26/2025 20:53:40,3.48,102.346
10/26/2025 21:03:40,3.24,102.374
10/26/2025 21:13:40,3.03,102.377
10/26/2025 21:23:40,2.82,102.398
10/26/2025 21:33:40,2.61,102.401
10/26/2025 21:43:40,2.39,102.403
10/26/2025 21:53:40,2.20,102.417
10/26/2025 22:03:40,2.04,102.415
10/26/2025 22:13:40,1.88,102.410
10/26/2025 22:23:40,1.72,102.417
10/26/2025 22:33:40,1.57,102.426
10/26/2025 22:43:40,1.44,102.427
10/26/2025 22:53:40,1.30,102.432
10/26/2025 23:03:40,1.17,102.424
10/26/2025 23:13:40,1.03,102.438
10/26/2025 23:23:40,0.88,102.429
10/26/2025 23:33:40,0.74,102.420
10/26/2025 23:43:40,0.62,102.431
10/26/2025 23:53:40,0.51,102.429
10/27/2025 00:03:40,0.39,102.405
10/27/2025 00:13:40,0.27,102.412
10/27/2025 00:23:40,0.16,102.423
10/27/2025 00:33:40,0.06,102.418
10/27/2025 00:43:40,-0.03,102.396
10/27/2025 00:53:40,-0.13,102.405
10/27/2025 01:03:40,-0.23,102.408
10/27/2025 01:13:40,-0.34,102.411
10/27/2025 01:23:40,-0.47,102.399
10/27/2025 01:33:40,-0.60,102.400
10/27/2025 01:43:40,-0.74,102.404
10/27/2025 01:53:40,-0.87,102.410
10/27/2025 02:03:40,-0.99,102.411
10/27/2025 02:13:40,-1.13,102.389
10/27/2025 02:23:40,-1.26,102.408
10/27/2025 02:33:40,-1.36,102.416
10/27/2025 02:43:40,-1.46,102.402
10/27/2025 02:53:40,-1.57,102.387
10/27/2025 03:03:40,-1.67,102.390
10/27/2025 03:13:40,-1.77,102.389
10/27/2025 03:23:40,-1.86,102.380
10/27/2025 03:33:40,-1.91,102.389
10/27/2025 03:43:40,-1.93,102.396
10/27/2025 03:53:40,-2.01,102.393
10/27/2025 04:03:40,-2.10,102.375
10/27/2025 04:13:40,-2.15,102.361
10/27/2025 04:23:40,-2.18,102.363
10/27/2025 04:33:40,-2.20,102.365
10/27/2025 04:43:40,-2.26,102.368
10/27/2025 04:53:40,-2.35,102.372
10/27/2025 05:03:40,-2.46,102.376
10/27/2025 05:13:40,-2.55,102.376
10/27/2025 05:23:40,-2.60,102.392
10/27/2025 05:33:40,-2.63,102.399
10/27/2025 05:43:40,-2.68,102.394
10/27/2025 05:53:40,-2.71,102.399
10/27/2025 06:03:40,-2.76,102.403
10/27/2025 06:13:40,-2.82,102.397
10/27/2025 06:23:40,-2.88,102.405
10/27/2025 06:33:40,-2.96,102.410
10/27/2025 06:43:40,-3.03,102.412
10/27/2025 06:53:40,-3.10,102.409
10/27/2025 07:03:40,-3.14,102.419
10/27/2025 07:13:40,-3.14,102.418
10/27/2025 07:23:40,-3.13,102.428
10/27/2025 07:33:40,-3.11,102.421
10/27/2025 07:43:40,-3.06,102.426
10/27/2025 07:53:40,-2.92,102.445
10/27/2025 08:03:40,-2.68,102.463
10/27/2025 08:13:40,-2.39,102.466
10/27/2025 08:23:40,-2.04,102.482
10/27/2025 08:33:40,-1.65,102.484
10/27/2025 08:43:40,-1.24,102.480
10/27/2025 08:53:40,-0.84,102.488
10/27/2025 09:03:40,-0.42,102.483
10/27/2025 09:13:40,0.06,102.480
10/27/2025 09:23:40,0.78,102.463
10/27/2025 09:33:40,2.36,102.432
10/27/2025 09:43:40,5.02,102.397
10/27/2025 09:53:40,8.18,102.340
10/27/2025 10:03:40,11.56,102.292
10/27/2025 10:13:40,14.70,102.263
10/27/2025 10:23:40,17.51,102.263
10/27/2025 10:33:40,20.05,102.247
10/27/2025 10:43:40,22.26,102.233
10/27/2025 10:53:40,24.32,102.234
10/27/2025 11:03:40,25.80,102.219
10/27/2025 11:13:40,27.31,102.225
10/27/2025 11:23:40,28.47,102.232
10/27/2025 11:33:40,28.37,102.222
10/27/2025 11:43:40,28.37,102.204
10/27/2025 11:53:40,28.44,102.190
10/27/2025 12:03:40,26.88,102.188
10/27/2025 12:13:40,24.09,102.176
10/27/2025 12:23:40,21.74,102.148
10/27/2025 12:33:40,19.92,102.123
10/27/2025 12:43:40,18.47,102.122
10/27/2025 12:53:40,17.44,102.112
10/27/2025 13:03:40,16.70,102.088
10/27/2025 13:13:40,15.93,102.087
10/27/2025 13:23:40,15.97,102.068
10/27/2025 13:33:40,17.11,102.058
10/27/2025 13:43:40,19.14,102.033
10/27/2025 13:53:40,21.38,102.037
10/27/2025 14:03:40,21.72,102.053
10/27/2025 14:13:40,21.90,102.055
10/27/2025 14:23:40,21.45,102.054
10/27/2025 14:33:40,20.71,102.026
10/27/2025 14:43:40,19.58,102.057
10/27/2025 14:53:40,18.04,102.049
10/27/2025 15:03:40,17.03,102.039
10/27/2025 15:13:40,16.14,102.035
10/27/2025 15:23:40,15.26,102.040
10/27/2025 15:33:40,14.39,102.041
10/27/2025 15:43:40,13.64,102.035
10/27/2025 15:53:40,13.10,102.044
10/27/2025 16:03:40,12.93,102.027
10/27/2025 16:13:40,13.10,102.022
10/27/2025 16:23:40,13.26,102.029
10/27/2025 16:33:40,13.23,102.009
10/27/2025 16:43:40,13.03,102.012
10/27/2025 16:53:40,12.62,102.012
10/27/2025 17:03:40,12.28,102.010
10/27/2025 17:13:40,12.00,102.011
10/27/2025 17:23:40,11.65,102.015
10/27/2025 17:33:40,11.09,102.034
10/27/2025 17:43:40,10.40,102.056
10/27/2025 17:53:40,9.69,102.085
10/27/2025 18:03:40,9.08,102.098
10/27/2025 18:13:40,8.54,102.121
10/27/2025 18:23:40,8.05,102.139
10/27/2025 18:33:40,7.74,102.144
10/27/2025 18:43:40,7.60,102.168
10/27/2025 18:53:40,7.47,102.161
10/27/2025 19:03:40,7.24,102.169
10/27/2025 19:13:40,6.96,102.186
10/27/2025 19:23:40,6.64,102.190
10/27/2025 19:33:40,6.32,102.212
10/27/2025 19:43:40,6.02,102.213
10/27/2025 19:53:40,5.73,102.237
10/27/2025 20:03:40,5.44,102.235
10/27/2025 20:13:40,5.14,102.231
10/27/2025 20:23:40,4.84,102.253
10/27/2025 20:33:40,4.55,102.272
10/27/2025 20:43:40,4.27,102.270
10/27/2025 20:53:40,4.00,102.286
10/27/2025 21:03:40,3.76,102.279
10/27/2025 21:13:40,3.54,102.299
10/27/2025 21:23:40,3.33,102.302
10/27/2025 21:33:40,3.13,102.293
10/27/2025 21:43:40,2.93,102.311
10/27/2025 21:53:40,2.72,102.314
10/27/2025 22:03:40,2.52,102.331
10/27/2025 22:13:40,2.31,102.338
10/27/2025 22:23:40,2.10,102.337
10/27/2025 22:33:40,1.92,102.343
10/27/2025 22:43:40,1.78,102.330
10/27/2025 22:53:40,1.66,102.319
10/27/2025 23:03:40,1.56,102.324
10/27/2025 23:13:40,1.48,102.316
10/27/2025 23:23:40,1.39,102.321
10/27/2025 23:33:40,1.27,102.333
10/27/2025 23:43:40,1.16,102.335
10/27/2025 23:53:40,1.05,102.334
10/28/2025 00:03:40,0.97,102.344
10/28/2025 00:13:40,0.87,102.348
10/28/2025 00:23:40,0.76,102.338
10/28/2025 00:33:40,0.65,102.350
10/28/2025 00:43:40,0.56,102.346
10/28/2025 00:53:40,0.49,102.352
10/28/2025 01:03:40,0.41,102.340
10/28/2025 01:13:40,0.31,102.345
10/28/2025 01:23:40,0.18,102.350
10/28/2025 01:33:40,0.05,102.365
10/28/2025 01:43:40,-0.06,102.349
10/28/2025 01:53:40,-0.16,102.345
10/28/2025 02:03:40,-0.26,102.375
10/28/2025 02:13:40,-0.39,102.367
10/28/2025 02:23:40,-0.50,102.357
10/28/2025 02:33:40,-0.59,102.357
10/28/2025 02:43:40,-0.67,102.358
10/28/2025 02:53:40,-0.77,102.366
10/28/2025 03:03:40,-0.88,102.352
10/28/2025 03:13:40,-0.97,102.356
10/28/2025 03:23:40,-1.05,102.366
10/28/2025 03:33:40,-1.13,102.368
10/28/2025 03:43:40,-1.17,102.355
10/28/2025 03:53:40,-1.22,102.354
10/28/2025 04:03:40,-1.29,102.361
10/28/2025 04:13:40,-1.34,102.356
10/28/2025 04:23:40,-1.35,102.333
10/28/2025 04:33:40,-1.33,102.318
10/28/2025 04:43:40,-1.27,102.310
10/28/2025 04:53:40,-1.26,102.311
10/28/2025 05:03:40,-1.30,102.325
10/28/2025 05:13:40,-1.34,102.325
10/28/2025 05:23:40,-1.36,102.323
10/28/2025 05:33:40,-1.40,102.337
10/28/2025 05:43:40,-1.44,102.333
10/28/2025 05:53:40,-1.46,102.331
10/28/2025 06:03:40,-1.50,102.331
10/28/2025 06:13:40,-1.53,102.351
10/28/2025 06:23:40,-1.56,102.331
10/28/2025 06:33:40,-1.59,102.345
10/28/2025 06:43:40,-1.63,102.350
10/28/2025 06:53:40,-1.68,102.337
10/28/2025 07:03:40,-1.69,102.353
10/28/2025 07:13:40,-1.68,102.350
10/28/2025 07:23:40,-1.66,102.360
10/28/2025 07:33:40,-1.63,102.355
10/28/2025 07:43:40,-1.56,102.366
10/28/2025 07:53:40,-1.43,102.360
10/28/2025 08:03:40,-1.24,102.339
10/28/2025 08:13:40,-0.93,102.351
10/28/2025 08:23:40,-0.52,102.346
10/28/2025 08:33:40,-0.07,102.358
10/28/2025 08:43:40,0.43,102.386
10/28/2025 08:53:40,1.02,102.384
10/28/2025 09:03:40,1.71,102.377
10/28/2025 09:13:40,2.57,102.401
10/28/2025 09:23:40,3.65,102.392
10/28/2025 09:33:40,5.44,102.376
10/28/2025 09:43:40,8.00,102.364
10/28/2025 09:53:40,11.10,102.310
10/28/2025 10:03:40,14.37,102.248
10/28/2025 10:13:40,17.54,102.243
10/28/2025 10:23:40,20.24,102.233
10/28/2025 10:33:40,22.60,102.218
10/28/2025 10:43:40,24.80,102.199
10/28/2025 10:53:40,26.81,102.189
10/28/2025 11:03:40,28.42,102.193
10/28/2025 11:13:40,29.56,102.188
10/28/2025 11:23:40,30.27,102.178
10/28/2025 11:33:40,30.05,102.163
10/28/2025 11:43:40,30.54,102.156
10/28/2025 11:53:40,31.02,102.147
10/28/2025 12:03:40,29.52,102.114
10/28/2025 12:13:40,27.00,102.079
10/28/2025 12:23:40,24.01,102.078
10/28/2025 12:33:40,21.86,102.048
10/28/2025 12:43:40,20.48,102.056
10/28/2025 12:53:40,19.53,102.031
10/28/2025 13:03:40,18.94,102.015
10/28/2025 13:13:40,18.25,102.001
10/28/2025 13:23:40,18.20,101.997
10/28/2025 13:33:40,19.13,101.965
10/28/2025 13:43:40,20.71,101.933
10/28/2025 13:53:40,22.84,101.929
10/28/2025 14:03:40,24.55,101.921
10/28/2025 14:13:40,24.70,101.907
10/28/2025 14:23:40,24.36,101.901
10/28/2025 14:33:40,23.70,101.890
10/28/2025 14:43:40,22.22,101.869
10/28/2025 14:53:40,20.31,101.876
10/28/2025 15:03:40,18.67,101.864
10/28/2025 15:13:40,17.40,101.864
10/28/2025 15:23:40,16.48,101.863
10/28/2025 15:33:40,15.82,101.876
10/28/2025 15:43:40,15.32,101.876
10/28/2025 15:53:40,14.89,101.854
10/28/2025 16:03:40,14.51,101.832
10/28/2025 16:13:40,14.23,101.833
10/28/2025 16:23:40,13.97,101.850
10/28/2025 16:33:40,13.70,101.849
10/28/2025 16:43:40,13.38,101.852
10/28/2025 16:53:40,13.02,101.865
10/28/2025 17:03:40,12.70,101.855
10/28/2025 17:13:40,12.41,101.881
10/28/2025 17:23:40,12.08,101.870
10/28/2025 17:33:40,11.72,101.861
10/28/2025 17:43:40,11.31,101.865
10/28/2025 17:53:40,10.89,101.868
10/28/2025 18:03:40,10.48,101.894
10/28/2025 18:13:40,10.02,101.876
10/28/2025 18:23:40,9.53,101.899
10/28/2025 18:33:40,9.00,101.906
10/28/2025 18:43:40,8.47,101.907
10/28/2025 18:53:40,7.96,101.910
10/28/2025 19:03:40,7.49,101.902
10/28/2025 19:13:40,7.04,101.900
10/28/2025 19:23:40,6.63,101.920
10/28/2025 19:33:40,6.28,101.934
10/28/2025 19:43:40,5.98,101.931
10/28/2025 19:53:40,5.75,101.938
10/28/2025 20:03:40,5.59,101.924
10/28/2025 20:13:40,5.46,101.936
10/28/2025 20:23:40,5.35,101.939
10/28/2025 20:33:40,5.21,101.923
10/28/2025 20:43:40,5.04,101.935
10/28/2025 20:53:40,4.84,101.940
10/28/2025 21:03:40,4.63,101.943
10/28/2025 21:13:40,4.40,101.937
10/28/2025 21:23:40,4.17,101.961
10/28/2025 21:33:40,3.94,101.954
10/28/2025 21:43:40,3.70,101.964
10/28/2025 21:53:40,3.48,101.949
10/28/2025 22:03:40,3.26,101.956
10/28/2025 22:13:40,3.06,101.961
10/28/2025 22:23:40,2.88,101.957
10/28/2025 22:33:40,2.71,101.955
10/28/2025 22:43:40,2.54,101.971
10/28/2025 22:53:40,2.38,101.970
10/28/2025 23:03:40,2.23,101.970
10/28/2025 23:13:40,2.09,101.953
10/28/2025 23:23:40,1.96,101.932
10/28/2025 23:33:40,1.87,101.937
10/28/2025 23:43:40,1.84,101.930
10/28/2025 23:53:40,1.89,101.922
10/29/2025 00:03:40,1.99,101.904
10/29/2025 00:13:40,2.10,101.887
10/29/2025 00:23:40,2.21,101.871
10/29/2025 00:33:40,2.31,101.871
10/29/2025 00:43:40,2.38,101.873
10/29/2025 00:53:40,2.42,101.872
10/29/2025 01:03:40,2.50,101.853
10/29/2025 01:13:40,2.58,101.847
10/29/2025 01:23:40,2.61,101.832
10/29/2025 01:33:40,2.66,101.828
10/29/2025 01:43:40,2.78,101.808
10/29/2025 01:53:40,2.98,101.807
10/29/2025 02:03:40,3.22,101.789
10/29/2025 02:13:40,3.49,101.796
10/29/2025 02:23:40,3.77,101.781
10/29/2025 02:33:40,4.04,101.778
10/29/2025 02:43:40,4.29,101.764
10/29/2025 02:53:40,4.51,101.752
10/29/2025 03:03:40,4.71,101.752
10/29/2025 03:13:40,4.88,101.736
10/29/2025 03:23:40,5.04,101.731
10/29/2025 03:33:40,5.21,101.724
10/29/2025 03:43:40,5.38,101.695
10/29/2025 03:53:40,5.54,101.717
10/29/2025 04:03:40,5.68,101.720
10/29/2025 04:13:40,5.78,101.724
10/29/2025 04:23:40,5.83,101.719
10/29/2025 04:33:40,5.84,101.707
10/29/2025 04:43:40,5.83,101.715
10/29/2025 04:53:40,5.82,101.727
10/29/2025 05:03:40,5.79,101.729
10/29/2025 05:13:40,5.76,101.736
10/29/2025 05:23:40,5.73,101.733
10/29/2025 05:33:40,5.71,101.754
10/29/2025 05:43:40,5.71,101.749
10/29/2025 05:53:40,5.71,101.718
10/29/2025 06:03:40,5.72,101.728
10/29/2025 06:13:40,5.73,101.738
10/29/2025 06:23:40,5.75,101.726
10/29/2025 06:33:40,5.78,101.720
10/29/2025 06:43:40,5.81,101.717
10/29/2025 06:53:40,5.83,101.723
10/29/2025 07:03:40,5.84,101.721
10/29/2025 07:13:40,5.86,101.722
10/29/2025 07:23:40,5.90,101.747
10/29/2025 07:33:40,5.93,101.746
10/29/2025 07:43:40,5.96,101.771
10/29/2025 07:53:40,6.00,101.747
10/29/2025 08:03:40,6.05,101.751
10/29/2025 08:13:40,6.14,101.737
10/29/2025 08:23:40,6.27,101.726
10/29/2025 08:33:40,6.44,101.704
10/29/2025 08:43:40,6.63,101.721
10/29/2025 08:53:40,6.85,101.708
10/29/2025 09:03:40,7.11,101.699
10/29/2025 09:13:40,7.38,101.699
10/29/2025 09:23:40,7.63,101.693
10/29/2025 09:33:40,7.83,101.687
10/29/2025 09:43:40,8.01,101.697
10/29/2025 09:53:40,8.19,101.672
10/29/2025 10:03:40,8.41,101.677
10/29/2025 10:13:40,8.70,101.686
10/29/2025 10:23:40,9.01,101.685
10/29/2025 10:33:40,9.30,101.668
10/29/2025 10:43:40,9.54,101.687
10/29/2025 10:53:40,9.68,101.680
10/29/2025 11:03:40,9.80,101.672
10/29/2025 11:13:40,9.94,101.674
10/29/2025 11:23:40,10.22,101.661
10/29/2025 11:33:40,10.53,101.640
10/29/2025 11:43:40,10.74,101.662
10/29/2025 11:53:40,10.92,101.667
10/29/2025 12:03:40,11.18,101.633
10/29/2025 12:13:40,11.65,101.621
10/29/2025 12:23:40,12.27,101.614
10/29/2025 12:33:40,12.70,101.624
10/29/2025 12:43:40,12.90,101.612
10/29/2025 12:53:40,12.87,101.623
10/29/2025 13:03:40,12.57,101.618
10/29/2025 13:13:40,12.42,101.617
10/29/2025 13:23:40,12.49,101.600
10/29/2025 13:33:40,12.65,101.589
10/29/2025 13:43:40,12.62,101.578
10/29/2025 13:53:40,12.69,101.566
10/29/2025 14:03:40,12.89,101.553
10/29/2025 14:13:40,13.04,101.556
10/29/2025 14:23:40,13.38,101.536
10/29/2025 14:33:40,13.60,101.517
10/29/2025 14:43:40,13.63,101.537
10/29/2025 14:53:40,13.58,101.529
10/29/2025 15:03:40,13.48,101.509
10/29/2025 15:13:40,13.35,101.499
10/29/2025 15:23:40,13.22,101.502
10/29/2025 15:33:40,13.03,101.502
10/29/2025 15:43:40,12.84,101.510
10/29/2025 15:53:40,12.65,101.518
10/29/2025 16:03:40,12.42,101.528
10/29/2025 16:13:40,12.14,101.533
10/29/2025 16:23:40,11.88,101.500
10/29/2025 16:33:40,11.69,101.504
10/29/2025 16:43:40,11.58,101.509
10/29/2025 16:53:40,11.53,101.500
10/29/2025 17:03:40,11.45,101.508
10/29/2025 17:13:40,11.33,101.529
10/29/2025 17:23:40,11.28,101.521
10/29/2025 17:33:40,11.23,101.535
10/29/2025 17:43:40,11.10,101.547
10/29/2025 17:53:40,10.95,101.514
10/29/2025 18:03:40,10.74,101.529
10/29/2025 18:13:40,10.52,101.538
10/29/2025 18:23:40,10.30,101.547
10/29/2025 18:33:40,10.09,101.549
10/29/2025 18:43:40,9.91,101.575
10/29/2025 18:53:40,9.76,101.594
10/29/2025 19:03:40,9.62,101.591
10/29/2025 19:13:40,9.49,101.622
10/29/2025 19:23:40,9.39,101.596
10/29/2025 19:33:40,9.30,101.588
10/29/2025 19:43:40,9.22,101.578
10/29/2025 19:53:40,9.14,101.576
10/29/2025 20:03:40,9.07,101.566
10/29/2025 20:13:40,9.00,101.595
10/29/2025 20:23:40,8.92,101.585
10/29/2025 20:33:40,8.85,101.570
10/29/2025 20:43:40,8.77,101.573
10/29/2025 20:53:40,8.70,101.589
10/29/2025 21:03:40,8.64,101.593
10/29/2025 21:13:40,8.59,101.620
10/29/2025 21:23:40,8.55,101.635
10/29/2025 21:33:40,8.53,101.624
10/29/2025 21:43:40,8.53,101.624
10/29/2025 21:53:40,8.53,101.628
10/29/2025 22:03:40,8.53,101.620
10/29/2025 22:13:40,8.57,101.588
10/29/2025 22:23:40,8.64,101.584
10/29/2025 22:33:40,8.68,101.610
10/29/2025 22:43:40,8.67,101.600
10/29/2025 22:53:40,8.63,101.597
10/29/2025 23:03:40,8.60,101.590
10/29/2025 23:13:40,8.61,101.595
10/29/2025 23:23:40,8.63,101.597
10/29/2025 23:33:40,8.63,101.584
10/29/2025 23:43:40,8.60,101.537
10/29/2025 23:53:40,8.54,101.559
10/30/2025 00:03:40,8.48,101.523
10/30/2025 00:13:40,8.41,101.509
10/30/2025 00:23:40,8.36,101.509
10/30/2025 00:33:40,8.33,101.502
10/30/2025 00:43:40,8.31,101.513
10/30/2025 00:53:40,8.29,101.507
10/30/2025 01:03:40,8.26,101.522
10/30/2025 01:13:40,8.21,101.497
10/30/2025 01:23:40,8.18,101.476
10/30/2025 01:33:40,8.14,101.513
10/30/2025 01:43:40,8.11,101.493
10/30/2025 01:53:40,8.08,101.468
10/30/2025 02:03:40,8.06,101.467
10/30/2025 02:13:40,8.04,101.456
10/30/2025 02:23:40,8.01,101.445
10/30/2025 02:33:40,7.99,101.447
10/30/2025 02:43:40,7.96,101.427
10/30/2025 02:53:40,7.92,101.393
10/30/2025 03:03:40,7.88,101.368
10/30/2025 03:13:40,7.85,101.352
10/30/2025 03:23:40,7.82,101.314
10/30/2025 03:33:40,7.78,101.320
10/30/2025 03:43:40,7.75,101.287
10/30/2025 03:53:40,7.72,101.284
10/30/2025 04:03:40,7.68,101.268
10/30/2025 04:13:40,7.64,101.260
10/30/2025 04:23:40,7.59,101.282
10/30/2025 04:33:40,7.54,101.269
10/30/2025 04:43:40,7.49,101.270
10/30/2025 04:53:40,7.45,101.284
10/30/2025 05:03:40,7.40,101.272
10/30/2025 05:13:40,7.37,101.290
10/30/2025 05:23:40,7.33,101.239
10/30/2025 05:33:40,7.31,101.211
10/30/2025 05:43:40,7.29,101.227
10/30/2025 05:53:40,7.28,101.222
10/30/2025 06:03:40,7.28,101.209
10/30/2025 06:13:40,7.29,101.178
10/30/2025 06:23:40,7.29,101.179
10/30/2025 06:33:40,7.30,101.162
10/30/2025 06:43:40,7.33,101.194
10/30/2025 06:53:40,7.35,101.148
10/30/2025 07:03:40,7.36,101.166
10/30/2025 07:13:40,7.37,101.176
10/30/2025 07:23:40,7.38,101.154
10/30/2025 07:33:40,7.39,101.178
10/30/2025 07:43:40,7.41,101.162
10/30/2025 07:53:40,7.43,101.133
10/30/2025 08:03:40,7.46,101.112
10/30/2025 08:13:40,7.49,101.129
10/30/2025 08:23:40,7.53,101.096
10/30/2025 08:33:40,7.57,101.109
10/30/2025 08:43:40,7.64,101.127
10/30/2025 08:53:40,7.72,101.094
10/30/2025 09:03:40,7.82,101.080
10/30/2025 09:13:40,7.92,101.080
10/30/2025 09:23:40,8.08,101.132
10/30/2025 09:33:40,8.26,101.094
10/30/2025 09:43:40,8.42,101.133
10/30/2025 09:53:40,8.53,101.133
10/30/2025 10:03:40,8.61,101.073
10/30/2025 10:13:40,8.72,101.069
10/30/2025 10:23:40,8.92,101.049
10/30/2025 10:33:40,9.21,101.010
10/30/2025 10:43:40,9.55,100.961
10/30/2025 10:53:40,9.80,100.937
10/30/2025 11:03:40,9.91,100.928
10/30/2025 11:13:40,10.03,100.942
10/30/2025 11:23:40,10.30,100.932
10/30/2025 11:33:40,10.76,100.888
10/30/2025 11:43:40,11.34,100.843
10/30/2025 11:53:40,11.89,100.805
10/30/2025 12:03:40,12.33,100.745
10/30/2025 12:13:40,12.64,100.724
10/30/2025 12:23:40,12.82,100.670
10/30/2025 12:33:40,12.88,100.644
10/30/2025 12:43:40,12.91,100.593
10/30/2025 12:53:40,12.89,100.569
10/30/2025 13:03:40,13.00,100.506
10/30/2025 13:13:40,13.12,100.489
10/30/2025 13:23:40,13.14,100.428
10/30/2025 13:33:40,13.09,100.406
10/30/2025 13:43:40,13.07,100.347
10/30/2025 13:53:40,13.19,100.347
10/30/2025 14:03:40,13.31,100.316
10/30/2025 14:13:40,13.41,100.305
10/30/2025 14:23:40,13.46,100.296
10/30/2025 14:33:40,13.47,100.328
10/30/2025 14:43:40,13.52,100.309
10/30/2025 14:53:40,13.51,100.286
10/30/2025 15:03:40,13.52,100.229
10/30/2025 15:13:40,13.48,100.191
10/30/2025 15:23:40,13.44,100.153
10/30/2025 15:33:40,13.43,100.138
10/30/2025 15:43:40,13.44,100.108
10/30/2025 15:53:40,13.50,100.063
10/30/2025 16:03:40,13.58,100.038
10/30/2025 16:13:40,13.68,100.028
10/30/2025 16:23:40,13.70,100.025
10/30/2025 16:33:40,13.61,99.970
10/30/2025 16:43:40,13.52,99.990
10/30/2025 16:53:40,13.45,99.945
10/30/2025 17:03:40,13.40,99.905
10/30/2025 17:13:40,13.37,99.885
10/30/2025 17:23:40,13.33,99.870
10/30/2025 17:33:40,13.27,99.856
10/30/2025 17:43:40,13.19,99.837
10/30/2025 17:53:40,13.12,99.823
10/30/2025 18:03:40,13.07,99.810
10/30/2025 18:13:40,13.03,99.803
10/30/2025 18:23:40,12.95,99.775
10/30/2025 18:33:40,12.78,99.785
10/30/2025 18:43:40,12.60,99.781
10/30/2025 18:53:40,12.38,99.791
10/30/2025 19:03:40,12.17,99.762
10/30/2025 19:13:40,11.99,99.745
10/30/2025 19:23:40,11.85,99.747
10/30/2025 19:33:40,11.76,99.750
10/30/2025 19:43:40,11.72,99.737
10/30/2025 19:53:40,11.68,99.721
10/30/2025 20:03:40,11.62,99.739
10/30/2025 20:13:40,11.57,99.673
10/30/2025 20:23:40,11.52,99.621
10/30/2025 20:33:40,11.48,99.604
10/30/2025 20:43:40,11.44,99.601
10/30/2025 20:53:40,11.40,99.660
10/30/2025 21:03:40,11.35,99.648
10/30/2025 21:13:40,11.29,99.635
10/30/2025 21:23:40,11.26,99.570
10/30/2025 21:33:40,11.23,99.519
10/30/2025 21:43:40,11.20,99.508
10/30/2025 21:53:40,11.20,99.490
10/30/2025 22:03:40,11.20,99.464
10/30/2025 22:13:40,11.20,99.353
10/30/2025 22:23:40,11.24,99.113
10/30/2025 22:33:40,11.38,98.888
10/30/2025 22:43:40,11.56,98.946
10/30/2025 22:53:40,11.77,98.930
10/30/2025 23:03:40,11.93,98.907
10/30/2025 23:13:40,12.04,98.982
10/30/2025 23:23:40,12.11,98.951
10/30/2025 23:33:40,12.19,98.904
10/30/2025 23:43:40,12.26,98.896
10/30/2025 23:53:40,12.32,98.865
10/31/2025 00:03:40,12.37,98.837
10/31/2025 00:13:40,12.39,98.799
10/31/2025 00:23:40,12.41,98.796
10/31/2025 00:33:40,12.40,98.747
10/31/2025 00:43:40,12.37,98.696
10/31/2025 00:53:40,12.33,98.680
10/31/2025 01:03:40,12.31,98.598
10/31/2025 01:13:40,12.30,98.553
10/31/2025 01:23:40,12.30,98.531
10/31/2025 01:33:40,12.29,98.513
10/31/2025 01:43:40,12.28,98.503
10/31/2025 01:53:40,12.27,98.462
10/31/2025 02:03:40,12.27,98.418
10/31/2025 02:13:40,12.28,98.339
10/31/2025 02:23:40,12.31,98.332
10/31/2025 02:33:40,12.33,98.276
10/31/2025 02:43:40,12.36,98.212
10/31/2025 02:53:40,12.40,98.184
10/31/2025 03:03:40,12.44,98.138
10/31/2025 03:13:40,12.48,98.128
10/31/2025 03:23:40,12.51,98.121
10/31/2025 03:33:40,12.56,98.156
10/31/2025 03:43:40,12.60,98.097
10/31/2025 03:53:40,12.63,98.037
10/31/2025 04:03:40,12.66,97.995
10/31/2025 04:13:40,12.68,97.996
10/31/2025 04:23:40,12.69,97.992
10/31/2025 04:33:40,12.68,98.005
10/31/2025 04:43:40,12.69,97.988
10/31/2025 04:53:40,12.71,97.994
10/31/2025 05:03:40,12.76,98.033
10/31/2025 05:13:40,12.83,98.056
10/31/2025 05:23:40,12.91,98.043
10/31/2025 05:33:40,12.95,97.976
10/31/2025 05:43:40,12.93,97.925
10/31/2025 05:53:40,12.80,97.881
10/31/2025 06:03:40,12.61,97.867
10/31/2025 06:13:40,12.38,97.970
10/31/2025 06:23:40,12.15,98.006
10/31/2025 06:33:40,11.94,98.026
10/31/2025 06:43:40,11.74,98.024
10/31/2025 06:53:40,11.55,98.055
10/31/2025 07:03:40,11.45,98.030
10/31/2025 07:13:40,11.40,98.035
10/31/2025 07:23:40,11.37,98.055
10/31/2025 07:33:40,11.38,98.087
10/31/2025 07:43:40,11.42,98.103
10/31/2025 07:53:40,11.45,98.114
10/31/2025 08:03:40,11.49,98.152
10/31/2025 08:13:40,11.55,98.183
10/31/2025 08:23:40,11.58,98.186
10/31/2025 08:33:40,11.59,98.204
10/31/2025 08:43:40,11.53,98.231
10/31/2025 08:53:40,11.51,98.260
10/31/2025 09:03:40,11.58,98.257
10/31/2025 09:13:40,11.67,98.285
10/31/2025 09:23:40,11.69,98.282
10/31/2025 09:33:40,11.69,98.287
10/31/2025 09:43:40,11.69,98.300
10/31/2025 09:53:40,11.72,98.307
10/31/2025 10:03:40,11.82,98.319
10/31/2025 10:13:40,11.95,98.324
10/31/2025 10:23:40,12.04,98.335
10/31/2025 10:33:40,12.14,98.351
10/31/2025 10:43:40,12.24,98.350
10/31/2025 10:53:40,12.38,98.356
10/31/2025 11:03:40,12.64,98.356
10/31/2025 11:13:40,13.10,98.350
10/31/2025 11:23:40,15.01,98.329
10/31/2025 11:33:40,17.57,98.292
10/31/2025 11:43:40,20.37,98.287
10/31/2025 11:53:40,21.50,98.289
10/31/2025 12:03:40,21.27,98.302
10/31/2025 12:13:40,21.09,98.277
10/31/2025 12:23:40,20.90,98.270
10/31/2025 12:33:40,20.58,98.269
10/31/2025 12:43:40,20.15,98.274
10/31/2025 12:53:40,19.46,98.275
10/31/2025 13:03:40,19.11,98.275
10/31/2025 13:13:40,19.13,98.282
10/31/2025 13:23:40,18.88,98.297
10/31/2025 13:33:40,18.10,98.283
10/31/2025 13:43:40,17.23,98.301
10/31/2025 13:53:40,16.60,98.308
10/31/2025 14:03:40,16.12,98.316
10/31/2025 14:13:40,15.65,98.333
10/31/2025 14:23:40,15.29,98.322
10/31/2025 14:33:40,15.35,98.339
10/31/2025 14:43:40,15.46,98.355
10/31/2025 14:53:40,15.46,98.355
10/31/2025 15:03:40,15.28,98.366
10/31/2025 15:13:40,14.92,98.363
10/31/2025 15:23:40,14.65,98.353
10/31/2025 15:33:40,14.45,98.361
10/31/2025 15:43:40,14.27,98.402
10/31/2025 15:53:40,14.11,98.408
10/31/2025 16:03:40,14.17,98.395
10/31/2025 16:13:40,14.18,98.427
10/31/2025 16:23:40,14.03,98.451
10/31/2025 16:33:40,13.79,98.461
10/31/2025 16:43:40,13.49,98.462
10/31/2025 16:53:40,13.11,98.488
10/31/2025 17:03:40,12.72,98.495
10/31/2025 17:13:40,12.34,98.548
10/31/2025 17:23:40,11.92,98.592
10/31/2025 17:33:40,11.49,98.586
10/31/2025 17:43:40,11.09,98.579
10/31/2025 17:53:40,10.75,98.597
10/31/2025 18:03:40,10.50,98.605
10/31/2025 18:13:40,10.35,98.602
10/31/2025 18:23:40,10.24,98.629
10/31/2025 18:33:40,10.15,98.636
10/31/2025 18:43:40,10.09,98.653
10/31/2025 18:53:40,10.04,98.667
10/31/2025 19:03:40,10.01,98.669
10/31/2025 19:13:40,9.99,98.699
10/31/2025 19:23:40,9.98,98.724
10/31/2025 19:33:40,9.94,98.731
10/31/2025 19:43:40,9.92,98.728
10/31/2025 19:53:40,9.86,98.751
10/31/2025 20:03:40,9.80,98.755
10/31/2025 20:13:40,9.69,98.768
10/31/2025 20:23:40,9.53,98.787
10/31/2025 20:33:40,9.42,98.805
10/31/2025 20:43:40,9.41,98.822
10/31/2025 20:53:40,9.43,98.833
10/31/2025 21:03:40,9.45,98.852
10/31/2025 21:13:40,9.48,98.880
10/31/2025 21:23:40,9.50,98.878
10/31/2025 21:33:40,9.50,98.874
10/31/2025 21:43:40,9.49,98.877
10/31/2025 21:53:40,9.38,98.899
10/31/2025 22:03:40,9.25,98.903
10/31/2025 22:13:40,9.13,98.911
10/31/2025 22:23:40,8.99,98.940
10/31/2025 22:33:40,8.90,98.941
10/31/2025 22:43:40,8.77,98.932
10/31/2025 22:53:40,8.57,98.925
10/31/2025 23:03:40,8.31,98.944
10/31/2025 23:13:40,8.11,98.989
10/31/2025 23:23:40,8.01,99.008
10/31/2025 23:33:40,7.93,99.033
10/31/2025 23:43:40,7.87,99.081
10/31/2025 23:53:40,7.80,99.080
11/01/2025 00:03:40,7.77,99.121
11/01/2025 00:13:40,7.74,99.137
11/01/2025 00:23:40,7.71,99.139
11/01/2025 00:33:40,7.67,99.153
11/01/2025 00:43:40,7.62,99.189
11/01/2025 00:53:40,7.58,99.172
11/01/2025 01:03:40,7.54,99.187
11/01/2025 01:13:40,7.52,99.198
11/01/2025 01:23:40,7.47,99.221
11/01/2025 01:33:40,7.42,99.234
11/01/2025 01:43:40,7.36,99.279
11/01/2025 01:53:40,7.31,99.283
11/01/2025 02:03:40,7.23,99.299
11/01/2025 02:13:40,7.17,99.316
11/01/2025 02:23:40,7.13,99.331
11/01/2025 02:33:40,7.08,99.318
11/01/2025 02:43:40,7.04,99.377
11/01/2025 02:53:40,7.07,99.414
11/01/2025 03:03:40,7.10,99.394
11/01/2025 03:13:40,7.14,99.428
11/01/2025 03:23:40,7.16,99.439
11/01/2025 03:33:40,7.18,99.458
11/01/2025 03:43:40,7.20,99.504
11/01/2025 03:53:40,7.23,99.542
11/01/2025 04:03:40,7.24,99.556
11/01/2025 04:13:40,7.24,99.560
11/01/2025 04:23:40,7.22,99.572
11/01/2025 04:33:40,7.22,99.607
11/01/2025 04:43:40,7.25,99.614
11/01/2025 04:53:40,7.30,99.636
11/01/2025 05:03:40,7.30,99.684
11/01/2025 05:13:40,7.29,99.710
11/01/2025 05:23:40,7.29,99.745
11/01/2025 05:33:40,7.27,99.753
11/01/2025 05:43:40,7.21,99.788
11/01/2025 05:53:40,7.20,99.809
11/01/2025 06:03:40,7.29,99.821
11/01/2025 06:13:40,7.38,99.829
11/01/2025 06:23:40,7.47,99.835
11/01/2025 06:33:40,7.51,99.865
11/01/2025 06:43:40,7.50,99.887
11/01/2025 06:53:40,7.46,99.936
11/01/2025 07:03:40,7.41,99.977
11/01/2025 07:13:40,7.31,100.000
11/01/2025 07:23:40,7.22,100.018
11/01/2025 07:33:40,7.15,100.035
11/01/2025 07:43:40,7.06,100.068
11/01/2025 07:53:40,7.00,100.063
11/01/2025 08:03:40,7.03,100.087
11/01/2025 08:13:40,7.09,100.074
11/01/2025 08:23:40,7.16,100.093
11/01/2025 08:33:40,7.25,100.118
11/01/2025 08:43:40,7.32,100.124
11/01/2025 08:53:40,7.42,100.141
11/01/2025 09:03:40,7.59,100.142
11/01/2025 09:13:40,7.85,100.171
11/01/2025 09:23:40,8.33,100.157
11/01/2025 09:33:40,9.78,100.161
11/01/2025 09:43:40,12.03,100.182
11/01/2025 09:53:40,14.57,100.171
11/01/2025 10:03:40,17.21,100.139
11/01/2025 10:13:40,19.42,100.146
11/01/2025 10:23:40,21.66,100.155
11/01/2025 10:33:40,23.92,100.163
11/01/2025 10:43:40,25.82,100.156
11/01/2025 10:53:40,27.14,100.191
11/01/2025 11:03:40,26.49,100.192
11/01/2025 11:13:40,26.35,100.225
11/01/2025 11:23:40,27.77,100.219
11/01/2025 11:33:40,28.37,100.249
11/01/2025 11:43:40,29.11,100.233
11/01/2025 11:53:40,29.73,100.236
11/01/2025 12:03:40,28.66,100.237
11/01/2025 12:13:40,26.75,100.242
11/01/2025 12:23:40,24.67,100.254
11/01/2025 12:33:40,23.06,100.252
11/01/2025 12:43:40,21.65,100.253
11/01/2025 12:53:40,20.28,100.249
11/01/2025 13:03:40,19.28,100.275
11/01/2025 13:13:40,18.36,100.278
11/01/2025 13:23:40,18.06,100.289
11/01/2025 13:33:40,18.74,100.276
11/01/2025 13:43:40,19.63,100.319
11/01/2025 13:53:40,21.32,100.317
11/01/2025 14:03:40,23.50,100.357
11/01/2025 14:13:40,24.80,100.377
11/01/2025 14:23:40,25.22,100.383
11/01/2025 14:33:40,23.54,100.382
11/01/2025 14:43:40,21.06,100.386
11/01/2025 14:53:40,18.76,100.397
11/01/2025 15:03:40,16.94,100.415
11/01/2025 15:13:40,15.53,100.434
11/01/2025 15:23:40,14.46,100.438
11/01/2025 15:33:40,13.66,100.479
11/01/2025 15:43:40,13.03,100.508
11/01/2025 15:53:40,12.55,100.540
11/01/2025 16:03:40,12.10,100.524
11/01/2025 16:13:40,11.66,100.548
11/01/2025 16:23:40,11.27,100.581
11/01/2025 16:33:40,10.93,100.617
11/01/2025 16:43:40,10.62,100.620
11/01/2025 16:53:40,10.36,100.653
11/01/2025 17:03:40,10.14,100.653
11/01/2025 17:13:40,9.90,100.675
11/01/2025 17:23:40,9.58,100.720
11/01/2025 17:33:40,9.22,100.728
11/01/2025 17:43:40,8.86,100.748
11/01/2025 17:53:40,8.46,100.765
11/01/2025 18:03:40,8.03,100.805
11/01/2025 18:13:40,7.71,100.810
11/01/2025 18:23:40,7.52,100.861
11/01/2025 18:33:40,7.32,100.880
11/01/2025 18:43:40,7.05,100.902
11/01/2025 18:53:40,6.84,100.902
11/01/2025 19:03:40,6.67,100.906
11/01/2025 19:13:40,6.48,100.921
11/01/2025 19:23:40,6.23,100.940
11/01/2025 19:33:40,5.91,100.953
11/01/2025 19:43:40,5.61,100.954
11/01/2025 19:53:40,5.32,100.974
11/01/2025 20:03:40,5.09,100.985
11/01/2025 20:13:40,4.88,101.024
11/01/2025 20:23:40,4.62,101.033
11/01/2025 20:33:40,4.41,101.037
11/01/2025 20:43:40,4.21,101.042
11/01/2025 20:53:40,4.01,101.078
11/01/2025 21:03:40,3.93,101.084
11/01/2025 21:13:40,4.03,101.115
11/01/2025 21:23:40,4.23,101.132
11/01/2025 21:33:40,4.34,101.159
11/01/2025 21:43:40,4.38,101.171
11/01/2025 21:53:40,4.38,101.167
11/01/2025 22:03:40,4.32,101.184
11/01/2025 22:13:40,4.24,101.212
11/01/2025 22:23:40,4.24,101.234
11/01/2025 22:33:40,4.26,101.249
11/01/2025 22:43:40,4.26,101.262
11/01/2025 22:53:40,4.12,101.246
11/01/2025 23:03:40,3.83,101.278
11/01/2025 23:13:40,3.46,101.285
11/01/2025 23:23:40,3.10,101.306
11/01/2025 23:33:40,2.77,101.299
11/01/2025 23:43:40,2.46,101.324
11/01/2025 23:53:40,2.14,101.344
11/02/2025 00:03:40,1.83,101.334
11/02/2025 00:13:40,1.54,101.348
11/02/2025 00:23:40,1.27,101.371
11/02/2025 00:33:40,1.01,101.382
11/02/2025 00:43:40,0.76,101.417
11/02/2025 00:53:40,0.52,101.417
11/02/2025 01:03:40,0.33,101.430
11/02/2025 01:13:40,0.14,101.425
11/02/2025 01:23:40,-0.04,101.444
11/02/2025 01:33:40,-0.19,101.452
11/02/2025 01:43:40,-0.35,101.459
11/02/2025 01:53:40,-0.53,101.477
11/02/2025 01:03:40,-0.71,101.491
11/02/2025 01:13:40,-0.88,101.497
11/02/2025 01:23:40,-1.05,101.520
11/02/2025 01:33:40,-1.23,101.526
11/02/2025 01:43:40,-1.38,101.538
11/02/2025 01:53:40,-1.52,101.538
11/02/2025 02:03:40,-1.64,101.548
11/02/2025 02:13:40,-1.77,101.531
11/02/2025 02:23:40,-1.92,101.539
11/02/2025 02:33:40,-2.06,101.551
11/02/2025 02:43:40,-2.19,101.575
11/02/2025 02:53:40,-2.28,101.570
11/02/2025 03:03:40,-2.37,101.579
11/02/2025 03:13:40,-2.47,101.618
11/02/2025 03:23:40,-2.56,101.609
11/02/2025 03:33:40,-2.66,101.630
11/02/2025 03:43:40,-2.75,101.638
11/02/2025 03:53:40,-2.82,101.658
11/02/2025 04:03:40,-2.90,101.668
11/02/2025 04:13:40,-2.97,101.687
11/02/2025 04:23:40,-3.06,101.710
11/02/2025 04:33:40,-3.13,101.737
11/02/2025 04:43:40,-3.19,101.745
11/02/2025 04:53:40,-3.24,101.762
11/02/2025 05:03:40,-3.25,101.774
11/02/2025 05:13:40,-3.28,101.780
11/02/2025 05:23:40,-3.33,101.780
11/02/2025 05:33:40,-3.39,101.787
11/02/2025 05:43:40,-3.45,101.812
11/02/2025 05:53:40,-3.53,101.817
11/02/2025 06:03:40,-3.61,101.809
11/02/2025 06:13:40,-3.70,101.849
11/02/2025 06:23:40,-3.76,101.860
11/02/2025 06:33:40,-3.76,101.851
11/02/2025 06:43:40,-3.74,101.858
11/02/2025 06:53:40,-3.62,101.861
11/02/2025 07:03:40,-3.35,101.879
11/02/2025 07:13:40,-2.96,101.909
11/02/2025 07:23:40,-2.48,101.929
11/02/2025 07:33:40,-2.02,101.920
11/02/2025 07:43:40,-1.63,101.936
11/02/2025 07:53:40,-1.25,101.955
11/02/2025 08:03:40,-0.79,101.955
11/02/2025 08:13:40,-0.11,101.966
11/02/2025 08:23:40,1.07,101.961
11/02/2025 08:33:40,3.12,101.948
11/02/2025 08:43:40,5.81,101.912
11/02/2025 08:53:40,8.81,101.899
11/02/2025 09:03:40,11.95,101.891
11/02/2025 09:13:40,15.08,101.873
11/02/2025 09:23:40,17.75,101.874
11/02/2025 09:33:40,19.84,101.878
11/02/2025 09:43:40,21.98,101.882
11/02/2025 09:53:40,23.90,101.884
11/02/2025 10:03:40,24.77,101.889
11/02/2025 10:13:40,24.41,101.913
11/02/2025 10:23:40,23.72,101.914
11/02/2025 10:33:40,23.59,101.915
11/02/2025 10:43:40,24.41,101.877
11/02/2025 10:53:40,25.16,101.862
11/02/2025 11:03:40,25.22,101.856
11/02/2025 11:13:40,24.02,101.886
11/02/2025 11:23:40,22.08,101.834
11/02/2025 11:33:40,20.79,101.844
11/02/2025 11:43:40,19.77,101.824
11/02/2025 11:53:40,18.54,101.811
11/02/2025 12:03:40,17.51,101.796
11/02/2025 12:13:40,16.46,101.800
11/02/2025 12:23:40,16.14,101.791
11/02/2025 12:33:40,16.36,101.771
11/02/2025 12:43:40,16.86,101.743
11/02/2025 12:53:40,18.72,101.720
11/02/2025 13:03:40,21.32,101.730
11/02/2025 13:13:40,22.88,101.726
11/02/2025 13:23:40,23.65,101.731
11/02/2025 13:33:40,22.40,101.728
11/02/2025 13:43:40,20.07,101.705
11/02/2025 13:53:40,17.84,101.698
11/02/2025 14:03:40,16.00,101.715
11/02/2025 14:13:40,14.65,101.718
11/02/2025 14:23:40,13.61,101.740
11/02/2025 14:33:40,12.79,101.728
11/02/2025 14:43:40,12.17,101.740
11/02/2025 14:53:40,11.72,101.741
11/02/2025 15:03:40,11.37,101.745
11/02/2025 15:13:40,11.01,101.745
11/02/2025 15:23:40,10.65,101.765
11/02/2025 15:33:40,10.32,101.749
11/02/2025 15:43:40,10.04,101.771
11/02/2025 15:53:40,9.77,101.767
11/02/2025 16:03:40,9.40,101.773
11/02/2025 16:13:40,8.96,101.783
11/02/2025 16:23:40,8.49,101.789
11/02/2025 16:33:40,7.98,101.797
11/02/2025 16:43:40,7.44,101.792
11/02/2025 16:53:40,6.89,101.813
11/02/2025 17:03:40,6.36,101.817
11/02/2025 17:13:40,5.86,101.841
11/02/2025 17:23:40,5.39,101.863
11/02/2025 17:33:40,4.96,101.879
11/02/2025 17:43:40,4.57,101.952
11/02/2025 17:53:40,4.23,101.940
11/02/2025 18:03:40,3.93,101.936
11/02/2025 18:13:40,3.68,101.922
11/02/2025 18:23:40,3.43,101.931
11/02/2025 18:33:40,3.17,101.943
11/02/2025 18:43:40,2.91,101.973
11/02/2025 18:53:40,2.67,101.979
11/02/2025 19:03:40,2.46,102.000
11/02/2025 19:13:40,2.26,102.003
11/02/2025 19:23:40,2.05,102.007
11/02/2025 19:33:40,1.88,101.986
11/02/2025 19:43:40,1.71,101.966
11/02/2025 19:53:40,1.55,101.978
11/02/2025 20:03:40,1.38,101.985
11/02/2025 20:13:40,1.20,102.000
11/02/2025 20:23:40,1.04,101.985
11/02/2025 20:33:40,0.90,101.985
11/02/2025 20:43:40,0.77,101.991
11/02/2025 20:53:40,0.66,101.993
11/02/2025 21:03:40,0.55,102.001
11/02/2025 21:13:40,0.45,102.010
11/02/2025 21:23:40,0.37,102.020
11/02/2025 21:33:40,0.30,102.030
11/02/2025 21:43:40,0.22,102.010
11/02/2025 21:53:40,0.14,102.003
11/02/2025 22:03:40,0.06,102.000
11/02/2025 22:13:40,0.00,101.985
11/02/2025 22:23:40,-0.05,101.980
11/02/2025 22:33:40,-0.12,101.983
11/02/2025 22:43:40,-0.19,101.968
11/02/2025 22:53:40,-0.26,101.970
11/02/2025 23:03:40,-0.31,101.969
11/02/2025 23:13:40,-0.37,101.973
11/02/2025 23:23:40,-0.43,101.967
11/02/2025 23:33:40,-0.49,101.997
11/02/2025 23:43:40,-0.55,102.004
11/02/2025 23:53:40,-0.59,101.996
11/03/2025 00:03:40,-0.67,101.993
11/03/2025 00:13:40,-0.78,101.974
11/03/2025 00:23:40,-0.89,101.945
11/03/2025 00:33:40,-0.98,101.936
11/03/2025 00:43:40,-1.05,101.948
11/03/2025 00:53:40,-1.12,101.941
11/03/2025 01:03:40,-1.21,101.936
11/03/2025 01:13:40,-1.26,101.928
11/03/2025 01:23:40,-1.33,101.903
11/03/2025 01:33:40,-1.42,101.903
11/03/2025 01:43:40,-1.53,101.898
11/03/2025 01:53:40,-1.58,101.871
11/03/2025 02:03:40,-1.60,101.856
11/03/2025 02:13:40,-1.62,101.876
11/03/2025 02:23:40,-1.65,101.860
11/03/2025 02:33:40,-1.73,101.870
11/03/2025 02:43:40,-1.81,101.897
11/03/2025 02:53:40,-1.88,101.881
11/03/2025 03:03:40,-1.95,101.879
11/03/2025 03:13:40,-2.03,101.859
11/03/2025 03:23:40,-2.08,101.871
11/03/2025 03:33:40,-2.08,101.902
11/03/2025 03:43:40,-2.06,101.877
11/03/2025 03:53:40,-2.06,101.873
11/03/2025 04:03:40,-2.06,101.873
11/03/2025 04:13:40,-2.06,101.864
11/03/2025 04:23:40,-2.07,101.877
11/03/2025 04:33:40,-2.11,101.855
11/03/2025 04:43:40,-2.14,101.861
11/03/2025 04:53:40,-2.15,101.851
11/03/2025 05:03:40,-2.18,101.835
11/03/2025 05:13:40,-2.18,101.835
11/03/2025 05:23:40,-2.19,101.829
11/03/2025 05:33:40,-2.23,101.786
11/03/2025 05:43:40,-2.30,101.793
11/03/2025 05:53:40,-2.34,101.753
11/03/2025 06:03:40,-2.34,101.727
11/03/2025 06:13:40,-2.36,101.694
11/03/2025 06:23:40,-2.37,101.698
11/03/2025 06:33:40,-2.33,101.710
11/03/2025 06:43:40,-2.24,101.715
11/03/2025 06:53:40,-2.13,101.677
11/03/2025 07:03:40,-1.94,101.678
11/03/2025 07:13:40,-1.65,101.657
11/03/2025 07:23:40,-1.33,101.657
11/03/2025 07:33:40,-1.00,101.693
11/03/2025 07:43:40,-0.68,101.679
11/03/2025 07:53:40,-0.35,101.666
11/03/2025 08:03:40,0.06,101.687
11/03/2025 08:13:40,0.55,101.683
11/03/2025 08:23:40,0.99,101.689
11/03/2025 08:33:40,1.36,101.688
11/03/2025 08:43:40,1.74,101.696
11/03/2025 08:53:40,2.03,101.669
11/03/2025 09:03:40,2.31,101.629
11/03/2025 09:13:40,2.62,101.608
11/03/2025 09:23:40,3.08,101.609
11/03/2025 09:33:40,4.86,101.588
11/03/2025 09:43:40,7.10,101.569
11/03/2025 09:53:40,8.20,101.540
11/03/2025 10:03:40,8.71,101.546
11/03/2025 10:13:40,8.91,101.518
11/03/2025 10:23:40,9.06,101.498
11/03/2025 10:33:40,9.50,101.476
11/03/2025 10:43:40,10.10,101.448
11/03/2025 10:53:40,10.61,101.412
11/03/2025 11:03:40,11.05,101.393
11/03/2025 11:13:40,11.60,101.337
11/03/2025 11:23:40,12.04,101.282
11/03/2025 11:33:40,12.36,101.235
11/03/2025 11:43:40,12.70,101.198
11/03/2025 11:53:40,12.85,101.169
11/03/2025 12:03:40,12.87,101.131
11/03/2025 12:13:40,12.84,101.102
11/03/2025 12:23:40,12.80,101.059
11/03/2025 12:33:40,12.73,101.045
11/03/2025 12:43:40,12.51,101.020
11/03/2025 12:53:40,12.26,101.019
11/03/2025 13:03:40,12.05,100.994
11/03/2025 13:13:40,11.95,100.973
11/03/2025 13:23:40,11.96,100.966
11/03/2025 13:33:40,12.03,100.922
11/03/2025 13:43:40,12.22,100.883
11/03/2025 13:53:40,12.56,100.855
11/03/2025 14:03:40,13.06,100.812
11/03/2025 14:13:40,13.63,100.791
11/03/2025 14:23:40,14.19,100.770
11/03/2025 14:33:40,14.53,100.723
11/03/2025 14:43:40,14.64,100.722
11/03/2025 14:53:40,14.51,100.686
11/03/2025 15:03:40,14.29,100.662
11/03/2025 15:13:40,14.15,100.616
11/03/2025 15:23:40,14.16,100.590
11/03/2025 15:33:40,14.12,100.561
11/03/2025 15:43:40,13.99,100.538
11/03/2025 15:53:40,13.74,100.529
11/03/2025 16:03:40,13.42,100.492
11/03/2025 16:13:40,13.11,100.505
11/03/2025 16:23:40,12.81,100.487
11/03/2025 16:33:40,12.51,100.496
11/03/2025 16:43:40,12.21,100.510
11/03/2025 16:53:40,11.94,100.520
11/03/2025 17:03:40,11.71,100.512
11/03/2025 17:13:40,11.48,100.482
11/03/2025 17:23:40,11.28,100.484
11/03/2025 17:33:40,11.13,100.455
11/03/2025 17:43:40,11.01,100.455
11/03/2025 17:53:40,10.92,100.435
11/03/2025 18:03:40,10.87,100.418
11/03/2025 18:13:40,10.84,100.402
11/03/2025 18:23:40,10.78,100.371
11/03/2025 18:33:40,10.62,100.385
11/03/2025 18:43:40,10.44,100.385
11/03/2025 18:53:40,10.30,100.400
11/03/2025 19:03:40,10.11,100.332
11/03/2025 19:13:40,9.90,100.330
11/03/2025 19:23:40,9.69,100.317
11/03/2025 19:33:40,9.49,100.293
11/03/2025 19:43:40,9.31,100.292
11/03/2025 19:53:40,9.17,100.273
11/03/2025 20:03:40,9.08,100.257
11/03/2025 20:13:40,9.03,100.292
11/03/2025 20:23:40,8.82,100.368
11/03/2025 20:33:40,8.28,100.352
11/03/2025 20:43:40,7.82,100.337
11/03/2025 20:53:40,7.47,100.326
11/03/2025 21:03:40,7.19,100.285
11/03/2025 21:13:40,6.97,100.294
11/03/2025 21:23:40,6.82,100.273
11/03/2025 21:33:40,6.69,100.258
11/03/2025 21:43:40,6.57,100.248
11/03/2025 21:53:40,6.46,100.217
11/03/2025 22:03:40,6.24,100.203
11/03/2025 22:13:40,5.90,100.214
11/03/2025 22:23:40,5.69,100.219
11/03/2025 22:33:40,5.70,100.294
11/03/2025 22:43:40,5.84,100.253
11/03/2025 22:53:40,5.87,100.239
11/03/2025 23:03:40,5.73,100.275
11/03/2025 23:13:40,5.59,100.254
11/03/2025 23:23:40,5.37,100.236
11/03/2025 23:33:40,5.09,100.234
11/03/2025 23:43:40,4.83,100.221
11/03/2025 23:53:40,4.72,100.242
11/04/2025 00:03:40,4.66,100.238
11/04/2025 00:13:40,4.55,100.228
11/04/2025 00:23:40,4.42,100.230
11/04/2025 00:33:40,4.35,100.215
11/04/2025 00:43:40,4.28,100.218
11/04/2025 00:53:40,4.11,100.226
11/04/2025 01:03:40,3.92,100.222
11/04/2025 01:13:40,3.74,100.224
11/04/2025 01:23:40,3.63,100.237
11/04/2025 01:33:40,3.67,100.240
11/04/2025 01:43:40,3.80,100.260
11/04/2025 01:53:40,3.93,100.245
11/04/2025 02:03:40,4.02,100.235
11/04/2025 02:13:40,4.09,100.236
11/04/2025 02:23:40,4.14,100.237
11/04/2025 02:33:40,4.17,100.261
11/04/2025 02:43:40,4.15,100.269
11/04/2025 02:53:40,4.08,100.271
11/04/2025 03:03:40,4.03,100.262
11/04/2025 03:13:40,4.09,100.290
11/04/2025 03:23:40,4.24,100.302
11/04/2025 03:33:40,4.44,100.298
11/04/2025 03:43:40,4.57,100.291
11/04/2025 03:53:40,4.61,100.308
11/04/2025 04:03:40,4.57,100.327
11/04/2025 04:13:40,4.65,100.338
11/04/2025 04:23:40,4.70,100.342
11/04/2025 04:33:40,4.80,100.360
11/04/2025 04:43:40,4.99,100.384
11/04/2025 04:53:40,5.15,100.421
11/04/2025 05:03:40,5.31,100.425
11/04/2025 05:13:40,5.44,100.458
11/04/2025 05:23:40,5.53,100.462
11/04/2025 05:33:40,5.66,100.454
11/04/2025 05:43:40,5.76,100.468
11/04/2025 05:53:40,5.80,100.480
11/04/2025 06:03:40,5.77,100.473
11/04/2025 06:13:40,5.75,100.502
11/04/2025 06:23:40,5.78,100.509
11/04/2025 06:33:40,5.85,100.550
11/04/2025 06:43:40,5.90,100.541
11/04/2025 06:53:40,5.95,100.576
11/04/2025 07:03:40,6.00,100.598
11/04/2025 07:13:40,6.10,100.615
11/04/2025 07:23:40,6.25,100.645
11/04/2025 07:33:40,6.44,100.670
11/04/2025 07:43:40,6.64,100.683
11/04/2025 07:53:40,6.88,100.702
11/04/2025 08:03:40,7.20,100.728
11/04/2025 08:13:40,7.71,100.739
11/04/2025 08:23:40,8.61,100.754
11/04/2025 08:33:40,10.20,100.755
11/04/2025 08:43:40,12.28,100.750
11/04/2025 08:53:40,14.67,100.720
11/04/2025 09:03:40,16.95,100.713
11/04/2025 09:13:40,18.96,100.695
11/04/2025 09:23:40,20.58,100.709
11/04/2025 09:33:40,21.97,100.726
11/04/2025 09:43:40,23.40,100.726
11/04/2025 09:53:40,23.85,100.730
11/04/2025 10:03:40,24.28,100.750
11/04/2025 10:13:40,25.22,100.753
11/04/2025 10:23:40,25.74,100.786
11/04/2025 10:33:40,25.60,100.774
11/04/2025 10:43:40,26.22,100.803
11/04/2025 10:53:40,25.82,100.809
11/04/2025 11:03:40,24.49,100.788
11/04/2025 11:13:40,23.27,100.790
11/04/2025 11:23:40,21.58,100.774
11/04/2025 11:33:40,20.11,100.799
11/04/2025 11:43:40,18.87,100.796
11/04/2025 11:53:40,18.23,100.808
11/04/2025 12:03:40,17.46,100.774
11/04/2025 12:13:40,16.94,100.788
11/04/2025 12:23:40,16.63,100.780
11/04/2025 12:33:40,16.09,100.784
11/04/2025 12:43:40,15.77,100.775
11/04/2025 12:53:40,15.66,100.762
11/04/2025 13:03:40,16.03,100.761
11/04/2025 13:13:40,17.22,100.767
11/04/2025 13:23:40,18.13,100.743
11/04/2025 13:33:40,17.58,100.760
11/04/2025 13:43:40,16.63,100.771
11/04/2025 13:53:40,15.89,100.748
11/04/2025 14:03:40,15.36,100.737
11/04/2025 14:13:40,14.74,100.752
11/04/2025 14:23:40,14.07,100.748
11/04/2025 14:33:40,13.43,100.764
11/04/2025 14:43:40,12.99,100.758
11/04/2025 14:53:40,12.63,100.767
11/04/2025 15:03:40,12.23,100.773
11/04/2025 15:13:40,11.91,100.762
11/04/2025 15:23:40,11.73,100.780
11/04/2025 15:33:40,11.65,100.783
11/04/2025 15:43:40,11.55,100.792
11/04/2025 15:53:40,11.42,100.801
11/04/2025 16:03:40,11.14,100.837
11/04/2025 16:13:40,10.63,100.873
11/04/2025 16:23:40,10.15,100.876
11/04/2025 16:33:40,9.71,100.894
11/04/2025 16:43:40,9.34,100.918
11/04/2025 16:53:40,8.87,100.948
11/04/2025 17:03:40,8.31,100.952
11/04/2025 17:13:40,7.79,100.993
11/04/2025 17:23:40,7.35,101.024
11/04/2025 17:33:40,6.93,101.033
11/04/2025 17:43:40,6.50,101.038
11/04/2025 17:53:40,6.22,101.063
11/04/2025 18:03:40,6.01,101.076
11/04/2025 18:13:40,5.77,101.092
11/04/2025 18:23:40,5.50,101.099
11/04/2025 18:33:40,5.23,101.108
11/04/2025 18:43:40,5.01,101.133
11/04/2025 18:53:40,4.84,101.123
11/04/2025 19:03:40,4.71,101.155
11/04/2025 19:13:40,4.60,101.159
11/04/2025 19:23:40,4.52,101.192
11/04/2025 19:33:40,4.41,101.205
11/04/2025 19:43:40,4.26,101.218
11/04/2025 19:53:40,4.09,101.225
11/04/2025 20:03:40,3.91,101.218
11/04/2025 20:13:40,3.71,101.215
11/04/2025 20:23:40,3.51,101.206
11/04/2025 20:33:40,3.32,101.211
11/04/2025 20:43:40,3.13,101.225
11/04/2025 20:53:40,2.93,101.216
11/04/2025 21:03:40,2.76,101.236
11/04/2025 21:13:40,2.60,101.244
11/04/2025 21:23:40,2.46,101.240
11/04/2025 21:33:40,2.33,101.242
11/04/2025 21:43:40,2.22,101.241
11/04/2025 21:53:40,2.12,101.259
11/04/2025 22:03:40,2.05,101.265
11/04/2025 22:13:40,1.99,101.273
11/04/2025 22:23:40,1.92,101.276
11/04/2025 22:33:40,1.83,101.294
11/04/2025 22:43:40,1.72,101.311
11/04/2025 22:53:40,1.61,101.309
11/04/2025 23:03:40,1.53,101.311
11/04/2025 23:13:40,1.48,101.329
11/04/2025 23:23:40,1.47,101.306
11/04/2025 23:33:40,1.44,101.311
11/04/2025 23:43:40,1.36,101.331
11/04/2025 23:53:40,1.27,101.322
11/05/2025 00:03:40,1.12,101.318
11/05/2025 00:13:40,0.94,101.319
11/05/2025 00:23:40,0.76,101.324
11/05/2025 00:33:40,0.63,101.330
11/05/2025 00:43:40,0.55,101.327
11/05/2025 00:53:40,0.45,101.327
11/05/2025 01:03:40,0.29,101.338
11/05/2025 01:13:40,0.10,101.325
11/05/2025 01:23:40,-0.11,101.332
11/05/2025 01:33:40,-0.32,101.326
11/05/2025 01:43:40,-0.44,101.318
11/05/2025 01:53:40,-0.54,101.326
11/05/2025 02:03:40,-0.67,101.336
11/05/2025 02:13:40,-0.82,101.340
11/05/2025 02:23:40,-0.96,101.339
11/05/2025 02:33:40,-1.12,101.343
11/05/2025 02:43:40,-1.26,101.321
11/05/2025 02:53:40,-1.37,101.314
11/05/2025 03:03:40,-1.46,101.328
11/05/2025 03:13:40,-1.54,101.315
11/05/2025 03:23:40,-1.63,101.334
11/05/2025 03:33:40,-1.72,101.311
11/05/2025 03:43:40,-1.81,101.342
11/05/2025 03:53:40,-1.88,101.318
11/05/2025 04:03:40,-1.94,101.339
11/05/2025 04:13:40,-1.94,101.352
11/05/2025 04:23:40,-1.87,101.368
11/05/2025 04:33:40,-1.83,101.393
11/05/2025 04:43:40,-1.81,101.387
11/05/2025 04:53:40,-1.78,101.376
11/05/2025 05:03:40,-1.75,101.353
11/05/2025 05:13:40,-1.73,101.355
11/05/2025 05:23:40,-1.72,101.369
11/05/2025 05:33:40,-1.66,101.352
11/05/2025 05:43:40,-1.56,101.336
11/05/2025 05:53:40,-1.42,101.314
11/05/2025 06:03:40,-1.24,101.322
11/05/2025 06:13:40,-1.06,101.334
11/05/2025 06:23:40,-0.87,101.313
11/05/2025 06:33:40,-0.66,101.316
11/05/2025 06:43:40,-0.44,101.292
11/05/2025 06:53:40,-0.22,101.300
11/05/2025 07:03:40,-0.02,101.318
11/05/2025 07:13:40,0.21,101.313
11/05/2025 07:23:40,0.48,101.311
11/05/2025 07:33:40,0.86,101.329
11/05/2025 07:43:40,1.33,101.350
11/05/2025 07:53:40,1.85,101.322
11/05/2025 08:03:40,2.41,101.298
11/05/2025 08:13:40,3.05,101.262
11/05/2025 08:23:40,3.69,101.244
11/05/2025 08:33:40,4.22,101.228
11/05/2025 08:43:40,4.67,101.236
11/05/2025 08:53:40,5.27,101.221
11/05/2025 09:03:40,6.10,101.181
11/05/2025 09:13:40,6.89,101.123
11/05/2025 09:23:40,7.40,101.077
11/05/2025 09:33:40,7.77,101.054
11/05/2025 09:43:40,8.14,101.022
11/05/2025 09:53:40,8.37,101.036
11/05/2025 10:03:40,8.68,101.026
11/05/2025 10:13:40,9.16,101.010
11/05/2025 10:23:40,9.68,100.998
11/05/2025 10:33:40,10.05,100.965
11/05/2025 10:43:40,10.26,100.946
11/05/2025 10:53:40,10.54,100.906
11/05/2025 11:03:40,11.05,100.852
11/05/2025 11:13:40,11.61,100.797
11/05/2025 11:23:40,12.04,100.781
11/05/2025 11:33:40,12.37,100.735
11/05/2025 11:43:40,12.61,100.703
11/05/2025 11:53:40,13.18,100.657
11/05/2025 12:03:40,14.19,100.588
11/05/2025 12:13:40,15.14,100.540
11/05/2025 12:23:40,15.77,100.495
11/05/2025 12:33:40,15.89,100.459
11/05/2025 12:43:40,15.72,100.412
11/05/2025 12:53:40,15.58,100.371
11/05/2025 13:03:40,15.47,100.318
11/05/2025 13:13:40,15.28,100.292
11/05/2025 13:23:40,15.10,100.275
11/05/2025 13:33:40,15.06,100.223
11/05/2025 13:43:40,14.93,100.188
11/05/2025 13:53:40,14.88,100.158
11/05/2025 14:03:40,14.78,100.124
11/05/2025 14:13:40,14.64,100.061
11/05/2025 14:23:40,14.48,100.018
11/05/2025 14:33:40,14.29,99.983
11/05/2025 14:43:40,14.13,99.975
11/05/2025 14:53:40,13.99,99.921
11/05/2025 15:03:40,13.87,99.890
11/05/2025 15:13:40,13.74,99.850
11/05/2025 15:23:40,13.60,99.840
11/05/2025 15:33:40,13.49,99.815
11/05/2025 15:43:40,13.40,99.795
11/05/2025 15:53:40,13.32,99.753
11/05/2025 16:03:40,13.22,99.710
11/05/2025 16:13:40,13.09,99.706
11/05/2025 16:23:40,12.95,99.691
11/05/2025 16:33:40,12.79,99.684
11/05/2025 16:43:40,12.60,99.666
11/05/2025 16:53:40,12.42,99.643
11/05/2025 17:03:40,12.28,99.615
11/05/2025 17:13:40,12.17,99.598
11/05/2025 17:23:40,12.09,99.566
11/05/2025 17:33:40,11.95,99.551
11/05/2025 17:43:40,11.81,99.527
11/05/2025 17:53:40,11.73,99.521
11/05/2025 18:03:40,11.67,99.490
11/05/2025 18:13:40,11.64,99.461
11/05/2025 18:23:40,11.65,99.440
11/05/2025 18:33:40,11.66,99.436
11/05/2025 18:43:40,11.65,99.427
11/05/2025 18:53:40,11.55,99.402
11/05/2025 19:03:40,11.42,99.387
11/05/2025 19:13:40,11.36,99.387
11/05/2025 19:23:40,11.34,99.363
11/05/2025 19:33:40,11.35,99.351
11/05/2025 19:43:40,11.32,99.322
11/05/2025 19:53:40,11.22,99.324
11/05/2025 20:03:40,11.12,99.285
11/05/2025 20:13:40,11.06,99.258
11/05/2025 20:23:40,11.01,99.237
11/05/2025 20:33:40,10.98,99.234
11/05/2025 20:43:40,10.91,99.243
11/05/2025 20:53:40,10.78,99.237
11/05/2025 21:03:40,10.58,99.257
11/05/2025 21:13:40,10.37,99.277
11/05/2025 21:23:40,10.16,99.269
11/05/2025 21:33:40,9.91,99.250
11/05/2025 21:43:40,9.65,99.265
11/05/2025 21:53:40,9.41,99.265
11/05/2025 22:03:40,9.20,99.226
11/05/2025 22:13:40,9.03,99.248
11/05/2025 22:23:40,8.90,99.274
11/05/2025 22:33:40,8.83,99.370
11/05/2025 22:43:40,8.80,99.363
11/05/2025 22:53:40,8.75,99.350
11/05/2025 23:03:40,8.67,99.335
11/05/2025 23:13:40,8.57,99.323
11/05/2025 23:23:40,8.50,99.277
11/05/2025 23:33:40,8.41,99.301
11/05/2025 23:43:40,8.19,99.310
11/05/2025 23:53:40,7.89,99.308
11/06/2025 00:03:40,7.56,99.343
11/06/2025 00:13:40,7.32,99.372
11/06/2025 00:23:40,7.14,99.402
11/06/2025 00:33:40,7.01,99.400
11/06/2025 00:43:40,6.90,99.409
11/06/2025 00:53:40,6.79,99.453
11/06/2025 01:03:40,6.70,99.490
11/06/2025 01:13:40,6.75,99.542
11/06/2025 01:23:40,6.91,99.587
11/06/2025 01:33:40,7.01,99.625
11/06/2025 01:43:40,7.02,99.715
11/06/2025 01:53:40,7.00,99.753
11/06/2025 02:03:40,7.01,99.798
11/06/2025 02:13:40,6.99,99.832
11/06/2025 02:23:40,6.93,99.844
11/06/2025 02:33:40,6.88,99.889
11/06/2025 02:43:40,6.84,99.908
11/06/2025 02:53:40,6.74,99.935
11/06/2025 03:03:40,6.62,99.956
11/06/2025 03:13:40,6.51,99.982
11/06/2025 03:23:40,6.37,100.001
11/06/2025 03:33:40,6.29,100.008
11/06/2025 03:43:40,6.27,100.029
11/06/2025 03:53:40,6.29,100.053
11/06/2025 04:03:40,6.34,100.087
11/06/2025 04:13:40,6.35,100.106
11/06/2025 04:23:40,6.34,100.141
11/06/2025 04:33:40,6.32,100.170
11/06/2025 04:43:40,6.29,100.194
11/06/2025 04:53:40,6.24,100.247
11/06/2025 05:03:40,6.16,100.258
11/06/2025 05:13:40,5.95,100.272
11/06/2025 05:23:40,5.67,100.283
11/06/2025 05:33:40,5.45,100.318
11/06/2025 05:43:40,5.28,100.330
11/06/2025 05:53:40,5.06,100.333
11/06/2025 06:03:40,4.72,100.366
11/06/2025 06:13:40,4.29,100.386
11/06/2025 06:23:40,3.82,100.412
11/06/2025 06:33:40,3.34,100.440
11/06/2025 06:43:40,2.95,100.482
11/06/2025 06:53:40,2.79,100.494
11/06/2025 07:03:40,2.71,100.513
11/06/2025 07:13:40,2.69,100.507
11/06/2025 07:23:40,2.74,100.533
11/06/2025 07:33:40,2.93,100.550
11/06/2025 07:43:40,3.44,100.568
11/06/2025 07:53:40,4.20,100.560
11/06/2025 08:03:40,5.07,100.568
11/06/2025 08:13:40,6.00,100.589
11/06/2025 08:23:40,7.33,100.598
11/06/2025 08:33:40,9.03,100.593
11/06/2025 08:43:40,11.05,100.595
11/06/2025 08:53:40,13.24,100.594
11/06/2025 09:03:40,15.22,100.599
11/06/2025 09:13:40,17.31,100.600
11/06/2025 09:23:40,18.09,100.616
11/06/2025 09:33:40,16.93,100.663
11/06/2025 09:43:40,15.69,100.676
11/06/2025 09:53:40,16.05,100.679
11/06/2025 10:03:40,18.01,100.664
11/06/2025 10:13:40,18.48,100.682
11/06/2025 10:23:40,17.89,100.718
11/06/2025 10:33:40,17.26,100.730
11/06/2025 10:43:40,16.85,100.737
11/06/2025 10:53:40,15.85,100.731
11/06/2025 11:03:40,15.55,100.715
11/06/2025 11:13:40,15.91,100.705
11/06/2025 11:23:40,15.93,100.719
11/06/2025 11:33:40,15.28,100.719
11/06/2025 11:43:40,14.27,100.731
11/06/2025 11:53:40,13.36,100.728
11/06/2025 12:03:40,12.95,100.724
11/06/2025 12:13:40,13.22,100.717
11/06/2025 12:23:40,13.88,100.703
11/06/2025 12:33:40,14.90,100.718
11/06/2025 12:43:40,16.52,100.711
11/06/2025 12:53:40,18.63,100.700
11/06/2025 13:03:40,20.32,100.697
11/06/2025 13:13:40,21.16,100.717
11/06/2025 13:23:40,20.18,100.742
11/06/2025 13:33:40,18.19,100.791
11/06/2025 13:43:40,16.34,100.801
11/06/2025 13:53:40,14.98,100.835
11/06/2025 14:03:40,13.71,100.842
11/06/2025 14:13:40,12.57,100.851
11/06/2025 14:23:40,11.93,100.861
11/06/2025 14:33:40,11.63,100.879
11/06/2025 14:43:40,11.30,100.884
11/06/2025 14:53:40,10.96,100.916
11/06/2025 15:03:40,10.63,100.944
11/06/2025 15:13:40,10.47,100.971
11/06/2025 15:23:40,10.36,100.972
11/06/2025 15:33:40,10.16,101.005
11/06/2025 15:43:40,9.88,101.005
11/06/2025 15:53:40,9.53,101.009
11/06/2025 16:03:40,9.07,101.012
11/06/2025 16:13:40,8.56,101.042
11/06/2025 16:23:40,8.07,101.078
11/06/2025 16:33:40,7.63,101.135
11/06/2025 16:43:40,7.26,101.136
11/06/2025 16:53:40,6.99,101.145
11/06/2025 17:03:40,6.77,101.158
11/06/2025 17:13:40,6.61,101.170
11/06/2025 17:23:40,6.42,101.203
11/06/2025 17:33:40,6.24,101.215
11/06/2025 17:43:40,6.02,101.219
11/06/2025 17:53:40,5.72,101.241
11/06/2025 18:03:40,5.36,101.242
11/06/2025 18:13:40,4.98,101.240
11/06/2025 18:23:40,4.57,101.263
11/06/2025 18:33:40,4.22,101.272
11/06/2025 18:43:40,3.91,101.280
11/06/2025 18:53:40,3.66,101.294
11/06/2025 19:03:40,3.53,101.322
11/06/2025 19:13:40,3.41,101.333
11/06/2025 19:23:40,3.17,101.365
11/06/2025 19:33:40,2.86,101.377
11/06/2025 19:43:40,2.55,101.381
11/06/2025 19:53:40,2.25,101.398
11/06/2025 20:03:40,1.99,101.388
11/06/2025 20:13:40,1.78,101.386
11/06/2025 20:23:40,1.56,101.411
11/06/2025 20:33:40,1.30,101.422
11/06/2025 20:43:40,1.02,101.432
11/06/2025 20:53:40,0.75,101.424
11/06/2025 21:03:40,0.48,101.453
11/06/2025 21:13:40,0.26,101.445
11/06/2025 21:23:40,0.05,101.461
11/06/2025 21:33:40,-0.11,101.464
11/06/2025 21:43:40,-0.24,101.452
11/06/2025 21:53:40,-0.33,101.452
11/06/2025 22:03:40,-0.46,101.453
11/06/2025 22:13:40,-0.62,101.451
11/06/2025 22:23:40,-0.83,101.454
11/06/2025 22:33:40,-1.04,101.451
11/06/2025 22:43:40,-1.26,101.447
11/06/2025 22:53:40,-1.47,101.419
11/06/2025 23:03:40,-1.66,101.406
11/06/2025 23:13:40,-1.83,101.419
11/06/2025 23:23:40,-2.01,101.429
11/06/2025 23:33:40,-2.17,101.445
11/06/2025 23:43:40,-2.31,101.422
11/06/2025 23:53:40,-2.46,101.442
11/07/2025 00:03:40,-2.61,101.415
11/07/2025 00:13:40,-2.74,101.410
11/07/2025 00:23:40,-2.86,101.426
11/07/2025 00:33:40,-2.95,101.435
11/07/2025 00:43:40,-3.04,101.426
11/07/2025 00:53:40,-3.11,101.432
11/07/2025 01:03:40,-3.20,101.423
11/07/2025 01:13:40,-3.27,101.408
11/07/2025 01:23:40,-3.29,101.436
11/07/2025 01:33:40,-3.33,101.406
11/07/2025 01:43:40,-3.39,101.422
11/07/2025 01:53:40,-3.46,101.416
11/07/2025 02:03:40,-3.52,101.423
11/07/2025 02:13:40,-3.60,101.415
11/07/2025 02:23:40,-3.66,101.409
11/07/2025 02:33:40,-3.73,101.402
11/07/2025 02:43:40,-3.80,101.412
11/07/2025 02:53:40,-3.87,101.414
11/07/2025 03:03:40,-3.91,101.384
11/07/2025 03:13:40,-3.95,101.371
11/07/2025 03:23:40,-3.98,101.373
11/07/2025 03:33:40,-4.00,101.379
11/07/2025 03:43:40,-3.98,101.398
11/07/2025 03:53:40,-3.95,101.388
11/07/2025 04:03:40,-3.93,101.368
11/07/2025 04:13:40,-3.91,101.358
11/07/2025 04:23:40,-3.84,101.333
11/07/2025 04:33:40,-3.72,101.341
11/07/2025 04:43:40,-3.58,101.351
11/07/2025 04:53:40,-3.43,101.370
11/07/2025 05:03:40,-3.27,101.390
11/07/2025 05:13:40,-3.13,101.372
11/07/2025 05:23:40,-3.07,101.370
11/07/2025 05:33:40,-3.07,101.378
11/07/2025 05:43:40,-3.10,101.358
11/07/2025 05:53:40,-3.10,101.345
11/07/2025 06:03:40,-3.14,101.328
11/07/2025 06:13:40,-3.24,101.349
11/07/2025 06:23:40,-3.35,101.386
11/07/2025 06:33:40,-3.48,101.383
11/07/2025 06:43:40,-3.58,101.390
11/07/2025 06:53:40,-3.58,101.390
11/07/2025 07:03:40,-3.45,101.395
11/07/2025 07:13:40,-3.25,101.405
11/07/2025 07:23:40,-3.03,101.418
11/07/2025 07:33:40,-2.80,101.387
11/07/2025 07:43:40,-2.45,101.391
11/07/2025 07:53:40,-1.95,101.373
11/07/2025 08:03:40,-1.34,101.374
11/07/2025 08:13:40,-0.44,101.358
11/07/2025 08:23:40,0.85,101.333
11/07/2025 08:33:40,2.24,101.336
11/07/2025 08:43:40,3.47,101.343
11/07/2025 08:53:40,4.86,101.328
11/07/2025 09:03:40,6.44,101.267
11/07/2025 09:13:40,7.76,101.252
11/07/2025 09:23:40,8.47,101.230
11/07/2025 09:33:40,8.95,101.206
11/07/2025 09:43:40,9.17,101.206
11/07/2025 09:53:40,9.88,101.178
11/07/2025 10:03:40,11.31,101.151
11/07/2025 10:13:40,12.94,101.105
11/07/2025 10:23:40,14.18,101.093
11/07/2025 10:33:40,15.13,101.068
11/07/2025 10:43:40,16.17,101.034
11/07/2025 10:53:40,16.27,101.040
11/07/2025 11:03:40,16.18,101.012
11/07/2025 11:13:40,15.49,101.004
11/07/2025 11:23:40,14.78,100.936
11/07/2025 11:33:40,14.23,100.950
11/07/2025 11:43:40,13.79,100.914
11/07/2025 11:53:40,13.65,100.864
11/07/2025 12:03:40,13.44,100.826
11/07/2025 12:13:40,13.42,100.785
11/07/2025 12:23:40,13.68,100.746
11/07/2025 12:33:40,14.02,100.718
11/07/2025 12:43:40,14.43,100.659
11/07/2025 12:53:40,14.51,100.624
11/07/2025 13:03:40,14.08,100.629
11/07/2025 13:13:40,13.66,100.594
11/07/2025 13:23:40,13.33,100.566
11/07/2025 13:33:40,13.25,100.511
11/07/2025 13:43:40,13.40,100.473
11/07/2025 13:53:40,13.56,100.462
11/07/2025 14:03:40,13.61,100.444
11/07/2025 14:13:40,13.53,100.421
11/07/2025 14:23:40,13.32,100.383
11/07/2025 14:33:40,13.16,100.358
11/07/2025 14:43:40,12.99,100.333
11/07/2025 14:53:40,12.75,100.319
11/07/2025 15:03:40,12.46,100.276
11/07/2025 15:13:40,12.16,100.254
11/07/2025 15:23:40,11.90,100.252
11/07/2025 15:33:40,11.67,100.243
11/07/2025 15:43:40,11.46,100.237
11/07/2025 15:53:40,11.31,100.221
11/07/2025 16:03:40,11.26,100.203
11/07/2025 16:13:40,11.25,100.176
11/07/2025 16:23:40,11.29,100.144
11/07/2025 16:33:40,11.33,100.120
11/07/2025 16:43:40,11.36,100.145
11/07/2025 16:53:40,11.40,100.130
11/07/2025 17:03:40,11.42,100.109
11/07/2025 17:13:40,11.41,100.065
11/07/2025 17:23:40,11.37,100.057
11/07/2025 17:33:40,11.27,100.023
11/07/2025 17:43:40,11.16,100.028
11/07/2025 17:53:40,11.05,100.006
11/07/2025 18:03:40,10.93,100.015
11/07/2025 18:13:40,10.93,99.979
11/07/2025 18:23:40,11.00,99.989
11/07/2025 18:33:40,11.10,100.005
11/07/2025 18:43:40,11.19,99.986
11/07/2025 18:53:40,11.18,99.967
11/07/2025 19:03:40,10.92,100.036
11/07/2025 19:13:40,10.65,100.056
11/07/2025 19:23:40,10.51,100.031
11/07/2025 19:33:40,10.42,100.007
11/07/2025 19:43:40,10.33,99.964
11/07/2025 19:53:40,10.24,99.936
11/07/2025 20:03:40,10.22,99.933
11/07/2025 20:13:40,10.22,99.912
11/07/2025 20:23:40,10.21,99.947
11/07/2025 20:33:40,10.19,99.901
11/07/2025 20:43:40,10.20,99.906
11/07/2025 20:53:40,10.22,99.920
11/07/2025 21:03:40,10.22,99.938
11/07/2025 21:13:40,10.22,99.938
11/07/2025 21:23:40,10.22,99.894
11/07/2025 21:33:40,10.23,99.890
11/07/2025 21:43:40,10.24,99.873
11/07/2025 21:53:40,10.22,99.845
11/07/2025 22:03:40,10.20,99.874
11/07/2025 22:13:40,10.19,99.856
11/07/2025 22:23:40,10.22,99.854
11/07/2025 22:33:40,10.26,99.861
11/07/2025 22:43:40,10.29,99.846
11/07/2025 22:53:40,10.33,99.858
11/07/2025 23:03:40,10.37,99.839
11/07/2025 23:13:40,10.39,99.796
11/07/2025 23:23:40,10.42,99.798
11/07/2025 23:33:40,10.43,99.799
11/07/2025 23:43:40,10.43,99.795
11/07/2025 23:53:40,10.41,99.802
11/08/2025 00:03:40,10.38,99.818
11/08/2025 00:13:40,10.35,99.811
11/08/2025 00:23:40,10.32,99.795
11/08/2025 00:33:40,10.25,99.759
11/08/2025 00:43:40,10.17,99.753
11/08/2025 00:53:40,10.11,99.788
11/08/2025 01:03:40,10.07,99.754
11/08/2025 01:13:40,10.04,99.747
11/08/2025 01:23:40,10.02,99.746
11/08/2025 01:33:40,9.99,99.752
11/08/2025 01:43:40,9.96,99.750
11/08/2025 01:53:40,9.94,99.757
11/08/2025 02:03:40,9.92,99.733
11/08/2025 02:13:40,9.89,99.749
11/08/2025 02:23:40,9.86,99.720
11/08/2025 02:33:40,9.82,99.730
11/08/2025 02:43:40,9.76,99.735
11/08/2025 02:53:40,9.70,99.716
11/08/2025 03:03:40,9.63,99.706
11/08/2025 03:13:40,9.55,99.700
11/08/2025 03:23:40,9.49,99.700
11/08/2025 03:33:40,9.46,99.689
11/08/2025 03:43:40,9.45,99.688
11/08/2025 03:53:40,9.45,99.675
11/08/2025 04:03:40,9.47,99.685
11/08/2025 04:13:40,9.49,99.673
11/08/2025 04:23:40,9.50,99.678
11/08/2025 04:33:40,9.48,99.673
11/08/2025 04:43:40,9.45,99.688
11/08/2025 04:53:40,9.40,99.680
11/08/2025 05:03:40,9.35,99.707
11/08/2025 05:13:40,9.32,99.713
11/08/2025 05:23:40,9.29,99.724
11/08/2025 05:33:40,9.27,99.727
11/08/2025 05:43:40,9.25,99.717
11/08/2025 05:53:40,9.22,99.746
11/08/2025 06:03:40,9.10,99.754
11/08/2025 06:13:40,8.89,99.773
11/08/2025 06:23:40,8.61,99.759
11/08/2025 06:33:40,8.38,99.776
11/08/2025 06:43:40,8.21,99.780
11/08/2025 06:53:40,8.14,99.784
11/08/2025 07:03:40,8.08,99.770
11/08/2025 07:13:40,8.11,99.754
11/08/2025 07:23:40,8.20,99.801
11/08/2025 07:33:40,8.34,99.791
11/08/2025 07:43:40,8.56,99.826
11/08/2025 07:53:40,8.81,99.833
11/08/2025 08:03:40,9.05,99.869
11/08/2025 08:13:40,9.28,99.861
11/08/2025 08:23:40,9.59,99.885
11/08/2025 08:33:40,10.02,99.896
11/08/2025 08:43:40,10.53,99.900
11/08/2025 08:53:40,11.42,99.901
11/08/2025 09:03:40,12.20,99.946
11/08/2025 09:13:40,12.50,99.964
11/08/2025 09:23:40,13.51,99.949
11/08/2025 09:33:40,15.18,99.952
11/08/2025 09:43:40,15.84,99.936
11/08/2025 09:53:40,15.83,99.940
11/08/2025 10:03:40,16.34,99.943
11/08/2025 10:13:40,19.40,99.895
11/08/2025 10:23:40,22.39,99.913
11/08/2025 10:33:40,24.77,99.912
11/08/2025 10:43:40,26.18,99.921
11/08/2025 10:53:40,25.16,99.933
11/08/2025 11:03:40,24.05,99.929
11/08/2025 11:13:40,23.64,99.928
11/08/2025 11:23:40,22.86,99.928
11/08/2025 11:33:40,21.51,99.941
11/08/2025 11:43:40,20.60,99.921
11/08/2025 11:53:40,20.35,99.946
11/08/2025 12:03:40,20.11,99.940
11/08/2025 12:13:40,20.04,99.927
11/08/2025 12:23:40,20.39,99.949
11/08/2025 12:33:40,21.21,99.954
11/08/2025 12:43:40,21.47,99.952
11/08/2025 12:53:40,21.64,99.980
11/08/2025 13:03:40,23.10,99.986
11/08/2025 13:13:40,25.06,100.003
11/08/2025 13:23:40,25.76,100.006
11/08/2025 13:33:40,24.57,100.016
11/08/2025 13:43:40,22.73,100.005
11/08/2025 13:53:40,20.92,100.030
11/08/2025 14:03:40,19.33,100.029
11/08/2025 14:13:40,18.14,100.063
11/08/2025 14:23:40,17.23,100.070
11/08/2025 14:33:40,16.38,100.110
11/08/2025 14:43:40,15.66,100.123
11/08/2025 14:53:40,15.03,100.092
11/08/2025 15:03:40,14.48,100.129
11/08/2025 15:13:40,14.01,100.175
11/08/2025 15:23:40,13.61,100.173
11/08/2025 15:33:40,13.22,100.181
11/08/2025 15:43:40,12.80,100.203
11/08/2025 15:53:40,12.30,100.215
11/08/2025 16:03:40,11.76,100.237
11/08/2025 16:13:40,11.21,100.271
11/08/2025 16:23:40,10.64,100.302
11/08/2025 16:33:40,10.05,100.306
11/08/2025 16:43:40,9.47,100.341
11/08/2025 16:53:40,9.01,100.361
11/08/2025 17:03:40,8.77,100.378
11/08/2025 17:13:40,8.60,100.404
11/08/2025 17:23:40,8.35,100.428
11/08/2025 17:33:40,7.98,100.434
11/08/2025 17:43:40,7.57,100.471
11/08/2025 17:53:40,7.15,100.485
11/08/2025 18:03:40,6.74,100.505
11/08/2025 18:13:40,6.37,100.532
11/08/2025 18:23:40,6.03,100.521
11/08/2025 18:33:40,5.72,100.535
11/08/2025 18:43:40,5.43,100.542
11/08/2025 18:53:40,5.17,100.524
11/08/2025 19:03:40,4.94,100.530
11/08/2025 19:13:40,4.70,100.550
11/08/2025 19:23:40,4.48,100.593
11/08/2025 19:33:40,4.27,100.623
11/08/2025 19:43:40,4.06,100.627
11/08/2025 19:53:40,3.87,100.650
11/08/2025 20:03:40,3.69,100.661
11/08/2025 20:13:40,3.57,100.655
11/08/2025 20:23:40,3.52,100.664
11/08/2025 20:33:40,3.56,100.680
11/08/2025 20:43:40,3.70,100.706
11/08/2025 20:53:40,3.91,100.724
11/08/2025 21:03:40,4.13,100.730
11/08/2025 21:13:40,4.30,100.701
11/08/2025 21:23:40,4.45,100.687
11/08/2025 21:33:40,4.61,100.692
11/08/2025 21:43:40,4.74,100.673
11/08/2025 21:53:40,4.81,100.647
11/08/2025 22:03:40,4.84,100.738
11/08/2025 22:13:40,4.87,100.741
11/08/2025 22:23:40,4.91,100.731
11/08/2025 22:33:40,4.97,100.740
11/08/2025 22:43:40,5.02,100.736
11/08/2025 22:53:40,5.06,100.762
11/08/2025 23:03:40,5.12,100.771
11/08/2025 23:13:40,5.18,100.754
11/08/2025 23:23:40,5.25,100.747
11/08/2025 23:33:40,5.31,100.770
11/08/2025 23:43:40,5.37,100.770
11/08/2025 23:53:40,5.41,100.796
11/09/2025 00:03:40,5.45,100.786
11/09/2025 00:13:40,5.48,100.775
11/09/2025 00:23:40,5.49,100.762
11/09/2025 00:33:40,5.46,100.747
11/09/2025 00:43:40,5.46,100.756
11/09/2025 00:53:40,5.47,100.748
11/09/2025 01:03:40,5.46,100.769
11/09/2025 01:13:40,5.46,100.782
11/09/2025 01:23:40,5.46,100.774
11/09/2025 01:33:40,5.46,100.755
11/09/2025 01:43:40,5.45,100.790
11/09/2025 01:53:40,5.45,100.804
11/09/2025 02:03:40,5.48,100.824
11/09/2025 02:13:40,5.51,100.813
11/09/2025 02:23:40,5.53,100.850
11/09/2025 02:33:40,5.54,100.833
11/09/2025 02:43:40,5.53,100.855
11/09/2025 02:53:40,5.51,100.853
11/09/2025 03:03:40,5.48,100.855
11/09/2025 03:13:40,5.47,100.867
11/09/2025 03:23:40,5.46,100.884
11/09/2025 03:33:40,5.45,100.848
11/09/2025 03:43:40,5.41,100.867
11/09/2025 03:53:40,5.39,100.926
11/09/2025 04:03:40,5.37,100.832
11/09/2025 04:13:40,5.22,100.859
11/09/2025 04:23:40,5.10,100.862
11/09/2025 04:33:40,5.04,100.848
11/09/2025 04:43:40,4.99,100.870
11/09/2025 04:53:40,4.95,100.889
11/09/2025 05:03:40,4.96,100.925
11/09/2025 05:13:40,4.96,100.890
11/09/2025 05:23:40,4.91,100.863
11/09/2025 05:33:40,4.76,100.895
11/09/2025 05:43:40,4.57,100.883
11/09/2025 05:53:40,4.43,100.871
11/09/2025 06:03:40,4.36,100.887
11/09/2025 06:13:40,4.35,100.891
11/09/2025 06:23:40,4.40,100.873
11/09/2025 06:33:40,4.45,100.894
11/09/2025 06:43:40,4.49,100.899
11/09/2025 06:53:40,4.54,100.933
11/09/2025 07:03:40,4.57,100.928
11/09/2025 07:13:40,4.62,100.923
11/09/2025 07:23:40,4.70,100.938
11/09/2025 07:33:40,4.81,100.930
11/09/2025 07:43:40,4.92,100.944
11/09/2025 07:53:40,5.04,100.955
11/09/2025 08:03:40,5.17,100.943
11/09/2025 08:13:40,5.25,100.946
11/09/2025 08:23:40,5.33,100.939
11/09/2025 08:33:40,5.46,100.968
11/09/2025 08:43:40,5.59,100.930
11/09/2025 08:53:40,5.67,100.924
11/09/2025 09:03:40,5.77,100.919
11/09/2025 09:13:40,5.89,100.907
11/09/2025 09:23:40,6.04,100.902
11/09/2025 09:33:40,6.24,100.910
11/09/2025 09:43:40,6.49,100.917
11/09/2025 09:53:40,6.83,100.880
11/09/2025 10:03:40,7.26,100.866
11/09/2025 10:13:40,7.66,100.881
11/09/2025 10:23:40,8.05,100.855
11/09/2025 10:33:40,8.70,100.837
11/09/2025 10:43:40,9.55,100.816
11/09/2025 10:53:40,10.04,100.805
11/09/2025 11:03:40,10.28,100.797
11/09/2025 11:13:40,10.36,100.795
11/09/2025 11:23:40,10.51,100.767
11/09/2025 11:33:40,10.92,100.740
11/09/2025 11:43:40,12.00,100.711
11/09/2025 11:53:40,13.20,100.738
11/09/2025 12:03:40,13.89,100.699
11/09/2025 12:13:40,13.94,100.712
11/09/2025 12:23:40,14.06,100.694
11/09/2025 12:33:40,14.50,100.663
11/09/2025 12:43:40,14.46,100.652
11/09/2025 12:53:40,14.00,100.605
11/09/2025 13:03:40,13.60,100.608
11/09/2025 13:13:40,13.76,100.597
11/09/2025 13:23:40,14.49,100.561
11/09/2025 13:33:40,14.97,100.559
11/09/2025 13:43:40,15.06,100.557
11/09/2025 13:53:40,14.88,100.526
11/09/2025 14:03:40,14.62,100.526
11/09/2025 14:13:40,14.33,100.496
11/09/2025 14:23:40,13.92,100.475
11/09/2025 14:33:40,13.37,100.498
11/09/2025 14:43:40,12.73,100.513
11/09/2025 14:53:40,12.10,100.484
11/09/2025 15:03:40,11.56,100.461
11/09/2025 15:13:40,11.11,100.463
11/09/2025 15:23:40,10.81,100.457
11/09/2025 15:33:40,10.59,100.441
11/09/2025 15:43:40,10.42,100.436
11/09/2025 15:53:40,10.26,100.397
11/09/2025 16:03:40,10.08,100.392
11/09/2025 16:13:40,9.87,100.407
11/09/2025 16:23:40,9.69,100.366
11/09/2025 16:33:40,9.53,100.345
11/09/2025 16:43:40,9.39,100.334
11/09/2025 16:53:40,9.29,100.326
11/09/2025 17:03:40,9.20,100.337
11/09/2025 17:13:40,9.11,100.330
11/09/2025 17:23:40,9.03,100.314
11/09/2025 17:33:40,8.94,100.325
11/09/2025 17:43:40,8.83,100.343
11/09/2025 17:53:40,8.69,100.318
11/09/2025 18:03:40,8.53,100.297
11/09/2025 18:13:40,8.39,100.304
11/09/2025 18:23:40,8.29,100.282
11/09/2025 18:33:40,8.22,100.294
11/09/2025 18:43:40,8.16,100.276
11/09/2025 18:53:40,8.10,100.240
11/09/2025 19:03:40,8.04,100.258
11/09/2025 19:13:40,8.00,100.250
11/09/2025 19:23:40,7.96,100.273
11/09/2025 19:33:40,7.92,100.292
11/09/2025 19:43:40,7.87,100.292
11/09/2025 19:53:40,7.83,100.276
11/09/2025 20:03:40,7.81,100.248
11/09/2025 20:13:40,7.80,100.243
11/09/2025 20:23:40,7.81,100.252
11/09/2025 20:33:40,7.82,100.244
11/09/2025 20:43:40,7.85,100.251
11/09/2025 20:53:40,7.87,100.222
11/09/2025 21:03:40,7.89,100.210
11/09/2025 21:13:40,7.90,100.180
11/09/2025 21:23:40,7.90,100.158
11/09/2025 21:33:40,7.89,100.152
11/09/2025 21:43:40,7.88,100.152
11/09/2025 21:53:40,7.87,100.156
11/09/2025 22:03:40,7.87,100.120
11/09/2025 22:13:40,7.87,100.107
11/09/2025 22:23:40,7.87,100.093
11/09/2025 22:33:40,7.88,100.098
11/09/2025 22:43:40,7.88,100.117
11/09/2025 22:53:40,7.90,100.140
11/09/2025 23:03:40,7.91,100.101
11/09/2025 23:13:40,7.92,100.097
11/09/2025 23:23:40,7.93,100.112
11/09/2025 23:33:40,7.96,100.127
11/09/2025 23:43:40,7.97,100.097
11/09/2025 23:53:40,7.97,100.141
11/10/2025 00:03:40,7.95,100.109
11/10/2025 00:13:40,7.94,100.116
11/10/2025 00:23:40,7.93,100.093
11/10/2025 00:33:40,7.93,100.081
11/10/2025 00:43:40,7.94,100.020
11/10/2025 00:53:40,7.96,100.025
11/10/2025 01:03:40,7.98,100.023
11/10/2025 01:13:40,8.01,100.065
11/10/2025 01:23:40,8.04,100.049
11/10/2025 01:33:40,8.06,100.051
11/10/2025 01:43:40,8.08,100.013
11/10/2025 01:53:40,8.09,100.032
11/10/2025 02:03:40,8.09,100.032
11/10/2025 02:13:40,8.08,100.053
11/10/2025 02:23:40,8.05,100.068
11/10/2025 02:33:40,8.01,100.083
11/10/2025 02:43:40,7.98,100.085
11/10/2025 02:53:40,7.96,100.074
11/10/2025 03:03:40,7.94,100.060
11/10/2025 03:13:40,7.93,99.988
11/10/2025 03:23:40,7.92,99.983
11/10/2025 03:33:40,7.92,99.982
11/10/2025 03:43:40,7.94,100.020
11/10/2025 03:53:40,7.97,100.005
11/10/2025 04:03:40,8.00,99.971
11/10/2025 04:13:40,8.02,99.933
11/10/2025 04:23:40,8.03,99.920
11/10/2025 04:33:40,8.03,99.987
11/10/2025 04:43:40,8.04,100.023
11/10/2025 04:53:40,8.02,100.017
11/10/2025 05:03:40,7.99,100.015
11/10/2025 05:13:40,7.98,100.071
11/10/2025 05:23:40,7.97,100.018
11/10/2025 05:33:40,7.98,100.040
11/10/2025 05:43:40,7.99,99.983
11/10/2025 05:53:40,8.00,100.042
11/10/2025 06:03:40,8.02,100.044
11/10/2025 06:13:40,8.04,100.080
11/10/2025 06:23:40,8.06,100.108
11/10/2025 06:33:40,8.07,100.136
11/10/2025 06:43:40,8.07,100.057
11/10/2025 06:53:40,8.07,100.092
11/10/2025 07:03:40,8.09,100.080
11/10/2025 07:13:40,8.08,100.079
11/10/2025 07:23:40,8.08,100.057
11/10/2025 07:33:40,8.10,100.032
11/10/2025 07:43:40,8.13,99.960
11/10/2025 07:53:40,8.18,99.959
11/10/2025 08:03:40,8.29,100.012
11/10/2025 08:13:40,8.44,100.007
11/10/2025 08:23:40,8.65,100.010
11/10/2025 08:33:40,8.90,99.976
11/10/2025 08:43:40,9.06,99.981
11/10/2025 08:53:40,9.12,99.936
11/10/2025 09:03:40,9.26,99.969
11/10/2025 09:13:40,9.42,99.929
11/10/2025 09:23:40,10.20,99.901
11/10/2025 09:33:40,11.79,99.881
11/10/2025 09:43:40,13.03,99.910
11/10/2025 09:53:40,13.92,99.903
11/10/2025 10:03:40,14.28,99.871
11/10/2025 10:13:40,14.17,99.863
11/10/2025 10:23:40,13.93,99.850
11/10/2025 10:33:40,13.64,99.847
11/10/2025 10:43:40,13.46,99.848
11/10/2025 10:53:40,13.37,99.819
11/10/2025 11:03:40,13.27,99.768
11/10/2025 11:13:40,13.37,99.744
11/10/2025 11:23:40,13.45,99.723
11/10/2025 11:33:40,13.36,99.690
11/10/2025 11:43:40,13.19,99.656
11/10/2025 11:53:40,12.98,99.622
11/10/2025 12:03:40,12.77,99.607
11/10/2025 12:13:40,12.56,99.578
11/10/2025 12:23:40,12.31,99.547
11/10/2025 12:33:40,12.07,99.502
11/10/2025 12:43:40,11.88,99.479
11/10/2025 12:53:40,11.78,99.476
11/10/2025 13:03:40,11.72,99.450
11/10/2025 13:13:40,11.68,99.425
11/10/2025 13:23:40,11.70,99.421
11/10/2025 13:33:40,11.66,99.405
11/10/2025 13:43:40,11.60,99.383
11/10/2025 13:53:40,11.53,99.369
11/10/2025 14:03:40,11.47,99.351
11/10/2025 14:13:40,11.40,99.333
11/10/2025 14:23:40,11.34,99.306
11/10/2025 14:33:40,11.28,99.324
11/10/2025 14:43:40,11.24,99.316
11/10/2025 14:53:40,11.16,99.279
11/10/2025 15:03:40,11.02,99.331
11/10/2025 15:13:40,10.85,99.420
11/10/2025 15:23:40,10.68,99.371
11/10/2025 15:33:40,10.53,99.346
11/10/2025 15:43:40,10.42,99.338
11/10/2025 15:53:40,10.32,99.348
11/10/2025 16:03:40,10.21,99.317
11/10/2025 16:13:40,10.09,99.335
11/10/2025 16:23:40,9.97,99.339
11/10/2025 16:33:40,9.83,99.289
11/10/2025 16:43:40,9.68,99.295
11/10/2025 16:53:40,9.52,99.282
11/10/2025 17:03:40,9.33,99.360
11/10/2025 17:13:40,9.16,99.356
11/10/2025 17:23:40,8.96,99.327
11/10/2025 17:33:40,8.72,99.335
11/10/2025 17:43:40,8.42,99.368
11/10/2025 17:53:40,8.05,99.414
11/10/2025 18:03:40,7.66,99.440
11/10/2025 18:13:40,7.28,99.462
11/10/2025 18:23:40,6.89,99.505
11/10/2025 18:33:40,6.52,99.466
11/10/2025 18:43:40,6.13,99.478
11/10/2025 18:53:40,5.72,99.515
11/10/2025 19:03:40,5.35,99.483
11/10/2025 19:13:40,5.01,99.499
11/10/2025 19:23:40,4.71,99.518
11/10/2025 19:33:40,4.44,99.491
11/10/2025 19:43:40,4.16,99.541
11/10/2025 19:53:40,3.90,99.537
11/10/2025 20:03:40,3.67,99.499
11/10/2025 20:13:40,3.36,99.547
11/10/2025 20:23:40,3.02,99.561
11/10/2025 20:33:40,2.73,99.575
11/10/2025 20:43:40,2.58,99.575
11/10/2025 20:53:40,2.54,99.586
11/10/2025 21:03:40,2.48,99.554
11/10/2025 21:13:40,2.29,99.545
11/10/2025 21:23:40,1.98,99.562
11/10/2025 21:33:40,1.68,99.558
11/10/2025 21:43:40,1.47,99.565
11/10/2025 21:53:40,1.43,99.556
11/10/2025 22:03:40,1.45,99.563
11/10/2025 22:13:40,1.47,99.542
11/10/2025 22:23:40,1.47,99.565
11/10/2025 22:33:40,1.49,99.567
11/10/2025 22:43:40,1.52,99.587
11/10/2025 22:53:40,1.54,99.571
11/10/2025 23:03:40,1.54,99.597
11/10/2025 23:13:40,1.54,99.606
11/10/2025 23:23:40,1.56,99.612
11/10/2025 23:33:40,1.55,99.594
11/10/2025 23:43:40,1.49,99.633
11/10/2025 23:53:40,1.39,99.641
11/11/2025 00:03:40,1.25,99.642
11/11/2025 00:13:40,1.10,99.659
11/11/2025 00:23:40,0.97,99.669
11/11/2025 00:33:40,0.85,99.667
11/11/2025 00:43:40,0.76,99.677
11/11/2025 00:53:40,0.68,99.669
11/11/2025 01:03:40,0.61,99.676
11/11/2025 01:13:40,0.55,99.697
11/11/2025 01:23:40,0.49,99.696
11/11/2025 01:33:40,0.42,99.699
11/11/2025 01:43:40,0.37,99.707
11/11/2025 01:53:40,0.32,99.703
11/11/2025 02:03:40,0.27,99.715
11/11/2025 02:13:40,0.22,99.698
11/11/2025 02:23:40,0.19,99.694
11/11/2025 02:33:40,0.15,99.696
11/11/2025 02:43:40,0.13,99.698
11/11/2025 02:53:40,0.12,99.688
11/11/2025 03:03:40,0.12,99.689
11/11/2025 03:13:40,0.14,99.673
11/11/2025 03:23:40,0.16,99.665
11/11/2025 03:33:40,0.18,99.681
11/11/2025 03:43:40,0.21,99.688
11/11/2025 03:53:40,0.22,99.676
11/11/2025 04:03:40,0.22,99.671
11/11/2025 04:13:40,0.21,99.662
11/11/2025 04:23:40,0.21,99.657
11/11/2025 04:33:40,0.22,99.662
11/11/2025 04:43:40,0.23,99.672
11/11/2025 04:53:40,0.23,99.668
11/11/2025 05:03:40,0.23,99.668
11/11/2025 05:13:40,0.24,99.664
11/11/2025 05:23:40,0.23,99.659
11/11/2025 05:33:40,0.20,99.634
11/11/2025 05:43:40,0.17,99.635
11/11/2025 05:53:40,0.12,99.636
11/11/2025 06:03:40,0.09,99.642
11/11/2025 06:13:40,0.07,99.618
11/11/2025 06:23:40,0.03,99.631
11/11/2025 06:33:40,-0.03,99.626
11/11/2025 06:43:40,-0.06,99.632
11/11/2025 06:53:40,-0.07,99.623
11/11/2025 07:03:40,-0.08,99.604
11/11/2025 07:13:40,-0.11,99.597
11/11/2025 07:23:40,-0.11,99.588
11/11/2025 07:33:40,-0.04,99.599
11/11/2025 07:43:40,0.09,99.607
11/11/2025 07:53:40,0.24,99.620
11/11/2025 08:03:40,0.39,99.633
11/11/2025 08:13:40,0.52,99.620
11/11/2025 08:23:40,0.68,99.612
11/11/2025 08:33:40,0.88,99.608
11/11/2025 08:43:40,1.09,99.619
11/11/2025 08:53:40,1.28,99.618
11/11/2025 09:03:40,1.54,99.619
11/11/2025 09:13:40,2.17,99.605
11/11/2025 09:23:40,2.90,99.603
11/11/2025 09:33:40,3.52,99.596
11/11/2025 09:43:40,3.95,99.624
11/11/2025 09:53:40,4.04,99.624
11/11/2025 10:03:40,3.95,99.629
11/11/2025 10:13:40,3.92,99.626
11/11/2025 10:23:40,3.96,99.625
11/11/2025 10:33:40,4.03,99.622
11/11/2025 10:43:40,4.05,99.607
11/11/2025 10:53:40,4.08,99.609
11/11/2025 11:03:40,4.07,99.591
11/11/2025 11:13:40,4.14,99.579
11/11/2025 11:23:40,4.36,99.572
11/11/2025 11:33:40,4.65,99.552
11/11/2025 11:43:40,4.91,99.543
11/11/2025 11:53:40,5.06,99.543
11/11/2025 12:03:40,5.19,99.527
11/11/2025 12:13:40,6.03,99.505
11/11/2025 12:23:40,6.91,99.498
11/11/2025 12:33:40,7.17,99.488
11/11/2025 12:43:40,7.31,99.509
11/11/2025 12:53:40,8.08,99.473
11/11/2025 13:03:40,9.26,99.434
11/11/2025 13:13:40,10.55,99.446
11/11/2025 13:23:40,11.22,99.448
11/11/2025 13:33:40,11.07,99.445
11/11/2025 13:43:40,10.52,99.447
11/11/2025 13:53:40,9.58,99.464
11/11/2025 14:03:40,8.61,99.467
11/11/2025 14:13:40,7.93,99.466
11/11/2025 14:23:40,7.28,99.467
11/11/2025 14:33:40,6.43,99.459
11/11/2025 14:43:40,5.60,99.443
11/11/2025 14:53:40,4.99,99.458
11/11/2025 15:03:40,4.68,99.471
11/11/2025 15:13:40,4.60,99.486
11/11/2025 15:23:40,4.57,99.515
11/11/2025 15:33:40,4.40,99.522
11/11/2025 15:43:40,4.10,99.540
11/11/2025 15:53:40,3.78,99.566
11/11/2025 16:03:40,3.46,99.564
11/11/2025 16:13:40,3.17,99.610
11/11/2025 16:23:40,2.89,99.611
11/11/2025 16:33:40,2.57,99.619
11/11/2025 16:43:40,2.22,99.632
11/11/2025 16:53:40,1.91,99.657
11/11/2025 17:03:40,1.70,99.682
11/11/2025 17:13:40,1.55,99.674
11/11/2025 17:23:40,1.43,99.698
11/11/2025 17:33:40,1.34,99.734
11/11/2025 17:43:40,1.24,99.742
11/11/2025 17:53:40,1.13,99.763
11/11/2025 18:03:40,0.94,99.776
11/11/2025 18:13:40,0.70,99.803
11/11/2025 18:23:40,0.45,99.838
11/11/2025 18:33:40,0.19,99.871
11/11/2025 18:43:40,-0.03,99.891
11/11/2025 18:53:40,-0.23,99.916
11/11/2025 19:03:40,-0.40,99.944
11/11/2025 19:13:40,-0.52,99.951
11/11/2025 19:23:40,-0.63,99.962
11/11/2025 19:33:40,-0.79,99.969
11/11/2025 19:43:40,-1.02,99.996
11/11/2025 19:53:40,-1.15,100.002
11/11/2025 20:03:40,-1.12,100.026
11/11/2025 20:13:40,-0.99,100.039
11/11/2025 20:23:40,-0.83,100.067
11/11/2025 20:33:40,-0.65,100.062
11/11/2025 20:43:40,-0.42,100.065
11/11/2025 20:53:40,-0.22,100.057
11/11/2025 21:03:40,-0.05,100.073
11/11/2025 21:13:40,0.11,100.075
11/11/2025 21:23:40,0.30,100.079
11/11/2025 21:33:40,0.49,100.088
11/11/2025 21:43:40,0.69,100.111
11/11/2025 21:53:40,0.89,100.115
11/11/2025 22:03:40,1.07,100.123
11/11/2025 22:13:40,1.22,100.124
11/11/2025 22:23:40,1.35,100.131
11/11/2025 22:33:40,1.45,100.118
11/11/2025 22:43:40,1.53,100.126
11/11/2025 22:53:40,1.65,100.132
11/11/2025 23:03:40,1.74,100.135
11/11/2025 23:13:40,1.81,100.151
11/11/2025 23:23:40,1.89,100.162
11/11/2025 23:33:40,1.96,100.190
11/11/2025 23:43:40,1.98,100.197
11/11/2025 23:53:40,2.00,100.198
11/12/2025 00:03:40,2.02,100.244
11/12/2025 00:13:40,2.01,100.226
11/12/2025 00:23:40,1.92,100.240
11/12/2025 00:33:40,1.75,100.269
11/12/2025 00:43:40,1.58,100.266
11/12/2025 00:53:40,1.44,100.267
11/12/2025 01:03:40,1.39,100.263
11/12/2025 01:13:40,1.43,100.262
11/12/2025 01:23:40,1.53,100.271
11/12/2025 01:33:40,1.66,100.287
11/12/2025 01:43:40,1.78,100.293
11/12/2025 01:53:40,1.86,100.300
11/12/2025 02:03:40,1.85,100.290
11/12/2025 02:13:40,1.71,100.291
11/12/2025 02:23:40,1.53,100.293
11/12/2025 02:33:40,1.43,100.302
11/12/2025 02:43:40,1.43,100.301
11/12/2025 02:53:40,1.44,100.285
11/12/2025 03:03:40,1.48,100.267
11/12/2025 03:13:40,1.57,100.261
11/12/2025 03:23:40,1.67,100.270
11/12/2025 03:33:40,1.75,100.269
11/12/2025 03:43:40,1.79,100.272
11/12/2025 03:53:40,1.80,100.251
11/12/2025 04:03:40,1.80,100.260
11/12/2025 04:13:40,1.83,100.272
11/12/2025 04:23:40,1.88,100.280
11/12/2025 04:33:40,1.91,100.274
11/12/2025 04:43:40,1.92,100.275
11/12/2025 04:53:40,1.92,100.297
11/12/2025 05:03:40,1.90,100.277
11/12/2025 05:13:40,1.87,100.288
11/12/2025 05:23:40,1.86,100.287
11/12/2025 05:33:40,1.86,100.274
11/12/2025 05:43:40,1.85,100.269
11/12/2025 05:53:40,1.84,100.268
11/12/2025 06:03:40,1.82,100.271
11/12/2025 06:13:40,1.81,100.291
11/12/2025 06:23:40,1.78,100.276
11/12/2025 06:33:40,1.77,100.249
11/12/2025 06:43:40,1.80,100.242
11/12/2025 06:53:40,1.85,100.234
11/12/2025 07:03:40,1.94,100.219
11/12/2025 07:13:40,2.03,100.223
11/12/2025 07:23:40,2.13,100.210
11/12/2025 07:33:40,2.23,100.219
11/12/2025 07:43:40,2.33,100.215
11/12/2025 07:53:40,2.45,100.208
11/12/2025 08:03:40,2.61,100.218
11/12/2025 08:13:40,2.80,100.225
11/12/2025 08:23:40,2.98,100.215
11/12/2025 08:33:40,3.25,100.190
11/12/2025 08:43:40,3.55,100.194
11/12/2025 08:53:40,3.77,100.183
11/12/2025 09:03:40,3.98,100.175
11/12/2025 09:13:40,4.25,100.176
11/12/2025 09:23:40,4.50,100.162
11/12/2025 09:33:40,4.83,100.155
11/12/2025 09:43:40,5.24,100.159
11/12/2025 09:53:40,5.62,100.138
11/12/2025 10:03:40,5.93,100.128
11/12/2025 10:13:40,6.24,100.119
11/12/2025 10:23:40,6.55,100.105
11/12/2025 10:33:40,6.85,100.095
11/12/2025 10:43:40,7.15,100.075
11/12/2025 10:53:40,7.48,100.062
11/12/2025 11:03:40,7.84,100.047
11/12/2025 11:13:40,8.19,100.035
11/12/2025 11:23:40,8.80,100.000
11/12/2025 11:33:40,9.40,99.972
11/12/2025 11:43:40,9.84,99.966
11/12/2025 11:53:40,10.31,99.923
11/12/2025 12:03:40,10.78,99.884
11/12/2025 12:13:40,11.23,99.878
11/12/2025 12:23:40,11.86,99.846
11/12/2025 12:33:40,12.14,99.845
11/12/2025 12:43:40,12.02,99.840
11/12/2025 12:53:40,11.93,99.837
11/12/2025 13:03:40,12.21,99.810
11/12/2025 13:13:40,12.41,99.820
11/12/2025 13:23:40,12.07,99.799
11/12/2025 13:33:40,11.95,99.790
11/12/2025 13:43:40,11.63,99.797
11/12/2025 13:53:40,10.99,99.811
11/12/2025 14:03:40,10.38,99.817
11/12/2025 14:13:40,10.00,99.806
11/12/2025 14:23:40,9.69,99.804
11/12/2025 14:33:40,9.31,99.797
11/12/2025 14:43:40,8.95,99.821
11/12/2025 14:53:40,8.73,99.817
11/12/2025 15:03:40,8.59,99.828
11/12/2025 15:13:40,8.35,99.818
11/12/2025 15:23:40,8.04,99.824
11/12/2025 15:33:40,7.68,99.848
11/12/2025 15:43:40,7.32,99.832
11/12/2025 15:53:40,7.00,99.859
11/12/2025 16:03:40,6.73,99.841
11/12/2025 16:13:40,6.47,99.860
11/12/2025 16:23:40,6.19,99.850
11/12/2025 16:33:40,5.91,99.870
11/12/2025 16:43:40,5.63,99.882
11/12/2025 16:53:40,5.36,99.891
11/12/2025 17:03:40,5.10,99.904
11/12/2025 17:13:40,4.89,99.921
11/12/2025 17:23:40,4.76,99.928
11/12/2025 17:33:40,4.69,99.944
11/12/2025 17:43:40,4.69,99.944
11/12/2025 17:53:40,4.70,99.945
11/12/2025 18:03:40,4.67,99.934
11/12/2025 18:13:40,4.52,99.943
11/12/2025 18:23:40,4.18,99.958
11/12/2025 18:33:40,3.84,99.968
11/12/2025 18:43:40,3.68,99.963
11/12/2025 18:53:40,3.69,99.964
11/12/2025 19:03:40,3.77,99.967
11/12/2025 19:13:40,3.87,99.962
11/12/2025 19:23:40,3.97,99.971
11/12/2025 19:33:40,4.06,99.961
11/12/2025 19:43:40,4.15,99.955
11/12/2025 19:53:40,4.22,99.961
11/12/2025 20:03:40,4.27,99.966
11/12/2025 20:13:40,4.30,99.964
11/12/2025 20:23:40,4.28,99.953
11/12/2025 20:33:40,4.14,99.972
11/12/2025 20:43:40,3.91,99.966
11/12/2025 20:53:40,3.63,99.972
11/12/2025 21:03:40,3.38,99.990
11/12/2025 21:13:40,3.20,99.987
11/12/2025 21:23:40,3.12,99.980
11/12/2025 21:33:40,3.13,100.003
11/12/2025 21:43:40,3.18,99.981
11/12/2025 21:53:40,3.26,99.984
11/12/2025 22:03:40,3.39,99.987
11/12/2025 22:13:40,3.57,99.975
11/12/2025 22:23:40,3.74,99.981
11/12/2025 22:33:40,3.88,99.985
11/12/2025 22:43:40,4.00,99.978
11/12/2025 22:53:40,4.09,100.003
11/12/2025 23:03:40,4.16,100.000
11/12/2025 23:13:40,4.20,99.999
11/12/2025 23:23:40,4.23,99.993
11/12/2025 23:33:40,4.19,100.002
11/12/2025 23:43:40,4.14,100.021
11/12/2025 23:53:40,4.10,100.026
11/13/2025 00:03:40,4.09,100.021
11/13/2025 00:13:40,4.11,100.009
11/13/2025 00:23:40,4.10,100.022
11/13/2025 00:33:40,3.99,99.994
11/13/2025 00:43:40,3.83,100.007
11/13/2025 00:53:40,3.65,100.027
11/13/2025 01:03:40,3.48,100.038
11/13/2025 01:13:40,3.32,100.025
11/13/2025 01:23:40,3.20,100.045
11/13/2025 01:33:40,3.10,100.049
11/13/2025 01:43:40,3.01,100.045
11/13/2025 01:53:40,2.95,100.067
11/13/2025 02:03:40,2.93,100.083
11/13/2025 02:13:40,2.92,100.073
11/13/2025 02:23:40,2.86,100.098
11/13/2025 02:33:40,2.74,100.088
11/13/2025 02:43:40,2.62,100.095
11/13/2025 02:53:40,2.51,100.112
11/13/2025 03:03:40,2.43,100.122
11/13/2025 03:13:40,2.41,100.116
11/13/2025 03:23:40,2.42,100.117
11/13/2025 03:33:40,2.43,100.109
11/13/2025 03:43:40,2.49,100.128
11/13/2025 03:53:40,2.58,100.118
11/13/2025 04:03:40,2.68,100.145
11/13/2025 04:13:40,2.77,100.131
11/13/2025 04:23:40,2.85,100.133
11/13/2025 04:33:40,2.90,100.129
11/13/2025 04:43:40,2.95,100.142
11/13/2025 04:53:40,2.98,100.135
11/13/2025 05:03:40,2.98,100.136
11/13/2025 05:13:40,3.00,100.124
11/13/2025 05:23:40,3.04,100.127
11/13/2025 05:33:40,3.09,100.128
11/13/2025 05:43:40,3.14,100.132
11/13/2025 05:53:40,3.18,100.153
11/13/2025 06:03:40,3.27,100.143
11/13/2025 06:13:40,3.37,100.139
11/13/2025 06:23:40,3.46,100.147
11/13/2025 06:33:40,3.47,100.183
11/13/2025 06:43:40,3.46,100.186
11/13/2025 06:53:40,3.47,100.192
11/13/2025 07:03:40,3.55,100.189
11/13/2025 07:13:40,3.70,100.212
11/13/2025 07:23:40,3.90,100.212
11/13/2025 07:33:40,4.15,100.224
11/13/2025 07:43:40,4.44,100.236
11/13/2025 07:53:40,4.85,100.232
11/13/2025 08:03:40,5.38,100.250
11/13/2025 08:13:40,5.83,100.240
11/13/2025 08:23:40,6.23,100.255
11/13/2025 08:33:40,6.58,100.253
11/13/2025 08:43:40,7.04,100.242
11/13/2025 08:53:40,7.61,100.227
11/13/2025 09:03:40,8.31,100.221
11/13/2025 09:13:40,9.00,100.237
11/13/2025 09:23:40,9.33,100.227
11/13/2025 09:33:40,9.45,100.201
11/13/2025 09:43:40,9.85,100.206
11/13/2025 09:53:40,10.27,100.207
11/13/2025 10:03:40,10.60,100.211
11/13/2025 10:13:40,10.72,100.220
11/13/2025 10:23:40,10.67,100.207
11/13/2025 10:33:40,10.53,100.214
11/13/2025 10:43:40,10.33,100.190
11/13/2025 10:53:40,10.16,100.199
11/13/2025 11:03:40,10.10,100.177
11/13/2025 11:13:40,10.09,100.176
11/13/2025 11:23:40,10.10,100.168
11/13/2025 11:33:40,10.14,100.162
11/13/2025 11:43:40,10.16,100.164
11/13/2025 11:53:40,10.24,100.153
11/13/2025 12:03:40,10.39,100.146
11/13/2025 12:13:40,10.71,100.149
11/13/2025 12:23:40,10.94,100.144
11/13/2025 12:33:40,11.20,100.159
11/13/2025 12:43:40,11.34,100.170
11/13/2025 12:53:40,11.20,100.177
11/13/2025 13:03:40,10.89,100.184
11/13/2025 13:13:40,10.54,100.197
11/13/2025 13:23:40,10.29,100.192
11/13/2025 13:33:40,10.24,100.197
11/13/2025 13:43:40,10.32,100.176
11/13/2025 13:53:40,10.42,100.197
11/13/2025 14:03:40,10.40,100.195
11/13/2025 14:13:40,10.31,100.197
11/13/2025 14:23:40,10.21,100.216
11/13/2025 14:33:40,10.10,100.221
11/13/2025 14:43:40,9.96,100.250
11/13/2025 14:53:40,9.78,100.271
11/13/2025 15:03:40,9.50,100.280
11/13/2025 15:13:40,9.16,100.294
11/13/2025 15:23:40,8.84,100.321
11/13/2025 15:33:40,8.56,100.330
11/13/2025 15:43:40,8.33,100.343
11/13/2025 15:53:40,8.10,100.360
11/13/2025 16:03:40,7.85,100.383
11/13/2025 16:13:40,7.56,100.391
11/13/2025 16:23:40,7.27,100.385
11/13/2025 16:33:40,6.99,100.419
11/13/2025 16:43:40,6.67,100.442
11/13/2025 16:53:40,6.33,100.449
11/13/2025 17:03:40,5.96,100.471
11/13/2025 17:13:40,5.60,100.498
11/13/2025 17:23:40,5.22,100.528
11/13/2025 17:33:40,4.87,100.534
11/13/2025 17:43:40,4.50,100.541
11/13/2025 17:53:40,4.18,100.554
11/13/2025 18:03:40,4.03,100.558
11/13/2025 18:13:40,3.90,100.591
11/13/2025 18:23:40,3.65,100.583
11/13/2025 18:33:40,3.25,100.609
11/13/2025 18:43:40,2.85,100.618
11/13/2025 18:53:40,2.53,100.634
11/13/2025 19:03:40,2.24,100.648
11/13/2025 19:13:40,1.92,100.654
11/13/2025 19:23:40,1.63,100.659
11/13/2025 19:33:40,1.50,100.660
11/13/2025 19:43:40,1.54,100.660
11/13/2025 19:53:40,1.66,100.657
11/13/2025 20:03:40,1.77,100.654
11/13/2025 20:13:40,1.77,100.667
11/13/2025 20:23:40,1.71,100.662
11/13/2025 20:33:40,1.65,100.674
11/13/2025 20:43:40,1.70,100.696
11/13/2025 20:53:40,1.83,100.708
11/13/2025 21:03:40,1.98,100.730
11/13/2025 21:13:40,2.11,100.729
11/13/2025 21:23:40,2.15,100.715
11/13/2025 21:33:40,1.96,100.719
11/13/2025 21:43:40,1.57,100.724
11/13/2025 21:53:40,1.12,100.718
11/13/2025 22:03:40,0.71,100.707
11/13/2025 22:13:40,0.33,100.690
11/13/2025 22:23:40,0.01,100.696
11/13/2025 22:33:40,-0.25,100.729
11/13/2025 22:43:40,-0.45,100.741
11/13/2025 22:53:40,-0.61,100.752
11/13/2025 23:03:40,-0.70,100.726
11/13/2025 23:13:40,-0.64,100.728
11/13/2025 23:23:40,-0.53,100.711
11/13/2025 23:33:40,-0.53,100.716
11/13/2025 23:43:40,-0.52,100.725
11/13/2025 23:53:40,-0.42,100.726
11/14/2025 00:03:40,-0.25,100.720
11/14/2025 00:13:40,-0.19,100.717
11/14/2025 00:23:40,-0.20,100.720
11/14/2025 00:33:40,-0.15,100.711
11/14/2025 00:43:40,0.04,100.725
11/14/2025 00:53:40,0.26,100.718
11/14/2025 01:03:40,0.45,100.723
11/14/2025 01:13:40,0.61,100.738
11/14/2025 01:23:40,0.74,100.754
11/14/2025 01:33:40,0.84,100.768
11/14/2025 01:43:40,0.88,100.784
11/14/2025 01:53:40,0.83,100.788
11/14/2025 02:03:40,0.73,100.793
11/14/2025 02:13:40,0.61,100.790
11/14/2025 02:23:40,0.48,100.800
11/14/2025 02:33:40,0.27,100.821
11/14/2025 02:43:40,0.11,100.815
11/14/2025 02:53:40,0.03,100.803
11/14/2025 03:03:40,-0.03,100.811
11/14/2025 03:13:40,-0.04,100.818
11/14/2025 03:23:40,-0.07,100.829
11/14/2025 03:33:40,-0.21,100.816
11/14/2025 03:43:40,-0.51,100.841
11/14/2025 03:53:40,-0.84,100.840
11/14/2025 04:03:40,-1.14,100.865
11/14/2025 04:13:40,-1.24,100.882
11/14/2025 04:23:40,-1.21,100.868
11/14/2025 04:33:40,-1.28,100.865
11/14/2025 04:43:40,-1.41,100.884
11/14/2025 04:53:40,-1.53,100.889
11/14/2025 05:03:40,-1.63,100.880
11/14/2025 05:13:40,-1.71,100.872
11/14/2025 05:23:40,-1.67,100.885
11/14/2025 05:33:40,-1.59,100.897
11/14/2025 05:43:40,-1.53,100.916
11/14/2025 05:53:40,-1.64,100.949
11/14/2025 06:03:40,-1.84,100.953
11/14/2025 06:13:40,-2.00,100.972
11/14/2025 06:23:40,-2.20,100.961
11/14/2025 06:33:40,-2.41,100.994
11/14/2025 06:43:40,-2.59,101.007
11/14/2025 06:53:40,-2.73,101.016
11/14/2025 07:03:40,-2.80,101.018
11/14/2025 07:13:40,-2.79,101.024
11/14/2025 07:23:40,-2.73,101.020
11/14/2025 07:33:40,-2.59,101.043
11/14/2025 07:43:40,-2.38,101.050
11/14/2025 07:53:40,-2.10,101.038
11/14/2025 08:03:40,-1.65,101.041
11/14/2025 08:13:40,-0.87,101.062
11/14/2025 08:23:40,0.39,101.070
11/14/2025 08:33:40,2.41,101.038
11/14/2025 08:43:40,4.97,101.019
11/14/2025 08:53:40,8.03,100.982
11/14/2025 09:03:40,11.24,100.938
11/14/2025 09:13:40,14.17,100.910
11/14/2025 09:23:40,16.61,100.899
11/14/2025 09:33:40,18.32,100.907
11/14/2025 09:43:40,19.52,100.887
11/14/2025 09:53:40,19.98,100.907
11/14/2025 10:03:40,20.58,100.913
11/14/2025 10:13:40,21.42,100.903
11/14/2025 10:23:40,21.32,100.906
11/14/2025 10:33:40,21.54,100.910
11/14/2025 10:43:40,22.47,100.886
11/14/2025 10:53:40,23.38,100.859
11/14/2025 11:03:40,23.56,100.860
11/14/2025 11:13:40,22.56,100.842
11/14/2025 11:23:40,21.17,100.821
11/14/2025 11:33:40,19.60,100.825
11/14/2025 11:43:40,18.35,100.829
11/14/2025 11:53:40,17.21,100.793
11/14/2025 12:03:40,15.83,100.784
11/14/2025 12:13:40,15.09,100.768
11/14/2025 12:23:40,14.84,100.754
11/14/2025 12:33:40,15.36,100.724
11/14/2025 12:43:40,15.76,100.730
11/14/2025 12:53:40,15.21,100.709
11/14/2025 13:03:40,14.14,100.704
11/14/2025 13:13:40,12.93,100.701
11/14/2025 13:23:40,12.01,100.712
11/14/2025 13:33:40,11.46,100.702
11/14/2025 13:43:40,11.02,100.691
11/14/2025 13:53:40,10.66,100.694
11/14/2025 14:03:40,10.40,100.687
11/14/2025 14:13:40,10.05,100.682
11/14/2025 14:23:40,9.76,100.686
11/14/2025 14:33:40,9.61,100.683
11/14/2025 14:43:40,9.64,100.690
11/14/2025 14:53:40,9.58,100.676
11/14/2025 15:03:40,9.36,100.664
11/14/2025 15:13:40,9.02,100.672
11/14/2025 15:23:40,8.58,100.677
11/14/2025 15:33:40,8.26,100.682
11/14/2025 15:43:40,8.08,100.686
11/14/2025 15:53:40,7.91,100.672
11/14/2025 16:03:40,7.68,100.679
11/14/2025 16:13:40,7.32,100.681
11/14/2025 16:23:40,6.89,100.672
11/14/2025 16:33:40,6.43,100.674
11/14/2025 16:43:40,5.90,100.691
11/14/2025 16:53:40,5.45,100.675
11/14/2025 17:03:40,5.12,100.682
11/14/2025 17:13:40,4.86,100.683
11/14/2025 17:23:40,4.67,100.693
11/14/2025 17:33:40,4.51,100.684
11/14/2025 17:43:40,4.38,100.668
11/14/2025 17:53:40,4.27,100.654
11/14/2025 18:03:40,4.18,100.651
11/14/2025 18:13:40,4.10,100.657
11/14/2025 18:23:40,4.02,100.650
11/14/2025 18:33:40,3.95,100.635
11/14/2025 18:43:40,3.89,100.621
11/14/2025 18:53:40,3.85,100.622
11/14/2025 19:03:40,3.79,100.604
11/14/2025 19:13:40,3.72,100.598
11/14/2025 19:23:40,3.67,100.580
11/14/2025 19:33:40,3.63,100.572
11/14/2025 19:43:40,3.59,100.577
11/14/2025 19:53:40,3.51,100.579
11/14/2025 20:03:40,3.44,100.613
11/14/2025 20:13:40,3.39,100.621
11/14/2025 20:23:40,3.29,100.586
11/14/2025 20:33:40,3.15,100.600
11/14/2025 20:43:40,2.96,100.619
11/14/2025 20:53:40,2.71,100.619
11/14/2025 21:03:40,2.38,100.638
11/14/2025 21:13:40,2.09,100.647
11/14/2025 21:23:40,1.85,100.653
11/14/2025 21:33:40,1.73,100.663
11/14/2025 21:43:40,1.68,100.668
11/14/2025 21:53:40,1.70,100.683
11/14/2025 22:03:40,1.76,100.670
11/14/2025 22:13:40,1.82,100.663
11/14/2025 22:23:40,1.84,100.655
11/14/2025 22:33:40,1.76,100.662
11/14/2025 22:43:40,1.58,100.646
11/14/2025 22:53:40,1.29,100.663
11/14/2025 23:03:40,0.93,100.657
11/14/2025 23:13:40,0.54,100.661
11/14/2025 23:23:40,0.24,100.664
11/14/2025 23:33:40,-0.08,100.657
11/14/2025 23:43:40,-0.40,100.648
11/14/2025 23:53:40,-0.72,100.636
11/15/2025 00:03:40,-1.02,100.643
11/15/2025 00:13:40,-1.30,100.643
11/15/2025 00:23:40,-1.54,100.638
11/15/2025 00:33:40,-1.78,100.641
11/15/2025 00:43:40,-2.02,100.636
11/15/2025 00:53:40,-2.23,100.647
11/15/2025 01:03:40,-2.43,100.667
11/15/2025 01:13:40,-2.63,100.661
11/15/2025 01:23:40,-2.81,100.674
11/15/2025 01:33:40,-2.93,100.667
11/15/2025 01:43:40,-3.05,100.678
11/15/2025 01:53:40,-3.19,100.672
11/15/2025 02:03:40,-3.32,100.668
11/15/2025 02:13:40,-3.44,100.683
11/15/2025 02:23:40,-3.51,100.680
11/15/2025 02:33:40,-3.60,100.667
11/15/2025 02:43:40,-3.73,100.667
11/15/2025 02:53:40,-3.86,100.673
11/15/2025 03:03:40,-3.97,100.644
11/15/2025 03:13:40,-4.09,100.641
11/15/2025 03:23:40,-4.20,100.652
11/15/2025 03:33:40,-4.32,100.658
11/15/2025 03:43:40,-4.41,100.649
11/15/2025 03:53:40,-4.49,100.619
11/15/2025 04:03:40,-4.58,100.619
11/15/2025 04:13:40,-4.65,100.638
11/15/2025 04:23:40,-4.70,100.637
11/15/2025 04:33:40,-4.77,100.621
11/15/2025 04:43:40,-4.87,100.620
11/15/2025 04:53:40,-4.96,100.602
11/15/2025 05:03:40,-5.05,100.607
11/15/2025 05:13:40,-5.15,100.605
11/15/2025 05:23:40,-5.28,100.601
11/15/2025 05:33:40,-5.39,100.586
11/15/2025 05:43:40,-5.48,100.594
11/15/2025 05:53:40,-5.57,100.594
11/15/2025 06:03:40,-5.64,100.595
11/15/2025 06:13:40,-5.70,100.602
11/15/2025 06:23:40,-5.74,100.612
11/15/2025 06:33:40,-5.77,100.604
11/15/2025 06:43:40,-5.80,100.593
11/15/2025 06:53:40,-5.82,100.604
11/15/2025 07:03:40,-5.83,100.598
11/15/2025 07:13:40,-5.82,100.591
11/15/2025 07:23:40,-5.77,100.596
11/15/2025 07:33:40,-5.65,100.599
11/15/2025 07:43:40,-5.47,100.595
11/15/2025 07:53:40,-5.16,100.578
11/15/2025 08:03:40,-4.60,100.573
11/15/2025 08:13:40,-3.71,100.560
11/15/2025 08:23:40,-2.49,100.542
11/15/2025 08:33:40,-0.76,100.513
11/15/2025 08:43:40,1.38,100.491
11/15/2025 08:53:40,4.25,100.445
11/15/2025 09:03:40,7.45,100.408
11/15/2025 09:13:40,10.68,100.359
11/15/2025 09:23:40,13.60,100.315
11/15/2025 09:33:40,15.95,100.294
11/15/2025 09:43:40,17.21,100.309
11/15/2025 09:53:40,18.05,100.311
11/15/2025 10:03:40,19.23,100.316
11/15/2025 10:13:40,20.22,100.316
11/15/2025 10:23:40,20.81,100.299
11/15/2025 10:33:40,21.39,100.277
11/15/2025 10:43:40,22.02,100.275
11/15/2025 10:53:40,22.98,100.215
11/15/2025 11:03:40,23.51,100.184
11/15/2025 11:13:40,22.40,100.159
11/15/2025 11:23:40,20.66,100.157
11/15/2025 11:33:40,19.05,100.096
11/15/2025 11:43:40,17.83,100.083
11/15/2025 11:53:40,17.02,100.065
11/15/2025 12:03:40,15.41,100.039
11/15/2025 12:13:40,14.05,100.028
11/15/2025 12:23:40,13.23,99.995
11/15/2025 12:33:40,13.17,99.951
11/15/2025 12:43:40,14.40,99.937
11/15/2025 12:53:40,15.09,99.920
11/15/2025 13:03:40,15.02,99.892
11/15/2025 13:13:40,14.01,99.874
11/15/2025 13:23:40,14.08,99.817
11/15/2025 13:33:40,14.60,99.805
11/15/2025 13:43:40,14.28,99.795
11/15/2025 13:53:40,13.52,99.772
11/15/2025 14:03:40,12.59,99.753
11/15/2025 14:13:40,11.80,99.734
11/15/2025 14:23:40,11.31,99.720
11/15/2025 14:33:40,10.92,99.731
11/15/2025 14:43:40,10.58,99.735
11/15/2025 14:53:40,10.30,99.701
11/15/2025 15:03:40,9.98,99.685
11/15/2025 15:13:40,9.58,99.667
11/15/2025 15:23:40,9.15,99.655
11/15/2025 15:33:40,8.79,99.605
11/15/2025 15:43:40,8.54,99.590
11/15/2025 15:53:40,8.31,99.580
11/15/2025 16:03:40,8.00,99.560
11/15/2025 16:13:40,7.55,99.546
11/15/2025 16:23:40,6.99,99.544
11/15/2025 16:33:40,6.34,99.548
11/15/2025 16:43:40,5.68,99.555
11/15/2025 16:53:40,5.04,99.564
11/15/2025 17:03:40,4.44,99.547
11/15/2025 17:13:40,3.89,99.531
11/15/2025 17:23:40,3.42,99.508
11/15/2025 17:33:40,3.01,99.503
11/15/2025 17:43:40,2.71,99.490
11/15/2025 17:53:40,2.64,99.470
11/15/2025 18:03:40,2.73,99.439
11/15/2025 18:13:40,2.95,99.405
11/15/2025 18:23:40,3.26,99.371
11/15/2025 18:33:40,3.59,99.346
11/15/2025 18:43:40,3.92,99.309
11/15/2025 18:53:40,4.18,99.304
11/15/2025 19:03:40,4.22,99.278
11/15/2025 19:13:40,4.15,99.258
11/15/2025 19:23:40,4.05,99.214
11/15/2025 19:33:40,3.99,99.205
11/15/2025 19:43:40,4.00,99.240
11/15/2025 19:53:40,3.97,99.260
11/15/2025 20:03:40,3.84,99.439
11/15/2025 20:13:40,3.64,99.316
11/15/2025 20:23:40,3.43,99.257
11/15/2025 20:33:40,3.24,99.255
11/15/2025 20:43:40,3.10,99.171
11/15/2025 20:53:40,2.97,99.129
11/15/2025 21:03:40,2.86,99.094
11/15/2025 21:13:40,2.78,99.051
11/15/2025 21:23:40,2.71,99.036
11/15/2025 21:33:40,2.68,98.998
11/15/2025 21:43:40,2.66,98.974
11/15/2025 21:53:40,2.66,98.917
11/15/2025 22:03:40,2.67,98.887
11/15/2025 22:13:40,2.71,98.859
11/15/2025 22:23:40,2.75,98.810
11/15/2025 22:33:40,2.81,98.776
11/15/2025 22:43:40,2.87,98.732
11/15/2025 22:53:40,2.92,98.715
11/15/2025 23:03:40,2.97,98.680
11/15/2025 23:13:40,3.02,98.648
11/15/2025 23:23:40,3.05,98.585
11/15/2025 23:33:40,3.10,98.541
11/15/2025 23:43:40,3.14,98.514
11/15/2025 23:53:40,3.19,98.478
11/16/2025 00:03:40,3.23,98.434
11/16/2025 00:13:40,3.27,98.410
11/16/2025 00:23:40,3.30,98.382
11/16/2025 00:33:40,3.32,98.357
11/16/2025 00:43:40,3.33,98.301
11/16/2025 00:53:40,3.35,98.280
11/16/2025 01:03:40,3.36,98.242
11/16/2025 01:13:40,3.40,98.183
11/16/2025 01:23:40,3.45,98.170
11/16/2025 01:33:40,3.52,98.158
11/16/2025 01:43:40,3.60,98.122
11/16/2025 01:53:40,3.68,98.102
11/16/2025 02:03:40,3.76,98.034
11/16/2025 02:13:40,3.85,98.023
11/16/2025 02:23:40,3.95,98.045
11/16/2025 02:33:40,4.04,98.018
11/16/2025 02:43:40,4.09,98.040
11/16/2025 02:53:40,4.10,98.036
11/16/2025 03:03:40,4.07,98.038
11/16/2025 03:13:40,4.03,98.030
11/16/2025 03:23:40,3.98,98.031
11/16/2025 03:33:40,3.94,98.009
11/16/2025 03:43:40,3.87,97.981
11/16/2025 03:53:40,3.76,97.976
11/16/2025 04:03:40,3.68,97.978
11/16/2025 04:13:40,3.64,97.993
11/16/2025 04:23:40,3.66,97.998
11/16/2025 04:33:40,3.70,97.985
11/16/2025 04:43:40,3.75,98.011
11/16/2025 04:53:40,3.79,98.001
11/16/2025 05:03:40,3.83,98.017
11/16/2025 05:13:40,3.87,98.030
11/16/2025 05:23:40,3.93,98.030
11/16/2025 05:33:40,3.98,98.030
11/16/2025 05:43:40,4.05,98.045
11/16/2025 05:53:40,4.10,98.054
11/16/2025 06:03:40,4.15,98.027
11/16/2025 06:13:40,4.19,98.013
11/16/2025 06:23:40,4.23,98.025
11/16/2025 06:33:40,4.28,98.038
11/16/2025 06:43:40,4.31,98.027
11/16/2025 06:53:40,4.33,98.030
11/16/2025 07:03:40,4.35,98.044
11/16/2025 07:13:40,4.33,98.034
11/16/2025 07:23:40,4.36,98.045
11/16/2025 07:33:40,4.46,98.049
11/16/2025 07:43:40,4.62,98.054
11/16/2025 07:53:40,4.74,98.046
11/16/2025 08:03:40,4.94,98.058
11/16/2025 08:13:40,5.48,98.042
11/16/2025 08:23:40,6.23,98.042
11/16/2025 08:33:40,7.54,98.016
11/16/2025 08:43:40,9.15,98.019
11/16/2025 08:53:40,9.81,98.070
11/16/2025 09:03:40,9.75,98.083
11/16/2025 09:13:40,9.49,98.099
11/16/2025 09:23:40,9.90,98.117
11/16/2025 09:33:40,11.13,98.121
11/16/2025 09:43:40,11.36,98.147
11/16/2025 09:53:40,11.03,98.158
11/16/2025 10:03:40,10.64,98.160
11/16/2025 10:13:40,10.39,98.172
11/16/2025 10:23:40,10.57,98.181
11/16/2025 10:33:40,10.77,98.169
11/16/2025 10:43:40,10.82,98.186
11/16/2025 10:53:40,10.91,98.180
11/16/2025 11:03:40,11.08,98.193
11/16/2025 11:13:40,11.17,98.199
11/16/2025 11:23:40,11.26,98.210
11/16/2025 11:33:40,11.57,98.193
11/16/2025 11:43:40,11.78,98.183
11/16/2025 11:53:40,11.93,98.220
11/16/2025 12:03:40,12.07,98.208
11/16/2025 12:13:40,12.65,98.198
11/16/2025 12:23:40,13.72,98.182
11/16/2025 12:33:40,14.87,98.178
11/16/2025 12:43:40,16.32,98.161
11/16/2025 12:53:40,16.90,98.164
11/16/2025 13:03:40,16.06,98.157
11/16/2025 13:13:40,14.79,98.212
11/16/2025 13:23:40,14.02,98.202
11/16/2025 13:33:40,14.25,98.183
11/16/2025 13:43:40,14.00,98.219
11/16/2025 13:53:40,13.07,98.232
11/16/2025 14:03:40,12.17,98.233
11/16/2025 14:13:40,11.33,98.243
11/16/2025 14:23:40,10.62,98.282
11/16/2025 14:33:40,10.08,98.312
11/16/2025 14:43:40,9.50,98.351
11/16/2025 14:53:40,8.94,98.339
11/16/2025 15:03:40,8.58,98.368
11/16/2025 15:13:40,8.53,98.373
11/16/2025 15:23:40,8.59,98.400
11/16/2025 15:33:40,8.50,98.432
11/16/2025 15:43:40,8.40,98.469
11/16/2025 15:53:40,8.36,98.465
11/16/2025 16:03:40,8.37,98.493
11/16/2025 16:13:40,8.19,98.518
11/16/2025 16:23:40,7.76,98.528
11/16/2025 16:33:40,7.11,98.569
11/16/2025 16:43:40,6.44,98.593
11/16/2025 16:53:40,5.89,98.592
11/16/2025 17:03:40,5.50,98.600
11/16/2025 17:13:40,5.18,98.604
11/16/2025 17:23:40,4.89,98.632
11/16/2025 17:33:40,4.63,98.637
11/16/2025 17:43:40,4.41,98.645
11/16/2025 17:53:40,4.22,98.668
11/16/2025 18:03:40,4.04,98.688
11/16/2025 18:13:40,3.89,98.702
11/16/2025 18:23:40,3.81,98.708
11/16/2025 18:33:40,3.71,98.713
11/16/2025 18:43:40,3.58,98.732
11/16/2025 18:53:40,3.47,98.728
11/16/2025 19:03:40,3.47,98.754
11/16/2025 19:13:40,3.51,98.762
11/16/2025 19:23:40,3.49,98.774
11/16/2025 19:33:40,3.38,98.808
11/16/2025 19:43:40,3.22,98.811
11/16/2025 19:53:40,3.03,98.799
11/16/2025 20:03:40,2.82,98.816
11/16/2025 20:13:40,2.68,98.839
11/16/2025 20:23:40,2.61,98.860
11/16/2025 20:33:40,2.58,98.852
11/16/2025 20:43:40,2.57,98.870
11/16/2025 20:53:40,2.60,98.885
11/16/2025 21:03:40,2.63,98.905
11/16/2025 21:13:40,2.55,98.916
11/16/2025 21:23:40,2.38,98.914
11/16/2025 21:33:40,2.22,98.913
11/16/2025 21:43:40,2.07,98.922
11/16/2025 21:53:40,1.96,98.908
11/16/2025 22:03:40,1.85,98.920
11/16/2025 22:13:40,1.67,98.939
11/16/2025 22:23:40,1.50,98.951
11/16/2025 22:33:40,1.42,98.947
11/16/2025 22:43:40,1.41,98.956
11/16/2025 22:53:40,1.46,98.960
11/16/2025 23:03:40,1.49,98.968
11/16/2025 23:13:40,1.52,98.970
11/16/2025 23:23:40,1.48,98.984
11/16/2025 23:33:40,1.36,98.973
11/16/2025 23:43:40,1.24,98.989
11/16/2025 23:53:40,1.17,98.996
11/17/2025 00:03:40,1.10,98.985
11/17/2025 00:13:40,0.94,98.993
11/17/2025 00:23:40,0.72,98.977
11/17/2025 00:33:40,0.45,98.970
11/17/2025 00:43:40,0.23,98.976
11/17/2025 00:53:40,0.05,98.974
11/17/2025 01:03:40,-0.06,98.985
11/17/2025 01:13:40,-0.15,98.981
11/17/2025 01:23:40,-0.25,99.016
11/17/2025 01:33:40,-0.37,99.031
11/17/2025 01:43:40,-0.50,99.041
11/17/2025 01:53:40,-0.59,99.050
11/17/2025 02:03:40,-0.66,99.079
11/17/2025 02:13:40,-0.73,99.068
11/17/2025 02:23:40,-0.78,99.064
11/17/2025 02:33:40,-0.78,99.082
11/17/2025 02:43:40,-0.72,99.073
11/17/2025 02:53:40,-0.70,99.085
11/17/2025 03:03:40,-0.71,99.096
11/17/2025 03:13:40,-0.72,99.100
11/17/2025 03:23:40,-0.74,99.107
11/17/2025 03:33:40,-0.78,99.103
11/17/2025 03:43:40,-0.89,99.110
11/17/2025 03:53:40,-1.03,99.124
11/17/2025 04:03:40,-1.13,99.132
11/17/2025 04:13:40,-1.14,99.144
11/17/2025 04:23:40,-1.13,99.163
11/17/2025 04:33:40,-1.09,99.167
11/17/2025 04:43:40,-1.04,99.176
11/17/2025 04:53:40,-0.93,99.186
11/17/2025 05:03:40,-0.78,99.204
11/17/2025 05:13:40,-0.68,99.205
11/17/2025 05:23:40,-0.62,99.224
11/17/2025 05:33:40,-0.63,99.245
11/17/2025 05:43:40,-0.74,99.244
11/17/2025 05:53:40,-0.90,99.255
11/17/2025 06:03:40,-1.00,99.272
11/17/2025 06:13:40,-1.05,99.285
11/17/2025 06:23:40,-1.08,99.300
11/17/2025 06:33:40,-1.14,99.307
11/17/2025 06:43:40,-1.22,99.321
11/17/2025 06:53:40,-1.31,99.340
11/17/2025 07:03:40,-1.35,99.362
11/17/2025 07:13:40,-1.35,99.389
11/17/2025 07:23:40,-1.22,99.397
11/17/2025 07:33:40,-0.96,99.403
11/17/2025 07:43:40,-0.63,99.421
11/17/2025 07:53:40,-0.27,99.432
11/17/2025 08:03:40,0.07,99.459
11/17/2025 08:13:40,0.43,99.475
11/17/2025 08:23:40,1.01,99.475
11/17/2025 08:33:40,1.77,99.486
11/17/2025 08:43:40,2.47,99.504
11/17/2025 08:53:40,2.94,99.532
11/17/2025 09:03:40,3.35,99.542
11/17/2025 09:13:40,3.69,99.540
11/17/2025 09:23:40,4.06,99.550
11/17/2025 09:33:40,6.17,99.530
11/17/2025 09:43:40,9.18,99.512
11/17/2025 09:53:40,11.35,99.506
11/17/2025 10:03:40,13.01,99.518
11/17/2025 10:13:40,14.19,99.519
11/17/2025 10:23:40,14.33,99.537
11/17/2025 10:33:40,12.97,99.568
11/17/2025 10:43:40,12.23,99.589
11/17/2025 10:53:40,13.32,99.585
11/17/2025 11:03:40,13.48,99.574
11/17/2025 11:13:40,12.98,99.578
11/17/2025 11:23:40,13.22,99.582
11/17/2025 11:33:40,13.27,99.590
11/17/2025 11:43:40,13.02,99.603
11/17/2025 11:53:40,13.21,99.604
11/17/2025 12:03:40,12.71,99.616
11/17/2025 12:13:40,11.88,99.621
11/17/2025 12:23:40,11.26,99.637
11/17/2025 12:33:40,10.97,99.645
11/17/2025 12:43:40,11.52,99.665
11/17/2025 12:53:40,11.82,99.674
11/17/2025 13:03:40,12.71,99.700
11/17/2025 13:13:40,12.77,99.691
11/17/2025 13:23:40,12.02,99.707
11/17/2025 13:33:40,10.88,99.741
11/17/2025 13:43:40,9.71,99.757
11/17/2025 13:53:40,9.01,99.764
11/17/2025 14:03:40,8.53,99.775
11/17/2025 14:13:40,7.64,99.774
11/17/2025 14:23:40,6.68,99.829
11/17/2025 14:33:40,5.83,99.837
11/17/2025 14:43:40,5.17,99.870
11/17/2025 14:53:40,4.78,99.877
11/17/2025 15:03:40,4.54,99.892
11/17/2025 15:13:40,4.38,99.922
11/17/2025 15:23:40,4.21,99.952
11/17/2025 15:33:40,3.99,99.981
11/17/2025 15:43:40,3.85,99.991
11/17/2025 15:53:40,3.76,100.014
11/17/2025 16:03:40,3.70,100.044
11/17/2025 16:13:40,3.62,100.051
11/17/2025 16:23:40,3.53,100.078
11/17/2025 16:33:40,3.42,100.104
11/17/2025 16:43:40,3.32,100.130
11/17/2025 16:53:40,3.22,100.125
11/17/2025 17:03:40,3.03,100.136
11/17/2025 17:13:40,2.78,100.193
11/17/2025 17:23:40,2.63,100.184
11/17/2025 17:33:40,2.56,100.191
11/17/2025 17:43:40,2.45,100.212
11/17/2025 17:53:40,2.36,100.248
11/17/2025 18:03:40,2.36,100.239
11/17/2025 18:13:40,2.38,100.263
11/17/2025 18:23:40,2.40,100.261
11/17/2025 18:33:40,2.37,100.280
11/17/2025 18:43:40,2.28,100.298
11/17/2025 18:53:40,2.22,100.310
11/17/2025 19:03:40,2.20,100.322
11/17/2025 19:13:40,2.23,100.333
11/17/2025 19:23:40,2.32,100.332
11/17/2025 19:33:40,2.41,100.345
11/17/2025 19:43:40,2.45,100.345
11/17/2025 19:53:40,2.45,100.367
11/17/2025 20:03:40,2.40,100.362
11/17/2025 20:13:40,2.31,100.359
11/17/2025 20:23:40,2.13,100.365
11/17/2025 20:33:40,1.93,100.395
11/17/2025 20:43:40,1.71,100.397
11/17/2025 20:53:40,1.53,100.394
11/17/2025 21:03:40,1.34,100.404
11/17/2025 21:13:40,1.15,100.417
11/17/2025 21:23:40,0.97,100.410
11/17/2025 21:33:40,0.85,100.451
11/17/2025 21:43:40,0.88,100.467
11/17/2025 21:53:40,1.01,100.470
11/17/2025 22:03:40,1.19,100.474
11/17/2025 22:13:40,1.39,100.478
11/17/2025 22:23:40,1.52,100.494
11/17/2025 22:33:40,1.52,100.530
11/17/2025 22:43:40,1.39,100.558
11/17/2025 22:53:40,1.19,100.557
11/17/2025 23:03:40,0.93,100.573
11/17/2025 23:13:40,0.72,100.589
11/17/2025 23:23:40,0.47,100.592
11/17/2025 23:33:40,0.18,100.614
11/17/2025 23:43:40,-0.10,100.637
11/17/2025 23:53:40,-0.38,100.629
11/18/2025 00:03:40,-0.49,100.631
11/18/2025 00:13:40,-0.48,100.646
11/18/2025 00:23:40,-0.42,100.629
11/18/2025 00:33:40,-0.39,100.631
11/18/2025 00:43:40,-0.35,100.636
11/18/2025 00:53:40,-0.35,100.671
11/18/2025 01:03:40,-0.52,100.673
11/18/2025 01:13:40,-0.82,100.688
11/18/2025 01:23:40,-1.14,100.724
11/18/2025 01:33:40,-1.42,100.737
11/18/2025 01:43:40,-1.62,100.749
11/18/2025 01:53:40,-1.72,100.766
11/18/2025 02:03:40,-1.83,100.755
11/18/2025 02:13:40,-2.00,100.775
11/18/2025 02:23:40,-2.19,100.778
11/18/2025 02:33:40,-2.41,100.775
11/18/2025 02:43:40,-2.63,100.788
11/18/2025 02:53:40,-2.81,100.797
11/18/2025 03:03:40,-2.91,100.805
11/18/2025 03:13:40,-2.93,100.821
11/18/2025 03:23:40,-2.91,100.827
11/18/2025 03:33:40,-2.89,100.820
11/18/2025 03:43:40,-2.94,100.837
11/18/2025 03:53:40,-3.02,100.847
11/18/2025 04:03:40,-3.14,100.840
11/18/2025 04:13:40,-3.27,100.836
11/18/2025 04:23:40,-3.43,100.860
11/18/2025 04:33:40,-3.59,100.853
11/18/2025 04:43:40,-3.74,100.869
11/18/2025 04:53:40,-3.89,100.881
11/18/2025 05:03:40,-4.02,100.898
11/18/2025 05:13:40,-4.16,100.915
11/18/2025 05:23:40,-4.27,100.935
11/18/2025 05:33:40,-4.36,100.939
11/18/2025 05:43:40,-4.42,100.973
11/18/2025 05:53:40,-4.44,100.988
11/18/2025 06:03:40,-4.45,101.000
11/18/2025 06:13:40,-4.51,101.012
11/18/2025 06:23:40,-4.60,101.021
11/18/2025 06:33:40,-4.67,101.049
11/18/2025 06:43:40,-4.72,101.057
11/18/2025 06:53:40,-4.74,101.064
11/18/2025 07:03:40,-4.69,101.082
11/18/2025 07:13:40,-4.59,101.114
11/18/2025 07:23:40,-4.48,101.120
11/18/2025 07:33:40,-4.35,101.147
11/18/2025 07:43:40,-4.13,101.146
11/18/2025 07:53:40,-3.82,101.164
11/18/2025 08:03:40,-3.29,101.199
11/18/2025 08:13:40,-2.24,101.208
11/18/2025 08:23:40,-0.72,101.204
11/18/2025 08:33:40,1.41,101.207
11/18/2025 08:43:40,3.33,101.190
11/18/2025 08:53:40,5.32,101.194
11/18/2025 09:03:40,8.57,101.150
11/18/2025 09:13:40,12.37,101.107
11/18/2025 09:23:40,15.37,101.116
11/18/2025 09:33:40,17.79,101.103
11/18/2025 09:43:40,19.16,101.103
11/18/2025 09:53:40,19.69,101.120
11/18/2025 10:03:40,20.14,101.148
11/18/2025 10:13:40,20.99,101.148
11/18/2025 10:23:40,21.43,101.130
11/18/2025 10:33:40,22.12,101.110
11/18/2025 10:43:40,23.06,101.112
11/18/2025 10:53:40,24.00,101.122
11/18/2025 11:03:40,24.09,101.145
11/18/2025 11:13:40,23.11,101.120
11/18/2025 11:23:40,22.07,101.124
11/18/2025 11:33:40,20.24,101.115
11/18/2025 11:43:40,18.31,101.115
11/18/2025 11:53:40,17.02,101.122
11/18/2025 12:03:40,15.40,101.131
11/18/2025 12:13:40,13.98,101.119
11/18/2025 12:23:40,13.02,101.124
11/18/2025 12:33:40,12.93,101.117
11/18/2025 12:43:40,13.99,101.102
11/18/2025 12:53:40,15.38,101.072
11/18/2025 13:03:40,16.86,101.067
11/18/2025 13:13:40,17.09,101.092
11/18/2025 13:23:40,17.01,101.100
11/18/2025 13:33:40,16.87,101.130
11/18/2025 13:43:40,15.84,101.099
11/18/2025 13:53:40,14.17,101.128
11/18/2025 14:03:40,12.65,101.124
11/18/2025 14:13:40,11.40,101.149
11/18/2025 14:23:40,10.33,101.160
11/18/2025 14:33:40,9.51,101.162
11/18/2025 14:43:40,8.86,101.172
11/18/2025 14:53:40,8.27,101.183
11/18/2025 15:03:40,7.70,101.185
11/18/2025 15:13:40,7.20,101.197
11/18/2025 15:23:40,6.73,101.229
11/18/2025 15:33:40,6.31,101.247
11/18/2025 15:43:40,5.92,101.224
11/18/2025 15:53:40,5.46,101.233
11/18/2025 16:03:40,4.90,101.260
11/18/2025 16:13:40,4.33,101.277
11/18/2025 16:23:40,3.88,101.309
11/18/2025 16:33:40,3.49,101.327
11/18/2025 16:43:40,3.05,101.346
11/18/2025 16:53:40,2.54,101.376
11/18/2025 17:03:40,2.03,101.378
11/18/2025 17:13:40,1.54,101.395
11/18/2025 17:23:40,1.08,101.398
11/18/2025 17:33:40,0.69,101.388
11/18/2025 17:43:40,0.33,101.386
11/18/2025 17:53:40,-0.02,101.385
11/18/2025 18:03:40,-0.33,101.412
11/18/2025 18:13:40,-0.62,101.438
11/18/2025 18:23:40,-0.88,101.435
11/18/2025 18:33:40,-1.12,101.452
11/18/2025 18:43:40,-1.35,101.439
11/18/2025 18:53:40,-1.57,101.462
11/18/2025 19:03:40,-1.78,101.459
11/18/2025 19:13:40,-1.97,101.468
11/18/2025 19:23:40,-2.14,101.460
11/18/2025 19:33:40,-2.29,101.464
11/18/2025 19:43:40,-2.42,101.504
11/18/2025 19:53:40,-2.53,101.515
11/18/2025 20:03:40,-2.64,101.495
11/18/2025 20:13:40,-2.77,101.509
11/18/2025 20:23:40,-2.88,101.525
11/18/2025 20:33:40,-2.99,101.505
11/18/2025 20:43:40,-3.10,101.512
11/18/2025 20:53:40,-3.23,101.526
11/18/2025 21:03:40,-3.34,101.510
11/18/2025 21:13:40,-3.46,101.503
11/18/2025 21:23:40,-3.58,101.509
11/18/2025 21:33:40,-3.70,101.510
11/18/2025 21:43:40,-3.84,101.518
11/18/2025 21:53:40,-3.98,101.527
11/18/2025 22:03:40,-4.10,101.527
11/18/2025 22:13:40,-4.24,101.544
11/18/2025 22:23:40,-4.36,101.541
11/18/2025 22:33:40,-4.46,101.549
11/18/2025 22:43:40,-4.54,101.558
11/18/2025 22:53:40,-4.64,101.540
11/18/2025 23:03:40,-4.78,101.548
11/18/2025 23:13:40,-4.90,101.553
11/18/2025 23:23:40,-5.00,101.547
11/18/2025 23:33:40,-5.05,101.569
11/18/2025 23:43:40,-5.10,101.546
11/18/2025 23:53:40,-5.15,101.558
11/19/2025 00:03:40,-5.23,101.541
11/19/2025 00:13:40,-5.29,101.531
11/19/2025 00:23:40,-5.32,101.550
11/19/2025 00:33:40,-5.38,101.548
11/19/2025 00:43:40,-5.50,101.541
11/19/2025 00:53:40,-5.60,101.556
11/19/2025 01:03:40,-5.71,101.550
11/19/2025 01:13:40,-5.79,101.559
11/19/2025 01:23:40,-5.86,101.557
11/19/2025 01:33:40,-5.91,101.573
11/19/2025 01:43:40,-5.98,101.602
11/19/2025 01:53:40,-6.07,101.614
11/19/2025 02:03:40,-6.19,101.615
11/19/2025 02:13:40,-6.29,101.622
11/19/2025 02:23:40,-6.37,101.605
11/19/2025 02:33:40,-6.39,101.599
11/19/2025 02:43:40,-6.40,101.580
11/19/2025 02:53:40,-6.44,101.594
11/19/2025 03:03:40,-6.48,101.590
11/19/2025 03:13:40,-6.52,101.599
11/19/2025 03:23:40,-6.53,101.607
11/19/2025 03:33:40,-6.54,101.619
11/19/2025 03:43:40,-6.56,101.612
11/19/2025 03:53:40,-6.58,101.623
11/19/2025 04:03:40,-6.57,101.637
11/19/2025 04:13:40,-6.56,101.612
11/19/2025 04:23:40,-6.57,101.624
11/19/2025 04:33:40,-6.61,101.616
11/19/2025 04:43:40,-6.64,101.616
11/19/2025 04:53:40,-6.64,101.625
11/19/2025 05:03:40,-6.65,101.625
11/19/2025 05:13:40,-6.68,101.618
11/19/2025 05:23:40,-6.73,101.625
11/19/2025 05:33:40,-6.78,101.628
11/19/2025 05:43:40,-6.88,101.644
11/19/2025 05:53:40,-7.02,101.661
11/19/2025 06:03:40,-7.14,101.662
11/19/2025 06:13:40,-7.22,101.689
11/19/2025 06:23:40,-7.31,101.684
11/19/2025 06:33:40,-7.39,101.710
11/19/2025 06:43:40,-7.45,101.717
11/19/2025 06:53:40,-7.47,101.715
11/19/2025 07:03:40,-7.46,101.699
11/19/2025 07:13:40,-7.43,101.706
11/19/2025 07:23:40,-7.37,101.730
11/19/2025 07:33:40,-7.26,101.737
11/19/2025 07:43:40,-7.17,101.742
11/19/2025 07:53:40,-7.04,101.760
11/19/2025 08:03:40,-6.70,101.774
11/19/2025 08:13:40,-5.83,101.783
11/19/2025 08:23:40,-4.46,101.782
11/19/2025 08:33:40,-2.78,101.789
11/19/2025 08:43:40,-0.81,101.768
11/19/2025 08:53:40,1.81,101.760
11/19/2025 09:03:40,4.70,101.729
11/19/2025 09:13:40,7.82,101.686
11/19/2025 09:23:40,10.80,101.670
11/19/2025 09:33:40,13.28,101.658
11/19/2025 09:43:40,14.80,101.644
11/19/2025 09:53:40,15.46,101.655
11/19/2025 10:03:40,16.27,101.654
11/19/2025 10:13:40,17.51,101.636
11/19/2025 10:23:40,18.08,101.647
11/19/2025 10:33:40,18.73,101.636
11/19/2025 10:43:40,19.98,101.606
11/19/2025 10:53:40,21.36,101.599
11/19/2025 11:03:40,21.93,101.593
11/19/2025 11:13:40,20.99,101.563
11/19/2025 11:23:40,20.14,101.545
11/19/2025 11:33:40,18.68,101.527
11/19/2025 11:43:40,16.86,101.525
11/19/2025 11:53:40,15.57,101.516
11/19/2025 12:03:40,14.16,101.513
11/19/2025 12:13:40,12.99,101.512
11/19/2025 12:23:40,12.30,101.501
11/19/2025 12:33:40,12.29,101.491
11/19/2025 12:43:40,13.28,101.458
11/19/2025 12:53:40,14.79,101.439
11/19/2025 13:03:40,16.74,101.432
11/19/2025 13:13:40,17.49,101.426
11/19/2025 13:23:40,17.71,101.445
11/19/2025 13:33:40,17.70,101.448
11/19/2025 13:43:40,16.93,101.455
11/19/2025 13:53:40,15.18,101.458
11/19/2025 14:03:40,13.45,101.466
11/19/2025 14:13:40,11.80,101.490
11/19/2025 14:23:40,10.41,101.521
11/19/2025 14:33:40,9.29,101.543
11/19/2025 14:43:40,8.48,101.553
11/19/2025 14:53:40,7.89,101.550
11/19/2025 15:03:40,7.36,101.551
11/19/2025 15:13:40,6.86,101.572
11/19/2025 15:23:40,6.38,101.598
11/19/2025 15:33:40,5.91,101.616
11/19/2025 15:43:40,5.44,101.616
11/19/2025 15:53:40,4.94,101.635
11/19/2025 16:03:40,4.42,101.665
11/19/2025 16:13:40,3.88,101.675
11/19/2025 16:23:40,3.30,101.704
11/19/2025 16:33:40,2.72,101.701
11/19/2025 16:43:40,2.15,101.724
11/19/2025 16:53:40,1.60,101.745
11/19/2025 17:03:40,1.06,101.762
11/19/2025 17:13:40,0.58,101.770
11/19/2025 17:23:40,0.15,101.770
11/19/2025 17:33:40,-0.23,101.783
11/19/2025 17:43:40,-0.57,101.782
11/19/2025 17:53:40,-0.86,101.798
11/19/2025 18:03:40,-1.12,101.817
11/19/2025 18:13:40,-1.37,101.816
11/19/2025 18:23:40,-1.59,101.803
11/19/2025 18:33:40,-1.79,101.829
11/19/2025 18:43:40,-1.96,101.843
11/19/2025 18:53:40,-2.13,101.845
11/19/2025 19:03:40,-2.29,101.851
11/19/2025 19:13:40,-2.45,101.857
11/19/2025 19:23:40,-2.62,101.863
11/19/2025 19:33:40,-2.78,101.887
11/19/2025 19:43:40,-2.94,101.888
11/19/2025 19:53:40,-3.11,101.880
11/19/2025 20:03:40,-3.29,101.907
11/19/2025 20:13:40,-3.45,101.900
11/19/2025 20:23:40,-3.61,101.898
11/19/2025 20:33:40,-3.76,101.896
11/19/2025 20:43:40,-3.89,101.892
11/19/2025 20:53:40,-4.00,101.902
11/19/2025 21:03:40,-4.09,101.889
11/19/2025 21:13:40,-4.17,101.885
11/19/2025 21:23:40,-4.27,101.884
11/19/2025 21:33:40,-4.36,101.884
11/19/2025 21:43:40,-4.47,101.877
11/19/2025 21:53:40,-4.58,101.897
11/19/2025 22:03:40,-4.69,101.895
11/19/2025 22:13:40,-4.77,101.922
11/19/2025 22:23:40,-4.87,101.952
11/19/2025 22:33:40,-4.98,101.967
11/19/2025 22:43:40,-5.10,101.960
11/19/2025 22:53:40,-5.22,101.960
11/19/2025 23:03:40,-5.32,101.958
11/19/2025 23:13:40,-5.39,101.965
11/19/2025 23:23:40,-5.43,101.956
11/19/2025 23:33:40,-5.50,101.971
11/19/2025 23:43:40,-5.59,101.980
11/19/2025 23:53:40,-5.66,101.964
11/20/2025 00:03:40,-5.74,101.964
11/20/2025 00:13:40,-5.83,101.951
11/20/2025 00:23:40,-5.92,101.972
11/20/2025 00:33:40,-5.98,101.957
11/20/2025 00:43:40,-6.05,101.950
11/20/2025 00:53:40,-6.13,101.947
11/20/2025 01:03:40,-6.22,101.941
11/20/2025 01:13:40,-6.32,101.945
11/20/2025 01:23:40,-6.39,101.950
11/20/2025 01:33:40,-6.42,101.956
11/20/2025 01:43:40,-6.43,101.955
11/20/2025 01:53:40,-6.39,101.945
11/20/2025 02:03:40,-6.31,101.959
11/20/2025 02:13:40,-6.21,101.942
11/20/2025 02:23:40,-6.13,101.950
11/20/2025 02:33:40,-6.07,101.939
11/20/2025 02:43:40,-6.03,101.930
11/20/2025 02:53:40,-5.97,101.909
11/20/2025 03:03:40,-5.89,101.923
11/20/2025 03:13:40,-5.79,101.915
11/20/2025 03:23:40,-5.73,101.903
11/20/2025 03:33:40,-5.72,101.927
11/20/2025 03:43:40,-5.73,101.934
11/20/2025 03:53:40,-5.75,101.946
11/20/2025 04:03:40,-5.78,101.943
11/20/2025 04:13:40,-5.82,101.947
11/20/2025 04:23:40,-5.84,101.950
11/20/2025 04:33:40,-5.82,101.939
11/20/2025 04:43:40,-5.73,101.943
11/20/2025 04:53:40,-5.64,101.948
11/20/2025 05:03:40,-5.54,101.949
11/20/2025 05:13:40,-5.47,101.961
11/20/2025 05:23:40,-5.42,101.958
11/20/2025 05:33:40,-5.38,101.975
11/20/2025 05:43:40,-5.37,101.980
11/20/2025 05:53:40,-5.33,101.976
11/20/2025 06:03:40,-5.26,101.991
11/20/2025 06:13:40,-5.18,102.008
11/20/2025 06:23:40,-5.12,102.014
11/20/2025 06:33:40,-5.04,102.014
11/20/2025 06:43:40,-4.96,102.013
11/20/2025 06:53:40,-4.92,102.013
11/20/2025 07:03:40,-4.89,102.011
11/20/2025 07:13:40,-4.88,102.017
11/20/2025 07:23:40,-4.86,102.014
11/20/2025 07:33:40,-4.81,102.019
11/20/2025 07:43:40,-4.70,102.004
11/20/2025 07:53:40,-4.49,102.020
11/20/2025 08:03:40,-4.17,102.013
11/20/2025 08:13:40,-3.60,102.017
11/20/2025 08:23:40,-2.74,102.022
11/20/2025 08:33:40,-1.98,102.026
11/20/2025 08:43:40,-1.20,102.031
11/20/2025 08:53:40,-0.28,102.038
11/20/2025 09:03:40,1.01,102.031
11/20/2025 09:13:40,3.65,101.986
11/20/2025 09:23:40,7.10,101.932
11/20/2025 09:33:40,10.03,101.912
11/20/2025 09:43:40,11.87,101.912
11/20/2025 09:53:40,12.61,101.928
11/20/2025 10:03:40,12.08,101.955
11/20/2025 10:13:40,12.95,101.948
11/20/2025 10:23:40,14.41,101.913
11/20/2025 10:33:40,16.32,101.883
11/20/2025 10:43:40,18.18,101.854
11/20/2025 10:53:40,19.42,101.815
11/20/2025 11:03:40,18.32,101.810
11/20/2025 11:13:40,16.05,101.785
11/20/2025 11:23:40,14.25,101.777
11/20/2025 11:33:40,13.26,101.763
11/20/2025 11:43:40,12.51,101.747
11/20/2025 11:53:40,12.17,101.717
11/20/2025 12:03:40,11.54,101.705
11/20/2025 12:13:40,10.84,101.687
11/20/2025 12:23:40,10.35,101.662
11/20/2025 12:33:40,10.49,101.651
11/20/2025 12:43:40,10.88,101.650
11/20/2025 12:53:40,10.39,101.639
11/20/2025 13:03:40,10.87,101.618
11/20/2025 13:13:40,11.87,101.588
11/20/2025 13:23:40,12.80,101.565
11/20/2025 13:33:40,13.80,101.554
11/20/2025 13:43:40,13.68,101.572
11/20/2025 13:53:40,12.73,101.577
11/20/2025 14:03:40,11.53,101.594
11/20/2025 14:13:40,10.24,101.601
11/20/2025 14:23:40,9.07,101.610
11/20/2025 14:33:40,8.11,101.621
11/20/2025 14:43:40,7.38,101.624
11/20/2025 14:53:40,6.89,101.641
11/20/2025 15:03:40,6.44,101.652
11/20/2025 15:13:40,6.02,101.656
11/20/2025 15:23:40,5.60,101.638
11/20/2025 15:33:40,5.16,101.654
11/20/2025 15:43:40,4.69,101.666
11/20/2025 15:53:40,4.19,101.667
11/20/2025 16:03:40,3.66,101.656
11/20/2025 16:13:40,3.12,101.665
11/20/2025 16:23:40,2.56,101.656
11/20/2025 16:33:40,2.00,101.640
11/20/2025 16:43:40,1.44,101.647
11/20/2025 16:53:40,0.91,101.642
11/20/2025 17:03:40,0.42,101.645
11/20/2025 17:13:40,-0.04,101.664
11/20/2025 17:23:40,-0.45,101.683
11/20/2025 17:33:40,-0.82,101.670
11/20/2025 17:43:40,-1.14,101.697
11/20/2025 17:53:40,-1.43,101.709
11/20/2025 18:03:40,-1.69,101.710
11/20/2025 18:13:40,-1.95,101.730
11/20/2025 18:23:40,-2.18,101.738
11/20/2025 18:33:40,-2.39,101.727
11/20/2025 18:43:40,-2.58,101.708
11/20/2025 18:53:40,-2.76,101.704
11/20/2025 19:03:40,-2.92,101.696
11/20/2025 19:13:40,-3.07,101.686
11/20/2025 19:23:40,-3.22,101.680
11/20/2025 19:33:40,-3.37,101.679
11/20/2025 19:43:40,-3.52,101.682
11/20/2025 19:53:40,-3.65,101.695
11/20/2025 20:03:40,-3.79,101.668
11/20/2025 20:13:40,-3.92,101.686
11/20/2025 20:23:40,-4.04,101.700
11/20/2025 20:33:40,-4.16,101.688
11/20/2025 20:43:40,-4.29,101.689
11/20/2025 20:53:40,-4.41,101.708
11/20/2025 21:03:40,-4.53,101.687
11/20/2025 21:13:40,-4.64,101.676
11/20/2025 21:23:40,-4.75,101.691
11/20/2025 21:33:40,-4.83,101.678
11/20/2025 21:43:40,-4.88,101.700
11/20/2025 21:53:40,-4.94,101.711
11/20/2025 22:03:40,-5.04,101.706
11/20/2025 22:13:40,-5.16,101.703
11/20/2025 22:23:40,-5.27,101.651
11/20/2025 22:33:40,-5.37,101.637
11/20/2025 22:43:40,-5.46,101.668
11/20/2025 22:53:40,-5.52,101.684
11/20/2025 23:03:40,-5.59,101.698
11/20/2025 23:13:40,-5.66,101.700
11/20/2025 23:23:40,-5.73,101.706
11/20/2025 23:33:40,-5.82,101.697
11/20/2025 23:43:40,-5.88,101.704
11/20/2025 23:53:40,-5.95,101.688
11/21/2025 00:03:40,-6.05,101.678
11/21/2025 00:13:40,-6.14,101.642
11/21/2025 00:23:40,-6.19,101.615
11/21/2025 00:33:40,-6.20,101.618
11/21/2025 00:43:40,-6.21,101.609
11/21/2025 00:53:40,-6.23,101.589
11/21/2025 01:03:40,-6.28,101.588
11/21/2025 01:13:40,-6.34,101.564
11/21/2025 01:23:40,-6.41,101.545
11/21/2025 01:33:40,-6.46,101.535
11/21/2025 01:43:40,-6.48,101.515
11/21/2025 01:53:40,-6.50,101.504
11/21/2025 02:03:40,-6.53,101.514
11/21/2025 02:13:40,-6.59,101.486
11/21/2025 02:23:40,-6.67,101.487
11/21/2025 02:33:40,-6.72,101.485
11/21/2025 02:43:40,-6.75,101.478
11/21/2025 02:53:40,-6.80,101.500
11/21/2025 03:03:40,-6.85,101.481
11/21/2025 03:13:40,-6.92,101.469
11/21/2025 03:23:40,-6.95,101.445
11/21/2025 03:33:40,-6.94,101.436
11/21/2025 03:43:40,-6.94,101.410
11/21/2025 03:53:40,-6.94,101.389
11/21/2025 04:03:40,-6.94,101.384
11/21/2025 04:13:40,-6.96,101.391
11/21/2025 04:23:40,-6.99,101.405
11/21/2025 04:33:40,-7.00,101.448
11/21/2025 04:43:40,-7.04,101.448
11/21/2025 04:53:40,-7.09,101.403
11/21/2025 05:03:40,-7.11,101.406
11/21/2025 05:13:40,-7.08,101.409
11/21/2025 05:23:40,-7.04,101.413
11/21/2025 05:33:40,-6.91,101.418
11/21/2025 05:43:40,-6.63,101.434
11/21/2025 05:53:40,-6.28,101.409
11/21/2025 06:03:40,-5.91,101.393
11/21/2025 06:13:40,-5.55,101.373
11/21/2025 06:23:40,-5.22,101.375
11/21/2025 06:33:40,-4.93,101.388
11/21/2025 06:43:40,-4.65,101.372
11/21/2025 06:53:40,-4.39,101.380
11/21/2025 07:03:40,-4.16,101.399
11/21/2025 07:13:40,-3.93,101.377
11/21/2025 07:23:40,-3.72,101.380
11/21/2025 07:33:40,-3.51,101.388
11/21/2025 07:43:40,-3.30,101.391
11/21/2025 07:53:40,-3.11,101.392
11/21/2025 08:03:40,-2.94,101.374
11/21/2025 08:13:40,-2.77,101.369
11/21/2025 08:23:40,-2.60,101.363
11/21/2025 08:33:40,-2.44,101.370
11/21/2025 08:43:40,-2.30,101.365
11/21/2025 08:53:40,-2.14,101.368
11/21/2025 09:03:40,-1.97,101.345
11/21/2025 09:13:40,-1.79,101.344
11/21/2025 09:23:40,-1.60,101.354
11/21/2025 09:33:40,-1.40,101.333
11/21/2025 09:43:40,-1.21,101.342
11/21/2025 09:53:40,-1.02,101.343
11/21/2025 10:03:40,-0.83,101.325
11/21/2025 10:13:40,-0.66,101.280
11/21/2025 10:23:40,-0.38,101.267
11/21/2025 10:33:40,0.06,101.211
11/21/2025 10:43:40,0.73,101.168
11/21/2025 10:53:40,1.80,101.133
11/21/2025 11:03:40,3.40,101.077
11/21/2025 11:13:40,5.49,101.010
11/21/2025 11:23:40,6.82,101.002
11/21/2025 11:33:40,7.55,100.960
11/21/2025 11:43:40,8.43,100.939
11/21/2025 11:53:40,9.23,100.914
11/21/2025 12:03:40,9.34,100.918
11/21/2025 12:13:40,9.46,100.893
11/21/2025 12:23:40,9.75,100.885
11/21/2025 12:33:40,9.90,100.888
11/21/2025 12:43:40,10.08,100.892
11/21/2025 12:53:40,10.20,100.862
11/21/2025 13:03:40,10.33,100.868
11/21/2025 13:13:40,10.42,100.875
11/21/2025 13:23:40,10.44,100.840
11/21/2025 13:33:40,11.32,100.806
11/21/2025 13:43:40,12.00,100.792
11/21/2025 13:53:40,11.79,100.789
11/21/2025 14:03:40,11.48,100.797
11/21/2025 14:13:40,11.10,100.803
11/21/2025 14:23:40,10.76,100.790
11/21/2025 14:33:40,10.43,100.796
11/21/2025 14:43:40,10.05,100.815
11/21/2025 14:53:40,9.75,100.822
11/21/2025 15:03:40,9.54,100.810
11/21/2025 15:13:40,9.34,100.808
11/21/2025 15:23:40,9.07,100.804
11/21/2025 15:33:40,8.67,100.786
11/21/2025 15:43:40,8.15,100.802
11/21/2025 15:53:40,7.65,100.805
11/21/2025 16:03:40,7.22,100.783
11/21/2025 16:13:40,6.90,100.801
11/21/2025 16:23:40,6.67,100.787
11/21/2025 16:33:40,6.52,100.792
11/21/2025 16:43:40,6.42,100.779
11/21/2025 16:53:40,6.33,100.789
11/21/2025 17:03:40,6.25,100.809
11/21/2025 17:13:40,6.20,100.814
11/21/2025 17:23:40,6.17,100.811
11/21/2025 17:33:40,6.15,100.809
11/21/2025 17:43:40,6.11,100.828
11/21/2025 17:53:40,6.06,100.819
11/21/2025 18:03:40,5.95,100.833
11/21/2025 18:13:40,5.68,100.819
11/21/2025 18:23:40,5.26,100.796
11/21/2025 18:33:40,4.81,100.811
11/21/2025 18:43:40,4.34,100.810
11/21/2025 18:53:40,3.89,100.802
11/21/2025 19:03:40,3.44,100.811
11/21/2025 19:13:40,3.00,100.817
11/21/2025 19:23:40,2.59,100.802
11/21/2025 19:33:40,2.18,100.819
11/21/2025 19:43:40,1.81,100.816
11/21/2025 19:53:40,1.49,100.822
11/21/2025 20:03:40,1.24,100.813
11/21/2025 20:13:40,0.99,100.817
11/21/2025 20:23:40,0.73,100.819
11/21/2025 20:33:40,0.51,100.812
11/21/2025 20:43:40,0.37,100.794
11/21/2025 20:53:40,0.35,100.797
11/21/2025 21:03:40,0.42,100.795
11/21/2025 21:13:40,0.46,100.768
11/21/2025 21:23:40,0.41,100.781
11/21/2025 21:33:40,0.26,100.780
11/21/2025 21:43:40,0.06,100.789
11/21/2025 21:53:40,-0.07,100.781
11/21/2025 22:03:40,-0.11,100.768
11/21/2025 22:13:40,-0.12,100.785
11/21/2025 22:23:40,-0.14,100.791
11/21/2025 22:33:40,-0.19,100.796
11/21/2025 22:43:40,-0.20,100.781
11/21/2025 22:53:40,-0.27,100.771
11/21/2025 23:03:40,-0.41,100.775
11/21/2025 23:13:40,-0.56,100.774
11/21/2025 23:23:40,-0.72,100.781
11/21/2025 23:33:40,-0.85,100.778
11/21/2025 23:43:40,-0.96,100.772
11/21/2025 23:53:40,-0.97,100.762
11/22/2025 00:03:40,-0.85,100.769
11/22/2025 00:13:40,-0.67,100.738
11/22/2025 00:23:40,-0.46,100.718
11/22/2025 00:33:40,-0.27,100.718
11/22/2025 00:43:40,-0.07,100.719
11/22/2025 00:53:40,0.13,100.716
11/22/2025 01:03:40,0.33,100.720
11/22/2025 01:13:40,0.51,100.724
11/22/2025 01:23:40,0.68,100.722
11/22/2025 01:33:40,0.82,100.708
11/22/2025 01:43:40,0.92,100.713
11/22/2025 01:53:40,0.98,100.688
11/22/2025 02:03:40,1.01,100.691
11/22/2025 02:13:40,1.02,100.670
11/22/2025 02:23:40,1.02,100.678
11/22/2025 02:33:40,1.00,100.681
11/22/2025 02:43:40,0.99,100.680
11/22/2025 02:53:40,0.96,100.691
11/22/2025 03:03:40,0.94,100.698
11/22/2025 03:13:40,0.94,100.667
11/22/2025 03:23:40,0.96,100.655
11/22/2025 03:33:40,1.01,100.660
11/22/2025 03:43:40,1.06,100.638
11/22/2025 03:53:40,1.12,100.643
11/22/2025 04:03:40,1.17,100.639
11/22/2025 04:13:40,1.23,100.631
11/22/2025 04:23:40,1.30,100.611
11/22/2025 04:33:40,1.39,100.619
11/22/2025 04:43:40,1.47,100.613
11/22/2025 04:53:40,1.53,100.615
11/22/2025 05:03:40,1.59,100.594
11/22/2025 05:13:40,1.64,100.624
11/22/2025 05:23:40,1.68,100.623
11/22/2025 05:33:40,1.70,100.630
11/22/2025 05:43:40,1.72,100.649
11/22/2025 05:53:40,1.72,100.645
11/22/2025 06:03:40,1.74,100.664
11/22/2025 06:13:40,1.77,100.653
11/22/2025 06:23:40,1.81,100.649
11/22/2025 06:33:40,1.86,100.648
11/22/2025 06:43:40,1.90,100.653
11/22/2025 06:53:40,1.95,100.639
11/22/2025 07:03:40,2.01,100.644
11/22/2025 07:13:40,2.05,100.622
11/22/2025 07:23:40,2.11,100.614
11/22/2025 07:33:40,2.18,100.594
11/22/2025 07:43:40,2.26,100.592
11/22/2025 07:53:40,2.36,100.592
11/22/2025 08:03:40,2.47,100.637
11/22/2025 08:13:40,2.59,100.657
11/22/2025 08:23:40,2.68,100.651
11/22/2025 08:33:40,2.75,100.645
11/22/2025 08:43:40,2.85,100.654
11/22/2025 08:53:40,3.04,100.622
11/22/2025 09:03:40,3.41,100.606
11/22/2025 09:13:40,3.86,100.606
11/22/2025 09:23:40,4.34,100.616
11/22/2025 09:33:40,4.70,100.599
11/22/2025 09:43:40,4.96,100.608
11/22/2025 09:53:40,5.09,100.601
11/22/2025 10:03:40,5.14,100.627
11/22/2025 10:13:40,5.11,100.616
11/22/2025 10:23:40,5.14,100.614
11/22/2025 10:33:40,5.25,100.605
11/22/2025 10:43:40,5.37,100.620
11/22/2025 10:53:40,5.42,100.594
11/22/2025 11:03:40,5.48,100.598
11/22/2025 11:13:40,5.51,100.575
11/22/2025 11:23:40,5.55,100.578
11/22/2025 11:33:40,5.62,100.562
11/22/2025 11:43:40,5.83,100.531
11/22/2025 11:53:40,6.23,100.524
11/22/2025 12:03:40,6.88,100.499
11/22/2025 12:13:40,7.72,100.506
11/22/2025 12:23:40,8.59,100.487
11/22/2025 12:33:40,9.60,100.457
11/22/2025 12:43:40,10.78,100.428
11/22/2025 12:53:40,12.11,100.409
11/22/2025 13:03:40,12.65,100.405
11/22/2025 13:13:40,12.46,100.400
11/22/2025 13:23:40,12.79,100.393
11/22/2025 13:33:40,12.91,100.384
11/22/2025 13:43:40,12.58,100.413
11/22/2025 13:53:40,12.23,100.410
11/22/2025 14:03:40,11.78,100.425
11/22/2025 14:13:40,11.38,100.421
11/22/2025 14:23:40,10.80,100.421
11/22/2025 14:33:40,10.02,100.463
11/22/2025 14:43:40,9.40,100.485
11/22/2025 14:53:40,8.90,100.521
11/22/2025 15:03:40,8.53,100.526
11/22/2025 15:13:40,8.32,100.541
11/22/2025 15:23:40,8.11,100.551
11/22/2025 15:33:40,7.70,100.571
11/22/2025 15:43:40,7.24,100.573
11/22/2025 15:53:40,6.75,100.581
11/22/2025 16:03:40,6.23,100.578
11/22/2025 16:13:40,5.66,100.609
11/22/2025 16:23:40,4.99,100.636
11/22/2025 16:33:40,4.28,100.660
11/22/2025 16:43:40,3.58,100.691
11/22/2025 16:53:40,2.91,100.703
11/22/2025 17:03:40,2.29,100.718
11/22/2025 17:13:40,1.73,100.747
11/22/2025 17:23:40,1.23,100.772
11/22/2025 17:33:40,0.79,100.798
11/22/2025 17:43:40,0.41,100.803
11/22/2025 17:53:40,0.09,100.826
11/22/2025 18:03:40,-0.18,100.849
11/22/2025 18:13:40,-0.44,100.865
11/22/2025 18:23:40,-0.68,100.878
11/22/2025 18:33:40,-0.89,100.898
11/22/2025 18:43:40,-1.08,100.897
11/22/2025 18:53:40,-1.26,100.915
11/22/2025 19:03:40,-1.42,100.909
11/22/2025 19:13:40,-1.57,100.961
11/22/2025 19:23:40,-1.71,101.004
11/22/2025 19:33:40,-1.83,101.015
11/22/2025 19:43:40,-1.90,100.995
11/22/2025 19:53:40,-1.94,101.014
11/22/2025 20:03:40,-1.96,101.033
11/22/2025 20:13:40,-1.96,101.038
11/22/2025 20:23:40,-1.96,101.029
11/22/2025 20:33:40,-2.00,101.060
11/22/2025 20:43:40,-2.08,101.065
11/22/2025 20:53:40,-2.19,101.077
11/22/2025 21:03:40,-2.32,101.074
11/22/2025 21:13:40,-2.46,101.082
11/22/2025 21:23:40,-2.62,101.097
11/22/2025 21:33:40,-2.78,101.130
11/22/2025 21:43:40,-2.95,101.140
11/22/2025 21:53:40,-3.11,101.146
11/22/2025 22:03:40,-3.29,101.138
11/22/2025 22:13:40,-3.45,101.121
11/22/2025 22:23:40,-3.61,101.115
11/22/2025 22:33:40,-3.75,101.105
11/22/2025 22:43:40,-3.86,101.085
11/22/2025 22:53:40,-3.97,101.079
11/22/2025 23:03:40,-4.05,101.075
11/22/2025 23:13:40,-4.18,101.089
11/22/2025 23:23:40,-4.33,101.096
11/22/2025 23:33:40,-4.49,101.058
11/22/2025 23:43:40,-4.60,101.065
11/22/2025 23:53:40,-4.69,101.073
11/23/2025 00:03:40,-4.79,101.076
11/23/2025 00:13:40,-4.89,101.066
11/23/2025 00:23:40,-4.95,101.087
11/23/2025 00:33:40,-4.96,101.085
11/23/2025 00:43:40,-5.01,101.108
11/23/2025 00:53:40,-5.06,101.106
11/23/2025 01:03:40,-5.11,101.110
11/23/2025 01:13:40,-5.17,101.087
11/23/2025 01:23:40,-5.22,101.077
11/23/2025 01:33:40,-5.28,101.084
11/23/2025 01:43:40,-5.34,101.091
11/23/2025 01:53:40,-5.40,101.068
11/23/2025 02:03:40,-5.44,101.086
11/23/2025 02:13:40,-5.42,101.092
11/23/2025 02:23:40,-5.46,101.084
11/23/2025 02:33:40,-5.59,101.088
11/23/2025 02:43:40,-5.74,101.130
11/23/2025 02:53:40,-5.91,101.121
11/23/2025 03:03:40,-6.06,101.136
11/23/2025 03:13:40,-6.20,101.131
11/23/2025 03:23:40,-6.31,101.142
11/23/2025 03:33:40,-6.40,101.137
11/23/2025 03:43:40,-6.44,101.146
11/23/2025 03:53:40,-6.54,101.123
11/23/2025 04:03:40,-6.67,101.126
11/23/2025 04:13:40,-6.77,101.160
11/23/2025 04:23:40,-6.83,101.171
11/23/2025 04:33:40,-6.93,101.157
11/23/2025 04:43:40,-6.99,101.142
11/23/2025 04:53:40,-7.01,101.127
11/23/2025 05:03:40,-7.09,101.119
11/23/2025 05:13:40,-7.16,101.138
11/23/2025 05:23:40,-7.23,101.130
11/23/2025 05:33:40,-7.31,101.148
11/23/2025 05:43:40,-7.35,101.153
11/23/2025 05:53:40,-7.39,101.135
11/23/2025 06:03:40,-7.47,101.118
11/23/2025 06:13:40,-7.52,101.105
11/23/2025 06:23:40,-7.57,101.095
11/23/2025 06:33:40,-7.60,101.092
11/23/2025 06:43:40,-7.64,101.070
11/23/2025 06:53:40,-7.69,101.065
11/23/2025 07:03:40,-7.68,101.088
11/23/2025 07:13:40,-7.64,101.136
11/23/2025 07:23:40,-7.57,101.147
11/23/2025 07:33:40,-7.45,101.081
11/23/2025 07:43:40,-7.15,101.068
11/23/2025 07:53:40,-6.48,101.133
11/23/2025 08:03:40,-5.46,101.118
11/23/2025 08:13:40,-4.25,101.117
11/23/2025 08:23:40,-3.10,101.129
11/23/2025 08:33:40,-2.12,101.154
11/23/2025 08:43:40,-1.52,101.115
11/23/2025 08:53:40,-1.24,101.098
11/23/2025 09:03:40,-1.00,101.107
11/23/2025 09:13:40,-0.74,101.119
11/23/2025 09:23:40,-0.45,101.119
11/23/2025 09:33:40,-0.09,101.109
11/23/2025 09:43:40,0.61,101.130
11/23/2025 09:53:40,1.27,101.111
11/23/2025 10:03:40,1.57,101.081
11/23/2025 10:13:40,1.65,101.062
11/23/2025 10:23:40,1.73,101.038
11/23/2025 10:33:40,2.04,101.030
11/23/2025 10:43:40,2.62,100.991
11/23/2025 10:53:40,3.11,100.977
11/23/2025 11:03:40,3.28,100.969
11/23/2025 11:13:40,3.28,100.947
11/23/2025 11:23:40,3.17,100.946
11/23/2025 11:33:40,3.05,100.936
11/23/2025 11:43:40,2.89,100.904
11/23/2025 11:53:40,2.83,100.877
11/23/2025 12:03:40,2.86,100.879
11/23/2025 12:13:40,2.88,100.854
11/23/2025 12:23:40,2.83,100.837
11/23/2025 12:33:40,2.76,100.817
11/23/2025 12:43:40,2.66,100.830
11/23/2025 12:53:40,2.57,100.823
11/23/2025 13:03:40,2.52,100.791
11/23/2025 13:13:40,2.51,100.782
11/23/2025 13:23:40,2.66,100.769
11/23/2025 13:33:40,2.76,100.765
11/23/2025 13:43:40,2.77,100.752
11/23/2025 13:53:40,2.84,100.745
11/23/2025 14:03:40,2.90,100.746
11/23/2025 14:13:40,2.91,100.707
11/23/2025 14:23:40,3.16,100.712
11/23/2025 14:33:40,3.54,100.714
11/23/2025 14:43:40,3.67,100.712
11/23/2025 14:53:40,3.68,100.731
11/23/2025 15:03:40,3.58,100.735
11/23/2025 15:13:40,3.42,100.739
11/23/2025 15:23:40,3.25,100.746
11/23/2025 15:33:40,3.05,100.768
11/23/2025 15:43:40,2.83,100.766
11/23/2025 15:53:40,2.60,100.759
11/23/2025 16:03:40,2.38,100.762
11/23/2025 16:13:40,2.17,100.765
11/23/2025 16:23:40,1.97,100.760
11/23/2025 16:33:40,1.76,100.776
11/23/2025 16:43:40,1.55,100.761
11/23/2025 16:53:40,1.36,100.767
11/23/2025 17:03:40,1.19,100.782
11/23/2025 17:13:40,1.03,100.793
11/23/2025 17:23:40,0.90,100.782
11/23/2025 17:33:40,0.82,100.774
11/23/2025 17:43:40,0.75,100.799
11/23/2025 17:53:40,0.69,100.785
11/23/2025 18:03:40,0.62,100.774
11/23/2025 18:13:40,0.54,100.775
11/23/2025 18:23:40,0.47,100.769
11/23/2025 18:33:40,0.43,100.765
11/23/2025 18:43:40,0.42,100.764
11/23/2025 18:53:40,0.43,100.752
11/23/2025 19:03:40,0.47,100.764
11/23/2025 19:13:40,0.47,100.773
11/23/2025 19:23:40,0.44,100.779
11/23/2025 19:33:40,0.44,100.793
11/23/2025 19:43:40,0.47,100.787
11/23/2025 19:53:40,0.52,100.796
11/23/2025 20:03:40,0.51,100.804
11/23/2025 20:13:40,0.34,100.805
11/23/2025 20:23:40,0.03,100.812
11/23/2025 20:33:40,-0.35,100.825
11/23/2025 20:43:40,-0.77,100.838
11/23/2025 20:53:40,-1.18,100.844
11/23/2025 21:03:40,-1.54,100.844
11/23/2025 21:13:40,-1.85,100.842
11/23/2025 21:23:40,-2.11,100.825
11/23/2025 21:33:40,-2.34,100.834
11/23/2025 21:43:40,-2.52,100.851
11/23/2025 21:53:40,-2.67,100.854
11/23/2025 22:03:40,-2.77,100.849
11/23/2025 22:13:40,-2.74,100.861
11/23/2025 22:23:40,-2.67,100.850
11/23/2025 22:33:40,-2.56,100.870
11/23/2025 22:43:40,-2.39,100.877
11/23/2025 22:53:40,-2.24,100.887
11/23/2025 23:03:40,-2.13,100.890
11/23/2025 23:13:40,-2.04,100.867
11/23/2025 23:23:40,-2.01,100.884
11/23/2025 23:33:40,-2.08,100.877
11/23/2025 23:43:40,-2.23,100.880
11/23/2025 23:53:40,-2.40,100.868
11/24/2025 00:03:40,-2.54,100.863
11/24/2025 00:13:40,-2.62,100.882
11/24/2025 00:23:40,-2.68,100.863
11/24/2025 00:33:40,-2.73,100.875
11/24/2025 00:43:40,-2.77,100.863
11/24/2025 00:53:40,-2.77,100.863
11/24/2025 01:03:40,-2.68,100.863
11/24/2025 01:13:40,-2.55,100.871
11/24/2025 01:23:40,-2.39,100.873
11/24/2025 01:33:40,-2.31,100.877
11/24/2025 01:43:40,-2.33,100.896
11/24/2025 01:53:40,-2.44,100.908
11/24/2025 02:03:40,-2.53,100.908
11/24/2025 02:13:40,-2.58,100.917
11/24/2025 02:23:40,-2.58,100.920
11/24/2025 02:33:40,-2.54,100.929
11/24/2025 02:43:40,-2.48,100.935
11/24/2025 02:53:40,-2.47,100.927
11/24/2025 03:03:40,-2.40,100.939
11/24/2025 03:13:40,-2.24,100.940
11/24/2025 03:23:40,-2.08,100.929
11/24/2025 03:33:40,-1.89,100.939
11/24/2025 03:43:40,-1.72,100.938
11/24/2025 03:53:40,-1.54,100.973
11/24/2025 04:03:40,-1.31,100.986
11/24/2025 04:13:40,-1.05,100.997
11/24/2025 04:23:40,-0.82,101.005
11/24/2025 04:33:40,-0.66,101.029
11/24/2025 04:43:40,-0.53,101.032
11/24/2025 04:53:40,-0.44,101.050
11/24/2025 05:03:40,-0.35,101.067
11/24/2025 05:13:40,-0.29,101.086
11/24/2025 05:23:40,-0.26,101.116
11/24/2025 05:33:40,-0.29,101.117
11/24/2025 05:43:40,-0.35,101.146
11/24/2025 05:53:40,-0.42,101.175
11/24/2025 06:03:40,-0.53,101.209
11/24/2025 06:13:40,-0.63,101.230
11/24/2025 06:23:40,-0.71,101.244
11/24/2025 06:33:40,-0.83,101.264
11/24/2025 06:43:40,-1.00,101.301
11/24/2025 06:53:40,-1.27,101.333
11/24/2025 07:03:40,-1.56,101.354
11/24/2025 07:13:40,-1.81,101.374
11/24/2025 07:23:40,-1.94,101.392
11/24/2025 07:33:40,-1.98,101.423
11/24/2025 07:43:40,-1.93,101.424
11/24/2025 07:53:40,-1.77,101.465
11/24/2025 08:03:40,-1.38,101.454
11/24/2025 08:13:40,-0.81,101.472
11/24/2025 08:23:40,0.31,101.481
11/24/2025 08:33:40,1.84,101.489
11/24/2025 08:43:40,3.74,101.473
11/24/2025 08:53:40,6.25,101.454
11/24/2025 09:03:40,9.22,101.427
11/24/2025 09:13:40,12.24,101.408
11/24/2025 09:23:40,15.28,101.389
11/24/2025 09:33:40,16.38,101.421
11/24/2025 09:43:40,15.35,101.456
11/24/2025 09:53:40,13.92,101.487
11/24/2025 10:03:40,12.50,101.498
11/24/2025 10:13:40,11.56,101.494
11/24/2025 10:23:40,10.64,101.485
11/24/2025 10:33:40,11.26,101.493
11/24/2025 10:43:40,11.88,101.483
11/24/2025 10:53:40,12.25,101.484
11/24/2025 11:03:40,14.14,101.472
11/24/2025 11:13:40,16.08,101.471
11/24/2025 11:23:40,17.19,101.494
11/24/2025 11:33:40,17.12,101.489
11/24/2025 11:43:40,16.12,101.496
11/24/2025 11:53:40,15.02,101.513
11/24/2025 12:03:40,13.91,101.517
11/24/2025 12:13:40,13.19,101.527
11/24/2025 12:23:40,12.81,101.499
11/24/2025 12:33:40,12.58,101.504
11/24/2025 12:43:40,13.13,101.491
11/24/2025 12:53:40,14.44,101.471
11/24/2025 13:03:40,16.31,101.470
11/24/2025 13:13:40,16.87,101.464
11/24/2025 13:23:40,17.03,101.479
11/24/2025 13:33:40,16.10,101.508
11/24/2025 13:43:40,15.04,101.510
11/24/2025 13:53:40,14.30,101.510
11/24/2025 14:03:40,13.76,101.529
11/24/2025 14:13:40,13.18,101.553
11/24/2025 14:23:40,12.48,101.572
11/24/2025 14:33:40,11.76,101.589
11/24/2025 14:43:40,10.94,101.584
11/24/2025 14:53:40,10.26,101.619
11/24/2025 15:03:40,9.65,101.629
11/24/2025 15:13:40,9.03,101.647
11/24/2025 15:23:40,8.49,101.669
11/24/2025 15:33:40,7.90,101.662
11/24/2025 15:43:40,7.30,101.679
11/24/2025 15:53:40,6.65,101.660
11/24/2025 16:03:40,5.97,101.687
11/24/2025 16:13:40,5.26,101.689
11/24/2025 16:23:40,4.55,101.743
11/24/2025 16:33:40,3.87,101.758
11/24/2025 16:43:40,3.24,101.746
11/24/2025 16:53:40,2.67,101.780
11/24/2025 17:03:40,2.15,101.843
11/24/2025 17:13:40,1.66,101.874
11/24/2025 17:23:40,1.24,101.893
11/24/2025 17:33:40,0.87,101.894
11/24/2025 17:43:40,0.55,101.926
11/24/2025 17:53:40,0.27,101.926
11/24/2025 18:03:40,0.01,101.934
11/24/2025 18:13:40,-0.21,101.939
11/24/2025 18:23:40,-0.42,101.937
11/24/2025 18:33:40,-0.63,101.904
11/24/2025 18:43:40,-0.82,101.921
11/24/2025 18:53:40,-1.00,101.904
11/24/2025 19:03:40,-1.20,101.929
11/24/2025 19:13:40,-1.33,101.912
11/24/2025 19:23:40,-1.45,101.914
11/24/2025 19:33:40,-1.56,101.912
11/24/2025 19:43:40,-1.64,101.900
11/24/2025 19:53:40,-1.69,101.917
11/24/2025 20:03:40,-1.74,101.908
11/24/2025 20:13:40,-1.80,101.924
11/24/2025 20:23:40,-1.92,101.944
11/24/2025 20:33:40,-2.06,101.934
11/24/2025 20:43:40,-2.23,101.927
11/24/2025 20:53:40,-2.38,101.934
11/24/2025 21:03:40,-2.51,101.948
11/24/2025 21:13:40,-2.63,101.959
11/24/2025 21:23:40,-2.73,101.980
11/24/2025 21:33:40,-2.77,101.962
11/24/2025 21:43:40,-2.78,101.948
11/24/2025 21:53:40,-2.74,101.969
11/24/2025 22:03:40,-2.63,101.985
11/24/2025 22:13:40,-2.51,101.983
11/24/2025 22:23:40,-2.45,101.985
11/24/2025 22:33:40,-2.46,101.966
11/24/2025 22:43:40,-2.48,101.951
11/24/2025 22:53:40,-2.42,101.961
11/24/2025 23:03:40,-2.31,101.946
11/24/2025 23:13:40,-2.17,101.963
11/24/2025 23:23:40,-2.04,101.945
11/24/2025 23:33:40,-1.91,101.922
11/24/2025 23:43:40,-1.81,101.928
11/24/2025 23:53:40,-1.74,101.935
11/25/2025 00:03:40,-1.68,101.936
11/25/2025 00:13:40,-1.60,101.930
11/25/2025 00:23:40,-1.53,101.924
11/25/2025 00:33:40,-1.47,101.921
11/25/2025 00:43:40,-1.45,101.923
11/25/2025 00:53:40,-1.50,101.909
11/25/2025 01:03:40,-1.61,101.903
11/25/2025 01:13:40,-1.75,101.933
11/25/2025 01:23:40,-1.98,101.951
11/25/2025 01:33:40,-2.25,101.947
11/25/2025 01:43:40,-2.51,101.965
11/25/2025 01:53:40,-2.77,101.945
11/25/2025 02:03:40,-2.99,101.949
11/25/2025 02:13:40,-3.19,101.934
11/25/2025 02:23:40,-3.34,101.941
11/25/2025 02:33:40,-3.42,101.925
11/25/2025 02:43:40,-3.43,101.932
11/25/2025 02:53:40,-3.40,101.905
11/25/2025 03:03:40,-3.33,101.881
11/25/2025 03:13:40,-3.21,101.871
11/25/2025 03:23:40,-3.03,101.871
11/25/2025 03:33:40,-2.83,101.873
11/25/2025 03:43:40,-2.63,101.840
11/25/2025 03:53:40,-2.45,101.861
11/25/2025 04:03:40,-2.30,101.867
11/25/2025 04:13:40,-2.17,101.884
11/25/2025 04:23:40,-2.06,101.886
11/25/2025 04:33:40,-1.96,101.891
11/25/2025 04:43:40,-1.86,101.870
11/25/2025 04:53:40,-1.77,101.861
11/25/2025 05:03:40,-1.70,101.872
11/25/2025 05:13:40,-1.64,101.860
11/25/2025 05:23:40,-1.60,101.864
11/25/2025 05:33:40,-1.57,101.889
11/25/2025 05:43:40,-1.55,101.878
11/25/2025 05:53:40,-1.53,101.862
11/25/2025 06:03:40,-1.50,101.869
11/25/2025 06:13:40,-1.48,101.907
11/25/2025 06:23:40,-1.46,101.913
11/25/2025 06:33:40,-1.45,101.919
11/25/2025 06:43:40,-1.42,101.908
11/25/2025 06:53:40,-1.38,101.894
11/25/2025 07:03:40,-1.33,101.886
11/25/2025 07:13:40,-1.26,101.905
11/25/2025 07:23:40,-1.21,101.889
11/25/2025 07:33:40,-1.13,101.887
11/25/2025 07:43:40,-1.01,101.889
11/25/2025 07:53:40,-0.83,101.885
11/25/2025 08:03:40,-0.63,101.842
11/25/2025 08:13:40,-0.42,101.849
11/25/2025 08:23:40,-0.15,101.843
11/25/2025 08:33:40,0.24,101.849
11/25/2025 08:43:40,0.72,101.858
11/25/2025 08:53:40,1.13,101.865
11/25/2025 09:03:40,1.43,101.831
11/25/2025 09:13:40,1.72,101.830
11/25/2025 09:23:40,2.00,101.839
11/25/2025 09:33:40,2.31,101.849
11/25/2025 09:43:40,2.72,101.859
11/25/2025 09:53:40,3.20,101.858
11/25/2025 10:03:40,3.73,101.860
11/25/2025 10:13:40,4.14,101.862
11/25/2025 10:23:40,4.38,101.834
11/25/2025 10:33:40,4.58,101.807
11/25/2025 10:43:40,4.79,101.794
11/25/2025 10:53:40,5.11,101.791
11/25/2025 11:03:40,5.48,101.778
11/25/2025 11:13:40,5.79,101.747
11/25/2025 11:23:40,6.10,101.729
11/25/2025 11:33:40,6.46,101.728
11/25/2025 11:43:40,6.79,101.707
11/25/2025 11:53:40,7.05,101.663
11/25/2025 12:03:40,7.21,101.614
11/25/2025 12:13:40,7.30,101.590
11/25/2025 12:23:40,7.44,101.593
11/25/2025 12:33:40,7.74,101.564
11/25/2025 12:43:40,8.11,101.559
11/25/2025 12:53:40,8.49,101.532
11/25/2025 13:03:40,8.86,101.500
11/25/2025 13:13:40,9.19,101.496
11/25/2025 13:23:40,9.46,101.486
11/25/2025 13:33:40,9.68,101.485
11/25/2025 13:43:40,9.86,101.473
11/25/2025 13:53:40,10.02,101.455
11/25/2025 14:03:40,10.18,101.467
11/25/2025 14:13:40,10.25,101.473
11/25/2025 14:23:40,10.25,101.468
11/25/2025 14:33:40,10.20,101.460
11/25/2025 14:43:40,10.11,101.449
11/25/2025 14:53:40,9.98,101.461
11/25/2025 15:03:40,9.85,101.459
11/25/2025 15:13:40,9.72,101.444
11/25/2025 15:23:40,9.58,101.447
11/25/2025 15:33:40,9.43,101.435
11/25/2025 15:43:40,9.29,101.428
11/25/2025 15:53:40,9.20,101.403
11/25/2025 16:03:40,9.12,101.402
11/25/2025 16:13:40,9.02,101.398
11/25/2025 16:23:40,8.84,101.375
11/25/2025 16:33:40,8.65,101.369
11/25/2025 16:43:40,8.52,101.353
11/25/2025 16:53:40,8.46,101.371
11/25/2025 17:03:40,8.48,101.359
11/25/2025 17:13:40,8.55,101.334
11/25/2025 17:23:40,8.64,101.336
11/25/2025 17:33:40,8.72,101.329
11/25/2025 17:43:40,8.80,101.318
11/25/2025 17:53:40,8.88,101.316
11/25/2025 18:03:40,8.96,101.296
11/25/2025 18:13:40,9.04,101.284
11/25/2025 18:23:40,9.08,101.287
11/25/2025 18:33:40,9.05,101.290
11/25/2025 18:43:40,8.96,101.291
11/25/2025 18:53:40,8.84,101.277
11/25/2025 19:03:40,8.74,101.252
11/25/2025 19:13:40,8.68,101.247
11/25/2025 19:23:40,8.64,101.235
11/25/2025 19:33:40,8.62,101.229
11/25/2025 19:43:40,8.61,101.211
11/25/2025 19:53:40,8.61,101.202
11/25/2025 20:03:40,8.61,101.211
11/25/2025 20:13:40,8.61,101.193
11/25/2025 20:23:40,8.61,101.166
11/25/2025 20:33:40,8.60,101.170
11/25/2025 20:43:40,8.59,101.138
11/25/2025 20:53:40,8.56,101.131
11/25/2025 21:03:40,8.53,101.111
11/25/2025 21:13:40,8.51,101.105
11/25/2025 21:23:40,8.50,101.068
11/25/2025 21:33:40,8.48,101.063
11/25/2025 21:43:40,8.46,101.065
11/25/2025 21:53:40,8.45,101.043
11/25/2025 22:03:40,8.45,101.025
11/25/2025 22:13:40,8.43,101.001
11/25/2025 22:23:40,8.40,100.994
11/25/2025 22:33:40,8.37,100.956
11/25/2025 22:43:40,8.34,100.958
11/25/2025 22:53:40,8.33,100.936
11/25/2025 23:03:40,8.33,100.927
11/25/2025 23:13:40,8.31,100.881
11/25/2025 23:23:40,8.28,100.883
11/25/2025 23:33:40,8.26,100.842
11/25/2025 23:43:40,8.25,100.836
11/25/2025 23:53:40,8.25,100.818
11/26/2025 00:03:40,8.24,100.787
11/26/2025 00:13:40,8.21,100.762
11/26/2025 00:23:40,8.17,100.733
11/26/2025 00:33:40,8.13,100.712
11/26/2025 00:43:40,8.09,100.682
11/26/2025 00:53:40,8.05,100.674
11/26/2025 01:03:40,8.00,100.657
11/26/2025 01:13:40,7.96,100.627
11/26/2025 01:23:40,7.92,100.611
11/26/2025 01:33:40,7.90,100.578
11/26/2025 01:43:40,7.88,100.567
11/26/2025 01:53:40,7.87,100.549
11/26/2025 02:03:40,7.87,100.562
11/26/2025 02:13:40,7.88,100.563
11/26/2025 02:23:40,7.88,100.559
11/26/2025 02:33:40,7.89,100.542
11/26/2025 02:43:40,7.91,100.539
11/26/2025 02:53:40,7.92,100.513
11/26/2025 03:03:40,7.94,100.528
11/26/2025 03:13:40,7.94,100.515
11/26/2025 03:23:40,7.94,100.506
11/26/2025 03:33:40,7.93,100.501
11/26/2025 03:43:40,7.92,100.482
11/26/2025 03:53:40,7.93,100.483
11/26/2025 04:03:40,7.94,100.488
11/26/2025 04:13:40,7.93,100.461
11/26/2025 04:23:40,7.92,100.482
11/26/2025 04:33:40,7.91,100.477
11/26/2025 04:43:40,7.90,100.481
11/26/2025 04:53:40,7.92,100.491
11/26/2025 05:03:40,7.93,100.470
11/26/2025 05:13:40,7.95,100.431
11/26/2025 05:23:40,7.96,100.428
11/26/2025 05:33:40,7.99,100.404
11/26/2025 05:43:40,8.01,100.410
11/26/2025 05:53:40,8.02,100.406
11/26/2025 06:03:40,8.01,100.414
11/26/2025 06:13:40,8.00,100.418
11/26/2025 06:23:40,7.97,100.402
11/26/2025 06:33:40,7.96,100.401
11/26/2025 06:43:40,7.94,100.444
11/26/2025 06:53:40,7.92,100.411
11/26/2025 07:03:40,7.92,100.399
11/26/2025 07:13:40,7.95,100.396
11/26/2025 07:23:40,8.01,100.397
11/26/2025 07:33:40,8.13,100.411
11/26/2025 07:43:40,8.30,100.424
11/26/2025 07:53:40,8.47,100.403
11/26/2025 08:03:40,8.67,100.396
11/26/2025 08:13:40,8.99,100.347
11/26/2025 08:23:40,9.35,100.366
11/26/2025 08:33:40,9.65,100.389
11/26/2025 08:43:40,9.83,100.355
11/26/2025 08:53:40,10.03,100.358
11/26/2025 09:03:40,10.32,100.380
11/26/2025 09:13:40,10.62,100.354
11/26/2025 09:23:40,11.00,100.330
11/26/2025 09:33:40,11.89,100.295
11/26/2025 09:43:40,13.99,100.259
11/26/2025 09:53:40,15.35,100.239
11/26/2025 10:03:40,15.56,100.236
11/26/2025 10:13:40,15.54,100.226
11/26/2025 10:23:40,15.99,100.213
11/26/2025 10:33:40,16.79,100.178
11/26/2025 10:43:40,17.01,100.188
11/26/2025 10:53:40,17.27,100.153
11/26/2025 11:03:40,17.41,100.135
11/26/2025 11:13:40,17.52,100.129
11/26/2025 11:23:40,17.55,100.104
11/26/2025 11:33:40,17.55,100.100
11/26/2025 11:43:40,17.31,100.084
11/26/2025 11:53:40,17.02,100.078
11/26/2025 12:03:40,16.80,100.050
11/26/2025 12:13:40,16.73,100.036
11/26/2025 12:23:40,16.71,100.017
11/26/2025 12:33:40,16.88,100.006
11/26/2025 12:43:40,17.13,99.992
11/26/2025 12:53:40,17.07,99.984
11/26/2025 13:03:40,16.86,99.987
11/26/2025 13:13:40,16.70,99.977
11/26/2025 13:23:40,16.76,99.932
11/26/2025 13:33:40,16.88,99.935
11/26/2025 13:43:40,16.86,99.934
11/26/2025 13:53:40,16.74,99.899
11/26/2025 14:03:40,16.62,99.895
11/26/2025 14:13:40,16.51,99.884
11/26/2025 14:23:40,16.48,99.873
11/26/2025 14:33:40,16.51,99.884
11/26/2025 14:43:40,16.51,99.866
11/26/2025 14:53:40,16.45,99.857
11/26/2025 15:03:40,16.24,99.874
11/26/2025 15:13:40,15.96,99.877
11/26/2025 15:23:40,15.74,99.871
11/26/2025 15:33:40,15.53,99.883
11/26/2025 15:43:40,15.27,99.879
11/26/2025 15:53:40,15.00,99.873
11/26/2025 16:03:40,14.76,99.865
11/26/2025 16:13:40,14.55,99.859
11/26/2025 16:23:40,14.36,99.872
11/26/2025 16:33:40,14.19,99.874
11/26/2025 16:43:40,14.04,99.863
11/26/2025 16:53:40,13.91,99.867
11/26/2025 17:03:40,13.80,99.885
11/26/2025 17:13:40,13.71,99.861
11/26/2025 17:23:40,13.60,99.844
11/26/2025 17:33:40,13.46,99.830
11/26/2025 17:43:40,13.34,99.835
11/26/2025 17:53:40,13.24,99.827
11/26/2025 18:03:40,13.14,99.833
11/26/2025 18:13:40,13.06,99.792
11/26/2025 18:23:40,12.97,99.799
11/26/2025 18:33:40,12.85,99.812
11/26/2025 18:43:40,12.78,99.798
11/26/2025 18:53:40,12.75,99.805
11/26/2025 19:03:40,12.76,99.801
11/26/2025 19:13:40,12.76,99.815
11/26/2025 19:23:40,12.80,99.830
11/26/2025 19:33:40,12.82,99.832
11/26/2025 19:43:40,12.83,99.815
11/26/2025 19:53:40,12.84,99.803
11/26/2025 20:03:40,12.83,99.784
11/26/2025 20:13:40,12.82,99.774
11/26/2025 20:23:40,12.80,99.777
11/26/2025 20:33:40,12.76,99.779
11/26/2025 20:43:40,12.74,99.755
11/26/2025 20:53:40,12.70,99.739
11/26/2025 21:03:40,12.56,99.747
11/26/2025 21:13:40,12.31,99.737
11/26/2025 21:23:40,12.13,99.746
11/26/2025 21:33:40,12.05,99.745
11/26/2025 21:43:40,12.02,99.729
11/26/2025 21:53:40,11.97,99.690
11/26/2025 22:03:40,11.89,99.719
11/26/2025 22:13:40,11.83,99.733
11/26/2025 22:23:40,11.80,99.708
11/26/2025 22:33:40,11.76,99.802
11/26/2025 22:43:40,11.65,99.777
11/26/2025 22:53:40,11.48,99.817
11/26/2025 23:03:40,11.28,99.850
11/26/2025 23:13:40,11.09,99.867
11/26/2025 23:23:40,10.90,99.862
11/26/2025 23:33:40,10.69,99.881
11/26/2025 23:43:40,10.44,99.898
11/26/2025 23:53:40,10.14,99.936
11/27/2025 00:03:40,9.78,99.970
11/27/2025 00:13:40,9.41,100.003
11/27/2025 00:23:40,9.01,100.030
11/27/2025 00:33:40,8.63,100.057
11/27/2025 00:43:40,8.30,100.048
11/27/2025 00:53:40,7.97,100.053
11/27/2025 01:03:40,7.61,100.098
11/27/2025 01:13:40,7.31,100.119
11/27/2025 01:23:40,7.13,100.113
11/27/2025 01:33:40,7.01,100.134
11/27/2025 01:43:40,6.90,100.173
11/27/2025 01:53:40,6.74,100.174
11/27/2025 02:03:40,6.47,100.182
11/27/2025 02:13:40,6.10,100.191
11/27/2025 02:23:40,5.64,100.197
11/27/2025 02:33:40,5.14,100.208
11/27/2025 02:43:40,4.73,100.208
11/27/2025 02:53:40,4.40,100.206
11/27/2025 03:03:40,4.14,100.219
11/27/2025 03:13:40,3.93,100.223
11/27/2025 03:23:40,3.72,100.245
11/27/2025 03:33:40,3.40,100.248
11/27/2025 03:43:40,3.04,100.246
11/27/2025 03:53:40,2.67,100.276
11/27/2025 04:03:40,2.32,100.271
11/27/2025 04:13:40,1.98,100.294
11/27/2025 04:23:40,1.70,100.330
11/27/2025 04:33:40,1.42,100.327
11/27/2025 04:43:40,1.15,100.320
11/27/2025 04:53:40,0.89,100.336
11/27/2025 05:03:40,0.65,100.349
11/27/2025 05:13:40,0.44,100.378
11/27/2025 05:23:40,0.23,100.390
11/27/2025 05:33:40,0.06,100.401
11/27/2025 05:43:40,-0.09,100.417
11/27/2025 05:53:40,-0.19,100.408
11/27/2025 06:03:40,-0.22,100.397
11/27/2025 06:13:40,-0.20,100.420
11/27/2025 06:23:40,-0.18,100.427
11/27/2025 06:33:40,-0.17,100.441
11/27/2025 06:43:40,-0.14,100.448
11/27/2025 06:53:40,-0.17,100.445
11/27/2025 07:03:40,-0.21,100.446
11/27/2025 07:13:40,-0.20,100.469
11/27/2025 07:23:40,-0.13,100.480
11/27/2025 07:33:40,0.06,100.511
11/27/2025 07:43:40,0.37,100.526
11/27/2025 07:53:40,0.75,100.552
11/27/2025 08:03:40,1.17,100.533
11/27/2025 08:13:40,1.83,100.535
11/27/2025 08:23:40,2.61,100.500
11/27/2025 08:33:40,3.24,100.516
11/27/2025 08:43:40,4.04,100.523
11/27/2025 08:53:40,5.30,100.521
11/27/2025 09:03:40,6.53,100.528
11/27/2025 09:13:40,7.51,100.537
11/27/2025 09:23:40,7.97,100.561
11/27/2025 09:33:40,8.13,100.561
11/27/2025 09:43:40,8.56,100.564
11/27/2025 09:53:40,9.00,100.577
11/27/2025 10:03:40,9.05,100.559
11/27/2025 10:13:40,8.95,100.534
11/27/2025 10:23:40,10.14,100.516
11/27/2025 10:33:40,12.25,100.451
11/27/2025 10:43:40,14.40,100.439
11/27/2025 10:53:40,15.15,100.425
11/27/2025 11:03:40,15.34,100.425
11/27/2025 11:13:40,15.70,100.419
11/27/2025 11:23:40,16.35,100.392
11/27/2025 11:33:40,16.31,100.390
11/27/2025 11:43:40,15.39,100.366
11/27/2025 11:53:40,14.54,100.395
11/27/2025 12:03:40,14.23,100.374
11/27/2025 12:13:40,13.86,100.351
11/27/2025 12:23:40,13.46,100.340
11/27/2025 12:33:40,13.23,100.368
11/27/2025 12:43:40,12.86,100.354
11/27/2025 12:53:40,12.56,100.328
11/27/2025 13:03:40,12.99,100.319
11/27/2025 13:13:40,13.52,100.305
11/27/2025 13:23:40,13.83,100.283
11/27/2025 13:33:40,13.75,100.325
11/27/2025 13:43:40,13.88,100.300
11/27/2025 13:53:40,13.65,100.292
11/27/2025 14:03:40,13.25,100.276
11/27/2025 14:13:40,12.64,100.293
11/27/2025 14:23:40,11.82,100.286
11/27/2025 14:33:40,11.12,100.281
11/27/2025 14:43:40,10.36,100.334
11/27/2025 14:53:40,9.64,100.362
11/27/2025 15:03:40,9.01,100.339
11/27/2025 15:13:40,8.44,100.352
11/27/2025 15:23:40,7.96,100.348
11/27/2025 15:33:40,7.58,100.375
11/27/2025 15:43:40,7.25,100.370
11/27/2025 15:53:40,6.91,100.391
11/27/2025 16:03:40,6.56,100.384
11/27/2025 16:13:40,6.22,100.374
11/27/2025 16:23:40,5.91,100.401
11/27/2025 16:33:40,5.62,100.420
11/27/2025 16:43:40,5.33,100.436
11/27/2025 16:53:40,5.09,100.429
11/27/2025 17:03:40,4.88,100.433
11/27/2025 17:13:40,4.69,100.412
11/27/2025 17:23:40,4.52,100.410
11/27/2025 17:33:40,4.33,100.416
11/27/2025 17:43:40,4.04,100.422
11/27/2025 17:53:40,3.70,100.419
11/27/2025 18:03:40,3.38,100.427
11/27/2025 18:13:40,3.14,100.423
11/27/2025 18:23:40,2.97,100.452
11/27/2025 18:33:40,2.88,100.431
11/27/2025 18:43:40,2.84,100.419
11/27/2025 18:53:40,2.82,100.404
11/27/2025 19:03:40,2.80,100.384
11/27/2025 19:13:40,2.67,100.382
11/27/2025 19:23:40,2.41,100.385
11/27/2025 19:33:40,2.21,100.371
11/27/2025 19:43:40,2.10,100.362
11/27/2025 19:53:40,2.06,100.358
11/27/2025 20:03:40,2.02,100.346
11/27/2025 20:13:40,1.89,100.348
11/27/2025 20:23:40,1.68,100.351
11/27/2025 20:33:40,1.45,100.364
11/27/2025 20:43:40,1.20,100.364
11/27/2025 20:53:40,0.95,100.381
11/27/2025 21:03:40,0.71,100.364
11/27/2025 21:13:40,0.55,100.358
11/27/2025 21:23:40,0.48,100.356
11/27/2025 21:33:40,0.48,100.351
11/27/2025 21:43:40,0.54,100.353
11/27/2025 21:53:40,0.63,100.339
11/27/2025 22:03:40,0.73,100.330
11/27/2025 22:13:40,0.77,100.334
11/27/2025 22:23:40,0.77,100.321
11/27/2025 22:33:40,0.70,100.327
11/27/2025 22:43:40,0.60,100.327
11/27/2025 22:53:40,0.48,100.325
11/27/2025 23:03:40,0.36,100.323
11/27/2025 23:13:40,0.30,100.304
11/27/2025 23:23:40,0.30,100.304
11/27/2025 23:33:40,0.34,100.299
11/27/2025 23:43:40,0.44,100.277
11/27/2025 23:53:40,0.51,100.292
11/28/2025 00:03:40,0.50,100.283
11/28/2025 00:13:40,0.47,100.271
11/28/2025 00:23:40,0.45,100.278
11/28/2025 00:33:40,0.41,100.270
11/28/2025 00:43:40,0.27,100.270
11/28/2025 00:53:40,0.01,100.264
11/28/2025 01:03:40,-0.29,100.263
11/28/2025 01:13:40,-0.64,100.261
11/28/2025 01:23:40,-1.00,100.266
11/28/2025 01:33:40,-1.31,100.273
11/28/2025 01:43:40,-1.47,100.293
11/28/2025 01:53:40,-1.50,100.276
11/28/2025 02:03:40,-1.52,100.292
11/28/2025 02:13:40,-1.56,100.280
11/28/2025 02:23:40,-1.56,100.279
11/28/2025 02:33:40,-1.53,100.270
11/28/2025 02:43:40,-1.52,100.261
11/28/2025 02:53:40,-1.59,100.254
11/28/2025 03:03:40,-1.65,100.236
11/28/2025 03:13:40,-1.68,100.198
11/28/2025 03:23:40,-1.78,100.215
11/28/2025 03:33:40,-1.86,100.185
11/28/2025 03:43:40,-1.89,100.186
11/28/2025 03:53:40,-1.85,100.199
11/28/2025 04:03:40,-1.70,100.187
11/28/2025 04:13:40,-1.44,100.176
11/28/2025 04:23:40,-1.15,100.169
11/28/2025 04:33:40,-0.86,100.178
11/28/2025 04:43:40,-0.64,100.181
11/28/2025 04:53:40,-0.53,100.161
11/28/2025 05:03:40,-0.55,100.173
11/28/2025 05:13:40,-0.52,100.175
11/28/2025 05:23:40,-0.43,100.183
11/28/2025 05:33:40,-0.34,100.161
11/28/2025 05:43:40,-0.30,100.160
11/28/2025 05:53:40,-0.32,100.176
11/28/2025 06:03:40,-0.30,100.183
11/28/2025 06:13:40,-0.27,100.163
11/28/2025 06:23:40,-0.37,100.176
11/28/2025 06:33:40,-0.63,100.186
11/28/2025 06:43:40,-0.95,100.178
11/28/2025 06:53:40,-1.16,100.155
11/28/2025 07:03:40,-1.31,100.167
11/28/2025 07:13:40,-1.49,100.168
11/28/2025 07:23:40,-1.64,100.179
11/28/2025 07:33:40,-1.75,100.174
11/28/2025 07:43:40,-1.69,100.179
11/28/2025 07:53:40,-1.43,100.177
11/28/2025 08:03:40,-0.87,100.186
11/28/2025 08:13:40,0.07,100.177
11/28/2025 08:23:40,1.11,100.175
11/28/2025 08:33:40,1.87,100.178
11/28/2025 08:43:40,2.66,100.178
11/28/2025 08:53:40,4.52,100.159
11/28/2025 09:03:40,6.96,100.125
11/28/2025 09:13:40,9.53,100.097
11/28/2025 09:23:40,10.69,100.125
11/28/2025 09:33:40,10.92,100.138
11/28/2025 09:43:40,10.51,100.151
11/28/2025 09:53:40,9.60,100.196
11/28/2025 10:03:40,9.05,100.179
11/28/2025 10:13:40,9.34,100.162
11/28/2025 10:23:40,10.48,100.153
11/28/2025 10:33:40,10.41,100.174
11/28/2025 10:43:40,9.94,100.178
11/28/2025 10:53:40,10.36,100.170
11/28/2025 11:03:40,11.08,100.163
11/28/2025 11:13:40,10.76,100.187
11/28/2025 11:23:40,10.09,100.176
11/28/2025 11:33:40,9.47,100.198
11/28/2025 11:43:40,8.89,100.219
11/28/2025 11:53:40,8.36,100.208
11/28/2025 12:03:40,7.95,100.210
11/28/2025 12:13:40,7.47,100.198
11/28/2025 12:23:40,7.67,100.188
11/28/2025 12:33:40,7.55,100.178
11/28/2025 12:43:40,7.39,100.183
11/28/2025 12:53:40,7.20,100.180
11/28/2025 13:03:40,7.08,100.219
11/28/2025 13:13:40,6.93,100.220
11/28/2025 13:23:40,6.98,100.238
11/28/2025 13:33:40,7.50,100.218
11/28/2025 13:43:40,7.80,100.185
11/28/2025 13:53:40,7.59,100.203
11/28/2025 14:03:40,7.10,100.217
11/28/2025 14:13:40,6.60,100.251
11/28/2025 14:23:40,6.27,100.241
11/28/2025 14:33:40,6.24,100.251
11/28/2025 14:43:40,6.08,100.304
11/28/2025 14:53:40,5.75,100.351
11/28/2025 15:03:40,5.31,100.363
11/28/2025 15:13:40,4.88,100.433
11/28/2025 15:23:40,4.38,100.429
11/28/2025 15:33:40,3.77,100.448
11/28/2025 15:43:40,3.17,100.479
11/28/2025 15:53:40,2.78,100.488
11/28/2025 16:03:40,2.49,100.493
11/28/2025 16:13:40,2.14,100.533
11/28/2025 16:23:40,1.93,100.523
11/28/2025 16:33:40,1.76,100.543
11/28/2025 16:43:40,1.55,100.577
11/28/2025 16:53:40,1.25,100.589
11/28/2025 17:03:40,1.04,100.605
11/28/2025 17:13:40,1.01,100.656
11/28/2025 17:23:40,1.09,100.632
11/28/2025 17:33:40,1.16,100.669
11/28/2025 17:43:40,1.15,100.682
11/28/2025 17:53:40,1.11,100.695
11/28/2025 18:03:40,1.08,100.715
11/28/2025 18:13:40,1.03,100.719
11/28/2025 18:23:40,0.95,100.724
11/28/2025 18:33:40,0.84,100.745
11/28/2025 18:43:40,0.74,100.754
11/28/2025 18:53:40,0.65,100.759
11/28/2025 19:03:40,0.55,100.758
11/28/2025 19:13:40,0.44,100.770
11/28/2025 19:23:40,0.42,100.786
11/28/2025 19:33:40,0.44,100.784
11/28/2025 19:43:40,0.44,100.801
11/28/2025 19:53:40,0.28,100.800
11/28/2025 20:03:40,0.16,100.802
11/28/2025 20:13:40,0.06,100.814
11/28/2025 20:23:40,0.00,100.831
11/28/2025 20:33:40,0.03,100.843
11/28/2025 20:43:40,0.06,100.854
11/28/2025 20:53:40,0.03,100.873
11/28/2025 21:03:40,-0.05,100.897
11/28/2025 21:13:40,-0.09,100.902
11/28/2025 21:23:40,-0.06,100.914
11/28/2025 21:33:40,0.05,100.920
11/28/2025 21:43:40,0.16,100.947
11/28/2025 21:53:40,0.23,100.954
11/28/2025 22:03:40,0.14,100.954
11/28/2025 22:13:40,-0.14,100.964
11/28/2025 22:23:40,-0.47,100.998
11/28/2025 22:33:40,-0.80,100.994
11/28/2025 22:43:40,-0.99,101.011
11/28/2025 22:53:40,-1.11,101.049
11/28/2025 23:03:40,-1.20,101.093
11/28/2025 23:13:40,-1.31,101.108
11/28/2025 23:23:40,-1.47,101.116
11/28/2025 23:33:40,-1.55,101.117
11/28/2025 23:43:40,-1.57,101.119
11/28/2025 23:53:40,-1.55,101.112
11/29/2025 00:03:40,-1.55,101.117
11/29/2025 00:13:40,-1.57,101.136
11/29/2025 00:23:40,-1.58,101.153
11/29/2025 00:33:40,-1.60,101.174
11/29/2025 00:43:40,-1.69,101.200
11/29/2025 00:53:40,-1.79,101.221
11/29/2025 01:03:40,-1.83,101.231
11/29/2025 01:13:40,-1.84,101.282
11/29/2025 01:23:40,-1.85,101.312
11/29/2025 01:33:40,-1.80,101.339
11/29/2025 01:43:40,-1.80,101.370
11/29/2025 01:53:40,-1.79,101.410
11/29/2025 02:03:40,-1.77,101.430
11/29/2025 02:13:40,-1.79,101.419
11/29/2025 02:23:40,-1.83,101.415
11/29/2025 02:33:40,-1.91,101.443
11/29/2025 02:43:40,-2.04,101.448
11/29/2025 02:53:40,-2.19,101.442
11/29/2025 03:03:40,-2.32,101.474
11/29/2025 03:13:40,-2.44,101.484
11/29/2025 03:23:40,-2.54,101.514
11/29/2025 03:33:40,-2.70,101.521
11/29/2025 03:43:40,-2.89,101.541
11/29/2025 03:53:40,-2.99,101.558
11/29/2025 04:03:40,-3.01,101.565
11/29/2025 04:13:40,-2.97,101.600
11/29/2025 04:23:40,-2.94,101.607
11/29/2025 04:33:40,-2.98,101.621
11/29/2025 04:43:40,-3.05,101.654
11/29/2025 04:53:40,-3.07,101.665
11/29/2025 05:03:40,-3.16,101.682
11/29/2025 05:13:40,-3.37,101.714
11/29/2025 05:23:40,-3.65,101.722
11/29/2025 05:33:40,-3.90,101.763
11/29/2025 05:43:40,-4.10,101.778
11/29/2025 05:53:40,-4.26,101.806
11/29/2025 06:03:40,-4.38,101.830
11/29/2025 06:13:40,-4.52,101.860
11/29/2025 06:23:40,-4.69,101.869
11/29/2025 06:33:40,-4.84,101.867
11/29/2025 06:43:40,-4.84,101.885
11/29/2025 06:53:40,-4.75,101.906
11/29/2025 07:03:40,-4.64,101.922
11/29/2025 07:13:40,-4.57,101.903
11/29/2025 07:23:40,-4.52,101.921
11/29/2025 07:33:40,-4.44,101.933
11/29/2025 07:43:40,-4.27,101.946
11/29/2025 07:53:40,-3.99,101.987
11/29/2025 08:03:40,-3.56,102.003
11/29/2025 08:13:40,-2.55,101.993
11/29/2025 08:23:40,-0.86,102.014
11/29/2025 08:33:40,0.97,102.027
11/29/2025 08:43:40,2.90,102.017
11/29/2025 08:53:40,5.06,102.003
11/29/2025 09:03:40,7.66,102.014
11/29/2025 09:13:40,10.51,101.998
11/29/2025 09:23:40,13.07,101.984
11/29/2025 09:33:40,15.00,101.991
11/29/2025 09:43:40,16.02,102.014
11/29/2025 09:53:40,16.24,102.020
11/29/2025 10:03:40,16.65,102.044
11/29/2025 10:13:40,16.94,102.047
11/29/2025 10:23:40,17.22,102.056
11/29/2025 10:33:40,17.54,102.073
11/29/2025 10:43:40,18.66,102.068
11/29/2025 10:53:40,19.47,102.076
11/29/2025 11:03:40,19.08,102.074
11/29/2025 11:13:40,19.17,102.093
11/29/2025 11:23:40,19.02,102.101
11/29/2025 11:33:40,17.62,102.119
11/29/2025 11:43:40,15.16,102.118
11/29/2025 11:53:40,12.75,102.147
11/29/2025 12:03:40,10.72,102.201
11/29/2025 12:13:40,9.01,102.190
11/29/2025 12:23:40,7.64,102.175
11/29/2025 12:33:40,6.74,102.216
11/29/2025 12:43:40,6.53,102.220
11/29/2025 12:53:40,7.04,102.232
11/29/2025 13:03:40,7.22,102.256
11/29/2025 13:13:40,8.04,102.226
11/29/2025 13:23:40,9.40,102.216
11/29/2025 13:33:40,10.39,102.224
11/29/2025 13:43:40,10.77,102.240
11/29/2025 13:53:40,10.06,102.268
11/29/2025 14:03:40,9.07,102.279
11/29/2025 14:13:40,7.76,102.301
11/29/2025 14:23:40,6.44,102.319
11/29/2025 14:33:40,5.31,102.334
11/29/2025 14:43:40,4.41,102.353
11/29/2025 14:53:40,3.87,102.363
11/29/2025 15:03:40,3.52,102.398
11/29/2025 15:13:40,3.25,102.410
11/29/2025 15:23:40,3.07,102.424
11/29/2025 15:33:40,2.81,102.424
11/29/2025 15:43:40,2.51,102.471
11/29/2025 15:53:40,2.18,102.459
11/29/2025 16:03:40,1.81,102.470
11/29/2025 16:13:40,1.43,102.484
11/29/2025 16:23:40,0.97,102.499
11/29/2025 16:33:40,0.41,102.509
11/29/2025 16:43:40,-0.19,102.526
11/29/2025 16:53:40,-0.79,102.554
11/29/2025 17:03:40,-1.33,102.560
11/29/2025 17:13:40,-1.79,102.577
11/29/2025 17:23:40,-2.19,102.591
11/29/2025 17:33:40,-2.54,102.614
11/29/2025 17:43:40,-2.82,102.635
11/29/2025 17:53:40,-3.07,102.658
11/29/2025 18:03:40,-3.30,102.693
11/29/2025 18:13:40,-3.50,102.696
11/29/2025 18:23:40,-3.64,102.708
11/29/2025 18:33:40,-3.78,102.698
11/29/2025 18:43:40,-3.90,102.717
11/29/2025 18:53:40,-4.01,102.746
11/29/2025 19:03:40,-4.09,102.755
11/29/2025 19:13:40,-4.16,102.748
11/29/2025 19:23:40,-4.22,102.768
11/29/2025 19:33:40,-4.23,102.754
11/29/2025 19:43:40,-4.29,102.739
11/29/2025 19:53:40,-4.38,102.744
11/29/2025 20:03:40,-4.46,102.723
11/29/2025 20:13:40,-4.51,102.735
11/29/2025 20:23:40,-4.60,102.761
11/29/2025 20:33:40,-4.74,102.796
11/29/2025 20:43:40,-4.83,102.768
11/29/2025 20:53:40,-4.87,102.734
11/29/2025 21:03:40,-4.82,102.712
11/29/2025 21:13:40,-4.68,102.709
11/29/2025 21:23:40,-4.43,102.734
11/29/2025 21:33:40,-4.17,102.712
11/29/2025 21:43:40,-3.91,102.738
11/29/2025 21:53:40,-3.69,102.751
11/29/2025 22:03:40,-3.50,102.757
11/29/2025 22:13:40,-3.34,102.755
11/29/2025 22:23:40,-3.19,102.731
11/29/2025 22:33:40,-3.06,102.752
11/29/2025 22:43:40,-2.93,102.760
11/29/2025 22:53:40,-2.83,102.757
11/29/2025 23:03:40,-2.74,102.743
11/29/2025 23:13:40,-2.67,102.728
11/29/2025 23:23:40,-2.60,102.753
11/29/2025 23:33:40,-2.53,102.742
11/29/2025 23:43:40,-2.50,102.693
11/29/2025 23:53:40,-2.47,102.709
11/30/2025 00:03:40,-2.42,102.696
11/30/2025 00:13:40,-2.38,102.705
11/30/2025 00:23:40,-2.33,102.705
11/30/2025 00:33:40,-2.32,102.671
11/30/2025 00:43:40,-2.35,102.712
11/30/2025 00:53:40,-2.38,102.704
11/30/2025 01:03:40,-2.42,102.691
11/30/2025 01:13:40,-2.46,102.670
11/30/2025 01:23:40,-2.51,102.674
11/30/2025 01:33:40,-2.53,102.677
11/30/2025 01:43:40,-2.54,102.666
11/30/2025 01:53:40,-2.54,102.680
11/30/2025 02:03:40,-2.52,102.677
11/30/2025 02:13:40,-2.50,102.666
11/30/2025 02:23:40,-2.49,102.654
11/30/2025 02:33:40,-2.49,102.663
11/30/2025 02:43:40,-2.48,102.668
11/30/2025 02:53:40,-2.46,102.644
11/30/2025 03:03:40,-2.43,102.629
11/30/2025 03:13:40,-2.41,102.649
11/30/2025 03:23:40,-2.40,102.662
11/30/2025 03:33:40,-2.44,102.637
11/30/2025 03:43:40,-2.52,102.620
11/30/2025 03:53:40,-2.56,102.608
11/30/2025 04:03:40,-2.54,102.600
11/30/2025 04:13:40,-2.50,102.588
11/30/2025 04:23:40,-2.43,102.585
11/30/2025 04:33:40,-2.35,102.624
11/30/2025 04:43:40,-2.27,102.588
11/30/2025 04:53:40,-2.20,102.581
11/30/2025 05:03:40,-2.16,102.528
11/30/2025 05:13:40,-2.13,102.482
11/30/2025 05:23:40,-2.10,102.441
11/30/2025 05:33:40,-2.08,102.443
11/30/2025 05:43:40,-2.04,102.451
11/30/2025 05:53:40,-1.99,102.399
11/30/2025 06:03:40,-1.95,102.386
11/30/2025 06:13:40,-1.91,102.367
11/30/2025 06:23:40,-1.87,102.384
11/30/2025 06:33:40,-1.83,102.371
11/30/2025 06:43:40,-1.78,102.366
11/30/2025 06:53:40,-1.73,102.349
11/30/2025 07:03:40,-1.67,102.302
11/30/2025 07:13:40,-1.60,102.296
11/30/2025 07:23:40,-1.53,102.294
11/30/2025 07:33:40,-1.45,102.297
11/30/2025 07:43:40,-1.38,102.299
11/30/2025 07:53:40,-1.31,102.302
11/30/2025 08:03:40,-1.23,102.261
11/30/2025 08:13:40,-1.14,102.273
11/30/2025 08:23:40,-1.05,102.239
11/30/2025 08:33:40,-0.94,102.227
11/30/2025 08:43:40,-0.83,102.193
11/30/2025 08:53:40,-0.71,102.160
11/30/2025 09:03:40,-0.57,102.160
11/30/2025 09:13:40,-0.42,102.153
11/30/2025 09:23:40,-0.26,102.155
11/30/2025 09:33:40,-0.11,102.147
11/30/2025 09:43:40,0.06,102.071
11/30/2025 09:53:40,0.27,102.094
11/30/2025 10:03:40,0.48,102.048
11/30/2025 10:13:40,0.75,102.042
11/30/2025 10:23:40,1.01,102.000
11/30/2025 10:33:40,1.25,101.960
11/30/2025 10:43:40,1.55,101.930
11/30/2025 10:53:40,1.82,101.901
11/30/2025 11:03:40,2.02,101.867
11/30/2025 11:13:40,2.25,101.852
11/30/2025 11:23:40,2.46,101.831
11/30/2025 11:33:40,2.59,101.777
11/30/2025 11:43:40,2.68,101.763
11/30/2025 11:53:40,2.82,101.745
11/30/2025 12:03:40,2.97,101.709
11/30/2025 12:13:40,3.04,101.663
11/30/2025 12:23:40,3.10,101.624
11/30/2025 12:33:40,3.12,101.617
11/30/2025 12:43:40,3.02,101.590
11/30/2025 12:53:40,2.85,101.567
11/30/2025 13:03:40,2.66,101.571
11/30/2025 13:13:40,2.43,101.547
11/30/2025 13:23:40,2.25,101.504
11/30/2025 13:33:40,2.15,101.486
11/30/2025 13:43:40,2.10,101.455
11/30/2025 13:53:40,2.03,101.453
11/30/2025 14:03:40,1.94,101.436
11/30/2025 14:13:40,1.83,101.418
11/30/2025 14:23:40,1.72,101.390
11/30/2025 14:33:40,1.63,101.386
11/30/2025 14:43:40,1.56,101.358
11/30/2025 14:53:40,1.51,101.367
11/30/2025 15:03:40,1.47,101.345
11/30/2025 15:13:40,1.46,101.296
11/30/2025 15:23:40,1.49,101.294
11/30/2025 15:33:40,1.59,101.299
11/30/2025 15:43:40,1.77,101.289
11/30/2025 15:53:40,2.03,101.259
11/30/2025 16:03:40,2.34,101.269
11/30/2025 16:13:40,2.64,101.235
11/30/2025 16:23:40,2.89,101.243
11/30/2025 16:33:40,3.09,101.239
11/30/2025 16:43:40,3.25,101.218
11/30/2025 16:53:40,3.36,101.206
11/30/2025 17:03:40,3.42,101.229
11/30/2025 17:13:40,3.36,101.228
11/30/2025 17:23:40,3.13,101.217
11/30/2025 17:33:40,2.86,101.219
11/30/2025 17:43:40,2.60,101.223
11/30/2025 17:53:40,2.39,101.204
11/30/2025 18:03:40,2.25,101.186
11/30/2025 18:13:40,2.15,101.191
11/30/2025 18:23:40,2.08,101.184
11/30/2025 18:33:40,2.03,101.171
11/30/2025 18:43:40,2.03,101.149
11/30/2025 18:53:40,2.24,101.102
11/30/2025 19:03:40,2.64,101.120
11/30/2025 19:13:40,3.03,101.132
11/30/2025 19:23:40,3.34,101.107
11/30/2025 19:33:40,3.57,101.105
11/30/2025 19:43:40,3.75,101.094
11/30/2025 19:53:40,3.88,101.097
11/30/2025 20:03:40,3.98,101.079
11/30/2025 20:13:40,4.04,101.080
11/30/2025 20:23:40,4.06,101.091
11/30/2025 20:33:40,4.08,101.096
11/30/2025 20:43:40,4.09,101.071
11/30/2025 20:53:40,4.08,101.079
11/30/2025 21:03:40,4.00,101.045
11/30/2025 21:13:40,3.76,101.034
11/30/2025 21:23:40,3.44,101.037
11/30/2025 21:33:40,3.02,101.035
11/30/2025 21:43:40,2.66,101.029
11/30/2025 21:53:40,2.51,100.998
11/30/2025 22:03:40,2.43,101.013
11/30/2025 22:13:40,2.27,101.038
11/30/2025 22:23:40,2.04,101.040
11/30/2025 22:33:40,1.86,101.037
11/30/2025 22:43:40,1.83,101.047
11/30/2025 22:53:40,1.79,101.035
11/30/2025 23:03:40,1.72,101.042
11/30/2025 23:13:40,1.52,101.059
11/30/2025 23:23:40,1.19,101.060
11/30/2025 23:33:40,0.85,101.069
11/30/2025 23:43:40,0.51,101.081
11/30/2025 23:53:40,0.16,101.097
12/01/2025 00:03:40,-0.11,101.111
12/01/2025 00:13:40,-0.24,101.090
12/01/2025 00:23:40,-0.27,101.084
12/01/2025 00:33:40,-0.23,101.078
12/01/2025 00:43:40,-0.24,101.081
12/01/2025 00:53:40,-0.15,101.138
12/01/2025 01:03:40,0.11,101.136
12/01/2025 01:13:40,0.40,101.158
12/01/2025 01:23:40,0.63,101.167
12/01/2025 01:33:40,0.81,101.170
12/01/2025 01:43:40,0.95,101.183
12/01/2025 01:53:40,1.02,101.181
12/01/2025 02:03:40,0.85,101.213
12/01/2025 02:13:40,0.52,101.227
12/01/2025 02:23:40,0.12,101.234
12/01/2025 02:33:40,-0.26,101.229
12/01/2025 02:43:40,-0.62,101.248
12/01/2025 02:53:40,-0.95,101.257
12/01/2025 03:03:40,-1.09,101.275
12/01/2025 03:13:40,-1.11,101.277
12/01/2025 03:23:40,-1.14,101.278
12/01/2025 03:33:40,-1.19,101.292
12/01/2025 03:43:40,-1.27,101.289
12/01/2025 03:53:40,-1.41,101.310
12/01/2025 04:03:40,-1.50,101.324
12/01/2025 04:13:40,-1.48,101.313
12/01/2025 04:23:40,-1.42,101.318
12/01/2025 04:33:40,-1.41,101.350
12/01/2025 04:43:40,-1.37,101.362
12/01/2025 04:53:40,-1.36,101.363
12/01/2025 05:03:40,-1.40,101.377
12/01/2025 05:13:40,-1.39,101.396
12/01/2025 05:23:40,-1.26,101.408
12/01/2025 05:33:40,-1.09,101.424
12/01/2025 05:43:40,-0.94,101.465
12/01/2025 05:53:40,-0.85,101.469
12/01/2025 06:03:40,-0.86,101.504
12/01/2025 06:13:40,-0.92,101.515
12/01/2025 06:23:40,-0.94,101.535
12/01/2025 06:33:40,-0.94,101.558
12/01/2025 06:43:40,-0.89,101.567
12/01/2025 06:53:40,-0.82,101.599
12/01/2025 07:03:40,-0.73,101.630
12/01/2025 07:13:40,-0.58,101.657
12/01/2025 07:23:40,-0.43,101.676
12/01/2025 07:33:40,-0.27,101.704
12/01/2025 07:43:40,-0.14,101.708
12/01/2025 07:53:40,-0.02,101.724
12/01/2025 08:03:40,0.25,101.748
12/01/2025 08:13:40,0.69,101.763
12/01/2025 08:23:40,1.09,101.787
12/01/2025 08:33:40,1.44,101.793
12/01/2025 08:43:40,2.13,101.815
12/01/2025 08:53:40,3.20,101.805
12/01/2025 09:03:40,4.66,101.818
12/01/2025 09:13:40,6.34,101.807
12/01/2025 09:23:40,8.81,101.797
12/01/2025 09:33:40,11.00,101.805
12/01/2025 09:43:40,12.14,101.812
12/01/2025 09:53:40,13.01,101.811
12/01/2025 10:03:40,13.95,101.831
12/01/2025 10:13:40,14.13,101.836
12/01/2025 10:23:40,14.26,101.809
12/01/2025 10:33:40,15.04,101.807
12/01/2025 10:43:40,16.60,101.796
12/01/2025 10:53:40,18.38,101.783
12/01/2025 11:03:40,19.41,101.752
12/01/2025 11:13:40,19.33,101.796
12/01/2025 11:23:40,18.18,101.792
12/01/2025 11:33:40,16.77,101.804
12/01/2025 11:43:40,14.51,101.778
12/01/2025 11:53:40,12.46,101.806
12/01/2025 12:03:40,11.01,101.811
12/01/2025 12:13:40,9.69,101.796
12/01/2025 12:23:40,8.45,101.843
12/01/2025 12:33:40,8.27,101.820
12/01/2025 12:43:40,9.04,101.771
12/01/2025 12:53:40,10.96,101.763
12/01/2025 13:03:40,12.57,101.734
12/01/2025 13:13:40,13.20,101.749
12/01/2025 13:23:40,13.11,101.757
12/01/2025 13:33:40,13.12,101.753
12/01/2025 13:43:40,13.35,101.765
12/01/2025 13:53:40,12.91,101.782
12/01/2025 14:03:40,11.87,101.761
12/01/2025 14:13:40,10.44,101.793
12/01/2025 14:23:40,8.91,101.805
12/01/2025 14:33:40,7.47,101.816
12/01/2025 14:43:40,6.32,101.805
12/01/2025 14:53:40,5.42,101.826
12/01/2025 15:03:40,4.77,101.868
12/01/2025 15:13:40,4.22,101.864
12/01/2025 15:23:40,3.79,101.892
12/01/2025 15:33:40,3.43,101.896
12/01/2025 15:43:40,3.07,101.944
12/01/2025 15:53:40,2.67,101.957
12/01/2025 16:03:40,2.21,101.990
12/01/2025 16:13:40,1.64,102.013
12/01/2025 16:23:40,0.97,102.009
12/01/2025 16:33:40,0.27,102.046
12/01/2025 16:43:40,-0.39,102.063
12/01/2025 16:53:40,-0.97,102.087
12/01/2025 17:03:40,-1.46,102.111
12/01/2025 17:13:40,-1.86,102.121
12/01/2025 17:23:40,-2.22,102.104
12/01/2025 17:33:40,-2.49,102.104
12/01/2025 17:43:40,-2.67,102.095
12/01/2025 17:53:40,-2.84,102.123
12/01/2025 18:03:40,-3.00,102.151
12/01/2025 18:13:40,-3.16,102.144
12/01/2025 18:23:40,-3.33,102.167
12/01/2025 18:33:40,-3.46,102.150
12/01/2025 18:43:40,-3.61,102.135
12/01/2025 18:53:40,-3.79,102.139
12/01/2025 19:03:40,-3.95,102.145
12/01/2025 19:13:40,-4.11,102.137
12/01/2025 19:23:40,-4.27,102.161
12/01/2025 19:33:40,-4.45,102.135
12/01/2025 19:43:40,-4.60,102.115
12/01/2025 19:53:40,-4.73,102.110
12/01/2025 20:03:40,-4.87,102.088
12/01/2025 20:13:40,-4.99,102.072
12/01/2025 20:23:40,-5.11,102.085
12/01/2025 20:33:40,-5.25,102.097
12/01/2025 20:43:40,-5.38,102.089
12/01/2025 20:53:40,-5.52,102.083
12/01/2025 21:03:40,-5.65,102.092
12/01/2025 21:13:40,-5.78,102.083
12/01/2025 21:23:40,-5.93,102.068
12/01/2025 21:33:40,-6.08,102.053
12/01/2025 21:43:40,-6.22,102.051
12/01/2025 21:53:40,-6.38,102.035
12/01/2025 22:03:40,-6.54,102.027
12/01/2025 22:13:40,-6.69,102.046
12/01/2025 22:23:40,-6.84,102.044
12/01/2025 22:33:40,-6.96,102.040
12/01/2025 22:43:40,-7.05,102.014
12/01/2025 22:53:40,-7.09,102.022
12/01/2025 23:03:40,-7.12,102.015
12/01/2025 23:13:40,-7.20,102.006
12/01/2025 23:23:40,-7.29,101.997
12/01/2025 23:33:40,-7.36,101.985
12/01/2025 23:43:40,-7.41,101.976
12/01/2025 23:53:40,-7.42,101.987
12/02/2025 00:03:40,-7.43,101.986
12/02/2025 00:13:40,-7.44,101.999
12/02/2025 00:23:40,-7.43,102.004
12/02/2025 00:33:40,-7.39,102.004
12/02/2025 00:43:40,-7.34,101.988
12/02/2025 00:53:40,-7.22,101.986
12/02/2025 01:03:40,-7.04,101.988
12/02/2025 01:13:40,-6.83,101.992
12/02/2025 01:23:40,-6.56,101.980
12/02/2025 01:33:40,-6.31,101.946
12/02/2025 01:43:40,-6.06,101.958
12/02/2025 01:53:40,-5.84,101.940
12/02/2025 02:03:40,-5.67,101.910
12/02/2025 02:13:40,-5.53,101.893
12/02/2025 02:23:40,-5.41,101.879
12/02/2025 02:33:40,-5.29,101.861
12/02/2025 02:43:40,-5.16,101.847
12/02/2025 02:53:40,-5.05,101.833
12/02/2025 03:03:40,-4.92,101.814
12/02/2025 03:13:40,-4.81,101.791
12/02/2025 03:23:40,-4.70,101.766
12/02/2025 03:33:40,-4.59,101.760
12/02/2025 03:43:40,-4.46,101.751
12/02/2025 03:53:40,-4.32,101.734
12/02/2025 04:03:40,-4.20,101.746
12/02/2025 04:13:40,-4.10,101.748
12/02/2025 04:23:40,-4.01,101.721
12/02/2025 04:33:40,-3.95,101.687
12/02/2025 04:43:40,-3.91,101.621
12/02/2025 04:53:40,-3.86,101.617
12/02/2025 05:03:40,-3.80,101.605
12/02/2025 05:13:40,-3.73,101.604
12/02/2025 05:23:40,-3.65,101.599
12/02/2025 05:33:40,-3.57,101.594
12/02/2025 05:43:40,-3.51,101.582
12/02/2025 05:53:40,-3.47,101.573
12/02/2025 06:03:40,-3.44,101.598
12/02/2025 06:13:40,-3.40,101.597
12/02/2025 06:23:40,-3.35,101.575
12/02/2025 06:33:40,-3.31,101.553
12/02/2025 06:43:40,-3.30,101.554
12/02/2025 06:53:40,-3.30,101.563
12/02/2025 07:03:40,-3.29,101.551
12/02/2025 07:13:40,-3.28,101.547
12/02/2025 07:23:40,-3.26,101.501
12/02/2025 07:33:40,-3.23,101.473
12/02/2025 07:43:40,-3.17,101.443
12/02/2025 07:53:40,-3.10,101.407
12/02/2025 08:03:40,-3.01,101.376
12/02/2025 08:13:40,-2.91,101.315
12/02/2025 08:23:40,-2.82,101.298
12/02/2025 08:33:40,-2.73,101.298
12/02/2025 08:43:40,-2.64,101.316
12/02/2025 08:53:40,-2.54,101.290
12/02/2025 09:03:40,-2.44,101.303
12/02/2025 09:13:40,-2.35,101.264
12/02/2025 09:23:40,-2.23,101.227
12/02/2025 09:33:40,-2.08,101.246
12/02/2025 09:43:40,-1.98,101.229
12/02/2025 09:53:40,-1.95,101.228
12/02/2025 10:03:40,-1.99,101.197
12/02/2025 10:13:40,-2.04,101.197
12/02/2025 10:23:40,-2.06,101.204
12/02/2025 10:33:40,-2.08,101.202
12/02/2025 10:43:40,-2.07,101.194
12/02/2025 10:53:40,-2.11,101.177
12/02/2025 11:03:40,-2.16,101.159
12/02/2025 11:13:40,-2.19,101.152
12/02/2025 11:23:40,-2.17,101.105
12/02/2025 11:33:40,-2.13,101.065
12/02/2025 11:43:40,-2.06,101.068
12/02/2025 11:53:40,-1.95,101.069
12/02/2025 12:03:40,-1.83,101.024
12/02/2025 12:13:40,-1.71,101.000
12/02/2025 12:23:40,-1.58,100.942
12/02/2025 12:33:40,-1.48,100.903
12/02/2025 12:43:40,-1.40,100.875
12/02/2025 12:53:40,-1.34,100.833
12/02/2025 13:03:40,-1.29,100.807
12/02/2025 13:13:40,-1.25,100.771
12/02/2025 13:23:40,-1.23,100.725
12/02/2025 13:33:40,-1.20,100.718
12/02/2025 13:43:40,-1.17,100.712
12/02/2025 13:53:40,-1.17,100.695
12/02/2025 14:03:40,-1.20,100.696
12/02/2025 14:13:40,-1.26,100.665
12/02/2025 14:23:40,-1.32,100.632
12/02/2025 14:33:40,-1.37,100.574
12/02/2025 14:43:40,-1.40,100.527
12/02/2025 14:53:40,-1.43,100.525
12/02/2025 15:03:40,-1.46,100.495
12/02/2025 15:13:40,-1.50,100.501
12/02/2025 15:23:40,-1.54,100.440
12/02/2025 15:33:40,-1.58,100.427
12/02/2025 15:43:40,-1.62,100.406
12/02/2025 15:53:40,-1.67,100.401
12/02/2025 16:03:40,-1.70,100.376
12/02/2025 16:13:40,-1.73,100.347
12/02/2025 16:23:40,-1.75,100.318
12/02/2025 16:33:40,-1.78,100.294
12/02/2025 16:43:40,-1.80,100.266
12/02/2025 16:53:40,-1.79,100.236
12/02/2025 17:03:40,-1.78,100.241
12/02/2025 17:13:40,-1.78,100.210
12/02/2025 17:23:40,-1.80,100.164
12/02/2025 17:33:40,-1.81,100.159
12/02/2025 17:43:40,-1.82,100.158
12/02/2025 17:53:40,-1.82,100.122
12/02/2025 18:03:40,-1.82,100.092
12/02/2025 18:13:40,-1.80,100.094
12/02/2025 18:23:40,-1.78,100.061
12/02/2025 18:33:40,-1.75,100.037
12/02/2025 18:43:40,-1.72,100.018
12/02/2025 18:53:40,-1.67,100.031
12/02/2025 19:03:40,-1.63,100.035
12/02/2025 19:13:40,-1.61,100.016
12/02/2025 19:23:40,-1.60,100.025
12/02/2025 19:33:40,-1.58,100.018
12/02/2025 19:43:40,-1.57,100.015
12/02/2025 19:53:40,-1.56,99.980
12/02/2025 20:03:40,-1.56,99.976
12/02/2025 20:13:40,-1.54,99.987
12/02/2025 20:23:40,-1.53,99.996
12/02/2025 20:33:40,-1.54,99.983
12/02/2025 20:43:40,-1.54,99.986
12/02/2025 20:53:40,-1.55,99.999
12/02/2025 21:03:40,-1.56,99.976
12/02/2025 21:13:40,-1.56,99.972
12/02/2025 21:23:40,-1.56,99.963
12/02/2025 21:33:40,-1.55,99.950
12/02/2025 21:43:40,-1.54,99.947
12/02/2025 21:53:40,-1.53,99.957
12/02/2025 22:03:40,-1.51,99.967
12/02/2025 22:13:40,-1.49,99.956
12/02/2025 22:23:40,-1.47,99.953
12/02/2025 22:33:40,-1.45,99.964
12/02/2025 22:43:40,-1.43,99.966
12/02/2025 22:53:40,-1.41,99.951
12/02/2025 23:03:40,-1.38,99.971
12/02/2025 23:13:40,-1.35,99.987
12/02/2025 23:23:40,-1.31,99.982
12/02/2025 23:33:40,-1.27,99.990
12/02/2025 23:43:40,-1.23,99.994
12/02/2025 23:53:40,-1.19,100.006
12/03/2025 00:03:40,-1.16,100.026
12/03/2025 00:13:40,-1.14,100.029
12/03/2025 00:23:40,-1.11,100.032
12/03/2025 00:33:40,-1.07,100.040
12/03/2025 00:43:40,-1.03,100.065
12/03/2025 00:53:40,-1.00,100.091
12/03/2025 01:03:40,-0.95,100.121
12/03/2025 01:13:40,-0.92,100.138
12/03/2025 01:23:40,-0.89,100.132
12/03/2025 01:33:40,-0.85,100.161
12/03/2025 01:43:40,-0.82,100.164
12/03/2025 01:53:40,-0.80,100.201
12/03/2025 02:03:40,-0.78,100.225
12/03/2025 02:13:40,-0.77,100.244
12/03/2025 02:23:40,-0.78,100.260
12/03/2025 02:33:40,-0.82,100.266
12/03/2025 02:43:40,-0.90,100.298
12/03/2025 02:53:40,-1.04,100.338
12/03/2025 03:03:40,-1.18,100.337
12/03/2025 03:13:40,-1.32,100.364
12/03/2025 03:23:40,-1.53,100.397
12/03/2025 03:33:40,-1.83,100.434
12/03/2025 03:43:40,-2.12,100.441
12/03/2025 03:53:40,-2.41,100.445
12/03/2025 04:03:40,-2.70,100.478
12/03/2025 04:13:40,-2.97,100.504
12/03/2025 04:23:40,-3.13,100.503
12/03/2025 04:33:40,-3.28,100.527
12/03/2025 04:43:40,-3.46,100.575
12/03/2025 04:53:40,-3.58,100.582
12/03/2025 05:03:40,-3.68,100.611
12/03/2025 05:13:40,-3.85,100.607
12/03/2025 05:23:40,-4.07,100.643
12/03/2025 05:33:40,-4.32,100.662
12/03/2025 05:43:40,-4.57,100.660
12/03/2025 05:53:40,-4.75,100.680
12/03/2025 06:03:40,-4.86,100.709
12/03/2025 06:13:40,-4.92,100.739
12/03/2025 06:23:40,-4.91,100.757
12/03/2025 06:33:40,-4.97,100.755
12/03/2025 06:43:40,-5.15,100.764
12/03/2025 06:53:40,-5.38,100.797
12/03/2025 07:03:40,-5.62,100.821
12/03/2025 07:13:40,-5.83,100.848
12/03/2025 07:23:40,-6.00,100.879
12/03/2025 07:33:40,-6.13,100.866
12/03/2025 07:43:40,-6.18,100.852
12/03/2025 07:53:40,-6.13,100.853
12/03/2025 08:03:40,-5.95,100.872
12/03/2025 08:13:40,-5.39,100.924
12/03/2025 08:23:40,-4.23,100.956
12/03/2025 08:33:40,-2.74,100.949
12/03/2025 08:43:40,-0.87,100.952
12/03/2025 08:53:40,1.40,100.982
12/03/2025 09:03:40,3.75,101.054
12/03/2025 09:13:40,6.28,101.019
12/03/2025 09:23:40,8.58,100.973
12/03/2025 09:33:40,10.37,100.972
12/03/2025 09:43:40,11.24,100.960
12/03/2025 09:53:40,11.20,101.010
12/03/2025 10:03:40,11.51,101.011
12/03/2025 10:13:40,11.60,101.031
12/03/2025 10:23:40,11.47,101.030
12/03/2025 10:33:40,11.14,100.997
12/03/2025 10:43:40,11.14,100.952
12/03/2025 10:53:40,10.88,100.990
12/03/2025 11:03:40,10.49,101.018
12/03/2025 11:13:40,10.37,100.982
12/03/2025 11:23:40,10.80,100.953
12/03/2025 11:33:40,10.69,100.967
12/03/2025 11:43:40,9.82,101.014
12/03/2025 11:53:40,9.10,101.001
12/03/2025 12:03:40,8.54,101.010
12/03/2025 12:13:40,7.88,100.997
12/03/2025 12:23:40,7.49,100.991
12/03/2025 12:33:40,7.26,101.021
12/03/2025 12:43:40,7.23,101.027
12/03/2025 12:53:40,7.65,101.031
12/03/2025 13:03:40,8.96,100.981
12/03/2025 13:13:40,9.51,100.954
12/03/2025 13:23:40,9.39,101.020
12/03/2025 13:33:40,9.39,100.971
12/03/2025 13:43:40,10.00,100.984
12/03/2025 13:53:40,10.20,101.026
12/03/2025 14:03:40,9.72,100.997
12/03/2025 14:13:40,8.60,101.024
12/03/2025 14:23:40,7.44,101.049
12/03/2025 14:33:40,6.37,101.040
12/03/2025 14:43:40,5.45,101.033
12/03/2025 14:53:40,4.78,101.029
12/03/2025 15:03:40,4.19,101.049
12/03/2025 15:13:40,3.63,101.035
12/03/2025 15:23:40,3.12,101.052
12/03/2025 15:33:40,2.64,101.045
12/03/2025 15:43:40,2.13,101.021
12/03/2025 15:53:40,1.54,101.043
12/03/2025 16:03:40,0.93,101.071
12/03/2025 16:13:40,0.34,101.096
12/03/2025 16:23:40,-0.22,101.061
12/03/2025 16:33:40,-0.73,101.085
12/03/2025 16:43:40,-1.17,101.047
12/03/2025 16:53:40,-1.55,101.068
12/03/2025 17:03:40,-1.88,101.094
12/03/2025 17:13:40,-2.18,101.087
12/03/2025 17:23:40,-2.47,101.072
12/03/2025 17:33:40,-2.73,101.100
12/03/2025 17:43:40,-2.94,101.096
12/03/2025 17:53:40,-3.13,101.105
12/03/2025 18:03:40,-3.31,101.148
12/03/2025 18:13:40,-3.47,101.146
12/03/2025 18:23:40,-3.59,101.143
12/03/2025 18:33:40,-3.65,101.141
12/03/2025 18:43:40,-3.68,101.161
12/03/2025 18:53:40,-3.68,101.147
12/03/2025 19:03:40,-3.67,101.153
12/03/2025 19:13:40,-3.64,101.160
12/03/2025 19:23:40,-3.62,101.166
12/03/2025 19:33:40,-3.62,101.153
12/03/2025 19:43:40,-3.62,101.140
12/03/2025 19:53:40,-3.63,101.126
12/03/2025 20:03:40,-3.66,101.123
12/03/2025 20:13:40,-3.67,101.144
12/03/2025 20:23:40,-3.69,101.129
12/03/2025 20:33:40,-3.70,101.114
12/03/2025 20:43:40,-3.74,101.093
12/03/2025 20:53:40,-3.78,101.103
12/03/2025 21:03:40,-3.85,101.087
12/03/2025 21:13:40,-3.98,101.064
12/03/2025 21:23:40,-4.12,101.056
12/03/2025 21:33:40,-4.19,101.074
12/03/2025 21:43:40,-4.26,101.068
12/03/2025 21:53:40,-4.31,101.063
12/03/2025 22:03:40,-4.33,101.070
12/03/2025 22:13:40,-4.34,101.073
12/03/2025 22:23:40,-4.33,101.052
12/03/2025 22:33:40,-4.32,101.049
12/03/2025 22:43:40,-4.28,101.057
12/03/2025 22:53:40,-4.24,101.061
12/03/2025 23:03:40,-4.22,101.055
12/03/2025 23:13:40,-4.18,101.036
12/03/2025 23:23:40,-4.08,101.006
12/03/2025 23:33:40,-3.87,100.975
12/03/2025 23:43:40,-3.60,100.984
12/03/2025 23:53:40,-3.38,100.992
12/04/2025 00:03:40,-3.17,100.987
12/04/2025 00:13:40,-2.97,100.975
12/04/2025 00:23:40,-2.78,100.950
12/04/2025 00:33:40,-2.61,100.944
12/04/2025 00:43:40,-2.48,100.935
12/04/2025 00:53:40,-2.37,100.954
12/04/2025 01:03:40,-2.28,100.936
12/04/2025 01:13:40,-2.22,100.947
12/04/2025 01:23:40,-2.26,100.947
12/04/2025 01:33:40,-2.41,100.929
12/04/2025 01:43:40,-2.57,100.913
12/04/2025 01:53:40,-2.68,100.920
12/04/2025 02:03:40,-2.75,100.908
12/04/2025 02:13:40,-2.82,100.901
12/04/2025 02:23:40,-2.91,100.893
12/04/2025 02:33:40,-3.02,100.878
12/04/2025 02:43:40,-3.23,100.867
12/04/2025 02:53:40,-3.53,100.828
12/04/2025 03:03:40,-3.85,100.827
12/04/2025 03:13:40,-4.13,100.830
12/04/2025 03:23:40,-4.39,100.827
12/04/2025 03:33:40,-4.65,100.822
12/04/2025 03:43:40,-4.92,100.822
12/04/2025 03:53:40,-5.15,100.838
12/04/2025 04:03:40,-5.37,100.803
12/04/2025 04:13:40,-5.54,100.798
12/04/2025 04:23:40,-5.63,100.807
12/04/2025 04:33:40,-5.66,100.814
12/04/2025 04:43:40,-5.64,100.780
12/04/2025 04:53:40,-5.55,100.789
12/04/2025 05:03:40,-5.41,100.790
12/04/2025 05:13:40,-5.27,100.782
12/04/2025 05:23:40,-5.13,100.765
12/04/2025 05:33:40,-4.98,100.771
12/04/2025 05:43:40,-4.84,100.790
12/04/2025 05:53:40,-4.73,100.788
12/04/2025 06:03:40,-4.63,100.794
12/04/2025 06:13:40,-4.54,100.799
12/04/2025 06:23:40,-4.46,100.802
12/04/2025 06:33:40,-4.41,100.811
12/04/2025 06:43:40,-4.36,100.794
12/04/2025 06:53:40,-4.31,100.782
12/04/2025 07:03:40,-4.26,100.760
12/04/2025 07:13:40,-4.22,100.725
12/04/2025 07:23:40,-4.16,100.731
12/04/2025 07:33:40,-4.08,100.734
12/04/2025 07:43:40,-3.97,100.719
12/04/2025 07:53:40,-3.76,100.695
12/04/2025 08:03:40,-3.50,100.703
12/04/2025 08:13:40,-3.22,100.709
12/04/2025 08:23:40,-2.74,100.725
12/04/2025 08:33:40,-2.25,100.706
12/04/2025 08:43:40,-1.83,100.703
12/04/2025 08:53:40,-1.49,100.713
12/04/2025 09:03:40,-1.19,100.723
12/04/2025 09:13:40,-0.89,100.721
12/04/2025 09:23:40,-0.54,100.741
12/04/2025 09:33:40,-0.16,100.710
12/04/2025 09:43:40,0.23,100.720
12/04/2025 09:53:40,0.56,100.738
12/04/2025 10:03:40,0.85,100.725
12/04/2025 10:13:40,1.17,100.692
12/04/2025 10:23:40,1.55,100.704
12/04/2025 10:33:40,1.95,100.697
12/04/2025 10:43:40,2.38,100.700
12/04/2025 10:53:40,2.73,100.696
12/04/2025 11:03:40,3.04,100.697
12/04/2025 11:13:40,3.28,100.674
12/04/2025 11:23:40,3.49,100.648
12/04/2025 11:33:40,3.69,100.643
12/04/2025 11:43:40,3.96,100.640
12/04/2025 11:53:40,4.44,100.638
12/04/2025 12:03:40,4.91,100.625
12/04/2025 12:13:40,5.57,100.593
12/04/2025 12:23:40,6.06,100.590
12/04/2025 12:33:40,6.18,100.591
12/04/2025 12:43:40,6.48,100.576
12/04/2025 12:53:40,7.77,100.536
12/04/2025 13:03:40,9.20,100.527
12/04/2025 13:13:40,9.97,100.517
12/04/2025 13:23:40,10.22,100.550
12/04/2025 13:33:40,9.74,100.578
12/04/2025 13:43:40,8.41,100.579
12/04/2025 13:53:40,7.05,100.597
12/04/2025 14:03:40,6.83,100.588
12/04/2025 14:13:40,6.76,100.648
12/04/2025 14:23:40,5.83,100.721
12/04/2025 14:33:40,4.83,100.759
12/04/2025 14:43:40,4.00,100.768
12/04/2025 14:53:40,3.40,100.812
12/04/2025 15:03:40,2.93,100.859
12/04/2025 15:13:40,2.44,100.877
12/04/2025 15:23:40,1.94,100.902
12/04/2025 15:33:40,1.52,100.909
12/04/2025 15:43:40,1.14,100.945
12/04/2025 15:53:40,0.85,100.967
12/04/2025 16:03:40,0.60,101.001
12/04/2025 16:13:40,0.33,101.056
12/04/2025 16:23:40,0.03,101.063
12/04/2025 16:33:40,-0.33,101.152
12/04/2025 16:43:40,-0.69,101.176
12/04/2025 16:53:40,-1.12,101.175
12/04/2025 17:03:40,-1.50,101.236
12/04/2025 17:13:40,-1.69,101.239
12/04/2025 17:23:40,-1.87,101.267
12/04/2025 17:33:40,-2.09,101.329
12/04/2025 17:43:40,-2.32,101.350
12/04/2025 17:53:40,-2.57,101.366
12/04/2025 18:03:40,-2.79,101.401
12/04/2025 18:13:40,-3.06,101.437
12/04/2025 18:23:40,-3.36,101.456
12/04/2025 18:33:40,-3.66,101.466
12/04/2025 18:43:40,-3.93,101.501
12/04/2025 18:53:40,-4.17,101.512
12/04/2025 19:03:40,-4.42,101.545
12/04/2025 19:13:40,-4.67,101.555
12/04/2025 19:23:40,-4.91,101.574
12/04/2025 19:33:40,-5.12,101.606
12/04/2025 19:43:40,-5.31,101.643
12/04/2025 19:53:40,-5.51,101.624
12/04/2025 20:03:40,-5.70,101.635
12/04/2025 20:13:40,-5.86,101.654
12/04/2025 20:23:40,-6.00,101.674
12/04/2025 20:33:40,-6.16,101.693
12/04/2025 20:43:40,-6.33,101.719
12/04/2025 20:53:40,-6.49,101.738
12/04/2025 21:03:40,-6.67,101.772
12/04/2025 21:13:40,-6.86,101.792
12/04/2025 21:23:40,-7.06,101.802
12/04/2025 21:33:40,-7.28,101.819
12/04/2025 21:43:40,-7.49,101.827
12/04/2025 21:53:40,-7.68,101.833
12/04/2025 22:03:40,-7.88,101.865
12/04/2025 22:13:40,-8.07,101.888
12/04/2025 22:23:40,-8.24,101.888
12/04/2025 22:33:40,-8.41,101.883
12/04/2025 22:43:40,-8.62,101.910
12/04/2025 22:53:40,-8.81,101.907
12/04/2025 23:03:40,-8.96,101.934
12/04/2025 23:13:40,-9.11,101.984
12/04/2025 23:23:40,-9.35,102.002
12/04/2025 23:33:40,-9.62,101.973
12/04/2025 23:43:40,-9.86,102.004
12/04/2025 23:53:40,-10.09,102.040
12/05/2025 00:03:40,-10.30,102.017
12/05/2025 00:13:40,-10.50,102.057
12/05/2025 00:23:40,-10.76,102.059
12/05/2025 00:33:40,-10.98,102.039
12/05/2025 00:43:40,-11.25,102.080
12/05/2025 00:53:40,-11.50,102.039
12/05/2025 01:03:40,-11.78,102.087
12/05/2025 01:13:40,-12.05,102.056
12/05/2025 01:23:40,-12.30,102.033
12/05/2025 01:33:40,-12.54,102.037
12/05/2025 01:43:40,-12.76,102.091
12/05/2025 01:53:40,-12.97,102.115
12/05/2025 02:03:40,-13.13,102.127
12/05/2025 02:13:40,-13.32,102.118
12/05/2025 02:23:40,-13.52,102.122
12/05/2025 02:33:40,-13.73,102.129
12/05/2025 02:43:40,-13.94,102.127
12/05/2025 02:53:40,-14.16,102.127
12/05/2025 03:03:40,-14.35,102.144
12/05/2025 03:13:40,-14.57,102.155
12/05/2025 03:23:40,-14.81,102.179
12/05/2025 03:33:40,-15.03,102.206
12/05/2025 03:43:40,-15.23,102.226
12/05/2025 03:53:40,-15.43,102.194
12/05/2025 04:03:40,-15.60,102.209
12/05/2025 04:13:40,-15.74,102.206
12/05/2025 04:23:40,-15.92,102.220
12/05/2025 04:33:40,-16.11,102.202
12/05/2025 04:43:40,-16.30,102.210
12/05/2025 04:53:40,-16.46,102.218
12/05/2025 05:03:40,-16.59,102.227
12/05/2025 05:13:40,-16.71,102.231
12/05/2025 05:23:40,-16.86,102.240
12/05/2025 05:33:40,-17.01,102.252
12/05/2025 05:43:40,-17.20,102.243
12/05/2025 05:53:40,-17.32,102.250
12/05/2025 06:03:40,-17.43,102.232
12/05/2025 06:13:40,-17.59,102.222
12/05/2025 06:23:40,-17.70,102.204
12/05/2025 06:33:40,-17.79,102.207
12/05/2025 06:43:40,-17.91,102.205
12/05/2025 06:53:40,-18.02,102.196
12/05/2025 07:03:40,-18.08,102.236
12/05/2025 07:13:40,-18.22,102.251
12/05/2025 07:23:40,-18.31,102.248
12/05/2025 07:33:40,-18.32,102.234
12/05/2025 07:43:40,-18.24,102.257
12/05/2025 07:53:40,-18.05,102.258
12/05/2025 08:03:40,-17.69,102.241
12/05/2025 08:13:40,-16.91,102.256
12/05/2025 08:23:40,-15.55,102.268
12/05/2025 08:33:40,-13.71,102.279
12/05/2025 08:43:40,-11.45,102.315
12/05/2025 08:53:40,-8.85,102.328
12/05/2025 09:03:40,-6.01,102.306
12/05/2025 09:13:40,-2.96,102.295
12/05/2025 09:23:40,-0.17,102.264
12/05/2025 09:33:40,1.99,102.221
12/05/2025 09:43:40,3.41,102.216
12/05/2025 09:53:40,3.80,102.228
12/05/2025 10:03:40,4.26,102.208
12/05/2025 10:13:40,4.35,102.211
12/05/2025 10:23:40,4.83,102.213
12/05/2025 10:33:40,5.68,102.162
12/05/2025 10:43:40,7.61,102.098
12/05/2025 10:53:40,9.62,102.052
12/05/2025 11:03:40,11.11,101.996
12/05/2025 11:13:40,11.35,102.028
12/05/2025 11:23:40,10.76,102.031
12/05/2025 11:33:40,9.16,102.002
12/05/2025 11:43:40,6.85,101.991
12/05/2025 11:53:40,4.42,101.978
12/05/2025 12:03:40,2.78,101.953
12/05/2025 12:13:40,1.57,101.901
12/05/2025 12:23:40,0.27,101.891
12/05/2025 12:33:40,0.08,101.864
12/05/2025 12:43:40,1.30,101.811
12/05/2025 12:53:40,3.05,101.760
12/05/2025 13:03:40,3.82,101.776
12/05/2025 13:13:40,4.09,101.747
12/05/2025 13:23:40,4.01,101.735
12/05/2025 13:33:40,3.74,101.738
12/05/2025 13:43:40,3.74,101.720
12/05/2025 13:53:40,3.32,101.692
12/05/2025 14:03:40,2.60,101.681
12/05/2025 14:13:40,1.70,101.701
12/05/2025 14:23:40,0.56,101.693
12/05/2025 14:33:40,-0.74,101.669
12/05/2025 14:43:40,-1.79,101.657
12/05/2025 14:53:40,-2.58,101.628
12/05/2025 15:03:40,-3.12,101.620
12/05/2025 15:13:40,-3.61,101.599
12/05/2025 15:23:40,-3.92,101.586
12/05/2025 15:33:40,-4.19,101.576
12/05/2025 15:43:40,-4.52,101.600
12/05/2025 15:53:40,-4.84,101.604
12/05/2025 16:03:40,-5.11,101.593
12/05/2025 16:13:40,-5.40,101.581
12/05/2025 16:23:40,-5.72,101.575
12/05/2025 16:33:40,-6.03,101.553
12/05/2025 16:43:40,-6.22,101.546
12/05/2025 16:53:40,-6.27,101.511
12/05/2025 17:03:40,-6.24,101.509
12/05/2025 17:13:40,-6.19,101.500
12/05/2025 17:23:40,-6.12,101.478
12/05/2025 17:33:40,-6.02,101.453
12/05/2025 17:43:40,-5.91,101.446
12/05/2025 17:53:40,-5.80,101.422
12/05/2025 18:03:40,-5.71,101.440
12/05/2025 18:13:40,-5.64,101.430
12/05/2025 18:23:40,-5.57,101.428
12/05/2025 18:33:40,-5.52,101.421
12/05/2025 18:43:40,-5.47,101.412
12/05/2025 18:53:40,-5.42,101.412
12/05/2025 19:03:40,-5.36,101.405
12/05/2025 19:13:40,-5.30,101.424
12/05/2025 19:23:40,-5.24,101.396
12/05/2025 19:33:40,-5.18,101.398
12/05/2025 19:43:40,-5.12,101.412
12/05/2025 19:53:40,-5.07,101.396
12/05/2025 20:03:40,-5.02,101.383
12/05/2025 20:13:40,-4.97,101.374
12/05/2025 20:23:40,-4.93,101.361
12/05/2025 20:33:40,-4.88,101.353
12/05/2025 20:43:40,-4.80,101.330
12/05/2025 20:53:40,-4.72,101.334
12/05/2025 21:03:40,-4.67,101.335
12/05/2025 21:13:40,-4.60,101.341
12/05/2025 21:23:40,-4.55,101.337
12/05/2025 21:33:40,-4.52,101.324
12/05/2025 21:43:40,-4.49,101.313
12/05/2025 21:53:40,-4.45,101.290
12/05/2025 22:03:40,-4.41,101.251
12/05/2025 22:13:40,-4.36,101.252
12/05/2025 22:23:40,-4.30,101.239
12/05/2025 22:33:40,-4.26,101.230
12/05/2025 22:43:40,-4.23,101.221
12/05/2025 22:53:40,-4.19,101.198
12/05/2025 23:03:40,-4.16,101.179
12/05/2025 23:13:40,-4.13,101.164
12/05/2025 23:23:40,-4.11,101.148
12/05/2025 23:33:40,-4.09,101.146
12/05/2025 23:43:40,-4.07,101.139
12/05/2025 23:53:40,-4.05,101.132
12/06/2025 00:03:40,-4.04,101.108
12/06/2025 00:13:40,-4.03,101.078
12/06/2025 00:23:40,-4.02,101.057
12/06/2025 00:33:40,-4.00,101.032
12/06/2025 00:43:40,-3.99,101.028
12/06/2025 00:53:40,-3.99,101.038
12/06/2025 01:03:40,-3.98,101.021
12/06/2025 01:13:40,-3.98,101.008
12/06/2025 01:23:40,-3.97,101.009
12/06/2025 01:33:40,-3.96,100.992
12/06/2025 01:43:40,-3.96,100.997
12/06/2025 01:53:40,-3.95,100.975
12/06/2025 02:03:40,-3.95,100.988
12/06/2025 02:13:40,-3.95,100.989
12/06/2025 02:23:40,-3.95,100.980
12/06/2025 02:33:40,-3.93,100.982
12/06/2025 02:43:40,-3.92,100.979
12/06/2025 02:53:40,-3.91,100.945
12/06/2025 03:03:40,-3.90,100.936
12/06/2025 03:13:40,-3.92,100.935
12/06/2025 03:23:40,-3.95,100.915
12/06/2025 03:33:40,-4.00,100.892
12/06/2025 03:43:40,-4.06,100.895
12/06/2025 03:53:40,-4.12,100.889
12/06/2025 04:03:40,-4.17,100.870
12/06/2025 04:13:40,-4.21,100.879
12/06/2025 04:23:40,-4.25,100.876
12/06/2025 04:33:40,-4.27,100.878
12/06/2025 04:43:40,-4.30,100.870
12/06/2025 04:53:40,-4.33,100.893
12/06/2025 05:03:40,-4.36,100.856
12/06/2025 05:13:40,-4.37,100.881
12/06/2025 05:23:40,-4.37,100.890
12/06/2025 05:33:40,-4.38,100.858
12/06/2025 05:43:40,-4.39,100.848
12/06/2025 05:53:40,-4.40,100.848
12/06/2025 06:03:40,-4.40,100.830
12/06/2025 06:13:40,-4.39,100.844
12/06/2025 06:23:40,-4.38,100.854
12/06/2025 06:33:40,-4.37,100.837
12/06/2025 06:43:40,-4.37,100.833
12/06/2025 06:53:40,-4.36,100.820
12/06/2025 07:03:40,-4.35,100.809
12/06/2025 07:13:40,-4.33,100.819
12/06/2025 07:23:40,-4.29,100.819
12/06/2025 07:33:40,-4.24,100.833
12/06/2025 07:43:40,-4.17,100.822
12/06/2025 07:53:40,-4.06,100.793
12/06/2025 08:03:40,-3.90,100.791
12/06/2025 08:13:40,-3.75,100.811
12/06/2025 08:23:40,-3.59,100.795
12/06/2025 08:33:40,-3.38,100.786
12/06/2025 08:43:40,-3.09,100.806
12/06/2025 08:53:40,-2.79,100.812
12/06/2025 09:03:40,-2.56,100.809
12/06/2025 09:13:40,-2.32,100.818
12/06/2025 09:23:40,-2.10,100.809
12/06/2025 09:33:40,-1.89,100.815
12/06/2025 09:43:40,-1.59,100.822
12/06/2025 09:53:40,-1.19,100.812
12/06/2025 10:03:40,-0.82,100.799
12/06/2025 10:13:40,-0.53,100.790
12/06/2025 10:23:40,-0.19,100.791
12/06/2025 10:33:40,0.24,100.779
12/06/2025 10:43:40,0.70,100.750
12/06/2025 10:53:40,1.19,100.738
12/06/2025 11:03:40,1.69,100.721
12/06/2025 11:13:40,2.35,100.679
12/06/2025 11:23:40,3.02,100.672
12/06/2025 11:33:40,3.56,100.658
12/06/2025 11:43:40,4.44,100.629
12/06/2025 11:53:40,5.27,100.603
12/06/2025 12:03:40,5.67,100.575
12/06/2025 12:13:40,5.77,100.548
12/06/2025 12:23:40,5.53,100.550
12/06/2025 12:33:40,5.19,100.543
12/06/2025 12:43:40,4.83,100.530
12/06/2025 12:53:40,4.92,100.502
12/06/2025 13:03:40,5.94,100.473
12/06/2025 13:13:40,7.06,100.421
12/06/2025 13:23:40,7.90,100.392
12/06/2025 13:33:40,8.28,100.383
12/06/2025 13:43:40,8.84,100.388
12/06/2025 13:53:40,8.83,100.378
12/06/2025 14:03:40,8.36,100.411
12/06/2025 14:13:40,7.59,100.402
12/06/2025 14:23:40,6.63,100.412
12/06/2025 14:33:40,5.61,100.428
12/06/2025 14:43:40,4.68,100.424
12/06/2025 14:53:40,3.89,100.431
12/06/2025 15:03:40,3.34,100.441
12/06/2025 15:13:40,2.83,100.435
12/06/2025 15:23:40,2.44,100.445
12/06/2025 15:33:40,2.07,100.451
12/06/2025 15:43:40,1.61,100.467
12/06/2025 15:53:40,1.12,100.494
12/06/2025 16:03:40,0.64,100.503
12/06/2025 16:13:40,0.16,100.511
12/06/2025 16:23:40,-0.31,100.511
12/06/2025 16:33:40,-0.76,100.522
12/06/2025 16:43:40,-1.18,100.536
12/06/2025 16:53:40,-1.55,100.553
12/06/2025 17:03:40,-1.88,100.561
12/06/2025 17:13:40,-2.17,100.560
12/06/2025 17:23:40,-2.42,100.584
12/06/2025 17:33:40,-2.66,100.618
12/06/2025 17:43:40,-2.90,100.613
12/06/2025 17:53:40,-3.11,100.627
12/06/2025 18:03:40,-3.31,100.661
12/06/2025 18:13:40,-3.50,100.677
12/06/2025 18:23:40,-3.66,100.683
12/06/2025 18:33:40,-3.81,100.704
12/06/2025 18:43:40,-3.96,100.711
12/06/2025 18:53:40,-4.11,100.735
12/06/2025 19:03:40,-4.25,100.726
12/06/2025 19:13:40,-4.41,100.733
12/06/2025 19:23:40,-4.62,100.729
12/06/2025 19:33:40,-4.82,100.735
12/06/2025 19:43:40,-5.02,100.759
12/06/2025 19:53:40,-5.24,100.772
12/06/2025 20:03:40,-5.47,100.771
12/06/2025 20:13:40,-5.70,100.805
12/06/2025 20:23:40,-5.91,100.805
12/06/2025 20:33:40,-6.03,100.793
12/06/2025 20:43:40,-6.04,100.779
12/06/2025 20:53:40,-5.92,100.808
12/06/2025 21:03:40,-5.79,100.800
12/06/2025 21:13:40,-5.74,100.836
12/06/2025 21:23:40,-5.83,100.835
12/06/2025 21:33:40,-6.01,100.830
12/06/2025 21:43:40,-6.21,100.840
12/06/2025 21:53:40,-6.43,100.844
12/06/2025 22:03:40,-6.64,100.818
12/06/2025 22:13:40,-6.85,100.841
12/06/2025 22:23:40,-7.02,100.849
12/06/2025 22:33:40,-7.21,100.843
12/06/2025 22:43:40,-7.35,100.841
12/06/2025 22:53:40,-7.47,100.851
12/06/2025 23:03:40,-7.64,100.851
12/06/2025 23:13:40,-7.79,100.857
12/06/2025 23:23:40,-7.90,100.880
12/06/2025 23:33:40,-8.02,100.877
12/06/2025 23:43:40,-8.16,100.879
12/06/2025 23:53:40,-8.32,100.902
12/07/2025 00:03:40,-8.46,100.905
12/07/2025 00:13:40,-8.59,100.935
12/07/2025 00:23:40,-8.69,100.964
12/07/2025 00:33:40,-8.75,100.944
12/07/2025 00:43:40,-8.80,100.956
12/07/2025 00:53:40,-8.79,100.949
12/07/2025 01:03:40,-8.75,100.936
12/07/2025 01:13:40,-8.66,100.923
12/07/2025 01:23:40,-8.55,100.960
12/07/2025 01:33:40,-8.41,100.980
12/07/2025 01:43:40,-8.21,100.996
12/07/2025 01:53:40,-8.01,101.018
12/07/2025 02:03:40,-7.80,101.022
12/07/2025 02:13:40,-7.59,101.062
12/07/2025 02:23:40,-7.38,101.084
12/07/2025 02:33:40,-7.17,101.110
12/07/2025 02:43:40,-6.95,101.111
12/07/2025 02:53:40,-6.77,101.134
12/07/2025 03:03:40,-6.61,101.155
12/07/2025 03:13:40,-6.46,101.144
12/07/2025 03:23:40,-6.30,101.138
12/07/2025 03:33:40,-6.14,101.120
12/07/2025 03:43:40,-6.01,101.150
12/07/2025 03:53:40,-5.92,101.147
12/07/2025 04:03:40,-5.83,101.161
12/07/2025 04:13:40,-5.79,101.152
12/07/2025 04:23:40,-5.77,101.144
12/07/2025 04:33:40,-5.73,101.152
12/07/2025 04:43:40,-5.75,101.146
12/07/2025 04:53:40,-5.89,101.137
12/07/2025 05:03:40,-6.01,101.155
12/07/2025 05:13:40,-6.05,101.169
12/07/2025 05:23:40,-6.07,101.175
12/07/2025 05:33:40,-6.07,101.179
12/07/2025 05:43:40,-6.03,101.179
12/07/2025 05:53:40,-5.98,101.189
12/07/2025 06:03:40,-5.95,101.196
12/07/2025 06:13:40,-5.93,101.207
12/07/2025 06:23:40,-5.91,101.209
12/07/2025 06:33:40,-5.87,101.240
12/07/2025 06:43:40,-5.80,101.247
12/07/2025 06:53:40,-5.71,101.256
12/07/2025 07:03:40,-5.60,101.276
12/07/2025 07:13:40,-5.48,101.292
12/07/2025 07:23:40,-5.37,101.299
12/07/2025 07:33:40,-5.24,101.282
12/07/2025 07:43:40,-5.08,101.324
12/07/2025 07:53:40,-4.88,101.313
12/07/2025 08:03:40,-4.64,101.311
12/07/2025 08:13:40,-4.39,101.337
12/07/2025 08:23:40,-4.10,101.334
12/07/2025 08:33:40,-3.78,101.353
12/07/2025 08:43:40,-3.39,101.361
12/07/2025 08:53:40,-2.96,101.367
12/07/2025 09:03:40,-2.50,101.373
12/07/2025 09:13:40,-2.05,101.364
12/07/2025 09:23:40,-1.62,101.391
12/07/2025 09:33:40,-1.21,101.395
12/07/2025 09:43:40,-0.76,101.407
12/07/2025 09:53:40,-0.26,101.401
12/07/2025 10:03:40,0.32,101.389
12/07/2025 10:13:40,0.90,101.395
12/07/2025 10:23:40,1.37,101.385
12/07/2025 10:33:40,1.72,101.377
12/07/2025 10:43:40,2.01,101.372
12/07/2025 10:53:40,2.35,101.354
12/07/2025 11:03:40,2.72,101.343
12/07/2025 11:13:40,3.11,101.325
12/07/2025 11:23:40,3.60,101.333
12/07/2025 11:33:40,4.28,101.303
12/07/2025 11:43:40,5.09,101.281
12/07/2025 11:53:40,5.90,101.253
12/07/2025 12:03:40,6.53,101.231
12/07/2025 12:13:40,6.74,101.208
12/07/2025 12:23:40,6.66,101.197
12/07/2025 12:33:40,6.37,101.208
12/07/2025 12:43:40,6.08,101.184
12/07/2025 12:53:40,5.81,101.175
12/07/2025 13:03:40,5.60,101.156
12/07/2025 13:13:40,5.45,101.126
12/07/2025 13:23:40,5.47,101.101
12/07/2025 13:33:40,5.53,101.093
12/07/2025 13:43:40,5.54,101.085
12/07/2025 13:53:40,5.48,101.076
12/07/2025 14:03:40,5.33,101.085
12/07/2025 14:13:40,5.10,101.110
12/07/2025 14:23:40,4.80,101.123
12/07/2025 14:33:40,4.51,101.121
12/07/2025 14:43:40,4.28,101.105
12/07/2025 14:53:40,4.10,101.116
12/07/2025 15:03:40,3.98,101.106
12/07/2025 15:13:40,3.85,101.120
12/07/2025 15:23:40,3.60,101.134
12/07/2025 15:33:40,3.30,101.152
12/07/2025 15:43:40,2.99,101.151
12/07/2025 15:53:40,2.69,101.115
12/07/2025 16:03:40,2.43,101.097
12/07/2025 16:13:40,2.17,101.087
12/07/2025 16:23:40,1.99,101.053
12/07/2025 16:33:40,1.83,101.052
12/07/2025 16:43:40,1.68,101.016
12/07/2025 16:53:40,1.57,101.024
12/07/2025 17:03:40,1.49,101.025
12/07/2025 17:13:40,1.43,101.015
12/07/2025 17:23:40,1.38,100.997
12/07/2025 17:33:40,1.33,100.993
12/07/2025 17:43:40,1.23,100.997
12/07/2025 17:53:40,1.11,100.978
12/07/2025 18:03:40,1.04,100.976
12/07/2025 18:13:40,0.98,100.983
12/07/2025 18:23:40,0.93,100.987
12/07/2025 18:33:40,0.86,100.994
12/07/2025 18:43:40,0.77,100.986
12/07/2025 18:53:40,0.69,100.983
12/07/2025 19:03:40,0.62,100.985
12/07/2025 19:13:40,0.56,100.980
12/07/2025 19:23:40,0.51,100.967
12/07/2025 19:33:40,0.48,100.959
12/07/2025 19:43:40,0.46,100.962
12/07/2025 19:53:40,0.45,100.970
12/07/2025 20:03:40,0.36,100.948
12/07/2025 20:13:40,0.20,100.942
12/07/2025 20:23:40,0.11,100.951
12/07/2025 20:33:40,0.08,100.958
12/07/2025 20:43:40,-0.02,100.940
12/07/2025 20:53:40,-0.12,100.934
12/07/2025 21:03:40,-0.26,100.904
12/07/2025 21:13:40,-0.49,100.917
12/07/2025 21:23:40,-0.79,100.920
12/07/2025 21:33:40,-1.10,100.922
12/07/2025 21:43:40,-1.39,100.930
12/07/2025 21:53:40,-1.66,100.939
12/07/2025 22:03:40,-1.89,100.947
12/07/2025 22:13:40,-2.09,100.950
12/07/2025 22:23:40,-2.23,100.942
12/07/2025 22:33:40,-2.31,100.933
12/07/2025 22:43:40,-2.43,100.944
12/07/2025 22:53:40,-2.57,100.948
12/07/2025 23:03:40,-2.68,100.955
12/07/2025 23:13:40,-2.78,100.946
12/07/2025 23:23:40,-2.73,100.950
12/07/2025 23:33:40,-2.53,100.943
12/07/2025 23:43:40,-2.26,100.956
12/07/2025 23:53:40,-2.02,100.966
12/08/2025 00:03:40,-1.76,100.982
12/08/2025 00:13:40,-1.36,101.003
12/08/2025 00:23:40,-0.98,101.008
12/08/2025 00:33:40,-0.72,101.050
12/08/2025 00:43:40,-0.57,101.038
12/08/2025 00:53:40,-0.51,101.065
12/08/2025 01:03:40,-0.61,101.096
12/08/2025 01:13:40,-0.74,101.119
12/08/2025 01:23:40,-0.84,101.136
12/08/2025 01:33:40,-0.94,101.153
12/08/2025 01:43:40,-1.13,101.179
12/08/2025 01:53:40,-1.38,101.212
12/08/2025 02:03:40,-1.63,101.237
12/08/2025 02:13:40,-1.90,101.259
12/08/2025 02:23:40,-2.16,101.278
12/08/2025 02:33:40,-2.41,101.280
12/08/2025 02:43:40,-2.68,101.293
12/08/2025 02:53:40,-2.86,101.303
12/08/2025 03:03:40,-2.98,101.326
12/08/2025 03:13:40,-3.17,101.295
12/08/2025 03:23:40,-3.37,101.314
12/08/2025 03:33:40,-3.58,101.351
12/08/2025 03:43:40,-3.78,101.367
12/08/2025 03:53:40,-3.97,101.369
12/08/2025 04:03:40,-4.19,101.404
12/08/2025 04:13:40,-4.44,101.411
12/08/2025 04:23:40,-4.66,101.406
12/08/2025 04:33:40,-4.87,101.437
12/08/2025 04:43:40,-5.05,101.451
12/08/2025 04:53:40,-5.21,101.447
12/08/2025 05:03:40,-5.36,101.471
12/08/2025 05:13:40,-5.51,101.478
12/08/2025 05:23:40,-5.73,101.500
12/08/2025 05:33:40,-5.95,101.534
12/08/2025 05:43:40,-6.06,101.558
12/08/2025 05:53:40,-6.13,101.573
12/08/2025 06:03:40,-6.21,101.609
12/08/2025 06:13:40,-6.30,101.630
12/08/2025 06:23:40,-6.43,101.669
12/08/2025 06:33:40,-6.60,101.718
12/08/2025 06:43:40,-6.81,101.740
12/08/2025 06:53:40,-7.06,101.754
12/08/2025 07:03:40,-7.24,101.774
12/08/2025 07:13:40,-7.35,101.763
12/08/2025 07:23:40,-7.45,101.801
12/08/2025 07:33:40,-7.49,101.810
12/08/2025 07:43:40,-7.46,101.830
12/08/2025 07:53:40,-7.41,101.844
12/08/2025 08:03:40,-7.31,101.868
12/08/2025 08:13:40,-7.02,101.885
12/08/2025 08:23:40,-6.44,101.914
12/08/2025 08:33:40,-5.36,101.941
12/08/2025 08:43:40,-3.69,101.951
12/08/2025 08:53:40,-2.07,101.956
12/08/2025 09:03:40,-0.32,101.960
12/08/2025 09:13:40,2.11,101.937
12/08/2025 09:23:40,4.62,101.938
12/08/2025 09:33:40,6.47,101.942
12/08/2025 09:43:40,7.38,101.951
12/08/2025 09:53:40,7.35,101.966
12/08/2025 10:03:40,7.21,101.963
12/08/2025 10:13:40,7.19,101.966
12/08/2025 10:23:40,7.50,101.947
12/08/2025 10:33:40,7.83,101.921
12/08/2025 10:43:40,8.81,101.899
12/08/2025 10:53:40,9.87,101.882
12/08/2025 11:03:40,10.96,101.887
12/08/2025 11:13:40,11.72,101.856
12/08/2025 11:23:40,11.98,101.858
12/08/2025 11:33:40,10.82,101.858
12/08/2025 11:43:40,8.23,101.883
12/08/2025 11:53:40,5.95,101.907
12/08/2025 12:03:40,4.50,101.880
12/08/2025 12:13:40,3.43,101.887
12/08/2025 12:23:40,2.38,101.890
12/08/2025 12:33:40,1.95,101.874
12/08/2025 12:43:40,2.33,101.856
12/08/2025 12:53:40,3.11,101.846
12/08/2025 13:03:40,3.51,101.855
12/08/2025 13:13:40,3.56,101.850
12/08/2025 13:23:40,3.41,101.850
12/08/2025 13:33:40,3.12,101.851
12/08/2025 13:43:40,3.21,101.837
12/08/2025 13:53:40,2.87,101.846
12/08/2025 14:03:40,2.35,101.862
12/08/2025 14:13:40,1.71,101.869
12/08/2025 14:23:40,1.04,101.901
12/08/2025 14:33:40,0.12,101.900
12/08/2025 14:43:40,-0.74,101.925
12/08/2025 14:53:40,-1.42,101.926
12/08/2025 15:03:40,-1.90,101.937
12/08/2025 15:13:40,-2.34,101.947
12/08/2025 15:23:40,-2.77,101.972
12/08/2025 15:33:40,-3.20,101.960
12/08/2025 15:43:40,-3.65,101.973
12/08/2025 15:53:40,-4.09,101.964
12/08/2025 16:03:40,-4.52,101.969
12/08/2025 16:13:40,-4.95,101.983
12/08/2025 16:23:40,-5.37,101.993
12/08/2025 16:33:40,-5.79,101.994
12/08/2025 16:43:40,-6.23,102.020
12/08/2025 16:53:40,-6.67,102.031
12/08/2025 17:03:40,-7.10,102.022
12/08/2025 17:13:40,-7.52,102.048
12/08/2025 17:23:40,-7.92,102.071
12/08/2025 17:33:40,-8.32,102.073
12/08/2025 17:43:40,-8.67,102.075
12/08/2025 17:53:40,-9.01,102.096
12/08/2025 18:03:40,-9.32,102.111
12/08/2025 18:13:40,-9.63,102.108
12/08/2025 18:23:40,-9.95,102.113
12/08/2025 18:33:40,-10.24,102.116
12/08/2025 18:43:40,-10.52,102.116
12/08/2025 18:53:40,-10.80,102.143
12/08/2025 19:03:40,-11.09,102.150
12/08/2025 19:13:40,-11.36,102.146
12/08/2025 19:23:40,-11.57,102.140
12/08/2025 19:33:40,-11.77,102.157
12/08/2025 19:43:40,-11.99,102.159
12/08/2025 19:53:40,-12.16,102.166
12/08/2025 20:03:40,-12.33,102.173
12/08/2025 20:13:40,-12.53,102.165
12/08/2025 20:23:40,-12.70,102.145
12/08/2025 20:33:40,-12.88,102.143
12/08/2025 20:43:40,-13.05,102.118
12/08/2025 20:53:40,-13.21,102.114
12/08/2025 21:03:40,-13.33,102.109
12/08/2025 21:13:40,-13.47,102.102
12/08/2025 21:23:40,-13.64,102.077
12/08/2025 21:33:40,-13.82,102.057
12/08/2025 21:43:40,-13.97,102.075
12/08/2025 21:53:40,-14.09,102.092
12/08/2025 22:03:40,-14.23,102.084
12/08/2025 22:13:40,-14.37,102.059
12/08/2025 22:23:40,-14.51,102.057
12/08/2025 22:33:40,-14.67,102.051
12/08/2025 22:43:40,-14.83,102.067
12/08/2025 22:53:40,-14.99,102.079
12/08/2025 23:03:40,-15.14,102.071
12/08/2025 23:13:40,-15.32,102.067
12/08/2025 23:23:40,-15.48,102.040
12/08/2025 23:33:40,-15.62,102.049
12/08/2025 23:43:40,-15.75,102.026
12/08/2025 23:53:40,-15.84,102.028
12/09/2025 00:03:40,-15.96,102.006
12/09/2025 00:13:40,-16.08,101.986
12/09/2025 00:23:40,-16.23,102.004
12/09/2025 00:33:40,-16.40,101.993
12/09/2025 00:43:40,-16.54,101.976
12/09/2025 00:53:40,-16.63,101.956
12/09/2025 01:03:40,-16.71,101.956
12/09/2025 01:13:40,-16.82,101.969
12/09/2025 01:23:40,-16.96,101.979
12/09/2025 01:33:40,-17.08,101.981
12/09/2025 01:43:40,-17.17,101.988
12/09/2025 01:53:40,-17.23,101.981
12/09/2025 02:03:40,-17.29,101.978
12/09/2025 02:13:40,-17.37,101.982
12/09/2025 02:23:40,-17.45,101.995
12/09/2025 02:33:40,-17.59,101.986
12/09/2025 02:43:40,-17.75,101.967
12/09/2025 02:53:40,-17.85,101.951
12/09/2025 03:03:40,-17.94,101.957
12/09/2025 03:13:40,-18.05,101.949
12/09/2025 03:23:40,-18.17,101.933
12/09/2025 03:33:40,-18.31,101.929
12/09/2025 03:43:40,-18.42,101.907
12/09/2025 03:53:40,-18.51,101.884
12/09/2025 04:03:40,-18.62,101.892
12/09/2025 04:13:40,-18.68,101.902
12/09/2025 04:23:40,-18.73,101.883
12/09/2025 04:33:40,-18.79,101.889
12/09/2025 04:43:40,-18.86,101.889
12/09/2025 04:53:40,-18.91,101.913
12/09/2025 05:03:40,-19.00,101.933
12/09/2025 05:13:40,-19.10,101.930
12/09/2025 05:23:40,-19.21,101.946
12/09/2025 05:33:40,-19.32,101.959
12/09/2025 05:43:40,-19.37,101.944
12/09/2025 05:53:40,-19.40,101.954
12/09/2025 06:03:40,-19.44,101.957
12/09/2025 06:13:40,-19.48,101.940
12/09/2025 06:23:40,-19.52,101.974
12/09/2025 06:33:40,-19.55,101.966
12/09/2025 06:43:40,-19.62,101.971
12/09/2025 06:53:40,-19.71,101.937
12/09/2025 07:03:40,-19.78,101.942
12/09/2025 07:13:40,-19.87,101.965
12/09/2025 07:23:40,-19.94,101.961
12/09/2025 07:33:40,-19.93,101.958
12/09/2025 07:43:40,-19.78,101.959
12/09/2025 07:53:40,-19.51,101.954
12/09/2025 08:03:40,-19.17,101.960
12/09/2025 08:13:40,-18.53,101.955
12/09/2025 08:23:40,-17.46,101.984
12/09/2025 08:33:40,-15.94,101.990
12/09/2025 08:43:40,-14.02,102.008
12/09/2025 08:53:40,-11.64,102.019
12/09/2025 09:03:40,-8.95,102.045
12/09/2025 09:13:40,-5.91,102.026
12/09/2025 09:23:40,-3.04,102.015
12/09/2025 09:33:40,-0.67,101.988
12/09/2025 09:43:40,1.07,101.965
12/09/2025 09:53:40,1.60,101.988
12/09/2025 10:03:40,1.96,101.981
12/09/2025 10:13:40,2.43,101.948
12/09/2025 10:23:40,3.44,101.906
12/09/2025 10:33:40,4.26,101.858
12/09/2025 10:43:40,5.34,101.828
12/09/2025 10:53:40,6.98,101.754
12/09/2025 11:03:40,8.91,101.703
12/09/2025 11:13:40,9.87,101.664
12/09/2025 11:23:40,9.91,101.646
12/09/2025 11:33:40,8.77,101.684
12/09/2025 11:43:40,6.51,101.697
12/09/2025 11:53:40,4.24,101.702
12/09/2025 12:03:40,2.34,101.724
12/09/2025 12:13:40,1.16,101.718
12/09/2025 12:23:40,0.09,101.689
12/09/2025 12:33:40,-0.28,101.663
12/09/2025 12:43:40,0.50,101.635
12/09/2025 12:53:40,1.65,101.578
12/09/2025 13:03:40,2.46,101.549
12/09/2025 13:13:40,2.80,101.531
12/09/2025 13:23:40,2.88,101.507
12/09/2025 13:33:40,2.78,101.468
12/09/2025 13:43:40,2.64,101.451
12/09/2025 13:53:40,2.23,101.441
12/09/2025 14:03:40,1.74,101.436
12/09/2025 14:13:40,1.17,101.415
12/09/2025 14:23:40,0.58,101.435
12/09/2025 14:33:40,-0.01,101.433
12/09/2025 14:43:40,-0.50,101.414
12/09/2025 14:53:40,-1.00,101.424
12/09/2025 15:03:40,-1.48,101.414
12/09/2025 15:13:40,-1.85,101.413
12/09/2025 15:23:40,-2.17,101.405
12/09/2025 15:33:40,-2.47,101.384
12/09/2025 15:43:40,-2.80,101.361
12/09/2025 15:53:40,-3.14,101.319
12/09/2025 16:03:40,-3.52,101.299
12/09/2025 16:13:40,-3.86,101.261
12/09/2025 16:23:40,-4.17,101.279
12/09/2025 16:33:40,-4.43,101.271
12/09/2025 16:43:40,-4.68,101.254
12/09/2025 16:53:40,-4.94,101.224
12/09/2025 17:03:40,-5.18,101.222
12/09/2025 17:13:40,-5.34,101.232
12/09/2025 17:23:40,-5.45,101.230
12/09/2025 17:33:40,-5.53,101.235
12/09/2025 17:43:40,-5.60,101.228
12/09/2025 17:53:40,-5.59,101.229
12/09/2025 18:03:40,-5.55,101.215
12/09/2025 18:13:40,-5.54,101.203
12/09/2025 18:23:40,-5.55,101.193
12/09/2025 18:33:40,-5.53,101.164
12/09/2025 18:43:40,-5.43,101.139
12/09/2025 18:53:40,-5.27,101.142
12/09/2025 19:03:40,-5.10,101.106
12/09/2025 19:13:40,-4.96,101.099
12/09/2025 19:23:40,-4.83,101.072
12/09/2025 19:33:40,-4.74,101.046
12/09/2025 19:43:40,-4.68,101.043
12/09/2025 19:53:40,-4.65,101.007
12/09/2025 20:03:40,-4.61,100.984
12/09/2025 20:13:40,-4.55,100.986
12/09/2025 20:23:40,-4.46,100.973
12/09/2025 20:33:40,-4.38,100.972
12/09/2025 20:43:40,-4.33,100.943
12/09/2025 20:53:40,-4.28,100.904
12/09/2025 21:03:40,-4.22,100.878
12/09/2025 21:13:40,-4.18,100.852
12/09/2025 21:23:40,-4.15,100.837
12/09/2025 21:33:40,-4.11,100.824
12/09/2025 21:43:40,-4.05,100.816
12/09/2025 21:53:40,-3.98,100.819
12/09/2025 22:03:40,-3.88,100.824
12/09/2025 22:13:40,-3.80,100.814
12/09/2025 22:23:40,-3.75,100.816
12/09/2025 22:33:40,-3.73,100.812
12/09/2025 22:43:40,-3.75,100.788
12/09/2025 22:53:40,-3.76,100.766
12/09/2025 23:03:40,-3.73,100.755
12/09/2025 23:13:40,-3.68,100.734
12/09/2025 23:23:40,-3.59,100.734
12/09/2025 23:33:40,-3.47,100.706
12/09/2025 23:43:40,-3.31,100.691
12/09/2025 23:53:40,-3.13,100.687
12/10/2025 00:03:40,-2.94,100.658
12/10/2025 00:13:40,-2.76,100.613
12/10/2025 00:23:40,-2.60,100.602
12/10/2025 00:33:40,-2.46,100.576
12/10/2025 00:43:40,-2.30,100.547
12/10/2025 00:53:40,-2.13,100.533
12/10/2025 01:03:40,-1.99,100.533
12/10/2025 01:13:40,-1.88,100.544
12/10/2025 01:23:40,-1.79,100.530
12/10/2025 01:33:40,-1.70,100.517
12/10/2025 01:43:40,-1.61,100.508
12/10/2025 01:53:40,-1.53,100.468
12/10/2025 02:03:40,-1.44,100.472
12/10/2025 02:13:40,-1.36,100.479
12/10/2025 02:23:40,-1.33,100.486
12/10/2025 02:33:40,-1.34,100.481
12/10/2025 02:43:40,-1.34,100.489
12/10/2025 02:53:40,-1.35,100.493
12/10/2025 03:03:40,-1.39,100.481
12/10/2025 03:13:40,-1.43,100.446
12/10/2025 03:23:40,-1.50,100.421
12/10/2025 03:33:40,-1.59,100.399
12/10/2025 03:43:40,-1.73,100.369
12/10/2025 03:53:40,-1.84,100.363
12/10/2025 04:03:40,-1.89,100.380
12/10/2025 04:13:40,-1.92,100.368
12/10/2025 04:23:40,-1.91,100.351
12/10/2025 04:33:40,-1.87,100.329
12/10/2025 04:43:40,-1.78,100.329
12/10/2025 04:53:40,-1.70,100.327
12/10/2025 05:03:40,-1.62,100.340
12/10/2025 05:13:40,-1.55,100.333
12/10/2025 05:23:40,-1.50,100.320
12/10/2025 05:33:40,-1.44,100.312
12/10/2025 05:43:40,-1.41,100.320
12/10/2025 05:53:40,-1.41,100.298
12/10/2025 06:03:40,-1.44,100.296
12/10/2025 06:13:40,-1.48,100.296
12/10/2025 06:23:40,-1.53,100.318
12/10/2025 06:33:40,-1.58,100.313
12/10/2025 06:43:40,-1.59,100.298
12/10/2025 06:53:40,-1.57,100.296
12/10/2025 07:03:40,-1.55,100.285
12/10/2025 07:13:40,-1.52,100.252
12/10/2025 07:23:40,-1.47,100.253
12/10/2025 07:33:40,-1.34,100.217
12/10/2025 07:43:40,-1.17,100.220
12/10/2025 07:53:40,-1.04,100.179
12/10/2025 08:03:40,-0.92,100.181
12/10/2025 08:13:40,-0.77,100.174
12/10/2025 08:23:40,-0.53,100.157
12/10/2025 08:33:40,-0.25,100.143
12/10/2025 08:43:40,0.15,100.123
12/10/2025 08:53:40,0.57,100.113
12/10/2025 09:03:40,1.04,100.120
12/10/2025 09:13:40,1.68,100.104
12/10/2025 09:23:40,1.89,100.074
12/10/2025 09:33:40,1.93,100.051
12/10/2025 09:43:40,1.88,100.007
12/10/2025 09:53:40,1.99,99.942
12/10/2025 10:03:40,2.48,99.928
12/10/2025 10:13:40,3.41,99.877
12/10/2025 10:23:40,4.06,99.863
12/10/2025 10:33:40,4.24,99.822
12/10/2025 10:43:40,4.44,99.759
12/10/2025 10:53:40,4.38,99.758
12/10/2025 11:03:40,4.09,99.694
12/10/2025 11:13:40,3.89,99.725
12/10/2025 11:23:40,3.65,99.740
12/10/2025 11:33:40,3.33,99.703
12/10/2025 11:43:40,3.21,99.666
12/10/2025 11:53:40,3.21,99.649
12/10/2025 12:03:40,3.21,99.583
12/10/2025 12:13:40,3.26,99.552
12/10/2025 12:23:40,3.41,99.486
12/10/2025 12:33:40,3.63,99.464
12/10/2025 12:43:40,3.90,99.400
12/10/2025 12:53:40,4.23,99.349
12/10/2025 13:03:40,4.39,99.305
12/10/2025 13:13:40,4.57,99.285
12/10/2025 13:23:40,4.75,99.287
12/10/2025 13:33:40,4.75,99.287
12/10/2025 13:43:40,4.62,99.303
12/10/2025 13:53:40,4.48,99.321
12/10/2025 14:03:40,4.35,99.297
12/10/2025 14:13:40,4.19,99.261
12/10/2025 14:23:40,4.02,99.234
12/10/2025 14:33:40,3.87,99.199
12/10/2025 14:43:40,3.72,99.194
12/10/2025 14:53:40,3.52,99.195
12/10/2025 15:03:40,3.27,99.186
12/10/2025 15:13:40,2.99,99.232
12/10/2025 15:23:40,2.69,99.246
12/10/2025 15:33:40,2.40,99.233
12/10/2025 15:43:40,2.13,99.236
12/10/2025 15:53:40,1.89,99.214
12/10/2025 16:03:40,1.67,99.213
12/10/2025 16:13:40,1.49,99.188
12/10/2025 16:23:40,1.35,99.175
12/10/2025 16:33:40,1.26,99.167
12/10/2025 16:43:40,1.19,99.134
12/10/2025 16:53:40,1.16,99.114
12/10/2025 17:03:40,1.13,99.125
12/10/2025 17:13:40,1.11,99.096
12/10/2025 17:23:40,1.11,99.087
12/10/2025 17:33:40,1.10,99.064
12/10/2025 17:43:40,1.08,99.045
12/10/2025 17:53:40,1.08,99.045
12/10/2025 18:03:40,1.16,99.061
12/10/2025 18:13:40,1.22,99.022
12/10/2025 18:23:40,1.25,99.052
12/10/2025 18:33:40,1.37,99.049
12/10/2025 18:43:40,1.53,99.028
12/10/2025 18:53:40,1.66,99.014
12/10/2025 19:03:40,1.78,99.015
12/10/2025 19:13:40,1.86,99.000
12/10/2025 19:23:40,1.92,98.992
12/10/2025 19:33:40,1.94,98.973
12/10/2025 19:43:40,1.93,98.976
12/10/2025 19:53:40,1.90,98.978
12/10/2025 20:03:40,1.86,98.943
12/10/2025 20:13:40,1.81,98.943
12/10/2025 20:23:40,1.77,98.944
12/10/2025 20:33:40,1.74,98.937
12/10/2025 20:43:40,1.71,98.912
12/10/2025 20:53:40,1.68,98.905
12/10/2025 21:03:40,1.67,98.904
12/10/2025 21:13:40,1.65,98.907
12/10/2025 21:23:40,1.63,98.909
12/10/2025 21:33:40,1.62,98.886
12/10/2025 21:43:40,1.61,98.886
12/10/2025 21:53:40,1.59,98.875
12/10/2025 22:03:40,1.55,98.863
12/10/2025 22:13:40,1.51,98.863
12/10/2025 22:23:40,1.48,98.830
12/10/2025 22:33:40,1.47,98.825
12/10/2025 22:43:40,1.46,98.837
12/10/2025 22:53:40,1.47,98.847
12/10/2025 23:03:40,1.49,98.853
12/10/2025 23:13:40,1.52,98.842
12/10/2025 23:23:40,1.55,98.818
12/10/2025 23:33:40,1.56,98.820
12/10/2025 23:43:40,1.56,98.815
12/10/2025 23:53:40,1.56,98.801
12/11/2025 00:03:40,1.56,98.788
12/11/2025 00:13:40,1.54,98.764
12/11/2025 00:23:40,1.54,98.756
12/11/2025 00:33:40,1.56,98.749
12/11/2025 00:43:40,1.59,98.752
12/11/2025 00:53:40,1.62,98.732
12/11/2025 01:03:40,1.65,98.717
12/11/2025 01:13:40,1.67,98.719
12/11/2025 01:23:40,1.66,98.710
12/11/2025 01:33:40,1.62,98.723
12/11/2025 01:43:40,1.53,98.724
12/11/2025 01:53:40,1.26,98.744
12/11/2025 02:03:40,0.94,98.764
12/11/2025 02:13:40,0.63,98.767
12/11/2025 02:23:40,0.32,98.795
12/11/2025 02:33:40,0.03,98.800
12/11/2025 02:43:40,-0.09,98.793
12/11/2025 02:53:40,-0.05,98.806
12/11/2025 03:03:40,-0.10,98.823
12/11/2025 03:13:40,-0.13,98.847
12/11/2025 03:23:40,-0.05,98.871
12/11/2025 03:33:40,0.06,98.895
12/11/2025 03:43:40,0.16,98.922
12/11/2025 03:53:40,0.21,98.926
12/11/2025 04:03:40,0.18,98.936
12/11/2025 04:13:40,0.16,98.952
12/11/2025 04:23:40,0.17,98.993
12/11/2025 04:33:40,0.19,99.017
12/11/2025 04:43:40,0.24,99.026
12/11/2025 04:53:40,0.29,99.048
12/11/2025 05:03:40,0.31,99.076
12/11/2025 05:13:40,0.30,99.115
12/11/2025 05:23:40,0.21,99.151
12/11/2025 05:33:40,0.09,99.175
12/11/2025 05:43:40,-0.01,99.188
12/11/2025 05:53:40,-0.03,99.199
12/11/2025 06:03:40,-0.03,99.212
12/11/2025 06:13:40,-0.03,99.239
12/11/2025 06:23:40,-0.07,99.266
12/11/2025 06:33:40,-0.18,99.291
12/11/2025 06:43:40,-0.29,99.334
12/11/2025 06:53:40,-0.38,99.352
12/11/2025 07:03:40,-0.48,99.404
12/11/2025 07:13:40,-0.68,99.447
12/11/2025 07:23:40,-0.92,99.464
12/11/2025 07:33:40,-1.11,99.482
12/11/2025 07:43:40,-1.24,99.501
12/11/2025 07:53:40,-1.22,99.529
12/11/2025 08:03:40,-1.05,99.531
12/11/2025 08:13:40,-0.89,99.546
12/11/2025 08:23:40,-0.53,99.579
12/11/2025 08:33:40,-0.34,99.593
12/11/2025 08:43:40,0.13,99.615
12/11/2025 08:53:40,1.87,99.600
12/11/2025 09:03:40,3.63,99.619
12/11/2025 09:13:40,3.92,99.648
12/11/2025 09:23:40,4.77,99.637
12/11/2025 09:33:40,6.99,99.611
12/11/2025 09:43:40,8.24,99.619
12/11/2025 09:53:40,8.50,99.631
12/11/2025 10:03:40,8.68,99.640
12/11/2025 10:13:40,9.23,99.658
12/11/2025 10:23:40,9.16,99.652
12/11/2025 10:33:40,8.12,99.684
12/11/2025 10:43:40,6.68,99.700
12/11/2025 10:53:40,7.26,99.651
12/11/2025 11:03:40,10.30,99.603
12/11/2025 11:13:40,12.69,99.570
12/11/2025 11:23:40,13.52,99.577
12/11/2025 11:33:40,12.36,99.586
12/11/2025 11:43:40,10.07,99.621
12/11/2025 11:53:40,7.52,99.632
12/11/2025 12:03:40,5.86,99.623
12/11/2025 12:13:40,5.31,99.634
12/11/2025 12:23:40,5.17,99.627
12/11/2025 12:33:40,5.25,99.616
12/11/2025 12:43:40,5.63,99.626
12/11/2025 12:53:40,4.81,99.641
12/11/2025 13:03:40,3.69,99.659
12/11/2025 13:13:40,2.88,99.668
12/11/2025 13:23:40,2.97,99.632
12/11/2025 13:33:40,3.23,99.637
12/11/2025 13:43:40,2.77,99.654
12/11/2025 13:53:40,1.93,99.654
12/11/2025 14:03:40,1.69,99.655
12/11/2025 14:13:40,1.75,99.674
12/11/2025 14:23:40,1.86,99.687
12/11/2025 14:33:40,1.43,99.724
12/11/2025 14:43:40,0.89,99.737
12/11/2025 14:53:40,0.33,99.778
12/11/2025 15:03:40,0.23,99.778
12/11/2025 15:13:40,0.09,99.792
12/11/2025 15:23:40,-0.44,99.822
12/11/2025 15:33:40,-1.07,99.828
12/11/2025 15:43:40,-1.72,99.838
12/11/2025 15:53:40,-2.31,99.856
12/11/2025 16:03:40,-2.86,99.891
12/11/2025 16:13:40,-3.32,99.921
12/11/2025 16:23:40,-3.71,99.931
12/11/2025 16:33:40,-4.06,99.963
12/11/2025 16:43:40,-4.40,99.978
12/11/2025 16:53:40,-4.72,99.994
12/11/2025 17:03:40,-5.01,100.026
12/11/2025 17:13:40,-5.28,100.031
12/11/2025 17:23:40,-5.53,100.035
12/11/2025 17:33:40,-5.75,100.048
12/11/2025 17:43:40,-5.88,100.044
12/11/2025 17:53:40,-5.97,100.070
12/11/2025 18:03:40,-6.08,100.094
12/11/2025 18:13:40,-6.18,100.079
12/11/2025 18:23:40,-6.30,100.085
12/11/2025 18:33:40,-6.44,100.084
12/11/2025 18:43:40,-6.46,100.082
12/11/2025 18:53:40,-6.50,100.082
12/11/2025 19:03:40,-6.63,100.099
12/11/2025 19:13:40,-6.78,100.102
12/11/2025 19:23:40,-6.96,100.110
12/11/2025 19:33:40,-7.11,100.111
12/11/2025 19:43:40,-7.21,100.079
12/11/2025 19:53:40,-7.25,100.045
12/11/2025 20:03:40,-7.25,100.032
12/11/2025 20:13:40,-7.21,100.035
12/11/2025 20:23:40,-7.17,100.053
12/11/2025 20:33:40,-7.17,100.048
12/11/2025 20:43:40,-7.20,100.049
12/11/2025 20:53:40,-7.20,100.041
12/11/2025 21:03:40,-7.18,100.069
12/11/2025 21:13:40,-7.22,100.087
12/11/2025 21:23:40,-7.27,100.073
12/11/2025 21:33:40,-7.30,100.087
12/11/2025 21:43:40,-7.32,100.090
12/11/2025 21:53:40,-7.31,100.113
12/11/2025 22:03:40,-7.29,100.137
12/11/2025 22:13:40,-7.19,100.139
12/11/2025 22:23:40,-7.09,100.149
12/11/2025 22:33:40,-6.96,100.132
12/11/2025 22:43:40,-6.87,100.132
12/11/2025 22:53:40,-6.85,100.143
12/11/2025 23:03:40,-6.91,100.154
12/11/2025 23:13:40,-6.91,100.176
12/11/2025 23:23:40,-6.78,100.167
12/11/2025 23:33:40,-6.70,100.180
12/11/2025 23:43:40,-6.67,100.192
12/11/2025 23:53:40,-6.57,100.207
12/12/2025 00:03:40,-6.51,100.200
12/12/2025 00:13:40,-6.48,100.238
12/12/2025 00:23:40,-6.50,100.227
12/12/2025 00:33:40,-6.55,100.253
12/12/2025 00:43:40,-6.61,100.278
12/12/2025 00:53:40,-6.67,100.293
12/12/2025 01:03:40,-6.73,100.309
12/12/2025 01:13:40,-6.80,100.328
12/12/2025 01:23:40,-6.84,100.354
12/12/2025 01:33:40,-6.84,100.377
12/12/2025 01:43:40,-6.88,100.398
12/12/2025 01:53:40,-6.97,100.394
12/12/2025 02:03:40,-7.11,100.401
12/12/2025 02:13:40,-7.27,100.437
12/12/2025 02:23:40,-7.42,100.421
12/12/2025 02:33:40,-7.59,100.426
12/12/2025 02:43:40,-7.79,100.435
12/12/2025 02:53:40,-7.99,100.441
12/12/2025 03:03:40,-8.14,100.456
12/12/2025 03:13:40,-8.28,100.438
12/12/2025 03:23:40,-8.39,100.443
12/12/2025 03:33:40,-8.47,100.448
12/12/2025 03:43:40,-8.56,100.487
12/12/2025 03:53:40,-8.64,100.482
12/12/2025 04:03:40,-8.70,100.507
12/12/2025 04:13:40,-8.72,100.487
12/12/2025 04:23:40,-8.72,100.496
12/12/2025 04:33:40,-8.81,100.491
12/12/2025 04:43:40,-8.95,100.511
12/12/2025 04:53:40,-9.10,100.509
12/12/2025 05:03:40,-9.23,100.516
12/12/2025 05:13:40,-9.33,100.536
12/12/2025 05:23:40,-9.37,100.554
12/12/2025 05:33:40,-9.35,100.552
12/12/2025 05:43:40,-9.32,100.546
12/12/2025 05:53:40,-9.32,100.559
12/12/2025 06:03:40,-9.31,100.560
12/12/2025 06:13:40,-9.33,100.589
12/12/2025 06:23:40,-9.39,100.604
12/12/2025 06:33:40,-9.50,100.619
12/12/2025 06:43:40,-9.57,100.620
12/12/2025 06:53:40,-9.50,100.636
12/12/2025 07:03:40,-9.33,100.672
12/12/2025 07:13:40,-9.11,100.669
12/12/2025 07:23:40,-8.98,100.683
12/12/2025 07:33:40,-8.90,100.679
12/12/2025 07:43:40,-8.81,100.697
12/12/2025 07:53:40,-8.66,100.690
12/12/2025 08:03:40,-8.44,100.709
12/12/2025 08:13:40,-7.97,100.711
12/12/2025 08:23:40,-7.05,100.723
12/12/2025 08:33:40,-5.60,100.740
12/12/2025 08:43:40,-3.76,100.727
12/12/2025 08:53:40,-1.55,100.716
12/12/2025 09:03:40,0.71,100.707
12/12/2025 09:13:40,3.26,100.676
12/12/2025 09:23:40,5.86,100.617
12/12/2025 09:33:40,7.94,100.599
12/12/2025 09:43:40,9.37,100.598
12/12/2025 09:53:40,9.99,100.616
12/12/2025 10:03:40,10.02,100.614
12/12/2025 10:13:40,10.20,100.610
12/12/2025 10:23:40,11.03,100.607
12/12/2025 10:33:40,11.43,100.607
12/12/2025 10:43:40,12.69,100.563
12/12/2025 10:53:40,14.27,100.563
12/12/2025 11:03:40,15.87,100.537
12/12/2025 11:13:40,16.71,100.555
12/12/2025 11:23:40,16.52,100.569
12/12/2025 11:33:40,14.41,100.595
12/12/2025 11:43:40,11.77,100.614
12/12/2025 11:53:40,9.37,100.660
12/12/2025 12:03:40,7.66,100.660
12/12/2025 12:13:40,6.60,100.657
12/12/2025 12:23:40,5.48,100.630
12/12/2025 12:33:40,4.85,100.629
12/12/2025 12:43:40,5.54,100.616
12/12/2025 12:53:40,7.03,100.578
12/12/2025 13:03:40,7.92,100.580
12/12/2025 13:13:40,7.94,100.612
12/12/2025 13:23:40,7.90,100.640
12/12/2025 13:33:40,7.46,100.670
12/12/2025 13:43:40,6.65,100.696
12/12/2025 13:53:40,5.71,100.702
12/12/2025 14:03:40,4.89,100.720
12/12/2025 14:13:40,4.16,100.715
12/12/2025 14:23:40,3.47,100.744
12/12/2025 14:33:40,2.90,100.768
12/12/2025 14:43:40,2.37,100.801
12/12/2025 14:53:40,1.93,100.818
12/12/2025 15:03:40,1.56,100.820
12/12/2025 15:13:40,1.25,100.832
12/12/2025 15:23:40,1.01,100.845
12/12/2025 15:33:40,0.77,100.862
12/12/2025 15:43:40,0.55,100.886
12/12/2025 15:53:40,0.29,100.876
12/12/2025 16:03:40,0.05,100.893
12/12/2025 16:13:40,-0.18,100.916
12/12/2025 16:23:40,-0.36,100.934
12/12/2025 16:33:40,-0.51,100.955
12/12/2025 16:43:40,-0.62,100.958
12/12/2025 16:53:40,-0.73,100.970
12/12/2025 17:03:40,-0.83,100.969
12/12/2025 17:13:40,-0.90,100.984
12/12/2025 17:23:40,-0.95,101.015
12/12/2025 17:33:40,-0.98,101.017
12/12/2025 17:43:40,-1.02,101.039
12/12/2025 17:53:40,-1.07,101.026
12/12/2025 18:03:40,-1.12,101.034
12/12/2025 18:13:40,-1.19,101.027
12/12/2025 18:23:40,-1.22,101.051
12/12/2025 18:33:40,-1.22,101.042
12/12/2025 18:43:40,-1.21,101.060
12/12/2025 18:53:40,-1.20,101.070
12/12/2025 19:03:40,-1.18,101.081
12/12/2025 19:13:40,-1.16,101.101
12/12/2025 19:23:40,-1.14,101.107
12/12/2025 19:33:40,-1.13,101.099
12/12/2025 19:43:40,-1.10,101.106
12/12/2025 19:53:40,-1.10,101.115
12/12/2025 20:03:40,-1.09,101.116
12/12/2025 20:13:40,-1.05,101.102
12/12/2025 20:23:40,-0.99,101.130
12/12/2025 20:33:40,-0.98,101.135
12/12/2025 20:43:40,-1.01,101.142
12/12/2025 20:53:40,-1.03,101.148
12/12/2025 21:03:40,-1.07,101.140
12/12/2025 21:13:40,-1.11,101.163
12/12/2025 21:23:40,-1.14,101.156
12/12/2025 21:33:40,-1.16,101.154
12/12/2025 21:43:40,-1.21,101.158
12/12/2025 21:53:40,-1.32,101.160
12/12/2025 22:03:40,-1.42,101.181
12/12/2025 22:13:40,-1.46,101.187
12/12/2025 22:23:40,-1.48,101.198
12/12/2025 22:33:40,-1.48,101.207
12/12/2025 22:43:40,-1.48,101.211
12/12/2025 22:53:40,-1.48,101.237
12/12/2025 23:03:40,-1.48,101.251
12/12/2025 23:13:40,-1.47,101.243
12/12/2025 23:23:40,-1.45,101.245
12/12/2025 23:33:40,-1.44,101.250
12/12/2025 23:43:40,-1.45,101.254
12/12/2025 23:53:40,-1.45,101.258
12/13/2025 00:03:40,-1.46,101.244
12/13/2025 00:13:40,-1.47,101.243
12/13/2025 00:23:40,-1.49,101.259
12/13/2025 00:33:40,-1.50,101.257
12/13/2025 00:43:40,-1.53,101.259
12/13/2025 00:53:40,-1.57,101.273
12/13/2025 01:03:40,-1.79,101.292
12/13/2025 01:13:40,-2.17,101.317
12/13/2025 01:23:40,-2.53,101.317
12/13/2025 01:33:40,-2.88,101.345
12/13/2025 01:43:40,-3.27,101.346
12/13/2025 01:53:40,-3.66,101.351
12/13/2025 02:03:40,-3.98,101.368
12/13/2025 02:13:40,-4.25,101.385
12/13/2025 02:23:40,-4.51,101.377
12/13/2025 02:33:40,-4.79,101.380
12/13/2025 02:43:40,-5.07,101.395
12/13/2025 02:53:40,-5.33,101.391
12/13/2025 03:03:40,-5.51,101.390
12/13/2025 03:13:40,-5.65,101.403
12/13/2025 03:23:40,-5.80,101.396
12/13/2025 03:33:40,-5.99,101.403
12/13/2025 03:43:40,-6.16,101.363
12/13/2025 03:53:40,-6.34,101.359
12/13/2025 04:03:40,-6.51,101.353
12/13/2025 04:13:40,-6.72,101.380
12/13/2025 04:23:40,-6.93,101.381
12/13/2025 04:33:40,-7.10,101.367
12/13/2025 04:43:40,-7.23,101.389
12/13/2025 04:53:40,-7.30,101.421
12/13/2025 05:03:40,-7.33,101.392
12/13/2025 05:13:40,-7.33,101.410
12/13/2025 05:23:40,-7.36,101.432
12/13/2025 05:33:40,-7.38,101.444
12/13/2025 05:43:40,-7.41,101.444
12/13/2025 05:53:40,-7.41,101.458
12/13/2025 06:03:40,-7.33,101.462
12/13/2025 06:13:40,-7.24,101.449
12/13/2025 06:23:40,-7.21,101.457
12/13/2025 06:33:40,-7.19,101.450
12/13/2025 06:43:40,-7.18,101.425
12/13/2025 06:53:40,-7.10,101.429
12/13/2025 07:03:40,-7.01,101.425
12/13/2025 07:13:40,-6.96,101.435
12/13/2025 07:23:40,-6.86,101.414
12/13/2025 07:33:40,-6.65,101.410
12/13/2025 07:43:40,-6.37,101.421
12/13/2025 07:53:40,-6.06,101.427
12/13/2025 08:03:40,-5.74,101.411
12/13/2025 08:13:40,-5.37,101.422
12/13/2025 08:23:40,-4.97,101.423
12/13/2025 08:33:40,-4.55,101.448
12/13/2025 08:43:40,-4.11,101.448
12/13/2025 08:53:40,-3.61,101.422
12/13/2025 09:03:40,-3.13,101.404
12/13/2025 09:13:40,-2.69,101.425
12/13/2025 09:23:40,-2.28,101.433
12/13/2025 09:33:40,-1.89,101.432
12/13/2025 09:43:40,-1.36,101.430
12/13/2025 09:53:40,-0.75,101.421
12/13/2025 10:03:40,-0.23,101.408
12/13/2025 10:13:40,0.30,101.409
12/13/2025 10:23:40,0.73,101.396
12/13/2025 10:33:40,0.96,101.391
12/13/2025 10:43:40,1.14,101.355
12/13/2025 10:53:40,1.19,101.350
12/13/2025 11:03:40,1.38,101.320
12/13/2025 11:13:40,1.38,101.311
12/13/2025 11:23:40,1.16,101.308
12/13/2025 11:33:40,0.86,101.285
12/13/2025 11:43:40,0.68,101.255
12/13/2025 11:53:40,0.54,101.269
12/13/2025 12:03:40,0.45,101.248
12/13/2025 12:13:40,0.38,101.245
12/13/2025 12:23:40,0.33,101.215
12/13/2025 12:33:40,0.36,101.217
12/13/2025 12:43:40,0.42,101.192
12/13/2025 12:53:40,0.48,101.192
12/13/2025 13:03:40,0.60,101.168
12/13/2025 13:13:40,0.81,101.144
12/13/2025 13:23:40,1.11,101.123
12/13/2025 13:33:40,1.36,101.115
12/13/2025 13:43:40,1.39,101.113
12/13/2025 13:53:40,1.32,101.106
12/13/2025 14:03:40,1.29,101.100
12/13/2025 14:13:40,1.27,101.093
12/13/2025 14:23:40,1.19,101.064
12/13/2025 14:33:40,1.09,101.055
12/13/2025 14:43:40,1.05,101.051
12/13/2025 14:53:40,1.04,101.037
12/13/2025 15:03:40,0.99,101.020
12/13/2025 15:13:40,0.98,101.054
12/13/2025 15:23:40,0.91,101.038
12/13/2025 15:33:40,0.78,101.057
12/13/2025 15:43:40,0.65,101.041
12/13/2025 15:53:40,0.44,101.074
12/13/2025 16:03:40,0.09,101.077
12/13/2025 16:13:40,-0.24,101.099
12/13/2025 16:23:40,-0.55,101.105
12/13/2025 16:33:40,-0.81,101.125
12/13/2025 16:43:40,-0.92,101.163
12/13/2025 16:53:40,-0.93,101.166
12/13/2025 17:03:40,-0.94,101.156
12/13/2025 17:13:40,-0.99,101.169
12/13/2025 17:23:40,-1.05,101.173
12/13/2025 17:33:40,-1.07,101.158
12/13/2025 17:43:40,-1.08,101.170
12/13/2025 17:53:40,-1.14,101.173
12/13/2025 18:03:40,-1.20,101.150
12/13/2025 18:13:40,-1.26,101.166
12/13/2025 18:23:40,-1.37,101.169
12/13/2025 18:33:40,-1.51,101.156
12/13/2025 18:43:40,-1.62,101.176
12/13/2025 18:53:40,-1.72,101.175
12/13/2025 19:03:40,-1.80,101.158
12/13/2025 19:13:40,-1.85,101.131
12/13/2025 19:23:40,-1.85,101.123
12/13/2025 19:33:40,-1.83,101.129
12/13/2025 19:43:40,-1.84,101.146
12/13/2025 19:53:40,-1.90,101.136
12/13/2025 20:03:40,-1.97,101.138
12/13/2025 20:13:40,-2.01,101.107
12/13/2025 20:23:40,-2.01,101.103
12/13/2025 20:33:40,-1.91,101.121
12/13/2025 20:43:40,-1.80,101.106
12/13/2025 20:53:40,-1.72,101.095
12/13/2025 21:03:40,-1.70,101.106
12/13/2025 21:13:40,-1.72,101.095
12/13/2025 21:23:40,-1.78,101.112
12/13/2025 21:33:40,-1.85,101.083
12/13/2025 21:43:40,-1.93,101.076
12/13/2025 21:53:40,-1.97,101.058
12/13/2025 22:03:40,-1.97,101.059
12/13/2025 22:13:40,-1.92,101.041
12/13/2025 22:23:40,-1.86,101.052
12/13/2025 22:33:40,-1.82,101.047
12/13/2025 22:43:40,-1.80,101.075
12/13/2025 22:53:40,-1.76,101.092
12/13/2025 23:03:40,-1.72,101.105
12/13/2025 23:13:40,-1.71,101.083
12/13/2025 23:23:40,-1.73,101.078
12/13/2025 23:33:40,-1.74,101.063
12/13/2025 23:43:40,-1.74,101.041
12/13/2025 23:53:40,-1.75,101.027
12/14/2025 00:03:40,-1.77,101.025
12/14/2025 00:13:40,-1.78,101.020
12/14/2025 00:23:40,-1.79,101.019
12/14/2025 00:33:40,-1.80,101.022
12/14/2025 00:43:40,-1.80,101.031
12/14/2025 00:53:40,-1.80,101.018
12/14/2025 01:03:40,-1.78,101.024
12/14/2025 01:13:40,-1.75,101.010
12/14/2025 01:23:40,-1.67,101.013
12/14/2025 01:33:40,-1.54,101.007
12/14/2025 01:43:40,-1.43,101.013
12/14/2025 01:53:40,-1.35,101.016
12/14/2025 02:03:40,-1.30,101.026
12/14/2025 02:13:40,-1.25,101.026
12/14/2025 02:23:40,-1.22,100.989
12/14/2025 02:33:40,-1.22,101.003
12/14/2025 02:43:40,-1.22,101.003
12/14/2025 02:53:40,-1.21,100.995
12/14/2025 03:03:40,-1.24,100.979
12/14/2025 03:13:40,-1.30,100.982
12/14/2025 03:23:40,-1.36,100.985
12/14/2025 03:33:40,-1.42,100.975
12/14/2025 03:43:40,-1.47,100.952
12/14/2025 03:53:40,-1.52,100.917
12/14/2025 04:03:40,-1.55,100.910
12/14/2025 04:13:40,-1.57,100.917
12/14/2025 04:23:40,-1.58,100.907
12/14/2025 04:33:40,-1.61,100.904
12/14/2025 04:43:40,-1.64,100.879
12/14/2025 04:53:40,-1.68,100.858
12/14/2025 05:03:40,-1.72,100.854
12/14/2025 05:13:40,-1.77,100.849
12/14/2025 05:23:40,-1.81,100.871
12/14/2025 05:33:40,-1.87,100.862
12/14/2025 05:43:40,-1.92,100.874
12/14/2025 05:53:40,-1.96,100.875
12/14/2025 06:03:40,-2.00,100.888
12/14/2025 06:13:40,-2.04,100.898
12/14/2025 06:23:40,-2.08,100.877
12/14/2025 06:33:40,-2.11,100.869
12/14/2025 06:43:40,-2.14,100.862
12/14/2025 06:53:40,-2.16,100.900
12/14/2025 07:03:40,-2.18,100.902
12/14/2025 07:13:40,-2.21,100.926
12/14/2025 07:23:40,-2.23,100.928
12/14/2025 07:33:40,-2.25,100.948
12/14/2025 07:43:40,-2.25,100.970
12/14/2025 07:53:40,-2.21,100.961
12/14/2025 08:03:40,-2.15,100.988
12/14/2025 08:13:40,-2.09,100.964
12/14/2025 08:23:40,-2.03,101.009
12/14/2025 08:33:40,-1.95,100.999
12/14/2025 08:43:40,-1.84,100.996
12/14/2025 08:53:40,-1.70,100.997
12/14/2025 09:03:40,-1.53,100.987
12/14/2025 09:13:40,-1.34,100.991
12/14/2025 09:23:40,-1.14,100.971
12/14/2025 09:33:40,-0.89,100.968
12/14/2025 09:43:40,-0.63,100.988
12/14/2025 09:53:40,-0.43,100.928
12/14/2025 10:03:40,-0.26,100.956
12/14/2025 10:13:40,-0.14,100.959
12/14/2025 10:23:40,-0.01,100.962
12/14/2025 10:33:40,0.15,100.960
12/14/2025 10:43:40,0.29,100.955
12/14/2025 10:53:40,0.38,100.928
12/14/2025 11:03:40,0.47,100.861
12/14/2025 11:13:40,0.53,100.885
12/14/2025 11:23:40,0.55,100.873
12/14/2025 11:33:40,0.54,100.846
12/14/2025 11:43:40,0.66,100.865
12/14/2025 11:53:40,0.83,100.864
12/14/2025 12:03:40,1.01,100.836
12/14/2025 12:13:40,1.24,100.813
12/14/2025 12:23:40,1.51,100.806
12/14/2025 12:33:40,1.85,100.811
12/14/2025 12:43:40,2.11,100.799
12/14/2025 12:53:40,2.10,100.763
12/14/2025 13:03:40,2.37,100.734
12/14/2025 13:13:40,2.89,100.732
12/14/2025 13:23:40,2.97,100.708
12/14/2025 13:33:40,2.78,100.744
12/14/2025 13:43:40,2.14,100.762
12/14/2025 13:53:40,1.41,100.797
12/14/2025 14:03:40,0.78,100.775
12/14/2025 14:13:40,0.37,100.764
12/14/2025 14:23:40,0.18,100.756
12/14/2025 14:33:40,0.09,100.760
12/14/2025 14:43:40,-0.01,100.764
12/14/2025 14:53:40,-0.10,100.777
12/14/2025 15:03:40,-0.19,100.782
12/14/2025 15:13:40,-0.25,100.794
12/14/2025 15:23:40,-0.37,100.810
12/14/2025 15:33:40,-0.57,100.799
12/14/2025 15:43:40,-0.83,100.828
12/14/2025 15:53:40,-1.12,100.841
12/14/2025 16:03:40,-1.46,100.848
12/14/2025 16:13:40,-1.86,100.889
12/14/2025 16:23:40,-2.32,100.898
12/14/2025 16:33:40,-2.77,100.912
12/14/2025 16:43:40,-3.18,100.945
12/14/2025 16:53:40,-3.57,100.943
12/14/2025 17:03:40,-3.91,100.957
12/14/2025 17:13:40,-4.21,100.967
12/14/2025 17:23:40,-4.48,100.976
12/14/2025 17:33:40,-4.73,100.990
12/14/2025 17:43:40,-4.98,101.009
12/14/2025 17:53:40,-5.21,101.012
12/14/2025 18:03:40,-5.47,101.048
12/14/2025 18:13:40,-5.75,101.023
12/14/2025 18:23:40,-5.98,101.035
12/14/2025 18:33:40,-6.11,101.057
12/14/2025 18:43:40,-6.24,101.092
12/14/2025 18:53:40,-6.30,101.108
12/14/2025 19:03:40,-6.26,101.108
12/14/2025 19:13:40,-6.18,101.106
12/14/2025 19:23:40,-6.15,101.101
12/14/2025 19:33:40,-6.17,101.095
12/14/2025 19:43:40,-6.21,101.086
12/14/2025 19:53:40,-6.22,101.124
12/14/2025 20:03:40,-6.24,101.123
12/14/2025 20:13:40,-6.26,101.129
12/14/2025 20:23:40,-6.24,101.119
12/14/2025 20:33:40,-6.22,101.129
12/14/2025 20:43:40,-6.31,101.124
12/14/2025 20:53:40,-6.40,101.124
12/14/2025 21:03:40,-6.55,101.126
12/14/2025 21:13:40,-6.77,101.139
12/14/2025 21:23:40,-7.00,101.145
12/14/2025 21:33:40,-7.17,101.141
12/14/2025 21:43:40,-7.21,101.145
12/14/2025 21:53:40,-7.23,101.161
12/14/2025 22:03:40,-7.24,101.151
12/14/2025 22:13:40,-7.33,101.168
12/14/2025 22:23:40,-7.47,101.175
12/14/2025 22:33:40,-7.68,101.179
12/14/2025 22:43:40,-7.93,101.184
12/14/2025 22:53:40,-8.19,101.205
12/14/2025 23:03:40,-8.43,101.214
12/14/2025 23:13:40,-8.67,101.229
12/14/2025 23:23:40,-8.87,101.203
12/14/2025 23:33:40,-9.08,101.216
12/14/2025 23:43:40,-9.32,101.221
12/14/2025 23:53:40,-9.58,101.202
12/15/2025 00:03:40,-9.80,101.204
12/15/2025 00:13:40,-10.00,101.183
12/15/2025 00:23:40,-10.15,101.188
12/15/2025 00:33:40,-10.32,101.187
12/15/2025 00:43:40,-10.50,101.185
12/15/2025 00:53:40,-10.66,101.194
12/15/2025 01:03:40,-10.81,101.208
12/15/2025 01:13:40,-10.98,101.225
12/15/2025 01:23:40,-11.15,101.223
12/15/2025 01:33:40,-11.25,101.226
12/15/2025 01:43:40,-11.33,101.217
12/15/2025 01:53:40,-11.44,101.245
12/15/2025 02:03:40,-11.62,101.272
12/15/2025 02:13:40,-11.89,101.295
12/15/2025 02:23:40,-12.17,101.290
12/15/2025 02:33:40,-12.41,101.294
12/15/2025 02:43:40,-12.61,101.280
12/15/2025 02:53:40,-12.83,101.294
12/15/2025 03:03:40,-12.98,101.287
12/15/2025 03:13:40,-12.88,101.294
12/15/2025 03:23:40,-12.65,101.315
12/15/2025 03:33:40,-12.42,101.315
12/15/2025 03:43:40,-12.29,101.343
12/15/2025 03:53:40,-12.24,101.370
12/15/2025 04:03:40,-12.24,101.392
12/15/2025 04:13:40,-12.24,101.396
12/15/2025 04:23:40,-12.28,101.422
12/15/2025 04:33:40,-12.32,101.426
12/15/2025 04:43:40,-12.36,101.439
12/15/2025 04:53:40,-12.44,101.452
12/15/2025 05:03:40,-12.52,101.474
12/15/2025 05:13:40,-12.56,101.487
12/15/2025 05:23:40,-12.57,101.495
12/15/2025 05:33:40,-12.59,101.523
12/15/2025 05:43:40,-12.67,101.540
12/15/2025 05:53:40,-12.77,101.542
12/15/2025 06:03:40,-12.88,101.560
12/15/2025 06:13:40,-12.95,101.587
12/15/2025 06:23:40,-12.96,101.612
12/15/2025 06:33:40,-12.95,101.614
12/15/2025 06:43:40,-12.93,101.616
12/15/2025 06:53:40,-12.96,101.630
12/15/2025 07:03:40,-13.04,101.647
12/15/2025 07:13:40,-13.14,101.657
12/15/2025 07:23:40,-13.22,101.671
12/15/2025 07:33:40,-13.26,101.688
12/15/2025 07:43:40,-13.25,101.716
12/15/2025 07:53:40,-13.17,101.729
12/15/2025 08:03:40,-12.99,101.741
12/15/2025 08:13:40,-12.60,101.736
12/15/2025 08:23:40,-11.86,101.771
12/15/2025 08:33:40,-10.60,101.800
12/15/2025 08:43:40,-8.90,101.805
12/15/2025 08:53:40,-6.67,101.820
12/15/2025 09:03:40,-4.13,101.806
12/15/2025 09:13:40,-1.23,101.789
12/15/2025 09:23:40,1.52,101.769
12/15/2025 09:33:40,3.53,101.759
12/15/2025 09:43:40,4.99,101.719
12/15/2025 09:53:40,5.42,101.747
12/15/2025 10:03:40,5.13,101.743
12/15/2025 10:13:40,5.37,101.729
12/15/2025 10:23:40,5.87,101.718
12/15/2025 10:33:40,6.02,101.692
12/15/2025 10:43:40,7.48,101.636
12/15/2025 10:53:40,9.57,101.578
12/15/2025 11:03:40,11.55,101.538
12/15/2025 11:13:40,12.67,101.515
12/15/2025 11:23:40,12.84,101.506
12/15/2025 11:33:40,11.60,101.523
12/15/2025 11:43:40,8.92,101.549
12/15/2025 11:53:40,5.89,101.583
12/15/2025 12:03:40,3.55,101.593
12/15/2025 12:13:40,2.02,101.606
12/15/2025 12:23:40,0.75,101.588
12/15/2025 12:33:40,-0.10,101.571
12/15/2025 12:43:40,0.36,101.543
12/15/2025 12:53:40,1.63,101.514
12/15/2025 13:03:40,2.62,101.493
12/15/2025 13:13:40,3.00,101.505
12/15/2025 13:23:40,3.01,101.488
12/15/2025 13:33:40,2.78,101.472
12/15/2025 13:43:40,2.94,101.447
12/15/2025 13:53:40,2.67,101.445
12/15/2025 14:03:40,2.02,101.461
12/15/2025 14:13:40,1.32,101.464
12/15/2025 14:23:40,0.50,101.463
12/15/2025 14:33:40,-0.30,101.459
12/15/2025 14:43:40,-0.96,101.476
12/15/2025 14:53:40,-1.48,101.453
12/15/2025 15:03:40,-2.00,101.474
12/15/2025 15:13:40,-2.61,101.481
12/15/2025 15:23:40,-3.16,101.476
12/15/2025 15:33:40,-3.60,101.490
12/15/2025 15:43:40,-3.96,101.510
12/15/2025 15:53:40,-4.28,101.496
12/15/2025 16:03:40,-4.60,101.490
12/15/2025 16:13:40,-4.94,101.491
12/15/2025 16:23:40,-5.28,101.501
12/15/2025 16:33:40,-5.61,101.494
12/15/2025 16:43:40,-5.93,101.484
12/15/2025 16:53:40,-6.24,101.491
12/15/2025 17:03:40,-6.59,101.495
12/15/2025 17:13:40,-6.94,101.490
12/15/2025 17:23:40,-7.29,101.506
12/15/2025 17:33:40,-7.59,101.501
12/15/2025 17:43:40,-7.86,101.507
12/15/2025 17:53:40,-8.09,101.518
12/15/2025 18:03:40,-8.31,101.530
12/15/2025 18:13:40,-8.52,101.526
12/15/2025 18:23:40,-8.67,101.549
12/15/2025 18:33:40,-8.78,101.524
12/15/2025 18:43:40,-8.84,101.544
12/15/2025 18:53:40,-8.79,101.540
12/15/2025 19:03:40,-8.63,101.549
12/15/2025 19:13:40,-8.43,101.543
12/15/2025 19:23:40,-8.28,101.546
12/15/2025 19:33:40,-8.11,101.555
12/15/2025 19:43:40,-7.93,101.553
12/15/2025 19:53:40,-7.75,101.563
12/15/2025 20:03:40,-7.60,101.552
12/15/2025 20:13:40,-7.47,101.571
12/15/2025 20:23:40,-7.29,101.571
12/15/2025 20:33:40,-7.11,101.568
12/15/2025 20:43:40,-6.98,101.591
12/15/2025 20:53:40,-6.86,101.603
12/15/2025 21:03:40,-6.75,101.601
12/15/2025 21:13:40,-6.71,101.601
12/15/2025 21:23:40,-6.77,101.590
12/15/2025 21:33:40,-6.92,101.579
12/15/2025 21:43:40,-7.12,101.589
12/15/2025 21:53:40,-7.38,101.566
12/15/2025 22:03:40,-7.67,101.571
12/15/2025 22:13:40,-7.97,101.570
12/15/2025 22:23:40,-8.25,101.585
12/15/2025 22:33:40,-8.51,101.584
12/15/2025 22:43:40,-8.74,101.589
12/15/2025 22:53:40,-8.96,101.575
12/15/2025 23:03:40,-9.16,101.580
12/15/2025 23:13:40,-9.38,101.578
12/15/2025 23:23:40,-9.60,101.571
12/15/2025 23:33:40,-9.81,101.562
12/15/2025 23:43:40,-10.00,101.573
12/15/2025 23:53:40,-10.15,101.578
12/16/2025 00:03:40,-10.34,101.579
12/16/2025 00:13:40,-10.56,101.590
12/16/2025 00:23:40,-10.78,101.589
12/16/2025 00:33:40,-10.98,101.583
12/16/2025 00:43:40,-11.19,101.566
12/16/2025 00:53:40,-11.38,101.565
12/16/2025 01:03:40,-11.57,101.575
12/16/2025 01:13:40,-11.72,101.567
12/16/2025 01:23:40,-11.88,101.568
12/16/2025 01:33:40,-12.03,101.581
12/16/2025 01:43:40,-12.10,101.591
12/16/2025 01:53:40,-12.01,101.605
12/16/2025 02:03:40,-11.84,101.603
12/16/2025 02:13:40,-11.60,101.611
12/16/2025 02:23:40,-11.34,101.610
12/16/2025 02:33:40,-11.05,101.616
12/16/2025 02:43:40,-10.73,101.593
12/16/2025 02:53:40,-10.47,101.609
12/16/2025 03:03:40,-10.24,101.621
12/16/2025 03:13:40,-10.04,101.620
12/16/2025 03:23:40,-9.89,101.620
12/16/2025 03:33:40,-9.75,101.626
12/16/2025 03:43:40,-9.62,101.635
12/16/2025 03:53:40,-9.50,101.635
12/16/2025 04:03:40,-9.39,101.621
12/16/2025 04:13:40,-9.29,101.614
12/16/2025 04:23:40,-9.21,101.623
12/16/2025 04:33:40,-9.10,101.634
12/16/2025 04:43:40,-8.99,101.633
12/16/2025 04:53:40,-8.88,101.662
12/16/2025 05:03:40,-8.79,101.668
12/16/2025 05:13:40,-8.71,101.672
12/16/2025 05:23:40,-8.65,101.678
12/16/2025 05:33:40,-8.59,101.698
12/16/2025 05:43:40,-8.51,101.706
12/16/2025 05:53:40,-8.44,101.736
12/16/2025 06:03:40,-8.37,101.752
12/16/2025 06:13:40,-8.30,101.755
12/16/2025 06:23:40,-8.23,101.793
12/16/2025 06:33:40,-8.15,101.806
12/16/2025 06:43:40,-8.09,101.816
12/16/2025 06:53:40,-8.06,101.824
12/16/2025 07:03:40,-8.04,101.809
12/16/2025 07:13:40,-7.98,101.810
12/16/2025 07:23:40,-7.91,101.813
12/16/2025 07:33:40,-7.82,101.810
12/16/2025 07:43:40,-7.70,101.840
12/16/2025 07:53:40,-7.55,101.852
12/16/2025 08:03:40,-7.34,101.856
12/16/2025 08:13:40,-7.07,101.836
12/16/2025 08:23:40,-6.78,101.857
12/16/2025 08:33:40,-6.49,101.830
12/16/2025 08:43:40,-5.61,101.828
12/16/2025 08:53:40,-3.63,101.803
12/16/2025 09:03:40,-0.87,101.758
12/16/2025 09:13:40,2.28,101.679
12/16/2025 09:23:40,5.34,101.643
12/16/2025 09:33:40,7.75,101.605
12/16/2025 09:43:40,9.55,101.608
12/16/2025 09:53:40,10.27,101.656
12/16/2025 10:03:40,10.11,101.696
12/16/2025 10:13:40,10.22,101.701
12/16/2025 10:23:40,10.90,101.691
12/16/2025 10:33:40,11.05,101.677
12/16/2025 10:43:40,12.33,101.658
12/16/2025 10:53:40,14.00,101.644
12/16/2025 11:03:40,15.57,101.622
12/16/2025 11:13:40,16.63,101.607
12/16/2025 11:23:40,17.18,101.583
12/16/2025 11:33:40,16.40,101.582
12/16/2025 11:43:40,14.07,101.569
12/16/2025 11:53:40,11.11,101.579
12/16/2025 12:03:40,8.71,101.603
12/16/2025 12:13:40,7.26,101.591
12/16/2025 12:23:40,5.87,101.590
12/16/2025 12:33:40,4.78,101.595
12/16/2025 12:43:40,5.46,101.568
12/16/2025 12:53:40,6.90,101.495
12/16/2025 13:03:40,8.26,101.488
12/16/2025 13:13:40,8.65,101.457
12/16/2025 13:23:40,8.59,101.465
12/16/2025 13:33:40,8.36,101.451
12/16/2025 13:43:40,8.67,101.432
12/16/2025 13:53:40,8.63,101.393
12/16/2025 14:03:40,7.72,101.395
12/16/2025 14:13:40,6.59,101.448
12/16/2025 14:23:40,5.44,101.456
12/16/2025 14:33:40,4.25,101.438
12/16/2025 14:43:40,3.13,101.481
12/16/2025 14:53:40,2.26,101.470
12/16/2025 15:03:40,1.59,101.489
12/16/2025 15:13:40,1.13,101.478
12/16/2025 15:23:40,0.74,101.490
12/16/2025 15:33:40,0.42,101.487
12/16/2025 15:43:40,0.12,101.472
12/16/2025 15:53:40,-0.20,101.459
12/16/2025 16:03:40,-0.54,101.455
12/16/2025 16:13:40,-0.90,101.473
12/16/2025 16:23:40,-1.24,101.502
12/16/2025 16:33:40,-1.58,101.501
12/16/2025 16:43:40,-1.95,101.510
12/16/2025 16:53:40,-2.33,101.521
12/16/2025 17:03:40,-2.74,101.517
12/16/2025 17:13:40,-3.12,101.519
12/16/2025 17:23:40,-3.46,101.517
12/16/2025 17:33:40,-3.72,101.522
12/16/2025 17:43:40,-3.97,101.549
12/16/2025 17:53:40,-4.23,101.555
12/16/2025 18:03:40,-4.47,101.556
12/16/2025 18:13:40,-4.70,101.538
12/16/2025 18:23:40,-4.88,101.507
12/16/2025 18:33:40,-4.96,101.529
12/16/2025 18:43:40,-5.05,101.538
12/16/2025 18:53:40,-5.16,101.527
12/16/2025 19:03:40,-5.23,101.528
12/16/2025 19:13:40,-5.25,101.513
12/16/2025 19:23:40,-5.24,101.488
12/16/2025 19:33:40,-5.17,101.464
12/16/2025 19:43:40,-5.04,101.451
12/16/2025 19:53:40,-4.88,101.458
12/16/2025 20:03:40,-4.77,101.478
12/16/2025 20:13:40,-4.73,101.465
12/16/2025 20:23:40,-4.54,101.435
12/16/2025 20:33:40,-4.26,101.393
12/16/2025 20:43:40,-4.00,101.388
12/16/2025 20:53:40,-3.85,101.372
12/16/2025 21:03:40,-3.81,101.363
12/16/2025 21:13:40,-3.84,101.347
12/16/2025 21:23:40,-3.93,101.395
12/16/2025 21:33:40,-4.07,101.412
12/16/2025 21:43:40,-4.12,101.394
12/16/2025 21:53:40,-4.09,101.424
12/16/2025 22:03:40,-4.03,101.438
12/16/2025 22:13:40,-4.01,101.431
12/16/2025 22:23:40,-4.00,101.410
12/16/2025 22:33:40,-4.05,101.410
12/16/2025 22:43:40,-4.13,101.411
12/16/2025 22:53:40,-4.21,101.385
12/16/2025 23:03:40,-4.28,101.378
12/16/2025 23:13:40,-4.36,101.374
12/16/2025 23:23:40,-4.45,101.344
12/16/2025 23:33:40,-4.54,101.299
12/16/2025 23:43:40,-4.64,101.289
12/16/2025 23:53:40,-4.77,101.303
12/17/2025 00:03:40,-4.91,101.280
12/17/2025 00:13:40,-5.06,101.291
12/17/2025 00:23:40,-5.22,101.310
12/17/2025 00:33:40,-5.38,101.267
12/17/2025 00:43:40,-5.49,101.252
12/17/2025 00:53:40,-5.49,101.269
12/17/2025 01:03:40,-5.56,101.262
12/17/2025 01:13:40,-5.65,101.253
12/17/2025 01:23:40,-5.70,101.248
12/17/2025 01:33:40,-5.77,101.241
12/17/2025 01:43:40,-5.86,101.219
12/17/2025 01:53:40,-5.85,101.206
12/17/2025 02:03:40,-5.76,101.189
12/17/2025 02:13:40,-5.69,101.192
12/17/2025 02:23:40,-5.65,101.170
12/17/2025 02:33:40,-5.61,101.170
12/17/2025 02:43:40,-5.59,101.149
12/17/2025 02:53:40,-5.64,101.118
12/17/2025 03:03:40,-5.74,101.086
12/17/2025 03:13:40,-5.83,101.073
12/17/2025 03:23:40,-5.87,101.072
12/17/2025 03:33:40,-5.86,101.047
12/17/2025 03:43:40,-5.82,101.029
12/17/2025 03:53:40,-5.78,101.007
12/17/2025 04:03:40,-5.69,100.972
12/17/2025 04:13:40,-5.40,100.954
12/17/2025 04:23:40,-5.01,100.935
12/17/2025 04:33:40,-4.63,100.930
12/17/2025 04:43:40,-4.30,100.937
12/17/2025 04:53:40,-4.02,100.920
12/17/2025 05:03:40,-3.81,100.897
12/17/2025 05:13:40,-3.67,100.915
12/17/2025 05:23:40,-3.60,100.913
12/17/2025 05:33:40,-3.56,100.895
12/17/2025 05:43:40,-3.57,100.886
12/17/2025 05:53:40,-3.61,100.873
12/17/2025 06:03:40,-3.66,100.828
12/17/2025 06:13:40,-3.72,100.831
12/17/2025 06:23:40,-3.74,100.825
12/17/2025 06:33:40,-3.78,100.812
12/17/2025 06:43:40,-3.87,100.821
12/17/2025 06:53:40,-3.95,100.809
12/17/2025 07:03:40,-4.01,100.811
12/17/2025 07:13:40,-4.02,100.815
12/17/2025 07:23:40,-4.03,100.801
12/17/2025 07:33:40,-4.00,100.808
12/17/2025 07:43:40,-3.89,100.793
12/17/2025 07:53:40,-3.65,100.808
12/17/2025 08:03:40,-3.23,100.792
12/17/2025 08:13:40,-2.65,100.804
12/17/2025 08:23:40,-1.89,100.776
12/17/2025 08:33:40,-0.80,100.760
12/17/2025 08:43:40,0.40,100.736
12/17/2025 08:53:40,1.22,100.740
12/17/2025 09:03:40,1.28,100.724
12/17/2025 09:13:40,1.23,100.719
12/17/2025 09:23:40,1.24,100.698
12/17/2025 09:33:40,1.37,100.697
12/17/2025 09:43:40,1.50,100.682
12/17/2025 09:53:40,1.60,100.669
12/17/2025 10:03:40,1.67,100.654
12/17/2025 10:13:40,1.71,100.653
12/17/2025 10:23:40,1.75,100.639
12/17/2025 10:33:40,1.83,100.619
12/17/2025 10:43:40,1.94,100.594
12/17/2025 10:53:40,2.11,100.548
12/17/2025 11:03:40,2.32,100.509
12/17/2025 11:13:40,2.67,100.466
12/17/2025 11:23:40,3.12,100.426
12/17/2025 11:33:40,3.60,100.432
12/17/2025 11:43:40,4.37,100.371
12/17/2025 11:53:40,4.91,100.334
12/17/2025 12:03:40,5.41,100.315
12/17/2025 12:13:40,6.06,100.294
12/17/2025 12:23:40,6.21,100.293
12/17/2025 12:33:40,6.26,100.302
12/17/2025 12:43:40,7.01,100.275
12/17/2025 12:53:40,7.99,100.245
12/17/2025 13:03:40,8.36,100.252
12/17/2025 13:13:40,8.31,100.226
12/17/2025 13:23:40,8.93,100.213
12/17/2025 13:33:40,9.47,100.180
12/17/2025 13:43:40,10.09,100.171
12/17/2025 13:53:40,10.55,100.176
12/17/2025 14:03:40,10.06,100.205
12/17/2025 14:13:40,9.43,100.217
12/17/2025 14:23:40,8.83,100.237
12/17/2025 14:33:40,8.30,100.265
12/17/2025 14:43:40,7.73,100.303
12/17/2025 14:53:40,7.16,100.314
12/17/2025 15:03:40,6.64,100.347
12/17/2025 15:13:40,6.32,100.364
12/17/2025 15:23:40,5.92,100.393
12/17/2025 15:33:40,5.44,100.410
12/17/2025 15:43:40,4.98,100.433
12/17/2025 15:53:40,4.48,100.430
12/17/2025 16:03:40,3.93,100.466
12/17/2025 16:13:40,3.35,100.499
12/17/2025 16:23:40,2.73,100.523
12/17/2025 16:33:40,2.15,100.556
12/17/2025 16:43:40,1.78,100.580
12/17/2025 16:53:40,1.64,100.580
12/17/2025 17:03:40,1.41,100.586
12/17/2025 17:13:40,1.11,100.621
12/17/2025 17:23:40,0.85,100.637
12/17/2025 17:33:40,0.62,100.650
12/17/2025 17:43:40,0.37,100.680
12/17/2025 17:53:40,0.17,100.715
12/17/2025 18:03:40,0.09,100.725
12/17/2025 18:13:40,0.05,100.752
12/17/2025 18:23:40,0.05,100.779
12/17/2025 18:33:40,0.14,100.822
12/17/2025 18:43:40,0.29,100.854
12/17/2025 18:53:40,0.51,100.891
12/17/2025 19:03:40,0.74,100.909
12/17/2025 19:13:40,0.96,100.955
12/17/2025 19:23:40,1.19,100.975
12/17/2025 19:33:40,1.59,100.994
12/17/2025 19:43:40,2.08,101.052
12/17/2025 19:53:40,2.60,101.063
12/17/2025 20:03:40,3.26,101.091
12/17/2025 20:13:40,3.75,101.116
12/17/2025 20:23:40,3.96,101.152
12/17/2025 20:33:40,4.14,101.146
12/17/2025 20:43:40,4.36,101.152
12/17/2025 20:53:40,4.44,101.199
12/17/2025 21:03:40,4.21,101.223
12/17/2025 21:13:40,3.94,101.257
12/17/2025 21:23:40,3.62,101.299
12/17/2025 21:33:40,3.27,101.339
12/17/2025 21:43:40,2.93,101.397
12/17/2025 21:53:40,2.61,101.430
12/17/2025 22:03:40,2.42,101.457
12/17/2025 22:13:40,2.38,101.485
12/17/2025 22:23:40,2.41,101.483
12/17/2025 22:33:40,2.44,101.534
12/17/2025 22:43:40,2.55,101.557
12/17/2025 22:53:40,2.62,101.550
12/17/2025 23:03:40,2.62,101.590
12/17/2025 23:13:40,2.62,101.595
12/17/2025 23:23:40,2.67,101.608
12/17/2025 23:33:40,2.61,101.612
12/17/2025 23:43:40,2.48,101.600
12/17/2025 23:53:40,2.31,101.628
12/18/2025 00:03:40,2.20,101.645
12/18/2025 00:13:40,2.19,101.626
12/18/2025 00:23:40,2.15,101.640
12/18/2025 00:33:40,2.05,101.645
12/18/2025 00:43:40,1.81,101.636
12/18/2025 00:53:40,1.37,101.653
12/18/2025 01:03:40,0.86,101.637
12/18/2025 01:13:40,0.35,101.661
12/18/2025 01:23:40,-0.11,101.698
12/18/2025 01:33:40,-0.52,101.689
12/18/2025 01:43:40,-0.89,101.695
12/18/2025 01:53:40,-1.22,101.721
12/18/2025 02:03:40,-1.51,101.710
12/18/2025 02:13:40,-1.78,101.750
12/18/2025 02:23:40,-2.04,101.734
12/18/2025 02:33:40,-2.28,101.772
12/18/2025 02:43:40,-2.52,101.771
12/18/2025 02:53:40,-2.75,101.823
12/18/2025 03:03:40,-2.98,101.810
12/18/2025 03:13:40,-3.18,101.812
12/18/2025 03:23:40,-3.38,101.832
12/18/2025 03:33:40,-3.58,101.870
12/18/2025 03:43:40,-3.77,101.908
12/18/2025 03:53:40,-3.94,101.952
12/18/2025 04:03:40,-4.11,101.948
12/18/2025 04:13:40,-4.30,101.982
12/18/2025 04:23:40,-4.49,101.994
12/18/2025 04:33:40,-4.66,101.995
12/18/2025 04:43:40,-4.79,102.043
12/18/2025 04:53:40,-4.93,102.077
12/18/2025 05:03:40,-5.09,102.065
12/18/2025 05:13:40,-5.27,102.069
12/18/2025 05:23:40,-5.43,102.070
12/18/2025 05:33:40,-5.60,102.075
12/18/2025 05:43:40,-5.81,102.089
12/18/2025 05:53:40,-6.03,102.084
12/18/2025 06:03:40,-6.23,102.120
12/18/2025 06:13:40,-6.38,102.144
12/18/2025 06:23:40,-6.55,102.078
12/18/2025 06:33:40,-6.67,102.110
12/18/2025 06:43:40,-6.77,102.148
12/18/2025 06:53:40,-6.90,102.169
12/18/2025 07:03:40,-7.05,102.158
12/18/2025 07:13:40,-7.16,102.138
12/18/2025 07:23:40,-7.23,102.148
12/18/2025 07:33:40,-7.26,102.180
12/18/2025 07:43:40,-7.27,102.180
12/18/2025 07:53:40,-7.21,102.198
12/18/2025 08:03:40,-7.03,102.178
12/18/2025 08:13:40,-6.66,102.195
12/18/2025 08:23:40,-5.92,102.187
12/18/2025 08:33:40,-4.56,102.176
12/18/2025 08:43:40,-2.68,102.178
12/18/2025 08:53:40,-0.16,102.212
12/18/2025 09:03:40,2.55,102.202
12/18/2025 09:13:40,5.66,102.160
12/18/2025 09:23:40,8.81,102.125
12/18/2025 09:33:40,11.33,102.128
12/18/2025 09:43:40,13.06,102.125
12/18/2025 09:53:40,13.87,102.141
12/18/2025 10:03:40,14.05,102.131
12/18/2025 10:13:40,14.84,102.122
12/18/2025 10:23:40,16.01,102.111
12/18/2025 10:33:40,16.56,102.122
12/18/2025 10:43:40,18.02,102.110
12/18/2025 10:53:40,19.76,102.099
12/18/2025 11:03:40,21.47,102.055
12/18/2025 11:13:40,22.50,102.038
12/18/2025 11:23:40,22.82,102.035
12/18/2025 11:33:40,21.67,102.028
12/18/2025 11:43:40,19.12,102.027
12/18/2025 11:53:40,16.13,102.021
12/18/2025 12:03:40,13.66,102.019
12/18/2025 12:13:40,12.31,101.972
12/18/2025 12:23:40,11.00,101.952
12/18/2025 12:33:40,9.87,101.934
12/18/2025 12:43:40,10.39,101.896
12/18/2025 12:53:40,12.02,101.853
12/18/2025 13:03:40,13.37,101.825
12/18/2025 13:13:40,13.74,101.851
12/18/2025 13:23:40,14.05,101.843
12/18/2025 13:33:40,13.25,101.837
12/18/2025 13:43:40,12.83,101.811
12/18/2025 13:53:40,13.60,101.779
12/18/2025 14:03:40,13.24,101.783
12/18/2025 14:13:40,12.57,101.774
12/18/2025 14:23:40,11.61,101.768
12/18/2025 14:33:40,10.56,101.785
12/18/2025 14:43:40,9.55,101.776
12/18/2025 14:53:40,8.61,101.790
12/18/2025 15:03:40,7.72,101.811
12/18/2025 15:13:40,7.14,101.829
12/18/2025 15:23:40,6.49,101.828
12/18/2025 15:33:40,5.83,101.817
12/18/2025 15:43:40,5.19,101.846
12/18/2025 15:53:40,4.56,101.849
12/18/2025 16:03:40,4.02,101.833
12/18/2025 16:13:40,3.70,101.832
12/18/2025 16:23:40,3.58,101.847
12/18/2025 16:33:40,3.60,101.836
12/18/2025 16:43:40,3.64,101.813
12/18/2025 16:53:40,3.80,101.818
12/18/2025 17:03:40,3.93,101.798
12/18/2025 17:13:40,3.97,101.807
12/18/2025 17:23:40,3.96,101.815
12/18/2025 17:33:40,3.94,101.808
12/18/2025 17:43:40,3.87,101.812
12/18/2025 17:53:40,3.77,101.802
12/18/2025 18:03:40,3.72,101.785
12/18/2025 18:13:40,3.82,101.772
12/18/2025 18:23:40,3.96,101.757
12/18/2025 18:33:40,4.05,101.747
12/18/2025 18:43:40,4.17,101.762
12/18/2025 18:53:40,4.27,101.736
12/18/2025 19:03:40,4.36,101.717
12/18/2025 19:13:40,4.42,101.704
12/18/2025 19:23:40,4.43,101.692
12/18/2025 19:33:40,4.39,101.684
12/18/2025 19:43:40,4.33,101.675
12/18/2025 19:53:40,4.20,101.642
12/18/2025 20:03:40,4.04,101.636
12/18/2025 20:13:40,3.86,101.629
12/18/2025 20:23:40,3.68,101.596
12/18/2025 20:33:40,3.52,101.581
12/18/2025 20:43:40,3.38,101.583
12/18/2025 20:53:40,3.27,101.568
12/18/2025 21:03:40,3.18,101.552
12/18/2025 21:13:40,3.11,101.532
12/18/2025 21:23:40,3.03,101.494
12/18/2025 21:33:40,2.95,101.447
12/18/2025 21:43:40,2.90,101.412
12/18/2025 21:53:40,2.86,101.378
12/18/2025 22:03:40,2.83,101.366
12/18/2025 22:13:40,2.80,101.363
12/18/2025 22:23:40,2.77,101.343
12/18/2025 22:33:40,2.74,101.314
12/18/2025 22:43:40,2.71,101.298
12/18/2025 22:53:40,2.68,101.261
12/18/2025 23:03:40,2.66,101.254
12/18/2025 23:13:40,2.64,101.217
12/18/2025 23:23:40,2.60,101.214
12/18/2025 23:33:40,2.57,101.184
12/18/2025 23:43:40,2.54,101.155
12/18/2025 23:53:40,2.52,101.110
12/19/2025 00:03:40,2.52,101.074
12/19/2025 00:13:40,2.51,101.038
12/19/2025 00:23:40,2.49,101.005
12/19/2025 00:33:40,2.47,101.003
12/19/2025 00:43:40,2.46,100.994
12/19/2025 00:53:40,2.46,100.967
12/19/2025 01:03:40,2.49,100.965
12/19/2025 01:13:40,2.51,100.950
12/19/2025 01:23:40,2.52,100.929
12/19/2025 01:33:40,2.51,100.896
12/19/2025 01:43:40,2.45,100.838
12/19/2025 01:53:40,2.39,100.824
12/19/2025 02:03:40,2.33,100.805
12/19/2025 02:13:40,2.25,100.812
12/19/2025 02:23:40,2.19,100.779
12/19/2025 02:33:40,2.16,100.781
12/19/2025 02:43:40,2.15,100.746
12/19/2025 02:53:40,2.17,100.729
12/19/2025 03:03:40,2.18,100.664
12/19/2025 03:13:40,2.18,100.642
12/19/2025 03:23:40,2.18,100.611
12/19/2025 03:33:40,2.17,100.580
12/19/2025 03:43:40,2.14,100.537
12/19/2025 03:53:40,2.11,100.495
12/19/2025 04:03:40,2.09,100.466
12/19/2025 04:13:40,2.07,100.425
12/19/2025 04:23:40,2.06,100.376
12/19/2025 04:33:40,2.05,100.362
12/19/2025 04:43:40,2.03,100.369
12/19/2025 04:53:40,2.02,100.345
12/19/2025 05:03:40,2.01,100.349
12/19/2025 05:13:40,2.00,100.317
12/19/2025 05:23:40,2.01,100.283
12/19/2025 05:33:40,2.03,100.210
12/19/2025 05:43:40,2.07,100.183
12/19/2025 05:53:40,2.10,100.141
12/19/2025 06:03:40,2.13,100.100
12/19/2025 06:13:40,2.15,100.062
12/19/2025 06:23:40,2.16,100.036
12/19/2025 06:33:40,2.15,100.009
12/19/2025 06:43:40,2.14,100.000
12/19/2025 06:53:40,2.16,99.970
12/19/2025 07:03:40,2.17,99.914
12/19/2025 07:13:40,2.20,99.863
12/19/2025 07:23:40,2.25,99.810
12/19/2025 07:33:40,2.33,99.761
12/19/2025 07:43:40,2.56,99.732
12/19/2025 07:53:40,3.73,99.663
12/19/2025 08:03:40,5.88,99.577
12/19/2025 08:13:40,7.64,99.526
12/19/2025 08:23:40,8.90,99.486
12/19/2025 08:33:40,9.79,99.466
12/19/2025 08:43:40,10.38,99.424
12/19/2025 08:53:40,10.85,99.366
12/19/2025 09:03:40,11.21,99.301
12/19/2025 09:13:40,11.50,99.278
12/19/2025 09:23:40,11.73,99.229
12/19/2025 09:33:40,11.93,99.212
12/19/2025 09:43:40,12.11,99.177
12/19/2025 09:53:40,12.24,99.133
12/19/2025 10:03:40,12.33,99.087
12/19/2025 10:13:40,12.40,98.994
12/19/2025 10:23:40,12.48,98.934
12/19/2025 10:33:40,12.56,98.838
12/19/2025 10:43:40,12.63,98.746
12/19/2025 10:53:40,12.72,98.583
12/19/2025 11:03:40,12.82,98.494
12/19/2025 11:13:40,12.94,98.418
12/19/2025 11:23:40,13.03,98.349
12/19/2025 11:33:40,13.09,98.292
12/19/2025 11:43:40,13.17,98.262
12/19/2025 11:53:40,13.29,98.253
12/19/2025 12:03:40,13.48,98.248
12/19/2025 12:13:40,13.67,98.231
12/19/2025 12:23:40,13.83,98.189
12/19/2025 12:33:40,13.92,98.177
12/19/2025 12:43:40,13.97,98.141
12/19/2025 12:53:40,14.06,98.130
12/19/2025 13:03:40,14.07,98.139
12/19/2025 13:13:40,13.87,98.192
12/19/2025 13:23:40,13.60,98.270
12/19/2025 13:33:40,13.11,98.293
12/19/2025 13:43:40,12.41,98.357
12/19/2025 13:53:40,11.71,98.364
12/19/2025 14:03:40,11.15,98.402
12/19/2025 14:13:40,10.62,98.406
12/19/2025 14:23:40,10.08,98.471
12/19/2025 14:33:40,9.54,98.585
12/19/2025 14:43:40,8.89,98.605
12/19/2025 14:53:40,8.23,98.650
12/19/2025 15:03:40,7.66,98.724
12/19/2025 15:13:40,7.23,98.724
12/19/2025 15:23:40,6.88,98.732
12/19/2025 15:33:40,6.61,98.775
12/19/2025 15:43:40,6.34,98.771
12/19/2025 15:53:40,6.11,98.756
12/19/2025 16:03:40,5.89,98.730
12/19/2025 16:13:40,5.64,98.744
12/19/2025 16:23:40,5.37,98.766
12/19/2025 16:33:40,5.09,98.760
12/19/2025 16:43:40,4.83,98.795
12/19/2025 16:53:40,4.58,98.814
12/19/2025 17:03:40,4.37,98.862
12/19/2025 17:13:40,4.19,98.851
12/19/2025 17:23:40,4.03,98.864
12/19/2025 17:33:40,3.87,98.868
12/19/2025 17:43:40,3.72,98.882
12/19/2025 17:53:40,3.58,98.892
12/19/2025 18:03:40,3.47,98.917
12/19/2025 18:13:40,3.39,98.936
12/19/2025 18:23:40,3.32,98.992
12/19/2025 18:33:40,3.28,99.069
12/19/2025 18:43:40,3.28,99.125
12/19/2025 18:53:40,3.10,99.198
12/19/2025 19:03:40,2.75,99.238
12/19/2025 19:13:40,2.37,99.301
12/19/2025 19:23:40,2.04,99.333
12/19/2025 19:33:40,1.76,99.370
12/19/2025 19:43:40,1.52,99.424
12/19/2025 19:53:40,1.31,99.480
12/19/2025 20:03:40,1.14,99.509
12/19/2025 20:13:40,0.98,99.543
12/19/2025 20:23:40,0.84,99.552
12/19/2025 20:33:40,0.73,99.550
12/19/2025 20:43:40,0.63,99.594
12/19/2025 20:53:40,0.55,99.609
12/19/2025 21:03:40,0.51,99.649
12/19/2025 21:13:40,0.46,99.698
12/19/2025 21:23:40,0.43,99.717
12/19/2025 21:33:40,0.41,99.737
12/19/2025 21:43:40,0.38,99.770
12/19/2025 21:53:40,0.35,99.811
12/19/2025 22:03:40,0.31,99.824
12/19/2025 22:13:40,0.26,99.851
12/19/2025 22:23:40,0.22,99.887
12/19/2025 22:33:40,0.20,99.916
12/19/2025 22:43:40,0.17,99.939
12/19/2025 22:53:40,0.13,99.975
12/19/2025 23:03:40,0.09,100.011
12/19/2025 23:13:40,0.03,100.059
12/19/2025 23:23:40,-0.02,100.076
12/19/2025 23:33:40,-0.07,100.107
12/19/2025 23:43:40,-0.13,100.149
12/19/2025 23:53:40,-0.20,100.209
12/20/2025 00:03:40,-0.27,100.246
12/20/2025 00:13:40,-0.35,100.253
12/20/2025 00:23:40,-0.46,100.291
12/20/2025 00:33:40,-0.55,100.309
12/20/2025 00:43:40,-0.73,100.327
12/20/2025 00:53:40,-0.87,100.393
12/20/2025 01:03:40,-0.93,100.418
12/20/2025 01:13:40,-0.95,100.421
12/20/2025 01:23:40,-0.96,100.437
12/20/2025 01:33:40,-0.99,100.465
12/20/2025 01:43:40,-1.02,100.520
12/20/2025 01:53:40,-1.01,100.564
12/20/2025 02:03:40,-1.02,100.612
12/20/2025 02:13:40,-1.04,100.637
12/20/2025 02:23:40,-1.05,100.636
12/20/2025 02:33:40,-1.04,100.650
12/20/2025 02:43:40,-1.03,100.681
12/20/2025 02:53:40,-1.04,100.711
12/20/2025 03:03:40,-1.08,100.721
12/20/2025 03:13:40,-1.13,100.720
12/20/2025 03:23:40,-1.16,100.757
12/20/2025 03:33:40,-1.16,100.771
12/20/2025 03:43:40,-1.14,100.777
12/20/2025 03:53:40,-1.16,100.801
12/20/2025 04:03:40,-1.30,100.828
12/20/2025 04:13:40,-1.49,100.805
12/20/2025 04:23:40,-1.73,100.831
12/20/2025 04:33:40,-2.01,100.879
12/20/2025 04:43:40,-2.28,100.889
12/20/2025 04:53:40,-2.48,100.926
12/20/2025 05:03:40,-2.63,100.955
12/20/2025 05:13:40,-2.81,100.969
12/20/2025 05:23:40,-2.95,101.025
12/20/2025 05:33:40,-3.00,101.073
12/20/2025 05:43:40,-2.98,101.098
12/20/2025 05:53:40,-2.93,101.159
12/20/2025 06:03:40,-2.95,101.175
12/20/2025 06:13:40,-3.00,101.170
12/20/2025 06:23:40,-3.05,101.227
12/20/2025 06:33:40,-3.12,101.273
12/20/2025 06:43:40,-3.17,101.298
12/20/2025 06:53:40,-3.25,101.295
12/20/2025 07:03:40,-3.31,101.346
12/20/2025 07:13:40,-3.39,101.361
12/20/2025 07:23:40,-3.44,101.395
12/20/2025 07:33:40,-3.39,101.365
12/20/2025 07:43:40,-3.32,101.429
12/20/2025 07:53:40,-3.28,101.472
12/20/2025 08:03:40,-3.20,101.428
12/20/2025 08:13:40,-2.96,101.438
12/20/2025 08:23:40,-2.46,101.421
12/20/2025 08:33:40,-1.51,101.442
12/20/2025 08:43:40,-0.07,101.432
12/20/2025 08:53:40,2.04,101.419
12/20/2025 09:03:40,4.32,101.316
12/20/2025 09:13:40,6.89,101.326
12/20/2025 09:23:40,9.56,101.308
12/20/2025 09:33:40,11.60,101.324
12/20/2025 09:43:40,13.13,101.359
12/20/2025 09:53:40,14.10,101.371
12/20/2025 10:03:40,14.02,101.450
12/20/2025 10:13:40,14.22,101.429
12/20/2025 10:23:40,14.89,101.491
12/20/2025 10:33:40,15.02,101.530
12/20/2025 10:43:40,15.62,101.533
12/20/2025 10:53:40,16.58,101.532
12/20/2025 11:03:40,18.06,101.526
12/20/2025 11:13:40,19.32,101.515
12/20/2025 11:23:40,19.44,101.500
12/20/2025 11:33:40,18.48,101.531
12/20/2025 11:43:40,16.30,101.540
12/20/2025 11:53:40,13.46,101.489
12/20/2025 12:03:40,10.92,101.498
12/20/2025 12:13:40,9.29,101.468
12/20/2025 12:23:40,8.03,101.438
12/20/2025 12:33:40,6.86,101.434
12/20/2025 12:43:40,6.60,101.426
12/20/2025 12:53:40,7.89,101.378
12/20/2025 13:03:40,9.17,101.366
12/20/2025 13:13:40,9.57,101.371
12/20/2025 13:23:40,9.67,101.409
12/20/2025 13:33:40,9.41,101.420
12/20/2025 13:43:40,8.48,101.430
12/20/2025 13:53:40,7.54,101.424
12/20/2025 14:03:40,6.74,101.451
12/20/2025 14:13:40,6.00,101.424
12/20/2025 14:23:40,5.30,101.476
12/20/2025 14:33:40,4.74,101.494
12/20/2025 14:43:40,4.37,101.439
12/20/2025 14:53:40,4.04,101.429
12/20/2025 15:03:40,3.68,101.393
12/20/2025 15:13:40,3.25,101.408
12/20/2025 15:23:40,2.84,101.429
12/20/2025 15:33:40,2.51,101.483
12/20/2025 15:43:40,2.26,101.482
12/20/2025 15:53:40,2.03,101.493
12/20/2025 16:03:40,1.78,101.506
12/20/2025 16:13:40,1.51,101.499
12/20/2025 16:23:40,1.23,101.495
12/20/2025 16:33:40,0.93,101.511
12/20/2025 16:43:40,0.62,101.514
12/20/2025 16:53:40,0.31,101.503
12/20/2025 17:03:40,0.10,101.527
12/20/2025 17:13:40,-0.11,101.494
12/20/2025 17:23:40,-0.31,101.472
12/20/2025 17:33:40,-0.44,101.441
12/20/2025 17:43:40,-0.60,101.400
12/20/2025 17:53:40,-0.81,101.442
12/20/2025 18:03:40,-1.02,101.444
12/20/2025 18:13:40,-1.20,101.361
12/20/2025 18:23:40,-1.29,101.340
12/20/2025 18:33:40,-1.32,101.315
12/20/2025 18:43:40,-1.37,101.353
12/20/2025 18:53:40,-1.49,101.325
12/20/2025 19:03:40,-1.54,101.342
12/20/2025 19:13:40,-1.49,101.294
12/20/2025 19:23:40,-1.37,101.265
12/20/2025 19:33:40,-1.20,101.242
12/20/2025 19:43:40,-1.04,101.218
12/20/2025 19:53:40,-0.96,101.247
12/20/2025 20:03:40,-0.98,101.206
12/20/2025 20:13:40,-0.99,101.196
12/20/2025 20:23:40,-0.96,101.199
12/20/2025 20:33:40,-0.92,101.189
12/20/2025 20:43:40,-0.83,101.189
12/20/2025 20:53:40,-0.70,101.149
12/20/2025 21:03:40,-0.54,101.111
12/20/2025 21:13:40,-0.35,101.133
12/20/2025 21:23:40,-0.18,101.149
12/20/2025 21:33:40,-0.06,101.112
12/20/2025 21:43:40,0.02,101.102
12/20/2025 21:53:40,0.10,101.087
12/20/2025 22:03:40,0.18,101.068
12/20/2025 22:13:40,0.25,101.004
12/20/2025 22:23:40,0.31,101.036
12/20/2025 22:33:40,0.33,101.011
12/20/2025 22:43:40,0.33,100.959
12/20/2025 22:53:40,0.33,101.007
12/20/2025 23:03:40,0.29,100.999
12/20/2025 23:13:40,0.24,101.003
12/20/2025 23:23:40,0.25,100.929
12/20/2025 23:33:40,0.31,100.895
12/20/2025 23:43:40,0.41,100.944
12/20/2025 23:53:40,0.50,100.939
12/21/2025 00:03:40,0.55,100.970
12/21/2025 00:13:40,0.61,100.989
12/21/2025 00:23:40,0.67,100.977
12/21/2025 00:33:40,0.72,100.941
12/21/2025 00:43:40,0.76,100.923
12/21/2025 00:53:40,0.81,100.892
12/21/2025 01:03:40,0.87,100.893
12/21/2025 01:13:40,0.94,100.843
12/21/2025 01:23:40,1.02,100.868
12/21/2025 01:33:40,1.11,100.867
12/21/2025 01:43:40,1.18,100.878
12/21/2025 01:53:40,1.25,100.871
12/21/2025 02:03:40,1.32,100.855
12/21/2025 02:13:40,1.38,100.874
12/21/2025 02:23:40,1.44,100.875
12/21/2025 02:33:40,1.50,100.837
12/21/2025 02:43:40,1.57,100.808
12/21/2025 02:53:40,1.64,100.770
12/21/2025 03:03:40,1.71,100.750
12/21/2025 03:13:40,1.79,100.735
12/21/2025 03:23:40,1.86,100.741
12/21/2025 03:33:40,1.89,100.722
12/21/2025 03:43:40,1.90,100.697
12/21/2025 03:53:40,1.89,100.669
12/21/2025 04:03:40,1.91,100.640
12/21/2025 04:13:40,1.95,100.653
12/21/2025 04:23:40,1.99,100.682
12/21/2025 04:33:40,2.00,100.652
12/21/2025 04:43:40,1.99,100.660
12/21/2025 04:53:40,1.92,100.637
12/21/2025 05:03:40,1.85,100.608
12/21/2025 05:13:40,1.88,100.615
12/21/2025 05:23:40,1.96,100.618
12/21/2025 05:33:40,2.05,100.617
12/21/2025 05:43:40,2.10,100.617
12/21/2025 05:53:40,2.11,100.613
12/21/2025 06:03:40,2.10,100.595
12/21/2025 06:13:40,1.97,100.584
12/21/2025 06:23:40,1.80,100.613
12/21/2025 06:33:40,1.55,100.625
12/21/2025 06:43:40,1.25,100.634
12/21/2025 06:53:40,0.95,100.637
12/21/2025 07:03:40,0.64,100.644
12/21/2025 07:13:40,0.41,100.648
12/21/2025 07:23:40,0.20,100.651
12/21/2025 07:33:40,-0.03,100.669
12/21/2025 07:43:40,-0.19,100.668
12/21/2025 07:53:40,-0.34,100.681
12/21/2025 08:03:40,-0.23,100.678
12/21/2025 08:13:40,0.17,100.693
12/21/2025 08:23:40,0.84,100.697
12/21/2025 08:33:40,1.92,100.702
12/21/2025 08:43:40,3.41,100.680
12/21/2025 08:53:40,5.43,100.700
12/21/2025 09:03:40,7.73,100.688
12/21/2025 09:13:40,10.31,100.658
12/21/2025 09:23:40,12.77,100.640
12/21/2025 09:33:40,14.84,100.621
12/21/2025 09:43:40,16.49,100.607
12/21/2025 09:53:40,17.28,100.637
12/21/2025 10:03:40,17.14,100.633
12/21/2025 10:13:40,17.35,100.633
12/21/2025 10:23:40,17.87,100.632
12/21/2025 10:33:40,17.11,100.653
12/21/2025 10:43:40,15.29,100.679
12/21/2025 10:53:40,13.71,100.744
12/21/2025 11:03:40,14.03,100.749
12/21/2025 11:13:40,15.27,100.749
12/21/2025 11:23:40,16.76,100.753
12/21/2025 11:33:40,16.94,100.784
12/21/2025 11:43:40,15.12,100.805
12/21/2025 11:53:40,12.71,100.844
12/21/2025 12:03:40,10.93,100.874
12/21/2025 12:13:40,10.01,100.865
12/21/2025 12:23:40,9.14,100.894
12/21/2025 12:33:40,8.28,100.931
12/21/2025 12:43:40,8.23,100.963
12/21/2025 12:53:40,8.88,100.957
12/21/2025 13:03:40,9.35,100.946
12/21/2025 13:13:40,9.06,100.959
12/21/2025 13:23:40,7.96,100.976
12/21/2025 13:33:40,7.74,101.016
12/21/2025 13:43:40,8.09,101.018
12/21/2025 13:53:40,8.67,101.011
12/21/2025 14:03:40,8.13,101.047
12/21/2025 14:13:40,7.29,101.103
12/21/2025 14:23:40,6.20,101.172
12/21/2025 14:33:40,4.99,101.206
12/21/2025 14:43:40,4.05,101.218
12/21/2025 14:53:40,3.46,101.268
12/21/2025 15:03:40,3.08,101.282
12/21/2025 15:13:40,2.82,101.281
12/21/2025 15:23:40,2.50,101.306
12/21/2025 15:33:40,2.20,101.332
12/21/2025 15:43:40,1.93,101.343
12/21/2025 15:53:40,1.62,101.377
12/21/2025 16:03:40,1.32,101.380
12/21/2025 16:13:40,0.97,101.383
12/21/2025 16:23:40,0.62,101.413
12/21/2025 16:33:40,0.27,101.437
12/21/2025 16:43:40,-0.05,101.447
12/21/2025 16:53:40,-0.21,101.481
12/21/2025 17:03:40,-0.39,101.508
12/21/2025 17:13:40,-0.58,101.534
12/21/2025 17:23:40,-0.72,101.548
12/21/2025 17:33:40,-0.84,101.567
12/21/2025 17:43:40,-1.04,101.575
12/21/2025 17:53:40,-1.28,101.578
12/21/2025 18:03:40,-1.44,101.593
12/21/2025 18:13:40,-1.56,101.586
12/21/2025 18:23:40,-1.67,101.611
12/21/2025 18:33:40,-1.86,101.633
12/21/2025 18:43:40,-2.02,101.634
12/21/2025 18:53:40,-2.14,101.645
12/21/2025 19:03:40,-2.21,101.647
12/21/2025 19:13:40,-2.28,101.653
12/21/2025 19:23:40,-2.33,101.680
12/21/2025 19:33:40,-2.30,101.656
12/21/2025 19:43:40,-2.25,101.696
12/21/2025 19:53:40,-2.21,101.709
12/21/2025 20:03:40,-2.16,101.705
12/21/2025 20:13:40,-2.15,101.723
12/21/2025 20:23:40,-2.19,101.728
12/21/2025 20:33:40,-2.24,101.741
12/21/2025 20:43:40,-2.29,101.762
12/21/2025 20:53:40,-2.30,101.796
12/21/2025 21:03:40,-2.28,101.803
12/21/2025 21:13:40,-2.15,101.820
12/21/2025 21:23:40,-1.93,101.837
12/21/2025 21:33:40,-1.74,101.846
12/21/2025 21:43:40,-1.60,101.847
12/21/2025 21:53:40,-1.47,101.854
12/21/2025 22:03:40,-1.40,101.888
12/21/2025 22:13:40,-1.38,101.877
12/21/2025 22:23:40,-1.44,101.902
12/21/2025 22:33:40,-1.53,101.924
12/21/2025 22:43:40,-1.61,101.907
12/21/2025 22:53:40,-1.68,101.914
12/21/2025 23:03:40,-1.75,101.938
12/21/2025 23:13:40,-1.75,101.946
12/21/2025 23:23:40,-1.78,101.935
12/21/2025 23:33:40,-1.79,101.956
12/21/2025 23:43:40,-1.77,101.963
12/21/2025 23:53:40,-1.75,101.977
12/22/2025 00:03:40,-1.77,101.971
12/22/2025 00:13:40,-1.80,101.977
12/22/2025 00:23:40,-1.84,101.987
12/22/2025 00:33:40,-1.89,101.995
12/22/2025 00:43:40,-1.99,102.008
12/22/2025 00:53:40,-2.16,102.017
12/22/2025 01:03:40,-2.33,102.058
12/22/2025 01:13:40,-2.46,102.046
12/22/2025 01:23:40,-2.62,102.074
12/22/2025 01:33:40,-2.74,102.088
12/22/2025 01:43:40,-2.87,102.111
12/22/2025 01:53:40,-3.01,102.145
12/22/2025 02:03:40,-3.17,102.161
12/22/2025 02:13:40,-3.34,102.161
12/22/2025 02:23:40,-3.56,102.161
12/22/2025 02:33:40,-3.73,102.193
12/22/2025 02:43:40,-3.89,102.190
12/22/2025 02:53:40,-4.09,102.205
12/22/2025 03:03:40,-4.39,102.242
12/22/2025 03:13:40,-4.72,102.266
12/22/2025 03:23:40,-4.95,102.255
12/22/2025 03:33:40,-5.08,102.256
12/22/2025 03:43:40,-5.17,102.268
12/22/2025 03:53:40,-5.22,102.254
12/22/2025 04:03:40,-5.26,102.263
12/22/2025 04:13:40,-5.31,102.307
12/22/2025 04:23:40,-5.40,102.302
12/22/2025 04:33:40,-5.55,102.309
12/22/2025 04:43:40,-5.61,102.325
12/22/2025 04:53:40,-5.63,102.362
12/22/2025 05:03:40,-5.67,102.389
12/22/2025 05:13:40,-5.65,102.369
12/22/2025 05:23:40,-5.58,102.398
12/22/2025 05:33:40,-5.59,102.432
12/22/2025 05:43:40,-5.64,102.453
12/22/2025 05:53:40,-5.66,102.473
12/22/2025 06:03:40,-5.69,102.483
12/22/2025 06:13:40,-5.67,102.489
12/22/2025 06:23:40,-5.51,102.484
12/22/2025 06:33:40,-5.27,102.500
12/22/2025 06:43:40,-5.07,102.489
12/22/2025 06:53:40,-4.92,102.509
12/22/2025 07:03:40,-4.79,102.518
12/22/2025 07:13:40,-4.70,102.536
12/22/2025 07:23:40,-4.62,102.552
12/22/2025 07:33:40,-4.54,102.565
12/22/2025 07:43:40,-4.46,102.599
12/22/2025 07:53:40,-4.43,102.602
12/22/2025 08:03:40,-4.44,102.611
12/22/2025 08:13:40,-4.34,102.651
12/22/2025 08:23:40,-3.77,102.638
12/22/2025 08:33:40,-2.63,102.641
12/22/2025 08:43:40,-1.31,102.627
12/22/2025 08:53:40,0.47,102.597
12/22/2025 09:03:40,2.26,102.594
12/22/2025 09:13:40,4.25,102.582
12/22/2025 09:23:40,6.46,102.546
12/22/2025 09:33:40,8.29,102.508
12/22/2025 09:43:40,9.56,102.495
12/22/2025 09:53:40,9.74,102.540
12/22/2025 10:03:40,9.30,102.523
12/22/2025 10:13:40,9.29,102.504
12/22/2025 10:23:40,9.88,102.467
12/22/2025 10:33:40,10.31,102.448
12/22/2025 10:43:40,11.24,102.418
12/22/2025 10:53:40,12.80,102.372
12/22/2025 11:03:40,14.63,102.356
12/22/2025 11:13:40,16.20,102.346
12/22/2025 11:23:40,17.07,102.331
12/22/2025 11:33:40,16.23,102.322
12/22/2025 11:43:40,13.42,102.352
12/22/2025 11:53:40,10.17,102.383
12/22/2025 12:03:40,7.79,102.382
12/22/2025 12:13:40,6.53,102.371
12/22/2025 12:23:40,5.24,102.385
12/22/2025 12:33:40,4.08,102.395
12/22/2025 12:43:40,4.47,102.349
12/22/2025 12:53:40,5.98,102.316
12/22/2025 13:03:40,7.45,102.292
12/22/2025 13:13:40,7.93,102.301
12/22/2025 13:23:40,8.08,102.296
12/22/2025 13:33:40,8.11,102.307
12/22/2025 13:43:40,8.41,102.279
12/22/2025 13:53:40,9.13,102.274
12/22/2025 14:03:40,8.63,102.287
12/22/2025 14:13:40,7.60,102.301
12/22/2025 14:23:40,6.40,102.316
12/22/2025 14:33:40,5.58,102.312
12/22/2025 14:43:40,4.90,102.329
12/22/2025 14:53:40,4.36,102.335
12/22/2025 15:03:40,3.61,102.349
12/22/2025 15:13:40,3.08,102.351
12/22/2025 15:23:40,2.55,102.352
12/22/2025 15:33:40,2.20,102.355
12/22/2025 15:43:40,1.78,102.366
12/22/2025 15:53:40,1.17,102.380
12/22/2025 16:03:40,0.45,102.393
12/22/2025 16:13:40,-0.30,102.398
12/22/2025 16:23:40,-0.99,102.402
12/22/2025 16:33:40,-1.61,102.400
12/22/2025 16:43:40,-2.17,102.417
12/22/2025 16:53:40,-2.66,102.435
12/22/2025 17:03:40,-3.09,102.433
12/22/2025 17:13:40,-3.46,102.435
12/22/2025 17:23:40,-3.78,102.403
12/22/2025 17:33:40,-4.05,102.407
12/22/2025 17:43:40,-4.30,102.387
12/22/2025 17:53:40,-4.52,102.383
12/22/2025 18:03:40,-4.73,102.387
12/22/2025 18:13:40,-4.93,102.367
12/22/2025 18:23:40,-5.12,102.361
12/22/2025 18:33:40,-5.30,102.369
12/22/2025 18:43:40,-5.48,102.351
12/22/2025 18:53:40,-5.65,102.343
12/22/2025 19:03:40,-5.79,102.323
12/22/2025 19:13:40,-5.92,102.327
12/22/2025 19:23:40,-6.06,102.331
12/22/2025 19:33:40,-6.14,102.306
12/22/2025 19:43:40,-6.13,102.284
12/22/2025 19:53:40,-6.11,102.295
12/22/2025 20:03:40,-6.10,102.287
12/22/2025 20:13:40,-6.13,102.285
12/22/2025 20:23:40,-6.16,102.289
12/22/2025 20:33:40,-6.26,102.284
12/22/2025 20:43:40,-6.39,102.254
12/22/2025 20:53:40,-6.47,102.254
12/22/2025 21:03:40,-6.50,102.263
12/22/2025 21:13:40,-6.50,102.260
12/22/2025 21:23:40,-6.47,102.244
12/22/2025 21:33:40,-6.47,102.258
12/22/2025 21:43:40,-6.53,102.274
12/22/2025 21:53:40,-6.62,102.269
12/22/2025 22:03:40,-6.71,102.285
12/22/2025 22:13:40,-6.84,102.281
12/22/2025 22:23:40,-6.98,102.262
12/22/2025 22:33:40,-7.11,102.239
12/22/2025 22:43:40,-7.23,102.232
12/22/2025 22:53:40,-7.29,102.221
12/22/2025 23:03:40,-7.29,102.207
12/22/2025 23:13:40,-7.29,102.213
12/22/2025 23:23:40,-7.29,102.212
12/22/2025 23:33:40,-7.34,102.177
12/22/2025 23:43:40,-7.42,102.190
12/22/2025 23:53:40,-7.46,102.159
12/23/2025 00:03:40,-7.50,102.173
12/23/2025 00:13:40,-7.50,102.168
12/23/2025 00:23:40,-7.49,102.178
12/23/2025 00:33:40,-7.51,102.176
12/23/2025 00:43:40,-7.53,102.174
12/23/2025 00:53:40,-7.52,102.174
12/23/2025 01:03:40,-7.47,102.185
12/23/2025 01:13:40,-7.37,102.178
12/23/2025 01:23:40,-7.25,102.186
12/23/2025 01:33:40,-7.15,102.210
12/23/2025 01:43:40,-7.06,102.214
12/23/2025 01:53:40,-6.98,102.201
12/23/2025 02:03:40,-6.90,102.213
12/23/2025 02:13:40,-6.79,102.198
12/23/2025 02:23:40,-6.65,102.217
12/23/2025 02:33:40,-6.51,102.215
12/23/2025 02:43:40,-6.38,102.201
12/23/2025 02:53:40,-6.24,102.212
12/23/2025 03:03:40,-6.03,102.216
12/23/2025 03:13:40,-5.77,102.212
12/23/2025 03:23:40,-5.51,102.198
12/23/2025 03:33:40,-5.31,102.179
12/23/2025 03:43:40,-5.16,102.168
12/23/2025 03:53:40,-5.09,102.154
12/23/2025 04:03:40,-5.02,102.143
12/23/2025 04:13:40,-4.99,102.124
12/23/2025 04:23:40,-5.00,102.132
12/23/2025 04:33:40,-5.03,102.094
12/23/2025 04:43:40,-5.04,102.106
12/23/2025 04:53:40,-5.03,102.116
12/23/2025 05:03:40,-5.03,102.133
12/23/2025 05:13:40,-5.01,102.109
12/23/2025 05:23:40,-4.96,102.100
12/23/2025 05:33:40,-4.91,102.066
12/23/2025 05:43:40,-4.83,102.079
12/23/2025 05:53:40,-4.70,102.087
12/23/2025 06:03:40,-4.60,102.084
12/23/2025 06:13:40,-4.55,102.111
12/23/2025 06:23:40,-4.51,102.093
12/23/2025 06:33:40,-4.44,102.087
12/23/2025 06:43:40,-4.35,102.052
12/23/2025 06:53:40,-4.22,102.039
12/23/2025 07:03:40,-4.06,102.051
12/23/2025 07:13:40,-3.92,102.051
12/23/2025 07:23:40,-3.79,102.038
12/23/2025 07:33:40,-3.66,102.033
12/23/2025 07:43:40,-3.52,102.020
12/23/2025 07:53:40,-3.33,102.035
12/23/2025 08:03:40,-3.04,102.037
12/23/2025 08:13:40,-2.71,102.021
12/23/2025 08:23:40,-2.38,102.013
12/23/2025 08:33:40,-2.09,102.002
12/23/2025 08:43:40,-1.82,101.984
12/23/2025 08:53:40,-1.52,101.986
12/23/2025 09:03:40,-1.19,101.991
12/23/2025 09:13:40,-0.89,101.985
12/23/2025 09:23:40,-0.64,101.974
12/23/2025 09:33:40,-0.43,101.980
12/23/2025 09:43:40,-0.25,101.971
12/23/2025 09:53:40,-0.10,101.936
12/23/2025 10:03:40,0.08,101.917
12/23/2025 10:13:40,0.31,101.882
12/23/2025 10:23:40,0.70,101.857
12/23/2025 10:33:40,1.21,101.828
12/23/2025 10:43:40,1.84,101.802
12/23/2025 10:53:40,2.46,101.747
12/23/2025 11:03:40,2.69,101.729
12/23/2025 11:13:40,2.86,101.705
12/23/2025 11:23:40,2.89,101.716
12/23/2025 11:33:40,2.79,101.698
12/23/2025 11:43:40,2.70,101.655
12/23/2025 11:53:40,2.57,101.630
12/23/2025 12:03:40,2.46,101.597
12/23/2025 12:13:40,2.46,101.558
12/23/2025 12:23:40,2.53,101.542
12/23/2025 12:33:40,2.54,101.503
12/23/2025 12:43:40,2.53,101.503
12/23/2025 12:53:40,2.51,101.483
12/23/2025 13:03:40,2.53,101.463
12/23/2025 13:13:40,2.57,101.426
12/23/2025 13:23:40,2.60,101.399
12/23/2025 13:33:40,2.67,101.387
12/23/2025 13:43:40,2.78,101.371
12/23/2025 13:53:40,2.85,101.342
12/23/2025 14:03:40,2.91,101.329
12/23/2025 14:13:40,2.99,101.318
12/23/2025 14:23:40,2.98,101.327
12/23/2025 14:33:40,2.86,101.325
12/23/2025 14:43:40,2.68,101.331
12/23/2025 14:53:40,2.47,101.321
12/23/2025 15:03:40,2.28,101.299
12/23/2025 15:13:40,2.14,101.243
12/23/2025 15:23:40,2.03,101.255
12/23/2025 15:33:40,1.95,101.222
12/23/2025 15:43:40,1.88,101.263
12/23/2025 15:53:40,1.79,101.246
12/23/2025 16:03:40,1.69,101.237
12/23/2025 16:13:40,1.60,101.185
12/23/2025 16:23:40,1.52,101.209
12/23/2025 16:33:40,1.46,101.195
12/23/2025 16:43:40,1.41,101.194
12/23/2025 16:53:40,1.36,101.190
12/23/2025 17:03:40,1.31,101.172
12/23/2025 17:13:40,1.27,101.124
12/23/2025 17:23:40,1.23,101.099
12/23/2025 17:33:40,1.20,101.082
12/23/2025 17:43:40,1.16,101.101
12/23/2025 17:53:40,1.14,101.104
12/23/2025 18:03:40,1.13,101.103
12/23/2025 18:13:40,1.13,101.072
12/23/2025 18:23:40,1.14,101.059
12/23/2025 18:33:40,1.13,101.028
12/23/2025 18:43:40,1.12,100.970
12/23/2025 18:53:40,1.10,101.042
12/23/2025 19:03:40,1.06,101.025
12/23/2025 19:13:40,0.96,100.964
12/23/2025 19:23:40,0.84,100.971
12/23/2025 19:33:40,0.74,100.997
12/23/2025 19:43:40,0.65,101.001
12/23/2025 19:53:40,0.54,101.005
12/23/2025 20:03:40,0.45,101.018
12/23/2025 20:13:40,0.36,100.984
12/23/2025 20:23:40,0.30,100.986
12/23/2025 20:33:40,0.25,100.968
12/23/2025 20:43:40,0.21,100.943
12/23/2025 20:53:40,0.18,100.935
12/23/2025 21:03:40,0.16,100.907
12/23/2025 21:13:40,0.14,100.897
12/23/2025 21:23:40,0.14,100.839
12/23/2025 21:33:40,0.14,100.840
12/23/2025 21:43:40,0.16,100.806
12/23/2025 21:53:40,0.17,100.777
12/23/2025 22:03:40,0.20,100.770
12/23/2025 22:13:40,0.22,100.759
12/23/2025 22:23:40,0.25,100.735
12/23/2025 22:33:40,0.27,100.715
12/23/2025 22:43:40,0.29,100.721
12/23/2025 22:53:40,0.31,100.697
12/23/2025 23:03:40,0.33,100.703
12/23/2025 23:13:40,0.35,100.674
12/23/2025 23:23:40,0.36,100.644
12/23/2025 23:33:40,0.37,100.628
12/23/2025 23:43:40,0.39,100.612
12/23/2025 23:53:40,0.40,100.613
12/24/2025 00:03:40,0.41,100.596
12/24/2025 00:13:40,0.42,100.593
12/24/2025 00:23:40,0.43,100.567
12/24/2025 00:33:40,0.44,100.564
12/24/2025 00:43:40,0.45,100.573
12/24/2025 00:53:40,0.45,100.560
12/24/2025 01:03:40,0.46,100.538
12/24/2025 01:13:40,0.46,100.521
12/24/2025 01:23:40,0.45,100.529
12/24/2025 01:33:40,0.44,100.524
12/24/2025 01:43:40,0.42,100.526
12/24/2025 01:53:40,0.39,100.506
12/24/2025 02:03:40,0.35,100.529
12/24/2025 02:13:40,0.32,100.500
12/24/2025 02:23:40,0.30,100.511
12/24/2025 02:33:40,0.27,100.495
12/24/2025 02:43:40,0.29,100.475
12/24/2025 02:53:40,0.36,100.498
12/24/2025 03:03:40,0.40,100.485
12/24/2025 03:13:40,0.39,100.462
12/24/2025 03:23:40,0.36,100.446
12/24/2025 03:33:40,0.34,100.453
12/24/2025 03:43:40,0.32,100.473
12/24/2025 03:53:40,0.29,100.462
12/24/2025 04:03:40,0.25,100.467
12/24/2025 04:13:40,0.21,100.462
12/24/2025 04:23:40,0.17,100.455
12/24/2025 04:33:40,0.14,100.465
12/24/2025 04:43:40,0.13,100.477
12/24/2025 04:53:40,0.11,100.502
12/24/2025 05:03:40,0.11,100.502
12/24/2025 05:13:40,0.11,100.498
12/24/2025 05:23:40,0.06,100.528
12/24/2025 05:33:40,-0.07,100.534
12/24/2025 05:43:40,-0.16,100.574
12/24/2025 05:53:40,-0.13,100.581
12/24/2025 06:03:40,-0.05,100.597
12/24/2025 06:13:40,0.07,100.622
12/24/2025 06:23:40,0.23,100.650
12/24/2025 06:33:40,0.43,100.659
12/24/2025 06:43:40,0.61,100.694
12/24/2025 06:53:40,0.76,100.698
12/24/2025 07:03:40,0.92,100.713
12/24/2025 07:13:40,1.01,100.717
12/24/2025 07:23:40,1.02,100.762
12/24/2025 07:33:40,0.99,100.799
12/24/2025 07:43:40,1.01,100.823
12/24/2025 07:53:40,1.05,100.831
12/24/2025 08:03:40,1.19,100.844
12/24/2025 08:13:40,1.42,100.887
12/24/2025 08:23:40,1.72,100.918
12/24/2025 08:33:40,1.94,100.960
12/24/2025 08:43:40,2.05,101.009
12/24/2025 08:53:40,2.15,101.037
12/24/2025 09:03:40,2.95,101.033
12/24/2025 09:13:40,4.67,101.051
12/24/2025 09:23:40,5.03,101.090
12/24/2025 09:33:40,5.11,101.084
12/24/2025 09:43:40,5.32,101.102
12/24/2025 09:53:40,6.47,101.097
12/24/2025 10:03:40,6.87,101.139
12/24/2025 10:13:40,7.01,101.146
12/24/2025 10:23:40,6.89,101.176
12/24/2025 10:33:40,6.42,101.230
12/24/2025 10:43:40,5.92,101.258
12/24/2025 10:53:40,7.15,101.220
12/24/2025 11:03:40,8.34,101.233
12/24/2025 11:13:40,8.45,101.264
12/24/2025 11:23:40,7.64,101.273
12/24/2025 11:33:40,7.19,101.285
12/24/2025 11:43:40,6.99,101.326
12/24/2025 11:53:40,6.60,101.324
12/24/2025 12:03:40,6.62,101.326
12/24/2025 12:13:40,7.06,101.354
12/24/2025 12:23:40,7.38,101.362
12/24/2025 12:33:40,7.34,101.394
12/24/2025 12:43:40,7.06,101.433
12/24/2025 12:53:40,6.72,101.458
12/24/2025 13:03:40,6.35,101.485
12/24/2025 13:13:40,5.98,101.507
12/24/2025 13:23:40,5.56,101.533
12/24/2025 13:33:40,5.14,101.554
12/24/2025 13:43:40,4.77,101.580
12/24/2025 13:53:40,4.53,101.599
12/24/2025 14:03:40,4.83,101.590
12/24/2025 14:13:40,5.20,101.617
12/24/2025 14:23:40,5.21,101.636
12/24/2025 14:33:40,4.97,101.677
12/24/2025 14:43:40,4.52,101.709
12/24/2025 14:53:40,3.92,101.754
12/24/2025 15:03:40,3.36,101.758
12/24/2025 15:13:40,3.12,101.807
12/24/2025 15:23:40,2.83,101.825
12/24/2025 15:33:40,2.36,101.832
12/24/2025 15:43:40,1.75,101.838
12/24/2025 15:53:40,1.18,101.865
12/24/2025 16:03:40,0.65,101.883
12/24/2025 16:13:40,0.17,101.904
12/24/2025 16:23:40,-0.27,101.916
12/24/2025 16:33:40,-0.67,101.962
12/24/2025 16:43:40,-1.08,101.985
12/24/2025 16:53:40,-1.52,101.987
12/24/2025 17:03:40,-1.94,101.994
12/24/2025 17:13:40,-2.31,102.011
12/24/2025 17:23:40,-2.64,102.006
12/24/2025 17:33:40,-2.92,102.062
12/24/2025 17:43:40,-3.17,102.055
12/24/2025 17:53:40,-3.38,102.044
12/24/2025 18:03:40,-3.55,102.049
12/24/2025 18:13:40,-3.68,102.044
12/24/2025 18:23:40,-3.79,102.055
12/24/2025 18:33:40,-3.90,102.062
12/24/2025 18:43:40,-4.03,102.101
12/24/2025 18:53:40,-4.16,102.124
12/24/2025 19:03:40,-4.25,102.119
12/24/2025 19:13:40,-4.35,102.114
12/24/2025 19:23:40,-4.47,102.132
12/24/2025 19:33:40,-4.60,102.176
12/24/2025 19:43:40,-4.73,102.189
12/24/2025 19:53:40,-4.89,102.186
12/24/2025 20:03:40,-5.07,102.160
12/24/2025 20:13:40,-5.25,102.119
12/24/2025 20:23:40,-5.42,102.084
12/24/2025 20:33:40,-5.57,102.096
12/24/2025 20:43:40,-5.74,102.083
12/24/2025 20:53:40,-5.89,102.085
12/24/2025 21:03:40,-5.97,102.094
12/24/2025 21:13:40,-6.05,102.135
12/24/2025 21:23:40,-6.13,102.148
12/24/2025 21:33:40,-6.22,102.134
12/24/2025 21:43:40,-6.33,102.097
12/24/2025 21:53:40,-6.44,102.072
12/24/2025 22:03:40,-6.53,102.041
12/24/2025 22:13:40,-6.60,102.012
12/24/2025 22:23:40,-6.64,101.994
12/24/2025 22:33:40,-6.73,101.955
12/24/2025 22:43:40,-6.80,101.895
12/24/2025 22:53:40,-6.89,101.868
12/24/2025 23:03:40,-6.94,101.849
12/24/2025 23:13:40,-6.93,101.872
12/24/2025 23:23:40,-6.84,101.895
12/24/2025 23:33:40,-6.72,101.894
12/24/2025 23:43:40,-6.58,101.899
12/24/2025 23:53:40,-6.46,101.908
12/25/2025 00:03:40,-6.28,101.944
12/25/2025 00:13:40,-6.03,101.895
12/25/2025 00:23:40,-5.81,101.909
12/25/2025 00:33:40,-5.61,101.907
12/25/2025 00:43:40,-5.45,101.893
12/25/2025 00:53:40,-5.34,101.922
12/25/2025 01:03:40,-5.24,101.914
12/25/2025 01:13:40,-5.14,101.881
12/25/2025 01:23:40,-5.01,101.858
12/25/2025 01:33:40,-4.85,101.861
12/25/2025 01:43:40,-4.68,101.861
12/25/2025 01:53:40,-4.54,101.813
12/25/2025 02:03:40,-4.43,101.785
12/25/2025 02:13:40,-4.35,101.758
12/25/2025 02:23:40,-4.29,101.769
12/25/2025 02:33:40,-4.23,101.739
12/25/2025 02:43:40,-4.16,101.701
12/25/2025 02:53:40,-4.11,101.654
12/25/2025 03:03:40,-4.08,101.636
12/25/2025 03:13:40,-4.04,101.604
12/25/2025 03:23:40,-4.02,101.580
12/25/2025 03:33:40,-3.99,101.565
12/25/2025 03:43:40,-3.95,101.512
12/25/2025 03:53:40,-3.85,101.495
12/25/2025 04:03:40,-3.75,101.440
12/25/2025 04:13:40,-3.63,101.447
12/25/2025 04:23:40,-3.51,101.450
12/25/2025 04:33:40,-3.39,101.431
12/25/2025 04:43:40,-3.28,101.385
12/25/2025 04:53:40,-3.17,101.408
12/25/2025 05:03:40,-3.08,101.351
12/25/2025 05:13:40,-3.02,101.388
12/25/2025 05:23:40,-2.98,101.322
12/25/2025 05:33:40,-2.93,101.265
12/25/2025 05:43:40,-2.86,101.237
12/25/2025 05:53:40,-2.78,101.214
12/25/2025 06:03:40,-2.72,101.144
12/25/2025 06:13:40,-2.68,101.082
12/25/2025 06:23:40,-2.66,101.067
12/25/2025 06:33:40,-2.62,101.014
12/25/2025 06:43:40,-2.55,100.959
12/25/2025 06:53:40,-2.48,100.935
12/25/2025 07:03:40,-2.49,100.951
12/25/2025 07:13:40,-2.56,100.914
12/25/2025 07:23:40,-2.58,100.868
12/25/2025 07:33:40,-2.51,100.839
12/25/2025 07:43:40,-2.40,100.841
12/25/2025 07:53:40,-2.24,100.843
12/25/2025 08:03:40,-2.09,100.841
12/25/2025 08:13:40,-1.94,100.832
12/25/2025 08:23:40,-1.77,100.809
12/25/2025 08:33:40,-1.56,100.830
12/25/2025 08:43:40,-1.34,100.819
12/25/2025 08:53:40,-1.15,100.785
12/25/2025 09:03:40,-0.92,100.745
12/25/2025 09:13:40,-0.63,100.772
12/25/2025 09:23:40,-0.39,100.781
12/25/2025 09:33:40,-0.19,100.774
12/25/2025 09:43:40,-0.02,100.781
12/25/2025 09:53:40,0.13,100.755
12/25/2025 10:03:40,0.24,100.787
12/25/2025 10:13:40,0.35,100.788
12/25/2025 10:23:40,0.48,100.778
12/25/2025 10:33:40,0.65,100.719
12/25/2025 10:43:40,0.74,100.662
12/25/2025 10:53:40,0.85,100.632
12/25/2025 11:03:40,1.05,100.615
12/25/2025 11:13:40,1.27,100.547
12/25/2025 11:23:40,1.49,100.549
12/25/2025 11:33:40,1.74,100.523
12/25/2025 11:43:40,2.86,100.499
12/25/2025 11:53:40,4.06,100.451
12/25/2025 12:03:40,4.78,100.428
12/25/2025 12:13:40,5.46,100.371
12/25/2025 12:23:40,5.79,100.381
12/25/2025 12:33:40,5.81,100.392
12/25/2025 12:43:40,6.28,100.370
12/25/2025 12:53:40,7.98,100.323
12/25/2025 13:03:40,8.85,100.304
12/25/2025 13:13:40,9.14,100.283
12/25/2025 13:23:40,9.26,100.302
12/25/2025 13:33:40,8.47,100.323
12/25/2025 13:43:40,7.48,100.318
12/25/2025 13:53:40,6.74,100.328
12/25/2025 14:03:40,6.05,100.355
12/25/2025 14:13:40,5.43,100.387
12/25/2025 14:23:40,4.95,100.426
12/25/2025 14:33:40,4.46,100.459
12/25/2025 14:43:40,3.94,100.488
12/25/2025 14:53:40,3.42,100.540
12/25/2025 15:03:40,3.07,100.549
12/25/2025 15:13:40,3.15,100.570
12/25/2025 15:23:40,3.26,100.588
12/25/2025 15:33:40,3.12,100.615
12/25/2025 15:43:40,2.75,100.671
12/25/2025 15:53:40,2.31,100.724
12/25/2025 16:03:40,1.94,100.757
12/25/2025 16:13:40,1.66,100.824
12/25/2025 16:23:40,1.22,100.851
12/25/2025 16:33:40,0.65,100.865
12/25/2025 16:43:40,0.04,100.901
12/25/2025 16:53:40,-0.56,100.915
12/25/2025 17:03:40,-1.08,100.937
12/25/2025 17:13:40,-1.46,100.953
12/25/2025 17:23:40,-1.79,100.966
12/25/2025 17:33:40,-2.08,101.000
12/25/2025 17:43:40,-2.34,100.988
12/25/2025 17:53:40,-2.60,101.020
12/25/2025 18:03:40,-2.84,101.063
12/25/2025 18:13:40,-3.04,101.092
12/25/2025 18:23:40,-3.22,101.105
12/25/2025 18:33:40,-3.38,101.133
12/25/2025 18:43:40,-3.47,101.137
12/25/2025 18:53:40,-3.63,101.170
12/25/2025 19:03:40,-3.84,101.211
12/25/2025 19:13:40,-4.07,101.249
12/25/2025 19:23:40,-4.30,101.275
12/25/2025 19:33:40,-4.46,101.281
12/25/2025 19:43:40,-4.62,101.322
12/25/2025 19:53:40,-4.75,101.335
12/25/2025 20:03:40,-4.93,101.344
12/25/2025 20:13:40,-5.08,101.360
12/25/2025 20:23:40,-5.27,101.371
12/25/2025 20:33:40,-5.52,101.380
12/25/2025 20:43:40,-5.80,101.391
12/25/2025 20:53:40,-6.04,101.407
12/25/2025 21:03:40,-6.26,101.433
12/25/2025 21:13:40,-6.49,101.453
12/25/2025 21:23:40,-6.72,101.477
12/25/2025 21:33:40,-6.97,101.452
12/25/2025 21:43:40,-7.12,101.462
12/25/2025 21:53:40,-7.27,101.477
12/25/2025 22:03:40,-7.42,101.475
12/25/2025 22:13:40,-7.54,101.501
12/25/2025 22:23:40,-7.62,101.497
12/25/2025 22:33:40,-7.67,101.501
12/25/2025 22:43:40,-7.73,101.504
12/25/2025 22:53:40,-7.84,101.531
12/25/2025 23:03:40,-7.99,101.546
12/25/2025 23:13:40,-8.12,101.555
12/25/2025 23:23:40,-8.21,101.553
12/25/2025 23:33:40,-8.35,101.583
12/25/2025 23:43:40,-8.50,101.580
12/25/2025 23:53:40,-8.63,101.589
12/26/2025 00:03:40,-8.78,101.616
12/26/2025 00:13:40,-8.97,101.626
12/26/2025 00:23:40,-9.16,101.641
12/26/2025 00:33:40,-9.33,101.628
12/26/2025 00:43:40,-9.50,101.653
12/26/2025 00:53:40,-9.65,101.672
12/26/2025 01:03:40,-9.77,101.680
12/26/2025 01:13:40,-9.90,101.706
12/26/2025 01:23:40,-10.02,101.732
12/26/2025 01:33:40,-10.13,101.765
12/26/2025 01:43:40,-10.23,101.767
12/26/2025 01:53:40,-10.34,101.773
12/26/2025 02:03:40,-10.46,101.790
12/26/2025 02:13:40,-10.57,101.795
12/26/2025 02:23:40,-10.68,101.822
12/26/2025 02:33:40,-10.79,101.836
12/26/2025 02:43:40,-10.95,101.859
12/26/2025 02:53:40,-11.08,101.875
12/26/2025 03:03:40,-11.20,101.896
12/26/2025 03:13:40,-11.31,101.889
12/26/2025 03:23:40,-11.38,101.903
12/26/2025 03:33:40,-11.44,101.901
12/26/2025 03:43:40,-11.49,101.930
12/26/2025 03:53:40,-11.55,101.919
12/26/2025 04:03:40,-11.62,101.920
12/26/2025 04:13:40,-11.71,101.919
12/26/2025 04:23:40,-11.79,101.932
12/26/2025 04:33:40,-11.88,101.944
12/26/2025 04:43:40,-11.90,101.968
12/26/2025 04:53:40,-11.88,101.983
12/26/2025 05:03:40,-11.88,102.001
12/26/2025 05:13:40,-11.93,101.996
12/26/2025 05:23:40,-11.96,102.019
12/26/2025 05:33:40,-11.98,101.998
12/26/2025 05:43:40,-11.99,102.032
12/26/2025 05:53:40,-12.02,102.046
12/26/2025 06:03:40,-12.01,102.074
12/26/2025 06:13:40,-12.00,102.079
12/26/2025 06:23:40,-12.01,102.073
12/26/2025 06:33:40,-12.02,102.073
12/26/2025 06:43:40,-12.01,102.069
12/26/2025 06:53:40,-12.04,102.057
12/26/2025 07:03:40,-12.04,102.053
12/26/2025 07:13:40,-11.97,102.044
12/26/2025 07:23:40,-11.85,102.061
12/26/2025 07:33:40,-11.71,102.024
12/26/2025 07:43:40,-11.57,102.044
12/26/2025 07:53:40,-11.43,102.055
12/26/2025 08:03:40,-11.28,102.032
12/26/2025 08:13:40,-11.07,102.034
12/26/2025 08:23:40,-10.72,102.037
12/26/2025 08:33:40,-10.27,102.016
12/26/2025 08:43:40,-9.77,102.036
12/26/2025 08:53:40,-8.99,102.068
12/26/2025 09:03:40,-7.76,102.044
12/26/2025 09:13:40,-6.23,102.028
12/26/2025 09:23:40,-4.31,102.026
12/26/2025 09:33:40,-2.36,102.011
12/26/2025 09:43:40,-0.39,102.015
12/26/2025 09:53:40,1.03,102.010
12/26/2025 10:03:40,1.20,102.017
12/26/2025 10:13:40,0.80,102.007
12/26/2025 10:23:40,0.44,102.013
12/26/2025 10:33:40,0.13,101.993
12/26/2025 10:43:40,0.14,101.998
12/26/2025 10:53:40,0.78,101.965
12/26/2025 11:03:40,2.12,101.934
12/26/2025 11:13:40,3.30,101.902
12/26/2025 11:23:40,2.92,101.917
12/26/2025 11:33:40,2.17,101.889
12/26/2025 11:43:40,1.24,101.880
12/26/2025 11:53:40,0.26,101.864
12/26/2025 12:03:40,-0.47,101.853
12/26/2025 12:13:40,-0.75,101.783
12/26/2025 12:23:40,-0.75,101.752
12/26/2025 12:33:40,-0.60,101.708
12/26/2025 12:43:40,-0.45,101.691
12/26/2025 12:53:40,-0.42,101.690
12/26/2025 13:03:40,-0.47,101.686
12/26/2025 13:13:40,-0.50,101.643
12/26/2025 13:23:40,-0.63,101.631
12/26/2025 13:33:40,-0.69,101.607
12/26/2025 13:43:40,-0.50,101.638
12/26/2025 13:53:40,0.03,101.631
12/26/2025 14:03:40,-0.08,101.612
12/26/2025 14:13:40,-0.07,101.604
12/26/2025 14:23:40,-0.12,101.590
12/26/2025 14:33:40,-0.58,101.565
12/26/2025 14:43:40,-1.38,101.559
12/26/2025 14:53:40,-2.25,101.559
12/26/2025 15:03:40,-3.05,101.543
12/26/2025 15:13:40,-3.61,101.541
12/26/2025 15:23:40,-4.01,101.514
12/26/2025 15:33:40,-4.26,101.520
12/26/2025 15:43:40,-4.46,101.510
12/26/2025 15:53:40,-4.68,101.514
12/26/2025 16:03:40,-4.93,101.515
12/26/2025 16:13:40,-5.18,101.494
12/26/2025 16:23:40,-5.41,101.480
12/26/2025 16:33:40,-5.61,101.473
12/26/2025 16:43:40,-5.75,101.453
12/26/2025 16:53:40,-5.85,101.426
12/26/2025 17:03:40,-5.92,101.419
12/26/2025 17:13:40,-5.99,101.394
12/26/2025 17:23:40,-6.04,101.428
12/26/2025 17:33:40,-6.08,101.460
12/26/2025 17:43:40,-6.10,101.475
12/26/2025 17:53:40,-6.10,101.489
12/26/2025 18:03:40,-6.08,101.486
12/26/2025 18:13:40,-6.06,101.448
12/26/2025 18:23:40,-6.06,101.395
12/26/2025 18:33:40,-6.06,101.365
12/26/2025 18:43:40,-6.06,101.344
12/26/2025 18:53:40,-6.05,101.327
12/26/2025 19:03:40,-6.04,101.297
12/26/2025 19:13:40,-6.04,101.270
12/26/2025 19:23:40,-6.05,101.248
12/26/2025 19:33:40,-6.06,101.264
12/26/2025 19:43:40,-6.08,101.280
12/26/2025 19:53:40,-6.10,101.295
12/26/2025 20:03:40,-6.14,101.274
12/26/2025 20:13:40,-6.17,101.292
12/26/2025 20:23:40,-6.20,101.294
12/26/2025 20:33:40,-6.25,101.319
12/26/2025 20:43:40,-6.40,101.339
12/26/2025 20:53:40,-6.59,101.364
12/26/2025 21:03:40,-6.75,101.364
12/26/2025 21:13:40,-6.90,101.348
12/26/2025 21:23:40,-7.02,101.349
12/26/2025 21:33:40,-7.13,101.321
12/26/2025 21:43:40,-7.21,101.281
12/26/2025 21:53:40,-7.28,101.283
12/26/2025 22:03:40,-7.34,101.263
12/26/2025 22:13:40,-7.38,101.250
12/26/2025 22:23:40,-7.41,101.282
12/26/2025 22:33:40,-7.43,101.281
12/26/2025 22:43:40,-7.44,101.262
12/26/2025 22:53:40,-7.46,101.264
12/26/2025 23:03:40,-7.48,101.266
12/26/2025 23:13:40,-7.51,101.241
12/26/2025 23:23:40,-7.55,101.215
12/26/2025 23:33:40,-7.59,101.211
12/26/2025 23:43:40,-7.63,101.215
12/26/2025 23:53:40,-7.67,101.207
12/27/2025 00:03:40,-7.70,101.208
12/27/2025 00:13:40,-7.72,101.219
12/27/2025 00:23:40,-7.73,101.218
12/27/2025 00:33:40,-7.73,101.214
12/27/2025 00:43:40,-7.73,101.214
12/27/2025 00:53:40,-7.71,101.229
12/27/2025 01:03:40,-7.69,101.231
12/27/2025 01:13:40,-7.67,101.225
12/27/2025 01:23:40,-7.64,101.228
12/27/2025 01:33:40,-7.62,101.208
12/27/2025 01:43:40,-7.63,101.220
12/27/2025 01:53:40,-7.65,101.227
12/27/2025 02:03:40,-7.67,101.238
12/27/2025 02:13:40,-7.71,101.229
12/27/2025 02:23:40,-7.74,101.230
12/27/2025 02:33:40,-7.76,101.215
12/27/2025 02:43:40,-7.78,101.218
12/27/2025 02:53:40,-7.80,101.216
12/27/2025 03:03:40,-7.83,101.221
12/27/2025 03:13:40,-7.85,101.215
12/27/2025 03:23:40,-7.86,101.213
12/27/2025 03:33:40,-7.88,101.233
12/27/2025 03:43:40,-7.89,101.215
12/27/2025 03:53:40,-7.90,101.209
12/27/2025 04:03:40,-7.91,101.226
12/27/2025 04:13:40,-7.93,101.220
12/27/2025 04:23:40,-7.94,101.235
12/27/2025 04:33:40,-7.97,101.242
12/27/2025 04:43:40,-7.99,101.244
12/27/2025 04:53:40,-8.00,101.251
12/27/2025 05:03:40,-8.01,101.255
12/27/2025 05:13:40,-8.01,101.268
12/27/2025 05:23:40,-8.02,101.267
12/27/2025 05:33:40,-8.03,101.287
12/27/2025 05:43:40,-8.05,101.298
12/27/2025 05:53:40,-8.07,101.309
12/27/2025 06:03:40,-8.09,101.321
12/27/2025 06:13:40,-8.10,101.337
12/27/2025 06:23:40,-8.11,101.327
12/27/2025 06:33:40,-8.12,101.353
12/27/2025 06:43:40,-8.12,101.362
12/27/2025 06:53:40,-8.10,101.359
12/27/2025 07:03:40,-8.10,101.373
12/27/2025 07:13:40,-8.09,101.400
12/27/2025 07:23:40,-8.07,101.411
12/27/2025 07:33:40,-8.05,101.422
12/27/2025 07:43:40,-8.02,101.460
12/27/2025 07:53:40,-7.96,101.475
12/27/2025 08:03:40,-7.88,101.506
12/27/2025 08:13:40,-7.77,101.521
12/27/2025 08:23:40,-7.65,101.547
12/27/2025 08:33:40,-7.50,101.545
12/27/2025 08:43:40,-7.34,101.575
12/27/2025 08:53:40,-7.16,101.594
12/27/2025 09:03:40,-6.99,101.616
12/27/2025 09:13:40,-6.80,101.627
12/27/2025 09:23:40,-6.58,101.641
12/27/2025 09:33:40,-6.32,101.663
12/27/2025 09:43:40,-6.08,101.679
12/27/2025 09:53:40,-5.84,101.682
12/27/2025 10:03:40,-5.59,101.673
12/27/2025 10:13:40,-5.26,101.679
12/27/2025 10:23:40,-4.90,101.693
12/27/2025 10:33:40,-4.49,101.682
12/27/2025 10:43:40,-4.10,101.669
12/27/2025 10:53:40,-3.72,101.662
12/27/2025 11:03:40,-3.37,101.657
12/27/2025 11:13:40,-3.07,101.655
12/27/2025 11:23:40,-2.85,101.647
12/27/2025 11:33:40,-2.67,101.629
12/27/2025 11:43:40,-2.50,101.628
12/27/2025 11:53:40,-2.22,101.620
12/27/2025 12:03:40,-1.88,101.604
12/27/2025 12:13:40,-1.54,101.598
12/27/2025 12:23:40,-1.22,101.584
12/27/2025 12:33:40,-1.01,101.591
12/27/2025 12:43:40,-0.80,101.584
12/27/2025 12:53:40,-0.57,101.579
12/27/2025 13:03:40,-0.34,101.578
12/27/2025 13:13:40,-0.15,101.597
12/27/2025 13:23:40,-0.04,101.584
12/27/2025 13:33:40,0.10,101.571
12/27/2025 13:43:40,0.22,101.570
12/27/2025 13:53:40,0.23,101.571
12/27/2025 14:03:40,0.12,101.569
12/27/2025 14:13:40,0.09,101.580
12/27/2025 14:23:40,0.12,101.542
12/27/2025 14:33:40,-0.01,101.570
12/27/2025 14:43:40,-0.46,101.572
12/27/2025 14:53:40,-1.02,101.567
12/27/2025 15:03:40,-1.60,101.587
12/27/2025 15:13:40,-1.91,101.583
12/27/2025 15:23:40,-2.07,101.590
12/27/2025 15:33:40,-2.15,101.582
12/27/2025 15:43:40,-2.29,101.583
12/27/2025 15:53:40,-2.66,101.582
12/27/2025 16:03:40,-3.18,101.601
12/27/2025 16:13:40,-3.76,101.614
12/27/2025 16:23:40,-4.37,101.615
12/27/2025 16:33:40,-4.94,101.637
12/27/2025 16:43:40,-5.49,101.621
12/27/2025 16:53:40,-5.99,101.640
12/27/2025 17:03:40,-6.46,101.666
12/27/2025 17:13:40,-6.89,101.665
12/27/2025 17:23:40,-7.30,101.689
12/27/2025 17:33:40,-7.69,101.678
12/27/2025 17:43:40,-8.07,101.683
12/27/2025 17:53:40,-8.42,101.689
12/27/2025 18:03:40,-8.75,101.689
12/27/2025 18:13:40,-9.04,101.689
12/27/2025 18:23:40,-9.31,101.682
12/27/2025 18:33:40,-9.58,101.705
12/27/2025 18:43:40,-9.86,101.715
12/27/2025 18:53:40,-10.10,101.724
12/27/2025 19:03:40,-10.32,101.722
12/27/2025 19:13:40,-10.51,101.731
12/27/2025 19:23:40,-10.69,101.747
12/27/2025 19:33:40,-10.89,101.743
12/27/2025 19:43:40,-11.09,101.760
12/27/2025 19:53:40,-11.29,101.773
12/27/2025 20:03:40,-11.48,101.773
12/27/2025 20:13:40,-11.68,101.787
12/27/2025 20:23:40,-11.85,101.786
12/27/2025 20:33:40,-12.00,101.795
12/27/2025 20:43:40,-12.15,101.791
12/27/2025 20:53:40,-12.30,101.818
12/27/2025 21:03:40,-12.44,101.816
12/27/2025 21:13:40,-12.56,101.824
12/27/2025 21:23:40,-12.68,101.828
12/27/2025 21:33:40,-12.81,101.808
12/27/2025 21:43:40,-12.97,101.800
12/27/2025 21:53:40,-13.12,101.795
12/27/2025 22:03:40,-13.27,101.809
12/27/2025 22:13:40,-13.43,101.800
12/27/2025 22:23:40,-13.57,101.801
12/27/2025 22:33:40,-13.68,101.811
12/27/2025 22:43:40,-13.77,101.809
12/27/2025 22:53:40,-13.90,101.803
12/27/2025 23:03:40,-14.02,101.794
12/27/2025 23:13:40,-14.12,101.796
12/27/2025 23:23:40,-14.21,101.789
12/27/2025 23:33:40,-14.31,101.791
12/27/2025 23:43:40,-14.42,101.778
12/27/2025 23:53:40,-14.56,101.771
12/28/2025 00:03:40,-14.70,101.755
12/28/2025 00:13:40,-14.80,101.752
12/28/2025 00:23:40,-14.89,101.706
12/28/2025 00:33:40,-14.98,101.722
12/28/2025 00:43:40,-15.07,101.721
12/28/2025 00:53:40,-15.20,101.749
12/28/2025 01:03:40,-15.33,101.734
12/28/2025 01:13:40,-15.42,101.741
12/28/2025 01:23:40,-15.46,101.719
12/28/2025 01:33:40,-15.47,101.740
12/28/2025 01:43:40,-15.54,101.732
12/28/2025 01:53:40,-15.65,101.744
12/28/2025 02:03:40,-15.75,101.734
12/28/2025 02:13:40,-15.85,101.748
12/28/2025 02:23:40,-15.96,101.739
12/28/2025 02:33:40,-16.10,101.753
12/28/2025 02:43:40,-16.21,101.757
12/28/2025 02:53:40,-16.31,101.768
12/28/2025 03:03:40,-16.39,101.737
12/28/2025 03:13:40,-16.43,101.753
12/28/2025 03:23:40,-16.46,101.776
12/28/2025 03:33:40,-16.51,101.770
12/28/2025 03:43:40,-16.56,101.756
12/28/2025 03:53:40,-16.59,101.761
12/28/2025 04:03:40,-16.61,101.758
12/28/2025 04:13:40,-16.65,101.745
12/28/2025 04:23:40,-16.71,101.742
12/28/2025 04:33:40,-16.82,101.760
12/28/2025 04:43:40,-16.92,101.769
12/28/2025 04:53:40,-17.00,101.751
12/28/2025 05:03:40,-17.06,101.766
12/28/2025 05:13:40,-17.10,101.775
12/28/2025 05:23:40,-17.14,101.769
12/28/2025 05:33:40,-17.18,101.787
12/28/2025 05:43:40,-17.20,101.806
12/28/2025 05:53:40,-17.20,101.810
12/28/2025 06:03:40,-17.16,101.803
12/28/2025 06:13:40,-17.14,101.792
12/28/2025 06:23:40,-17.17,101.805
12/28/2025 06:33:40,-17.21,101.809
12/28/2025 06:43:40,-17.31,101.815
12/28/2025 06:53:40,-17.40,101.821
12/28/2025 07:03:40,-17.43,101.787
12/28/2025 07:13:40,-17.40,101.813
12/28/2025 07:23:40,-17.39,101.814
12/28/2025 07:33:40,-17.43,101.809
12/28/2025 07:43:40,-17.44,101.817
12/28/2025 07:53:40,-17.38,101.780
12/28/2025 08:03:40,-17.22,101.760
12/28/2025 08:13:40,-16.85,101.774
12/28/2025 08:23:40,-16.21,101.805
12/28/2025 08:33:40,-15.48,101.813
12/28/2025 08:43:40,-14.15,101.809
12/28/2025 08:53:40,-11.96,101.834
12/28/2025 09:03:40,-9.18,101.837
12/28/2025 09:13:40,-6.11,101.860
12/28/2025 09:23:40,-2.99,101.844
12/28/2025 09:33:40,-0.31,101.793
12/28/2025 09:43:40,1.87,101.748
12/28/2025 09:53:40,3.30,101.726
12/28/2025 10:03:40,3.68,101.706
12/28/2025 10:13:40,3.73,101.698
12/28/2025 10:23:40,3.73,101.684
12/28/2025 10:33:40,3.57,101.705
12/28/2025 10:43:40,3.70,101.651
12/28/2025 10:53:40,4.69,101.622
12/28/2025 11:03:40,5.97,101.550
12/28/2025 11:13:40,6.41,101.543
12/28/2025 11:23:40,5.89,101.526
12/28/2025 11:33:40,5.03,101.518
12/28/2025 11:43:40,4.15,101.504
12/28/2025 11:53:40,3.27,101.494
12/28/2025 12:03:40,2.73,101.476
12/28/2025 12:13:40,2.52,101.462
12/28/2025 12:23:40,2.19,101.446
12/28/2025 12:33:40,1.82,101.417
12/28/2025 12:43:40,1.62,101.386
12/28/2025 12:53:40,1.51,101.375
12/28/2025 13:03:40,1.46,101.349
12/28/2025 13:13:40,1.63,101.342
12/28/2025 13:23:40,1.92,101.355
12/28/2025 13:33:40,2.13,101.321
12/28/2025 13:43:40,2.20,101.306
12/28/2025 13:53:40,2.25,101.332
12/28/2025 14:03:40,2.18,101.330
12/28/2025 14:13:40,1.96,101.328
12/28/2025 14:23:40,1.79,101.312
12/28/2025 14:33:40,1.60,101.286
12/28/2025 14:43:40,1.31,101.304
12/28/2025 14:53:40,0.96,101.308
12/28/2025 15:03:40,0.63,101.286
12/28/2025 15:13:40,0.41,101.279
12/28/2025 15:23:40,0.25,101.242
12/28/2025 15:33:40,-0.05,101.232
12/28/2025 15:43:40,-0.45,101.212
12/28/2025 15:53:40,-0.88,101.211
12/28/2025 16:03:40,-1.32,101.186
12/28/2025 16:13:40,-1.72,101.175
12/28/2025 16:23:40,-2.07,101.150
12/28/2025 16:33:40,-2.34,101.124
12/28/2025 16:43:40,-2.55,101.117
12/28/2025 16:53:40,-2.71,101.124
12/28/2025 17:03:40,-2.81,101.122
12/28/2025 17:13:40,-2.89,101.141
12/28/2025 17:23:40,-2.95,101.144
12/28/2025 17:33:40,-3.00,101.130
12/28/2025 17:43:40,-3.06,101.151
12/28/2025 17:53:40,-3.11,101.147
12/28/2025 18:03:40,-3.14,101.139
12/28/2025 18:13:40,-3.14,101.130
12/28/2025 18:23:40,-3.12,101.115
12/28/2025 18:33:40,-3.08,101.083
12/28/2025 18:43:40,-3.06,101.063
12/28/2025 18:53:40,-3.04,101.061
12/28/2025 19:03:40,-3.03,101.027
12/28/2025 19:13:40,-3.03,101.026
12/28/2025 19:23:40,-3.03,101.013
12/28/2025 19:33:40,-3.03,100.973
12/28/2025 19:43:40,-3.03,100.934
12/28/2025 19:53:40,-3.01,100.919
12/28/2025 20:03:40,-2.97,100.922
12/28/2025 20:13:40,-2.93,100.904
12/28/2025 20:23:40,-2.88,100.865
12/28/2025 20:33:40,-2.80,100.869
12/28/2025 20:43:40,-2.69,100.871
12/28/2025 20:53:40,-2.54,100.849
12/28/2025 21:03:40,-2.38,100.826
12/28/2025 21:13:40,-2.24,100.747
12/28/2025 21:23:40,-2.10,100.676
12/28/2025 21:33:40,-1.98,100.657
12/28/2025 21:43:40,-1.86,100.656
12/28/2025 21:53:40,-1.72,100.678
12/28/2025 22:03:40,-1.58,100.643
12/28/2025 22:13:40,-1.44,100.634
12/28/2025 22:23:40,-1.25,100.635
12/28/2025 22:33:40,-1.00,100.614
12/28/2025 22:43:40,-0.79,100.568
12/28/2025 22:53:40,-0.64,100.520
12/28/2025 23:03:40,-0.51,100.506
12/28/2025 23:13:40,-0.41,100.489
12/28/2025 23:23:40,-0.33,100.470
12/28/2025 23:33:40,-0.28,100.444
12/28/2025 23:43:40,-0.24,100.422
12/28/2025 23:53:40,-0.20,100.390
12/29/2025 00:03:40,-0.17,100.326
12/29/2025 00:13:40,-0.15,100.311
12/29/2025 00:23:40,-0.13,100.291
12/29/2025 00:33:40,-0.11,100.209
12/29/2025 00:43:40,-0.09,100.219
12/29/2025 00:53:40,-0.08,100.203
12/29/2025 01:03:40,-0.07,100.191
12/29/2025 01:13:40,-0.06,100.178
12/29/2025 01:23:40,-0.05,100.170
12/29/2025 01:33:40,-0.05,100.131
12/29/2025 01:43:40,-0.04,100.114
12/29/2025 01:53:40,-0.04,100.088
12/29/2025 02:03:40,-0.03,100.053
12/29/2025 02:13:40,-0.03,100.023
12/29/2025 02:23:40,-0.02,100.032
12/29/2025 02:33:40,-0.01,99.980
12/29/2025 02:43:40,0.00,99.976
12/29/2025 02:53:40,0.00,99.942
12/29/2025 03:03:40,0.01,99.947
12/29/2025 03:13:40,0.01,99.916
12/29/2025 03:23:40,0.01,99.885
12/29/2025 03:33:40,0.02,99.860
12/29/2025 03:43:40,0.02,99.860
12/29/2025 03:53:40,0.02,99.833
12/29/2025 04:03:40,0.02,99.772
12/29/2025 04:13:40,0.02,99.710
12/29/2025 04:23:40,0.02,99.697
12/29/2025 04:33:40,0.01,99.732
12/29/2025 04:43:40,0.01,99.669
12/29/2025 04:53:40,0.00,99.638
12/29/2025 05:03:40,0.00,99.616
12/29/2025 05:13:40,0.00,99.625
12/29/2025 05:23:40,0.00,99.585
12/29/2025 05:33:40,0.00,99.576
12/29/2025 05:43:40,0.00,99.541
12/29/2025 05:53:40,0.00,99.523
12/29/2025 06:03:40,0.01,99.489
12/29/2025 06:13:40,0.01,99.498
12/29/2025 06:23:40,0.01,99.458
12/29/2025 06:33:40,0.01,99.379
12/29/2025 06:43:40,0.01,99.304
12/29/2025 06:53:40,0.01,99.309
12/29/2025 07:03:40,0.02,99.388
12/29/2025 07:13:40,0.02,99.366
12/29/2025 07:23:40,0.02,99.274
12/29/2025 07:33:40,0.02,99.301
12/29/2025 07:43:40,0.03,99.310
12/29/2025 07:53:40,0.04,99.258
12/29/2025 08:03:40,0.05,99.242
12/29/2025 08:13:40,0.07,99.283
12/29/2025 08:23:40,0.08,99.244
12/29/2025 08:33:40,0.08,99.244
12/29/2025 08:43:40,0.09,99.214
12/29/2025 08:53:40,0.10,99.185
12/29/2025 09:03:40,0.12,99.146
12/29/2025 09:13:40,0.12,99.107
12/29/2025 09:23:40,0.14,99.175
12/29/2025 09:33:40,0.18,99.183
12/29/2025 09:43:40,0.22,99.178
12/29/2025 09:53:40,0.25,99.133
12/29/2025 10:03:40,0.31,99.089
12/29/2025 10:13:40,0.42,99.091
12/29/2025 10:23:40,0.57,99.087
12/29/2025 10:33:40,0.71,99.064
12/29/2025 10:43:40,0.79,98.997
12/29/2025 10:53:40,0.86,98.963
12/29/2025 11:03:40,0.90,98.879
12/29/2025 11:13:40,0.95,98.826
12/29/2025 11:23:40,1.03,98.834
12/29/2025 11:33:40,1.07,98.868
12/29/2025 11:43:40,1.05,98.813
12/29/2025 11:53:40,1.04,98.738
12/29/2025 12:03:40,1.08,98.706
12/29/2025 12:13:40,1.17,98.674
12/29/2025 12:23:40,1.22,98.591
12/29/2025 12:33:40,1.23,98.605
12/29/2025 12:43:40,1.21,98.612
12/29/2025 12:53:40,1.22,98.578
12/29/2025 13:03:40,1.24,98.557
12/29/2025 13:13:40,1.26,98.550
12/29/2025 13:23:40,1.34,98.579
12/29/2025 13:33:40,1.44,98.531
12/29/2025 13:43:40,1.51,98.582
12/29/2025 13:53:40,1.52,98.552
12/29/2025 14:03:40,1.51,98.564
12/29/2025 14:13:40,1.50,98.519
12/29/2025 14:23:40,1.51,98.524
12/29/2025 14:33:40,1.53,98.504
12/29/2025 14:43:40,1.54,98.469
12/29/2025 14:53:40,1.56,98.476
12/29/2025 15:03:40,1.57,98.494
12/29/2025 15:13:40,1.57,98.503
12/29/2025 15:23:40,1.55,98.470
12/29/2025 15:33:40,1.53,98.482
12/29/2025 15:43:40,1.53,98.460
12/29/2025 15:53:40,1.52,98.450
12/29/2025 16:03:40,1.52,98.512
12/29/2025 16:13:40,1.48,98.433
12/29/2025 16:23:40,1.41,98.335
12/29/2025 16:33:40,1.39,98.351
12/29/2025 16:43:40,1.38,98.420
12/29/2025 16:53:40,1.34,98.430
12/29/2025 17:03:40,1.27,98.480
12/29/2025 17:13:40,1.20,98.571
12/29/2025 17:23:40,1.15,98.642
12/29/2025 17:33:40,1.11,98.576
12/29/2025 17:43:40,1.11,98.488
12/29/2025 17:53:40,1.13,98.481
12/29/2025 18:03:40,1.08,98.517
12/29/2025 18:13:40,0.97,98.546
12/29/2025 18:23:40,0.75,98.597
12/29/2025 18:33:40,0.49,98.590
12/29/2025 18:43:40,0.23,98.615
12/29/2025 18:53:40,-0.01,98.594
12/29/2025 19:03:40,-0.18,98.596
12/29/2025 19:13:40,-0.29,98.599
12/29/2025 19:23:40,-0.31,98.619
12/29/2025 19:33:40,-0.23,98.644
12/29/2025 19:43:40,-0.09,98.639
12/29/2025 19:53:40,0.01,98.653
12/29/2025 20:03:40,0.05,98.665
12/29/2025 20:13:40,0.06,98.666
12/29/2025 20:23:40,0.06,98.702
12/29/2025 20:33:40,0.06,98.728
12/29/2025 20:43:40,0.05,98.745
12/29/2025 20:53:40,0.01,98.710
12/29/2025 21:03:40,-0.07,98.743
12/29/2025 21:13:40,-0.15,98.757
12/29/2025 21:23:40,-0.24,98.788
12/29/2025 21:33:40,-0.34,98.818
12/29/2025 21:43:40,-0.44,98.831
12/29/2025 21:53:40,-0.53,98.840
12/29/2025 22:03:40,-0.61,98.833
12/29/2025 22:13:40,-0.68,98.880
12/29/2025 22:23:40,-0.75,98.877
12/29/2025 22:33:40,-0.86,98.881
12/29/2025 22:43:40,-1.01,98.866
12/29/2025 22:53:40,-1.23,98.916
12/29/2025 23:03:40,-1.40,98.936
12/29/2025 23:13:40,-1.54,98.922
12/29/2025 23:23:40,-1.77,98.953
12/29/2025 23:33:40,-2.02,98.934
12/29/2025 23:43:40,-2.25,98.912
12/29/2025 23:53:40,-2.47,98.922
12/30/2025 00:03:40,-2.64,98.927
12/30/2025 00:13:40,-2.73,98.971
12/30/2025 00:23:40,-2.82,98.963
12/30/2025 00:33:40,-2.93,98.988
12/30/2025 00:43:40,-3.02,99.010
12/30/2025 00:53:40,-3.09,99.034
12/30/2025 01:03:40,-3.16,99.054
12/30/2025 01:13:40,-3.19,99.094
12/30/2025 01:23:40,-3.20,99.111
12/30/2025 01:33:40,-3.21,99.092
12/30/2025 01:43:40,-3.26,99.109
12/30/2025 01:53:40,-3.37,99.112
12/30/2025 02:03:40,-3.49,99.126
12/30/2025 02:13:40,-3.60,99.155
12/30/2025 02:23:40,-3.69,99.160
12/30/2025 02:33:40,-3.79,99.168
12/30/2025 02:43:40,-3.92,99.186
12/30/2025 02:53:40,-4.03,99.179
12/30/2025 03:03:40,-4.19,99.177
12/30/2025 03:13:40,-4.42,99.207
12/30/2025 03:23:40,-4.62,99.223
12/30/2025 03:33:40,-4.81,99.216
12/30/2025 03:43:40,-5.01,99.232
12/30/2025 03:53:40,-5.24,99.257
12/30/2025 04:03:40,-5.49,99.298
12/30/2025 04:13:40,-5.73,99.274
12/30/2025 04:23:40,-5.92,99.268
12/30/2025 04:33:40,-6.07,99.297
12/30/2025 04:43:40,-6.19,99.319
12/30/2025 04:53:40,-6.28,99.298
12/30/2025 05:03:40,-6.41,99.315
12/30/2025 05:13:40,-6.58,99.324
12/30/2025 05:23:40,-6.72,99.341
12/30/2025 05:33:40,-6.80,99.367
12/30/2025 05:43:40,-6.84,99.359
12/30/2025 05:53:40,-6.84,99.371
12/30/2025 06:03:40,-6.87,99.373
12/30/2025 06:13:40,-6.94,99.401
12/30/2025 06:23:40,-7.05,99.434
12/30/2025 06:33:40,-7.15,99.423
12/30/2025 06:43:40,-7.23,99.446
12/30/2025 06:53:40,-7.25,99.439
12/30/2025 07:03:40,-7.23,99.467
12/30/2025 07:13:40,-7.15,99.462
12/30/2025 07:23:40,-7.03,99.466
12/30/2025 07:33:40,-6.88,99.495
12/30/2025 07:43:40,-6.72,99.503
12/30/2025 07:53:40,-6.58,99.521
12/30/2025 08:03:40,-6.41,99.530
12/30/2025 08:13:40,-6.23,99.544
12/30/2025 08:23:40,-5.93,99.548
12/30/2025 08:33:40,-5.42,99.564
12/30/2025 08:43:40,-4.74,99.567
12/30/2025 08:53:40,-3.96,99.573
12/30/2025 09:03:40,-3.22,99.566
12/30/2025 09:13:40,-1.58,99.578
12/30/2025 09:23:40,0.49,99.595
12/30/2025 09:33:40,2.15,99.590
12/30/2025 09:43:40,3.16,99.618
12/30/2025 09:53:40,2.94,99.625
12/30/2025 10:03:40,2.77,99.649
12/30/2025 10:13:40,2.06,99.644
12/30/2025 10:23:40,1.63,99.650
12/30/2025 10:33:40,1.03,99.648
12/30/2025 10:43:40,0.39,99.673
12/30/2025 10:53:40,-0.23,99.683
12/30/2025 11:03:40,-0.73,99.676
12/30/2025 11:13:40,-1.04,99.647
12/30/2025 11:23:40,-1.21,99.631
12/30/2025 11:33:40,-1.24,99.601
12/30/2025 11:43:40,-1.29,99.623
12/30/2025 11:53:40,-1.21,99.609
12/30/2025 12:03:40,-0.94,99.594
12/30/2025 12:13:40,-0.78,99.596
12/30/2025 12:23:40,-0.84,99.603
12/30/2025 12:33:40,-0.98,99.577
12/30/2025 12:43:40,-1.14,99.567
12/30/2025 12:53:40,-1.20,99.557
12/30/2025 13:03:40,-1.12,99.591
12/30/2025 13:13:40,-1.17,99.590
12/30/2025 13:23:40,-1.35,99.595
12/30/2025 13:33:40,-1.55,99.598
12/30/2025 13:43:40,-1.63,99.608
12/30/2025 13:53:40,-1.70,99.610
12/30/2025 14:03:40,-1.70,99.628
12/30/2025 14:13:40,-1.69,99.621
12/30/2025 14:23:40,-1.62,99.600
12/30/2025 14:33:40,-1.54,99.630
12/30/2025 14:43:40,-1.60,99.621
12/30/2025 14:53:40,-1.80,99.641
12/30/2025 15:03:40,-1.98,99.646
12/30/2025 15:13:40,-2.18,99.635
12/30/2025 15:23:40,-2.42,99.652
12/30/2025 15:33:40,-2.67,99.645
12/30/2025 15:43:40,-3.03,99.672
12/30/2025 15:53:40,-3.35,99.681
12/30/2025 16:03:40,-3.60,99.696
12/30/2025 16:13:40,-3.88,99.691
12/30/2025 16:23:40,-4.21,99.685
12/30/2025 16:33:40,-4.56,99.680
12/30/2025 16:43:40,-4.96,99.689
12/30/2025 16:53:40,-5.32,99.688
12/30/2025 17:03:40,-5.64,99.687
12/30/2025 17:13:40,-5.96,99.685
12/30/2025 17:23:40,-6.28,99.683
12/30/2025 17:33:40,-6.60,99.686
12/30/2025 17:43:40,-6.88,99.705
12/30/2025 17:53:40,-7.10,99.710
12/30/2025 18:03:40,-7.23,99.709
12/30/2025 18:13:40,-7.31,99.701
12/30/2025 18:23:40,-7.38,99.667
12/30/2025 18:33:40,-7.40,99.678
12/30/2025 18:43:40,-7.36,99.678
12/30/2025 18:53:40,-7.23,99.674
12/30/2025 19:03:40,-7.11,99.687
12/30/2025 19:13:40,-7.07,99.681
12/30/2025 19:23:40,-7.12,99.689
12/30/2025 19:33:40,-7.16,99.681
12/30/2025 19:43:40,-7.17,99.676
12/30/2025 19:53:40,-7.12,99.681
12/30/2025 20:03:40,-7.01,99.700
12/30/2025 20:13:40,-6.93,99.709
12/30/2025 20:23:40,-6.80,99.713
12/30/2025 20:33:40,-6.63,99.718
12/30/2025 20:43:40,-6.38,99.722
12/30/2025 20:53:40,-6.14,99.715
12/30/2025 21:03:40,-5.91,99.734
12/30/2025 21:13:40,-5.70,99.729
12/30/2025 21:23:40,-5.48,99.742
12/30/2025 21:33:40,-5.29,99.744
12/30/2025 21:43:40,-5.12,99.748
12/30/2025 21:53:40,-4.98,99.753
12/30/2025 22:03:40,-4.89,99.762
12/30/2025 22:13:40,-4.85,99.771
12/30/2025 22:23:40,-4.83,99.786
12/30/2025 22:33:40,-4.79,99.807
12/30/2025 22:43:40,-4.75,99.807
12/30/2025 22:53:40,-4.73,99.796
12/30/2025 23:03:40,-4.72,99.819
12/30/2025 23:13:40,-4.71,99.820
12/30/2025 23:23:40,-4.68,99.814
12/30/2025 23:33:40,-4.64,99.818
12/30/2025 23:43:40,-4.60,99.826
12/30/2025 23:53:40,-4.58,99.819
12/31/2025 00:03:40,-4.52,99.830
12/31/2025 00:13:40,-4.45,99.863
12/31/2025 00:23:40,-4.42,99.848
12/31/2025 00:33:40,-4.45,99.854
12/31/2025 00:43:40,-4.49,99.863
12/31/2025 00:53:40,-4.52,99.869
12/31/2025 01:03:40,-4.51,99.870
12/31/2025 01:13:40,-4.50,99.889
12/31/2025 01:23:40,-4.53,99.890
12/31/2025 01:33:40,-4.59,99.915
12/31/2025 01:43:40,-4.65,99.930
12/31/2025 01:53:40,-4.73,99.941
12/31/2025 02:03:40,-4.78,99.939
12/31/2025 02:13:40,-4.79,99.934
12/31/2025 02:23:40,-4.73,99.954
12/31/2025 02:33:40,-4.66,99.965
12/31/2025 02:43:40,-4.61,99.970
12/31/2025 02:53:40,-4.59,99.968
12/31/2025 03:03:40,-4.57,99.982
12/31/2025 03:13:40,-4.56,99.966
12/31/2025 03:23:40,-4.57,100.013
12/31/2025 03:33:40,-4.60,100.006
12/31/2025 03:43:40,-4.61,99.996
12/31/2025 03:53:40,-4.62,100.008
12/31/2025 04:03:40,-4.60,100.010
12/31/2025 04:13:40,-4.59,100.020
12/31/2025 04:23:40,-4.60,100.028
12/31/2025 04:33:40,-4.61,100.031
12/31/2025 04:43:40,-4.64,100.055
12/31/2025 04:53:40,-4.66,100.053
12/31/2025 05:03:40,-4.69,100.072
12/31/2025 05:13:40,-4.71,100.070
12/31/2025 05:23:40,-4.72,100.060
12/31/2025 05:33:40,-4.75,100.044
12/31/2025 05:43:40,-4.79,100.022
12/31/2025 05:53:40,-4.95,100.042
12/31/2025 06:03:40,-5.24,100.056
12/31/2025 06:13:40,-5.62,100.071
12/31/2025 06:23:40,-5.94,100.082
12/31/2025 06:33:40,-6.23,100.093
12/31/2025 06:43:40,-6.49,100.122
12/31/2025 06:53:40,-6.79,100.140
12/31/2025 07:03:40,-7.05,100.149
12/31/2025 07:13:40,-7.26,100.158
12/31/2025 07:23:40,-7.43,100.175
12/31/2025 07:33:40,-7.48,100.183
12/31/2025 07:43:40,-7.38,100.185
12/31/2025 07:53:40,-7.16,100.203
12/31/2025 08:03:40,-6.84,100.200
12/31/2025 08:13:40,-6.46,100.217
12/31/2025 08:23:40,-6.02,100.240
12/31/2025 08:33:40,-5.49,100.247
12/31/2025 08:43:40,-4.78,100.269
12/31/2025 08:53:40,-3.77,100.250
12/31/2025 09:03:40,-2.76,100.257
12/31/2025 09:13:40,-1.91,100.276
12/31/2025 09:23:40,0.08,100.262
12/31/2025 09:33:40,1.65,100.246
12/31/2025 09:43:40,3.05,100.235
12/31/2025 09:53:40,4.71,100.211
12/31/2025 10:03:40,5.41,100.213
12/31/2025 10:13:40,5.87,100.212
12/31/2025 10:23:40,6.67,100.190
12/31/2025 10:33:40,7.51,100.152
12/31/2025 10:43:40,7.97,100.133
12/31/2025 10:53:40,9.00,100.109
12/31/2025 11:03:40,10.16,100.070
12/31/2025 11:13:40,10.82,100.077
12/31/2025 11:23:40,10.09,100.079
12/31/2025 11:33:40,8.64,100.089
12/31/2025 11:43:40,7.16,100.084
12/31/2025 11:53:40,5.90,100.091
12/31/2025 12:03:40,4.85,100.081
12/31/2025 12:13:40,4.23,100.063
12/31/2025 12:23:40,4.09,100.065
12/31/2025 12:33:40,4.09,100.043
12/31/2025 12:43:40,4.23,100.024
12/31/2025 12:53:40,4.34,99.993
12/31/2025 13:03:40,4.50,99.985
12/31/2025 13:13:40,4.56,99.991
12/31/2025 13:23:40,4.45,99.994
12/31/2025 13:33:40,4.24,100.007
12/31/2025 13:43:40,3.83,100.020
12/31/2025 13:53:40,3.55,100.031
12/31/2025 14:03:40,3.56,100.010
12/31/2025 14:13:40,3.49,100.022
12/31/2025 14:23:40,3.18,100.016
12/31/2025 14:33:40,2.82,100.033
12/31/2025 14:43:40,2.45,100.049
12/31/2025 14:53:40,2.03,100.047
12/31/2025 15:03:40,1.62,100.050
12/31/2025 15:13:40,1.23,100.054
12/31/2025 15:23:40,0.88,100.022
12/31/2025 15:33:40,0.58,100.039
12/31/2025 15:43:40,0.33,100.043
12/31/2025 15:53:40,0.06,100.044
12/31/2025 16:03:40,-0.21,100.049
12/31/2025 16:13:40,-0.43,100.056
12/31/2025 16:23:40,-0.63,100.054
12/31/2025 16:33:40,-0.92,100.072
12/31/2025 16:43:40,-1.28,100.072
12/31/2025 16:53:40,-1.70,100.086
12/31/2025 17:03:40,-2.17,100.076
12/31/2025 17:13:40,-2.63,100.089
12/31/2025 17:23:40,-3.08,100.098
12/31/2025 17:33:40,-3.49,100.124
12/31/2025 17:43:40,-3.92,100.135
12/31/2025 17:53:40,-4.34,100.150
12/31/2025 18:03:40,-4.74,100.167
12/31/2025 18:13:40,-5.05,100.150
12/31/2025 18:23:40,-5.29,100.174
12/31/2025 18:33:40,-5.43,100.168
12/31/2025 18:43:40,-5.58,100.163
12/31/2025 18:53:40,-5.64,100.157
12/31/2025 19:03:40,-5.78,100.165
12/31/2025 19:13:40,-6.05,100.155
12/31/2025 19:23:40,-6.35,100.141
12/31/2025 19:33:40,-6.63,100.126
12/31/2025 19:43:40,-6.78,100.123
12/31/2025 19:53:40,-6.85,100.117
12/31/2025 20:03:40,-6.85,100.107
12/31/2025 20:13:40,-6.77,100.107
12/31/2025 20:23:40,-6.65,100.102
12/31/2025 20:33:40,-6.59,100.099
12/31/2025 20:43:40,-6.52,100.093
12/31/2025 20:53:40,-6.45,100.092
12/31/2025 21:03:40,-6.44,100.084
12/31/2025 21:13:40,-6.42,100.078
12/31/2025 21:23:40,-6.40,100.071
12/31/2025 21:33:40,-6.37,100.047
12/31/2025 21:43:40,-6.27,100.031
12/31/2025 21:53:40,-6.09,100.023
12/31/2025 22:03:40,-5.86,100.003
12/31/2025 22:13:40,-5.62,99.983
12/31/2025 22:23:40,-5.40,99.974
12/31/2025 22:33:40,-5.20,99.955
12/31/2025 22:43:40,-5.02,99.942
12/31/2025 22:53:40,-4.84,99.947
12/31/2025 23:03:40,-4.67,99.911
12/31/2025 23:13:40,-4.53,99.921
12/31/2025 23:23:40,-4.41,99.893
12/31/2025 23:33:40,-4.34,99.869
12/31/2025 23:43:40,-4.28,99.832
12/31/2025 23:53:40,-4.24,99.813
01/01/2026 00:03:40,-4.24,99.787
01/01/2026 00:13:40,-4.25,99.764
01/01/2026 00:23:40,-4.27,99.762
01/01/2026 00:33:40,-4.28,99.752
01/01/2026 00:43:40,-4.29,99.721
01/01/2026 00:53:40,-4.28,99.726
01/01/2026 01:03:40,-4.28,99.696
01/01/2026 01:13:40,-4.26,99.688
01/01/2026 01:23:40,-4.24,99.669
01/01/2026 01:33:40,-4.22,99.671
01/01/2026 01:43:40,-4.19,99.660
01/01/2026 01:53:40,-4.15,99.651
01/01/2026 02:03:40,-4.11,99.642
01/01/2026 02:13:40,-4.06,99.656
01/01/2026 02:23:40,-4.01,99.639
01/01/2026 02:33:40,-3.95,99.618
01/01/2026 02:43:40,-3.89,99.602
01/01/2026 02:53:40,-3.83,99.603
01/01/2026 03:03:40,-3.77,99.596
01/01/2026 03:13:40,-3.71,99.571
01/01/2026 03:23:40,-3.64,99.573
01/01/2026 03:33:40,-3.57,99.545
01/01/2026 03:43:40,-3.51,99.533
01/01/2026 03:53:40,-3.49,99.505
01/01/2026 04:03:40,-3.48,99.488
01/01/2026 04:13:40,-3.46,99.481
01/01/2026 04:23:40,-3.44,99.475
01/01/2026 04:33:40,-3.39,99.461
01/01/2026 04:43:40,-3.35,99.465
01/01/2026 04:53:40,-3.30,99.470
01/01/2026 05:03:40,-3.24,99.454
01/01/2026 05:13:40,-3.18,99.455
01/01/2026 05:23:40,-3.12,99.443
01/01/2026 05:33:40,-3.10,99.455
01/01/2026 05:43:40,-3.09,99.482
01/01/2026 05:53:40,-3.09,99.455
01/01/2026 06:03:40,-3.08,99.457
01/01/2026 06:13:40,-3.06,99.551
01/01/2026 06:23:40,-3.09,99.553
01/01/2026 06:33:40,-3.19,99.591
01/01/2026 06:43:40,-3.32,99.601
01/01/2026 06:53:40,-3.48,99.646
01/01/2026 07:03:40,-3.67,99.637
01/01/2026 07:13:40,-3.87,99.683
01/01/2026 07:23:40,-4.08,99.676
01/01/2026 07:33:40,-4.25,99.672
01/01/2026 07:43:40,-4.39,99.697
01/01/2026 07:53:40,-4.51,99.708
01/01/2026 08:03:40,-4.60,99.725
01/01/2026 08:13:40,-4.64,99.751
01/01/2026 08:23:40,-4.64,99.734
01/01/2026 08:33:40,-4.59,99.766
01/01/2026 08:43:40,-4.54,99.792
01/01/2026 08:53:40,-4.53,99.820
01/01/2026 09:03:40,-4.61,99.860
01/01/2026 09:13:40,-4.82,99.875
01/01/2026 09:23:40,-4.52,99.908
01/01/2026 09:33:40,-1.80,99.861
01/01/2026 09:43:40,1.20,99.836
01/01/2026 09:53:40,3.38,99.840
01/01/2026 10:03:40,4.21,99.859
01/01/2026 10:13:40,4.18,99.887
01/01/2026 10:23:40,4.59,99.892
01/01/2026 10:33:40,5.40,99.872
01/01/2026 10:43:40,5.82,99.867
01/01/2026 10:53:40,7.03,99.848
01/01/2026 11:03:40,8.03,99.850
01/01/2026 11:13:40,8.67,99.830
01/01/2026 11:23:40,9.54,99.819
01/01/2026 11:33:40,9.59,99.845
01/01/2026 11:43:40,8.44,99.870
01/01/2026 11:53:40,6.26,99.922
01/01/2026 12:03:40,4.03,99.931
01/01/2026 12:13:40,2.70,99.943
01/01/2026 12:23:40,1.83,99.963
01/01/2026 12:33:40,0.53,99.964
01/01/2026 12:43:40,-0.16,99.958
01/01/2026 12:53:40,0.60,99.931
01/01/2026 13:03:40,2.02,99.913
01/01/2026 13:13:40,2.66,99.931
01/01/2026 13:23:40,2.66,99.949
01/01/2026 13:33:40,2.48,99.977
01/01/2026 13:43:40,2.31,100.005
01/01/2026 13:53:40,2.87,99.993
01/01/2026 14:03:40,2.34,100.035
01/01/2026 14:13:40,1.56,100.022
01/01/2026 14:23:40,0.60,100.059
01/01/2026 14:33:40,-0.34,100.086
01/01/2026 14:43:40,-1.38,100.073
01/01/2026 14:53:40,-2.45,100.129
01/01/2026 15:03:40,-3.37,100.154
01/01/2026 15:13:40,-3.93,100.156
01/01/2026 15:23:40,-4.39,100.159
01/01/2026 15:33:40,-4.89,100.183
01/01/2026 15:43:40,-5.40,100.203
01/01/2026 15:53:40,-5.92,100.229
01/01/2026 16:03:40,-6.43,100.247
01/01/2026 16:13:40,-6.90,100.282
01/01/2026 16:23:40,-7.33,100.281
01/01/2026 16:33:40,-7.72,100.303
01/01/2026 16:43:40,-8.10,100.324
01/01/2026 16:53:40,-8.49,100.344
01/01/2026 17:03:40,-8.91,100.367
01/01/2026 17:13:40,-9.24,100.370
01/01/2026 17:23:40,-9.46,100.377
01/01/2026 17:33:40,-9.65,100.397
01/01/2026 17:43:40,-9.84,100.402
01/01/2026 17:53:40,-10.09,100.410
01/01/2026 18:03:40,-10.28,100.416
01/01/2026 18:13:40,-10.45,100.406
01/01/2026 18:23:40,-10.69,100.425
01/01/2026 18:33:40,-11.02,100.419
01/01/2026 18:43:40,-11.37,100.429
01/01/2026 18:53:40,-11.67,100.444
01/01/2026 19:03:40,-11.98,100.453
01/01/2026 19:13:40,-12.28,100.459
01/01/2026 19:23:40,-12.56,100.477
01/01/2026 19:33:40,-12.75,100.464
01/01/2026 19:43:40,-12.84,100.481
01/01/2026 19:53:40,-12.83,100.481
01/01/2026 20:03:40,-12.82,100.474
01/01/2026 20:13:40,-12.83,100.490
01/01/2026 20:23:40,-12.87,100.468
01/01/2026 20:33:40,-12.90,100.460
01/01/2026 20:43:40,-12.87,100.490
01/01/2026 20:53:40,-12.82,100.478
01/01/2026 21:03:40,-12.78,100.509
01/01/2026 21:13:40,-12.75,100.499
01/01/2026 21:23:40,-12.72,100.498
01/01/2026 21:33:40,-12.72,100.511
01/01/2026 21:43:40,-12.77,100.497
01/01/2026 21:53:40,-12.85,100.505
01/01/2026 22:03:40,-12.96,100.484
01/01/2026 22:13:40,-13.05,100.479
01/01/2026 22:23:40,-13.08,100.470
01/01/2026 22:33:40,-13.13,100.464
01/01/2026 22:43:40,-13.23,100.476
01/01/2026 22:53:40,-13.32,100.488
01/01/2026 23:03:40,-13.37,100.465
01/01/2026 23:13:40,-13.38,100.472
01/01/2026 23:23:40,-13.32,100.474
01/01/2026 23:33:40,-13.18,100.468
01/01/2026 23:43:40,-13.02,100.473
01/01/2026 23:53:40,-12.88,100.462
01/02/2026 00:03:40,-12.73,100.457
01/02/2026 00:13:40,-12.54,100.457
01/02/2026 00:23:40,-12.36,100.433
01/02/2026 00:33:40,-12.18,100.427
01/02/2026 00:43:40,-12.02,100.440
01/02/2026 00:53:40,-11.92,100.443
01/02/2026 01:03:40,-11.87,100.444
01/02/2026 01:13:40,-11.81,100.441
01/02/2026 01:23:40,-11.73,100.429
01/02/2026 01:33:40,-11.59,100.431
01/02/2026 01:43:40,-11.42,100.419
01/02/2026 01:53:40,-11.24,100.447
01/02/2026 02:03:40,-11.09,100.424
01/02/2026 02:13:40,-10.95,100.444
01/02/2026 02:23:40,-10.81,100.429
01/02/2026 02:33:40,-10.71,100.427
01/02/2026 02:43:40,-10.65,100.403
01/02/2026 02:53:40,-10.68,100.399
01/02/2026 03:03:40,-10.83,100.396
01/02/2026 03:13:40,-11.06,100.380
01/02/2026 03:23:40,-11.36,100.382
01/02/2026 03:33:40,-11.68,100.355
01/02/2026 03:43:40,-11.98,100.336
01/02/2026 03:53:40,-12.19,100.312
01/02/2026 04:03:40,-12.30,100.283
01/02/2026 04:13:40,-12.31,100.282
01/02/2026 04:23:40,-12.28,100.298
01/02/2026 04:33:40,-12.22,100.270
01/02/2026 04:43:40,-12.18,100.265
01/02/2026 04:53:40,-12.19,100.242
01/02/2026 05:03:40,-12.22,100.234
01/02/2026 05:13:40,-12.25,100.240
01/02/2026 05:23:40,-12.25,100.222
01/02/2026 05:33:40,-12.22,100.229
01/02/2026 05:43:40,-12.17,100.236
01/02/2026 05:53:40,-12.10,100.230
01/02/2026 06:03:40,-12.05,100.236
01/02/2026 06:13:40,-12.00,100.246
01/02/2026 06:23:40,-11.97,100.249
01/02/2026 06:33:40,-11.93,100.249
01/02/2026 06:43:40,-11.87,100.239
01/02/2026 06:53:40,-11.79,100.230
01/02/2026 07:03:40,-11.70,100.239
01/02/2026 07:13:40,-11.62,100.239
01/02/2026 07:23:40,-11.52,100.237
01/02/2026 07:33:40,-11.36,100.246
01/02/2026 07:43:40,-11.18,100.240
01/02/2026 07:53:40,-10.99,100.252
01/02/2026 08:03:40,-10.78,100.239
01/02/2026 08:13:40,-10.54,100.244
01/02/2026 08:23:40,-10.26,100.266
01/02/2026 08:33:40,-9.94,100.278
01/02/2026 08:43:40,-9.65,100.283
01/02/2026 08:53:40,-9.40,100.283
01/02/2026 09:03:40,-8.99,100.309
01/02/2026 09:13:40,-7.32,100.287
01/02/2026 09:23:40,-3.75,100.261
01/02/2026 09:33:40,-0.23,100.237
01/02/2026 09:43:40,2.57,100.197
01/02/2026 09:53:40,4.48,100.208
01/02/2026 10:03:40,5.50,100.190
01/02/2026 10:13:40,5.75,100.202
01/02/2026 10:23:40,6.28,100.207
01/02/2026 10:33:40,7.36,100.176
01/02/2026 10:43:40,7.64,100.150
01/02/2026 10:53:40,8.79,100.114
01/02/2026 11:03:40,10.43,100.074
01/02/2026 11:13:40,12.18,100.025
01/02/2026 11:23:40,13.39,99.989
01/02/2026 11:33:40,13.11,99.991
01/02/2026 11:43:40,11.75,100.006
01/02/2026 11:53:40,9.85,99.998
01/02/2026 12:03:40,8.02,99.982
01/02/2026 12:13:40,6.41,99.992
01/02/2026 12:23:40,5.13,99.986
01/02/2026 12:33:40,3.77,99.975
01/02/2026 12:43:40,3.11,99.962
01/02/2026 12:53:40,3.69,99.942
01/02/2026 13:03:40,3.80,99.934
01/02/2026 13:13:40,4.22,99.935
01/02/2026 13:23:40,4.43,99.940
01/02/2026 13:33:40,4.65,99.923
01/02/2026 13:43:40,4.74,99.913
01/02/2026 13:53:40,5.57,99.908
01/02/2026 14:03:40,5.16,99.922
01/02/2026 14:13:40,4.08,99.936
01/02/2026 14:23:40,3.03,99.968
01/02/2026 14:33:40,1.74,99.955
01/02/2026 14:43:40,0.52,99.994
01/02/2026 14:53:40,-0.49,99.984
01/02/2026 15:03:40,-1.19,99.993
01/02/2026 15:13:40,-1.72,100.014
01/02/2026 15:23:40,-2.17,100.024
01/02/2026 15:33:40,-2.58,100.045
01/02/2026 15:43:40,-2.99,100.054
01/02/2026 15:53:40,-3.45,100.084
01/02/2026 16:03:40,-3.89,100.098
01/02/2026 16:13:40,-4.32,100.095
01/02/2026 16:23:40,-4.75,100.118
01/02/2026 16:33:40,-5.16,100.130
01/02/2026 16:43:40,-5.48,100.119
01/02/2026 16:53:40,-5.75,100.137
01/02/2026 17:03:40,-6.05,100.159
01/02/2026 17:13:40,-6.39,100.173
01/02/2026 17:23:40,-6.76,100.170
01/02/2026 17:33:40,-7.16,100.176
01/02/2026 17:43:40,-7.58,100.186
01/02/2026 17:53:40,-7.95,100.191
01/02/2026 18:03:40,-8.28,100.204
01/02/2026 18:13:40,-8.55,100.215
01/02/2026 18:23:40,-8.81,100.211
01/02/2026 18:33:40,-8.99,100.213
01/02/2026 18:43:40,-9.12,100.221
01/02/2026 18:53:40,-9.20,100.225
01/02/2026 19:03:40,-9.30,100.242
01/02/2026 19:13:40,-9.40,100.270
01/02/2026 19:23:40,-9.47,100.254
01/02/2026 19:33:40,-9.55,100.272
01/02/2026 19:43:40,-9.66,100.264
01/02/2026 19:53:40,-9.75,100.276
01/02/2026 20:03:40,-9.86,100.282
01/02/2026 20:13:40,-10.00,100.280
01/02/2026 20:23:40,-10.18,100.291
01/02/2026 20:33:40,-10.35,100.282
01/02/2026 20:43:40,-10.48,100.281
01/02/2026 20:53:40,-10.57,100.280
01/02/2026 21:03:40,-10.64,100.303
01/02/2026 21:13:40,-10.69,100.324
01/02/2026 21:23:40,-10.71,100.334
01/02/2026 21:33:40,-10.71,100.340
01/02/2026 21:43:40,-10.67,100.352
01/02/2026 21:53:40,-10.60,100.347
01/02/2026 22:03:40,-10.49,100.346
01/02/2026 22:13:40,-10.38,100.371
01/02/2026 22:23:40,-10.31,100.378
01/02/2026 22:33:40,-10.28,100.394
01/02/2026 22:43:40,-10.30,100.397
01/02/2026 22:53:40,-10.31,100.404
01/02/2026 23:03:40,-10.28,100.394
01/02/2026 23:13:40,-10.20,100.408
01/02/2026 23:23:40,-10.05,100.411
01/02/2026 23:33:40,-9.84,100.403
01/02/2026 23:43:40,-9.59,100.407
01/02/2026 23:53:40,-9.42,100.421
01/03/2026 00:03:40,-9.37,100.418
01/03/2026 00:13:40,-9.30,100.425
01/03/2026 00:23:40,-9.16,100.423
01/03/2026 00:33:40,-8.95,100.406
01/03/2026 00:43:40,-8.70,100.392
01/03/2026 00:53:40,-8.50,100.392
01/03/2026 01:03:40,-8.40,100.412
01/03/2026 01:13:40,-8.40,100.416
01/03/2026 01:23:40,-8.38,100.435
01/03/2026 01:33:40,-8.32,100.437
01/03/2026 01:43:40,-8.21,100.422
01/03/2026 01:53:40,-8.08,100.432
01/03/2026 02:03:40,-8.06,100.442
01/03/2026 02:13:40,-8.22,100.469
01/03/2026 02:23:40,-8.44,100.469
01/03/2026 02:33:40,-8.59,100.474
01/03/2026 02:43:40,-8.65,100.494
01/03/2026 02:53:40,-8.57,100.490
01/03/2026 03:03:40,-8.41,100.493
01/03/2026 03:13:40,-8.24,100.498
01/03/2026 03:23:40,-8.03,100.490
01/03/2026 03:33:40,-7.80,100.474
01/03/2026 03:43:40,-7.58,100.475
01/03/2026 03:53:40,-7.39,100.481
01/03/2026 04:03:40,-7.25,100.492
01/03/2026 04:13:40,-7.13,100.500
01/03/2026 04:23:40,-7.04,100.505
01/03/2026 04:33:40,-6.91,100.496
01/03/2026 04:43:40,-6.77,100.515
01/03/2026 04:53:40,-6.67,100.521
01/03/2026 05:03:40,-6.59,100.530
01/03/2026 05:13:40,-6.51,100.551
01/03/2026 05:23:40,-6.43,100.550
01/03/2026 05:33:40,-6.39,100.550
01/03/2026 05:43:40,-6.42,100.573
01/03/2026 05:53:40,-6.50,100.586
01/03/2026 06:03:40,-6.56,100.585
01/03/2026 06:13:40,-6.58,100.601
01/03/2026 06:23:40,-6.57,100.606
01/03/2026 06:33:40,-6.55,100.639
01/03/2026 06:43:40,-6.56,100.638
01/03/2026 06:53:40,-6.60,100.647
01/03/2026 07:03:40,-6.67,100.657
01/03/2026 07:13:40,-6.84,100.666
01/03/2026 07:23:40,-7.11,100.690
01/03/2026 07:33:40,-7.44,100.718
01/03/2026 07:43:40,-7.73,100.706
01/03/2026 07:53:40,-7.94,100.713
01/03/2026 08:03:40,-8.05,100.711
01/03/2026 08:13:40,-7.99,100.730
01/03/2026 08:23:40,-7.56,100.718
01/03/2026 08:33:40,-6.69,100.751
01/03/2026 08:43:40,-5.30,100.744
01/03/2026 08:53:40,-3.51,100.755
01/03/2026 09:03:40,-1.16,100.761
01/03/2026 09:13:40,1.32,100.754
01/03/2026 09:23:40,3.94,100.709
01/03/2026 09:33:40,6.53,100.674
01/03/2026 09:43:40,8.83,100.639
01/03/2026 09:53:40,10.41,100.634
01/03/2026 10:03:40,10.88,100.649
01/03/2026 10:13:40,10.49,100.681
01/03/2026 10:23:40,10.68,100.673
01/03/2026 10:33:40,11.72,100.641
01/03/2026 10:43:40,12.08,100.655
01/03/2026 10:53:40,13.15,100.668
01/03/2026 11:03:40,14.31,100.637
01/03/2026 11:13:40,14.92,100.640
01/03/2026 11:23:40,13.85,100.648
01/03/2026 11:33:40,12.46,100.653
01/03/2026 11:43:40,11.39,100.647
01/03/2026 11:53:40,9.57,100.680
01/03/2026 12:03:40,8.05,100.687
01/03/2026 12:13:40,6.90,100.686
01/03/2026 12:23:40,5.87,100.684
01/03/2026 12:33:40,5.23,100.662
01/03/2026 12:43:40,5.01,100.669
01/03/2026 12:53:40,4.73,100.659
01/03/2026 13:03:40,4.52,100.663
01/03/2026 13:13:40,4.34,100.664
01/03/2026 13:23:40,4.54,100.647
01/03/2026 13:33:40,5.11,100.625
01/03/2026 13:43:40,5.57,100.619
01/03/2026 13:53:40,5.88,100.632
01/03/2026 14:03:40,5.43,100.652
01/03/2026 14:13:40,5.14,100.663
01/03/2026 14:23:40,4.77,100.693
01/03/2026 14:33:40,4.28,100.699
01/03/2026 14:43:40,3.47,100.713
01/03/2026 14:53:40,2.60,100.719
01/03/2026 15:03:40,1.98,100.743
01/03/2026 15:13:40,1.57,100.746
01/03/2026 15:23:40,1.20,100.761
01/03/2026 15:33:40,0.81,100.765
01/03/2026 15:43:40,0.35,100.797
01/03/2026 15:53:40,-0.22,100.798
01/03/2026 16:03:40,-0.78,100.802
01/03/2026 16:13:40,-1.28,100.834
01/03/2026 16:23:40,-1.71,100.846
01/03/2026 16:33:40,-2.08,100.846
01/03/2026 16:43:40,-2.44,100.869
01/03/2026 16:53:40,-2.78,100.888
01/03/2026 17:03:40,-3.10,100.884
01/03/2026 17:13:40,-3.32,100.910
01/03/2026 17:23:40,-3.45,100.915
01/03/2026 17:33:40,-3.50,100.910
01/03/2026 17:43:40,-3.51,100.935
01/03/2026 17:53:40,-3.53,100.929
01/03/2026 18:03:40,-3.57,100.917
01/03/2026 18:13:40,-3.62,100.934
01/03/2026 18:23:40,-3.71,100.916
01/03/2026 18:33:40,-3.88,100.912
01/03/2026 18:43:40,-4.06,100.926
01/03/2026 18:53:40,-4.17,100.927
01/03/2026 19:03:40,-4.21,100.919
01/03/2026 19:13:40,-4.21,100.924
01/03/2026 19:23:40,-4.21,100.945
01/03/2026 19:33:40,-4.19,100.947
01/03/2026 19:43:40,-4.13,100.953
01/03/2026 19:53:40,-4.06,100.939
01/03/2026 20:03:40,-3.97,100.930
01/03/2026 20:13:40,-3.92,100.939
01/03/2026 20:23:40,-3.99,100.937
01/03/2026 20:33:40,-4.17,100.927
01/03/2026 20:43:40,-4.40,100.931
01/03/2026 20:53:40,-4.57,100.957
01/03/2026 21:03:40,-4.67,100.944
01/03/2026 21:13:40,-4.71,100.939
01/03/2026 21:23:40,-4.77,100.947
01/03/2026 21:33:40,-4.88,100.940
01/03/2026 21:43:40,-5.00,100.950
01/03/2026 21:53:40,-5.07,100.942
01/03/2026 22:03:40,-5.14,100.949
01/03/2026 22:13:40,-5.19,100.957
01/03/2026 22:23:40,-5.18,100.954
01/03/2026 22:33:40,-5.15,100.948
01/03/2026 22:43:40,-5.15,100.961
01/03/2026 22:53:40,-5.25,100.942
01/03/2026 23:03:40,-5.37,100.948
01/03/2026 23:13:40,-5.46,100.939
01/03/2026 23:23:40,-5.50,100.917
01/03/2026 23:33:40,-5.51,100.920
01/03/2026 23:43:40,-5.51,100.929
01/03/2026 23:53:40,-5.51,100.916
01/04/2026 00:03:40,-5.52,100.946
01/04/2026 00:13:40,-5.55,100.934
01/04/2026 00:23:40,-5.55,100.965
01/04/2026 00:33:40,-5.51,100.943
01/04/2026 00:43:40,-5.42,100.961
01/04/2026 00:53:40,-5.34,100.973
01/04/2026 01:03:40,-5.29,100.973
01/04/2026 01:13:40,-5.25,100.964
01/04/2026 01:23:40,-5.24,100.969
01/04/2026 01:33:40,-5.24,100.983
01/04/2026 01:43:40,-5.23,100.988
01/04/2026 01:53:40,-5.21,100.995
01/04/2026 02:03:40,-5.18,101.024
01/04/2026 02:13:40,-5.16,101.031
01/04/2026 02:23:40,-5.14,101.024
01/04/2026 02:33:40,-5.13,101.051
01/04/2026 02:43:40,-5.12,101.017
01/04/2026 02:53:40,-5.10,101.019
01/04/2026 03:03:40,-5.08,101.039
01/04/2026 03:13:40,-5.08,101.039
01/04/2026 03:23:40,-5.10,101.032
01/04/2026 03:33:40,-5.15,101.014
01/04/2026 03:43:40,-5.20,101.027
01/04/2026 03:53:40,-5.25,101.026
01/04/2026 04:03:40,-5.27,101.024
01/04/2026 04:13:40,-5.27,101.028
01/04/2026 04:23:40,-5.26,101.043
01/04/2026 04:33:40,-5.24,101.044
01/04/2026 04:43:40,-5.22,101.064
01/04/2026 04:53:40,-5.19,101.072
01/04/2026 05:03:40,-5.16,101.092
01/04/2026 05:13:40,-5.13,101.113
01/04/2026 05:23:40,-5.11,101.110
01/04/2026 05:33:40,-5.11,101.132
01/04/2026 05:43:40,-5.10,101.133
01/04/2026 05:53:40,-5.09,101.134
01/04/2026 06:03:40,-5.07,101.145
01/04/2026 06:13:40,-5.05,101.147
01/04/2026 06:23:40,-5.04,101.157
01/04/2026 06:33:40,-5.03,101.167
01/04/2026 06:43:40,-5.02,101.163
01/04/2026 06:53:40,-5.01,101.168
01/04/2026 07:03:40,-5.00,101.183
01/04/2026 07:13:40,-4.98,101.181
01/04/2026 07:23:40,-4.96,101.187
01/04/2026 07:33:40,-4.95,101.188
01/04/2026 07:43:40,-4.92,101.208
01/04/2026 07:53:40,-4.89,101.194
01/04/2026 08:03:40,-4.82,101.210
01/04/2026 08:13:40,-4.71,101.229
01/04/2026 08:23:40,-4.60,101.241
01/04/2026 08:33:40,-4.44,101.252
01/04/2026 08:43:40,-4.22,101.261
01/04/2026 08:53:40,-3.32,101.258
01/04/2026 09:03:40,-1.37,101.270
01/04/2026 09:13:40,1.19,101.262
01/04/2026 09:23:40,4.24,101.243
01/04/2026 09:33:40,6.94,101.198
01/04/2026 09:43:40,9.29,101.176
01/04/2026 09:53:40,10.43,101.203
01/04/2026 10:03:40,10.65,101.221
01/04/2026 10:13:40,10.47,101.228
01/04/2026 10:23:40,10.14,101.225
01/04/2026 10:33:40,11.19,101.191
01/04/2026 10:43:40,10.70,101.216
01/04/2026 10:53:40,9.07,101.243
01/04/2026 11:03:40,7.55,101.226
01/04/2026 11:13:40,6.68,101.203
01/04/2026 11:23:40,6.50,101.201
01/04/2026 11:33:40,5.75,101.200
01/04/2026 11:43:40,4.77,101.196
01/04/2026 11:53:40,4.07,101.184
01/04/2026 12:03:40,3.42,101.167
01/04/2026 12:13:40,3.01,101.152
01/04/2026 12:23:40,3.03,101.142
01/04/2026 12:33:40,3.01,101.139
01/04/2026 12:43:40,2.95,101.134
01/04/2026 12:53:40,4.00,101.094
01/04/2026 13:03:40,6.05,101.057
01/04/2026 13:13:40,7.15,101.048
01/04/2026 13:23:40,7.31,101.052
01/04/2026 13:33:40,6.75,101.076
01/04/2026 13:43:40,5.87,101.095
01/04/2026 13:53:40,4.95,101.114
01/04/2026 14:03:40,4.16,101.126
01/04/2026 14:13:40,3.46,101.127
01/04/2026 14:23:40,2.84,101.134
01/04/2026 14:33:40,2.34,101.150
01/04/2026 14:43:40,1.91,101.156
01/04/2026 14:53:40,1.58,101.170
01/04/2026 15:03:40,1.31,101.172
01/04/2026 15:13:40,1.05,101.193
01/04/2026 15:23:40,0.82,101.188
01/04/2026 15:33:40,0.58,101.211
01/04/2026 15:43:40,0.30,101.207
01/04/2026 15:53:40,0.00,101.205
01/04/2026 16:03:40,-0.28,101.210
01/04/2026 16:13:40,-0.55,101.225
01/04/2026 16:23:40,-0.80,101.232
01/04/2026 16:33:40,-1.03,101.245
01/04/2026 16:43:40,-1.25,101.246
01/04/2026 16:53:40,-1.46,101.270
01/04/2026 17:03:40,-1.64,101.257
01/04/2026 17:13:40,-1.81,101.281
01/04/2026 17:23:40,-1.96,101.280
01/04/2026 17:33:40,-2.10,101.310
01/04/2026 17:43:40,-2.22,101.294
01/04/2026 17:53:40,-2.34,101.278
01/04/2026 18:03:40,-2.45,101.303
01/04/2026 18:13:40,-2.54,101.311
01/04/2026 18:23:40,-2.61,101.331
01/04/2026 18:33:40,-2.65,101.336
01/04/2026 18:43:40,-2.68,101.342
01/04/2026 18:53:40,-2.69,101.349
01/04/2026 19:03:40,-2.71,101.361
01/04/2026 19:13:40,-2.77,101.365
01/04/2026 19:23:40,-2.85,101.365
01/04/2026 19:33:40,-2.98,101.374
01/04/2026 19:43:40,-3.14,101.363
01/04/2026 19:53:40,-3.30,101.365
01/04/2026 20:03:40,-3.43,101.361
01/04/2026 20:13:40,-3.54,101.381
01/04/2026 20:23:40,-3.64,101.397
01/04/2026 20:33:40,-3.72,101.398
01/04/2026 20:43:40,-3.80,101.408
01/04/2026 20:53:40,-3.87,101.423
01/04/2026 21:03:40,-3.95,101.419
01/04/2026 21:13:40,-4.02,101.422
01/04/2026 21:23:40,-4.04,101.433
01/04/2026 21:33:40,-4.02,101.435
01/04/2026 21:43:40,-3.96,101.436
01/04/2026 21:53:40,-3.90,101.447
01/04/2026 22:03:40,-3.85,101.452
01/04/2026 22:13:40,-3.83,101.475
01/04/2026 22:23:40,-3.86,101.486
01/04/2026 22:33:40,-3.94,101.491
01/04/2026 22:43:40,-4.05,101.485
01/04/2026 22:53:40,-4.14,101.510
01/04/2026 23:03:40,-4.23,101.514
01/04/2026 23:13:40,-4.30,101.521
01/04/2026 23:23:40,-4.34,101.526
01/04/2026 23:33:40,-4.36,101.536
01/04/2026 23:43:40,-4.45,101.550
01/04/2026 23:53:40,-4.60,101.565
01/05/2026 00:03:40,-4.80,101.580
01/05/2026 00:13:40,-5.05,101.578
01/05/2026 00:23:40,-5.30,101.614
01/05/2026 00:33:40,-5.51,101.624
01/05/2026 00:43:40,-5.75,101.651
01/05/2026 00:53:40,-6.00,101.660
01/05/2026 01:03:40,-6.25,101.671
01/05/2026 01:13:40,-6.51,101.657
01/05/2026 01:23:40,-6.79,101.680
01/05/2026 01:33:40,-7.02,101.692
01/05/2026 01:43:40,-7.22,101.706
01/05/2026 01:53:40,-7.41,101.726
01/05/2026 02:03:40,-7.67,101.756
01/05/2026 02:13:40,-7.95,101.757
01/05/2026 02:23:40,-8.26,101.732
01/05/2026 02:33:40,-8.57,101.756
01/05/2026 02:43:40,-8.89,101.744
01/05/2026 02:53:40,-9.19,101.787
01/05/2026 03:03:40,-9.46,101.801
01/05/2026 03:13:40,-9.72,101.796
01/05/2026 03:23:40,-9.93,101.807
01/05/2026 03:33:40,-10.16,101.831
01/05/2026 03:43:40,-10.39,101.841
01/05/2026 03:53:40,-10.63,101.814
01/05/2026 04:03:40,-10.86,101.798
01/05/2026 04:13:40,-11.08,101.800
01/05/2026 04:23:40,-11.31,101.776
01/05/2026 04:33:40,-11.49,101.786
01/05/2026 04:43:40,-11.63,101.814
01/05/2026 04:53:40,-11.80,101.826
01/05/2026 05:03:40,-11.97,101.877
01/05/2026 05:13:40,-12.12,101.900
01/05/2026 05:23:40,-12.20,101.916
01/05/2026 05:33:40,-12.22,101.919
01/05/2026 05:43:40,-12.14,101.911
01/05/2026 05:53:40,-12.00,101.913
01/05/2026 06:03:40,-11.91,101.901
01/05/2026 06:13:40,-11.93,101.920
01/05/2026 06:23:40,-12.00,101.922
01/05/2026 06:33:40,-12.10,101.941
01/05/2026 06:43:40,-12.21,101.942
01/05/2026 06:53:40,-12.37,101.941
01/05/2026 07:03:40,-12.56,101.942
01/05/2026 07:13:40,-12.72,101.959
01/05/2026 07:23:40,-12.83,101.951
01/05/2026 07:33:40,-12.84,101.915
01/05/2026 07:43:40,-12.74,101.943
01/05/2026 07:53:40,-12.50,101.970
01/05/2026 08:03:40,-12.10,101.981
01/05/2026 08:13:40,-11.70,101.977
01/05/2026 08:23:40,-11.26,101.999
01/05/2026 08:33:40,-10.71,102.021
01/05/2026 08:43:40,-10.17,102.014
01/05/2026 08:53:40,-9.56,102.001
01/05/2026 09:03:40,-9.00,101.992
01/05/2026 09:13:40,-8.55,101.987
01/05/2026 09:23:40,-8.11,101.986
01/05/2026 09:33:40,-7.71,101.984
01/05/2026 09:43:40,-7.32,101.981
01/05/2026 09:53:40,-6.92,101.983
01/05/2026 10:03:40,-6.54,101.996
01/05/2026 10:13:40,-6.13,101.994
01/05/2026 10:23:40,-5.67,101.975
01/05/2026 10:33:40,-5.14,101.933
01/05/2026 10:43:40,-4.61,101.934
01/05/2026 10:53:40,-4.31,101.915
01/05/2026 11:03:40,-4.14,101.906
01/05/2026 11:13:40,-3.98,101.909
01/05/2026 11:23:40,-3.78,101.898
01/05/2026 11:33:40,-3.61,101.884
01/05/2026 11:43:40,-3.57,101.857
01/05/2026 11:53:40,-3.27,101.882
01/05/2026 12:03:40,-2.66,101.815
01/05/2026 12:13:40,-2.22,101.787
01/05/2026 12:23:40,-1.93,101.749
01/05/2026 12:33:40,-1.85,101.743
01/05/2026 12:43:40,-1.86,101.712
01/05/2026 12:53:40,-2.04,101.734
01/05/2026 13:03:40,-2.23,101.738
01/05/2026 13:13:40,-2.33,101.732
01/05/2026 13:23:40,-2.34,101.705
01/05/2026 13:33:40,-2.30,101.687
01/05/2026 13:43:40,-2.26,101.686
01/05/2026 13:53:40,-2.07,101.696
01/05/2026 14:03:40,-1.58,101.672
01/05/2026 14:13:40,-1.29,101.665
01/05/2026 14:23:40,-1.27,101.641
01/05/2026 14:33:40,-1.34,101.625
01/05/2026 14:43:40,-1.50,101.627
01/05/2026 14:53:40,-1.87,101.623
01/05/2026 15:03:40,-2.38,101.630
01/05/2026 15:13:40,-2.91,101.649
01/05/2026 15:23:40,-3.43,101.638
01/05/2026 15:33:40,-3.86,101.565
01/05/2026 15:43:40,-4.20,101.579
01/05/2026 15:53:40,-4.49,101.577
01/05/2026 16:03:40,-4.76,101.558
01/05/2026 16:13:40,-5.00,101.547
01/05/2026 16:23:40,-5.21,101.539
01/05/2026 16:33:40,-5.41,101.537
01/05/2026 16:43:40,-5.58,101.520
01/05/2026 16:53:40,-5.72,101.518
01/05/2026 17:03:40,-5.85,101.523
01/05/2026 17:13:40,-5.95,101.495
01/05/2026 17:23:40,-6.01,101.493
01/05/2026 17:33:40,-6.06,101.497
01/05/2026 17:43:40,-6.09,101.489
01/05/2026 17:53:40,-6.11,101.483
01/05/2026 18:03:40,-6.13,101.486
01/05/2026 18:13:40,-6.13,101.463
01/05/2026 18:23:40,-6.13,101.464
01/05/2026 18:33:40,-6.12,101.465
01/05/2026 18:43:40,-6.10,101.457
01/05/2026 18:53:40,-6.09,101.437
01/05/2026 19:03:40,-6.08,101.455
01/05/2026 19:13:40,-6.06,101.439
01/05/2026 19:23:40,-6.05,101.419
01/05/2026 19:33:40,-6.03,101.399
01/05/2026 19:43:40,-6.00,101.388
01/05/2026 19:53:40,-5.97,101.379
01/05/2026 20:03:40,-5.94,101.351
01/05/2026 20:13:40,-5.90,101.359
01/05/2026 20:23:40,-5.88,101.340
01/05/2026 20:33:40,-5.85,101.320
01/05/2026 20:43:40,-5.83,101.305
01/05/2026 20:53:40,-5.81,101.312
01/05/2026 21:03:40,-5.78,101.301
01/05/2026 21:13:40,-5.76,101.308
01/05/2026 21:23:40,-5.73,101.311
01/05/2026 21:33:40,-5.71,101.326
01/05/2026 21:43:40,-5.67,101.317
01/05/2026 21:53:40,-5.64,101.333
01/05/2026 22:03:40,-5.61,101.305
01/05/2026 22:13:40,-5.59,101.303
01/05/2026 22:23:40,-5.58,101.300
01/05/2026 22:33:40,-5.56,101.289
01/05/2026 22:43:40,-5.54,101.256
01/05/2026 22:53:40,-5.52,101.249
01/05/2026 23:03:40,-5.50,101.234
01/05/2026 23:13:40,-5.48,101.222
01/05/2026 23:23:40,-5.45,101.225
01/05/2026 23:33:40,-5.44,101.191
01/05/2026 23:43:40,-5.43,101.197
01/05/2026 23:53:40,-5.44,101.187
01/06/2026 00:03:40,-5.46,101.167
01/06/2026 00:13:40,-5.47,101.166
01/06/2026 00:23:40,-5.48,101.161
01/06/2026 00:33:40,-5.47,101.157
01/06/2026 00:43:40,-5.46,101.145
01/06/2026 00:53:40,-5.45,101.164
01/06/2026 01:03:40,-5.43,101.135
01/06/2026 01:13:40,-5.41,101.141
01/06/2026 01:23:40,-5.38,101.131
01/06/2026 01:33:40,-5.36,101.138
01/06/2026 01:43:40,-5.34,101.149
01/06/2026 01:53:40,-5.32,101.168
01/06/2026 02:03:40,-5.30,101.148
01/06/2026 02:13:40,-5.29,101.158
01/06/2026 02:23:40,-5.27,101.165
01/06/2026 02:33:40,-5.25,101.158
01/06/2026 02:43:40,-5.22,101.147
01/06/2026 02:53:40,-5.21,101.148
01/06/2026 03:03:40,-5.20,101.158
01/06/2026 03:13:40,-5.19,101.159
01/06/2026 03:23:40,-5.17,101.170
01/06/2026 03:33:40,-5.15,101.163
01/06/2026 03:43:40,-5.12,101.171
01/06/2026 03:53:40,-5.09,101.165
01/06/2026 04:03:40,-5.07,101.167
01/06/2026 04:13:40,-5.04,101.148
01/06/2026 04:23:40,-5.01,101.146
01/06/2026 04:33:40,-4.98,101.149
01/06/2026 04:43:40,-4.96,101.147
01/06/2026 04:53:40,-4.95,101.140
01/06/2026 05:03:40,-4.93,101.159
01/06/2026 05:13:40,-4.91,101.152
01/06/2026 05:23:40,-4.88,101.159
01/06/2026 05:33:40,-4.86,101.157
01/06/2026 05:43:40,-4.85,101.189
01/06/2026 05:53:40,-4.84,101.185
01/06/2026 06:03:40,-4.84,101.173
01/06/2026 06:13:40,-4.84,101.159
01/06/2026 06:23:40,-4.86,101.161
01/06/2026 06:33:40,-4.88,101.181
01/06/2026 06:43:40,-4.91,101.201
01/06/2026 06:53:40,-4.93,101.207
01/06/2026 07:03:40,-4.96,101.205
01/06/2026 07:13:40,-4.99,101.223
01/06/2026 07:23:40,-5.02,101.215
01/06/2026 07:33:40,-5.05,101.226
01/06/2026 07:43:40,-5.06,101.220
01/06/2026 07:53:40,-5.06,101.221
01/06/2026 08:03:40,-5.06,101.238
01/06/2026 08:13:40,-5.05,101.257
01/06/2026 08:23:40,-5.00,101.266
01/06/2026 08:33:40,-4.85,101.242
01/06/2026 08:43:40,-4.61,101.257
01/06/2026 08:53:40,-4.27,101.242
01/06/2026 09:03:40,-3.71,101.246
01/06/2026 09:13:40,-3.04,101.250
01/06/2026 09:23:40,-2.16,101.220
01/06/2026 09:33:40,-1.18,101.218
01/06/2026 09:43:40,-0.13,101.193
01/06/2026 09:53:40,1.03,101.177
01/06/2026 10:03:40,1.83,101.188
01/06/2026 10:13:40,1.84,101.189
01/06/2026 10:23:40,1.66,101.195
01/06/2026 10:33:40,1.45,101.198
01/06/2026 10:43:40,1.34,101.162
01/06/2026 10:53:40,1.20,101.206
01/06/2026 11:03:40,1.31,101.180
01/06/2026 11:13:40,1.80,101.115
01/06/2026 11:23:40,2.51,101.091
01/06/2026 11:33:40,3.11,101.091
01/06/2026 11:43:40,3.45,101.046
01/06/2026 11:53:40,3.46,101.016
01/06/2026 12:03:40,3.27,101.035
01/06/2026 12:13:40,3.01,101.016
01/06/2026 12:23:40,2.89,101.036
01/06/2026 12:33:40,3.03,101.009
01/06/2026 12:43:40,3.27,100.964
01/06/2026 12:53:40,3.44,100.948
01/06/2026 13:03:40,3.36,100.871
01/06/2026 13:13:40,3.23,100.859
01/06/2026 13:23:40,3.18,100.841
01/06/2026 13:33:40,2.97,100.836
01/06/2026 13:43:40,2.65,100.883
01/06/2026 13:53:40,2.31,100.905
01/06/2026 14:03:40,2.10,100.908
01/06/2026 14:13:40,2.28,100.889
01/06/2026 14:23:40,2.61,100.932
01/06/2026 14:33:40,3.11,100.950
01/06/2026 14:43:40,3.56,100.928
01/06/2026 14:53:40,3.51,100.897
01/06/2026 15:03:40,3.41,100.857
01/06/2026 15:13:40,3.44,100.851
01/06/2026 15:23:40,3.22,100.844
01/06/2026 15:33:40,2.75,100.821
01/06/2026 15:43:40,2.32,100.826
01/06/2026 15:53:40,1.91,100.851
01/06/2026 16:03:40,1.46,100.851
01/06/2026 16:13:40,0.96,100.823
01/06/2026 16:23:40,0.58,100.823
01/06/2026 16:33:40,0.32,100.816
01/06/2026 16:43:40,0.15,100.805
01/06/2026 16:53:40,0.02,100.820
01/06/2026 17:03:40,-0.07,100.838
01/06/2026 17:13:40,-0.14,100.840
01/06/2026 17:23:40,-0.19,100.857
01/06/2026 17:33:40,-0.22,100.845
01/06/2026 17:43:40,-0.25,100.843
01/06/2026 17:53:40,-0.26,100.824
01/06/2026 18:03:40,-0.26,100.807
01/06/2026 18:13:40,-0.27,100.797
01/06/2026 18:23:40,-0.28,100.761
01/06/2026 18:33:40,-0.27,100.766
01/06/2026 18:43:40,-0.26,100.763
01/06/2026 18:53:40,-0.26,100.780
01/06/2026 19:03:40,-0.27,100.739
01/06/2026 19:13:40,-0.30,100.742
01/06/2026 19:23:40,-0.32,100.713
01/06/2026 19:33:40,-0.34,100.715
01/06/2026 19:43:40,-0.37,100.717
01/06/2026 19:53:40,-0.40,100.702
01/06/2026 20:03:40,-0.41,100.696
01/06/2026 20:13:40,-0.42,100.682
01/06/2026 20:23:40,-0.43,100.659
01/06/2026 20:33:40,-0.44,100.645
01/06/2026 20:43:40,-0.44,100.622
01/06/2026 20:53:40,-0.45,100.631
01/06/2026 21:03:40,-0.45,100.613
01/06/2026 21:13:40,-0.45,100.622
01/06/2026 21:23:40,-0.46,100.630
01/06/2026 21:33:40,-0.47,100.584
01/06/2026 21:43:40,-0.49,100.600
01/06/2026 21:53:40,-0.52,100.584
01/06/2026 22:03:40,-0.55,100.577
01/06/2026 22:13:40,-0.57,100.536
01/06/2026 22:23:40,-0.59,100.512
01/06/2026 22:33:40,-0.61,100.527
01/06/2026 22:43:40,-0.62,100.500
01/06/2026 22:53:40,-0.63,100.508
01/06/2026 23:03:40,-0.65,100.480
01/06/2026 23:13:40,-0.66,100.466
01/06/2026 23:23:40,-0.68,100.411
01/06/2026 23:33:40,-0.69,100.397
01/06/2026 23:43:40,-0.67,100.363
01/06/2026 23:53:40,-0.63,100.349
01/07/2026 00:03:40,-0.59,100.344
01/07/2026 00:13:40,-0.57,100.324
01/07/2026 00:23:40,-0.55,100.286
01/07/2026 00:33:40,-0.55,100.269
01/07/2026 00:43:40,-0.54,100.266
01/07/2026 00:53:40,-0.53,100.271
01/07/2026 01:03:40,-0.53,100.271
01/07/2026 01:13:40,-0.54,100.292
01/07/2026 01:23:40,-0.56,100.272
01/07/2026 01:33:40,-0.57,100.249
01/07/2026 01:43:40,-0.57,100.210
01/07/2026 01:53:40,-0.52,100.206
01/07/2026 02:03:40,-0.45,100.195
01/07/2026 02:13:40,-0.38,100.192
01/07/2026 02:23:40,-0.33,100.202
01/07/2026 02:33:40,-0.30,100.218
01/07/2026 02:43:40,-0.30,100.183
01/07/2026 02:53:40,-0.31,100.177
01/07/2026 03:03:40,-0.33,100.167
01/07/2026 03:13:40,-0.34,100.130
01/07/2026 03:23:40,-0.35,100.125
01/07/2026 03:33:40,-0.35,100.103
01/07/2026 03:43:40,-0.33,100.113
01/07/2026 03:53:40,-0.31,100.080
01/07/2026 04:03:40,-0.28,100.069
01/07/2026 04:13:40,-0.24,100.060
01/07/2026 04:23:40,-0.20,100.051
01/07/2026 04:33:40,-0.16,100.036
01/07/2026 04:43:40,-0.14,100.026
01/07/2026 04:53:40,-0.12,100.027
01/07/2026 05:03:40,-0.11,100.024
01/07/2026 05:13:40,-0.11,99.993
01/07/2026 05:23:40,-0.10,100.003
01/07/2026 05:33:40,-0.10,99.998
01/07/2026 05:43:40,-0.10,100.020
01/07/2026 05:53:40,-0.10,99.994
01/07/2026 06:03:40,-0.11,100.006
01/07/2026 06:13:40,-0.11,100.023
01/07/2026 06:23:40,-0.12,100.031
01/07/2026 06:33:40,-0.13,100.009
01/07/2026 06:43:40,-0.14,100.034
01/07/2026 06:53:40,-0.14,100.025
01/07/2026 07:03:40,-0.15,100.020
01/07/2026 07:13:40,-0.15,100.016
01/07/2026 07:23:40,-0.15,100.012
01/07/2026 07:33:40,-0.15,99.994
01/07/2026 07:43:40,-0.14,100.008
01/07/2026 07:53:40,-0.14,100.004
01/07/2026 08:03:40,-0.13,100.013
01/07/2026 08:13:40,-0.12,100.014
01/07/2026 08:23:40,-0.11,100.042
01/07/2026 08:33:40,-0.09,100.052
01/07/2026 08:43:40,-0.08,100.057
01/07/2026 08:53:40,-0.06,100.077
01/07/2026 09:03:40,-0.04,100.052
01/07/2026 09:13:40,-0.03,100.062
01/07/2026 09:23:40,-0.02,100.072
01/07/2026 09:33:40,0.00,100.096
01/07/2026 09:43:40,0.03,100.116
01/07/2026 09:53:40,0.10,100.113
01/07/2026 10:03:40,0.26,100.120
01/07/2026 10:13:40,0.51,100.107
01/07/2026 10:23:40,0.72,100.105
01/07/2026 10:33:40,0.92,100.118
01/07/2026 10:43:40,1.12,100.084
01/07/2026 10:53:40,1.40,100.082
01/07/2026 11:03:40,1.66,100.075
01/07/2026 11:13:40,1.86,100.075
01/07/2026 11:23:40,2.04,100.069
01/07/2026 11:33:40,2.23,100.061
01/07/2026 11:43:40,2.40,100.058
01/07/2026 11:53:40,2.73,100.056
01/07/2026 12:03:40,3.26,100.046
01/07/2026 12:13:40,3.55,100.058
01/07/2026 12:23:40,3.64,100.070
01/07/2026 12:33:40,3.70,100.053
01/07/2026 12:43:40,3.78,100.051
01/07/2026 12:53:40,3.86,100.049
01/07/2026 13:03:40,3.74,100.057
01/07/2026 13:13:40,3.61,100.072
01/07/2026 13:23:40,3.58,100.056
01/07/2026 13:33:40,3.58,100.061
01/07/2026 13:43:40,3.68,100.052
01/07/2026 13:53:40,3.92,100.050
01/07/2026 14:03:40,4.09,100.052
01/07/2026 14:13:40,4.08,100.095
01/07/2026 14:23:40,3.91,100.115
01/07/2026 14:33:40,3.79,100.149
01/07/2026 14:43:40,3.77,100.138
01/07/2026 14:53:40,3.65,100.176
01/07/2026 15:03:40,3.47,100.214
01/07/2026 15:13:40,3.30,100.225
01/07/2026 15:23:40,3.14,100.247
01/07/2026 15:33:40,2.96,100.279
01/07/2026 15:43:40,2.70,100.313
01/07/2026 15:53:40,2.41,100.332
01/07/2026 16:03:40,2.14,100.352
01/07/2026 16:13:40,1.89,100.374
01/07/2026 16:23:40,1.66,100.420
01/07/2026 16:33:40,1.46,100.441
01/07/2026 16:43:40,1.28,100.464
01/07/2026 16:53:40,1.11,100.493
01/07/2026 17:03:40,0.94,100.517
01/07/2026 17:13:40,0.71,100.522
01/07/2026 17:23:40,0.46,100.521
01/07/2026 17:33:40,0.23,100.575
01/07/2026 17:43:40,0.05,100.594
01/07/2026 17:53:40,-0.05,100.566
01/07/2026 18:03:40,-0.15,100.579
01/07/2026 18:13:40,-0.26,100.596
01/07/2026 18:23:40,-0.35,100.609
01/07/2026 18:33:40,-0.42,100.612
01/07/2026 18:43:40,-0.48,100.632
01/07/2026 18:53:40,-0.50,100.670
01/07/2026 19:03:40,-0.51,100.669
01/07/2026 19:13:40,-0.58,100.689
01/07/2026 19:23:40,-0.63,100.702
01/07/2026 19:33:40,-0.72,100.720
01/07/2026 19:43:40,-0.80,100.748
01/07/2026 19:53:40,-0.84,100.762
01/07/2026 20:03:40,-0.82,100.785
01/07/2026 20:13:40,-0.76,100.822
01/07/2026 20:23:40,-0.66,100.835
01/07/2026 20:33:40,-0.55,100.824
01/07/2026 20:43:40,-0.44,100.817
01/07/2026 20:53:40,-0.35,100.794
01/07/2026 21:03:40,-0.34,100.839
01/07/2026 21:13:40,-0.34,100.847
01/07/2026 21:23:40,-0.33,100.849
01/07/2026 21:33:40,-0.30,100.878
01/07/2026 21:43:40,-0.28,100.867
01/07/2026 21:53:40,-0.27,100.920
01/07/2026 22:03:40,-0.24,100.945
01/07/2026 22:13:40,-0.20,100.931
01/07/2026 22:23:40,-0.25,100.935
01/07/2026 22:33:40,-0.33,100.954
01/07/2026 22:43:40,-0.34,100.958
01/07/2026 22:53:40,-0.30,100.966
01/07/2026 23:03:40,-0.25,100.971
01/07/2026 23:13:40,-0.23,100.977
01/07/2026 23:23:40,-0.31,100.992
01/07/2026 23:33:40,-0.50,100.969
01/07/2026 23:43:40,-0.77,100.966
01/07/2026 23:53:40,-1.02,100.965
01/08/2026 00:03:40,-1.25,100.969
01/08/2026 00:13:40,-1.44,100.964
01/08/2026 00:23:40,-1.60,100.975
01/08/2026 00:33:40,-1.75,100.983
01/08/2026 00:43:40,-1.85,100.991
01/08/2026 00:53:40,-1.92,100.993
01/08/2026 01:03:40,-1.97,101.006
01/08/2026 01:13:40,-2.01,101.002
01/08/2026 01:23:40,-2.08,101.026
01/08/2026 01:33:40,-2.17,101.048
01/08/2026 01:43:40,-2.33,101.059
01/08/2026 01:53:40,-2.52,101.068
01/08/2026 02:03:40,-2.69,101.090
01/08/2026 02:13:40,-2.85,101.114
01/08/2026 02:23:40,-3.01,101.134
01/08/2026 02:33:40,-3.13,101.153
01/08/2026 02:43:40,-3.24,101.181
01/08/2026 02:53:40,-3.35,101.180
01/08/2026 03:03:40,-3.45,101.183
01/08/2026 03:13:40,-3.55,101.195
01/08/2026 03:23:40,-3.67,101.210
01/08/2026 03:33:40,-3.79,101.220
01/08/2026 03:43:40,-3.87,101.248
01/08/2026 03:53:40,-3.93,101.250
01/08/2026 04:03:40,-4.00,101.261
01/08/2026 04:13:40,-4.07,101.275
01/08/2026 04:23:40,-4.16,101.293
01/08/2026 04:33:40,-4.19,101.298
01/08/2026 04:43:40,-4.14,101.312
01/08/2026 04:53:40,-3.99,101.323
01/08/2026 05:03:40,-3.80,101.342
01/08/2026 05:13:40,-3.59,101.354
01/08/2026 05:23:40,-3.40,101.364
01/08/2026 05:33:40,-3.27,101.372
01/08/2026 05:43:40,-3.20,101.380
01/08/2026 05:53:40,-3.15,101.380
01/08/2026 06:03:40,-3.12,101.409
01/08/2026 06:13:40,-3.14,101.416
01/08/2026 06:23:40,-3.26,101.426
01/08/2026 06:33:40,-3.46,101.446
01/08/2026 06:43:40,-3.69,101.467
01/08/2026 06:53:40,-3.90,101.455
01/08/2026 07:03:40,-4.07,101.469
01/08/2026 07:13:40,-4.21,101.495
01/08/2026 07:23:40,-4.31,101.498
01/08/2026 07:33:40,-4.42,101.505
01/08/2026 07:43:40,-4.51,101.522
01/08/2026 07:53:40,-4.52,101.530
01/08/2026 08:03:40,-4.45,101.541
01/08/2026 08:13:40,-4.25,101.539
01/08/2026 08:23:40,-3.81,101.552
01/08/2026 08:33:40,-3.06,101.556
01/08/2026 08:43:40,-1.99,101.540
01/08/2026 08:53:40,-0.67,101.547
01/08/2026 09:03:40,1.11,101.550
01/08/2026 09:13:40,3.32,101.546
01/08/2026 09:23:40,5.95,101.522
01/08/2026 09:33:40,8.75,101.465
01/08/2026 09:43:40,11.16,101.455
01/08/2026 09:53:40,12.76,101.482
01/08/2026 10:03:40,13.80,101.465
01/08/2026 10:13:40,14.11,101.475
01/08/2026 10:23:40,14.65,101.531
01/08/2026 10:33:40,15.54,101.540
01/08/2026 10:43:40,15.91,101.531
01/08/2026 10:53:40,17.31,101.515
01/08/2026 11:03:40,18.99,101.498
01/08/2026 11:13:40,20.71,101.483
01/08/2026 11:23:40,21.82,101.493
01/08/2026 11:33:40,21.60,101.524
01/08/2026 11:43:40,19.24,101.550
01/08/2026 11:53:40,16.62,101.580
01/08/2026 12:03:40,14.19,101.591
01/08/2026 12:13:40,12.39,101.623
01/08/2026 12:23:40,11.20,101.622
01/08/2026 12:33:40,10.41,101.632
01/08/2026 12:43:40,9.83,101.635
01/08/2026 12:53:40,9.22,101.640
01/08/2026 13:03:40,8.73,101.645
01/08/2026 13:13:40,9.13,101.615
01/08/2026 13:23:40,10.66,101.602
01/08/2026 13:33:40,11.82,101.611
01/08/2026 13:43:40,12.52,101.619
01/08/2026 13:53:40,13.10,101.636
01/08/2026 14:03:40,12.72,101.634
01/08/2026 14:13:40,12.04,101.650
01/08/2026 14:23:40,10.92,101.689
01/08/2026 14:33:40,9.96,101.676
01/08/2026 14:43:40,9.27,101.688
01/08/2026 14:53:40,8.48,101.717
01/08/2026 15:03:40,7.58,101.737
01/08/2026 15:13:40,6.67,101.741
01/08/2026 15:23:40,5.74,101.752
01/08/2026 15:33:40,4.87,101.792
01/08/2026 15:43:40,4.27,101.802
01/08/2026 15:53:40,3.69,101.835
01/08/2026 16:03:40,3.11,101.828
01/08/2026 16:13:40,2.56,101.854
01/08/2026 16:23:40,2.04,101.865
01/08/2026 16:33:40,1.55,101.881
01/08/2026 16:43:40,1.08,101.879
01/08/2026 16:53:40,0.66,101.914
01/08/2026 17:03:40,0.26,101.944
01/08/2026 17:13:40,-0.09,101.968
01/08/2026 17:23:40,-0.39,101.962
01/08/2026 17:33:40,-0.65,101.954
01/08/2026 17:43:40,-0.87,101.960
01/08/2026 17:53:40,-1.11,101.964
01/08/2026 18:03:40,-1.38,101.987
01/08/2026 18:13:40,-1.63,101.994
01/08/2026 18:23:40,-1.86,102.007
01/08/2026 18:33:40,-2.08,102.017
01/08/2026 18:43:40,-2.28,102.006
01/08/2026 18:53:40,-2.46,102.023
01/08/2026 19:03:40,-2.64,102.023
01/08/2026 19:13:40,-2.81,102.033
01/08/2026 19:23:40,-2.96,102.058
01/08/2026 19:33:40,-3.10,102.097
01/08/2026 19:43:40,-3.23,102.111
01/08/2026 19:53:40,-3.33,102.123
01/08/2026 20:03:40,-3.45,102.138
01/08/2026 20:13:40,-3.59,102.155
01/08/2026 20:23:40,-3.72,102.164
01/08/2026 20:33:40,-3.85,102.172
01/08/2026 20:43:40,-4.00,102.171
01/08/2026 20:53:40,-4.13,102.188
01/08/2026 21:03:40,-4.26,102.184
01/08/2026 21:13:40,-4.39,102.184
01/08/2026 21:23:40,-4.50,102.187
01/08/2026 21:33:40,-4.61,102.189
01/08/2026 21:43:40,-4.73,102.190
01/08/2026 21:53:40,-4.87,102.188
01/08/2026 22:03:40,-5.01,102.193
01/08/2026 22:13:40,-5.13,102.197
01/08/2026 22:23:40,-5.27,102.215
01/08/2026 22:33:40,-5.39,102.207
01/08/2026 22:43:40,-5.50,102.195
01/08/2026 22:53:40,-5.59,102.190
01/08/2026 23:03:40,-5.69,102.202
01/08/2026 23:13:40,-5.76,102.199
01/08/2026 23:23:40,-5.82,102.176
01/08/2026 23:33:40,-5.86,102.171
01/08/2026 23:43:40,-5.96,102.175
01/08/2026 23:53:40,-6.07,102.163
01/09/2026 00:03:40,-6.17,102.153
01/09/2026 00:13:40,-6.27,102.151
01/09/2026 00:23:40,-6.38,102.162
01/09/2026 00:33:40,-6.47,102.184
01/09/2026 00:43:40,-6.50,102.193
01/09/2026 00:53:40,-6.45,102.190
01/09/2026 01:03:40,-6.39,102.183
01/09/2026 01:13:40,-6.37,102.203
01/09/2026 01:23:40,-6.36,102.217
01/09/2026 01:33:40,-6.34,102.201
01/09/2026 01:43:40,-6.33,102.233
01/09/2026 01:53:40,-6.30,102.227
01/09/2026 02:03:40,-6.26,102.209
01/09/2026 02:13:40,-6.20,102.228
01/09/2026 02:23:40,-6.14,102.253
01/09/2026 02:33:40,-6.06,102.260
01/09/2026 02:43:40,-6.03,102.251
01/09/2026 02:53:40,-6.02,102.260
01/09/2026 03:03:40,-6.04,102.285
01/09/2026 03:13:40,-6.01,102.283
01/09/2026 03:23:40,-5.95,102.294
01/09/2026 03:33:40,-5.86,102.259
01/09/2026 03:43:40,-5.75,102.245
01/09/2026 03:53:40,-5.60,102.259
01/09/2026 04:03:40,-5.46,102.252
01/09/2026 04:13:40,-5.33,102.239
01/09/2026 04:23:40,-5.18,102.223
01/09/2026 04:33:40,-5.06,102.209
01/09/2026 04:43:40,-4.98,102.222
01/09/2026 04:53:40,-4.93,102.227
01/09/2026 05:03:40,-4.88,102.197
01/09/2026 05:13:40,-4.84,102.191
01/09/2026 05:23:40,-4.82,102.233
01/09/2026 05:33:40,-4.80,102.235
01/09/2026 05:43:40,-4.80,102.236
01/09/2026 05:53:40,-4.78,102.237
01/09/2026 06:03:40,-4.75,102.241
01/09/2026 06:13:40,-4.69,102.251
01/09/2026 06:23:40,-4.75,102.214
01/09/2026 06:33:40,-4.95,102.199
01/09/2026 06:43:40,-5.18,102.179
01/09/2026 06:53:40,-5.41,102.191
01/09/2026 07:03:40,-5.61,102.193
01/09/2026 07:13:40,-5.76,102.230
01/09/2026 07:23:40,-5.89,102.230
01/09/2026 07:33:40,-6.00,102.201
01/09/2026 07:43:40,-6.05,102.170
01/09/2026 07:53:40,-5.97,102.178
01/09/2026 08:03:40,-5.77,102.168
01/09/2026 08:13:40,-5.41,102.147
01/09/2026 08:23:40,-4.97,102.165
01/09/2026 08:33:40,-4.51,102.164
01/09/2026 08:43:40,-3.98,102.182
01/09/2026 08:53:40,-3.39,102.165
01/09/2026 09:03:40,-2.83,102.164
01/09/2026 09:13:40,-2.18,102.143
01/09/2026 09:23:40,-1.72,102.122
01/09/2026 09:33:40,-1.32,102.129
01/09/2026 09:43:40,-0.84,102.117
01/09/2026 09:53:40,-0.41,102.083
01/09/2026 10:03:40,-0.08,102.070
01/09/2026 10:13:40,0.21,102.023
01/09/2026 10:23:40,0.55,102.049
01/09/2026 10:33:40,0.87,102.062
01/09/2026 10:43:40,1.19,102.043
01/09/2026 10:53:40,1.49,102.039
01/09/2026 11:03:40,1.68,101.995
01/09/2026 11:13:40,2.01,101.932
01/09/2026 11:23:40,2.35,101.905
01/09/2026 11:33:40,2.67,101.904
01/09/2026 11:43:40,2.85,101.884
01/09/2026 11:53:40,2.94,101.857
01/09/2026 12:03:40,3.01,101.832
01/09/2026 12:13:40,3.15,101.827
01/09/2026 12:23:40,3.40,101.765
01/09/2026 12:33:40,3.73,101.732
01/09/2026 12:43:40,4.23,101.714
01/09/2026 12:53:40,5.37,101.619
01/09/2026 13:03:40,6.90,101.579
01/09/2026 13:13:40,8.63,101.490
01/09/2026 13:23:40,10.27,101.483
01/09/2026 13:33:40,10.92,101.472
01/09/2026 13:43:40,10.85,101.466
01/09/2026 13:53:40,10.29,101.493
01/09/2026 14:03:40,9.32,101.484
01/09/2026 14:13:40,8.27,101.453
01/09/2026 14:23:40,7.39,101.408
01/09/2026 14:33:40,6.81,101.382
01/09/2026 14:43:40,6.57,101.406
01/09/2026 14:53:40,6.45,101.396
01/09/2026 15:03:40,6.36,101.393
01/09/2026 15:13:40,6.28,101.382
01/09/2026 15:23:40,6.21,101.340
01/09/2026 15:33:40,6.09,101.308
01/09/2026 15:43:40,5.98,101.312
01/09/2026 15:53:40,5.90,101.305
01/09/2026 16:03:40,5.82,101.299
01/09/2026 16:13:40,5.75,101.323
01/09/2026 16:23:40,5.68,101.323
01/09/2026 16:33:40,5.63,101.279
01/09/2026 16:43:40,5.53,101.248
01/09/2026 16:53:40,5.43,101.226
01/09/2026 17:03:40,5.35,101.202
01/09/2026 17:13:40,5.29,101.170
01/09/2026 17:23:40,5.23,101.200
01/09/2026 17:33:40,5.14,101.179
01/09/2026 17:43:40,5.09,101.174
01/09/2026 17:53:40,5.07,101.151
01/09/2026 18:03:40,5.07,101.076
01/09/2026 18:13:40,5.07,101.098
01/09/2026 18:23:40,5.08,101.113
01/09/2026 18:33:40,5.10,101.127
01/09/2026 18:43:40,5.14,101.135
01/09/2026 18:53:40,5.17,101.155
01/09/2026 19:03:40,5.18,101.143
01/09/2026 19:13:40,5.13,101.134
01/09/2026 19:23:40,5.16,101.119
01/09/2026 19:33:40,5.23,101.120
01/09/2026 19:43:40,5.31,101.096
01/09/2026 19:53:40,5.37,101.071
01/09/2026 20:03:40,5.45,101.042
01/09/2026 20:13:40,5.51,101.043
01/09/2026 20:23:40,5.57,101.021
01/09/2026 20:33:40,5.63,101.031
01/09/2026 20:43:40,5.67,101.035
01/09/2026 20:53:40,5.73,101.026
01/09/2026 21:03:40,5.79,101.005
01/09/2026 21:13:40,5.86,101.028
01/09/2026 21:23:40,5.91,100.993
01/09/2026 21:33:40,5.99,100.991
01/09/2026 21:43:40,6.06,101.014
01/09/2026 21:53:40,6.12,101.023
01/09/2026 22:03:40,6.17,101.090
01/09/2026 22:13:40,6.20,101.079
01/09/2026 22:23:40,6.21,101.075
01/09/2026 22:33:40,6.12,101.090
01/09/2026 22:43:40,5.95,101.138
01/09/2026 22:53:40,5.77,101.135
01/09/2026 23:03:40,5.68,101.115
01/09/2026 23:13:40,5.65,101.108
01/09/2026 23:23:40,5.64,101.142
01/09/2026 23:33:40,5.62,101.154
01/09/2026 23:43:40,5.64,101.120
01/09/2026 23:53:40,5.57,101.149
01/10/2026 00:03:40,5.43,101.195
01/10/2026 00:13:40,5.19,101.206
01/10/2026 00:23:40,4.82,101.200
01/10/2026 00:33:40,4.56,101.226
01/10/2026 00:43:40,4.39,101.260
01/10/2026 00:53:40,4.20,101.266
01/10/2026 01:03:40,3.97,101.334
01/10/2026 01:13:40,3.72,101.330
01/10/2026 01:23:40,3.52,101.343
01/10/2026 01:33:40,3.27,101.374
01/10/2026 01:43:40,2.97,101.401
01/10/2026 01:53:40,2.62,101.405
01/10/2026 02:03:40,2.26,101.452
01/10/2026 02:13:40,1.95,101.472
01/10/2026 02:23:40,1.66,101.481
01/10/2026 02:33:40,1.39,101.523
01/10/2026 02:43:40,1.14,101.527
01/10/2026 02:53:40,0.91,101.523
01/10/2026 03:03:40,0.69,101.521
01/10/2026 03:13:40,0.47,101.553
01/10/2026 03:23:40,0.27,101.588
01/10/2026 03:33:40,0.07,101.600
01/10/2026 03:43:40,-0.15,101.588
01/10/2026 03:53:40,-0.36,101.590
01/10/2026 04:03:40,-0.55,101.634
01/10/2026 04:13:40,-0.68,101.643
01/10/2026 04:23:40,-0.78,101.630
01/10/2026 04:33:40,-0.85,101.632
01/10/2026 04:43:40,-0.90,101.672
01/10/2026 04:53:40,-0.94,101.681
01/10/2026 05:03:40,-0.98,101.681
01/10/2026 05:13:40,-0.98,101.694
01/10/2026 05:23:40,-0.93,101.708
01/10/2026 05:33:40,-0.94,101.720
01/10/2026 05:43:40,-1.05,101.732
01/10/2026 05:53:40,-1.20,101.748
01/10/2026 06:03:40,-1.37,101.732
01/10/2026 06:13:40,-1.53,101.756
01/10/2026 06:23:40,-1.70,101.797
01/10/2026 06:33:40,-1.88,101.780
01/10/2026 06:43:40,-2.07,101.767
01/10/2026 06:53:40,-2.17,101.752
01/10/2026 07:03:40,-2.23,101.769
01/10/2026 07:13:40,-2.28,101.803
01/10/2026 07:23:40,-2.30,101.806
01/10/2026 07:33:40,-2.28,101.795
01/10/2026 07:43:40,-2.22,101.800
01/10/2026 07:53:40,-2.11,101.806
01/10/2026 08:03:40,-1.95,101.844
01/10/2026 08:13:40,-1.71,101.889
01/10/2026 08:23:40,-1.36,101.870
01/10/2026 08:33:40,-0.97,101.859
01/10/2026 08:43:40,-0.65,101.888
01/10/2026 08:53:40,-0.32,101.898
01/10/2026 09:03:40,0.06,101.876
01/10/2026 09:13:40,0.47,101.884
01/10/2026 09:23:40,0.82,101.903
01/10/2026 09:33:40,1.11,101.908
01/10/2026 09:43:40,1.53,101.897
01/10/2026 09:53:40,1.98,101.890
01/10/2026 10:03:40,2.42,101.908
01/10/2026 10:13:40,2.92,101.886
01/10/2026 10:23:40,3.68,101.870
01/10/2026 10:33:40,4.92,101.823
01/10/2026 10:43:40,7.30,101.754
01/10/2026 10:53:40,10.17,101.706
01/10/2026 11:03:40,11.41,101.708
01/10/2026 11:13:40,13.86,101.669
01/10/2026 11:23:40,14.85,101.660
01/10/2026 11:33:40,14.46,101.659
01/10/2026 11:43:40,13.50,101.643
01/10/2026 11:53:40,12.29,101.647
01/10/2026 12:03:40,11.32,101.630
01/10/2026 12:13:40,10.65,101.614
01/10/2026 12:23:40,10.12,101.600
01/10/2026 12:33:40,9.61,101.569
01/10/2026 12:43:40,9.20,101.554
01/10/2026 12:53:40,8.82,101.528
01/10/2026 13:03:40,8.61,101.511
01/10/2026 13:13:40,8.58,101.482
01/10/2026 13:23:40,8.58,101.482
01/10/2026 13:33:40,8.54,101.506
01/10/2026 13:43:40,8.30,101.508
01/10/2026 13:53:40,7.92,101.491
01/10/2026 14:03:40,7.45,101.479
01/10/2026 14:13:40,7.03,101.484
01/10/2026 14:23:40,6.70,101.492
01/10/2026 14:33:40,6.44,101.470
01/10/2026 14:43:40,6.24,101.458
01/10/2026 14:53:40,6.04,101.459
01/10/2026 15:03:40,5.83,101.459
01/10/2026 15:13:40,5.53,101.513
01/10/2026 15:23:40,5.19,101.536
01/10/2026 15:33:40,4.85,101.552
01/10/2026 15:43:40,4.55,101.543
01/10/2026 15:53:40,4.28,101.542
01/10/2026 16:03:40,4.02,101.506
01/10/2026 16:13:40,3.76,101.537
01/10/2026 16:23:40,3.52,101.489
01/10/2026 16:33:40,3.31,101.449
01/10/2026 16:43:40,3.13,101.459
01/10/2026 16:53:40,2.98,101.454
01/10/2026 17:03:40,2.84,101.446
01/10/2026 17:13:40,2.71,101.422
01/10/2026 17:23:40,2.59,101.407
01/10/2026 17:33:40,2.48,101.392
01/10/2026 17:43:40,2.38,101.383
01/10/2026 17:53:40,2.30,101.380
01/10/2026 18:03:40,2.23,101.374
01/10/2026 18:13:40,2.17,101.364
01/10/2026 18:23:40,2.12,101.355
01/10/2026 18:33:40,2.07,101.329
01/10/2026 18:43:40,2.04,101.295
01/10/2026 18:53:40,2.00,101.274
01/10/2026 19:03:40,1.97,101.267
01/10/2026 19:13:40,1.95,101.230
01/10/2026 19:23:40,1.93,101.215
01/10/2026 19:33:40,1.92,101.214
01/10/2026 19:43:40,1.91,101.226
01/10/2026 19:53:40,1.89,101.176
01/10/2026 20:03:40,1.87,101.125
01/10/2026 20:13:40,1.84,101.087
01/10/2026 20:23:40,1.81,101.072
01/10/2026 20:33:40,1.79,101.065
01/10/2026 20:43:40,1.75,101.027
01/10/2026 20:53:40,1.72,100.984
01/10/2026 21:03:40,1.69,100.960
01/10/2026 21:13:40,1.69,100.915
01/10/2026 21:23:40,1.67,100.888
01/10/2026 21:33:40,1.65,100.873
01/10/2026 21:43:40,1.62,100.821
01/10/2026 21:53:40,1.59,100.792
01/10/2026 22:03:40,1.56,100.771
01/10/2026 22:13:40,1.53,100.756
01/10/2026 22:23:40,1.52,100.701
01/10/2026 22:33:40,1.51,100.687
01/10/2026 22:43:40,1.50,100.664
01/10/2026 22:53:40,1.50,100.612
01/10/2026 23:03:40,1.53,100.619
01/10/2026 23:13:40,1.55,100.555
01/10/2026 23:23:40,1.56,100.520
01/10/2026 23:33:40,1.55,100.497
01/10/2026 23:43:40,1.53,100.425
01/10/2026 23:53:40,1.51,100.383
01/11/2026 00:03:40,1.48,100.403
01/11/2026 00:13:40,1.48,100.355
01/11/2026 00:23:40,1.50,100.312
01/11/2026 00:33:40,1.52,100.310
01/11/2026 00:43:40,1.56,100.352
01/11/2026 00:53:40,1.62,100.305
01/11/2026 01:03:40,1.67,100.332
01/11/2026 01:13:40,1.71,100.318
01/11/2026 01:23:40,1.72,100.341
01/11/2026 01:33:40,1.72,100.336
01/11/2026 01:43:40,1.73,100.306
01/11/2026 01:53:40,1.75,100.339
01/11/2026 02:03:40,1.76,100.314
01/11/2026 02:13:40,1.76,100.318
01/11/2026 02:23:40,1.75,100.317
01/11/2026 02:33:40,1.73,100.337
01/11/2026 02:43:40,1.71,100.366
01/11/2026 02:53:40,1.70,100.339
01/11/2026 03:03:40,1.70,100.299
01/11/2026 03:13:40,1.69,100.285
01/11/2026 03:23:40,1.69,100.263
01/11/2026 03:33:40,1.68,100.241
01/11/2026 03:43:40,1.67,100.222
01/11/2026 03:53:40,1.66,100.185
01/11/2026 04:03:40,1.65,100.233
01/11/2026 04:13:40,1.66,100.221
01/11/2026 04:23:40,1.68,100.223
01/11/2026 04:33:40,1.71,100.295
01/11/2026 04:43:40,1.72,100.230
01/11/2026 04:53:40,1.72,100.297
01/11/2026 05:03:40,1.72,100.292
01/11/2026 05:13:40,1.69,100.272
01/11/2026 05:23:40,1.65,100.281
01/11/2026 05:33:40,1.61,100.287
01/11/2026 05:43:40,1.57,100.279
01/11/2026 05:53:40,1.54,100.346
01/11/2026 06:03:40,1.51,100.344
01/11/2026 06:13:40,1.48,100.306
01/11/2026 06:23:40,1.46,100.327
01/11/2026 06:33:40,1.45,100.330
01/11/2026 06:43:40,1.44,100.346
01/11/2026 06:53:40,1.41,100.339
01/11/2026 07:03:40,1.37,100.327
01/11/2026 07:13:40,1.30,100.373
01/11/2026 07:23:40,1.21,100.348
01/11/2026 07:33:40,1.10,100.346
01/11/2026 07:43:40,0.97,100.322
01/11/2026 07:53:40,0.83,100.295
01/11/2026 08:03:40,0.71,100.346
01/11/2026 08:13:40,0.68,100.356
01/11/2026 08:23:40,0.70,100.310
01/11/2026 08:33:40,0.69,100.331
01/11/2026 08:43:40,0.65,100.323
01/11/2026 08:53:40,0.66,100.342
01/11/2026 09:03:40,1.23,100.336
01/11/2026 09:13:40,2.64,100.318
01/11/2026 09:23:40,5.69,100.245
01/11/2026 09:33:40,8.36,100.221
01/11/2026 09:43:40,9.92,100.207
01/11/2026 09:53:40,9.94,100.231
01/11/2026 10:03:40,9.43,100.249
01/11/2026 10:13:40,10.09,100.224
01/11/2026 10:23:40,10.97,100.208
01/11/2026 10:33:40,12.61,100.171
01/11/2026 10:43:40,14.46,100.132
01/11/2026 10:53:40,17.00,100.099
01/11/2026 11:03:40,19.61,100.086
01/11/2026 11:13:40,21.88,100.048
01/11/2026 11:23:40,23.26,100.018
01/11/2026 11:33:40,23.36,100.028
01/11/2026 11:43:40,21.92,100.006
01/11/2026 11:53:40,20.22,100.000
01/11/2026 12:03:40,17.52,99.991
01/11/2026 12:13:40,15.04,100.013
01/11/2026 12:23:40,13.20,99.989
01/11/2026 12:33:40,11.71,99.972
01/11/2026 12:43:40,10.52,99.992
01/11/2026 12:53:40,10.48,99.967
01/11/2026 13:03:40,11.27,99.952
01/11/2026 13:13:40,13.17,99.929
01/11/2026 13:23:40,14.93,99.912
01/11/2026 13:33:40,15.64,99.935
01/11/2026 13:43:40,15.80,99.946
01/11/2026 13:53:40,16.27,99.956
01/11/2026 14:03:40,16.78,99.955
01/11/2026 14:13:40,16.32,99.946
01/11/2026 14:23:40,14.73,99.961
01/11/2026 14:33:40,12.64,99.965
01/11/2026 14:43:40,10.67,99.973
01/11/2026 14:53:40,9.06,100.003
01/11/2026 15:03:40,8.01,100.042
01/11/2026 15:13:40,7.25,100.065
01/11/2026 15:23:40,6.62,100.071
01/11/2026 15:33:40,6.11,100.072
01/11/2026 15:43:40,5.79,100.094
01/11/2026 15:53:40,5.46,100.102
01/11/2026 16:03:40,5.08,100.123
01/11/2026 16:13:40,4.78,100.155
01/11/2026 16:23:40,4.48,100.143
01/11/2026 16:33:40,3.98,100.153
01/11/2026 16:43:40,3.34,100.149
01/11/2026 16:53:40,2.74,100.167
01/11/2026 17:03:40,2.13,100.162
01/11/2026 17:13:40,1.52,100.169
01/11/2026 17:23:40,0.92,100.185
01/11/2026 17:33:40,0.32,100.187
01/11/2026 17:43:40,-0.27,100.189
01/11/2026 17:53:40,-0.82,100.213
01/11/2026 18:03:40,-1.31,100.220
01/11/2026 18:13:40,-1.72,100.251
01/11/2026 18:23:40,-1.88,100.288
01/11/2026 18:33:40,-1.56,100.297
01/11/2026 18:43:40,-1.28,100.310
01/11/2026 18:53:40,-1.24,100.305
01/11/2026 19:03:40,-1.22,100.312
01/11/2026 19:13:40,-1.29,100.327
01/11/2026 19:23:40,-1.39,100.335
01/11/2026 19:33:40,-1.48,100.322
01/11/2026 19:43:40,-1.50,100.329
01/11/2026 19:53:40,-1.46,100.324
01/11/2026 20:03:40,-1.34,100.327
01/11/2026 20:13:40,-1.19,100.350
01/11/2026 20:23:40,-1.09,100.368
01/11/2026 20:33:40,-1.05,100.358
01/11/2026 20:43:40,-1.06,100.384
01/11/2026 20:53:40,-1.08,100.369
01/11/2026 21:03:40,-1.14,100.381
01/11/2026 21:13:40,-1.18,100.391
01/11/2026 21:23:40,-1.31,100.391
01/11/2026 21:33:40,-1.40,100.404
01/11/2026 21:43:40,-1.29,100.429
01/11/2026 21:53:40,-1.11,100.441
01/11/2026 22:03:40,-1.13,100.439
01/11/2026 22:13:40,-1.24,100.437
01/11/2026 22:23:40,-1.22,100.452
01/11/2026 22:33:40,-1.05,100.490
01/11/2026 22:43:40,-0.86,100.491
01/11/2026 22:53:40,-0.81,100.531
01/11/2026 23:03:40,-0.94,100.536
01/11/2026 23:13:40,-1.19,100.569
01/11/2026 23:23:40,-1.34,100.591
01/11/2026 23:33:40,-1.50,100.585
01/11/2026 23:43:40,-1.70,100.592
01/11/2026 23:53:40,-1.84,100.604
01/12/2026 00:03:40,-1.93,100.627
01/12/2026 00:13:40,-2.00,100.629
01/12/2026 00:23:40,-2.08,100.635
01/12/2026 00:33:40,-2.16,100.631
01/12/2026 00:43:40,-2.24,100.632
01/12/2026 00:53:40,-2.37,100.664
01/12/2026 01:03:40,-2.54,100.674
01/12/2026 01:13:40,-2.75,100.685
01/12/2026 01:23:40,-2.95,100.722
01/12/2026 01:33:40,-3.14,100.734
01/12/2026 01:43:40,-3.31,100.739
01/12/2026 01:53:40,-3.43,100.745
01/12/2026 02:03:40,-3.53,100.775
01/12/2026 02:13:40,-3.61,100.806
01/12/2026 02:23:40,-3.63,100.818
01/12/2026 02:33:40,-3.66,100.850
01/12/2026 02:43:40,-3.72,100.862
01/12/2026 02:53:40,-3.81,100.910
01/12/2026 03:03:40,-3.90,100.919
01/12/2026 03:13:40,-3.96,100.908
01/12/2026 03:23:40,-3.99,100.910
01/12/2026 03:33:40,-4.00,100.922
01/12/2026 03:43:40,-4.05,100.918
01/12/2026 03:53:40,-4.19,100.930
01/12/2026 04:03:40,-4.35,100.936
01/12/2026 04:13:40,-4.60,100.951
01/12/2026 04:23:40,-4.90,100.978
01/12/2026 04:33:40,-5.21,100.994
01/12/2026 04:43:40,-5.49,100.988
01/12/2026 04:53:40,-5.78,100.998
01/12/2026 05:03:40,-6.03,101.004
01/12/2026 05:13:40,-6.27,101.014
01/12/2026 05:23:40,-6.54,101.035
01/12/2026 05:33:40,-6.76,101.052
01/12/2026 05:43:40,-6.91,101.058
01/12/2026 05:53:40,-7.02,101.073
01/12/2026 06:03:40,-7.14,101.069
01/12/2026 06:13:40,-7.28,101.108
01/12/2026 06:23:40,-7.40,101.130
01/12/2026 06:33:40,-7.49,101.174
01/12/2026 06:43:40,-7.57,101.200
01/12/2026 06:53:40,-7.69,101.201
01/12/2026 07:03:40,-7.78,101.235
01/12/2026 07:13:40,-7.73,101.241
01/12/2026 07:23:40,-7.24,101.265
01/12/2026 07:33:40,-6.59,101.284
01/12/2026 07:43:40,-5.97,101.299
01/12/2026 07:53:40,-5.38,101.315
01/12/2026 08:03:40,-4.87,101.345
01/12/2026 08:13:40,-4.33,101.346
01/12/2026 08:23:40,-3.60,101.357
01/12/2026 08:33:40,-2.24,101.358
01/12/2026 08:43:40,-0.66,101.342
01/12/2026 08:53:40,0.34,101.347
01/12/2026 09:03:40,0.99,101.368
01/12/2026 09:13:40,1.17,101.375
01/12/2026 09:23:40,1.16,101.369
01/12/2026 09:33:40,1.16,101.396
01/12/2026 09:43:40,1.41,101.389
01/12/2026 09:53:40,3.00,101.360
01/12/2026 10:03:40,4.73,101.342
01/12/2026 10:13:40,5.92,101.312
01/12/2026 10:23:40,6.70,101.302
01/12/2026 10:33:40,7.02,101.311
01/12/2026 10:43:40,7.15,101.313
01/12/2026 10:53:40,7.25,101.326
01/12/2026 11:03:40,7.09,101.317
01/12/2026 11:13:40,6.70,101.350
01/12/2026 11:23:40,6.11,101.318
01/12/2026 11:33:40,6.03,101.303
01/12/2026 11:43:40,6.89,101.243
01/12/2026 11:53:40,8.86,101.212
01/12/2026 12:03:40,9.88,101.196
01/12/2026 12:13:40,9.87,101.213
01/12/2026 12:23:40,9.73,101.180
01/12/2026 12:33:40,9.41,101.194
01/12/2026 12:43:40,9.07,101.168
01/12/2026 12:53:40,9.10,101.143
01/12/2026 13:03:40,10.06,101.121
01/12/2026 13:13:40,11.78,101.094
01/12/2026 13:23:40,13.28,101.068
01/12/2026 13:33:40,13.96,101.086
01/12/2026 13:43:40,14.19,101.090
01/12/2026 13:53:40,14.10,101.087
01/12/2026 14:03:40,13.59,101.104
01/12/2026 14:13:40,11.95,101.120
01/12/2026 14:23:40,10.62,101.121
01/12/2026 14:33:40,9.41,101.136
01/12/2026 14:43:40,7.99,101.156
01/12/2026 14:53:40,6.69,101.168
01/12/2026 15:03:40,5.62,101.171
01/12/2026 15:13:40,4.95,101.167
01/12/2026 15:23:40,4.46,101.161
01/12/2026 15:33:40,3.99,101.169
01/12/2026 15:43:40,3.62,101.158
01/12/2026 15:53:40,3.15,101.147
01/12/2026 16:03:40,2.57,101.153
01/12/2026 16:13:40,1.95,101.151
01/12/2026 16:23:40,1.33,101.165
01/12/2026 16:33:40,0.73,101.172
01/12/2026 16:43:40,0.16,101.181
01/12/2026 16:53:40,-0.36,101.198
01/12/2026 17:03:40,-0.86,101.204
01/12/2026 17:13:40,-1.31,101.218
01/12/2026 17:23:40,-1.71,101.234
01/12/2026 17:33:40,-1.98,101.238
01/12/2026 17:43:40,-2.21,101.243
01/12/2026 17:53:40,-2.45,101.237
01/12/2026 18:03:40,-2.68,101.250
01/12/2026 18:13:40,-2.86,101.254
01/12/2026 18:23:40,-3.05,101.239
01/12/2026 18:33:40,-3.21,101.251
01/12/2026 18:43:40,-3.29,101.247
01/12/2026 18:53:40,-3.27,101.236
01/12/2026 19:03:40,-3.19,101.244
01/12/2026 19:13:40,-3.14,101.248
01/12/2026 19:23:40,-3.19,101.253
01/12/2026 19:33:40,-3.29,101.252
01/12/2026 19:43:40,-3.36,101.253
01/12/2026 19:53:40,-3.32,101.253
01/12/2026 20:03:40,-3.19,101.252
01/12/2026 20:13:40,-3.10,101.244
01/12/2026 20:23:40,-2.98,101.247
01/12/2026 20:33:40,-2.82,101.227
01/12/2026 20:43:40,-2.66,101.238
01/12/2026 20:53:40,-2.51,101.245
01/12/2026 21:03:40,-2.36,101.242
01/12/2026 21:13:40,-2.22,101.215
01/12/2026 21:23:40,-2.09,101.236
01/12/2026 21:33:40,-1.98,101.216
01/12/2026 21:43:40,-1.88,101.203
01/12/2026 21:53:40,-1.79,101.217
01/12/2026 22:03:40,-1.69,101.235
01/12/2026 22:13:40,-1.61,101.243
01/12/2026 22:23:40,-1.53,101.237
01/12/2026 22:33:40,-1.47,101.243
01/12/2026 22:43:40,-1.40,101.236
01/12/2026 22:53:40,-1.33,101.204
01/12/2026 23:03:40,-1.28,101.221
01/12/2026 23:13:40,-1.25,101.211
01/12/2026 23:23:40,-1.22,101.227
01/12/2026 23:33:40,-1.18,101.235
01/12/2026 23:43:40,-1.07,101.198
01/12/2026 23:53:40,-0.92,101.198
01/13/2026 00:03:40,-0.90,101.204
01/13/2026 00:13:40,-1.02,101.184
01/13/2026 00:23:40,-1.26,101.188
01/13/2026 00:33:40,-1.56,101.217
01/13/2026 00:43:40,-1.82,101.210
01/13/2026 00:53:40,-2.01,101.200
01/13/2026 01:03:40,-2.13,101.197
01/13/2026 01:13:40,-2.26,101.202
01/13/2026 01:23:40,-2.41,101.206
01/13/2026 01:33:40,-2.58,101.198
01/13/2026 01:43:40,-2.78,101.214
01/13/2026 01:53:40,-3.00,101.218
01/13/2026 02:03:40,-3.17,101.215
01/13/2026 02:13:40,-3.20,101.194
01/13/2026 02:23:40,-3.14,101.200
01/13/2026 02:33:40,-3.20,101.208
01/13/2026 02:43:40,-3.40,101.210
01/13/2026 02:53:40,-3.66,101.215
01/13/2026 03:03:40,-3.90,101.209
01/13/2026 03:13:40,-4.06,101.202
01/13/2026 03:23:40,-4.07,101.170
01/13/2026 03:33:40,-3.97,101.167
01/13/2026 03:43:40,-3.81,101.161
01/13/2026 03:53:40,-3.70,101.159
01/13/2026 04:03:40,-3.73,101.182
01/13/2026 04:13:40,-3.88,101.189
01/13/2026 04:23:40,-4.07,101.192
01/13/2026 04:33:40,-4.25,101.175
01/13/2026 04:43:40,-4.30,101.174
01/13/2026 04:53:40,-4.22,101.168
01/13/2026 05:03:40,-4.12,101.166
01/13/2026 05:13:40,-4.03,101.183
01/13/2026 05:23:40,-3.98,101.219
01/13/2026 05:33:40,-3.89,101.206
01/13/2026 05:43:40,-3.76,101.206
01/13/2026 05:53:40,-3.64,101.204
01/13/2026 06:03:40,-3.63,101.223
01/13/2026 06:13:40,-3.71,101.219
01/13/2026 06:23:40,-3.88,101.216
01/13/2026 06:33:40,-4.16,101.214
01/13/2026 06:43:40,-4.49,101.230
01/13/2026 06:53:40,-4.76,101.233
01/13/2026 07:03:40,-4.98,101.247
01/13/2026 07:13:40,-5.17,101.254
01/13/2026 07:23:40,-5.30,101.249
01/13/2026 07:33:40,-5.38,101.245
01/13/2026 07:43:40,-5.42,101.232
01/13/2026 07:53:40,-5.40,101.226
01/13/2026 08:03:40,-5.28,101.238
01/13/2026 08:13:40,-5.05,101.222
01/13/2026 08:23:40,-4.65,101.222
01/13/2026 08:33:40,-3.63,101.244
01/13/2026 08:43:40,-1.95,101.233
01/13/2026 08:53:40,-0.01,101.214
01/13/2026 09:03:40,2.11,101.170
01/13/2026 09:13:40,4.49,101.167
01/13/2026 09:23:40,7.21,101.127
01/13/2026 09:33:40,10.16,101.085
01/13/2026 09:43:40,12.87,101.038
01/13/2026 09:53:40,14.76,101.045
01/13/2026 10:03:40,15.65,101.055
01/13/2026 10:13:40,15.65,101.064
01/13/2026 10:23:40,16.24,101.061
01/13/2026 10:33:40,16.94,101.042
01/13/2026 10:43:40,17.48,101.042
01/13/2026 10:53:40,18.33,101.005
01/13/2026 11:03:40,20.11,100.933
01/13/2026 11:13:40,21.79,100.930
01/13/2026 11:23:40,22.44,100.928
01/13/2026 11:33:40,22.24,100.899
01/13/2026 11:43:40,20.58,100.895
01/13/2026 11:53:40,18.02,100.887
01/13/2026 12:03:40,15.66,100.856
01/13/2026 12:13:40,13.98,100.844
01/13/2026 12:23:40,12.92,100.824
01/13/2026 12:33:40,12.27,100.807
01/13/2026 12:43:40,11.80,100.777
01/13/2026 12:53:40,11.48,100.770
01/13/2026 13:03:40,11.21,100.740
01/13/2026 13:13:40,11.00,100.742
01/13/2026 13:23:40,11.36,100.699
01/13/2026 13:33:40,12.17,100.666
01/13/2026 13:43:40,12.97,100.646
01/13/2026 13:53:40,13.93,100.658
01/13/2026 14:03:40,14.75,100.646
01/13/2026 14:13:40,14.57,100.650
01/13/2026 14:23:40,13.55,100.648
01/13/2026 14:33:40,12.03,100.612
01/13/2026 14:43:40,10.29,100.625
01/13/2026 14:53:40,8.87,100.616
01/13/2026 15:03:40,7.80,100.579
01/13/2026 15:13:40,6.99,100.601
01/13/2026 15:23:40,6.34,100.608
01/13/2026 15:33:40,5.87,100.579
01/13/2026 15:43:40,5.65,100.555
01/13/2026 15:53:40,5.54,100.551
01/13/2026 16:03:40,5.37,100.514
01/13/2026 16:13:40,5.07,100.528
01/13/2026 16:23:40,4.80,100.541
01/13/2026 16:33:40,4.59,100.483
01/13/2026 16:43:40,4.38,100.487
01/13/2026 16:53:40,4.21,100.516
01/13/2026 17:03:40,4.03,100.523
01/13/2026 17:13:40,3.85,100.490
01/13/2026 17:23:40,3.72,100.509
01/13/2026 17:33:40,3.62,100.469
01/13/2026 17:43:40,3.60,100.455
01/13/2026 17:53:40,3.62,100.434
01/13/2026 18:03:40,3.65,100.406
01/13/2026 18:13:40,3.67,100.412
01/13/2026 18:23:40,3.68,100.408
01/13/2026 18:33:40,3.69,100.432
01/13/2026 18:43:40,3.71,100.438
01/13/2026 18:53:40,3.74,100.397
01/13/2026 19:03:40,3.78,100.386
01/13/2026 19:13:40,3.84,100.400
01/13/2026 19:23:40,3.88,100.364
01/13/2026 19:33:40,3.90,100.366
01/13/2026 19:43:40,3.88,100.373
01/13/2026 19:53:40,3.80,100.362
01/13/2026 20:03:40,3.72,100.346
01/13/2026 20:13:40,3.65,100.305
01/13/2026 20:23:40,3.63,100.267
01/13/2026 20:33:40,3.62,100.258
01/13/2026 20:43:40,3.63,100.263
01/13/2026 20:53:40,3.62,100.232
01/13/2026 21:03:40,3.62,100.271
01/13/2026 21:13:40,3.57,100.254
01/13/2026 21:23:40,3.54,100.237
01/13/2026 21:33:40,3.50,100.221
01/13/2026 21:43:40,3.46,100.191
01/13/2026 21:53:40,3.45,100.164
01/13/2026 22:03:40,3.47,100.139
01/13/2026 22:13:40,3.51,100.133
01/13/2026 22:23:40,3.54,100.128
01/13/2026 22:33:40,3.60,100.106
01/13/2026 22:43:40,3.66,100.098
01/13/2026 22:53:40,3.69,100.061
01/13/2026 23:03:40,3.73,100.046
01/13/2026 23:13:40,3.74,100.057
01/13/2026 23:23:40,3.76,100.027
01/13/2026 23:33:40,3.80,100.026
01/13/2026 23:43:40,3.87,100.041
01/13/2026 23:53:40,3.89,100.029
01/14/2026 00:03:40,3.88,100.002
01/14/2026 00:13:40,3.90,99.969
01/14/2026 00:23:40,3.94,99.937
01/14/2026 00:33:40,3.98,99.949
01/14/2026 00:43:40,3.99,99.928
01/14/2026 00:53:40,3.99,99.919
01/14/2026 01:03:40,3.95,99.924
01/14/2026 01:13:40,3.90,99.925
01/14/2026 01:23:40,3.79,99.924
01/14/2026 01:33:40,3.66,99.922
01/14/2026 01:43:40,3.58,99.941
01/14/2026 01:53:40,3.58,99.919
01/14/2026 02:03:40,3.60,99.921
01/14/2026 02:13:40,3.60,99.899
01/14/2026 02:23:40,3.61,99.917
01/14/2026 02:33:40,3.62,99.901
01/14/2026 02:43:40,3.64,99.889
01/14/2026 02:53:40,3.66,99.882
01/14/2026 03:03:40,3.62,99.878
01/14/2026 03:13:40,3.59,99.862
01/14/2026 03:23:40,3.59,99.863
01/14/2026 03:33:40,3.46,99.869
01/14/2026 03:43:40,3.17,99.870
01/14/2026 03:53:40,2.90,99.846
01/14/2026 04:03:40,2.77,99.834
01/14/2026 04:13:40,2.57,99.844
01/14/2026 04:23:40,2.33,99.858
01/14/2026 04:33:40,2.09,99.849
01/14/2026 04:43:40,1.86,99.873
01/14/2026 04:53:40,1.72,99.869
01/14/2026 05:03:40,1.67,99.852
01/14/2026 05:13:40,1.74,99.862
01/14/2026 05:23:40,1.80,99.859
01/14/2026 05:33:40,1.88,99.866
01/14/2026 05:43:40,2.03,99.883
01/14/2026 05:53:40,2.10,99.881
01/14/2026 06:03:40,2.06,99.882
01/14/2026 06:13:40,2.02,99.882
01/14/2026 06:23:40,1.94,99.889
01/14/2026 06:33:40,1.79,99.889
01/14/2026 06:43:40,1.69,99.880
01/14/2026 06:53:40,1.67,99.873
01/14/2026 07:03:40,1.71,99.859
01/14/2026 07:13:40,1.80,99.872
01/14/2026 07:23:40,1.93,99.866
01/14/2026 07:33:40,2.10,99.854
01/14/2026 07:43:40,2.26,99.860
01/14/2026 07:53:40,2.42,99.857
01/14/2026 08:03:40,2.56,99.869
01/14/2026 08:13:40,2.67,99.884
01/14/2026 08:23:40,2.78,99.906
01/14/2026 08:33:40,2.90,99.908
01/14/2026 08:43:40,3.10,99.895
01/14/2026 08:53:40,3.50,99.890
01/14/2026 09:03:40,3.96,99.912
01/14/2026 09:13:40,4.45,99.919
01/14/2026 09:23:40,4.99,99.895
01/14/2026 09:33:40,5.57,99.895
01/14/2026 09:43:40,6.20,99.873
01/14/2026 09:53:40,6.75,99.865
01/14/2026 10:03:40,7.10,99.907
01/14/2026 10:13:40,7.45,99.892
01/14/2026 10:23:40,7.93,99.886
01/14/2026 10:33:40,8.25,99.903
01/14/2026 10:43:40,8.30,99.871
01/14/2026 10:53:40,8.18,99.884
01/14/2026 11:03:40,8.05,99.860
01/14/2026 11:13:40,7.96,99.853
01/14/2026 11:23:40,8.04,99.815
01/14/2026 11:33:40,8.26,99.780
01/14/2026 11:43:40,8.43,99.740
01/14/2026 11:53:40,8.52,99.734
01/14/2026 12:03:40,8.52,99.712
01/14/2026 12:13:40,8.51,99.712
01/14/2026 12:23:40,8.45,99.715
01/14/2026 12:33:40,8.36,99.704
01/14/2026 12:43:40,8.25,99.695
01/14/2026 12:53:40,8.17,99.689
01/14/2026 13:03:40,8.04,99.696
01/14/2026 13:13:40,7.89,99.675
01/14/2026 13:23:40,7.85,99.672
01/14/2026 13:33:40,7.88,99.661
01/14/2026 13:43:40,8.02,99.655
01/14/2026 13:53:40,8.30,99.659
01/14/2026 14:03:40,8.56,99.653
01/14/2026 14:13:40,8.63,99.668
01/14/2026 14:23:40,8.56,99.666
01/14/2026 14:33:40,8.41,99.659
01/14/2026 14:43:40,8.21,99.652
01/14/2026 14:53:40,8.01,99.649
01/14/2026 15:03:40,7.87,99.633
01/14/2026 15:13:40,7.78,99.617
01/14/2026 15:23:40,7.71,99.634
01/14/2026 15:33:40,7.66,99.639
01/14/2026 15:43:40,7.59,99.650
01/14/2026 15:53:40,7.43,99.638
01/14/2026 16:03:40,7.19,99.641
01/14/2026 16:13:40,6.91,99.657
01/14/2026 16:23:40,6.61,99.659
01/14/2026 16:33:40,6.33,99.649
01/14/2026 16:43:40,6.06,99.666
01/14/2026 16:53:40,5.81,99.668
01/14/2026 17:03:40,5.58,99.675
01/14/2026 17:13:40,5.34,99.681
01/14/2026 17:23:40,5.11,99.706
01/14/2026 17:33:40,4.88,99.713
01/14/2026 17:43:40,4.66,99.695
01/14/2026 17:53:40,4.47,99.705
01/14/2026 18:03:40,4.29,99.689
01/14/2026 18:13:40,4.12,99.675
01/14/2026 18:23:40,3.96,99.670
01/14/2026 18:33:40,3.83,99.649
01/14/2026 18:43:40,3.71,99.639
01/14/2026 18:53:40,3.59,99.624
01/14/2026 19:03:40,3.47,99.587
01/14/2026 19:13:40,3.35,99.577
01/14/2026 19:23:40,3.24,99.523
01/14/2026 19:33:40,3.12,99.522
01/14/2026 19:43:40,3.02,99.535
01/14/2026 19:53:40,2.93,99.501
01/14/2026 20:03:40,2.83,99.505
01/14/2026 20:13:40,2.72,99.486
01/14/2026 20:23:40,2.62,99.473
01/14/2026 20:33:40,2.53,99.417
01/14/2026 20:43:40,2.47,99.495
01/14/2026 20:53:40,2.42,99.482
01/14/2026 21:03:40,2.39,99.462
01/14/2026 21:13:40,2.37,99.416
01/14/2026 21:23:40,2.36,99.445
01/14/2026 21:33:40,2.34,99.461
01/14/2026 21:43:40,2.32,99.443
01/14/2026 21:53:40,2.32,99.437
01/14/2026 22:03:40,2.32,99.455
01/14/2026 22:13:40,2.32,99.447
01/14/2026 22:23:40,2.31,99.406
01/14/2026 22:33:40,2.29,99.414
01/14/2026 22:43:40,2.27,99.376
01/14/2026 22:53:40,2.24,99.369
01/14/2026 23:03:40,2.22,99.359
01/14/2026 23:13:40,2.20,99.322
01/14/2026 23:23:40,2.17,99.297
01/14/2026 23:33:40,2.14,99.268
01/14/2026 23:43:40,2.10,99.211
01/14/2026 23:53:40,2.08,99.200
01/15/2026 00:03:40,2.07,99.182
01/15/2026 00:13:40,2.07,99.156
01/15/2026 00:23:40,2.08,99.130
01/15/2026 00:33:40,2.10,99.092
01/15/2026 00:43:40,2.13,99.090
01/15/2026 00:53:40,2.16,99.084
01/15/2026 01:03:40,2.19,99.074
01/15/2026 01:13:40,2.21,99.053
01/15/2026 01:23:40,2.22,99.046
01/15/2026 01:33:40,2.24,99.039
01/15/2026 01:43:40,2.27,99.019
01/15/2026 01:53:40,2.29,99.012
01/15/2026 02:03:40,2.31,99.000
01/15/2026 02:13:40,2.31,98.997
01/15/2026 02:23:40,2.32,99.010
01/15/2026 02:33:40,2.32,99.019
01/15/2026 02:43:40,2.32,99.001
01/15/2026 02:53:40,2.32,98.984
01/15/2026 03:03:40,2.32,98.992
01/15/2026 03:13:40,2.32,98.940
01/15/2026 03:23:40,2.33,98.928
01/15/2026 03:33:40,2.35,98.911
01/15/2026 03:43:40,2.35,98.885
01/15/2026 03:53:40,2.34,98.862
01/15/2026 04:03:40,2.32,98.860
01/15/2026 04:13:40,2.30,98.841
01/15/2026 04:23:40,2.28,98.843
01/15/2026 04:33:40,2.26,98.811
01/15/2026 04:43:40,2.25,98.792
01/15/2026 04:53:40,2.22,98.803
01/15/2026 05:03:40,2.19,98.822
01/15/2026 05:13:40,2.15,98.819
01/15/2026 05:23:40,2.12,98.799
01/15/2026 05:33:40,2.12,98.820
01/15/2026 05:43:40,2.13,98.808
01/15/2026 05:53:40,2.15,98.779
01/15/2026 06:03:40,2.17,98.759
01/15/2026 06:13:40,2.20,98.748
01/15/2026 06:23:40,2.22,98.768
01/15/2026 06:33:40,2.24,98.818
01/15/2026 06:43:40,2.27,98.812
01/15/2026 06:53:40,2.30,98.779
01/15/2026 07:03:40,2.31,98.750
01/15/2026 07:13:40,2.32,98.773
01/15/2026 07:23:40,2.31,98.750
01/15/2026 07:33:40,2.30,98.757
01/15/2026 07:43:40,2.28,98.738
01/15/2026 07:53:40,2.30,98.757
01/15/2026 08:03:40,2.29,98.770
01/15/2026 08:13:40,2.31,98.749
01/15/2026 08:23:40,2.39,98.756
01/15/2026 08:33:40,2.46,98.736
01/15/2026 08:43:40,2.55,98.749
01/15/2026 08:53:40,2.90,98.739
01/15/2026 09:03:40,3.21,98.757
01/15/2026 09:13:40,3.48,98.773
01/15/2026 09:23:40,3.77,98.798
01/15/2026 09:33:40,3.99,98.794
01/15/2026 09:43:40,4.14,98.790
01/15/2026 09:53:40,4.28,98.806
01/15/2026 10:03:40,4.46,98.812
01/15/2026 10:13:40,4.65,98.811
01/15/2026 10:23:40,4.85,98.828
01/15/2026 10:33:40,5.04,98.831
01/15/2026 10:43:40,5.23,98.815
01/15/2026 10:53:40,5.47,98.800
01/15/2026 11:03:40,5.76,98.794
01/15/2026 11:13:40,5.98,98.785
01/15/2026 11:23:40,6.12,98.762
01/15/2026 11:33:40,6.28,98.753
01/15/2026 11:43:40,6.57,98.724
01/15/2026 11:53:40,6.98,98.695
01/15/2026 12:03:40,7.47,98.686
01/15/2026 12:13:40,7.73,98.707
01/15/2026 12:23:40,7.81,98.687
01/15/2026 12:33:40,8.43,98.679
01/15/2026 12:43:40,9.02,98.690
01/15/2026 12:53:40,9.42,98.651
01/15/2026 13:03:40,10.89,98.621
01/15/2026 13:13:40,11.37,98.639
01/15/2026 13:23:40,10.74,98.658
01/15/2026 13:33:40,11.20,98.627
01/15/2026 13:43:40,12.54,98.601
01/15/2026 13:53:40,13.89,98.593
01/15/2026 14:03:40,14.82,98.595
01/15/2026 14:13:40,14.32,98.636
01/15/2026 14:23:40,12.88,98.640
01/15/2026 14:33:40,11.67,98.657
01/15/2026 14:43:40,10.40,98.673
01/15/2026 14:53:40,9.49,98.682
01/15/2026 15:03:40,8.62,98.738
01/15/2026 15:13:40,7.87,98.732
01/15/2026 15:23:40,7.24,98.761
01/15/2026 15:33:40,6.49,98.814
01/15/2026 15:43:40,5.81,98.873
01/15/2026 15:53:40,5.19,98.905
01/15/2026 16:03:40,4.74,98.942
01/15/2026 16:13:40,4.35,98.975
01/15/2026 16:23:40,3.93,99.010
01/15/2026 16:33:40,3.41,99.053
01/15/2026 16:43:40,2.84,99.056
01/15/2026 16:53:40,2.17,99.076
01/15/2026 17:03:40,1.49,99.121
01/15/2026 17:13:40,0.76,99.162
01/15/2026 17:23:40,0.06,99.185
01/15/2026 17:33:40,-0.60,99.208
01/15/2026 17:43:40,-1.16,99.213
01/15/2026 17:53:40,-1.62,99.257
01/15/2026 18:03:40,-1.96,99.256
01/15/2026 18:13:40,-2.20,99.265
01/15/2026 18:23:40,-2.43,99.260
01/15/2026 18:33:40,-2.70,99.247
01/15/2026 18:43:40,-2.93,99.282
01/15/2026 18:53:40,-3.00,99.284
01/15/2026 19:03:40,-2.94,99.267
01/15/2026 19:13:40,-2.89,99.290
01/15/2026 19:23:40,-2.91,99.311
01/15/2026 19:33:40,-2.91,99.284
01/15/2026 19:43:40,-2.88,99.282
01/15/2026 19:53:40,-2.87,99.284
01/15/2026 20:03:40,-2.85,99.281
01/15/2026 20:13:40,-2.81,99.276
01/15/2026 20:23:40,-2.80,99.260
01/15/2026 20:33:40,-2.82,99.266
01/15/2026 20:43:40,-2.86,99.249
01/15/2026 20:53:40,-2.89,99.224
01/15/2026 21:03:40,-2.92,99.217
01/15/2026 21:13:40,-2.95,99.205
01/15/2026 21:23:40,-3.00,99.227
01/15/2026 21:33:40,-3.05,99.218
01/15/2026 21:43:40,-3.09,99.240
01/15/2026 21:53:40,-3.14,99.297
01/15/2026 22:03:40,-3.18,99.324
01/15/2026 22:13:40,-3.22,99.307
01/15/2026 22:23:40,-3.28,99.328
01/15/2026 22:33:40,-3.34,99.286
01/15/2026 22:43:40,-3.41,99.314
01/15/2026 22:53:40,-3.49,99.263
01/15/2026 23:03:40,-3.57,99.312
01/15/2026 23:13:40,-3.65,99.273
01/15/2026 23:23:40,-3.74,99.296
01/15/2026 23:33:40,-3.83,99.314
01/15/2026 23:43:40,-3.91,99.283
01/15/2026 23:53:40,-4.01,99.327
01/16/2026 00:03:40,-4.11,99.317
01/16/2026 00:13:40,-4.22,99.336
01/16/2026 00:23:40,-4.33,99.312
01/16/2026 00:33:40,-4.44,99.315
01/16/2026 00:43:40,-4.53,99.341
01/16/2026 00:53:40,-4.62,99.341
01/16/2026 01:03:40,-4.70,99.351
01/16/2026 01:13:40,-4.80,99.371
01/16/2026 01:23:40,-4.96,99.364
01/16/2026 01:33:40,-5.14,99.329
01/16/2026 01:43:40,-5.37,99.359
01/16/2026 01:53:40,-5.69,99.379
01/16/2026 02:03:40,-6.06,99.367
01/16/2026 02:13:40,-6.42,99.384
01/16/2026 02:23:40,-6.67,99.429
01/16/2026 02:33:40,-6.76,99.455
01/16/2026 02:43:40,-6.80,99.476
01/16/2026 02:53:40,-6.90,99.484
01/16/2026 03:03:40,-7.03,99.466
01/16/2026 03:13:40,-7.24,99.467
01/16/2026 03:23:40,-7.45,99.462
01/16/2026 03:33:40,-7.58,99.466
01/16/2026 03:43:40,-7.63,99.479
01/16/2026 03:53:40,-7.68,99.487
01/16/2026 04:03:40,-7.79,99.493
01/16/2026 04:13:40,-7.94,99.508
01/16/2026 04:23:40,-8.05,99.549
01/16/2026 04:33:40,-8.08,99.568
01/16/2026 04:43:40,-8.10,99.575
01/16/2026 04:53:40,-8.11,99.613
01/16/2026 05:03:40,-8.15,99.644
01/16/2026 05:13:40,-8.17,99.668
01/16/2026 05:23:40,-8.20,99.682
01/16/2026 05:33:40,-8.22,99.720
01/16/2026 05:43:40,-8.23,99.728
01/16/2026 05:53:40,-8.25,99.743
01/16/2026 06:03:40,-8.28,99.767
01/16/2026 06:13:40,-8.28,99.776
01/16/2026 06:23:40,-8.22,99.812
01/16/2026 06:33:40,-8.12,99.814
01/16/2026 06:43:40,-8.03,99.832
01/16/2026 06:53:40,-8.01,99.848
01/16/2026 07:03:40,-8.14,99.869
01/16/2026 07:13:40,-8.35,99.886
01/16/2026 07:23:40,-8.54,99.932
01/16/2026 07:33:40,-8.71,99.949
01/16/2026 07:43:40,-8.80,99.961
01/16/2026 07:53:40,-8.78,99.981
01/16/2026 08:03:40,-8.65,99.982
01/16/2026 08:13:40,-8.43,100.000
01/16/2026 08:23:40,-8.05,100.018
01/16/2026 08:33:40,-7.07,100.041
01/16/2026 08:43:40,-5.59,100.052
01/16/2026 08:53:40,-4.14,100.048
01/16/2026 09:03:40,-2.58,100.059
01/16/2026 09:13:40,-0.44,100.098
01/16/2026 09:23:40,1.78,100.113
01/16/2026 09:33:40,4.27,100.085
01/16/2026 09:43:40,6.29,100.075
01/16/2026 09:53:40,7.76,100.076
01/16/2026 10:03:40,8.30,100.115
01/16/2026 10:13:40,8.53,100.151
01/16/2026 10:23:40,8.93,100.173
01/16/2026 10:33:40,10.21,100.159
01/16/2026 10:43:40,11.32,100.168
01/16/2026 10:53:40,12.12,100.171
01/16/2026 11:03:40,13.51,100.207
01/16/2026 11:13:40,14.64,100.221
01/16/2026 11:23:40,14.44,100.237
01/16/2026 11:33:40,13.32,100.237
01/16/2026 11:43:40,11.82,100.224
01/16/2026 11:53:40,9.65,100.266
01/16/2026 12:03:40,7.22,100.355
01/16/2026 12:13:40,5.62,100.407
01/16/2026 12:23:40,4.47,100.433
01/16/2026 12:33:40,3.34,100.432
01/16/2026 12:43:40,2.49,100.436
01/16/2026 12:53:40,2.56,100.425
01/16/2026 13:03:40,4.18,100.403
01/16/2026 13:13:40,6.60,100.343
01/16/2026 13:23:40,8.77,100.311
01/16/2026 13:33:40,9.76,100.336
01/16/2026 13:43:40,9.35,100.366
01/16/2026 13:53:40,9.04,100.439
01/16/2026 14:03:40,8.80,100.491
01/16/2026 14:13:40,7.78,100.506
01/16/2026 14:23:40,6.49,100.550
01/16/2026 14:33:40,4.94,100.605
01/16/2026 14:43:40,3.35,100.635
01/16/2026 14:53:40,2.06,100.671
01/16/2026 15:03:40,1.13,100.688
01/16/2026 15:13:40,0.57,100.725
01/16/2026 15:23:40,0.10,100.744
01/16/2026 15:33:40,-0.31,100.749
01/16/2026 15:43:40,-0.47,100.774
01/16/2026 15:53:40,-0.61,100.805
01/16/2026 16:03:40,-0.75,100.809
01/16/2026 16:13:40,-0.92,100.797
01/16/2026 16:23:40,-1.15,100.833
01/16/2026 16:33:40,-1.46,100.843
01/16/2026 16:43:40,-1.92,100.897
01/16/2026 16:53:40,-2.48,100.931
01/16/2026 17:03:40,-3.07,100.947
01/16/2026 17:13:40,-3.64,100.962
01/16/2026 17:23:40,-4.17,100.967
01/16/2026 17:33:40,-4.65,100.993
01/16/2026 17:43:40,-5.04,101.021
01/16/2026 17:53:40,-5.34,101.034
01/16/2026 18:03:40,-5.63,101.031
01/16/2026 18:13:40,-5.91,101.038
01/16/2026 18:23:40,-6.15,101.066
01/16/2026 18:33:40,-6.37,101.061
01/16/2026 18:43:40,-6.56,101.055
01/16/2026 18:53:40,-6.73,101.068
01/16/2026 19:03:40,-6.87,101.132
01/16/2026 19:13:40,-7.01,101.135
01/16/2026 19:23:40,-7.17,101.158
01/16/2026 19:33:40,-7.31,101.131
01/16/2026 19:43:40,-7.42,101.159
01/16/2026 19:53:40,-7.52,101.157
01/16/2026 20:03:40,-7.62,101.142
01/16/2026 20:13:40,-7.73,101.205
01/16/2026 20:23:40,-7.85,101.180
01/16/2026 20:33:40,-7.97,101.206
01/16/2026 20:43:40,-8.10,101.175
01/16/2026 20:53:40,-8.23,101.218
01/16/2026 21:03:40,-8.35,101.232
01/16/2026 21:13:40,-8.48,101.253
01/16/2026 21:23:40,-8.62,101.235
01/16/2026 21:33:40,-8.71,101.224
01/16/2026 21:43:40,-8.76,101.246
01/16/2026 21:53:40,-8.78,101.270
01/16/2026 22:03:40,-8.70,101.287
01/16/2026 22:13:40,-8.33,101.286
01/16/2026 22:23:40,-7.78,101.300
01/16/2026 22:33:40,-7.25,101.330
01/16/2026 22:43:40,-6.80,101.302
01/16/2026 22:53:40,-6.40,101.334
01/16/2026 23:03:40,-6.06,101.334
01/16/2026 23:13:40,-5.72,101.351
01/16/2026 23:23:40,-5.32,101.370
01/16/2026 23:33:40,-4.89,101.373
01/16/2026 23:43:40,-4.52,101.407
01/16/2026 23:53:40,-4.22,101.383
01/17/2026 00:03:40,-3.99,101.363
01/17/2026 00:13:40,-3.80,101.347
01/17/2026 00:23:40,-3.60,101.326
01/17/2026 00:33:40,-3.42,101.326
01/17/2026 00:43:40,-3.27,101.368
01/17/2026 00:53:40,-3.15,101.349
01/17/2026 01:03:40,-3.06,101.366
01/17/2026 01:13:40,-2.99,101.382
01/17/2026 01:23:40,-2.91,101.381
01/17/2026 01:33:40,-2.83,101.376
01/17/2026 01:43:40,-2.76,101.387
01/17/2026 01:53:40,-2.70,101.410
01/17/2026 02:03:40,-2.65,101.407
01/17/2026 02:13:40,-2.60,101.398
01/17/2026 02:23:40,-2.58,101.422
01/17/2026 02:33:40,-2.58,101.449
01/17/2026 02:43:40,-2.57,101.445
01/17/2026 02:53:40,-2.57,101.440
01/17/2026 03:03:40,-2.56,101.433
01/17/2026 03:13:40,-2.53,101.475
01/17/2026 03:23:40,-2.53,101.493
01/17/2026 03:33:40,-2.54,101.527
01/17/2026 03:43:40,-2.56,101.450
01/17/2026 03:53:40,-2.58,101.426
01/17/2026 04:03:40,-2.63,101.369
01/17/2026 04:13:40,-2.71,101.361
01/17/2026 04:23:40,-2.78,101.416
01/17/2026 04:33:40,-2.85,101.422
01/17/2026 04:43:40,-2.91,101.421
01/17/2026 04:53:40,-2.97,101.411
01/17/2026 05:03:40,-3.00,101.420
01/17/2026 05:13:40,-3.03,101.445
01/17/2026 05:23:40,-3.04,101.426
01/17/2026 05:33:40,-3.05,101.420
01/17/2026 05:43:40,-3.06,101.402
01/17/2026 05:53:40,-3.06,101.397
01/17/2026 06:03:40,-3.07,101.410
01/17/2026 06:13:40,-3.06,101.428
01/17/2026 06:23:40,-3.05,101.429
01/17/2026 06:33:40,-3.03,101.435
01/17/2026 06:43:40,-3.01,101.424
01/17/2026 06:53:40,-3.00,101.403
01/17/2026 07:03:40,-3.00,101.399
01/17/2026 07:13:40,-3.00,101.399
01/17/2026 07:23:40,-2.98,101.436
01/17/2026 07:33:40,-2.94,101.439
01/17/2026 07:43:40,-2.90,101.404
01/17/2026 07:53:40,-2.82,101.430
01/17/2026 08:03:40,-2.68,101.456
01/17/2026 08:13:40,-2.52,101.428
01/17/2026 08:23:40,-2.34,101.414
01/17/2026 08:33:40,-2.21,101.392
01/17/2026 08:43:40,-2.08,101.405
01/17/2026 08:53:40,-1.93,101.463
01/17/2026 09:03:40,-1.79,101.458
01/17/2026 09:13:40,-1.67,101.431
01/17/2026 09:23:40,-1.51,101.411
01/17/2026 09:33:40,-1.26,101.434
01/17/2026 09:43:40,-0.92,101.440
01/17/2026 09:53:40,-0.59,101.441
01/17/2026 10:03:40,-0.26,101.393
01/17/2026 10:13:40,0.08,101.411
01/17/2026 10:23:40,0.52,101.395
01/17/2026 10:33:40,1.04,101.376
01/17/2026 10:43:40,1.57,101.323
01/17/2026 10:53:40,2.04,101.300
01/17/2026 11:03:40,2.37,101.294
01/17/2026 11:13:40,2.52,101.250
01/17/2026 11:23:40,2.44,101.248
01/17/2026 11:33:40,2.22,101.219
01/17/2026 11:43:40,1.95,101.194
01/17/2026 11:53:40,1.69,101.167
01/17/2026 12:03:40,1.50,101.123
01/17/2026 12:13:40,1.34,101.148
01/17/2026 12:23:40,1.19,101.135
01/17/2026 12:33:40,1.08,101.124
01/17/2026 12:43:40,0.99,101.130
01/17/2026 12:53:40,0.88,101.098
01/17/2026 13:03:40,0.80,101.099
01/17/2026 13:13:40,0.76,101.086
01/17/2026 13:23:40,0.71,101.100
01/17/2026 13:33:40,0.67,101.100
01/17/2026 13:43:40,0.62,101.104
01/17/2026 13:53:40,0.57,101.117
01/17/2026 14:03:40,0.54,101.101
01/17/2026 14:13:40,0.52,101.087
01/17/2026 14:23:40,0.53,101.092
01/17/2026 14:33:40,0.56,101.086
01/17/2026 14:43:40,0.56,101.059
01/17/2026 14:53:40,0.57,101.073
01/17/2026 15:03:40,0.61,101.055
01/17/2026 15:13:40,0.67,101.043
01/17/2026 15:23:40,0.69,101.058
01/17/2026 15:33:40,0.67,101.060
01/17/2026 15:43:40,0.62,101.087
01/17/2026 15:53:40,0.58,101.088
01/17/2026 16:03:40,0.56,101.081
01/17/2026 16:13:40,0.54,101.079
01/17/2026 16:23:40,0.49,101.079
01/17/2026 16:33:40,0.42,101.090
01/17/2026 16:43:40,0.33,101.109
01/17/2026 16:53:40,0.25,101.114
01/17/2026 17:03:40,0.17,101.133
01/17/2026 17:13:40,0.11,101.154
01/17/2026 17:23:40,0.06,101.176
01/17/2026 17:33:40,0.01,101.180
01/17/2026 17:43:40,-0.07,101.190
01/17/2026 17:53:40,-0.17,101.185
01/17/2026 18:03:40,-0.29,101.214
01/17/2026 18:13:40,-0.43,101.222
01/17/2026 18:23:40,-0.58,101.252
01/17/2026 18:33:40,-0.72,101.261
01/17/2026 18:43:40,-0.78,101.265
01/17/2026 18:53:40,-0.81,101.301
01/17/2026 19:03:40,-0.93,101.299
01/17/2026 19:13:40,-1.13,101.328
01/17/2026 19:23:40,-1.38,101.340
01/17/2026 19:33:40,-1.65,101.349
01/17/2026 19:43:40,-1.93,101.335
01/17/2026 19:53:40,-2.17,101.338
01/17/2026 20:03:40,-2.39,101.313
01/17/2026 20:13:40,-2.60,101.358
01/17/2026 20:23:40,-2.84,101.375
01/17/2026 20:33:40,-3.09,101.381
01/17/2026 20:43:40,-3.35,101.390
01/17/2026 20:53:40,-3.55,101.388
01/17/2026 21:03:40,-3.68,101.385
01/17/2026 21:13:40,-3.78,101.366
01/17/2026 21:23:40,-3.87,101.374
01/17/2026 21:33:40,-3.95,101.397
01/17/2026 21:43:40,-4.01,101.387
01/17/2026 21:53:40,-4.04,101.366
01/17/2026 22:03:40,-4.05,101.378
01/17/2026 22:13:40,-4.09,101.379
01/17/2026 22:23:40,-4.15,101.374
01/17/2026 22:33:40,-4.22,101.370
01/17/2026 22:43:40,-4.29,101.377
01/17/2026 22:53:40,-4.38,101.425
01/17/2026 23:03:40,-4.46,101.421
01/17/2026 23:13:40,-4.56,101.412
01/17/2026 23:23:40,-4.65,101.416
01/17/2026 23:33:40,-4.72,101.399
01/17/2026 23:43:40,-4.77,101.412
01/17/2026 23:53:40,-4.83,101.363
01/18/2026 00:03:40,-4.94,101.377
01/18/2026 00:13:40,-5.07,101.369
01/18/2026 00:23:40,-5.19,101.375
01/18/2026 00:33:40,-5.26,101.350
01/18/2026 00:43:40,-5.30,101.376
01/18/2026 00:53:40,-5.32,101.374
01/18/2026 01:03:40,-5.35,101.380
01/18/2026 01:13:40,-5.40,101.371
01/18/2026 01:23:40,-5.46,101.404
01/18/2026 01:33:40,-5.53,101.376
01/18/2026 01:43:40,-5.59,101.374
01/18/2026 01:53:40,-5.62,101.370
01/18/2026 02:03:40,-5.64,101.355
01/18/2026 02:13:40,-5.64,101.342
01/18/2026 02:23:40,-5.61,101.371
01/18/2026 02:33:40,-5.56,101.341
01/18/2026 02:43:40,-5.50,101.321
01/18/2026 02:53:40,-5.46,101.298
01/18/2026 03:03:40,-5.46,101.316
01/18/2026 03:13:40,-5.49,101.357
01/18/2026 03:23:40,-5.52,101.359
01/18/2026 03:33:40,-5.52,101.363
01/18/2026 03:43:40,-5.48,101.336
01/18/2026 03:53:40,-5.41,101.308
01/18/2026 04:03:40,-5.31,101.287
01/18/2026 04:13:40,-5.20,101.255
01/18/2026 04:23:40,-5.10,101.274
01/18/2026 04:33:40,-5.02,101.273
01/18/2026 04:43:40,-4.96,101.261
01/18/2026 04:53:40,-4.90,101.263
01/18/2026 05:03:40,-4.82,101.227
01/18/2026 05:13:40,-4.73,101.201
01/18/2026 05:23:40,-4.66,101.173
01/18/2026 05:33:40,-4.62,101.181
01/18/2026 05:43:40,-4.62,101.225
01/18/2026 05:53:40,-4.64,101.223
01/18/2026 06:03:40,-4.64,101.241
01/18/2026 06:13:40,-4.62,101.243
01/18/2026 06:23:40,-4.58,101.211
01/18/2026 06:33:40,-4.53,101.256
01/18/2026 06:43:40,-4.46,101.237
01/18/2026 06:53:40,-4.39,101.235
01/18/2026 07:03:40,-4.33,101.245
01/18/2026 07:13:40,-4.27,101.273
01/18/2026 07:23:40,-4.21,101.297
01/18/2026 07:33:40,-4.15,101.312
01/18/2026 07:43:40,-4.08,101.341
01/18/2026 07:53:40,-3.98,101.351
01/18/2026 08:03:40,-3.84,101.360
01/18/2026 08:13:40,-3.67,101.364
01/18/2026 08:23:40,-3.47,101.387
01/18/2026 08:33:40,-3.27,101.394
01/18/2026 08:43:40,-3.06,101.401
01/18/2026 08:53:40,-2.82,101.425
01/18/2026 09:03:40,-2.53,101.414
01/18/2026 09:13:40,-2.19,101.385
01/18/2026 09:23:40,-1.77,101.400
01/18/2026 09:33:40,-1.27,101.421
01/18/2026 09:43:40,-0.79,101.400
01/18/2026 09:53:40,-0.36,101.409
01/18/2026 10:03:40,0.00,101.382
01/18/2026 10:13:40,0.45,101.339
01/18/2026 10:23:40,0.96,101.334
01/18/2026 10:33:40,1.52,101.328
01/18/2026 10:43:40,2.13,101.325
01/18/2026 10:53:40,2.41,101.333
01/18/2026 11:03:40,2.34,101.327
01/18/2026 11:13:40,2.21,101.302
01/18/2026 11:23:40,2.26,101.240
01/18/2026 11:33:40,2.47,101.237
01/18/2026 11:43:40,2.52,101.211
01/18/2026 11:53:40,2.39,101.199
01/18/2026 12:03:40,2.06,101.209
01/18/2026 12:13:40,1.71,101.226
01/18/2026 12:23:40,1.44,101.206
01/18/2026 12:33:40,1.27,101.208
01/18/2026 12:43:40,1.18,101.200
01/18/2026 12:53:40,1.12,101.163
01/18/2026 13:03:40,1.08,101.138
01/18/2026 13:13:40,1.10,101.091
01/18/2026 13:23:40,1.16,101.079
01/18/2026 13:33:40,1.26,101.044
01/18/2026 13:43:40,1.42,101.032
01/18/2026 13:53:40,1.55,101.052
01/18/2026 14:03:40,1.60,100.996
01/18/2026 14:13:40,1.62,100.975
01/18/2026 14:23:40,1.65,100.939
01/18/2026 14:33:40,1.66,100.948
01/18/2026 14:43:40,1.62,100.905
01/18/2026 14:53:40,1.53,100.923
01/18/2026 15:03:40,1.38,100.905
01/18/2026 15:13:40,1.21,100.899
01/18/2026 15:23:40,1.06,100.862
01/18/2026 15:33:40,0.90,100.862
01/18/2026 15:43:40,0.76,100.821
01/18/2026 15:53:40,0.61,100.813
01/18/2026 16:03:40,0.49,100.797
01/18/2026 16:13:40,0.36,100.790
01/18/2026 16:23:40,0.24,100.765
01/18/2026 16:33:40,0.13,100.728
01/18/2026 16:43:40,0.03,100.693
01/18/2026 16:53:40,-0.04,100.646
01/18/2026 17:03:40,-0.10,100.645
01/18/2026 17:13:40,-0.15,100.693
01/18/2026 17:23:40,-0.20,100.694
01/18/2026 17:33:40,-0.23,100.721
01/18/2026 17:43:40,-0.26,100.688
01/18/2026 17:53:40,-0.28,100.682
01/18/2026 18:03:40,-0.29,100.654
01/18/2026 18:13:40,-0.30,100.622
01/18/2026 18:23:40,-0.31,100.613
01/18/2026 18:33:40,-0.31,100.600
01/18/2026 18:43:40,-0.31,100.635
01/18/2026 18:53:40,-0.31,100.635
01/18/2026 19:03:40,-0.32,100.630
01/18/2026 19:13:40,-0.32,100.651
01/18/2026 19:23:40,-0.33,100.659
01/18/2026 19:33:40,-0.34,100.562
01/18/2026 19:43:40,-0.35,100.618
01/18/2026 19:53:40,-0.36,100.582
01/18/2026 20:03:40,-0.37,100.594
01/18/2026 20:13:40,-0.39,100.561
01/18/2026 20:23:40,-0.41,100.604
01/18/2026 20:33:40,-0.42,100.576
01/18/2026 20:43:40,-0.44,100.565
01/18/2026 20:53:40,-0.46,100.590
01/18/2026 21:03:40,-0.49,100.618
01/18/2026 21:13:40,-0.51,100.586
01/18/2026 21:23:40,-0.53,100.597
01/18/2026 21:33:40,-0.54,100.578
01/18/2026 21:43:40,-0.56,100.563
01/18/2026 21:53:40,-0.58,100.556
01/18/2026 22:03:40,-0.61,100.541
01/18/2026 22:13:40,-0.65,100.546
01/18/2026 22:23:40,-0.69,100.507
01/18/2026 22:33:40,-0.72,100.504
01/18/2026 22:43:40,-0.77,100.491
01/18/2026 22:53:40,-0.81,100.469
01/18/2026 23:03:40,-0.86,100.456
01/18/2026 23:13:40,-0.91,100.446
01/18/2026 23:23:40,-0.98,100.440
01/18/2026 23:33:40,-1.04,100.434
01/18/2026 23:43:40,-1.11,100.423
01/18/2026 23:53:40,-1.18,100.439
01/19/2026 00:03:40,-1.25,100.410
01/19/2026 00:13:40,-1.31,100.387
01/19/2026 00:23:40,-1.35,100.383
01/19/2026 00:33:40,-1.39,100.397
01/19/2026 00:43:40,-1.43,100.406
01/19/2026 00:53:40,-1.47,100.411
01/19/2026 01:03:40,-1.52,100.385
01/19/2026 01:13:40,-1.56,100.372
01/19/2026 01:23:40,-1.61,100.358
01/19/2026 01:33:40,-1.67,100.375
01/19/2026 01:43:40,-1.73,100.395
01/19/2026 01:53:40,-1.80,100.388
01/19/2026 02:03:40,-1.89,100.437
01/19/2026 02:13:40,-1.97,100.478
01/19/2026 02:23:40,-2.03,100.428
01/19/2026 02:33:40,-2.10,100.422
01/19/2026 02:43:40,-2.16,100.425
01/19/2026 02:53:40,-2.22,100.450
01/19/2026 03:03:40,-2.27,100.467
01/19/2026 03:13:40,-2.31,100.454
01/19/2026 03:23:40,-2.35,100.459
01/19/2026 03:33:40,-2.39,100.442
01/19/2026 03:43:40,-2.43,100.412
01/19/2026 03:53:40,-2.49,100.415
01/19/2026 04:03:40,-2.54,100.414
01/19/2026 04:13:40,-2.59,100.410
01/19/2026 04:23:40,-2.63,100.432
01/19/2026 04:33:40,-2.67,100.441
01/19/2026 04:43:40,-2.71,100.433
01/19/2026 04:53:40,-2.75,100.434
01/19/2026 05:03:40,-2.79,100.447
01/19/2026 05:13:40,-2.82,100.435
01/19/2026 05:23:40,-2.85,100.437
01/19/2026 05:33:40,-2.87,100.475
01/19/2026 05:43:40,-2.89,100.504
01/19/2026 05:53:40,-2.90,100.524
01/19/2026 06:03:40,-2.91,100.550
01/19/2026 06:13:40,-2.91,100.567
01/19/2026 06:23:40,-2.93,100.548
01/19/2026 06:33:40,-2.95,100.555
01/19/2026 06:43:40,-2.97,100.544
01/19/2026 06:53:40,-2.99,100.546
01/19/2026 07:03:40,-3.00,100.581
01/19/2026 07:13:40,-3.00,100.585
01/19/2026 07:23:40,-3.00,100.581
01/19/2026 07:33:40,-3.01,100.597
01/19/2026 07:43:40,-3.01,100.575
01/19/2026 07:53:40,-3.00,100.545
01/19/2026 08:03:40,-2.96,100.554
01/19/2026 08:13:40,-2.86,100.546
01/19/2026 08:23:40,-2.70,100.544
01/19/2026 08:33:40,-2.48,100.587
01/19/2026 08:43:40,-2.24,100.597
01/19/2026 08:53:40,-1.97,100.610
01/19/2026 09:03:40,-1.62,100.608
01/19/2026 09:13:40,-1.12,100.629
01/19/2026 09:23:40,-0.59,100.648
01/19/2026 09:33:40,-0.07,100.636
01/19/2026 09:43:40,1.53,100.627
01/19/2026 09:53:40,4.54,100.625
01/19/2026 10:03:40,6.34,100.596
01/19/2026 10:13:40,6.49,100.599
01/19/2026 10:23:40,7.20,100.600
01/19/2026 10:33:40,8.82,100.559
01/19/2026 10:43:40,10.33,100.558
01/19/2026 10:53:40,11.08,100.540
01/19/2026 11:03:40,12.33,100.514
01/19/2026 11:13:40,13.93,100.436
01/19/2026 11:23:40,15.14,100.420
01/19/2026 11:33:40,13.61,100.453
01/19/2026 11:43:40,12.20,100.433
01/19/2026 11:53:40,11.07,100.415
01/19/2026 12:03:40,9.19,100.416
01/19/2026 12:13:40,7.78,100.414
01/19/2026 12:23:40,6.65,100.444
01/19/2026 12:33:40,5.69,100.404
01/19/2026 12:43:40,5.19,100.411
01/19/2026 12:53:40,5.06,100.417
01/19/2026 13:03:40,4.79,100.425
01/19/2026 13:13:40,4.69,100.407
01/19/2026 13:23:40,5.70,100.365
01/19/2026 13:33:40,7.11,100.364
01/19/2026 13:43:40,7.53,100.375
01/19/2026 13:53:40,7.00,100.402
01/19/2026 14:03:40,5.88,100.416
01/19/2026 14:13:40,4.83,100.419
01/19/2026 14:23:40,4.10,100.432
01/19/2026 14:33:40,3.50,100.441
01/19/2026 14:43:40,2.96,100.460
01/19/2026 14:53:40,2.54,100.481
01/19/2026 15:03:40,2.17,100.500
01/19/2026 15:13:40,1.84,100.519
01/19/2026 15:23:40,1.55,100.532
01/19/2026 15:33:40,1.17,100.582
01/19/2026 15:43:40,0.74,100.605
01/19/2026 15:53:40,0.36,100.596
01/19/2026 16:03:40,0.04,100.610
01/19/2026 16:13:40,-0.23,100.598
01/19/2026 16:23:40,-0.51,100.656
01/19/2026 16:33:40,-0.78,100.697
01/19/2026 16:43:40,-1.04,100.720
01/19/2026 16:53:40,-1.31,100.739
01/19/2026 17:03:40,-1.65,100.760
01/19/2026 17:13:40,-2.08,100.807
01/19/2026 17:23:40,-2.54,100.823
01/19/2026 17:33:40,-2.96,100.849
01/19/2026 17:43:40,-3.34,100.864
01/19/2026 17:53:40,-3.69,100.869
01/19/2026 18:03:40,-3.95,100.879
01/19/2026 18:13:40,-4.07,100.902
01/19/2026 18:23:40,-4.10,100.886
01/19/2026 18:33:40,-4.15,100.877
01/19/2026 18:43:40,-4.25,100.875
01/19/2026 18:53:40,-4.40,100.882
01/19/2026 19:03:40,-4.60,100.876
01/19/2026 19:13:40,-4.76,100.860
01/19/2026 19:23:40,-4.85,100.877
01/19/2026 19:33:40,-4.95,100.906
01/19/2026 19:43:40,-5.10,100.914
01/19/2026 19:53:40,-5.27,100.905
01/19/2026 20:03:40,-5.42,100.912
01/19/2026 20:13:40,-5.48,100.923
01/19/2026 20:23:40,-5.48,100.919
01/19/2026 20:33:40,-5.45,100.913
01/19/2026 20:43:40,-5.37,100.913
01/19/2026 20:53:40,-5.23,100.922
01/19/2026 21:03:40,-5.08,100.942
01/19/2026 21:13:40,-4.98,100.948
01/19/2026 21:23:40,-5.01,100.958
01/19/2026 21:33:40,-5.15,100.975
01/19/2026 21:43:40,-5.39,100.959
01/19/2026 21:53:40,-5.66,100.972
01/19/2026 22:03:40,-5.91,100.977
01/19/2026 22:13:40,-6.16,100.995
01/19/2026 22:23:40,-6.40,100.992
01/19/2026 22:33:40,-6.64,101.015
01/19/2026 22:43:40,-6.86,101.015
01/19/2026 22:53:40,-6.99,101.071
01/19/2026 23:03:40,-6.97,101.065
01/19/2026 23:13:40,-6.90,101.055
01/19/2026 23:23:40,-6.79,101.053
01/19/2026 23:33:40,-6.73,101.068
01/19/2026 23:43:40,-6.79,101.075
01/19/2026 23:53:40,-6.90,101.059
01/20/2026 00:03:40,-7.04,101.079
01/20/2026 00:13:40,-7.23,101.095
01/20/2026 00:23:40,-7.40,101.104
01/20/2026 00:33:40,-7.49,101.116
01/20/2026 00:43:40,-7.48,101.130
01/20/2026 00:53:40,-7.46,101.155
01/20/2026 01:03:40,-7.48,101.196
01/20/2026 01:13:40,-7.55,101.211
01/20/2026 01:23:40,-7.68,101.215
01/20/2026 01:33:40,-7.86,101.227
01/20/2026 01:43:40,-8.05,101.242
01/20/2026 01:53:40,-8.25,101.252
01/20/2026 02:03:40,-8.49,101.274
01/20/2026 02:13:40,-8.74,101.282
01/20/2026 02:23:40,-9.00,101.299
01/20/2026 02:33:40,-9.23,101.292
01/20/2026 02:43:40,-9.46,101.311
01/20/2026 02:53:40,-9.64,101.331
01/20/2026 03:03:40,-9.79,101.350
01/20/2026 03:13:40,-9.91,101.359
01/20/2026 03:23:40,-10.00,101.363
01/20/2026 03:33:40,-10.09,101.353
01/20/2026 03:43:40,-10.19,101.377
01/20/2026 03:53:40,-10.30,101.369
01/20/2026 04:03:40,-10.46,101.374
01/20/2026 04:13:40,-10.63,101.412
01/20/2026 04:23:40,-10.79,101.438
01/20/2026 04:33:40,-10.93,101.440
01/20/2026 04:43:40,-11.07,101.443
01/20/2026 04:53:40,-11.19,101.429
01/20/2026 05:03:40,-11.31,101.438
01/20/2026 05:13:40,-11.38,101.460
01/20/2026 05:23:40,-11.45,101.449
01/20/2026 05:33:40,-11.52,101.455
01/20/2026 05:43:40,-11.62,101.470
01/20/2026 05:53:40,-11.72,101.472
01/20/2026 06:03:40,-11.80,101.494
01/20/2026 06:13:40,-11.88,101.502
01/20/2026 06:23:40,-11.97,101.531
01/20/2026 06:33:40,-12.06,101.525
01/20/2026 06:43:40,-12.13,101.553
01/20/2026 06:53:40,-12.15,101.550
01/20/2026 07:03:40,-12.17,101.553
01/20/2026 07:13:40,-12.21,101.565
01/20/2026 07:23:40,-12.26,101.578
01/20/2026 07:33:40,-12.33,101.604
01/20/2026 07:43:40,-12.35,101.606
01/20/2026 07:53:40,-12.29,101.622
01/20/2026 08:03:40,-12.14,101.643
01/20/2026 08:13:40,-11.88,101.641
01/20/2026 08:23:40,-11.45,101.659
01/20/2026 08:33:40,-10.76,101.669
01/20/2026 08:43:40,-9.59,101.674
01/20/2026 08:53:40,-7.69,101.683
01/20/2026 09:03:40,-5.60,101.701
01/20/2026 09:13:40,-2.96,101.706
01/20/2026 09:23:40,-0.34,101.693
01/20/2026 09:33:40,2.20,101.662
01/20/2026 09:43:40,4.55,101.650
01/20/2026 09:53:40,6.78,101.618
01/20/2026 10:03:40,8.13,101.619
01/20/2026 10:13:40,8.81,101.629
01/20/2026 10:23:40,9.30,101.620
01/20/2026 10:33:40,10.16,101.625
01/20/2026 10:43:40,10.99,101.623
01/20/2026 10:53:40,11.05,101.623
01/20/2026 11:03:40,11.95,101.603
01/20/2026 11:13:40,12.84,101.576
01/20/2026 11:23:40,13.01,101.581
01/20/2026 11:33:40,11.81,101.592
01/20/2026 11:43:40,10.69,101.622
01/20/2026 11:53:40,8.86,101.638
01/20/2026 12:03:40,5.98,101.665
01/20/2026 12:13:40,3.85,101.668
01/20/2026 12:23:40,2.28,101.691
01/20/2026 12:33:40,0.96,101.687
01/20/2026 12:43:40,0.27,101.688
01/20/2026 12:53:40,0.24,101.677
01/20/2026 13:03:40,0.95,101.664
01/20/2026 13:13:40,2.03,101.669
01/20/2026 13:23:40,3.82,101.643
01/20/2026 13:33:40,4.95,101.684
01/20/2026 13:43:40,4.05,101.721
01/20/2026 13:53:40,2.70,101.760
01/20/2026 14:03:40,2.29,101.763
01/20/2026 14:13:40,1.94,101.780
01/20/2026 14:23:40,1.15,101.792
01/20/2026 14:33:40,-0.20,101.790
01/20/2026 14:43:40,-1.45,101.817
01/20/2026 14:53:40,-2.64,101.847
01/20/2026 15:03:40,-3.57,101.875
01/20/2026 15:13:40,-4.09,101.863
01/20/2026 15:23:40,-4.43,101.877
01/20/2026 15:33:40,-4.76,101.896
01/20/2026 15:43:40,-4.90,101.927
01/20/2026 15:53:40,-5.08,101.939
01/20/2026 16:03:40,-5.41,101.971
01/20/2026 16:13:40,-5.85,101.979
01/20/2026 16:23:40,-6.33,102.009
01/20/2026 16:33:40,-6.84,102.009
01/20/2026 16:43:40,-7.34,102.054
01/20/2026 16:53:40,-7.81,102.070
01/20/2026 17:03:40,-8.32,102.126
01/20/2026 17:13:40,-8.85,102.134
01/20/2026 17:23:40,-9.32,102.168
01/20/2026 17:33:40,-9.65,102.180
01/20/2026 17:43:40,-9.93,102.206
01/20/2026 17:53:40,-10.22,102.241
01/20/2026 18:03:40,-10.50,102.241
01/20/2026 18:13:40,-10.79,102.270
01/20/2026 18:23:40,-11.09,102.286
01/20/2026 18:33:40,-11.39,102.305
01/20/2026 18:43:40,-11.68,102.321
01/20/2026 18:53:40,-11.94,102.331
01/20/2026 19:03:40,-12.19,102.347
01/20/2026 19:13:40,-12.43,102.346
01/20/2026 19:23:40,-12.67,102.345
01/20/2026 19:33:40,-12.89,102.355
01/20/2026 19:43:40,-13.09,102.351
01/20/2026 19:53:40,-13.26,102.375
01/20/2026 20:03:40,-13.42,102.370
01/20/2026 20:13:40,-13.56,102.389
01/20/2026 20:23:40,-13.69,102.400
01/20/2026 20:33:40,-13.82,102.416
01/20/2026 20:43:40,-13.93,102.429
01/20/2026 20:53:40,-14.05,102.446
01/20/2026 21:03:40,-14.18,102.467
01/20/2026 21:13:40,-14.32,102.476
01/20/2026 21:23:40,-14.48,102.471
01/20/2026 21:33:40,-14.64,102.470
01/20/2026 21:43:40,-14.78,102.480
01/20/2026 21:53:40,-14.93,102.489
01/20/2026 22:03:40,-15.08,102.493
01/20/2026 22:13:40,-15.24,102.518
01/20/2026 22:23:40,-15.40,102.534
01/20/2026 22:33:40,-15.56,102.559
01/20/2026 22:43:40,-15.71,102.577
01/20/2026 22:53:40,-15.82,102.573
01/20/2026 23:03:40,-15.90,102.597
01/20/2026 23:13:40,-15.97,102.598
01/20/2026 23:23:40,-16.07,102.591
01/20/2026 23:33:40,-16.19,102.607
01/20/2026 23:43:40,-16.37,102.617
01/20/2026 23:53:40,-16.55,102.625
01/21/2026 00:03:40,-16.74,102.643
01/21/2026 00:13:40,-16.92,102.629
01/21/2026 00:23:40,-17.09,102.631
01/21/2026 00:33:40,-17.22,102.624
01/21/2026 00:43:40,-17.30,102.632
01/21/2026 00:53:40,-17.38,102.645
01/21/2026 01:03:40,-17.45,102.640
01/21/2026 01:13:40,-17.53,102.644
01/21/2026 01:23:40,-17.59,102.633
01/21/2026 01:33:40,-17.64,102.648
01/21/2026 01:43:40,-17.69,102.637
01/21/2026 01:53:40,-17.76,102.663
01/21/2026 02:03:40,-17.88,102.671
01/21/2026 02:13:40,-18.01,102.708
01/21/2026 02:23:40,-18.12,102.708
01/21/2026 02:33:40,-18.26,102.734
01/21/2026 02:43:40,-18.41,102.720
01/21/2026 02:53:40,-18.56,102.707
01/21/2026 03:03:40,-18.64,102.679
01/21/2026 03:13:40,-18.72,102.691
01/21/2026 03:23:40,-18.84,102.690
01/21/2026 03:33:40,-18.98,102.703
01/21/2026 03:43:40,-19.10,102.719
01/21/2026 03:53:40,-19.20,102.698
01/21/2026 04:03:40,-19.30,102.708
01/21/2026 04:13:40,-19.33,102.739
01/21/2026 04:23:40,-19.38,102.758
01/21/2026 04:33:40,-19.49,102.771
01/21/2026 04:43:40,-19.60,102.736
01/21/2026 04:53:40,-19.69,102.734
01/21/2026 05:03:40,-19.73,102.737
01/21/2026 05:13:40,-19.81,102.749
01/21/2026 05:23:40,-19.92,102.732
01/21/2026 05:33:40,-20.00,102.717
01/21/2026 05:43:40,-20.04,102.763
01/21/2026 05:53:40,-20.12,102.723
01/21/2026 06:03:40,-20.19,102.741
01/21/2026 06:13:40,-20.22,102.741
01/21/2026 06:23:40,-20.25,102.769
01/21/2026 06:33:40,-20.25,102.785
01/21/2026 06:43:40,-20.29,102.806
01/21/2026 06:53:40,-20.34,102.822
01/21/2026 07:03:40,-20.40,102.811
01/21/2026 07:13:40,-20.44,102.822
01/21/2026 07:23:40,-20.44,102.801
01/21/2026 07:33:40,-20.41,102.792
01/21/2026 07:43:40,-20.36,102.789
01/21/2026 07:53:40,-20.28,102.826
01/21/2026 08:03:40,-20.12,102.815
01/21/2026 08:13:40,-19.86,102.817
01/21/2026 08:23:40,-19.35,102.823
01/21/2026 08:33:40,-18.44,102.839
01/21/2026 08:43:40,-17.01,102.889
01/21/2026 08:53:40,-14.99,102.888
01/21/2026 09:03:40,-12.82,102.897
01/21/2026 09:13:40,-9.99,102.879
01/21/2026 09:23:40,-6.60,102.864
01/21/2026 09:33:40,-3.11,102.826
01/21/2026 09:43:40,0.20,102.797
01/21/2026 09:53:40,3.00,102.763
01/21/2026 10:03:40,4.57,102.755
01/21/2026 10:13:40,5.09,102.752
01/21/2026 10:23:40,4.94,102.775
01/21/2026 10:33:40,4.89,102.762
01/21/2026 10:43:40,4.96,102.741
01/21/2026 10:53:40,4.51,102.750
01/21/2026 11:03:40,4.87,102.711
01/21/2026 11:13:40,5.86,102.676
01/21/2026 11:23:40,6.44,102.642
01/21/2026 11:33:40,6.38,102.580
01/21/2026 11:43:40,5.60,102.584
01/21/2026 11:53:40,4.52,102.592
01/21/2026 12:03:40,3.40,102.573
01/21/2026 12:13:40,2.37,102.591
01/21/2026 12:23:40,1.57,102.576
01/21/2026 12:33:40,1.00,102.576
01/21/2026 12:43:40,0.56,102.526
01/21/2026 12:53:40,0.15,102.497
01/21/2026 13:03:40,0.36,102.473
01/21/2026 13:13:40,0.57,102.457
01/21/2026 13:23:40,0.61,102.421
01/21/2026 13:33:40,0.34,102.431
01/21/2026 13:43:40,-0.17,102.418
01/21/2026 13:53:40,-0.41,102.392
01/21/2026 14:03:40,-0.69,102.339
01/21/2026 14:13:40,-1.05,102.300
01/21/2026 14:23:40,-1.47,102.269
01/21/2026 14:33:40,-1.91,102.240
01/21/2026 14:43:40,-2.28,102.221
01/21/2026 14:53:40,-2.56,102.238
01/21/2026 15:03:40,-2.69,102.251
01/21/2026 15:13:40,-2.87,102.234
01/21/2026 15:23:40,-3.06,102.246
01/21/2026 15:33:40,-3.27,102.243
01/21/2026 15:43:40,-3.43,102.219
01/21/2026 15:53:40,-3.58,102.208
01/21/2026 16:03:40,-3.75,102.195
01/21/2026 16:13:40,-3.92,102.161
01/21/2026 16:23:40,-4.09,102.153
01/21/2026 16:33:40,-4.24,102.120
01/21/2026 16:43:40,-4.39,102.101
01/21/2026 16:53:40,-4.49,102.077
01/21/2026 17:03:40,-4.55,102.085
01/21/2026 17:13:40,-4.58,102.086
01/21/2026 17:23:40,-4.59,102.068
01/21/2026 17:33:40,-4.58,102.034
01/21/2026 17:43:40,-4.56,101.974
01/21/2026 17:53:40,-4.52,101.995
01/21/2026 18:03:40,-4.48,101.986
01/21/2026 18:13:40,-4.45,102.016
01/21/2026 18:23:40,-4.42,101.984
01/21/2026 18:33:40,-4.38,101.997
01/21/2026 18:43:40,-4.34,101.974
01/21/2026 18:53:40,-4.30,101.960
01/21/2026 19:03:40,-4.32,101.950
01/21/2026 19:13:40,-4.37,101.936
01/21/2026 19:23:40,-4.42,101.917
01/21/2026 19:33:40,-4.48,101.920
01/21/2026 19:43:40,-4.55,101.892
01/21/2026 19:53:40,-4.60,101.890
01/21/2026 20:03:40,-4.66,101.872
01/21/2026 20:13:40,-4.70,101.867
01/21/2026 20:23:40,-4.73,101.852
01/21/2026 20:33:40,-4.73,101.851
01/21/2026 20:43:40,-4.73,101.812
01/21/2026 20:53:40,-4.70,101.797
01/21/2026 21:03:40,-4.67,101.761
01/21/2026 21:13:40,-4.63,101.743
01/21/2026 21:23:40,-4.59,101.712
01/21/2026 21:33:40,-4.55,101.685
01/21/2026 21:43:40,-4.51,101.693
01/21/2026 21:53:40,-4.45,101.655
01/21/2026 22:03:40,-4.38,101.645
01/21/2026 22:13:40,-4.31,101.638
01/21/2026 22:23:40,-4.24,101.619
01/21/2026 22:33:40,-4.18,101.586
01/21/2026 22:43:40,-4.11,101.588
01/21/2026 22:53:40,-4.04,101.573
01/21/2026 23:03:40,-3.98,101.579
01/21/2026 23:13:40,-3.91,101.556
01/21/2026 23:23:40,-3.81,101.547
01/21/2026 23:33:40,-3.69,101.529
01/21/2026 23:43:40,-3.54,101.509
01/21/2026 23:53:40,-3.39,101.506
01/22/2026 00:03:40,-3.23,101.495
01/22/2026 00:13:40,-3.05,101.464
01/22/2026 00:23:40,-2.85,101.440
01/22/2026 00:33:40,-2.64,101.395
01/22/2026 00:43:40,-2.44,101.383
01/22/2026 00:53:40,-2.23,101.363
01/22/2026 01:03:40,-2.04,101.338
01/22/2026 01:13:40,-1.86,101.312
01/22/2026 01:23:40,-1.70,101.304
01/22/2026 01:33:40,-1.58,101.303
01/22/2026 01:43:40,-1.46,101.288
01/22/2026 01:53:40,-1.32,101.266
01/22/2026 02:03:40,-1.17,101.267
01/22/2026 02:13:40,-1.03,101.241
01/22/2026 02:23:40,-0.90,101.209
01/22/2026 02:33:40,-0.80,101.192
01/22/2026 02:43:40,-0.71,101.147
01/22/2026 02:53:40,-0.65,101.127
01/22/2026 03:03:40,-0.61,101.100
01/22/2026 03:13:40,-0.59,101.106
01/22/2026 03:23:40,-0.61,101.051
01/22/2026 03:33:40,-0.65,101.065
01/22/2026 03:43:40,-0.71,101.042
01/22/2026 03:53:40,-0.76,101.041
01/22/2026 04:03:40,-0.78,100.991
01/22/2026 04:13:40,-0.76,100.998
01/22/2026 04:23:40,-0.73,100.979
01/22/2026 04:33:40,-0.70,100.942
01/22/2026 04:43:40,-0.70,100.933
01/22/2026 04:53:40,-0.75,100.910
01/22/2026 05:03:40,-0.81,100.909
01/22/2026 05:13:40,-0.84,100.885
01/22/2026 05:23:40,-0.83,100.841
01/22/2026 05:33:40,-0.81,100.852
01/22/2026 05:43:40,-0.76,100.840
01/22/2026 05:53:40,-0.70,100.889
01/22/2026 06:03:40,-0.71,100.893
01/22/2026 06:13:40,-0.75,100.911
01/22/2026 06:23:40,-0.81,100.927
01/22/2026 06:33:40,-0.89,100.911
01/22/2026 06:43:40,-0.98,100.911
01/22/2026 06:53:40,-1.15,100.908
01/22/2026 07:03:40,-1.39,100.916
01/22/2026 07:13:40,-1.57,100.912
01/22/2026 07:23:40,-1.66,100.864
01/22/2026 07:33:40,-1.61,100.860
01/22/2026 07:43:40,-1.60,100.892
01/22/2026 07:53:40,-1.73,100.915
01/22/2026 08:03:40,-1.87,100.919
01/22/2026 08:13:40,-1.97,100.957
01/22/2026 08:23:40,-2.01,100.954
01/22/2026 08:33:40,-1.99,100.951
01/22/2026 08:43:40,-1.91,100.963
01/22/2026 08:53:40,-1.81,100.956
01/22/2026 09:03:40,-1.64,100.958
01/22/2026 09:13:40,-1.52,100.966
01/22/2026 09:23:40,-1.39,100.955
01/22/2026 09:33:40,-1.17,100.968
01/22/2026 09:43:40,-0.67,100.971
01/22/2026 09:53:40,1.04,100.962
01/22/2026 10:03:40,2.86,100.959
01/22/2026 10:13:40,3.34,100.970
01/22/2026 10:23:40,3.20,100.967
01/22/2026 10:33:40,3.31,100.963
01/22/2026 10:43:40,6.03,100.892
01/22/2026 10:53:40,9.05,100.798
01/22/2026 11:03:40,12.61,100.752
01/22/2026 11:13:40,15.55,100.715
01/22/2026 11:23:40,17.91,100.689
01/22/2026 11:33:40,17.64,100.693
01/22/2026 11:43:40,16.09,100.699
01/22/2026 11:53:40,14.45,100.700
01/22/2026 12:03:40,12.89,100.671
01/22/2026 12:13:40,11.36,100.668
01/22/2026 12:23:40,9.83,100.670
01/22/2026 12:33:40,8.60,100.678
01/22/2026 12:43:40,7.79,100.662
01/22/2026 12:53:40,7.40,100.657
01/22/2026 13:03:40,7.20,100.649
01/22/2026 13:13:40,7.25,100.644
01/22/2026 13:23:40,8.40,100.623
01/22/2026 13:33:40,8.83,100.635
01/22/2026 13:43:40,8.46,100.641
01/22/2026 13:53:40,8.62,100.649
01/22/2026 14:03:40,9.18,100.659
01/22/2026 14:13:40,8.85,100.681
01/22/2026 14:23:40,8.74,100.654
01/22/2026 14:33:40,8.55,100.674
01/22/2026 14:43:40,8.16,100.683
01/22/2026 14:53:40,7.77,100.691
01/22/2026 15:03:40,7.36,100.706
01/22/2026 15:13:40,7.15,100.698
01/22/2026 15:23:40,6.71,100.732
01/22/2026 15:33:40,6.11,100.766
01/22/2026 15:43:40,5.39,100.799
01/22/2026 15:53:40,4.69,100.845
01/22/2026 16:03:40,4.13,100.876
01/22/2026 16:13:40,3.62,100.902
01/22/2026 16:23:40,3.14,100.930
01/22/2026 16:33:40,2.69,100.970
01/22/2026 16:43:40,2.18,101.003
01/22/2026 16:53:40,1.65,101.022
01/22/2026 17:03:40,1.11,101.039
01/22/2026 17:13:40,0.58,101.052
01/22/2026 17:23:40,0.08,101.050
01/22/2026 17:33:40,-0.36,101.044
01/22/2026 17:43:40,-0.72,101.041
01/22/2026 17:53:40,-1.00,101.054
01/22/2026 18:03:40,-1.29,101.057
01/22/2026 18:13:40,-1.58,101.065
01/22/2026 18:23:40,-1.85,101.061
01/22/2026 18:33:40,-2.08,101.092
01/22/2026 18:43:40,-2.33,101.117
01/22/2026 18:53:40,-2.59,101.113
01/22/2026 19:03:40,-2.84,101.120
01/22/2026 19:13:40,-3.06,101.134
01/22/2026 19:23:40,-3.30,101.123
01/22/2026 19:33:40,-3.55,101.125
01/22/2026 19:43:40,-3.79,101.141
01/22/2026 19:53:40,-4.01,101.124
01/22/2026 20:03:40,-4.22,101.151
01/22/2026 20:13:40,-4.44,101.169
01/22/2026 20:23:40,-4.65,101.160
01/22/2026 20:33:40,-4.86,101.171
01/22/2026 20:43:40,-5.05,101.182
01/22/2026 20:53:40,-5.24,101.194
01/22/2026 21:03:40,-5.41,101.220
01/22/2026 21:13:40,-5.58,101.216
01/22/2026 21:23:40,-5.76,101.207
01/22/2026 21:33:40,-5.95,101.205
01/22/2026 21:43:40,-6.15,101.220
01/22/2026 21:53:40,-6.38,101.245
01/22/2026 22:03:40,-6.60,101.252
01/22/2026 22:13:40,-6.83,101.268
01/22/2026 22:23:40,-7.07,101.274
01/22/2026 22:33:40,-7.30,101.294
01/22/2026 22:43:40,-7.52,101.280
01/22/2026 22:53:40,-7.76,101.272
01/22/2026 23:03:40,-8.01,101.272
01/22/2026 23:13:40,-8.24,101.274
01/22/2026 23:23:40,-8.44,101.280
01/22/2026 23:33:40,-8.60,101.280
01/22/2026 23:43:40,-8.72,101.311
01/22/2026 23:53:40,-8.82,101.283
01/23/2026 00:03:40,-8.89,101.298
01/23/2026 00:13:40,-8.96,101.316
01/23/2026 00:23:40,-9.04,101.308
01/23/2026 00:33:40,-9.13,101.311
01/23/2026 00:43:40,-9.23,101.314
01/23/2026 00:53:40,-9.32,101.322
01/23/2026 01:03:40,-9.44,101.348
01/23/2026 01:13:40,-9.59,101.350
01/23/2026 01:23:40,-9.74,101.368
01/23/2026 01:33:40,-9.90,101.386
01/23/2026 01:43:40,-10.11,101.395
01/23/2026 01:53:40,-10.30,101.404
01/23/2026 02:03:40,-10.43,101.412
01/23/2026 02:13:40,-10.48,101.415
01/23/2026 02:23:40,-10.53,101.440
01/23/2026 02:33:40,-10.53,101.440
01/23/2026 02:43:40,-10.52,101.451
01/23/2026 02:53:40,-10.53,101.431
01/23/2026 03:03:40,-10.54,101.418
01/23/2026 03:13:40,-10.51,101.408
01/23/2026 03:23:40,-10.47,101.408
01/23/2026 03:33:40,-10.38,101.409
01/23/2026 03:43:40,-10.26,101.399
01/23/2026 03:53:40,-10.04,101.401
01/23/2026 04:03:40,-9.80,101.418
01/23/2026 04:13:40,-9.66,101.416
01/23/2026 04:23:40,-9.62,101.412
01/23/2026 04:33:40,-9.65,101.409
01/23/2026 04:43:40,-9.69,101.409
01/23/2026 04:53:40,-9.69,101.408
01/23/2026 05:03:40,-9.71,101.416
01/23/2026 05:13:40,-9.66,101.408
01/23/2026 05:23:40,-9.54,101.407
01/23/2026 05:33:40,-9.50,101.399
01/23/2026 05:43:40,-9.55,101.424
01/23/2026 05:53:40,-9.66,101.421
01/23/2026 06:03:40,-9.78,101.407
01/23/2026 06:13:40,-9.94,101.404
01/23/2026 06:23:40,-10.12,101.419
01/23/2026 06:33:40,-10.35,101.399
01/23/2026 06:43:40,-10.59,101.404
01/23/2026 06:53:40,-10.81,101.410
01/23/2026 07:03:40,-11.03,101.411
01/23/2026 07:13:40,-11.27,101.411
01/23/2026 07:23:40,-11.47,101.420
01/23/2026 07:33:40,-11.58,101.417
01/23/2026 07:43:40,-11.58,101.417
01/23/2026 07:53:40,-11.52,101.433
01/23/2026 08:03:40,-11.38,101.417
01/23/2026 08:13:40,-11.18,101.426
01/23/2026 08:23:40,-10.81,101.432
01/23/2026 08:33:40,-9.97,101.436
01/23/2026 08:43:40,-8.59,101.430
01/23/2026 08:53:40,-6.52,101.432
01/23/2026 09:03:40,-4.01,101.414
01/23/2026 09:13:40,-1.20,101.396
01/23/2026 09:23:40,1.83,101.364
01/23/2026 09:33:40,4.92,101.315
01/23/2026 09:43:40,7.84,101.285
01/23/2026 09:53:40,10.45,101.253
01/23/2026 10:03:40,12.49,101.240
01/23/2026 10:13:40,13.52,101.232
01/23/2026 10:23:40,14.21,101.233
01/23/2026 10:33:40,15.11,101.226
01/23/2026 10:43:40,16.32,101.226
01/23/2026 10:53:40,16.17,101.229
01/23/2026 11:03:40,17.40,101.188
01/23/2026 11:13:40,18.95,101.175
01/23/2026 11:23:40,20.01,101.163
01/23/2026 11:33:40,19.54,101.182
01/23/2026 11:43:40,17.35,101.202
01/23/2026 11:53:40,14.36,101.203
01/23/2026 12:03:40,12.04,101.202
01/23/2026 12:13:40,10.50,101.191
01/23/2026 12:23:40,9.41,101.194
01/23/2026 12:33:40,7.95,101.206
01/23/2026 12:43:40,6.97,101.209
01/23/2026 12:53:40,6.62,101.193
01/23/2026 13:03:40,6.98,101.157
01/23/2026 13:13:40,8.09,101.137
01/23/2026 13:23:40,9.32,101.116
01/23/2026 13:33:40,10.32,101.102
01/23/2026 13:43:40,9.96,101.136
01/23/2026 13:53:40,8.75,101.141
01/23/2026 14:03:40,7.98,101.146
01/23/2026 14:13:40,7.02,101.164
01/23/2026 14:23:40,5.52,101.194
01/23/2026 14:33:40,4.12,101.228
01/23/2026 14:43:40,2.85,101.235
01/23/2026 14:53:40,1.74,101.273
01/23/2026 15:03:40,0.92,101.277
01/23/2026 15:13:40,0.61,101.297
01/23/2026 15:23:40,0.09,101.293
01/23/2026 15:33:40,-0.51,101.325
01/23/2026 15:43:40,-0.97,101.348
01/23/2026 15:53:40,-1.46,101.363
01/23/2026 16:03:40,-1.96,101.385
01/23/2026 16:13:40,-2.49,101.427
01/23/2026 16:23:40,-3.02,101.445
01/23/2026 16:33:40,-3.53,101.466
01/23/2026 16:43:40,-4.03,101.513
01/23/2026 16:53:40,-4.50,101.527
01/23/2026 17:03:40,-4.93,101.550
01/23/2026 17:13:40,-5.30,101.570
01/23/2026 17:23:40,-5.64,101.596
01/23/2026 17:33:40,-5.95,101.623
01/23/2026 17:43:40,-6.22,101.643
01/23/2026 17:53:40,-6.54,101.675
01/23/2026 18:03:40,-6.79,101.720
01/23/2026 18:13:40,-6.98,101.744
01/23/2026 18:23:40,-7.22,101.777
01/23/2026 18:33:40,-7.45,101.761
01/23/2026 18:43:40,-7.70,101.792
01/23/2026 18:53:40,-7.95,101.809
01/23/2026 19:03:40,-8.18,101.811
01/23/2026 19:13:40,-8.41,101.853
01/23/2026 19:23:40,-8.64,101.885
01/23/2026 19:33:40,-8.88,101.894
01/23/2026 19:43:40,-9.12,101.918
01/23/2026 19:53:40,-9.35,101.940
01/23/2026 20:03:40,-9.56,101.971
01/23/2026 20:13:40,-9.74,102.004
01/23/2026 20:23:40,-9.91,102.029
01/23/2026 20:33:40,-10.09,102.031
01/23/2026 20:43:40,-10.26,102.070
01/23/2026 20:53:40,-10.46,102.083
01/23/2026 21:03:40,-10.65,102.102
01/23/2026 21:13:40,-10.81,102.111
01/23/2026 21:23:40,-10.95,102.156
01/23/2026 21:33:40,-11.12,102.194
01/23/2026 21:43:40,-11.29,102.211
01/23/2026 21:53:40,-11.45,102.233
01/23/2026 22:03:40,-11.61,102.258
01/23/2026 22:13:40,-11.69,102.275
01/23/2026 22:23:40,-11.77,102.271
01/23/2026 22:33:40,-11.85,102.293
01/23/2026 22:43:40,-11.92,102.303
01/23/2026 22:53:40,-11.98,102.335
01/23/2026 23:03:40,-12.07,102.339
01/23/2026 23:13:40,-12.19,102.360
01/23/2026 23:23:40,-12.36,102.380
01/23/2026 23:33:40,-12.59,102.416
01/23/2026 23:43:40,-12.80,102.405
01/23/2026 23:53:40,-12.98,102.402
01/24/2026 00:03:40,-13.13,102.429
01/24/2026 00:13:40,-13.30,102.427
01/24/2026 00:23:40,-13.50,102.418
01/24/2026 00:33:40,-13.62,102.439
01/24/2026 00:43:40,-13.67,102.450
01/24/2026 00:53:40,-13.80,102.440
01/24/2026 01:03:40,-13.97,102.464
01/24/2026 01:13:40,-14.14,102.475
01/24/2026 01:23:40,-14.32,102.485
01/24/2026 01:33:40,-14.49,102.492
01/24/2026 01:43:40,-14.63,102.506
01/24/2026 01:53:40,-14.79,102.536
01/24/2026 02:03:40,-14.92,102.525
01/24/2026 02:13:40,-15.01,102.562
01/24/2026 02:23:40,-15.13,102.557
01/24/2026 02:33:40,-15.29,102.587
01/24/2026 02:43:40,-15.44,102.587
01/24/2026 02:53:40,-15.61,102.593
01/24/2026 03:03:40,-15.78,102.616
01/24/2026 03:13:40,-15.90,102.624
01/24/2026 03:23:40,-16.00,102.647
01/24/2026 03:33:40,-16.10,102.666
01/24/2026 03:43:40,-16.21,102.674
01/24/2026 03:53:40,-16.40,102.700
01/24/2026 04:03:40,-16.56,102.717
01/24/2026 04:13:40,-16.66,102.717
01/24/2026 04:23:40,-16.76,102.749
01/24/2026 04:33:40,-16.86,102.781
01/24/2026 04:43:40,-16.98,102.758
01/24/2026 04:53:40,-17.09,102.775
01/24/2026 05:03:40,-17.21,102.808
01/24/2026 05:13:40,-17.36,102.835
01/24/2026 05:23:40,-17.51,102.860
01/24/2026 05:33:40,-17.74,102.876
01/24/2026 05:43:40,-18.01,102.891
01/24/2026 05:53:40,-18.25,102.888
01/24/2026 06:03:40,-18.42,102.915
01/24/2026 06:13:40,-18.52,102.920
01/24/2026 06:23:40,-18.60,102.945
01/24/2026 06:33:40,-18.70,102.956
01/24/2026 06:43:40,-18.80,102.983
01/24/2026 06:53:40,-18.91,102.991
01/24/2026 07:03:40,-19.06,102.998
01/24/2026 07:13:40,-19.22,103.009
01/24/2026 07:23:40,-19.32,103.028
01/24/2026 07:33:40,-19.35,103.058
01/24/2026 07:43:40,-19.32,103.045
01/24/2026 07:53:40,-19.14,103.054
01/24/2026 08:03:40,-18.83,103.066
01/24/2026 08:13:40,-18.46,103.077
01/24/2026 08:23:40,-17.99,103.120
01/24/2026 08:33:40,-17.21,103.146
01/24/2026 08:43:40,-16.02,103.174
01/24/2026 08:53:40,-14.34,103.213
01/24/2026 09:03:40,-12.36,103.247
01/24/2026 09:13:40,-10.14,103.271
01/24/2026 09:23:40,-8.02,103.298
01/24/2026 09:33:40,-6.03,103.278
01/24/2026 09:43:40,-4.18,103.265
01/24/2026 09:53:40,-2.17,103.235
01/24/2026 10:03:40,-0.37,103.210
01/24/2026 10:13:40,0.40,103.226
01/24/2026 10:23:40,1.03,103.236
01/24/2026 10:33:40,2.49,103.220
01/24/2026 10:43:40,3.68,103.216
01/24/2026 10:53:40,4.06,103.201
01/24/2026 11:03:40,5.16,103.152
01/24/2026 11:13:40,5.65,103.132
01/24/2026 11:23:40,5.98,103.142
01/24/2026 11:33:40,5.80,103.127
01/24/2026 11:43:40,4.87,103.131
01/24/2026 11:53:40,3.70,103.152
01/24/2026 12:03:40,1.70,103.183
01/24/2026 12:13:40,0.56,103.170
01/24/2026 12:23:40,-0.59,103.172
01/24/2026 12:33:40,-2.15,103.167
01/24/2026 12:43:40,-3.05,103.162
01/24/2026 12:53:40,-3.44,103.132
01/24/2026 13:03:40,-2.96,103.105
01/24/2026 13:13:40,-1.28,103.102
01/24/2026 13:23:40,0.86,103.070
01/24/2026 13:33:40,2.31,103.085
01/24/2026 13:43:40,2.62,103.077
01/24/2026 13:53:40,2.83,103.083
01/24/2026 14:03:40,3.03,103.114
01/24/2026 14:13:40,1.38,103.150
01/24/2026 14:23:40,-1.18,103.173
01/24/2026 14:33:40,-3.53,103.163
01/24/2026 14:43:40,-5.38,103.191
01/24/2026 14:53:40,-6.76,103.211
01/24/2026 15:03:40,-7.85,103.215
01/24/2026 15:13:40,-8.50,103.229
01/24/2026 15:23:40,-8.98,103.231
01/24/2026 15:33:40,-9.38,103.257
01/24/2026 15:43:40,-9.73,103.245
01/24/2026 15:53:40,-10.12,103.269
01/24/2026 16:03:40,-10.54,103.297
01/24/2026 16:13:40,-10.95,103.309
01/24/2026 16:23:40,-11.36,103.307
01/24/2026 16:33:40,-11.78,103.321
01/24/2026 16:43:40,-12.19,103.310
01/24/2026 16:53:40,-12.62,103.336
01/24/2026 17:03:40,-13.03,103.342
01/24/2026 17:13:40,-13.37,103.338
01/24/2026 17:23:40,-13.70,103.365
01/24/2026 17:33:40,-14.02,103.372
01/24/2026 17:43:40,-14.31,103.369
01/24/2026 17:53:40,-14.55,103.372
01/24/2026 18:03:40,-14.77,103.365
01/24/2026 18:13:40,-14.91,103.374
01/24/2026 18:23:40,-15.04,103.372
01/24/2026 18:33:40,-15.27,103.380
01/24/2026 18:43:40,-15.58,103.392
01/24/2026 18:53:40,-15.87,103.388
01/24/2026 19:03:40,-16.09,103.392
01/24/2026 19:13:40,-16.23,103.398
01/24/2026 19:23:40,-16.30,103.425
01/24/2026 19:33:40,-16.36,103.422
01/24/2026 19:43:40,-16.36,103.400
01/24/2026 19:53:40,-16.29,103.420
01/24/2026 20:03:40,-16.18,103.417
01/24/2026 20:13:40,-16.06,103.405
01/24/2026 20:23:40,-15.93,103.398
01/24/2026 20:33:40,-15.81,103.395
01/24/2026 20:43:40,-15.71,103.402
01/24/2026 20:53:40,-15.66,103.426
01/24/2026 21:03:40,-15.64,103.441
01/24/2026 21:13:40,-15.61,103.445
01/24/2026 21:23:40,-15.52,103.442
01/24/2026 21:33:40,-15.46,103.454
01/24/2026 21:43:40,-15.41,103.438
01/24/2026 21:53:40,-15.38,103.424
01/24/2026 22:03:40,-15.39,103.432
01/24/2026 22:13:40,-15.46,103.432
01/24/2026 22:23:40,-15.56,103.438
01/24/2026 22:33:40,-15.70,103.426
01/24/2026 22:43:40,-15.92,103.404
01/24/2026 22:53:40,-16.15,103.403
01/24/2026 23:03:40,-16.35,103.401
01/24/2026 23:13:40,-16.55,103.421
01/24/2026 23:23:40,-16.75,103.388
01/24/2026 23:33:40,-16.90,103.388
01/24/2026 23:43:40,-17.06,103.364
01/24/2026 23:53:40,-17.26,103.366
01/25/2026 00:03:40,-17.37,103.357
01/25/2026 00:13:40,-17.38,103.351
01/25/2026 00:23:40,-17.38,103.342
01/25/2026 00:33:40,-17.46,103.364
01/25/2026 00:43:40,-17.56,103.347
01/25/2026 00:53:40,-17.69,103.336
01/25/2026 01:03:40,-17.72,103.341
01/25/2026 01:13:40,-17.66,103.318
01/25/2026 01:23:40,-17.61,103.328
01/25/2026 01:33:40,-17.59,103.339
01/25/2026 01:43:40,-17.57,103.363
01/25/2026 01:53:40,-17.50,103.385
01/25/2026 02:03:40,-17.37,103.375
01/25/2026 02:13:40,-17.26,103.375
01/25/2026 02:23:40,-17.16,103.370
01/25/2026 02:33:40,-17.05,103.348
01/25/2026 02:43:40,-16.99,103.350
01/25/2026 02:53:40,-16.96,103.376
01/25/2026 03:03:40,-16.91,103.382
01/25/2026 03:13:40,-16.87,103.343
01/25/2026 03:23:40,-16.82,103.362
01/25/2026 03:33:40,-16.80,103.326
01/25/2026 03:43:40,-16.75,103.326
01/25/2026 03:53:40,-16.65,103.325
01/25/2026 04:03:40,-16.51,103.352
01/25/2026 04:13:40,-16.35,103.349
01/25/2026 04:23:40,-16.18,103.360
01/25/2026 04:33:40,-16.03,103.347
01/25/2026 04:43:40,-15.87,103.379
01/25/2026 04:53:40,-15.75,103.350
01/25/2026 05:03:40,-15.62,103.347
01/25/2026 05:13:40,-15.50,103.393
01/25/2026 05:23:40,-15.40,103.378
01/25/2026 05:33:40,-15.30,103.354
01/25/2026 05:43:40,-15.20,103.371
01/25/2026 05:53:40,-15.10,103.352
01/25/2026 06:03:40,-15.01,103.358
01/25/2026 06:13:40,-14.91,103.313
01/25/2026 06:23:40,-14.85,103.315
01/25/2026 06:33:40,-14.80,103.304
01/25/2026 06:43:40,-14.76,103.299
01/25/2026 06:53:40,-14.73,103.321
01/25/2026 07:03:40,-14.70,103.276
01/25/2026 07:13:40,-14.66,103.289
01/25/2026 07:23:40,-14.64,103.274
01/25/2026 07:33:40,-14.62,103.268
01/25/2026 07:43:40,-14.57,103.269
01/25/2026 07:53:40,-14.51,103.250
01/25/2026 08:03:40,-14.42,103.234
01/25/2026 08:13:40,-14.31,103.190
01/25/2026 08:23:40,-14.21,103.180
01/25/2026 08:33:40,-14.10,103.179
01/25/2026 08:43:40,-14.00,103.191
01/25/2026 08:53:40,-13.90,103.194
01/25/2026 09:03:40,-13.84,103.187
01/25/2026 09:13:40,-13.82,103.221
01/25/2026 09:23:40,-13.78,103.260
01/25/2026 09:33:40,-13.77,103.239
01/25/2026 09:43:40,-13.82,103.273
01/25/2026 09:53:40,-13.85,103.278
01/25/2026 10:03:40,-13.89,103.252
01/25/2026 10:13:40,-13.90,103.246
01/25/2026 10:23:40,-13.89,103.191
01/25/2026 10:33:40,-13.91,103.145
01/25/2026 10:43:40,-13.90,103.124
01/25/2026 10:53:40,-13.89,103.081
01/25/2026 11:03:40,-13.87,103.044
01/25/2026 11:13:40,-13.86,102.993
01/25/2026 11:23:40,-13.83,102.966
01/25/2026 11:33:40,-13.80,102.922
01/25/2026 11:43:40,-13.72,102.900
01/25/2026 11:53:40,-13.66,102.836
01/25/2026 12:03:40,-13.71,102.783
01/25/2026 12:13:40,-13.76,102.751
01/25/2026 12:23:40,-13.83,102.769
01/25/2026 12:33:40,-13.91,102.756
01/25/2026 12:43:40,-14.00,102.688
01/25/2026 12:53:40,-14.08,102.688
01/25/2026 13:03:40,-14.14,102.629
01/25/2026 13:13:40,-14.14,102.566
01/25/2026 13:23:40,-14.11,102.505
01/25/2026 13:33:40,-14.08,102.451
01/25/2026 13:43:40,-14.06,102.445
01/25/2026 13:53:40,-14.05,102.412
01/25/2026 14:03:40,-14.08,102.359
01/25/2026 14:13:40,-14.14,102.366
01/25/2026 14:23:40,-14.19,102.325
01/25/2026 14:33:40,-14.24,102.350
01/25/2026 14:43:40,-14.28,102.302
01/25/2026 14:53:40,-14.29,102.253
01/25/2026 15:03:40,-14.27,102.246
01/25/2026 15:13:40,-14.24,102.193
01/25/2026 15:23:40,-14.22,102.165
01/25/2026 15:33:40,-14.21,102.118
01/25/2026 15:43:40,-14.23,102.080
01/25/2026 15:53:40,-14.24,102.043
01/25/2026 16:03:40,-14.25,102.047
01/25/2026 16:13:40,-14.27,101.993
01/25/2026 16:23:40,-14.28,101.947
01/25/2026 16:33:40,-14.31,101.927
01/25/2026 16:43:40,-14.31,101.904
01/25/2026 16:53:40,-14.33,101.889
01/25/2026 17:03:40,-14.35,101.861
01/25/2026 17:13:40,-14.36,101.843
01/25/2026 17:23:40,-14.37,101.811
01/25/2026 17:33:40,-14.38,101.792
01/25/2026 17:43:40,-14.39,101.773
01/25/2026 17:53:40,-14.39,101.774
01/25/2026 18:03:40,-14.38,101.739
01/25/2026 18:13:40,-14.36,101.689
01/25/2026 18:23:40,-14.34,101.669
01/25/2026 18:33:40,-14.31,101.659
01/25/2026 18:43:40,-14.28,101.624
01/25/2026 18:53:40,-14.24,101.580
01/25/2026 19:03:40,-14.20,101.541
01/25/2026 19:13:40,-14.15,101.507
01/25/2026 19:23:40,-14.11,101.469
01/25/2026 19:33:40,-14.08,101.393
01/25/2026 19:43:40,-14.07,101.359
01/25/2026 19:53:40,-14.06,101.322
01/25/2026 20:03:40,-14.02,101.278
01/25/2026 20:13:40,-13.98,101.270
01/25/2026 20:23:40,-13.92,101.223
01/25/2026 20:33:40,-13.86,101.209
01/25/2026 20:43:40,-13.80,101.163
01/25/2026 20:53:40,-13.75,101.099
01/25/2026 21:03:40,-13.69,101.071
01/25/2026 21:13:40,-13.63,101.017
01/25/2026 21:23:40,-13.54,100.983
01/25/2026 21:33:40,-13.44,100.959
01/25/2026 21:43:40,-13.34,100.957
01/25/2026 21:53:40,-13.26,100.879
01/25/2026 22:03:40,-13.19,100.773
01/25/2026 22:13:40,-13.13,100.837
01/25/2026 22:23:40,-13.06,100.885
01/25/2026 22:33:40,-12.97,100.973
01/25/2026 22:43:40,-12.87,101.005
01/25/2026 22:53:40,-12.76,100.996
01/25/2026 23:03:40,-12.62,100.924
01/25/2026 23:13:40,-12.49,100.891
01/25/2026 23:23:40,-12.38,100.886
01/25/2026 23:33:40,-12.27,100.889
01/25/2026 23:43:40,-12.17,100.840
01/25/2026 23:53:40,-12.09,100.858
01/26/2026 00:03:40,-12.01,100.879
01/26/2026 00:13:40,-11.94,100.851
01/26/2026 00:23:40,-11.88,100.827
01/26/2026 00:33:40,-11.83,100.781
01/26/2026 00:43:40,-11.78,100.743
01/26/2026 00:53:40,-11.74,100.656
01/26/2026 01:03:40,-11.70,100.698
01/26/2026 01:13:40,-11.68,100.701
01/26/2026 01:23:40,-11.67,100.668
01/26/2026 01:33:40,-11.65,100.661
01/26/2026 01:43:40,-11.63,100.610
01/26/2026 01:53:40,-11.61,100.599
01/26/2026 02:03:40,-11.59,100.650
01/26/2026 02:13:40,-11.56,100.671
01/26/2026 02:23:40,-11.53,100.648
01/26/2026 02:33:40,-11.51,100.659
01/26/2026 02:43:40,-11.49,100.622
01/26/2026 02:53:40,-11.46,100.629
01/26/2026 03:03:40,-11.45,100.617
01/26/2026 03:13:40,-11.43,100.628
01/26/2026 03:23:40,-11.42,100.629
01/26/2026 03:33:40,-11.40,100.592
01/26/2026 03:43:40,-11.37,100.630
01/26/2026 03:53:40,-11.34,100.629
01/26/2026 04:03:40,-11.31,100.667
01/26/2026 04:13:40,-11.29,100.626
01/26/2026 04:23:40,-11.27,100.567
01/26/2026 04:33:40,-11.24,100.535
01/26/2026 04:43:40,-11.21,100.499
01/26/2026 04:53:40,-11.19,100.536
01/26/2026 05:03:40,-11.16,100.544
01/26/2026 05:13:40,-11.14,100.441
01/26/2026 05:23:40,-11.13,100.508
01/26/2026 05:33:40,-11.11,100.523
01/26/2026 05:43:40,-11.09,100.529
01/26/2026 05:53:40,-11.07,100.509
01/26/2026 06:03:40,-11.05,100.486
01/26/2026 06:13:40,-11.01,100.529
01/26/2026 06:23:40,-10.98,100.550
01/26/2026 06:33:40,-10.95,100.566
01/26/2026 06:43:40,-10.93,100.548
01/26/2026 06:53:40,-10.90,100.524
01/26/2026 07:03:40,-10.87,100.536
01/26/2026 07:13:40,-10.84,100.548
01/26/2026 07:23:40,-10.81,100.521
01/26/2026 07:33:40,-10.76,100.500
01/26/2026 07:43:40,-10.69,100.486
01/26/2026 07:53:40,-10.60,100.522
01/26/2026 08:03:40,-10.50,100.554
01/26/2026 08:13:40,-10.40,100.574
01/26/2026 08:23:40,-10.28,100.561
01/26/2026 08:33:40,-10.13,100.564
01/26/2026 08:43:40,-9.94,100.558
01/26/2026 08:53:40,-9.71,100.548
01/26/2026 09:03:40,-9.44,100.533
01/26/2026 09:13:40,-9.12,100.528
01/26/2026 09:23:40,-8.76,100.517
01/26/2026 09:33:40,-8.41,100.493
01/26/2026 09:43:40,-8.09,100.496
01/26/2026 09:53:40,-7.78,100.493
01/26/2026 10:03:40,-7.43,100.500
01/26/2026 10:13:40,-7.02,100.494
01/26/2026 10:23:40,-6.66,100.500
01/26/2026 10:33:40,-6.35,100.461
01/26/2026 10:43:40,-5.97,100.461
01/26/2026 10:53:40,-5.56,100.441
01/26/2026 11:03:40,-5.31,100.444
01/26/2026 11:13:40,-5.17,100.445
01/26/2026 11:23:40,-5.01,100.400
01/26/2026 11:33:40,-4.81,100.381
01/26/2026 11:43:40,-4.61,100.352
01/26/2026 11:53:40,-4.37,100.336
01/26/2026 12:03:40,-4.16,100.305
01/26/2026 12:13:40,-3.79,100.293
01/26/2026 12:23:40,-3.17,100.283
01/26/2026 12:33:40,-2.77,100.264
01/26/2026 12:43:40,-2.48,100.262
01/26/2026 12:53:40,-2.14,100.242
01/26/2026 13:03:40,-1.80,100.222
01/26/2026 13:13:40,-1.57,100.203
01/26/2026 13:23:40,-1.39,100.203
01/26/2026 13:33:40,-1.16,100.181
01/26/2026 13:43:40,-0.91,100.178
01/26/2026 13:53:40,-0.77,100.182
01/26/2026 14:03:40,-0.65,100.198
01/26/2026 14:13:40,-0.55,100.177
01/26/2026 14:23:40,-0.62,100.179
01/26/2026 14:33:40,-0.81,100.201
01/26/2026 14:43:40,-1.12,100.184
01/26/2026 14:53:40,-1.52,100.165
01/26/2026 15:03:40,-1.92,100.166
01/26/2026 15:13:40,-2.25,100.170
01/26/2026 15:23:40,-2.52,100.157
01/26/2026 15:33:40,-2.78,100.172
01/26/2026 15:43:40,-3.04,100.155
01/26/2026 15:53:40,-3.32,100.150
01/26/2026 16:03:40,-3.58,100.182
01/26/2026 16:13:40,-3.82,100.215
01/26/2026 16:23:40,-4.04,100.224
01/26/2026 16:33:40,-4.25,100.234
01/26/2026 16:43:40,-4.47,100.217
01/26/2026 16:53:40,-4.70,100.224
01/26/2026 17:03:40,-4.92,100.247
01/26/2026 17:13:40,-5.12,100.270
01/26/2026 17:23:40,-5.31,100.273
01/26/2026 17:33:40,-5.46,100.275
01/26/2026 17:43:40,-5.59,100.307
01/26/2026 17:53:40,-5.69,100.327
01/26/2026 18:03:40,-5.81,100.354
01/26/2026 18:13:40,-5.93,100.382
01/26/2026 18:23:40,-6.03,100.389
01/26/2026 18:33:40,-6.13,100.388
01/26/2026 18:43:40,-6.22,100.418
01/26/2026 18:53:40,-6.30,100.427
01/26/2026 19:03:40,-6.40,100.448
01/26/2026 19:13:40,-6.51,100.445
01/26/2026 19:23:40,-6.65,100.453
01/26/2026 19:33:40,-6.80,100.473
01/26/2026 19:43:40,-6.95,100.462
01/26/2026 19:53:40,-7.08,100.457
01/26/2026 20:03:40,-7.19,100.459
01/26/2026 20:13:40,-7.29,100.453
01/26/2026 20:23:40,-7.39,100.434
01/26/2026 20:33:40,-7.48,100.429
01/26/2026 20:43:40,-7.56,100.429
01/26/2026 20:53:40,-7.66,100.414
01/26/2026 21:03:40,-7.80,100.443
01/26/2026 21:13:40,-8.02,100.447
01/26/2026 21:23:40,-8.34,100.448
01/26/2026 21:33:40,-8.73,100.442
01/26/2026 21:43:40,-9.13,100.443
01/26/2026 21:53:40,-9.56,100.450
01/26/2026 22:03:40,-10.02,100.470
01/26/2026 22:13:40,-10.48,100.469
01/26/2026 22:23:40,-10.92,100.492
01/26/2026 22:33:40,-11.34,100.459
01/26/2026 22:43:40,-11.65,100.455
01/26/2026 22:53:40,-11.71,100.474
01/26/2026 23:03:40,-11.56,100.469
01/26/2026 23:13:40,-11.28,100.492
01/26/2026 23:23:40,-11.10,100.502
01/26/2026 23:33:40,-10.98,100.516
01/26/2026 23:43:40,-10.92,100.518
01/26/2026 23:53:40,-10.91,100.536
01/27/2026 00:03:40,-10.92,100.557
01/27/2026 00:13:40,-10.99,100.616
01/27/2026 00:23:40,-11.08,100.649
01/27/2026 00:33:40,-11.19,100.650
01/27/2026 00:43:40,-11.32,100.684
01/27/2026 00:53:40,-11.48,100.697
01/27/2026 01:03:40,-11.65,100.709
01/27/2026 01:13:40,-11.79,100.732
01/27/2026 01:23:40,-11.95,100.759
01/27/2026 01:33:40,-12.16,100.775
01/27/2026 01:43:40,-12.34,100.781
01/27/2026 01:53:40,-12.55,100.784
01/27/2026 02:03:40,-12.79,100.810
01/27/2026 02:13:40,-13.02,100.801
01/27/2026 02:23:40,-13.27,100.830
01/27/2026 02:33:40,-13.55,100.833
01/27/2026 02:43:40,-13.86,100.863
01/27/2026 02:53:40,-14.22,100.883
01/27/2026 03:03:40,-14.61,100.900
01/27/2026 03:13:40,-15.00,100.912
01/27/2026 03:23:40,-15.35,100.893
01/27/2026 03:33:40,-15.64,100.855
01/27/2026 03:43:40,-15.75,100.873
01/27/2026 03:53:40,-15.74,100.896
01/27/2026 04:03:40,-15.78,100.912
01/27/2026 04:13:40,-15.88,100.927
01/27/2026 04:23:40,-16.02,100.963
01/27/2026 04:33:40,-16.19,100.965
01/27/2026 04:43:40,-16.39,100.967
01/27/2026 04:53:40,-16.59,100.949
01/27/2026 05:03:40,-16.78,100.992
01/27/2026 05:13:40,-17.00,101.000
01/27/2026 05:23:40,-17.26,101.026
01/27/2026 05:33:40,-17.54,101.046
01/27/2026 05:43:40,-17.77,101.035
01/27/2026 05:53:40,-17.99,101.035
01/27/2026 06:03:40,-18.23,101.028
01/27/2026 06:13:40,-18.44,101.028
01/27/2026 06:23:40,-18.60,101.083
01/27/2026 06:33:40,-18.67,101.079
01/27/2026 06:43:40,-18.66,101.093
01/27/2026 06:53:40,-18.61,101.095
01/27/2026 07:03:40,-18.58,101.095
01/27/2026 07:13:40,-18.60,101.123
01/27/2026 07:23:40,-18.62,101.134
01/27/2026 07:33:40,-18.59,101.132
01/27/2026 07:43:40,-18.52,101.128
01/27/2026 07:53:40,-18.38,101.154
01/27/2026 08:03:40,-18.12,101.168
01/27/2026 08:13:40,-17.67,101.170
01/27/2026 08:23:40,-16.97,101.191
01/27/2026 08:33:40,-16.08,101.218
01/27/2026 08:43:40,-15.13,101.212
01/27/2026 08:53:40,-14.27,101.223
01/27/2026 09:03:40,-13.48,101.225
01/27/2026 09:13:40,-12.71,101.225
01/27/2026 09:23:40,-11.99,101.240
01/27/2026 09:33:40,-11.04,101.245
01/27/2026 09:43:40,-10.17,101.247
01/27/2026 09:53:40,-9.75,101.231
01/27/2026 10:03:40,-9.52,101.226
01/27/2026 10:13:40,-9.28,101.207
01/27/2026 10:23:40,-8.87,101.190
01/27/2026 10:33:40,-8.17,101.176
01/27/2026 10:43:40,-7.51,101.180
01/27/2026 10:53:40,-6.50,101.135
01/27/2026 11:03:40,-4.85,101.106
01/27/2026 11:13:40,-3.56,101.067
01/27/2026 11:23:40,-3.06,101.068
01/27/2026 11:33:40,-2.46,101.056
01/27/2026 11:43:40,-0.94,101.025
01/27/2026 11:53:40,0.19,100.994
01/27/2026 12:03:40,0.59,100.987
01/27/2026 12:13:40,1.06,100.942
01/27/2026 12:23:40,0.87,100.929
01/27/2026 12:33:40,0.48,100.915
01/27/2026 12:43:40,0.01,100.933
01/27/2026 12:53:40,-0.12,100.873
01/27/2026 13:03:40,0.14,100.852
01/27/2026 13:13:40,1.04,100.799
01/27/2026 13:23:40,1.57,100.768
01/27/2026 13:33:40,1.45,100.740
01/27/2026 13:43:40,0.72,100.739
01/27/2026 13:53:40,-0.01,100.720
01/27/2026 14:03:40,-0.64,100.714
01/27/2026 14:13:40,-1.11,100.696
01/27/2026 14:23:40,-1.57,100.688
01/27/2026 14:33:40,-1.95,100.687
01/27/2026 14:43:40,-2.22,100.665
01/27/2026 14:53:40,-2.45,100.687
01/27/2026 15:03:40,-2.71,100.688
01/27/2026 15:13:40,-2.97,100.689
01/27/2026 15:23:40,-3.28,100.694
01/27/2026 15:33:40,-3.56,100.706
01/27/2026 15:43:40,-3.75,100.709
01/27/2026 15:53:40,-3.93,100.722
01/27/2026 16:03:40,-4.19,100.736
01/27/2026 16:13:40,-4.51,100.744
01/27/2026 16:23:40,-4.83,100.739
01/27/2026 16:33:40,-5.16,100.745
01/27/2026 16:43:40,-5.53,100.743
01/27/2026 16:53:40,-5.95,100.766
01/27/2026 17:03:40,-6.37,100.767
01/27/2026 17:13:40,-6.79,100.799
01/27/2026 17:23:40,-7.18,100.784
01/27/2026 17:33:40,-7.61,100.787
01/27/2026 17:43:40,-8.08,100.787
01/27/2026 17:53:40,-8.54,100.799
01/27/2026 18:03:40,-8.98,100.819
01/27/2026 18:13:40,-9.37,100.847
01/27/2026 18:23:40,-9.63,100.863
01/27/2026 18:33:40,-9.73,100.883
01/27/2026 18:43:40,-9.76,100.884
01/27/2026 18:53:40,-9.83,100.907
01/27/2026 19:03:40,-9.92,100.907
01/27/2026 19:13:40,-10.02,100.922
01/27/2026 19:23:40,-10.14,100.914
01/27/2026 19:33:40,-10.34,100.914
01/27/2026 19:43:40,-10.62,100.875
01/27/2026 19:53:40,-10.93,100.906
01/27/2026 20:03:40,-11.26,100.905
01/27/2026 20:13:40,-11.58,100.914
01/27/2026 20:23:40,-11.88,100.911
01/27/2026 20:33:40,-12.14,100.913
01/27/2026 20:43:40,-12.39,100.929
01/27/2026 20:53:40,-12.61,100.912
01/27/2026 21:03:40,-12.82,100.920
01/27/2026 21:13:40,-13.06,100.932
01/27/2026 21:23:40,-13.33,100.946
01/27/2026 21:33:40,-13.58,100.952
01/27/2026 21:43:40,-13.87,100.963
01/27/2026 21:53:40,-14.20,100.973
01/27/2026 22:03:40,-14.52,100.971
01/27/2026 22:13:40,-14.81,100.973
01/27/2026 22:23:40,-15.06,100.975
01/27/2026 22:33:40,-15.27,100.976
01/27/2026 22:43:40,-15.50,100.989
01/27/2026 22:53:40,-15.69,100.980
01/27/2026 23:03:40,-15.87,100.981
01/27/2026 23:13:40,-16.06,100.976
01/27/2026 23:23:40,-16.32,100.985
01/27/2026 23:33:40,-16.59,100.967
01/27/2026 23:43:40,-16.83,100.977
01/27/2026 23:53:40,-17.06,100.980
01/28/2026 00:03:40,-17.28,100.989
01/28/2026 00:13:40,-17.49,100.994
01/28/2026 00:23:40,-17.66,100.979
01/28/2026 00:33:40,-17.83,100.971
01/28/2026 00:43:40,-18.03,100.969
01/28/2026 00:53:40,-18.22,100.959
01/28/2026 01:03:40,-18.38,100.988
01/28/2026 01:13:40,-18.52,100.989
01/28/2026 01:23:40,-18.65,100.998
01/28/2026 01:33:40,-18.74,101.006
01/28/2026 01:43:40,-18.81,101.001
01/28/2026 01:53:40,-18.91,101.019
01/28/2026 02:03:40,-19.04,101.008
01/28/2026 02:13:40,-19.10,101.010
01/28/2026 02:23:40,-19.13,101.024
01/28/2026 02:33:40,-19.15,101.026
01/28/2026 02:43:40,-19.22,101.038
01/28/2026 02:53:40,-19.37,101.042
01/28/2026 03:03:40,-19.48,101.054
01/28/2026 03:13:40,-19.44,101.037
01/28/2026 03:23:40,-19.31,101.045
01/28/2026 03:33:40,-19.03,101.049
01/28/2026 03:43:40,-18.61,101.069
01/28/2026 03:53:40,-18.41,101.081
01/28/2026 04:03:40,-18.41,101.101
01/28/2026 04:13:40,-18.55,101.103
01/28/2026 04:23:40,-18.76,101.103
01/28/2026 04:33:40,-19.01,101.120
01/28/2026 04:43:40,-19.31,101.114
01/28/2026 04:53:40,-19.60,101.109
01/28/2026 05:03:40,-19.83,101.111
01/28/2026 05:13:40,-20.06,101.105
01/28/2026 05:23:40,-20.28,101.109
01/28/2026 05:33:40,-20.49,101.127
01/28/2026 05:43:40,-20.66,101.149
01/28/2026 05:53:40,-20.84,101.135
01/28/2026 06:03:40,-21.02,101.129
01/28/2026 06:13:40,-21.22,101.144
01/28/2026 06:23:40,-21.40,101.139
01/28/2026 06:33:40,-21.56,101.166
01/28/2026 06:43:40,-21.69,101.181
01/28/2026 06:53:40,-21.80,101.202
01/28/2026 07:03:40,-21.86,101.199
01/28/2026 07:13:40,-21.88,101.240
01/28/2026 07:23:40,-21.87,101.258
01/28/2026 07:33:40,-21.79,101.290
01/28/2026 07:43:40,-21.70,101.285
01/28/2026 07:53:40,-21.54,101.296
01/28/2026 08:03:40,-21.31,101.324
01/28/2026 08:13:40,-20.97,101.328
01/28/2026 08:23:40,-20.37,101.363
01/28/2026 08:33:40,-19.64,101.375
01/28/2026 08:43:40,-18.58,101.408
01/28/2026 08:53:40,-16.81,101.421
01/28/2026 09:03:40,-14.24,101.467
01/28/2026 09:13:40,-11.17,101.479
01/28/2026 09:23:40,-7.78,101.494
01/28/2026 09:33:40,-4.41,101.474
01/28/2026 09:43:40,-1.18,101.416
01/28/2026 09:53:40,1.61,101.398
01/28/2026 10:03:40,3.80,101.368
01/28/2026 10:13:40,5.45,101.365
01/28/2026 10:23:40,6.23,101.377
01/28/2026 10:33:40,7.35,101.342
01/28/2026 10:43:40,8.71,101.320
01/28/2026 10:53:40,8.26,101.333
01/28/2026 11:03:40,8.53,101.283
01/28/2026 11:13:40,9.56,101.246
01/28/2026 11:23:40,9.70,101.244
01/28/2026 11:33:40,8.38,101.241
01/28/2026 11:43:40,6.99,101.233
01/28/2026 11:53:40,6.18,101.250
01/28/2026 12:03:40,5.59,101.217
01/28/2026 12:13:40,5.12,101.186
01/28/2026 12:23:40,4.52,101.219
01/28/2026 12:33:40,3.31,101.228
01/28/2026 12:43:40,2.44,101.203
01/28/2026 12:53:40,2.52,101.184
01/28/2026 13:03:40,2.94,101.133
01/28/2026 13:13:40,3.48,101.110
01/28/2026 13:23:40,4.14,101.106
01/28/2026 13:33:40,4.46,101.112
01/28/2026 13:43:40,5.19,101.087
01/28/2026 13:53:40,4.59,101.088
01/28/2026 14:03:40,3.55,101.095
01/28/2026 14:13:40,2.89,101.098
01/28/2026 14:23:40,2.09,101.106
01/28/2026 14:33:40,1.13,101.103
01/28/2026 14:43:40,0.37,101.116
01/28/2026 14:53:40,-0.37,101.079
01/28/2026 15:03:40,-1.16,101.105
01/28/2026 15:13:40,-2.02,101.120
01/28/2026 15:23:40,-2.74,101.120
01/28/2026 15:33:40,-3.31,101.131
01/28/2026 15:43:40,-3.69,101.106
01/28/2026 15:53:40,-4.02,101.100
01/28/2026 16:03:40,-4.35,101.085
01/28/2026 16:13:40,-4.71,101.093
01/28/2026 16:23:40,-5.05,101.094
01/28/2026 16:33:40,-5.40,101.112
01/28/2026 16:43:40,-5.76,101.106
01/28/2026 16:53:40,-6.18,101.116
01/28/2026 17:03:40,-6.64,101.134
01/28/2026 17:13:40,-7.11,101.121
01/28/2026 17:23:40,-7.56,101.127
01/28/2026 17:33:40,-7.98,101.126
01/28/2026 17:43:40,-8.34,101.141
01/28/2026 17:53:40,-8.66,101.151
01/28/2026 18:03:40,-8.98,101.152
01/28/2026 18:13:40,-9.32,101.173
01/28/2026 18:23:40,-9.66,101.172
01/28/2026 18:33:40,-9.99,101.170
01/28/2026 18:43:40,-10.32,101.170
01/28/2026 18:53:40,-10.61,101.186
01/28/2026 19:03:40,-10.87,101.189
01/28/2026 19:13:40,-11.11,101.184
01/28/2026 19:23:40,-11.35,101.176
01/28/2026 19:33:40,-11.57,101.177
01/28/2026 19:43:40,-11.79,101.161
01/28/2026 19:53:40,-12.01,101.163
01/28/2026 20:03:40,-12.25,101.163
01/28/2026 20:13:40,-12.49,101.141
01/28/2026 20:23:40,-12.74,101.134
01/28/2026 20:33:40,-12.98,101.156
01/28/2026 20:43:40,-13.19,101.140
01/28/2026 20:53:40,-13.40,101.134
01/28/2026 21:03:40,-13.62,101.136
01/28/2026 21:13:40,-13.85,101.145
01/28/2026 21:23:40,-14.07,101.149
01/28/2026 21:33:40,-14.27,101.140
01/28/2026 21:43:40,-14.45,101.132
01/28/2026 21:53:40,-14.65,101.123
01/28/2026 22:03:40,-14.83,101.123
01/28/2026 22:13:40,-15.02,101.119
01/28/2026 22:23:40,-15.20,101.107
01/28/2026 22:33:40,-15.39,101.098
01/28/2026 22:43:40,-15.55,101.096
01/28/2026 22:53:40,-15.72,101.104
01/28/2026 23:03:40,-15.92,101.089
01/28/2026 23:13:40,-16.13,101.086
01/28/2026 23:23:40,-16.33,101.110
01/28/2026 23:33:40,-16.56,101.079
01/28/2026 23:43:40,-16.76,101.099
01/28/2026 23:53:40,-16.92,101.110
01/29/2026 00:03:40,-16.97,101.104
01/29/2026 00:13:40,-16.99,101.089
01/29/2026 00:23:40,-17.04,101.123
01/29/2026 00:33:40,-17.13,101.107
01/29/2026 00:43:40,-17.25,101.080
01/29/2026 00:53:40,-17.30,101.069
01/29/2026 01:03:40,-17.37,101.066
01/29/2026 01:13:40,-17.46,101.081
01/29/2026 01:23:40,-17.54,101.050
01/29/2026 01:33:40,-17.64,101.055
01/29/2026 01:43:40,-17.77,101.066
01/29/2026 01:53:40,-17.94,101.084
01/29/2026 02:03:40,-18.16,101.076
01/29/2026 02:13:40,-18.39,101.070
01/29/2026 02:23:40,-18.60,101.065
01/29/2026 02:33:40,-18.82,101.083
01/29/2026 02:43:40,-19.03,101.066
01/29/2026 02:53:40,-19.16,101.063
01/29/2026 03:03:40,-19.25,101.053
01/29/2026 03:13:40,-19.33,101.056
01/29/2026 03:23:40,-19.43,101.083
01/29/2026 03:33:40,-19.60,101.088
01/29/2026 03:43:40,-19.82,101.074
01/29/2026 03:53:40,-20.00,101.030
01/29/2026 04:03:40,-20.19,101.063
01/29/2026 04:13:40,-20.42,101.082
01/29/2026 04:23:40,-20.68,101.081
01/29/2026 04:33:40,-20.90,101.067
01/29/2026 04:43:40,-21.04,101.070
01/29/2026 04:53:40,-21.18,101.063
01/29/2026 05:03:40,-21.32,101.066
01/29/2026 05:13:40,-21.52,101.071
01/29/2026 05:23:40,-21.74,101.061
01/29/2026 05:33:40,-21.93,101.055
01/29/2026 05:43:40,-22.06,101.051
01/29/2026 05:53:40,-22.18,101.071
01/29/2026 06:03:40,-22.32,101.079
01/29/2026 06:13:40,-22.42,101.080
01/29/2026 06:23:40,-22.47,101.095
01/29/2026 06:33:40,-22.56,101.118
01/29/2026 06:43:40,-22.66,101.123
01/29/2026 06:53:40,-22.69,101.124
01/29/2026 07:03:40,-22.64,101.122
01/29/2026 07:13:40,-22.58,101.125
01/29/2026 07:23:40,-22.59,101.145
01/29/2026 07:33:40,-22.56,101.154
01/29/2026 07:43:40,-22.43,101.174
01/29/2026 07:53:40,-22.14,101.193
01/29/2026 08:03:40,-21.64,101.209
01/29/2026 08:13:40,-20.88,101.226
01/29/2026 08:23:40,-19.95,101.259
01/29/2026 08:33:40,-18.96,101.275
01/29/2026 08:43:40,-17.87,101.294
01/29/2026 08:53:40,-16.41,101.306
01/29/2026 09:03:40,-14.31,101.328
01/29/2026 09:13:40,-11.85,101.330
01/29/2026 09:23:40,-9.13,101.346
01/29/2026 09:33:40,-6.43,101.340
01/29/2026 09:43:40,-3.86,101.305
01/29/2026 09:53:40,-1.31,101.289
01/29/2026 10:03:40,0.89,101.266
01/29/2026 10:13:40,2.62,101.232
01/29/2026 10:23:40,3.97,101.202
01/29/2026 10:33:40,5.32,101.164
01/29/2026 10:43:40,6.82,101.161
01/29/2026 10:53:40,7.38,101.142
01/29/2026 11:03:40,8.55,101.095
01/29/2026 11:13:40,10.17,101.068
01/29/2026 11:23:40,11.27,101.050
01/29/2026 11:33:40,11.16,101.060
01/29/2026 11:43:40,10.16,101.071
01/29/2026 11:53:40,8.81,101.084
01/29/2026 12:03:40,7.54,101.097
01/29/2026 12:13:40,6.83,101.070
01/29/2026 12:23:40,5.79,101.071
01/29/2026 12:33:40,3.82,101.105
01/29/2026 12:43:40,2.60,101.094
01/29/2026 12:53:40,2.22,101.060
01/29/2026 13:03:40,2.92,101.034
01/29/2026 13:13:40,4.01,100.998
01/29/2026 13:23:40,5.35,100.994
01/29/2026 13:33:40,5.79,101.004
01/29/2026 13:43:40,6.07,100.997
01/29/2026 13:53:40,6.30,100.981
01/29/2026 14:03:40,6.53,100.996
01/29/2026 14:13:40,5.52,101.026
01/29/2026 14:23:40,3.33,101.084
01/29/2026 14:33:40,1.28,101.103
01/29/2026 14:43:40,-0.21,101.120
01/29/2026 14:53:40,-1.40,101.144
01/29/2026 15:03:40,-2.52,101.138
01/29/2026 15:13:40,-3.19,101.143
01/29/2026 15:23:40,-3.77,101.143
01/29/2026 15:33:40,-4.21,101.156
01/29/2026 15:43:40,-4.59,101.158
01/29/2026 15:53:40,-4.95,101.174
01/29/2026 16:03:40,-5.29,101.180
01/29/2026 16:13:40,-5.58,101.186
01/29/2026 16:23:40,-5.90,101.192
01/29/2026 16:33:40,-6.27,101.208
01/29/2026 16:43:40,-6.66,101.206
01/29/2026 16:53:40,-7.07,101.231
01/29/2026 17:03:40,-7.50,101.212
01/29/2026 17:13:40,-8.02,101.214
01/29/2026 17:23:40,-8.56,101.223
01/29/2026 17:33:40,-9.10,101.226
01/29/2026 17:43:40,-9.62,101.241
01/29/2026 17:53:40,-10.10,101.237
01/29/2026 18:03:40,-10.54,101.251
01/29/2026 18:13:40,-10.92,101.267
01/29/2026 18:23:40,-11.25,101.287
01/29/2026 18:33:40,-11.45,101.273
01/29/2026 18:43:40,-11.55,101.293
01/29/2026 18:53:40,-11.60,101.297
01/29/2026 19:03:40,-11.64,101.270
01/29/2026 19:13:40,-11.72,101.279
01/29/2026 19:23:40,-11.81,101.265
01/29/2026 19:33:40,-11.93,101.260
01/29/2026 19:43:40,-12.10,101.285
01/29/2026 19:53:40,-12.26,101.284
01/29/2026 20:03:40,-12.42,101.302
01/29/2026 20:13:40,-12.56,101.290
01/29/2026 20:23:40,-12.70,101.283
01/29/2026 20:33:40,-12.78,101.305
01/29/2026 20:43:40,-12.69,101.307
01/29/2026 20:53:40,-12.53,101.328
01/29/2026 21:03:40,-12.45,101.316
01/29/2026 21:13:40,-12.38,101.327
01/29/2026 21:23:40,-12.36,101.321
01/29/2026 21:33:40,-12.27,101.340
01/29/2026 21:43:40,-12.17,101.347
01/29/2026 21:53:40,-12.09,101.348
01/29/2026 22:03:40,-12.07,101.349
01/29/2026 22:13:40,-12.07,101.327
01/29/2026 22:23:40,-12.11,101.345
01/29/2026 22:33:40,-12.12,101.335
01/29/2026 22:43:40,-12.11,101.349
01/29/2026 22:53:40,-12.16,101.348
01/29/2026 23:03:40,-12.22,101.341
01/29/2026 23:13:40,-12.30,101.337
01/29/2026 23:23:40,-12.35,101.318
01/29/2026 23:33:40,-12.43,101.300
01/29/2026 23:43:40,-12.51,101.321
01/29/2026 23:53:40,-12.59,101.300
01/30/2026 00:03:40,-12.70,101.292
01/30/2026 00:13:40,-12.81,101.271
01/30/2026 00:23:40,-12.93,101.262
01/30/2026 00:33:40,-13.09,101.270
01/30/2026 00:43:40,-13.18,101.255
01/30/2026 00:53:40,-13.25,101.265
01/30/2026 01:03:40,-13.31,101.263
01/30/2026 01:13:40,-13.41,101.256
01/30/2026 01:23:40,-13.56,101.265
01/30/2026 01:33:40,-13.73,101.254
01/30/2026 01:43:40,-13.87,101.247
01/30/2026 01:53:40,-13.99,101.251
01/30/2026 02:03:40,-14.12,101.267
01/30/2026 02:13:40,-14.36,101.265
01/30/2026 02:23:40,-14.66,101.265
01/30/2026 02:33:40,-14.93,101.265
01/30/2026 02:43:40,-14.99,101.263
01/30/2026 02:53:40,-15.00,101.257
01/30/2026 03:03:40,-15.06,101.250
01/30/2026 03:13:40,-15.09,101.238
01/30/2026 03:23:40,-15.12,101.239
01/30/2026 03:33:40,-15.22,101.236
01/30/2026 03:43:40,-15.37,101.248
01/30/2026 03:53:40,-15.55,101.258
01/30/2026 04:03:40,-15.75,101.257
01/30/2026 04:13:40,-15.93,101.253
01/30/2026 04:23:40,-16.06,101.251
01/30/2026 04:33:40,-16.14,101.254
01/30/2026 04:43:40,-16.18,101.228
01/30/2026 04:53:40,-16.27,101.227
01/30/2026 05:03:40,-16.37,101.228
01/30/2026 05:13:40,-16.45,101.223
01/30/2026 05:23:40,-16.53,101.187
01/30/2026 05:33:40,-16.62,101.181
01/30/2026 05:43:40,-16.78,101.188
01/30/2026 05:53:40,-16.97,101.196
01/30/2026 06:03:40,-17.15,101.205
01/30/2026 06:13:40,-17.34,101.222
01/30/2026 06:23:40,-17.53,101.242
01/30/2026 06:33:40,-17.76,101.228
01/30/2026 06:43:40,-18.02,101.246
01/30/2026 06:53:40,-18.29,101.252
01/30/2026 07:03:40,-18.58,101.260
01/30/2026 07:13:40,-18.82,101.252
01/30/2026 07:23:40,-19.01,101.274
01/30/2026 07:33:40,-19.05,101.294
01/30/2026 07:43:40,-18.99,101.294
01/30/2026 07:53:40,-18.84,101.316
01/30/2026 08:03:40,-18.55,101.312
01/30/2026 08:13:40,-18.10,101.331
01/30/2026 08:23:40,-17.51,101.337
01/30/2026 08:33:40,-16.69,101.373
01/30/2026 08:43:40,-15.47,101.363
01/30/2026 08:53:40,-13.65,101.395
01/30/2026 09:03:40,-11.30,101.413
01/30/2026 09:13:40,-9.03,101.440
01/30/2026 09:23:40,-6.73,101.441
01/30/2026 09:33:40,-4.64,101.438
01/30/2026 09:43:40,-2.64,101.430
01/30/2026 09:53:40,-0.68,101.428
01/30/2026 10:03:40,0.89,101.407
01/30/2026 10:13:40,1.96,101.398
01/30/2026 10:23:40,2.41,101.417
01/30/2026 10:33:40,3.04,101.407
01/30/2026 10:43:40,4.35,101.367
01/30/2026 10:53:40,4.66,101.359
01/30/2026 11:03:40,5.41,101.326
01/30/2026 11:13:40,6.61,101.285
01/30/2026 11:23:40,6.70,101.284
01/30/2026 11:33:40,5.98,101.290
01/30/2026 11:43:40,4.99,101.317
01/30/2026 11:53:40,3.75,101.342
01/30/2026 12:03:40,2.03,101.347
01/30/2026 12:13:40,0.52,101.350
01/30/2026 12:23:40,-0.99,101.341
01/30/2026 12:33:40,-2.67,101.343
01/30/2026 12:43:40,-3.32,101.315
01/30/2026 12:53:40,-3.33,101.300
01/30/2026 13:03:40,-2.53,101.286
01/30/2026 13:13:40,-1.34,101.260
01/30/2026 13:23:40,0.69,101.234
01/30/2026 13:33:40,1.96,101.235
01/30/2026 13:43:40,2.98,101.225
01/30/2026 13:53:40,3.48,101.239
01/30/2026 14:03:40,3.49,101.248
01/30/2026 14:13:40,2.21,101.280
01/30/2026 14:23:40,-0.03,101.308
01/30/2026 14:33:40,-2.35,101.317
01/30/2026 14:43:40,-3.97,101.330
01/30/2026 14:53:40,-5.26,101.332
01/30/2026 15:03:40,-6.31,101.335
01/30/2026 15:13:40,-7.00,101.356
01/30/2026 15:23:40,-7.69,101.359
01/30/2026 15:33:40,-8.18,101.368
01/30/2026 15:43:40,-8.60,101.368
01/30/2026 15:53:40,-8.94,101.354
01/30/2026 16:03:40,-9.25,101.364
01/30/2026 16:13:40,-9.49,101.369
01/30/2026 16:23:40,-9.73,101.382
01/30/2026 16:33:40,-10.00,101.385
01/30/2026 16:43:40,-10.27,101.394
01/30/2026 16:53:40,-10.55,101.425
01/30/2026 17:03:40,-10.83,101.438
01/30/2026 17:13:40,-11.10,101.435
01/30/2026 17:23:40,-11.36,101.450
01/30/2026 17:33:40,-11.60,101.467
01/30/2026 17:43:40,-11.85,101.484
01/30/2026 17:53:40,-12.11,101.476
01/30/2026 18:03:40,-12.49,101.491
01/30/2026 18:13:40,-12.91,101.491
01/30/2026 18:23:40,-13.31,101.503
01/30/2026 18:33:40,-13.67,101.471
01/30/2026 18:43:40,-13.98,101.492
01/30/2026 18:53:40,-14.25,101.505
01/30/2026 19:03:40,-14.50,101.490
01/30/2026 19:13:40,-14.75,101.496
01/30/2026 19:23:40,-14.98,101.495
01/30/2026 19:33:40,-15.23,101.484
01/30/2026 19:43:40,-15.49,101.484
01/30/2026 19:53:40,-15.76,101.491
01/30/2026 20:03:40,-16.01,101.488
01/30/2026 20:13:40,-16.24,101.474
01/30/2026 20:23:40,-16.47,101.482
01/30/2026 20:33:40,-16.71,101.489
01/30/2026 20:43:40,-16.92,101.490
01/30/2026 20:53:40,-17.10,101.472
01/30/2026 21:03:40,-17.28,101.460
01/30/2026 21:13:40,-17.45,101.475
01/30/2026 21:23:40,-17.63,101.480
01/30/2026 21:33:40,-17.78,101.466
01/30/2026 21:43:40,-17.95,101.472
01/30/2026 21:53:40,-18.13,101.497
01/30/2026 22:03:40,-18.29,101.479
01/30/2026 22:13:40,-18.44,101.491
01/30/2026 22:23:40,-18.56,101.489
01/30/2026 22:33:40,-18.66,101.491
01/30/2026 22:43:40,-18.78,101.498
01/30/2026 22:53:40,-18.93,101.488
01/30/2026 23:03:40,-19.07,101.480
01/30/2026 23:13:40,-19.21,101.458
01/30/2026 23:23:40,-19.37,101.452
01/30/2026 23:33:40,-19.54,101.448
01/30/2026 23:43:40,-19.72,101.439
01/30/2026 23:53:40,-19.89,101.454
01/31/2026 00:03:40,-20.03,101.441
01/31/2026 00:13:40,-20.16,101.432
01/31/2026 00:23:40,-20.29,101.429
01/31/2026 00:33:40,-20.37,101.419
01/31/2026 00:43:40,-20.46,101.448
01/31/2026 00:53:40,-20.59,101.445
01/31/2026 01:03:40,-20.70,101.453
01/31/2026 01:13:40,-20.78,101.456
01/31/2026 01:23:40,-20.86,101.459
01/31/2026 01:33:40,-20.97,101.480
01/31/2026 01:43:40,-21.04,101.489
01/31/2026 01:53:40,-21.08,101.484
01/31/2026 02:03:40,-21.11,101.480
01/31/2026 02:13:40,-21.18,101.479
01/31/2026 02:23:40,-21.30,101.487
01/31/2026 02:33:40,-21.43,101.480
01/31/2026 02:43:40,-21.55,101.491
01/31/2026 02:53:40,-21.67,101.492
01/31/2026 03:03:40,-21.77,101.485
01/31/2026 03:13:40,-21.87,101.489
01/31/2026 03:23:40,-21.98,101.488
01/31/2026 03:33:40,-22.10,101.478
01/31/2026 03:43:40,-22.20,101.509
01/31/2026 03:53:40,-22.31,101.490
01/31/2026 04:03:40,-22.42,101.493
01/31/2026 04:13:40,-22.53,101.492
01/31/2026 04:23:40,-22.65,101.499
01/31/2026 04:33:40,-22.75,101.507
01/31/2026 04:43:40,-22.84,101.491
01/31/2026 04:53:40,-22.96,101.489
01/31/2026 05:03:40,-23.08,101.470
01/31/2026 05:13:40,-23.15,101.473
01/31/2026 05:23:40,-23.27,101.480
01/31/2026 05:33:40,-23.36,101.468
01/31/2026 05:43:40,-23.44,101.471
01/31/2026 05:53:40,-23.52,101.470
01/31/2026 06:03:40,-23.58,101.492
01/31/2026 06:13:40,-23.69,101.492
01/31/2026 06:23:40,-23.82,101.505
01/31/2026 06:33:40,-23.90,101.521
01/31/2026 06:43:40,-23.94,101.529
01/31/2026 06:53:40,-23.99,101.544
01/31/2026 07:03:40,-24.04,101.568
01/31/2026 07:13:40,-24.09,101.575
01/31/2026 07:23:40,-24.11,101.581
01/31/2026 07:33:40,-24.09,101.579
01/31/2026 07:43:40,-23.98,101.588
01/31/2026 07:53:40,-23.78,101.593
01/31/2026 08:03:40,-23.50,101.608
01/31/2026 08:13:40,-23.12,101.621
01/31/2026 08:23:40,-22.63,101.624
01/31/2026 08:33:40,-21.91,101.650
01/31/2026 08:43:40,-20.75,101.655
01/31/2026 08:53:40,-18.84,101.695
01/31/2026 09:03:40,-16.16,101.742
01/31/2026 09:13:40,-13.18,101.793
01/31/2026 09:23:40,-9.92,101.818
01/31/2026 09:33:40,-6.61,101.813
01/31/2026 09:43:40,-3.52,101.787
01/31/2026 09:53:40,-0.64,101.727
01/31/2026 10:03:40,1.74,101.687
01/31/2026 10:13:40,3.49,101.645
01/31/2026 10:23:40,4.69,101.631
01/31/2026 10:33:40,5.85,101.593
01/31/2026 10:43:40,7.09,101.573
01/31/2026 10:53:40,7.36,101.582
01/31/2026 11:03:40,7.94,101.572
01/31/2026 11:13:40,8.86,101.545
01/31/2026 11:23:40,9.47,101.522
01/31/2026 11:33:40,8.95,101.534
01/31/2026 11:43:40,8.17,101.529
01/31/2026 11:53:40,6.73,101.543
01/31/2026 12:03:40,5.08,101.531
01/31/2026 12:13:40,4.04,101.513
01/31/2026 12:23:40,3.12,101.503
01/31/2026 12:33:40,1.58,101.488
01/31/2026 12:43:40,0.93,101.485
01/31/2026 12:53:40,0.65,101.486
01/31/2026 13:03:40,1.29,101.448
01/31/2026 13:13:40,2.58,101.415
01/31/2026 13:23:40,4.76,101.354
01/31/2026 13:33:40,6.66,101.312
01/31/2026 13:43:40,8.36,101.292
01/31/2026 13:53:40,9.20,101.284
01/31/2026 14:03:40,9.01,101.304
01/31/2026 14:13:40,7.60,101.323
01/31/2026 14:23:40,5.34,101.355
01/31/2026 14:33:40,3.07,101.383
01/31/2026 14:43:40,1.44,101.395
01/31/2026 14:53:40,0.14,101.403
01/31/2026 15:03:40,-0.98,101.387
01/31/2026 15:13:40,-1.70,101.392
01/31/2026 15:23:40,-2.46,101.394
01/31/2026 15:33:40,-3.11,101.397
01/31/2026 15:43:40,-3.66,101.418
01/31/2026 15:53:40,-4.12,101.429
01/31/2026 16:03:40,-4.55,101.456
01/31/2026 16:13:40,-4.91,101.456
01/31/2026 16:23:40,-5.30,101.482
01/31/2026 16:33:40,-5.74,101.494
01/31/2026 16:43:40,-6.22,101.502
01/31/2026 16:53:40,-6.66,101.514
01/31/2026 17:03:40,-7.12,101.545
01/31/2026 17:13:40,-7.63,101.532
01/31/2026 17:23:40,-8.14,101.543
01/31/2026 17:33:40,-8.66,101.558
01/31/2026 17:43:40,-9.15,101.589
01/31/2026 17:53:40,-9.60,101.577
01/31/2026 18:03:40,-10.01,101.588
01/31/2026 18:13:40,-10.41,101.589
01/31/2026 18:23:40,-10.77,101.585
01/31/2026 18:33:40,-11.09,101.589
01/31/2026 18:43:40,-11.38,101.606
01/31/2026 18:53:40,-11.64,101.607
01/31/2026 19:03:40,-11.87,101.582
01/31/2026 19:13:40,-12.09,101.597
01/31/2026 19:23:40,-12.26,101.582
01/31/2026 19:33:40,-12.41,101.595
01/31/2026 19:43:40,-12.56,101.632
01/31/2026 19:53:40,-12.70,101.638
01/31/2026 20:03:40,-12.87,101.628
01/31/2026 20:13:40,-13.06,101.611
01/31/2026 20:23:40,-13.27,101.608
01/31/2026 20:33:40,-13.47,101.595
01/31/2026 20:43:40,-13.66,101.585
01/31/2026 20:53:40,-13.88,101.569
01/31/2026 21:03:40,-14.11,101.552
01/31/2026 21:13:40,-14.33,101.526
01/31/2026 21:23:40,-14.57,101.560
01/31/2026 21:33:40,-14.81,101.554
01/31/2026 21:43:40,-15.02,101.525
01/31/2026 21:53:40,-15.21,101.499
01/31/2026 22:03:40,-15.37,101.471
01/31/2026 22:13:40,-15.51,101.469
01/31/2026 22:23:40,-15.55,101.455
01/31/2026 22:33:40,-15.39,101.426
01/31/2026 22:43:40,-15.11,101.410
01/31/2026 22:53:40,-14.78,101.383
01/31/2026 23:03:40,-14.49,101.346
01/31/2026 23:13:40,-14.26,101.307
01/31/2026 23:23:40,-14.12,101.332
01/31/2026 23:33:40,-14.03,101.303
01/31/2026 23:43:40,-13.97,101.336
01/31/2026 23:53:40,-14.00,101.407
02/01/2026 00:03:40,-14.06,101.400
02/01/2026 00:13:40,-14.14,101.412
02/01/2026 00:23:40,-14.22,101.394
02/01/2026 00:33:40,-14.31,101.366
02/01/2026 00:43:40,-14.43,101.349
02/01/2026 00:53:40,-14.51,101.340
02/01/2026 01:03:40,-14.55,101.343
02/01/2026 01:13:40,-14.55,101.361
02/01/2026 01:23:40,-14.54,101.314
02/01/2026 01:33:40,-14.54,101.288
02/01/2026 01:43:40,-14.52,101.242
02/01/2026 01:53:40,-14.50,101.232
02/01/2026 02:03:40,-14.47,101.226
02/01/2026 02:13:40,-14.49,101.241
02/01/2026 02:23:40,-14.52,101.237
02/01/2026 02:33:40,-14.59,101.235
02/01/2026 02:43:40,-14.65,101.192
02/01/2026 02:53:40,-14.70,101.170
02/01/2026 03:03:40,-14.77,101.161
02/01/2026 03:13:40,-14.86,101.160
02/01/2026 03:23:40,-14.98,101.150
02/01/2026 03:33:40,-15.08,101.112
02/01/2026 03:43:40,-15.19,101.091
02/01/2026 03:53:40,-15.30,101.086
02/01/2026 04:03:40,-15.40,101.092
02/01/2026 04:13:40,-15.50,101.081
02/01/2026 04:23:40,-15.58,101.081
02/01/2026 04:33:40,-15.62,101.066
02/01/2026 04:43:40,-15.63,101.035
02/01/2026 04:53:40,-15.67,101.056
02/01/2026 05:03:40,-15.75,101.091
02/01/2026 05:13:40,-15.83,101.082
02/01/2026 05:23:40,-15.91,101.046
02/01/2026 05:33:40,-15.99,100.972
02/01/2026 05:43:40,-16.08,100.966
02/01/2026 05:53:40,-16.19,100.973
02/01/2026 06:03:40,-16.32,100.967
02/01/2026 06:13:40,-16.42,100.951
02/01/2026 06:23:40,-16.48,100.922
02/01/2026 06:33:40,-16.58,100.915
02/01/2026 06:43:40,-16.68,100.911
02/01/2026 06:53:40,-16.78,100.909
02/01/2026 07:03:40,-16.83,100.872
02/01/2026 07:13:40,-16.83,100.854
02/01/2026 07:23:40,-16.81,100.845
02/01/2026 07:33:40,-16.72,100.859
02/01/2026 07:43:40,-16.63,100.874
02/01/2026 07:53:40,-16.54,100.885
02/01/2026 08:03:40,-16.40,100.905
02/01/2026 08:13:40,-16.24,100.885
02/01/2026 08:23:40,-16.02,100.889
02/01/2026 08:33:40,-15.69,100.897
02/01/2026 08:43:40,-15.23,100.894
02/01/2026 08:53:40,-14.62,100.895
02/01/2026 09:03:40,-13.90,100.885
02/01/2026 09:13:40,-12.94,100.888
02/01/2026 09:23:40,-11.56,100.920
02/01/2026 09:33:40,-9.30,100.942
02/01/2026 09:43:40,-6.34,100.937
02/01/2026 09:53:40,-3.63,100.919
02/01/2026 10:03:40,-1.60,100.896
02/01/2026 10:13:40,0.87,100.845
02/01/2026 10:23:40,2.77,100.783
02/01/2026 10:33:40,4.37,100.746
02/01/2026 10:43:40,5.88,100.721
02/01/2026 10:53:40,6.34,100.670
02/01/2026 11:03:40,7.13,100.661
02/01/2026 11:13:40,8.21,100.625
02/01/2026 11:23:40,8.72,100.595
02/01/2026 11:33:40,8.06,100.578
02/01/2026 11:43:40,7.45,100.563
02/01/2026 11:53:40,6.15,100.580
02/01/2026 12:03:40,4.58,100.575
02/01/2026 12:13:40,3.18,100.572
02/01/2026 12:23:40,2.06,100.548
02/01/2026 12:33:40,0.68,100.542
02/01/2026 12:43:40,0.21,100.498
02/01/2026 12:53:40,0.19,100.479
02/01/2026 13:03:40,0.67,100.435
02/01/2026 13:13:40,1.73,100.403
02/01/2026 13:23:40,3.40,100.349
02/01/2026 13:33:40,5.20,100.328
02/01/2026 13:43:40,6.68,100.284
02/01/2026 13:53:40,7.21,100.278
02/01/2026 14:03:40,6.38,100.299
02/01/2026 14:13:40,4.96,100.302
02/01/2026 14:23:40,3.31,100.305
02/01/2026 14:33:40,1.87,100.332
02/01/2026 14:43:40,0.82,100.312
02/01/2026 14:53:40,0.06,100.326
02/01/2026 15:03:40,-0.55,100.317
02/01/2026 15:13:40,-0.96,100.310
02/01/2026 15:23:40,-1.31,100.299
02/01/2026 15:33:40,-1.60,100.306
02/01/2026 15:43:40,-1.91,100.294
02/01/2026 15:53:40,-2.23,100.303
02/01/2026 16:03:40,-2.53,100.332
02/01/2026 16:13:40,-2.87,100.330
02/01/2026 16:23:40,-3.25,100.341
02/01/2026 16:33:40,-3.68,100.352
02/01/2026 16:43:40,-4.12,100.353
02/01/2026 16:53:40,-4.54,100.354
02/01/2026 17:03:40,-4.97,100.373
02/01/2026 17:13:40,-5.37,100.377
02/01/2026 17:23:40,-5.74,100.384
02/01/2026 17:33:40,-6.09,100.387
02/01/2026 17:43:40,-6.43,100.432
02/01/2026 17:53:40,-6.71,100.425
02/01/2026 18:03:40,-6.94,100.427
02/01/2026 18:13:40,-7.16,100.439
02/01/2026 18:23:40,-7.37,100.449
02/01/2026 18:33:40,-7.56,100.459
02/01/2026 18:43:40,-7.74,100.446
02/01/2026 18:53:40,-7.96,100.449
02/01/2026 19:03:40,-8.23,100.456
02/01/2026 19:13:40,-8.47,100.461
02/01/2026 19:23:40,-8.65,100.455
02/01/2026 19:33:40,-8.85,100.469
02/01/2026 19:43:40,-9.03,100.476
02/01/2026 19:53:40,-9.19,100.472
02/01/2026 20:03:40,-9.34,100.491
02/01/2026 20:13:40,-9.49,100.488
02/01/2026 20:23:40,-9.64,100.494
02/01/2026 20:33:40,-9.75,100.509
02/01/2026 20:43:40,-9.82,100.527
02/01/2026 20:53:40,-9.91,100.540
02/01/2026 21:03:40,-9.99,100.557
02/01/2026 21:13:40,-10.12,100.561
02/01/2026 21:23:40,-10.21,100.564
02/01/2026 21:33:40,-10.32,100.582
02/01/2026 21:43:40,-10.42,100.576
02/01/2026 21:53:40,-10.51,100.571
02/01/2026 22:03:40,-10.55,100.584
02/01/2026 22:13:40,-10.60,100.587
02/01/2026 22:23:40,-10.72,100.566
02/01/2026 22:33:40,-10.89,100.569
02/01/2026 22:43:40,-11.10,100.581
02/01/2026 22:53:40,-11.32,100.592
02/01/2026 23:03:40,-11.54,100.581
02/01/2026 23:13:40,-11.73,100.590
02/01/2026 23:23:40,-11.92,100.600
02/01/2026 23:33:40,-12.13,100.612
02/01/2026 23:43:40,-12.36,100.621
02/01/2026 23:53:40,-12.58,100.619
02/02/2026 00:03:40,-12.77,100.623
02/02/2026 00:13:40,-12.94,100.627
02/02/2026 00:23:40,-13.11,100.659
02/02/2026 00:33:40,-13.29,100.657
02/02/2026 00:43:40,-13.46,100.655
02/02/2026 00:53:40,-13.64,100.652
02/02/2026 01:03:40,-13.83,100.674
02/02/2026 01:13:40,-14.02,100.683
02/02/2026 01:23:40,-14.23,100.681
02/02/2026 01:33:40,-14.44,100.692
02/02/2026 01:43:40,-14.65,100.703
02/02/2026 01:53:40,-14.83,100.708
02/02/2026 02:03:40,-15.00,100.711
02/02/2026 02:13:40,-15.16,100.723
02/02/2026 02:23:40,-15.31,100.714
02/02/2026 02:33:40,-15.45,100.720
02/02/2026 02:43:40,-15.61,100.736
02/02/2026 02:53:40,-15.79,100.737
02/02/2026 03:03:40,-15.98,100.733
02/02/2026 03:13:40,-16.17,100.749
02/02/2026 03:23:40,-16.34,100.759
02/02/2026 03:33:40,-16.51,100.748
02/02/2026 03:43:40,-16.67,100.768
02/02/2026 03:53:40,-16.84,100.775
02/02/2026 04:03:40,-17.04,100.773
02/02/2026 04:13:40,-17.26,100.782
02/02/2026 04:23:40,-17.46,100.776
02/02/2026 04:33:40,-17.65,100.792
02/02/2026 04:43:40,-17.81,100.791
02/02/2026 04:53:40,-17.94,100.792
02/02/2026 05:03:40,-18.05,100.783
02/02/2026 05:13:40,-18.15,100.789
02/02/2026 05:23:40,-18.24,100.778
02/02/2026 05:33:40,-18.32,100.785
02/02/2026 05:43:40,-18.41,100.792
02/02/2026 05:53:40,-18.48,100.793
02/02/2026 06:03:40,-18.53,100.804
02/02/2026 06:13:40,-18.56,100.813
02/02/2026 06:23:40,-18.58,100.820
02/02/2026 06:33:40,-18.62,100.846
02/02/2026 06:43:40,-18.68,100.860
02/02/2026 06:53:40,-18.75,100.869
02/02/2026 07:03:40,-18.79,100.869
02/02/2026 07:13:40,-18.78,100.882
02/02/2026 07:23:40,-18.76,100.898
02/02/2026 07:33:40,-18.69,100.919
02/02/2026 07:43:40,-18.55,100.946
02/02/2026 07:53:40,-18.30,100.953
02/02/2026 08:03:40,-18.00,100.968
02/02/2026 08:13:40,-17.63,100.982
02/02/2026 08:23:40,-17.10,100.997
02/02/2026 08:33:40,-16.33,100.996
02/02/2026 08:43:40,-15.07,101.021
02/02/2026 08:53:40,-12.88,101.018
02/02/2026 09:03:40,-9.75,101.044
02/02/2026 09:13:40,-6.37,101.043
02/02/2026 09:23:40,-2.95,101.021
02/02/2026 09:33:40,0.38,100.977
02/02/2026 09:43:40,3.43,100.948
02/02/2026 09:53:40,6.19,100.901
02/02/2026 10:03:40,8.46,100.862
02/02/2026 10:13:40,10.31,100.862
02/02/2026 10:23:40,11.55,100.859
02/02/2026 10:33:40,12.70,100.852
02/02/2026 10:43:40,13.82,100.841
02/02/2026 10:53:40,13.70,100.841
02/02/2026 11:03:40,13.97,100.847
02/02/2026 11:13:40,14.99,100.818
02/02/2026 11:23:40,15.59,100.820
02/02/2026 11:33:40,14.74,100.831
02/02/2026 11:43:40,13.57,100.841
02/02/2026 11:53:40,11.97,100.851
02/02/2026 12:03:40,10.22,100.855
02/02/2026 12:13:40,8.60,100.851
02/02/2026 12:23:40,7.66,100.855
02/02/2026 12:33:40,6.46,100.831
02/02/2026 12:43:40,5.83,100.827
02/02/2026 12:53:40,5.81,100.808
02/02/2026 13:03:40,6.30,100.773
02/02/2026 13:13:40,7.52,100.750
02/02/2026 13:23:40,9.78,100.723
02/02/2026 13:33:40,11.93,100.711
02/02/2026 13:43:40,13.60,100.701
02/02/2026 13:53:40,14.34,100.705
02/02/2026 14:03:40,13.75,100.725
02/02/2026 14:13:40,12.00,100.738
02/02/2026 14:23:40,9.59,100.792
02/02/2026 14:33:40,7.37,100.813
02/02/2026 14:43:40,5.72,100.844
02/02/2026 14:53:40,4.67,100.856
02/02/2026 15:03:40,3.64,100.873
02/02/2026 15:13:40,2.78,100.890
02/02/2026 15:23:40,2.05,100.904
02/02/2026 15:33:40,1.50,100.907
02/02/2026 15:43:40,1.02,100.929
02/02/2026 15:53:40,0.58,100.947
02/02/2026 16:03:40,0.23,100.963
02/02/2026 16:13:40,0.01,100.977
02/02/2026 16:23:40,-0.24,100.993
02/02/2026 16:33:40,-0.62,101.020
02/02/2026 16:43:40,-1.02,101.048
02/02/2026 16:53:40,-1.39,101.049
02/02/2026 17:03:40,-1.78,101.068
02/02/2026 17:13:40,-2.21,101.067
02/02/2026 17:23:40,-2.60,101.077
02/02/2026 17:33:40,-2.98,101.092
02/02/2026 17:43:40,-3.42,101.116
02/02/2026 17:53:40,-3.92,101.141
02/02/2026 18:03:40,-4.41,101.137
02/02/2026 18:13:40,-4.76,101.150
02/02/2026 18:23:40,-4.99,101.157
02/02/2026 18:33:40,-5.11,101.158
02/02/2026 18:43:40,-5.28,101.163
02/02/2026 18:53:40,-5.46,101.167
02/02/2026 19:03:40,-5.66,101.191
02/02/2026 19:13:40,-5.82,101.214
02/02/2026 19:23:40,-6.04,101.209
02/02/2026 19:33:40,-6.32,101.229
02/02/2026 19:43:40,-6.62,101.237
02/02/2026 19:53:40,-6.92,101.267
02/02/2026 20:03:40,-7.18,101.266
02/02/2026 20:13:40,-7.42,101.259
02/02/2026 20:23:40,-7.64,101.280
02/02/2026 20:33:40,-7.87,101.313
02/02/2026 20:43:40,-8.11,101.301
02/02/2026 20:53:40,-8.36,101.297
02/02/2026 21:03:40,-8.60,101.324
02/02/2026 21:13:40,-8.86,101.309
02/02/2026 21:23:40,-9.12,101.335
02/02/2026 21:33:40,-9.36,101.335
02/02/2026 21:43:40,-9.60,101.326
02/02/2026 21:53:40,-9.89,101.321
02/02/2026 22:03:40,-10.15,101.341
02/02/2026 22:13:40,-10.36,101.345
02/02/2026 22:23:40,-10.58,101.356
02/02/2026 22:33:40,-10.83,101.355
02/02/2026 22:43:40,-11.07,101.363
02/02/2026 22:53:40,-11.27,101.368
02/02/2026 23:03:40,-11.49,101.375
02/02/2026 23:13:40,-11.70,101.373
02/02/2026 23:23:40,-11.88,101.383
02/02/2026 23:33:40,-12.10,101.394
02/02/2026 23:43:40,-12.32,101.374
02/02/2026 23:53:40,-12.55,101.379
02/03/2026 00:03:40,-12.80,101.394
02/03/2026 00:13:40,-13.07,101.395
02/03/2026 00:23:40,-13.31,101.411
02/03/2026 00:33:40,-13.55,101.392
02/03/2026 00:43:40,-13.76,101.413
02/03/2026 00:53:40,-13.98,101.409
02/03/2026 01:03:40,-14.21,101.405
02/03/2026 01:13:40,-14.44,101.422
02/03/2026 01:23:40,-14.67,101.461
02/03/2026 01:33:40,-14.86,101.457
02/03/2026 01:43:40,-15.02,101.456
02/03/2026 01:53:40,-15.21,101.472
02/03/2026 02:03:40,-15.44,101.468
02/03/2026 02:13:40,-15.64,101.475
02/03/2026 02:23:40,-15.78,101.480
02/03/2026 02:33:40,-15.93,101.458
02/03/2026 02:43:40,-16.06,101.457
02/03/2026 02:53:40,-16.19,101.442
02/03/2026 03:03:40,-16.35,101.479
02/03/2026 03:13:40,-16.54,101.483
02/03/2026 03:23:40,-16.73,101.482
02/03/2026 03:33:40,-16.92,101.499
02/03/2026 03:43:40,-17.10,101.481
02/03/2026 03:53:40,-17.22,101.515
02/03/2026 04:03:40,-17.38,101.479
02/03/2026 04:13:40,-17.51,101.477
02/03/2026 04:23:40,-17.59,101.497
02/03/2026 04:33:40,-17.70,101.502
02/03/2026 04:43:40,-17.82,101.491
02/03/2026 04:53:40,-17.93,101.496
02/03/2026 05:03:40,-18.07,101.501
02/03/2026 05:13:40,-18.17,101.497
02/03/2026 05:23:40,-18.26,101.491
02/03/2026 05:33:40,-18.33,101.499
02/03/2026 05:43:40,-18.38,101.502
02/03/2026 05:53:40,-18.41,101.498
02/03/2026 06:03:40,-18.48,101.503
02/03/2026 06:13:40,-18.57,101.518
02/03/2026 06:23:40,-18.71,101.519
02/03/2026 06:33:40,-18.82,101.540
02/03/2026 06:43:40,-18.90,101.557
02/03/2026 06:53:40,-18.98,101.565
02/03/2026 07:03:40,-19.07,101.585
02/03/2026 07:13:40,-19.12,101.582
02/03/2026 07:23:40,-19.13,101.603
02/03/2026 07:33:40,-19.04,101.627
02/03/2026 07:43:40,-18.87,101.643
02/03/2026 07:53:40,-18.63,101.634
02/03/2026 08:03:40,-18.29,101.653
02/03/2026 08:13:40,-17.86,101.657
02/03/2026 08:23:40,-17.31,101.666
02/03/2026 08:33:40,-16.60,101.676
02/03/2026 08:43:40,-15.49,101.689
02/03/2026 08:53:40,-13.63,101.716
02/03/2026 09:03:40,-10.81,101.730
02/03/2026 09:13:40,-7.52,101.736
02/03/2026 09:23:40,-4.07,101.693
02/03/2026 09:33:40,-0.69,101.656
02/03/2026 09:43:40,2.29,101.609
02/03/2026 09:53:40,4.79,101.587
02/03/2026 10:03:40,7.00,101.543
02/03/2026 10:13:40,8.83,101.542
02/03/2026 10:23:40,10.16,101.537
02/03/2026 10:33:40,11.30,101.519
02/03/2026 10:43:40,12.52,101.526
02/03/2026 10:53:40,12.90,101.524
02/03/2026 11:03:40,13.24,101.517
02/03/2026 11:13:40,14.39,101.485
02/03/2026 11:23:40,15.54,101.443
02/03/2026 11:33:40,14.79,101.483
02/03/2026 11:43:40,13.90,101.463
02/03/2026 11:53:40,12.30,101.483
02/03/2026 12:03:40,10.89,101.482
02/03/2026 12:13:40,9.36,101.469
02/03/2026 12:23:40,8.22,101.484
02/03/2026 12:33:40,7.19,101.475
02/03/2026 12:43:40,6.45,101.467
02/03/2026 12:53:40,6.39,101.435
02/03/2026 13:03:40,6.82,101.405
02/03/2026 13:13:40,7.88,101.377
02/03/2026 13:23:40,10.21,101.341
02/03/2026 13:33:40,12.84,101.292
02/03/2026 13:43:40,14.20,101.272
02/03/2026 13:53:40,14.64,101.273
02/03/2026 14:03:40,14.03,101.282
02/03/2026 14:13:40,12.43,101.306
02/03/2026 14:23:40,10.16,101.329
02/03/2026 14:33:40,7.91,101.344
02/03/2026 14:43:40,6.35,101.356
02/03/2026 14:53:40,5.37,101.366
02/03/2026 15:03:40,4.26,101.382
02/03/2026 15:13:40,3.35,101.385
02/03/2026 15:23:40,2.61,101.382
02/03/2026 15:33:40,1.99,101.388
02/03/2026 15:43:40,1.46,101.384
02/03/2026 15:53:40,0.98,101.393
02/03/2026 16:03:40,0.54,101.392
02/03/2026 16:13:40,0.05,101.426
02/03/2026 16:23:40,-0.48,101.443
02/03/2026 16:33:40,-0.94,101.451
02/03/2026 16:43:40,-1.28,101.455
02/03/2026 16:53:40,-1.52,101.472
02/03/2026 17:03:40,-1.75,101.485
02/03/2026 17:13:40,-1.99,101.497
02/03/2026 17:23:40,-2.25,101.511
02/03/2026 17:33:40,-2.46,101.540
02/03/2026 17:43:40,-2.61,101.538
02/03/2026 17:53:40,-2.73,101.549
02/03/2026 18:03:40,-2.85,101.563
02/03/2026 18:13:40,-2.99,101.567
02/03/2026 18:23:40,-3.12,101.563
02/03/2026 18:33:40,-3.23,101.579
02/03/2026 18:43:40,-3.31,101.584
02/03/2026 18:53:40,-3.38,101.581
02/03/2026 19:03:40,-3.45,101.579
02/03/2026 19:13:40,-3.54,101.579
02/03/2026 19:23:40,-3.64,101.591
02/03/2026 19:33:40,-3.74,101.594
02/03/2026 19:43:40,-3.85,101.606
02/03/2026 19:53:40,-3.93,101.602
02/03/2026 20:03:40,-3.98,101.593
02/03/2026 20:13:40,-4.08,101.600
02/03/2026 20:23:40,-4.23,101.598
02/03/2026 20:33:40,-4.44,101.608
02/03/2026 20:43:40,-4.64,101.618
02/03/2026 20:53:40,-4.85,101.602
02/03/2026 21:03:40,-5.10,101.598
02/03/2026 21:13:40,-5.40,101.604
02/03/2026 21:23:40,-5.71,101.612
02/03/2026 21:33:40,-6.02,101.593
02/03/2026 21:43:40,-6.32,101.615
02/03/2026 21:53:40,-6.57,101.593
02/03/2026 22:03:40,-6.82,101.607
02/03/2026 22:13:40,-7.09,101.601
02/03/2026 22:23:40,-7.34,101.605
02/03/2026 22:33:40,-7.51,101.588
02/03/2026 22:43:40,-7.54,101.598
02/03/2026 22:53:40,-7.53,101.586
02/03/2026 23:03:40,-7.59,101.593
02/03/2026 23:13:40,-7.72,101.601
02/03/2026 23:23:40,-7.91,101.594
02/03/2026 23:33:40,-8.13,101.575
02/03/2026 23:43:40,-8.30,101.593
02/03/2026 23:53:40,-8.47,101.592
02/04/2026 00:03:40,-8.68,101.596
02/04/2026 00:13:40,-8.92,101.622
02/04/2026 00:23:40,-9.13,101.609
02/04/2026 00:33:40,-9.22,101.612
02/04/2026 00:43:40,-9.21,101.619
02/04/2026 00:53:40,-9.09,101.614
02/04/2026 01:03:40,-8.91,101.615
02/04/2026 01:13:40,-8.74,101.625
02/04/2026 01:23:40,-8.59,101.627
02/04/2026 01:33:40,-8.48,101.626
02/04/2026 01:43:40,-8.41,101.621
02/04/2026 01:53:40,-8.36,101.639
02/04/2026 02:03:40,-8.47,101.632
02/04/2026 02:13:40,-8.71,101.619
02/04/2026 02:23:40,-8.88,101.623
02/04/2026 02:33:40,-8.92,101.592
02/04/2026 02:43:40,-8.88,101.605
02/04/2026 02:53:40,-8.80,101.622
02/04/2026 03:03:40,-8.75,101.602
02/04/2026 03:13:40,-8.72,101.618
02/04/2026 03:23:40,-8.67,101.619
02/04/2026 03:33:40,-8.61,101.599
02/04/2026 03:43:40,-8.55,101.606
02/04/2026 03:53:40,-8.51,101.614
02/04/2026 04:03:40,-8.48,101.613
02/04/2026 04:13:40,-8.44,101.613
02/04/2026 04:23:40,-8.41,101.607
02/04/2026 04:33:40,-8.36,101.617
02/04/2026 04:43:40,-8.33,101.598
02/04/2026 04:53:40,-8.31,101.605
02/04/2026 05:03:40,-8.29,101.615
02/04/2026 05:13:40,-8.29,101.620
02/04/2026 05:23:40,-8.30,101.628
02/04/2026 05:33:40,-8.31,101.639
02/04/2026 05:43:40,-8.34,101.637
02/04/2026 05:53:40,-8.37,101.629
02/04/2026 06:03:40,-8.39,101.640
02/04/2026 06:13:40,-8.40,101.648
02/04/2026 06:23:40,-8.41,101.642
02/04/2026 06:33:40,-8.43,101.653
02/04/2026 06:43:40,-8.45,101.651
02/04/2026 06:53:40,-8.47,101.662
02/04/2026 07:03:40,-8.50,101.654
02/04/2026 07:13:40,-8.55,101.684
02/04/2026 07:23:40,-8.68,101.710
02/04/2026 07:33:40,-8.91,101.707
02/04/2026 07:43:40,-9.20,101.729
02/04/2026 07:53:40,-9.34,101.740
02/04/2026 08:03:40,-9.21,101.745
02/04/2026 08:13:40,-8.92,101.741
02/04/2026 08:23:40,-8.42,101.751
02/04/2026 08:33:40,-7.58,101.751
02/04/2026 08:43:40,-6.46,101.754
02/04/2026 08:53:40,-4.68,101.729
02/04/2026 09:03:40,-2.06,101.718
02/04/2026 09:13:40,0.92,101.705
02/04/2026 09:23:40,3.89,101.654
02/04/2026 09:33:40,6.63,101.628
02/04/2026 09:43:40,9.11,101.587
02/04/2026 09:53:40,11.26,101.573
02/04/2026 10:03:40,12.99,101.570
02/04/2026 10:13:40,13.76,101.560
02/04/2026 10:23:40,14.01,101.573
02/04/2026 10:33:40,15.15,101.549
02/04/2026 10:43:40,16.15,101.574
02/04/2026 10:53:40,16.13,101.564
02/04/2026 11:03:40,15.69,101.573
02/04/2026 11:13:40,15.40,101.553
02/04/2026 11:23:40,15.71,101.548
02/04/2026 11:33:40,14.61,101.572
02/04/2026 11:43:40,13.05,101.601
02/04/2026 11:53:40,10.62,101.630
02/04/2026 12:03:40,9.28,101.626
02/04/2026 12:13:40,8.08,101.623
02/04/2026 12:23:40,7.20,101.613
02/04/2026 12:33:40,6.17,101.642
02/04/2026 12:43:40,5.07,101.641
02/04/2026 12:53:40,4.71,101.641
02/04/2026 13:03:40,4.76,101.628
02/04/2026 13:13:40,5.42,101.596
02/04/2026 13:23:40,7.18,101.580
02/04/2026 13:33:40,9.28,101.560
02/04/2026 13:43:40,10.41,101.560
02/04/2026 13:53:40,10.48,101.570
02/04/2026 14:03:40,9.30,101.615
02/04/2026 14:13:40,8.19,101.641
02/04/2026 14:23:40,6.66,101.644
02/04/2026 14:33:40,5.02,101.637
02/04/2026 14:43:40,3.90,101.650
02/04/2026 14:53:40,3.09,101.650
02/04/2026 15:03:40,2.20,101.654
02/04/2026 15:13:40,1.50,101.652
02/04/2026 15:23:40,0.97,101.669
02/04/2026 15:33:40,0.51,101.671
02/04/2026 15:43:40,0.11,101.661
02/04/2026 15:53:40,-0.26,101.679
02/04/2026 16:03:40,-0.59,101.674
02/04/2026 16:13:40,-0.80,101.685
02/04/2026 16:23:40,-1.03,101.699
02/04/2026 16:33:40,-1.38,101.679
02/04/2026 16:43:40,-1.78,101.685
02/04/2026 16:53:40,-2.20,101.688
02/04/2026 17:03:40,-2.58,101.700
02/04/2026 17:13:40,-3.00,101.715
02/04/2026 17:23:40,-3.48,101.743
02/04/2026 17:33:40,-3.96,101.743
02/04/2026 17:43:40,-4.41,101.712
02/04/2026 17:53:40,-4.77,101.724
02/04/2026 18:03:40,-5.10,101.722
02/04/2026 18:13:40,-5.37,101.712
02/04/2026 18:23:40,-5.62,101.708
02/04/2026 18:33:40,-5.88,101.726
02/04/2026 18:43:40,-6.12,101.763
02/04/2026 18:53:40,-6.35,101.761
02/04/2026 19:03:40,-6.60,101.779
02/04/2026 19:13:40,-6.86,101.814
02/04/2026 19:23:40,-7.09,101.816
02/04/2026 19:33:40,-7.31,101.837
02/04/2026 19:43:40,-7.53,101.858
02/04/2026 19:53:40,-7.70,101.875
02/04/2026 20:03:40,-7.87,101.875
02/04/2026 20:13:40,-8.03,101.871
02/04/2026 20:23:40,-8.16,101.880
02/04/2026 20:33:40,-8.27,101.876
02/04/2026 20:43:40,-8.37,101.856
02/04/2026 20:53:40,-8.47,101.838
02/04/2026 21:03:40,-8.58,101.821
02/04/2026 21:13:40,-8.72,101.811
02/04/2026 21:23:40,-8.87,101.808
02/04/2026 21:33:40,-9.07,101.792
02/04/2026 21:43:40,-9.27,101.782
02/04/2026 21:53:40,-9.53,101.773
02/04/2026 22:03:40,-9.79,101.762
02/04/2026 22:13:40,-10.02,101.763
02/04/2026 22:23:40,-10.25,101.773
02/04/2026 22:33:40,-10.48,101.753
02/04/2026 22:43:40,-10.68,101.761
02/04/2026 22:53:40,-10.85,101.742
02/04/2026 23:03:40,-11.01,101.734
02/04/2026 23:13:40,-11.16,101.730
02/04/2026 23:23:40,-11.34,101.736
02/04/2026 23:33:40,-11.56,101.725
02/04/2026 23:43:40,-11.79,101.713
02/04/2026 23:53:40,-12.00,101.712
02/05/2026 00:03:40,-12.22,101.678
02/05/2026 00:13:40,-12.43,101.664
02/05/2026 00:23:40,-12.63,101.650
02/05/2026 00:33:40,-12.83,101.645
02/05/2026 00:43:40,-13.04,101.648
02/05/2026 00:53:40,-13.27,101.630
02/05/2026 01:03:40,-13.48,101.629
02/05/2026 01:13:40,-13.65,101.634
02/05/2026 01:23:40,-13.79,101.632
02/05/2026 01:33:40,-13.93,101.629
02/05/2026 01:43:40,-14.09,101.624
02/05/2026 01:53:40,-14.24,101.602
02/05/2026 02:03:40,-14.35,101.603
02/05/2026 02:13:40,-14.44,101.588
02/05/2026 02:23:40,-14.54,101.581
02/05/2026 02:33:40,-14.71,101.575
02/05/2026 02:43:40,-14.91,101.556
02/05/2026 02:53:40,-15.11,101.559
02/05/2026 03:03:40,-15.30,101.563
02/05/2026 03:13:40,-15.50,101.531
02/05/2026 03:23:40,-15.68,101.545
02/05/2026 03:33:40,-15.83,101.540
02/05/2026 03:43:40,-15.99,101.526
02/05/2026 03:53:40,-16.13,101.518
02/05/2026 04:03:40,-16.21,101.526
02/05/2026 04:13:40,-16.30,101.529
02/05/2026 04:23:40,-16.40,101.539
02/05/2026 04:33:40,-16.53,101.527
02/05/2026 04:43:40,-16.68,101.536
02/05/2026 04:53:40,-16.84,101.539
02/05/2026 05:03:40,-16.96,101.546
02/05/2026 05:13:40,-17.10,101.534
02/05/2026 05:23:40,-17.28,101.526
02/05/2026 05:33:40,-17.44,101.515
02/05/2026 05:43:40,-17.55,101.507
02/05/2026 05:53:40,-17.61,101.491
02/05/2026 06:03:40,-17.65,101.504
02/05/2026 06:13:40,-17.75,101.504
02/05/2026 06:23:40,-17.90,101.516
02/05/2026 06:33:40,-18.03,101.514
02/05/2026 06:43:40,-18.08,101.508
02/05/2026 06:53:40,-18.13,101.503
02/05/2026 07:03:40,-18.20,101.519
02/05/2026 07:13:40,-18.26,101.530
02/05/2026 07:23:40,-18.26,101.521
02/05/2026 07:33:40,-18.17,101.527
02/05/2026 07:43:40,-17.97,101.526
02/05/2026 07:53:40,-17.62,101.529
02/05/2026 08:03:40,-17.18,101.529
02/05/2026 08:13:40,-16.71,101.529
02/05/2026 08:23:40,-16.18,101.543
02/05/2026 08:33:40,-15.49,101.537
02/05/2026 08:43:40,-14.40,101.540
02/05/2026 08:53:40,-12.54,101.550
02/05/2026 09:03:40,-9.70,101.579
02/05/2026 09:13:40,-6.33,101.552
02/05/2026 09:23:40,-2.93,101.524
02/05/2026 09:33:40,0.21,101.489
02/05/2026 09:43:40,3.19,101.429
02/05/2026 09:53:40,5.67,101.383
02/05/2026 10:03:40,7.91,101.348
02/05/2026 10:13:40,9.40,101.353
02/05/2026 10:23:40,10.91,101.298
02/05/2026 10:33:40,12.37,101.275
02/05/2026 10:43:40,13.62,101.275
02/05/2026 10:53:40,14.24,101.266
02/05/2026 11:03:40,14.50,101.244
02/05/2026 11:13:40,15.31,101.227
02/05/2026 11:23:40,15.64,101.219
02/05/2026 11:33:40,14.66,101.220
02/05/2026 11:43:40,13.30,101.229
02/05/2026 11:53:40,11.53,101.239
02/05/2026 12:03:40,10.09,101.261
02/05/2026 12:13:40,9.33,101.224
02/05/2026 12:23:40,8.59,101.200
02/05/2026 12:33:40,7.55,101.200
02/05/2026 12:43:40,6.50,101.179
02/05/2026 12:53:40,6.15,101.167
02/05/2026 13:03:40,6.64,101.106
02/05/2026 13:13:40,7.49,101.066
02/05/2026 13:23:40,9.53,101.018
02/05/2026 13:33:40,11.96,100.992
02/05/2026 13:43:40,13.51,100.961
02/05/2026 13:53:40,14.05,100.951
02/05/2026 14:03:40,13.63,100.960
02/05/2026 14:13:40,12.16,100.976
02/05/2026 14:23:40,9.89,101.015
02/05/2026 14:33:40,7.62,101.024
02/05/2026 14:43:40,6.17,101.037
02/05/2026 14:53:40,5.14,101.020
02/05/2026 15:03:40,4.04,101.014
02/05/2026 15:13:40,3.08,101.018
02/05/2026 15:23:40,2.33,101.017
02/05/2026 15:33:40,1.66,101.014
02/05/2026 15:43:40,1.11,101.004
02/05/2026 15:53:40,0.60,100.996
02/05/2026 16:03:40,0.13,100.989
02/05/2026 16:13:40,-0.18,100.964
02/05/2026 16:23:40,-0.50,100.992
02/05/2026 16:33:40,-0.92,100.987
02/05/2026 16:43:40,-1.37,101.002
02/05/2026 16:53:40,-1.89,101.014
02/05/2026 17:03:40,-2.36,101.000
02/05/2026 17:13:40,-2.73,101.007
02/05/2026 17:23:40,-3.16,101.018
02/05/2026 17:33:40,-3.66,101.030
02/05/2026 17:43:40,-4.18,101.045
02/05/2026 17:53:40,-4.66,101.063
02/05/2026 18:03:40,-5.08,101.070
02/05/2026 18:13:40,-5.44,101.081
02/05/2026 18:23:40,-5.74,101.086
02/05/2026 18:33:40,-6.01,101.098
02/05/2026 18:43:40,-6.25,101.100
02/05/2026 18:53:40,-6.49,101.097
02/05/2026 19:03:40,-6.76,101.109
02/05/2026 19:13:40,-7.04,101.102
02/05/2026 19:23:40,-7.28,101.085
02/05/2026 19:33:40,-7.52,101.078
02/05/2026 19:43:40,-7.74,101.081
02/05/2026 19:53:40,-7.97,101.084
02/05/2026 20:03:40,-8.19,101.091
02/05/2026 20:13:40,-8.42,101.110
02/05/2026 20:23:40,-8.66,101.098
02/05/2026 20:33:40,-8.91,101.120
02/05/2026 20:43:40,-9.16,101.101
02/05/2026 20:53:40,-9.41,101.106
02/05/2026 21:03:40,-9.67,101.095
02/05/2026 21:13:40,-9.91,101.079
02/05/2026 21:23:40,-10.11,101.084
02/05/2026 21:33:40,-10.29,101.059
02/05/2026 21:43:40,-10.48,101.056
02/05/2026 21:53:40,-10.66,101.058
02/05/2026 22:03:40,-10.84,101.025
02/05/2026 22:13:40,-11.04,101.016
02/05/2026 22:23:40,-11.27,101.013
02/05/2026 22:33:40,-11.52,101.008
02/05/2026 22:43:40,-11.77,101.002
02/05/2026 22:53:40,-11.98,100.961
02/05/2026 23:03:40,-12.13,100.966
02/05/2026 23:13:40,-12.25,100.935
02/05/2026 23:23:40,-12.42,100.925
02/05/2026 23:33:40,-12.62,100.912
02/05/2026 23:43:40,-12.83,100.906
02/05/2026 23:53:40,-13.01,100.876
02/06/2026 00:03:40,-13.16,100.868
02/06/2026 00:13:40,-13.31,100.864
02/06/2026 00:23:40,-13.45,100.858
02/06/2026 00:33:40,-13.57,100.874
02/06/2026 00:43:40,-13.68,100.871
02/06/2026 00:53:40,-13.77,100.861
02/06/2026 01:03:40,-13.90,100.881
02/06/2026 01:13:40,-14.05,100.908
02/06/2026 01:23:40,-14.19,100.922
02/06/2026 01:33:40,-14.33,100.936
02/06/2026 01:43:40,-14.49,100.927
02/06/2026 01:53:40,-14.67,100.936
02/06/2026 02:03:40,-14.85,100.928
02/06/2026 02:13:40,-14.99,100.913
02/06/2026 02:23:40,-15.09,100.905
02/06/2026 02:33:40,-15.22,100.904
02/06/2026 02:43:40,-15.37,100.895
02/06/2026 02:53:40,-15.52,100.903
02/06/2026 03:03:40,-15.67,100.873
02/06/2026 03:13:40,-15.83,100.850
02/06/2026 03:23:40,-15.95,100.819
02/06/2026 03:33:40,-16.06,100.810
02/06/2026 03:43:40,-16.22,100.774
02/06/2026 03:53:40,-16.38,100.777
02/06/2026 04:03:40,-16.52,100.756
02/06/2026 04:13:40,-16.65,100.754
02/06/2026 04:23:40,-16.77,100.748
02/06/2026 04:33:40,-16.84,100.719
02/06/2026 04:43:40,-16.85,100.722
02/06/2026 04:53:40,-16.84,100.723
02/06/2026 05:03:40,-16.84,100.714
02/06/2026 05:13:40,-16.82,100.690
02/06/2026 05:23:40,-16.77,100.675
02/06/2026 05:33:40,-16.65,100.670
02/06/2026 05:43:40,-16.54,100.667
02/06/2026 05:53:40,-16.43,100.666
02/06/2026 06:03:40,-16.29,100.660
02/06/2026 06:13:40,-16.09,100.667
02/06/2026 06:23:40,-15.84,100.679
02/06/2026 06:33:40,-15.57,100.675
02/06/2026 06:43:40,-15.29,100.686
02/06/2026 06:53:40,-15.02,100.670
02/06/2026 07:03:40,-14.77,100.663
02/06/2026 07:13:40,-14.56,100.665
02/06/2026 07:23:40,-14.33,100.661
02/06/2026 07:33:40,-14.03,100.664
02/06/2026 07:43:40,-13.69,100.668
02/06/2026 07:53:40,-13.31,100.672
02/06/2026 08:03:40,-12.89,100.641
02/06/2026 08:13:40,-12.41,100.637
02/06/2026 08:23:40,-11.86,100.638
02/06/2026 08:33:40,-11.28,100.627
02/06/2026 08:43:40,-10.67,100.624
02/06/2026 08:53:40,-10.01,100.625
02/06/2026 09:03:40,-9.32,100.602
02/06/2026 09:13:40,-8.55,100.584
02/06/2026 09:23:40,-7.62,100.581
02/06/2026 09:33:40,-6.56,100.576
02/06/2026 09:43:40,-5.58,100.558
02/06/2026 09:53:40,-4.76,100.552
02/06/2026 10:03:40,-4.01,100.522
02/06/2026 10:13:40,-3.23,100.515
02/06/2026 10:23:40,-2.31,100.489
02/06/2026 10:33:40,-1.26,100.448
02/06/2026 10:43:40,-0.98,100.436
02/06/2026 10:53:40,-0.71,100.413
02/06/2026 11:03:40,-0.51,100.382
02/06/2026 11:13:40,-0.16,100.363
02/06/2026 11:23:40,0.56,100.310
02/06/2026 11:33:40,1.48,100.275
02/06/2026 11:43:40,2.24,100.233
02/06/2026 11:53:40,2.60,100.221
02/06/2026 12:03:40,2.91,100.191
02/06/2026 12:13:40,3.87,100.143
02/06/2026 12:23:40,4.12,100.116
02/06/2026 12:33:40,3.93,100.113
02/06/2026 12:43:40,3.59,100.114
02/06/2026 12:53:40,4.07,100.089
02/06/2026 13:03:40,4.92,100.056
02/06/2026 13:13:40,5.26,100.037
02/06/2026 13:23:40,5.72,100.001
02/06/2026 13:33:40,5.72,100.005
02/06/2026 13:43:40,5.32,100.002
02/06/2026 13:53:40,4.82,100.004
02/06/2026 14:03:40,4.43,100.006
02/06/2026 14:13:40,4.44,100.002
02/06/2026 14:23:40,4.51,99.986
02/06/2026 14:33:40,4.37,99.983
02/06/2026 14:43:40,4.09,100.007
02/06/2026 14:53:40,3.69,99.995
02/06/2026 15:03:40,3.28,99.985
02/06/2026 15:13:40,2.98,99.963
02/06/2026 15:23:40,2.76,99.949
02/06/2026 15:33:40,2.58,99.937
02/06/2026 15:43:40,2.41,99.935
02/06/2026 15:53:40,2.22,99.927
02/06/2026 16:03:40,1.96,99.922
02/06/2026 16:13:40,1.50,99.920
02/06/2026 16:23:40,0.94,99.927
02/06/2026 16:33:40,0.41,99.913
02/06/2026 16:43:40,-0.08,99.939
02/06/2026 16:53:40,-0.50,99.917
02/06/2026 17:03:40,-0.89,99.920
02/06/2026 17:13:40,-1.27,99.924
02/06/2026 17:23:40,-1.65,99.906
02/06/2026 17:33:40,-2.06,99.902
02/06/2026 17:43:40,-2.51,99.911
02/06/2026 17:53:40,-2.89,99.914
02/06/2026 18:03:40,-3.29,99.902
02/06/2026 18:13:40,-3.70,99.893
02/06/2026 18:23:40,-4.06,99.906
02/06/2026 18:33:40,-4.34,99.918
02/06/2026 18:43:40,-4.53,99.908
02/06/2026 18:53:40,-4.60,99.923
02/06/2026 19:03:40,-4.53,99.903
02/06/2026 19:13:40,-4.43,99.918
02/06/2026 19:23:40,-4.32,99.902
02/06/2026 19:33:40,-4.28,99.901
02/06/2026 19:43:40,-4.34,99.904
02/06/2026 19:53:40,-4.45,99.884
02/06/2026 20:03:40,-4.59,99.884
02/06/2026 20:13:40,-4.74,99.878
02/06/2026 20:23:40,-4.89,99.863
02/06/2026 20:33:40,-5.05,99.855
02/06/2026 20:43:40,-5.24,99.824
02/06/2026 20:53:40,-5.44,99.817
02/06/2026 21:03:40,-5.61,99.808
02/06/2026 21:13:40,-5.74,99.804
02/06/2026 21:23:40,-5.84,99.789
02/06/2026 21:33:40,-5.92,99.799
02/06/2026 21:43:40,-5.99,99.787
02/06/2026 21:53:40,-6.06,99.797
02/06/2026 22:03:40,-6.14,99.790
02/06/2026 22:13:40,-6.22,99.786
02/06/2026 22:23:40,-6.29,99.770
02/06/2026 22:33:40,-6.34,99.770
02/06/2026 22:43:40,-6.35,99.764
02/06/2026 22:53:40,-6.34,99.769
02/06/2026 23:03:40,-6.33,99.753
02/06/2026 23:13:40,-6.34,99.752
02/06/2026 23:23:40,-6.35,99.746
02/06/2026 23:33:40,-6.37,99.740
02/06/2026 23:43:40,-6.38,99.722
02/06/2026 23:53:40,-6.38,99.726
02/07/2026 00:03:40,-6.38,99.708
02/07/2026 00:13:40,-6.38,99.709
02/07/2026 00:23:40,-6.35,99.694
02/07/2026 00:33:40,-6.31,99.681
02/07/2026 00:43:40,-6.25,99.678
02/07/2026 00:53:40,-6.19,99.662
02/07/2026 01:03:40,-6.16,99.669
02/07/2026 01:13:40,-6.14,99.654
02/07/2026 01:23:40,-6.11,99.652
02/07/2026 01:33:40,-6.09,99.641
02/07/2026 01:43:40,-6.07,99.652
02/07/2026 01:53:40,-6.05,99.632
02/07/2026 02:03:40,-6.04,99.620
02/07/2026 02:13:40,-6.04,99.607
02/07/2026 02:23:40,-6.03,99.595
02/07/2026 02:33:40,-6.02,99.591
02/07/2026 02:43:40,-6.01,99.579
02/07/2026 02:53:40,-6.00,99.563
02/07/2026 03:03:40,-5.99,99.559
02/07/2026 03:13:40,-5.99,99.551
02/07/2026 03:23:40,-5.97,99.530
02/07/2026 03:33:40,-5.95,99.537
02/07/2026 03:43:40,-5.93,99.530
02/07/2026 03:53:40,-5.92,99.522
02/07/2026 04:03:40,-5.92,99.522
02/07/2026 04:13:40,-5.91,99.523
02/07/2026 04:23:40,-5.91,99.515
02/07/2026 04:33:40,-5.91,99.519
02/07/2026 04:43:40,-5.90,99.529
02/07/2026 04:53:40,-5.90,99.520
02/07/2026 05:03:40,-5.88,99.522
02/07/2026 05:13:40,-5.87,99.528
02/07/2026 05:23:40,-5.86,99.516
02/07/2026 05:33:40,-5.86,99.516
02/07/2026 05:43:40,-5.88,99.522
02/07/2026 05:53:40,-5.91,99.528
02/07/2026 06:03:40,-5.95,99.515
02/07/2026 06:13:40,-5.98,99.516
02/07/2026 06:23:40,-5.99,99.511
02/07/2026 06:33:40,-6.00,99.515
02/07/2026 06:43:40,-6.01,99.536
02/07/2026 06:53:40,-6.00,99.541
02/07/2026 07:03:40,-5.98,99.569
02/07/2026 07:13:40,-5.96,99.589
02/07/2026 07:23:40,-5.93,99.613
02/07/2026 07:33:40,-5.95,99.643
02/07/2026 07:43:40,-5.99,99.655
02/07/2026 07:53:40,-6.05,99.690
02/07/2026 08:03:40,-6.07,99.727
02/07/2026 08:13:40,-6.06,99.745
02/07/2026 08:23:40,-6.02,99.775
02/07/2026 08:33:40,-5.99,99.778
02/07/2026 08:43:40,-5.98,99.792
02/07/2026 08:53:40,-5.98,99.806
02/07/2026 09:03:40,-5.96,99.825
02/07/2026 09:13:40,-5.86,99.832
02/07/2026 09:23:40,-5.63,99.868
02/07/2026 09:33:40,-5.42,99.875
02/07/2026 09:43:40,-5.34,99.910
02/07/2026 09:53:40,-5.31,99.926
02/07/2026 10:03:40,-5.23,99.957
02/07/2026 10:13:40,-5.31,99.992
02/07/2026 10:23:40,-5.52,100.011
02/07/2026 10:33:40,-5.74,100.010
02/07/2026 10:43:40,-5.69,100.020
02/07/2026 10:53:40,-5.60,100.020
02/07/2026 11:03:40,-5.46,100.012
02/07/2026 11:13:40,-5.11,100.017
02/07/2026 11:23:40,-4.56,100.014
02/07/2026 11:33:40,-4.06,100.029
02/07/2026 11:43:40,-3.60,100.030
02/07/2026 11:53:40,-2.94,100.019
02/07/2026 12:03:40,-2.36,100.036
02/07/2026 12:13:40,-2.32,100.026
02/07/2026 12:23:40,-2.52,100.038
02/07/2026 12:33:40,-2.70,100.056
02/07/2026 12:43:40,-2.71,100.051
02/07/2026 12:53:40,-2.60,100.052
02/07/2026 13:03:40,-2.54,100.058
02/07/2026 13:13:40,-2.46,100.075
02/07/2026 13:23:40,-2.40,100.089
02/07/2026 13:33:40,-2.25,100.113
02/07/2026 13:43:40,-2.18,100.124
02/07/2026 13:53:40,-2.69,100.154
02/07/2026 14:03:40,-3.26,100.182
02/07/2026 14:13:40,-3.96,100.192
02/07/2026 14:23:40,-4.47,100.203
02/07/2026 14:33:40,-5.10,100.216
02/07/2026 14:43:40,-5.59,100.245
02/07/2026 14:53:40,-6.06,100.263
02/07/2026 15:03:40,-6.47,100.270
02/07/2026 15:13:40,-6.85,100.279
02/07/2026 15:23:40,-7.21,100.303
02/07/2026 15:33:40,-7.58,100.326
02/07/2026 15:43:40,-7.85,100.347
02/07/2026 15:53:40,-8.08,100.380
02/07/2026 16:03:40,-8.40,100.406
02/07/2026 16:13:40,-8.72,100.438
02/07/2026 16:23:40,-9.09,100.470
02/07/2026 16:33:40,-9.48,100.494
02/07/2026 16:43:40,-9.84,100.516
02/07/2026 16:53:40,-10.23,100.562
02/07/2026 17:03:40,-10.63,100.584
02/07/2026 17:13:40,-10.99,100.607
02/07/2026 17:23:40,-11.30,100.633
02/07/2026 17:33:40,-11.59,100.645
02/07/2026 17:43:40,-11.83,100.672
02/07/2026 17:53:40,-12.03,100.706
02/07/2026 18:03:40,-12.22,100.738
02/07/2026 18:13:40,-12.40,100.761
02/07/2026 18:23:40,-12.59,100.784
02/07/2026 18:33:40,-12.78,100.810
02/07/2026 18:43:40,-13.00,100.820
02/07/2026 18:53:40,-13.22,100.844
02/07/2026 19:03:40,-13.43,100.868
02/07/2026 19:13:40,-13.63,100.868
02/07/2026 19:23:40,-13.81,100.890
02/07/2026 19:33:40,-13.99,100.910
02/07/2026 19:43:40,-14.14,100.923
02/07/2026 19:53:40,-14.30,100.949
02/07/2026 20:03:40,-14.46,100.966
02/07/2026 20:13:40,-14.60,100.966
02/07/2026 20:23:40,-14.75,100.998
02/07/2026 20:33:40,-14.89,100.998
02/07/2026 20:43:40,-15.04,101.003
02/07/2026 20:53:40,-15.19,101.030
02/07/2026 21:03:40,-15.33,101.039
02/07/2026 21:13:40,-15.44,101.061
02/07/2026 21:23:40,-15.54,101.076
02/07/2026 21:33:40,-15.62,101.089
02/07/2026 21:43:40,-15.69,101.089
02/07/2026 21:53:40,-15.77,101.111
02/07/2026 22:03:40,-15.85,101.123
02/07/2026 22:13:40,-15.94,101.151
02/07/2026 22:23:40,-16.06,101.159
02/07/2026 22:33:40,-16.19,101.162
02/07/2026 22:43:40,-16.32,101.164
02/07/2026 22:53:40,-16.45,101.170
02/07/2026 23:03:40,-16.57,101.178
02/07/2026 23:13:40,-16.70,101.185
02/07/2026 23:23:40,-16.83,101.178
02/07/2026 23:33:40,-16.95,101.172
02/07/2026 23:43:40,-17.05,101.178
02/07/2026 23:53:40,-17.14,101.176
02/08/2026 00:03:40,-17.23,101.183
02/08/2026 00:13:40,-17.30,101.187
02/08/2026 00:23:40,-17.37,101.197
02/08/2026 00:33:40,-17.41,101.196
02/08/2026 00:43:40,-17.46,101.208
02/08/2026 00:53:40,-17.52,101.188
02/08/2026 01:03:40,-17.59,101.183
02/08/2026 01:13:40,-17.63,101.222
02/08/2026 01:23:40,-17.67,101.213
02/08/2026 01:33:40,-17.72,101.233
02/08/2026 01:43:40,-17.76,101.228
02/08/2026 01:53:40,-17.79,101.251
02/08/2026 02:03:40,-17.83,101.238
02/08/2026 02:13:40,-17.87,101.259
02/08/2026 02:23:40,-17.92,101.257
02/08/2026 02:33:40,-17.95,101.262
02/08/2026 02:43:40,-17.97,101.260
02/08/2026 02:53:40,-17.99,101.262
02/08/2026 03:03:40,-18.05,101.281
02/08/2026 03:13:40,-18.12,101.260
02/08/2026 03:23:40,-18.18,101.278
02/08/2026 03:33:40,-18.24,101.279
02/08/2026 03:43:40,-18.33,101.295
02/08/2026 03:53:40,-18.39,101.305
02/08/2026 04:03:40,-18.47,101.326
02/08/2026 04:13:40,-18.57,101.332
02/08/2026 04:23:40,-18.62,101.330
02/08/2026 04:33:40,-18.69,101.334
02/08/2026 04:43:40,-18.72,101.352
02/08/2026 04:53:40,-18.74,101.367
02/08/2026 05:03:40,-18.70,101.364
02/08/2026 05:13:40,-18.63,101.381
02/08/2026 05:23:40,-18.58,101.387
02/08/2026 05:33:40,-18.55,101.395
02/08/2026 05:43:40,-18.55,101.407
02/08/2026 05:53:40,-18.57,101.414
02/08/2026 06:03:40,-18.60,101.411
02/08/2026 06:13:40,-18.61,101.414
02/08/2026 06:23:40,-18.63,101.428
02/08/2026 06:33:40,-18.67,101.445
02/08/2026 06:43:40,-18.72,101.452
02/08/2026 06:53:40,-18.77,101.455
02/08/2026 07:03:40,-18.80,101.461
02/08/2026 07:13:40,-18.82,101.458
02/08/2026 07:23:40,-18.79,101.475
02/08/2026 07:33:40,-18.70,101.486
02/08/2026 07:43:40,-18.53,101.480
02/08/2026 07:53:40,-18.31,101.511
02/08/2026 08:03:40,-18.07,101.509
02/08/2026 08:13:40,-17.82,101.514
02/08/2026 08:23:40,-17.52,101.511
02/08/2026 08:33:40,-17.10,101.530
02/08/2026 08:43:40,-16.28,101.514
02/08/2026 08:53:40,-14.87,101.525
02/08/2026 09:03:40,-12.66,101.550
02/08/2026 09:13:40,-9.98,101.583
02/08/2026 09:23:40,-7.48,101.569
02/08/2026 09:33:40,-5.13,101.565
02/08/2026 09:43:40,-3.10,101.560
02/08/2026 09:53:40,-1.11,101.550
02/08/2026 10:03:40,0.89,101.504
02/08/2026 10:13:40,2.67,101.462
02/08/2026 10:23:40,4.06,101.457
02/08/2026 10:33:40,5.06,101.429
02/08/2026 10:43:40,5.99,101.419
02/08/2026 10:53:40,6.56,101.405
02/08/2026 11:03:40,6.46,101.410
02/08/2026 11:13:40,7.23,101.377
02/08/2026 11:23:40,8.01,101.370
02/08/2026 11:33:40,7.40,101.378
02/08/2026 11:43:40,5.65,101.377
02/08/2026 11:53:40,3.69,101.407
02/08/2026 12:03:40,2.12,101.426
02/08/2026 12:13:40,1.20,101.435
02/08/2026 12:23:40,-0.13,101.418
02/08/2026 12:33:40,-0.95,101.394
02/08/2026 12:43:40,-1.89,101.392
02/08/2026 12:53:40,-2.20,101.389
02/08/2026 13:03:40,-1.45,101.359
02/08/2026 13:13:40,-0.11,101.337
02/08/2026 13:23:40,2.31,101.289
02/08/2026 13:33:40,5.10,101.247
02/08/2026 13:43:40,7.09,101.245
02/08/2026 13:53:40,8.11,101.249
02/08/2026 14:03:40,7.55,101.288
02/08/2026 14:13:40,5.49,101.350
02/08/2026 14:23:40,3.13,101.388
02/08/2026 14:33:40,1.18,101.394
02/08/2026 14:43:40,0.26,101.401
02/08/2026 14:53:40,-0.57,101.416
02/08/2026 15:03:40,-1.78,101.438
02/08/2026 15:13:40,-2.96,101.451
02/08/2026 15:23:40,-4.21,101.468
02/08/2026 15:33:40,-5.26,101.485
02/08/2026 15:43:40,-5.99,101.495
02/08/2026 15:53:40,-6.49,101.518
02/08/2026 16:03:40,-6.95,101.515
02/08/2026 16:13:40,-7.34,101.527
02/08/2026 16:23:40,-7.75,101.541
02/08/2026 16:33:40,-8.18,101.553
02/08/2026 16:43:40,-8.60,101.565
02/08/2026 16:53:40,-8.98,101.568
02/08/2026 17:03:40,-9.34,101.573
02/08/2026 17:13:40,-9.70,101.596
02/08/2026 17:23:40,-10.08,101.595
02/08/2026 17:33:40,-10.47,101.596
02/08/2026 17:43:40,-10.88,101.630
02/08/2026 17:53:40,-11.25,101.663
02/08/2026 18:03:40,-11.58,101.654
02/08/2026 18:13:40,-11.83,101.660
02/08/2026 18:23:40,-12.01,101.688
02/08/2026 18:33:40,-12.16,101.685
02/08/2026 18:43:40,-12.37,101.706
02/08/2026 18:53:40,-12.64,101.719
02/08/2026 19:03:40,-12.93,101.717
02/08/2026 19:13:40,-13.21,101.720
02/08/2026 19:23:40,-13.46,101.718
02/08/2026 19:33:40,-13.67,101.724
02/08/2026 19:43:40,-13.85,101.730
02/08/2026 19:53:40,-13.99,101.749
02/08/2026 20:03:40,-14.05,101.760
02/08/2026 20:13:40,-14.10,101.763
02/08/2026 20:23:40,-14.17,101.768
02/08/2026 20:33:40,-14.26,101.793
02/08/2026 20:43:40,-14.34,101.783
02/08/2026 20:53:40,-14.38,101.778
02/08/2026 21:03:40,-14.42,101.787
02/08/2026 21:13:40,-14.44,101.816
02/08/2026 21:23:40,-14.45,101.814
02/08/2026 21:33:40,-14.46,101.827
02/08/2026 21:43:40,-14.44,101.837
02/08/2026 21:53:40,-14.43,101.838
02/08/2026 22:03:40,-14.53,101.849
02/08/2026 22:13:40,-14.63,101.859
02/08/2026 22:23:40,-14.78,101.876
02/08/2026 22:33:40,-14.98,101.871
02/08/2026 22:43:40,-15.18,101.887
02/08/2026 22:53:40,-15.36,101.893
02/08/2026 23:03:40,-15.51,101.883
02/08/2026 23:13:40,-15.65,101.888
02/08/2026 23:23:40,-15.80,101.888
02/08/2026 23:33:40,-15.98,101.881
02/08/2026 23:43:40,-16.17,101.863
02/08/2026 23:53:40,-16.33,101.874
02/09/2026 00:03:40,-16.49,101.885
02/09/2026 00:13:40,-16.65,101.871
02/09/2026 00:23:40,-16.79,101.859
02/09/2026 00:33:40,-16.92,101.866
02/09/2026 00:43:40,-17.03,101.869
02/09/2026 00:53:40,-17.15,101.851
02/09/2026 01:03:40,-17.28,101.862
02/09/2026 01:13:40,-17.39,101.858
02/09/2026 01:23:40,-17.51,101.869
02/09/2026 01:33:40,-17.64,101.863
02/09/2026 01:43:40,-17.79,101.858
02/09/2026 01:53:40,-17.96,101.867
02/09/2026 02:03:40,-18.14,101.849
02/09/2026 02:13:40,-18.32,101.845
02/09/2026 02:23:40,-18.49,101.839
02/09/2026 02:33:40,-18.66,101.848
02/09/2026 02:43:40,-18.85,101.838
02/09/2026 02:53:40,-19.06,101.847
02/09/2026 03:03:40,-19.21,101.838
02/09/2026 03:13:40,-19.30,101.835
02/09/2026 03:23:40,-19.39,101.819
02/09/2026 03:33:40,-19.51,101.835
02/09/2026 03:43:40,-19.65,101.805
02/09/2026 03:53:40,-19.80,101.812
02/09/2026 04:03:40,-19.94,101.809
02/09/2026 04:13:40,-20.03,101.793
02/09/2026 04:23:40,-20.14,101.802
02/09/2026 04:33:40,-20.27,101.802
02/09/2026 04:43:40,-20.41,101.821
02/09/2026 04:53:40,-20.53,101.822
02/09/2026 05:03:40,-20.67,101.823
02/09/2026 05:13:40,-20.79,101.829
02/09/2026 05:23:40,-20.92,101.834
02/09/2026 05:33:40,-21.04,101.828
02/09/2026 05:43:40,-21.18,101.841
02/09/2026 05:53:40,-21.32,101.828
02/09/2026 06:03:40,-21.45,101.829
02/09/2026 06:13:40,-21.58,101.835
02/09/2026 06:23:40,-21.64,101.827
02/09/2026 06:33:40,-21.70,101.824
02/09/2026 06:43:40,-21.79,101.830
02/09/2026 06:53:40,-21.84,101.832
02/09/2026 07:03:40,-21.93,101.846
02/09/2026 07:13:40,-22.01,101.858
02/09/2026 07:23:40,-22.01,101.854
02/09/2026 07:33:40,-21.90,101.873
02/09/2026 07:43:40,-21.67,101.872
02/09/2026 07:53:40,-21.26,101.884
02/09/2026 08:03:40,-20.73,101.881
02/09/2026 08:13:40,-20.16,101.895
02/09/2026 08:23:40,-19.56,101.904
02/09/2026 08:33:40,-18.84,101.917
02/09/2026 08:43:40,-17.65,101.940
02/09/2026 08:53:40,-15.56,101.952
02/09/2026 09:03:40,-12.54,102.006
02/09/2026 09:13:40,-8.92,102.000
02/09/2026 09:23:40,-5.24,101.985
02/09/2026 09:33:40,-1.74,101.939
02/09/2026 09:43:40,1.01,101.938
02/09/2026 09:53:40,3.41,101.881
02/09/2026 10:03:40,5.83,101.861
02/09/2026 10:13:40,7.88,101.832
02/09/2026 10:23:40,9.66,101.812
02/09/2026 10:33:40,11.03,101.781
02/09/2026 10:43:40,12.50,101.742
02/09/2026 10:53:40,13.37,101.713
02/09/2026 11:03:40,13.26,101.732
02/09/2026 11:13:40,13.69,101.750
02/09/2026 11:23:40,14.36,101.710
02/09/2026 11:33:40,13.72,101.695
02/09/2026 11:43:40,11.95,101.723
02/09/2026 11:53:40,9.97,101.752
02/09/2026 12:03:40,8.56,101.724
02/09/2026 12:13:40,7.86,101.685
02/09/2026 12:23:40,6.96,101.703
02/09/2026 12:33:40,6.33,101.722
02/09/2026 12:43:40,5.37,101.716
02/09/2026 12:53:40,5.09,101.714
02/09/2026 13:03:40,6.01,101.659
02/09/2026 13:13:40,7.38,101.619
02/09/2026 13:23:40,9.08,101.567
02/09/2026 13:33:40,9.52,101.584
02/09/2026 13:43:40,9.41,101.531
02/09/2026 13:53:40,8.97,101.562
02/09/2026 14:03:40,7.65,101.584
02/09/2026 14:13:40,6.20,101.574
02/09/2026 14:23:40,4.89,101.578
02/09/2026 14:33:40,3.77,101.603
02/09/2026 14:43:40,2.91,101.598
02/09/2026 14:53:40,2.25,101.614
02/09/2026 15:03:40,1.90,101.600
02/09/2026 15:13:40,1.49,101.629
02/09/2026 15:23:40,1.04,101.641
02/09/2026 15:33:40,0.56,101.658
02/09/2026 15:43:40,0.09,101.659
02/09/2026 15:53:40,-0.30,101.658
02/09/2026 16:03:40,-0.56,101.646
02/09/2026 16:13:40,-0.78,101.669
02/09/2026 16:23:40,-1.09,101.667
02/09/2026 16:33:40,-1.53,101.677
02/09/2026 16:43:40,-2.00,101.672
02/09/2026 16:53:40,-2.46,101.689
02/09/2026 17:03:40,-2.88,101.709
02/09/2026 17:13:40,-3.29,101.700
02/09/2026 17:23:40,-3.69,101.692
02/09/2026 17:33:40,-4.12,101.697
02/09/2026 17:43:40,-4.56,101.711
02/09/2026 17:53:40,-4.99,101.711
02/09/2026 18:03:40,-5.31,101.710
02/09/2026 18:13:40,-5.51,101.711
02/09/2026 18:23:40,-5.62,101.708
02/09/2026 18:33:40,-5.71,101.713
02/09/2026 18:43:40,-5.78,101.705
02/09/2026 18:53:40,-5.81,101.689
02/09/2026 19:03:40,-5.79,101.713
02/09/2026 19:13:40,-5.74,101.714
02/09/2026 19:23:40,-5.72,101.724
02/09/2026 19:33:40,-5.76,101.738
02/09/2026 19:43:40,-5.84,101.738
02/09/2026 19:53:40,-5.87,101.749
02/09/2026 20:03:40,-5.84,101.730
02/09/2026 20:13:40,-5.78,101.736
02/09/2026 20:23:40,-5.74,101.732
02/09/2026 20:33:40,-5.71,101.726
02/09/2026 20:43:40,-5.72,101.698
02/09/2026 20:53:40,-5.79,101.708
02/09/2026 21:03:40,-5.92,101.713
02/09/2026 21:13:40,-6.05,101.713
02/09/2026 21:23:40,-6.12,101.693
02/09/2026 21:33:40,-6.14,101.691
02/09/2026 21:43:40,-6.15,101.694
02/09/2026 21:53:40,-6.18,101.678
02/09/2026 22:03:40,-6.28,101.689
02/09/2026 22:13:40,-6.45,101.676
02/09/2026 22:23:40,-6.62,101.658
02/09/2026 22:33:40,-6.76,101.670
02/09/2026 22:43:40,-6.88,101.680
02/09/2026 22:53:40,-6.99,101.677
02/09/2026 23:03:40,-7.09,101.672
02/09/2026 23:13:40,-7.16,101.668
02/09/2026 23:23:40,-7.22,101.671
02/09/2026 23:33:40,-7.25,101.685
02/09/2026 23:43:40,-7.28,101.669
02/09/2026 23:53:40,-7.29,101.655
02/10/2026 00:03:40,-7.29,101.677
02/10/2026 00:13:40,-7.29,101.664
02/10/2026 00:23:40,-7.28,101.642
02/10/2026 00:33:40,-7.29,101.646
02/10/2026 00:43:40,-7.30,101.636
02/10/2026 00:53:40,-7.30,101.658
02/10/2026 01:03:40,-7.31,101.648
02/10/2026 01:13:40,-7.33,101.651
02/10/2026 01:23:40,-7.33,101.686
02/10/2026 01:33:40,-7.30,101.672
02/10/2026 01:43:40,-7.24,101.664
02/10/2026 01:53:40,-7.18,101.644
02/10/2026 02:03:40,-7.12,101.655
02/10/2026 02:13:40,-7.04,101.672
02/10/2026 02:23:40,-6.97,101.693
02/10/2026 02:33:40,-6.90,101.691
02/10/2026 02:43:40,-6.84,101.692
02/10/2026 02:53:40,-6.80,101.728
02/10/2026 03:03:40,-6.77,101.714
02/10/2026 03:13:40,-6.74,101.708
02/10/2026 03:23:40,-6.70,101.725
02/10/2026 03:33:40,-6.65,101.739
02/10/2026 03:43:40,-6.60,101.739
02/10/2026 03:53:40,-6.56,101.735
02/10/2026 04:03:40,-6.54,101.724
02/10/2026 04:13:40,-6.56,101.718
02/10/2026 04:23:40,-6.59,101.692
02/10/2026 04:33:40,-6.67,101.697
02/10/2026 04:43:40,-6.80,101.701
02/10/2026 04:53:40,-6.94,101.709
02/10/2026 05:03:40,-7.07,101.690
02/10/2026 05:13:40,-7.23,101.683
02/10/2026 05:23:40,-7.40,101.656
02/10/2026 05:33:40,-7.61,101.678
02/10/2026 05:43:40,-7.84,101.685
02/10/2026 05:53:40,-8.10,101.693
02/10/2026 06:03:40,-8.40,101.696
02/10/2026 06:13:40,-8.72,101.697
02/10/2026 06:23:40,-8.99,101.695
02/10/2026 06:33:40,-9.25,101.706
02/10/2026 06:43:40,-9.51,101.727
02/10/2026 06:53:40,-9.73,101.725
02/10/2026 07:03:40,-9.92,101.738
02/10/2026 07:13:40,-10.09,101.725
02/10/2026 07:23:40,-10.22,101.733
02/10/2026 07:33:40,-10.27,101.736
02/10/2026 07:43:40,-10.16,101.717
02/10/2026 07:53:40,-9.88,101.722
02/10/2026 08:03:40,-9.33,101.711
02/10/2026 08:13:40,-8.62,101.707
02/10/2026 08:23:40,-8.00,101.716
02/10/2026 08:33:40,-7.35,101.732
02/10/2026 08:43:40,-6.18,101.713
02/10/2026 08:53:40,-4.50,101.703
02/10/2026 09:03:40,-2.08,101.686
02/10/2026 09:13:40,0.88,101.626
02/10/2026 09:23:40,3.79,101.574
02/10/2026 09:33:40,6.20,101.512
02/10/2026 09:43:40,8.18,101.481
02/10/2026 09:53:40,10.00,101.471
02/10/2026 10:03:40,11.74,101.458
02/10/2026 10:13:40,12.78,101.448
02/10/2026 10:23:40,13.96,101.441
02/10/2026 10:33:40,14.96,101.410
02/10/2026 10:43:40,15.17,101.412
02/10/2026 10:53:40,15.00,101.418
02/10/2026 11:03:40,14.52,101.415
02/10/2026 11:13:40,13.95,101.401
02/10/2026 11:23:40,13.05,101.402
02/10/2026 11:33:40,11.92,101.375
02/10/2026 11:43:40,10.84,101.377
02/10/2026 11:53:40,9.87,101.372
02/10/2026 12:03:40,9.07,101.353
02/10/2026 12:13:40,8.50,101.338
02/10/2026 12:23:40,8.06,101.330
02/10/2026 12:33:40,7.38,101.331
02/10/2026 12:43:40,7.04,101.295
02/10/2026 12:53:40,6.80,101.266
02/10/2026 13:03:40,6.63,101.248
02/10/2026 13:13:40,6.31,101.181
02/10/2026 13:23:40,5.94,101.163
02/10/2026 13:33:40,5.57,101.128
02/10/2026 13:43:40,5.38,101.120
02/10/2026 13:53:40,5.43,101.111
02/10/2026 14:03:40,5.65,101.095
02/10/2026 14:13:40,5.82,101.086
02/10/2026 14:23:40,5.89,101.057
02/10/2026 14:33:40,5.96,101.059
02/10/2026 14:43:40,5.88,101.052
02/10/2026 14:53:40,5.51,101.034
02/10/2026 15:03:40,4.88,101.051
02/10/2026 15:13:40,4.32,101.038
02/10/2026 15:23:40,3.78,101.031
02/10/2026 15:33:40,3.32,101.053
02/10/2026 15:43:40,2.92,101.061
02/10/2026 15:53:40,2.59,101.023
02/10/2026 16:03:40,2.24,101.018
02/10/2026 16:13:40,1.89,100.991
02/10/2026 16:23:40,1.57,100.971
02/10/2026 16:33:40,1.29,100.945
02/10/2026 16:43:40,1.04,100.984
02/10/2026 16:53:40,0.82,100.982
02/10/2026 17:03:40,0.62,100.919
02/10/2026 17:13:40,0.40,100.921
02/10/2026 17:23:40,0.20,100.929
02/10/2026 17:33:40,-0.04,100.916
02/10/2026 17:43:40,-0.28,100.875
02/10/2026 17:53:40,-0.49,100.869
02/10/2026 18:03:40,-0.66,100.840
02/10/2026 18:13:40,-0.75,100.809
02/10/2026 18:23:40,-0.79,100.757
02/10/2026 18:33:40,-0.80,100.801
02/10/2026 18:43:40,-0.78,100.767
02/10/2026 18:53:40,-0.77,100.759
02/10/2026 19:03:40,-0.75,100.725
02/10/2026 19:13:40,-0.75,100.695
02/10/2026 19:23:40,-0.76,100.668
02/10/2026 19:33:40,-0.75,100.647
02/10/2026 19:43:40,-0.71,100.685
02/10/2026 19:53:40,-0.69,100.701
02/10/2026 20:03:40,-0.68,100.706
02/10/2026 20:13:40,-0.68,100.662
02/10/2026 20:23:40,-0.68,100.671
02/10/2026 20:33:40,-0.69,100.701
02/10/2026 20:43:40,-0.72,100.693
02/10/2026 20:53:40,-0.77,100.693
02/10/2026 21:03:40,-0.82,100.671
02/10/2026 21:13:40,-0.86,100.584
02/10/2026 21:23:40,-0.89,100.598
02/10/2026 21:33:40,-0.95,100.562
02/10/2026 21:43:40,-1.01,100.565
02/10/2026 21:53:40,-1.06,100.582
02/10/2026 22:03:40,-1.12,100.594
02/10/2026 22:13:40,-1.30,100.586
02/10/2026 22:23:40,-1.43,100.512
02/10/2026 22:33:40,-1.38,100.477
02/10/2026 22:43:40,-1.29,100.442
02/10/2026 22:53:40,-1.24,100.420
02/10/2026 23:03:40,-1.24,100.402
02/10/2026 23:13:40,-1.29,100.415
02/10/2026 23:23:40,-1.38,100.385
02/10/2026 23:33:40,-1.48,100.370
02/10/2026 23:43:40,-1.59,100.347
02/10/2026 23:53:40,-1.70,100.323
02/11/2026 00:03:40,-1.80,100.309
02/11/2026 00:13:40,-1.88,100.297
02/11/2026 00:23:40,-1.93,100.275
02/11/2026 00:33:40,-1.97,100.275
02/11/2026 00:43:40,-2.00,100.251
02/11/2026 00:53:40,-2.03,100.221
02/11/2026 01:03:40,-2.06,100.206
02/11/2026 01:13:40,-2.08,100.186
02/11/2026 01:23:40,-2.10,100.192
02/11/2026 01:33:40,-2.13,100.190
02/11/2026 01:43:40,-2.14,100.172
02/11/2026 01:53:40,-2.15,100.171
02/11/2026 02:03:40,-2.15,100.148
02/11/2026 02:13:40,-2.16,100.160
02/11/2026 02:23:40,-2.19,100.109
02/11/2026 02:33:40,-2.26,100.077
02/11/2026 02:43:40,-2.33,100.105
02/11/2026 02:53:40,-2.39,100.104
02/11/2026 03:03:40,-2.52,100.104
02/11/2026 03:13:40,-2.73,100.092
02/11/2026 03:23:40,-2.96,100.093
02/11/2026 03:33:40,-3.11,100.056
02/11/2026 03:43:40,-3.20,100.025
02/11/2026 03:53:40,-3.32,100.013
02/11/2026 04:03:40,-3.53,100.011
02/11/2026 04:13:40,-3.77,100.018
02/11/2026 04:23:40,-4.04,100.022
02/11/2026 04:33:40,-4.34,100.045
02/11/2026 04:43:40,-4.62,100.056
02/11/2026 04:53:40,-4.90,100.042
02/11/2026 05:03:40,-5.20,100.038
02/11/2026 05:13:40,-5.53,100.032
02/11/2026 05:23:40,-5.87,100.024
02/11/2026 05:33:40,-6.21,100.033
02/11/2026 05:43:40,-6.52,100.054
02/11/2026 05:53:40,-6.71,100.060
02/11/2026 06:03:40,-6.76,100.069
02/11/2026 06:13:40,-6.76,100.095
02/11/2026 06:23:40,-6.76,100.104
02/11/2026 06:33:40,-6.71,100.091
02/11/2026 06:43:40,-6.76,100.086
02/11/2026 06:53:40,-6.90,100.098
02/11/2026 07:03:40,-7.05,100.105
02/11/2026 07:13:40,-7.16,100.107
02/11/2026 07:23:40,-7.24,100.103
02/11/2026 07:33:40,-7.17,100.092
02/11/2026 07:43:40,-6.97,100.118
02/11/2026 07:53:40,-6.75,100.127
02/11/2026 08:03:40,-6.47,100.134
02/11/2026 08:13:40,-6.11,100.131
02/11/2026 08:23:40,-5.73,100.130
02/11/2026 08:33:40,-5.24,100.113
02/11/2026 08:43:40,-4.29,100.115
02/11/2026 08:53:40,-2.90,100.111
02/11/2026 09:03:40,-1.05,100.090
02/11/2026 09:13:40,1.57,100.067
02/11/2026 09:23:40,3.56,100.032
02/11/2026 09:33:40,4.35,100.021
02/11/2026 09:43:40,4.47,100.022
02/11/2026 09:53:40,4.29,100.038
02/11/2026 10:03:40,4.22,100.037
02/11/2026 10:13:40,4.53,100.023
02/11/2026 10:23:40,5.06,100.020
02/11/2026 10:33:40,5.69,99.998
02/11/2026 10:43:40,6.54,99.967
02/11/2026 10:53:40,7.31,99.977
02/11/2026 11:03:40,7.76,99.947
02/11/2026 11:13:40,7.89,99.945
02/11/2026 11:23:40,7.96,99.946
02/11/2026 11:33:40,7.91,99.929
02/11/2026 11:43:40,7.88,99.913
02/11/2026 11:53:40,8.00,99.909
02/11/2026 12:03:40,7.91,99.897
02/11/2026 12:13:40,7.69,99.929
02/11/2026 12:23:40,7.31,99.920
02/11/2026 12:33:40,6.92,99.919
02/11/2026 12:43:40,6.67,99.924
02/11/2026 12:53:40,6.39,99.919
02/11/2026 13:03:40,6.15,99.913
02/11/2026 13:13:40,6.00,99.904
02/11/2026 13:23:40,5.87,99.915
02/11/2026 13:33:40,5.65,99.889
02/11/2026 13:43:40,5.46,99.877
02/11/2026 13:53:40,5.46,99.868
02/11/2026 14:03:40,5.51,99.876
02/11/2026 14:13:40,5.60,99.884
02/11/2026 14:23:40,5.53,99.892
02/11/2026 14:33:40,5.41,99.899
02/11/2026 14:43:40,5.25,99.912
02/11/2026 14:53:40,4.87,99.928
02/11/2026 15:03:40,4.48,99.939
02/11/2026 15:13:40,4.18,99.945
02/11/2026 15:23:40,4.13,99.944
02/11/2026 15:33:40,4.04,99.968
02/11/2026 15:43:40,3.84,99.981
02/11/2026 15:53:40,3.53,99.985
02/11/2026 16:03:40,3.26,99.962
02/11/2026 16:13:40,3.17,99.962
02/11/2026 16:23:40,3.19,99.973
02/11/2026 16:33:40,3.02,99.994
02/11/2026 16:43:40,2.83,100.016
02/11/2026 16:53:40,2.58,100.025
02/11/2026 17:03:40,2.30,100.023
02/11/2026 17:13:40,1.99,100.026
02/11/2026 17:23:40,1.67,100.063
02/11/2026 17:33:40,1.38,100.068
02/11/2026 17:43:40,1.17,100.066
02/11/2026 17:53:40,1.01,100.074
02/11/2026 18:03:40,0.88,100.070
02/11/2026 18:13:40,0.76,100.078
02/11/2026 18:23:40,0.68,100.115
02/11/2026 18:33:40,0.61,100.116
02/11/2026 18:43:40,0.51,100.138
02/11/2026 18:53:40,0.36,100.146
02/11/2026 19:03:40,0.20,100.145
02/11/2026 19:13:40,0.06,100.141
02/11/2026 19:23:40,-0.05,100.130
02/11/2026 19:33:40,-0.17,100.155
02/11/2026 19:43:40,-0.27,100.163
02/11/2026 19:53:40,-0.35,100.160
02/11/2026 20:03:40,-0.39,100.165
02/11/2026 20:13:40,-0.40,100.164
02/11/2026 20:23:40,-0.43,100.184
02/11/2026 20:33:40,-0.48,100.201
02/11/2026 20:43:40,-0.55,100.207
02/11/2026 20:53:40,-0.65,100.211
02/11/2026 21:03:40,-0.74,100.225
02/11/2026 21:13:40,-0.71,100.245
02/11/2026 21:23:40,-0.63,100.244
02/11/2026 21:33:40,-0.59,100.291
02/11/2026 21:43:40,-0.62,100.285
02/11/2026 21:53:40,-0.68,100.301
02/11/2026 22:03:40,-0.83,100.313
02/11/2026 22:13:40,-1.03,100.339
02/11/2026 22:23:40,-1.27,100.369
02/11/2026 22:33:40,-1.51,100.381
02/11/2026 22:43:40,-1.73,100.391
02/11/2026 22:53:40,-1.96,100.395
02/11/2026 23:03:40,-2.17,100.411
02/11/2026 23:13:40,-2.38,100.413
02/11/2026 23:23:40,-2.58,100.442
02/11/2026 23:33:40,-2.77,100.436
02/11/2026 23:43:40,-2.98,100.447
02/11/2026 23:53:40,-3.16,100.460
02/12/2026 00:03:40,-3.29,100.455
02/12/2026 00:13:40,-3.39,100.459
02/12/2026 00:23:40,-3.47,100.464
02/12/2026 00:33:40,-3.52,100.468
02/12/2026 00:43:40,-3.54,100.475
02/12/2026 00:53:40,-3.58,100.493
02/12/2026 01:03:40,-3.71,100.511
02/12/2026 01:13:40,-3.84,100.503
02/12/2026 01:23:40,-3.98,100.525
02/12/2026 01:33:40,-4.13,100.518
02/12/2026 01:43:40,-4.28,100.543
02/12/2026 01:53:40,-4.45,100.548
02/12/2026 02:03:40,-4.58,100.553
02/12/2026 02:13:40,-4.72,100.548
02/12/2026 02:23:40,-4.92,100.537
02/12/2026 02:33:40,-5.11,100.543
02/12/2026 02:43:40,-5.36,100.549
02/12/2026 02:53:40,-5.65,100.572
02/12/2026 03:03:40,-5.94,100.570
02/12/2026 03:13:40,-6.16,100.551
02/12/2026 03:23:40,-6.27,100.549
02/12/2026 03:33:40,-6.29,100.547
02/12/2026 03:43:40,-6.28,100.553
02/12/2026 03:53:40,-6.24,100.566
02/12/2026 04:03:40,-6.23,100.593
02/12/2026 04:13:40,-6.33,100.605
02/12/2026 04:23:40,-6.54,100.622
02/12/2026 04:33:40,-6.81,100.634
02/12/2026 04:43:40,-7.12,100.650
02/12/2026 04:53:40,-7.40,100.656
02/12/2026 05:03:40,-7.66,100.673
02/12/2026 05:13:40,-7.91,100.673
02/12/2026 05:23:40,-8.13,100.672
02/12/2026 05:33:40,-8.29,100.655
02/12/2026 05:43:40,-8.21,100.672
02/12/2026 05:53:40,-7.97,100.710
02/12/2026 06:03:40,-7.84,100.716
02/12/2026 06:13:40,-7.80,100.728
02/12/2026 06:23:40,-7.86,100.757
02/12/2026 06:33:40,-7.90,100.753
02/12/2026 06:43:40,-7.92,100.764
02/12/2026 06:53:40,-7.86,100.766
02/12/2026 07:03:40,-7.68,100.794
02/12/2026 07:13:40,-7.45,100.787
02/12/2026 07:23:40,-7.18,100.806
02/12/2026 07:33:40,-6.91,100.813
02/12/2026 07:43:40,-6.56,100.835
02/12/2026 07:53:40,-6.18,100.857
02/12/2026 08:03:40,-5.79,100.866
02/12/2026 08:13:40,-5.45,100.874
02/12/2026 08:23:40,-5.12,100.876
02/12/2026 08:33:40,-4.68,100.881
02/12/2026 08:43:40,-3.78,100.874
02/12/2026 08:53:40,-2.30,100.869
02/12/2026 09:03:40,-0.18,100.837
02/12/2026 09:13:40,2.43,100.814
02/12/2026 09:23:40,5.08,100.768
02/12/2026 09:33:40,7.44,100.744
02/12/2026 09:43:40,9.49,100.723
02/12/2026 09:53:40,11.42,100.698
02/12/2026 10:03:40,12.88,100.710
02/12/2026 10:13:40,12.32,100.762
02/12/2026 10:23:40,10.69,100.785
02/12/2026 10:33:40,10.63,100.775
02/12/2026 10:43:40,12.00,100.743
02/12/2026 10:53:40,12.16,100.763
02/12/2026 11:03:40,11.58,100.769
02/12/2026 11:13:40,10.46,100.794
02/12/2026 11:23:40,9.49,100.811
02/12/2026 11:33:40,10.12,100.772
02/12/2026 11:43:40,11.60,100.730
02/12/2026 11:53:40,12.18,100.734
02/12/2026 12:03:40,11.33,100.781
02/12/2026 12:13:40,9.70,100.796
02/12/2026 12:23:40,8.58,100.814
02/12/2026 12:33:40,7.85,100.808
02/12/2026 12:43:40,7.28,100.806
02/12/2026 12:53:40,7.19,100.794
02/12/2026 13:03:40,7.72,100.762
02/12/2026 13:13:40,8.48,100.757
02/12/2026 13:23:40,7.56,100.789
02/12/2026 13:33:40,7.73,100.772
02/12/2026 13:43:40,8.74,100.734
02/12/2026 13:53:40,9.14,100.743
02/12/2026 14:03:40,8.78,100.746
02/12/2026 14:13:40,8.58,100.765
02/12/2026 14:23:40,8.28,100.768
02/12/2026 14:33:40,7.59,100.792
02/12/2026 14:43:40,7.02,100.811
02/12/2026 14:53:40,6.60,100.811
02/12/2026 15:03:40,5.95,100.846
02/12/2026 15:13:40,5.39,100.860
02/12/2026 15:23:40,4.71,100.859
02/12/2026 15:33:40,4.14,100.868
02/12/2026 15:43:40,3.64,100.899
02/12/2026 15:53:40,3.09,100.904
02/12/2026 16:03:40,2.67,100.911
02/12/2026 16:13:40,2.30,100.913
02/12/2026 16:23:40,2.00,100.917
02/12/2026 16:33:40,1.68,100.928
02/12/2026 16:43:40,1.39,100.946
02/12/2026 16:53:40,1.08,100.953
02/12/2026 17:03:40,0.75,100.979
02/12/2026 17:13:40,0.39,100.995
02/12/2026 17:23:40,-0.01,100.997
02/12/2026 17:33:40,-0.42,101.007
02/12/2026 17:43:40,-0.82,101.032
02/12/2026 17:53:40,-1.15,101.045
02/12/2026 18:03:40,-1.40,101.043
02/12/2026 18:13:40,-1.61,101.067
02/12/2026 18:23:40,-1.84,101.080
02/12/2026 18:33:40,-2.09,101.082
02/12/2026 18:43:40,-2.42,101.094
02/12/2026 18:53:40,-2.75,101.115
02/12/2026 19:03:40,-3.02,101.138
02/12/2026 19:13:40,-3.21,101.141
02/12/2026 19:23:40,-3.34,101.146
02/12/2026 19:33:40,-3.54,101.152
02/12/2026 19:43:40,-3.82,101.164
02/12/2026 19:53:40,-4.13,101.182
02/12/2026 20:03:40,-4.43,101.183
02/12/2026 20:13:40,-4.66,101.186
02/12/2026 20:23:40,-4.83,101.209
02/12/2026 20:33:40,-4.97,101.225
02/12/2026 20:43:40,-5.10,101.225
02/12/2026 20:53:40,-5.17,101.223
02/12/2026 21:03:40,-5.17,101.236
02/12/2026 21:13:40,-5.08,101.223
02/12/2026 21:23:40,-5.02,101.243
02/12/2026 21:33:40,-5.01,101.248
02/12/2026 21:43:40,-5.09,101.261
02/12/2026 21:53:40,-5.22,101.261
02/12/2026 22:03:40,-5.38,101.268
02/12/2026 22:13:40,-5.51,101.263
02/12/2026 22:23:40,-5.53,101.265
02/12/2026 22:33:40,-5.54,101.278
02/12/2026 22:43:40,-5.59,101.285
02/12/2026 22:53:40,-5.67,101.282
02/12/2026 23:03:40,-5.83,101.292
02/12/2026 23:13:40,-6.06,101.304
02/12/2026 23:23:40,-6.35,101.331
02/12/2026 23:33:40,-6.66,101.334
02/12/2026 23:43:40,-6.98,101.336
02/12/2026 23:53:40,-7.24,101.340
02/13/2026 00:03:40,-7.48,101.346
02/13/2026 00:13:40,-7.71,101.334
02/13/2026 00:23:40,-7.94,101.328
02/13/2026 00:33:40,-8.17,101.343
02/13/2026 00:43:40,-8.39,101.346
02/13/2026 00:53:40,-8.59,101.360
02/13/2026 01:03:40,-8.78,101.366
02/13/2026 01:13:40,-8.96,101.369
02/13/2026 01:23:40,-9.11,101.379
02/13/2026 01:33:40,-9.23,101.384
02/13/2026 01:43:40,-9.32,101.392
02/13/2026 01:53:40,-9.39,101.393
02/13/2026 02:03:40,-9.48,101.397
02/13/2026 02:13:40,-9.58,101.381
02/13/2026 02:23:40,-9.69,101.378
02/13/2026 02:33:40,-9.81,101.378
02/13/2026 02:43:40,-9.94,101.386
02/13/2026 02:53:40,-10.08,101.393
02/13/2026 03:03:40,-10.21,101.401
02/13/2026 03:13:40,-10.34,101.399
02/13/2026 03:23:40,-10.46,101.400
02/13/2026 03:33:40,-10.56,101.402
02/13/2026 03:43:40,-10.62,101.408
02/13/2026 03:53:40,-10.67,101.412
02/13/2026 04:03:40,-10.71,101.412
02/13/2026 04:13:40,-10.77,101.418
02/13/2026 04:23:40,-10.84,101.437
02/13/2026 04:33:40,-10.91,101.434
02/13/2026 04:43:40,-10.98,101.456
02/13/2026 04:53:40,-11.07,101.452
02/13/2026 05:03:40,-11.16,101.459
02/13/2026 05:13:40,-11.26,101.465
02/13/2026 05:23:40,-11.41,101.471
02/13/2026 05:33:40,-11.55,101.490
02/13/2026 05:43:40,-11.71,101.503
02/13/2026 05:53:40,-11.88,101.507
02/13/2026 06:03:40,-12.05,101.522
02/13/2026 06:13:40,-12.24,101.536
02/13/2026 06:23:40,-12.42,101.529
02/13/2026 06:33:40,-12.60,101.544
02/13/2026 06:43:40,-12.78,101.568
02/13/2026 06:53:40,-12.94,101.567
02/13/2026 07:03:40,-13.05,101.589
02/13/2026 07:13:40,-13.12,101.603
02/13/2026 07:23:40,-13.11,101.622
02/13/2026 07:33:40,-13.04,101.626
02/13/2026 07:43:40,-12.78,101.629
02/13/2026 07:53:40,-12.32,101.640
02/13/2026 08:03:40,-11.67,101.652
02/13/2026 08:13:40,-11.02,101.675
02/13/2026 08:23:40,-10.42,101.689
02/13/2026 08:33:40,-9.83,101.679
02/13/2026 08:43:40,-8.76,101.688
02/13/2026 08:53:40,-6.84,101.701
02/13/2026 09:03:40,-4.12,101.679
02/13/2026 09:13:40,-0.80,101.664
02/13/2026 09:23:40,2.52,101.625
02/13/2026 09:33:40,5.66,101.555
02/13/2026 09:43:40,8.40,101.508
02/13/2026 09:53:40,10.79,101.483
02/13/2026 10:03:40,12.69,101.490
02/13/2026 10:13:40,14.66,101.461
02/13/2026 10:23:40,16.45,101.448
02/13/2026 10:33:40,17.82,101.443
02/13/2026 10:43:40,18.85,101.444
02/13/2026 10:53:40,19.30,101.460
02/13/2026 11:03:40,18.15,101.452
02/13/2026 11:13:40,18.25,101.436
02/13/2026 11:23:40,18.21,101.447
02/13/2026 11:33:40,17.10,101.434
02/13/2026 11:43:40,15.16,101.474
02/13/2026 11:53:40,13.66,101.450
02/13/2026 12:03:40,12.49,101.440
02/13/2026 12:13:40,11.13,101.425
02/13/2026 12:23:40,10.03,101.398
02/13/2026 12:33:40,9.58,101.385
02/13/2026 12:43:40,8.83,101.379
02/13/2026 12:53:40,8.67,101.361
02/13/2026 13:03:40,9.46,101.340
02/13/2026 13:13:40,10.95,101.301
02/13/2026 13:23:40,13.12,101.278
02/13/2026 13:33:40,15.52,101.255
02/13/2026 13:43:40,17.32,101.245
02/13/2026 13:53:40,18.22,101.238
02/13/2026 14:03:40,17.99,101.241
02/13/2026 14:13:40,16.19,101.252
02/13/2026 14:23:40,13.63,101.257
02/13/2026 14:33:40,11.31,101.280
02/13/2026 14:43:40,9.70,101.301
02/13/2026 14:53:40,8.35,101.309
02/13/2026 15:03:40,7.33,101.310
02/13/2026 15:13:40,6.49,101.315
02/13/2026 15:23:40,5.83,101.321
02/13/2026 15:33:40,5.38,101.341
02/13/2026 15:43:40,4.78,101.338
02/13/2026 15:53:40,4.12,101.347
02/13/2026 16:03:40,3.58,101.344
02/13/2026 16:13:40,3.13,101.375
02/13/2026 16:23:40,2.62,101.383
02/13/2026 16:33:40,2.03,101.387
02/13/2026 16:43:40,1.42,101.411
02/13/2026 16:53:40,0.87,101.418
02/13/2026 17:03:40,0.44,101.427
02/13/2026 17:13:40,0.11,101.436
02/13/2026 17:23:40,-0.25,101.438
02/13/2026 17:33:40,-0.63,101.454
02/13/2026 17:43:40,-1.02,101.475
02/13/2026 17:53:40,-1.42,101.468
02/13/2026 18:03:40,-1.86,101.496
02/13/2026 18:13:40,-2.34,101.511
02/13/2026 18:23:40,-2.77,101.513
02/13/2026 18:33:40,-3.11,101.529
02/13/2026 18:43:40,-3.35,101.527
02/13/2026 18:53:40,-3.56,101.520
02/13/2026 19:03:40,-3.79,101.523
02/13/2026 19:13:40,-4.00,101.529
02/13/2026 19:23:40,-4.18,101.537
02/13/2026 19:33:40,-4.34,101.552
02/13/2026 19:43:40,-4.51,101.544
02/13/2026 19:53:40,-4.68,101.540
02/13/2026 20:03:40,-4.87,101.525
02/13/2026 20:13:40,-5.05,101.520
02/13/2026 20:23:40,-5.24,101.523
02/13/2026 20:33:40,-5.45,101.524
02/13/2026 20:43:40,-5.63,101.515
02/13/2026 20:53:40,-5.74,101.525
02/13/2026 21:03:40,-5.81,101.540
02/13/2026 21:13:40,-5.88,101.524
02/13/2026 21:23:40,-5.98,101.535
02/13/2026 21:33:40,-6.12,101.547
02/13/2026 21:43:40,-6.28,101.553
02/13/2026 21:53:40,-6.42,101.534
02/13/2026 22:03:40,-6.53,101.545
02/13/2026 22:13:40,-6.65,101.559
02/13/2026 22:23:40,-6.81,101.568
02/13/2026 22:33:40,-7.01,101.557
02/13/2026 22:43:40,-7.19,101.560
02/13/2026 22:53:40,-7.36,101.573
02/13/2026 23:03:40,-7.53,101.569
02/13/2026 23:13:40,-7.69,101.569
02/13/2026 23:23:40,-7.83,101.568
02/13/2026 23:33:40,-7.89,101.579
02/13/2026 23:43:40,-7.88,101.575
02/13/2026 23:53:40,-7.83,101.576
02/14/2026 00:03:40,-7.79,101.568
02/14/2026 00:13:40,-7.72,101.540
02/14/2026 00:23:40,-7.61,101.534
02/14/2026 00:33:40,-7.47,101.530
02/14/2026 00:43:40,-7.35,101.522
02/14/2026 00:53:40,-7.25,101.523
02/14/2026 01:03:40,-7.22,101.504
02/14/2026 01:13:40,-7.25,101.505
02/14/2026 01:23:40,-7.28,101.503
02/14/2026 01:33:40,-7.29,101.501
02/14/2026 01:43:40,-7.29,101.514
02/14/2026 01:53:40,-7.31,101.504
02/14/2026 02:03:40,-7.34,101.487
02/14/2026 02:13:40,-7.37,101.475
02/14/2026 02:23:40,-7.37,101.457
02/14/2026 02:33:40,-7.32,101.432
02/14/2026 02:43:40,-7.24,101.441
02/14/2026 02:53:40,-7.14,101.460
02/14/2026 03:03:40,-7.08,101.436
02/14/2026 03:13:40,-7.08,101.427
02/14/2026 03:23:40,-7.05,101.430
02/14/2026 03:33:40,-6.98,101.432
02/14/2026 03:43:40,-6.90,101.428
02/14/2026 03:53:40,-6.81,101.428
02/14/2026 04:03:40,-6.69,101.410
02/14/2026 04:13:40,-6.63,101.434
02/14/2026 04:23:40,-6.64,101.419
02/14/2026 04:33:40,-6.67,101.416
02/14/2026 04:43:40,-6.76,101.407
02/14/2026 04:53:40,-6.82,101.396
02/14/2026 05:03:40,-6.81,101.389
02/14/2026 05:13:40,-6.78,101.388
02/14/2026 05:23:40,-6.73,101.389
02/14/2026 05:33:40,-6.64,101.393
02/14/2026 05:43:40,-6.52,101.392
02/14/2026 05:53:40,-6.40,101.405
02/14/2026 06:03:40,-6.26,101.414
02/14/2026 06:13:40,-6.11,101.435
02/14/2026 06:23:40,-5.95,101.438
02/14/2026 06:33:40,-5.78,101.451
02/14/2026 06:43:40,-5.61,101.428
02/14/2026 06:53:40,-5.47,101.421
02/14/2026 07:03:40,-5.33,101.422
02/14/2026 07:13:40,-5.20,101.448
02/14/2026 07:23:40,-5.03,101.452
02/14/2026 07:33:40,-4.86,101.443
02/14/2026 07:43:40,-4.64,101.434
02/14/2026 07:53:40,-4.36,101.427
02/14/2026 08:03:40,-4.02,101.412
02/14/2026 08:13:40,-3.61,101.391
02/14/2026 08:23:40,-3.19,101.402
02/14/2026 08:33:40,-2.78,101.407
02/14/2026 08:43:40,-2.36,101.425
02/14/2026 08:53:40,-1.96,101.420
02/14/2026 09:03:40,-1.66,101.401
02/14/2026 09:13:40,-1.49,101.417
02/14/2026 09:23:40,-1.32,101.415
02/14/2026 09:33:40,-1.12,101.412
02/14/2026 09:43:40,-0.89,101.382
02/14/2026 09:53:40,-0.62,101.390
02/14/2026 10:03:40,-0.34,101.367
02/14/2026 10:13:40,-0.09,101.351
02/14/2026 10:23:40,0.12,101.354
02/14/2026 10:33:40,0.34,101.356
02/14/2026 10:43:40,0.57,101.355
02/14/2026 10:53:40,0.83,101.348
02/14/2026 11:03:40,1.07,101.353
02/14/2026 11:13:40,1.22,101.345
02/14/2026 11:23:40,1.32,101.331
02/14/2026 11:33:40,1.42,101.323
02/14/2026 11:43:40,1.61,101.313
02/14/2026 11:53:40,1.81,101.323
02/14/2026 12:03:40,2.02,101.298
02/14/2026 12:13:40,2.16,101.288
02/14/2026 12:23:40,2.26,101.271
02/14/2026 12:33:40,2.35,101.266
02/14/2026 12:43:40,2.45,101.253
02/14/2026 12:53:40,2.53,101.243
02/14/2026 13:03:40,2.60,101.249
02/14/2026 13:13:40,2.69,101.256
02/14/2026 13:23:40,2.77,101.259
02/14/2026 13:33:40,2.82,101.268
02/14/2026 13:43:40,2.81,101.258
02/14/2026 13:53:40,2.73,101.265
02/14/2026 14:03:40,2.65,101.257
02/14/2026 14:13:40,2.74,101.274
02/14/2026 14:23:40,3.03,101.261
02/14/2026 14:33:40,3.44,101.244
02/14/2026 14:43:40,3.75,101.262
02/14/2026 14:53:40,3.95,101.253
02/14/2026 15:03:40,4.07,101.246
02/14/2026 15:13:40,4.21,101.249
02/14/2026 15:23:40,4.27,101.254
02/14/2026 15:33:40,4.21,101.249
02/14/2026 15:43:40,4.07,101.268
02/14/2026 15:53:40,3.88,101.282
02/14/2026 16:03:40,3.65,101.293
02/14/2026 16:13:40,3.37,101.286
02/14/2026 16:23:40,3.05,101.293
02/14/2026 16:33:40,2.74,101.318
02/14/2026 16:43:40,2.44,101.296
02/14/2026 16:53:40,2.15,101.301
02/14/2026 17:03:40,1.87,101.324
02/14/2026 17:13:40,1.57,101.323
02/14/2026 17:23:40,1.27,101.322
02/14/2026 17:33:40,0.96,101.347
02/14/2026 17:43:40,0.69,101.335
02/14/2026 17:53:40,0.38,101.355
02/14/2026 18:03:40,0.08,101.362
02/14/2026 18:13:40,-0.17,101.379
02/14/2026 18:23:40,-0.36,101.383
02/14/2026 18:33:40,-0.52,101.394
02/14/2026 18:43:40,-0.71,101.389
02/14/2026 18:53:40,-1.01,101.401
02/14/2026 19:03:40,-1.38,101.401
02/14/2026 19:13:40,-1.77,101.421
02/14/2026 19:23:40,-2.13,101.430
02/14/2026 19:33:40,-2.48,101.419
02/14/2026 19:43:40,-2.75,101.441
02/14/2026 19:53:40,-2.87,101.447
02/14/2026 20:03:40,-3.05,101.447
02/14/2026 20:13:40,-3.34,101.440
02/14/2026 20:23:40,-3.67,101.434
02/14/2026 20:33:40,-4.01,101.445
02/14/2026 20:43:40,-4.31,101.441
02/14/2026 20:53:40,-4.56,101.429
02/14/2026 21:03:40,-4.78,101.420
02/14/2026 21:13:40,-4.99,101.399
02/14/2026 21:23:40,-5.18,101.411
02/14/2026 21:33:40,-5.36,101.406
02/14/2026 21:43:40,-5.55,101.412
02/14/2026 21:53:40,-5.78,101.420
02/14/2026 22:03:40,-6.00,101.428
02/14/2026 22:13:40,-6.22,101.423
02/14/2026 22:23:40,-6.46,101.416
02/14/2026 22:33:40,-6.72,101.441
02/14/2026 22:43:40,-6.97,101.430
02/14/2026 22:53:40,-7.14,101.446
02/14/2026 23:03:40,-7.29,101.431
02/14/2026 23:13:40,-7.47,101.395
02/14/2026 23:23:40,-7.65,101.372
02/14/2026 23:33:40,-7.79,101.357
02/14/2026 23:43:40,-7.88,101.374
02/14/2026 23:53:40,-7.92,101.383
02/15/2026 00:03:40,-7.94,101.376
02/15/2026 00:13:40,-8.02,101.372
02/15/2026 00:23:40,-8.18,101.337
02/15/2026 00:33:40,-8.39,101.315
02/15/2026 00:43:40,-8.63,101.330
02/15/2026 00:53:40,-8.87,101.339
02/15/2026 01:03:40,-9.09,101.359
02/15/2026 01:13:40,-9.30,101.359
02/15/2026 01:23:40,-9.48,101.361
02/15/2026 01:33:40,-9.66,101.369
02/15/2026 01:43:40,-9.82,101.368
02/15/2026 01:53:40,-9.96,101.366
02/15/2026 02:03:40,-10.09,101.361
02/15/2026 02:13:40,-10.24,101.358
02/15/2026 02:23:40,-10.41,101.357
02/15/2026 02:33:40,-10.53,101.318
02/15/2026 02:43:40,-10.62,101.330
02/15/2026 02:53:40,-10.73,101.330
02/15/2026 03:03:40,-10.87,101.325
02/15/2026 03:13:40,-10.99,101.324
02/15/2026 03:23:40,-11.11,101.329
02/15/2026 03:33:40,-11.17,101.340
02/15/2026 03:43:40,-11.24,101.350
02/15/2026 03:53:40,-11.36,101.362
02/15/2026 04:03:40,-11.50,101.360
02/15/2026 04:13:40,-11.56,101.375
02/15/2026 04:23:40,-11.64,101.384
02/15/2026 04:33:40,-11.71,101.372
02/15/2026 04:43:40,-11.77,101.374
02/15/2026 04:53:40,-11.81,101.387
02/15/2026 05:03:40,-11.86,101.372
02/15/2026 05:13:40,-11.93,101.370
02/15/2026 05:23:40,-11.99,101.376
02/15/2026 05:33:40,-12.08,101.374
02/15/2026 05:43:40,-12.17,101.381
02/15/2026 05:53:40,-12.26,101.394
02/15/2026 06:03:40,-12.34,101.389
02/15/2026 06:13:40,-12.43,101.401
02/15/2026 06:23:40,-12.52,101.417
02/15/2026 06:33:40,-12.61,101.437
02/15/2026 06:43:40,-12.75,101.449
02/15/2026 06:53:40,-12.87,101.470
02/15/2026 07:03:40,-12.92,101.486
02/15/2026 07:13:40,-12.90,101.523
02/15/2026 07:23:40,-12.80,101.525
02/15/2026 07:33:40,-12.59,101.540
02/15/2026 07:43:40,-12.25,101.570
02/15/2026 07:53:40,-11.78,101.588
02/15/2026 08:03:40,-11.20,101.608
02/15/2026 08:13:40,-10.66,101.627
02/15/2026 08:23:40,-10.03,101.630
02/15/2026 08:33:40,-9.34,101.631
02/15/2026 08:43:40,-8.18,101.640
02/15/2026 08:53:40,-6.36,101.663
02/15/2026 09:03:40,-4.00,101.647
02/15/2026 09:13:40,-0.92,101.625
02/15/2026 09:23:40,2.52,101.572
02/15/2026 09:33:40,5.78,101.521
02/15/2026 09:43:40,8.36,101.491
02/15/2026 09:53:40,10.57,101.466
02/15/2026 10:03:40,12.77,101.443
02/15/2026 10:13:40,14.35,101.442
02/15/2026 10:23:40,15.56,101.448
02/15/2026 10:33:40,16.64,101.461
02/15/2026 10:43:40,17.48,101.473
02/15/2026 10:53:40,18.44,101.475
02/15/2026 11:03:40,18.28,101.478
02/15/2026 11:13:40,18.87,101.472
02/15/2026 11:23:40,19.72,101.443
02/15/2026 11:33:40,19.34,101.467
02/15/2026 11:43:40,17.89,101.470
02/15/2026 11:53:40,16.67,101.485
02/15/2026 12:03:40,15.54,101.496
02/15/2026 12:13:40,13.97,101.486
02/15/2026 12:23:40,12.91,101.462
02/15/2026 12:33:40,11.97,101.463
02/15/2026 12:43:40,10.94,101.442
02/15/2026 12:53:40,10.54,101.416
02/15/2026 13:03:40,11.15,101.409
02/15/2026 13:13:40,12.31,101.368
02/15/2026 13:23:40,13.90,101.352
02/15/2026 13:33:40,15.60,101.341
02/15/2026 13:43:40,16.40,101.364
02/15/2026 13:53:40,16.44,101.367
02/15/2026 14:03:40,15.81,101.382
02/15/2026 14:13:40,14.58,101.410
02/15/2026 14:23:40,13.14,101.439
02/15/2026 14:33:40,11.99,101.429
02/15/2026 14:43:40,10.95,101.443
02/15/2026 14:53:40,9.95,101.431
02/15/2026 15:03:40,9.17,101.450
02/15/2026 15:13:40,8.51,101.459
02/15/2026 15:23:40,7.89,101.457
02/15/2026 15:33:40,7.39,101.474
02/15/2026 15:43:40,6.92,101.483
02/15/2026 15:53:40,6.51,101.476
02/15/2026 16:03:40,6.09,101.503
02/15/2026 16:13:40,5.55,101.536
02/15/2026 16:23:40,4.84,101.538
02/15/2026 16:33:40,4.05,101.579
02/15/2026 16:43:40,3.27,101.603
02/15/2026 16:53:40,2.54,101.596
02/15/2026 17:03:40,1.88,101.599
02/15/2026 17:13:40,1.31,101.613
02/15/2026 17:23:40,0.80,101.601
02/15/2026 17:33:40,0.32,101.605
02/15/2026 17:43:40,-0.13,101.621
02/15/2026 17:53:40,-0.51,101.633
02/15/2026 18:03:40,-0.80,101.615
02/15/2026 18:13:40,-0.99,101.623
02/15/2026 18:23:40,-1.14,101.609
02/15/2026 18:33:40,-1.31,101.610
02/15/2026 18:43:40,-1.53,101.602
02/15/2026 18:53:40,-1.80,101.590
02/15/2026 19:03:40,-2.08,101.589
02/15/2026 19:13:40,-2.37,101.596
02/15/2026 19:23:40,-2.64,101.583
02/15/2026 19:33:40,-2.88,101.595
02/15/2026 19:43:40,-3.07,101.599
02/15/2026 19:53:40,-3.20,101.594
02/15/2026 20:03:40,-3.29,101.617
02/15/2026 20:13:40,-3.33,101.617
02/15/2026 20:23:40,-3.38,101.643
02/15/2026 20:33:40,-3.47,101.669
02/15/2026 20:43:40,-3.53,101.690
02/15/2026 20:53:40,-3.49,101.702
02/15/2026 21:03:40,-3.41,101.714
02/15/2026 21:13:40,-3.32,101.715
02/15/2026 21:23:40,-3.30,101.726
02/15/2026 21:33:40,-3.39,101.730
02/15/2026 21:43:40,-3.54,101.746
02/15/2026 21:53:40,-3.64,101.767
02/15/2026 22:03:40,-3.65,101.766
02/15/2026 22:13:40,-3.63,101.786
02/15/2026 22:23:40,-3.56,101.796
02/15/2026 22:33:40,-3.47,101.775
02/15/2026 22:43:40,-3.36,101.759
02/15/2026 22:53:40,-3.26,101.760
02/15/2026 23:03:40,-3.19,101.767
02/15/2026 23:13:40,-3.13,101.764
02/15/2026 23:23:40,-3.09,101.755
02/15/2026 23:33:40,-3.05,101.750
02/15/2026 23:43:40,-3.00,101.737
02/15/2026 23:53:40,-2.95,101.734
02/16/2026 00:03:40,-2.89,101.717
02/16/2026 00:13:40,-2.85,101.730
02/16/2026 00:23:40,-2.81,101.712
02/16/2026 00:33:40,-2.77,101.707
02/16/2026 00:43:40,-2.73,101.693
02/16/2026 00:53:40,-2.70,101.714
02/16/2026 01:03:40,-2.68,101.715
02/16/2026 01:13:40,-2.69,101.711
02/16/2026 01:23:40,-2.72,101.730
02/16/2026 01:33:40,-2.75,101.731
02/16/2026 01:43:40,-2.79,101.714
02/16/2026 01:53:40,-2.83,101.688
02/16/2026 02:03:40,-2.91,101.689
02/16/2026 02:13:40,-3.02,101.691
02/16/2026 02:23:40,-3.18,101.689
02/16/2026 02:33:40,-3.34,101.686
02/16/2026 02:43:40,-3.50,101.671
02/16/2026 02:53:40,-3.62,101.677
02/16/2026 03:03:40,-3.66,101.681
02/16/2026 03:13:40,-3.64,101.678
02/16/2026 03:23:40,-3.60,101.696
02/16/2026 03:33:40,-3.54,101.706
02/16/2026 03:43:40,-3.49,101.738
02/16/2026 03:53:40,-3.43,101.712
02/16/2026 04:03:40,-3.38,101.744
02/16/2026 04:13:40,-3.33,101.718
02/16/2026 04:23:40,-3.27,101.706
02/16/2026 04:33:40,-3.17,101.725
02/16/2026 04:43:40,-3.07,101.712
02/16/2026 04:53:40,-3.04,101.712
02/16/2026 05:03:40,-3.06,101.710
02/16/2026 05:13:40,-3.13,101.721
02/16/2026 05:23:40,-3.20,101.700
02/16/2026 05:33:40,-3.26,101.721
02/16/2026 05:43:40,-3.28,101.724
02/16/2026 05:53:40,-3.26,101.708
02/16/2026 06:03:40,-3.22,101.716
02/16/2026 06:13:40,-3.18,101.733
02/16/2026 06:23:40,-3.14,101.732
02/16/2026 06:33:40,-3.10,101.732
02/16/2026 06:43:40,-3.07,101.735
02/16/2026 06:53:40,-3.03,101.761
02/16/2026 07:03:40,-2.98,101.783
02/16/2026 07:13:40,-2.92,101.798
02/16/2026 07:23:40,-2.85,101.810
02/16/2026 07:33:40,-2.75,101.824
02/16/2026 07:43:40,-2.61,101.837
02/16/2026 07:53:40,-2.42,101.847
02/16/2026 08:03:40,-2.18,101.844
02/16/2026 08:13:40,-1.91,101.843
02/16/2026 08:23:40,-1.58,101.844
02/16/2026 08:33:40,-1.21,101.858
02/16/2026 08:43:40,-0.83,101.894
02/16/2026 08:53:40,-0.48,101.892
02/16/2026 09:03:40,-0.10,101.897
02/16/2026 09:13:40,0.27,101.905
02/16/2026 09:23:40,0.59,101.895
02/16/2026 09:33:40,1.00,101.889
02/16/2026 09:43:40,1.41,101.904
02/16/2026 09:53:40,1.79,101.873
02/16/2026 10:03:40,2.29,101.887
02/16/2026 10:13:40,2.93,101.856
02/16/2026 10:23:40,3.78,101.816
02/16/2026 10:33:40,4.77,101.801
02/16/2026 10:43:40,5.80,101.783
02/16/2026 10:53:40,7.20,101.737
02/16/2026 11:03:40,8.66,101.727
02/16/2026 11:13:40,9.76,101.683
02/16/2026 11:23:40,10.41,101.693
02/16/2026 11:33:40,10.56,101.683
02/16/2026 11:43:40,10.70,101.672
02/16/2026 11:53:40,11.09,101.640
02/16/2026 12:03:40,11.61,101.626
02/16/2026 12:13:40,12.12,101.580
02/16/2026 12:23:40,12.59,101.567
02/16/2026 12:33:40,12.69,101.556
02/16/2026 12:43:40,12.59,101.549
02/16/2026 12:53:40,12.62,101.529
02/16/2026 13:03:40,12.92,101.521
02/16/2026 13:13:40,13.12,101.495
02/16/2026 13:23:40,12.78,101.515
02/16/2026 13:33:40,11.99,101.535
02/16/2026 13:43:40,11.26,101.542
02/16/2026 13:53:40,10.55,101.558
02/16/2026 14:03:40,10.09,101.527
02/16/2026 14:13:40,9.92,101.540
02/16/2026 14:23:40,9.88,101.523
02/16/2026 14:33:40,10.35,101.485
02/16/2026 14:43:40,9.96,101.512
02/16/2026 14:53:40,9.56,101.538
02/16/2026 15:03:40,9.13,101.544
02/16/2026 15:13:40,8.84,101.556
02/16/2026 15:23:40,8.52,101.566
02/16/2026 15:33:40,8.27,101.576
02/16/2026 15:43:40,8.10,101.585
02/16/2026 15:53:40,7.99,101.589
02/16/2026 16:03:40,7.78,101.603
02/16/2026 16:13:40,7.34,101.611
02/16/2026 16:23:40,6.76,101.620
02/16/2026 16:33:40,5.95,101.632
02/16/2026 16:43:40,5.18,101.655
02/16/2026 16:53:40,4.42,101.656
02/16/2026 17:03:40,3.66,101.669
02/16/2026 17:13:40,2.88,101.684
02/16/2026 17:23:40,2.08,101.718
02/16/2026 17:33:40,1.30,101.713
02/16/2026 17:43:40,0.56,101.733
02/16/2026 17:53:40,-0.12,101.754
02/16/2026 18:03:40,-0.72,101.750
02/16/2026 18:13:40,-1.23,101.781
02/16/2026 18:23:40,-1.65,101.789
02/16/2026 18:33:40,-1.90,101.778
02/16/2026 18:43:40,-2.04,101.778
02/16/2026 18:53:40,-2.19,101.746
02/16/2026 19:03:40,-2.41,101.773
02/16/2026 19:13:40,-2.65,101.767
02/16/2026 19:23:40,-2.89,101.770
02/16/2026 19:33:40,-3.14,101.794
02/16/2026 19:43:40,-3.37,101.802
02/16/2026 19:53:40,-3.59,101.807
02/16/2026 20:03:40,-3.80,101.808
02/16/2026 20:13:40,-3.99,101.829
02/16/2026 20:23:40,-4.16,101.825
02/16/2026 20:33:40,-4.34,101.829
02/16/2026 20:43:40,-4.53,101.828
02/16/2026 20:53:40,-4.71,101.810
02/16/2026 21:03:40,-4.86,101.808
02/16/2026 21:13:40,-5.01,101.819
02/16/2026 21:23:40,-5.18,101.841
02/16/2026 21:33:40,-5.33,101.852
02/16/2026 21:43:40,-5.49,101.867
02/16/2026 21:53:40,-5.65,101.881
02/16/2026 22:03:40,-5.80,101.871
02/16/2026 22:13:40,-5.93,101.870
02/16/2026 22:23:40,-5.99,101.868
02/16/2026 22:33:40,-6.04,101.811
02/16/2026 22:43:40,-6.08,101.872
02/16/2026 22:53:40,-6.07,101.869
02/16/2026 23:03:40,-5.99,101.873
02/16/2026 23:13:40,-5.87,101.855
02/16/2026 23:23:40,-5.71,101.845
02/16/2026 23:33:40,-5.54,101.830
02/16/2026 23:43:40,-5.43,101.834
02/16/2026 23:53:40,-5.32,101.840
02/17/2026 00:03:40,-5.23,101.845
02/17/2026 00:13:40,-5.11,101.818
02/17/2026 00:23:40,-4.98,101.817
02/17/2026 00:33:40,-4.86,101.790
02/17/2026 00:43:40,-4.75,101.797
02/17/2026 00:53:40,-4.65,101.758
02/17/2026 01:03:40,-4.57,101.766
02/17/2026 01:13:40,-4.56,101.772
02/17/2026 01:23:40,-4.57,101.779
02/17/2026 01:33:40,-4.59,101.765
02/17/2026 01:43:40,-4.58,101.739
02/17/2026 01:53:40,-4.56,101.732
02/17/2026 02:03:40,-4.53,101.722
02/17/2026 02:13:40,-4.49,101.731
02/17/2026 02:23:40,-4.46,101.720
02/17/2026 02:33:40,-4.44,101.726
02/17/2026 02:43:40,-4.42,101.724
02/17/2026 02:53:40,-4.42,101.720
02/17/2026 03:03:40,-4.41,101.708
02/17/2026 03:13:40,-4.39,101.675
02/17/2026 03:23:40,-4.36,101.686
02/17/2026 03:33:40,-4.32,101.677
02/17/2026 03:43:40,-4.31,101.656
02/17/2026 03:53:40,-4.35,101.661
02/17/2026 04:03:40,-4.39,101.665
02/17/2026 04:13:40,-4.40,101.669
02/17/2026 04:23:40,-4.40,101.669
02/17/2026 04:33:40,-4.39,101.661
02/17/2026 04:43:40,-4.35,101.656
02/17/2026 04:53:40,-4.31,101.683
02/17/2026 05:03:40,-4.25,101.684
02/17/2026 05:13:40,-4.19,101.677
02/17/2026 05:23:40,-4.12,101.671
02/17/2026 05:33:40,-4.04,101.675
02/17/2026 05:43:40,-3.96,101.660
02/17/2026 05:53:40,-3.92,101.682
02/17/2026 06:03:40,-3.91,101.674
02/17/2026 06:13:40,-3.88,101.682
02/17/2026 06:23:40,-3.81,101.706
02/17/2026 06:33:40,-3.72,101.684
02/17/2026 06:43:40,-3.64,101.714
02/17/2026 06:53:40,-3.55,101.710
02/17/2026 07:03:40,-3.44,101.694
02/17/2026 07:13:40,-3.31,101.715
02/17/2026 07:23:40,-3.16,101.735
02/17/2026 07:33:40,-2.98,101.695
02/17/2026 07:43:40,-2.77,101.685
02/17/2026 07:53:40,-2.51,101.684
02/17/2026 08:03:40,-2.20,101.684
02/17/2026 08:13:40,-1.83,101.680
02/17/2026 08:23:40,-1.36,101.680
02/17/2026 08:33:40,-0.91,101.679
02/17/2026 08:43:40,-0.52,101.681
02/17/2026 08:53:40,-0.17,101.678
02/17/2026 09:03:40,0.17,101.640
02/17/2026 09:13:40,0.50,101.627
02/17/2026 09:23:40,0.85,101.597
02/17/2026 09:33:40,1.30,101.567
02/17/2026 09:43:40,1.82,101.563
02/17/2026 09:53:40,2.42,101.559
02/17/2026 10:03:40,3.25,101.545
02/17/2026 10:13:40,3.97,101.538
02/17/2026 10:23:40,4.55,101.535
02/17/2026 10:33:40,4.97,101.527
02/17/2026 10:43:40,5.21,101.517
02/17/2026 10:53:40,5.45,101.546
02/17/2026 11:03:40,5.46,101.543
02/17/2026 11:13:40,5.42,101.516
02/17/2026 11:23:40,5.43,101.504
02/17/2026 11:33:40,5.49,101.492
02/17/2026 11:43:40,5.72,101.484
02/17/2026 11:53:40,6.08,101.462
02/17/2026 12:03:40,6.64,101.425
02/17/2026 12:13:40,7.27,101.385
02/17/2026 12:23:40,7.55,101.398
02/17/2026 12:33:40,7.59,101.402
02/17/2026 12:43:40,7.50,101.390
02/17/2026 12:53:40,7.24,101.391
02/17/2026 13:03:40,6.83,101.401
02/17/2026 13:13:40,6.51,101.397
02/17/2026 13:23:40,6.50,101.369
02/17/2026 13:33:40,7.00,101.318
02/17/2026 13:43:40,7.68,101.277
02/17/2026 13:53:40,8.38,101.258
02/17/2026 14:03:40,8.90,101.264
02/17/2026 14:13:40,9.39,101.273
02/17/2026 14:23:40,9.65,101.275
02/17/2026 14:33:40,9.64,101.288
02/17/2026 14:43:40,9.29,101.286
02/17/2026 14:53:40,8.92,101.315
02/17/2026 15:03:40,8.76,101.289
02/17/2026 15:13:40,8.76,101.271
02/17/2026 15:23:40,8.68,101.286
02/17/2026 15:33:40,8.53,101.301
02/17/2026 15:43:40,8.45,101.308
02/17/2026 15:53:40,8.40,101.313
02/17/2026 16:03:40,8.11,101.320
02/17/2026 16:13:40,7.55,101.337
02/17/2026 16:23:40,7.03,101.333
02/17/2026 16:33:40,6.58,101.322
02/17/2026 16:43:40,6.13,101.370
02/17/2026 16:53:40,5.70,101.386
02/17/2026 17:03:40,5.27,101.376
02/17/2026 17:13:40,4.84,101.378
02/17/2026 17:23:40,4.41,101.385
02/17/2026 17:33:40,4.00,101.399
02/17/2026 17:43:40,3.62,101.405
02/17/2026 17:53:40,3.29,101.398
02/17/2026 18:03:40,3.01,101.413
02/17/2026 18:13:40,2.78,101.419
02/17/2026 18:23:40,2.58,101.424
02/17/2026 18:33:40,2.41,101.439
02/17/2026 18:43:40,2.26,101.434
02/17/2026 18:53:40,2.13,101.449
02/17/2026 19:03:40,2.02,101.452
02/17/2026 19:13:40,1.91,101.452
02/17/2026 19:23:40,1.82,101.443
02/17/2026 19:33:40,1.72,101.439
02/17/2026 19:43:40,1.64,101.448
02/17/2026 19:53:40,1.54,101.445
02/17/2026 20:03:40,1.47,101.459
02/17/2026 20:13:40,1.40,101.449
02/17/2026 20:23:40,1.32,101.429
02/17/2026 20:33:40,1.20,101.413
02/17/2026 20:43:40,1.04,101.443
02/17/2026 20:53:40,0.91,101.426
02/17/2026 21:03:40,0.83,101.414
02/17/2026 21:13:40,0.79,101.437
02/17/2026 21:23:40,0.74,101.428
02/17/2026 21:33:40,0.63,101.409
02/17/2026 21:43:40,0.42,101.421
02/17/2026 21:53:40,0.24,101.399
02/17/2026 22:03:40,-0.04,101.404
02/17/2026 22:13:40,-0.39,101.407
02/17/2026 22:23:40,-0.74,101.418
02/17/2026 22:33:40,-1.08,101.412
02/17/2026 22:43:40,-1.38,101.406
02/17/2026 22:53:40,-1.65,101.393
02/17/2026 23:03:40,-1.91,101.385
02/17/2026 23:13:40,-2.13,101.386
02/17/2026 23:23:40,-2.29,101.393
02/17/2026 23:33:40,-2.39,101.375
02/17/2026 23:43:40,-2.43,101.371
02/17/2026 23:53:40,-2.54,101.373
02/18/2026 00:03:40,-2.70,101.344
02/18/2026 00:13:40,-2.85,101.316
02/18/2026 00:23:40,-2.99,101.303
02/18/2026 00:33:40,-3.14,101.310
02/18/2026 00:43:40,-3.32,101.315
02/18/2026 00:53:40,-3.49,101.320
02/18/2026 01:03:40,-3.66,101.304
02/18/2026 01:13:40,-3.78,101.304
02/18/2026 01:23:40,-3.86,101.309
02/18/2026 01:33:40,-3.96,101.296
02/18/2026 01:43:40,-4.07,101.298
02/18/2026 01:53:40,-4.18,101.309
02/18/2026 02:03:40,-4.30,101.314
02/18/2026 02:13:40,-4.39,101.279
02/18/2026 02:23:40,-4.43,101.253
02/18/2026 02:33:40,-4.41,101.237
02/18/2026 02:43:40,-4.32,101.251
02/18/2026 02:53:40,-4.21,101.218
02/18/2026 03:03:40,-4.10,101.207
02/18/2026 03:13:40,-3.95,101.195
02/18/2026 03:23:40,-3.75,101.188
02/18/2026 03:33:40,-3.57,101.176
02/18/2026 03:43:40,-3.42,101.160
02/18/2026 03:53:40,-3.25,101.186
02/18/2026 04:03:40,-3.09,101.174
02/18/2026 04:13:40,-2.98,101.172
02/18/2026 04:23:40,-2.91,101.161
02/18/2026 04:33:40,-2.83,101.160
02/18/2026 04:43:40,-2.77,101.135
02/18/2026 04:53:40,-2.73,101.131
02/18/2026 05:03:40,-2.74,101.160
02/18/2026 05:13:40,-2.73,101.170
02/18/2026 05:23:40,-2.70,101.173
02/18/2026 05:33:40,-2.65,101.142
02/18/2026 05:43:40,-2.58,101.154
02/18/2026 05:53:40,-2.50,101.135
02/18/2026 06:03:40,-2.42,101.104
02/18/2026 06:13:40,-2.31,101.096
02/18/2026 06:23:40,-2.22,101.105
02/18/2026 06:33:40,-2.15,101.103
02/18/2026 06:43:40,-2.09,101.108
02/18/2026 06:53:40,-2.05,101.112
02/18/2026 07:03:40,-2.02,101.072
02/18/2026 07:13:40,-1.96,101.073
02/18/2026 07:23:40,-1.88,101.071
02/18/2026 07:33:40,-1.77,101.065
02/18/2026 07:43:40,-1.61,101.058
02/18/2026 07:53:40,-1.40,101.065
02/18/2026 08:03:40,-1.16,101.021
02/18/2026 08:13:40,-0.94,101.024
02/18/2026 08:23:40,-0.74,100.991
02/18/2026 08:33:40,-0.57,100.968
02/18/2026 08:43:40,-0.44,100.958
02/18/2026 08:53:40,-0.32,100.982
02/18/2026 09:03:40,-0.22,101.000
02/18/2026 09:13:40,-0.04,100.972
02/18/2026 09:23:40,0.21,100.960
02/18/2026 09:33:40,0.59,100.934
02/18/2026 09:43:40,1.20,100.941
02/18/2026 09:53:40,1.82,100.914
02/18/2026 10:03:40,2.46,100.884
02/18/2026 10:13:40,3.08,100.886
02/18/2026 10:23:40,3.58,100.863
02/18/2026 10:33:40,3.97,100.844
02/18/2026 10:43:40,4.31,100.803
02/18/2026 10:53:40,4.60,100.780
02/18/2026 11:03:40,4.97,100.776
02/18/2026 11:13:40,5.67,100.730
02/18/2026 11:23:40,6.93,100.636
02/18/2026 11:33:40,8.67,100.609
02/18/2026 11:43:40,9.69,100.619
02/18/2026 11:53:40,9.80,100.640
02/18/2026 12:03:40,9.67,100.617
02/18/2026 12:13:40,9.37,100.633
02/18/2026 12:23:40,8.91,100.619
02/18/2026 12:33:40,8.38,100.608
02/18/2026 12:43:40,7.81,100.575
02/18/2026 12:53:40,7.49,100.558
02/18/2026 13:03:40,7.34,100.550
02/18/2026 13:13:40,7.10,100.530
02/18/2026 13:23:40,6.93,100.529
02/18/2026 13:33:40,6.70,100.497
02/18/2026 13:43:40,6.51,100.504
02/18/2026 13:53:40,6.30,100.522
02/18/2026 14:03:40,6.08,100.530
02/18/2026 14:13:40,5.92,100.538
02/18/2026 14:23:40,5.73,100.527
02/18/2026 14:33:40,5.58,100.545
02/18/2026 14:43:40,5.50,100.543
02/18/2026 14:53:40,5.41,100.531
02/18/2026 15:03:40,5.27,100.528
02/18/2026 15:13:40,5.14,100.512
02/18/2026 15:23:40,4.99,100.513
02/18/2026 15:33:40,4.82,100.502
02/18/2026 15:43:40,4.63,100.482
02/18/2026 15:53:40,4.46,100.467
02/18/2026 16:03:40,4.32,100.473
02/18/2026 16:13:40,4.23,100.469
02/18/2026 16:23:40,4.17,100.442
02/18/2026 16:33:40,4.17,100.451
02/18/2026 16:43:40,4.14,100.440
02/18/2026 16:53:40,3.97,100.461
02/18/2026 17:03:40,3.70,100.459
02/18/2026 17:13:40,3.37,100.492
02/18/2026 17:23:40,3.03,100.489
02/18/2026 17:33:40,2.70,100.499
02/18/2026 17:43:40,2.39,100.502
02/18/2026 17:53:40,2.13,100.497
02/18/2026 18:03:40,1.91,100.534
02/18/2026 18:13:40,1.74,100.563
02/18/2026 18:23:40,1.60,100.577
02/18/2026 18:33:40,1.50,100.581
02/18/2026 18:43:40,1.42,100.622
02/18/2026 18:53:40,1.34,100.628
02/18/2026 19:03:40,1.26,100.634
02/18/2026 19:13:40,1.20,100.633
02/18/2026 19:23:40,1.16,100.607
02/18/2026 19:33:40,1.11,100.621
02/18/2026 19:43:40,1.10,100.650
02/18/2026 19:53:40,1.10,100.638
02/18/2026 20:03:40,1.11,100.651
02/18/2026 20:13:40,1.07,100.644
02/18/2026 20:23:40,1.00,100.628
02/18/2026 20:33:40,0.90,100.628
02/18/2026 20:43:40,0.82,100.643
02/18/2026 20:53:40,0.75,100.641
02/18/2026 21:03:40,0.69,100.644
02/18/2026 21:13:40,0.63,100.660
02/18/2026 21:23:40,0.58,100.664
02/18/2026 21:33:40,0.53,100.691
02/18/2026 21:43:40,0.50,100.692
02/18/2026 21:53:40,0.47,100.729
02/18/2026 22:03:40,0.45,100.714
02/18/2026 22:13:40,0.45,100.709
02/18/2026 22:23:40,0.43,100.743
02/18/2026 22:33:40,0.41,100.741
02/18/2026 22:43:40,0.39,100.779
02/18/2026 22:53:40,0.36,100.785
02/18/2026 23:03:40,0.34,100.818
02/18/2026 23:13:40,0.30,100.850
02/18/2026 23:23:40,0.26,100.868
02/18/2026 23:33:40,0.22,100.891
02/18/2026 23:43:40,0.17,100.913
02/18/2026 23:53:40,0.12,100.944
02/19/2026 00:03:40,0.08,100.958
02/19/2026 00:13:40,0.04,100.980
02/19/2026 00:23:40,0.00,100.999
02/19/2026 00:33:40,-0.03,101.026
02/19/2026 00:43:40,-0.06,101.028
02/19/2026 00:53:40,-0.07,101.031
02/19/2026 01:03:40,-0.08,101.030
02/19/2026 01:13:40,-0.09,101.038
02/19/2026 01:23:40,-0.10,101.055
02/19/2026 01:33:40,-0.11,101.054
02/19/2026 01:43:40,-0.11,101.045
02/19/2026 01:53:40,-0.12,101.035
02/19/2026 02:03:40,-0.14,101.047
02/19/2026 02:13:40,-0.14,101.073
02/19/2026 02:23:40,-0.15,101.068
02/19/2026 02:33:40,-0.17,101.071
02/19/2026 02:43:40,-0.19,101.077
02/19/2026 02:53:40,-0.22,101.114
02/19/2026 03:03:40,-0.26,101.138
02/19/2026 03:13:40,-0.29,101.161
02/19/2026 03:23:40,-0.33,101.157
02/19/2026 03:33:40,-0.37,101.180
02/19/2026 03:43:40,-0.43,101.210
02/19/2026 03:53:40,-0.50,101.212
02/19/2026 04:03:40,-0.57,101.214
02/19/2026 04:13:40,-0.64,101.199
02/19/2026 04:23:40,-0.71,101.192
02/19/2026 04:33:40,-0.77,101.212
02/19/2026 04:43:40,-0.81,101.217
02/19/2026 04:53:40,-0.85,101.218
02/19/2026 05:03:40,-0.88,101.242
02/19/2026 05:13:40,-0.92,101.256
02/19/2026 05:23:40,-1.00,101.270
02/19/2026 05:33:40,-1.05,101.283
02/19/2026 05:43:40,-1.08,101.253
02/19/2026 05:53:40,-1.13,101.311
02/19/2026 06:03:40,-1.20,101.326
02/19/2026 06:13:40,-1.27,101.363
02/19/2026 06:23:40,-1.31,101.368
02/19/2026 06:33:40,-1.34,101.392
02/19/2026 06:43:40,-1.32,101.403
02/19/2026 06:53:40,-1.28,101.407
02/19/2026 07:03:40,-1.18,101.425
02/19/2026 07:13:40,-1.04,101.446
02/19/2026 07:23:40,-0.88,101.470
02/19/2026 07:33:40,-0.67,101.442
02/19/2026 07:43:40,-0.41,101.449
02/19/2026 07:53:40,-0.13,101.471
02/19/2026 08:03:40,0.20,101.497
02/19/2026 08:13:40,0.56,101.495
02/19/2026 08:23:40,0.90,101.496
02/19/2026 08:33:40,1.28,101.504
02/19/2026 08:43:40,1.75,101.508
02/19/2026 08:53:40,2.35,101.500
02/19/2026 09:03:40,3.10,101.487
02/19/2026 09:13:40,3.74,101.499
02/19/2026 09:23:40,4.24,101.504
02/19/2026 09:33:40,4.63,101.515
02/19/2026 09:43:40,4.99,101.533
02/19/2026 09:53:40,5.24,101.537
02/19/2026 10:03:40,5.34,101.545
02/19/2026 10:13:40,5.47,101.556
02/19/2026 10:23:40,5.64,101.549
02/19/2026 10:33:40,5.83,101.543
02/19/2026 10:43:40,6.19,101.538
02/19/2026 10:53:40,6.67,101.534
02/19/2026 11:03:40,7.06,101.509
02/19/2026 11:13:40,7.53,101.472
02/19/2026 11:23:40,8.31,101.438
02/19/2026 11:33:40,9.55,101.364
02/19/2026 11:43:40,11.49,101.302
02/19/2026 11:53:40,13.94,101.258
02/19/2026 12:03:40,15.67,101.252
02/19/2026 12:13:40,16.14,101.276
02/19/2026 12:23:40,16.42,101.250
02/19/2026 12:33:40,16.47,101.276
02/19/2026 12:43:40,15.95,101.302
02/19/2026 12:53:40,15.35,101.305
02/19/2026 13:03:40,14.79,101.297
02/19/2026 13:13:40,14.37,101.306
02/19/2026 13:23:40,13.97,101.300
02/19/2026 13:33:40,13.61,101.292
02/19/2026 13:43:40,13.33,101.276
02/19/2026 13:53:40,12.91,101.294
02/19/2026 14:03:40,12.60,101.302
02/19/2026 14:13:40,12.38,101.294
02/19/2026 14:23:40,12.20,101.290
02/19/2026 14:33:40,11.97,101.285
02/19/2026 14:43:40,11.53,101.283
02/19/2026 14:53:40,11.16,101.273
02/19/2026 15:03:40,10.86,101.267
02/19/2026 15:13:40,10.42,101.282
02/19/2026 15:23:40,9.87,101.283
02/19/2026 15:33:40,9.31,101.319
02/19/2026 15:43:40,8.74,101.340
02/19/2026 15:53:40,8.18,101.344
02/19/2026 16:03:40,7.69,101.339
02/19/2026 16:13:40,7.22,101.358
02/19/2026 16:23:40,6.78,101.388
02/19/2026 16:33:40,6.37,101.372
02/19/2026 16:43:40,5.99,101.379
02/19/2026 16:53:40,5.61,101.374
02/19/2026 17:03:40,5.23,101.412
02/19/2026 17:13:40,4.82,101.413
02/19/2026 17:23:40,4.43,101.427
02/19/2026 17:33:40,4.05,101.425
02/19/2026 17:43:40,3.68,101.437
02/19/2026 17:53:40,3.36,101.444
02/19/2026 18:03:40,3.08,101.441
02/19/2026 18:13:40,2.83,101.450
02/19/2026 18:23:40,2.62,101.475
02/19/2026 18:33:40,2.44,101.481
02/19/2026 18:43:40,2.29,101.433
02/19/2026 18:53:40,2.18,101.419
02/19/2026 19:03:40,2.15,101.402
02/19/2026 19:13:40,2.10,101.407
02/19/2026 19:23:40,1.97,101.404
02/19/2026 19:33:40,1.81,101.429
02/19/2026 19:43:40,1.64,101.427
02/19/2026 19:53:40,1.48,101.434
02/19/2026 20:03:40,1.35,101.431
02/19/2026 20:13:40,1.24,101.430
02/19/2026 20:23:40,1.13,101.438
02/19/2026 20:33:40,1.04,101.451
02/19/2026 20:43:40,0.94,101.465
02/19/2026 20:53:40,0.86,101.457
02/19/2026 21:03:40,0.80,101.469
02/19/2026 21:13:40,0.74,101.441
02/19/2026 21:23:40,0.70,101.442
02/19/2026 21:33:40,0.68,101.458
02/19/2026 21:43:40,0.67,101.449
02/19/2026 21:53:40,0.66,101.456
02/19/2026 22:03:40,0.68,101.449
02/19/2026 22:13:40,0.69,101.450
02/19/2026 22:23:40,0.70,101.447
02/19/2026 22:33:40,0.71,101.413
02/19/2026 22:43:40,0.72,101.413
02/19/2026 22:53:40,0.72,101.386
02/19/2026 23:03:40,0.71,101.394
02/19/2026 23:13:40,0.69,101.406
02/19/2026 23:23:40,0.67,101.409
02/19/2026 23:33:40,0.66,101.420
02/19/2026 23:43:40,0.64,101.405
02/19/2026 23:53:40,0.62,101.412
02/20/2026 00:03:40,0.59,101.406
02/20/2026 00:13:40,0.54,101.401
02/20/2026 00:23:40,0.46,101.398
02/20/2026 00:33:40,0.23,101.394
02/20/2026 00:43:40,-0.17,101.388
02/20/2026 00:53:40,-0.65,101.404
02/20/2026 01:03:40,-1.15,101.418
02/20/2026 01:13:40,-1.60,101.406
02/20/2026 01:23:40,-1.97,101.402
02/20/2026 01:33:40,-2.13,101.387
02/20/2026 01:43:40,-2.15,101.363
02/20/2026 01:53:40,-2.14,101.324
02/20/2026 02:03:40,-2.20,101.309
02/20/2026 02:13:40,-2.28,101.319
02/20/2026 02:23:40,-2.34,101.340
02/20/2026 02:33:40,-2.34,101.327
02/20/2026 02:43:40,-2.24,101.306
02/20/2026 02:53:40,-2.10,101.301
02/20/2026 03:03:40,-1.94,101.308
02/20/2026 03:13:40,-1.77,101.298
02/20/2026 03:23:40,-1.59,101.271
02/20/2026 03:33:40,-1.43,101.256
02/20/2026 03:43:40,-1.27,101.279
02/20/2026 03:53:40,-1.14,101.252
02/20/2026 04:03:40,-1.05,101.212
02/20/2026 04:13:40,-0.98,101.188
02/20/2026 04:23:40,-0.93,101.162
02/20/2026 04:33:40,-0.89,101.171
02/20/2026 04:43:40,-0.86,101.187
02/20/2026 04:53:40,-0.82,101.212
02/20/2026 05:03:40,-0.80,101.166
02/20/2026 05:13:40,-0.77,101.187
02/20/2026 05:23:40,-0.72,101.195
02/20/2026 05:33:40,-0.69,101.207
02/20/2026 05:43:40,-0.65,101.219
02/20/2026 05:53:40,-0.62,101.209
02/20/2026 06:03:40,-0.59,101.185
02/20/2026 06:13:40,-0.58,101.165
02/20/2026 06:23:40,-0.55,101.136
02/20/2026 06:33:40,-0.52,101.121
02/20/2026 06:43:40,-0.49,101.102
02/20/2026 06:53:40,-0.49,101.142
02/20/2026 07:03:40,-0.46,101.136
02/20/2026 07:13:40,-0.41,101.145
02/20/2026 07:23:40,-0.29,101.143
02/20/2026 07:33:40,-0.12,101.141
02/20/2026 07:43:40,0.06,101.153
02/20/2026 07:53:40,0.24,101.148
02/20/2026 08:03:40,0.43,101.109
02/20/2026 08:13:40,0.64,101.066
02/20/2026 08:23:40,0.88,101.022
02/20/2026 08:33:40,1.17,100.987
02/20/2026 08:43:40,1.54,101.039
02/20/2026 08:53:40,1.82,101.073
02/20/2026 09:03:40,1.97,101.046
02/20/2026 09:13:40,2.07,101.003
02/20/2026 09:23:40,2.12,100.999
02/20/2026 09:33:40,2.16,100.989
02/20/2026 09:43:40,2.30,100.926
02/20/2026 09:53:40,2.53,100.859
02/20/2026 10:03:40,3.19,100.868
02/20/2026 10:13:40,4.09,100.916
02/20/2026 10:23:40,4.63,100.914
02/20/2026 10:33:40,4.83,100.958
02/20/2026 10:43:40,4.83,100.985
02/20/2026 10:53:40,4.62,100.962
02/20/2026 11:03:40,4.41,100.953
02/20/2026 11:13:40,4.31,100.927
02/20/2026 11:23:40,4.21,100.923
02/20/2026 11:33:40,4.18,100.894
02/20/2026 11:43:40,4.25,100.869
02/20/2026 11:53:40,4.17,100.844
02/20/2026 12:03:40,3.75,100.843
02/20/2026 12:13:40,3.16,100.822
02/20/2026 12:23:40,2.60,100.794
02/20/2026 12:33:40,2.10,100.763
02/20/2026 12:43:40,1.79,100.735
02/20/2026 12:53:40,1.56,100.657
02/20/2026 13:03:40,1.36,100.635
02/20/2026 13:13:40,1.21,100.599
02/20/2026 13:23:40,1.12,100.560
02/20/2026 13:33:40,1.10,100.509
02/20/2026 13:43:40,1.11,100.506
02/20/2026 13:53:40,1.17,100.463
02/20/2026 14:03:40,1.30,100.440
02/20/2026 14:13:40,1.41,100.405
02/20/2026 14:23:40,1.45,100.396
02/20/2026 14:33:40,1.45,100.356
02/20/2026 14:43:40,1.43,100.350
02/20/2026 14:53:40,1.37,100.344
02/20/2026 15:03:40,1.26,100.317
02/20/2026 15:13:40,1.15,100.281
02/20/2026 15:23:40,1.05,100.276
02/20/2026 15:33:40,1.03,100.234
02/20/2026 15:43:40,1.07,100.212
02/20/2026 15:53:40,1.11,100.166
02/20/2026 16:03:40,1.09,100.156
02/20/2026 16:13:40,1.00,100.152
02/20/2026 16:23:40,0.88,100.137
02/20/2026 16:33:40,0.74,100.190
02/20/2026 16:43:40,0.63,100.176
02/20/2026 16:53:40,0.52,100.218
02/20/2026 17:03:40,0.42,100.200
02/20/2026 17:13:40,0.33,100.188
02/20/2026 17:23:40,0.26,100.186
02/20/2026 17:33:40,0.20,100.167
02/20/2026 17:43:40,0.15,100.193
02/20/2026 17:53:40,0.11,100.203
02/20/2026 18:03:40,0.08,100.208
02/20/2026 18:13:40,0.05,100.259
02/20/2026 18:23:40,0.04,100.346
02/20/2026 18:33:40,0.02,100.349
02/20/2026 18:43:40,0.01,100.343
02/20/2026 18:53:40,0.00,100.320
02/20/2026 19:03:40,-0.01,100.275
02/20/2026 19:13:40,-0.02,100.261
02/20/2026 19:23:40,-0.03,100.243
02/20/2026 19:33:40,-0.03,100.247
02/20/2026 19:43:40,-0.03,100.238
02/20/2026 19:53:40,-0.03,100.225
02/20/2026 20:03:40,-0.03,100.247
02/20/2026 20:13:40,-0.05,100.254
02/20/2026 20:23:40,-0.06,100.266
02/20/2026 20:33:40,-0.07,100.256
02/20/2026 20:43:40,-0.09,100.268
02/20/2026 20:53:40,-0.10,100.267
02/20/2026 21:03:40,-0.11,100.249
02/20/2026 21:13:40,-0.12,100.213
02/20/2026 21:23:40,-0.12,100.212
02/20/2026 21:33:40,-0.13,100.207
02/20/2026 21:43:40,-0.15,100.210
02/20/2026 21:53:40,-0.16,100.212
02/20/2026 22:03:40,-0.19,100.197
02/20/2026 22:13:40,-0.21,100.222
02/20/2026 22:23:40,-0.22,100.229
02/20/2026 22:33:40,-0.23,100.233
02/20/2026 22:43:40,-0.23,100.233
02/20/2026 22:53:40,-0.22,100.238
02/20/2026 23:03:40,-0.22,100.230
02/20/2026 23:13:40,-0.21,100.217
02/20/2026 23:23:40,-0.21,100.235
02/20/2026 23:33:40,-0.21,100.226
02/20/2026 23:43:40,-0.23,100.229
02/20/2026 23:53:40,-0.25,100.205
02/21/2026 00:03:40,-0.26,100.212
02/21/2026 00:13:40,-0.28,100.237
02/21/2026 00:23:40,-0.30,100.236
02/21/2026 00:33:40,-0.31,100.234
02/21/2026 00:43:40,-0.32,100.273
02/21/2026 00:53:40,-0.33,100.272
02/21/2026 01:03:40,-0.33,100.294
02/21/2026 01:13:40,-0.32,100.304
02/21/2026 01:23:40,-0.32,100.317
02/21/2026 01:33:40,-0.33,100.303
02/21/2026 01:43:40,-0.35,100.327
02/21/2026 01:53:40,-0.38,100.316
02/21/2026 02:03:40,-0.40,100.336
02/21/2026 02:13:40,-0.42,100.339
02/21/2026 02:23:40,-0.43,100.350
02/21/2026 02:33:40,-0.45,100.340
02/21/2026 02:43:40,-0.46,100.317
02/21/2026 02:53:40,-0.48,100.346
02/21/2026 03:03:40,-0.49,100.358
02/21/2026 03:13:40,-0.50,100.371
02/21/2026 03:23:40,-0.51,100.361
02/21/2026 03:33:40,-0.53,100.368
02/21/2026 03:43:40,-0.54,100.393
02/21/2026 03:53:40,-0.56,100.378
02/21/2026 04:03:40,-0.57,100.399
02/21/2026 04:13:40,-0.59,100.384
02/21/2026 04:23:40,-0.61,100.400
02/21/2026 04:33:40,-0.62,100.403
02/21/2026 04:43:40,-0.63,100.416
02/21/2026 04:53:40,-0.64,100.454
02/21/2026 05:03:40,-0.66,100.461
02/21/2026 05:13:40,-0.68,100.477
02/21/2026 05:23:40,-0.70,100.493
02/21/2026 05:33:40,-0.71,100.500
02/21/2026 05:43:40,-0.74,100.516
02/21/2026 05:53:40,-0.78,100.533
02/21/2026 06:03:40,-0.83,100.551
02/21/2026 06:13:40,-0.86,100.570
02/21/2026 06:23:40,-0.91,100.570
02/21/2026 06:33:40,-0.98,100.598
02/21/2026 06:43:40,-1.09,100.619
02/21/2026 06:53:40,-1.24,100.644
02/21/2026 07:03:40,-1.42,100.680
02/21/2026 07:13:40,-1.54,100.712
02/21/2026 07:23:40,-1.54,100.717
02/21/2026 07:33:40,-1.51,100.728
02/21/2026 07:43:40,-1.50,100.756
02/21/2026 07:53:40,-1.42,100.764
02/21/2026 08:03:40,-1.19,100.768
02/21/2026 08:13:40,-0.91,100.786
02/21/2026 08:23:40,-0.67,100.799
02/21/2026 08:33:40,-0.37,100.823
02/21/2026 08:43:40,0.01,100.823
02/21/2026 08:53:40,0.77,100.796
02/21/2026 09:03:40,2.28,100.757
02/21/2026 09:13:40,3.31,100.734
02/21/2026 09:23:40,5.01,100.700
02/21/2026 09:33:40,6.43,100.700
02/21/2026 09:43:40,7.65,100.765
02/21/2026 09:53:40,7.44,100.855
02/21/2026 10:03:40,6.69,100.934
02/21/2026 10:13:40,5.82,100.968
02/21/2026 10:23:40,5.02,100.979
02/21/2026 10:33:40,4.41,100.984
02/21/2026 10:43:40,3.99,100.992
02/21/2026 10:53:40,3.65,101.002
02/21/2026 11:03:40,3.44,101.015
02/21/2026 11:13:40,3.46,101.008
02/21/2026 11:23:40,3.76,100.989
02/21/2026 11:33:40,4.38,100.972
02/21/2026 11:43:40,5.13,100.970
02/21/2026 11:53:40,5.75,100.957
02/21/2026 12:03:40,6.22,100.965
02/21/2026 12:13:40,6.79,100.951
02/21/2026 12:23:40,7.62,100.949
02/21/2026 12:33:40,8.32,100.943
02/21/2026 12:43:40,8.98,100.921
02/21/2026 12:53:40,9.43,100.957
02/21/2026 13:03:40,9.37,100.969
02/21/2026 13:13:40,9.00,100.980
02/21/2026 13:23:40,8.67,100.981
02/21/2026 13:33:40,8.29,100.990
02/21/2026 13:43:40,7.95,100.993
02/21/2026 13:53:40,7.67,100.993
02/21/2026 14:03:40,7.60,101.005
02/21/2026 14:13:40,7.51,101.024
02/21/2026 14:23:40,7.38,101.027
02/21/2026 14:33:40,7.35,101.037
02/21/2026 14:43:40,7.41,101.033
02/21/2026 14:53:40,7.51,101.037
02/21/2026 15:03:40,7.65,101.040
02/21/2026 15:13:40,7.89,101.051
02/21/2026 15:23:40,8.19,101.044
02/21/2026 15:33:40,8.36,101.062
02/21/2026 15:43:40,8.26,101.072
02/21/2026 15:53:40,8.03,101.097
02/21/2026 16:03:40,7.58,101.132
02/21/2026 16:13:40,7.06,101.159
02/21/2026 16:23:40,6.47,101.177
02/21/2026 16:33:40,5.88,101.189
02/21/2026 16:43:40,5.30,101.220
02/21/2026 16:53:40,4.78,101.241
02/21/2026 17:03:40,4.29,101.261
02/21/2026 17:13:40,3.86,101.281
02/21/2026 17:23:40,3.46,101.312
02/21/2026 17:33:40,3.10,101.332
02/21/2026 17:43:40,2.76,101.343
02/21/2026 17:53:40,2.48,101.353
02/21/2026 18:03:40,2.24,101.371
02/21/2026 18:13:40,2.03,101.378
02/21/2026 18:23:40,1.86,101.393
02/21/2026 18:33:40,1.70,101.397
02/21/2026 18:43:40,1.56,101.424
02/21/2026 18:53:40,1.45,101.431
02/21/2026 19:03:40,1.34,101.439
02/21/2026 19:13:40,1.25,101.444
02/21/2026 19:23:40,1.17,101.441
02/21/2026 19:33:40,1.10,101.448
02/21/2026 19:43:40,1.03,101.476
02/21/2026 19:53:40,0.96,101.483
02/21/2026 20:03:40,0.90,101.496
02/21/2026 20:13:40,0.86,101.519
02/21/2026 20:23:40,0.83,101.515
02/21/2026 20:33:40,0.83,101.525
02/21/2026 20:43:40,0.91,101.541
02/21/2026 20:53:40,1.01,101.550
02/21/2026 21:03:40,1.08,101.543
02/21/2026 21:13:40,1.10,101.567
02/21/2026 21:23:40,1.11,101.572
02/21/2026 21:33:40,1.10,101.572
02/21/2026 21:43:40,1.09,101.575
02/21/2026 21:53:40,1.08,101.596
02/21/2026 22:03:40,1.07,101.591
02/21/2026 22:13:40,1.04,101.610
02/21/2026 22:23:40,0.99,101.610
02/21/2026 22:33:40,0.93,101.618
02/21/2026 22:43:40,0.88,101.617
02/21/2026 22:53:40,0.83,101.626
02/21/2026 23:03:40,0.79,101.623
02/21/2026 23:13:40,0.77,101.629
02/21/2026 23:23:40,0.73,101.643
02/21/2026 23:33:40,0.65,101.644
02/21/2026 23:43:40,0.56,101.654
02/21/2026 23:53:40,0.49,101.657
02/22/2026 00:03:40,0.44,101.660
02/22/2026 00:13:40,0.38,101.677
02/22/2026 00:23:40,0.33,101.681
02/22/2026 00:33:40,0.29,101.695
02/22/2026 00:43:40,0.25,101.696
02/22/2026 00:53:40,0.22,101.711
02/22/2026 01:03:40,0.19,101.721
02/22/2026 01:13:40,0.17,101.732
02/22/2026 01:23:40,0.14,101.734
02/22/2026 01:33:40,0.11,101.731
02/22/2026 01:43:40,0.08,101.728
02/22/2026 01:53:40,0.04,101.729
02/22/2026 02:03:40,0.01,101.717
02/22/2026 02:13:40,-0.04,101.704
02/22/2026 02:23:40,-0.09,101.686
02/22/2026 02:33:40,-0.15,101.685
02/22/2026 02:43:40,-0.24,101.681
02/22/2026 02:53:40,-0.36,101.696
02/22/2026 03:03:40,-0.49,101.701
02/22/2026 03:13:40,-0.62,101.733
02/22/2026 03:23:40,-0.72,101.732
02/22/2026 03:33:40,-0.80,101.703
02/22/2026 03:43:40,-0.86,101.711
02/22/2026 03:53:40,-0.91,101.723
02/22/2026 04:03:40,-0.95,101.755
02/22/2026 04:13:40,-0.98,101.756
02/22/2026 04:23:40,-1.01,101.749
02/22/2026 04:33:40,-1.03,101.774
02/22/2026 04:43:40,-1.04,101.764
02/22/2026 04:53:40,-1.05,101.758
02/22/2026 05:03:40,-1.06,101.775
02/22/2026 05:13:40,-1.07,101.778
02/22/2026 05:23:40,-1.08,101.777
02/22/2026 05:33:40,-1.09,101.807
02/22/2026 05:43:40,-1.11,101.788
02/22/2026 05:53:40,-1.13,101.760
02/22/2026 06:03:40,-1.13,101.759
02/22/2026 06:13:40,-1.14,101.777
02/22/2026 06:23:40,-1.14,101.789
02/22/2026 06:33:40,-1.15,101.802
02/22/2026 06:43:40,-1.16,101.801
02/22/2026 06:53:40,-1.15,101.806
02/22/2026 07:03:40,-1.14,101.812
02/22/2026 07:13:40,-1.10,101.815
02/22/2026 07:23:40,-1.03,101.796
02/22/2026 07:33:40,-0.91,101.802
02/22/2026 07:43:40,-0.76,101.803
02/22/2026 07:53:40,-0.60,101.806
02/22/2026 08:03:40,-0.42,101.809
02/22/2026 08:13:40,-0.25,101.807
02/22/2026 08:23:40,-0.08,101.811
02/22/2026 08:33:40,0.08,101.821
02/22/2026 08:43:40,0.20,101.828
02/22/2026 08:53:40,0.31,101.829
02/22/2026 09:03:40,0.39,101.810
02/22/2026 09:13:40,0.47,101.787
02/22/2026 09:23:40,0.57,101.774
02/22/2026 09:33:40,0.71,101.760
02/22/2026 09:43:40,0.88,101.723
02/22/2026 09:53:40,1.10,101.691
02/22/2026 10:03:40,1.40,101.683
02/22/2026 10:13:40,1.81,101.650
02/22/2026 10:23:40,2.38,101.604
02/22/2026 10:33:40,3.07,101.573
02/22/2026 10:43:40,3.75,101.545
02/22/2026 10:53:40,4.26,101.562
02/22/2026 11:03:40,4.55,101.570
02/22/2026 11:13:40,4.67,101.576
02/22/2026 11:23:40,4.61,101.593
02/22/2026 11:33:40,4.44,101.587
02/22/2026 11:43:40,4.21,101.580
02/22/2026 11:53:40,4.05,101.557
02/22/2026 12:03:40,3.97,101.568
02/22/2026 12:13:40,3.89,101.535
02/22/2026 12:23:40,4.05,101.483
02/22/2026 12:33:40,4.45,101.460
02/22/2026 12:43:40,4.80,101.473
02/22/2026 12:53:40,4.91,101.477
02/22/2026 13:03:40,4.71,101.505
02/22/2026 13:13:40,4.41,101.531
02/22/2026 13:23:40,4.10,101.491
02/22/2026 13:33:40,3.92,101.497
02/22/2026 13:43:40,3.86,101.479
02/22/2026 13:53:40,3.79,101.486
02/22/2026 14:03:40,3.64,101.459
02/22/2026 14:13:40,3.55,101.425
02/22/2026 14:23:40,3.53,101.446
02/22/2026 14:33:40,3.48,101.402
02/22/2026 14:43:40,3.42,101.428
02/22/2026 14:53:40,3.37,101.414
02/22/2026 15:03:40,3.21,101.431
02/22/2026 15:13:40,3.00,101.452
02/22/2026 15:23:40,2.75,101.443
02/22/2026 15:33:40,2.51,101.475
02/22/2026 15:43:40,2.30,101.434
02/22/2026 15:53:40,2.12,101.387
02/22/2026 16:03:40,1.97,101.346
02/22/2026 16:13:40,1.80,101.327
02/22/2026 16:23:40,1.63,101.328
02/22/2026 16:33:40,1.47,101.306
02/22/2026 16:43:40,1.31,101.309
02/22/2026 16:53:40,1.15,101.325
02/22/2026 17:03:40,1.00,101.320
02/22/2026 17:13:40,0.85,101.297
02/22/2026 17:23:40,0.71,101.276
02/22/2026 17:33:40,0.58,101.255
02/22/2026 17:43:40,0.46,101.270
02/22/2026 17:53:40,0.36,101.256
02/22/2026 18:03:40,0.27,101.274
02/22/2026 18:13:40,0.19,101.272
02/22/2026 18:23:40,0.13,101.257
02/22/2026 18:33:40,0.08,101.270
02/22/2026 18:43:40,0.03,101.252
02/22/2026 18:53:40,-0.01,101.209
02/22/2026 19:03:40,-0.05,101.174
02/22/2026 19:13:40,-0.09,101.118
02/22/2026 19:23:40,-0.13,101.084
02/22/2026 19:33:40,-0.17,101.049
02/22/2026 19:43:40,-0.21,101.094
02/22/2026 19:53:40,-0.23,101.100
02/22/2026 20:03:40,-0.26,101.084
02/22/2026 20:13:40,-0.29,101.069
02/22/2026 20:23:40,-0.31,101.049
02/22/2026 20:33:40,-0.33,101.007
02/22/2026 20:43:40,-0.35,101.045
02/22/2026 20:53:40,-0.37,101.013
02/22/2026 21:03:40,-0.38,101.007
02/22/2026 21:13:40,-0.39,100.967
02/22/2026 21:23:40,-0.41,100.930
02/22/2026 21:33:40,-0.44,100.909
02/22/2026 21:43:40,-0.48,100.914
02/22/2026 21:53:40,-0.53,100.887
02/22/2026 22:03:40,-0.60,100.925
02/22/2026 22:13:40,-0.66,100.932
02/22/2026 22:23:40,-0.73,100.935
02/22/2026 22:33:40,-0.78,100.881
02/22/2026 22:43:40,-0.84,100.845
02/22/2026 22:53:40,-0.89,100.827
02/22/2026 23:03:40,-0.94,100.796
02/22/2026 23:13:40,-0.98,100.792
02/22/2026 23:23:40,-1.02,100.753
02/22/2026 23:33:40,-1.05,100.746
02/22/2026 23:43:40,-1.08,100.726
02/22/2026 23:53:40,-1.11,100.701
02/23/2026 00:03:40,-1.13,100.694
02/23/2026 00:13:40,-1.15,100.661
02/23/2026 00:23:40,-1.18,100.610
02/23/2026 00:33:40,-1.21,100.590
02/23/2026 00:43:40,-1.24,100.570
02/23/2026 00:53:40,-1.27,100.509
02/23/2026 01:03:40,-1.31,100.488
02/23/2026 01:13:40,-1.36,100.461
02/23/2026 01:23:40,-1.40,100.435
02/23/2026 01:33:40,-1.44,100.383
02/23/2026 01:43:40,-1.48,100.340
02/23/2026 01:53:40,-1.51,100.341
02/23/2026 02:03:40,-1.55,100.298
02/23/2026 02:13:40,-1.59,100.246
02/23/2026 02:23:40,-1.63,100.247
02/23/2026 02:33:40,-1.67,100.208
02/23/2026 02:43:40,-1.70,100.169
02/23/2026 02:53:40,-1.74,100.126
02/23/2026 03:03:40,-1.78,100.087
02/23/2026 03:13:40,-1.83,100.065
02/23/2026 03:23:40,-1.89,100.064
02/23/2026 03:33:40,-1.94,100.050
02/23/2026 03:43:40,-1.98,100.001
02/23/2026 03:53:40,-2.03,99.940
02/23/2026 04:03:40,-2.08,99.909
02/23/2026 04:13:40,-2.13,99.909
02/23/2026 04:23:40,-2.17,99.922
02/23/2026 04:33:40,-2.21,99.875
02/23/2026 04:43:40,-2.24,99.872
02/23/2026 04:53:40,-2.26,99.878
02/23/2026 05:03:40,-2.30,99.875
02/23/2026 05:13:40,-2.33,99.859
02/23/2026 05:23:40,-2.35,99.887
02/23/2026 05:33:40,-2.37,99.921
02/23/2026 05:43:40,-2.38,99.902
02/23/2026 05:53:40,-2.39,99.866
02/23/2026 06:03:40,-2.40,99.769
02/23/2026 06:13:40,-2.41,99.763
02/23/2026 06:23:40,-2.43,99.721
02/23/2026 06:33:40,-2.45,99.697
02/23/2026 06:43:40,-2.49,99.689
02/23/2026 06:53:40,-2.52,99.660
02/23/2026 07:03:40,-2.56,99.669
02/23/2026 07:13:40,-2.59,99.671
02/23/2026 07:23:40,-2.61,99.660
02/23/2026 07:33:40,-2.62,99.663
02/23/2026 07:43:40,-2.62,99.672
02/23/2026 07:53:40,-2.62,99.668
02/23/2026 08:03:40,-2.62,99.677
02/23/2026 08:13:40,-2.61,99.673
02/23/2026 08:23:40,-2.61,99.678
02/23/2026 08:33:40,-2.60,99.643
02/23/2026 08:43:40,-2.59,99.640
02/23/2026 08:53:40,-2.56,99.639
02/23/2026 09:03:40,-2.50,99.596
02/23/2026 09:13:40,-2.39,99.589
02/23/2026 09:23:40,-2.26,99.580
02/23/2026 09:33:40,-2.10,99.564
02/23/2026 09:43:40,-1.95,99.552
02/23/2026 09:53:40,-1.77,99.525
02/23/2026 10:03:40,-1.64,99.520
02/23/2026 10:13:40,-1.52,99.509
02/23/2026 10:23:40,-1.35,99.516
02/23/2026 10:33:40,-1.19,99.513
02/23/2026 10:43:40,-1.14,99.519
02/23/2026 10:53:40,-1.06,99.517
02/23/2026 11:03:40,-0.98,99.533
02/23/2026 11:13:40,-0.91,99.518
02/23/2026 11:23:40,-0.81,99.532
02/23/2026 11:33:40,-0.70,99.502
02/23/2026 11:43:40,-0.65,99.512
02/23/2026 11:53:40,-0.62,99.501
02/23/2026 12:03:40,-0.55,99.495
02/23/2026 12:13:40,-0.44,99.492
02/23/2026 12:23:40,-0.30,99.465
02/23/2026 12:33:40,-0.11,99.478
02/23/2026 12:43:40,0.06,99.454
02/23/2026 12:53:40,0.30,99.441
02/23/2026 13:03:40,0.58,99.422
02/23/2026 13:13:40,0.91,99.422
02/23/2026 13:23:40,1.22,99.428
02/23/2026 13:33:40,1.48,99.438
02/23/2026 13:43:40,1.70,99.435
02/23/2026 13:53:40,1.79,99.443
02/23/2026 14:03:40,1.81,99.463
02/23/2026 14:13:40,1.80,99.467
02/23/2026 14:23:40,1.88,99.492
02/23/2026 14:33:40,1.90,99.519
02/23/2026 14:43:40,1.62,99.525
02/23/2026 14:53:40,1.30,99.550
02/23/2026 15:03:40,1.06,99.576
02/23/2026 15:13:40,0.81,99.566
02/23/2026 15:23:40,0.63,99.577
02/23/2026 15:33:40,0.54,99.581
02/23/2026 15:43:40,0.56,99.574
02/23/2026 15:53:40,0.57,99.580
02/23/2026 16:03:40,0.51,99.579
02/23/2026 16:13:40,0.40,99.618
02/23/2026 16:23:40,0.22,99.622
02/23/2026 16:33:40,0.06,99.630
02/23/2026 16:43:40,-0.05,99.629
02/23/2026 16:53:40,-0.14,99.642
02/23/2026 17:03:40,-0.23,99.665
02/23/2026 17:13:40,-0.33,99.660
02/23/2026 17:23:40,-0.49,99.685
02/23/2026 17:33:40,-0.66,99.699
02/23/2026 17:43:40,-0.84,99.727
02/23/2026 17:53:40,-1.01,99.742
02/23/2026 18:03:40,-1.17,99.766
02/23/2026 18:13:40,-1.32,99.769
02/23/2026 18:23:40,-1.47,99.778
02/23/2026 18:33:40,-1.61,99.795
02/23/2026 18:43:40,-1.74,99.810
02/23/2026 18:53:40,-1.85,99.826
02/23/2026 19:03:40,-1.95,99.842
02/23/2026 19:13:40,-2.03,99.847
02/23/2026 19:23:40,-2.10,99.858
02/23/2026 19:33:40,-2.18,99.864
02/23/2026 19:43:40,-2.26,99.870
02/23/2026 19:53:40,-2.35,99.861
02/23/2026 20:03:40,-2.42,99.886
02/23/2026 20:13:40,-2.51,99.894
02/23/2026 20:23:40,-2.64,99.917
02/23/2026 20:33:40,-2.78,99.934
02/23/2026 20:43:40,-2.91,99.944
02/23/2026 20:53:40,-3.01,99.951
02/23/2026 21:03:40,-3.10,99.956
02/23/2026 21:13:40,-3.18,99.961
02/23/2026 21:23:40,-3.18,99.956
02/23/2026 21:33:40,-3.13,99.962
02/23/2026 21:43:40,-3.04,99.940
02/23/2026 21:53:40,-2.96,99.942
02/23/2026 22:03:40,-2.92,99.960
02/23/2026 22:13:40,-2.85,99.950
02/23/2026 22:23:40,-2.79,99.964
02/23/2026 22:33:40,-2.77,99.966
02/23/2026 22:43:40,-2.81,99.988
02/23/2026 22:53:40,-2.90,100.014
02/23/2026 23:03:40,-2.98,100.007
02/23/2026 23:13:40,-3.02,99.998
02/23/2026 23:23:40,-3.07,99.998
02/23/2026 23:33:40,-3.11,100.003
02/23/2026 23:43:40,-3.16,99.998
02/23/2026 23:53:40,-3.21,100.002
02/24/2026 00:03:40,-3.26,100.020
02/24/2026 00:13:40,-3.31,100.023
02/24/2026 00:23:40,-3.40,100.049
02/24/2026 00:33:40,-3.50,100.049
02/24/2026 00:43:40,-3.56,100.052
02/24/2026 00:53:40,-3.60,100.070
02/24/2026 01:03:40,-3.64,100.066
02/24/2026 01:13:40,-3.69,100.078
02/24/2026 01:23:40,-3.76,100.097
02/24/2026 01:33:40,-3.83,100.130
02/24/2026 01:43:40,-3.88,100.125
02/24/2026 01:53:40,-3.92,100.109
02/24/2026 02:03:40,-3.95,100.123
02/24/2026 02:13:40,-3.99,100.115
02/24/2026 02:23:40,-4.02,100.129
02/24/2026 02:33:40,-4.04,100.119
02/24/2026 02:43:40,-4.10,100.139
02/24/2026 02:53:40,-4.17,100.167
02/24/2026 03:03:40,-4.26,100.175
02/24/2026 03:13:40,-4.36,100.197
02/24/2026 03:23:40,-4.43,100.199
02/24/2026 03:33:40,-4.53,100.202
02/24/2026 03:43:40,-4.67,100.210
02/24/2026 03:53:40,-4.85,100.236
02/24/2026 04:03:40,-5.01,100.255
02/24/2026 04:13:40,-5.14,100.286
02/24/2026 04:23:40,-5.27,100.308
02/24/2026 04:33:40,-5.40,100.312
02/24/2026 04:43:40,-5.46,100.320
02/24/2026 04:53:40,-5.54,100.329
02/24/2026 05:03:40,-5.65,100.357
02/24/2026 05:13:40,-5.83,100.365
02/24/2026 05:23:40,-6.09,100.392
02/24/2026 05:33:40,-6.43,100.415
02/24/2026 05:43:40,-6.81,100.432
02/24/2026 05:53:40,-7.17,100.439
02/24/2026 06:03:40,-7.34,100.456
02/24/2026 06:13:40,-7.35,100.460
02/24/2026 06:23:40,-7.31,100.481
02/24/2026 06:33:40,-7.35,100.482
02/24/2026 06:43:40,-7.41,100.493
02/24/2026 06:53:40,-7.43,100.508
02/24/2026 07:03:40,-7.34,100.509
02/24/2026 07:13:40,-7.21,100.509
02/24/2026 07:23:40,-7.08,100.510
02/24/2026 07:33:40,-6.93,100.529
02/24/2026 07:43:40,-6.74,100.540
02/24/2026 07:53:40,-6.48,100.549
02/24/2026 08:03:40,-6.14,100.545
02/24/2026 08:13:40,-5.74,100.573
02/24/2026 08:23:40,-5.32,100.580
02/24/2026 08:33:40,-4.89,100.574
02/24/2026 08:43:40,-4.21,100.585
02/24/2026 08:53:40,-3.18,100.559
02/24/2026 09:03:40,-1.54,100.528
02/24/2026 09:13:40,0.37,100.496
02/24/2026 09:23:40,2.35,100.468
02/24/2026 09:33:40,4.43,100.403
02/24/2026 09:43:40,6.29,100.366
02/24/2026 09:53:40,8.09,100.346
02/24/2026 10:03:40,9.55,100.320
02/24/2026 10:13:40,10.78,100.340
02/24/2026 10:23:40,11.63,100.325
02/24/2026 10:33:40,12.25,100.336
02/24/2026 10:43:40,12.83,100.339
02/24/2026 10:53:40,13.41,100.363
02/24/2026 11:03:40,12.93,100.395
02/24/2026 11:13:40,12.49,100.398
02/24/2026 11:23:40,13.00,100.369
02/24/2026 11:33:40,13.41,100.372
02/24/2026 11:43:40,14.08,100.371
02/24/2026 11:53:40,13.63,100.383
02/24/2026 12:03:40,12.29,100.414
02/24/2026 12:13:40,11.59,100.379
02/24/2026 12:23:40,11.23,100.379
02/24/2026 12:33:40,10.02,100.423
02/24/2026 12:43:40,8.90,100.433
02/24/2026 12:53:40,9.33,100.347
02/24/2026 13:03:40,10.78,100.296
02/24/2026 13:13:40,12.05,100.299
02/24/2026 13:23:40,13.74,100.276
02/24/2026 13:33:40,15.09,100.261
02/24/2026 13:43:40,15.60,100.283
02/24/2026 13:53:40,14.80,100.320
02/24/2026 14:03:40,13.72,100.372
02/24/2026 14:13:40,12.18,100.383
02/24/2026 14:23:40,10.26,100.407
02/24/2026 14:33:40,8.30,100.451
02/24/2026 14:43:40,6.43,100.475
02/24/2026 14:53:40,5.28,100.485
02/24/2026 15:03:40,4.49,100.492
02/24/2026 15:13:40,3.80,100.499
02/24/2026 15:23:40,3.24,100.498
02/24/2026 15:33:40,3.12,100.492
02/24/2026 15:43:40,3.16,100.500
02/24/2026 15:53:40,3.65,100.463
02/24/2026 16:03:40,4.00,100.485
02/24/2026 16:13:40,3.69,100.533
02/24/2026 16:23:40,2.98,100.563
02/24/2026 16:33:40,2.13,100.594
02/24/2026 16:43:40,1.31,100.626
02/24/2026 16:53:40,0.47,100.646
02/24/2026 17:03:40,-0.32,100.669
02/24/2026 17:13:40,-1.10,100.701
02/24/2026 17:23:40,-1.84,100.724
02/24/2026 17:33:40,-2.52,100.733
02/24/2026 17:43:40,-3.20,100.755
02/24/2026 17:53:40,-3.88,100.768
02/24/2026 18:03:40,-4.51,100.801
02/24/2026 18:13:40,-5.06,100.794
02/24/2026 18:23:40,-5.57,100.818
02/24/2026 18:33:40,-6.02,100.843
02/24/2026 18:43:40,-6.41,100.855
02/24/2026 18:53:40,-6.64,100.862
02/24/2026 19:03:40,-6.72,100.872
02/24/2026 19:13:40,-6.77,100.875
02/24/2026 19:23:40,-6.91,100.891
02/24/2026 19:33:40,-7.07,100.892
02/24/2026 19:43:40,-7.30,100.908
02/24/2026 19:53:40,-7.57,100.928
02/24/2026 20:03:40,-7.85,100.934
02/24/2026 20:13:40,-8.11,100.929
02/24/2026 20:23:40,-8.32,100.937
02/24/2026 20:33:40,-8.57,100.937
02/24/2026 20:43:40,-8.82,100.967
02/24/2026 20:53:40,-9.06,100.981
02/24/2026 21:03:40,-9.29,100.988
02/24/2026 21:13:40,-9.53,100.997
02/24/2026 21:23:40,-9.78,101.009
02/24/2026 21:33:40,-10.05,101.006
02/24/2026 21:43:40,-10.31,100.978
02/24/2026 21:53:40,-10.58,100.988
02/24/2026 22:03:40,-10.83,100.983
02/24/2026 22:13:40,-11.07,100.956
02/24/2026 22:23:40,-11.30,100.926
02/24/2026 22:33:40,-11.53,100.906
02/24/2026 22:43:40,-11.75,100.899
02/24/2026 22:53:40,-11.94,100.878
02/24/2026 23:03:40,-12.19,100.876
02/24/2026 23:13:40,-12.42,100.868
02/24/2026 23:23:40,-12.64,100.821
02/24/2026 23:33:40,-12.83,100.813
02/24/2026 23:43:40,-12.97,100.776
02/24/2026 23:53:40,-13.17,100.767
02/25/2026 00:03:40,-13.34,100.796
02/25/2026 00:13:40,-13.50,100.834
02/25/2026 00:23:40,-13.71,100.858
02/25/2026 00:33:40,-13.92,100.866
02/25/2026 00:43:40,-14.10,100.875
02/25/2026 00:53:40,-14.26,100.887
02/25/2026 01:03:40,-14.40,100.889
02/25/2026 01:13:40,-14.53,100.817
02/25/2026 01:23:40,-14.60,100.836
02/25/2026 01:33:40,-14.63,100.841
02/25/2026 01:43:40,-14.69,100.821
02/25/2026 01:53:40,-14.74,100.788
02/25/2026 02:03:40,-14.75,100.783
02/25/2026 02:13:40,-14.76,100.764
02/25/2026 02:23:40,-14.74,100.750
02/25/2026 02:33:40,-14.73,100.737
02/25/2026 02:43:40,-14.73,100.755
02/25/2026 02:53:40,-14.71,100.683
02/25/2026 03:03:40,-14.66,100.684
02/25/2026 03:13:40,-14.56,100.653
02/25/2026 03:23:40,-14.41,100.673
02/25/2026 03:33:40,-14.31,100.667
02/25/2026 03:43:40,-14.23,100.655
02/25/2026 03:53:40,-14.22,100.604
02/25/2026 04:03:40,-14.22,100.581
02/25/2026 04:13:40,-14.19,100.573
02/25/2026 04:23:40,-14.11,100.551
02/25/2026 04:33:40,-13.96,100.555
02/25/2026 04:43:40,-13.79,100.531
02/25/2026 04:53:40,-13.59,100.522
02/25/2026 05:03:40,-13.37,100.512
02/25/2026 05:13:40,-13.14,100.507
02/25/2026 05:23:40,-12.90,100.508
02/25/2026 05:33:40,-12.66,100.492
02/25/2026 05:43:40,-12.45,100.476
02/25/2026 05:53:40,-12.23,100.487
02/25/2026 06:03:40,-12.02,100.467
02/25/2026 06:13:40,-11.81,100.468
02/25/2026 06:23:40,-11.60,100.461
02/25/2026 06:33:40,-11.41,100.437
02/25/2026 06:43:40,-11.27,100.418
02/25/2026 06:53:40,-11.13,100.402
02/25/2026 07:03:40,-10.96,100.368
02/25/2026 07:13:40,-10.77,100.363
02/25/2026 07:23:40,-10.58,100.370
02/25/2026 07:33:40,-10.40,100.324
02/25/2026 07:43:40,-10.23,100.338
02/25/2026 07:53:40,-10.05,100.314
02/25/2026 08:03:40,-9.84,100.319
02/25/2026 08:13:40,-9.64,100.297
02/25/2026 08:23:40,-9.40,100.305
02/25/2026 08:33:40,-9.12,100.295
02/25/2026 08:43:40,-8.83,100.287
02/25/2026 08:53:40,-8.49,100.275
02/25/2026 09:03:40,-8.09,100.242
02/25/2026 09:13:40,-7.67,100.242
02/25/2026 09:23:40,-7.20,100.212
02/25/2026 09:33:40,-6.60,100.200
02/25/2026 09:43:40,-5.95,100.182
02/25/2026 09:53:40,-5.29,100.179
02/25/2026 10:03:40,-4.59,100.169
02/25/2026 10:13:40,-3.86,100.141
02/25/2026 10:23:40,-2.99,100.125
02/25/2026 10:33:40,-2.00,100.084
02/25/2026 10:43:40,-1.10,100.072
02/25/2026 10:53:40,-0.19,100.052
02/25/2026 11:03:40,1.00,100.007
02/25/2026 11:13:40,2.26,99.992
02/25/2026 11:23:40,3.31,99.971
02/25/2026 11:33:40,4.20,99.947
02/25/2026 11:43:40,5.22,99.901
02/25/2026 11:53:40,5.82,99.885
02/25/2026 12:03:40,6.35,99.885
02/25/2026 12:13:40,7.38,99.815
02/25/2026 12:23:40,8.73,99.786
02/25/2026 12:33:40,9.85,99.763
02/25/2026 12:43:40,10.55,99.760
02/25/2026 12:53:40,11.89,99.702
02/25/2026 13:03:40,12.67,99.710
02/25/2026 13:13:40,12.25,99.751
02/25/2026 13:23:40,11.47,99.745
02/25/2026 13:33:40,10.68,99.739
02/25/2026 13:43:40,10.12,99.727
02/25/2026 13:53:40,9.69,99.729
02/25/2026 14:03:40,9.11,99.732
02/25/2026 14:13:40,8.57,99.743
02/25/2026 14:23:40,8.16,99.727
02/25/2026 14:33:40,8.06,99.720
02/25/2026 14:43:40,8.09,99.704
02/25/2026 14:53:40,7.98,99.709
02/25/2026 15:03:40,7.84,99.729
02/25/2026 15:13:40,7.69,99.730
02/25/2026 15:23:40,7.48,99.734
02/25/2026 15:33:40,7.19,99.733
02/25/2026 15:43:40,6.94,99.730
02/25/2026 15:53:40,6.79,99.740
02/25/2026 16:03:40,6.69,99.728
02/25/2026 16:13:40,6.44,99.733
02/25/2026 16:23:40,6.00,99.763
02/25/2026 16:33:40,5.54,99.778
02/25/2026 16:43:40,5.21,99.785
02/25/2026 16:53:40,4.87,99.796
02/25/2026 17:03:40,4.49,99.816
02/25/2026 17:13:40,4.13,99.835
02/25/2026 17:23:40,3.79,99.831
02/25/2026 17:33:40,3.42,99.857
02/25/2026 17:43:40,2.96,99.882
02/25/2026 17:53:40,2.50,99.891
02/25/2026 18:03:40,2.11,99.895
02/25/2026 18:13:40,1.78,99.910
02/25/2026 18:23:40,1.49,99.905
02/25/2026 18:33:40,1.24,99.905
02/25/2026 18:43:40,1.06,99.933
02/25/2026 18:53:40,0.92,99.943
02/25/2026 19:03:40,0.80,99.967
02/25/2026 19:13:40,0.66,99.980
02/25/2026 19:23:40,0.54,99.995
02/25/2026 19:33:40,0.50,99.992
02/25/2026 19:43:40,0.50,100.019
02/25/2026 19:53:40,0.51,100.033
02/25/2026 20:03:40,0.51,100.063
02/25/2026 20:13:40,0.46,100.033
02/25/2026 20:23:40,0.41,100.045
02/25/2026 20:33:40,0.31,100.023
02/25/2026 20:43:40,0.18,100.029
02/25/2026 20:53:40,0.07,100.049
02/25/2026 21:03:40,-0.06,100.046
02/25/2026 21:13:40,-0.18,100.075
02/25/2026 21:23:40,-0.27,100.084
02/25/2026 21:33:40,-0.37,100.105
02/25/2026 21:43:40,-0.49,100.085
02/25/2026 21:53:40,-0.57,100.095
02/25/2026 22:03:40,-0.58,100.099
02/25/2026 22:13:40,-0.48,100.104
02/25/2026 22:23:40,-0.34,100.090
02/25/2026 22:33:40,-0.18,100.101
02/25/2026 22:43:40,-0.02,100.107
02/25/2026 22:53:40,0.11,100.115
02/25/2026 23:03:40,0.25,100.083
02/25/2026 23:13:40,0.33,100.043
02/25/2026 23:23:40,0.35,100.057
02/25/2026 23:33:40,0.33,100.104
02/25/2026 23:43:40,0.30,100.189
02/25/2026 23:53:40,0.29,100.210
02/26/2026 00:03:40,0.28,100.231
02/26/2026 00:13:40,0.26,100.243
02/26/2026 00:23:40,0.24,100.259
02/26/2026 00:33:40,0.21,100.234
02/26/2026 00:43:40,0.16,100.238
02/26/2026 00:53:40,0.11,100.247
02/26/2026 01:03:40,0.06,100.256
02/26/2026 01:13:40,0.03,100.270
02/26/2026 01:23:40,-0.01,100.279
02/26/2026 01:33:40,-0.04,100.277
02/26/2026 01:43:40,-0.06,100.288
02/26/2026 01:53:40,-0.08,100.268
02/26/2026 02:03:40,-0.11,100.262
02/26/2026 02:13:40,-0.15,100.285
02/26/2026 02:23:40,-0.20,100.293
02/26/2026 02:33:40,-0.26,100.278
02/26/2026 02:43:40,-0.37,100.277
02/26/2026 02:53:40,-0.62,100.294
02/26/2026 03:03:40,-1.00,100.301
02/26/2026 03:13:40,-1.45,100.312
02/26/2026 03:23:40,-1.89,100.323
02/26/2026 03:33:40,-2.28,100.338
02/26/2026 03:43:40,-2.66,100.350
02/26/2026 03:53:40,-3.05,100.374
02/26/2026 04:03:40,-3.39,100.402
02/26/2026 04:13:40,-3.70,100.407
02/26/2026 04:23:40,-4.00,100.448
02/26/2026 04:33:40,-4.24,100.441
02/26/2026 04:43:40,-4.47,100.458
02/26/2026 04:53:40,-4.68,100.490
02/26/2026 05:03:40,-4.89,100.486
02/26/2026 05:13:40,-5.08,100.485
02/26/2026 05:23:40,-5.27,100.519
02/26/2026 05:33:40,-5.48,100.533
02/26/2026 05:43:40,-5.66,100.537
02/26/2026 05:53:40,-5.84,100.562
02/26/2026 06:03:40,-6.03,100.591
02/26/2026 06:13:40,-6.24,100.613
02/26/2026 06:23:40,-6.46,100.644
02/26/2026 06:33:40,-6.69,100.663
02/26/2026 06:43:40,-6.93,100.648
02/26/2026 06:53:40,-7.09,100.679
02/26/2026 07:03:40,-7.15,100.721
02/26/2026 07:13:40,-7.16,100.738
02/26/2026 07:23:40,-7.11,100.756
02/26/2026 07:33:40,-6.88,100.767
02/26/2026 07:43:40,-6.54,100.811
02/26/2026 07:53:40,-6.10,100.808
02/26/2026 08:03:40,-5.45,100.817
02/26/2026 08:13:40,-4.76,100.808
02/26/2026 08:23:40,-3.98,100.797
02/26/2026 08:33:40,-3.01,100.791
02/26/2026 08:43:40,-1.83,100.773
02/26/2026 08:53:40,-0.17,100.723
02/26/2026 09:03:40,2.20,100.675
02/26/2026 09:13:40,5.01,100.554
02/26/2026 09:23:40,8.28,100.498
02/26/2026 09:33:40,11.45,100.497
02/26/2026 09:43:40,13.99,100.498
02/26/2026 09:53:40,16.17,100.482
02/26/2026 10:03:40,18.05,100.524
02/26/2026 10:13:40,19.65,100.534
02/26/2026 10:23:40,21.11,100.527
02/26/2026 10:33:40,22.51,100.549
02/26/2026 10:43:40,23.64,100.575
02/26/2026 10:53:40,24.49,100.592
02/26/2026 11:03:40,23.95,100.597
02/26/2026 11:13:40,23.75,100.555
02/26/2026 11:23:40,24.80,100.556
02/26/2026 11:33:40,26.11,100.556
02/26/2026 11:43:40,27.04,100.548
02/26/2026 11:53:40,26.57,100.603
02/26/2026 12:03:40,24.88,100.560
02/26/2026 12:13:40,23.69,100.507
02/26/2026 12:23:40,22.83,100.492
02/26/2026 12:33:40,21.42,100.479
02/26/2026 12:43:40,20.60,100.496
02/26/2026 12:53:40,21.12,100.488
02/26/2026 13:03:40,22.87,100.468
02/26/2026 13:13:40,23.10,100.486
02/26/2026 13:23:40,23.28,100.460
02/26/2026 13:33:40,23.27,100.473
02/26/2026 13:43:40,22.35,100.477
02/26/2026 13:53:40,20.40,100.488
02/26/2026 14:03:40,18.17,100.501
02/26/2026 14:13:40,16.44,100.501
02/26/2026 14:23:40,15.19,100.543
02/26/2026 14:33:40,14.14,100.540
02/26/2026 14:43:40,13.13,100.547
02/26/2026 14:53:40,12.40,100.555
02/26/2026 15:03:40,11.84,100.567
02/26/2026 15:13:40,11.20,100.567
02/26/2026 15:23:40,10.68,100.580
02/26/2026 15:33:40,10.26,100.565
02/26/2026 15:43:40,9.77,100.568
02/26/2026 15:53:40,9.20,100.584
02/26/2026 16:03:40,8.68,100.600
02/26/2026 16:13:40,8.20,100.611
02/26/2026 16:23:40,7.70,100.632
02/26/2026 16:33:40,7.14,100.649
02/26/2026 16:43:40,6.51,100.654
02/26/2026 16:53:40,5.81,100.658
02/26/2026 17:03:40,5.08,100.697
02/26/2026 17:13:40,4.42,100.703
02/26/2026 17:23:40,3.80,100.719
02/26/2026 17:33:40,3.16,100.738
02/26/2026 17:43:40,2.48,100.762
02/26/2026 17:53:40,1.77,100.808
02/26/2026 18:03:40,1.04,100.830
02/26/2026 18:13:40,0.34,100.836
02/26/2026 18:23:40,-0.28,100.849
02/26/2026 18:33:40,-0.82,100.868
02/26/2026 18:43:40,-1.29,100.877
02/26/2026 18:53:40,-1.62,100.886
02/26/2026 19:03:40,-1.79,100.891
02/26/2026 19:13:40,-1.91,100.906
02/26/2026 19:23:40,-1.99,100.912
02/26/2026 19:33:40,-2.09,100.916
02/26/2026 19:43:40,-2.24,100.909
02/26/2026 19:53:40,-2.47,100.940
02/26/2026 20:03:40,-2.74,100.949
02/26/2026 20:13:40,-3.00,100.977
02/26/2026 20:23:40,-3.21,100.987
02/26/2026 20:33:40,-3.43,100.996
02/26/2026 20:43:40,-3.71,100.995
02/26/2026 20:53:40,-3.99,101.007
02/26/2026 21:03:40,-4.26,101.028
02/26/2026 21:13:40,-4.53,101.059
02/26/2026 21:23:40,-4.79,101.067
02/26/2026 21:33:40,-5.05,101.103
02/26/2026 21:43:40,-5.30,101.078
02/26/2026 21:53:40,-5.53,101.090
02/26/2026 22:03:40,-5.74,101.073
02/26/2026 22:13:40,-5.94,101.083
02/26/2026 22:23:40,-6.17,101.082
02/26/2026 22:33:40,-6.37,101.078
02/26/2026 22:43:40,-6.54,101.079
02/26/2026 22:53:40,-6.68,101.086
02/26/2026 23:03:40,-6.87,101.080
02/26/2026 23:13:40,-7.09,101.114
02/26/2026 23:23:40,-7.31,101.117
02/26/2026 23:33:40,-7.50,101.111
02/26/2026 23:43:40,-7.67,101.102
02/26/2026 23:53:40,-7.82,101.108
02/27/2026 00:03:40,-7.99,101.108
02/27/2026 00:13:40,-8.20,101.121
02/27/2026 00:23:40,-8.40,101.130
02/27/2026 00:33:40,-8.60,101.136
02/27/2026 00:43:40,-8.78,101.151
02/27/2026 00:53:40,-8.96,101.132
02/27/2026 01:03:40,-9.15,101.125
02/27/2026 01:13:40,-9.33,101.145
02/27/2026 01:23:40,-9.49,101.136
02/27/2026 01:33:40,-9.64,101.173
02/27/2026 01:43:40,-9.80,101.178
02/27/2026 01:53:40,-9.92,101.187
02/27/2026 02:03:40,-10.03,101.197
02/27/2026 02:13:40,-10.16,101.196
02/27/2026 02:23:40,-10.25,101.195
02/27/2026 02:33:40,-10.23,101.210
02/27/2026 02:43:40,-10.24,101.205
02/27/2026 02:53:40,-10.27,101.223
02/27/2026 03:03:40,-10.32,101.253
02/27/2026 03:13:40,-10.38,101.255
02/27/2026 03:23:40,-10.44,101.271
02/27/2026 03:33:40,-10.56,101.275
02/27/2026 03:43:40,-10.70,101.286
02/27/2026 03:53:40,-10.84,101.279
02/27/2026 04:03:40,-10.97,101.282
02/27/2026 04:13:40,-11.18,101.286
02/27/2026 04:23:40,-11.36,101.301
02/27/2026 04:33:40,-11.54,101.308
02/27/2026 04:43:40,-11.73,101.330
02/27/2026 04:53:40,-11.90,101.338
02/27/2026 05:03:40,-12.06,101.350
02/27/2026 05:13:40,-12.19,101.358
02/27/2026 05:23:40,-12.29,101.364
02/27/2026 05:33:40,-12.38,101.376
02/27/2026 05:43:40,-12.44,101.378
02/27/2026 05:53:40,-12.53,101.399
02/27/2026 06:03:40,-12.62,101.415
02/27/2026 06:13:40,-12.70,101.440
02/27/2026 06:23:40,-12.75,101.453
02/27/2026 06:33:40,-12.72,101.469
02/27/2026 06:43:40,-12.58,101.480
02/27/2026 06:53:40,-12.37,101.500
02/27/2026 07:03:40,-12.02,101.499
02/27/2026 07:13:40,-11.50,101.527
02/27/2026 07:23:40,-10.85,101.554
02/27/2026 07:33:40,-10.11,101.565
02/27/2026 07:43:40,-9.42,101.574
02/27/2026 07:53:40,-8.74,101.598
02/27/2026 08:03:40,-7.97,101.583
02/27/2026 08:13:40,-7.04,101.611
02/27/2026 08:23:40,-5.95,101.622
02/27/2026 08:33:40,-4.86,101.610
02/27/2026 08:43:40,-3.76,101.610
02/27/2026 08:53:40,-2.02,101.586
02/27/2026 09:03:40,0.62,101.518
02/27/2026 09:13:40,4.01,101.453
02/27/2026 09:23:40,7.54,101.402
02/27/2026 09:33:40,10.87,101.370
02/27/2026 09:43:40,13.81,101.359
02/27/2026 09:53:40,16.62,101.367
02/27/2026 10:03:40,19.02,101.379
02/27/2026 10:13:40,21.16,101.368
02/27/2026 10:23:40,22.55,101.376
02/27/2026 10:33:40,23.85,101.377
02/27/2026 10:43:40,24.65,101.382
02/27/2026 10:53:40,25.56,101.370
02/27/2026 11:03:40,25.52,101.382
02/27/2026 11:13:40,25.24,101.375
02/27/2026 11:23:40,25.55,101.370
02/27/2026 11:33:40,26.84,101.350
02/27/2026 11:43:40,28.21,101.337
02/27/2026 11:53:40,28.03,101.350
02/27/2026 12:03:40,26.06,101.353
02/27/2026 12:13:40,24.42,101.324
02/27/2026 12:23:40,23.51,101.290
02/27/2026 12:33:40,21.18,101.289
02/27/2026 12:43:40,19.54,101.275
02/27/2026 12:53:40,19.70,101.240
02/27/2026 13:03:40,20.99,101.215
02/27/2026 13:13:40,22.15,101.201
02/27/2026 13:23:40,23.73,101.191
02/27/2026 13:33:40,24.97,101.190
02/27/2026 13:43:40,25.57,101.210
02/27/2026 13:53:40,24.39,101.233
02/27/2026 14:03:40,23.12,101.236
02/27/2026 14:13:40,21.30,101.238
02/27/2026 14:23:40,18.71,101.248
02/27/2026 14:33:40,16.22,101.268
02/27/2026 14:43:40,14.25,101.302
02/27/2026 14:53:40,12.86,101.321
02/27/2026 15:03:40,11.80,101.330
02/27/2026 15:13:40,10.64,101.313
02/27/2026 15:23:40,9.75,101.323
02/27/2026 15:33:40,9.27,101.325
02/27/2026 15:43:40,9.15,101.311
02/27/2026 15:53:40,9.42,101.314
02/27/2026 16:03:40,9.78,101.285
02/27/2026 16:13:40,9.37,101.310
02/27/2026 16:23:40,8.56,101.313
02/27/2026 16:33:40,7.74,101.321
02/27/2026 16:43:40,7.02,101.324
02/27/2026 16:53:40,6.42,101.354
02/27/2026 17:03:40,5.90,101.349
02/27/2026 17:13:40,5.42,101.362
02/27/2026 17:23:40,5.01,101.367
02/27/2026 17:33:40,4.58,101.388
02/27/2026 17:43:40,4.04,101.428
02/27/2026 17:53:40,3.35,101.461
02/27/2026 18:03:40,2.69,101.499
02/27/2026 18:13:40,2.04,101.521
02/27/2026 18:23:40,1.74,101.533
02/27/2026 18:33:40,1.65,101.543
02/27/2026 18:43:40,1.63,101.558
02/27/2026 18:53:40,1.53,101.571
02/27/2026 19:03:40,1.39,101.589
02/27/2026 19:13:40,1.26,101.604
02/27/2026 19:23:40,1.12,101.621
02/27/2026 19:33:40,0.95,101.641
02/27/2026 19:43:40,0.69,101.648
02/27/2026 19:53:40,0.34,101.655
02/27/2026 20:03:40,0.08,101.666
02/27/2026 20:13:40,-0.19,101.672
02/27/2026 20:23:40,-0.49,101.670
02/27/2026 20:33:40,-0.66,101.672
02/27/2026 20:43:40,-0.76,101.645
02/27/2026 20:53:40,-0.81,101.666
02/27/2026 21:03:40,-0.80,101.672
02/27/2026 21:13:40,-0.76,101.676
02/27/2026 21:23:40,-0.74,101.656
02/27/2026 21:33:40,-0.79,101.655
02/27/2026 21:43:40,-0.89,101.646
02/27/2026 21:53:40,-1.01,101.665
02/27/2026 22:03:40,-1.17,101.659
02/27/2026 22:13:40,-1.34,101.638
02/27/2026 22:23:40,-1.47,101.648
02/27/2026 22:33:40,-1.57,101.669
02/27/2026 22:43:40,-1.68,101.654
02/27/2026 22:53:40,-1.86,101.654
02/27/2026 23:03:40,-2.05,101.667
02/27/2026 23:13:40,-2.20,101.653
02/27/2026 23:23:40,-2.32,101.649
02/27/2026 23:33:40,-2.52,101.657
02/27/2026 23:43:40,-2.83,101.667
02/27/2026 23:53:40,-3.20,101.683
02/28/2026 00:03:40,-3.56,101.656
02/28/2026 00:13:40,-3.90,101.675
02/28/2026 00:23:40,-4.22,101.673
02/28/2026 00:33:40,-4.53,101.665
02/28/2026 00:43:40,-4.81,101.655
02/28/2026 00:53:40,-5.04,101.649
02/28/2026 01:03:40,-5.27,101.660
02/28/2026 01:13:40,-5.51,101.662
02/28/2026 01:23:40,-5.78,101.657
02/28/2026 01:33:40,-6.04,101.666
02/28/2026 01:43:40,-6.25,101.653
02/28/2026 01:53:40,-6.42,101.640
02/28/2026 02:03:40,-6.56,101.629
02/28/2026 02:13:40,-6.70,101.611
02/28/2026 02:23:40,-6.84,101.574
02/28/2026 02:33:40,-6.98,101.612
02/28/2026 02:43:40,-7.17,101.605
02/28/2026 02:53:40,-7.34,101.593
02/28/2026 03:03:40,-7.49,101.603
02/28/2026 03:13:40,-7.61,101.604
02/28/2026 03:23:40,-7.71,101.602
02/28/2026 03:33:40,-7.81,101.618
02/28/2026 03:43:40,-7.92,101.611
02/28/2026 03:53:40,-8.04,101.611
02/28/2026 04:03:40,-8.15,101.613
02/28/2026 04:13:40,-8.25,101.620
02/28/2026 04:23:40,-8.35,101.636
02/28/2026 04:33:40,-8.49,101.642
02/28/2026 04:43:40,-8.63,101.649
02/28/2026 04:53:40,-8.76,101.654
02/28/2026 05:03:40,-8.82,101.655
02/28/2026 05:13:40,-8.87,101.668
02/28/2026 05:23:40,-8.86,101.660
02/28/2026 05:33:40,-8.79,101.668
02/28/2026 05:43:40,-8.65,101.674
02/28/2026 05:53:40,-8.40,101.669
02/28/2026 06:03:40,-8.02,101.666
02/28/2026 06:13:40,-7.67,101.646
02/28/2026 06:23:40,-7.26,101.658
02/28/2026 06:33:40,-6.85,101.691
02/28/2026 06:43:40,-6.54,101.684
02/28/2026 06:53:40,-6.23,101.681
02/28/2026 07:03:40,-5.84,101.673
02/28/2026 07:13:40,-5.38,101.667
02/28/2026 07:23:40,-4.88,101.678
02/28/2026 07:33:40,-4.38,101.658
02/28/2026 07:43:40,-3.83,101.616
02/28/2026 07:53:40,-3.17,101.584
02/28/2026 08:03:40,-2.22,101.541
02/28/2026 08:13:40,-0.76,101.610
02/28/2026 08:23:40,0.83,101.652
02/28/2026 08:33:40,1.85,101.701
02/28/2026 08:43:40,2.48,101.701
02/28/2026 08:53:40,3.20,101.695
02/28/2026 09:03:40,4.02,101.665
02/28/2026 09:13:40,4.84,101.639
02/28/2026 09:23:40,6.00,101.531
02/28/2026 09:33:40,8.66,101.457
02/28/2026 09:43:40,12.42,101.377
02/28/2026 09:53:40,15.25,101.400
02/28/2026 10:03:40,15.63,101.432
02/28/2026 10:13:40,15.24,101.462
02/28/2026 10:23:40,15.56,101.418
02/28/2026 10:33:40,15.95,101.405
02/28/2026 10:43:40,15.49,101.426
02/28/2026 10:53:40,14.66,101.442
02/28/2026 11:03:40,13.90,101.388
02/28/2026 11:13:40,12.89,101.403
02/28/2026 11:23:40,11.78,101.378
02/28/2026 11:33:40,10.79,101.364
02/28/2026 11:43:40,10.10,101.346
02/28/2026 11:53:40,9.52,101.353
02/28/2026 12:03:40,9.14,101.358
02/28/2026 12:13:40,8.93,101.329
02/28/2026 12:23:40,9.06,101.281
02/28/2026 12:33:40,9.37,101.244
02/28/2026 12:43:40,10.36,101.131
02/28/2026 12:53:40,13.18,101.051
02/28/2026 13:03:40,16.34,101.072
02/28/2026 13:13:40,19.58,101.033
02/28/2026 13:23:40,22.65,101.034
02/28/2026 13:33:40,24.62,101.041
02/28/2026 13:43:40,25.62,101.048
02/28/2026 13:53:40,25.34,101.068
02/28/2026 14:03:40,24.86,101.073
02/28/2026 14:13:40,23.71,101.074
02/28/2026 14:23:40,22.05,101.061
02/28/2026 14:33:40,19.92,101.050
02/28/2026 14:43:40,18.43,101.056
02/28/2026 14:53:40,17.30,101.043
02/28/2026 15:03:40,16.28,101.032
02/28/2026 15:13:40,15.20,101.063
02/28/2026 15:23:40,14.21,101.033
02/28/2026 15:33:40,13.56,100.995
02/28/2026 15:43:40,13.26,101.000
02/28/2026 15:53:40,13.20,100.978
02/28/2026 16:03:40,13.25,101.004
02/28/2026 16:13:40,12.81,101.011
02/28/2026 16:23:40,12.13,101.031
02/28/2026 16:33:40,11.48,101.058
02/28/2026 16:43:40,10.90,101.049
02/28/2026 16:53:40,10.40,101.082
02/28/2026 17:03:40,9.84,101.091
02/28/2026 17:13:40,9.26,101.090
02/28/2026 17:23:40,8.70,101.111
02/28/2026 17:33:40,8.25,101.124
02/28/2026 17:43:40,7.81,101.137
02/28/2026 17:53:40,7.23,101.169
02/28/2026 18:03:40,6.49,101.191
02/28/2026 18:13:40,5.68,101.229
02/28/2026 18:23:40,4.91,101.256
02/28/2026 18:33:40,4.21,101.249
02/28/2026 18:43:40,3.59,101.261
02/28/2026 18:53:40,3.13,101.287
02/28/2026 19:03:40,2.68,101.300
02/28/2026 19:13:40,2.25,101.292
02/28/2026 19:23:40,1.86,101.283
02/28/2026 19:33:40,1.49,101.285
02/28/2026 19:43:40,1.15,101.263
02/28/2026 19:53:40,0.84,101.292
02/28/2026 20:03:40,0.56,101.315
02/28/2026 20:13:40,0.28,101.307
02/28/2026 20:23:40,0.02,101.304
02/28/2026 20:33:40,-0.25,101.323
02/28/2026 20:43:40,-0.49,101.340
02/28/2026 20:53:40,-0.72,101.323
02/28/2026 21:03:40,-0.92,101.331
02/28/2026 21:13:40,-1.11,101.343
02/28/2026 21:23:40,-1.31,101.320
02/28/2026 21:33:40,-1.52,101.313
02/28/2026 21:43:40,-1.69,101.319
02/28/2026 21:53:40,-1.83,101.341
02/28/2026 22:03:40,-1.95,101.337
02/28/2026 22:13:40,-2.09,101.351
02/28/2026 22:23:40,-2.23,101.324
02/28/2026 22:33:40,-2.36,101.333
02/28/2026 22:43:40,-2.50,101.320
02/28/2026 22:53:40,-2.66,101.313
02/28/2026 23:03:40,-2.80,101.322
02/28/2026 23:13:40,-2.92,101.323
02/28/2026 23:23:40,-3.04,101.316
02/28/2026 23:33:40,-3.15,101.314
02/28/2026 23:43:40,-3.23,101.306
02/28/2026 23:53:40,-3.31,101.303
03/01/2026 00:03:40,-3.43,101.308
03/01/2026 00:13:40,-3.57,101.312
03/01/2026 00:23:40,-3.72,101.324
03/01/2026 00:33:40,-3.82,101.318
03/01/2026 00:43:40,-3.95,101.319
03/01/2026 00:53:40,-4.06,101.312
03/01/2026 01:03:40,-4.17,101.323
03/01/2026 01:13:40,-4.27,101.322
03/01/2026 01:23:40,-4.37,101.308
03/01/2026 01:33:40,-4.47,101.315
03/01/2026 01:43:40,-4.57,101.318
03/01/2026 01:53:40,-4.68,101.316
03/01/2026 02:03:40,-4.77,101.337
03/01/2026 02:13:40,-4.89,101.317
03/01/2026 02:23:40,-5.00,101.319
03/01/2026 02:33:40,-5.10,101.326
03/01/2026 02:43:40,-5.22,101.340
03/01/2026 02:53:40,-5.35,101.350
03/01/2026 03:03:40,-5.44,101.341
03/01/2026 03:13:40,-5.51,101.338
03/01/2026 03:23:40,-5.57,101.367
03/01/2026 03:33:40,-5.62,101.370
03/01/2026 03:43:40,-5.64,101.377
03/01/2026 03:53:40,-5.51,101.342
03/01/2026 04:03:40,-5.24,101.339
03/01/2026 04:13:40,-4.91,101.376
03/01/2026 04:23:40,-4.66,101.410
03/01/2026 04:33:40,-4.42,101.403
03/01/2026 04:43:40,-4.18,101.371
03/01/2026 04:53:40,-3.92,101.405
03/01/2026 05:03:40,-3.70,101.426
03/01/2026 05:13:40,-3.48,101.440
03/01/2026 05:23:40,-3.24,101.437
03/01/2026 05:33:40,-2.98,101.436
03/01/2026 05:43:40,-2.73,101.434
03/01/2026 05:53:40,-2.49,101.444
03/01/2026 06:03:40,-2.27,101.452
03/01/2026 06:13:40,-2.08,101.475
03/01/2026 06:23:40,-1.91,101.478
03/01/2026 06:33:40,-1.73,101.478
03/01/2026 06:43:40,-1.53,101.488
03/01/2026 06:53:40,-1.34,101.502
03/01/2026 07:03:40,-1.17,101.535
03/01/2026 07:13:40,-1.02,101.541
03/01/2026 07:23:40,-0.87,101.577
03/01/2026 07:33:40,-0.73,101.577
03/01/2026 07:43:40,-0.54,101.599
03/01/2026 07:53:40,-0.33,101.611
03/01/2026 08:03:40,-0.04,101.664
03/01/2026 08:13:40,0.19,101.690
03/01/2026 08:23:40,0.41,101.723
03/01/2026 08:33:40,0.60,101.733
03/01/2026 08:43:40,0.80,101.742
03/01/2026 08:53:40,0.93,101.746
03/01/2026 09:03:40,0.99,101.773
03/01/2026 09:13:40,1.05,101.756
03/01/2026 09:23:40,1.11,101.766
03/01/2026 09:33:40,1.20,101.796
03/01/2026 09:43:40,1.31,101.785
03/01/2026 09:53:40,1.52,101.813
03/01/2026 10:03:40,1.90,101.834
03/01/2026 10:13:40,2.44,101.817
03/01/2026 10:23:40,3.09,101.831
03/01/2026 10:33:40,3.72,101.833
03/01/2026 10:43:40,4.18,101.820
03/01/2026 10:53:40,4.78,101.824
03/01/2026 11:03:40,5.94,101.769
03/01/2026 11:13:40,9.30,101.664
03/01/2026 11:23:40,13.53,101.579
03/01/2026 11:33:40,17.46,101.597
03/01/2026 11:43:40,18.62,101.647
03/01/2026 11:53:40,18.31,101.689
03/01/2026 12:03:40,17.72,101.672
03/01/2026 12:13:40,17.16,101.688
03/01/2026 12:23:40,16.91,101.662
03/01/2026 12:33:40,16.45,101.679
03/01/2026 12:43:40,15.57,101.663
03/01/2026 12:53:40,17.08,101.611
03/01/2026 13:03:40,19.94,101.572
03/01/2026 13:13:40,22.03,101.573
03/01/2026 13:23:40,24.17,101.556
03/01/2026 13:33:40,25.60,101.569
03/01/2026 13:43:40,25.00,101.585
03/01/2026 13:53:40,23.78,101.609
03/01/2026 14:03:40,21.90,101.645
03/01/2026 14:13:40,19.83,101.654
03/01/2026 14:23:40,17.53,101.695
03/01/2026 14:33:40,15.36,101.741
03/01/2026 14:43:40,14.26,101.756
03/01/2026 14:53:40,12.91,101.786
03/01/2026 15:03:40,11.00,101.841
03/01/2026 15:13:40,9.41,101.867
03/01/2026 15:23:40,8.14,101.907
03/01/2026 15:33:40,7.47,101.923
03/01/2026 15:43:40,7.29,101.917
03/01/2026 15:53:40,7.10,101.932
03/01/2026 16:03:40,6.71,101.939
03/01/2026 16:13:40,5.66,101.992
03/01/2026 16:23:40,4.63,102.019
03/01/2026 16:33:40,3.66,102.080
03/01/2026 16:43:40,2.85,102.100
03/01/2026 16:53:40,2.22,102.123
03/01/2026 17:03:40,1.67,102.153
03/01/2026 17:13:40,1.18,102.178
03/01/2026 17:23:40,0.71,102.210
03/01/2026 17:33:40,0.26,102.247
03/01/2026 17:43:40,-0.18,102.272
03/01/2026 17:53:40,-0.61,102.302
03/01/2026 18:03:40,-0.95,102.336
03/01/2026 18:13:40,-1.31,102.355
03/01/2026 18:23:40,-1.67,102.381
03/01/2026 18:33:40,-2.05,102.406
03/01/2026 18:43:40,-2.45,102.411
03/01/2026 18:53:40,-2.89,102.435
03/01/2026 19:03:40,-3.31,102.464
03/01/2026 19:13:40,-3.62,102.485
03/01/2026 19:23:40,-3.90,102.484
03/01/2026 19:33:40,-4.19,102.503
03/01/2026 19:43:40,-4.50,102.525
03/01/2026 19:53:40,-4.80,102.539
03/01/2026 20:03:40,-5.04,102.536
03/01/2026 20:13:40,-5.23,102.557
03/01/2026 20:23:40,-5.36,102.579
03/01/2026 20:33:40,-5.55,102.603
03/01/2026 20:43:40,-5.79,102.627
03/01/2026 20:53:40,-6.04,102.636
03/01/2026 21:03:40,-6.27,102.670
03/01/2026 21:13:40,-6.47,102.688
03/01/2026 21:23:40,-6.67,102.712
03/01/2026 21:33:40,-6.84,102.729
03/01/2026 21:43:40,-6.93,102.745
03/01/2026 21:53:40,-6.94,102.736
03/01/2026 22:03:40,-6.93,102.759
03/01/2026 22:13:40,-7.01,102.777
03/01/2026 22:23:40,-7.14,102.785
03/01/2026 22:33:40,-7.33,102.809
03/01/2026 22:43:40,-7.55,102.825
03/01/2026 22:53:40,-7.69,102.837
03/01/2026 23:03:40,-7.76,102.852
03/01/2026 23:13:40,-7.86,102.867
03/01/2026 23:23:40,-8.03,102.884
03/01/2026 23:33:40,-8.25,102.896
03/01/2026 23:43:40,-8.43,102.903
03/01/2026 23:53:40,-8.60,102.929
03/02/2026 00:03:40,-8.81,102.955
03/02/2026 00:13:40,-9.03,102.975
03/02/2026 00:23:40,-9.25,103.000
03/02/2026 00:33:40,-9.41,103.022
03/02/2026 00:43:40,-9.58,103.042
03/02/2026 00:53:40,-9.78,103.056
03/02/2026 01:03:40,-9.96,103.067
03/02/2026 01:13:40,-10.11,103.090
03/02/2026 01:23:40,-10.29,103.105
03/02/2026 01:33:40,-10.49,103.127
03/02/2026 01:43:40,-10.70,103.135
03/02/2026 01:53:40,-10.88,103.137
03/02/2026 02:03:40,-11.03,103.147
03/02/2026 02:13:40,-11.17,103.131
03/02/2026 02:23:40,-11.27,103.142
03/02/2026 02:33:40,-11.38,103.138
03/02/2026 02:43:40,-11.53,103.160
03/02/2026 02:53:40,-11.72,103.162
03/02/2026 03:03:40,-11.90,103.176
03/02/2026 03:13:40,-12.09,103.190
03/02/2026 03:23:40,-12.27,103.200
03/02/2026 03:33:40,-12.45,103.206
03/02/2026 03:43:40,-12.63,103.213
03/02/2026 03:53:40,-12.78,103.230
03/02/2026 04:03:40,-12.92,103.223
03/02/2026 04:13:40,-13.08,103.239
03/02/2026 04:23:40,-13.26,103.233
03/02/2026 04:33:40,-13.44,103.256
03/02/2026 04:43:40,-13.58,103.266
03/02/2026 04:53:40,-13.68,103.263
03/02/2026 05:03:40,-13.81,103.296
03/02/2026 05:13:40,-13.94,103.281
03/02/2026 05:23:40,-14.03,103.305
03/02/2026 05:33:40,-14.10,103.333
03/02/2026 05:43:40,-14.14,103.327
03/02/2026 05:53:40,-14.18,103.341
03/02/2026 06:03:40,-14.20,103.356
03/02/2026 06:13:40,-14.24,103.378
03/02/2026 06:23:40,-14.29,103.390
03/02/2026 06:33:40,-14.33,103.402
03/02/2026 06:43:40,-14.35,103.413
03/02/2026 06:53:40,-14.30,103.419
03/02/2026 07:03:40,-14.15,103.440
03/02/2026 07:13:40,-13.89,103.471
03/02/2026 07:23:40,-13.48,103.491
03/02/2026 07:33:40,-12.97,103.515
03/02/2026 07:43:40,-12.35,103.560
03/02/2026 07:53:40,-11.58,103.571
03/02/2026 08:03:40,-10.64,103.575
03/02/2026 08:13:40,-9.48,103.558
03/02/2026 08:23:40,-8.27,103.556
03/02/2026 08:33:40,-7.15,103.566
03/02/2026 08:43:40,-5.97,103.549
03/02/2026 08:53:40,-4.20,103.527
03/02/2026 09:03:40,-1.73,103.472
03/02/2026 09:13:40,0.78,103.433
03/02/2026 09:23:40,3.48,103.380
03/02/2026 09:33:40,6.44,103.332
03/02/2026 09:43:40,8.85,103.310
03/02/2026 09:53:40,10.92,103.306
03/02/2026 10:03:40,11.94,103.324
03/02/2026 10:13:40,12.58,103.345
03/02/2026 10:23:40,13.98,103.321
03/02/2026 10:33:40,15.80,103.297
03/02/2026 10:43:40,17.66,103.270
03/02/2026 10:53:40,19.07,103.266
03/02/2026 11:03:40,19.45,103.269
03/02/2026 11:13:40,19.03,103.276
03/02/2026 11:23:40,19.27,103.252
03/02/2026 11:33:40,20.62,103.210
03/02/2026 11:43:40,21.94,103.190
03/02/2026 11:53:40,21.86,103.212
03/02/2026 12:03:40,20.42,103.224
03/02/2026 12:13:40,19.37,103.210
03/02/2026 12:23:40,18.55,103.196
03/02/2026 12:33:40,17.30,103.209
03/02/2026 12:43:40,16.46,103.169
03/02/2026 12:53:40,17.06,103.135
03/02/2026 13:03:40,18.62,103.085
03/02/2026 13:13:40,19.74,103.078
03/02/2026 13:23:40,21.06,103.051
03/02/2026 13:33:40,22.35,103.055
03/02/2026 13:43:40,22.00,103.087
03/02/2026 13:53:40,21.10,103.076
03/02/2026 14:03:40,18.95,103.116
03/02/2026 14:13:40,16.88,103.149
03/02/2026 14:23:40,14.22,103.165
03/02/2026 14:33:40,11.81,103.198
03/02/2026 14:43:40,10.82,103.166
03/02/2026 14:53:40,9.83,103.181
03/02/2026 15:03:40,8.22,103.211
03/02/2026 15:13:40,6.64,103.225
03/02/2026 15:23:40,5.49,103.228
03/02/2026 15:33:40,4.80,103.213
03/02/2026 15:43:40,4.71,103.205
03/02/2026 15:53:40,4.49,103.190
03/02/2026 16:03:40,3.88,103.217
03/02/2026 16:13:40,2.97,103.232
03/02/2026 16:23:40,2.04,103.254
03/02/2026 16:33:40,1.21,103.257
03/02/2026 16:43:40,0.44,103.255
03/02/2026 16:53:40,-0.23,103.268
03/02/2026 17:03:40,-0.80,103.245
03/02/2026 17:13:40,-1.32,103.278
03/02/2026 17:23:40,-1.86,103.305
03/02/2026 17:33:40,-2.46,103.322
03/02/2026 17:43:40,-3.08,103.331
03/02/2026 17:53:40,-3.69,103.341
03/02/2026 18:03:40,-4.28,103.343
03/02/2026 18:13:40,-4.83,103.353
03/02/2026 18:23:40,-5.31,103.340
03/02/2026 18:33:40,-5.72,103.359
03/02/2026 18:43:40,-6.08,103.370
03/02/2026 18:53:40,-6.43,103.377
03/02/2026 19:03:40,-6.74,103.376
03/02/2026 19:13:40,-7.00,103.380
03/02/2026 19:23:40,-7.29,103.385
03/02/2026 19:33:40,-7.56,103.395
03/02/2026 19:43:40,-7.83,103.398
03/02/2026 19:53:40,-8.07,103.403
03/02/2026 20:03:40,-8.29,103.414
03/02/2026 20:13:40,-8.53,103.410
03/02/2026 20:23:40,-8.75,103.422
03/02/2026 20:33:40,-8.94,103.436
03/02/2026 20:43:40,-9.15,103.427
03/02/2026 20:53:40,-9.34,103.442
03/02/2026 21:03:40,-9.54,103.459
03/02/2026 21:13:40,-9.70,103.450
03/02/2026 21:23:40,-9.89,103.443
03/02/2026 21:33:40,-10.07,103.441
03/02/2026 21:43:40,-10.25,103.434
03/02/2026 21:53:40,-10.41,103.421
03/02/2026 22:03:40,-10.57,103.416
03/02/2026 22:13:40,-10.71,103.427
03/02/2026 22:23:40,-10.87,103.410
03/02/2026 22:33:40,-10.99,103.435
03/02/2026 22:43:40,-11.14,103.446
03/02/2026 22:53:40,-11.28,103.438
03/02/2026 23:03:40,-11.44,103.425
03/02/2026 23:13:40,-11.59,103.409
03/02/2026 23:23:40,-11.72,103.402
03/02/2026 23:33:40,-11.86,103.400
03/02/2026 23:43:40,-11.97,103.396
03/02/2026 23:53:40,-12.08,103.392
03/03/2026 00:03:40,-12.21,103.391
03/03/2026 00:13:40,-12.32,103.396
03/03/2026 00:23:40,-12.42,103.398
03/03/2026 00:33:40,-12.50,103.397
03/03/2026 00:43:40,-12.56,103.408
03/03/2026 00:53:40,-12.63,103.401
03/03/2026 01:03:40,-12.68,103.407
03/03/2026 01:13:40,-12.74,103.406
03/03/2026 01:23:40,-12.80,103.407
03/03/2026 01:33:40,-12.88,103.402
03/03/2026 01:43:40,-12.97,103.397
03/03/2026 01:53:40,-13.03,103.389
03/03/2026 02:03:40,-13.09,103.401
03/03/2026 02:13:40,-13.14,103.373
03/03/2026 02:23:40,-13.22,103.378
03/03/2026 02:33:40,-13.29,103.360
03/03/2026 02:43:40,-13.37,103.338
03/03/2026 02:53:40,-13.45,103.329
03/03/2026 03:03:40,-13.54,103.319
03/03/2026 03:13:40,-13.64,103.324
03/03/2026 03:23:40,-13.73,103.323
03/03/2026 03:33:40,-13.81,103.318
03/03/2026 03:43:40,-13.89,103.300
03/03/2026 03:53:40,-13.95,103.285
03/03/2026 04:03:40,-14.00,103.304
03/03/2026 04:13:40,-14.05,103.295
03/03/2026 04:23:40,-14.11,103.283
03/03/2026 04:33:40,-14.15,103.287
03/03/2026 04:43:40,-14.19,103.279
03/03/2026 04:53:40,-14.22,103.270
03/03/2026 05:03:40,-14.27,103.282
03/03/2026 05:13:40,-14.29,103.289
03/03/2026 05:23:40,-14.33,103.306
03/03/2026 05:33:40,-14.40,103.316
03/03/2026 05:43:40,-14.48,103.306
03/03/2026 05:53:40,-14.57,103.318
03/03/2026 06:03:40,-14.58,103.264
03/03/2026 06:13:40,-14.25,103.258
03/03/2026 06:23:40,-13.84,103.293
03/03/2026 06:33:40,-13.41,103.303
03/03/2026 06:43:40,-12.98,103.308
03/03/2026 06:53:40,-12.51,103.322
03/03/2026 07:03:40,-11.97,103.318
03/03/2026 07:13:40,-11.46,103.331
03/03/2026 07:23:40,-10.97,103.328
03/03/2026 07:33:40,-10.52,103.338
03/03/2026 07:43:40,-10.05,103.333
03/03/2026 07:53:40,-9.54,103.336
03/03/2026 08:03:40,-8.94,103.358
03/03/2026 08:13:40,-8.37,103.370
03/03/2026 08:23:40,-7.81,103.386
03/03/2026 08:33:40,-7.27,103.404
03/03/2026 08:43:40,-6.65,103.376
03/03/2026 08:53:40,-5.94,103.362
03/03/2026 09:03:40,-5.31,103.396
03/03/2026 09:13:40,-4.85,103.377
03/03/2026 09:23:40,-4.45,103.387
03/03/2026 09:33:40,-4.06,103.387
03/03/2026 09:43:40,-3.69,103.332
03/03/2026 09:53:40,-3.18,103.290
03/03/2026 10:03:40,-2.53,103.306
03/03/2026 10:13:40,-2.11,103.320
03/03/2026 10:23:40,-1.86,103.358
03/03/2026 10:33:40,-1.69,103.287
03/03/2026 10:43:40,-1.52,103.254
03/03/2026 10:53:40,-1.45,103.283
03/03/2026 11:03:40,-1.55,103.256
03/03/2026 11:13:40,-1.61,103.246
03/03/2026 11:23:40,-1.61,103.232
03/03/2026 11:33:40,-1.61,103.232
03/03/2026 11:43:40,-1.66,103.228
03/03/2026 11:53:40,-1.58,103.210
03/03/2026 12:03:40,-1.40,103.178
03/03/2026 12:13:40,-1.13,103.160
03/03/2026 12:23:40,-0.91,103.150
03/03/2026 12:33:40,-0.70,103.121
03/03/2026 12:43:40,-0.45,103.119
03/03/2026 12:53:40,-0.27,103.096
03/03/2026 13:03:40,-0.14,103.052
03/03/2026 13:13:40,-0.04,103.043
03/03/2026 13:23:40,0.03,103.028
03/03/2026 13:33:40,0.06,103.030
03/03/2026 13:43:40,0.02,103.023
03/03/2026 13:53:40,-0.08,103.030
03/03/2026 14:03:40,-0.19,103.003
03/03/2026 14:13:40,-0.31,102.969
03/03/2026 14:23:40,-0.41,102.938
03/03/2026 14:33:40,-0.56,102.945
03/03/2026 14:43:40,-0.74,102.933
03/03/2026 14:53:40,-0.95,102.904
03/03/2026 15:03:40,-1.13,102.865
03/03/2026 15:13:40,-1.31,102.843
03/03/2026 15:23:40,-1.46,102.776
03/03/2026 15:33:40,-1.61,102.766
03/03/2026 15:43:40,-1.72,102.760
03/03/2026 15:53:40,-1.79,102.731
03/03/2026 16:03:40,-1.85,102.730
03/03/2026 16:13:40,-1.91,102.680
03/03/2026 16:23:40,-1.99,102.685
03/03/2026 16:33:40,-2.10,102.661
03/03/2026 16:43:40,-2.19,102.653
03/03/2026 16:53:40,-2.27,102.640
03/03/2026 17:03:40,-2.36,102.636
03/03/2026 17:13:40,-2.46,102.600
03/03/2026 17:23:40,-2.57,102.589
03/03/2026 17:33:40,-2.68,102.565
03/03/2026 17:43:40,-2.79,102.524
03/03/2026 17:53:40,-2.88,102.502
03/03/2026 18:03:40,-2.95,102.468
03/03/2026 18:13:40,-2.98,102.426
03/03/2026 18:23:40,-2.95,102.420
03/03/2026 18:33:40,-2.88,102.404
03/03/2026 18:43:40,-2.78,102.388
03/03/2026 18:53:40,-2.64,102.354
03/03/2026 19:03:40,-2.47,102.357
03/03/2026 19:13:40,-2.30,102.334
03/03/2026 19:23:40,-2.11,102.316
03/03/2026 19:33:40,-1.97,102.300
03/03/2026 19:43:40,-1.88,102.282
03/03/2026 19:53:40,-1.81,102.241
03/03/2026 20:03:40,-1.75,102.246
03/03/2026 20:13:40,-1.72,102.205
03/03/2026 20:23:40,-1.70,102.181
03/03/2026 20:33:40,-1.67,102.170
03/03/2026 20:43:40,-1.64,102.164
03/03/2026 20:53:40,-1.62,102.144
03/03/2026 21:03:40,-1.60,102.124
03/03/2026 21:13:40,-1.57,102.118
03/03/2026 21:23:40,-1.52,102.088
03/03/2026 21:33:40,-1.46,102.059
03/03/2026 21:43:40,-1.42,102.053
03/03/2026 21:53:40,-1.40,102.042
03/03/2026 22:03:40,-1.40,102.042
03/03/2026 22:13:40,-1.40,102.029
03/03/2026 22:23:40,-1.41,102.006
03/03/2026 22:33:40,-1.40,101.989
03/03/2026 22:43:40,-1.36,101.962
03/03/2026 22:53:40,-1.29,101.947
03/03/2026 23:03:40,-1.21,101.915
03/03/2026 23:13:40,-1.14,101.877
03/03/2026 23:23:40,-1.09,101.882
03/03/2026 23:33:40,-1.05,101.890
03/03/2026 23:43:40,-1.01,101.877
03/03/2026 23:53:40,-0.95,101.847
03/04/2026 00:03:40,-0.89,101.835
03/04/2026 00:13:40,-0.82,101.833
03/04/2026 00:23:40,-0.72,101.843
03/04/2026 00:33:40,-0.63,101.838
03/04/2026 00:43:40,-0.57,101.870
03/04/2026 00:53:40,-0.53,101.887
03/04/2026 01:03:40,-0.51,101.853
03/04/2026 01:13:40,-0.49,101.882
03/04/2026 01:23:40,-0.47,101.897
03/04/2026 01:33:40,-0.44,101.882
03/04/2026 01:43:40,-0.42,101.884
03/04/2026 01:53:40,-0.41,101.903
03/04/2026 02:03:40,-0.40,101.881
03/04/2026 02:13:40,-0.40,101.851
03/04/2026 02:23:40,-0.40,101.864
03/04/2026 02:33:40,-0.41,101.863
03/04/2026 02:43:40,-0.43,101.861
03/04/2026 02:53:40,-0.47,101.870
03/04/2026 03:03:40,-0.51,101.849
03/04/2026 03:13:40,-0.55,101.850
03/04/2026 03:23:40,-0.60,101.871
03/04/2026 03:33:40,-0.65,101.894
03/04/2026 03:43:40,-0.68,101.913
03/04/2026 03:53:40,-0.70,101.906
03/04/2026 04:03:40,-0.70,101.910
03/04/2026 04:13:40,-0.71,101.901
03/04/2026 04:23:40,-0.71,101.918
03/04/2026 04:33:40,-0.75,101.933
03/04/2026 04:43:40,-0.78,101.938
03/04/2026 04:53:40,-0.80,101.910
03/04/2026 05:03:40,-0.80,101.953
03/04/2026 05:13:40,-0.80,101.971
03/04/2026 05:23:40,-0.81,101.944
03/04/2026 05:33:40,-0.81,101.949
03/04/2026 05:43:40,-0.81,101.961
03/04/2026 05:53:40,-0.82,101.988
03/04/2026 06:03:40,-0.81,101.996
03/04/2026 06:13:40,-0.81,102.006
03/04/2026 06:23:40,-0.80,102.020
03/04/2026 06:33:40,-0.78,102.030
03/04/2026 06:43:40,-0.75,102.086
03/04/2026 06:53:40,-0.71,102.073
03/04/2026 07:03:40,-0.65,102.096
03/04/2026 07:13:40,-0.58,102.103
03/04/2026 07:23:40,-0.48,102.142
03/04/2026 07:33:40,-0.39,102.160
03/04/2026 07:43:40,-0.30,102.151
03/04/2026 07:53:40,-0.20,102.155
03/04/2026 08:03:40,-0.09,102.166
03/04/2026 08:13:40,0.08,102.200
03/04/2026 08:23:40,0.27,102.204
03/04/2026 08:33:40,0.44,102.203
03/04/2026 08:43:40,0.62,102.206
03/04/2026 08:53:40,0.76,102.210
03/04/2026 09:03:40,0.93,102.213
03/04/2026 09:13:40,1.13,102.249
03/04/2026 09:23:40,1.37,102.266
03/04/2026 09:33:40,1.60,102.279
03/04/2026 09:43:40,1.79,102.296
03/04/2026 09:53:40,2.01,102.294
03/04/2026 10:03:40,2.31,102.268
03/04/2026 10:13:40,2.71,102.251
03/04/2026 10:23:40,3.17,102.253
03/04/2026 10:33:40,3.57,102.239
03/04/2026 10:43:40,4.15,102.197
03/04/2026 10:53:40,4.87,102.186
03/04/2026 11:03:40,5.27,102.189
03/04/2026 11:13:40,5.53,102.180
03/04/2026 11:23:40,5.98,102.156
03/04/2026 11:33:40,7.19,102.067
03/04/2026 11:43:40,9.36,101.974
03/04/2026 11:53:40,10.86,101.976
03/04/2026 12:03:40,11.52,101.974
03/04/2026 12:13:40,11.61,101.972
03/04/2026 12:23:40,11.67,101.950
03/04/2026 12:33:40,12.11,101.922
03/04/2026 12:43:40,12.81,101.872
03/04/2026 12:53:40,14.74,101.804
03/04/2026 13:03:40,16.69,101.794
03/04/2026 13:13:40,17.58,101.779
03/04/2026 13:23:40,18.71,101.769
03/04/2026 13:33:40,19.51,101.767
03/04/2026 13:43:40,19.59,101.763
03/04/2026 13:53:40,19.56,101.779
03/04/2026 14:03:40,18.86,101.797
03/04/2026 14:13:40,17.74,101.820
03/04/2026 14:23:40,16.18,101.852
03/04/2026 14:33:40,14.88,101.831
03/04/2026 14:43:40,15.11,101.808
03/04/2026 14:53:40,14.78,101.811
03/04/2026 15:03:40,13.90,101.846
03/04/2026 15:13:40,12.80,101.858
03/04/2026 15:23:40,11.71,101.882
03/04/2026 15:33:40,11.07,101.887
03/04/2026 15:43:40,11.13,101.855
03/04/2026 15:53:40,11.25,101.851
03/04/2026 16:03:40,10.80,101.883
03/04/2026 16:13:40,9.97,101.889
03/04/2026 16:23:40,9.09,101.899
03/04/2026 16:33:40,8.22,101.922
03/04/2026 16:43:40,7.39,101.929
03/04/2026 16:53:40,6.60,101.935
03/04/2026 17:03:40,5.89,101.945
03/04/2026 17:13:40,5.20,101.971
03/04/2026 17:23:40,4.53,101.992
03/04/2026 17:33:40,3.88,101.984
03/04/2026 17:43:40,3.25,101.990
03/04/2026 17:53:40,2.61,102.013
03/04/2026 18:03:40,2.00,102.029
03/04/2026 18:13:40,1.43,102.047
03/04/2026 18:23:40,0.91,102.079
03/04/2026 18:33:40,0.46,102.068
03/04/2026 18:43:40,0.06,102.061
03/04/2026 18:53:40,-0.29,102.073
03/04/2026 19:03:40,-0.55,102.100
03/04/2026 19:13:40,-0.79,102.096
03/04/2026 19:23:40,-1.03,102.073
03/04/2026 19:33:40,-1.23,102.054
03/04/2026 19:43:40,-1.40,102.046
03/04/2026 19:53:40,-1.58,102.055
03/04/2026 20:03:40,-1.73,102.059
03/04/2026 20:13:40,-1.89,102.087
03/04/2026 20:23:40,-2.06,102.097
03/04/2026 20:33:40,-2.21,102.092
03/04/2026 20:43:40,-2.33,102.106
03/04/2026 20:53:40,-2.45,102.130
03/04/2026 21:03:40,-2.54,102.112
03/04/2026 21:13:40,-2.62,102.144
03/04/2026 21:23:40,-2.70,102.137
03/04/2026 21:33:40,-2.80,102.140
03/04/2026 21:43:40,-2.92,102.133
03/04/2026 21:53:40,-3.03,102.148
03/04/2026 22:03:40,-3.12,102.143
03/04/2026 22:13:40,-3.12,102.161
03/04/2026 22:23:40,-3.14,102.128
03/04/2026 22:33:40,-3.24,102.131
03/04/2026 22:43:40,-3.38,102.109
03/04/2026 22:53:40,-3.52,102.082
03/04/2026 23:03:40,-3.67,102.115
03/04/2026 23:13:40,-3.82,102.079
03/04/2026 23:23:40,-3.95,102.087
03/04/2026 23:33:40,-4.07,102.067
03/04/2026 23:43:40,-4.21,102.066
03/04/2026 23:53:40,-4.33,102.058
03/05/2026 00:03:40,-4.41,102.055
03/05/2026 00:13:40,-4.43,102.044
03/05/2026 00:23:40,-4.41,102.029
03/05/2026 00:33:40,-4.37,102.041
03/05/2026 00:43:40,-4.26,102.044
03/05/2026 00:53:40,-4.07,102.049
03/05/2026 01:03:40,-3.87,102.056
03/05/2026 01:13:40,-3.73,102.026
03/05/2026 01:23:40,-3.64,102.048
03/05/2026 01:33:40,-3.56,102.034
03/05/2026 01:43:40,-3.51,102.035
03/05/2026 01:53:40,-3.45,102.014
03/05/2026 02:03:40,-3.40,102.015
03/05/2026 02:13:40,-3.35,102.033
03/05/2026 02:23:40,-3.30,102.051
03/05/2026 02:33:40,-3.25,102.060
03/05/2026 02:43:40,-3.22,102.054
03/05/2026 02:53:40,-3.22,102.028
03/05/2026 03:03:40,-3.27,102.059
03/05/2026 03:13:40,-3.40,102.046
03/05/2026 03:23:40,-3.58,102.046
03/05/2026 03:33:40,-3.75,102.051
03/05/2026 03:43:40,-3.89,102.037
03/05/2026 03:53:40,-4.00,102.070
03/05/2026 04:03:40,-4.09,102.087
03/05/2026 04:13:40,-4.24,102.063
03/05/2026 04:23:40,-4.38,102.085
03/05/2026 04:33:40,-4.43,102.071
03/05/2026 04:43:40,-4.41,102.072
03/05/2026 04:53:40,-4.38,102.063
03/05/2026 05:03:40,-4.34,102.067
03/05/2026 05:13:40,-4.31,102.060
03/05/2026 05:23:40,-4.33,102.054
03/05/2026 05:33:40,-4.37,102.068
03/05/2026 05:43:40,-4.43,102.070
03/05/2026 05:53:40,-4.50,102.064
03/05/2026 06:03:40,-4.57,102.052
03/05/2026 06:13:40,-4.60,102.053
03/05/2026 06:23:40,-4.58,102.060
03/05/2026 06:33:40,-4.51,102.063
03/05/2026 06:43:40,-4.41,102.059
03/05/2026 06:53:40,-4.29,102.071
03/05/2026 07:03:40,-4.11,102.081
03/05/2026 07:13:40,-3.82,102.070
03/05/2026 07:23:40,-3.44,102.076
03/05/2026 07:33:40,-2.98,102.082
03/05/2026 07:43:40,-2.50,102.134
03/05/2026 07:53:40,-2.07,102.171
03/05/2026 08:03:40,-1.70,102.162
03/05/2026 08:13:40,-1.41,102.178
03/05/2026 08:23:40,-1.17,102.170
03/05/2026 08:33:40,-0.96,102.177
03/05/2026 08:43:40,-0.74,102.158
03/05/2026 08:53:40,-0.50,102.172
03/05/2026 09:03:40,-0.28,102.188
03/05/2026 09:13:40,-0.03,102.215
03/05/2026 09:23:40,0.25,102.246
03/05/2026 09:33:40,0.57,102.223
03/05/2026 09:43:40,0.89,102.240
03/05/2026 09:53:40,1.27,102.230
03/05/2026 10:03:40,1.67,102.237
03/05/2026 10:13:40,2.11,102.245
03/05/2026 10:23:40,2.49,102.262
03/05/2026 10:33:40,2.76,102.234
03/05/2026 10:43:40,3.04,102.223
03/05/2026 10:53:40,3.37,102.230
03/05/2026 11:03:40,3.71,102.251
03/05/2026 11:13:40,3.98,102.253
03/05/2026 11:23:40,4.18,102.262
03/05/2026 11:33:40,4.46,102.278
03/05/2026 11:43:40,4.87,102.265
03/05/2026 11:53:40,5.30,102.253
03/05/2026 12:03:40,5.88,102.232
03/05/2026 12:13:40,6.52,102.233
03/05/2026 12:23:40,7.15,102.197
03/05/2026 12:33:40,7.61,102.164
03/05/2026 12:43:40,7.87,102.137
03/05/2026 12:53:40,8.21,102.134
03/05/2026 13:03:40,8.52,102.128
03/05/2026 13:13:40,8.82,102.090
03/05/2026 13:23:40,9.23,102.097
03/05/2026 13:33:40,9.38,102.100
03/05/2026 13:43:40,9.35,102.092
03/05/2026 13:53:40,9.16,102.113
03/05/2026 14:03:40,9.02,102.133
03/05/2026 14:13:40,8.80,102.137
03/05/2026 14:23:40,8.59,102.160
03/05/2026 14:33:40,8.42,102.168
03/05/2026 14:43:40,8.31,102.164
03/05/2026 14:53:40,8.33,102.161
03/05/2026 15:03:40,8.42,102.168
03/05/2026 15:13:40,8.46,102.163
03/05/2026 15:23:40,8.51,102.162
03/05/2026 15:33:40,8.47,102.173
03/05/2026 15:43:40,8.36,102.177
03/05/2026 15:53:40,8.12,102.193
03/05/2026 16:03:40,7.76,102.212
03/05/2026 16:13:40,7.40,102.231
03/05/2026 16:23:40,7.04,102.250
03/05/2026 16:33:40,6.68,102.282
03/05/2026 16:43:40,6.28,102.292
03/05/2026 16:53:40,5.87,102.306
03/05/2026 17:03:40,5.45,102.323
03/05/2026 17:13:40,5.03,102.314
03/05/2026 17:23:40,4.64,102.346
03/05/2026 17:33:40,4.27,102.376
03/05/2026 17:43:40,3.94,102.374
03/05/2026 17:53:40,3.65,102.388
03/05/2026 18:03:40,3.40,102.379
03/05/2026 18:13:40,3.15,102.414
03/05/2026 18:23:40,2.93,102.408
03/05/2026 18:33:40,2.73,102.395
03/05/2026 18:43:40,2.55,102.400
03/05/2026 18:53:40,2.39,102.377
03/05/2026 19:03:40,2.25,102.412
03/05/2026 19:13:40,2.09,102.478
03/05/2026 19:23:40,1.94,102.552
03/05/2026 19:33:40,1.80,102.606
03/05/2026 19:43:40,1.67,102.594
03/05/2026 19:53:40,1.56,102.539
03/05/2026 20:03:40,1.47,102.505
03/05/2026 20:13:40,1.41,102.517
03/05/2026 20:23:40,1.34,102.528
03/05/2026 20:33:40,1.23,102.500
03/05/2026 20:43:40,1.10,102.511
03/05/2026 20:53:40,0.97,102.521
03/05/2026 21:03:40,0.86,102.554
03/05/2026 21:13:40,0.76,102.571
03/05/2026 21:23:40,0.67,102.585
03/05/2026 21:33:40,0.60,102.583
03/05/2026 21:43:40,0.55,102.565
03/05/2026 21:53:40,0.51,102.562
03/05/2026 22:03:40,0.49,102.537
03/05/2026 22:13:40,0.46,102.517
03/05/2026 22:23:40,0.44,102.502
03/05/2026 22:33:40,0.42,102.483
03/05/2026 22:43:40,0.41,102.464
03/05/2026 22:53:40,0.40,102.432
03/05/2026 23:03:40,0.39,102.458
03/05/2026 23:13:40,0.40,102.463
03/05/2026 23:23:40,0.41,102.522
03/05/2026 23:33:40,0.43,102.528
03/05/2026 23:43:40,0.43,102.524
03/05/2026 23:53:40,0.40,102.525
03/06/2026 00:03:40,0.35,102.534
03/06/2026 00:13:40,0.31,102.516
03/06/2026 00:23:40,0.26,102.499
03/06/2026 00:33:40,0.23,102.518
03/06/2026 00:43:40,0.20,102.466
03/06/2026 00:53:40,0.17,102.437
03/06/2026 01:03:40,0.16,102.432
03/06/2026 01:13:40,0.15,102.435
03/06/2026 01:23:40,0.14,102.452
03/06/2026 01:33:40,0.14,102.434
03/06/2026 01:43:40,0.13,102.447
03/06/2026 01:53:40,0.13,102.433
03/06/2026 02:03:40,0.12,102.424
03/06/2026 02:13:40,0.12,102.441
03/06/2026 02:23:40,0.11,102.432
03/06/2026 02:33:40,0.10,102.409
03/06/2026 02:43:40,0.09,102.399
03/06/2026 02:53:40,0.09,102.421
03/06/2026 03:03:40,0.08,102.393
03/06/2026 03:13:40,0.07,102.384
03/06/2026 03:23:40,0.06,102.397
03/06/2026 03:33:40,0.06,102.383
03/06/2026 03:43:40,0.06,102.413
03/06/2026 03:53:40,0.05,102.435
03/06/2026 04:03:40,0.05,102.439
03/06/2026 04:13:40,0.04,102.448
03/06/2026 04:23:40,0.04,102.443
03/06/2026 04:33:40,0.03,102.464
03/06/2026 04:43:40,0.03,102.468
03/06/2026 04:53:40,0.03,102.490
03/06/2026 05:03:40,0.03,102.494
03/06/2026 05:13:40,0.03,102.495
03/06/2026 05:23:40,0.03,102.548
03/06/2026 05:33:40,0.03,102.521
03/06/2026 05:43:40,0.03,102.494
03/06/2026 05:53:40,0.02,102.542
03/06/2026 06:03:40,0.02,102.568
03/06/2026 06:13:40,0.01,102.550
03/06/2026 06:23:40,0.01,102.545
03/06/2026 06:33:40,0.00,102.519
03/06/2026 06:43:40,0.00,102.536
03/06/2026 06:53:40,0.01,102.568
03/06/2026 07:03:40,0.02,102.586
03/06/2026 07:13:40,0.03,102.574
03/06/2026 07:23:40,0.05,102.572
03/06/2026 07:33:40,0.09,102.589
03/06/2026 07:43:40,0.15,102.586
03/06/2026 07:53:40,0.24,102.576
03/06/2026 08:03:40,0.37,102.601
03/06/2026 08:13:40,0.49,102.586
03/06/2026 08:23:40,0.60,102.597
03/06/2026 08:33:40,0.71,102.584
03/06/2026 08:43:40,0.82,102.599
03/06/2026 08:53:40,0.96,102.621
03/06/2026 09:03:40,1.11,102.644
03/06/2026 09:13:40,1.24,102.647
03/06/2026 09:23:40,1.32,102.650
03/06/2026 09:33:40,1.42,102.637
03/06/2026 09:43:40,1.58,102.665
03/06/2026 09:53:40,1.76,102.668
03/06/2026 10:03:40,1.92,102.674
03/06/2026 10:13:40,2.06,102.682
03/06/2026 10:23:40,2.19,102.694
03/06/2026 10:33:40,2.33,102.672
03/06/2026 10:43:40,2.53,102.650
03/06/2026 10:53:40,2.74,102.660
03/06/2026 11:03:40,2.84,102.696
03/06/2026 11:13:40,2.88,102.721
03/06/2026 11:23:40,2.89,102.717
03/06/2026 11:33:40,2.93,102.690
03/06/2026 11:43:40,3.06,102.679
03/06/2026 11:53:40,3.21,102.693
03/06/2026 12:03:40,3.30,102.710
03/06/2026 12:13:40,3.31,102.702
03/06/2026 12:23:40,3.33,102.708
03/06/2026 12:33:40,3.39,102.700
03/06/2026 12:43:40,3.54,102.713
03/06/2026 12:53:40,3.74,102.678
03/06/2026 13:03:40,3.99,102.687
03/06/2026 13:13:40,4.03,102.704
03/06/2026 13:23:40,3.96,102.728
03/06/2026 13:33:40,3.87,102.690
03/06/2026 13:43:40,3.95,102.674
03/06/2026 13:53:40,4.13,102.673
03/06/2026 14:03:40,4.31,102.649
03/06/2026 14:13:40,4.47,102.667
03/06/2026 14:23:40,4.51,102.653
03/06/2026 14:33:40,4.57,102.649
03/06/2026 14:43:40,4.50,102.656
03/06/2026 14:53:40,4.45,102.656
03/06/2026 15:03:40,4.41,102.653
03/06/2026 15:13:40,4.34,102.656
03/06/2026 15:23:40,4.28,102.646
03/06/2026 15:33:40,4.13,102.673
03/06/2026 15:43:40,4.00,102.697
03/06/2026 15:53:40,3.84,102.714
03/06/2026 16:03:40,3.65,102.697
03/06/2026 16:13:40,3.49,102.727
03/06/2026 16:23:40,3.30,102.754
03/06/2026 16:33:40,3.11,102.764
03/06/2026 16:43:40,2.90,102.767
03/06/2026 16:53:40,2.70,102.767
03/06/2026 17:03:40,2.52,102.764
03/06/2026 17:13:40,2.32,102.777
03/06/2026 17:23:40,2.12,102.754
03/06/2026 17:33:40,1.96,102.753
03/06/2026 17:43:40,1.81,102.752
03/06/2026 17:53:40,1.65,102.728
03/06/2026 18:03:40,1.48,102.744
03/06/2026 18:13:40,1.32,102.734
03/06/2026 18:23:40,1.18,102.730
03/06/2026 18:33:40,1.06,102.736
03/06/2026 18:43:40,0.95,102.757
03/06/2026 18:53:40,0.86,102.788
03/06/2026 19:03:40,0.78,102.781
03/06/2026 19:13:40,0.72,102.792
03/06/2026 19:23:40,0.66,102.809
03/06/2026 19:33:40,0.62,102.814
03/06/2026 19:43:40,0.59,102.807
03/06/2026 19:53:40,0.56,102.818
03/06/2026 20:03:40,0.53,102.819
03/06/2026 20:13:40,0.50,102.830
03/06/2026 20:23:40,0.47,102.849
03/06/2026 20:33:40,0.45,102.834
03/06/2026 20:43:40,0.43,102.806
03/06/2026 20:53:40,0.41,102.791
03/06/2026 21:03:40,0.40,102.763
03/06/2026 21:13:40,0.39,102.744
03/06/2026 21:23:40,0.39,102.683
03/06/2026 21:33:40,0.39,102.683
03/06/2026 21:43:40,0.40,102.692
03/06/2026 21:53:40,0.40,102.679
03/06/2026 22:03:40,0.39,102.674
03/06/2026 22:13:40,0.37,102.681
03/06/2026 22:23:40,0.36,102.671
03/06/2026 22:33:40,0.34,102.660
03/06/2026 22:43:40,0.32,102.649
03/06/2026 22:53:40,0.30,102.644
03/06/2026 23:03:40,0.29,102.638
03/06/2026 23:13:40,0.27,102.623
03/06/2026 23:23:40,0.25,102.595
03/06/2026 23:33:40,0.23,102.589
03/06/2026 23:43:40,0.22,102.544
03/06/2026 23:53:40,0.21,102.538
03/07/2026 00:03:40,0.20,102.559
03/07/2026 00:13:40,0.19,102.554
03/07/2026 00:23:40,0.18,102.566
03/07/2026 00:33:40,0.17,102.539
03/07/2026 00:43:40,0.16,102.538
03/07/2026 00:53:40,0.16,102.537
03/07/2026 01:03:40,0.15,102.524
03/07/2026 01:13:40,0.16,102.533
03/07/2026 01:23:40,0.16,102.520
03/07/2026 01:33:40,0.16,102.502
03/07/2026 01:43:40,0.15,102.484
03/07/2026 01:53:40,0.14,102.461
03/07/2026 02:03:40,0.14,102.430
03/07/2026 02:13:40,0.14,102.421
03/07/2026 02:23:40,0.14,102.417
03/07/2026 02:33:40,0.14,102.399
03/07/2026 02:43:40,0.14,102.368
03/07/2026 02:53:40,0.13,102.337
03/07/2026 03:03:40,0.13,102.328
03/07/2026 03:13:40,0.13,102.297
03/07/2026 03:23:40,0.14,102.285
03/07/2026 03:33:40,0.15,102.277
03/07/2026 03:43:40,0.15,102.273
03/07/2026 03:53:40,0.16,102.260
03/07/2026 04:03:40,0.16,102.269
03/07/2026 04:13:40,0.17,102.265
03/07/2026 04:23:40,0.18,102.279
03/07/2026 04:33:40,0.17,102.266
03/07/2026 04:43:40,0.17,102.226
03/07/2026 04:53:40,0.18,102.249
03/07/2026 05:03:40,0.19,102.227
03/07/2026 05:13:40,0.19,102.183
03/07/2026 05:23:40,0.19,102.166
03/07/2026 05:33:40,0.20,102.136
03/07/2026 05:43:40,0.21,102.119
03/07/2026 05:53:40,0.22,102.116
03/07/2026 06:03:40,0.24,102.091
03/07/2026 06:13:40,0.25,102.040
03/07/2026 06:23:40,0.27,102.033
03/07/2026 06:33:40,0.30,102.022
03/07/2026 06:43:40,0.35,102.004
03/07/2026 06:53:40,0.40,101.992
03/07/2026 07:03:40,0.47,102.007
03/07/2026 07:13:40,0.55,101.979
03/07/2026 07:23:40,0.64,101.970
03/07/2026 07:33:40,0.75,101.962
03/07/2026 07:43:40,0.90,101.954
03/07/2026 07:53:40,1.08,101.971
03/07/2026 08:03:40,1.25,101.942
03/07/2026 08:13:40,1.37,101.949
03/07/2026 08:23:40,1.54,101.924
03/07/2026 08:33:40,1.73,101.915
03/07/2026 08:43:40,1.91,101.905
03/07/2026 08:53:40,2.10,101.909
03/07/2026 09:03:40,2.25,101.875
03/07/2026 09:13:40,2.46,101.889
03/07/2026 09:23:40,2.73,101.892
03/07/2026 09:33:40,3.14,101.892
03/07/2026 09:43:40,3.57,101.873
03/07/2026 09:53:40,4.01,101.823
03/07/2026 10:03:40,4.36,101.788
03/07/2026 10:13:40,4.64,101.807
03/07/2026 10:23:40,4.86,101.765
03/07/2026 10:33:40,5.03,101.735
03/07/2026 10:43:40,5.18,101.730
03/07/2026 10:53:40,5.38,101.690
03/07/2026 11:03:40,5.79,101.686
03/07/2026 11:13:40,6.06,101.655
03/07/2026 11:23:40,6.38,101.629
03/07/2026 11:33:40,6.95,101.694
03/07/2026 11:43:40,7.28,101.624
03/07/2026 11:53:40,7.35,101.590
03/07/2026 12:03:40,7.33,101.571
03/07/2026 12:13:40,7.31,101.547
03/07/2026 12:23:40,7.33,101.508
03/07/2026 12:33:40,7.49,101.482
03/07/2026 12:43:40,7.62,101.440
03/07/2026 12:53:40,7.64,101.428
03/07/2026 13:03:40,7.63,101.391
03/07/2026 13:13:40,7.64,101.353
03/07/2026 13:23:40,7.60,101.323
03/07/2026 13:33:40,7.59,101.305
03/07/2026 13:43:40,7.63,101.282
03/07/2026 13:53:40,7.68,101.263
03/07/2026 14:03:40,7.73,101.241
03/07/2026 14:13:40,7.76,101.239
03/07/2026 14:23:40,7.78,101.223
03/07/2026 14:33:40,7.75,101.207
03/07/2026 14:43:40,7.74,101.175
03/07/2026 14:53:40,7.74,101.180
03/07/2026 15:03:40,7.74,101.180
03/07/2026 15:13:40,7.68,101.148
03/07/2026 15:23:40,7.59,101.154
03/07/2026 15:33:40,7.51,101.099
03/07/2026 15:43:40,7.41,101.100
03/07/2026 15:53:40,7.31,101.069
03/07/2026 16:03:40,7.18,101.036
03/07/2026 16:13:40,7.04,101.047
03/07/2026 16:23:40,6.85,101.018
03/07/2026 16:33:40,6.70,100.997
03/07/2026 16:43:40,6.59,100.992
03/07/2026 16:53:40,6.40,100.999
03/07/2026 17:03:40,6.18,100.984
03/07/2026 17:13:40,5.98,100.954
03/07/2026 17:23:40,5.79,100.983
03/07/2026 17:33:40,5.63,100.978
03/07/2026 17:43:40,5.49,100.970
03/07/2026 17:53:40,5.35,100.924
03/07/2026 18:03:40,5.24,100.944
03/07/2026 18:13:40,5.12,100.912
03/07/2026 18:23:40,5.03,100.922
03/07/2026 18:33:40,4.95,100.911
03/07/2026 18:43:40,4.88,100.918
03/07/2026 18:53:40,4.81,100.891
03/07/2026 19:03:40,4.77,100.882
03/07/2026 19:13:40,4.74,100.867
03/07/2026 19:23:40,4.72,100.825
03/07/2026 19:33:40,4.71,100.829
03/07/2026 19:43:40,4.70,100.788
03/07/2026 19:53:40,4.71,100.780
03/07/2026 20:03:40,4.70,100.762
03/07/2026 20:13:40,4.72,100.773
03/07/2026 20:23:40,4.72,100.754
03/07/2026 20:33:40,4.73,100.729
03/07/2026 20:43:40,4.75,100.726
03/07/2026 20:53:40,4.75,100.709
03/07/2026 21:03:40,4.77,100.701
03/07/2026 21:13:40,4.77,100.680
03/07/2026 21:23:40,4.78,100.675
03/07/2026 21:33:40,4.80,100.673
03/07/2026 21:43:40,4.83,100.751
03/07/2026 21:53:40,4.87,100.710
03/07/2026 22:03:40,4.92,100.697
03/07/2026 22:13:40,4.95,100.638
03/07/2026 22:23:40,5.00,100.611
03/07/2026 22:33:40,5.03,100.560
03/07/2026 22:43:40,5.05,100.580
03/07/2026 22:53:40,5.08,100.591
03/07/2026 23:03:40,5.08,100.569
03/07/2026 23:13:40,5.11,100.457
03/07/2026 23:23:40,5.16,100.435
03/07/2026 23:33:40,5.22,100.471
03/07/2026 23:43:40,5.25,100.468
03/07/2026 23:53:40,5.26,100.500
03/08/2026 00:03:40,5.29,100.481
03/08/2026 00:13:40,5.34,100.454
03/08/2026 00:23:40,5.37,100.417
03/08/2026 00:33:40,5.40,100.419
03/08/2026 00:43:40,5.44,100.418
03/08/2026 00:53:40,5.49,100.422
03/08/2026 01:03:40,5.53,100.400
03/08/2026 01:13:40,5.56,100.376
03/08/2026 01:23:40,5.62,100.354
03/08/2026 01:33:40,5.68,100.337
03/08/2026 01:43:40,5.73,100.297
03/08/2026 01:53:40,5.77,100.243
03/08/2026 03:03:40,5.82,100.229
03/08/2026 03:13:40,5.73,100.231
03/08/2026 03:23:40,5.50,100.243
03/08/2026 03:33:40,5.22,100.214
03/08/2026 03:43:40,4.94,100.230
03/08/2026 03:53:40,4.69,100.187
03/08/2026 04:03:40,4.49,100.179
03/08/2026 04:13:40,4.33,100.173
03/08/2026 04:23:40,4.15,100.202
03/08/2026 04:33:40,3.97,100.191
03/08/2026 04:43:40,3.82,100.196
03/08/2026 04:53:40,3.70,100.208
03/08/2026 05:03:40,3.60,100.181
03/08/2026 05:13:40,3.58,100.184
03/08/2026 05:23:40,3.68,100.214
03/08/2026 05:33:40,3.80,100.185
03/08/2026 05:43:40,4.05,100.136
03/08/2026 05:53:40,4.45,100.092
03/08/2026 06:03:40,4.79,100.107
03/08/2026 06:13:40,4.94,100.115
03/08/2026 06:23:40,4.96,100.113
03/08/2026 06:33:40,5.07,100.144
03/08/2026 06:43:40,5.22,100.153
03/08/2026 06:53:40,5.42,100.156
03/08/2026 07:03:40,5.55,100.167
03/08/2026 07:13:40,5.65,100.158
03/08/2026 07:23:40,5.65,100.145
03/08/2026 07:33:40,5.66,100.150
03/08/2026 07:43:40,5.65,100.167
03/08/2026 07:53:40,5.65,100.185
03/08/2026 08:03:40,5.58,100.214
03/08/2026 08:13:40,5.49,100.210
03/08/2026 08:23:40,5.54,100.210
03/08/2026 08:33:40,5.72,100.195
03/08/2026 08:43:40,5.91,100.215
03/08/2026 08:53:40,6.03,100.238
03/08/2026 09:03:40,6.06,100.250
03/08/2026 09:13:40,6.02,100.304
03/08/2026 09:23:40,5.93,100.345
03/08/2026 09:33:40,5.85,100.361
03/08/2026 09:43:40,5.83,100.341
03/08/2026 09:53:40,5.91,100.325
03/08/2026 10:03:40,6.23,100.308
03/08/2026 10:13:40,6.81,100.316
03/08/2026 10:23:40,7.30,100.308
03/08/2026 10:33:40,7.85,100.286
03/08/2026 10:43:40,8.34,100.272
03/08/2026 10:53:40,8.93,100.267
03/08/2026 11:03:40,9.71,100.284
03/08/2026 11:13:40,10.19,100.299
03/08/2026 11:23:40,10.34,100.306
03/08/2026 11:33:40,10.26,100.322
03/08/2026 11:43:40,10.11,100.324
03/08/2026 11:53:40,10.11,100.306
03/08/2026 12:03:40,10.40,100.284
03/08/2026 12:13:40,10.67,100.300
03/08/2026 12:23:40,10.83,100.317
03/08/2026 12:33:40,11.26,100.292
03/08/2026 12:43:40,11.97,100.288
03/08/2026 12:53:40,12.73,100.264
03/08/2026 13:03:40,13.89,100.238
03/08/2026 13:13:40,15.51,100.188
03/08/2026 13:23:40,17.18,100.146
03/08/2026 13:33:40,17.99,100.165
03/08/2026 13:43:40,18.62,100.166
03/08/2026 13:53:40,19.14,100.177
03/08/2026 14:03:40,19.13,100.167
03/08/2026 14:13:40,18.98,100.194
03/08/2026 14:23:40,19.29,100.168
03/08/2026 14:33:40,19.55,100.190
03/08/2026 14:43:40,19.56,100.190
03/08/2026 14:53:40,19.50,100.218
03/08/2026 15:03:40,19.52,100.223
03/08/2026 15:13:40,19.48,100.203
03/08/2026 15:23:40,19.40,100.225
03/08/2026 15:33:40,19.46,100.237
03/08/2026 15:43:40,19.20,100.238
03/08/2026 15:53:40,18.64,100.269
03/08/2026 16:03:40,18.00,100.299
03/08/2026 16:13:40,17.40,100.303
03/08/2026 16:23:40,16.83,100.314
03/08/2026 16:33:40,16.14,100.338
03/08/2026 16:43:40,15.63,100.325
03/08/2026 16:53:40,15.09,100.350
03/08/2026 17:03:40,14.53,100.337
03/08/2026 17:13:40,13.96,100.372
03/08/2026 17:23:40,13.42,100.377
03/08/2026 17:33:40,12.81,100.408
03/08/2026 17:43:40,12.14,100.434
03/08/2026 17:53:40,11.40,100.453
03/08/2026 18:03:40,10.66,100.495
03/08/2026 18:13:40,9.93,100.500
03/08/2026 18:23:40,9.19,100.526
03/08/2026 18:33:40,8.47,100.544
03/08/2026 18:43:40,7.84,100.547
03/08/2026 18:53:40,7.25,100.578
03/08/2026 19:03:40,6.64,100.603
03/08/2026 19:13:40,6.02,100.618
03/08/2026 19:23:40,5.40,100.618
03/08/2026 19:33:40,4.79,100.650
03/08/2026 19:43:40,4.22,100.680
03/08/2026 19:53:40,3.68,100.687
03/08/2026 20:03:40,3.19,100.710
03/08/2026 20:13:40,2.74,100.749
03/08/2026 20:23:40,2.31,100.760
03/08/2026 20:33:40,1.94,100.784
03/08/2026 20:43:40,1.60,100.789
03/08/2026 20:53:40,1.30,100.783
03/08/2026 21:03:40,1.01,100.792
03/08/2026 21:13:40,0.75,100.808
03/08/2026 21:23:40,0.53,100.818
03/08/2026 21:33:40,0.32,100.830
03/08/2026 21:43:40,0.12,100.851
03/08/2026 21:53:40,-0.05,100.857
03/08/2026 22:03:40,-0.20,100.843
03/08/2026 22:13:40,-0.32,100.854
03/08/2026 22:23:40,-0.46,100.855
03/08/2026 22:33:40,-0.58,100.878
03/08/2026 22:43:40,-0.72,100.887
03/08/2026 22:53:40,-0.86,100.878
03/08/2026 23:03:40,-0.99,100.879
03/08/2026 23:13:40,-1.10,100.895
03/08/2026 23:23:40,-1.22,100.915
03/08/2026 23:33:40,-1.32,100.922
03/08/2026 23:43:40,-1.36,100.936
03/08/2026 23:53:40,-1.39,100.951
03/09/2026 00:03:40,-1.44,100.969
03/09/2026 00:13:40,-1.53,100.956
03/09/2026 00:23:40,-1.62,100.978
03/09/2026 00:33:40,-1.73,100.989
03/09/2026 00:43:40,-1.86,101.017
03/09/2026 00:53:40,-1.96,101.007
03/09/2026 01:03:40,-2.06,101.010
03/09/2026 01:13:40,-2.16,101.001
03/09/2026 01:23:40,-2.23,101.016
03/09/2026 01:33:40,-2.33,101.050
03/09/2026 01:43:40,-2.42,101.077
03/09/2026 01:53:40,-2.51,101.059
03/09/2026 02:03:40,-2.60,101.069
03/09/2026 02:13:40,-2.68,101.069
03/09/2026 02:23:40,-2.79,101.072
03/09/2026 02:33:40,-2.89,101.075
03/09/2026 02:43:40,-2.98,101.075
03/09/2026 02:53:40,-3.10,101.081
03/09/2026 03:03:40,-3.21,101.079
03/09/2026 03:13:40,-3.30,101.084
03/09/2026 03:23:40,-3.35,101.065
03/09/2026 03:33:40,-3.39,101.079
03/09/2026 03:43:40,-3.43,101.070
03/09/2026 03:53:40,-3.47,101.067
03/09/2026 04:03:40,-3.53,101.083
03/09/2026 04:13:40,-3.59,101.099
03/09/2026 04:23:40,-3.64,101.085
03/09/2026 04:33:40,-3.69,101.124
03/09/2026 04:43:40,-3.75,101.123
03/09/2026 04:53:40,-3.82,101.129
03/09/2026 05:03:40,-3.87,101.133
03/09/2026 05:13:40,-3.91,101.138
03/09/2026 05:23:40,-3.91,101.156
03/09/2026 05:33:40,-3.90,101.152
03/09/2026 05:43:40,-3.94,101.166
03/09/2026 05:53:40,-4.00,101.190
03/09/2026 06:03:40,-4.06,101.197
03/09/2026 06:13:40,-4.12,101.218
03/09/2026 06:23:40,-4.17,101.217
03/09/2026 06:33:40,-4.20,101.197
03/09/2026 06:43:40,-4.22,101.199
03/09/2026 06:53:40,-4.22,101.231
03/09/2026 07:03:40,-4.22,101.238
03/09/2026 07:13:40,-4.24,101.245
03/09/2026 07:23:40,-4.25,101.276
03/09/2026 07:33:40,-4.22,101.309
03/09/2026 07:43:40,-4.13,101.309
03/09/2026 07:53:40,-3.94,101.293
03/09/2026 08:03:40,-3.57,101.316
03/09/2026 08:13:40,-3.07,101.309
03/09/2026 08:23:40,-2.47,101.314
03/09/2026 08:33:40,-1.87,101.306
03/09/2026 08:43:40,-1.18,101.310
03/09/2026 08:53:40,-0.39,101.301
03/09/2026 09:03:40,0.41,101.292
03/09/2026 09:13:40,1.38,101.288
03/09/2026 09:23:40,2.42,101.294
03/09/2026 09:33:40,3.52,101.277
03/09/2026 09:43:40,5.01,101.256
03/09/2026 09:53:40,7.13,101.209
03/09/2026 10:03:40,9.92,101.146
03/09/2026 10:13:40,13.28,101.081
03/09/2026 10:23:40,16.57,101.065
03/09/2026 10:33:40,19.46,101.051
03/09/2026 10:43:40,22.04,101.074
03/09/2026 10:53:40,24.74,101.057
03/09/2026 11:03:40,27.32,101.081
03/09/2026 11:13:40,29.55,101.100
03/09/2026 11:23:40,31.23,101.104
03/09/2026 11:33:40,33.03,101.114
03/09/2026 11:43:40,34.54,101.116
03/09/2026 11:53:40,35.18,101.106
03/09/2026 12:03:40,36.22,101.108
03/09/2026 12:13:40,37.32,101.123
03/09/2026 12:23:40,37.94,101.123
03/09/2026 12:33:40,38.39,101.104
03/09/2026 12:43:40,38.60,101.093
03/09/2026 12:53:40,39.17,101.086
03/09/2026 13:03:40,39.85,101.069
03/09/2026 13:13:40,39.70,101.055
03/09/2026 13:23:40,38.59,101.025
03/09/2026 13:33:40,37.01,101.003
03/09/2026 13:43:40,36.22,100.982
03/09/2026 13:53:40,36.24,100.942
03/09/2026 14:03:40,36.44,100.923
03/09/2026 14:13:40,36.76,100.904
03/09/2026 14:23:40,37.13,100.895
03/09/2026 14:33:40,37.39,100.892
03/09/2026 14:43:40,37.32,100.871
03/09/2026 14:53:40,36.75,100.863
03/09/2026 15:03:40,35.52,100.824
03/09/2026 15:13:40,33.46,100.819
03/09/2026 15:23:40,31.27,100.783
03/09/2026 15:33:40,29.83,100.760
03/09/2026 15:43:40,29.79,100.749
03/09/2026 15:53:40,29.47,100.729
03/09/2026 16:03:40,28.84,100.738
03/09/2026 16:13:40,27.12,100.744
03/09/2026 16:23:40,25.26,100.720
03/09/2026 16:33:40,23.75,100.715
03/09/2026 16:43:40,22.78,100.707
03/09/2026 16:53:40,22.21,100.683
03/09/2026 17:03:40,21.44,100.681
03/09/2026 17:13:40,20.45,100.687
03/09/2026 17:23:40,19.54,100.683
03/09/2026 17:33:40,18.64,100.683
03/09/2026 17:43:40,17.73,100.681
03/09/2026 17:53:40,16.88,100.668
03/09/2026 18:03:40,16.11,100.674
03/09/2026 18:13:40,15.31,100.693
03/09/2026 18:23:40,14.51,100.708
03/09/2026 18:33:40,13.63,100.716
03/09/2026 18:43:40,12.74,100.726
03/09/2026 18:53:40,11.86,100.732
03/09/2026 19:03:40,11.05,100.746
03/09/2026 19:13:40,10.27,100.775
03/09/2026 19:23:40,9.50,100.798
03/09/2026 19:33:40,8.74,100.853
03/09/2026 19:43:40,8.11,100.864
03/09/2026 19:53:40,7.71,100.868
03/09/2026 20:03:40,7.57,100.883
03/09/2026 20:13:40,7.44,100.885
03/09/2026 20:23:40,7.20,100.884
03/09/2026 20:33:40,6.91,100.895
03/09/2026 20:43:40,6.57,100.911
03/09/2026 20:53:40,6.19,100.937
03/09/2026 21:03:40,5.78,100.946
03/09/2026 21:13:40,5.38,100.948
03/09/2026 21:23:40,5.00,100.968
03/09/2026 21:33:40,4.60,100.969
03/09/2026 21:43:40,4.24,100.996
03/09/2026 21:53:40,3.91,100.998
03/09/2026 22:03:40,3.60,101.015
03/09/2026 22:13:40,3.30,101.033
03/09/2026 22:23:40,3.02,101.030
03/09/2026 22:33:40,2.74,101.054
03/09/2026 22:43:40,2.45,101.063
03/09/2026 22:53:40,2.16,101.064
03/09/2026 23:03:40,1.88,101.078
03/09/2026 23:13:40,1.63,101.091
03/09/2026 23:23:40,1.40,101.083
03/09/2026 23:33:40,1.19,101.082
03/09/2026 23:43:40,1.01,101.078
03/09/2026 23:53:40,0.85,101.073
03/10/2026 00:03:40,0.70,101.081
03/10/2026 00:13:40,0.56,101.090
03/10/2026 00:23:40,0.41,101.099
03/10/2026 00:33:40,0.27,101.103
03/10/2026 00:43:40,0.14,101.109
03/10/2026 00:53:40,0.02,101.106
03/10/2026 01:03:40,-0.09,101.109
03/10/2026 01:13:40,-0.21,101.107
03/10/2026 01:23:40,-0.32,101.101
03/10/2026 01:33:40,-0.42,101.109
03/10/2026 01:43:40,-0.53,101.108
03/10/2026 01:53:40,-0.64,101.102
03/10/2026 02:03:40,-0.75,101.105
03/10/2026 02:13:40,-0.86,101.108
03/10/2026 02:23:40,-0.96,101.107
03/10/2026 02:33:40,-1.05,101.115
03/10/2026 02:43:40,-1.15,101.133
03/10/2026 02:53:40,-1.24,101.106
03/10/2026 03:03:40,-1.34,101.110
03/10/2026 03:13:40,-1.44,101.114
03/10/2026 03:23:40,-1.54,101.104
03/10/2026 03:33:40,-1.63,101.100
03/10/2026 03:43:40,-1.70,101.097
03/10/2026 03:53:40,-1.77,101.117
03/10/2026 04:03:40,-1.86,101.109
03/10/2026 04:13:40,-1.94,101.110
03/10/2026 04:23:40,-2.02,101.097
03/10/2026 04:33:40,-2.11,101.102
03/10/2026 04:43:40,-2.19,101.094
03/10/2026 04:53:40,-2.28,101.121
03/10/2026 05:03:40,-2.37,101.122
03/10/2026 05:13:40,-2.45,101.114
03/10/2026 05:23:40,-2.52,101.120
03/10/2026 05:33:40,-2.59,101.126
03/10/2026 05:43:40,-2.66,101.111
03/10/2026 05:53:40,-2.72,101.114
03/10/2026 06:03:40,-2.79,101.120
03/10/2026 06:13:40,-2.85,101.127
03/10/2026 06:23:40,-2.92,101.134
03/10/2026 06:33:40,-2.97,101.138
03/10/2026 06:43:40,-3.01,101.143
03/10/2026 06:53:40,-3.06,101.156
03/10/2026 07:03:40,-3.10,101.173
03/10/2026 07:13:40,-3.14,101.170
03/10/2026 07:23:40,-3.16,101.177
03/10/2026 07:33:40,-3.15,101.195
03/10/2026 07:43:40,-3.06,101.213
03/10/2026 07:53:40,-2.86,101.227
03/10/2026 08:03:40,-2.56,101.221
03/10/2026 08:13:40,-2.14,101.231
03/10/2026 08:23:40,-1.65,101.226
03/10/2026 08:33:40,-1.13,101.236
03/10/2026 08:43:40,-0.52,101.245
03/10/2026 08:53:40,0.22,101.208
03/10/2026 09:03:40,1.21,101.185
03/10/2026 09:13:40,2.48,101.207
03/10/2026 09:23:40,3.91,101.201
03/10/2026 09:33:40,5.39,101.187
03/10/2026 09:43:40,7.27,101.154
03/10/2026 09:53:40,9.66,101.126
03/10/2026 10:03:40,12.57,101.109
03/10/2026 10:13:40,15.68,101.066
03/10/2026 10:23:40,18.70,101.042
03/10/2026 10:33:40,21.80,101.064
03/10/2026 10:43:40,24.50,101.074
03/10/2026 10:53:40,26.72,101.085
03/10/2026 11:03:40,28.76,101.061
03/10/2026 11:13:40,30.70,101.057
03/10/2026 11:23:40,32.65,101.030
03/10/2026 11:33:40,34.51,101.025
03/10/2026 11:43:40,35.57,101.019
03/10/2026 11:53:40,36.34,101.004
03/10/2026 12:03:40,36.83,101.001
03/10/2026 12:13:40,37.34,100.980
03/10/2026 12:23:40,37.94,100.939
03/10/2026 12:33:40,38.64,100.942
03/10/2026 12:43:40,38.95,100.917
03/10/2026 12:53:40,39.26,100.919
03/10/2026 13:03:40,39.26,100.918
03/10/2026 13:13:40,39.43,100.897
03/10/2026 13:23:40,39.36,100.864
03/10/2026 13:33:40,39.07,100.835
03/10/2026 13:43:40,38.72,100.814
03/10/2026 13:53:40,40.03,100.819
03/10/2026 14:03:40,41.67,100.827
03/10/2026 14:13:40,42.91,100.819
03/10/2026 14:23:40,43.89,100.797
03/10/2026 14:33:40,44.60,100.794
03/10/2026 14:43:40,44.81,100.786
03/10/2026 14:53:40,44.16,100.782
03/10/2026 15:03:40,42.86,100.764
03/10/2026 15:13:40,40.52,100.727
03/10/2026 15:23:40,38.05,100.722
03/10/2026 15:33:40,36.59,100.713
03/10/2026 15:43:40,35.95,100.706
03/10/2026 15:53:40,34.97,100.720
03/10/2026 16:03:40,33.92,100.695
03/10/2026 16:13:40,32.33,100.688
03/10/2026 16:23:40,30.67,100.684
03/10/2026 16:33:40,28.98,100.682
03/10/2026 16:43:40,27.88,100.658
03/10/2026 16:53:40,26.77,100.645
03/10/2026 17:03:40,25.63,100.655
03/10/2026 17:13:40,24.53,100.648
03/10/2026 17:23:40,23.41,100.669
03/10/2026 17:33:40,22.25,100.685
03/10/2026 17:43:40,21.11,100.710
03/10/2026 17:53:40,19.94,100.722
03/10/2026 18:03:40,18.82,100.730
03/10/2026 18:13:40,17.75,100.763
03/10/2026 18:23:40,16.73,100.778
03/10/2026 18:33:40,15.78,100.793
03/10/2026 18:43:40,14.85,100.817
03/10/2026 18:53:40,13.95,100.837
03/10/2026 19:03:40,12.97,100.868
03/10/2026 19:13:40,11.98,100.879
03/10/2026 19:23:40,11.07,100.894
03/10/2026 19:33:40,10.26,100.929
03/10/2026 19:43:40,9.51,100.945
03/10/2026 19:53:40,8.82,100.970
03/10/2026 20:03:40,8.20,100.991
03/10/2026 20:13:40,7.68,101.011
03/10/2026 20:23:40,7.22,101.031
03/10/2026 20:33:40,6.83,101.043
03/10/2026 20:43:40,6.54,101.015
03/10/2026 20:53:40,6.34,101.029
03/10/2026 21:03:40,6.14,101.056
03/10/2026 21:13:40,5.89,101.035
03/10/2026 21:23:40,5.61,101.047
03/10/2026 21:33:40,5.32,101.053
03/10/2026 21:43:40,5.04,101.082
03/10/2026 21:53:40,4.75,101.075
03/10/2026 22:03:40,4.46,101.081
03/10/2026 22:13:40,4.20,101.098
03/10/2026 22:23:40,3.96,101.078
03/10/2026 22:33:40,3.75,101.107
03/10/2026 22:43:40,3.57,101.100
03/10/2026 22:53:40,3.40,101.116
03/10/2026 23:03:40,3.23,101.101
03/10/2026 23:13:40,3.05,101.112
03/10/2026 23:23:40,2.92,101.110
03/10/2026 23:33:40,2.84,101.137
03/10/2026 23:43:40,2.73,101.155
03/10/2026 23:53:40,2.64,101.155
03/11/2026 00:03:40,2.55,101.138
03/11/2026 00:13:40,2.46,101.165
03/11/2026 00:23:40,2.35,101.152
03/11/2026 00:33:40,2.23,101.141
03/11/2026 00:43:40,2.12,101.140
03/11/2026 00:53:40,2.02,101.144
03/11/2026 01:03:40,1.92,101.148
03/11/2026 01:13:40,1.81,101.129
03/11/2026 01:23:40,1.72,101.134
03/11/2026 01:33:40,1.64,101.136
03/11/2026 01:43:40,1.55,101.141
03/11/2026 01:53:40,1.45,101.145
03/11/2026 02:03:40,1.34,101.162
03/11/2026 02:13:40,1.24,101.161
03/11/2026 02:23:40,1.14,101.152
03/11/2026 02:33:40,1.06,101.158
03/11/2026 02:43:40,1.01,101.188
03/11/2026 02:53:40,1.01,101.189
03/11/2026 03:03:40,1.12,101.181
03/11/2026 03:13:40,1.31,101.190
03/11/2026 03:23:40,1.49,101.193
03/11/2026 03:33:40,1.63,101.166
03/11/2026 03:43:40,1.76,101.169
03/11/2026 03:53:40,1.87,101.152
03/11/2026 04:03:40,1.92,101.130
03/11/2026 04:13:40,1.92,101.139
03/11/2026 04:23:40,1.88,101.153
03/11/2026 04:33:40,1.86,101.156
03/11/2026 04:43:40,1.89,101.145
03/11/2026 04:53:40,1.97,101.148
03/11/2026 05:03:40,2.08,101.123
03/11/2026 05:13:40,2.19,101.123
03/11/2026 05:23:40,2.27,101.131
03/11/2026 05:33:40,2.33,101.141
03/11/2026 05:43:40,2.37,101.140
03/11/2026 05:53:40,2.39,101.124
03/11/2026 06:03:40,2.38,101.123
03/11/2026 06:13:40,2.36,101.143
03/11/2026 06:23:40,2.34,101.132
03/11/2026 06:33:40,2.34,101.115
03/11/2026 06:43:40,2.36,101.112
03/11/2026 06:53:40,2.38,101.119
03/11/2026 07:03:40,2.45,101.125
03/11/2026 07:13:40,2.56,101.135
03/11/2026 07:23:40,2.66,101.130
03/11/2026 07:33:40,2.74,101.116
03/11/2026 07:43:40,2.84,101.133
03/11/2026 07:53:40,2.96,101.157
03/11/2026 08:03:40,3.16,101.157
03/11/2026 08:13:40,3.52,101.184
03/11/2026 08:23:40,4.04,101.172
03/11/2026 08:33:40,4.60,101.194
03/11/2026 08:43:40,5.11,101.190
03/11/2026 08:53:40,5.69,101.173
03/11/2026 09:03:40,6.67,101.180
03/11/2026 09:13:40,7.80,101.154
03/11/2026 09:23:40,9.13,101.145
03/11/2026 09:33:40,10.91,101.129
03/11/2026 09:43:40,12.09,101.117
03/11/2026 09:53:40,12.74,101.166
03/11/2026 10:03:40,13.25,101.172
03/11/2026 10:13:40,13.49,101.181
03/11/2026 10:23:40,13.81,101.173
03/11/2026 10:33:40,15.49,101.111
03/11/2026 10:43:40,18.03,101.088
03/11/2026 10:53:40,20.04,101.062
03/11/2026 11:03:40,21.42,101.054
03/11/2026 11:13:40,23.40,101.029
03/11/2026 11:23:40,25.16,101.031
03/11/2026 11:33:40,26.10,101.016
03/11/2026 11:43:40,27.62,100.989
03/11/2026 11:53:40,29.92,100.957
03/11/2026 12:03:40,31.77,100.923
03/11/2026 12:13:40,32.73,100.908
03/11/2026 12:23:40,34.17,100.916
03/11/2026 12:33:40,35.49,100.890
03/11/2026 12:43:40,36.49,100.857
03/11/2026 12:53:40,37.04,100.829
03/11/2026 13:03:40,36.92,100.798
03/11/2026 13:13:40,36.45,100.734
03/11/2026 13:23:40,35.83,100.692
03/11/2026 13:33:40,35.38,100.648
03/11/2026 13:43:40,35.64,100.653
03/11/2026 13:53:40,36.38,100.593
03/11/2026 14:03:40,36.98,100.566
03/11/2026 14:13:40,37.62,100.541
03/11/2026 14:23:40,37.94,100.561
03/11/2026 14:33:40,37.19,100.489
03/11/2026 14:43:40,37.62,100.442
03/11/2026 14:53:40,37.53,100.407
03/11/2026 15:03:40,35.60,100.346
03/11/2026 15:13:40,33.46,100.303
03/11/2026 15:23:40,31.35,100.272
03/11/2026 15:33:40,30.81,100.234
03/11/2026 15:43:40,30.06,100.211
03/11/2026 15:53:40,28.12,100.219
03/11/2026 16:03:40,26.34,100.198
03/11/2026 16:13:40,24.59,100.174
03/11/2026 16:23:40,23.08,100.159
03/11/2026 16:33:40,21.83,100.112
03/11/2026 16:43:40,20.78,100.079
03/11/2026 16:53:40,19.72,100.103
03/11/2026 17:03:40,18.80,100.124
03/11/2026 17:13:40,17.90,100.105
03/11/2026 17:23:40,16.94,100.099
03/11/2026 17:33:40,15.96,100.104
03/11/2026 17:43:40,14.97,100.106
03/11/2026 17:53:40,14.14,100.114
03/11/2026 18:03:40,13.60,100.115
03/11/2026 18:13:40,13.45,100.091
03/11/2026 18:23:40,13.70,100.069
03/11/2026 18:33:40,14.05,100.050
03/11/2026 18:43:40,14.29,100.063
03/11/2026 18:53:40,14.48,100.027
03/11/2026 19:03:40,14.72,100.022
03/11/2026 19:13:40,14.90,100.017
03/11/2026 19:23:40,15.00,100.006
03/11/2026 19:33:40,15.06,99.975
03/11/2026 19:43:40,15.08,99.972
03/11/2026 19:53:40,15.07,99.953
03/11/2026 20:03:40,15.04,99.969
03/11/2026 20:13:40,14.93,99.957
03/11/2026 20:23:40,14.79,99.911
03/11/2026 20:33:40,14.61,99.938
03/11/2026 20:43:40,14.44,99.918
03/11/2026 20:53:40,14.38,99.905
03/11/2026 21:03:40,14.40,99.902
03/11/2026 21:13:40,14.42,99.908
03/11/2026 21:23:40,14.44,99.914
03/11/2026 21:33:40,14.45,99.910
03/11/2026 21:43:40,14.45,99.892
03/11/2026 21:53:40,14.42,99.868
03/11/2026 22:03:40,14.39,99.879
03/11/2026 22:13:40,14.37,99.855
03/11/2026 22:23:40,14.33,99.857
03/11/2026 22:33:40,14.29,99.832
03/11/2026 22:43:40,14.26,99.816
03/11/2026 22:53:40,14.20,99.781
03/11/2026 23:03:40,14.07,99.808
03/11/2026 23:13:40,13.92,99.796
03/11/2026 23:23:40,13.79,99.792
03/11/2026 23:33:40,13.71,99.706
03/11/2026 23:43:40,13.66,99.756
03/11/2026 23:53:40,13.56,99.771
03/12/2026 00:03:40,13.54,99.725
03/12/2026 00:13:40,13.62,99.664
03/12/2026 00:23:40,13.73,99.628
03/12/2026 00:33:40,13.83,99.582
03/12/2026 00:43:40,13.92,99.579
03/12/2026 00:53:40,13.97,99.565
03/12/2026 01:03:40,14.02,99.547
03/12/2026 01:13:40,14.06,99.514
03/12/2026 01:23:40,14.06,99.531
03/12/2026 01:33:40,14.02,99.533
03/12/2026 01:43:40,13.96,99.556
03/12/2026 01:53:40,13.88,99.523
03/12/2026 02:03:40,13.84,99.529
03/12/2026 02:13:40,13.79,99.516
03/12/2026 02:23:40,13.75,99.501
03/12/2026 02:33:40,13.72,99.499
03/12/2026 02:43:40,13.68,99.500
03/12/2026 02:53:40,13.67,99.464
03/12/2026 03:03:40,13.70,99.417
03/12/2026 03:13:40,13.77,99.373
03/12/2026 03:23:40,13.87,99.358
03/12/2026 03:33:40,13.95,99.364
03/12/2026 03:43:40,14.04,99.326
03/12/2026 03:53:40,14.09,99.312
03/12/2026 04:03:40,14.08,99.320
03/12/2026 04:13:40,14.04,99.286
03/12/2026 04:23:40,14.01,99.257
03/12/2026 04:33:40,14.00,99.217
03/12/2026 04:43:40,14.03,99.237
03/12/2026 04:53:40,14.06,99.199
03/12/2026 05:03:40,14.02,99.178
03/12/2026 05:13:40,13.88,99.204
03/12/2026 05:23:40,13.69,99.190
03/12/2026 05:33:40,13.51,99.200
03/12/2026 05:43:40,13.33,99.178
03/12/2026 05:53:40,13.19,99.194
03/12/2026 06:03:40,13.04,99.237
03/12/2026 06:13:40,12.95,99.248
03/12/2026 06:23:40,12.83,99.372
03/12/2026 06:33:40,12.72,99.399
03/12/2026 06:43:40,12.50,99.423
03/12/2026 06:53:40,12.10,99.455
03/12/2026 07:03:40,11.57,99.523
03/12/2026 07:13:40,11.06,99.569
03/12/2026 07:23:40,10.60,99.609
03/12/2026 07:33:40,10.13,99.657
03/12/2026 07:43:40,9.65,99.682
03/12/2026 07:53:40,9.14,99.726
03/12/2026 08:03:40,8.58,99.783
03/12/2026 08:13:40,8.10,99.833
03/12/2026 08:23:40,7.72,99.851
03/12/2026 08:33:40,7.39,99.913
03/12/2026 08:43:40,7.04,99.942
03/12/2026 08:53:40,6.69,99.905
03/12/2026 09:03:40,6.46,99.907
03/12/2026 09:13:40,6.28,99.963
03/12/2026 09:23:40,6.10,100.006
03/12/2026 09:33:40,6.00,100.001
03/12/2026 09:43:40,5.95,100.033
03/12/2026 09:53:40,5.82,100.101
03/12/2026 10:03:40,5.72,100.146
03/12/2026 10:13:40,5.56,100.146
03/12/2026 10:23:40,5.50,100.171
03/12/2026 10:33:40,5.44,100.167
03/12/2026 10:43:40,5.50,100.180
03/12/2026 10:53:40,5.43,100.193
03/12/2026 11:03:40,5.44,100.184
03/12/2026 11:13:40,5.51,100.128
03/12/2026 11:23:40,5.57,100.129
03/12/2026 11:33:40,5.48,100.174
03/12/2026 11:43:40,5.36,100.147
03/12/2026 11:53:40,5.31,100.121
03/12/2026 12:03:40,5.26,100.125
03/12/2026 12:13:40,5.22,100.175
03/12/2026 12:23:40,5.16,100.156
03/12/2026 12:33:40,5.05,100.196
03/12/2026 12:43:40,4.97,100.224
03/12/2026 12:53:40,5.05,100.239
03/12/2026 13:03:40,5.13,100.255
03/12/2026 13:13:40,5.21,100.257
03/12/2026 13:23:40,5.28,100.233
03/12/2026 13:33:40,5.36,100.235
03/12/2026 13:43:40,5.40,100.194
03/12/2026 13:53:40,5.36,100.196
03/12/2026 14:03:40,5.31,100.173
03/12/2026 14:13:40,5.30,100.142
03/12/2026 14:23:40,5.23,100.167
03/12/2026 14:33:40,5.14,100.195
03/12/2026 14:43:40,5.10,100.182
03/12/2026 14:53:40,5.02,100.118
03/12/2026 15:03:40,4.92,100.123
03/12/2026 15:13:40,4.77,100.189
03/12/2026 15:23:40,4.65,100.205
03/12/2026 15:33:40,4.55,100.219
03/12/2026 15:43:40,4.53,100.209
03/12/2026 15:53:40,4.52,100.203
03/12/2026 16:03:40,4.53,100.177
03/12/2026 16:13:40,4.50,100.162
03/12/2026 16:23:40,4.44,100.197
03/12/2026 16:33:40,4.30,100.198
03/12/2026 16:43:40,4.04,100.255
03/12/2026 16:53:40,3.80,100.252
03/12/2026 17:03:40,3.69,100.286
03/12/2026 17:13:40,3.66,100.261
03/12/2026 17:23:40,3.63,100.259
03/12/2026 17:33:40,3.56,100.306
03/12/2026 17:43:40,3.44,100.335
03/12/2026 17:53:40,3.29,100.335
03/12/2026 18:03:40,3.12,100.386
03/12/2026 18:13:40,2.92,100.399
03/12/2026 18:23:40,2.73,100.409
03/12/2026 18:33:40,2.56,100.434
03/12/2026 18:43:40,2.39,100.454
03/12/2026 18:53:40,2.20,100.446
03/12/2026 19:03:40,2.01,100.468
03/12/2026 19:13:40,1.85,100.476
03/12/2026 19:23:40,1.69,100.501
03/12/2026 19:33:40,1.53,100.504
03/12/2026 19:43:40,1.37,100.529
03/12/2026 19:53:40,1.24,100.553
03/12/2026 20:03:40,1.11,100.546
03/12/2026 20:13:40,1.00,100.588
03/12/2026 20:23:40,0.88,100.599
03/12/2026 20:33:40,0.77,100.633
03/12/2026 20:43:40,0.67,100.655
03/12/2026 20:53:40,0.53,100.665
03/12/2026 21:03:40,0.32,100.685
03/12/2026 21:13:40,0.08,100.685
03/12/2026 21:23:40,-0.16,100.728
03/12/2026 21:33:40,-0.40,100.741
03/12/2026 21:43:40,-0.59,100.758
03/12/2026 21:53:40,-0.80,100.782
03/12/2026 22:03:40,-1.00,100.795
03/12/2026 22:13:40,-1.16,100.823
03/12/2026 22:23:40,-1.24,100.820
03/12/2026 22:33:40,-1.23,100.803
03/12/2026 22:43:40,-1.23,100.803
03/12/2026 22:53:40,-1.25,100.797
03/12/2026 23:03:40,-1.32,100.817
03/12/2026 23:13:40,-1.40,100.823
03/12/2026 23:23:40,-1.43,100.815
03/12/2026 23:33:40,-1.47,100.838
03/12/2026 23:43:40,-1.53,100.837
03/12/2026 23:53:40,-1.58,100.845
03/13/2026 00:03:40,-1.73,100.875
03/13/2026 00:13:40,-1.87,100.875
03/13/2026 00:23:40,-1.96,100.892
03/13/2026 00:33:40,-2.02,100.913
03/13/2026 00:43:40,-2.09,100.915
03/13/2026 00:53:40,-2.18,100.924
03/13/2026 01:03:40,-2.23,100.932
03/13/2026 01:13:40,-2.19,100.927
03/13/2026 01:23:40,-2.25,100.953
03/13/2026 01:33:40,-2.41,100.964
03/13/2026 01:43:40,-2.58,100.987
03/13/2026 01:53:40,-2.69,100.994
03/13/2026 02:03:40,-2.57,100.992
03/13/2026 02:13:40,-2.41,100.999
03/13/2026 02:23:40,-2.30,101.005
03/13/2026 02:33:40,-2.21,101.018
03/13/2026 02:43:40,-2.18,101.038
03/13/2026 02:53:40,-2.28,101.046
03/13/2026 03:03:40,-2.46,101.055
03/13/2026 03:13:40,-2.65,101.063
03/13/2026 03:23:40,-2.82,101.078
03/13/2026 03:33:40,-2.92,101.059
03/13/2026 03:43:40,-2.99,101.074
03/13/2026 03:53:40,-2.99,101.074
03/13/2026 04:03:40,-2.95,101.087
03/13/2026 04:13:40,-2.93,101.107
03/13/2026 04:23:40,-2.93,101.115
03/13/2026 04:33:40,-2.93,101.133
03/13/2026 04:43:40,-3.01,101.120
03/13/2026 04:53:40,-3.20,101.124
03/13/2026 05:03:40,-3.44,101.113
03/13/2026 05:13:40,-3.72,101.135
03/13/2026 05:23:40,-3.98,101.161
03/13/2026 05:33:40,-4.15,101.184
03/13/2026 05:43:40,-4.25,101.187
03/13/2026 05:53:40,-4.36,101.203
03/13/2026 06:03:40,-4.51,101.205
03/13/2026 06:13:40,-4.69,101.236
03/13/2026 06:23:40,-4.88,101.238
03/13/2026 06:33:40,-5.08,101.250
03/13/2026 06:43:40,-5.25,101.285
03/13/2026 06:53:40,-5.42,101.308
03/13/2026 07:03:40,-5.60,101.355
03/13/2026 07:13:40,-5.74,101.332
03/13/2026 07:23:40,-5.83,101.367
03/13/2026 07:33:40,-5.85,101.391
03/13/2026 07:43:40,-5.78,101.394
03/13/2026 07:53:40,-5.60,101.399
03/13/2026 08:03:40,-5.27,101.411
03/13/2026 08:13:40,-4.83,101.410
03/13/2026 08:23:40,-4.29,101.443
03/13/2026 08:33:40,-3.67,101.429
03/13/2026 08:43:40,-2.95,101.443
03/13/2026 08:53:40,-2.11,101.442
03/13/2026 09:03:40,-1.07,101.457
03/13/2026 09:13:40,0.19,101.466
03/13/2026 09:23:40,1.64,101.467
03/13/2026 09:33:40,3.14,101.434
03/13/2026 09:43:40,4.92,101.390
03/13/2026 09:53:40,7.26,101.353
03/13/2026 10:03:40,9.77,101.342
03/13/2026 10:13:40,12.49,101.280
03/13/2026 10:23:40,15.03,101.238
03/13/2026 10:33:40,17.43,101.221
03/13/2026 10:43:40,19.14,101.218
03/13/2026 10:53:40,20.19,101.250
03/13/2026 11:03:40,21.00,101.273
03/13/2026 11:13:40,21.45,101.257
03/13/2026 11:23:40,21.64,101.281
03/13/2026 11:33:40,21.52,101.306
03/13/2026 11:43:40,21.79,101.299
03/13/2026 11:53:40,22.71,101.270
03/13/2026 12:03:40,23.01,101.221
03/13/2026 12:13:40,23.56,101.217
03/13/2026 12:23:40,23.24,101.225
03/13/2026 12:33:40,22.17,101.229
03/13/2026 12:43:40,20.28,101.259
03/13/2026 12:53:40,18.14,101.255
03/13/2026 13:03:40,16.08,101.267
03/13/2026 13:13:40,14.50,101.222
03/13/2026 13:23:40,13.26,101.222
03/13/2026 13:33:40,12.38,101.223
03/13/2026 13:43:40,11.73,101.205
03/13/2026 13:53:40,11.15,101.179
03/13/2026 14:03:40,10.49,101.159
03/13/2026 14:13:40,9.83,101.130
03/13/2026 14:23:40,9.39,101.099
03/13/2026 14:33:40,9.71,101.041
03/13/2026 14:43:40,10.70,101.003
03/13/2026 14:53:40,11.79,100.971
03/13/2026 15:03:40,11.67,100.983
03/13/2026 15:13:40,10.85,101.000
03/13/2026 15:23:40,9.86,100.986
03/13/2026 15:33:40,8.93,101.037
03/13/2026 15:43:40,8.27,101.028
03/13/2026 15:53:40,7.66,101.049
03/13/2026 16:03:40,7.04,101.043
03/13/2026 16:13:40,6.44,101.024
03/13/2026 16:23:40,5.92,101.016
03/13/2026 16:33:40,5.47,100.969
03/13/2026 16:43:40,5.10,100.929
03/13/2026 16:53:40,4.78,100.914
03/13/2026 17:03:40,4.51,100.865
03/13/2026 17:13:40,4.30,100.811
03/13/2026 17:23:40,4.11,100.760
03/13/2026 17:33:40,3.92,100.862
03/13/2026 17:43:40,3.69,100.917
03/13/2026 17:53:40,3.50,100.896
03/13/2026 18:03:40,3.35,100.848
03/13/2026 18:13:40,3.24,100.869
03/13/2026 18:23:40,3.17,100.875
03/13/2026 18:33:40,3.08,100.894
03/13/2026 18:43:40,2.98,100.894
03/13/2026 18:53:40,2.90,100.847
03/13/2026 19:03:40,2.81,100.875
03/13/2026 19:13:40,2.73,100.855
03/13/2026 19:23:40,2.65,100.856
03/13/2026 19:33:40,2.57,100.867
03/13/2026 19:43:40,2.48,100.850
03/13/2026 19:53:40,2.38,100.827
03/13/2026 20:03:40,2.22,100.778
03/13/2026 20:13:40,1.98,100.823
03/13/2026 20:23:40,1.75,100.797
03/13/2026 20:33:40,1.52,100.790
03/13/2026 20:43:40,1.30,100.806
03/13/2026 20:53:40,1.12,100.793
03/13/2026 21:03:40,0.95,100.782
03/13/2026 21:13:40,0.79,100.776
03/13/2026 21:23:40,0.66,100.751
03/13/2026 21:33:40,0.54,100.740
03/13/2026 21:43:40,0.46,100.719
03/13/2026 21:53:40,0.41,100.719
03/13/2026 22:03:40,0.38,100.703
03/13/2026 22:13:40,0.41,100.710
03/13/2026 22:23:40,0.57,100.685
03/13/2026 22:33:40,0.78,100.669
03/13/2026 22:43:40,0.97,100.656
03/13/2026 22:53:40,1.14,100.645
03/13/2026 23:03:40,1.29,100.637
03/13/2026 23:13:40,1.43,100.623
03/13/2026 23:23:40,1.53,100.610
03/13/2026 23:33:40,1.63,100.597
03/13/2026 23:43:40,1.69,100.554
03/13/2026 23:53:40,1.73,100.540
03/14/2026 00:03:40,1.78,100.544
03/14/2026 00:13:40,1.81,100.516
03/14/2026 00:23:40,1.75,100.475
03/14/2026 00:33:40,1.55,100.476
03/14/2026 00:43:40,1.32,100.476
03/14/2026 00:53:40,1.12,100.467
03/14/2026 01:03:40,0.95,100.443
03/14/2026 01:13:40,0.82,100.431
03/14/2026 01:23:40,0.71,100.425
03/14/2026 01:33:40,0.59,100.388
03/14/2026 01:43:40,0.42,100.399
03/14/2026 01:53:40,0.23,100.390
03/14/2026 02:03:40,-0.08,100.370
03/14/2026 02:13:40,-0.52,100.360
03/14/2026 02:23:40,-0.98,100.352
03/14/2026 02:33:40,-1.44,100.309
03/14/2026 02:43:40,-1.81,100.317
03/14/2026 02:53:40,-2.16,100.306
03/14/2026 03:03:40,-2.47,100.303
03/14/2026 03:13:40,-2.73,100.273
03/14/2026 03:23:40,-2.96,100.272
03/14/2026 03:33:40,-3.15,100.280
03/14/2026 03:43:40,-3.33,100.272
03/14/2026 03:53:40,-3.50,100.290
03/14/2026 04:03:40,-3.64,100.250
03/14/2026 04:13:40,-3.74,100.262
03/14/2026 04:23:40,-3.82,100.259
03/14/2026 04:33:40,-3.87,100.259
03/14/2026 04:43:40,-3.92,100.267
03/14/2026 04:53:40,-3.96,100.289
03/14/2026 05:03:40,-3.99,100.295
03/14/2026 05:13:40,-3.98,100.283
03/14/2026 05:23:40,-3.92,100.271
03/14/2026 05:33:40,-3.79,100.257
03/14/2026 05:43:40,-3.69,100.249
03/14/2026 05:53:40,-3.65,100.254
03/14/2026 06:03:40,-3.63,100.238
03/14/2026 06:13:40,-3.58,100.243
03/14/2026 06:23:40,-3.50,100.250
03/14/2026 06:33:40,-3.37,100.255
03/14/2026 06:43:40,-3.16,100.271
03/14/2026 06:53:40,-2.87,100.294
03/14/2026 07:03:40,-2.60,100.286
03/14/2026 07:13:40,-2.34,100.284
03/14/2026 07:23:40,-2.11,100.301
03/14/2026 07:33:40,-1.81,100.295
03/14/2026 07:43:40,-1.48,100.296
03/14/2026 07:53:40,-1.23,100.297
03/14/2026 08:03:40,-0.98,100.299
03/14/2026 08:13:40,-0.63,100.301
03/14/2026 08:23:40,-0.24,100.325
03/14/2026 08:33:40,0.13,100.346
03/14/2026 08:43:40,0.42,100.368
03/14/2026 08:53:40,0.68,100.370
03/14/2026 09:03:40,1.32,100.366
03/14/2026 09:13:40,2.32,100.359
03/14/2026 09:23:40,3.58,100.369
03/14/2026 09:33:40,4.98,100.366
03/14/2026 09:43:40,6.79,100.377
03/14/2026 09:53:40,7.72,100.413
03/14/2026 10:03:40,7.68,100.471
03/14/2026 10:13:40,7.10,100.535
03/14/2026 10:23:40,6.31,100.575
03/14/2026 10:33:40,5.58,100.590
03/14/2026 10:43:40,5.15,100.593
03/14/2026 10:53:40,4.94,100.593
03/14/2026 11:03:40,4.96,100.589
03/14/2026 11:13:40,5.04,100.592
03/14/2026 11:23:40,4.95,100.628
03/14/2026 11:33:40,4.85,100.656
03/14/2026 11:43:40,4.76,100.710
03/14/2026 11:53:40,4.74,100.721
03/14/2026 12:03:40,4.78,100.720
03/14/2026 12:13:40,4.79,100.725
03/14/2026 12:23:40,4.89,100.725
03/14/2026 12:33:40,5.09,100.755
03/14/2026 12:43:40,5.23,100.771
03/14/2026 12:53:40,5.19,100.804
03/14/2026 13:03:40,5.12,100.829
03/14/2026 13:13:40,5.07,100.838
03/14/2026 13:23:40,5.04,100.844
03/14/2026 13:33:40,5.07,100.877
03/14/2026 13:43:40,5.08,100.865
03/14/2026 13:53:40,5.19,100.887
03/14/2026 14:03:40,5.42,100.876
03/14/2026 14:13:40,5.65,100.856
03/14/2026 14:23:40,5.91,100.865
03/14/2026 14:33:40,6.38,100.886
03/14/2026 14:43:40,7.21,100.880
03/14/2026 14:53:40,8.94,100.864
03/14/2026 15:03:40,10.80,100.886
03/14/2026 15:13:40,11.04,100.953
03/14/2026 15:23:40,10.32,101.048
03/14/2026 15:33:40,9.39,101.082
03/14/2026 15:43:40,8.58,101.137
03/14/2026 15:53:40,8.04,101.134
03/14/2026 16:03:40,7.57,101.188
03/14/2026 16:13:40,7.09,101.232
03/14/2026 16:23:40,6.68,101.243
03/14/2026 16:33:40,6.40,101.255
03/14/2026 16:43:40,6.17,101.284
03/14/2026 16:53:40,5.85,101.315
03/14/2026 17:03:40,5.45,101.329
03/14/2026 17:13:40,5.42,101.353
03/14/2026 17:23:40,5.44,101.351
03/14/2026 17:33:40,5.48,101.385
03/14/2026 17:43:40,5.57,101.388
03/14/2026 17:53:40,5.50,101.439
03/14/2026 18:03:40,5.30,101.484
03/14/2026 18:13:40,5.05,101.507
03/14/2026 18:23:40,4.76,101.553
03/14/2026 18:33:40,4.40,101.580
03/14/2026 18:43:40,4.03,101.622
03/14/2026 18:53:40,3.53,101.662
03/14/2026 19:03:40,2.88,101.684
03/14/2026 19:13:40,2.20,101.715
03/14/2026 19:23:40,1.58,101.738
03/14/2026 19:33:40,1.08,101.763
03/14/2026 19:43:40,0.63,101.784
03/14/2026 19:53:40,0.21,101.815
03/14/2026 20:03:40,-0.19,101.862
03/14/2026 20:13:40,-0.58,101.909
03/14/2026 20:23:40,-0.95,101.922
03/14/2026 20:33:40,-1.26,101.976
03/14/2026 20:43:40,-1.58,102.007
03/14/2026 20:53:40,-1.86,102.029
03/14/2026 21:03:40,-2.09,102.041
03/14/2026 21:13:40,-2.24,102.036
03/14/2026 21:23:40,-2.30,102.061
03/14/2026 21:33:40,-2.28,102.093
03/14/2026 21:43:40,-2.13,102.122
03/14/2026 21:53:40,-1.82,102.112
03/14/2026 22:03:40,-1.40,102.126
03/14/2026 22:13:40,-1.05,102.128
03/14/2026 22:23:40,-0.80,102.157
03/14/2026 22:33:40,-0.49,102.172
03/14/2026 22:43:40,-0.22,102.193
03/14/2026 22:53:40,0.00,102.228
03/14/2026 23:03:40,0.15,102.207
03/14/2026 23:13:40,0.27,102.244
03/14/2026 23:23:40,0.33,102.228
03/14/2026 23:33:40,0.22,102.226
03/14/2026 23:43:40,-0.03,102.247
03/14/2026 23:53:40,-0.33,102.271
03/15/2026 00:03:40,-0.58,102.248
03/15/2026 00:13:40,-0.73,102.264
03/15/2026 00:23:40,-0.87,102.264
03/15/2026 00:33:40,-1.03,102.285
03/15/2026 00:43:40,-1.26,102.315
03/15/2026 00:53:40,-1.63,102.324
03/15/2026 01:03:40,-2.06,102.352
03/15/2026 01:13:40,-2.51,102.336
03/15/2026 01:23:40,-2.93,102.307
03/15/2026 01:33:40,-3.28,102.347
03/15/2026 01:43:40,-3.57,102.371
03/15/2026 01:53:40,-3.84,102.415
03/15/2026 02:03:40,-4.10,102.403
03/15/2026 02:13:40,-4.34,102.413
03/15/2026 02:23:40,-4.57,102.421
03/15/2026 02:33:40,-4.77,102.454
03/15/2026 02:43:40,-4.96,102.430
03/15/2026 02:53:40,-5.15,102.459
03/15/2026 03:03:40,-5.30,102.453
03/15/2026 03:13:40,-5.37,102.472
03/15/2026 03:23:40,-5.32,102.486
03/15/2026 03:33:40,-5.30,102.505
03/15/2026 03:43:40,-5.32,102.508
03/15/2026 03:53:40,-5.34,102.511
03/15/2026 04:03:40,-5.33,102.551
03/15/2026 04:13:40,-5.32,102.543
03/15/2026 04:23:40,-5.19,102.556
03/15/2026 04:33:40,-4.97,102.561
03/15/2026 04:43:40,-4.71,102.583
03/15/2026 04:53:40,-4.50,102.595
03/15/2026 05:03:40,-4.36,102.640
03/15/2026 05:13:40,-4.28,102.657
03/15/2026 05:23:40,-4.21,102.699
03/15/2026 05:33:40,-4.13,102.720
03/15/2026 05:43:40,-4.01,102.728
03/15/2026 05:53:40,-3.89,102.727
03/15/2026 06:03:40,-3.78,102.738
03/15/2026 06:13:40,-3.69,102.685
03/15/2026 06:23:40,-3.67,102.705
03/15/2026 06:33:40,-3.76,102.726
03/15/2026 06:43:40,-3.89,102.723
03/15/2026 06:53:40,-3.91,102.755
03/15/2026 07:03:40,-3.89,102.793
03/15/2026 07:13:40,-3.78,102.800
03/15/2026 07:23:40,-3.61,102.799
03/15/2026 07:33:40,-3.40,102.802
03/15/2026 07:43:40,-3.16,102.790
03/15/2026 07:53:40,-2.90,102.838
03/15/2026 08:03:40,-2.57,102.853
03/15/2026 08:13:40,-2.18,102.847
03/15/2026 08:23:40,-1.75,102.866
03/15/2026 08:33:40,-1.36,102.878
03/15/2026 08:43:40,-0.98,102.870
03/15/2026 08:53:40,-0.57,102.896
03/15/2026 09:03:40,-0.10,102.910
03/15/2026 09:13:40,0.45,102.922
03/15/2026 09:23:40,0.90,102.906
03/15/2026 09:33:40,1.37,102.910
03/15/2026 09:43:40,1.94,102.887
03/15/2026 09:53:40,2.64,102.867
03/15/2026 10:03:40,3.59,102.885
03/15/2026 10:13:40,4.18,102.876
03/15/2026 10:23:40,4.79,102.858
03/15/2026 10:33:40,5.36,102.860
03/15/2026 10:43:40,5.93,102.855
03/15/2026 10:53:40,6.30,102.865
03/15/2026 11:03:40,6.46,102.847
03/15/2026 11:13:40,6.70,102.867
03/15/2026 11:23:40,6.97,102.872
03/15/2026 11:33:40,6.97,102.850
03/15/2026 11:43:40,7.03,102.811
03/15/2026 11:53:40,7.26,102.807
03/15/2026 12:03:40,7.52,102.807
03/15/2026 12:13:40,7.82,102.806
03/15/2026 12:23:40,8.30,102.783
03/15/2026 12:33:40,8.79,102.761
03/15/2026 12:43:40,9.26,102.741
03/15/2026 12:53:40,9.86,102.700
03/15/2026 13:03:40,10.47,102.686
03/15/2026 13:13:40,10.81,102.678
03/15/2026 13:23:40,11.32,102.642
03/15/2026 13:33:40,11.89,102.658
03/15/2026 13:43:40,11.92,102.665
03/15/2026 13:53:40,11.84,102.628
03/15/2026 14:03:40,11.71,102.627
03/15/2026 14:13:40,11.49,102.592
03/15/2026 14:23:40,11.50,102.562
03/15/2026 14:33:40,11.53,102.574
03/15/2026 14:43:40,11.24,102.568
03/15/2026 14:53:40,10.95,102.546
03/15/2026 15:03:40,10.82,102.536
03/15/2026 15:13:40,10.83,102.493
03/15/2026 15:23:40,10.63,102.486
03/15/2026 15:33:40,10.33,102.511
03/15/2026 15:43:40,10.05,102.498
03/15/2026 15:53:40,9.78,102.490
03/15/2026 16:03:40,9.66,102.467
03/15/2026 16:13:40,9.59,102.453
03/15/2026 16:23:40,9.57,102.464
03/15/2026 16:33:40,9.48,102.480
03/15/2026 16:43:40,9.26,102.467
03/15/2026 16:53:40,9.02,102.447
03/15/2026 17:03:40,8.73,102.433
03/15/2026 17:13:40,8.43,102.426
03/15/2026 17:23:40,8.11,102.427
03/15/2026 17:33:40,7.80,102.432
03/15/2026 17:43:40,7.50,102.430
03/15/2026 17:53:40,7.18,102.465
03/15/2026 18:03:40,6.83,102.476
03/15/2026 18:13:40,6.48,102.464
03/15/2026 18:23:40,6.16,102.473
03/15/2026 18:33:40,5.90,102.499
03/15/2026 18:43:40,5.66,102.487
03/15/2026 18:53:40,5.43,102.494
03/15/2026 19:03:40,5.22,102.480
03/15/2026 19:13:40,5.03,102.482
03/15/2026 19:23:40,4.88,102.478
03/15/2026 19:33:40,4.74,102.487
03/15/2026 19:43:40,4.61,102.490
03/15/2026 19:53:40,4.48,102.452
03/15/2026 20:03:40,4.36,102.467
03/15/2026 20:13:40,4.24,102.448
03/15/2026 20:23:40,4.12,102.425
03/15/2026 20:33:40,4.01,102.402
03/15/2026 20:43:40,3.91,102.389
03/15/2026 20:53:40,3.84,102.364
03/15/2026 21:03:40,3.77,102.350
03/15/2026 21:13:40,3.70,102.352
03/15/2026 21:23:40,3.63,102.342
03/15/2026 21:33:40,3.54,102.334
03/15/2026 21:43:40,3.39,102.330
03/15/2026 21:53:40,3.23,102.315
03/15/2026 22:03:40,3.15,102.277
03/15/2026 22:13:40,3.15,102.273
03/15/2026 22:23:40,3.17,102.248
03/15/2026 22:33:40,3.20,102.211
03/15/2026 22:43:40,3.23,102.201
03/15/2026 22:53:40,3.26,102.164
03/15/2026 23:03:40,3.30,102.154
03/15/2026 23:13:40,3.33,102.148
03/15/2026 23:23:40,3.36,102.115
03/15/2026 23:33:40,3.39,102.078
03/15/2026 23:43:40,3.42,102.045
03/15/2026 23:53:40,3.45,102.026
03/16/2026 00:03:40,3.47,102.001
03/16/2026 00:13:40,3.49,101.976
03/16/2026 00:23:40,3.52,101.953
03/16/2026 00:33:40,3.56,101.925
03/16/2026 00:43:40,3.60,101.889
03/16/2026 00:53:40,3.64,101.871
03/16/2026 01:03:40,3.67,101.847
03/16/2026 01:13:40,3.72,101.824
03/16/2026 01:23:40,3.77,101.811
03/16/2026 01:33:40,3.83,101.776
03/16/2026 01:43:40,3.89,101.777
03/16/2026 01:53:40,3.95,101.760
03/16/2026 02:03:40,4.00,101.765
03/16/2026 02:13:40,4.05,101.716
03/16/2026 02:23:40,4.10,101.672
03/16/2026 02:33:40,4.14,101.649
03/16/2026 02:43:40,4.19,101.627
03/16/2026 02:53:40,4.21,101.593
03/16/2026 03:03:40,4.20,101.540
03/16/2026 03:13:40,4.16,101.510
03/16/2026 03:23:40,4.12,101.489
03/16/2026 03:33:40,4.14,101.468
03/16/2026 03:43:40,4.17,101.431
03/16/2026 03:53:40,4.15,101.412
03/16/2026 04:03:40,4.07,101.387
03/16/2026 04:13:40,3.96,101.364
03/16/2026 04:23:40,3.83,101.340
03/16/2026 04:33:40,3.70,101.315
03/16/2026 04:43:40,3.57,101.308
03/16/2026 04:53:40,3.44,101.270
03/16/2026 05:03:40,3.30,101.271
03/16/2026 05:13:40,3.18,101.273
03/16/2026 05:23:40,3.06,101.246
03/16/2026 05:33:40,2.96,101.180
03/16/2026 05:43:40,2.90,101.138
03/16/2026 05:53:40,2.86,101.109
03/16/2026 06:03:40,2.85,101.072
03/16/2026 06:13:40,2.83,101.071
03/16/2026 06:23:40,2.83,101.053
03/16/2026 06:33:40,2.83,101.066
03/16/2026 06:43:40,2.83,101.071
03/16/2026 06:53:40,2.83,101.018
03/16/2026 07:03:40,2.84,100.988
03/16/2026 07:13:40,2.87,100.981
03/16/2026 07:23:40,2.90,100.931
03/16/2026 07:33:40,2.94,100.913
03/16/2026 07:43:40,3.01,100.888
03/16/2026 07:53:40,3.10,100.852
03/16/2026 08:03:40,3.24,100.838
03/16/2026 08:13:40,3.42,100.814
03/16/2026 08:23:40,3.67,100.761
03/16/2026 08:33:40,3.89,100.736
03/16/2026 08:43:40,4.08,100.726
03/16/2026 08:53:40,4.24,100.678
03/16/2026 09:03:40,4.38,100.673
03/16/2026 09:13:40,4.54,100.633
03/16/2026 09:23:40,4.69,100.620
03/16/2026 09:33:40,4.80,100.625
03/16/2026 09:43:40,4.90,100.594
03/16/2026 09:53:40,5.00,100.593
03/16/2026 10:03:40,5.11,100.549
03/16/2026 10:13:40,5.29,100.495
03/16/2026 10:23:40,5.58,100.484
03/16/2026 10:33:40,5.83,100.469
03/16/2026 10:43:40,6.00,100.492
03/16/2026 10:53:40,6.17,100.431
03/16/2026 11:03:40,6.50,100.410
03/16/2026 11:13:40,6.94,100.420
03/16/2026 11:23:40,7.20,100.384
03/16/2026 11:33:40,7.36,100.371
03/16/2026 11:43:40,7.48,100.314
03/16/2026 11:53:40,7.69,100.295
03/16/2026 12:03:40,7.89,100.259
03/16/2026 12:13:40,8.05,100.249
03/16/2026 12:23:40,8.15,100.222
03/16/2026 12:33:40,8.08,100.225
03/16/2026 12:43:40,7.90,100.215
03/16/2026 12:53:40,7.95,100.170
03/16/2026 13:03:40,8.11,100.166
03/16/2026 13:13:40,8.09,100.151
03/16/2026 13:23:40,8.19,100.111
03/16/2026 13:33:40,8.34,100.092
03/16/2026 13:43:40,8.51,100.088
03/16/2026 13:53:40,8.68,100.048
03/16/2026 14:03:40,8.81,100.018
03/16/2026 14:13:40,8.91,100.031
03/16/2026 14:23:40,8.92,100.014
03/16/2026 14:33:40,8.96,100.012
03/16/2026 14:43:40,8.98,100.018
03/16/2026 14:53:40,8.94,99.967
03/16/2026 15:03:40,8.97,99.929
03/16/2026 15:13:40,9.03,99.925
03/16/2026 15:23:40,9.10,99.917
03/16/2026 15:33:40,9.19,99.885
03/16/2026 15:43:40,9.28,99.874
03/16/2026 15:53:40,9.41,99.871
03/16/2026 16:03:40,9.55,99.820
03/16/2026 16:13:40,10.10,99.774
03/16/2026 16:23:40,11.23,99.723
03/16/2026 16:33:40,12.21,99.685
03/16/2026 16:43:40,12.95,99.665
03/16/2026 16:53:40,13.54,99.640
03/16/2026 17:03:40,14.03,99.622
03/16/2026 17:13:40,14.44,99.612
03/16/2026 17:23:40,14.79,99.570
03/16/2026 17:33:40,15.08,99.554
03/16/2026 17:43:40,15.28,99.551
03/16/2026 17:53:40,15.40,99.541
03/16/2026 18:03:40,15.48,99.524
03/16/2026 18:13:40,15.50,99.508
03/16/2026 18:23:40,15.47,99.524
03/16/2026 18:33:40,15.39,99.527
03/16/2026 18:43:40,15.30,99.530
03/16/2026 18:53:40,15.22,99.524
03/16/2026 19:03:40,15.12,99.495
03/16/2026 19:13:40,15.05,99.504
03/16/2026 19:23:40,15.00,99.460
03/16/2026 19:33:40,14.96,99.435
03/16/2026 19:43:40,14.92,99.401
03/16/2026 19:53:40,14.88,99.368
03/16/2026 20:03:40,14.84,99.329
03/16/2026 20:13:40,14.80,99.344
03/16/2026 20:23:40,14.77,99.333
03/16/2026 20:33:40,14.74,99.318
03/16/2026 20:43:40,14.73,99.313
03/16/2026 20:53:40,14.73,99.321
03/16/2026 21:03:40,14.72,99.303
03/16/2026 21:13:40,14.67,99.251
03/16/2026 21:23:40,14.60,99.228
03/16/2026 21:33:40,14.54,99.162
03/16/2026 21:43:40,14.47,99.126
03/16/2026 21:53:40,14.40,99.081
03/16/2026 22:03:40,14.33,99.089
03/16/2026 22:13:40,14.26,99.049
03/16/2026 22:23:40,14.21,99.072
03/16/2026 22:33:40,14.19,99.022
03/16/2026 22:43:40,14.19,98.995
03/16/2026 22:53:40,14.21,98.974
03/16/2026 23:03:40,14.25,98.955
03/16/2026 23:13:40,14.25,98.920
03/16/2026 23:23:40,14.27,98.895
03/16/2026 23:33:40,14.30,98.843
03/16/2026 23:43:40,14.34,98.810
03/16/2026 23:53:40,14.36,98.746
03/17/2026 00:03:40,14.36,98.688
03/17/2026 00:13:40,14.34,98.668
03/17/2026 00:23:40,14.31,98.609
03/17/2026 00:33:40,14.30,98.577
03/17/2026 00:43:40,14.32,98.578
03/17/2026 00:53:40,14.36,98.551
03/17/2026 01:03:40,14.41,98.518
03/17/2026 01:13:40,14.44,98.476
03/17/2026 01:23:40,14.47,98.421
03/17/2026 01:33:40,14.50,98.404
03/17/2026 01:43:40,14.51,98.392
03/17/2026 01:53:40,14.53,98.371
03/17/2026 02:03:40,14.51,98.397
03/17/2026 02:13:40,14.48,98.435
03/17/2026 02:23:40,14.42,98.505
03/17/2026 02:33:40,14.31,98.546
03/17/2026 02:43:40,13.90,98.864
03/17/2026 02:53:40,12.09,98.963
03/17/2026 03:03:40,10.20,99.016
03/17/2026 03:13:40,8.88,99.130
03/17/2026 03:23:40,7.97,99.027
03/17/2026 03:33:40,7.31,99.120
03/17/2026 03:43:40,6.85,99.055
03/17/2026 03:53:40,6.48,99.078
03/17/2026 04:03:40,6.18,99.133
03/17/2026 04:13:40,5.90,99.234
03/17/2026 04:23:40,5.61,99.262
03/17/2026 04:33:40,5.34,99.306
03/17/2026 04:43:40,5.03,99.377
03/17/2026 04:53:40,4.62,99.418
03/17/2026 05:03:40,4.23,99.428
03/17/2026 05:13:40,3.89,99.461
03/17/2026 05:23:40,3.61,99.498
03/17/2026 05:33:40,3.37,99.499
03/17/2026 05:43:40,3.15,99.529
03/17/2026 05:53:40,2.97,99.566
03/17/2026 06:03:40,2.82,99.570
03/17/2026 06:13:40,2.69,99.590
03/17/2026 06:23:40,2.51,99.613
03/17/2026 06:33:40,2.25,99.666
03/17/2026 06:43:40,2.09,99.699
03/17/2026 06:53:40,1.99,99.700
03/17/2026 07:03:40,1.93,99.725
03/17/2026 07:13:40,1.90,99.771
03/17/2026 07:23:40,1.89,99.796
03/17/2026 07:33:40,1.86,99.829
03/17/2026 07:43:40,1.82,99.869
03/17/2026 07:53:40,1.78,99.883
03/17/2026 08:03:40,1.77,99.931
03/17/2026 08:13:40,1.61,99.974
03/17/2026 08:23:40,1.38,99.993
03/17/2026 08:33:40,1.41,100.004
03/17/2026 08:43:40,1.68,100.029
03/17/2026 08:53:40,2.13,100.042
03/17/2026 09:03:40,2.80,100.062
03/17/2026 09:13:40,3.58,100.073
03/17/2026 09:23:40,4.42,100.036
03/17/2026 09:33:40,5.51,100.018
03/17/2026 09:43:40,7.10,100.040
03/17/2026 09:53:40,8.86,100.049
03/17/2026 10:03:40,10.77,100.025
03/17/2026 10:13:40,12.74,100.017
03/17/2026 10:23:40,14.81,100.046
03/17/2026 10:33:40,16.54,100.045
03/17/2026 10:43:40,17.78,100.049
03/17/2026 10:53:40,19.65,100.058
03/17/2026 11:03:40,21.35,100.087
03/17/2026 11:13:40,19.51,100.165
03/17/2026 11:23:40,18.54,100.178
03/17/2026 11:33:40,19.43,100.173
03/17/2026 11:43:40,19.58,100.178
03/17/2026 11:53:40,19.89,100.184
03/17/2026 12:03:40,20.75,100.189
03/17/2026 12:13:40,20.59,100.201
03/17/2026 12:23:40,20.49,100.182
03/17/2026 12:33:40,21.51,100.209
03/17/2026 12:43:40,22.46,100.238
03/17/2026 12:53:40,22.67,100.286
03/17/2026 13:03:40,21.72,100.283
03/17/2026 13:13:40,22.17,100.261
03/17/2026 13:23:40,21.05,100.305
03/17/2026 13:33:40,18.33,100.316
03/17/2026 13:43:40,18.39,100.279
03/17/2026 13:53:40,19.82,100.251
03/17/2026 14:03:40,20.82,100.260
03/17/2026 14:13:40,22.42,100.232
03/17/2026 14:23:40,22.18,100.325
03/17/2026 14:33:40,19.90,100.363
03/17/2026 14:43:40,19.81,100.353
03/17/2026 14:53:40,21.11,100.322
03/17/2026 15:03:40,20.81,100.366
03/17/2026 15:13:40,18.72,100.444
03/17/2026 15:23:40,16.73,100.454
03/17/2026 15:33:40,14.72,100.461
03/17/2026 15:43:40,14.16,100.461
03/17/2026 15:53:40,13.69,100.464
03/17/2026 16:03:40,12.94,100.493
03/17/2026 16:13:40,12.29,100.516
03/17/2026 16:23:40,11.38,100.559
03/17/2026 16:33:40,10.66,100.574
03/17/2026 16:43:40,9.71,100.584
03/17/2026 16:53:40,9.15,100.589
03/17/2026 17:03:40,9.05,100.595
03/17/2026 17:13:40,8.68,100.627
03/17/2026 17:23:40,7.97,100.659
03/17/2026 17:33:40,6.98,100.724
03/17/2026 17:43:40,5.80,100.784
03/17/2026 17:53:40,4.80,100.797
03/17/2026 18:03:40,4.01,100.839
03/17/2026 18:13:40,3.35,100.857
03/17/2026 18:23:40,2.72,100.884
03/17/2026 18:33:40,2.15,100.909
03/17/2026 18:43:40,1.63,100.954
03/17/2026 18:53:40,1.13,100.983
03/17/2026 19:03:40,0.70,101.028
03/17/2026 19:13:40,0.28,101.082
03/17/2026 19:23:40,-0.09,101.109
03/17/2026 19:33:40,-0.46,101.141
03/17/2026 19:43:40,-0.78,101.176
03/17/2026 19:53:40,-1.12,101.197
03/17/2026 20:03:40,-1.36,101.223
03/17/2026 20:13:40,-1.58,101.228
03/17/2026 20:23:40,-1.79,101.278
03/17/2026 20:33:40,-1.97,101.300
03/17/2026 20:43:40,-2.16,101.314
03/17/2026 20:53:40,-2.34,101.326
03/17/2026 21:03:40,-2.52,101.357
03/17/2026 21:13:40,-2.70,101.375
03/17/2026 21:23:40,-2.89,101.409
03/17/2026 21:33:40,-3.08,101.426
03/17/2026 21:43:40,-3.26,101.417
03/17/2026 21:53:40,-3.44,101.443
03/17/2026 22:03:40,-3.58,101.452
03/17/2026 22:13:40,-3.70,101.475
03/17/2026 22:23:40,-3.81,101.491
03/17/2026 22:33:40,-3.94,101.530
03/17/2026 22:43:40,-4.09,101.538
03/17/2026 22:53:40,-4.23,101.563
03/17/2026 23:03:40,-4.39,101.586
03/17/2026 23:13:40,-4.52,101.609
03/17/2026 23:23:40,-4.56,101.622
03/17/2026 23:33:40,-4.57,101.626
03/17/2026 23:43:40,-4.60,101.645
03/17/2026 23:53:40,-4.65,101.666
03/18/2026 00:03:40,-4.73,101.684
03/18/2026 00:13:40,-4.87,101.701
03/18/2026 00:23:40,-4.99,101.716
03/18/2026 00:33:40,-5.09,101.740
03/18/2026 00:43:40,-5.19,101.756
03/18/2026 00:53:40,-5.25,101.764
03/18/2026 01:03:40,-5.26,101.771
03/18/2026 01:13:40,-5.28,101.791
03/18/2026 01:23:40,-5.36,101.793
03/18/2026 01:33:40,-5.48,101.801
03/18/2026 01:43:40,-5.61,101.815
03/18/2026 01:53:40,-5.68,101.812
03/18/2026 02:03:40,-5.75,101.840
03/18/2026 02:13:40,-5.82,101.846
03/18/2026 02:23:40,-5.89,101.848
03/18/2026 02:33:40,-5.91,101.864
03/18/2026 02:43:40,-5.91,101.876
03/18/2026 02:53:40,-5.90,101.890
03/18/2026 03:03:40,-5.91,101.903
03/18/2026 03:13:40,-5.90,101.913
03/18/2026 03:23:40,-5.91,101.938
03/18/2026 03:33:40,-5.94,101.944
03/18/2026 03:43:40,-6.03,101.930
03/18/2026 03:53:40,-6.20,101.982
03/18/2026 04:03:40,-6.32,101.970
03/18/2026 04:13:40,-6.34,101.977
03/18/2026 04:23:40,-6.35,101.998
03/18/2026 04:33:40,-6.39,101.989
03/18/2026 04:43:40,-6.44,102.006
03/18/2026 04:53:40,-6.52,102.055
03/18/2026 05:03:40,-6.57,102.081
03/18/2026 05:13:40,-6.53,102.111
03/18/2026 05:23:40,-6.33,102.101
03/18/2026 05:33:40,-6.11,102.137
03/18/2026 05:43:40,-6.05,102.143
03/18/2026 05:53:40,-6.14,102.182
03/18/2026 06:03:40,-6.32,102.181
03/18/2026 06:13:40,-6.52,102.204
03/18/2026 06:23:40,-6.62,102.208
03/18/2026 06:33:40,-6.62,102.216
03/18/2026 06:43:40,-6.61,102.230
03/18/2026 06:53:40,-6.66,102.247
03/18/2026 07:03:40,-6.74,102.261
03/18/2026 07:13:40,-6.83,102.282
03/18/2026 07:23:40,-6.87,102.287
03/18/2026 07:33:40,-6.88,102.312
03/18/2026 07:43:40,-6.79,102.352
03/18/2026 07:53:40,-6.61,102.367
03/18/2026 08:03:40,-6.34,102.394
03/18/2026 08:13:40,-6.00,102.430
03/18/2026 08:23:40,-5.58,102.451
03/18/2026 08:33:40,-5.11,102.481
03/18/2026 08:43:40,-4.59,102.502
03/18/2026 08:53:40,-3.92,102.539
03/18/2026 09:03:40,-3.12,102.557
03/18/2026 09:13:40,-2.13,102.574
03/18/2026 09:23:40,-1.23,102.596
03/18/2026 09:33:40,-0.14,102.585
03/18/2026 09:43:40,0.84,102.597
03/18/2026 09:53:40,1.61,102.619
03/18/2026 10:03:40,2.94,102.568
03/18/2026 10:13:40,5.59,102.507
03/18/2026 10:23:40,8.01,102.507
03/18/2026 10:33:40,9.36,102.514
03/18/2026 10:43:40,10.46,102.544
03/18/2026 10:53:40,10.87,102.554
03/18/2026 11:03:40,10.83,102.577
03/18/2026 11:13:40,10.63,102.557
03/18/2026 11:23:40,10.94,102.541
03/18/2026 11:33:40,11.77,102.498
03/18/2026 11:43:40,12.50,102.430
03/18/2026 11:53:40,13.03,102.390
03/18/2026 12:03:40,13.85,102.365
03/18/2026 12:13:40,14.37,102.364
03/18/2026 12:23:40,14.33,102.352
03/18/2026 12:33:40,15.10,102.340
03/18/2026 12:43:40,16.23,102.335
03/18/2026 12:53:40,17.08,102.327
03/18/2026 13:03:40,17.68,102.323
03/18/2026 13:13:40,17.86,102.300
03/18/2026 13:23:40,17.94,102.305
03/18/2026 13:33:40,17.13,102.308
03/18/2026 13:43:40,16.36,102.309
03/18/2026 13:53:40,16.55,102.295
03/18/2026 14:03:40,16.06,102.283
03/18/2026 14:13:40,15.38,102.298
03/18/2026 14:23:40,14.75,102.284
03/18/2026 14:33:40,16.18,102.243
03/18/2026 14:43:40,18.37,102.222
03/18/2026 14:53:40,19.96,102.219
03/18/2026 15:03:40,20.45,102.241
03/18/2026 15:13:40,19.32,102.263
03/18/2026 15:23:40,18.86,102.281
03/18/2026 15:33:40,18.83,102.266
03/18/2026 15:43:40,19.70,102.256
03/18/2026 15:53:40,19.43,102.283
03/18/2026 16:03:40,18.02,102.302
03/18/2026 16:13:40,15.86,102.318
03/18/2026 16:23:40,13.89,102.342
03/18/2026 16:33:40,12.05,102.356
03/18/2026 16:43:40,10.69,102.362
03/18/2026 16:53:40,9.47,102.390
03/18/2026 17:03:40,8.79,102.367
03/18/2026 17:13:40,8.31,102.363
03/18/2026 17:23:40,7.48,102.375
03/18/2026 17:33:40,6.34,102.417
03/18/2026 17:43:40,5.14,102.429
03/18/2026 17:53:40,4.14,102.440
03/18/2026 18:03:40,3.33,102.435
03/18/2026 18:13:40,2.68,102.429
03/18/2026 18:23:40,2.11,102.426
03/18/2026 18:33:40,1.60,102.420
03/18/2026 18:43:40,1.20,102.418
03/18/2026 18:53:40,0.84,102.420
03/18/2026 19:03:40,0.49,102.409
03/18/2026 19:13:40,0.12,102.415
03/18/2026 19:23:40,-0.27,102.413
03/18/2026 19:33:40,-0.66,102.425
03/18/2026 19:43:40,-1.01,102.423
03/18/2026 19:53:40,-1.31,102.421
03/18/2026 20:03:40,-1.60,102.432
03/18/2026 20:13:40,-1.90,102.447
03/18/2026 20:23:40,-2.23,102.459
03/18/2026 20:33:40,-2.55,102.468
03/18/2026 20:43:40,-2.73,102.490
03/18/2026 20:53:40,-2.86,102.495
03/18/2026 21:03:40,-2.90,102.478
03/18/2026 21:13:40,-2.83,102.480
03/18/2026 21:23:40,-2.66,102.493
03/18/2026 21:33:40,-2.48,102.501
03/18/2026 21:43:40,-2.41,102.507
03/18/2026 21:53:40,-2.49,102.509
03/18/2026 22:03:40,-2.64,102.499
03/18/2026 22:13:40,-2.73,102.503
03/18/2026 22:23:40,-2.75,102.492
03/18/2026 22:33:40,-2.73,102.485
03/18/2026 22:43:40,-2.68,102.477
03/18/2026 22:53:40,-2.66,102.506
03/18/2026 23:03:40,-2.72,102.495
03/18/2026 23:13:40,-2.81,102.508
03/18/2026 23:23:40,-2.89,102.483
03/18/2026 23:33:40,-2.91,102.490
03/18/2026 23:43:40,-2.91,102.481
03/18/2026 23:53:40,-2.88,102.466
03/19/2026 00:03:40,-2.83,102.445
03/19/2026 00:13:40,-2.75,102.426
03/19/2026 00:23:40,-2.67,102.425
03/19/2026 00:33:40,-2.62,102.426
03/19/2026 00:43:40,-2.57,102.422
03/19/2026 00:53:40,-2.53,102.421
03/19/2026 01:03:40,-2.53,102.430
03/19/2026 01:13:40,-2.57,102.435
03/19/2026 01:23:40,-2.61,102.449
03/19/2026 01:33:40,-2.64,102.441
03/19/2026 01:43:40,-2.65,102.432
03/19/2026 01:53:40,-2.64,102.410
03/19/2026 02:03:40,-2.63,102.416
03/19/2026 02:13:40,-2.63,102.407
03/19/2026 02:23:40,-2.62,102.391
03/19/2026 02:33:40,-2.61,102.392
03/19/2026 02:43:40,-2.60,102.379
03/19/2026 02:53:40,-2.60,102.379
03/19/2026 03:03:40,-2.60,102.362
03/19/2026 03:13:40,-2.61,102.352
03/19/2026 03:23:40,-2.62,102.333
03/19/2026 03:33:40,-2.64,102.349
03/19/2026 03:43:40,-2.68,102.345
03/19/2026 03:53:40,-2.74,102.335
03/19/2026 04:03:40,-2.78,102.331
03/19/2026 04:13:40,-2.85,102.342
03/19/2026 04:23:40,-2.94,102.332
03/19/2026 04:33:40,-3.10,102.330
03/19/2026 04:43:40,-3.31,102.323
03/19/2026 04:53:40,-3.52,102.332
03/19/2026 05:03:40,-3.71,102.313
03/19/2026 05:13:40,-3.76,102.318
03/19/2026 05:23:40,-3.70,102.306
03/19/2026 05:33:40,-3.65,102.293
03/19/2026 05:43:40,-3.67,102.279
03/19/2026 05:53:40,-3.69,102.285
03/19/2026 06:03:40,-3.62,102.274
03/19/2026 06:13:40,-3.51,102.263
03/19/2026 06:23:40,-3.40,102.269
03/19/2026 06:33:40,-3.28,102.259
03/19/2026 06:43:40,-3.18,102.266
03/19/2026 06:53:40,-3.10,102.282
03/19/2026 07:03:40,-3.04,102.292
03/19/2026 07:13:40,-2.98,102.290
03/19/2026 07:23:40,-2.89,102.289
03/19/2026 07:33:40,-2.77,102.293
03/19/2026 07:43:40,-2.60,102.283
03/19/2026 07:53:40,-2.36,102.280
03/19/2026 08:03:40,-2.06,102.256
03/19/2026 08:13:40,-1.69,102.256
03/19/2026 08:23:40,-1.25,102.254
03/19/2026 08:33:40,-0.79,102.254
03/19/2026 08:43:40,-0.31,102.247
03/19/2026 08:53:40,0.19,102.241
03/19/2026 09:03:40,0.66,102.218
03/19/2026 09:13:40,1.09,102.223
03/19/2026 09:23:40,1.57,102.223
03/19/2026 09:33:40,2.00,102.231
03/19/2026 09:43:40,2.28,102.230
03/19/2026 09:53:40,2.59,102.240
03/19/2026 10:03:40,2.84,102.237
03/19/2026 10:13:40,3.07,102.235
03/19/2026 10:23:40,3.16,102.234
03/19/2026 10:33:40,3.09,102.232
03/19/2026 10:43:40,2.96,102.234
03/19/2026 10:53:40,2.84,102.218
03/19/2026 11:03:40,2.81,102.230
03/19/2026 11:13:40,2.80,102.211
03/19/2026 11:23:40,2.91,102.177
03/19/2026 11:33:40,3.04,102.179
03/19/2026 11:43:40,3.20,102.163
03/19/2026 11:53:40,3.43,102.148
03/19/2026 12:03:40,3.75,102.158
03/19/2026 12:13:40,4.01,102.155
03/19/2026 12:23:40,4.39,102.130
03/19/2026 12:33:40,4.82,102.128
03/19/2026 12:43:40,5.19,102.107
03/19/2026 12:53:40,5.51,102.103
03/19/2026 13:03:40,5.69,102.079
03/19/2026 13:13:40,5.66,102.059
03/19/2026 13:23:40,5.56,102.054
03/19/2026 13:33:40,5.41,102.046
03/19/2026 13:43:40,5.20,102.037
03/19/2026 13:53:40,4.95,102.024
03/19/2026 14:03:40,4.74,102.002
03/19/2026 14:13:40,4.54,101.975
03/19/2026 14:23:40,4.40,101.968
03/19/2026 14:33:40,4.23,101.949
03/19/2026 14:43:40,4.05,101.920
03/19/2026 14:53:40,3.93,101.909
03/19/2026 15:03:40,3.87,101.886
03/19/2026 15:13:40,3.88,101.892
03/19/2026 15:23:40,3.93,101.856
03/19/2026 15:33:40,3.92,101.864
03/19/2026 15:43:40,3.86,101.836
03/19/2026 15:53:40,3.82,101.829
03/19/2026 16:03:40,3.83,101.803
03/19/2026 16:13:40,3.86,101.810
03/19/2026 16:23:40,3.89,101.796
03/19/2026 16:33:40,3.94,101.786
03/19/2026 16:43:40,3.98,101.786
03/19/2026 16:53:40,3.99,101.764
03/19/2026 17:03:40,3.95,101.752
03/19/2026 17:13:40,3.89,101.747
03/19/2026 17:23:40,3.84,101.756
03/19/2026 17:33:40,3.79,101.760
03/19/2026 17:43:40,3.75,101.756
03/19/2026 17:53:40,3.71,101.744
03/19/2026 18:03:40,3.66,101.744
03/19/2026 18:13:40,3.60,101.739
03/19/2026 18:23:40,3.54,101.760
03/19/2026 18:33:40,3.46,101.740
03/19/2026 18:43:40,3.34,101.768
03/19/2026 18:53:40,3.16,101.779
03/19/2026 19:03:40,2.96,101.784
03/19/2026 19:13:40,2.77,101.784
03/19/2026 19:23:40,2.47,101.802
03/19/2026 19:33:40,1.95,101.821
03/19/2026 19:43:40,1.32,101.847
03/19/2026 19:53:40,0.79,101.865
03/19/2026 20:03:40,0.46,101.860
03/19/2026 20:13:40,0.28,101.862
03/19/2026 20:23:40,0.25,101.837
03/19/2026 20:33:40,0.32,101.817
03/19/2026 20:43:40,0.45,101.785
03/19/2026 20:53:40,0.65,101.750
03/19/2026 21:03:40,0.82,101.758
03/19/2026 21:13:40,0.96,101.761
03/19/2026 21:23:40,1.03,101.777
03/19/2026 21:33:40,1.05,101.770
03/19/2026 21:43:40,1.01,101.780
03/19/2026 21:53:40,0.96,101.775
03/19/2026 22:03:40,0.89,101.786
03/19/2026 22:13:40,0.83,101.798
03/19/2026 22:23:40,0.86,101.779
03/19/2026 22:33:40,0.90,101.760
03/19/2026 22:43:40,0.98,101.781
03/19/2026 22:53:40,1.08,101.746
03/19/2026 23:03:40,1.16,101.757
03/19/2026 23:13:40,1.23,101.742
03/19/2026 23:23:40,1.28,101.738
03/19/2026 23:33:40,1.33,101.756
03/19/2026 23:43:40,1.36,101.745
03/19/2026 23:53:40,1.38,101.738
03/20/2026 00:03:40,1.37,101.720
03/20/2026 00:13:40,1.33,101.738
03/20/2026 00:23:40,1.29,101.717
03/20/2026 00:33:40,1.28,101.738
03/20/2026 00:43:40,1.26,101.714
03/20/2026 00:53:40,1.23,101.702
03/20/2026 01:03:40,1.20,101.696
03/20/2026 01:13:40,1.18,101.694
03/20/2026 01:23:40,1.17,101.715
03/20/2026 01:33:40,1.17,101.701
03/20/2026 01:43:40,1.16,101.692
03/20/2026 01:53:40,1.15,101.704
03/20/2026 02:03:40,1.13,101.685
03/20/2026 02:13:40,1.15,101.660
03/20/2026 02:23:40,1.17,101.635
03/20/2026 02:33:40,1.15,101.607
03/20/2026 02:43:40,1.05,101.597
03/20/2026 02:53:40,0.82,101.612
03/20/2026 03:03:40,0.49,101.590
03/20/2026 03:13:40,0.01,101.625
03/20/2026 03:23:40,-0.49,101.614
03/20/2026 03:33:40,-0.91,101.573
03/20/2026 03:43:40,-1.25,101.577
03/20/2026 03:53:40,-1.45,101.571
03/20/2026 04:03:40,-1.49,101.509
03/20/2026 04:13:40,-1.54,101.522
03/20/2026 04:23:40,-1.59,101.522
03/20/2026 04:33:40,-1.65,101.512
03/20/2026 04:43:40,-1.75,101.511
03/20/2026 04:53:40,-1.95,101.540
03/20/2026 05:03:40,-2.25,101.542
03/20/2026 05:13:40,-2.56,101.547
03/20/2026 05:23:40,-2.85,101.545
03/20/2026 05:33:40,-3.11,101.550
03/20/2026 05:43:40,-3.36,101.553
03/20/2026 05:53:40,-3.57,101.541
03/20/2026 06:03:40,-3.76,101.543
03/20/2026 06:13:40,-3.95,101.552
03/20/2026 06:23:40,-4.08,101.586
03/20/2026 06:33:40,-4.18,101.603
03/20/2026 06:43:40,-4.23,101.603
03/20/2026 06:53:40,-4.22,101.617
03/20/2026 07:03:40,-4.14,101.598
03/20/2026 07:13:40,-4.11,101.606
03/20/2026 07:23:40,-4.08,101.613
03/20/2026 07:33:40,-4.01,101.607
03/20/2026 07:43:40,-3.88,101.598
03/20/2026 07:53:40,-3.69,101.582
03/20/2026 08:03:40,-3.36,101.565
03/20/2026 08:13:40,-2.91,101.557
03/20/2026 08:23:40,-2.34,101.538
03/20/2026 08:33:40,-1.67,101.527
03/20/2026 08:43:40,-0.89,101.509
03/20/2026 08:53:40,0.05,101.523
03/20/2026 09:03:40,1.21,101.507
03/20/2026 09:13:40,2.50,101.473
03/20/2026 09:23:40,3.85,101.456
03/20/2026 09:33:40,5.47,101.415
03/20/2026 09:43:40,7.52,101.374
03/20/2026 09:53:40,9.95,101.325
03/20/2026 10:03:40,12.61,101.263
03/20/2026 10:13:40,15.41,101.212
03/20/2026 10:23:40,18.11,101.200
03/20/2026 10:33:40,20.16,101.234
03/20/2026 10:43:40,22.04,101.221
03/20/2026 10:53:40,23.77,101.180
03/20/2026 11:03:40,24.99,101.191
03/20/2026 11:13:40,25.84,101.149
03/20/2026 11:23:40,26.15,101.117
03/20/2026 11:33:40,27.00,101.091
03/20/2026 11:43:40,27.43,101.064
03/20/2026 11:53:40,27.43,101.055
03/20/2026 12:03:40,27.01,101.015
03/20/2026 12:13:40,26.86,100.989
03/20/2026 12:23:40,27.46,100.958
03/20/2026 12:33:40,27.59,100.952
03/20/2026 12:43:40,27.78,100.930
03/20/2026 12:53:40,27.04,100.923
03/20/2026 13:03:40,26.22,100.893
03/20/2026 13:13:40,25.13,100.873
03/20/2026 13:23:40,23.02,100.833
03/20/2026 13:33:40,20.85,100.796
03/20/2026 13:43:40,19.29,100.747
03/20/2026 13:53:40,18.27,100.735
03/20/2026 14:03:40,17.37,100.697
03/20/2026 14:13:40,16.71,100.644
03/20/2026 14:23:40,16.20,100.622
03/20/2026 14:33:40,15.74,100.533
03/20/2026 14:43:40,15.22,100.479
03/20/2026 14:53:40,14.86,100.463
03/20/2026 15:03:40,14.63,100.419
03/20/2026 15:13:40,14.32,100.420
03/20/2026 15:23:40,14.01,100.419
03/20/2026 15:33:40,13.67,100.422
03/20/2026 15:43:40,13.26,100.405
03/20/2026 15:53:40,12.54,100.410
03/20/2026 16:03:40,11.68,100.408
03/20/2026 16:13:40,11.09,100.372
03/20/2026 16:23:40,10.75,100.368
03/20/2026 16:33:40,10.56,100.376
03/20/2026 16:43:40,10.46,100.364
03/20/2026 16:53:40,10.43,100.348
03/20/2026 17:03:40,10.33,100.332
03/20/2026 17:13:40,10.24,100.312
03/20/2026 17:23:40,10.21,100.314
03/20/2026 17:33:40,10.13,100.303
03/20/2026 17:43:40,9.84,100.325
03/20/2026 17:53:40,9.39,100.356
03/20/2026 18:03:40,8.92,100.372
03/20/2026 18:13:40,8.49,100.391
03/20/2026 18:23:40,8.12,100.405
03/20/2026 18:33:40,7.79,100.423
03/20/2026 18:43:40,7.52,100.454
03/20/2026 18:53:40,7.27,100.465
03/20/2026 19:03:40,7.05,100.487
03/20/2026 19:13:40,6.86,100.511
03/20/2026 19:23:40,6.70,100.493
03/20/2026 19:33:40,6.57,100.487
03/20/2026 19:43:40,6.47,100.505
03/20/2026 19:53:40,6.39,100.485
03/20/2026 20:03:40,6.32,100.493
03/20/2026 20:13:40,6.26,100.496
03/20/2026 20:23:40,6.22,100.475
03/20/2026 20:33:40,6.18,100.476
03/20/2026 20:43:40,6.13,100.490
03/20/2026 20:53:40,6.06,100.497
03/20/2026 21:03:40,6.01,100.475
03/20/2026 21:13:40,5.97,100.485
03/20/2026 21:23:40,5.93,100.464
03/20/2026 21:33:40,5.90,100.444
03/20/2026 21:43:40,5.88,100.455
03/20/2026 21:53:40,5.87,100.432
03/20/2026 22:03:40,5.86,100.414
03/20/2026 22:13:40,5.84,100.422
03/20/2026 22:23:40,5.82,100.411
03/20/2026 22:33:40,5.76,100.401
03/20/2026 22:43:40,5.67,100.398
03/20/2026 22:53:40,5.63,100.403
03/20/2026 23:03:40,5.61,100.393
03/20/2026 23:13:40,5.60,100.379
03/20/2026 23:23:40,5.60,100.384
03/20/2026 23:33:40,5.60,100.362
03/20/2026 23:43:40,5.61,100.371
03/20/2026 23:53:40,5.61,100.353
03/21/2026 00:03:40,5.62,100.341
03/21/2026 00:13:40,5.63,100.346
03/21/2026 00:23:40,5.62,100.337
03/21/2026 00:33:40,5.61,100.336
03/21/2026 00:43:40,5.61,100.326
03/21/2026 00:53:40,5.59,100.326
03/21/2026 01:03:40,5.58,100.315
03/21/2026 01:13:40,5.57,100.319
03/21/2026 01:23:40,5.57,100.314
03/21/2026 01:33:40,5.56,100.314
03/21/2026 01:43:40,5.55,100.322
03/21/2026 01:53:40,5.54,100.316
03/21/2026 02:03:40,5.52,100.315
03/21/2026 02:13:40,5.50,100.309
03/21/2026 02:23:40,5.49,100.290
03/21/2026 02:33:40,5.48,100.285
03/21/2026 02:43:40,5.46,100.284
03/21/2026 02:53:40,5.43,100.272
03/21/2026 03:03:40,5.39,100.256
03/21/2026 03:13:40,5.36,100.249
03/21/2026 03:23:40,5.32,100.254
03/21/2026 03:33:40,5.27,100.245
03/21/2026 03:43:40,5.22,100.232
03/21/2026 03:53:40,5.18,100.215
03/21/2026 04:03:40,5.13,100.225
03/21/2026 04:13:40,5.09,100.212
03/21/2026 04:23:40,4.92,100.237
03/21/2026 04:33:40,4.64,100.249
03/21/2026 04:43:40,4.40,100.250
03/21/2026 04:53:40,4.17,100.274
03/21/2026 05:03:40,3.97,100.279
03/21/2026 05:13:40,3.88,100.293
03/21/2026 05:23:40,3.86,100.323
03/21/2026 05:33:40,3.88,100.325
03/21/2026 05:43:40,3.92,100.314
03/21/2026 05:53:40,3.95,100.331
03/21/2026 06:03:40,3.98,100.346
03/21/2026 06:13:40,4.00,100.361
03/21/2026 06:23:40,4.01,100.389
03/21/2026 06:33:40,4.01,100.358
03/21/2026 06:43:40,4.01,100.406
03/21/2026 06:53:40,4.01,100.464
03/21/2026 07:03:40,4.01,100.486
03/21/2026 07:13:40,4.01,100.482
03/21/2026 07:23:40,4.04,100.511
03/21/2026 07:33:40,4.11,100.521
03/21/2026 07:43:40,4.24,100.545
03/21/2026 07:53:40,4.45,100.572
03/21/2026 08:03:40,4.71,100.590
03/21/2026 08:13:40,4.97,100.586
03/21/2026 08:23:40,5.28,100.573
03/21/2026 08:33:40,5.68,100.589
03/21/2026 08:43:40,6.12,100.590
03/21/2026 08:53:40,6.57,100.637
03/21/2026 09:03:40,6.88,100.641
03/21/2026 09:13:40,6.95,100.681
03/21/2026 09:23:40,6.84,100.717
03/21/2026 09:33:40,6.70,100.736
03/21/2026 09:43:40,6.75,100.736
03/21/2026 09:53:40,7.10,100.769
03/21/2026 10:03:40,7.74,100.764
03/21/2026 10:13:40,8.61,100.767
03/21/2026 10:23:40,9.35,100.760
03/21/2026 10:33:40,10.01,100.781
03/21/2026 10:43:40,10.51,100.771
03/21/2026 10:53:40,10.89,100.769
03/21/2026 11:03:40,11.71,100.729
03/21/2026 11:13:40,14.72,100.648
03/21/2026 11:23:40,18.08,100.633
03/21/2026 11:33:40,20.15,100.682
03/21/2026 11:43:40,20.52,100.678
03/21/2026 11:53:40,22.57,100.651
03/21/2026 12:03:40,24.69,100.630
03/21/2026 12:13:40,26.08,100.648
03/21/2026 12:23:40,26.57,100.697
03/21/2026 12:33:40,25.54,100.722
03/21/2026 12:43:40,25.16,100.718
03/21/2026 12:53:40,25.64,100.741
03/21/2026 13:03:40,24.88,100.739
03/21/2026 13:13:40,22.45,100.773
03/21/2026 13:23:40,20.28,100.752
03/21/2026 13:33:40,19.10,100.775
03/21/2026 13:43:40,18.15,100.762
03/21/2026 13:53:40,17.08,100.775
03/21/2026 14:03:40,17.20,100.708
03/21/2026 14:13:40,18.73,100.711
03/21/2026 14:23:40,21.72,100.721
03/21/2026 14:33:40,25.09,100.719
03/21/2026 14:43:40,24.55,100.752
03/21/2026 14:53:40,24.96,100.735
03/21/2026 15:03:40,24.46,100.773
03/21/2026 15:13:40,23.75,100.800
03/21/2026 15:23:40,23.77,100.810
03/21/2026 15:33:40,23.98,100.813
03/21/2026 15:43:40,24.31,100.787
03/21/2026 15:53:40,24.20,100.785
03/21/2026 16:03:40,22.49,100.829
03/21/2026 16:13:40,20.20,100.862
03/21/2026 16:23:40,18.10,100.883
03/21/2026 16:33:40,16.36,100.891
03/21/2026 16:43:40,15.08,100.895
03/21/2026 16:53:40,14.16,100.901
03/21/2026 17:03:40,13.48,100.905
03/21/2026 17:13:40,12.82,100.945
03/21/2026 17:23:40,12.28,100.967
03/21/2026 17:33:40,11.67,100.983
03/21/2026 17:43:40,11.06,101.003
03/21/2026 17:53:40,10.50,101.018
03/21/2026 18:03:40,10.00,101.019
03/21/2026 18:13:40,9.52,101.052
03/21/2026 18:23:40,9.03,101.106
03/21/2026 18:33:40,8.52,101.123
03/21/2026 18:43:40,7.98,101.124
03/21/2026 18:53:40,7.46,101.166
03/21/2026 19:03:40,6.97,101.160
03/21/2026 19:13:40,6.50,101.161
03/21/2026 19:23:40,6.06,101.169
03/21/2026 19:33:40,5.65,101.161
03/21/2026 19:43:40,5.29,101.170
03/21/2026 19:53:40,4.96,101.146
03/21/2026 20:03:40,4.68,101.188
03/21/2026 20:13:40,4.41,101.196
03/21/2026 20:23:40,4.14,101.177
03/21/2026 20:33:40,3.90,101.231
03/21/2026 20:43:40,3.70,101.226
03/21/2026 20:53:40,3.52,101.215
03/21/2026 21:03:40,3.29,101.204
03/21/2026 21:13:40,3.02,101.224
03/21/2026 21:23:40,2.76,101.214
03/21/2026 21:33:40,2.55,101.239
03/21/2026 21:43:40,2.40,101.244
03/21/2026 21:53:40,2.31,101.231
03/21/2026 22:03:40,2.30,101.262
03/21/2026 22:13:40,2.34,101.238
03/21/2026 22:23:40,2.39,101.221
03/21/2026 22:33:40,2.44,101.217
03/21/2026 22:43:40,2.49,101.190
03/21/2026 22:53:40,2.51,101.188
03/21/2026 23:03:40,2.51,101.175
03/21/2026 23:13:40,2.50,101.130
03/21/2026 23:23:40,2.48,101.132
03/21/2026 23:33:40,2.46,101.121
03/21/2026 23:43:40,2.43,101.154
03/21/2026 23:53:40,2.42,101.202
03/22/2026 00:03:40,2.41,101.223
03/22/2026 00:13:40,2.41,101.192
03/22/2026 00:23:40,2.41,101.214
03/22/2026 00:33:40,2.41,101.170
03/22/2026 00:43:40,2.40,101.165
03/22/2026 00:53:40,2.39,101.177
03/22/2026 01:03:40,2.37,101.189
03/22/2026 01:13:40,2.35,101.187
03/22/2026 01:23:40,2.32,101.175
03/22/2026 01:33:40,2.29,101.142
03/22/2026 01:43:40,2.27,101.144
03/22/2026 01:53:40,2.27,101.175
03/22/2026 02:03:40,2.28,101.216
03/22/2026 02:13:40,2.28,101.229
03/22/2026 02:23:40,2.27,101.158
03/22/2026 02:33:40,2.24,101.181
03/22/2026 02:43:40,2.16,101.236
03/22/2026 02:53:40,2.10,101.199
03/22/2026 03:03:40,2.04,101.198
03/22/2026 03:13:40,1.99,101.141
03/22/2026 03:23:40,1.96,101.103
03/22/2026 03:33:40,1.95,101.058
03/22/2026 03:43:40,1.94,101.062
03/22/2026 03:53:40,1.95,101.076
03/22/2026 04:03:40,1.97,101.059
03/22/2026 04:13:40,1.99,101.075
03/22/2026 04:23:40,2.04,101.017
03/22/2026 04:33:40,2.16,101.029
03/22/2026 04:43:40,2.34,101.005
03/22/2026 04:53:40,2.52,100.963
03/22/2026 05:03:40,2.69,100.939
03/22/2026 05:13:40,2.84,100.930
03/22/2026 05:23:40,2.96,100.924
03/22/2026 05:33:40,3.06,100.901
03/22/2026 05:43:40,3.14,100.891
03/22/2026 05:53:40,3.20,100.878
03/22/2026 06:03:40,3.27,100.880
03/22/2026 06:13:40,3.34,100.868
03/22/2026 06:23:40,3.39,100.868
03/22/2026 06:33:40,3.44,100.904
03/22/2026 06:43:40,3.50,100.922
03/22/2026 06:53:40,3.57,100.933
03/22/2026 07:03:40,3.66,100.910
03/22/2026 07:13:40,3.76,100.883
03/22/2026 07:23:40,3.86,100.857
03/22/2026 07:33:40,3.96,100.813
03/22/2026 07:43:40,4.05,100.807
03/22/2026 07:53:40,4.09,100.789
03/22/2026 08:03:40,4.13,100.762
03/22/2026 08:13:40,4.20,100.763
03/22/2026 08:23:40,4.27,100.773
03/22/2026 08:33:40,4.31,100.706
03/22/2026 08:43:40,4.39,100.695
03/22/2026 08:53:40,4.46,100.693
03/22/2026 09:03:40,4.57,100.724
03/22/2026 09:13:40,4.61,100.697
03/22/2026 09:23:40,4.54,100.664
03/22/2026 09:33:40,4.49,100.656
03/22/2026 09:43:40,4.45,100.643
03/22/2026 09:53:40,4.36,100.662
03/22/2026 10:03:40,4.29,100.696
03/22/2026 10:13:40,4.21,100.702
03/22/2026 10:23:40,4.14,100.652
03/22/2026 10:33:40,4.19,100.660
03/22/2026 10:43:40,4.25,100.595
03/22/2026 10:53:40,4.33,100.509
03/22/2026 11:03:40,4.45,100.471
03/22/2026 11:13:40,4.61,100.529
03/22/2026 11:23:40,4.75,100.510
03/22/2026 11:33:40,4.91,100.457
03/22/2026 11:43:40,5.13,100.462
03/22/2026 11:53:40,5.32,100.457
03/22/2026 12:03:40,5.48,100.493
03/22/2026 12:13:40,5.63,100.497
03/22/2026 12:23:40,5.77,100.477
03/22/2026 12:33:40,5.87,100.424
03/22/2026 12:43:40,5.93,100.429
03/22/2026 12:53:40,5.96,100.405
03/22/2026 13:03:40,5.98,100.353
03/22/2026 13:13:40,6.04,100.336
03/22/2026 13:23:40,6.13,100.464
03/22/2026 13:33:40,6.19,100.362
03/22/2026 13:43:40,6.27,100.347
03/22/2026 13:53:40,6.38,100.272
03/22/2026 14:03:40,6.47,100.222
03/22/2026 14:13:40,6.55,100.237
03/22/2026 14:23:40,6.59,100.285
03/22/2026 14:33:40,6.62,100.270
03/22/2026 14:43:40,6.68,100.204
03/22/2026 14:53:40,6.73,100.221
03/22/2026 15:03:40,6.76,100.290
03/22/2026 15:13:40,6.79,100.240
03/22/2026 15:23:40,6.85,100.182
03/22/2026 15:33:40,6.95,100.156
03/22/2026 15:43:40,7.11,100.173
03/22/2026 15:53:40,7.22,100.182
03/22/2026 16:03:40,7.28,100.139
03/22/2026 16:13:40,7.37,100.111
03/22/2026 16:23:40,7.44,100.090
03/22/2026 16:33:40,7.46,100.082
03/22/2026 16:43:40,7.48,100.048
03/22/2026 16:53:40,7.46,100.078
03/22/2026 17:03:40,7.43,100.089
03/22/2026 17:13:40,7.41,100.118
03/22/2026 17:23:40,7.40,100.157
03/22/2026 17:33:40,7.40,100.104
03/22/2026 17:43:40,7.42,100.083
03/22/2026 17:53:40,7.44,100.112
03/22/2026 18:03:40,7.45,100.116
03/22/2026 18:13:40,7.45,100.122
03/22/2026 18:23:40,7.47,100.131
03/22/2026 18:33:40,7.48,100.123
03/22/2026 18:43:40,7.47,100.141
03/22/2026 18:53:40,7.45,100.148
03/22/2026 19:03:40,7.44,100.169
03/22/2026 19:13:40,7.44,100.178
03/22/2026 19:23:40,7.43,100.195
03/22/2026 19:33:40,7.43,100.217
03/22/2026 19:43:40,7.40,100.232
03/22/2026 19:53:40,7.34,100.245
03/22/2026 20:03:40,7.28,100.227
03/22/2026 20:13:40,7.24,100.250
03/22/2026 20:23:40,7.19,100.281
03/22/2026 20:33:40,7.13,100.329
03/22/2026 20:43:40,7.06,100.386
03/22/2026 20:53:40,7.01,100.426
03/22/2026 21:03:40,6.98,100.450
03/22/2026 21:13:40,6.96,100.399
03/22/2026 21:23:40,6.96,100.373
03/22/2026 21:33:40,6.96,100.377
03/22/2026 21:43:40,6.93,100.393
03/22/2026 21:53:40,6.90,100.395
03/22/2026 22:03:40,6.86,100.373
03/22/2026 22:13:40,6.80,100.360
03/22/2026 22:23:40,6.74,100.350
03/22/2026 22:33:40,6.69,100.394
03/22/2026 22:43:40,6.63,100.434
03/22/2026 22:53:40,6.63,100.438
03/22/2026 23:03:40,6.63,100.425
03/22/2026 23:13:40,6.64,100.457
03/22/2026 23:23:40,6.68,100.487
03/22/2026 23:33:40,6.72,100.486
03/22/2026 23:43:40,6.73,100.487
03/22/2026 23:53:40,6.64,100.484
03/23/2026 00:03:40,6.50,100.502
03/23/2026 00:13:40,6.30,100.504
03/23/2026 00:23:40,6.10,100.478
03/23/2026 00:33:40,5.89,100.523
03/23/2026 00:43:40,5.69,100.493
03/23/2026 00:53:40,5.49,100.516
03/23/2026 01:03:40,5.32,100.496
03/23/2026 01:13:40,5.14,100.473
03/23/2026 01:23:40,4.96,100.533
03/23/2026 01:33:40,4.80,100.484
03/23/2026 01:43:40,4.64,100.531
03/23/2026 01:53:40,4.49,100.576
03/23/2026 02:03:40,4.35,100.586
03/23/2026 02:13:40,4.22,100.553
03/23/2026 02:23:40,4.10,100.542
03/23/2026 02:33:40,3.99,100.501
03/23/2026 02:43:40,3.89,100.458
03/23/2026 02:53:40,3.80,100.463
03/23/2026 03:03:40,3.73,100.457
03/23/2026 03:13:40,3.67,100.509
03/23/2026 03:23:40,3.61,100.473
03/23/2026 03:33:40,3.56,100.469
03/23/2026 03:43:40,3.50,100.495
03/23/2026 03:53:40,3.43,100.515
03/23/2026 04:03:40,3.38,100.519
03/23/2026 04:13:40,3.32,100.527
03/23/2026 04:23:40,3.26,100.540
03/23/2026 04:33:40,3.20,100.548
03/23/2026 04:43:40,3.12,100.562
03/23/2026 04:53:40,3.01,100.530
03/23/2026 05:03:40,2.89,100.511
03/23/2026 05:13:40,2.76,100.487
03/23/2026 05:23:40,2.64,100.489
03/23/2026 05:33:40,2.53,100.492
03/23/2026 05:43:40,2.42,100.505
03/23/2026 05:53:40,2.33,100.515
03/23/2026 06:03:40,2.26,100.517
03/23/2026 06:13:40,2.19,100.546
03/23/2026 06:23:40,2.12,100.553
03/23/2026 06:33:40,2.06,100.578
03/23/2026 06:43:40,1.97,100.552
03/23/2026 06:53:40,1.86,100.601
03/23/2026 07:03:40,1.79,100.603
03/23/2026 07:13:40,1.75,100.581
03/23/2026 07:23:40,1.74,100.607
03/23/2026 07:33:40,1.74,100.616
03/23/2026 07:43:40,1.77,100.631
03/23/2026 07:53:40,1.80,100.621
03/23/2026 08:03:40,1.84,100.656
03/23/2026 08:13:40,1.87,100.641
03/23/2026 08:23:40,1.89,100.634
03/23/2026 08:33:40,1.94,100.629
03/23/2026 08:43:40,2.00,100.630
03/23/2026 08:53:40,2.09,100.630
03/23/2026 09:03:40,2.20,100.639
03/23/2026 09:13:40,2.29,100.656
03/23/2026 09:23:40,2.37,100.663
03/23/2026 09:33:40,2.45,100.662
03/23/2026 09:43:40,2.62,100.663
03/23/2026 09:53:40,2.83,100.674
03/23/2026 10:03:40,3.02,100.677
03/23/2026 10:13:40,3.23,100.695
03/23/2026 10:23:40,3.53,100.691
03/23/2026 10:33:40,3.86,100.685
03/23/2026 10:43:40,4.23,100.681
03/23/2026 10:53:40,4.63,100.672
03/23/2026 11:03:40,5.02,100.706
03/23/2026 11:13:40,5.27,100.708
03/23/2026 11:23:40,5.44,100.714
03/23/2026 11:33:40,5.51,100.703
03/23/2026 11:43:40,5.52,100.726
03/23/2026 11:53:40,5.62,100.712
03/23/2026 12:03:40,5.67,100.738
03/23/2026 12:13:40,5.68,100.744
03/23/2026 12:23:40,5.73,100.735
03/23/2026 12:33:40,5.93,100.751
03/23/2026 12:43:40,6.10,100.748
03/23/2026 12:53:40,6.24,100.737
03/23/2026 13:03:40,6.44,100.746
03/23/2026 13:13:40,6.51,100.769
03/23/2026 13:23:40,6.35,100.800
03/23/2026 13:33:40,6.35,100.786
03/23/2026 13:43:40,6.41,100.761
03/23/2026 13:53:40,6.43,100.775
03/23/2026 14:03:40,6.33,100.784
03/23/2026 14:13:40,6.25,100.804
03/23/2026 14:23:40,6.05,100.827
03/23/2026 14:33:40,5.95,100.780
03/23/2026 14:43:40,6.14,100.795
03/23/2026 14:53:40,6.27,100.793
03/23/2026 15:03:40,6.28,100.821
03/23/2026 15:13:40,6.30,100.818
03/23/2026 15:23:40,6.38,100.829
03/23/2026 15:33:40,6.36,100.858
03/23/2026 15:43:40,6.35,100.893
03/23/2026 15:53:40,6.26,100.885
03/23/2026 16:03:40,6.15,100.898
03/23/2026 16:13:40,6.15,100.894
03/23/2026 16:23:40,6.22,100.917
03/23/2026 16:33:40,6.33,100.930
03/23/2026 16:43:40,6.43,100.939
03/23/2026 16:53:40,6.47,100.947
03/23/2026 17:03:40,6.43,100.957
03/23/2026 17:13:40,6.29,100.989
03/23/2026 17:23:40,5.99,101.026
03/23/2026 17:33:40,5.67,101.030
03/23/2026 17:43:40,5.42,101.049
03/23/2026 17:53:40,5.19,101.064
03/23/2026 18:03:40,4.89,101.096
03/23/2026 18:13:40,4.58,101.105
03/23/2026 18:23:40,4.27,101.144
03/23/2026 18:33:40,3.97,101.179
03/23/2026 18:43:40,3.62,101.197
03/23/2026 18:53:40,3.28,101.207
03/23/2026 19:03:40,2.93,101.243
03/23/2026 19:13:40,2.66,101.241
03/23/2026 19:23:40,2.44,101.279
03/23/2026 19:33:40,2.16,101.293
03/23/2026 19:43:40,1.92,101.320
03/23/2026 19:53:40,1.73,101.329
03/23/2026 20:03:40,1.59,101.343
03/23/2026 20:13:40,1.48,101.369
03/23/2026 20:23:40,1.37,101.398
03/23/2026 20:33:40,1.22,101.420
03/23/2026 20:43:40,1.06,101.453
03/23/2026 20:53:40,0.95,101.479
03/23/2026 21:03:40,0.87,101.519
03/23/2026 21:13:40,0.78,101.515
03/23/2026 21:23:40,0.68,101.546
03/23/2026 21:33:40,0.61,101.562
03/23/2026 21:43:40,0.58,101.581
03/23/2026 21:53:40,0.58,101.581
03/23/2026 22:03:40,0.55,101.600
03/23/2026 22:13:40,0.49,101.621
03/23/2026 22:23:40,0.43,101.638
03/23/2026 22:33:40,0.37,101.632
03/23/2026 22:43:40,0.32,101.654
03/23/2026 22:53:40,0.27,101.649
03/23/2026 23:03:40,0.12,101.661
03/23/2026 23:13:40,-0.13,101.665
03/23/2026 23:23:40,-0.39,101.697
03/23/2026 23:33:40,-0.65,101.717
03/23/2026 23:43:40,-0.89,101.716
03/23/2026 23:53:40,-1.14,101.741
03/24/2026 00:03:40,-1.42,101.754
03/24/2026 00:13:40,-1.68,101.777
03/24/2026 00:23:40,-1.89,101.775
03/24/2026 00:33:40,-2.08,101.779
03/24/2026 00:43:40,-2.27,101.800
03/24/2026 00:53:40,-2.50,101.813
03/24/2026 01:03:40,-2.73,101.821
03/24/2026 01:13:40,-2.93,101.846
03/24/2026 01:23:40,-3.12,101.840
03/24/2026 01:33:40,-3.31,101.848
03/24/2026 01:43:40,-3.48,101.849
03/24/2026 01:53:40,-3.62,101.870
03/24/2026 02:03:40,-3.72,101.873
03/24/2026 02:13:40,-3.83,101.862
03/24/2026 02:23:40,-3.92,101.866
03/24/2026 02:33:40,-3.98,101.878
03/24/2026 02:43:40,-4.03,101.895
03/24/2026 02:53:40,-4.11,101.905
03/24/2026 03:03:40,-4.19,101.906
03/24/2026 03:13:40,-4.30,101.899
03/24/2026 03:23:40,-4.39,101.894
03/24/2026 03:33:40,-4.47,101.886
03/24/2026 03:43:40,-4.55,101.909
03/24/2026 03:53:40,-4.65,101.929
03/24/2026 04:03:40,-4.75,101.915
03/24/2026 04:13:40,-4.83,101.947
03/24/2026 04:23:40,-4.93,101.955
03/24/2026 04:33:40,-5.01,101.981
03/24/2026 04:43:40,-5.09,102.000
03/24/2026 04:53:40,-5.16,102.024
03/24/2026 05:03:40,-5.24,102.033
03/24/2026 05:13:40,-5.33,102.059
03/24/2026 05:23:40,-5.41,102.076
03/24/2026 05:33:40,-5.53,102.118
03/24/2026 05:43:40,-5.62,102.108
03/24/2026 05:53:40,-5.67,102.120
03/24/2026 06:03:40,-5.72,102.124
03/24/2026 06:13:40,-5.77,102.146
03/24/2026 06:23:40,-5.84,102.152
03/24/2026 06:33:40,-5.93,102.187
03/24/2026 06:43:40,-6.02,102.194
03/24/2026 06:53:40,-6.09,102.222
03/24/2026 07:03:40,-6.11,102.260
03/24/2026 07:13:40,-6.08,102.276
03/24/2026 07:23:40,-5.99,102.294
03/24/2026 07:33:40,-5.77,102.291
03/24/2026 07:43:40,-5.40,102.315
03/24/2026 07:53:40,-4.94,102.326
03/24/2026 08:03:40,-4.46,102.336
03/24/2026 08:13:40,-3.93,102.358
03/24/2026 08:23:40,-3.40,102.349
03/24/2026 08:33:40,-2.83,102.362
03/24/2026 08:43:40,-2.20,102.374
03/24/2026 08:53:40,-1.53,102.368
03/24/2026 09:03:40,-0.68,102.379
03/24/2026 09:13:40,0.40,102.384
03/24/2026 09:23:40,1.79,102.362
03/24/2026 09:33:40,3.59,102.361
03/24/2026 09:43:40,5.76,102.319
03/24/2026 09:53:40,7.98,102.284
03/24/2026 10:03:40,10.24,102.265
03/24/2026 10:13:40,12.53,102.263
03/24/2026 10:23:40,14.77,102.246
03/24/2026 10:33:40,16.72,102.236
03/24/2026 10:43:40,18.59,102.232
03/24/2026 10:53:40,20.35,102.235
03/24/2026 11:03:40,21.74,102.242
03/24/2026 11:13:40,22.61,102.259
03/24/2026 11:23:40,23.37,102.259
03/24/2026 11:33:40,24.69,102.246
03/24/2026 11:43:40,26.14,102.238
03/24/2026 11:53:40,27.33,102.240
03/24/2026 12:03:40,28.40,102.228
03/24/2026 12:13:40,28.73,102.218
03/24/2026 12:23:40,29.50,102.217
03/24/2026 12:33:40,30.10,102.192
03/24/2026 12:43:40,30.18,102.192
03/24/2026 12:53:40,30.40,102.171
03/24/2026 13:03:40,31.03,102.166
03/24/2026 13:13:40,31.37,102.159
03/24/2026 13:23:40,31.75,102.136
03/24/2026 13:33:40,32.17,102.133
03/24/2026 13:43:40,32.02,102.109
03/24/2026 13:53:40,32.38,102.080
03/24/2026 14:03:40,32.76,102.088
03/24/2026 14:13:40,32.92,102.069
03/24/2026 14:23:40,32.60,102.041
03/24/2026 14:33:40,32.62,102.020
03/24/2026 14:43:40,32.75,102.030
03/24/2026 14:53:40,32.10,102.018
03/24/2026 15:03:40,30.51,102.011
03/24/2026 15:13:40,28.64,101.985
03/24/2026 15:23:40,28.54,101.962
03/24/2026 15:33:40,28.73,101.963
03/24/2026 15:43:40,27.94,101.976
03/24/2026 15:53:40,26.65,101.961
03/24/2026 16:03:40,24.08,101.966
03/24/2026 16:13:40,21.48,101.962
03/24/2026 16:23:40,19.53,101.951
03/24/2026 16:33:40,18.14,101.909
03/24/2026 16:43:40,16.59,101.902
03/24/2026 16:53:40,15.41,101.913
03/24/2026 17:03:40,14.95,101.907
03/24/2026 17:13:40,14.54,101.905
03/24/2026 17:23:40,13.64,101.924
03/24/2026 17:33:40,12.57,101.956
03/24/2026 17:43:40,11.50,101.977
03/24/2026 17:53:40,10.60,101.987
03/24/2026 18:03:40,9.93,102.010
03/24/2026 18:13:40,9.43,102.024
03/24/2026 18:23:40,8.98,102.015
03/24/2026 18:33:40,8.58,102.018
03/24/2026 18:43:40,8.22,102.006
03/24/2026 18:53:40,7.83,102.018
03/24/2026 19:03:40,7.32,102.026
03/24/2026 19:13:40,6.73,102.033
03/24/2026 19:23:40,6.15,102.052
03/24/2026 19:33:40,5.52,102.077
03/24/2026 19:43:40,4.79,102.112
03/24/2026 19:53:40,4.04,102.121
03/24/2026 20:03:40,3.34,102.140
03/24/2026 20:13:40,2.73,102.151
03/24/2026 20:23:40,2.19,102.147
03/24/2026 20:33:40,1.72,102.148
03/24/2026 20:43:40,1.28,102.157
03/24/2026 20:53:40,0.88,102.160
03/24/2026 21:03:40,0.51,102.152
03/24/2026 21:13:40,0.18,102.134
03/24/2026 21:23:40,-0.12,102.132
03/24/2026 21:33:40,-0.42,102.131
03/24/2026 21:43:40,-0.69,102.136
03/24/2026 21:53:40,-0.95,102.142
03/24/2026 22:03:40,-1.20,102.136
03/24/2026 22:13:40,-1.44,102.139
03/24/2026 22:23:40,-1.62,102.166
03/24/2026 22:33:40,-1.79,102.163
03/24/2026 22:43:40,-1.96,102.164
03/24/2026 22:53:40,-2.09,102.174
03/24/2026 23:03:40,-2.16,102.162
03/24/2026 23:13:40,-2.16,102.171
03/24/2026 23:23:40,-2.08,102.165
03/24/2026 23:33:40,-2.01,102.160
03/24/2026 23:43:40,-1.91,102.156
03/24/2026 23:53:40,-1.80,102.158
03/25/2026 00:03:40,-1.76,102.166
03/25/2026 00:13:40,-1.77,102.191
03/25/2026 00:23:40,-1.77,102.187
03/25/2026 00:33:40,-1.72,102.205
03/25/2026 00:43:40,-1.59,102.222
03/25/2026 00:53:40,-1.41,102.221
03/25/2026 01:03:40,-1.26,102.222
03/25/2026 01:13:40,-1.21,102.236
03/25/2026 01:23:40,-1.29,102.237
03/25/2026 01:33:40,-1.40,102.222
03/25/2026 01:43:40,-1.39,102.219
03/25/2026 01:53:40,-1.26,102.201
03/25/2026 02:03:40,-1.08,102.205
03/25/2026 02:13:40,-0.87,102.220
03/25/2026 02:23:40,-0.67,102.217
03/25/2026 02:33:40,-0.47,102.215
03/25/2026 02:43:40,-0.29,102.205
03/25/2026 02:53:40,-0.13,102.220
03/25/2026 03:03:40,-0.01,102.200
03/25/2026 03:13:40,0.04,102.223
03/25/2026 03:23:40,-0.10,102.240
03/25/2026 03:33:40,-0.41,102.237
03/25/2026 03:43:40,-0.81,102.261
03/25/2026 03:53:40,-1.25,102.263
03/25/2026 04:03:40,-1.68,102.266
03/25/2026 04:13:40,-2.06,102.282
03/25/2026 04:23:40,-2.41,102.292
03/25/2026 04:33:40,-2.73,102.305
03/25/2026 04:43:40,-3.03,102.315
03/25/2026 04:53:40,-3.28,102.330
03/25/2026 05:03:40,-3.48,102.328
03/25/2026 05:13:40,-3.62,102.332
03/25/2026 05:23:40,-3.72,102.321
03/25/2026 05:33:40,-3.86,102.343
03/25/2026 05:43:40,-4.02,102.354
03/25/2026 05:53:40,-4.16,102.396
03/25/2026 06:03:40,-4.28,102.415
03/25/2026 06:13:40,-4.40,102.416
03/25/2026 06:23:40,-4.52,102.422
03/25/2026 06:33:40,-4.62,102.434
03/25/2026 06:43:40,-4.74,102.435
03/25/2026 06:53:40,-4.81,102.445
03/25/2026 07:03:40,-4.80,102.442
03/25/2026 07:13:40,-4.75,102.447
03/25/2026 07:23:40,-4.65,102.466
03/25/2026 07:33:40,-4.43,102.479
03/25/2026 07:43:40,-4.05,102.465
03/25/2026 07:53:40,-3.62,102.472
03/25/2026 08:03:40,-3.15,102.479
03/25/2026 08:13:40,-2.56,102.467
03/25/2026 08:23:40,-1.71,102.470
03/25/2026 08:33:40,-0.72,102.459
03/25/2026 08:43:40,0.27,102.465
03/25/2026 08:53:40,1.32,102.473
03/25/2026 09:03:40,2.50,102.497
03/25/2026 09:13:40,3.73,102.483
03/25/2026 09:23:40,5.11,102.467
03/25/2026 09:33:40,6.69,102.437
03/25/2026 09:43:40,8.57,102.402
03/25/2026 09:53:40,10.58,102.372
03/25/2026 10:03:40,12.70,102.347
03/25/2026 10:13:40,14.71,102.344
03/25/2026 10:23:40,16.76,102.323
03/25/2026 10:33:40,18.04,102.343
03/25/2026 10:43:40,19.44,102.333
03/25/2026 10:53:40,21.05,102.337
03/25/2026 11:03:40,22.17,102.308
03/25/2026 11:13:40,23.43,102.308
03/25/2026 11:23:40,25.04,102.284
03/25/2026 11:33:40,26.00,102.275
03/25/2026 11:43:40,26.06,102.283
03/25/2026 11:53:40,25.54,102.272
03/25/2026 12:03:40,25.14,102.267
03/25/2026 12:13:40,25.77,102.231
03/25/2026 12:23:40,27.12,102.197
03/25/2026 12:33:40,28.37,102.173
03/25/2026 12:43:40,29.12,102.162
03/25/2026 12:53:40,29.32,102.154
03/25/2026 13:03:40,28.85,102.153
03/25/2026 13:13:40,29.13,102.136
03/25/2026 13:23:40,29.91,102.107
03/25/2026 13:33:40,30.62,102.097
03/25/2026 13:43:40,31.31,102.067
03/25/2026 13:53:40,32.09,102.040
03/25/2026 14:03:40,32.59,102.036
03/25/2026 14:13:40,32.66,102.026
03/25/2026 14:23:40,32.74,102.011
03/25/2026 14:33:40,32.64,101.985
03/25/2026 14:43:40,32.71,101.983
03/25/2026 14:53:40,32.06,101.972
03/25/2026 15:03:40,30.16,101.945
03/25/2026 15:13:40,28.61,101.917
03/25/2026 15:23:40,27.90,101.898
03/25/2026 15:33:40,27.22,101.871
03/25/2026 15:43:40,25.88,101.844
03/25/2026 15:53:40,24.60,101.804
03/25/2026 16:03:40,22.62,101.795
03/25/2026 16:13:40,20.76,101.780
03/25/2026 16:23:40,19.26,101.756
03/25/2026 16:33:40,18.10,101.742
03/25/2026 16:43:40,16.88,101.731
03/25/2026 16:53:40,16.05,101.727
03/25/2026 17:03:40,15.55,101.710
03/25/2026 17:13:40,15.05,101.701
03/25/2026 17:23:40,14.51,101.681
03/25/2026 17:33:40,13.88,101.675
03/25/2026 17:43:40,13.21,101.666
03/25/2026 17:53:40,12.59,101.682
03/25/2026 18:03:40,12.07,101.688
03/25/2026 18:13:40,11.64,101.682
03/25/2026 18:23:40,11.16,101.694
03/25/2026 18:33:40,10.70,101.694
03/25/2026 18:43:40,10.29,101.693
03/25/2026 18:53:40,9.92,101.704
03/25/2026 19:03:40,9.59,101.700
03/25/2026 19:13:40,9.27,101.688
03/25/2026 19:23:40,9.02,101.681
03/25/2026 19:33:40,8.79,101.654
03/25/2026 19:43:40,8.61,101.661
03/25/2026 19:53:40,8.45,101.658
03/25/2026 20:03:40,8.32,101.656
03/25/2026 20:13:40,8.20,101.660
03/25/2026 20:23:40,8.07,101.671
03/25/2026 20:33:40,7.93,101.690
03/25/2026 20:43:40,7.82,101.655
03/25/2026 20:53:40,7.75,101.663
03/25/2026 21:03:40,7.69,101.631
03/25/2026 21:13:40,7.62,101.638
03/25/2026 21:23:40,7.54,101.654
03/25/2026 21:33:40,7.47,101.640
03/25/2026 21:43:40,7.37,101.632
03/25/2026 21:53:40,7.28,101.642
03/25/2026 22:03:40,7.17,101.624
03/25/2026 22:13:40,7.07,101.624
03/25/2026 22:23:40,6.94,101.618
03/25/2026 22:33:40,6.84,101.627
03/25/2026 22:43:40,6.73,101.632
03/25/2026 22:53:40,6.63,101.614
03/25/2026 23:03:40,6.52,101.623
03/25/2026 23:13:40,6.42,101.601
03/25/2026 23:23:40,6.32,101.606
03/25/2026 23:33:40,6.23,101.594
03/25/2026 23:43:40,6.15,101.609
03/25/2026 23:53:40,6.08,101.604
03/26/2026 00:03:40,6.01,101.598
03/26/2026 00:13:40,5.95,101.566
03/26/2026 00:23:40,5.91,101.580
03/26/2026 00:33:40,5.87,101.529
03/26/2026 00:43:40,5.84,101.526
03/26/2026 00:53:40,5.81,101.519
03/26/2026 01:03:40,5.77,101.511
03/26/2026 01:13:40,5.66,101.497
03/26/2026 01:23:40,5.52,101.441
03/26/2026 01:33:40,5.39,101.439
03/26/2026 01:43:40,5.29,101.417
03/26/2026 01:53:40,5.22,101.393
03/26/2026 02:03:40,5.18,101.382
03/26/2026 02:13:40,5.19,101.351
03/26/2026 02:23:40,5.19,101.324
03/26/2026 02:33:40,5.18,101.289
03/26/2026 02:43:40,5.17,101.261
03/26/2026 02:53:40,5.16,101.248
03/26/2026 03:03:40,5.16,101.243
03/26/2026 03:13:40,5.16,101.216
03/26/2026 03:23:40,5.15,101.215
03/26/2026 03:33:40,5.14,101.206
03/26/2026 03:43:40,5.14,101.206
03/26/2026 03:53:40,5.14,101.166
03/26/2026 04:03:40,5.13,101.152
03/26/2026 04:13:40,5.12,101.155
03/26/2026 04:23:40,5.11,101.145
03/26/2026 04:33:40,5.09,101.122
03/26/2026 04:43:40,5.10,101.123
03/26/2026 04:53:40,5.10,101.136
03/26/2026 05:03:40,5.11,101.154
03/26/2026 05:13:40,5.09,101.162
03/26/2026 05:23:40,5.07,101.098
03/26/2026 05:33:40,5.01,101.075
03/26/2026 05:43:40,4.92,101.063
03/26/2026 05:53:40,4.83,101.055
03/26/2026 06:03:40,4.75,101.031
03/26/2026 06:13:40,4.68,101.047
03/26/2026 06:23:40,4.63,101.060
03/26/2026 06:33:40,4.58,101.047
03/26/2026 06:43:40,4.54,101.053
03/26/2026 06:53:40,4.52,101.038
03/26/2026 07:03:40,4.51,100.993
03/26/2026 07:13:40,4.53,100.994
03/26/2026 07:23:40,4.55,100.996
03/26/2026 07:33:40,4.60,100.973
03/26/2026 07:43:40,4.66,100.975
03/26/2026 07:53:40,4.78,100.968
03/26/2026 08:03:40,4.95,100.955
03/26/2026 08:13:40,5.10,100.933
03/26/2026 08:23:40,5.26,100.915
03/26/2026 08:33:40,5.46,100.928
03/26/2026 08:43:40,5.68,100.885
03/26/2026 08:53:40,5.94,100.898
03/26/2026 09:03:40,6.30,100.884
03/26/2026 09:13:40,6.78,100.871
03/26/2026 09:23:40,7.28,100.841
03/26/2026 09:33:40,7.74,100.817
03/26/2026 09:43:40,8.14,100.827
03/26/2026 09:53:40,8.72,100.825
03/26/2026 10:03:40,9.35,100.813
03/26/2026 10:13:40,10.24,100.786
03/26/2026 10:23:40,11.45,100.772
03/26/2026 10:33:40,12.50,100.744
03/26/2026 10:43:40,13.21,100.730
03/26/2026 10:53:40,13.65,100.722
03/26/2026 11:03:40,13.89,100.739
03/26/2026 11:13:40,14.10,100.697
03/26/2026 11:23:40,14.38,100.641
03/26/2026 11:33:40,15.08,100.584
03/26/2026 11:43:40,17.50,100.519
03/26/2026 11:53:40,20.67,100.451
03/26/2026 12:03:40,23.64,100.459
03/26/2026 12:13:40,25.66,100.474
03/26/2026 12:23:40,27.07,100.482
03/26/2026 12:33:40,27.93,100.455
03/26/2026 12:43:40,28.15,100.467
03/26/2026 12:53:40,27.49,100.450
03/26/2026 13:03:40,26.02,100.422
03/26/2026 13:13:40,24.71,100.435
03/26/2026 13:23:40,23.37,100.461
03/26/2026 13:33:40,22.23,100.457
03/26/2026 13:43:40,22.24,100.399
03/26/2026 13:53:40,23.99,100.350
03/26/2026 14:03:40,25.43,100.323
03/26/2026 14:13:40,25.97,100.325
03/26/2026 14:23:40,25.64,100.281
03/26/2026 14:33:40,24.94,100.251
03/26/2026 14:43:40,24.31,100.256
03/26/2026 14:53:40,23.59,100.242
03/26/2026 15:03:40,22.89,100.237
03/26/2026 15:13:40,22.34,100.214
03/26/2026 15:23:40,21.88,100.204
03/26/2026 15:33:40,21.50,100.221
03/26/2026 15:43:40,21.17,100.201
03/26/2026 15:53:40,20.94,100.205
03/26/2026 16:03:40,20.87,100.169
03/26/2026 16:13:40,20.85,100.102
03/26/2026 16:23:40,20.81,100.103
03/26/2026 16:33:40,20.86,100.067
03/26/2026 16:43:40,21.13,100.025
03/26/2026 16:53:40,21.43,99.967
03/26/2026 17:03:40,21.63,99.988
03/26/2026 17:13:40,21.73,99.994
03/26/2026 17:23:40,21.64,100.034
03/26/2026 17:33:40,21.49,99.993
03/26/2026 17:43:40,21.20,99.945
03/26/2026 17:53:40,20.76,99.962
03/26/2026 18:03:40,20.27,99.968
03/26/2026 18:13:40,19.77,99.994
03/26/2026 18:23:40,19.30,100.000
03/26/2026 18:33:40,18.86,100.017
03/26/2026 18:43:40,18.47,100.005
03/26/2026 18:53:40,18.12,99.995
03/26/2026 19:03:40,17.78,99.999
03/26/2026 19:13:40,17.43,99.999
03/26/2026 19:23:40,17.15,99.860
03/26/2026 19:33:40,16.93,99.841
03/26/2026 19:43:40,16.71,99.875
03/26/2026 19:53:40,16.49,99.918
03/26/2026 20:03:40,16.26,99.938
03/26/2026 20:13:40,15.97,99.971
03/26/2026 20:23:40,15.66,99.976
03/26/2026 20:33:40,15.35,99.964
03/26/2026 20:43:40,15.03,99.910
03/26/2026 20:53:40,14.59,99.897
03/26/2026 21:03:40,14.11,99.876
03/26/2026 21:13:40,13.67,99.907
03/26/2026 21:23:40,13.32,99.855
03/26/2026 21:33:40,13.03,99.888
03/26/2026 21:43:40,12.80,99.906
03/26/2026 21:53:40,12.61,99.937
03/26/2026 22:03:40,12.42,99.936
03/26/2026 22:13:40,12.21,99.907
03/26/2026 22:23:40,12.01,99.852
03/26/2026 22:33:40,11.83,99.839
03/26/2026 22:43:40,11.66,99.830
03/26/2026 22:53:40,11.52,99.860
03/26/2026 23:03:40,11.40,99.913
03/26/2026 23:13:40,11.31,99.889
03/26/2026 23:23:40,11.25,99.818
03/26/2026 23:33:40,11.19,99.822
03/26/2026 23:43:40,11.13,99.839
03/26/2026 23:53:40,11.07,99.782
03/27/2026 00:03:40,11.02,99.818
03/27/2026 00:13:40,10.98,99.841
03/27/2026 00:23:40,10.95,99.835
03/27/2026 00:33:40,10.91,99.827
03/27/2026 00:43:40,10.86,99.872
03/27/2026 00:53:40,10.82,99.900
03/27/2026 01:03:40,10.81,99.886
03/27/2026 01:13:40,10.81,99.851
03/27/2026 01:23:40,10.81,99.771
03/27/2026 01:33:40,10.84,99.693
03/27/2026 01:43:40,10.85,99.810
03/27/2026 01:53:40,10.80,99.846
03/27/2026 02:03:40,10.72,99.862
03/27/2026 02:13:40,10.63,99.890
03/27/2026 02:23:40,10.53,99.843
03/27/2026 02:33:40,10.48,99.803
03/27/2026 02:43:40,10.46,99.744
03/27/2026 02:53:40,10.44,99.787
03/27/2026 03:03:40,10.40,99.806
03/27/2026 03:13:40,10.32,99.817
03/27/2026 03:23:40,10.24,99.860
03/27/2026 03:33:40,10.15,99.831
03/27/2026 03:43:40,10.06,99.824
03/27/2026 03:53:40,9.93,99.867
03/27/2026 04:03:40,9.88,99.894
03/27/2026 04:13:40,9.90,99.913
03/27/2026 04:23:40,9.94,99.938
03/27/2026 04:33:40,10.00,99.970
03/27/2026 04:43:40,10.02,100.003
03/27/2026 04:53:40,9.99,100.000
03/27/2026 05:03:40,9.97,100.038
03/27/2026 05:13:40,9.93,100.040
03/27/2026 05:23:40,9.82,100.058
03/27/2026 05:33:40,9.72,100.081
03/27/2026 05:43:40,9.62,100.100
03/27/2026 05:53:40,9.49,100.165
03/27/2026 06:03:40,9.37,100.271
03/27/2026 06:13:40,9.08,100.340
03/27/2026 06:23:40,8.65,100.408
03/27/2026 06:33:40,8.23,100.436
03/27/2026 06:43:40,7.85,100.503
03/27/2026 06:53:40,7.49,100.558
03/27/2026 07:03:40,7.17,100.603
03/27/2026 07:13:40,6.90,100.624
03/27/2026 07:23:40,6.67,100.681
03/27/2026 07:33:40,6.49,100.723
03/27/2026 07:43:40,6.33,100.781
03/27/2026 07:53:40,6.22,100.806
03/27/2026 08:03:40,6.16,100.806
03/27/2026 08:13:40,6.15,100.849
03/27/2026 08:23:40,6.04,100.889
03/27/2026 08:33:40,5.87,100.923
03/27/2026 08:43:40,5.68,100.965
03/27/2026 08:53:40,5.50,100.976
03/27/2026 09:03:40,5.37,101.005
03/27/2026 09:13:40,5.32,101.049
03/27/2026 09:23:40,5.37,101.106
03/27/2026 09:33:40,5.49,101.077
03/27/2026 09:43:40,5.82,101.091
03/27/2026 09:53:40,6.33,101.130
03/27/2026 10:03:40,6.76,101.161
03/27/2026 10:13:40,7.09,101.206
03/27/2026 10:23:40,7.15,101.211
03/27/2026 10:33:40,7.07,101.249
03/27/2026 10:43:40,6.99,101.246
03/27/2026 10:53:40,6.96,101.292
03/27/2026 11:03:40,6.91,101.292
03/27/2026 11:13:40,6.74,101.318
03/27/2026 11:23:40,7.01,101.323
03/27/2026 11:33:40,7.44,101.346
03/27/2026 11:43:40,7.88,101.355
03/27/2026 11:53:40,8.45,101.330
03/27/2026 12:03:40,10.66,101.278
03/27/2026 12:13:40,12.76,101.273
03/27/2026 12:23:40,15.47,101.269
03/27/2026 12:33:40,17.74,101.242
03/27/2026 12:43:40,18.33,101.294
03/27/2026 12:53:40,17.63,101.323
03/27/2026 13:03:40,16.53,101.356
03/27/2026 13:13:40,15.59,101.371
03/27/2026 13:23:40,14.86,101.368
03/27/2026 13:33:40,15.46,101.348
03/27/2026 13:43:40,16.74,101.339
03/27/2026 13:53:40,16.91,101.333
03/27/2026 14:03:40,16.50,101.358
03/27/2026 14:13:40,15.76,101.360
03/27/2026 14:23:40,15.12,101.391
03/27/2026 14:33:40,14.50,101.369
03/27/2026 14:43:40,14.20,101.348
03/27/2026 14:53:40,14.65,101.313
03/27/2026 15:03:40,15.28,101.309
03/27/2026 15:13:40,15.47,101.331
03/27/2026 15:23:40,15.14,101.326
03/27/2026 15:33:40,15.79,101.300
03/27/2026 15:43:40,16.56,101.313
03/27/2026 15:53:40,16.62,101.331
03/27/2026 16:03:40,16.00,101.355
03/27/2026 16:13:40,14.97,101.341
03/27/2026 16:23:40,14.37,101.346
03/27/2026 16:33:40,13.79,101.367
03/27/2026 16:43:40,13.00,101.349
03/27/2026 16:53:40,12.32,101.369
03/27/2026 17:03:40,11.82,101.372
03/27/2026 17:13:40,11.31,101.364
03/27/2026 17:23:40,10.40,101.396
03/27/2026 17:33:40,9.41,101.424
03/27/2026 17:43:40,8.47,101.447
03/27/2026 17:53:40,7.60,101.474
03/27/2026 18:03:40,6.80,101.482
03/27/2026 18:13:40,6.08,101.524
03/27/2026 18:23:40,5.44,101.527
03/27/2026 18:33:40,4.86,101.566
03/27/2026 18:43:40,4.33,101.578
03/27/2026 18:53:40,3.83,101.622
03/27/2026 19:03:40,3.34,101.632
03/27/2026 19:13:40,2.84,101.653
03/27/2026 19:23:40,2.33,101.679
03/27/2026 19:33:40,1.80,101.710
03/27/2026 19:43:40,1.28,101.711
03/27/2026 19:53:40,0.78,101.731
03/27/2026 20:03:40,0.30,101.748
03/27/2026 20:13:40,-0.15,101.773
03/27/2026 20:23:40,-0.56,101.792
03/27/2026 20:33:40,-0.92,101.793
03/27/2026 20:43:40,-1.23,101.785
03/27/2026 20:53:40,-1.52,101.802
03/27/2026 21:03:40,-1.77,101.808
03/27/2026 21:13:40,-2.00,101.830
03/27/2026 21:23:40,-2.21,101.846
03/27/2026 21:33:40,-2.42,101.860
03/27/2026 21:43:40,-2.64,101.869
03/27/2026 21:53:40,-2.84,101.845
03/27/2026 22:03:40,-3.02,101.841
03/27/2026 22:13:40,-3.17,101.835
03/27/2026 22:23:40,-3.34,101.832
03/27/2026 22:33:40,-3.52,101.836
03/27/2026 22:43:40,-3.72,101.838
03/27/2026 22:53:40,-3.90,101.856
03/27/2026 23:03:40,-4.02,101.852
03/27/2026 23:13:40,-4.14,101.875
03/27/2026 23:23:40,-4.26,101.885
03/27/2026 23:33:40,-4.37,101.892
03/27/2026 23:43:40,-4.45,101.910
03/27/2026 23:53:40,-4.50,101.936
03/28/2026 00:03:40,-4.54,101.945
03/28/2026 00:13:40,-4.62,101.959
03/28/2026 00:23:40,-4.73,101.979
03/28/2026 00:33:40,-4.83,101.996
03/28/2026 00:43:40,-4.89,101.993
03/28/2026 00:53:40,-4.91,101.987
03/28/2026 01:03:40,-4.77,101.992
03/28/2026 01:13:40,-4.48,101.982
03/28/2026 01:23:40,-4.24,102.015
03/28/2026 01:33:40,-4.13,102.030
03/28/2026 01:43:40,-4.15,102.050
03/28/2026 01:53:40,-4.18,102.065
03/28/2026 02:03:40,-4.09,102.048
03/28/2026 02:13:40,-3.91,102.026
03/28/2026 02:23:40,-3.76,102.010
03/28/2026 02:33:40,-3.64,102.004
03/28/2026 02:43:40,-3.58,102.019
03/28/2026 02:53:40,-3.53,102.032
03/28/2026 03:03:40,-3.54,102.032
03/28/2026 03:13:40,-3.62,102.054
03/28/2026 03:23:40,-3.72,102.049
03/28/2026 03:33:40,-3.87,102.069
03/28/2026 03:43:40,-4.08,102.079
03/28/2026 03:53:40,-4.30,102.088
03/28/2026 04:03:40,-4.54,102.113
03/28/2026 04:13:40,-4.77,102.111
03/28/2026 04:23:40,-5.00,102.141
03/28/2026 04:33:40,-5.20,102.138
03/28/2026 04:43:40,-5.38,102.154
03/28/2026 04:53:40,-5.57,102.170
03/28/2026 05:03:40,-5.76,102.199
03/28/2026 05:13:40,-5.93,102.234
03/28/2026 05:23:40,-6.11,102.246
03/28/2026 05:33:40,-6.29,102.255
03/28/2026 05:43:40,-6.43,102.258
03/28/2026 05:53:40,-6.50,102.281
03/28/2026 06:03:40,-6.57,102.287
03/28/2026 06:13:40,-6.63,102.317
03/28/2026 06:23:40,-6.70,102.348
03/28/2026 06:33:40,-6.77,102.363
03/28/2026 06:43:40,-6.83,102.383
03/28/2026 06:53:40,-6.90,102.402
03/28/2026 07:03:40,-6.96,102.439
03/28/2026 07:13:40,-6.91,102.453
03/28/2026 07:23:40,-6.72,102.469
03/28/2026 07:33:40,-6.41,102.466
03/28/2026 07:43:40,-5.99,102.484
03/28/2026 07:53:40,-5.53,102.478
03/28/2026 08:03:40,-5.06,102.503
03/28/2026 08:13:40,-4.58,102.526
03/28/2026 08:23:40,-4.00,102.549
03/28/2026 08:33:40,-3.37,102.550
03/28/2026 08:43:40,-2.66,102.563
03/28/2026 08:53:40,-1.82,102.556
03/28/2026 09:03:40,-1.06,102.572
03/28/2026 09:13:40,-0.39,102.596
03/28/2026 09:23:40,0.31,102.605
03/28/2026 09:33:40,1.07,102.600
03/28/2026 09:43:40,1.79,102.604
03/28/2026 09:53:40,2.26,102.621
03/28/2026 10:03:40,3.48,102.567
03/28/2026 10:13:40,6.32,102.494
03/28/2026 10:23:40,9.50,102.463
03/28/2026 10:33:40,12.22,102.448
03/28/2026 10:43:40,14.52,102.427
03/28/2026 10:53:40,16.62,102.411
03/28/2026 11:03:40,18.75,102.421
03/28/2026 11:13:40,20.59,102.398
03/28/2026 11:23:40,21.84,102.417
03/28/2026 11:33:40,20.49,102.440
03/28/2026 11:43:40,20.18,102.420
03/28/2026 11:53:40,19.82,102.397
03/28/2026 12:03:40,20.30,102.379
03/28/2026 12:13:40,21.55,102.386
03/28/2026 12:23:40,22.17,102.379
03/28/2026 12:33:40,22.16,102.387
03/28/2026 12:43:40,21.51,102.401
03/28/2026 12:53:40,20.70,102.382
03/28/2026 13:03:40,20.74,102.367
03/28/2026 13:13:40,20.89,102.354
03/28/2026 13:23:40,20.02,102.374
03/28/2026 13:33:40,17.75,102.395
03/28/2026 13:43:40,15.58,102.414
03/28/2026 13:53:40,13.70,102.417
03/28/2026 14:03:40,12.03,102.403
03/28/2026 14:13:40,11.82,102.352
03/28/2026 14:23:40,13.42,102.316
03/28/2026 14:33:40,14.05,102.326
03/28/2026 14:43:40,13.79,102.334
03/28/2026 14:53:40,12.61,102.358
03/28/2026 15:03:40,11.19,102.348
03/28/2026 15:13:40,11.83,102.317
03/28/2026 15:23:40,11.66,102.313
03/28/2026 15:33:40,12.09,102.319
03/28/2026 15:43:40,12.91,102.301
03/28/2026 15:53:40,13.44,102.318
03/28/2026 16:03:40,12.75,102.373
03/28/2026 16:13:40,11.29,102.399
03/28/2026 16:23:40,9.93,102.418
03/28/2026 16:33:40,8.75,102.426
03/28/2026 16:43:40,7.77,102.438
03/28/2026 16:53:40,6.99,102.436
03/28/2026 17:03:40,6.90,102.429
03/28/2026 17:13:40,6.67,102.449
03/28/2026 17:23:40,6.09,102.436
03/28/2026 17:33:40,5.55,102.456
03/28/2026 17:43:40,5.07,102.450
03/28/2026 17:53:40,4.82,102.460
03/28/2026 18:03:40,4.59,102.457
03/28/2026 18:13:40,4.34,102.475
03/28/2026 18:23:40,3.99,102.492
03/28/2026 18:33:40,3.55,102.502
03/28/2026 18:43:40,3.16,102.530
03/28/2026 18:53:40,2.72,102.557
03/28/2026 19:03:40,2.28,102.574
03/28/2026 19:13:40,1.76,102.611
03/28/2026 19:23:40,1.20,102.626
03/28/2026 19:33:40,0.63,102.648
03/28/2026 19:43:40,0.07,102.675
03/28/2026 19:53:40,-0.44,102.684
03/28/2026 20:03:40,-0.89,102.707
03/28/2026 20:13:40,-1.27,102.733
03/28/2026 20:23:40,-1.62,102.765
03/28/2026 20:33:40,-1.92,102.775
03/28/2026 20:43:40,-2.09,102.772
03/28/2026 20:53:40,-2.14,102.776
03/28/2026 21:03:40,-2.12,102.813
03/28/2026 21:13:40,-2.10,102.819
03/28/2026 21:23:40,-2.09,102.838
03/28/2026 21:33:40,-2.11,102.814
03/28/2026 21:43:40,-2.13,102.825
03/28/2026 21:53:40,-2.19,102.824
03/28/2026 22:03:40,-2.31,102.835
03/28/2026 22:13:40,-2.44,102.848
03/28/2026 22:23:40,-2.63,102.852
03/28/2026 22:33:40,-2.81,102.847
03/28/2026 22:43:40,-3.00,102.868
03/28/2026 22:53:40,-3.23,102.885
03/28/2026 23:03:40,-3.47,102.891
03/28/2026 23:13:40,-3.65,102.891
03/28/2026 23:23:40,-3.76,102.898
03/28/2026 23:33:40,-3.85,102.911
03/28/2026 23:43:40,-3.98,102.911
03/28/2026 23:53:40,-4.17,102.919
03/29/2026 00:03:40,-4.39,102.919
03/29/2026 00:13:40,-4.61,102.932
03/29/2026 00:23:40,-4.83,102.909
03/29/2026 00:33:40,-5.05,102.922
03/29/2026 00:43:40,-5.27,102.943
03/29/2026 00:53:40,-5.48,102.949
03/29/2026 01:03:40,-5.67,102.964
03/29/2026 01:13:40,-5.84,102.964
03/29/2026 01:23:40,-6.02,102.964
03/29/2026 01:33:40,-6.18,102.964
03/29/2026 01:43:40,-6.33,102.940
03/29/2026 01:53:40,-6.42,102.931
03/29/2026 02:03:40,-6.47,102.943
03/29/2026 02:13:40,-6.49,102.937
03/29/2026 02:23:40,-6.47,102.934
03/29/2026 02:33:40,-6.44,102.946
03/29/2026 02:43:40,-6.40,102.937
03/29/2026 02:53:40,-6.38,102.940
03/29/2026 03:03:40,-6.39,102.938
03/29/2026 03:13:40,-6.43,102.942
03/29/2026 03:23:40,-6.45,102.923
03/29/2026 03:33:40,-6.48,102.946
03/29/2026 03:43:40,-6.55,102.957
03/29/2026 03:53:40,-6.64,102.951
03/29/2026 04:03:40,-6.75,102.953
03/29/2026 04:13:40,-6.85,102.956
03/29/2026 04:23:40,-6.91,102.963
03/29/2026 04:33:40,-6.91,102.963
03/29/2026 04:43:40,-6.80,102.962
03/29/2026 04:53:40,-6.61,102.977
03/29/2026 05:03:40,-6.46,102.983
03/29/2026 05:13:40,-6.43,103.009
03/29/2026 05:23:40,-6.47,103.013
03/29/2026 05:33:40,-6.58,103.024
03/29/2026 05:43:40,-6.70,103.011
03/29/2026 05:53:40,-6.79,103.028
03/29/2026 06:03:40,-6.76,103.022
03/29/2026 06:13:40,-6.65,103.038
03/29/2026 06:23:40,-6.59,103.049
03/29/2026 06:33:40,-6.65,103.070
03/29/2026 06:43:40,-6.76,103.088
03/29/2026 06:53:40,-6.81,103.096
03/29/2026 07:03:40,-6.63,103.102
03/29/2026 07:13:40,-6.20,103.098
03/29/2026 07:23:40,-5.64,103.090
03/29/2026 07:33:40,-5.07,103.114
03/29/2026 07:43:40,-4.48,103.121
03/29/2026 07:53:40,-3.82,103.138
03/29/2026 08:03:40,-3.13,103.155
03/29/2026 08:13:40,-2.44,103.161
03/29/2026 08:23:40,-1.81,103.165
03/29/2026 08:33:40,-1.21,103.165
03/29/2026 08:43:40,-0.59,103.154
03/29/2026 08:53:40,0.14,103.149
03/29/2026 09:03:40,0.96,103.132
03/29/2026 09:13:40,1.97,103.111
03/29/2026 09:23:40,3.07,103.078
03/29/2026 09:33:40,4.54,103.049
03/29/2026 09:43:40,6.44,103.000
03/29/2026 09:53:40,8.49,102.949
03/29/2026 10:03:40,10.75,102.921
03/29/2026 10:13:40,13.20,102.882
03/29/2026 10:23:40,15.39,102.868
03/29/2026 10:33:40,17.44,102.845
03/29/2026 10:43:40,19.41,102.816
03/29/2026 10:53:40,20.99,102.801
03/29/2026 11:03:40,22.47,102.786
03/29/2026 11:13:40,23.42,102.802
03/29/2026 11:23:40,24.01,102.792
03/29/2026 11:33:40,24.91,102.768
03/29/2026 11:43:40,25.68,102.766
03/29/2026 11:53:40,25.58,102.752
03/29/2026 12:03:40,25.65,102.720
03/29/2026 12:13:40,25.47,102.719
03/29/2026 12:23:40,25.59,102.672
03/29/2026 12:33:40,25.98,102.645
03/29/2026 12:43:40,26.05,102.617
03/29/2026 12:53:40,26.05,102.609
03/29/2026 13:03:40,26.03,102.594
03/29/2026 13:13:40,25.91,102.578
03/29/2026 13:23:40,26.26,102.562
03/29/2026 13:33:40,26.90,102.503
03/29/2026 13:43:40,27.62,102.478
03/29/2026 13:53:40,27.37,102.465
03/29/2026 14:03:40,25.58,102.453
03/29/2026 14:13:40,24.75,102.397
03/29/2026 14:23:40,26.00,102.355
03/29/2026 14:33:40,27.36,102.348
03/29/2026 14:43:40,28.33,102.327
03/29/2026 14:53:40,28.35,102.337
03/29/2026 15:03:40,27.29,102.336
03/29/2026 15:13:40,27.16,102.329
03/29/2026 15:23:40,25.87,102.339
03/29/2026 15:33:40,24.53,102.309
03/29/2026 15:43:40,22.69,102.321
03/29/2026 15:53:40,21.00,102.289
03/29/2026 16:03:40,20.18,102.255
03/29/2026 16:13:40,19.60,102.259
03/29/2026 16:23:40,19.31,102.231
03/29/2026 16:33:40,18.71,102.223
03/29/2026 16:43:40,18.33,102.189
03/29/2026 16:53:40,18.65,102.183
03/29/2026 17:03:40,18.92,102.183
03/29/2026 17:13:40,18.61,102.207
03/29/2026 17:23:40,18.02,102.208
03/29/2026 17:33:40,17.27,102.215
03/29/2026 17:43:40,16.32,102.244
03/29/2026 17:53:40,15.20,102.250
03/29/2026 18:03:40,14.10,102.268
03/29/2026 18:13:40,13.09,102.283
03/29/2026 18:23:40,12.20,102.300
03/29/2026 18:33:40,11.46,102.293
03/29/2026 18:43:40,10.85,102.308
03/29/2026 18:53:40,10.33,102.298
03/29/2026 19:03:40,9.81,102.315
03/29/2026 19:13:40,9.26,102.338
03/29/2026 19:23:40,8.74,102.332
03/29/2026 19:33:40,8.23,102.335
03/29/2026 19:43:40,7.74,102.361
03/29/2026 19:53:40,7.30,102.355
03/29/2026 20:03:40,6.88,102.365
03/29/2026 20:13:40,6.55,102.351
03/29/2026 20:23:40,6.26,102.366
03/29/2026 20:33:40,5.99,102.369
03/29/2026 20:43:40,5.74,102.371
03/29/2026 20:53:40,5.55,102.381
03/29/2026 21:03:40,5.35,102.372
03/29/2026 21:13:40,5.15,102.368
03/29/2026 21:23:40,5.00,102.374
03/29/2026 21:33:40,4.89,102.355
03/29/2026 21:43:40,4.79,102.346
03/29/2026 21:53:40,4.70,102.365
03/29/2026 22:03:40,4.62,102.358
03/29/2026 22:13:40,4.58,102.332
03/29/2026 22:23:40,4.55,102.338
03/29/2026 22:33:40,4.44,102.347
03/29/2026 22:43:40,4.31,102.348
03/29/2026 22:53:40,4.22,102.354
03/29/2026 23:03:40,4.11,102.345
03/29/2026 23:13:40,4.02,102.327
03/29/2026 23:23:40,3.89,102.343
03/29/2026 23:33:40,3.77,102.337
03/29/2026 23:43:40,3.64,102.347
03/29/2026 23:53:40,3.46,102.336
03/30/2026 00:03:40,3.29,102.329
03/30/2026 00:13:40,3.10,102.317
03/30/2026 00:23:40,2.89,102.307
03/30/2026 00:33:40,2.65,102.325
03/30/2026 00:43:40,2.32,102.340
03/30/2026 00:53:40,2.02,102.330
03/30/2026 01:03:40,1.76,102.342
03/30/2026 01:13:40,1.52,102.320
03/30/2026 01:23:40,1.41,102.310
03/30/2026 01:33:40,1.32,102.292
03/30/2026 01:43:40,1.27,102.253
03/30/2026 01:53:40,1.37,102.262
03/30/2026 02:03:40,1.49,102.246
03/30/2026 02:13:40,1.54,102.247
03/30/2026 02:23:40,1.59,102.211
03/30/2026 02:33:40,1.65,102.187
03/30/2026 02:43:40,1.78,102.162
03/30/2026 02:53:40,1.88,102.119
03/30/2026 03:03:40,1.97,102.105
03/30/2026 03:13:40,2.07,102.061
03/30/2026 03:23:40,2.08,102.044
03/30/2026 03:33:40,2.00,102.024
03/30/2026 03:43:40,1.86,102.016
03/30/2026 03:53:40,1.76,102.002
03/30/2026 04:03:40,1.72,101.964
03/30/2026 04:13:40,1.79,101.965
03/30/2026 04:23:40,1.96,101.950
03/30/2026 04:33:40,2.23,101.908
03/30/2026 04:43:40,2.54,101.900
03/30/2026 04:53:40,2.82,101.899
03/30/2026 05:03:40,3.10,101.884
03/30/2026 05:13:40,3.33,101.887
03/30/2026 05:23:40,3.50,101.867
03/30/2026 05:33:40,3.65,101.866
03/30/2026 05:43:40,3.77,101.847
03/30/2026 05:53:40,3.89,101.839
03/30/2026 06:03:40,3.98,101.834
03/30/2026 06:13:40,4.03,101.830
03/30/2026 06:23:40,4.05,101.836
03/30/2026 06:33:40,4.05,101.827
03/30/2026 06:43:40,3.99,101.817
03/30/2026 06:53:40,3.93,101.807
03/30/2026 07:03:40,3.95,101.787
03/30/2026 07:13:40,4.06,101.792
03/30/2026 07:23:40,4.21,101.793
03/30/2026 07:33:40,4.47,101.766
03/30/2026 07:43:40,4.72,101.744
03/30/2026 07:53:40,5.12,101.720
03/30/2026 08:03:40,5.81,101.705
03/30/2026 08:13:40,6.66,101.679
03/30/2026 08:23:40,7.51,101.661
03/30/2026 08:33:40,8.21,101.673
03/30/2026 08:43:40,8.82,101.643
03/30/2026 08:53:40,9.19,101.637
03/30/2026 09:03:40,9.46,101.637
03/30/2026 09:13:40,9.70,101.624
03/30/2026 09:23:40,9.99,101.630
03/30/2026 09:33:40,10.50,101.608
03/30/2026 09:43:40,11.08,101.590
03/30/2026 09:53:40,11.58,101.584
03/30/2026 10:03:40,12.06,101.585
03/30/2026 10:13:40,12.51,101.561
03/30/2026 10:23:40,12.91,101.547
03/30/2026 10:33:40,13.27,101.520
03/30/2026 10:43:40,13.86,101.487
03/30/2026 10:53:40,14.85,101.443
03/30/2026 11:03:40,15.99,101.416
03/30/2026 11:13:40,16.92,101.400
03/30/2026 11:23:40,17.65,101.374
03/30/2026 11:33:40,18.01,101.371
03/30/2026 11:43:40,18.64,101.346
03/30/2026 11:53:40,20.30,101.283
03/30/2026 12:03:40,23.19,101.236
03/30/2026 12:13:40,25.70,101.218
03/30/2026 12:23:40,27.71,101.199
03/30/2026 12:33:40,29.25,101.184
03/30/2026 12:43:40,30.49,101.150
03/30/2026 12:53:40,31.58,101.138
03/30/2026 13:03:40,32.43,101.136
03/30/2026 13:13:40,32.93,101.136
03/30/2026 13:23:40,33.29,101.116
03/30/2026 13:33:40,33.57,101.110
03/30/2026 13:43:40,33.54,101.100
03/30/2026 13:53:40,33.77,101.079
03/30/2026 14:03:40,34.37,101.050
03/30/2026 14:13:40,35.15,101.020
03/30/2026 14:23:40,36.04,101.001
03/30/2026 14:33:40,36.67,100.981
03/30/2026 14:43:40,37.33,100.966
03/30/2026 14:53:40,37.83,100.957
03/30/2026 15:03:40,37.36,100.953
03/30/2026 15:13:40,37.51,100.950
03/30/2026 15:23:40,37.13,100.927
03/30/2026 15:33:40,36.63,100.917
03/30/2026 15:43:40,35.73,100.899
03/30/2026 15:53:40,34.01,100.883
03/30/2026 16:03:40,32.00,100.862
03/30/2026 16:13:40,30.38,100.853
03/30/2026 16:23:40,29.40,100.851
03/30/2026 16:33:40,28.62,100.852
03/30/2026 16:43:40,28.00,100.843
03/30/2026 16:53:40,27.24,100.857
03/30/2026 17:03:40,26.65,100.866
03/30/2026 17:13:40,26.16,100.863
03/30/2026 17:23:40,25.58,100.853
03/30/2026 17:33:40,25.06,100.860
03/30/2026 17:43:40,24.42,100.860
03/30/2026 17:53:40,23.85,100.832
03/30/2026 18:03:40,23.32,100.846
03/30/2026 18:13:40,22.81,100.852
03/30/2026 18:23:40,22.29,100.861
03/30/2026 18:33:40,21.77,100.875
03/30/2026 18:43:40,21.23,100.886
03/30/2026 18:53:40,20.56,100.890
03/30/2026 19:03:40,19.77,100.920
03/30/2026 19:13:40,18.90,100.918
03/30/2026 19:23:40,18.01,100.913
03/30/2026 19:33:40,17.19,100.947
03/30/2026 19:43:40,16.80,100.921
03/30/2026 19:53:40,16.58,100.941
03/30/2026 20:03:40,16.33,100.933
03/30/2026 20:13:40,16.02,100.952
03/30/2026 20:23:40,15.52,101.002
03/30/2026 20:33:40,14.98,100.999
03/30/2026 20:43:40,14.47,101.016
03/30/2026 20:53:40,13.99,101.040
03/30/2026 21:03:40,13.71,101.050
03/30/2026 21:13:40,13.39,101.071
03/30/2026 21:23:40,13.08,101.062
03/30/2026 21:33:40,12.84,101.080
03/30/2026 21:43:40,12.55,101.076
03/30/2026 21:53:40,12.25,101.094
03/30/2026 22:03:40,11.99,101.114
03/30/2026 22:13:40,11.70,101.119
03/30/2026 22:23:40,11.42,101.107
03/30/2026 22:33:40,11.18,101.106
03/30/2026 22:43:40,10.99,101.109
03/30/2026 22:53:40,10.87,101.126
03/30/2026 23:03:40,10.89,101.097
03/30/2026 23:13:40,11.03,101.103
03/30/2026 23:23:40,11.06,101.101
03/30/2026 23:33:40,10.97,101.121
03/30/2026 23:43:40,10.74,101.099
03/30/2026 23:53:40,10.43,101.106
03/31/2026 00:03:40,10.11,101.125
03/31/2026 00:13:40,9.80,101.132
03/31/2026 00:23:40,9.53,101.142
03/31/2026 00:33:40,9.27,101.135
03/31/2026 00:43:40,9.04,101.130
03/31/2026 00:53:40,8.84,101.136
03/31/2026 01:03:40,8.79,101.136
03/31/2026 01:13:40,8.92,101.124
03/31/2026 01:23:40,9.18,101.110
03/31/2026 01:33:40,9.51,101.101
03/31/2026 01:43:40,9.84,101.086
03/31/2026 01:53:40,10.13,101.091
03/31/2026 02:03:40,10.37,101.066
03/31/2026 02:13:40,10.52,101.073
03/31/2026 02:23:40,10.60,101.066
03/31/2026 02:33:40,10.61,101.053
03/31/2026 02:43:40,10.68,101.028
03/31/2026 02:53:40,10.91,100.984
03/31/2026 03:03:40,11.28,100.981
03/31/2026 03:13:40,11.67,100.997
03/31/2026 03:23:40,11.85,101.015
03/31/2026 03:33:40,11.85,101.010
03/31/2026 03:43:40,11.80,100.994
03/31/2026 03:53:40,11.82,100.946
03/31/2026 04:03:40,11.89,100.934
03/31/2026 04:13:40,12.02,100.921
03/31/2026 04:23:40,12.12,100.920
03/31/2026 04:33:40,12.15,100.935
03/31/2026 04:43:40,12.22,100.932
03/31/2026 04:53:40,12.34,100.923
03/31/2026 05:03:40,12.38,100.917
03/31/2026 05:13:40,12.37,100.921
03/31/2026 05:23:40,12.35,100.937
03/31/2026 05:33:40,12.33,100.936
03/31/2026 05:43:40,12.31,100.934
03/31/2026 05:53:40,12.30,100.898
03/31/2026 06:03:40,12.30,100.906
03/31/2026 06:13:40,12.26,100.930
03/31/2026 06:23:40,12.20,100.935
03/31/2026 06:33:40,12.12,100.990
03/31/2026 06:43:40,12.06,100.991
03/31/2026 06:53:40,12.07,100.987
03/31/2026 07:03:40,12.12,100.977
03/31/2026 07:13:40,12.19,100.960
03/31/2026 07:23:40,12.22,100.954
03/31/2026 07:33:40,12.22,100.927
03/31/2026 07:43:40,12.20,100.944
03/31/2026 07:53:40,12.19,100.956
03/31/2026 08:03:40,12.20,100.944
03/31/2026 08:13:40,12.24,100.925
03/31/2026 08:23:40,12.37,100.903
03/31/2026 08:33:40,12.63,100.869
03/31/2026 08:43:40,12.85,100.881
03/31/2026 08:53:40,12.97,100.877
03/31/2026 09:03:40,13.06,100.888
03/31/2026 09:13:40,13.16,100.904
03/31/2026 09:23:40,13.28,100.908
03/31/2026 09:33:40,13.46,100.939
03/31/2026 09:43:40,13.63,100.973
03/31/2026 09:53:40,13.66,100.994
03/31/2026 10:03:40,13.52,101.037
03/31/2026 10:13:40,13.52,101.001
03/31/2026 10:23:40,13.97,101.011
03/31/2026 10:33:40,14.51,100.957
03/31/2026 10:43:40,14.97,100.954
03/31/2026 10:53:40,15.31,100.912
03/31/2026 11:03:40,15.48,100.932
03/31/2026 11:13:40,15.76,100.939
03/31/2026 11:23:40,16.16,100.931
03/31/2026 11:33:40,16.64,100.915
03/31/2026 11:43:40,17.21,100.895
03/31/2026 11:53:40,17.80,100.886
03/31/2026 12:03:40,18.35,100.847
03/31/2026 12:13:40,18.43,100.879
03/31/2026 12:23:40,18.38,100.853
03/31/2026 12:33:40,18.36,100.838
03/31/2026 12:43:40,18.25,100.831
03/31/2026 12:53:40,18.33,100.849
03/31/2026 13:03:40,18.41,100.873
03/31/2026 13:13:40,18.80,100.880
03/31/2026 13:23:40,19.64,100.854
03/31/2026 13:33:40,20.04,100.880
03/31/2026 13:43:40,19.85,100.885
03/31/2026 13:53:40,19.34,100.844
03/31/2026 14:03:40,18.78,100.826
03/31/2026 14:13:40,18.55,100.766
03/31/2026 14:23:40,18.90,100.727
03/31/2026 14:33:40,19.59,100.730
03/31/2026 14:43:40,20.04,100.808
03/31/2026 14:53:40,20.41,100.773
03/31/2026 15:03:40,20.92,100.743
03/31/2026 15:13:40,21.62,100.737
03/31/2026 15:23:40,22.74,100.692
03/31/2026 15:33:40,23.86,100.690
03/31/2026 15:43:40,24.66,100.673
03/31/2026 15:53:40,25.39,100.651
03/31/2026 16:03:40,25.84,100.644
03/31/2026 16:13:40,26.08,100.639
03/31/2026 16:23:40,26.15,100.617
03/31/2026 16:33:40,26.07,100.599
03/31/2026 16:43:40,26.30,100.593
03/31/2026 16:53:40,26.60,100.565
03/31/2026 17:03:40,26.76,100.555
03/31/2026 17:13:40,26.59,100.573
03/31/2026 17:23:40,26.22,100.562
03/31/2026 17:33:40,25.80,100.553
03/31/2026 17:43:40,25.29,100.507
03/31/2026 17:53:40,24.70,100.532
03/31/2026 18:03:40,24.06,100.532
03/31/2026 18:13:40,23.38,100.524
03/31/2026 18:23:40,22.63,100.529
03/31/2026 18:33:40,21.88,100.538
03/31/2026 18:43:40,21.15,100.570
03/31/2026 18:53:40,20.49,100.565
03/31/2026 19:03:40,19.93,100.552
03/31/2026 19:13:40,19.43,100.525
03/31/2026 19:23:40,18.94,100.538
03/31/2026 19:33:40,18.37,100.532
03/31/2026 19:43:40,17.86,100.512
03/31/2026 19:53:40,17.71,100.493
03/31/2026 20:03:40,17.72,100.480
03/31/2026 20:13:40,17.90,100.474
03/31/2026 20:23:40,18.03,100.470
03/31/2026 20:33:40,18.17,100.474
03/31/2026 20:43:40,18.31,100.466
03/31/2026 20:53:40,18.47,100.494
03/31/2026 21:03:40,18.62,100.540
03/31/2026 21:13:40,18.66,100.747
03/31/2026 21:23:40,18.42,100.784
03/31/2026 21:33:40,17.91,100.782
03/31/2026 21:43:40,17.36,100.794
03/31/2026 21:53:40,16.87,100.770
03/31/2026 22:03:40,16.40,100.787
03/31/2026 22:13:40,16.02,100.765
03/31/2026 22:23:40,15.70,100.765
03/31/2026 22:33:40,15.41,100.874
03/31/2026 22:43:40,15.16,100.728
03/31/2026 22:53:40,14.99,100.702
03/31/2026 23:03:40,14.78,100.634
03/31/2026 23:13:40,14.54,100.617
03/31/2026 23:23:40,14.32,100.726
03/31/2026 23:33:40,14.13,100.730
03/31/2026 23:43:40,14.00,100.672
03/31/2026 23:53:40,13.89,100.651
04/01/2026 00:03:40,13.78,100.616
04/01/2026 00:13:40,13.65,100.606
04/01/2026 00:23:40,13.52,100.580
04/01/2026 00:33:40,13.42,100.528
04/01/2026 00:43:40,13.31,100.528
04/01/2026 00:53:40,13.13,100.534
04/01/2026 01:03:40,12.89,100.507
04/01/2026 01:13:40,12.64,100.529
04/01/2026 01:23:40,12.42,100.583
04/01/2026 01:33:40,12.25,100.668
04/01/2026 01:43:40,12.16,100.577
04/01/2026 01:53:40,12.11,100.551
04/01/2026 02:03:40,12.05,100.493
04/01/2026 02:13:40,11.97,100.501
04/01/2026 02:23:40,11.88,100.508
04/01/2026 02:33:40,11.81,100.485
04/01/2026 02:43:40,11.76,100.476
04/01/2026 02:53:40,11.73,100.487
04/01/2026 03:03:40,11.69,100.476
04/01/2026 03:13:40,11.66,100.478
04/01/2026 03:23:40,11.62,100.475
04/01/2026 03:33:40,11.58,100.484
04/01/2026 03:43:40,11.52,100.471
04/01/2026 03:53:40,11.48,100.460
04/01/2026 04:03:40,11.51,100.448
04/01/2026 04:13:40,11.62,100.470
04/01/2026 04:23:40,11.74,100.497
04/01/2026 04:33:40,11.89,100.521
04/01/2026 04:43:40,12.00,100.529
04/01/2026 04:53:40,12.00,100.534
04/01/2026 05:03:40,11.93,100.565
04/01/2026 05:13:40,11.78,100.575
04/01/2026 05:23:40,11.62,100.595
04/01/2026 05:33:40,11.47,100.601
04/01/2026 05:43:40,11.33,100.617
04/01/2026 05:53:40,11.19,100.628
04/01/2026 06:03:40,11.05,100.644
04/01/2026 06:13:40,10.90,100.651
04/01/2026 06:23:40,10.77,100.671
04/01/2026 06:33:40,10.66,100.681
04/01/2026 06:43:40,10.55,100.708
04/01/2026 06:53:40,10.47,100.741
04/01/2026 07:03:40,10.44,100.761
04/01/2026 07:13:40,10.47,100.764
04/01/2026 07:23:40,10.55,100.783
04/01/2026 07:33:40,10.65,100.799
04/01/2026 07:43:40,10.80,100.837
04/01/2026 07:53:40,10.97,100.864
04/01/2026 08:03:40,11.21,100.846
04/01/2026 08:13:40,11.54,100.850
04/01/2026 08:23:40,12.02,100.842
04/01/2026 08:33:40,12.71,100.826
04/01/2026 08:43:40,13.63,100.814
04/01/2026 08:53:40,14.78,100.826
04/01/2026 09:03:40,16.00,100.821
04/01/2026 09:13:40,17.19,100.827
04/01/2026 09:23:40,18.29,100.847
04/01/2026 09:33:40,19.19,100.879
04/01/2026 09:43:40,19.89,100.884
04/01/2026 09:53:40,20.67,100.901
04/01/2026 10:03:40,21.66,100.912
04/01/2026 10:13:40,22.78,100.904
04/01/2026 10:23:40,23.58,100.919
04/01/2026 10:33:40,23.97,100.946
04/01/2026 10:43:40,23.80,100.999
04/01/2026 10:53:40,23.24,101.029
04/01/2026 11:03:40,22.54,101.037
04/01/2026 11:13:40,21.87,101.055
04/01/2026 11:23:40,21.29,101.068
04/01/2026 11:33:40,20.80,101.083
04/01/2026 11:43:40,20.36,101.104
04/01/2026 11:53:40,19.96,101.110
04/01/2026 12:03:40,19.77,101.111
04/01/2026 12:13:40,19.87,101.118
04/01/2026 12:23:40,20.51,101.109
04/01/2026 12:33:40,21.35,101.121
04/01/2026 12:43:40,22.07,101.165
04/01/2026 12:53:40,22.77,101.166
04/01/2026 13:03:40,22.85,101.198
04/01/2026 13:13:40,22.43,101.200
04/01/2026 13:23:40,21.86,101.228
04/01/2026 13:33:40,21.28,101.228
04/01/2026 13:43:40,20.81,101.244
04/01/2026 13:53:40,20.54,101.249
04/01/2026 14:03:40,20.31,101.262
04/01/2026 14:13:40,20.49,101.268
04/01/2026 14:23:40,21.55,101.236
04/01/2026 14:33:40,23.48,101.239
04/01/2026 14:43:40,24.32,101.279
04/01/2026 14:53:40,24.40,101.279
04/01/2026 15:03:40,24.38,101.282
04/01/2026 15:13:40,24.09,101.323
04/01/2026 15:23:40,23.17,101.324
04/01/2026 15:33:40,22.14,101.356
04/01/2026 15:43:40,21.18,101.347
04/01/2026 15:53:40,20.43,101.385
04/01/2026 16:03:40,19.75,101.404
04/01/2026 16:13:40,19.26,101.422
04/01/2026 16:23:40,18.81,101.446
04/01/2026 16:33:40,18.44,101.458
04/01/2026 16:43:40,18.14,101.482
04/01/2026 16:53:40,17.93,101.473
04/01/2026 17:03:40,17.74,101.504
04/01/2026 17:13:40,17.50,101.537
04/01/2026 17:23:40,17.24,101.538
04/01/2026 17:33:40,16.93,101.552
04/01/2026 17:43:40,16.63,101.603
04/01/2026 17:53:40,16.30,101.633
04/01/2026 18:03:40,15.91,101.655
04/01/2026 18:13:40,15.55,101.706
04/01/2026 18:23:40,15.18,101.702
04/01/2026 18:33:40,14.81,101.738
04/01/2026 18:43:40,14.43,101.790
04/01/2026 18:53:40,14.07,101.840
04/01/2026 19:03:40,13.72,101.845
04/01/2026 19:13:40,13.37,101.851
04/01/2026 19:23:40,13.04,101.880
04/01/2026 19:33:40,12.72,101.860
04/01/2026 19:43:40,12.42,101.891
04/01/2026 19:53:40,12.11,101.890
04/01/2026 20:03:40,11.82,101.908
04/01/2026 20:13:40,11.54,101.962
04/01/2026 20:23:40,11.30,101.948
04/01/2026 20:33:40,11.07,101.953
04/01/2026 20:43:40,10.87,101.959
04/01/2026 20:53:40,10.69,102.026
04/01/2026 21:03:40,10.54,102.031
04/01/2026 21:13:40,10.38,102.055
04/01/2026 21:23:40,10.20,102.076
04/01/2026 21:33:40,9.98,102.080
04/01/2026 21:43:40,9.74,102.137
04/01/2026 21:53:40,9.53,102.152
04/01/2026 22:03:40,9.33,102.197
04/01/2026 22:13:40,9.10,102.232
04/01/2026 22:23:40,8.83,102.246
04/01/2026 22:33:40,8.54,102.263
04/01/2026 22:43:40,8.25,102.292
04/01/2026 22:53:40,7.95,102.299
04/01/2026 23:03:40,7.67,102.320
04/01/2026 23:13:40,7.42,102.330
04/01/2026 23:23:40,7.19,102.324
04/01/2026 23:33:40,6.97,102.341
04/01/2026 23:43:40,6.78,102.339
04/01/2026 23:53:40,6.61,102.320
04/02/2026 00:03:40,6.47,102.340
04/02/2026 00:13:40,6.34,102.377
04/02/2026 00:23:40,6.23,102.376
04/02/2026 00:33:40,6.11,102.393
04/02/2026 00:43:40,6.01,102.389
04/02/2026 00:53:40,5.91,102.412
04/02/2026 01:03:40,5.83,102.409
04/02/2026 01:13:40,5.78,102.453
04/02/2026 01:23:40,5.73,102.458
04/02/2026 01:33:40,5.68,102.493
04/02/2026 01:43:40,5.62,102.501
04/02/2026 01:53:40,5.55,102.487
04/02/2026 02:03:40,5.49,102.464
04/02/2026 02:13:40,5.41,102.444
04/02/2026 02:23:40,5.34,102.451
04/02/2026 02:33:40,5.26,102.444
04/02/2026 02:43:40,5.20,102.492
04/02/2026 02:53:40,5.13,102.513
04/02/2026 03:03:40,5.04,102.478
04/02/2026 03:13:40,4.95,102.435
04/02/2026 03:23:40,4.87,102.424
04/02/2026 03:33:40,4.80,102.409
04/02/2026 03:43:40,4.75,102.431
04/02/2026 03:53:40,4.71,102.441
04/02/2026 04:03:40,4.67,102.477
04/02/2026 04:13:40,4.62,102.508
04/02/2026 04:23:40,4.58,102.513
04/02/2026 04:33:40,4.52,102.513
04/02/2026 04:43:40,4.46,102.507
04/02/2026 04:53:40,4.36,102.539
04/02/2026 05:03:40,4.26,102.574
04/02/2026 05:13:40,4.15,102.569
04/02/2026 05:23:40,4.07,102.575
04/02/2026 05:33:40,4.02,102.575
04/02/2026 05:43:40,3.97,102.580
04/02/2026 05:53:40,3.94,102.603
04/02/2026 06:03:40,3.90,102.604
04/02/2026 06:13:40,3.86,102.635
04/02/2026 06:23:40,3.81,102.653
04/02/2026 06:33:40,3.76,102.666
04/02/2026 06:43:40,3.69,102.679
04/02/2026 06:53:40,3.64,102.674
04/02/2026 07:03:40,3.62,102.694
04/02/2026 07:13:40,3.62,102.721
04/02/2026 07:23:40,3.64,102.740
04/02/2026 07:33:40,3.66,102.764
04/02/2026 07:43:40,3.69,102.793
04/02/2026 07:53:40,3.71,102.786
04/02/2026 08:03:40,3.74,102.802
04/02/2026 08:13:40,3.78,102.810
04/02/2026 08:23:40,3.80,102.816
04/02/2026 08:33:40,3.85,102.820
04/02/2026 08:43:40,3.93,102.823
04/02/2026 08:53:40,4.02,102.844
04/02/2026 09:03:40,4.13,102.859
04/02/2026 09:13:40,4.31,102.874
04/02/2026 09:23:40,4.48,102.894
04/02/2026 09:33:40,4.58,102.924
04/02/2026 09:43:40,4.67,102.936
04/02/2026 09:53:40,4.78,102.942
04/02/2026 10:03:40,4.93,102.937
04/02/2026 10:13:40,5.10,102.921
04/02/2026 10:23:40,5.34,102.941
04/02/2026 10:33:40,5.56,102.947
04/02/2026 10:43:40,5.70,102.977
04/02/2026 10:53:40,5.72,102.979
04/02/2026 11:03:40,5.74,102.980
04/02/2026 11:13:40,5.79,102.972
04/02/2026 11:23:40,5.82,102.970
04/02/2026 11:33:40,5.86,102.978
04/02/2026 11:43:40,5.87,102.956
04/02/2026 11:53:40,5.90,102.941
04/02/2026 12:03:40,6.12,102.911
04/02/2026 12:13:40,6.39,102.916
04/02/2026 12:23:40,6.64,102.924
04/02/2026 12:33:40,6.66,102.934
04/02/2026 12:43:40,6.64,102.951
04/02/2026 12:53:40,6.63,102.963
04/02/2026 13:03:40,6.54,102.986
04/02/2026 13:13:40,6.42,102.990
04/02/2026 13:23:40,6.35,102.957
04/02/2026 13:33:40,6.35,103.006
04/02/2026 13:43:40,6.28,102.987
04/02/2026 13:53:40,6.26,102.967
04/02/2026 14:03:40,6.29,102.947
04/02/2026 14:13:40,6.41,102.958
04/02/2026 14:23:40,6.42,102.950
04/02/2026 14:33:40,6.35,102.921
04/02/2026 14:43:40,6.32,102.893
04/02/2026 14:53:40,6.40,102.877
04/02/2026 15:03:40,6.47,102.870
04/02/2026 15:13:40,6.57,102.874
04/02/2026 15:23:40,6.59,102.889
04/02/2026 15:33:40,6.57,102.878
04/02/2026 15:43:40,6.53,102.862
04/02/2026 15:53:40,6.48,102.870
04/02/2026 16:03:40,6.29,102.864
04/02/2026 16:13:40,6.10,102.878
04/02/2026 16:23:40,5.92,102.863
04/02/2026 16:33:40,5.75,102.901
04/02/2026 16:43:40,5.51,102.903
04/02/2026 16:53:40,5.25,102.868
04/02/2026 17:03:40,5.01,102.873
04/02/2026 17:13:40,4.79,102.863
04/02/2026 17:23:40,4.62,102.861
04/02/2026 17:33:40,4.47,102.857
04/02/2026 17:43:40,4.37,102.879
04/02/2026 17:53:40,4.27,102.906
04/02/2026 18:03:40,4.15,102.891
04/02/2026 18:13:40,4.02,102.884
04/02/2026 18:23:40,3.87,102.898
04/02/2026 18:33:40,3.74,102.863
04/02/2026 18:43:40,3.61,102.874
04/02/2026 18:53:40,3.48,102.876
04/02/2026 19:03:40,3.37,102.893
04/02/2026 19:13:40,3.28,102.876
04/02/2026 19:23:40,3.19,102.890
04/02/2026 19:33:40,3.11,102.878
04/02/2026 19:43:40,3.03,102.880
04/02/2026 19:53:40,2.97,102.892
04/02/2026 20:03:40,2.93,102.919
04/02/2026 20:13:40,2.89,102.889
04/02/2026 20:23:40,2.86,102.878
04/02/2026 20:33:40,2.83,102.897
04/02/2026 20:43:40,2.80,102.908
04/02/2026 20:53:40,2.78,102.893
04/02/2026 21:03:40,2.74,102.903
04/02/2026 21:13:40,2.71,102.900
04/02/2026 21:23:40,2.69,102.893
04/02/2026 21:33:40,2.66,102.913
04/02/2026 21:43:40,2.64,102.907
04/02/2026 21:53:40,2.63,102.906
04/02/2026 22:03:40,2.60,102.908
04/02/2026 22:13:40,2.58,102.902
04/02/2026 22:23:40,2.56,102.900
04/02/2026 22:33:40,2.54,102.911
04/02/2026 22:43:40,2.52,102.878
04/02/2026 22:53:40,2.49,102.866
04/02/2026 23:03:40,2.46,102.860
04/02/2026 23:13:40,2.44,102.845
04/02/2026 23:23:40,2.43,102.839
04/02/2026 23:33:40,2.42,102.812
04/02/2026 23:43:40,2.42,102.807
04/02/2026 23:53:40,2.42,102.790
04/03/2026 00:03:40,2.42,102.786
04/03/2026 00:13:40,2.42,102.781
04/03/2026 00:23:40,2.42,102.772
04/03/2026 00:33:40,2.42,102.777
04/03/2026 00:43:40,2.42,102.763
04/03/2026 00:53:40,2.42,102.763
04/03/2026 01:03:40,2.41,102.754
04/03/2026 01:13:40,2.41,102.745
04/03/2026 01:23:40,2.41,102.718
04/03/2026 01:33:40,2.40,102.744
04/03/2026 01:43:40,2.40,102.726
04/03/2026 01:53:40,2.40,102.700
04/03/2026 02:03:40,2.40,102.678
04/03/2026 02:13:40,2.39,102.686
04/03/2026 02:23:40,2.40,102.656
04/03/2026 02:33:40,2.41,102.643
04/03/2026 02:43:40,2.42,102.627
04/03/2026 02:53:40,2.43,102.628
04/03/2026 03:03:40,2.44,102.588
04/03/2026 03:13:40,2.44,102.566
04/03/2026 03:23:40,2.44,102.540
04/03/2026 03:33:40,2.44,102.527
04/03/2026 03:43:40,2.45,102.523
04/03/2026 03:53:40,2.45,102.505
04/03/2026 04:03:40,2.44,102.496
04/03/2026 04:13:40,2.43,102.486
04/03/2026 04:23:40,2.42,102.472
04/03/2026 04:33:40,2.41,102.440
04/03/2026 04:43:40,2.40,102.421
04/03/2026 04:53:40,2.38,102.429
04/03/2026 05:03:40,2.36,102.418
04/03/2026 05:13:40,2.34,102.395
04/03/2026 05:23:40,2.34,102.399
04/03/2026 05:33:40,2.33,102.345
04/03/2026 05:43:40,2.33,102.362
04/03/2026 05:53:40,2.32,102.353
04/03/2026 06:03:40,2.31,102.357
04/03/2026 06:13:40,2.31,102.352
04/03/2026 06:23:40,2.30,102.343
04/03/2026 06:33:40,2.31,102.325
04/03/2026 06:43:40,2.33,102.327
04/03/2026 06:53:40,2.35,102.298
04/03/2026 07:03:40,2.38,102.279
04/03/2026 07:13:40,2.44,102.275
04/03/2026 07:23:40,2.52,102.256
04/03/2026 07:33:40,2.62,102.270
04/03/2026 07:43:40,2.73,102.249
04/03/2026 07:53:40,2.88,102.292
04/03/2026 08:03:40,3.03,102.254
04/03/2026 08:13:40,3.21,102.225
04/03/2026 08:23:40,3.44,102.233
04/03/2026 08:33:40,3.70,102.233
04/03/2026 08:43:40,4.01,102.212
04/03/2026 08:53:40,4.31,102.168
04/03/2026 09:03:40,4.59,102.144
04/03/2026 09:13:40,4.93,102.155
04/03/2026 09:23:40,5.15,102.165
04/03/2026 09:33:40,5.38,102.141
04/03/2026 09:43:40,5.60,102.128
04/03/2026 09:53:40,5.92,102.112
04/03/2026 10:03:40,6.22,102.102
04/03/2026 10:13:40,6.52,102.078
04/03/2026 10:23:40,6.88,102.051
04/03/2026 10:33:40,7.15,102.002
04/03/2026 10:43:40,7.45,101.987
04/03/2026 10:53:40,7.62,101.997
04/03/2026 11:03:40,7.68,101.953
04/03/2026 11:13:40,7.79,101.927
04/03/2026 11:23:40,8.05,101.904
04/03/2026 11:33:40,8.41,101.884
04/03/2026 11:43:40,8.54,101.878
04/03/2026 11:53:40,8.70,101.859
04/03/2026 12:03:40,8.87,101.837
04/03/2026 12:13:40,8.95,101.808
04/03/2026 12:23:40,9.11,101.786
04/03/2026 12:33:40,9.29,101.769
04/03/2026 12:43:40,9.56,101.720
04/03/2026 12:53:40,10.07,101.724
04/03/2026 13:03:40,10.60,101.681
04/03/2026 13:13:40,11.06,101.655
04/03/2026 13:23:40,11.56,101.649
04/03/2026 13:33:40,12.07,101.599
04/03/2026 13:43:40,12.49,101.591
04/03/2026 13:53:40,12.86,101.570
04/03/2026 14:03:40,13.14,101.554
04/03/2026 14:13:40,13.44,101.536
04/03/2026 14:23:40,13.86,101.505
04/03/2026 14:33:40,14.18,101.492
04/03/2026 14:43:40,15.07,101.450
04/03/2026 14:53:40,17.30,101.372
04/03/2026 15:03:40,18.34,101.366
04/03/2026 15:13:40,19.27,101.342
04/03/2026 15:23:40,20.15,101.327
04/03/2026 15:33:40,21.09,101.323
04/03/2026 15:43:40,21.68,101.315
04/03/2026 15:53:40,21.66,101.287
04/03/2026 16:03:40,21.48,101.285
04/03/2026 16:13:40,21.19,101.258
04/03/2026 16:23:40,21.11,101.285
04/03/2026 16:33:40,21.37,101.265
04/03/2026 16:43:40,21.56,101.246
04/03/2026 16:53:40,21.57,101.237
04/03/2026 17:03:40,21.50,101.233
04/03/2026 17:13:40,21.08,101.234
04/03/2026 17:23:40,20.62,101.214
04/03/2026 17:33:40,20.09,101.198
04/03/2026 17:43:40,19.50,101.201
04/03/2026 17:53:40,18.95,101.206
04/03/2026 18:03:40,18.43,101.199
04/03/2026 18:13:40,17.96,101.150
04/03/2026 18:23:40,17.59,101.143
04/03/2026 18:33:40,17.36,101.154
04/03/2026 18:43:40,17.16,101.150
04/03/2026 18:53:40,16.95,101.135
04/03/2026 19:03:40,16.70,101.159
04/03/2026 19:13:40,16.40,101.151
04/03/2026 19:23:40,16.06,101.172
04/03/2026 19:33:40,15.71,101.175
04/03/2026 19:43:40,15.38,101.170
04/03/2026 19:53:40,15.12,101.169
04/03/2026 20:03:40,14.93,101.169
04/03/2026 20:13:40,14.77,101.175
04/03/2026 20:23:40,14.62,101.174
04/03/2026 20:33:40,14.51,101.170
04/03/2026 20:43:40,14.41,101.185
04/03/2026 20:53:40,14.30,101.181
04/03/2026 21:03:40,14.21,101.197
04/03/2026 21:13:40,14.11,101.186
04/03/2026 21:23:40,13.97,101.189
04/03/2026 21:33:40,13.83,101.201
04/03/2026 21:43:40,13.72,101.193
04/03/2026 21:53:40,13.60,101.180
04/03/2026 22:03:40,13.48,101.206
04/03/2026 22:13:40,13.33,101.204
04/03/2026 22:23:40,13.17,101.215
04/03/2026 22:33:40,13.03,101.205
04/03/2026 22:43:40,12.97,101.214
04/03/2026 22:53:40,12.96,101.200
04/03/2026 23:03:40,12.88,101.207
04/03/2026 23:13:40,12.71,101.199
04/03/2026 23:23:40,12.52,101.198
04/03/2026 23:33:40,12.24,101.204
04/03/2026 23:43:40,11.95,101.195
04/03/2026 23:53:40,11.76,101.203
04/04/2026 00:03:40,11.70,101.185
04/04/2026 00:13:40,11.70,101.181
04/04/2026 00:23:40,11.66,101.200
04/04/2026 00:33:40,11.52,101.207
04/04/2026 00:43:40,11.31,101.209
04/04/2026 00:53:40,10.97,101.227
04/04/2026 01:03:40,10.67,101.230
04/04/2026 01:13:40,10.58,101.224
04/04/2026 01:23:40,10.58,101.228
04/04/2026 01:33:40,10.58,101.228
04/04/2026 01:43:40,10.58,101.228
04/04/2026 01:53:40,10.41,101.224
04/04/2026 02:03:40,10.12,101.237
04/04/2026 02:13:40,9.75,101.239
04/04/2026 02:23:40,9.39,101.259
04/04/2026 02:33:40,9.05,101.299
04/04/2026 02:43:40,8.75,101.297
04/04/2026 02:53:40,8.49,101.276
04/04/2026 03:03:40,8.31,101.279
04/04/2026 03:13:40,8.11,101.293
04/04/2026 03:23:40,7.88,101.302
04/04/2026 03:33:40,7.66,101.306
04/04/2026 03:43:40,7.52,101.303
04/04/2026 03:53:40,7.45,101.293
04/04/2026 04:03:40,7.38,101.327
04/04/2026 04:13:40,7.31,101.330
04/04/2026 04:23:40,7.26,101.362
04/04/2026 04:33:40,7.26,101.357
04/04/2026 04:43:40,7.27,101.375
04/04/2026 04:53:40,7.26,101.405
04/04/2026 05:03:40,7.23,101.426
04/04/2026 05:13:40,7.22,101.464
04/04/2026 05:23:40,7.22,101.460
04/04/2026 05:33:40,7.21,101.472
04/04/2026 05:43:40,7.19,101.461
04/04/2026 05:53:40,7.17,101.496
04/04/2026 06:03:40,7.17,101.527
04/04/2026 06:13:40,7.19,101.563
04/04/2026 06:23:40,7.15,101.596
04/04/2026 06:33:40,7.17,101.654
04/04/2026 06:43:40,7.32,101.689
04/04/2026 06:53:40,7.39,101.677
04/04/2026 07:03:40,7.47,101.697
04/04/2026 07:13:40,7.69,101.742
04/04/2026 07:23:40,7.96,101.759
04/04/2026 07:33:40,8.25,101.770
04/04/2026 07:43:40,8.53,101.792
04/04/2026 07:53:40,8.92,101.815
04/04/2026 08:03:40,9.49,101.825
04/04/2026 08:13:40,10.18,101.822
04/04/2026 08:23:40,11.06,101.810
04/04/2026 08:33:40,12.03,101.818
04/04/2026 08:43:40,12.76,101.855
04/04/2026 08:53:40,13.19,101.833
04/04/2026 09:03:40,13.45,101.857
04/04/2026 09:13:40,13.89,101.885
04/04/2026 09:23:40,14.68,101.862
04/04/2026 09:33:40,15.87,101.861
04/04/2026 09:43:40,17.23,101.870
04/04/2026 09:53:40,18.06,101.895
04/04/2026 10:03:40,18.89,101.879
04/04/2026 10:13:40,20.24,101.885
04/04/2026 10:23:40,22.23,101.892
04/04/2026 10:33:40,23.89,101.893
04/04/2026 10:43:40,26.49,101.886
04/04/2026 10:53:40,29.01,101.897
04/04/2026 11:03:40,30.96,101.885
04/04/2026 11:13:40,32.51,101.920
04/04/2026 11:23:40,33.47,101.918
04/04/2026 11:33:40,34.27,101.921
04/04/2026 11:43:40,34.87,101.920
04/04/2026 11:53:40,35.24,101.899
04/04/2026 12:03:40,35.75,101.884
04/04/2026 12:13:40,36.77,101.870
04/04/2026 12:23:40,37.38,101.867
04/04/2026 12:33:40,38.05,101.892
04/04/2026 12:43:40,38.88,101.864
04/04/2026 12:53:40,39.70,101.874
04/04/2026 13:03:40,40.39,101.898
04/04/2026 13:13:40,40.82,101.876
04/04/2026 13:23:40,40.73,101.850
04/04/2026 13:33:40,40.46,101.851
04/04/2026 13:43:40,40.78,101.848
04/04/2026 13:53:40,41.21,101.839
04/04/2026 14:03:40,40.58,101.828
04/04/2026 14:13:40,38.62,101.845
04/04/2026 14:23:40,35.91,101.814
04/04/2026 14:33:40,33.21,101.799
04/04/2026 14:43:40,30.78,101.786
04/04/2026 14:53:40,28.76,101.794
04/04/2026 15:03:40,28.00,101.773
04/04/2026 15:13:40,28.44,101.765
04/04/2026 15:23:40,29.98,101.797
04/04/2026 15:33:40,29.91,101.798
04/04/2026 15:43:40,28.70,101.796
04/04/2026 15:53:40,27.45,101.785
04/04/2026 16:03:40,26.41,101.797
04/04/2026 16:13:40,24.99,101.812
04/04/2026 16:23:40,23.36,101.843
04/04/2026 16:33:40,21.96,101.889
04/04/2026 16:43:40,20.68,101.904
04/04/2026 16:53:40,19.55,101.908
04/04/2026 17:03:40,18.56,101.937
04/04/2026 17:13:40,17.67,101.936
04/04/2026 17:23:40,16.95,101.985
04/04/2026 17:33:40,16.21,101.996
04/04/2026 17:43:40,15.38,101.992
04/04/2026 17:53:40,14.59,102.019
04/04/2026 18:03:40,13.81,102.052
04/04/2026 18:13:40,13.20,102.082
04/04/2026 18:23:40,12.55,102.092
04/04/2026 18:33:40,11.90,102.092
04/04/2026 18:43:40,11.37,102.135
04/04/2026 18:53:40,10.88,102.133
04/04/2026 19:03:40,10.41,102.141
04/04/2026 19:13:40,9.98,102.152
04/04/2026 19:23:40,9.59,102.139
04/04/2026 19:33:40,9.21,102.143
04/04/2026 19:43:40,8.84,102.149
04/04/2026 19:53:40,8.52,102.141
04/04/2026 20:03:40,8.24,102.128
04/04/2026 20:13:40,8.04,102.129
04/04/2026 20:23:40,7.89,102.165
04/04/2026 20:33:40,7.71,102.155
04/04/2026 20:43:40,7.51,102.147
04/04/2026 20:53:40,7.32,102.127
04/04/2026 21:03:40,7.15,102.153
04/04/2026 21:13:40,7.01,102.142
04/04/2026 21:23:40,6.92,102.130
04/04/2026 21:33:40,6.83,102.130
04/04/2026 21:43:40,6.71,102.147
04/04/2026 21:53:40,6.59,102.124
04/04/2026 22:03:40,6.47,102.123
04/04/2026 22:13:40,6.36,102.114
04/04/2026 22:23:40,6.27,102.097
04/04/2026 22:33:40,6.16,102.115
04/04/2026 22:43:40,6.05,102.070
04/04/2026 22:53:40,5.95,102.061
04/04/2026 23:03:40,5.85,102.044
04/04/2026 23:13:40,5.76,102.023
04/04/2026 23:23:40,5.66,102.032
04/04/2026 23:33:40,5.56,101.997
04/04/2026 23:43:40,5.47,101.989
04/04/2026 23:53:40,5.37,101.990
04/05/2026 00:03:40,5.29,101.983
04/05/2026 00:13:40,5.20,101.980
04/05/2026 00:23:40,5.12,101.946
04/05/2026 00:33:40,5.03,101.907
04/05/2026 00:43:40,4.90,101.892
04/05/2026 00:53:40,4.73,101.855
04/05/2026 01:03:40,4.56,101.867
04/05/2026 01:13:40,4.41,101.854
04/05/2026 01:23:40,4.30,101.840
04/05/2026 01:33:40,4.22,101.793
04/05/2026 01:43:40,4.17,101.767
04/05/2026 01:53:40,4.14,101.733
04/05/2026 02:03:40,4.12,101.683
04/05/2026 02:13:40,4.07,101.656
04/05/2026 02:23:40,4.02,101.634
04/05/2026 02:33:40,3.96,101.594
04/05/2026 02:43:40,3.92,101.582
04/05/2026 02:53:40,3.89,101.530
04/05/2026 03:03:40,3.85,101.522
04/05/2026 03:13:40,3.81,101.475
04/05/2026 03:23:40,3.77,101.476
04/05/2026 03:33:40,3.74,101.451
04/05/2026 03:43:40,3.72,101.445
04/05/2026 03:53:40,3.72,101.427
04/05/2026 04:03:40,3.72,101.387
04/05/2026 04:13:40,3.71,101.364
04/05/2026 04:23:40,3.70,101.337
04/05/2026 04:33:40,3.68,101.309
04/05/2026 04:43:40,3.68,101.265
04/05/2026 04:53:40,3.69,101.239
04/05/2026 05:03:40,3.69,101.204
04/05/2026 05:13:40,3.71,101.179
04/05/2026 05:23:40,3.72,101.158
04/05/2026 05:33:40,3.73,101.115
04/05/2026 05:43:40,3.75,101.103
04/05/2026 05:53:40,3.76,101.082
04/05/2026 06:03:40,3.77,101.065
04/05/2026 06:13:40,3.79,101.063
04/05/2026 06:23:40,3.81,101.029
04/05/2026 06:33:40,3.81,101.011
04/05/2026 06:43:40,3.82,100.986
04/05/2026 06:53:40,3.85,100.971
04/05/2026 07:03:40,3.89,100.952
04/05/2026 07:13:40,3.96,100.922
04/05/2026 07:23:40,4.04,100.921
04/05/2026 07:33:40,4.14,100.886
04/05/2026 07:43:40,4.28,100.866
04/05/2026 07:53:40,4.38,100.818
04/05/2026 08:03:40,4.52,100.830
04/05/2026 08:13:40,4.66,100.829
04/05/2026 08:23:40,4.78,100.787
04/05/2026 08:33:40,4.96,100.748
04/05/2026 08:43:40,5.18,100.684
04/05/2026 08:53:40,5.38,100.683
04/05/2026 09:03:40,5.53,100.660
04/05/2026 09:13:40,5.65,100.657
04/05/2026 09:23:40,5.80,100.643
04/05/2026 09:33:40,5.91,100.635
04/05/2026 09:43:40,6.00,100.629
04/05/2026 09:53:40,6.06,100.621
04/05/2026 10:03:40,6.17,100.586
04/05/2026 10:13:40,6.37,100.607
04/05/2026 10:23:40,6.56,100.588
04/05/2026 10:33:40,6.85,100.554
04/05/2026 10:43:40,7.22,100.505
04/05/2026 10:53:40,7.54,100.518
04/05/2026 11:03:40,7.83,100.510
04/05/2026 11:13:40,8.06,100.502
04/05/2026 11:23:40,8.19,100.508
04/05/2026 11:33:40,8.23,100.507
04/05/2026 11:43:40,8.26,100.523
04/05/2026 11:53:40,8.23,100.534
04/05/2026 12:03:40,8.13,100.503
04/05/2026 12:13:40,8.06,100.467
04/05/2026 12:23:40,8.19,100.504
04/05/2026 12:33:40,8.38,100.417
04/05/2026 12:43:40,8.63,100.402
04/05/2026 12:53:40,8.87,100.386
04/05/2026 13:03:40,8.99,100.382
04/05/2026 13:13:40,9.07,100.366
04/05/2026 13:23:40,8.97,100.328
04/05/2026 13:33:40,8.85,100.340
04/05/2026 13:43:40,8.87,100.315
04/05/2026 13:53:40,8.90,100.287
04/05/2026 14:03:40,8.98,100.293
04/05/2026 14:13:40,9.06,100.259
04/05/2026 14:23:40,9.10,100.240
04/05/2026 14:33:40,9.24,100.163
04/05/2026 14:43:40,9.46,100.158
04/05/2026 14:53:40,9.49,100.155
04/05/2026 15:03:40,9.42,100.133
04/05/2026 15:13:40,9.39,100.060
04/05/2026 15:23:40,9.36,100.088
04/05/2026 15:33:40,9.37,100.146
04/05/2026 15:43:40,9.35,100.114
04/05/2026 15:53:40,9.35,100.162
04/05/2026 16:03:40,9.35,100.185
04/05/2026 16:13:40,9.28,100.095
04/05/2026 16:23:40,9.19,100.043
04/05/2026 16:33:40,9.10,100.170
04/05/2026 16:43:40,9.00,100.179
04/05/2026 16:53:40,8.91,100.198
04/05/2026 17:03:40,8.86,100.199
04/05/2026 17:13:40,8.81,100.204
04/05/2026 17:23:40,8.79,100.211
04/05/2026 17:33:40,8.81,100.252
04/05/2026 17:43:40,8.82,100.258
04/05/2026 17:53:40,8.81,100.284
04/05/2026 18:03:40,8.78,100.299
04/05/2026 18:13:40,8.73,100.326
04/05/2026 18:23:40,8.69,100.350
04/05/2026 18:33:40,8.65,100.364
04/05/2026 18:43:40,8.58,100.371
04/05/2026 18:53:40,8.45,100.388
04/05/2026 19:03:40,8.30,100.406
04/05/2026 19:13:40,8.16,100.408
04/05/2026 19:23:40,8.01,100.418
04/05/2026 19:33:40,7.86,100.455
04/05/2026 19:43:40,7.70,100.447
04/05/2026 19:53:40,7.54,100.451
04/05/2026 20:03:40,7.35,100.480
04/05/2026 20:13:40,7.18,100.492
04/05/2026 20:23:40,7.03,100.524
04/05/2026 20:33:40,6.92,100.542
04/05/2026 20:43:40,6.89,100.539
04/05/2026 20:53:40,6.85,100.563
04/05/2026 21:03:40,6.80,100.550
04/05/2026 21:13:40,6.76,100.560
04/05/2026 21:23:40,6.70,100.582
04/05/2026 21:33:40,6.63,100.593
04/05/2026 21:43:40,6.57,100.589
04/05/2026 21:53:40,6.49,100.577
04/05/2026 22:03:40,6.46,100.575
04/05/2026 22:13:40,6.44,100.582
04/05/2026 22:23:40,6.42,100.594
04/05/2026 22:33:40,6.48,100.589
04/05/2026 22:43:40,6.54,100.604
04/05/2026 22:53:40,6.57,100.597
04/05/2026 23:03:40,6.56,100.605
04/05/2026 23:13:40,6.52,100.611
04/05/2026 23:23:40,6.44,100.604
04/05/2026 23:33:40,6.33,100.612
04/05/2026 23:43:40,6.23,100.600
04/05/2026 23:53:40,6.15,100.562
04/06/2026 00:03:40,6.07,100.569
04/06/2026 00:13:40,5.99,100.562
04/06/2026 00:23:40,5.85,100.555
04/06/2026 00:33:40,5.60,100.547
04/06/2026 00:43:40,5.42,100.528
04/06/2026 00:53:40,5.16,100.545
04/06/2026 01:03:40,4.92,100.533
04/06/2026 01:13:40,4.81,100.529
04/06/2026 01:23:40,4.79,100.518
04/06/2026 01:33:40,4.82,100.503
04/06/2026 01:43:40,4.90,100.523
04/06/2026 01:53:40,5.01,100.550
04/06/2026 02:03:40,5.02,100.551
04/06/2026 02:13:40,4.96,100.554
04/06/2026 02:23:40,4.86,100.546
04/06/2026 02:33:40,4.77,100.574
04/06/2026 02:43:40,4.68,100.557
04/06/2026 02:53:40,4.62,100.574
04/06/2026 03:03:40,4.59,100.571
04/06/2026 03:13:40,4.57,100.591
04/06/2026 03:23:40,4.55,100.612
04/06/2026 03:33:40,4.52,100.640
04/06/2026 03:43:40,4.43,100.677
04/06/2026 03:53:40,4.29,100.722
04/06/2026 04:03:40,4.01,100.724
04/06/2026 04:13:40,3.58,100.726
04/06/2026 04:23:40,3.15,100.733
04/06/2026 04:33:40,2.76,100.738
04/06/2026 04:43:40,2.42,100.756
04/06/2026 04:53:40,2.28,100.757
04/06/2026 05:03:40,2.30,100.736
04/06/2026 05:13:40,2.41,100.751
04/06/2026 05:23:40,2.56,100.725
04/06/2026 05:33:40,2.68,100.744
04/06/2026 05:43:40,2.78,100.757
04/06/2026 05:53:40,2.86,100.774
04/06/2026 06:03:40,2.94,100.776
04/06/2026 06:13:40,2.99,100.780
04/06/2026 06:23:40,3.02,100.779
04/06/2026 06:33:40,3.03,100.788
04/06/2026 06:43:40,3.04,100.807
04/06/2026 06:53:40,3.08,100.828
04/06/2026 07:03:40,3.14,100.838
04/06/2026 07:13:40,3.21,100.831
04/06/2026 07:23:40,3.30,100.852
04/06/2026 07:33:40,3.42,100.862
04/06/2026 07:43:40,3.55,100.865
04/06/2026 07:53:40,3.71,100.862
04/06/2026 08:03:40,3.88,100.872
04/06/2026 08:13:40,4.08,100.885
04/06/2026 08:23:40,4.33,100.902
04/06/2026 08:33:40,4.61,100.922
04/06/2026 08:43:40,4.92,100.918
04/06/2026 08:53:40,5.26,100.915
04/06/2026 09:03:40,5.51,100.928
04/06/2026 09:13:40,5.76,100.922
04/06/2026 09:23:40,6.02,100.931
04/06/2026 09:33:40,6.29,100.945
04/06/2026 09:43:40,6.77,100.945
04/06/2026 09:53:40,7.52,100.945
04/06/2026 10:03:40,8.15,100.956
04/06/2026 10:13:40,8.62,100.963
04/06/2026 10:23:40,9.60,100.962
04/06/2026 10:33:40,10.59,100.959
04/06/2026 10:43:40,10.98,100.957
04/06/2026 10:53:40,11.10,100.962
04/06/2026 11:03:40,11.18,100.964
04/06/2026 11:13:40,11.40,100.976
04/06/2026 11:23:40,11.75,100.976
04/06/2026 11:33:40,12.22,100.981
04/06/2026 11:43:40,12.68,100.979
04/06/2026 11:53:40,13.57,100.960
04/06/2026 12:03:40,13.56,100.982
04/06/2026 12:13:40,13.16,100.997
04/06/2026 12:23:40,13.01,101.013
04/06/2026 12:33:40,12.77,101.008
04/06/2026 12:43:40,12.36,101.000
04/06/2026 12:53:40,12.01,101.018
04/06/2026 13:03:40,11.69,101.034
04/06/2026 13:13:40,11.41,101.022
04/06/2026 13:23:40,11.15,101.024
04/06/2026 13:33:40,10.85,101.036
04/06/2026 13:43:40,10.55,101.009
04/06/2026 13:53:40,10.51,101.028
04/06/2026 14:03:40,10.34,101.015
04/06/2026 14:13:40,10.20,101.012
04/06/2026 14:23:40,10.17,101.006
04/06/2026 14:33:40,10.08,100.986
04/06/2026 14:43:40,10.27,100.996
04/06/2026 14:53:40,10.29,100.962
04/06/2026 15:03:40,10.45,100.952
04/06/2026 15:13:40,10.83,100.946
04/06/2026 15:23:40,11.05,100.963
04/06/2026 15:33:40,11.35,100.955
04/06/2026 15:43:40,11.58,100.964
04/06/2026 15:53:40,11.80,100.971
04/06/2026 16:03:40,12.56,100.948
